episode_id,member,unit_id,q,median_kg,low_kg,high_kg
2232d7508482bc39ec868e3b,4-10-24_train-ready_all_carts.csv,4-10-24_Cart10,0.0,0.7430330683833619,0.6437338469707552,0.9152741493401937
2232d7508482bc39ec868e3b,4-10-24_train-ready_all_carts.csv,4-10-24_Cart10,0.05,0.8233201369517176,0.8222810313177092,0.823560026171052
2232d7508482bc39ec868e3b,4-10-24_train-ready_all_carts.csv,4-10-24_Cart10,0.1,1.1057604834089998,1.0210074979231896,1.165101369986553
2232d7508482bc39ec868e3b,4-10-24_train-ready_all_carts.csv,4-10-24_Cart10,0.15,1.3129526778532743,1.1218038517953213,1.5791768859683417
2232d7508482bc39ec868e3b,4-10-24_train-ready_all_carts.csv,4-10-24_Cart10,0.2,1.5900334268298817,1.5897164747525228,1.5905449004762864
2232d7508482bc39ec868e3b,4-10-24_train-ready_all_carts.csv,4-10-24_Cart10,0.25,1.623540854678687,1.6174243010603186,1.6729561694376092
2232d7508482bc39ec868e3b,4-10-24_train-ready_all_carts.csv,4-10-24_Cart10,0.3,1.8477813420369087,1.8472586818465977,2.0153327751981496
2232d7508482bc39ec868e3b,4-10-24_train-ready_all_carts.csv,4-10-24_Cart10,0.35,2.02990573453539,2.0284446476062317,2.0317589719759486
2232d7508482bc39ec868e3b,4-10-24_train-ready_all_carts.csv,4-10-24_Cart10,0.4,2.2226001680764647,1.9347822013733231,2.7129194384789654
2232d7508482bc39ec868e3b,4-10-24_train-ready_all_carts.csv,4-10-24_Cart10,0.45,2.714497362644485,2.7134669576557373,2.9130224714596427
2232d7508482bc39ec868e3b,4-10-24_train-ready_all_carts.csv,4-10-24_Cart10,0.5,3.0925776877075304,2.872676957910481,3.2802642784263316
2232d7508482bc39ec868e3b,4-10-24_train-ready_all_carts.csv,4-10-24_Cart10,0.55,3.262434170388232,3.2604516662180836,3.2633931057909087
2232d7508482bc39ec868e3b,4-10-24_train-ready_all_carts.csv,4-10-24_Cart10,0.6,3.3585017235610986,2.9546643811526687,3.6021042539979904
2232d7508482bc39ec868e3b,4-10-24_train-ready_all_carts.csv,4-10-24_Cart10,0.65,3.7165457055377606,3.7162076233219112,3.7171702875725567
2232d7508482bc39ec868e3b,4-10-24_train-ready_all_carts.csv,4-10-24_Cart10,0.7,3.830074210799804,3.423261247712168,4.124939700164224
2232d7508482bc39ec868e3b,4-10-24_train-ready_all_carts.csv,4-10-24_Cart10,0.75,4.213606111593426,4.210378172201655,4.217863213024622
2232d7508482bc39ec868e3b,4-10-24_train-ready_all_carts.csv,4-10-24_Cart10,0.8,4.597090780312775,4.596443203715504,4.59783219958393
2232d7508482bc39ec868e3b,4-10-24_train-ready_all_carts.csv,4-10-24_Cart10,0.85,4.610517118899568,4.609546996952986,4.611170288768793
2232d7508482bc39ec868e3b,4-10-24_train-ready_all_carts.csv,4-10-24_Cart10,0.9,4.843522884883423,4.841417328730301,4.844903180106589
2232d7508482bc39ec868e3b,4-10-24_train-ready_all_carts.csv,4-10-24_Cart10,0.95,4.920913881529243,4.919532343356754,4.9235874655229654
2232d7508482bc39ec868e3b,4-10-24_train-ready_all_carts.csv,4-10-24_Cart10,1.0,5.1755395080369535,4.981014210143134,5.381940875974483
4475f8a697e3ef659ea25f62,4-10-24_train-ready_all_carts.csv,4-10-24_Cart11,0.0,1.4540279633733673,1.3900807458627544,1.5448784690976793
4475f8a697e3ef659ea25f62,4-10-24_train-ready_all_carts.csv,4-10-24_Cart11,0.05,1.5714685099197947,1.5710180720622053,1.5717873901316073
4475f8a697e3ef659ea25f62,4-10-24_train-ready_all_carts.csv,4-10-24_Cart11,0.1,1.8598651503949204,1.4859904629554455,2.419295575925915
4475f8a697e3ef659ea25f62,4-10-24_train-ready_all_carts.csv,4-10-24_Cart11,0.15,2.0308275030127607,1.6948985593887491,2.6109856430067206
4475f8a697e3ef659ea25f62,4-10-24_train-ready_all_carts.csv,4-10-24_Cart11,0.2,1.6401663854240587,1.6397633884301697,1.6415007379492497
4475f8a697e3ef659ea25f62,4-10-24_train-ready_all_carts.csv,4-10-24_Cart11,0.25,2.3723867008025175,2.369836910845844,2.6467804005376725
4475f8a697e3ef659ea25f62,4-10-24_train-ready_all_carts.csv,4-10-24_Cart11,0.3,2.375328284699515,2.082798844022891,2.7944547341381147
4475f8a697e3ef659ea25f62,4-10-24_train-ready_all_carts.csv,4-10-24_Cart11,0.35,2.621939412983333,2.6214313325987417,2.6220372362946316
4475f8a697e3ef659ea25f62,4-10-24_train-ready_all_carts.csv,4-10-24_Cart11,0.4,2.6651030885238303,2.1962271953075967,3.4181796718402424
4475f8a697e3ef659ea25f62,4-10-24_train-ready_all_carts.csv,4-10-24_Cart11,0.45,2.8848669438617747,2.836822679941028,3.233974058170553
4475f8a697e3ef659ea25f62,4-10-24_train-ready_all_carts.csv,4-10-24_Cart11,0.5,2.965686648497325,2.958201256282838,3.0967824030149638
4475f8a697e3ef659ea25f62,4-10-24_train-ready_all_carts.csv,4-10-24_Cart11,0.55,3.1488183962839362,2.769705060858366,3.760504682833481
4475f8a697e3ef659ea25f62,4-10-24_train-ready_all_carts.csv,4-10-24_Cart11,0.6,3.2692243097461033,3.269123482264017,3.2694924319889695
4475f8a697e3ef659ea25f62,4-10-24_train-ready_all_carts.csv,4-10-24_Cart11,0.65,3.5234722905216582,3.5227139251582558,3.5241171858509075
4475f8a697e3ef659ea25f62,4-10-24_train-ready_all_carts.csv,4-10-24_Cart11,0.7,3.541941682181317,3.5316538367294714,3.5502494035622445
4475f8a697e3ef659ea25f62,4-10-24_train-ready_all_carts.csv,4-10-24_Cart11,0.75,4.2438061034805905,3.726462858957574,4.471630336804549
4475f8a697e3ef659ea25f62,4-10-24_train-ready_all_carts.csv,4-10-24_Cart11,0.8,3.840998122004031,3.6318718476672185,4.450307984286151
4475f8a697e3ef659ea25f62,4-10-24_train-ready_all_carts.csv,4-10-24_Cart11,0.85,3.9975366996239554,3.995254781562583,4.0003626229456
4475f8a697e3ef659ea25f62,4-10-24_train-ready_all_carts.csv,4-10-24_Cart11,0.9,4.2938831270479465,4.292130193392901,4.294390080868492
4475f8a697e3ef659ea25f62,4-10-24_train-ready_all_carts.csv,4-10-24_Cart11,0.95,4.450841036840421,4.449888777287383,4.4526775239955185
4475f8a697e3ef659ea25f62,4-10-24_train-ready_all_carts.csv,4-10-24_Cart11,1.0,4.964744505810693,4.928407808386888,5.16285016737085
93c41331307a33beae150b5c,4-10-24_train-ready_all_carts.csv,4-10-24_Cart13,0.0,0.6419456292733876,0.6337519893532861,0.6963600033363585
93c41331307a33beae150b5c,4-10-24_train-ready_all_carts.csv,4-10-24_Cart13,0.05,0.8405826013921351,0.8402745077399324,0.8835072741756238
93c41331307a33beae150b5c,4-10-24_train-ready_all_carts.csv,4-10-24_Cart13,0.1,1.1867010221433612,1.0824490840030898,1.5085767342637144
93c41331307a33beae150b5c,4-10-24_train-ready_all_carts.csv,4-10-24_Cart13,0.15,1.2274235724363494,1.0734361091619018,1.5325539090750728
93c41331307a33beae150b5c,4-10-24_train-ready_all_carts.csv,4-10-24_Cart13,0.2,1.527234336982045,1.526713967443036,1.5273843429497154
93c41331307a33beae150b5c,4-10-24_train-ready_all_carts.csv,4-10-24_Cart13,0.25,1.8334209365721863,1.832297345360861,1.8345918552477292
93c41331307a33beae150b5c,4-10-24_train-ready_all_carts.csv,4-10-24_Cart13,0.3,2.061123018473151,1.6446212744146353,2.1621491887481947
93c41331307a33beae150b5c,4-10-24_train-ready_all_carts.csv,4-10-24_Cart13,0.35,2.1568791535096077,2.1257042504914088,2.2827514285133836
93c41331307a33beae150b5c,4-10-24_train-ready_all_carts.csv,4-10-24_Cart13,0.4,2.368388730760947,1.8928936514054164,2.546339996221729
93c41331307a33beae150b5c,4-10-24_train-ready_all_carts.csv,4-10-24_Cart13,0.45,2.1654957753734294,2.0877779160911114,2.324744843318513
93c41331307a33beae150b5c,4-10-24_train-ready_all_carts.csv,4-10-24_Cart13,0.5,2.458105090634017,2.2414218773279644,2.53824136008115
93c41331307a33beae150b5c,4-10-24_train-ready_all_carts.csv,4-10-24_Cart13,0.55,2.5391966887845547,2.3990697769227936,2.7526009925763684
93c41331307a33beae150b5c,4-10-24_train-ready_all_carts.csv,4-10-24_Cart13,0.6,2.4440359262709426,2.2976609170046496,3.043091735181937
93c41331307a33beae150b5c,4-10-24_train-ready_all_carts.csv,4-10-24_Cart13,0.65,2.9689812287128365,2.6453264341875506,3.2771845945822644
93c41331307a33beae150b5c,4-10-24_train-ready_all_carts.csv,4-10-24_Cart13,0.7,3.6085066708783065,3.34092445591907,4.184314461892881
93c41331307a33beae150b5c,4-10-24_train-ready_all_carts.csv,4-10-24_Cart13,0.75,3.7248089721376867,3.7200355845641524,3.727721995002878
93c41331307a33beae150b5c,4-10-24_train-ready_all_carts.csv,4-10-24_Cart13,0.8,3.580969528859795,3.45137425690726,3.808516953445255
93c41331307a33beae150b5c,4-10-24_train-ready_all_carts.csv,4-10-24_Cart13,0.85,4.544188081028339,3.763245559395453,5.057405475039765
93c41331307a33beae150b5c,4-10-24_train-ready_all_carts.csv,4-10-24_Cart13,0.9,4.481864671390904,4.471190235103153,4.501252768286678
93c41331307a33beae150b5c,4-10-24_train-ready_all_carts.csv,4-10-24_Cart13,0.95,4.92733006770699,4.818684175692802,5.57145348349078
93c41331307a33beae150b5c,4-10-24_train-ready_all_carts.csv,4-10-24_Cart13,1.0,4.975992468753849,4.692771026969927,5.233741676248637
d254e43c71d5fdc8ede51ed7,4-10-24_train-ready_all_carts.csv,4-10-24_Cart16,0.0,0.8524019790266442,0.8491142573880988,0.8580614584570262
d254e43c71d5fdc8ede51ed7,4-10-24_train-ready_all_carts.csv,4-10-24_Cart16,0.05,0.8418628769349694,0.8341193651700884,0.8543507626164406
d254e43c71d5fdc8ede51ed7,4-10-24_train-ready_all_carts.csv,4-10-24_Cart16,0.1,1.0519533476713696,1.0389993872132783,1.0900971109374444
d254e43c71d5fdc8ede51ed7,4-10-24_train-ready_all_carts.csv,4-10-24_Cart16,0.15,1.1420145426020758,1.1414086821781648,1.1653940599681674
d254e43c71d5fdc8ede51ed7,4-10-24_train-ready_all_carts.csv,4-10-24_Cart16,0.2,1.528569678762484,1.3273473198472014,1.6440108585528774
d254e43c71d5fdc8ede51ed7,4-10-24_train-ready_all_carts.csv,4-10-24_Cart16,0.25,1.520031718568842,1.495148034066525,1.6153502026465005
d254e43c71d5fdc8ede51ed7,4-10-24_train-ready_all_carts.csv,4-10-24_Cart16,0.3,1.562701900498829,1.4482966059262414,1.7549033643328837
d254e43c71d5fdc8ede51ed7,4-10-24_train-ready_all_carts.csv,4-10-24_Cart16,0.35,1.570120349324267,1.3974871594448623,1.9099192096797397
d254e43c71d5fdc8ede51ed7,4-10-24_train-ready_all_carts.csv,4-10-24_Cart16,0.4,1.6861473413338928,1.685990389028165,1.6862417579553064
d254e43c71d5fdc8ede51ed7,4-10-24_train-ready_all_carts.csv,4-10-24_Cart16,0.45,1.6744360017088082,1.6743440374671719,1.6751780918293302
d254e43c71d5fdc8ede51ed7,4-10-24_train-ready_all_carts.csv,4-10-24_Cart16,0.5,1.9665168855297936,1.6977691690971162,2.376785307943945
d254e43c71d5fdc8ede51ed7,4-10-24_train-ready_all_carts.csv,4-10-24_Cart16,0.55,1.898090584991822,1.897783730972224,1.8982840164467318
d254e43c71d5fdc8ede51ed7,4-10-24_train-ready_all_carts.csv,4-10-24_Cart16,0.6,2.0589078412486526,2.0588195555766804,2.059047933443414
d254e43c71d5fdc8ede51ed7,4-10-24_train-ready_all_carts.csv,4-10-24_Cart16,0.65,2.080125831079293,1.980630515074937,2.169073584281744
d254e43c71d5fdc8ede51ed7,4-10-24_train-ready_all_carts.csv,4-10-24_Cart16,0.7,2.271906834400581,2.271743689835915,2.2722011199738223
d254e43c71d5fdc8ede51ed7,4-10-24_train-ready_all_carts.csv,4-10-24_Cart16,0.75,2.4253448799084056,2.4207981678018404,2.710131160082693
d254e43c71d5fdc8ede51ed7,4-10-24_train-ready_all_carts.csv,4-10-24_Cart16,0.8,1.8664156477920333,1.8660911366380417,1.8668740588818502
d254e43c71d5fdc8ede51ed7,4-10-24_train-ready_all_carts.csv,4-10-24_Cart16,0.85,2.7040247344379527,2.5399488172429314,2.7818660274873164
d254e43c71d5fdc8ede51ed7,4-10-24_train-ready_all_carts.csv,4-10-24_Cart16,0.9,2.920638535381185,2.793107245909148,3.1253948348646245
d254e43c71d5fdc8ede51ed7,4-10-24_train-ready_all_carts.csv,4-10-24_Cart16,0.95,2.9606527900126753,2.928176108554291,3.4617710926938163
d254e43c71d5fdc8ede51ed7,4-10-24_train-ready_all_carts.csv,4-10-24_Cart16,1.0,-0.262806688857049,-0.3898405744008141,0.04693807340275356
6a1f9d8186bb646fa518ddd7,4-10-24_train-ready_all_carts.csv,4-10-24_Cart20,0.0,0.6675288416650053,0.6671234158487996,0.6678635969260925
6a1f9d8186bb646fa518ddd7,4-10-24_train-ready_all_carts.csv,4-10-24_Cart20,0.05,0.8089808607155919,0.804247421323819,0.8655912891043833
6a1f9d8186bb646fa518ddd7,4-10-24_train-ready_all_carts.csv,4-10-24_Cart20,0.1,0.9558254826993284,0.8224334235531645,1.121760960527228
6a1f9d8186bb646fa518ddd7,4-10-24_train-ready_all_carts.csv,4-10-24_Cart20,0.15,1.3117440390197728,1.2998124147320689,1.3995892297150885
6a1f9d8186bb646fa518ddd7,4-10-24_train-ready_all_carts.csv,4-10-24_Cart20,0.2,1.4729134810850222,1.289798971904057,1.689371643090035
6a1f9d8186bb646fa518ddd7,4-10-24_train-ready_all_carts.csv,4-10-24_Cart20,0.25,1.471201157204067,1.470003612524606,1.471603945554579
6a1f9d8186bb646fa518ddd7,4-10-24_train-ready_all_carts.csv,4-10-24_Cart20,0.3,1.7581100855197014,1.757775330258614,1.7583397479170049
6a1f9d8186bb646fa518ddd7,4-10-24_train-ready_all_carts.csv,4-10-24_Cart20,0.35,1.8895519078538991,1.703214280340931,2.17150456474033
6a1f9d8186bb646fa518ddd7,4-10-24_train-ready_all_carts.csv,4-10-24_Cart20,0.4,2.105897132225374,2.1053703153599455,2.106200778916744
6a1f9d8186bb646fa518ddd7,4-10-24_train-ready_all_carts.csv,4-10-24_Cart20,0.45,2.272740506897737,2.0177551251985606,2.4345028377254003
6a1f9d8186bb646fa518ddd7,4-10-24_train-ready_all_carts.csv,4-10-24_Cart20,0.5,2.583761281837215,2.391531014946556,3.846913055676536
6a1f9d8186bb646fa518ddd7,4-10-24_train-ready_all_carts.csv,4-10-24_Cart20,0.55,2.56290907230113,2.11760423379251,3.356090360839695
6a1f9d8186bb646fa518ddd7,4-10-24_train-ready_all_carts.csv,4-10-24_Cart20,0.6,2.779235361021472,2.61209713121005,3.3756819970289795
6a1f9d8186bb646fa518ddd7,4-10-24_train-ready_all_carts.csv,4-10-24_Cart20,0.65,3.0173741672996037,2.945176249035409,3.045894774525629
6a1f9d8186bb646fa518ddd7,4-10-24_train-ready_all_carts.csv,4-10-24_Cart20,0.7,3.381857048117843,2.908248009824709,4.02441645803575
6a1f9d8186bb646fa518ddd7,4-10-24_train-ready_all_carts.csv,4-10-24_Cart20,0.75,3.4776241037189664,3.392485629098349,3.8448947857751445
6a1f9d8186bb646fa518ddd7,4-10-24_train-ready_all_carts.csv,4-10-24_Cart20,0.8,3.437019304958973,3.4360305934605697,3.437290490534116
6a1f9d8186bb646fa518ddd7,4-10-24_train-ready_all_carts.csv,4-10-24_Cart20,0.85,3.6126921032449815,3.4480952406974774,3.9772192123340786
6a1f9d8186bb646fa518ddd7,4-10-24_train-ready_all_carts.csv,4-10-24_Cart20,0.9,3.8475888555399784,3.8448113336555116,4.441364347445988
6a1f9d8186bb646fa518ddd7,4-10-24_train-ready_all_carts.csv,4-10-24_Cart20,0.95,3.9226538342675656,3.723752943246984,4.90691308769807
6a1f9d8186bb646fa518ddd7,4-10-24_train-ready_all_carts.csv,4-10-24_Cart20,1.0,4.282551582418791,4.2806563266224344,4.284265596982883
4f4e0e0862ea750a8dc5ad52,4-10-24_train-ready_all_carts.csv,4-10-24_Cart24,0.0,2.629598873717084,2.545742605517575,3.162939305834889
4f4e0e0862ea750a8dc5ad52,4-10-24_train-ready_all_carts.csv,4-10-24_Cart24,0.05,2.582118780981955,2.5800504909517796,2.592172542547729
4f4e0e0862ea750a8dc5ad52,4-10-24_train-ready_all_carts.csv,4-10-24_Cart24,0.1,1.9252673525662214,1.92447891006135,1.9266385617904689
4f4e0e0862ea750a8dc5ad52,4-10-24_train-ready_all_carts.csv,4-10-24_Cart24,0.15,2.5820616799201135,2.5102614052254,2.7665110973590674
4f4e0e0862ea750a8dc5ad52,4-10-24_train-ready_all_carts.csv,4-10-24_Cart24,0.2,2.8571365284955315,2.8569211679220983,2.8572503387491808
4f4e0e0862ea750a8dc5ad52,4-10-24_train-ready_all_carts.csv,4-10-24_Cart24,0.25,2.61890641998019,2.6185290491391426,2.6196446471395016
4f4e0e0862ea750a8dc5ad52,4-10-24_train-ready_all_carts.csv,4-10-24_Cart24,0.3,3.2831160479727703,3.2826215079920806,3.2832728519671
4f4e0e0862ea750a8dc5ad52,4-10-24_train-ready_all_carts.csv,4-10-24_Cart24,0.35,3.1426407180719087,3.0430438144172935,3.503970191407026
4f4e0e0862ea750a8dc5ad52,4-10-24_train-ready_all_carts.csv,4-10-24_Cart24,0.4,3.358607010612573,3.0700680675436476,3.6199531964412826
4f4e0e0862ea750a8dc5ad52,4-10-24_train-ready_all_carts.csv,4-10-24_Cart24,0.45,3.3828223393478156,3.382565160643797,3.382920530781608
4f4e0e0862ea750a8dc5ad52,4-10-24_train-ready_all_carts.csv,4-10-24_Cart24,0.5,3.32144429601205,3.054454565923289,3.578601727084688
4f4e0e0862ea750a8dc5ad52,4-10-24_train-ready_all_carts.csv,4-10-24_Cart24,0.55,3.8290671376352945,3.8281502737227155,3.829486942402692
4f4e0e0862ea750a8dc5ad52,4-10-24_train-ready_all_carts.csv,4-10-24_Cart24,0.6,3.674095975427462,3.673343584965556,3.6746987275184835
4f4e0e0862ea750a8dc5ad52,4-10-24_train-ready_all_carts.csv,4-10-24_Cart24,0.65,3.664616079533192,3.662121714815104,3.6657168984351927
4f4e0e0862ea750a8dc5ad52,4-10-24_train-ready_all_carts.csv,4-10-24_Cart24,0.7,3.4649515803338016,3.46483614661859,3.4650428860513145
4f4e0e0862ea750a8dc5ad52,4-10-24_train-ready_all_carts.csv,4-10-24_Cart24,0.75,4.0136054535901335,4.01334799497895,4.014047706912237
4f4e0e0862ea750a8dc5ad52,4-10-24_train-ready_all_carts.csv,4-10-24_Cart24,0.8,4.174090786965946,4.1247969517773,4.488659305056531
4f4e0e0862ea750a8dc5ad52,4-10-24_train-ready_all_carts.csv,4-10-24_Cart24,0.85,4.631665107699879,4.631137146803583,4.632130369391018
4f4e0e0862ea750a8dc5ad52,4-10-24_train-ready_all_carts.csv,4-10-24_Cart24,0.9,4.846191557779221,4.724061455493479,4.994442148934101
4f4e0e0862ea750a8dc5ad52,4-10-24_train-ready_all_carts.csv,4-10-24_Cart24,0.95,4.610225338421577,4.304572255434534,4.873552315300405
4f4e0e0862ea750a8dc5ad52,4-10-24_train-ready_all_carts.csv,4-10-24_Cart24,1.0,4.802477895868272,4.750150370834304,4.849648411277929
dafd982652a196ae2aea00d3,4-10-24_train-ready_all_carts.csv,4-10-24_Cart26,0.0,0.625400413403672,0.5554535010794999,0.7285863443624871
dafd982652a196ae2aea00d3,4-10-24_train-ready_all_carts.csv,4-10-24_Cart26,0.05,0.6641743920966952,0.6183217734015051,0.6899378226206566
dafd982652a196ae2aea00d3,4-10-24_train-ready_all_carts.csv,4-10-24_Cart26,0.1,0.8385949214112718,0.8057849385420601,1.3716681303323794
dafd982652a196ae2aea00d3,4-10-24_train-ready_all_carts.csv,4-10-24_Cart26,0.15,1.005729816399802,0.9997082042621676,1.3736173751101854
dafd982652a196ae2aea00d3,4-10-24_train-ready_all_carts.csv,4-10-24_Cart26,0.2,1.2557151701558946,0.9791210465214696,1.317984451447475
dafd982652a196ae2aea00d3,4-10-24_train-ready_all_carts.csv,4-10-24_Cart26,0.25,1.6374348239386896,1.329070383240733,1.890534288013774
dafd982652a196ae2aea00d3,4-10-24_train-ready_all_carts.csv,4-10-24_Cart26,0.3,1.7813932994762607,1.7805523327885642,1.7819079880653665
dafd982652a196ae2aea00d3,4-10-24_train-ready_all_carts.csv,4-10-24_Cart26,0.35,2.5399455089943697,2.290714761759161,3.6118989567875817
dafd982652a196ae2aea00d3,4-10-24_train-ready_all_carts.csv,4-10-24_Cart26,0.4,2.3476420590613154,1.8539936488245283,2.494780106310146
dafd982652a196ae2aea00d3,4-10-24_train-ready_all_carts.csv,4-10-24_Cart26,0.45,2.6834487127664657,2.5589563847029906,2.737130912661172
dafd982652a196ae2aea00d3,4-10-24_train-ready_all_carts.csv,4-10-24_Cart26,0.5,2.7878114054919765,2.605087825202575,3.114996446594311
dafd982652a196ae2aea00d3,4-10-24_train-ready_all_carts.csv,4-10-24_Cart26,0.55,2.8077044667020887,2.80640835685676,2.936748740773262
dafd982652a196ae2aea00d3,4-10-24_train-ready_all_carts.csv,4-10-24_Cart26,0.6,3.0656879422364134,3.064642617685626,3.0673839581706543
dafd982652a196ae2aea00d3,4-10-24_train-ready_all_carts.csv,4-10-24_Cart26,0.65,3.139827791773559,3.1385864688694984,3.1408729234125805
dafd982652a196ae2aea00d3,4-10-24_train-ready_all_carts.csv,4-10-24_Cart26,0.7,3.3786577011970604,3.232478618332205,3.5377276626327365
dafd982652a196ae2aea00d3,4-10-24_train-ready_all_carts.csv,4-10-24_Cart26,0.75,3.4473612971956005,3.4461136725072157,3.535010886245789
dafd982652a196ae2aea00d3,4-10-24_train-ready_all_carts.csv,4-10-24_Cart26,0.8,3.649266608713521,3.6445225225878506,3.768326155650161
dafd982652a196ae2aea00d3,4-10-24_train-ready_all_carts.csv,4-10-24_Cart26,0.85,3.9869329318335796,3.9619154911049974,4.177384428822326
dafd982652a196ae2aea00d3,4-10-24_train-ready_all_carts.csv,4-10-24_Cart26,0.9,4.319062687297217,4.316132228978536,4.521020856638756
dafd982652a196ae2aea00d3,4-10-24_train-ready_all_carts.csv,4-10-24_Cart26,0.95,4.448695535163504,4.317656682049743,5.25043933848995
dafd982652a196ae2aea00d3,4-10-24_train-ready_all_carts.csv,4-10-24_Cart26,1.0,5.101173281561049,4.998394394426452,6.02803618327556
805b42c4acacbbf44fa089e0,4-10-24_train-ready_all_carts.csv,4-10-24_Cart28,0.0,0.6665634222219319,0.621937750506402,0.7891589814999358
805b42c4acacbbf44fa089e0,4-10-24_train-ready_all_carts.csv,4-10-24_Cart28,0.05,0.9598143692583964,0.7236627148180332,1.2947546872257099
805b42c4acacbbf44fa089e0,4-10-24_train-ready_all_carts.csv,4-10-24_Cart28,0.1,1.1734293494309036,1.1660887614533852,1.7672364108977763
805b42c4acacbbf44fa089e0,4-10-24_train-ready_all_carts.csv,4-10-24_Cart28,0.15,1.4677927651663116,1.3672081468647699,1.5308643617151696
805b42c4acacbbf44fa089e0,4-10-24_train-ready_all_carts.csv,4-10-24_Cart28,0.2,1.5268926647976575,1.5267785318061393,1.526961538154609
805b42c4acacbbf44fa089e0,4-10-24_train-ready_all_carts.csv,4-10-24_Cart28,0.25,1.5549746282051744,1.5483634418746042,1.8375954645487906
805b42c4acacbbf44fa089e0,4-10-24_train-ready_all_carts.csv,4-10-24_Cart28,0.3,1.6755830271509569,1.6754826688308282,1.6756879770282154
805b42c4acacbbf44fa089e0,4-10-24_train-ready_all_carts.csv,4-10-24_Cart28,0.35,1.8115718306090125,1.8096945396795459,1.8123025441294263
805b42c4acacbbf44fa089e0,4-10-24_train-ready_all_carts.csv,4-10-24_Cart28,0.4,2.1164932039966526,1.9819677953896235,2.7600825838044916
805b42c4acacbbf44fa089e0,4-10-24_train-ready_all_carts.csv,4-10-24_Cart28,0.45,2.268631169817902,2.240365544125183,2.293596777807565
805b42c4acacbbf44fa089e0,4-10-24_train-ready_all_carts.csv,4-10-24_Cart28,0.5,2.372193084949928,2.371720154565531,2.372871979468446
805b42c4acacbbf44fa089e0,4-10-24_train-ready_all_carts.csv,4-10-24_Cart28,0.55,2.38732160975678,2.387219283626453,2.387496088927722
805b42c4acacbbf44fa089e0,4-10-24_train-ready_all_carts.csv,4-10-24_Cart28,0.6,2.50183766832769,2.49580960975264,2.5237341483442677
805b42c4acacbbf44fa089e0,4-10-24_train-ready_all_carts.csv,4-10-24_Cart28,0.65,2.0737182577729074,2.0362163869446848,2.7575578833196843
805b42c4acacbbf44fa089e0,4-10-24_train-ready_all_carts.csv,4-10-24_Cart28,0.7,3.781467908021531,3.03484595402509,4.732746058292977
805b42c4acacbbf44fa089e0,4-10-24_train-ready_all_carts.csv,4-10-24_Cart28,0.75,3.375212180646683,3.3670687261081342,3.400893415611904
805b42c4acacbbf44fa089e0,4-10-24_train-ready_all_carts.csv,4-10-24_Cart28,0.8,2.7570705223271643,2.275610992592343,2.9074833745409725
805b42c4acacbbf44fa089e0,4-10-24_train-ready_all_carts.csv,4-10-24_Cart28,0.85,4.228486167723687,4.0314053847765665,4.466498058738463
805b42c4acacbbf44fa089e0,4-10-24_train-ready_all_carts.csv,4-10-24_Cart28,0.9,5.387145931395202,4.314631650724619,5.8348116006527
805b42c4acacbbf44fa089e0,4-10-24_train-ready_all_carts.csv,4-10-24_Cart28,0.95,4.788299308009711,4.757621147013505,4.972819558459155
805b42c4acacbbf44fa089e0,4-10-24_train-ready_all_carts.csv,4-10-24_Cart28,1.0,4.157913934634491,3.943134338792778,4.6106742644961685
22588c335795ee537cf8d9fa,4-10-24_train-ready_all_carts.csv,4-10-24_Cart32,0.0,0.8600999376444074,0.8598905142203159,0.8611874541771714
22588c335795ee537cf8d9fa,4-10-24_train-ready_all_carts.csv,4-10-24_Cart32,0.05,1.1184874494520978,1.1181408462588636,1.1187723247197632
22588c335795ee537cf8d9fa,4-10-24_train-ready_all_carts.csv,4-10-24_Cart32,0.1,1.0454524413090471,0.6040073500993574,1.2572066738471346
22588c335795ee537cf8d9fa,4-10-24_train-ready_all_carts.csv,4-10-24_Cart32,0.15,1.6655953024020018,1.6645022606554953,1.6718184754024974
22588c335795ee537cf8d9fa,4-10-24_train-ready_all_carts.csv,4-10-24_Cart32,0.2,1.7485246019062481,1.707588827989944,2.152054131734987
22588c335795ee537cf8d9fa,4-10-24_train-ready_all_carts.csv,4-10-24_Cart32,0.25,1.9777793845685354,1.9356737506114412,2.015971622512888
22588c335795ee537cf8d9fa,4-10-24_train-ready_all_carts.csv,4-10-24_Cart32,0.3,2.125746985015058,2.125536016907556,2.1262265498035027
22588c335795ee537cf8d9fa,4-10-24_train-ready_all_carts.csv,4-10-24_Cart32,0.35,2.4088874543868664,2.216132768402272,2.6616601014037857
22588c335795ee537cf8d9fa,4-10-24_train-ready_all_carts.csv,4-10-24_Cart32,0.4,2.6963138261172466,2.681808535950209,3.0754121084078125
22588c335795ee537cf8d9fa,4-10-24_train-ready_all_carts.csv,4-10-24_Cart32,0.45,3.023735616031583,2.77362832024162,4.118370941121282
22588c335795ee537cf8d9fa,4-10-24_train-ready_all_carts.csv,4-10-24_Cart32,0.5,3.172847470420801,2.8344456549395183,3.3245553435161495
22588c335795ee537cf8d9fa,4-10-24_train-ready_all_carts.csv,4-10-24_Cart32,0.55,3.439919667656494,3.4384774086371332,3.4403488520013554
22588c335795ee537cf8d9fa,4-10-24_train-ready_all_carts.csv,4-10-24_Cart32,0.6,3.4184758972475264,2.905820603702154,3.968946466573886
22588c335795ee537cf8d9fa,4-10-24_train-ready_all_carts.csv,4-10-24_Cart32,0.65,3.78605113834102,3.7840689530583553,3.7890060582967773
22588c335795ee537cf8d9fa,4-10-24_train-ready_all_carts.csv,4-10-24_Cart32,0.7,4.015970134870357,3.509445273909874,4.443054660866509
22588c335795ee537cf8d9fa,4-10-24_train-ready_all_carts.csv,4-10-24_Cart32,0.75,4.0920053934862075,4.091368924509671,4.092244641182327
22588c335795ee537cf8d9fa,4-10-24_train-ready_all_carts.csv,4-10-24_Cart32,0.8,4.33131487694091,4.28624523316029,4.351633464306226
22588c335795ee537cf8d9fa,4-10-24_train-ready_all_carts.csv,4-10-24_Cart32,0.85,4.425283909967055,4.340880626022607,4.548527723601582
22588c335795ee537cf8d9fa,4-10-24_train-ready_all_carts.csv,4-10-24_Cart32,0.9,4.725197264754334,4.723768907885677,4.726570131841967
22588c335795ee537cf8d9fa,4-10-24_train-ready_all_carts.csv,4-10-24_Cart32,0.95,4.909962788722512,4.9091495129062315,4.953577221907473
22588c335795ee537cf8d9fa,4-10-24_train-ready_all_carts.csv,4-10-24_Cart32,1.0,5.111439410769692,3.884900776839257,7.816153329819949
9ea183d693798b5dd29c2fe3,4-10-24_train-ready_all_carts.csv,4-10-24_Cart38,0.0,0.7245207840239944,0.5616971693112506,0.939553446230853
9ea183d693798b5dd29c2fe3,4-10-24_train-ready_all_carts.csv,4-10-24_Cart38,0.05,0.889323063442421,0.8891508173026954,0.8895061960853521
9ea183d693798b5dd29c2fe3,4-10-24_train-ready_all_carts.csv,4-10-24_Cart38,0.1,1.1209046354568966,1.1206666713161435,1.121053341670842
9ea183d693798b5dd29c2fe3,4-10-24_train-ready_all_carts.csv,4-10-24_Cart38,0.15,1.5744933564047425,1.574350691915089,1.5748754099701234
9ea183d693798b5dd29c2fe3,4-10-24_train-ready_all_carts.csv,4-10-24_Cart38,0.2,1.63365779649671,1.6129932755007532,1.695695247481797
9ea183d693798b5dd29c2fe3,4-10-24_train-ready_all_carts.csv,4-10-24_Cart38,0.25,1.849676798692964,1.8096429655955317,1.9443614478569275
9ea183d693798b5dd29c2fe3,4-10-24_train-ready_all_carts.csv,4-10-24_Cart38,0.3,1.9397418086693834,1.9394088868619261,1.9873974479535732
9ea183d693798b5dd29c2fe3,4-10-24_train-ready_all_carts.csv,4-10-24_Cart38,0.35,2.30743772924634,2.206551706075665,2.3951844840139387
9ea183d693798b5dd29c2fe3,4-10-24_train-ready_all_carts.csv,4-10-24_Cart38,0.4,2.5692780804327224,2.5595546091532784,2.659897789096042
9ea183d693798b5dd29c2fe3,4-10-24_train-ready_all_carts.csv,4-10-24_Cart38,0.45,2.7634135012635785,2.6258258839321953,2.927130379213178
9ea183d693798b5dd29c2fe3,4-10-24_train-ready_all_carts.csv,4-10-24_Cart38,0.5,3.042422608971515,3.041643454527423,3.0552310644708958
9ea183d693798b5dd29c2fe3,4-10-24_train-ready_all_carts.csv,4-10-24_Cart38,0.55,3.374857658641847,2.634797559519059,3.7406626905075533
9ea183d693798b5dd29c2fe3,4-10-24_train-ready_all_carts.csv,4-10-24_Cart38,0.6,3.572658012227287,3.2231830771545025,4.054036328025713
9ea183d693798b5dd29c2fe3,4-10-24_train-ready_all_carts.csv,4-10-24_Cart38,0.65,5.233606676552835,4.556240296467021,5.532096127295464
9ea183d693798b5dd29c2fe3,4-10-24_train-ready_all_carts.csv,4-10-24_Cart38,0.7,4.187590410423293,4.186701763975753,4.1885632420291286
9ea183d693798b5dd29c2fe3,4-10-24_train-ready_all_carts.csv,4-10-24_Cart38,0.75,4.323229400678256,4.322205157418539,4.324050163223607
9ea183d693798b5dd29c2fe3,4-10-24_train-ready_all_carts.csv,4-10-24_Cart38,0.8,4.476857910000125,4.3065035139468,4.8520241376773425
9ea183d693798b5dd29c2fe3,4-10-24_train-ready_all_carts.csv,4-10-24_Cart38,0.85,4.653258020163541,4.64378756033818,4.664744705980515
9ea183d693798b5dd29c2fe3,4-10-24_train-ready_all_carts.csv,4-10-24_Cart38,0.9,4.703658540187936,4.703521746430378,4.703943869167245
9ea183d693798b5dd29c2fe3,4-10-24_train-ready_all_carts.csv,4-10-24_Cart38,0.95,4.860420766505872,4.86037089378176,5.032132783605564
9ea183d693798b5dd29c2fe3,4-10-24_train-ready_all_carts.csv,4-10-24_Cart38,1.0,4.8389555460490055,4.602560258703451,5.052774733631525
d4c012090aa0ee7930196137,4-10-24_train-ready_all_carts.csv,4-10-24_Cart4,0.0,0.5975742541225726,0.5689231859475091,0.6559633067578037
d4c012090aa0ee7930196137,4-10-24_train-ready_all_carts.csv,4-10-24_Cart4,0.05,0.7524925224388758,0.7516053439337581,0.7752181492250204
d4c012090aa0ee7930196137,4-10-24_train-ready_all_carts.csv,4-10-24_Cart4,0.1,1.0119396651943513,1.0114692130989578,1.0121467317667159
d4c012090aa0ee7930196137,4-10-24_train-ready_all_carts.csv,4-10-24_Cart4,0.15,1.1674070291858052,1.1662198775710901,1.167852394261133
d4c012090aa0ee7930196137,4-10-24_train-ready_all_carts.csv,4-10-24_Cart4,0.2,1.2957274186996308,1.05112029125668,1.4910782963178673
d4c012090aa0ee7930196137,4-10-24_train-ready_all_carts.csv,4-10-24_Cart4,0.25,1.4859467886448772,1.450511513740076,1.7064318161015646
d4c012090aa0ee7930196137,4-10-24_train-ready_all_carts.csv,4-10-24_Cart4,0.3,1.695222146281546,1.6341050352462927,1.9719667048094867
d4c012090aa0ee7930196137,4-10-24_train-ready_all_carts.csv,4-10-24_Cart4,0.35,1.2641786587686386,1.1537504447164806,1.7204781795747897
d4c012090aa0ee7930196137,4-10-24_train-ready_all_carts.csv,4-10-24_Cart4,0.4,1.9226932041350184,1.9222905715567917,1.9234174015726966
d4c012090aa0ee7930196137,4-10-24_train-ready_all_carts.csv,4-10-24_Cart4,0.45,2.2633478764737767,2.162283265816741,2.4569813361610278
d4c012090aa0ee7930196137,4-10-24_train-ready_all_carts.csv,4-10-24_Cart4,0.5,2.212649545810216,1.9617460837086518,2.5528656181127647
d4c012090aa0ee7930196137,4-10-24_train-ready_all_carts.csv,4-10-24_Cart4,0.55,2.679755201852943,2.6794195431619934,2.6802387893992923
d4c012090aa0ee7930196137,4-10-24_train-ready_all_carts.csv,4-10-24_Cart4,0.6,2.263378319149812,2.256316576690221,2.715486503594522
d4c012090aa0ee7930196137,4-10-24_train-ready_all_carts.csv,4-10-24_Cart4,0.65,3.006697139897689,3.005831891394383,3.0072544099951086
d4c012090aa0ee7930196137,4-10-24_train-ready_all_carts.csv,4-10-24_Cart4,0.7,3.2081746624433056,2.712817808412767,3.3580419270521333
d4c012090aa0ee7930196137,4-10-24_train-ready_all_carts.csv,4-10-24_Cart4,0.75,3.128980859504416,3.0007202278361405,3.198934746513407
d4c012090aa0ee7930196137,4-10-24_train-ready_all_carts.csv,4-10-24_Cart4,0.8,3.6503173241372897,3.5368910702489393,3.945848170797113
d4c012090aa0ee7930196137,4-10-24_train-ready_all_carts.csv,4-10-24_Cart4,0.85,3.8037405188083167,3.799786015191363,3.8083687639461865
d4c012090aa0ee7930196137,4-10-24_train-ready_all_carts.csv,4-10-24_Cart4,0.9,3.601468104166229,3.4984129371237827,3.8488621458495365
d4c012090aa0ee7930196137,4-10-24_train-ready_all_carts.csv,4-10-24_Cart4,0.95,4.449422912472661,4.298359307070981,4.90858274819361
d4c012090aa0ee7930196137,4-10-24_train-ready_all_carts.csv,4-10-24_Cart4,1.0,4.297167814556166,4.221174156997146,4.523812128253982
2667f51eb560d11d4e64230d,4-10-24_train-ready_all_carts.csv,4-10-24_Cart59,0.0,0.8928719736815556,0.7857911684735529,1.0121316355180834
2667f51eb560d11d4e64230d,4-10-24_train-ready_all_carts.csv,4-10-24_Cart59,0.05,0.8945563460323753,0.8941656912890324,0.8950506319018988
2667f51eb560d11d4e64230d,4-10-24_train-ready_all_carts.csv,4-10-24_Cart59,0.1,1.106311039969354,1.0977185123538034,1.1068118944218608
2667f51eb560d11d4e64230d,4-10-24_train-ready_all_carts.csv,4-10-24_Cart59,0.15,1.4280437533946446,1.4268765983057285,1.6831839379389515
2667f51eb560d11d4e64230d,4-10-24_train-ready_all_carts.csv,4-10-24_Cart59,0.2,1.5554238259447697,1.0655242450049514,1.979113263370155
2667f51eb560d11d4e64230d,4-10-24_train-ready_all_carts.csv,4-10-24_Cart59,0.25,1.7751675589356715,1.775004165433952,1.7754971610461037
2667f51eb560d11d4e64230d,4-10-24_train-ready_all_carts.csv,4-10-24_Cart59,0.3,2.4247312113098687,2.114709929456138,2.985602571946678
2667f51eb560d11d4e64230d,4-10-24_train-ready_all_carts.csv,4-10-24_Cart59,0.35,2.3937990502628845,2.3163376865221865,2.5847552059029173
2667f51eb560d11d4e64230d,4-10-24_train-ready_all_carts.csv,4-10-24_Cart59,0.4,2.6425501148942976,2.642275641962479,2.643472062434509
2667f51eb560d11d4e64230d,4-10-24_train-ready_all_carts.csv,4-10-24_Cart59,0.45,2.4582380222942133,1.9691980460043241,2.819503048630145
2667f51eb560d11d4e64230d,4-10-24_train-ready_all_carts.csv,4-10-24_Cart59,0.5,3.229816622474351,3.1109803996480223,3.4439459764560616
2667f51eb560d11d4e64230d,4-10-24_train-ready_all_carts.csv,4-10-24_Cart59,0.55,3.289813590262953,3.0336027266923042,4.00881232580433
2667f51eb560d11d4e64230d,4-10-24_train-ready_all_carts.csv,4-10-24_Cart59,0.6,3.605182988922786,3.5915150579910815,4.32920739422344
2667f51eb560d11d4e64230d,4-10-24_train-ready_all_carts.csv,4-10-24_Cart59,0.65,3.878282383121273,3.877800999825467,3.8791239241679967
2667f51eb560d11d4e64230d,4-10-24_train-ready_all_carts.csv,4-10-24_Cart59,0.7,3.9991407911375823,3.998255791876654,4.2723269844683545
2667f51eb560d11d4e64230d,4-10-24_train-ready_all_carts.csv,4-10-24_Cart59,0.75,4.137783637582257,4.137459079205187,4.138413869660317
2667f51eb560d11d4e64230d,4-10-24_train-ready_all_carts.csv,4-10-24_Cart59,0.8,4.283250772562495,3.6959707759280986,4.673986450231537
2667f51eb560d11d4e64230d,4-10-24_train-ready_all_carts.csv,4-10-24_Cart59,0.85,4.558805174651137,4.556813603749705,4.560470662325879
2667f51eb560d11d4e64230d,4-10-24_train-ready_all_carts.csv,4-10-24_Cart59,0.9,4.875826102746872,4.235079600067042,5.243724224935093
2667f51eb560d11d4e64230d,4-10-24_train-ready_all_carts.csv,4-10-24_Cart59,0.95,5.095737569196107,4.80341304691752,5.294388819801544
2667f51eb560d11d4e64230d,4-10-24_train-ready_all_carts.csv,4-10-24_Cart59,1.0,5.33428621690034,4.729485111637554,6.23110834071903
6709b9d2847aa9dd7ae4b15c,4-10-24_train-ready_all_carts.csv,4-10-24_Cart60,0.0,0.9860694047995917,0.7630849874148464,1.0743720427698045
6709b9d2847aa9dd7ae4b15c,4-10-24_train-ready_all_carts.csv,4-10-24_Cart60,0.05,0.9467511489557328,0.9335858818098858,1.001921977866413
6709b9d2847aa9dd7ae4b15c,4-10-24_train-ready_all_carts.csv,4-10-24_Cart60,0.1,1.0096044304991705,0.9811920339871283,1.228869585754186
6709b9d2847aa9dd7ae4b15c,4-10-24_train-ready_all_carts.csv,4-10-24_Cart60,0.15,1.1136540840991664,1.0392027736337857,1.371480202463585
6709b9d2847aa9dd7ae4b15c,4-10-24_train-ready_all_carts.csv,4-10-24_Cart60,0.2,1.225771701711462,1.2256508397056887,1.2259604580591972
6709b9d2847aa9dd7ae4b15c,4-10-24_train-ready_all_carts.csv,4-10-24_Cart60,0.25,1.4985608387031255,1.475644356911156,1.73252467812044
6709b9d2847aa9dd7ae4b15c,4-10-24_train-ready_all_carts.csv,4-10-24_Cart60,0.3,1.5880554065635244,1.340593378394047,1.745447402491804
6709b9d2847aa9dd7ae4b15c,4-10-24_train-ready_all_carts.csv,4-10-24_Cart60,0.35,2.1616303344324668,2.079586509293809,2.424544371647546
6709b9d2847aa9dd7ae4b15c,4-10-24_train-ready_all_carts.csv,4-10-24_Cart60,0.4,2.570589824838901,2.318250992692841,4.144652752726749
6709b9d2847aa9dd7ae4b15c,4-10-24_train-ready_all_carts.csv,4-10-24_Cart60,0.45,2.620796368102326,2.6203743902812304,2.6215043461153025
6709b9d2847aa9dd7ae4b15c,4-10-24_train-ready_all_carts.csv,4-10-24_Cart60,0.5,2.9057951499294647,2.5027438528724897,3.4066389882625177
6709b9d2847aa9dd7ae4b15c,4-10-24_train-ready_all_carts.csv,4-10-24_Cart60,0.55,2.963601072878478,2.5799709586377464,3.267316523505922
6709b9d2847aa9dd7ae4b15c,4-10-24_train-ready_all_carts.csv,4-10-24_Cart60,0.6,3.399641462316987,3.399403832120122,3.400071690749211
6709b9d2847aa9dd7ae4b15c,4-10-24_train-ready_all_carts.csv,4-10-24_Cart60,0.65,3.9636368638294046,3.80118081913915,4.499075199717086
6709b9d2847aa9dd7ae4b15c,4-10-24_train-ready_all_carts.csv,4-10-24_Cart60,0.7,3.829999636976496,3.812277828125748,4.31833353342169
6709b9d2847aa9dd7ae4b15c,4-10-24_train-ready_all_carts.csv,4-10-24_Cart60,0.75,4.1129263187567595,4.108853477002012,4.575864834147218
6709b9d2847aa9dd7ae4b15c,4-10-24_train-ready_all_carts.csv,4-10-24_Cart60,0.8,4.449259017429057,4.422831176311455,4.4572959944132995
6709b9d2847aa9dd7ae4b15c,4-10-24_train-ready_all_carts.csv,4-10-24_Cart60,0.85,5.003002247341772,4.951653214873169,5.270667187986513
6709b9d2847aa9dd7ae4b15c,4-10-24_train-ready_all_carts.csv,4-10-24_Cart60,0.9,4.7824489260606535,4.437566452878835,5.557207007623589
6709b9d2847aa9dd7ae4b15c,4-10-24_train-ready_all_carts.csv,4-10-24_Cart60,0.95,4.885568968818951,4.512079926345624,5.349812907238941
6709b9d2847aa9dd7ae4b15c,4-10-24_train-ready_all_carts.csv,4-10-24_Cart60,1.0,5.15661854947947,4.673361676039706,5.187056376551007
ae4986fc6f66feac17cb15d5,4-10-24_train-ready_all_carts.csv,4-10-24_Cart62,0.0,0.7426715114601499,0.6142767750130038,1.0845464059204533
ae4986fc6f66feac17cb15d5,4-10-24_train-ready_all_carts.csv,4-10-24_Cart62,0.05,0.8124158156971788,0.8111878782569996,0.9248858124635368
ae4986fc6f66feac17cb15d5,4-10-24_train-ready_all_carts.csv,4-10-24_Cart62,0.1,1.026534057511585,1.0264104287750915,1.027245670500869
ae4986fc6f66feac17cb15d5,4-10-24_train-ready_all_carts.csv,4-10-24_Cart62,0.15,1.145206428227282,1.1357530671608709,1.3251037497402494
ae4986fc6f66feac17cb15d5,4-10-24_train-ready_all_carts.csv,4-10-24_Cart62,0.2,1.5174909385339763,1.517183736078884,1.612072530108923
ae4986fc6f66feac17cb15d5,4-10-24_train-ready_all_carts.csv,4-10-24_Cart62,0.25,1.8112213508711497,1.652247133690677,1.9536422784388805
ae4986fc6f66feac17cb15d5,4-10-24_train-ready_all_carts.csv,4-10-24_Cart62,0.3,1.8530382724866685,1.8517536926465539,2.4594480051076504
ae4986fc6f66feac17cb15d5,4-10-24_train-ready_all_carts.csv,4-10-24_Cart62,0.35,2.0767502039534635,2.020983112920244,2.3337059275881598
ae4986fc6f66feac17cb15d5,4-10-24_train-ready_all_carts.csv,4-10-24_Cart62,0.4,2.3411599178687403,2.3407349440870484,2.3414097924823167
ae4986fc6f66feac17cb15d5,4-10-24_train-ready_all_carts.csv,4-10-24_Cart62,0.45,2.5954475289837187,2.5944808694125463,2.5964659705508697
ae4986fc6f66feac17cb15d5,4-10-24_train-ready_all_carts.csv,4-10-24_Cart62,0.5,2.8990246212304163,2.5885617697757555,3.633770204635246
ae4986fc6f66feac17cb15d5,4-10-24_train-ready_all_carts.csv,4-10-24_Cart62,0.55,3.063486982230353,3.06295738513789,3.063779852725068
ae4986fc6f66feac17cb15d5,4-10-24_train-ready_all_carts.csv,4-10-24_Cart62,0.6,3.5261637897801528,3.3932734912391407,3.9646694345853346
ae4986fc6f66feac17cb15d5,4-10-24_train-ready_all_carts.csv,4-10-24_Cart62,0.65,3.7631807655089515,3.7629257812399377,3.7635131423640162
ae4986fc6f66feac17cb15d5,4-10-24_train-ready_all_carts.csv,4-10-24_Cart62,0.7,4.188204397497875,4.033549708550083,4.377359791538864
ae4986fc6f66feac17cb15d5,4-10-24_train-ready_all_carts.csv,4-10-24_Cart62,0.75,4.128163453566576,4.035314035185689,4.313967786019321
ae4986fc6f66feac17cb15d5,4-10-24_train-ready_all_carts.csv,4-10-24_Cart62,0.8,4.080955222333465,4.080618732828901,4.08148799738236
ae4986fc6f66feac17cb15d5,4-10-24_train-ready_all_carts.csv,4-10-24_Cart62,0.85,4.426280692037343,4.181947499786223,4.8525046568644985
ae4986fc6f66feac17cb15d5,4-10-24_train-ready_all_carts.csv,4-10-24_Cart62,0.9,4.65786024662385,4.6575963516142505,4.658223406037295
ae4986fc6f66feac17cb15d5,4-10-24_train-ready_all_carts.csv,4-10-24_Cart62,0.95,4.797156931454561,4.795441084232763,4.813058366121515
ae4986fc6f66feac17cb15d5,4-10-24_train-ready_all_carts.csv,4-10-24_Cart62,1.0,5.118914427007192,4.844037396985079,5.339712920180291
2b444a2462a3559cdbe48897,4-10-24_train-ready_all_carts.csv,4-10-24_Cart63,0.0,0.7350728259348729,0.7096728245614357,0.97136610496
2b444a2462a3559cdbe48897,4-10-24_train-ready_all_carts.csv,4-10-24_Cart63,0.05,0.908116422718166,0.9078174021123966,0.9083173620837437
2b444a2462a3559cdbe48897,4-10-24_train-ready_all_carts.csv,4-10-24_Cart63,0.1,1.0069855387791455,1.0068940335107828,1.0070825653823456
2b444a2462a3559cdbe48897,4-10-24_train-ready_all_carts.csv,4-10-24_Cart63,0.15,1.1361723664665302,1.0568827102239964,1.2187219676866463
2b444a2462a3559cdbe48897,4-10-24_train-ready_all_carts.csv,4-10-24_Cart63,0.2,1.475826274386179,1.4677981294585143,1.5427873482753425
2b444a2462a3559cdbe48897,4-10-24_train-ready_all_carts.csv,4-10-24_Cart63,0.25,1.5982100731049702,1.5979358674872324,1.6485292854587517
2b444a2462a3559cdbe48897,4-10-24_train-ready_all_carts.csv,4-10-24_Cart63,0.3,1.7745453780505245,1.7744312291055837,1.7746559908596709
2b444a2462a3559cdbe48897,4-10-24_train-ready_all_carts.csv,4-10-24_Cart63,0.35,2.160906056441398,2.105849042497871,2.613997773782391
2b444a2462a3559cdbe48897,4-10-24_train-ready_all_carts.csv,4-10-24_Cart63,0.4,2.3716485830408023,1.7961292064896737,2.6459408050873305
2b444a2462a3559cdbe48897,4-10-24_train-ready_all_carts.csv,4-10-24_Cart63,0.45,2.5857535405183545,2.513689698602985,2.9205697665214343
2b444a2462a3559cdbe48897,4-10-24_train-ready_all_carts.csv,4-10-24_Cart63,0.5,2.848309762125684,2.847647201945266,2.849431399584667
2b444a2462a3559cdbe48897,4-10-24_train-ready_all_carts.csv,4-10-24_Cart63,0.55,3.014513107458338,3.014151925307552,3.0147325339899984
2b444a2462a3559cdbe48897,4-10-24_train-ready_all_carts.csv,4-10-24_Cart63,0.6,3.3298681790984075,2.7289180305886838,3.7706614022590177
2b444a2462a3559cdbe48897,4-10-24_train-ready_all_carts.csv,4-10-24_Cart63,0.65,3.553371813292556,3.490764342940954,3.822056282306456
2b444a2462a3559cdbe48897,4-10-24_train-ready_all_carts.csv,4-10-24_Cart63,0.7,3.744586185061267,3.7442609846431254,3.744965792340665
2b444a2462a3559cdbe48897,4-10-24_train-ready_all_carts.csv,4-10-24_Cart63,0.75,3.9691556229913294,3.8964799675460666,4.109375194357126
2b444a2462a3559cdbe48897,4-10-24_train-ready_all_carts.csv,4-10-24_Cart63,0.8,4.026339281409081,3.7360703015438603,4.659612254615552
2b444a2462a3559cdbe48897,4-10-24_train-ready_all_carts.csv,4-10-24_Cart63,0.85,4.47949322233256,4.478979055780566,4.480063842982324
2b444a2462a3559cdbe48897,4-10-24_train-ready_all_carts.csv,4-10-24_Cart63,0.9,4.581454285902155,4.57421178349554,4.600785781952705
2b444a2462a3559cdbe48897,4-10-24_train-ready_all_carts.csv,4-10-24_Cart63,0.95,5.007970577924171,4.920957690919398,5.4155272264912755
2b444a2462a3559cdbe48897,4-10-24_train-ready_all_carts.csv,4-10-24_Cart63,1.0,5.020105107071141,5.016054370462493,5.0866384326041265
98be836ba0da8637ed2da833,4-10-24_train-ready_all_carts.csv,4-10-24_Cart67,0.0,0.7559643273437185,0.6553676563905301,0.8133355676889545
98be836ba0da8637ed2da833,4-10-24_train-ready_all_carts.csv,4-10-24_Cart67,0.05,0.5259993806312975,0.44397080465096017,0.9689020237142785
98be836ba0da8637ed2da833,4-10-24_train-ready_all_carts.csv,4-10-24_Cart67,0.1,0.6700744680916747,0.4643334944618893,0.7613328257008979
98be836ba0da8637ed2da833,4-10-24_train-ready_all_carts.csv,4-10-24_Cart67,0.15,0.8006671650308902,0.734254927096379,1.336980456636223
98be836ba0da8637ed2da833,4-10-24_train-ready_all_carts.csv,4-10-24_Cart67,0.2,1.201396829419049,0.9246914002842287,1.378051303407489
98be836ba0da8637ed2da833,4-10-24_train-ready_all_carts.csv,4-10-24_Cart67,0.25,1.1052407870898937,0.97060643022574,1.5037921740979328
98be836ba0da8637ed2da833,4-10-24_train-ready_all_carts.csv,4-10-24_Cart67,0.3,1.256219103075618,1.2291381472396885,1.5534630128274824
98be836ba0da8637ed2da833,4-10-24_train-ready_all_carts.csv,4-10-24_Cart67,0.35,1.3761481768543322,1.2295386445544891,1.3868072141677175
98be836ba0da8637ed2da833,4-10-24_train-ready_all_carts.csv,4-10-24_Cart67,0.4,1.791075623913755,1.7900713233953423,1.792214442614239
98be836ba0da8637ed2da833,4-10-24_train-ready_all_carts.csv,4-10-24_Cart67,0.45,1.7920906247421058,1.7912086134801204,1.7935305807365427
98be836ba0da8637ed2da833,4-10-24_train-ready_all_carts.csv,4-10-24_Cart67,0.5,2.646629605270897,2.515957420315004,2.8263902263726024
98be836ba0da8637ed2da833,4-10-24_train-ready_all_carts.csv,4-10-24_Cart67,0.55,2.323614763342586,2.25103761826841,2.326176723264748
98be836ba0da8637ed2da833,4-10-24_train-ready_all_carts.csv,4-10-24_Cart67,0.6,3.2255224873486736,2.064447142195214,3.7084962625316242
98be836ba0da8637ed2da833,4-10-24_train-ready_all_carts.csv,4-10-24_Cart67,0.65,3.6123539777438176,3.321816105091311,3.8063796406078216
98be836ba0da8637ed2da833,4-10-24_train-ready_all_carts.csv,4-10-24_Cart67,0.7,3.195800083573905,3.1952283813001046,3.3346274333178245
98be836ba0da8637ed2da833,4-10-24_train-ready_all_carts.csv,4-10-24_Cart67,0.75,3.598767641354692,3.596040590936352,3.6000929511712276
98be836ba0da8637ed2da833,4-10-24_train-ready_all_carts.csv,4-10-24_Cart67,0.8,4.913768473573787,4.241143933675535,5.138542241350849
98be836ba0da8637ed2da833,4-10-24_train-ready_all_carts.csv,4-10-24_Cart67,0.85,4.978153767083008,4.227981023836791,5.402248322527398
98be836ba0da8637ed2da833,4-10-24_train-ready_all_carts.csv,4-10-24_Cart67,0.9,5.088220212330821,4.521712174697766,5.718297262686442
98be836ba0da8637ed2da833,4-10-24_train-ready_all_carts.csv,4-10-24_Cart67,0.95,4.65092606027076,4.64707242007758,4.651250126800293
98be836ba0da8637ed2da833,4-10-24_train-ready_all_carts.csv,4-10-24_Cart67,1.0,4.3939871608217835,4.301123756721945,5.442703137169411
351b4f60c49598fcdcaa1a06,4-10-24_train-ready_all_carts.csv,4-10-24_Cart69,0.0,0.7158976638336503,0.699068037559377,0.736368452375623
351b4f60c49598fcdcaa1a06,4-10-24_train-ready_all_carts.csv,4-10-24_Cart69,0.05,1.0456792588787953,0.8553118674953237,1.1938573358626718
351b4f60c49598fcdcaa1a06,4-10-24_train-ready_all_carts.csv,4-10-24_Cart69,0.1,1.0758279110393085,1.072682941053017,1.0924490382768646
351b4f60c49598fcdcaa1a06,4-10-24_train-ready_all_carts.csv,4-10-24_Cart69,0.15,1.4266079703195162,1.2762697656066417,1.764279674019973
351b4f60c49598fcdcaa1a06,4-10-24_train-ready_all_carts.csv,4-10-24_Cart69,0.2,1.6364737642195115,1.511587240903845,2.086938075748481
351b4f60c49598fcdcaa1a06,4-10-24_train-ready_all_carts.csv,4-10-24_Cart69,0.25,1.785834269009866,1.738575096833094,1.965587122423217
351b4f60c49598fcdcaa1a06,4-10-24_train-ready_all_carts.csv,4-10-24_Cart69,0.3,2.1225410718517175,1.996691247560434,2.445552476334086
351b4f60c49598fcdcaa1a06,4-10-24_train-ready_all_carts.csv,4-10-24_Cart69,0.35,2.1344350591038825,2.134268556995635,2.1345608213345804
351b4f60c49598fcdcaa1a06,4-10-24_train-ready_all_carts.csv,4-10-24_Cart69,0.4,2.4569383293211025,2.4463283053065594,2.8052309133849587
351b4f60c49598fcdcaa1a06,4-10-24_train-ready_all_carts.csv,4-10-24_Cart69,0.45,2.660719996767358,2.659797664224004,2.6613690921516033
351b4f60c49598fcdcaa1a06,4-10-24_train-ready_all_carts.csv,4-10-24_Cart69,0.5,2.8668980603769283,2.5930175197528222,3.4717006840628652
351b4f60c49598fcdcaa1a06,4-10-24_train-ready_all_carts.csv,4-10-24_Cart69,0.55,3.0608210202881696,3.0570716373639772,3.3283468828173026
351b4f60c49598fcdcaa1a06,4-10-24_train-ready_all_carts.csv,4-10-24_Cart69,0.6,3.332572573762892,2.6513011999157334,4.149061429635977
351b4f60c49598fcdcaa1a06,4-10-24_train-ready_all_carts.csv,4-10-24_Cart69,0.65,3.718651765655717,3.600175859200973,3.868999912498597
351b4f60c49598fcdcaa1a06,4-10-24_train-ready_all_carts.csv,4-10-24_Cart69,0.7,4.085646639032868,3.9513313767355713,4.758479201498051
351b4f60c49598fcdcaa1a06,4-10-24_train-ready_all_carts.csv,4-10-24_Cart69,0.75,4.04248636707478,4.003783254847632,4.069858250891263
351b4f60c49598fcdcaa1a06,4-10-24_train-ready_all_carts.csv,4-10-24_Cart69,0.8,4.1367011907697755,4.134872524512963,4.1400578024200865
351b4f60c49598fcdcaa1a06,4-10-24_train-ready_all_carts.csv,4-10-24_Cart69,0.85,4.311606113032042,4.311149860686689,4.311947688050266
351b4f60c49598fcdcaa1a06,4-10-24_train-ready_all_carts.csv,4-10-24_Cart69,0.9,4.28888206071562,3.4128028773867616,4.845261254517972
351b4f60c49598fcdcaa1a06,4-10-24_train-ready_all_carts.csv,4-10-24_Cart69,0.95,3.7559678936084673,3.4596557935615975,4.047880372573333
351b4f60c49598fcdcaa1a06,4-10-24_train-ready_all_carts.csv,4-10-24_Cart69,1.0,5.165444237291226,3.7758558676328953,5.7657831874369085
1f2506e31ca0cfbf2eb0a9ed,4-10-24_train-ready_all_carts.csv,4-10-24_Cart74,0.0,1.006877860166845,0.8578135117047543,1.2905696739487287
1f2506e31ca0cfbf2eb0a9ed,4-10-24_train-ready_all_carts.csv,4-10-24_Cart74,0.05,1.0357587458151998,1.0356372420070492,1.0360877790769212
1f2506e31ca0cfbf2eb0a9ed,4-10-24_train-ready_all_carts.csv,4-10-24_Cart74,0.1,1.2183680531081547,1.2178944967621292,1.2185231959100662
1f2506e31ca0cfbf2eb0a9ed,4-10-24_train-ready_all_carts.csv,4-10-24_Cart74,0.15,1.5677199789968657,1.5667040457884798,1.6833135286672471
1f2506e31ca0cfbf2eb0a9ed,4-10-24_train-ready_all_carts.csv,4-10-24_Cart74,0.2,1.783475857390346,1.559445379812093,1.9774745448405964
1f2506e31ca0cfbf2eb0a9ed,4-10-24_train-ready_all_carts.csv,4-10-24_Cart74,0.25,1.9953730406265362,1.994647518131479,1.9960798154636945
1f2506e31ca0cfbf2eb0a9ed,4-10-24_train-ready_all_carts.csv,4-10-24_Cart74,0.3,2.4330798304443118,2.3270277707395888,2.5839390891660687
1f2506e31ca0cfbf2eb0a9ed,4-10-24_train-ready_all_carts.csv,4-10-24_Cart74,0.35,2.6105074274814584,2.564677887828657,2.6146698821591268
1f2506e31ca0cfbf2eb0a9ed,4-10-24_train-ready_all_carts.csv,4-10-24_Cart74,0.4,2.8255074667558757,2.5386039893263175,2.9562589724612627
1f2506e31ca0cfbf2eb0a9ed,4-10-24_train-ready_all_carts.csv,4-10-24_Cart74,0.45,3.1233282511974867,2.9284553058776512,3.398062600154062
1f2506e31ca0cfbf2eb0a9ed,4-10-24_train-ready_all_carts.csv,4-10-24_Cart74,0.5,3.2883574762486165,3.1480573612138123,3.775042344341542
1f2506e31ca0cfbf2eb0a9ed,4-10-24_train-ready_all_carts.csv,4-10-24_Cart74,0.55,3.6305152850590217,3.55133146686803,3.918662100041029
1f2506e31ca0cfbf2eb0a9ed,4-10-24_train-ready_all_carts.csv,4-10-24_Cart74,0.6,3.6917109628087443,3.691268731663258,3.6921179531036246
1f2506e31ca0cfbf2eb0a9ed,4-10-24_train-ready_all_carts.csv,4-10-24_Cart74,0.65,3.3977524332063025,3.28401579158832,4.345799838390622
1f2506e31ca0cfbf2eb0a9ed,4-10-24_train-ready_all_carts.csv,4-10-24_Cart74,0.7,4.06587980420014,4.063348989039936,4.06685017348047
1f2506e31ca0cfbf2eb0a9ed,4-10-24_train-ready_all_carts.csv,4-10-24_Cart74,0.75,3.9721011716474663,3.914117513513607,4.342684226825661
1f2506e31ca0cfbf2eb0a9ed,4-10-24_train-ready_all_carts.csv,4-10-24_Cart74,0.8,4.2804598010127854,4.127990972801218,4.520540587545184
1f2506e31ca0cfbf2eb0a9ed,4-10-24_train-ready_all_carts.csv,4-10-24_Cart74,0.85,4.492157642063727,4.2848038587943345,4.676259642624785
1f2506e31ca0cfbf2eb0a9ed,4-10-24_train-ready_all_carts.csv,4-10-24_Cart74,0.9,4.664581512939037,4.574855756190177,4.788723994611032
1f2506e31ca0cfbf2eb0a9ed,4-10-24_train-ready_all_carts.csv,4-10-24_Cart74,0.95,4.896611070324596,4.70587423803652,5.0406057198540175
1f2506e31ca0cfbf2eb0a9ed,4-10-24_train-ready_all_carts.csv,4-10-24_Cart74,1.0,5.034932002234442,4.388470041719377,5.163982335969655
a271d147208aa77f550c20f0,4-10-24_train-ready_all_carts.csv,4-10-24_Cart76,0.0,0.4431254383128469,0.4405081639267671,0.45024892348387285
a271d147208aa77f550c20f0,4-10-24_train-ready_all_carts.csv,4-10-24_Cart76,0.05,0.5391660783830436,0.3850514906121015,0.5865845662986592
a271d147208aa77f550c20f0,4-10-24_train-ready_all_carts.csv,4-10-24_Cart76,0.1,0.7248682328527614,0.724012876309397,0.72590399163405
a271d147208aa77f550c20f0,4-10-24_train-ready_all_carts.csv,4-10-24_Cart76,0.15,0.7891068102063024,0.6402336284151426,1.1168236571234422
a271d147208aa77f550c20f0,4-10-24_train-ready_all_carts.csv,4-10-24_Cart76,0.2,0.2368913943276485,0.21577574495950366,0.43624727455097667
a271d147208aa77f550c20f0,4-10-24_train-ready_all_carts.csv,4-10-24_Cart76,0.25,1.3765208495866812,1.334078195049087,1.8126143249151265
a271d147208aa77f550c20f0,4-10-24_train-ready_all_carts.csv,4-10-24_Cart76,0.3,1.4671436547744299,1.2753903670509794,1.5753719239740853
a271d147208aa77f550c20f0,4-10-24_train-ready_all_carts.csv,4-10-24_Cart76,0.35,1.534321218497844,1.2786318395888816,1.8481947090318822
a271d147208aa77f550c20f0,4-10-24_train-ready_all_carts.csv,4-10-24_Cart76,0.4,1.8885722546121546,1.8554924441797873,2.357536363497448
a271d147208aa77f550c20f0,4-10-24_train-ready_all_carts.csv,4-10-24_Cart76,0.45,2.0799062913798325,2.079590667571031,2.0802532532683298
a271d147208aa77f550c20f0,4-10-24_train-ready_all_carts.csv,4-10-24_Cart76,0.5,2.300973693087901,2.3000404719906906,2.302592442689223
a271d147208aa77f550c20f0,4-10-24_train-ready_all_carts.csv,4-10-24_Cart76,0.55,2.3226411874545407,2.229760502463405,2.5852798656437015
a271d147208aa77f550c20f0,4-10-24_train-ready_all_carts.csv,4-10-24_Cart76,0.6,2.3980704713040963,2.396820921451506,2.674394277412617
a271d147208aa77f550c20f0,4-10-24_train-ready_all_carts.csv,4-10-24_Cart76,0.65,2.642422899345129,2.635280124272285,2.687576137561313
a271d147208aa77f550c20f0,4-10-24_train-ready_all_carts.csv,4-10-24_Cart76,0.7,2.7808385190814278,2.7806523490987747,2.7811338276115714
a271d147208aa77f550c20f0,4-10-24_train-ready_all_carts.csv,4-10-24_Cart76,0.75,2.7066473777671085,2.5476860900140306,2.87265915667736
a271d147208aa77f550c20f0,4-10-24_train-ready_all_carts.csv,4-10-24_Cart76,0.8,3.0217085110269757,2.9502921676159004,3.3147630706161686
a271d147208aa77f550c20f0,4-10-24_train-ready_all_carts.csv,4-10-24_Cart76,0.85,3.2145062732348606,3.2113941263510015,3.218618547054791
a271d147208aa77f550c20f0,4-10-24_train-ready_all_carts.csv,4-10-24_Cart76,0.9,3.2925438594231395,2.9108816805685844,3.9523928259337997
a271d147208aa77f550c20f0,4-10-24_train-ready_all_carts.csv,4-10-24_Cart76,0.95,3.335439217835936,3.3350611101259,3.336165184639205
a271d147208aa77f550c20f0,4-10-24_train-ready_all_carts.csv,4-10-24_Cart76,1.0,3.3974834887502174,3.2956940093361595,3.769122673072243
6842cc33a591312b21deeece,4-10-24_train-ready_all_carts.csv,4-10-24_Cart77,0.0,0.721827699325599,0.7210877040533425,0.7278913112481418
6842cc33a591312b21deeece,4-10-24_train-ready_all_carts.csv,4-10-24_Cart77,0.05,0.7541743138589081,0.639554069333075,0.8704727181929766
6842cc33a591312b21deeece,4-10-24_train-ready_all_carts.csv,4-10-24_Cart77,0.1,0.8517054457107824,0.7741525935047813,0.901145032164919
6842cc33a591312b21deeece,4-10-24_train-ready_all_carts.csv,4-10-24_Cart77,0.15,0.9841621491292449,0.9010955357924039,1.0741708124850007
6842cc33a591312b21deeece,4-10-24_train-ready_all_carts.csv,4-10-24_Cart77,0.2,0.7487101103584703,0.7454184790704375,0.75012271722753
6842cc33a591312b21deeece,4-10-24_train-ready_all_carts.csv,4-10-24_Cart77,0.25,1.0394388158406254,0.8974358058627322,1.1110190240859468
6842cc33a591312b21deeece,4-10-24_train-ready_all_carts.csv,4-10-24_Cart77,0.3,0.9719706045030438,0.9706384904972077,0.9736922574108892
6842cc33a591312b21deeece,4-10-24_train-ready_all_carts.csv,4-10-24_Cart77,0.35,1.617593201549962,1.6173186437014304,1.6178971631841454
6842cc33a591312b21deeece,4-10-24_train-ready_all_carts.csv,4-10-24_Cart77,0.4,1.5424800059427093,1.5312244205685626,1.6482377044413077
6842cc33a591312b21deeece,4-10-24_train-ready_all_carts.csv,4-10-24_Cart77,0.45,1.7864554670795254,1.7060058519236503,1.8590529237926534
6842cc33a591312b21deeece,4-10-24_train-ready_all_carts.csv,4-10-24_Cart77,0.5,1.9639599952754772,1.912768433259541,2.041624336835411
6842cc33a591312b21deeece,4-10-24_train-ready_all_carts.csv,4-10-24_Cart77,0.55,2.054287199642468,1.9396626670645598,2.4223282588671413
6842cc33a591312b21deeece,4-10-24_train-ready_all_carts.csv,4-10-24_Cart77,0.6,2.144267684370308,2.14378631989602,2.1444438007947886
6842cc33a591312b21deeece,4-10-24_train-ready_all_carts.csv,4-10-24_Cart77,0.65,2.347837443389535,2.2452850638165023,2.712079104702689
6842cc33a591312b21deeece,4-10-24_train-ready_all_carts.csv,4-10-24_Cart77,0.7,2.241229117875163,2.240832779347721,2.241582637139748
6842cc33a591312b21deeece,4-10-24_train-ready_all_carts.csv,4-10-24_Cart77,0.75,2.457191347389218,2.456813815033016,2.457321826688052
6842cc33a591312b21deeece,4-10-24_train-ready_all_carts.csv,4-10-24_Cart77,0.8,2.5305464416459946,2.5288644838487793,2.5761397679052243
6842cc33a591312b21deeece,4-10-24_train-ready_all_carts.csv,4-10-24_Cart77,0.85,2.7011214776898202,2.4393633420849645,2.855542686474987
6842cc33a591312b21deeece,4-10-24_train-ready_all_carts.csv,4-10-24_Cart77,0.9,2.8236605292392145,2.6706053713291578,3.0646021322755526
6842cc33a591312b21deeece,4-10-24_train-ready_all_carts.csv,4-10-24_Cart77,0.95,2.912696417352963,2.912060131683019,2.91386491154322
6842cc33a591312b21deeece,4-10-24_train-ready_all_carts.csv,4-10-24_Cart77,1.0,3.051909865682842,3.0429018934324006,3.0521267186020307
edf45d078104d2acb2bac46b,4-10-24_train-ready_all_carts.csv,4-10-24_Cart8,0.0,1.3990677133733804,1.398887690791593,1.3992076682332029
edf45d078104d2acb2bac46b,4-10-24_train-ready_all_carts.csv,4-10-24_Cart8,0.05,1.5781185118197187,1.5475083523737831,1.707244364363246
edf45d078104d2acb2bac46b,4-10-24_train-ready_all_carts.csv,4-10-24_Cart8,0.1,1.7080135517581563,1.705549894757994,1.7099932922571177
edf45d078104d2acb2bac46b,4-10-24_train-ready_all_carts.csv,4-10-24_Cart8,0.15,1.907644486607715,1.90697140531211,1.9086473083250706
edf45d078104d2acb2bac46b,4-10-24_train-ready_all_carts.csv,4-10-24_Cart8,0.2,2.50484880349273,2.137111935268813,2.9782667150366717
edf45d078104d2acb2bac46b,4-10-24_train-ready_all_carts.csv,4-10-24_Cart8,0.25,2.639616304155786,2.465366747469109,2.912479465908519
edf45d078104d2acb2bac46b,4-10-24_train-ready_all_carts.csv,4-10-24_Cart8,0.3,2.7008318826411144,2.6974701443348184,2.702669072343338
edf45d078104d2acb2bac46b,4-10-24_train-ready_all_carts.csv,4-10-24_Cart8,0.35,2.8340034464349073,2.833452374174357,2.834854123675617
edf45d078104d2acb2bac46b,4-10-24_train-ready_all_carts.csv,4-10-24_Cart8,0.4,2.928975234174789,2.9283505727460097,2.930780200399207
edf45d078104d2acb2bac46b,4-10-24_train-ready_all_carts.csv,4-10-24_Cart8,0.45,3.07781497025933,3.0347562774994934,3.4594143109152315
edf45d078104d2acb2bac46b,4-10-24_train-ready_all_carts.csv,4-10-24_Cart8,0.5,3.272571187047822,3.269248952129379,3.300463400542644
edf45d078104d2acb2bac46b,4-10-24_train-ready_all_carts.csv,4-10-24_Cart8,0.55,3.6551976157879023,3.342204937484637,3.910517040828036
edf45d078104d2acb2bac46b,4-10-24_train-ready_all_carts.csv,4-10-24_Cart8,0.6,3.6327969375387683,3.595662398555022,3.645671373807136
edf45d078104d2acb2bac46b,4-10-24_train-ready_all_carts.csv,4-10-24_Cart8,0.65,3.887195369307812,3.8760065425991326,3.9031702571885343
edf45d078104d2acb2bac46b,4-10-24_train-ready_all_carts.csv,4-10-24_Cart8,0.7,4.153526081544928,4.065089621424635,6.581098994239401
edf45d078104d2acb2bac46b,4-10-24_train-ready_all_carts.csv,4-10-24_Cart8,0.75,4.246567846621132,4.188327268275018,5.019207894063229
edf45d078104d2acb2bac46b,4-10-24_train-ready_all_carts.csv,4-10-24_Cart8,0.8,4.334790198379262,4.334289464721519,4.335461473805709
edf45d078104d2acb2bac46b,4-10-24_train-ready_all_carts.csv,4-10-24_Cart8,0.85,4.52319652773743,4.519784450828328,4.614366565863745
edf45d078104d2acb2bac46b,4-10-24_train-ready_all_carts.csv,4-10-24_Cart8,0.9,4.568587049048823,4.529392690555595,4.680587618623934
edf45d078104d2acb2bac46b,4-10-24_train-ready_all_carts.csv,4-10-24_Cart8,0.95,4.900689773393062,4.889298802205398,4.903229446198135
edf45d078104d2acb2bac46b,4-10-24_train-ready_all_carts.csv,4-10-24_Cart8,1.0,6.73235125865354,5.617891274222874,7.695166202127988
8da430069c51f63d8df9c061,4-17-24_train-ready_all_carts.csv,4-17-24_Cart1,0.0,0.7118586796782542,0.711661625940116,0.7119884115381135
8da430069c51f63d8df9c061,4-17-24_train-ready_all_carts.csv,4-17-24_Cart1,0.05,0.8928927001371265,0.8926980734538279,0.8931701934070796
8da430069c51f63d8df9c061,4-17-24_train-ready_all_carts.csv,4-17-24_Cart1,0.1,1.0145401559010079,1.0143585312972052,1.0640331782659596
8da430069c51f63d8df9c061,4-17-24_train-ready_all_carts.csv,4-17-24_Cart1,0.15,1.2844066949568451,1.2842711266079678,1.2845150456193108
8da430069c51f63d8df9c061,4-17-24_train-ready_all_carts.csv,4-17-24_Cart1,0.2,1.6094170757006023,1.6093138680829147,1.6095962732495663
8da430069c51f63d8df9c061,4-17-24_train-ready_all_carts.csv,4-17-24_Cart1,0.25,1.8111145787645995,1.8108463314178445,1.8117439949862428
8da430069c51f63d8df9c061,4-17-24_train-ready_all_carts.csv,4-17-24_Cart1,0.3,1.9790344129087818,1.9786348156656073,2.0048497239193326
8da430069c51f63d8df9c061,4-17-24_train-ready_all_carts.csv,4-17-24_Cart1,0.35,2.0947644778265184,1.7445250931769456,2.2541517117482535
8da430069c51f63d8df9c061,4-17-24_train-ready_all_carts.csv,4-17-24_Cart1,0.4,2.218970742835198,2.218733700479232,2.2192504897989296
8da430069c51f63d8df9c061,4-17-24_train-ready_all_carts.csv,4-17-24_Cart1,0.45,2.358276756165146,2.118843924543832,2.8188189643897945
8da430069c51f63d8df9c061,4-17-24_train-ready_all_carts.csv,4-17-24_Cart1,0.5,2.772186688449046,2.772019106091099,2.772724107734878
8da430069c51f63d8df9c061,4-17-24_train-ready_all_carts.csv,4-17-24_Cart1,0.55,3.0077346720780374,3.0063446053123726,3.297199274451593
8da430069c51f63d8df9c061,4-17-24_train-ready_all_carts.csv,4-17-24_Cart1,0.6,3.1243673702478905,3.1236340529643196,3.12538615541017
8da430069c51f63d8df9c061,4-17-24_train-ready_all_carts.csv,4-17-24_Cart1,0.65,3.3347525738959654,3.3343941210110177,3.450318350315892
8da430069c51f63d8df9c061,4-17-24_train-ready_all_carts.csv,4-17-24_Cart1,0.7,3.68705807565797,3.686273790222776,3.68788633701537
8da430069c51f63d8df9c061,4-17-24_train-ready_all_carts.csv,4-17-24_Cart1,0.75,4.114349170288877,4.112230813710381,4.115926813721403
8da430069c51f63d8df9c061,4-17-24_train-ready_all_carts.csv,4-17-24_Cart1,0.8,4.23174696860329,4.229466519433744,4.415640753107026
8da430069c51f63d8df9c061,4-17-24_train-ready_all_carts.csv,4-17-24_Cart1,0.85,4.430325128328665,4.429995511166689,4.4305955137951605
8da430069c51f63d8df9c061,4-17-24_train-ready_all_carts.csv,4-17-24_Cart1,0.9,4.931744256451944,4.928004800601896,4.952142669996412
8da430069c51f63d8df9c061,4-17-24_train-ready_all_carts.csv,4-17-24_Cart1,0.95,5.1429431013413645,5.1419651716022114,5.1439049662889635
8da430069c51f63d8df9c061,4-17-24_train-ready_all_carts.csv,4-17-24_Cart1,1.0,5.419478262503112,5.416258080814621,5.420004124384947
e925b0a3838b8e8adc0c6968,4-17-24_train-ready_all_carts.csv,4-17-24_Cart10,0.0,0.8131155230100793,0.8129489678008002,1.0037255305365216
e925b0a3838b8e8adc0c6968,4-17-24_train-ready_all_carts.csv,4-17-24_Cart10,0.05,1.1249615645503437,1.1242123146984535,1.125286844388167
e925b0a3838b8e8adc0c6968,4-17-24_train-ready_all_carts.csv,4-17-24_Cart10,0.1,1.3431277585671793,1.2754030545112167,1.5464406460269775
e925b0a3838b8e8adc0c6968,4-17-24_train-ready_all_carts.csv,4-17-24_Cart10,0.15,1.3690755686336402,1.3679408801966946,1.3693913399091429
e925b0a3838b8e8adc0c6968,4-17-24_train-ready_all_carts.csv,4-17-24_Cart10,0.2,1.681475965571953,1.6788505458644951,1.7321455404926909
e925b0a3838b8e8adc0c6968,4-17-24_train-ready_all_carts.csv,4-17-24_Cart10,0.25,1.9099536671722024,1.9092607229246432,1.9116521574220506
e925b0a3838b8e8adc0c6968,4-17-24_train-ready_all_carts.csv,4-17-24_Cart10,0.3,2.3356836974808823,2.3349230746426866,2.336510880255324
e925b0a3838b8e8adc0c6968,4-17-24_train-ready_all_carts.csv,4-17-24_Cart10,0.35,2.506537025518611,2.5061101967211004,2.5072185346323987
e925b0a3838b8e8adc0c6968,4-17-24_train-ready_all_carts.csv,4-17-24_Cart10,0.4,2.990338891146084,2.972795096484531,3.0714947191437343
e925b0a3838b8e8adc0c6968,4-17-24_train-ready_all_carts.csv,4-17-24_Cart10,0.45,3.4346286407454514,3.43376031634842,3.4352476295082943
e925b0a3838b8e8adc0c6968,4-17-24_train-ready_all_carts.csv,4-17-24_Cart10,0.5,3.651233690412628,3.649639607905911,3.65178555991203
e925b0a3838b8e8adc0c6968,4-17-24_train-ready_all_carts.csv,4-17-24_Cart10,0.55,3.710472655145696,3.697203611795725,3.722452076425613
e925b0a3838b8e8adc0c6968,4-17-24_train-ready_all_carts.csv,4-17-24_Cart10,0.6,3.9649628001772026,3.959499105690728,3.97760545921586
e925b0a3838b8e8adc0c6968,4-17-24_train-ready_all_carts.csv,4-17-24_Cart10,0.65,4.063536139185191,3.462822335943599,4.5906582068290405
e925b0a3838b8e8adc0c6968,4-17-24_train-ready_all_carts.csv,4-17-24_Cart10,0.7,4.4886422089337366,4.384513570074171,4.852576589899451
e925b0a3838b8e8adc0c6968,4-17-24_train-ready_all_carts.csv,4-17-24_Cart10,0.75,4.527955453070167,4.5266832944381,4.528735403770334
e925b0a3838b8e8adc0c6968,4-17-24_train-ready_all_carts.csv,4-17-24_Cart10,0.8,4.784385841994839,4.775991335152252,4.891002181776876
e925b0a3838b8e8adc0c6968,4-17-24_train-ready_all_carts.csv,4-17-24_Cart10,0.85,4.996447911886535,4.994567951035534,4.997431644128206
e925b0a3838b8e8adc0c6968,4-17-24_train-ready_all_carts.csv,4-17-24_Cart10,0.9,5.391697095947858,5.299461058357999,5.444606030516338
e925b0a3838b8e8adc0c6968,4-17-24_train-ready_all_carts.csv,4-17-24_Cart10,0.95,5.585461708856015,5.580472013093858,5.590211577546305
e925b0a3838b8e8adc0c6968,4-17-24_train-ready_all_carts.csv,4-17-24_Cart10,1.0,4.765418435326215,4.765259337812873,4.766615706261571
592f130c479fe05e6027f963,4-17-24_train-ready_all_carts.csv,4-17-24_Cart11,0.0,0.656141481511294,0.6494030638459697,0.7488780432087131
592f130c479fe05e6027f963,4-17-24_train-ready_all_carts.csv,4-17-24_Cart11,0.05,1.0091065143944302,1.0089636911081974,1.0094686421482182
592f130c479fe05e6027f963,4-17-24_train-ready_all_carts.csv,4-17-24_Cart11,0.1,1.1905584300151815,1.1903726095345393,1.1909779499484066
592f130c479fe05e6027f963,4-17-24_train-ready_all_carts.csv,4-17-24_Cart11,0.15,1.5146433677189446,1.5145417266072694,1.5147896958710976
592f130c479fe05e6027f963,4-17-24_train-ready_all_carts.csv,4-17-24_Cart11,0.2,1.7507273808649972,1.6544295624585763,2.147866992758934
592f130c479fe05e6027f963,4-17-24_train-ready_all_carts.csv,4-17-24_Cart11,0.25,1.9687400549808567,1.9684419536169968,1.9756537785290635
592f130c479fe05e6027f963,4-17-24_train-ready_all_carts.csv,4-17-24_Cart11,0.3,2.277978130300667,2.2775239998164833,2.2784602371253175
592f130c479fe05e6027f963,4-17-24_train-ready_all_carts.csv,4-17-24_Cart11,0.35,2.5206300118329095,2.5202471052311686,2.520868092367892
592f130c479fe05e6027f963,4-17-24_train-ready_all_carts.csv,4-17-24_Cart11,0.4,2.324594098772193,2.187091762287568,2.4246545785042217
592f130c479fe05e6027f963,4-17-24_train-ready_all_carts.csv,4-17-24_Cart11,0.45,2.7281756542267717,2.727945334466326,2.7504175959408843
592f130c479fe05e6027f963,4-17-24_train-ready_all_carts.csv,4-17-24_Cart11,0.5,3.5330831335689554,3.0310044563432648,4.7765857789047885
592f130c479fe05e6027f963,4-17-24_train-ready_all_carts.csv,4-17-24_Cart11,0.55,3.036372283673262,3.0362753991653353,3.036491323940753
592f130c479fe05e6027f963,4-17-24_train-ready_all_carts.csv,4-17-24_Cart11,0.6,3.297302040977402,3.2965788494469805,3.29795219360553
592f130c479fe05e6027f963,4-17-24_train-ready_all_carts.csv,4-17-24_Cart11,0.65,3.2274926222814218,3.2274316000622827,3.2275789921915883
592f130c479fe05e6027f963,4-17-24_train-ready_all_carts.csv,4-17-24_Cart11,0.7,3.7072161381064106,3.698928507117631,3.729754866859663
592f130c479fe05e6027f963,4-17-24_train-ready_all_carts.csv,4-17-24_Cart11,0.75,3.9237492581089715,3.9232884934142973,4.292047328348654
592f130c479fe05e6027f963,4-17-24_train-ready_all_carts.csv,4-17-24_Cart11,0.8,4.095571554614999,4.095535066457297,4.095644155409053
592f130c479fe05e6027f963,4-17-24_train-ready_all_carts.csv,4-17-24_Cart11,0.85,4.006598029764537,3.6514781302096213,5.453160714985769
592f130c479fe05e6027f963,4-17-24_train-ready_all_carts.csv,4-17-24_Cart11,0.9,4.725786502610383,4.555329163619454,5.147683485971715
592f130c479fe05e6027f963,4-17-24_train-ready_all_carts.csv,4-17-24_Cart11,0.95,4.965236438777298,4.457797569822364,5.388214610688005
592f130c479fe05e6027f963,4-17-24_train-ready_all_carts.csv,4-17-24_Cart11,1.0,5.0852167613777715,5.079379907883431,5.1455089044291356
1f939b58e2faef28ffd9d89e,4-17-24_train-ready_all_carts.csv,4-17-24_Cart13,0.0,3.1772313739689957,0.5368181911869256,9.028901960989584
1f939b58e2faef28ffd9d89e,4-17-24_train-ready_all_carts.csv,4-17-24_Cart13,0.05,1.8011487224579288,1.800884118907981,1.8017086865953809
1f939b58e2faef28ffd9d89e,4-17-24_train-ready_all_carts.csv,4-17-24_Cart13,0.1,2.1665865164406712,1.7098079374954291,2.4313585033218654
1f939b58e2faef28ffd9d89e,4-17-24_train-ready_all_carts.csv,4-17-24_Cart13,0.15,2.8239870883349756,2.823747543921488,2.824097034569419
1f939b58e2faef28ffd9d89e,4-17-24_train-ready_all_carts.csv,4-17-24_Cart13,0.2,3.3893642318301875,3.379281388845167,4.434301209411846
1f939b58e2faef28ffd9d89e,4-17-24_train-ready_all_carts.csv,4-17-24_Cart13,0.25,3.6835375628002014,3.5197019170389936,4.092184517628374
1f939b58e2faef28ffd9d89e,4-17-24_train-ready_all_carts.csv,4-17-24_Cart13,0.3,3.5508997279452776,3.0424964208009415,4.1199430638038175
1f939b58e2faef28ffd9d89e,4-17-24_train-ready_all_carts.csv,4-17-24_Cart13,0.35,4.385306178852957,4.38410979404802,4.385642064308472
1f939b58e2faef28ffd9d89e,4-17-24_train-ready_all_carts.csv,4-17-24_Cart13,0.4,4.706322438177149,4.152911875398174,5.549063406702474
1f939b58e2faef28ffd9d89e,4-17-24_train-ready_all_carts.csv,4-17-24_Cart13,0.45,4.338071741591358,4.337402587063487,4.338691068555552
1f939b58e2faef28ffd9d89e,4-17-24_train-ready_all_carts.csv,4-17-24_Cart13,0.5,5.3388813241231645,5.337366147566004,5.340098814418902
1f939b58e2faef28ffd9d89e,4-17-24_train-ready_all_carts.csv,4-17-24_Cart13,0.55,6.067083549920644,5.868867466639091,6.16031557291274
1f939b58e2faef28ffd9d89e,4-17-24_train-ready_all_carts.csv,4-17-24_Cart13,0.6,5.736180850773751,5.64555096618594,5.987853304889866
1f939b58e2faef28ffd9d89e,4-17-24_train-ready_all_carts.csv,4-17-24_Cart13,0.65,6.295196113268023,6.294927032795785,6.296066554873443
1f939b58e2faef28ffd9d89e,4-17-24_train-ready_all_carts.csv,4-17-24_Cart13,0.7,6.256588763402873,6.204080453540724,6.285067803357917
1f939b58e2faef28ffd9d89e,4-17-24_train-ready_all_carts.csv,4-17-24_Cart13,0.75,6.882250863346956,6.877219442252289,6.884176637634225
1f939b58e2faef28ffd9d89e,4-17-24_train-ready_all_carts.csv,4-17-24_Cart13,0.8,7.181594167435261,7.055664680853118,7.2219881581455745
1f939b58e2faef28ffd9d89e,4-17-24_train-ready_all_carts.csv,4-17-24_Cart13,0.85,7.711121047494356,7.710348691186402,7.713275900662488
1f939b58e2faef28ffd9d89e,4-17-24_train-ready_all_carts.csv,4-17-24_Cart13,0.9,7.5752702941226,7.5382998698441845,7.683791588156667
1f939b58e2faef28ffd9d89e,4-17-24_train-ready_all_carts.csv,4-17-24_Cart13,0.95,7.558374273112973,7.5142360055375566,7.782757443908319
1f939b58e2faef28ffd9d89e,4-17-24_train-ready_all_carts.csv,4-17-24_Cart13,1.0,8.169020659409615,8.166959240191114,8.170354433401219
68dba625db613faf118abf9f,4-17-24_train-ready_all_carts.csv,4-17-24_Cart16,0.0,0.6957893278974869,0.6943718523863784,0.6961795628295031
68dba625db613faf118abf9f,4-17-24_train-ready_all_carts.csv,4-17-24_Cart16,0.05,0.8989824805110636,0.8989049853101108,0.899037659056046
68dba625db613faf118abf9f,4-17-24_train-ready_all_carts.csv,4-17-24_Cart16,0.1,1.1048646675501255,1.1047199158337877,1.1050221103318099
68dba625db613faf118abf9f,4-17-24_train-ready_all_carts.csv,4-17-24_Cart16,0.15,1.2318893566697269,1.2315101574467078,1.2326972318777676
68dba625db613faf118abf9f,4-17-24_train-ready_all_carts.csv,4-17-24_Cart16,0.2,1.1042380845171014,0.7616246892010541,1.4655637506266344
68dba625db613faf118abf9f,4-17-24_train-ready_all_carts.csv,4-17-24_Cart16,0.25,1.5907583513376462,1.4821535480326187,1.7914681015700393
68dba625db613faf118abf9f,4-17-24_train-ready_all_carts.csv,4-17-24_Cart16,0.3,1.6335658665351445,1.630441963865701,1.64399829010652
68dba625db613faf118abf9f,4-17-24_train-ready_all_carts.csv,4-17-24_Cart16,0.35,1.7032453331391664,1.2923226771100043,2.0990312267802205
68dba625db613faf118abf9f,4-17-24_train-ready_all_carts.csv,4-17-24_Cart16,0.4,1.8017120597555527,1.710083794147343,2.027863165651556
68dba625db613faf118abf9f,4-17-24_train-ready_all_carts.csv,4-17-24_Cart16,0.45,1.9532826180631904,1.6768057975968222,2.245244316227013
68dba625db613faf118abf9f,4-17-24_train-ready_all_carts.csv,4-17-24_Cart16,0.5,2.1245384288408413,2.0863224429903338,2.1581162288191003
68dba625db613faf118abf9f,4-17-24_train-ready_all_carts.csv,4-17-24_Cart16,0.55,2.3947011684048505,2.3718308263899592,3.112281531030522
68dba625db613faf118abf9f,4-17-24_train-ready_all_carts.csv,4-17-24_Cart16,0.6,2.450717201081292,2.4503959393305053,2.4516141589847327
68dba625db613faf118abf9f,4-17-24_train-ready_all_carts.csv,4-17-24_Cart16,0.65,2.533423709060762,2.53271307071088,2.5462131761453115
68dba625db613faf118abf9f,4-17-24_train-ready_all_carts.csv,4-17-24_Cart16,0.7,2.649889677050472,2.649693486668311,2.6499607347545098
68dba625db613faf118abf9f,4-17-24_train-ready_all_carts.csv,4-17-24_Cart16,0.75,2.8956757616310584,2.841683677984577,3.000425056069668
68dba625db613faf118abf9f,4-17-24_train-ready_all_carts.csv,4-17-24_Cart16,0.8,3.0280490910443048,3.0278400256683176,3.0286033288739094
68dba625db613faf118abf9f,4-17-24_train-ready_all_carts.csv,4-17-24_Cart16,0.85,2.9494331525328805,2.9476483105311764,2.9986322438336908
68dba625db613faf118abf9f,4-17-24_train-ready_all_carts.csv,4-17-24_Cart16,0.9,3.1856218488561607,3.1845096333177954,3.1878249442288333
68dba625db613faf118abf9f,4-17-24_train-ready_all_carts.csv,4-17-24_Cart16,0.95,3.3778307924485365,3.377475503928342,3.378043229846719
68dba625db613faf118abf9f,4-17-24_train-ready_all_carts.csv,4-17-24_Cart16,1.0,3.453561506152316,3.453506634154805,3.4536313989759604
e02cf6a4bc414a69e5582ed8,4-17-24_train-ready_all_carts.csv,4-17-24_Cart2,0.0,-0.0015003579216106501,-0.0015553534613570376,-0.0014230668927779
e02cf6a4bc414a69e5582ed8,4-17-24_train-ready_all_carts.csv,4-17-24_Cart2,0.05,0.6164354721323588,0.44523245435350706,0.9462590632878312
e02cf6a4bc414a69e5582ed8,4-17-24_train-ready_all_carts.csv,4-17-24_Cart2,0.1,0.8807458197925397,0.8519593706501628,0.9376817210904367
e02cf6a4bc414a69e5582ed8,4-17-24_train-ready_all_carts.csv,4-17-24_Cart2,0.15,0.9340302550698281,0.898183805535319,1.0688058325958987
e02cf6a4bc414a69e5582ed8,4-17-24_train-ready_all_carts.csv,4-17-24_Cart2,0.2,1.1785350738648082,1.17635534794245,1.3694004537416078
e02cf6a4bc414a69e5582ed8,4-17-24_train-ready_all_carts.csv,4-17-24_Cart2,0.25,1.274060840038314,1.2738604184550866,1.2741570970965295
e02cf6a4bc414a69e5582ed8,4-17-24_train-ready_all_carts.csv,4-17-24_Cart2,0.3,1.4671897174217992,1.4664906497933254,1.467514934289272
e02cf6a4bc414a69e5582ed8,4-17-24_train-ready_all_carts.csv,4-17-24_Cart2,0.35,1.721072910746068,1.7210198177547236,1.7214525286069122
e02cf6a4bc414a69e5582ed8,4-17-24_train-ready_all_carts.csv,4-17-24_Cart2,0.4,1.6741322852968206,1.6732389793674267,1.675294504551915
e02cf6a4bc414a69e5582ed8,4-17-24_train-ready_all_carts.csv,4-17-24_Cart2,0.45,1.9733199124445862,1.9731087890265977,1.9735683733749643
e02cf6a4bc414a69e5582ed8,4-17-24_train-ready_all_carts.csv,4-17-24_Cart2,0.5,2.1724905700972883,2.171658799717773,2.172783800369752
e02cf6a4bc414a69e5582ed8,4-17-24_train-ready_all_carts.csv,4-17-24_Cart2,0.55,2.3786959004665205,2.37861367470277,2.378765759665658
e02cf6a4bc414a69e5582ed8,4-17-24_train-ready_all_carts.csv,4-17-24_Cart2,0.6,2.643037164538235,2.642946674579864,2.648033791733721
e02cf6a4bc414a69e5582ed8,4-17-24_train-ready_all_carts.csv,4-17-24_Cart2,0.65,2.397484755029383,2.3334846915147245,2.708158245244156
e02cf6a4bc414a69e5582ed8,4-17-24_train-ready_all_carts.csv,4-17-24_Cart2,0.7,3.3370035851085915,2.789112095933276,3.8553819111065897
e02cf6a4bc414a69e5582ed8,4-17-24_train-ready_all_carts.csv,4-17-24_Cart2,0.75,3.539671364542788,2.846475000438155,4.146470092433698
e02cf6a4bc414a69e5582ed8,4-17-24_train-ready_all_carts.csv,4-17-24_Cart2,0.8,3.923996843588939,3.9235753102086126,3.9247633922310463
e02cf6a4bc414a69e5582ed8,4-17-24_train-ready_all_carts.csv,4-17-24_Cart2,0.85,4.193508282943187,4.192162467767297,4.194094981306665
e02cf6a4bc414a69e5582ed8,4-17-24_train-ready_all_carts.csv,4-17-24_Cart2,0.9,4.4243349678202755,4.423581201925244,4.426666838160159
e02cf6a4bc414a69e5582ed8,4-17-24_train-ready_all_carts.csv,4-17-24_Cart2,0.95,4.647832084978518,4.647701284775878,4.6485429246252306
e02cf6a4bc414a69e5582ed8,4-17-24_train-ready_all_carts.csv,4-17-24_Cart2,1.0,4.997899801860498,4.99355574876691,4.999545803501448
cbbb6d1af90f0df0a30effe4,4-17-24_train-ready_all_carts.csv,4-17-24_Cart20,0.0,0.6440838004703171,0.6435552929217523,0.6444405346121828
cbbb6d1af90f0df0a30effe4,4-17-24_train-ready_all_carts.csv,4-17-24_Cart20,0.05,0.6818590719325557,0.47799095385604395,1.094005691743572
cbbb6d1af90f0df0a30effe4,4-17-24_train-ready_all_carts.csv,4-17-24_Cart20,0.1,0.964886191766088,0.9608230067970701,0.9660680469060398
cbbb6d1af90f0df0a30effe4,4-17-24_train-ready_all_carts.csv,4-17-24_Cart20,0.15,1.1129115868525687,1.100342439767639,1.1176730239570871
cbbb6d1af90f0df0a30effe4,4-17-24_train-ready_all_carts.csv,4-17-24_Cart20,0.2,1.4295738332829342,1.4288181655481085,1.430323346931142
cbbb6d1af90f0df0a30effe4,4-17-24_train-ready_all_carts.csv,4-17-24_Cart20,0.25,1.6220533744952836,1.6203357080556164,1.6246750153945373
cbbb6d1af90f0df0a30effe4,4-17-24_train-ready_all_carts.csv,4-17-24_Cart20,0.3,1.8354676305807947,1.78087479582014,2.7769130386647585
cbbb6d1af90f0df0a30effe4,4-17-24_train-ready_all_carts.csv,4-17-24_Cart20,0.35,2.09133155886518,1.6614562327996607,2.7039279383320673
cbbb6d1af90f0df0a30effe4,4-17-24_train-ready_all_carts.csv,4-17-24_Cart20,0.4,2.1090255723017153,2.1080448408277186,2.1100953689633597
cbbb6d1af90f0df0a30effe4,4-17-24_train-ready_all_carts.csv,4-17-24_Cart20,0.45,2.5584997706803447,2.179281504287652,3.1569579138566963
cbbb6d1af90f0df0a30effe4,4-17-24_train-ready_all_carts.csv,4-17-24_Cart20,0.5,2.5774002556033038,2.5760399319514313,2.5789961928571215
cbbb6d1af90f0df0a30effe4,4-17-24_train-ready_all_carts.csv,4-17-24_Cart20,0.55,2.8314260731813556,2.5018522825171945,3.31788159822118
cbbb6d1af90f0df0a30effe4,4-17-24_train-ready_all_carts.csv,4-17-24_Cart20,0.6,3.0076223069665184,2.794749542876063,3.1412312469454715
cbbb6d1af90f0df0a30effe4,4-17-24_train-ready_all_carts.csv,4-17-24_Cart20,0.65,3.2063993047268355,3.206007201493748,3.2069468831811836
cbbb6d1af90f0df0a30effe4,4-17-24_train-ready_all_carts.csv,4-17-24_Cart20,0.7,4.15498210074113,3.569735699496344,4.598791969592861
cbbb6d1af90f0df0a30effe4,4-17-24_train-ready_all_carts.csv,4-17-24_Cart20,0.75,3.913341551550049,3.8978749793325895,4.391827466792281
cbbb6d1af90f0df0a30effe4,4-17-24_train-ready_all_carts.csv,4-17-24_Cart20,0.8,4.399068054021283,4.039564911314187,4.629056347406187
cbbb6d1af90f0df0a30effe4,4-17-24_train-ready_all_carts.csv,4-17-24_Cart20,0.85,4.529867416763496,4.4710048631818315,4.8782320008287
cbbb6d1af90f0df0a30effe4,4-17-24_train-ready_all_carts.csv,4-17-24_Cart20,0.9,4.5643262441845796,4.490514399797992,5.594178826038533
cbbb6d1af90f0df0a30effe4,4-17-24_train-ready_all_carts.csv,4-17-24_Cart20,0.95,5.043939236433131,5.042847055126757,5.044799320758486
cbbb6d1af90f0df0a30effe4,4-17-24_train-ready_all_carts.csv,4-17-24_Cart20,1.0,5.3675576295615635,5.365674884820418,5.368315055606852
3e5727da41e630aba8ef7d5c,4-17-24_train-ready_all_carts.csv,4-17-24_Cart24,0.0,1.1835682247694024,0.302026357266627,2.1753859581382926
3e5727da41e630aba8ef7d5c,4-17-24_train-ready_all_carts.csv,4-17-24_Cart24,0.05,0.8961337953770658,0.8300018647173038,1.087184375472006
3e5727da41e630aba8ef7d5c,4-17-24_train-ready_all_carts.csv,4-17-24_Cart24,0.1,1.10647507351206,1.1060073486378614,2.3453435179520308
3e5727da41e630aba8ef7d5c,4-17-24_train-ready_all_carts.csv,4-17-24_Cart24,0.15,1.5562780516922983,1.553837205224329,1.5580451616119773
3e5727da41e630aba8ef7d5c,4-17-24_train-ready_all_carts.csv,4-17-24_Cart24,0.2,1.063795948486228,1.0622021570836657,1.1744107819302336
3e5727da41e630aba8ef7d5c,4-17-24_train-ready_all_carts.csv,4-17-24_Cart24,0.25,2.1034775273146797,2.103258807855256,2.103628173351361
3e5727da41e630aba8ef7d5c,4-17-24_train-ready_all_carts.csv,4-17-24_Cart24,0.3,2.274524317873752,1.7058214780649776,2.327923887353068
3e5727da41e630aba8ef7d5c,4-17-24_train-ready_all_carts.csv,4-17-24_Cart24,0.35,2.2657419506368726,1.5445258134439208,2.500619219156349
3e5727da41e630aba8ef7d5c,4-17-24_train-ready_all_carts.csv,4-17-24_Cart24,0.4,2.7602752135545643,2.759798811558225,2.7606799593164384
3e5727da41e630aba8ef7d5c,4-17-24_train-ready_all_carts.csv,4-17-24_Cart24,0.45,2.774916597587798,2.7744718810826363,2.7765966003974527
3e5727da41e630aba8ef7d5c,4-17-24_train-ready_all_carts.csv,4-17-24_Cart24,0.5,3.005461574956536,2.9468813716881117,3.0600196801954573
3e5727da41e630aba8ef7d5c,4-17-24_train-ready_all_carts.csv,4-17-24_Cart24,0.55,3.1605939636919196,2.600701873706645,3.9576501077605353
3e5727da41e630aba8ef7d5c,4-17-24_train-ready_all_carts.csv,4-17-24_Cart24,0.6,3.58856082404696,3.4758920318196727,3.6309689989362104
3e5727da41e630aba8ef7d5c,4-17-24_train-ready_all_carts.csv,4-17-24_Cart24,0.65,3.4231390478935584,3.4230105145229834,3.423330560376457
3e5727da41e630aba8ef7d5c,4-17-24_train-ready_all_carts.csv,4-17-24_Cart24,0.7,3.8497041331618336,3.8490889531926458,3.8508445309370907
3e5727da41e630aba8ef7d5c,4-17-24_train-ready_all_carts.csv,4-17-24_Cart24,0.75,3.336995938148747,3.33522373391865,3.3388915254575697
3e5727da41e630aba8ef7d5c,4-17-24_train-ready_all_carts.csv,4-17-24_Cart24,0.8,4.357947249064685,4.357647748397187,4.359776162486592
3e5727da41e630aba8ef7d5c,4-17-24_train-ready_all_carts.csv,4-17-24_Cart24,0.85,4.249791120165833,3.8601074427963677,5.115603548500139
3e5727da41e630aba8ef7d5c,4-17-24_train-ready_all_carts.csv,4-17-24_Cart24,0.9,4.819974332993555,4.794781624416467,4.8332391335849545
3e5727da41e630aba8ef7d5c,4-17-24_train-ready_all_carts.csv,4-17-24_Cart24,0.95,5.00361582638889,5.0026380546770115,5.1642582436661995
3e5727da41e630aba8ef7d5c,4-17-24_train-ready_all_carts.csv,4-17-24_Cart24,1.0,4.644859931499809,4.644147847669791,4.645102890919798
bbf47d8a46e4a1c8d3794931,4-17-24_train-ready_all_carts.csv,4-17-24_Cart26,0.0,0.8635950000810013,0.6284452040950956,1.188556154356045
bbf47d8a46e4a1c8d3794931,4-17-24_train-ready_all_carts.csv,4-17-24_Cart26,0.05,1.0265912946703757,0.9248281522825941,1.1873658244618752
bbf47d8a46e4a1c8d3794931,4-17-24_train-ready_all_carts.csv,4-17-24_Cart26,0.1,1.0459789270561042,1.0432588711691515,1.047439912156614
bbf47d8a46e4a1c8d3794931,4-17-24_train-ready_all_carts.csv,4-17-24_Cart26,0.15,1.2519431021103,1.2499564967539991,1.2823136514067586
bbf47d8a46e4a1c8d3794931,4-17-24_train-ready_all_carts.csv,4-17-24_Cart26,0.2,1.5393237584786528,1.5369293376510742,1.5398530440579794
bbf47d8a46e4a1c8d3794931,4-17-24_train-ready_all_carts.csv,4-17-24_Cart26,0.25,1.8087134636401097,1.8075797855009381,1.809984109132455
bbf47d8a46e4a1c8d3794931,4-17-24_train-ready_all_carts.csv,4-17-24_Cart26,0.3,2.1203109769121617,2.1190830292238108,2.121136960786108
bbf47d8a46e4a1c8d3794931,4-17-24_train-ready_all_carts.csv,4-17-24_Cart26,0.35,2.2763470150191774,2.2603666545313676,3.0821793902937142
bbf47d8a46e4a1c8d3794931,4-17-24_train-ready_all_carts.csv,4-17-24_Cart26,0.4,2.2636225549976587,2.03330989291209,2.56131704597169
bbf47d8a46e4a1c8d3794931,4-17-24_train-ready_all_carts.csv,4-17-24_Cart26,0.45,2.3934097322759693,2.3918171813517084,2.3941817008557065
bbf47d8a46e4a1c8d3794931,4-17-24_train-ready_all_carts.csv,4-17-24_Cart26,0.5,2.688887538461937,2.6876432575774807,2.840282762541497
bbf47d8a46e4a1c8d3794931,4-17-24_train-ready_all_carts.csv,4-17-24_Cart26,0.55,2.989029951126382,2.4529662883276684,3.207858382927824
bbf47d8a46e4a1c8d3794931,4-17-24_train-ready_all_carts.csv,4-17-24_Cart26,0.6,3.3069562563699213,3.1559541864674974,3.3882400143897358
bbf47d8a46e4a1c8d3794931,4-17-24_train-ready_all_carts.csv,4-17-24_Cart26,0.65,3.4516246472028107,3.450759630848406,3.4531779727348493
bbf47d8a46e4a1c8d3794931,4-17-24_train-ready_all_carts.csv,4-17-24_Cart26,0.7,3.8815105104788254,3.880385191849472,3.882239331127117
bbf47d8a46e4a1c8d3794931,4-17-24_train-ready_all_carts.csv,4-17-24_Cart26,0.75,3.997433762243495,3.9960177898881586,3.9988272282262436
bbf47d8a46e4a1c8d3794931,4-17-24_train-ready_all_carts.csv,4-17-24_Cart26,0.8,4.3152391761142805,4.314073024494663,4.316145475586401
bbf47d8a46e4a1c8d3794931,4-17-24_train-ready_all_carts.csv,4-17-24_Cart26,0.85,4.490336182684903,4.41108584327637,4.5723970535981895
bbf47d8a46e4a1c8d3794931,4-17-24_train-ready_all_carts.csv,4-17-24_Cart26,0.9,4.589924952265086,4.588656300194314,4.591161709590707
bbf47d8a46e4a1c8d3794931,4-17-24_train-ready_all_carts.csv,4-17-24_Cart26,0.95,4.681114343595771,4.511274761357568,5.058154472390259
bbf47d8a46e4a1c8d3794931,4-17-24_train-ready_all_carts.csv,4-17-24_Cart26,1.0,5.0627568326725525,4.990583397060302,5.30163143332162
55a475e279469b79e519a7ce,4-17-24_train-ready_all_carts.csv,4-17-24_Cart28,0.0,0.5841249314658978,0.40914626470110793,1.340146130875962
55a475e279469b79e519a7ce,4-17-24_train-ready_all_carts.csv,4-17-24_Cart28,0.05,0.780515013033309,0.7304095802577317,1.0792358820788268
55a475e279469b79e519a7ce,4-17-24_train-ready_all_carts.csv,4-17-24_Cart28,0.1,1.2487357716886691,1.12193834729359,1.414807801526219
55a475e279469b79e519a7ce,4-17-24_train-ready_all_carts.csv,4-17-24_Cart28,0.15,1.4929055967516023,1.4922962971204419,1.4932399932980183
55a475e279469b79e519a7ce,4-17-24_train-ready_all_carts.csv,4-17-24_Cart28,0.2,1.72513737327635,1.7230987219105982,1.7263548574462253
55a475e279469b79e519a7ce,4-17-24_train-ready_all_carts.csv,4-17-24_Cart28,0.25,1.990205342648436,1.899728053463648,2.4264380346520555
55a475e279469b79e519a7ce,4-17-24_train-ready_all_carts.csv,4-17-24_Cart28,0.3,2.2371248544955504,2.230174811248781,2.2539264115332536
55a475e279469b79e519a7ce,4-17-24_train-ready_all_carts.csv,4-17-24_Cart28,0.35,2.453544620137798,2.4229979088628597,2.523369544507239
55a475e279469b79e519a7ce,4-17-24_train-ready_all_carts.csv,4-17-24_Cart28,0.4,2.7687602646110583,2.7681734636098363,2.7693651694661083
55a475e279469b79e519a7ce,4-17-24_train-ready_all_carts.csv,4-17-24_Cart28,0.45,2.876968835558717,2.8762581281086548,2.877152760218612
55a475e279469b79e519a7ce,4-17-24_train-ready_all_carts.csv,4-17-24_Cart28,0.5,3.0673846453631723,3.0662557782459077,3.070712868345742
55a475e279469b79e519a7ce,4-17-24_train-ready_all_carts.csv,4-17-24_Cart28,0.55,3.412305040721062,3.4004315363573916,3.5888039064579442
55a475e279469b79e519a7ce,4-17-24_train-ready_all_carts.csv,4-17-24_Cart28,0.6,3.437520560605948,3.4363534523771575,3.438758182033522
55a475e279469b79e519a7ce,4-17-24_train-ready_all_carts.csv,4-17-24_Cart28,0.65,3.5900074847690826,3.158923174588067,4.25272850567079
55a475e279469b79e519a7ce,4-17-24_train-ready_all_carts.csv,4-17-24_Cart28,0.7,3.739225220255606,3.7391019041498277,3.7393297109771524
55a475e279469b79e519a7ce,4-17-24_train-ready_all_carts.csv,4-17-24_Cart28,0.75,3.953867397351785,3.95366274509113,3.954104190512349
55a475e279469b79e519a7ce,4-17-24_train-ready_all_carts.csv,4-17-24_Cart28,0.8,4.250450502991216,4.18053807666161,4.323045907339268
55a475e279469b79e519a7ce,4-17-24_train-ready_all_carts.csv,4-17-24_Cart28,0.85,4.441009307003435,4.435866500643063,4.456677667741437
55a475e279469b79e519a7ce,4-17-24_train-ready_all_carts.csv,4-17-24_Cart28,0.9,4.5403719151716455,4.539024949090702,4.54851012221633
55a475e279469b79e519a7ce,4-17-24_train-ready_all_carts.csv,4-17-24_Cart28,0.95,-0.19648831996446153,-0.1970658722577511,-0.12251702272554657
55a475e279469b79e519a7ce,4-17-24_train-ready_all_carts.csv,4-17-24_Cart28,1.0,3.9948660669029246,2.569642142171652,5.424905879126909
0dc9dd17a0be07cbd52dc9c8,4-17-24_train-ready_all_carts.csv,4-17-24_Cart38,0.0,0.7153396429958698,0.6026429607924049,0.8702896370131503
0dc9dd17a0be07cbd52dc9c8,4-17-24_train-ready_all_carts.csv,4-17-24_Cart38,0.05,0.7785258195600528,0.5774662977033858,1.0093220244139471
0dc9dd17a0be07cbd52dc9c8,4-17-24_train-ready_all_carts.csv,4-17-24_Cart38,0.1,0.9965488503045361,0.996417129315487,0.9966823382129538
0dc9dd17a0be07cbd52dc9c8,4-17-24_train-ready_all_carts.csv,4-17-24_Cart38,0.15,1.0320023724197227,0.7311174349926499,1.2296774457221986
0dc9dd17a0be07cbd52dc9c8,4-17-24_train-ready_all_carts.csv,4-17-24_Cart38,0.2,1.4408287560505366,1.4402648807824008,1.4416237557715468
0dc9dd17a0be07cbd52dc9c8,4-17-24_train-ready_all_carts.csv,4-17-24_Cart38,0.25,2.009148681358533,1.7239273701380784,3.3448699590995
0dc9dd17a0be07cbd52dc9c8,4-17-24_train-ready_all_carts.csv,4-17-24_Cart38,0.3,2.0810896584064507,2.0808614978183235,2.081281112669634
0dc9dd17a0be07cbd52dc9c8,4-17-24_train-ready_all_carts.csv,4-17-24_Cart38,0.35,2.371380831269012,2.2947169927439934,2.392376279163462
0dc9dd17a0be07cbd52dc9c8,4-17-24_train-ready_all_carts.csv,4-17-24_Cart38,0.4,2.7298135345633083,2.729390613862857,2.730129015166677
0dc9dd17a0be07cbd52dc9c8,4-17-24_train-ready_all_carts.csv,4-17-24_Cart38,0.45,3.1583131404269724,3.097229312924265,3.5518885020224045
0dc9dd17a0be07cbd52dc9c8,4-17-24_train-ready_all_carts.csv,4-17-24_Cart38,0.5,3.383302393275115,3.382336401357158,3.3848882889044085
0dc9dd17a0be07cbd52dc9c8,4-17-24_train-ready_all_carts.csv,4-17-24_Cart38,0.55,3.508490340452622,3.5077510271904186,3.509158919942689
0dc9dd17a0be07cbd52dc9c8,4-17-24_train-ready_all_carts.csv,4-17-24_Cart38,0.6,3.766917687387926,3.7666507685684896,3.7671295467199437
0dc9dd17a0be07cbd52dc9c8,4-17-24_train-ready_all_carts.csv,4-17-24_Cart38,0.65,4.006026335912049,4.005782273049605,4.055668334550783
0dc9dd17a0be07cbd52dc9c8,4-17-24_train-ready_all_carts.csv,4-17-24_Cart38,0.7,4.107161380718878,4.10676467882196,4.107358249734965
0dc9dd17a0be07cbd52dc9c8,4-17-24_train-ready_all_carts.csv,4-17-24_Cart38,0.75,4.476604841548643,4.4763887074117,4.477146145846781
0dc9dd17a0be07cbd52dc9c8,4-17-24_train-ready_all_carts.csv,4-17-24_Cart38,0.8,4.707353111589992,4.70041561617542,5.620104386129596
0dc9dd17a0be07cbd52dc9c8,4-17-24_train-ready_all_carts.csv,4-17-24_Cart38,0.85,4.90253500466617,4.901523699816019,4.907880619724555
0dc9dd17a0be07cbd52dc9c8,4-17-24_train-ready_all_carts.csv,4-17-24_Cart38,0.9,5.237835883557349,5.0611271324784415,5.346722232641423
0dc9dd17a0be07cbd52dc9c8,4-17-24_train-ready_all_carts.csv,4-17-24_Cart38,0.95,5.201572998376607,5.2008870916772505,5.202126215131132
0dc9dd17a0be07cbd52dc9c8,4-17-24_train-ready_all_carts.csv,4-17-24_Cart38,1.0,5.069305974245456,5.067766474498935,5.072464200123085
d83f4173bf8731b4edf88f92,4-17-24_train-ready_all_carts.csv,4-17-24_Cart4,0.0,0.5583020745308352,0.5409542592169344,0.6697487652223431
d83f4173bf8731b4edf88f92,4-17-24_train-ready_all_carts.csv,4-17-24_Cart4,0.05,0.7806903329929732,0.767283942220396,0.8018138293897843
d83f4173bf8731b4edf88f92,4-17-24_train-ready_all_carts.csv,4-17-24_Cart4,0.1,0.9240234718181591,0.9239162459481246,0.9241085985604054
d83f4173bf8731b4edf88f92,4-17-24_train-ready_all_carts.csv,4-17-24_Cart4,0.15,1.0510472288341954,1.0505707445789212,1.0571255037318756
d83f4173bf8731b4edf88f92,4-17-24_train-ready_all_carts.csv,4-17-24_Cart4,0.2,0.875272344914322,0.4412114244530803,1.2818719984555367
d83f4173bf8731b4edf88f92,4-17-24_train-ready_all_carts.csv,4-17-24_Cart4,0.25,1.5493555003063322,1.5487454629037851,1.5739038541324128
d83f4173bf8731b4edf88f92,4-17-24_train-ready_all_carts.csv,4-17-24_Cart4,0.3,1.6469592297007898,1.6467933734917248,1.6474295126702052
d83f4173bf8731b4edf88f92,4-17-24_train-ready_all_carts.csv,4-17-24_Cart4,0.35,1.920824925831682,1.9203478214478218,1.9210790094259227
d83f4173bf8731b4edf88f92,4-17-24_train-ready_all_carts.csv,4-17-24_Cart4,0.4,2.236283209972095,2.1392133549147703,2.4556524006014455
d83f4173bf8731b4edf88f92,4-17-24_train-ready_all_carts.csv,4-17-24_Cart4,0.45,2.4003060934359186,1.9906225404370266,2.8443921253674587
d83f4173bf8731b4edf88f92,4-17-24_train-ready_all_carts.csv,4-17-24_Cart4,0.5,2.624094714995669,2.6237361679223667,2.6247165348413475
d83f4173bf8731b4edf88f92,4-17-24_train-ready_all_carts.csv,4-17-24_Cart4,0.55,2.866689017799443,2.633699943037988,2.924316778032493
d83f4173bf8731b4edf88f92,4-17-24_train-ready_all_carts.csv,4-17-24_Cart4,0.6,2.9853432939188798,2.985052735488723,2.9865091356603704
d83f4173bf8731b4edf88f92,4-17-24_train-ready_all_carts.csv,4-17-24_Cart4,0.65,3.2517629369929013,3.251522327101573,3.343998889723142
d83f4173bf8731b4edf88f92,4-17-24_train-ready_all_carts.csv,4-17-24_Cart4,0.7,3.4680604052349904,3.4669362248594067,3.470091100852506
d83f4173bf8731b4edf88f92,4-17-24_train-ready_all_carts.csv,4-17-24_Cart4,0.75,3.7321506198390706,3.7304268314962488,3.7329936564639374
d83f4173bf8731b4edf88f92,4-17-24_train-ready_all_carts.csv,4-17-24_Cart4,0.8,4.003654189810947,3.923937900350774,4.620663021545158
d83f4173bf8731b4edf88f92,4-17-24_train-ready_all_carts.csv,4-17-24_Cart4,0.85,4.3707939903002,4.370653502987831,4.371447098451803
d83f4173bf8731b4edf88f92,4-17-24_train-ready_all_carts.csv,4-17-24_Cart4,0.9,4.656500759902207,4.631509972517751,4.724548766265427
d83f4173bf8731b4edf88f92,4-17-24_train-ready_all_carts.csv,4-17-24_Cart4,0.95,4.999965178488349,4.952722542557375,5.045036124111505
d83f4173bf8731b4edf88f92,4-17-24_train-ready_all_carts.csv,4-17-24_Cart4,1.0,4.62590474298046,4.49360453732831,5.094926032600355
bb791feab2eb42420deca274,4-17-24_train-ready_all_carts.csv,4-17-24_Cart56,0.0,0.6423895511622865,0.6422819004941092,0.6426609475757334
bb791feab2eb42420deca274,4-17-24_train-ready_all_carts.csv,4-17-24_Cart56,0.05,0.7630828111370469,0.7083596315659273,0.8140354287805569
bb791feab2eb42420deca274,4-17-24_train-ready_all_carts.csv,4-17-24_Cart56,0.1,1.1071745535077044,0.9098881025240091,1.3749742024913234
bb791feab2eb42420deca274,4-17-24_train-ready_all_carts.csv,4-17-24_Cart56,0.15,0.6926183153370042,0.48182326189226227,0.9949652686319163
bb791feab2eb42420deca274,4-17-24_train-ready_all_carts.csv,4-17-24_Cart56,0.2,1.077652330507087,1.0771742577806998,1.0777949352175218
bb791feab2eb42420deca274,4-17-24_train-ready_all_carts.csv,4-17-24_Cart56,0.25,1.2328275261946329,1.0055777438699929,1.3282633454229988
bb791feab2eb42420deca274,4-17-24_train-ready_all_carts.csv,4-17-24_Cart56,0.3,1.4833474919911946,0.9102275263777683,1.6620590147303007
bb791feab2eb42420deca274,4-17-24_train-ready_all_carts.csv,4-17-24_Cart56,0.35,1.757669928418955,1.7571813500249502,1.7583182967204225
bb791feab2eb42420deca274,4-17-24_train-ready_all_carts.csv,4-17-24_Cart56,0.4,1.9341002945895043,1.9338294818242585,1.9344277212302439
bb791feab2eb42420deca274,4-17-24_train-ready_all_carts.csv,4-17-24_Cart56,0.45,2.217509485008229,2.2044556741953314,2.6887493122072774
bb791feab2eb42420deca274,4-17-24_train-ready_all_carts.csv,4-17-24_Cart56,0.5,2.330253456485898,2.329873890605873,2.3304108469507576
bb791feab2eb42420deca274,4-17-24_train-ready_all_carts.csv,4-17-24_Cart56,0.55,1.7891298634467634,1.7884398615736277,1.7896849128858783
bb791feab2eb42420deca274,4-17-24_train-ready_all_carts.csv,4-17-24_Cart56,0.6,2.760705677658777,2.7601108104423964,2.7639744966829594
bb791feab2eb42420deca274,4-17-24_train-ready_all_carts.csv,4-17-24_Cart56,0.65,3.036758306753386,3.036335226657489,3.03736205839238
bb791feab2eb42420deca274,4-17-24_train-ready_all_carts.csv,4-17-24_Cart56,0.7,3.450432587642634,3.4494424608946033,3.4517018927801244
bb791feab2eb42420deca274,4-17-24_train-ready_all_carts.csv,4-17-24_Cart56,0.75,3.7767943946640936,3.686200456061102,3.962342513030058
bb791feab2eb42420deca274,4-17-24_train-ready_all_carts.csv,4-17-24_Cart56,0.8,3.8813413514082638,3.8806200919314766,4.510457303619507
bb791feab2eb42420deca274,4-17-24_train-ready_all_carts.csv,4-17-24_Cart56,0.85,4.19417808411945,4.193384452265744,4.194714586515734
bb791feab2eb42420deca274,4-17-24_train-ready_all_carts.csv,4-17-24_Cart56,0.9,4.567821880398776,4.021513027042702,4.801216440682735
bb791feab2eb42420deca274,4-17-24_train-ready_all_carts.csv,4-17-24_Cart56,0.95,4.868182808565416,4.782029006076137,5.008824904649829
bb791feab2eb42420deca274,4-17-24_train-ready_all_carts.csv,4-17-24_Cart56,1.0,-0.003441826125283,-0.0034998666963785624,-0.0033176387580783626
5ee6d6b0bf8804aa92407635,4-17-24_train-ready_all_carts.csv,4-17-24_Cart59,0.0,0.9421164057180934,0.941545466831073,0.9425967333487765
5ee6d6b0bf8804aa92407635,4-17-24_train-ready_all_carts.csv,4-17-24_Cart59,0.05,0.9765510290488852,0.9760268326675613,0.9775006584745284
5ee6d6b0bf8804aa92407635,4-17-24_train-ready_all_carts.csv,4-17-24_Cart59,0.1,1.2107210124177346,1.2098392388002357,1.331558834964158
5ee6d6b0bf8804aa92407635,4-17-24_train-ready_all_carts.csv,4-17-24_Cart59,0.15,1.404144667985206,1.4015807506432567,1.4043453616545831
5ee6d6b0bf8804aa92407635,4-17-24_train-ready_all_carts.csv,4-17-24_Cart59,0.2,1.513218334352013,1.5129583474915957,1.513608461262795
5ee6d6b0bf8804aa92407635,4-17-24_train-ready_all_carts.csv,4-17-24_Cart59,0.25,1.4465436981837323,1.256705433260238,1.7025435460260312
5ee6d6b0bf8804aa92407635,4-17-24_train-ready_all_carts.csv,4-17-24_Cart59,0.3,1.7926399896723093,1.7634409375159614,1.9142495620712552
5ee6d6b0bf8804aa92407635,4-17-24_train-ready_all_carts.csv,4-17-24_Cart59,0.35,2.110513660594677,1.9591570871928057,2.239481277544675
5ee6d6b0bf8804aa92407635,4-17-24_train-ready_all_carts.csv,4-17-24_Cart59,0.4,1.442689347525798,1.38120465433945,1.6109132796049963
5ee6d6b0bf8804aa92407635,4-17-24_train-ready_all_carts.csv,4-17-24_Cart59,0.45,2.461641955833265,2.101110792701575,2.875299818137109
5ee6d6b0bf8804aa92407635,4-17-24_train-ready_all_carts.csv,4-17-24_Cart59,0.5,2.620733035698441,2.587999206175929,2.635311771038511
5ee6d6b0bf8804aa92407635,4-17-24_train-ready_all_carts.csv,4-17-24_Cart59,0.55,2.902057234161516,2.870838870570243,3.1556936237389923
5ee6d6b0bf8804aa92407635,4-17-24_train-ready_all_carts.csv,4-17-24_Cart59,0.6,3.175010008204117,3.1098804552385646,3.542031811044637
5ee6d6b0bf8804aa92407635,4-17-24_train-ready_all_carts.csv,4-17-24_Cart59,0.65,3.390385633510859,3.389169507289877,3.390719106393407
5ee6d6b0bf8804aa92407635,4-17-24_train-ready_all_carts.csv,4-17-24_Cart59,0.7,3.5840016547228535,3.4392921940601737,3.843261631055311
5ee6d6b0bf8804aa92407635,4-17-24_train-ready_all_carts.csv,4-17-24_Cart59,0.75,4.053652992134797,4.053055896211966,4.054119068286328
5ee6d6b0bf8804aa92407635,4-17-24_train-ready_all_carts.csv,4-17-24_Cart59,0.8,4.414891040362046,4.414608708589872,4.415371367992729
5ee6d6b0bf8804aa92407635,4-17-24_train-ready_all_carts.csv,4-17-24_Cart59,0.85,4.738800769861934,4.525396951059612,5.438589625819424
5ee6d6b0bf8804aa92407635,4-17-24_train-ready_all_carts.csv,4-17-24_Cart59,0.9,4.961770146282332,4.959015036257107,4.962074940262387
5ee6d6b0bf8804aa92407635,4-17-24_train-ready_all_carts.csv,4-17-24_Cart59,0.95,5.2010694891847,5.196925534394859,5.212171508740335
5ee6d6b0bf8804aa92407635,4-17-24_train-ready_all_carts.csv,4-17-24_Cart59,1.0,5.460990663772142,5.459866087176495,5.462281800864875
132bfed0aeab02691b97eac3,4-17-24_train-ready_all_carts.csv,4-17-24_Cart6,0.0,0.8555952497200269,0.6754284539428718,1.800591913118644
132bfed0aeab02691b97eac3,4-17-24_train-ready_all_carts.csv,4-17-24_Cart6,0.05,0.9784411900184442,0.9773667522865233,0.9792579217024024
132bfed0aeab02691b97eac3,4-17-24_train-ready_all_carts.csv,4-17-24_Cart6,0.1,1.3771030193320257,1.3760222212921778,1.4117034351846256
132bfed0aeab02691b97eac3,4-17-24_train-ready_all_carts.csv,4-17-24_Cart6,0.15,1.611670039903315,1.0848326729794358,1.8312447357103165
132bfed0aeab02691b97eac3,4-17-24_train-ready_all_carts.csv,4-17-24_Cart6,0.2,2.02658132020061,1.7494625334643328,2.828985161207381
132bfed0aeab02691b97eac3,4-17-24_train-ready_all_carts.csv,4-17-24_Cart6,0.25,2.33110604912039,2.3303390641305732,2.759686312613952
132bfed0aeab02691b97eac3,4-17-24_train-ready_all_carts.csv,4-17-24_Cart6,0.3,2.51948587645035,2.385106994226726,2.667852268362753
132bfed0aeab02691b97eac3,4-17-24_train-ready_all_carts.csv,4-17-24_Cart6,0.35,2.884901467615104,2.884428987597684,2.8854959860408695
132bfed0aeab02691b97eac3,4-17-24_train-ready_all_carts.csv,4-17-24_Cart6,0.4,2.9344278225180056,2.933413296615217,2.934764862049663
132bfed0aeab02691b97eac3,4-17-24_train-ready_all_carts.csv,4-17-24_Cart6,0.45,3.029404256404292,3.0287703835732294,3.029849477959168
132bfed0aeab02691b97eac3,4-17-24_train-ready_all_carts.csv,4-17-24_Cart6,0.5,3.2688664425406757,2.963248933215222,3.6491539101383537
132bfed0aeab02691b97eac3,4-17-24_train-ready_all_carts.csv,4-17-24_Cart6,0.55,3.563450918786277,3.5607092853390427,3.7231711985980542
132bfed0aeab02691b97eac3,4-17-24_train-ready_all_carts.csv,4-17-24_Cart6,0.6,3.754154530048066,3.7508968598318058,3.7746612985733576
132bfed0aeab02691b97eac3,4-17-24_train-ready_all_carts.csv,4-17-24_Cart6,0.65,4.245361111235203,3.967035172127496,4.628409861088533
132bfed0aeab02691b97eac3,4-17-24_train-ready_all_carts.csv,4-17-24_Cart6,0.7,4.227097941331092,3.9760418792480245,4.241988274014696
132bfed0aeab02691b97eac3,4-17-24_train-ready_all_carts.csv,4-17-24_Cart6,0.75,4.446957885590917,4.322393753536845,4.623078673699671
132bfed0aeab02691b97eac3,4-17-24_train-ready_all_carts.csv,4-17-24_Cart6,0.8,4.56539817688075,3.799075397338862,4.8004914561445196
132bfed0aeab02691b97eac3,4-17-24_train-ready_all_carts.csv,4-17-24_Cart6,0.85,4.881790558930383,4.846287887967596,5.105170592896914
132bfed0aeab02691b97eac3,4-17-24_train-ready_all_carts.csv,4-17-24_Cart6,0.9,4.832260796719664,4.828171402665046,4.928101096714722
132bfed0aeab02691b97eac3,4-17-24_train-ready_all_carts.csv,4-17-24_Cart6,0.95,4.965804547797113,4.495608789538466,5.192467636423148
132bfed0aeab02691b97eac3,4-17-24_train-ready_all_carts.csv,4-17-24_Cart6,1.0,5.0408175651781395,5.032078388509783,5.042597599570691
3194b59b3508438559cca2de,4-17-24_train-ready_all_carts.csv,4-17-24_Cart60,0.0,0.4538898713625301,0.342181005400819,0.6103995557541324
3194b59b3508438559cca2de,4-17-24_train-ready_all_carts.csv,4-17-24_Cart60,0.05,1.1630594993201517,1.1373787478911817,1.4279951252071026
3194b59b3508438559cca2de,4-17-24_train-ready_all_carts.csv,4-17-24_Cart60,0.1,1.2668723414862195,1.2666382382681578,1.267078984655028
3194b59b3508438559cca2de,4-17-24_train-ready_all_carts.csv,4-17-24_Cart60,0.15,1.6756113957174552,1.6416033213706218,1.8342035091652844
3194b59b3508438559cca2de,4-17-24_train-ready_all_carts.csv,4-17-24_Cart60,0.2,1.9237834802981313,1.922818221777816,1.9260802992801809
3194b59b3508438559cca2de,4-17-24_train-ready_all_carts.csv,4-17-24_Cart60,0.25,2.114380155187288,2.0407447104972025,2.381454263900731
3194b59b3508438559cca2de,4-17-24_train-ready_all_carts.csv,4-17-24_Cart60,0.3,2.364396345827919,2.3643509989575926,2.3645207977942597
3194b59b3508438559cca2de,4-17-24_train-ready_all_carts.csv,4-17-24_Cart60,0.35,2.6798329547265958,2.679094178630856,2.8414409499599755
3194b59b3508438559cca2de,4-17-24_train-ready_all_carts.csv,4-17-24_Cart60,0.4,2.946410830118783,2.94569825443701,2.9476125221824416
3194b59b3508438559cca2de,4-17-24_train-ready_all_carts.csv,4-17-24_Cart60,0.45,4.022416484855157,3.329916870283761,5.988622016288768
3194b59b3508438559cca2de,4-17-24_train-ready_all_carts.csv,4-17-24_Cart60,0.5,3.433730972085115,3.4324725964335476,3.434331188299301
3194b59b3508438559cca2de,4-17-24_train-ready_all_carts.csv,4-17-24_Cart60,0.55,4.598338113263509,3.6285376630117594,5.059796998064263
3194b59b3508438559cca2de,4-17-24_train-ready_all_carts.csv,4-17-24_Cart60,0.6,3.833231861122563,3.832339724430648,3.8333073762580105
3194b59b3508438559cca2de,4-17-24_train-ready_all_carts.csv,4-17-24_Cart60,0.65,4.189871140254233,4.184224321226796,4.213567084361708
3194b59b3508438559cca2de,4-17-24_train-ready_all_carts.csv,4-17-24_Cart60,0.7,4.26782366998119,4.267276988266694,4.268233681267061
3194b59b3508438559cca2de,4-17-24_train-ready_all_carts.csv,4-17-24_Cart60,0.75,4.775279082007881,4.596175823330095,4.97298192638606
3194b59b3508438559cca2de,4-17-24_train-ready_all_carts.csv,4-17-24_Cart60,0.8,4.879401794454515,4.792883744776951,5.029711553964221
3194b59b3508438559cca2de,4-17-24_train-ready_all_carts.csv,4-17-24_Cart60,0.85,5.258131297611742,5.000081027148029,5.612638014202767
3194b59b3508438559cca2de,4-17-24_train-ready_all_carts.csv,4-17-24_Cart60,0.9,5.677302651288701,5.438025796194966,5.99374287460218
3194b59b3508438559cca2de,4-17-24_train-ready_all_carts.csv,4-17-24_Cart60,0.95,5.757579208119902,5.757218574537278,5.758048674191314
3194b59b3508438559cca2de,4-17-24_train-ready_all_carts.csv,4-17-24_Cart60,1.0,0.2829850749127609,0.2820529448004896,0.2835695456858614
bfb4a3d21e442ec80cef22e7,4-17-24_train-ready_all_carts.csv,4-17-24_Cart61,0.0,0.6064839266058035,0.4338714554895564,0.9551025957285607
bfb4a3d21e442ec80cef22e7,4-17-24_train-ready_all_carts.csv,4-17-24_Cart61,0.05,1.088803352510152,1.03507203181391,1.7219476135154717
bfb4a3d21e442ec80cef22e7,4-17-24_train-ready_all_carts.csv,4-17-24_Cart61,0.1,1.4366593015262854,1.435728450722099,1.473054915504454
bfb4a3d21e442ec80cef22e7,4-17-24_train-ready_all_carts.csv,4-17-24_Cart61,0.15,1.620170061247231,1.6197426963336268,1.620274334902996
bfb4a3d21e442ec80cef22e7,4-17-24_train-ready_all_carts.csv,4-17-24_Cart61,0.2,3.4360903391803648,2.4834710500499453,4.826685081144053
bfb4a3d21e442ec80cef22e7,4-17-24_train-ready_all_carts.csv,4-17-24_Cart61,0.25,2.7188047896569927,2.242541210365549,4.06069177251066
bfb4a3d21e442ec80cef22e7,4-17-24_train-ready_all_carts.csv,4-17-24_Cart61,0.3,2.494401357795753,2.4941428485413977,2.495654695723041
bfb4a3d21e442ec80cef22e7,4-17-24_train-ready_all_carts.csv,4-17-24_Cart61,0.35,2.62568466942356,2.625341762546317,2.626134326908993
bfb4a3d21e442ec80cef22e7,4-17-24_train-ready_all_carts.csv,4-17-24_Cart61,0.4,3.11422909966743,3.0440092503961,3.357496699133679
bfb4a3d21e442ec80cef22e7,4-17-24_train-ready_all_carts.csv,4-17-24_Cart61,0.45,3.329261193474063,3.328716505594355,3.3301637103590407
bfb4a3d21e442ec80cef22e7,4-17-24_train-ready_all_carts.csv,4-17-24_Cart61,0.5,3.529048551304036,3.523223484161016,3.531263309253248
bfb4a3d21e442ec80cef22e7,4-17-24_train-ready_all_carts.csv,4-17-24_Cart61,0.55,3.6617237893680086,3.6612235658050105,3.661912279406239
bfb4a3d21e442ec80cef22e7,4-17-24_train-ready_all_carts.csv,4-17-24_Cart61,0.6,3.7885135468151696,3.4229214101631964,4.166450995596106
bfb4a3d21e442ec80cef22e7,4-17-24_train-ready_all_carts.csv,4-17-24_Cart61,0.65,4.082466177975176,4.082009210459413,4.083345194018848
bfb4a3d21e442ec80cef22e7,4-17-24_train-ready_all_carts.csv,4-17-24_Cart61,0.7,4.245333653701413,4.245134953786111,4.245648649553764
bfb4a3d21e442ec80cef22e7,4-17-24_train-ready_all_carts.csv,4-17-24_Cart61,0.75,4.421403889990142,4.413805385323959,4.737566386933756
bfb4a3d21e442ec80cef22e7,4-17-24_train-ready_all_carts.csv,4-17-24_Cart61,0.8,4.955270508272732,4.080230577377505,5.602540466479663
bfb4a3d21e442ec80cef22e7,4-17-24_train-ready_all_carts.csv,4-17-24_Cart61,0.85,4.822196541281732,4.815936920021728,4.883215780975393
bfb4a3d21e442ec80cef22e7,4-17-24_train-ready_all_carts.csv,4-17-24_Cart61,0.9,5.048791773972143,5.048007184188007,5.049974971856359
bfb4a3d21e442ec80cef22e7,4-17-24_train-ready_all_carts.csv,4-17-24_Cart61,0.95,5.3788390391838865,5.3662626455176685,5.396634734091411
bfb4a3d21e442ec80cef22e7,4-17-24_train-ready_all_carts.csv,4-17-24_Cart61,1.0,5.386092280847347,5.385990484144008,5.387435272369742
54e8a6033d9b8d535f5c308c,4-17-24_train-ready_all_carts.csv,4-17-24_Cart62,0.0,0.9890665743069311,0.8520396358102563,1.0213299980719945
54e8a6033d9b8d535f5c308c,4-17-24_train-ready_all_carts.csv,4-17-24_Cart62,0.05,1.1710587922373041,0.7425311205613017,1.3037170376459095
54e8a6033d9b8d535f5c308c,4-17-24_train-ready_all_carts.csv,4-17-24_Cart62,0.1,1.3155959895372682,1.231103911130975,1.486390148320058
54e8a6033d9b8d535f5c308c,4-17-24_train-ready_all_carts.csv,4-17-24_Cart62,0.15,1.6960073445079313,1.5572484197558116,1.8502001081414015
54e8a6033d9b8d535f5c308c,4-17-24_train-ready_all_carts.csv,4-17-24_Cart62,0.2,1.5987469225994175,1.5981273457209184,1.59933690086409
54e8a6033d9b8d535f5c308c,4-17-24_train-ready_all_carts.csv,4-17-24_Cart62,0.25,1.6964335645470472,1.694360228383082,1.6983856398636255
54e8a6033d9b8d535f5c308c,4-17-24_train-ready_all_carts.csv,4-17-24_Cart62,0.3,1.905799826802534,1.9055543140899438,1.9062160144693845
54e8a6033d9b8d535f5c308c,4-17-24_train-ready_all_carts.csv,4-17-24_Cart62,0.35,2.2946072180408192,2.133564338161723,2.468175421224396
54e8a6033d9b8d535f5c308c,4-17-24_train-ready_all_carts.csv,4-17-24_Cart62,0.4,2.4071891287238802,2.4058705883689537,2.547825602598605
54e8a6033d9b8d535f5c308c,4-17-24_train-ready_all_carts.csv,4-17-24_Cart62,0.45,2.7206839375532903,1.9529502940040298,2.9431361520155868
54e8a6033d9b8d535f5c308c,4-17-24_train-ready_all_carts.csv,4-17-24_Cart62,0.5,2.965671975768018,2.963072282780894,3.4491653949534062
54e8a6033d9b8d535f5c308c,4-17-24_train-ready_all_carts.csv,4-17-24_Cart62,0.55,3.35949929191145,3.300868363630021,3.8319576001074833
54e8a6033d9b8d535f5c308c,4-17-24_train-ready_all_carts.csv,4-17-24_Cart62,0.6,3.477243200846031,2.9352672826384527,3.975925631641761
54e8a6033d9b8d535f5c308c,4-17-24_train-ready_all_carts.csv,4-17-24_Cart62,0.65,3.6611272375465163,3.6604113872819894,3.6624595490459826
54e8a6033d9b8d535f5c308c,4-17-24_train-ready_all_carts.csv,4-17-24_Cart62,0.7,4.011761763877984,3.9792755715983255,4.401649660303152
54e8a6033d9b8d535f5c308c,4-17-24_train-ready_all_carts.csv,4-17-24_Cart62,0.75,4.353263715804061,4.352177664771639,4.594542580359665
54e8a6033d9b8d535f5c308c,4-17-24_train-ready_all_carts.csv,4-17-24_Cart62,0.8,4.656358506427547,4.655992293683414,4.657224655337448
54e8a6033d9b8d535f5c308c,4-17-24_train-ready_all_carts.csv,4-17-24_Cart62,0.85,5.136221203858675,4.854770851364875,5.48795193822057
54e8a6033d9b8d535f5c308c,4-17-24_train-ready_all_carts.csv,4-17-24_Cart62,0.9,5.47729319697336,5.071509100162421,5.681528056597095
54e8a6033d9b8d535f5c308c,4-17-24_train-ready_all_carts.csv,4-17-24_Cart62,0.95,5.40184601876266,5.32611288678595,5.452588386799648
54e8a6033d9b8d535f5c308c,4-17-24_train-ready_all_carts.csv,4-17-24_Cart62,1.0,4.965629748845949,4.847423789971301,5.342541924533487
4008541bb6fc30f99313484c,4-17-24_train-ready_all_carts.csv,4-17-24_Cart63,0.0,0.7553578379004995,0.6772765475001165,0.8252805806111165
4008541bb6fc30f99313484c,4-17-24_train-ready_all_carts.csv,4-17-24_Cart63,0.05,0.9674167996149277,0.671586346669756,1.1659883810724256
4008541bb6fc30f99313484c,4-17-24_train-ready_all_carts.csv,4-17-24_Cart63,0.1,1.3411739455850515,1.1117719128109664,1.5675313034027205
4008541bb6fc30f99313484c,4-17-24_train-ready_all_carts.csv,4-17-24_Cart63,0.15,1.4353976958867003,1.4191400324035024,1.4546450691278268
4008541bb6fc30f99313484c,4-17-24_train-ready_all_carts.csv,4-17-24_Cart63,0.2,1.8810004359524637,1.4256991920772244,2.312286602936254
4008541bb6fc30f99313484c,4-17-24_train-ready_all_carts.csv,4-17-24_Cart63,0.25,2.2236222164405737,2.1239464891936595,2.5779256525440966
4008541bb6fc30f99313484c,4-17-24_train-ready_all_carts.csv,4-17-24_Cart63,0.3,2.5697317434963876,2.1975966292188853,2.9094615232419394
4008541bb6fc30f99313484c,4-17-24_train-ready_all_carts.csv,4-17-24_Cart63,0.35,2.8924432183381334,2.8921456245941766,2.8928385831349317
4008541bb6fc30f99313484c,4-17-24_train-ready_all_carts.csv,4-17-24_Cart63,0.4,3.0093999791746286,3.005651737270075,3.306036298856095
4008541bb6fc30f99313484c,4-17-24_train-ready_all_carts.csv,4-17-24_Cart63,0.45,3.0099359829160908,3.008688037168031,3.0145639161463302
4008541bb6fc30f99313484c,4-17-24_train-ready_all_carts.csv,4-17-24_Cart63,0.5,3.005603286005945,3.0043426846139893,3.0081252952769666
4008541bb6fc30f99313484c,4-17-24_train-ready_all_carts.csv,4-17-24_Cart63,0.55,3.015729041871838,3.0145125491211067,3.01721459113029
4008541bb6fc30f99313484c,4-17-24_train-ready_all_carts.csv,4-17-24_Cart63,0.6,3.0085674363262016,3.0081999883909383,3.011271711684308
4008541bb6fc30f99313484c,4-17-24_train-ready_all_carts.csv,4-17-24_Cart63,0.65,3.2270621651863705,3.204002775521451,3.7594387618847023
4008541bb6fc30f99313484c,4-17-24_train-ready_all_carts.csv,4-17-24_Cart63,0.7,3.5278706908428936,3.472739293972746,3.5408783973811917
4008541bb6fc30f99313484c,4-17-24_train-ready_all_carts.csv,4-17-24_Cart63,0.75,3.8140507810553688,3.1121179619166277,4.107467169927452
4008541bb6fc30f99313484c,4-17-24_train-ready_all_carts.csv,4-17-24_Cart63,0.8,4.127429338898801,3.4089405180832633,4.255602660437544
4008541bb6fc30f99313484c,4-17-24_train-ready_all_carts.csv,4-17-24_Cart63,0.85,4.422309563914809,4.421270374253557,4.4324825923329
4008541bb6fc30f99313484c,4-17-24_train-ready_all_carts.csv,4-17-24_Cart63,0.9,4.765727905518702,4.711424026461906,4.785794235402309
4008541bb6fc30f99313484c,4-17-24_train-ready_all_carts.csv,4-17-24_Cart63,0.95,4.486636216637173,4.481645984581687,4.488142052148341
4008541bb6fc30f99313484c,4-17-24_train-ready_all_carts.csv,4-17-24_Cart63,1.0,5.228503858051054,5.2095560637529275,5.2309723289854
64b760bdc4192d715c0f9f31,4-17-24_train-ready_all_carts.csv,4-17-24_Cart67,0.0,0.6576093810512733,0.2515772545044061,1.4809474806950835
64b760bdc4192d715c0f9f31,4-17-24_train-ready_all_carts.csv,4-17-24_Cart67,0.05,1.0141975154392644,0.8973921984267416,1.1000914102367707
64b760bdc4192d715c0f9f31,4-17-24_train-ready_all_carts.csv,4-17-24_Cart67,0.1,0.8892350158659835,0.8886700395012872,0.889314626171918
64b760bdc4192d715c0f9f31,4-17-24_train-ready_all_carts.csv,4-17-24_Cart67,0.15,0.8128653752268413,0.8126911130364317,0.813399290120405
64b760bdc4192d715c0f9f31,4-17-24_train-ready_all_carts.csv,4-17-24_Cart67,0.2,0.8023020292566105,0.8004561952200897,0.8039007167058907
64b760bdc4192d715c0f9f31,4-17-24_train-ready_all_carts.csv,4-17-24_Cart67,0.25,0.9212161022069739,0.920469159428713,0.9215910410671815
64b760bdc4192d715c0f9f31,4-17-24_train-ready_all_carts.csv,4-17-24_Cart67,0.3,0.9932297995321591,0.9925864357540926,0.9939482489136722
64b760bdc4192d715c0f9f31,4-17-24_train-ready_all_carts.csv,4-17-24_Cart67,0.35,1.1651391446480608,1.1614266874014265,1.1695904735820317
64b760bdc4192d715c0f9f31,4-17-24_train-ready_all_carts.csv,4-17-24_Cart67,0.4,1.3300119659491088,1.3297111343782961,1.330575230264215
64b760bdc4192d715c0f9f31,4-17-24_train-ready_all_carts.csv,4-17-24_Cart67,0.45,1.5185991198566298,1.5181615688971313,1.5192876083703182
64b760bdc4192d715c0f9f31,4-17-24_train-ready_all_carts.csv,4-17-24_Cart67,0.5,1.655391882096733,1.6549840474265465,1.6556584726757455
64b760bdc4192d715c0f9f31,4-17-24_train-ready_all_carts.csv,4-17-24_Cart67,0.55,1.7604554738640874,1.758732785108789,1.761243016675482
64b760bdc4192d715c0f9f31,4-17-24_train-ready_all_carts.csv,4-17-24_Cart67,0.6,2.052369712097688,2.049344398182922,2.053644088438922
64b760bdc4192d715c0f9f31,4-17-24_train-ready_all_carts.csv,4-17-24_Cart67,0.65,2.476163130248125,2.445284359264574,2.6159167599648567
64b760bdc4192d715c0f9f31,4-17-24_train-ready_all_carts.csv,4-17-24_Cart67,0.7,2.6887630025478026,2.6843635242585573,3.370655356033689
64b760bdc4192d715c0f9f31,4-17-24_train-ready_all_carts.csv,4-17-24_Cart67,0.75,3.635127762835642,3.299240142329462,3.7523312536670934
64b760bdc4192d715c0f9f31,4-17-24_train-ready_all_carts.csv,4-17-24_Cart67,0.8,3.1227039831966152,3.071971062274991,4.086137021871848
64b760bdc4192d715c0f9f31,4-17-24_train-ready_all_carts.csv,4-17-24_Cart67,0.85,3.3342864088828144,3.3319554533660445,3.33921955748711
64b760bdc4192d715c0f9f31,4-17-24_train-ready_all_carts.csv,4-17-24_Cart67,0.9,3.906808020700704,3.906353104666792,3.907720665421425
64b760bdc4192d715c0f9f31,4-17-24_train-ready_all_carts.csv,4-17-24_Cart67,0.95,4.563061086394688,4.56203642471508,4.56507567960508
64b760bdc4192d715c0f9f31,4-17-24_train-ready_all_carts.csv,4-17-24_Cart67,1.0,4.002247447987193,3.996933979795406,4.03721789520156
0af0b093ac25da17882df7dc,4-17-24_train-ready_all_carts.csv,4-17-24_Cart69,0.0,0.6789060835730247,0.5744174398459594,0.885044721494644
0af0b093ac25da17882df7dc,4-17-24_train-ready_all_carts.csv,4-17-24_Cart69,0.05,0.5988776508992031,0.4084958034301495,1.070587380030375
0af0b093ac25da17882df7dc,4-17-24_train-ready_all_carts.csv,4-17-24_Cart69,0.1,0.6899921299155742,0.6821685878203546,0.6970161876255507
0af0b093ac25da17882df7dc,4-17-24_train-ready_all_carts.csv,4-17-24_Cart69,0.15,1.663013537465504,1.3966243918002959,1.7848132008305988
0af0b093ac25da17882df7dc,4-17-24_train-ready_all_carts.csv,4-17-24_Cart69,0.2,1.8943120495548111,1.7672537993584747,2.3555435164633476
0af0b093ac25da17882df7dc,4-17-24_train-ready_all_carts.csv,4-17-24_Cart69,0.25,2.1641700272342956,2.163803996861806,2.1651529839152093
0af0b093ac25da17882df7dc,4-17-24_train-ready_all_carts.csv,4-17-24_Cart69,0.3,2.4376300271869185,2.4368960237268813,2.4391995695381374
0af0b093ac25da17882df7dc,4-17-24_train-ready_all_carts.csv,4-17-24_Cart69,0.35,2.5892897923876648,2.5615903896677934,2.7275956771084746
0af0b093ac25da17882df7dc,4-17-24_train-ready_all_carts.csv,4-17-24_Cart69,0.4,2.9034039618729337,2.902396092728329,2.9039257522821704
0af0b093ac25da17882df7dc,4-17-24_train-ready_all_carts.csv,4-17-24_Cart69,0.45,3.4883314677370345,3.304917853489365,3.7861330017082997
0af0b093ac25da17882df7dc,4-17-24_train-ready_all_carts.csv,4-17-24_Cart69,0.5,3.3204648878542935,3.318598281515161,3.3211441524606244
0af0b093ac25da17882df7dc,4-17-24_train-ready_all_carts.csv,4-17-24_Cart69,0.55,3.413578077833774,3.4085850144400847,3.422865512864238
0af0b093ac25da17882df7dc,4-17-24_train-ready_all_carts.csv,4-17-24_Cart69,0.6,3.938033435021584,3.9369095172215745,3.940831401815223
0af0b093ac25da17882df7dc,4-17-24_train-ready_all_carts.csv,4-17-24_Cart69,0.65,4.718545493558709,3.6747025228291736,5.483714102841302
0af0b093ac25da17882df7dc,4-17-24_train-ready_all_carts.csv,4-17-24_Cart69,0.7,4.253169244072902,4.233191048075612,4.307856615830493
0af0b093ac25da17882df7dc,4-17-24_train-ready_all_carts.csv,4-17-24_Cart69,0.75,-0.1024504846277587,-0.1040320832400758,-0.102193132021188
0af0b093ac25da17882df7dc,4-17-24_train-ready_all_carts.csv,4-17-24_Cart69,0.8,5.202415247627703,5.202019276587842,5.203465227978135
0af0b093ac25da17882df7dc,4-17-24_train-ready_all_carts.csv,4-17-24_Cart69,0.85,5.590133176811037,5.516533073988377,6.110930172989013
0af0b093ac25da17882df7dc,4-17-24_train-ready_all_carts.csv,4-17-24_Cart69,0.9,5.899083152561435,5.8352393647624705,6.072998032946691
0af0b093ac25da17882df7dc,4-17-24_train-ready_all_carts.csv,4-17-24_Cart69,0.95,6.304608922189667,5.980896597541933,6.735891322340611
0af0b093ac25da17882df7dc,4-17-24_train-ready_all_carts.csv,4-17-24_Cart69,1.0,7.495841798976118,5.876809924415938,8.514715281613695
27364b4ef2d81b77142406fe,4-17-24_train-ready_all_carts.csv,4-17-24_Cart74,0.0,0.6160900506410674,0.5936456631110159,0.7060248200442815
27364b4ef2d81b77142406fe,4-17-24_train-ready_all_carts.csv,4-17-24_Cart74,0.05,0.8191841405894533,0.819009004240986,0.8938008869291506
27364b4ef2d81b77142406fe,4-17-24_train-ready_all_carts.csv,4-17-24_Cart74,0.1,1.097386331632959,1.0971102783032103,1.103620046540198
27364b4ef2d81b77142406fe,4-17-24_train-ready_all_carts.csv,4-17-24_Cart74,0.15,0.9328091861805159,0.9321542047147028,1.1499038016008145
27364b4ef2d81b77142406fe,4-17-24_train-ready_all_carts.csv,4-17-24_Cart74,0.2,1.557554714109871,1.5574363546873804,1.5576697511626074
27364b4ef2d81b77142406fe,4-17-24_train-ready_all_carts.csv,4-17-24_Cart74,0.25,1.503767920911846,1.5023870609827878,1.5653587826782158
27364b4ef2d81b77142406fe,4-17-24_train-ready_all_carts.csv,4-17-24_Cart74,0.3,1.8964459215155958,1.896008851908834,1.8968622263113937
27364b4ef2d81b77142406fe,4-17-24_train-ready_all_carts.csv,4-17-24_Cart74,0.35,2.3895900103628205,2.2980596135571565,2.739122293466756
27364b4ef2d81b77142406fe,4-17-24_train-ready_all_carts.csv,4-17-24_Cart74,0.4,2.6805916308840914,2.679520522606574,2.682678672369995
27364b4ef2d81b77142406fe,4-17-24_train-ready_all_carts.csv,4-17-24_Cart74,0.45,2.9541199596199195,2.7142476517895933,3.3663466652008753
27364b4ef2d81b77142406fe,4-17-24_train-ready_all_carts.csv,4-17-24_Cart74,0.5,3.22242623503864,3.177278374465746,3.586433193240826
27364b4ef2d81b77142406fe,4-17-24_train-ready_all_carts.csv,4-17-24_Cart74,0.55,3.527884910232858,2.446332704065484,3.702677156118609
27364b4ef2d81b77142406fe,4-17-24_train-ready_all_carts.csv,4-17-24_Cart74,0.6,3.7965388479151354,3.795869805705898,3.796909410798783
27364b4ef2d81b77142406fe,4-17-24_train-ready_all_carts.csv,4-17-24_Cart74,0.65,4.162238019554765,4.161416919601247,4.162939692181231
27364b4ef2d81b77142406fe,4-17-24_train-ready_all_carts.csv,4-17-24_Cart74,0.7,4.37477950521113,4.348117843902468,4.694741332958636
27364b4ef2d81b77142406fe,4-17-24_train-ready_all_carts.csv,4-17-24_Cart74,0.75,4.6676867420985175,4.642325195268281,4.697945046650114
27364b4ef2d81b77142406fe,4-17-24_train-ready_all_carts.csv,4-17-24_Cart74,0.8,4.861359540672707,4.860097099494171,4.8950731097685924
27364b4ef2d81b77142406fe,4-17-24_train-ready_all_carts.csv,4-17-24_Cart74,0.85,5.140607091628136,4.643934349461873,5.285559888863434
27364b4ef2d81b77142406fe,4-17-24_train-ready_all_carts.csv,4-17-24_Cart74,0.9,5.511568659646174,5.508290429947355,5.6365136122698525
27364b4ef2d81b77142406fe,4-17-24_train-ready_all_carts.csv,4-17-24_Cart74,0.95,5.312474465569629,5.18533680823626,5.539127301460419
27364b4ef2d81b77142406fe,4-17-24_train-ready_all_carts.csv,4-17-24_Cart74,1.0,5.155041601649181,5.146574008378512,5.515454645697875
5518fb7f13042a7eee439eac,4-17-24_train-ready_all_carts.csv,4-17-24_Cart77,0.0,0.9288671050518316,0.7260740960369254,0.9945171823098962
5518fb7f13042a7eee439eac,4-17-24_train-ready_all_carts.csv,4-17-24_Cart77,0.05,1.1263404791790919,0.9808691089098173,1.1826721904744186
5518fb7f13042a7eee439eac,4-17-24_train-ready_all_carts.csv,4-17-24_Cart77,0.1,1.3479751890086242,1.3437441067689917,1.349521338070855
5518fb7f13042a7eee439eac,4-17-24_train-ready_all_carts.csv,4-17-24_Cart77,0.15,1.551170049760782,1.431366285371719,1.770225680041263
5518fb7f13042a7eee439eac,4-17-24_train-ready_all_carts.csv,4-17-24_Cart77,0.2,1.921388214281481,1.7596404397221075,2.1811406441575114
5518fb7f13042a7eee439eac,4-17-24_train-ready_all_carts.csv,4-17-24_Cart77,0.25,2.296319560610744,2.2956996307965682,2.302981355797656
5518fb7f13042a7eee439eac,4-17-24_train-ready_all_carts.csv,4-17-24_Cart77,0.3,2.6319821512009836,2.631639535840245,2.6322407819989526
5518fb7f13042a7eee439eac,4-17-24_train-ready_all_carts.csv,4-17-24_Cart77,0.35,2.9809450541680746,2.9377295752998354,3.0016589185183555
5518fb7f13042a7eee439eac,4-17-24_train-ready_all_carts.csv,4-17-24_Cart77,0.4,3.2319369936562365,3.164774459173669,3.2918122899279085
5518fb7f13042a7eee439eac,4-17-24_train-ready_all_carts.csv,4-17-24_Cart77,0.45,3.3863840532696234,3.1547601423592684,3.7964898619594445
5518fb7f13042a7eee439eac,4-17-24_train-ready_all_carts.csv,4-17-24_Cart77,0.5,3.7305161592855427,3.635947275064506,3.8893753794518724
5518fb7f13042a7eee439eac,4-17-24_train-ready_all_carts.csv,4-17-24_Cart77,0.55,3.834784433525064,3.8345375642413555,3.8349424788729465
5518fb7f13042a7eee439eac,4-17-24_train-ready_all_carts.csv,4-17-24_Cart77,0.6,4.122268921323551,4.12126184166495,4.1233832022840105
5518fb7f13042a7eee439eac,4-17-24_train-ready_all_carts.csv,4-17-24_Cart77,0.65,4.248545929124028,4.1178559031601925,4.750265970382011
5518fb7f13042a7eee439eac,4-17-24_train-ready_all_carts.csv,4-17-24_Cart77,0.7,3.9486089381016747,3.9473663218684187,3.95059014067579
5518fb7f13042a7eee439eac,4-17-24_train-ready_all_carts.csv,4-17-24_Cart77,0.75,4.51882552684255,4.517870271356162,4.520304659776647
5518fb7f13042a7eee439eac,4-17-24_train-ready_all_carts.csv,4-17-24_Cart77,0.8,4.412310313316075,4.409921255731804,4.421174329532594
5518fb7f13042a7eee439eac,4-17-24_train-ready_all_carts.csv,4-17-24_Cart77,0.85,4.978356465125228,4.977491748795495,4.979109324553707
5518fb7f13042a7eee439eac,4-17-24_train-ready_all_carts.csv,4-17-24_Cart77,0.9,5.134959802353136,5.116899445884339,5.138753503281186
5518fb7f13042a7eee439eac,4-17-24_train-ready_all_carts.csv,4-17-24_Cart77,0.95,4.9434504960824075,4.942757056804101,4.99354970746135
5518fb7f13042a7eee439eac,4-17-24_train-ready_all_carts.csv,4-17-24_Cart77,1.0,4.642822516097218,4.642540729818048,4.64308010551111
c6165476e6f40b16e9d51421,4-17-24_train-ready_all_carts.csv,4-17-24_Cart8,0.0,0.5738645144874115,0.5736097176357593,0.5744102255738959
c6165476e6f40b16e9d51421,4-17-24_train-ready_all_carts.csv,4-17-24_Cart8,0.05,0.84252366927141,0.8418662200307129,0.8428617054046097
c6165476e6f40b16e9d51421,4-17-24_train-ready_all_carts.csv,4-17-24_Cart8,0.1,1.0614333860614875,1.0605310158161014,1.0617725508629114
c6165476e6f40b16e9d51421,4-17-24_train-ready_all_carts.csv,4-17-24_Cart8,0.15,1.1605778602268777,1.1028301148609354,1.1622144291522183
c6165476e6f40b16e9d51421,4-17-24_train-ready_all_carts.csv,4-17-24_Cart8,0.2,1.6084808157235824,1.5251647847368024,1.801875294299367
c6165476e6f40b16e9d51421,4-17-24_train-ready_all_carts.csv,4-17-24_Cart8,0.25,1.724650121385417,1.5210569967341956,1.9203262027767716
c6165476e6f40b16e9d51421,4-17-24_train-ready_all_carts.csv,4-17-24_Cart8,0.3,1.9070496784534707,1.9068363601590637,1.9076828613273438
c6165476e6f40b16e9d51421,4-17-24_train-ready_all_carts.csv,4-17-24_Cart8,0.35,2.083641108838899,2.0829921246098855,2.085342576187142
c6165476e6f40b16e9d51421,4-17-24_train-ready_all_carts.csv,4-17-24_Cart8,0.4,2.4335824344693577,2.423312682295787,2.597101065145985
c6165476e6f40b16e9d51421,4-17-24_train-ready_all_carts.csv,4-17-24_Cart8,0.45,2.6728984727561027,2.6713347029312335,2.6741800755248786
c6165476e6f40b16e9d51421,4-17-24_train-ready_all_carts.csv,4-17-24_Cart8,0.5,2.9215914866509403,2.874080762080063,3.548434066773882
c6165476e6f40b16e9d51421,4-17-24_train-ready_all_carts.csv,4-17-24_Cart8,0.55,3.190656961995713,3.189055381785327,3.191223553444348
c6165476e6f40b16e9d51421,4-17-24_train-ready_all_carts.csv,4-17-24_Cart8,0.6,3.6421897145020017,3.5449611546474857,4.242594934471338
c6165476e6f40b16e9d51421,4-17-24_train-ready_all_carts.csv,4-17-24_Cart8,0.65,3.3454244635946617,3.3362636279515367,3.3845412825808756
c6165476e6f40b16e9d51421,4-17-24_train-ready_all_carts.csv,4-17-24_Cart8,0.7,3.8638511244231024,3.8532077830672624,4.004277203229052
c6165476e6f40b16e9d51421,4-17-24_train-ready_all_carts.csv,4-17-24_Cart8,0.75,4.220966265287675,4.188355089946748,4.343571801498999
c6165476e6f40b16e9d51421,4-17-24_train-ready_all_carts.csv,4-17-24_Cart8,0.8,4.222354527203655,4.221177326245633,4.2238494482668365
c6165476e6f40b16e9d51421,4-17-24_train-ready_all_carts.csv,4-17-24_Cart8,0.85,4.29921457594702,4.297903627804411,4.301295840152764
c6165476e6f40b16e9d51421,4-17-24_train-ready_all_carts.csv,4-17-24_Cart8,0.9,4.803817308363336,4.720751841722366,5.17808256289726
c6165476e6f40b16e9d51421,4-17-24_train-ready_all_carts.csv,4-17-24_Cart8,0.95,4.782512566960068,4.679193713366834,4.851680177420218
c6165476e6f40b16e9d51421,4-17-24_train-ready_all_carts.csv,4-17-24_Cart8,1.0,-0.0071693727470085004,-0.007684609791434725,-0.006821178599789387
aa0add65ba0fd9e0e2561c9b,4-17-24_train-ready_all_carts.csv,4-17-24_Cart80,0.0,0.8287653412912099,0.8239475958815106,0.8580527639153983
aa0add65ba0fd9e0e2561c9b,4-17-24_train-ready_all_carts.csv,4-17-24_Cart80,0.05,1.113278266805778,1.024092017412917,1.3602419864821849
aa0add65ba0fd9e0e2561c9b,4-17-24_train-ready_all_carts.csv,4-17-24_Cart80,0.1,1.1124131244047955,1.1121865799407318,1.262096220449545
aa0add65ba0fd9e0e2561c9b,4-17-24_train-ready_all_carts.csv,4-17-24_Cart80,0.15,1.195649755527699,1.194834992642665,1.1958470916342676
aa0add65ba0fd9e0e2561c9b,4-17-24_train-ready_all_carts.csv,4-17-24_Cart80,0.2,1.383813000294808,1.3771997576876618,1.4782604785924935
aa0add65ba0fd9e0e2561c9b,4-17-24_train-ready_all_carts.csv,4-17-24_Cart80,0.25,1.646977034174261,1.646571253637244,1.6481289673605835
aa0add65ba0fd9e0e2561c9b,4-17-24_train-ready_all_carts.csv,4-17-24_Cart80,0.3,1.4958450206371112,1.4904573528693024,1.503859937688628
aa0add65ba0fd9e0e2561c9b,4-17-24_train-ready_all_carts.csv,4-17-24_Cart80,0.35,2.3273148247859696,2.326732291213103,2.327667873456099
aa0add65ba0fd9e0e2561c9b,4-17-24_train-ready_all_carts.csv,4-17-24_Cart80,0.4,2.639014392849834,2.626704997786432,2.7993518743860752
aa0add65ba0fd9e0e2561c9b,4-17-24_train-ready_all_carts.csv,4-17-24_Cart80,0.45,3.0526099624311995,2.872673346300138,3.5827963431320096
aa0add65ba0fd9e0e2561c9b,4-17-24_train-ready_all_carts.csv,4-17-24_Cart80,0.5,3.0324790658379515,3.030938275972758,3.0432083998440906
aa0add65ba0fd9e0e2561c9b,4-17-24_train-ready_all_carts.csv,4-17-24_Cart80,0.55,3.4079913805748707,3.2151747282483987,3.993817068581147
aa0add65ba0fd9e0e2561c9b,4-17-24_train-ready_all_carts.csv,4-17-24_Cart80,0.6,3.483239166535833,3.476603119193192,3.48626435518676
aa0add65ba0fd9e0e2561c9b,4-17-24_train-ready_all_carts.csv,4-17-24_Cart80,0.65,3.684697114694471,3.68438170363937,3.6852637698984982
aa0add65ba0fd9e0e2561c9b,4-17-24_train-ready_all_carts.csv,4-17-24_Cart80,0.7,3.9193833267313205,3.765951563435668,3.99833789502785
aa0add65ba0fd9e0e2561c9b,4-17-24_train-ready_all_carts.csv,4-17-24_Cart80,0.75,4.353934422596296,4.352695844483712,4.354561062749273
aa0add65ba0fd9e0e2561c9b,4-17-24_train-ready_all_carts.csv,4-17-24_Cart80,0.8,4.584894772117736,4.555062910937281,4.683296813716589
aa0add65ba0fd9e0e2561c9b,4-17-24_train-ready_all_carts.csv,4-17-24_Cart80,0.85,4.641212667326089,4.524762213146019,5.418850227092378
aa0add65ba0fd9e0e2561c9b,4-17-24_train-ready_all_carts.csv,4-17-24_Cart80,0.9,5.199480433393161,5.081952145081355,5.653570417531682
aa0add65ba0fd9e0e2561c9b,4-17-24_train-ready_all_carts.csv,4-17-24_Cart80,0.95,4.545524258564878,4.544838482923013,4.545682192793215
aa0add65ba0fd9e0e2561c9b,4-17-24_train-ready_all_carts.csv,4-17-24_Cart80,1.0,5.331855061913244,5.331429678451734,5.331972026029389
c7d969cc2a4fc405aea456d7,4-24-24_train-ready_all_carts.csv,4-24-24_Cart10,0.0,0.14244244141967732,0.14200616620731232,0.14353064355194334
c7d969cc2a4fc405aea456d7,4-24-24_train-ready_all_carts.csv,4-24-24_Cart10,0.05,1.0055949263182786,0.9360847255598599,1.311757892816563
c7d969cc2a4fc405aea456d7,4-24-24_train-ready_all_carts.csv,4-24-24_Cart10,0.1,1.2592212215703156,1.2586301991672404,1.2604584533264065
c7d969cc2a4fc405aea456d7,4-24-24_train-ready_all_carts.csv,4-24-24_Cart10,0.15,1.564707091424908,1.5456762943408127,1.6092925537046083
c7d969cc2a4fc405aea456d7,4-24-24_train-ready_all_carts.csv,4-24-24_Cart10,0.2,1.823898070795912,1.5658860910052181,2.015157395048678
c7d969cc2a4fc405aea456d7,4-24-24_train-ready_all_carts.csv,4-24-24_Cart10,0.25,1.9719743524900928,1.9712527582606387,2.0080349225432244
c7d969cc2a4fc405aea456d7,4-24-24_train-ready_all_carts.csv,4-24-24_Cart10,0.3,2.159283086614709,2.1586745386261796,2.1602907456308467
c7d969cc2a4fc405aea456d7,4-24-24_train-ready_all_carts.csv,4-24-24_Cart10,0.35,2.4561205150800305,2.4556628611393108,2.457184666142897
c7d969cc2a4fc405aea456d7,4-24-24_train-ready_all_carts.csv,4-24-24_Cart10,0.4,2.6783772553187823,2.676972846878751,2.8295068420248555
c7d969cc2a4fc405aea456d7,4-24-24_train-ready_all_carts.csv,4-24-24_Cart10,0.45,2.78257494001324,2.7425333897210122,3.0603053164535012
c7d969cc2a4fc405aea456d7,4-24-24_train-ready_all_carts.csv,4-24-24_Cart10,0.5,3.17657868885294,3.1731334197720478,3.181116883273527
c7d969cc2a4fc405aea456d7,4-24-24_train-ready_all_carts.csv,4-24-24_Cart10,0.55,3.399154867067697,3.3976396496955226,3.4006147731949987
c7d969cc2a4fc405aea456d7,4-24-24_train-ready_all_carts.csv,4-24-24_Cart10,0.6,3.567985916556942,3.563004051375519,3.575271650455969
c7d969cc2a4fc405aea456d7,4-24-24_train-ready_all_carts.csv,4-24-24_Cart10,0.65,3.8820879111184095,3.873923660637904,3.941636929560094
c7d969cc2a4fc405aea456d7,4-24-24_train-ready_all_carts.csv,4-24-24_Cart10,0.7,4.41989592482922,4.126052636988017,5.003997088894566
c7d969cc2a4fc405aea456d7,4-24-24_train-ready_all_carts.csv,4-24-24_Cart10,0.75,4.321679312276926,4.320041229364174,4.322236215721085
c7d969cc2a4fc405aea456d7,4-24-24_train-ready_all_carts.csv,4-24-24_Cart10,0.8,4.391288203211589,3.8009828576006033,4.624401981491609
c7d969cc2a4fc405aea456d7,4-24-24_train-ready_all_carts.csv,4-24-24_Cart10,0.85,4.754311440176094,4.753729802040407,4.755339670003527
c7d969cc2a4fc405aea456d7,4-24-24_train-ready_all_carts.csv,4-24-24_Cart10,0.9,5.004253633634829,4.93397497945748,5.2415306706721605
c7d969cc2a4fc405aea456d7,4-24-24_train-ready_all_carts.csv,4-24-24_Cart10,0.95,5.108813016582273,5.107670497564593,5.109264580071311
c7d969cc2a4fc405aea456d7,4-24-24_train-ready_all_carts.csv,4-24-24_Cart10,1.0,5.531399628053144,5.530523348780446,5.533108994109568
11476d909fb1f8b529a4ab78,4-24-24_train-ready_all_carts.csv,4-24-24_Cart11,0.0,0.7690745201372584,0.762613988269863,0.796967307104395
11476d909fb1f8b529a4ab78,4-24-24_train-ready_all_carts.csv,4-24-24_Cart11,0.05,0.9993279384781132,0.9948543526528029,1.0034276928009394
11476d909fb1f8b529a4ab78,4-24-24_train-ready_all_carts.csv,4-24-24_Cart11,0.1,1.3376626596216294,1.3196997836742765,2.063774744744528
11476d909fb1f8b529a4ab78,4-24-24_train-ready_all_carts.csv,4-24-24_Cart11,0.15,1.6626838972211175,1.4199021478891674,1.8830023350039835
11476d909fb1f8b529a4ab78,4-24-24_train-ready_all_carts.csv,4-24-24_Cart11,0.2,1.884228975489031,1.8550494020341872,2.178452705903435
11476d909fb1f8b529a4ab78,4-24-24_train-ready_all_carts.csv,4-24-24_Cart11,0.25,2.368906869639261,1.7143112606759732,2.8125042303432006
11476d909fb1f8b529a4ab78,4-24-24_train-ready_all_carts.csv,4-24-24_Cart11,0.3,2.4614478473009758,2.0624967204216196,2.5269177412930786
11476d909fb1f8b529a4ab78,4-24-24_train-ready_all_carts.csv,4-24-24_Cart11,0.35,2.7784053898092047,2.6467188150365097,3.1694354571228613
11476d909fb1f8b529a4ab78,4-24-24_train-ready_all_carts.csv,4-24-24_Cart11,0.4,2.8485039599435704,2.828888477128128,2.939775174752045
11476d909fb1f8b529a4ab78,4-24-24_train-ready_all_carts.csv,4-24-24_Cart11,0.45,3.195257869721642,3.1888875881516827,3.259372256819253
11476d909fb1f8b529a4ab78,4-24-24_train-ready_all_carts.csv,4-24-24_Cart11,0.5,3.4811748175584905,3.4811431485914297,3.481339483669831
11476d909fb1f8b529a4ab78,4-24-24_train-ready_all_carts.csv,4-24-24_Cart11,0.55,3.403216585598913,3.40137590512209,3.4037360567977446
11476d909fb1f8b529a4ab78,4-24-24_train-ready_all_carts.csv,4-24-24_Cart11,0.6,4.023142248643948,4.0227520819628015,4.023675488958894
11476d909fb1f8b529a4ab78,4-24-24_train-ready_all_carts.csv,4-24-24_Cart11,0.65,4.203952022758674,4.201929026667129,4.352535869065311
11476d909fb1f8b529a4ab78,4-24-24_train-ready_all_carts.csv,4-24-24_Cart11,0.7,4.547416365523422,4.538347837890328,5.327820451003617
11476d909fb1f8b529a4ab78,4-24-24_train-ready_all_carts.csv,4-24-24_Cart11,0.75,4.8168754643910265,4.816685513175551,4.817770018830171
11476d909fb1f8b529a4ab78,4-24-24_train-ready_all_carts.csv,4-24-24_Cart11,0.8,3.2857447456067725,3.279930298219563,3.2896004110530397
11476d909fb1f8b529a4ab78,4-24-24_train-ready_all_carts.csv,4-24-24_Cart11,0.85,5.2294444974543035,5.226624770234912,5.2308717915132625
11476d909fb1f8b529a4ab78,4-24-24_train-ready_all_carts.csv,4-24-24_Cart11,0.9,5.221762582400741,5.220600406413861,5.279756221864504
11476d909fb1f8b529a4ab78,4-24-24_train-ready_all_carts.csv,4-24-24_Cart11,0.95,5.459645342806361,5.45036445785066,5.465855026412923
11476d909fb1f8b529a4ab78,4-24-24_train-ready_all_carts.csv,4-24-24_Cart11,1.0,5.004410825858335,5.003678246294199,5.004743788120717
3d0f2f93e6f22737b90bd386,4-24-24_train-ready_all_carts.csv,4-24-24_Cart13,0.0,0.4633780602245054,0.42683532737949403,0.5293609177709079
3d0f2f93e6f22737b90bd386,4-24-24_train-ready_all_carts.csv,4-24-24_Cart13,0.05,1.363697598461067,1.3278572191390974,1.5852337373886276
3d0f2f93e6f22737b90bd386,4-24-24_train-ready_all_carts.csv,4-24-24_Cart13,0.1,1.566891728620882,1.5665405518593611,1.5673993069533467
3d0f2f93e6f22737b90bd386,4-24-24_train-ready_all_carts.csv,4-24-24_Cart13,0.15,2.1196974417558008,2.118649144237551,2.1205341029475715
3d0f2f93e6f22737b90bd386,4-24-24_train-ready_all_carts.csv,4-24-24_Cart13,0.2,2.4432219403998663,2.4422910894144425,2.443769055188926
3d0f2f93e6f22737b90bd386,4-24-24_train-ready_all_carts.csv,4-24-24_Cart13,0.25,2.856219765992638,2.85611278499244,2.8563936101179612
3d0f2f93e6f22737b90bd386,4-24-24_train-ready_all_carts.csv,4-24-24_Cart13,0.3,3.641118433384498,3.5316594276269524,4.125659802860083
3d0f2f93e6f22737b90bd386,4-24-24_train-ready_all_carts.csv,4-24-24_Cart13,0.35,3.956965882427356,3.9565635408396522,3.9571089113732736
3d0f2f93e6f22737b90bd386,4-24-24_train-ready_all_carts.csv,4-24-24_Cart13,0.4,4.282660234836319,4.279812447124512,4.283932959887595
3d0f2f93e6f22737b90bd386,4-24-24_train-ready_all_carts.csv,4-24-24_Cart13,0.45,4.910515445284471,4.909133994977559,4.912115508939617
3d0f2f93e6f22737b90bd386,4-24-24_train-ready_all_carts.csv,4-24-24_Cart13,0.5,5.276727688681696,5.274046186654979,5.278975452522825
3d0f2f93e6f22737b90bd386,4-24-24_train-ready_all_carts.csv,4-24-24_Cart13,0.55,1.407931916369269,0.8914788122366182,1.63523223810101
3d0f2f93e6f22737b90bd386,4-24-24_train-ready_all_carts.csv,4-24-24_Cart13,0.6,1.7431801372307514,1.3264344881201522,1.8560805589675131
3d0f2f93e6f22737b90bd386,4-24-24_train-ready_all_carts.csv,4-24-24_Cart13,0.65,2.334161787719148,2.333451294337393,2.335458932346555
3d0f2f93e6f22737b90bd386,4-24-24_train-ready_all_carts.csv,4-24-24_Cart13,0.7,2.838300448459373,2.457828335437852,3.025052645441927
3d0f2f93e6f22737b90bd386,4-24-24_train-ready_all_carts.csv,4-24-24_Cart13,0.75,3.381103438075721,3.380861567988317,3.381632528891922
3d0f2f93e6f22737b90bd386,4-24-24_train-ready_all_carts.csv,4-24-24_Cart13,0.8,3.841665946626358,3.8404734573252313,3.842747966416411
3d0f2f93e6f22737b90bd386,4-24-24_train-ready_all_carts.csv,4-24-24_Cart13,0.85,4.132163549969983,4.106563694324633,4.502300949521232
3d0f2f93e6f22737b90bd386,4-24-24_train-ready_all_carts.csv,4-24-24_Cart13,0.9,4.620020167614765,4.619003266694399,4.620584143539725
3d0f2f93e6f22737b90bd386,4-24-24_train-ready_all_carts.csv,4-24-24_Cart13,0.95,5.144424750870872,5.133717348155344,5.435514238226466
3d0f2f93e6f22737b90bd386,4-24-24_train-ready_all_carts.csv,4-24-24_Cart13,1.0,5.3751362548209025,5.375001656442936,5.375258934120042
ce5a7c393cf9dea0b25d8795,4-24-24_train-ready_all_carts.csv,4-24-24_Cart16,0.0,0.9830868449634251,0.9816748873068153,1.0060760660880068
ce5a7c393cf9dea0b25d8795,4-24-24_train-ready_all_carts.csv,4-24-24_Cart16,0.05,1.3839467123630995,1.3326204881532104,1.5168017504740454
ce5a7c393cf9dea0b25d8795,4-24-24_train-ready_all_carts.csv,4-24-24_Cart16,0.1,0.9452919940301241,0.9448482972189692,0.945832437223481
ce5a7c393cf9dea0b25d8795,4-24-24_train-ready_all_carts.csv,4-24-24_Cart16,0.15,1.2288643462147926,1.1927117313991622,1.2841010125981034
ce5a7c393cf9dea0b25d8795,4-24-24_train-ready_all_carts.csv,4-24-24_Cart16,0.2,1.1825327612777397,0.8553208014372352,1.6692226714693594
ce5a7c393cf9dea0b25d8795,4-24-24_train-ready_all_carts.csv,4-24-24_Cart16,0.25,1.9322583662349322,1.8995068343130415,2.0734935539008696
ce5a7c393cf9dea0b25d8795,4-24-24_train-ready_all_carts.csv,4-24-24_Cart16,0.3,2.281441686973574,2.2802425958816075,2.2879257791039724
ce5a7c393cf9dea0b25d8795,4-24-24_train-ready_all_carts.csv,4-24-24_Cart16,0.35,2.415038753895546,2.4144427029907463,2.8203831042649457
ce5a7c393cf9dea0b25d8795,4-24-24_train-ready_all_carts.csv,4-24-24_Cart16,0.4,2.6202318222172707,2.5491387426002885,2.9044854455039912
ce5a7c393cf9dea0b25d8795,4-24-24_train-ready_all_carts.csv,4-24-24_Cart16,0.45,2.9291801741444905,2.681713351083733,3.629319886200546
ce5a7c393cf9dea0b25d8795,4-24-24_train-ready_all_carts.csv,4-24-24_Cart16,0.5,3.2924867500189,3.2917007623003696,3.3941397310605588
ce5a7c393cf9dea0b25d8795,4-24-24_train-ready_all_carts.csv,4-24-24_Cart16,0.55,3.6038641841152423,3.6028350429418223,3.604259691663778
ce5a7c393cf9dea0b25d8795,4-24-24_train-ready_all_carts.csv,4-24-24_Cart16,0.6,3.918254366767635,3.917247664869174,3.918863967070703
ce5a7c393cf9dea0b25d8795,4-24-24_train-ready_all_carts.csv,4-24-24_Cart16,0.65,4.150705636310762,4.1003492669931845,4.194750131867781
ce5a7c393cf9dea0b25d8795,4-24-24_train-ready_all_carts.csv,4-24-24_Cart16,0.7,4.40310456296004,3.9622782623345265,4.608352319350792
ce5a7c393cf9dea0b25d8795,4-24-24_train-ready_all_carts.csv,4-24-24_Cart16,0.75,4.668298781095839,4.657889961679816,4.686790276399901
ce5a7c393cf9dea0b25d8795,4-24-24_train-ready_all_carts.csv,4-24-24_Cart16,0.8,5.12058014765974,5.12026066388429,5.120731766039453
ce5a7c393cf9dea0b25d8795,4-24-24_train-ready_all_carts.csv,4-24-24_Cart16,0.85,5.496705312628548,5.379086910072129,5.755918666964189
ce5a7c393cf9dea0b25d8795,4-24-24_train-ready_all_carts.csv,4-24-24_Cart16,0.9,5.859748257676929,5.8010840840077815,6.057317612985882
ce5a7c393cf9dea0b25d8795,4-24-24_train-ready_all_carts.csv,4-24-24_Cart16,0.95,6.263391576123505,6.190909897767288,6.650890571950586
ce5a7c393cf9dea0b25d8795,4-24-24_train-ready_all_carts.csv,4-24-24_Cart16,1.0,6.495684667171014,6.176056201314937,6.7246511050510165
410e54365e85aac08da53558,4-24-24_train-ready_all_carts.csv,4-24-24_Cart2,0.0,0.6266438334020364,0.6262113009137609,0.6306903160346179
410e54365e85aac08da53558,4-24-24_train-ready_all_carts.csv,4-24-24_Cart2,0.05,0.6241217676765866,0.6239036286113658,0.624427186149751
410e54365e85aac08da53558,4-24-24_train-ready_all_carts.csv,4-24-24_Cart2,0.1,0.9656636895319402,0.6964626628404114,1.1057241303364054
410e54365e85aac08da53558,4-24-24_train-ready_all_carts.csv,4-24-24_Cart2,0.15,1.3032756598443371,1.1778437353392184,1.902798983191222
410e54365e85aac08da53558,4-24-24_train-ready_all_carts.csv,4-24-24_Cart2,0.2,1.2958045900880895,1.2949586695048343,1.304180916155881
410e54365e85aac08da53558,4-24-24_train-ready_all_carts.csv,4-24-24_Cart2,0.25,1.5381916346930526,1.5379692743485651,1.5383949695535206
410e54365e85aac08da53558,4-24-24_train-ready_all_carts.csv,4-24-24_Cart2,0.3,1.6261179090931737,1.6258770583564035,1.6262524549379804
410e54365e85aac08da53558,4-24-24_train-ready_all_carts.csv,4-24-24_Cart2,0.35,1.8413032679200185,1.130593648501452,2.3357160240624886
410e54365e85aac08da53558,4-24-24_train-ready_all_carts.csv,4-24-24_Cart2,0.4,2.1233905522117293,2.1230700917152605,2.1237233198181724
410e54365e85aac08da53558,4-24-24_train-ready_all_carts.csv,4-24-24_Cart2,0.45,2.2397230633470073,1.7960603101917634,2.722528312234014
410e54365e85aac08da53558,4-24-24_train-ready_all_carts.csv,4-24-24_Cart2,0.5,2.242812326314814,2.2425300356956623,2.243284752864895
410e54365e85aac08da53558,4-24-24_train-ready_all_carts.csv,4-24-24_Cart2,0.55,2.8782254416269923,2.7843022752090145,3.059011120069802
410e54365e85aac08da53558,4-24-24_train-ready_all_carts.csv,4-24-24_Cart2,0.6,2.938858470107147,2.938352986778581,2.9401933456297265
410e54365e85aac08da53558,4-24-24_train-ready_all_carts.csv,4-24-24_Cart2,0.65,3.124735070800619,3.124215615632225,3.1258889664064538
410e54365e85aac08da53558,4-24-24_train-ready_all_carts.csv,4-24-24_Cart2,0.7,3.2819450234464043,2.847755593876639,3.7662098836855984
410e54365e85aac08da53558,4-24-24_train-ready_all_carts.csv,4-24-24_Cart2,0.75,3.6678805340777796,3.6663678297342472,3.699412479473569
410e54365e85aac08da53558,4-24-24_train-ready_all_carts.csv,4-24-24_Cart2,0.8,3.8898627470709,3.8891544045189663,3.8993181153558343
410e54365e85aac08da53558,4-24-24_train-ready_all_carts.csv,4-24-24_Cart2,0.85,3.825121403135097,3.011909075279569,4.423409615841235
410e54365e85aac08da53558,4-24-24_train-ready_all_carts.csv,4-24-24_Cart2,0.9,4.129661136756343,4.129493712496962,4.1300050223800095
410e54365e85aac08da53558,4-24-24_train-ready_all_carts.csv,4-24-24_Cart2,0.95,5.292358407136451,4.863811817217851,5.3376281789062485
410e54365e85aac08da53558,4-24-24_train-ready_all_carts.csv,4-24-24_Cart2,1.0,4.579663775733548,4.578554946742987,4.658559782507314
09d421b026c4ea46f24c47cc,4-24-24_train-ready_all_carts.csv,4-24-24_Cart20,0.0,1.0919646990608223,0.6991439400499848,3.119429887896384
09d421b026c4ea46f24c47cc,4-24-24_train-ready_all_carts.csv,4-24-24_Cart20,0.05,1.039192391901878,0.8908530707705556,1.7351201085981158
09d421b026c4ea46f24c47cc,4-24-24_train-ready_all_carts.csv,4-24-24_Cart20,0.1,1.318376927102082,1.3165781754991737,1.319205767603069
09d421b026c4ea46f24c47cc,4-24-24_train-ready_all_carts.csv,4-24-24_Cart20,0.15,1.6542859103618242,1.653758079086514,2.1331599388249414
09d421b026c4ea46f24c47cc,4-24-24_train-ready_all_carts.csv,4-24-24_Cart20,0.2,1.9090705065316733,1.6937718826492065,2.1651383312023573
09d421b026c4ea46f24c47cc,4-24-24_train-ready_all_carts.csv,4-24-24_Cart20,0.25,1.9071512430347735,1.9062644459158575,1.9087976979007188
09d421b026c4ea46f24c47cc,4-24-24_train-ready_all_carts.csv,4-24-24_Cart20,0.3,2.069145738470784,1.9892228860725547,2.3972528953274295
09d421b026c4ea46f24c47cc,4-24-24_train-ready_all_carts.csv,4-24-24_Cart20,0.35,2.396920507022734,2.341387652438016,2.5295157810201854
09d421b026c4ea46f24c47cc,4-24-24_train-ready_all_carts.csv,4-24-24_Cart20,0.4,2.4403507754409546,1.8880842596365026,2.605109402550988
09d421b026c4ea46f24c47cc,4-24-24_train-ready_all_carts.csv,4-24-24_Cart20,0.45,2.7519423250074175,2.750934339721256,2.752444998917652
09d421b026c4ea46f24c47cc,4-24-24_train-ready_all_carts.csv,4-24-24_Cart20,0.5,4.149300052854959,3.4166668613581264,4.716944887217129
09d421b026c4ea46f24c47cc,4-24-24_train-ready_all_carts.csv,4-24-24_Cart20,0.55,3.25727669422605,3.246938504981121,3.259906044640408
09d421b026c4ea46f24c47cc,4-24-24_train-ready_all_carts.csv,4-24-24_Cart20,0.6,3.304605001684486,3.302773383201398,3.30877294138066
09d421b026c4ea46f24c47cc,4-24-24_train-ready_all_carts.csv,4-24-24_Cart20,0.65,4.115034639584725,3.906826132132085,4.322961682108751
09d421b026c4ea46f24c47cc,4-24-24_train-ready_all_carts.csv,4-24-24_Cart20,0.7,3.7879293815549495,3.7448547652413873,3.9795379504425434
09d421b026c4ea46f24c47cc,4-24-24_train-ready_all_carts.csv,4-24-24_Cart20,0.75,4.64944064347733,4.582273860091636,6.070238340470149
09d421b026c4ea46f24c47cc,4-24-24_train-ready_all_carts.csv,4-24-24_Cart20,0.8,4.852459227091261,4.851838137734124,4.852992739061911
09d421b026c4ea46f24c47cc,4-24-24_train-ready_all_carts.csv,4-24-24_Cart20,0.85,4.546126378353513,4.545271568959545,4.546473441787835
09d421b026c4ea46f24c47cc,4-24-24_train-ready_all_carts.csv,4-24-24_Cart20,0.9,4.977511619714849,4.976627257179649,4.978995836626986
09d421b026c4ea46f24c47cc,4-24-24_train-ready_all_carts.csv,4-24-24_Cart20,0.95,5.288211841131588,5.287385097077692,5.288793097994022
09d421b026c4ea46f24c47cc,4-24-24_train-ready_all_carts.csv,4-24-24_Cart20,1.0,5.298154410522506,5.047855534851225,5.722781315112781
fc3025a85b5f560cb8b5bb32,4-24-24_train-ready_all_carts.csv,4-24-24_Cart25,0.0,1.179606541078904,1.1787326991812794,1.1798145338328774
fc3025a85b5f560cb8b5bb32,4-24-24_train-ready_all_carts.csv,4-24-24_Cart25,0.05,1.3762703280270578,1.3692159354892772,1.5487844882119424
fc3025a85b5f560cb8b5bb32,4-24-24_train-ready_all_carts.csv,4-24-24_Cart25,0.1,1.7698661478973925,1.7688741143726323,1.770547383739047
fc3025a85b5f560cb8b5bb32,4-24-24_train-ready_all_carts.csv,4-24-24_Cart25,0.15,2.1481433524996616,2.1016809711506004,2.5077793001408537
fc3025a85b5f560cb8b5bb32,4-24-24_train-ready_all_carts.csv,4-24-24_Cart25,0.2,2.6924457518592617,2.661847124233606,2.9212089141501996
fc3025a85b5f560cb8b5bb32,4-24-24_train-ready_all_carts.csv,4-24-24_Cart25,0.25,3.0262553992340444,3.024351601728529,3.0286535454749433
fc3025a85b5f560cb8b5bb32,4-24-24_train-ready_all_carts.csv,4-24-24_Cart25,0.3,2.9599986436492607,2.951631888320782,3.073736570622534
fc3025a85b5f560cb8b5bb32,4-24-24_train-ready_all_carts.csv,4-24-24_Cart25,0.35,3.7101914021398077,3.7098599073054066,3.71031633395766
fc3025a85b5f560cb8b5bb32,4-24-24_train-ready_all_carts.csv,4-24-24_Cart25,0.4,4.346568891670662,3.5960247581872333,4.535049474342615
fc3025a85b5f560cb8b5bb32,4-24-24_train-ready_all_carts.csv,4-24-24_Cart25,0.45,3.7144043617521993,3.7105024040711165,3.8676210154979227
fc3025a85b5f560cb8b5bb32,4-24-24_train-ready_all_carts.csv,4-24-24_Cart25,0.5,-0.01041293733365365,-0.010676962178140563,-0.01034308444803125
fc3025a85b5f560cb8b5bb32,4-24-24_train-ready_all_carts.csv,4-24-24_Cart25,0.55,0.5891535792943658,0.5035930536588463,0.7409673882952077
fc3025a85b5f560cb8b5bb32,4-24-24_train-ready_all_carts.csv,4-24-24_Cart25,0.6,1.060215296161636,1.0598519386074774,1.061019353256373
fc3025a85b5f560cb8b5bb32,4-24-24_train-ready_all_carts.csv,4-24-24_Cart25,0.65,1.4486082334595902,1.4482787130244903,1.4492890608048377
fc3025a85b5f560cb8b5bb32,4-24-24_train-ready_all_carts.csv,4-24-24_Cart25,0.7,1.7018991540213482,1.7016860550622857,1.7022758557914732
fc3025a85b5f560cb8b5bb32,4-24-24_train-ready_all_carts.csv,4-24-24_Cart25,0.75,1.6535835606385236,1.6508534429840818,1.6559763283433953
fc3025a85b5f560cb8b5bb32,4-24-24_train-ready_all_carts.csv,4-24-24_Cart25,0.8,2.44770466109912,2.389336583880984,2.6879260114451027
fc3025a85b5f560cb8b5bb32,4-24-24_train-ready_all_carts.csv,4-24-24_Cart25,0.85,2.652726284537531,2.651739629548798,2.6540099844969944
fc3025a85b5f560cb8b5bb32,4-24-24_train-ready_all_carts.csv,4-24-24_Cart25,0.9,3.2504368658224063,3.043684102693235,3.921474594672459
fc3025a85b5f560cb8b5bb32,4-24-24_train-ready_all_carts.csv,4-24-24_Cart25,0.95,3.6196195787468604,3.6095993661277133,3.652876156328362
fc3025a85b5f560cb8b5bb32,4-24-24_train-ready_all_carts.csv,4-24-24_Cart25,1.0,2.9419226776329435,2.9417044724687917,2.9424652970271064
331baeb8512865340f1e7466,4-24-24_train-ready_all_carts.csv,4-24-24_Cart26,0.0,0.5983631864952031,0.5980963252202423,0.5999489212037674
331baeb8512865340f1e7466,4-24-24_train-ready_all_carts.csv,4-24-24_Cart26,0.05,0.8789121942245517,0.8783448407235923,0.8802068250796824
331baeb8512865340f1e7466,4-24-24_train-ready_all_carts.csv,4-24-24_Cart26,0.1,1.264083682522988,1.2028123980958405,1.759459553311717
331baeb8512865340f1e7466,4-24-24_train-ready_all_carts.csv,4-24-24_Cart26,0.15,1.3487976689407608,1.3466791762410997,1.3496981167560094
331baeb8512865340f1e7466,4-24-24_train-ready_all_carts.csv,4-24-24_Cart26,0.2,1.615053200959663,1.6134290125059356,1.7608410587650336
331baeb8512865340f1e7466,4-24-24_train-ready_all_carts.csv,4-24-24_Cart26,0.25,1.7720447953428042,1.7707985853406965,1.773958480051923
331baeb8512865340f1e7466,4-24-24_train-ready_all_carts.csv,4-24-24_Cart26,0.3,2.028771772247553,2.02768445723591,2.0309190088002036
331baeb8512865340f1e7466,4-24-24_train-ready_all_carts.csv,4-24-24_Cart26,0.35,2.2155232215829823,2.18303025704764,2.548488928028426
331baeb8512865340f1e7466,4-24-24_train-ready_all_carts.csv,4-24-24_Cart26,0.4,2.8033690963026006,2.4746070658250505,3.910116688772301
331baeb8512865340f1e7466,4-24-24_train-ready_all_carts.csv,4-24-24_Cart26,0.45,2.3488278233770465,2.3476938880221874,2.693829230538922
331baeb8512865340f1e7466,4-24-24_train-ready_all_carts.csv,4-24-24_Cart26,0.5,2.607345021461293,2.605096956359452,2.6095930865631343
331baeb8512865340f1e7466,4-24-24_train-ready_all_carts.csv,4-24-24_Cart26,0.55,3.009459307043284,2.9267983519329044,3.2892523578693926
331baeb8512865340f1e7466,4-24-24_train-ready_all_carts.csv,4-24-24_Cart26,0.6,3.060798272032066,3.060178510834939,3.061837552014216
331baeb8512865340f1e7466,4-24-24_train-ready_all_carts.csv,4-24-24_Cart26,0.65,3.239685351746353,3.2362211708777497,3.3501088176978
331baeb8512865340f1e7466,4-24-24_train-ready_all_carts.csv,4-24-24_Cart26,0.7,3.6302545112303886,3.4393200274859232,4.782006167844825
331baeb8512865340f1e7466,4-24-24_train-ready_all_carts.csv,4-24-24_Cart26,0.75,3.70045253036871,2.926436513765626,3.9897449423285316
331baeb8512865340f1e7466,4-24-24_train-ready_all_carts.csv,4-24-24_Cart26,0.8,4.315222457094645,3.696370646028474,4.587440248731473
331baeb8512865340f1e7466,4-24-24_train-ready_all_carts.csv,4-24-24_Cart26,0.85,4.247066730508795,4.24616789029159,4.247667714960793
331baeb8512865340f1e7466,4-24-24_train-ready_all_carts.csv,4-24-24_Cart26,0.9,4.5013231507427,3.9447437718602716,6.462834158824588
331baeb8512865340f1e7466,4-24-24_train-ready_all_carts.csv,4-24-24_Cart26,0.95,4.854297665457274,4.806210421179875,5.146469607029809
331baeb8512865340f1e7466,4-24-24_train-ready_all_carts.csv,4-24-24_Cart26,1.0,4.982918369596359,4.9823505659679475,5.086325506045743
20dbbdd4ee666315fdb25d06,4-24-24_train-ready_all_carts.csv,4-24-24_Cart28,0.0,0.7389004071393075,0.7103123885423844,0.8058430143171824
20dbbdd4ee666315fdb25d06,4-24-24_train-ready_all_carts.csv,4-24-24_Cart28,0.05,0.9811732631707893,0.6468436223017744,1.1850952694606962
20dbbdd4ee666315fdb25d06,4-24-24_train-ready_all_carts.csv,4-24-24_Cart28,0.1,1.03951227619201,0.9539465756692587,1.2025794598562944
20dbbdd4ee666315fdb25d06,4-24-24_train-ready_all_carts.csv,4-24-24_Cart28,0.15,1.6505553871884375,1.4588768335795388,2.4853031627760105
20dbbdd4ee666315fdb25d06,4-24-24_train-ready_all_carts.csv,4-24-24_Cart28,0.2,1.1601456007336413,1.1597170772660585,1.1603476292473642
20dbbdd4ee666315fdb25d06,4-24-24_train-ready_all_carts.csv,4-24-24_Cart28,0.25,1.6004903601156055,1.6000929936428343,1.602032008218863
20dbbdd4ee666315fdb25d06,4-24-24_train-ready_all_carts.csv,4-24-24_Cart28,0.3,1.7377871014189985,1.737130246374705,1.849568822125278
20dbbdd4ee666315fdb25d06,4-24-24_train-ready_all_carts.csv,4-24-24_Cart28,0.35,2.290677485426339,2.005847454166425,2.567726270411595
20dbbdd4ee666315fdb25d06,4-24-24_train-ready_all_carts.csv,4-24-24_Cart28,0.4,3.6107960758931483,2.140650061636764,5.925877678290983
20dbbdd4ee666315fdb25d06,4-24-24_train-ready_all_carts.csv,4-24-24_Cart28,0.45,2.539217161003635,2.538038245913652,2.6096876583055635
20dbbdd4ee666315fdb25d06,4-24-24_train-ready_all_carts.csv,4-24-24_Cart28,0.5,2.565116166964169,2.5648732079983145,2.5652508963690996
20dbbdd4ee666315fdb25d06,4-24-24_train-ready_all_carts.csv,4-24-24_Cart28,0.55,3.1330379971418982,2.9673763213244295,3.6929024316804315
20dbbdd4ee666315fdb25d06,4-24-24_train-ready_all_carts.csv,4-24-24_Cart28,0.6,3.078621485783224,3.0307665719381145,3.25366876353027
20dbbdd4ee666315fdb25d06,4-24-24_train-ready_all_carts.csv,4-24-24_Cart28,0.65,3.183926880751211,3.181422907867164,3.51026419490493
20dbbdd4ee666315fdb25d06,4-24-24_train-ready_all_carts.csv,4-24-24_Cart28,0.7,3.6781253577750492,3.35294413211301,3.9188797858636164
20dbbdd4ee666315fdb25d06,4-24-24_train-ready_all_carts.csv,4-24-24_Cart28,0.75,3.841849790045667,3.650863840033003,4.171641332628338
20dbbdd4ee666315fdb25d06,4-24-24_train-ready_all_carts.csv,4-24-24_Cart28,0.8,3.8221047825128935,3.388905797898788,4.70381802173581
20dbbdd4ee666315fdb25d06,4-24-24_train-ready_all_carts.csv,4-24-24_Cart28,0.85,4.103424240378502,4.102625965374602,4.107816917491168
20dbbdd4ee666315fdb25d06,4-24-24_train-ready_all_carts.csv,4-24-24_Cart28,0.9,4.941153838760018,4.7681610204539835,5.327094090425519
20dbbdd4ee666315fdb25d06,4-24-24_train-ready_all_carts.csv,4-24-24_Cart28,0.95,4.699026600683232,4.698505786917337,4.699392023037114
20dbbdd4ee666315fdb25d06,4-24-24_train-ready_all_carts.csv,4-24-24_Cart28,1.0,5.236956379687336,5.020582201648022,5.5877542961400835
016807cf2e06702505967d9c,4-24-24_train-ready_all_carts.csv,4-24-24_Cart32,0.0,0.7508385388420433,0.7506368388350105,0.7520169540524991
016807cf2e06702505967d9c,4-24-24_train-ready_all_carts.csv,4-24-24_Cart32,0.05,1.1582606708683656,1.1577949488197268,1.1584436564417564
016807cf2e06702505967d9c,4-24-24_train-ready_all_carts.csv,4-24-24_Cart32,0.1,1.489805577274038,1.489211468269522,1.797641256814724
016807cf2e06702505967d9c,4-24-24_train-ready_all_carts.csv,4-24-24_Cart32,0.15,2.119627662268553,1.4539800913709715,2.5544075633783887
016807cf2e06702505967d9c,4-24-24_train-ready_all_carts.csv,4-24-24_Cart32,0.2,2.542100951815261,1.671974607248883,3.4101285469122877
016807cf2e06702505967d9c,4-24-24_train-ready_all_carts.csv,4-24-24_Cart32,0.25,2.9916941292000736,2.9218233456150715,3.32796873739069
016807cf2e06702505967d9c,4-24-24_train-ready_all_carts.csv,4-24-24_Cart32,0.3,3.43915326704067,3.4374108047413277,3.5112400178016134
016807cf2e06702505967d9c,4-24-24_train-ready_all_carts.csv,4-24-24_Cart32,0.35,3.8369686564639824,3.8339822487309854,4.188545967927496
016807cf2e06702505967d9c,4-24-24_train-ready_all_carts.csv,4-24-24_Cart32,0.4,4.282981732987588,4.2811015562209995,4.283990351844554
016807cf2e06702505967d9c,4-24-24_train-ready_all_carts.csv,4-24-24_Cart32,0.45,4.655409656429962,4.654699220882363,4.655884943633574
016807cf2e06702505967d9c,4-24-24_train-ready_all_carts.csv,4-24-24_Cart32,0.5,0.1018766381580698,0.10139838040943502,0.1025182758829462
016807cf2e06702505967d9c,4-24-24_train-ready_all_carts.csv,4-24-24_Cart32,0.55,0.8794215506892469,0.7749942980348218,0.9299629384014514
016807cf2e06702505967d9c,4-24-24_train-ready_all_carts.csv,4-24-24_Cart32,0.6,1.2424328464100562,1.2421075123191843,1.2429378390638945
016807cf2e06702505967d9c,4-24-24_train-ready_all_carts.csv,4-24-24_Cart32,0.65,1.7899577638811306,1.3671871227776629,2.353953997036984
016807cf2e06702505967d9c,4-24-24_train-ready_all_carts.csv,4-24-24_Cart32,0.7,2.3085376906522295,2.2698761660052105,2.3586684302205128
016807cf2e06702505967d9c,4-24-24_train-ready_all_carts.csv,4-24-24_Cart32,0.75,3.281892613545521,2.9526540382953774,3.990633168154802
016807cf2e06702505967d9c,4-24-24_train-ready_all_carts.csv,4-24-24_Cart32,0.8,3.3253005938514137,3.3248494868842853,3.326046913582886
016807cf2e06702505967d9c,4-24-24_train-ready_all_carts.csv,4-24-24_Cart32,0.85,3.553947008893077,3.553733664349556,3.5549647770287116
016807cf2e06702505967d9c,4-24-24_train-ready_all_carts.csv,4-24-24_Cart32,0.9,3.740784785069006,3.381087607608082,4.57634153075696
016807cf2e06702505967d9c,4-24-24_train-ready_all_carts.csv,4-24-24_Cart32,0.95,4.632131277415051,3.139495379125332,4.973897175723501
016807cf2e06702505967d9c,4-24-24_train-ready_all_carts.csv,4-24-24_Cart32,1.0,5.0590734548937215,4.974751266828392,5.060516842720191
4722cd8c9f95861db3e15ac8,4-24-24_train-ready_all_carts.csv,4-24-24_Cart38,0.0,1.2292487112870512,1.2050875138583073,1.283330123337746
4722cd8c9f95861db3e15ac8,4-24-24_train-ready_all_carts.csv,4-24-24_Cart38,0.05,1.4013694567348498,1.4012524410747385,1.4016089598053745
4722cd8c9f95861db3e15ac8,4-24-24_train-ready_all_carts.csv,4-24-24_Cart38,0.1,1.6230574202339174,1.6216514083958136,1.9556563374263236
4722cd8c9f95861db3e15ac8,4-24-24_train-ready_all_carts.csv,4-24-24_Cart38,0.15,1.693723935440583,1.6935650266922195,1.6938850670875074
4722cd8c9f95861db3e15ac8,4-24-24_train-ready_all_carts.csv,4-24-24_Cart38,0.2,1.8283825704330465,1.8282529583477598,1.8285389712958555
4722cd8c9f95861db3e15ac8,4-24-24_train-ready_all_carts.csv,4-24-24_Cart38,0.25,2.02193661779428,2.02140996182768,2.022036363242499
4722cd8c9f95861db3e15ac8,4-24-24_train-ready_all_carts.csv,4-24-24_Cart38,0.3,2.146148769501204,2.1454526032700296,2.1465107029847434
4722cd8c9f95861db3e15ac8,4-24-24_train-ready_all_carts.csv,4-24-24_Cart38,0.35,2.7879873598609572,1.973378367699801,4.329644970910345
4722cd8c9f95861db3e15ac8,4-24-24_train-ready_all_carts.csv,4-24-24_Cart38,0.4,2.485914824628683,2.485464431181922,2.4867369551116085
4722cd8c9f95861db3e15ac8,4-24-24_train-ready_all_carts.csv,4-24-24_Cart38,0.45,2.4756575727077657,2.1736439727860386,2.672596467604982
4722cd8c9f95861db3e15ac8,4-24-24_train-ready_all_carts.csv,4-24-24_Cart38,0.5,2.839949608617477,2.755935442517056,3.5349320038146623
4722cd8c9f95861db3e15ac8,4-24-24_train-ready_all_carts.csv,4-24-24_Cart38,0.55,2.858682373767115,2.0878303418023356,3.5539836694116063
4722cd8c9f95861db3e15ac8,4-24-24_train-ready_all_carts.csv,4-24-24_Cart38,0.6,3.203742347312102,3.2032835182502915,3.2039768916089155
4722cd8c9f95861db3e15ac8,4-24-24_train-ready_all_carts.csv,4-24-24_Cart38,0.65,3.425605862800036,3.425512786047497,3.4259443703525947
4722cd8c9f95861db3e15ac8,4-24-24_train-ready_all_carts.csv,4-24-24_Cart38,0.7,3.6271190269552065,3.626473189427333,3.6277685123166137
4722cd8c9f95861db3e15ac8,4-24-24_train-ready_all_carts.csv,4-24-24_Cart38,0.75,3.91618817558358,3.9069038692632967,3.922743446440574
4722cd8c9f95861db3e15ac8,4-24-24_train-ready_all_carts.csv,4-24-24_Cart38,0.8,4.158473859126996,4.147213054002192,4.163166226995642
4722cd8c9f95861db3e15ac8,4-24-24_train-ready_all_carts.csv,4-24-24_Cart38,0.85,4.308895694782101,4.290633557155864,4.605424662989323
4722cd8c9f95861db3e15ac8,4-24-24_train-ready_all_carts.csv,4-24-24_Cart38,0.9,4.227531907734372,4.226867489054431,4.228209435816078
4722cd8c9f95861db3e15ac8,4-24-24_train-ready_all_carts.csv,4-24-24_Cart38,0.95,4.642099069390718,4.617141333311191,4.676476879594905
4722cd8c9f95861db3e15ac8,4-24-24_train-ready_all_carts.csv,4-24-24_Cart38,1.0,4.478081074182293,4.469418039510921,5.112776750501542
1d978c3e5e75ee45f8d7d975,4-24-24_train-ready_all_carts.csv,4-24-24_Cart4,0.0,0.5389653377159775,0.5379886351931864,0.5393078178213722
1d978c3e5e75ee45f8d7d975,4-24-24_train-ready_all_carts.csv,4-24-24_Cart4,0.05,0.8483328316363402,0.84822357625457,0.8488853098310504
1d978c3e5e75ee45f8d7d975,4-24-24_train-ready_all_carts.csv,4-24-24_Cart4,0.1,0.8703654365400796,0.8700585856407114,0.8717255476549344
1d978c3e5e75ee45f8d7d975,4-24-24_train-ready_all_carts.csv,4-24-24_Cart4,0.15,1.0812925912282805,1.0810930789495983,1.0813721931885794
1d978c3e5e75ee45f8d7d975,4-24-24_train-ready_all_carts.csv,4-24-24_Cart4,0.2,1.351278537424483,1.2824238001463348,1.5709317469461757
1d978c3e5e75ee45f8d7d975,4-24-24_train-ready_all_carts.csv,4-24-24_Cart4,0.25,1.52118813242827,1.2036558564199797,1.6018452133285779
1d978c3e5e75ee45f8d7d975,4-24-24_train-ready_all_carts.csv,4-24-24_Cart4,0.3,1.7315402587913638,1.7307917635881838,2.0864444149028922
1d978c3e5e75ee45f8d7d975,4-24-24_train-ready_all_carts.csv,4-24-24_Cart4,0.35,2.1071374856857634,2.1068068443988266,2.107942017962978
1d978c3e5e75ee45f8d7d975,4-24-24_train-ready_all_carts.csv,4-24-24_Cart4,0.4,2.373024945682432,2.289045046692898,2.5998140875927187
1d978c3e5e75ee45f8d7d975,4-24-24_train-ready_all_carts.csv,4-24-24_Cart4,0.45,2.554020184789057,2.552865674488091,2.6413736396612086
1d978c3e5e75ee45f8d7d975,4-24-24_train-ready_all_carts.csv,4-24-24_Cart4,0.5,2.7446059943532437,2.275171248092531,3.0008858021685754
1d978c3e5e75ee45f8d7d975,4-24-24_train-ready_all_carts.csv,4-24-24_Cart4,0.55,3.169984889110592,3.1691873473737995,3.171117413034422
1d978c3e5e75ee45f8d7d975,4-24-24_train-ready_all_carts.csv,4-24-24_Cart4,0.6,3.3256754993929696,3.3245394801989283,3.3263081433012394
1d978c3e5e75ee45f8d7d975,4-24-24_train-ready_all_carts.csv,4-24-24_Cart4,0.65,3.5174136206204087,3.5168810429157737,3.5179953576093084
1d978c3e5e75ee45f8d7d975,4-24-24_train-ready_all_carts.csv,4-24-24_Cart4,0.7,3.709652354742647,3.7090706177537474,3.7100806380941997
1d978c3e5e75ee45f8d7d975,4-24-24_train-ready_all_carts.csv,4-24-24_Cart4,0.75,3.6493330109454902,3.2702099584129716,4.2725838315240585
1d978c3e5e75ee45f8d7d975,4-24-24_train-ready_all_carts.csv,4-24-24_Cart4,0.8,4.051575471916198,4.051095887017995,4.051729940309413
1d978c3e5e75ee45f8d7d975,4-24-24_train-ready_all_carts.csv,4-24-24_Cart4,0.85,4.3837388926542165,4.383368112135174,4.384182453719113
1d978c3e5e75ee45f8d7d975,4-24-24_train-ready_all_carts.csv,4-24-24_Cart4,0.9,4.476839361008526,4.476436502928994,4.477011756755406
1d978c3e5e75ee45f8d7d975,4-24-24_train-ready_all_carts.csv,4-24-24_Cart4,0.95,4.826871505072599,4.826580552015161,4.9719108431388985
1d978c3e5e75ee45f8d7d975,4-24-24_train-ready_all_carts.csv,4-24-24_Cart4,1.0,4.730359201989325,4.467727698945256,5.607472738281369
df21f98dbf2eab72d747af9c,4-24-24_train-ready_all_carts.csv,4-24-24_Cart59,0.0,0.9393716763999052,0.9392602450814317,0.9395860350678106
df21f98dbf2eab72d747af9c,4-24-24_train-ready_all_carts.csv,4-24-24_Cart59,0.05,1.2632122011862148,1.2630919140103258,1.2634414564619587
df21f98dbf2eab72d747af9c,4-24-24_train-ready_all_carts.csv,4-24-24_Cart59,0.1,1.4217801403351893,1.4212965284130146,1.4221315008767548
df21f98dbf2eab72d747af9c,4-24-24_train-ready_all_carts.csv,4-24-24_Cart59,0.15,1.2533734022456327,1.251930894503962,1.2553740049486672
df21f98dbf2eab72d747af9c,4-24-24_train-ready_all_carts.csv,4-24-24_Cart59,0.2,0.9176589907550405,0.817484757314085,1.1703824645939074
df21f98dbf2eab72d747af9c,4-24-24_train-ready_all_carts.csv,4-24-24_Cart59,0.25,2.241297666683854,2.1864068924441415,2.3507036329719617
df21f98dbf2eab72d747af9c,4-24-24_train-ready_all_carts.csv,4-24-24_Cart59,0.3,3.0047159754679935,2.6845948521481406,4.296899349633621
df21f98dbf2eab72d747af9c,4-24-24_train-ready_all_carts.csv,4-24-24_Cart59,0.35,2.7657544454047853,2.765589702997632,2.7659302136476613
df21f98dbf2eab72d747af9c,4-24-24_train-ready_all_carts.csv,4-24-24_Cart59,0.4,3.0425205164616718,3.0060186662290103,3.206601549416152
df21f98dbf2eab72d747af9c,4-24-24_train-ready_all_carts.csv,4-24-24_Cart59,0.45,2.839731938297442,2.8341124569068263,2.8428555927465022
df21f98dbf2eab72d747af9c,4-24-24_train-ready_all_carts.csv,4-24-24_Cart59,0.5,3.4818707459775666,3.2465987655170765,3.6396095188209734
df21f98dbf2eab72d747af9c,4-24-24_train-ready_all_carts.csv,4-24-24_Cart59,0.55,4.078930307009565,3.883384412657736,4.241264507426819
df21f98dbf2eab72d747af9c,4-24-24_train-ready_all_carts.csv,4-24-24_Cart59,0.6,4.329372781759281,4.32919466759391,4.329491250845237
df21f98dbf2eab72d747af9c,4-24-24_train-ready_all_carts.csv,4-24-24_Cart59,0.65,4.008877542449669,4.007996413960854,4.009087502512898
df21f98dbf2eab72d747af9c,4-24-24_train-ready_all_carts.csv,4-24-24_Cart59,0.7,4.288294505924977,4.206107398615881,4.746726175768203
df21f98dbf2eab72d747af9c,4-24-24_train-ready_all_carts.csv,4-24-24_Cart59,0.75,4.462661060110993,4.313160932474889,4.552539802149811
df21f98dbf2eab72d747af9c,4-24-24_train-ready_all_carts.csv,4-24-24_Cart59,0.8,4.2576415096548,3.8776350258090044,4.559654339945968
df21f98dbf2eab72d747af9c,4-24-24_train-ready_all_carts.csv,4-24-24_Cart59,0.85,5.116514231765794,5.114279271405592,5.122788401476473
df21f98dbf2eab72d747af9c,4-24-24_train-ready_all_carts.csv,4-24-24_Cart59,0.9,5.67058945493697,5.569529049273839,5.9048451817729815
df21f98dbf2eab72d747af9c,4-24-24_train-ready_all_carts.csv,4-24-24_Cart59,0.95,5.270554540501006,4.872251151457995,5.5675862149122235
df21f98dbf2eab72d747af9c,4-24-24_train-ready_all_carts.csv,4-24-24_Cart59,1.0,5.121032478489582,5.120796713278917,5.121365892724066
776222eda750a22cbbd1749f,4-24-24_train-ready_all_carts.csv,4-24-24_Cart6,0.0,0.6259211231752864,0.518565939986457,0.8191705612617065
776222eda750a22cbbd1749f,4-24-24_train-ready_all_carts.csv,4-24-24_Cart6,0.05,0.8295588749139422,0.8289901384506658,0.8301943946104499
776222eda750a22cbbd1749f,4-24-24_train-ready_all_carts.csv,4-24-24_Cart6,0.1,1.7062012522347245,1.2294759564276496,2.221692340913357
776222eda750a22cbbd1749f,4-24-24_train-ready_all_carts.csv,4-24-24_Cart6,0.15,0.6808071732757943,0.6033655972475369,0.723514766984989
776222eda750a22cbbd1749f,4-24-24_train-ready_all_carts.csv,4-24-24_Cart6,0.2,1.6655270830428077,1.3694603143194788,2.4917480624853807
776222eda750a22cbbd1749f,4-24-24_train-ready_all_carts.csv,4-24-24_Cart6,0.25,1.9146932818446594,1.914585440552222,1.9148874983902813
776222eda750a22cbbd1749f,4-24-24_train-ready_all_carts.csv,4-24-24_Cart6,0.3,2.265591470166482,2.2558779738275874,2.269904270037028
776222eda750a22cbbd1749f,4-24-24_train-ready_all_carts.csv,4-24-24_Cart6,0.35,2.4432746224866833,2.4428021424692634,2.4436826475978806
776222eda750a22cbbd1749f,4-24-24_train-ready_all_carts.csv,4-24-24_Cart6,0.4,2.8590524947390055,2.8584046519458894,2.8605452362940413
776222eda750a22cbbd1749f,4-24-24_train-ready_all_carts.csv,4-24-24_Cart6,0.45,2.969529907658333,2.8512830378756315,3.051467312775423
776222eda750a22cbbd1749f,4-24-24_train-ready_all_carts.csv,4-24-24_Cart6,0.5,3.1112023594200924,3.1106296477643616,3.1123277931923545
776222eda750a22cbbd1749f,4-24-24_train-ready_all_carts.csv,4-24-24_Cart6,0.55,3.4812280380625076,3.3412537317287407,3.73969334778413
776222eda750a22cbbd1749f,4-24-24_train-ready_all_carts.csv,4-24-24_Cart6,0.6,3.7819195456871144,3.7591580480017703,3.7936081447911363
776222eda750a22cbbd1749f,4-24-24_train-ready_all_carts.csv,4-24-24_Cart6,0.65,3.9286916014830444,3.099681115918395,4.209815053886199
776222eda750a22cbbd1749f,4-24-24_train-ready_all_carts.csv,4-24-24_Cart6,0.7,4.1123011978679,4.108571331576539,4.11705916250486
776222eda750a22cbbd1749f,4-24-24_train-ready_all_carts.csv,4-24-24_Cart6,0.75,4.438780346827883,4.224670177722352,4.558508600472893
776222eda750a22cbbd1749f,4-24-24_train-ready_all_carts.csv,4-24-24_Cart6,0.8,4.70639598169456,4.598750325514251,4.805073035813437
776222eda750a22cbbd1749f,4-24-24_train-ready_all_carts.csv,4-24-24_Cart6,0.85,4.870029668112158,4.862212736093188,4.913134099605215
776222eda750a22cbbd1749f,4-24-24_train-ready_all_carts.csv,4-24-24_Cart6,0.9,4.9365891547968985,4.912002646255806,4.940095160964622
776222eda750a22cbbd1749f,4-24-24_train-ready_all_carts.csv,4-24-24_Cart6,0.95,5.0528112886972565,4.634029704238038,5.927194791300143
776222eda750a22cbbd1749f,4-24-24_train-ready_all_carts.csv,4-24-24_Cart6,1.0,5.1803456845531475,5.1358851445485545,5.226464163753482
8d597b6641be2a36fedf0a90,4-24-24_train-ready_all_carts.csv,4-24-24_Cart60,0.0,0.3420405560663349,0.19807337513475892,0.5510181439700854
8d597b6641be2a36fedf0a90,4-24-24_train-ready_all_carts.csv,4-24-24_Cart60,0.05,1.2156807634284752,1.1784052581293074,1.400203288019129
8d597b6641be2a36fedf0a90,4-24-24_train-ready_all_carts.csv,4-24-24_Cart60,0.1,1.4241617401203843,1.3449396869695727,1.4763733078516588
8d597b6641be2a36fedf0a90,4-24-24_train-ready_all_carts.csv,4-24-24_Cart60,0.15,1.7163706743294744,1.4889670154860957,1.8786126440027284
8d597b6641be2a36fedf0a90,4-24-24_train-ready_all_carts.csv,4-24-24_Cart60,0.2,1.9620826911949258,1.9604738220247917,1.9623593071039191
8d597b6641be2a36fedf0a90,4-24-24_train-ready_all_carts.csv,4-24-24_Cart60,0.25,2.176221949595383,1.9711961524953143,2.2949413157460796
8d597b6641be2a36fedf0a90,4-24-24_train-ready_all_carts.csv,4-24-24_Cart60,0.3,2.349915578570247,2.3221442104556846,2.484047968054418
8d597b6641be2a36fedf0a90,4-24-24_train-ready_all_carts.csv,4-24-24_Cart60,0.35,2.414348442763399,2.4142513878645473,2.4146693978344898
8d597b6641be2a36fedf0a90,4-24-24_train-ready_all_carts.csv,4-24-24_Cart60,0.4,2.894845140380844,2.8235890837658597,3.2824514823498228
8d597b6641be2a36fedf0a90,4-24-24_train-ready_all_carts.csv,4-24-24_Cart60,0.45,3.235594120368851,3.193951837420746,3.4080032362599453
8d597b6641be2a36fedf0a90,4-24-24_train-ready_all_carts.csv,4-24-24_Cart60,0.5,3.493540974775513,3.473806898554016,4.312206289495844
8d597b6641be2a36fedf0a90,4-24-24_train-ready_all_carts.csv,4-24-24_Cart60,0.55,3.618281397597372,3.618105930401913,3.6184077390166443
8d597b6641be2a36fedf0a90,4-24-24_train-ready_all_carts.csv,4-24-24_Cart60,0.6,3.8012849909773734,3.7367011594950905,3.917037349191651
8d597b6641be2a36fedf0a90,4-24-24_train-ready_all_carts.csv,4-24-24_Cart60,0.65,4.34107776008818,4.1041050928429215,4.604890861989252
8d597b6641be2a36fedf0a90,4-24-24_train-ready_all_carts.csv,4-24-24_Cart60,0.7,4.382458038896619,3.7318076653509564,4.773102495213962
8d597b6641be2a36fedf0a90,4-24-24_train-ready_all_carts.csv,4-24-24_Cart60,0.75,4.428054317010158,4.419862908739747,4.489693310137069
8d597b6641be2a36fedf0a90,4-24-24_train-ready_all_carts.csv,4-24-24_Cart60,0.8,4.530770016841375,4.530357171376109,4.531112196767049
8d597b6641be2a36fedf0a90,4-24-24_train-ready_all_carts.csv,4-24-24_Cart60,0.85,4.870047742814338,4.851250142446852,4.874416661843262
8d597b6641be2a36fedf0a90,4-24-24_train-ready_all_carts.csv,4-24-24_Cart60,0.9,4.949047029464669,4.947678183798444,4.949730003717202
8d597b6641be2a36fedf0a90,4-24-24_train-ready_all_carts.csv,4-24-24_Cart60,0.95,5.463551360556595,5.15907345269002,6.021512794136161
8d597b6641be2a36fedf0a90,4-24-24_train-ready_all_carts.csv,4-24-24_Cart60,1.0,5.31616395491239,5.1801879002406155,5.684086102217231
5c34f6dbaf7a9998bdbdd4cc,4-24-24_train-ready_all_carts.csv,4-24-24_Cart61,0.0,-0.18992731768128257,-0.19350319119502762,0.6163913805734976
5c34f6dbaf7a9998bdbdd4cc,4-24-24_train-ready_all_carts.csv,4-24-24_Cart61,0.05,3.2284821014338405,3.1381479485443227,3.3700766035280356
5c34f6dbaf7a9998bdbdd4cc,4-24-24_train-ready_all_carts.csv,4-24-24_Cart61,0.1,3.364304881482374,3.3640269795029307,3.3645398898954246
5c34f6dbaf7a9998bdbdd4cc,4-24-24_train-ready_all_carts.csv,4-24-24_Cart61,0.15,3.794054919031921,3.7926562867001627,3.7949100113399714
5c34f6dbaf7a9998bdbdd4cc,4-24-24_train-ready_all_carts.csv,4-24-24_Cart61,0.2,4.178313610816129,4.08985922316365,4.421836698863044
5c34f6dbaf7a9998bdbdd4cc,4-24-24_train-ready_all_carts.csv,4-24-24_Cart61,0.25,4.304701014527837,3.9524042522936766,4.711909757976554
5c34f6dbaf7a9998bdbdd4cc,4-24-24_train-ready_all_carts.csv,4-24-24_Cart61,0.3,1.2096655883093987,0.6328504273733759,1.809742957329012
5c34f6dbaf7a9998bdbdd4cc,4-24-24_train-ready_all_carts.csv,4-24-24_Cart61,0.35,0.6368177801972932,0.5338260379327817,0.6720169657404863
5c34f6dbaf7a9998bdbdd4cc,4-24-24_train-ready_all_carts.csv,4-24-24_Cart61,0.4,0.9220636215144032,0.92101061466621,1.4015430100157926
5c34f6dbaf7a9998bdbdd4cc,4-24-24_train-ready_all_carts.csv,4-24-24_Cart61,0.45,1.5029065487481366,1.3931901223023704,1.9311878139228527
5c34f6dbaf7a9998bdbdd4cc,4-24-24_train-ready_all_carts.csv,4-24-24_Cart61,0.5,1.502161046481544,1.5017375480302622,1.5024196161493726
5c34f6dbaf7a9998bdbdd4cc,4-24-24_train-ready_all_carts.csv,4-24-24_Cart61,0.55,2.1800026389661538,2.1794708191563608,2.1818321401929945
5c34f6dbaf7a9998bdbdd4cc,4-24-24_train-ready_all_carts.csv,4-24-24_Cart61,0.6,2.7281389197584005,2.554339625949512,3.3372474989751733
5c34f6dbaf7a9998bdbdd4cc,4-24-24_train-ready_all_carts.csv,4-24-24_Cart61,0.65,3.0046815960410447,2.92914693182634,3.9703123162624596
5c34f6dbaf7a9998bdbdd4cc,4-24-24_train-ready_all_carts.csv,4-24-24_Cart61,0.7,3.2833870746854394,3.2536316264386893,3.6093878454225967
5c34f6dbaf7a9998bdbdd4cc,4-24-24_train-ready_all_carts.csv,4-24-24_Cart61,0.75,3.548329155730549,3.5388314326887724,4.661355823520923
5c34f6dbaf7a9998bdbdd4cc,4-24-24_train-ready_all_carts.csv,4-24-24_Cart61,0.8,4.014322444477363,3.901360727046439,4.862554198444784
5c34f6dbaf7a9998bdbdd4cc,4-24-24_train-ready_all_carts.csv,4-24-24_Cart61,0.85,4.548660287855531,4.209184533442973,5.304707424231185
5c34f6dbaf7a9998bdbdd4cc,4-24-24_train-ready_all_carts.csv,4-24-24_Cart61,0.9,4.439394062616461,4.308206808411983,4.757418442408868
5c34f6dbaf7a9998bdbdd4cc,4-24-24_train-ready_all_carts.csv,4-24-24_Cart61,0.95,4.8025865760894195,4.801130369717137,4.803661754682494
5c34f6dbaf7a9998bdbdd4cc,4-24-24_train-ready_all_carts.csv,4-24-24_Cart61,1.0,5.080967030244811,5.075724348989148,5.092217831469087
1d129380cdf12fed7b39141f,4-24-24_train-ready_all_carts.csv,4-24-24_Cart62,0.0,1.2463003379729942,0.9706306882290153,2.7466503341176396
1d129380cdf12fed7b39141f,4-24-24_train-ready_all_carts.csv,4-24-24_Cart62,0.05,1.2469720707246998,1.2465670370617976,1.4828449821379768
1d129380cdf12fed7b39141f,4-24-24_train-ready_all_carts.csv,4-24-24_Cart62,0.1,1.505564254983268,1.1020734587716845,1.711970281978775
1d129380cdf12fed7b39141f,4-24-24_train-ready_all_carts.csv,4-24-24_Cart62,0.15,1.7192949107387108,1.7174677104160483,2.017083137249457
1d129380cdf12fed7b39141f,4-24-24_train-ready_all_carts.csv,4-24-24_Cart62,0.2,2.0294597197303474,1.8430933251792343,2.486719420133871
1d129380cdf12fed7b39141f,4-24-24_train-ready_all_carts.csv,4-24-24_Cart62,0.25,2.0578183074206704,2.0573299614489517,2.0583189290280175
1d129380cdf12fed7b39141f,4-24-24_train-ready_all_carts.csv,4-24-24_Cart62,0.3,2.2820412044314353,2.11676865147995,2.578818466919576
1d129380cdf12fed7b39141f,4-24-24_train-ready_all_carts.csv,4-24-24_Cart62,0.35,2.1323557177116195,2.131532751621473,2.1850437428394525
1d129380cdf12fed7b39141f,4-24-24_train-ready_all_carts.csv,4-24-24_Cart62,0.4,2.3526030535388154,2.3523977949410306,2.3533838338151485
1d129380cdf12fed7b39141f,4-24-24_train-ready_all_carts.csv,4-24-24_Cart62,0.45,2.4791069059089175,2.297881136294498,2.6812891172419304
1d129380cdf12fed7b39141f,4-24-24_train-ready_all_carts.csv,4-24-24_Cart62,0.5,2.7597279363997043,2.7561568480631964,2.7612696814593254
1d129380cdf12fed7b39141f,4-24-24_train-ready_all_carts.csv,4-24-24_Cart62,0.55,2.959520449121591,2.95168148992264,3.9565425276084936
1d129380cdf12fed7b39141f,4-24-24_train-ready_all_carts.csv,4-24-24_Cart62,0.6,3.1521021163863825,3.148717904350651,3.16765216877255
1d129380cdf12fed7b39141f,4-24-24_train-ready_all_carts.csv,4-24-24_Cart62,0.65,3.497190797179642,3.4962264431847063,3.4979217894718753
1d129380cdf12fed7b39141f,4-24-24_train-ready_all_carts.csv,4-24-24_Cart62,0.7,3.945546860666621,3.1257925628402483,4.250588492325504
1d129380cdf12fed7b39141f,4-24-24_train-ready_all_carts.csv,4-24-24_Cart62,0.75,3.838460945224796,3.088783141551904,4.117842198829871
1d129380cdf12fed7b39141f,4-24-24_train-ready_all_carts.csv,4-24-24_Cart62,0.8,4.373144014236758,4.181906061726865,4.6868420876520736
1d129380cdf12fed7b39141f,4-24-24_train-ready_all_carts.csv,4-24-24_Cart62,0.85,4.3488058529972795,4.347814517529107,4.351143208796586
1d129380cdf12fed7b39141f,4-24-24_train-ready_all_carts.csv,4-24-24_Cart62,0.9,4.718967986910364,4.716979146999767,4.720411776136435
1d129380cdf12fed7b39141f,4-24-24_train-ready_all_carts.csv,4-24-24_Cart62,0.95,5.1883783233237475,5.08874627353676,5.790201080868789
1d129380cdf12fed7b39141f,4-24-24_train-ready_all_carts.csv,4-24-24_Cart62,1.0,5.210256372407626,5.2099515378416354,5.601889029226832
46803055446a669965eb2433,4-24-24_train-ready_all_carts.csv,4-24-24_Cart63,0.0,2.9348383846390385,2.8605910098893856,3.0557280108910363
46803055446a669965eb2433,4-24-24_train-ready_all_carts.csv,4-24-24_Cart63,0.05,3.053557009625708,3.0521636480477894,3.0573921660258394
46803055446a669965eb2433,4-24-24_train-ready_all_carts.csv,4-24-24_Cart63,0.1,3.41133702555232,3.0427134802310296,3.852055555598957
46803055446a669965eb2433,4-24-24_train-ready_all_carts.csv,4-24-24_Cart63,0.15,3.675279164241159,3.674682984153724,3.771682290866597
46803055446a669965eb2433,4-24-24_train-ready_all_carts.csv,4-24-24_Cart63,0.2,3.969440995353682,3.8712468469671344,4.041595536050304
46803055446a669965eb2433,4-24-24_train-ready_all_carts.csv,4-24-24_Cart63,0.25,3.866317349594853,3.8659699397624245,3.9635908619254643
46803055446a669965eb2433,4-24-24_train-ready_all_carts.csv,4-24-24_Cart63,0.3,4.509633506794546,4.433550133117977,4.542014584675695
46803055446a669965eb2433,4-24-24_train-ready_all_carts.csv,4-24-24_Cart63,0.35,4.74847776658922,4.380951043738884,4.932543560681013
46803055446a669965eb2433,4-24-24_train-ready_all_carts.csv,4-24-24_Cart63,0.4,0.5888331384728491,0.5886674984277447,0.5921968101003992
46803055446a669965eb2433,4-24-24_train-ready_all_carts.csv,4-24-24_Cart63,0.45,1.200207443079534,0.6131425211223409,1.5205757626764893
46803055446a669965eb2433,4-24-24_train-ready_all_carts.csv,4-24-24_Cart63,0.5,1.4022262606367752,1.4020426297253483,1.4024328454121295
46803055446a669965eb2433,4-24-24_train-ready_all_carts.csv,4-24-24_Cart63,0.55,1.69943785377826,1.6992554636162356,1.6997039945248884
46803055446a669965eb2433,4-24-24_train-ready_all_carts.csv,4-24-24_Cart63,0.6,2.534747573370826,2.2480643592760297,3.0674583659204586
46803055446a669965eb2433,4-24-24_train-ready_all_carts.csv,4-24-24_Cart63,0.65,2.390780938812407,2.3369063590485393,2.476560769061938
46803055446a669965eb2433,4-24-24_train-ready_all_carts.csv,4-24-24_Cart63,0.7,2.571305013737529,2.570451378149276,2.5728615338617487
46803055446a669965eb2433,4-24-24_train-ready_all_carts.csv,4-24-24_Cart63,0.75,2.977772036180208,2.9106071692018434,3.0241258134466973
46803055446a669965eb2433,4-24-24_train-ready_all_carts.csv,4-24-24_Cart63,0.8,3.37539003389117,3.2404020823769284,3.8784462953695167
46803055446a669965eb2433,4-24-24_train-ready_all_carts.csv,4-24-24_Cart63,0.85,3.4004506903032885,3.400053650494799,3.489756109977269
46803055446a669965eb2433,4-24-24_train-ready_all_carts.csv,4-24-24_Cart63,0.9,3.834559127913271,3.8338128171482504,3.836910968403873
46803055446a669965eb2433,4-24-24_train-ready_all_carts.csv,4-24-24_Cart63,0.95,4.1287532185102345,4.126955993002117,4.129666410069761
46803055446a669965eb2433,4-24-24_train-ready_all_carts.csv,4-24-24_Cart63,1.0,4.371811063272508,4.369944665985255,4.372187010341171
b0d368d25a32c95dd4135efa,4-24-24_train-ready_all_carts.csv,4-24-24_Cart67,0.0,1.2964930292691441,0.8711580021798652,3.5449506850369863
b0d368d25a32c95dd4135efa,4-24-24_train-ready_all_carts.csv,4-24-24_Cart67,0.05,0.6984374207091356,0.6813977885800607,0.7047900418574173
b0d368d25a32c95dd4135efa,4-24-24_train-ready_all_carts.csv,4-24-24_Cart67,0.1,0.6751138022769493,0.6748259639396325,0.6757931190964056
b0d368d25a32c95dd4135efa,4-24-24_train-ready_all_carts.csv,4-24-24_Cart67,0.15,0.8108304190604885,0.5456813246580923,1.405614178564772
b0d368d25a32c95dd4135efa,4-24-24_train-ready_all_carts.csv,4-24-24_Cart67,0.2,0.7636817962447617,0.7613781723768035,0.7657105750088985
b0d368d25a32c95dd4135efa,4-24-24_train-ready_all_carts.csv,4-24-24_Cart67,0.25,1.4581349684153704,0.9545111236688858,1.766965785213766
b0d368d25a32c95dd4135efa,4-24-24_train-ready_all_carts.csv,4-24-24_Cart67,0.3,1.2313342562130178,1.2299821956216381,1.232139989551306
b0d368d25a32c95dd4135efa,4-24-24_train-ready_all_carts.csv,4-24-24_Cart67,0.35,1.2241650485549398,1.2226005103805169,1.227000477826788
b0d368d25a32c95dd4135efa,4-24-24_train-ready_all_carts.csv,4-24-24_Cart67,0.4,1.5684582211016829,1.568124065708494,1.5694854508556764
b0d368d25a32c95dd4135efa,4-24-24_train-ready_all_carts.csv,4-24-24_Cart67,0.45,1.6111922017603673,1.6073241925795567,1.6138422099471568
b0d368d25a32c95dd4135efa,4-24-24_train-ready_all_carts.csv,4-24-24_Cart67,0.5,2.0698747447696464,0.947610952374949,2.428723396062705
b0d368d25a32c95dd4135efa,4-24-24_train-ready_all_carts.csv,4-24-24_Cart67,0.55,2.469048278369762,2.3039129937521063,2.571360973313773
b0d368d25a32c95dd4135efa,4-24-24_train-ready_all_carts.csv,4-24-24_Cart67,0.6,3.113821440116589,2.8877880929983206,3.8677295087003927
b0d368d25a32c95dd4135efa,4-24-24_train-ready_all_carts.csv,4-24-24_Cart67,0.65,3.2885483297005864,3.28609643010921,3.4250547822190787
b0d368d25a32c95dd4135efa,4-24-24_train-ready_all_carts.csv,4-24-24_Cart67,0.7,3.9495829053208964,3.9471008920001247,3.9544544507122676
b0d368d25a32c95dd4135efa,4-24-24_train-ready_all_carts.csv,4-24-24_Cart67,0.75,4.96658316301398,4.492101459520515,5.493197235107316
b0d368d25a32c95dd4135efa,4-24-24_train-ready_all_carts.csv,4-24-24_Cart67,0.8,-0.9753478609433929,-1.1006102749180633,-0.34490333137220736
b0d368d25a32c95dd4135efa,4-24-24_train-ready_all_carts.csv,4-24-24_Cart67,0.85,4.431301687009757,4.386489859022795,4.5409673292196295
b0d368d25a32c95dd4135efa,4-24-24_train-ready_all_carts.csv,4-24-24_Cart67,0.9,3.7763143151197998,3.759306936782109,3.791986753362013
b0d368d25a32c95dd4135efa,4-24-24_train-ready_all_carts.csv,4-24-24_Cart67,0.95,5.068560173949098,4.8763691556546505,6.681381662625686
b0d368d25a32c95dd4135efa,4-24-24_train-ready_all_carts.csv,4-24-24_Cart67,1.0,5.252030745367681,5.2483498387492045,5.256283354259957
1aa3d0279405ad793419d2e0,4-24-24_train-ready_all_carts.csv,4-24-24_Cart69,0.0,0.5478105286530931,0.3321680143880234,1.0721416092158387
1aa3d0279405ad793419d2e0,4-24-24_train-ready_all_carts.csv,4-24-24_Cart69,0.05,0.9059511924578204,0.8339313169191997,1.1333197062611753
1aa3d0279405ad793419d2e0,4-24-24_train-ready_all_carts.csv,4-24-24_Cart69,0.1,1.170548983423074,1.0519330872067614,1.2745922311536428
1aa3d0279405ad793419d2e0,4-24-24_train-ready_all_carts.csv,4-24-24_Cart69,0.15,1.120566353289022,1.119577854156324,1.121217734220396
1aa3d0279405ad793419d2e0,4-24-24_train-ready_all_carts.csv,4-24-24_Cart69,0.2,1.65471928693935,1.3055522525444636,2.4131889575908696
1aa3d0279405ad793419d2e0,4-24-24_train-ready_all_carts.csv,4-24-24_Cart69,0.25,1.6039709985175434,1.4894250903487514,1.8979523547423378
1aa3d0279405ad793419d2e0,4-24-24_train-ready_all_carts.csv,4-24-24_Cart69,0.3,1.6017448756152357,1.601498607912234,1.6020534244774653
1aa3d0279405ad793419d2e0,4-24-24_train-ready_all_carts.csv,4-24-24_Cart69,0.35,1.9015835177413527,1.900118482032545,2.1625461460001176
1aa3d0279405ad793419d2e0,4-24-24_train-ready_all_carts.csv,4-24-24_Cart69,0.4,2.438330547381536,2.1237187000092264,2.602092284623062
1aa3d0279405ad793419d2e0,4-24-24_train-ready_all_carts.csv,4-24-24_Cart69,0.45,2.257237506271223,1.878926317678415,2.790980184212142
1aa3d0279405ad793419d2e0,4-24-24_train-ready_all_carts.csv,4-24-24_Cart69,0.5,2.4066322942684923,2.40532496131149,2.4075190865540113
1aa3d0279405ad793419d2e0,4-24-24_train-ready_all_carts.csv,4-24-24_Cart69,0.55,3.925938319622188,2.366740926089691,4.2348437272035975
1aa3d0279405ad793419d2e0,4-24-24_train-ready_all_carts.csv,4-24-24_Cart69,0.6,2.726510613609633,2.7247587417363084,2.728096211929424
1aa3d0279405ad793419d2e0,4-24-24_train-ready_all_carts.csv,4-24-24_Cart69,0.65,2.8459624486878745,2.8450556578649895,2.8479948714711165
1aa3d0279405ad793419d2e0,4-24-24_train-ready_all_carts.csv,4-24-24_Cart69,0.7,3.296839187196025,3.160765139245341,3.58985889946687
1aa3d0279405ad793419d2e0,4-24-24_train-ready_all_carts.csv,4-24-24_Cart69,0.75,3.3211002699557737,3.3204643164675116,4.037984410620139
1aa3d0279405ad793419d2e0,4-24-24_train-ready_all_carts.csv,4-24-24_Cart69,0.8,3.9419142940442935,3.7661522916091674,4.203079764610633
1aa3d0279405ad793419d2e0,4-24-24_train-ready_all_carts.csv,4-24-24_Cart69,0.85,3.914282029271296,3.8572159172019496,3.9488686425668766
1aa3d0279405ad793419d2e0,4-24-24_train-ready_all_carts.csv,4-24-24_Cart69,0.9,4.499500942394169,4.266956807120304,4.624620934348922
1aa3d0279405ad793419d2e0,4-24-24_train-ready_all_carts.csv,4-24-24_Cart69,0.95,4.421374084930531,3.5309420656109283,5.019915452260336
1aa3d0279405ad793419d2e0,4-24-24_train-ready_all_carts.csv,4-24-24_Cart69,1.0,4.345242510109312,4.344322863083834,4.345906175856497
78264026b87fb711a004bbc8,4-24-24_train-ready_all_carts.csv,4-24-24_Cart70,0.0,1.2456240927797269,1.075432405864881,1.3946887417861493
78264026b87fb711a004bbc8,4-24-24_train-ready_all_carts.csv,4-24-24_Cart70,0.05,1.263393644663784,1.2607691482623202,1.3014717410901988
78264026b87fb711a004bbc8,4-24-24_train-ready_all_carts.csv,4-24-24_Cart70,0.1,1.5898879310080654,1.4395931408200309,2.352779852692008
78264026b87fb711a004bbc8,4-24-24_train-ready_all_carts.csv,4-24-24_Cart70,0.15,1.8080642014579524,1.8078577626259986,1.8095016599346323
78264026b87fb711a004bbc8,4-24-24_train-ready_all_carts.csv,4-24-24_Cart70,0.2,2.304055017572317,2.3032125128811165,2.3058900098905
78264026b87fb711a004bbc8,4-24-24_train-ready_all_carts.csv,4-24-24_Cart70,0.25,2.676413277492765,2.675750272098001,2.676775497117058
78264026b87fb711a004bbc8,4-24-24_train-ready_all_carts.csv,4-24-24_Cart70,0.3,2.9365332334589724,2.9329386209578465,2.938217364378258
78264026b87fb711a004bbc8,4-24-24_train-ready_all_carts.csv,4-24-24_Cart70,0.35,3.5036877608527295,3.3550520361031095,3.9398830568549728
78264026b87fb711a004bbc8,4-24-24_train-ready_all_carts.csv,4-24-24_Cart70,0.4,3.5835178035796305,3.583308143716257,3.583772909268138
78264026b87fb711a004bbc8,4-24-24_train-ready_all_carts.csv,4-24-24_Cart70,0.45,3.7975559271172266,3.7966600118686524,3.798315153505154
78264026b87fb711a004bbc8,4-24-24_train-ready_all_carts.csv,4-24-24_Cart70,0.5,4.183314849031314,4.182755268027253,4.18365434574304
78264026b87fb711a004bbc8,4-24-24_train-ready_all_carts.csv,4-24-24_Cart70,0.55,4.419076779753249,4.416302066159172,4.4213914129320555
78264026b87fb711a004bbc8,4-24-24_train-ready_all_carts.csv,4-24-24_Cart70,0.6,4.558150374935203,4.506284799923645,4.618167736265888
78264026b87fb711a004bbc8,4-24-24_train-ready_all_carts.csv,4-24-24_Cart70,0.65,4.834038158168115,4.446668661979545,5.134699948212212
78264026b87fb711a004bbc8,4-24-24_train-ready_all_carts.csv,4-24-24_Cart70,0.7,5.259531723686102,5.251503624973525,5.275084796003368
78264026b87fb711a004bbc8,4-24-24_train-ready_all_carts.csv,4-24-24_Cart70,0.75,4.956406898761022,4.955590455142224,4.95701807483202
78264026b87fb711a004bbc8,4-24-24_train-ready_all_carts.csv,4-24-24_Cart70,0.8,5.096218402959321,5.095547315703902,5.0976884816996595
78264026b87fb711a004bbc8,4-24-24_train-ready_all_carts.csv,4-24-24_Cart70,0.85,5.380574570617897,5.374361728085526,5.451517143449217
78264026b87fb711a004bbc8,4-24-24_train-ready_all_carts.csv,4-24-24_Cart70,0.9,4.987523233567685,4.9865802912603705,4.98840597186954
78264026b87fb711a004bbc8,4-24-24_train-ready_all_carts.csv,4-24-24_Cart70,0.95,5.143400071207532,5.127093043281027,5.333210357734453
78264026b87fb711a004bbc8,4-24-24_train-ready_all_carts.csv,4-24-24_Cart70,1.0,4.872401228028938,4.870998908076845,4.873515997721485
9a5562a137c19c9c3becd6dc,4-24-24_train-ready_all_carts.csv,4-24-24_Cart74,0.0,1.4530412675694953,0.717457035040193,2.502911296433506
9a5562a137c19c9c3becd6dc,4-24-24_train-ready_all_carts.csv,4-24-24_Cart74,0.05,0.7754024265938494,0.7750965905923761,0.7770271247316478
9a5562a137c19c9c3becd6dc,4-24-24_train-ready_all_carts.csv,4-24-24_Cart74,0.1,1.293294610427424,1.0449537007498966,1.780701500661558
9a5562a137c19c9c3becd6dc,4-24-24_train-ready_all_carts.csv,4-24-24_Cart74,0.15,1.4258369920863467,1.0675781488550153,1.8302426612819997
9a5562a137c19c9c3becd6dc,4-24-24_train-ready_all_carts.csv,4-24-24_Cart74,0.2,1.7585390992643877,1.7111069315014396,2.390998457826444
9a5562a137c19c9c3becd6dc,4-24-24_train-ready_all_carts.csv,4-24-24_Cart74,0.25,1.9774915719855863,1.9767493189856964,1.9781339759087588
9a5562a137c19c9c3becd6dc,4-24-24_train-ready_all_carts.csv,4-24-24_Cart74,0.3,2.6425362584718464,2.3029388695092767,2.87772414360492
9a5562a137c19c9c3becd6dc,4-24-24_train-ready_all_carts.csv,4-24-24_Cart74,0.35,2.425878594002247,2.4249553905068195,2.4770786850345603
9a5562a137c19c9c3becd6dc,4-24-24_train-ready_all_carts.csv,4-24-24_Cart74,0.4,2.0896868120217484,2.077385738007102,2.0943339767153306
9a5562a137c19c9c3becd6dc,4-24-24_train-ready_all_carts.csv,4-24-24_Cart74,0.45,3.1431295749320696,3.085005546676098,3.433268091253644
9a5562a137c19c9c3becd6dc,4-24-24_train-ready_all_carts.csv,4-24-24_Cart74,0.5,3.2553568521051477,3.252109354326553,3.2557579095968947
9a5562a137c19c9c3becd6dc,4-24-24_train-ready_all_carts.csv,4-24-24_Cart74,0.55,3.4967685443642282,3.139611719314734,3.634321534236622
9a5562a137c19c9c3becd6dc,4-24-24_train-ready_all_carts.csv,4-24-24_Cart74,0.6,3.603087936178096,3.6015916832281136,3.8358092584088883
9a5562a137c19c9c3becd6dc,4-24-24_train-ready_all_carts.csv,4-24-24_Cart74,0.65,4.052754070550094,4.052402433308439,4.053340943435948
9a5562a137c19c9c3becd6dc,4-24-24_train-ready_all_carts.csv,4-24-24_Cart74,0.7,4.371244741104867,4.370388400300742,4.37211348146754
9a5562a137c19c9c3becd6dc,4-24-24_train-ready_all_carts.csv,4-24-24_Cart74,0.75,4.771876257587866,4.718646732588064,4.815773067964237
9a5562a137c19c9c3becd6dc,4-24-24_train-ready_all_carts.csv,4-24-24_Cart74,0.8,4.581604141769148,4.49216179502592,4.699896523584442
9a5562a137c19c9c3becd6dc,4-24-24_train-ready_all_carts.csv,4-24-24_Cart74,0.85,5.237462475885254,5.233249889021118,5.24270909100733
9a5562a137c19c9c3becd6dc,4-24-24_train-ready_all_carts.csv,4-24-24_Cart74,0.9,5.252422632263826,5.020043217477553,5.740527457458452
9a5562a137c19c9c3becd6dc,4-24-24_train-ready_all_carts.csv,4-24-24_Cart74,0.95,5.762971192380159,5.762375182977481,5.764849517851866
9a5562a137c19c9c3becd6dc,4-24-24_train-ready_all_carts.csv,4-24-24_Cart74,1.0,6.114463673639028,5.603643391139234,6.185971749793429
02e1d45fd6d4a2f24a8cd351,4-24-24_train-ready_all_carts.csv,4-24-24_Cart75,0.0,0.030256633237834202,0.02957225408532645,0.7825739327907854
02e1d45fd6d4a2f24a8cd351,4-24-24_train-ready_all_carts.csv,4-24-24_Cart75,0.05,0.0280505324244513,0.027960798317845804,0.028134991932578887
02e1d45fd6d4a2f24a8cd351,4-24-24_train-ready_all_carts.csv,4-24-24_Cart75,0.1,0.9755055586162892,0.8692513436456876,1.0389207374665
02e1d45fd6d4a2f24a8cd351,4-24-24_train-ready_all_carts.csv,4-24-24_Cart75,0.15,1.440721188418492,0.7783274854211872,1.7513147989376447
02e1d45fd6d4a2f24a8cd351,4-24-24_train-ready_all_carts.csv,4-24-24_Cart75,0.2,1.4053840159157795,1.4048535231738646,1.4206901754413637
02e1d45fd6d4a2f24a8cd351,4-24-24_train-ready_all_carts.csv,4-24-24_Cart75,0.25,1.828993612924282,1.624337543669614,2.104116208004345
02e1d45fd6d4a2f24a8cd351,4-24-24_train-ready_all_carts.csv,4-24-24_Cart75,0.3,1.7422633901521194,1.4184720089839624,2.3272358773659514
02e1d45fd6d4a2f24a8cd351,4-24-24_train-ready_all_carts.csv,4-24-24_Cart75,0.35,1.991559375312497,1.9911630551693633,1.9919652556653715
02e1d45fd6d4a2f24a8cd351,4-24-24_train-ready_all_carts.csv,4-24-24_Cart75,0.4,2.040067220214534,1.847278536007781,2.558169468777685
02e1d45fd6d4a2f24a8cd351,4-24-24_train-ready_all_carts.csv,4-24-24_Cart75,0.45,2.4559904085911115,1.2349535634670867,2.744291390170773
02e1d45fd6d4a2f24a8cd351,4-24-24_train-ready_all_carts.csv,4-24-24_Cart75,0.5,2.574089987160983,2.528898216389524,2.8116801218518312
02e1d45fd6d4a2f24a8cd351,4-24-24_train-ready_all_carts.csv,4-24-24_Cart75,0.55,2.781408080334969,2.766124931245244,3.000513252795043
02e1d45fd6d4a2f24a8cd351,4-24-24_train-ready_all_carts.csv,4-24-24_Cart75,0.6,2.806375392230123,2.580137709910786,3.8161448545023147
02e1d45fd6d4a2f24a8cd351,4-24-24_train-ready_all_carts.csv,4-24-24_Cart75,0.65,3.265725668524898,3.262506515141352,3.267456462082941
02e1d45fd6d4a2f24a8cd351,4-24-24_train-ready_all_carts.csv,4-24-24_Cart75,0.7,3.534036581198116,3.533090120433737,3.7868424819831326
02e1d45fd6d4a2f24a8cd351,4-24-24_train-ready_all_carts.csv,4-24-24_Cart75,0.75,3.7733372022428666,3.770873766956242,3.776360602090401
02e1d45fd6d4a2f24a8cd351,4-24-24_train-ready_all_carts.csv,4-24-24_Cart75,0.8,4.0087570374575,4.005622409514563,4.014502261984594
02e1d45fd6d4a2f24a8cd351,4-24-24_train-ready_all_carts.csv,4-24-24_Cart75,0.85,4.291329145765349,4.289908300800363,4.293257275238947
02e1d45fd6d4a2f24a8cd351,4-24-24_train-ready_all_carts.csv,4-24-24_Cart75,0.9,4.453542828705165,4.450063505751697,4.4635870487891935
02e1d45fd6d4a2f24a8cd351,4-24-24_train-ready_all_carts.csv,4-24-24_Cart75,0.95,4.535202843690442,4.534559276743656,4.5357707860815495
02e1d45fd6d4a2f24a8cd351,4-24-24_train-ready_all_carts.csv,4-24-24_Cart75,1.0,4.765987625492619,4.7272724023272135,4.909405276756425
152e1eb1b14f156735e2582f,4-24-24_train-ready_all_carts.csv,4-24-24_Cart77,0.0,1.0232520318388798,0.5225395603025931,1.745501813164724
152e1eb1b14f156735e2582f,4-24-24_train-ready_all_carts.csv,4-24-24_Cart77,0.05,0.9679582129192021,0.9675539108664788,0.9681378210432299
152e1eb1b14f156735e2582f,4-24-24_train-ready_all_carts.csv,4-24-24_Cart77,0.1,1.4163206132848414,1.4160187344188075,1.4165781414408485
152e1eb1b14f156735e2582f,4-24-24_train-ready_all_carts.csv,4-24-24_Cart77,0.15,1.8496025470839133,1.8483798396638607,1.850282938432337
152e1eb1b14f156735e2582f,4-24-24_train-ready_all_carts.csv,4-24-24_Cart77,0.2,2.061050070342563,2.060506835402631,2.256785987027189
152e1eb1b14f156735e2582f,4-24-24_train-ready_all_carts.csv,4-24-24_Cart77,0.25,2.3831415886964007,2.382661571895622,2.3834515536034884
152e1eb1b14f156735e2582f,4-24-24_train-ready_all_carts.csv,4-24-24_Cart77,0.3,2.61012043656829,2.6100657332753987,2.610233396111506
152e1eb1b14f156735e2582f,4-24-24_train-ready_all_carts.csv,4-24-24_Cart77,0.35,3.2672484899095156,3.068126911080655,3.7451920787678388
152e1eb1b14f156735e2582f,4-24-24_train-ready_all_carts.csv,4-24-24_Cart77,0.4,3.667273516977784,3.5390853243677745,4.125082251031635
152e1eb1b14f156735e2582f,4-24-24_train-ready_all_carts.csv,4-24-24_Cart77,0.45,3.5727574983130346,3.5656911560418516,3.573728190786889
152e1eb1b14f156735e2582f,4-24-24_train-ready_all_carts.csv,4-24-24_Cart77,0.5,3.193601808111686,3.1884543078858805,3.197777145674352
152e1eb1b14f156735e2582f,4-24-24_train-ready_all_carts.csv,4-24-24_Cart77,0.55,3.2154316686432556,3.212789064665616,3.2184407785574765
152e1eb1b14f156735e2582f,4-24-24_train-ready_all_carts.csv,4-24-24_Cart77,0.6,3.1038724807196294,3.0874385211447413,3.124953524843246
152e1eb1b14f156735e2582f,4-24-24_train-ready_all_carts.csv,4-24-24_Cart77,0.65,3.610977519030447,3.561290757003169,3.6203847089290084
152e1eb1b14f156735e2582f,4-24-24_train-ready_all_carts.csv,4-24-24_Cart77,0.7,4.768423236827687,4.76749910034778,4.768883467331036
152e1eb1b14f156735e2582f,4-24-24_train-ready_all_carts.csv,4-24-24_Cart77,0.75,4.921887719937182,4.775180594317971,5.39167316720831
152e1eb1b14f156735e2582f,4-24-24_train-ready_all_carts.csv,4-24-24_Cart77,0.8,4.9898496698421795,4.731697724773953,5.191652935180442
152e1eb1b14f156735e2582f,4-24-24_train-ready_all_carts.csv,4-24-24_Cart77,0.85,4.547230808940678,4.53671632148075,4.5550122145242
152e1eb1b14f156735e2582f,4-24-24_train-ready_all_carts.csv,4-24-24_Cart77,0.9,4.789716478271097,4.78951879907047,4.790190369283198
152e1eb1b14f156735e2582f,4-24-24_train-ready_all_carts.csv,4-24-24_Cart77,0.95,5.042209235985277,4.958809073454939,5.125122949636727
152e1eb1b14f156735e2582f,4-24-24_train-ready_all_carts.csv,4-24-24_Cart77,1.0,4.785315711685094,4.376591145826303,4.942979116643665
6df8f4071c3635f68a394f4b,4-24-24_train-ready_all_carts.csv,4-24-24_Cart8,0.0,0.590908533343671,0.1853094737317537,0.7584988346397238
6df8f4071c3635f68a394f4b,4-24-24_train-ready_all_carts.csv,4-24-24_Cart8,0.05,1.2279537098808344,0.9847422989513109,1.2832214325573614
6df8f4071c3635f68a394f4b,4-24-24_train-ready_all_carts.csv,4-24-24_Cart8,0.1,1.3152810277370373,1.258802244055758,1.8799327471619702
6df8f4071c3635f68a394f4b,4-24-24_train-ready_all_carts.csv,4-24-24_Cart8,0.15,1.8288736025604861,1.7035716779611352,2.4473567014796083
6df8f4071c3635f68a394f4b,4-24-24_train-ready_all_carts.csv,4-24-24_Cart8,0.2,3.552287904426005,1.8612942022717271,6.075782999938692
6df8f4071c3635f68a394f4b,4-24-24_train-ready_all_carts.csv,4-24-24_Cart8,0.25,2.066097089959243,1.5611969534658041,2.2537556766187627
6df8f4071c3635f68a394f4b,4-24-24_train-ready_all_carts.csv,4-24-24_Cart8,0.3,2.2908329921235344,2.290468545153884,2.2911600801749574
6df8f4071c3635f68a394f4b,4-24-24_train-ready_all_carts.csv,4-24-24_Cart8,0.35,2.3980869474810453,2.397742760106023,2.40983914893392
6df8f4071c3635f68a394f4b,4-24-24_train-ready_all_carts.csv,4-24-24_Cart8,0.4,2.7443725167327586,2.723981940157821,2.812905984951045
6df8f4071c3635f68a394f4b,4-24-24_train-ready_all_carts.csv,4-24-24_Cart8,0.45,3.520830792344499,2.8739684595917376,3.707605744651157
6df8f4071c3635f68a394f4b,4-24-24_train-ready_all_carts.csv,4-24-24_Cart8,0.5,3.1220158752622327,3.121463392166403,3.1223087646664576
6df8f4071c3635f68a394f4b,4-24-24_train-ready_all_carts.csv,4-24-24_Cart8,0.55,3.3483025675668134,3.176605945536847,3.628854160830566
6df8f4071c3635f68a394f4b,4-24-24_train-ready_all_carts.csv,4-24-24_Cart8,0.6,3.4210441059594414,3.2044012064311955,3.5913082222790336
6df8f4071c3635f68a394f4b,4-24-24_train-ready_all_carts.csv,4-24-24_Cart8,0.65,3.7460475071723742,3.744771999212009,3.7466055771759152
6df8f4071c3635f68a394f4b,4-24-24_train-ready_all_carts.csv,4-24-24_Cart8,0.7,4.076688606166051,3.960910158310316,4.947037405358724
6df8f4071c3635f68a394f4b,4-24-24_train-ready_all_carts.csv,4-24-24_Cart8,0.75,3.8990904037244807,3.414518146286116,4.0102676098299135
6df8f4071c3635f68a394f4b,4-24-24_train-ready_all_carts.csv,4-24-24_Cart8,0.8,4.150713440329792,4.146581047359893,4.206046230729452
6df8f4071c3635f68a394f4b,4-24-24_train-ready_all_carts.csv,4-24-24_Cart8,0.85,4.346782298263227,4.342935571220919,4.354207637211145
6df8f4071c3635f68a394f4b,4-24-24_train-ready_all_carts.csv,4-24-24_Cart8,0.9,4.7117089519086885,4.711265215996277,4.781704553378239
6df8f4071c3635f68a394f4b,4-24-24_train-ready_all_carts.csv,4-24-24_Cart8,0.95,4.63245274052498,4.257857181235192,4.7723240788986505
6df8f4071c3635f68a394f4b,4-24-24_train-ready_all_carts.csv,4-24-24_Cart8,1.0,4.9548353741209175,4.9535946855752755,4.955781198092942
ed4aca94b0702f14c36928d0,4-27-24_train-ready_all_carts.csv,4-27-24_Cart1,0.0,0.6719844801503487,0.6699668463476809,0.7120843379912832
ed4aca94b0702f14c36928d0,4-27-24_train-ready_all_carts.csv,4-27-24_Cart1,0.05,1.0654794140150463,0.677645990072015,1.272002479969652
ed4aca94b0702f14c36928d0,4-27-24_train-ready_all_carts.csv,4-27-24_Cart1,0.1,1.295834656028464,1.2927320709256365,1.418930254513092
ed4aca94b0702f14c36928d0,4-27-24_train-ready_all_carts.csv,4-27-24_Cart1,0.15,1.4565854324736924,1.453634942807457,1.4589371330388756
ed4aca94b0702f14c36928d0,4-27-24_train-ready_all_carts.csv,4-27-24_Cart1,0.2,1.614176414666311,1.486390821639953,1.781281451828748
ed4aca94b0702f14c36928d0,4-27-24_train-ready_all_carts.csv,4-27-24_Cart1,0.25,1.9191947979771333,1.3830379851710786,1.9506289720886025
ed4aca94b0702f14c36928d0,4-27-24_train-ready_all_carts.csv,4-27-24_Cart1,0.3,1.7602735585845315,1.7595674012003526,1.7608092442597638
ed4aca94b0702f14c36928d0,4-27-24_train-ready_all_carts.csv,4-27-24_Cart1,0.35,2.4972025309036137,2.4959717829520387,2.4985299565396173
ed4aca94b0702f14c36928d0,4-27-24_train-ready_all_carts.csv,4-27-24_Cart1,0.4,3.049132137452665,2.9216666845170067,3.71740839642266
ed4aca94b0702f14c36928d0,4-27-24_train-ready_all_carts.csv,4-27-24_Cart1,0.45,2.9164196231026507,2.9150672912610345,2.917660772717822
ed4aca94b0702f14c36928d0,4-27-24_train-ready_all_carts.csv,4-27-24_Cart1,0.5,3.125838627776629,3.1254716801997438,3.1273982994459404
ed4aca94b0702f14c36928d0,4-27-24_train-ready_all_carts.csv,4-27-24_Cart1,0.55,3.3819414544131785,2.954751429280219,3.8416129856077603
ed4aca94b0702f14c36928d0,4-27-24_train-ready_all_carts.csv,4-27-24_Cart1,0.6,4.403204524110764,3.8949283881964334,11.692807102486952
ed4aca94b0702f14c36928d0,4-27-24_train-ready_all_carts.csv,4-27-24_Cart1,0.65,4.1031431113739885,3.9735238784165845,4.798531595443987
ed4aca94b0702f14c36928d0,4-27-24_train-ready_all_carts.csv,4-27-24_Cart1,0.7,4.287087286159149,3.525728273272522,4.612636819799338
ed4aca94b0702f14c36928d0,4-27-24_train-ready_all_carts.csv,4-27-24_Cart1,0.75,4.519055941770461,4.517491936074651,4.52030633730883
ed4aca94b0702f14c36928d0,4-27-24_train-ready_all_carts.csv,4-27-24_Cart1,0.8,4.771365628415399,4.430304325001472,5.089795801193819
ed4aca94b0702f14c36928d0,4-27-24_train-ready_all_carts.csv,4-27-24_Cart1,0.85,5.075549567157683,5.07099537211291,5.081322259305795
ed4aca94b0702f14c36928d0,4-27-24_train-ready_all_carts.csv,4-27-24_Cart1,0.9,5.261105999800338,5.2519224865848155,5.271831848579177
ed4aca94b0702f14c36928d0,4-27-24_train-ready_all_carts.csv,4-27-24_Cart1,0.95,5.255155092482603,4.786899703978852,6.009167237009793
ed4aca94b0702f14c36928d0,4-27-24_train-ready_all_carts.csv,4-27-24_Cart1,1.0,5.319031708630186,5.315334206156646,5.322055703385839
4b59653384417050d6f59deb,4-27-24_train-ready_all_carts.csv,4-27-24_Cart13,0.0,0.5391799130500055,0.5387592567802033,0.6623845237868735
4b59653384417050d6f59deb,4-27-24_train-ready_all_carts.csv,4-27-24_Cart13,0.05,1.3430746849988693,1.3427507186221803,1.3435340055975475
4b59653384417050d6f59deb,4-27-24_train-ready_all_carts.csv,4-27-24_Cart13,0.1,1.482608143018767,1.343361033599944,1.5998488537038031
4b59653384417050d6f59deb,4-27-24_train-ready_all_carts.csv,4-27-24_Cart13,0.15,1.9437485815378668,1.9241873382189447,2.316219678581492
4b59653384417050d6f59deb,4-27-24_train-ready_all_carts.csv,4-27-24_Cart13,0.2,2.026714672865797,1.9959632750679492,2.1559745826394496
4b59653384417050d6f59deb,4-27-24_train-ready_all_carts.csv,4-27-24_Cart13,0.25,2.315923852859204,2.3155017430432028,2.316331427213222
4b59653384417050d6f59deb,4-27-24_train-ready_all_carts.csv,4-27-24_Cart13,0.3,2.5404746466021444,2.538210370476201,2.5436609361526243
4b59653384417050d6f59deb,4-27-24_train-ready_all_carts.csv,4-27-24_Cart13,0.35,2.8765356904977435,2.856384191138597,2.950001694582496
4b59653384417050d6f59deb,4-27-24_train-ready_all_carts.csv,4-27-24_Cart13,0.4,3.8321620801630627,3.1810130941841672,4.777410149972159
4b59653384417050d6f59deb,4-27-24_train-ready_all_carts.csv,4-27-24_Cart13,0.45,3.47900849581182,3.478380680137828,3.4796067172852134
4b59653384417050d6f59deb,4-27-24_train-ready_all_carts.csv,4-27-24_Cart13,0.5,3.738496725978314,3.066739768992142,3.9984657892272226
4b59653384417050d6f59deb,4-27-24_train-ready_all_carts.csv,4-27-24_Cart13,0.55,3.913552527411981,3.9125283006187757,3.9509970984602973
4b59653384417050d6f59deb,4-27-24_train-ready_all_carts.csv,4-27-24_Cart13,0.6,4.152749252649502,4.057176264434037,4.637061252534988
4b59653384417050d6f59deb,4-27-24_train-ready_all_carts.csv,4-27-24_Cart13,0.65,4.399255571009288,4.330029212334037,4.409016947717082
4b59653384417050d6f59deb,4-27-24_train-ready_all_carts.csv,4-27-24_Cart13,0.7,4.500227029805426,4.499939518367393,4.500379187021469
4b59653384417050d6f59deb,4-27-24_train-ready_all_carts.csv,4-27-24_Cart13,0.75,4.521774398649773,4.521352870252253,4.5225628021077595
4b59653384417050d6f59deb,4-27-24_train-ready_all_carts.csv,4-27-24_Cart13,0.8,4.886398206761441,4.884960068152791,4.886794327171415
4b59653384417050d6f59deb,4-27-24_train-ready_all_carts.csv,4-27-24_Cart13,0.85,4.960731396508127,4.96040231364882,4.960896751923652
4b59653384417050d6f59deb,4-27-24_train-ready_all_carts.csv,4-27-24_Cart13,0.9,5.352691175844453,5.350747668293562,5.353782033195392
4b59653384417050d6f59deb,4-27-24_train-ready_all_carts.csv,4-27-24_Cart13,0.95,5.6635651712150334,5.6614468892692535,5.665055870054215
4b59653384417050d6f59deb,4-27-24_train-ready_all_carts.csv,4-27-24_Cart13,1.0,4.891699580456065,4.8821983303759255,4.894440677876913
583ae58f7dd074dad20040b1,4-27-24_train-ready_all_carts.csv,4-27-24_Cart16,0.0,0.7345688093112552,0.3845844800279499,1.2594924237972713
583ae58f7dd074dad20040b1,4-27-24_train-ready_all_carts.csv,4-27-24_Cart16,0.05,0.9646719252179001,0.921499741147561,0.99008213565834
583ae58f7dd074dad20040b1,4-27-24_train-ready_all_carts.csv,4-27-24_Cart16,0.1,1.2556320714807945,1.2555499167582642,1.255705765493092
583ae58f7dd074dad20040b1,4-27-24_train-ready_all_carts.csv,4-27-24_Cart16,0.15,1.430469582922759,1.4303706907082518,1.4307860625329814
583ae58f7dd074dad20040b1,4-27-24_train-ready_all_carts.csv,4-27-24_Cart16,0.2,1.7031864760245181,1.6568611446558963,1.8162472533843634
583ae58f7dd074dad20040b1,4-27-24_train-ready_all_carts.csv,4-27-24_Cart16,0.25,1.9864400188381768,1.8315256407045943,2.440421497682485
583ae58f7dd074dad20040b1,4-27-24_train-ready_all_carts.csv,4-27-24_Cart16,0.3,2.043309479677017,2.0410931414535494,2.0445785862116166
583ae58f7dd074dad20040b1,4-27-24_train-ready_all_carts.csv,4-27-24_Cart16,0.35,2.365924944101483,2.365485232407466,2.366095384495984
583ae58f7dd074dad20040b1,4-27-24_train-ready_all_carts.csv,4-27-24_Cart16,0.4,2.575158308105821,2.5748469784931305,2.5756264060957563
583ae58f7dd074dad20040b1,4-27-24_train-ready_all_carts.csv,4-27-24_Cart16,0.45,2.9323155416893902,2.8324783026346254,3.297951939661448
583ae58f7dd074dad20040b1,4-27-24_train-ready_all_carts.csv,4-27-24_Cart16,0.5,2.972063713115076,2.935049332045806,3.0218261773601576
583ae58f7dd074dad20040b1,4-27-24_train-ready_all_carts.csv,4-27-24_Cart16,0.55,3.3660066433537104,2.796335374719113,3.58528802039938
583ae58f7dd074dad20040b1,4-27-24_train-ready_all_carts.csv,4-27-24_Cart16,0.6,3.5232851155923255,3.4598507567094328,3.8618653271271106
583ae58f7dd074dad20040b1,4-27-24_train-ready_all_carts.csv,4-27-24_Cart16,0.65,3.832314396052186,3.7315782984996533,4.030225858340029
583ae58f7dd074dad20040b1,4-27-24_train-ready_all_carts.csv,4-27-24_Cart16,0.7,4.08466917986548,3.94510915151572,4.655558545535313
583ae58f7dd074dad20040b1,4-27-24_train-ready_all_carts.csv,4-27-24_Cart16,0.75,4.111292214724638,4.111143232653184,4.11141115514382
583ae58f7dd074dad20040b1,4-27-24_train-ready_all_carts.csv,4-27-24_Cart16,0.8,4.32558974296849,4.304592773865252,4.380419804784774
583ae58f7dd074dad20040b1,4-27-24_train-ready_all_carts.csv,4-27-24_Cart16,0.85,4.640600377704463,4.639811447130203,4.641251484535258
583ae58f7dd074dad20040b1,4-27-24_train-ready_all_carts.csv,4-27-24_Cart16,0.9,4.843567911378556,4.7727269977121445,4.869064874753609
583ae58f7dd074dad20040b1,4-27-24_train-ready_all_carts.csv,4-27-24_Cart16,0.95,4.937127426061158,4.9368883190329,4.937662780566479
583ae58f7dd074dad20040b1,4-27-24_train-ready_all_carts.csv,4-27-24_Cart16,1.0,4.997231575825867,4.996260739981645,5.030672839560041
acd835300029e4cb30139776,4-27-24_train-ready_all_carts.csv,4-27-24_Cart2,0.0,0.7094653326209427,0.5099204080247773,0.8139342653767712
acd835300029e4cb30139776,4-27-24_train-ready_all_carts.csv,4-27-24_Cart2,0.05,0.9335534288765677,0.5856556279017481,1.1295164493780736
acd835300029e4cb30139776,4-27-24_train-ready_all_carts.csv,4-27-24_Cart2,0.1,0.7162360267466902,0.5841106396900191,0.9653060104323569
acd835300029e4cb30139776,4-27-24_train-ready_all_carts.csv,4-27-24_Cart2,0.15,1.423322896734592,1.4230504755852753,1.4236218346522616
acd835300029e4cb30139776,4-27-24_train-ready_all_carts.csv,4-27-24_Cart2,0.2,1.6120069454138184,1.5400338366379622,1.7243857826057518
acd835300029e4cb30139776,4-27-24_train-ready_all_carts.csv,4-27-24_Cart2,0.25,1.761953919534829,1.7615829225964326,1.7630098338979598
acd835300029e4cb30139776,4-27-24_train-ready_all_carts.csv,4-27-24_Cart2,0.3,1.983707826719706,1.9822906659787387,1.9847070808132379
acd835300029e4cb30139776,4-27-24_train-ready_all_carts.csv,4-27-24_Cart2,0.35,2.3145360228860903,2.2872411122362726,2.4339679042775617
acd835300029e4cb30139776,4-27-24_train-ready_all_carts.csv,4-27-24_Cart2,0.4,2.4442196674326597,2.44413012874849,2.44438269204886
acd835300029e4cb30139776,4-27-24_train-ready_all_carts.csv,4-27-24_Cart2,0.45,2.5691136463771036,2.5672982584737354,2.570855013256705
acd835300029e4cb30139776,4-27-24_train-ready_all_carts.csv,4-27-24_Cart2,0.5,2.7729372239655365,2.763059430480713,3.206222407952597
acd835300029e4cb30139776,4-27-24_train-ready_all_carts.csv,4-27-24_Cart2,0.55,2.9577626666668833,2.9574799598652683,2.959512238286469
acd835300029e4cb30139776,4-27-24_train-ready_all_carts.csv,4-27-24_Cart2,0.6,3.2053698284499346,3.2043713472666906,3.20563642304477
acd835300029e4cb30139776,4-27-24_train-ready_all_carts.csv,4-27-24_Cart2,0.65,3.5057073082881804,2.676087759741314,4.304498913802648
acd835300029e4cb30139776,4-27-24_train-ready_all_carts.csv,4-27-24_Cart2,0.7,3.548302988824277,3.54800642909211,3.548516252609218
acd835300029e4cb30139776,4-27-24_train-ready_all_carts.csv,4-27-24_Cart2,0.75,3.737652929444217,3.7374067872447023,3.738075057370918
acd835300029e4cb30139776,4-27-24_train-ready_all_carts.csv,4-27-24_Cart2,0.8,4.075873715245265,4.018400403478431,4.5668694350030385
acd835300029e4cb30139776,4-27-24_train-ready_all_carts.csv,4-27-24_Cart2,0.85,4.235122961959483,3.5506468690009494,4.46260377765304
acd835300029e4cb30139776,4-27-24_train-ready_all_carts.csv,4-27-24_Cart2,0.9,4.515792847691676,4.51545526425959,4.516180373019317
acd835300029e4cb30139776,4-27-24_train-ready_all_carts.csv,4-27-24_Cart2,0.95,4.914138919368087,4.241543706088532,5.756627424215604
acd835300029e4cb30139776,4-27-24_train-ready_all_carts.csv,4-27-24_Cart2,1.0,5.082427649177482,5.080706140146826,5.0857475961390355
12d017ecd525808a35d862e3,4-27-24_train-ready_all_carts.csv,4-27-24_Cart20,0.0,0.6290069645295541,0.628653611753962,0.6317272736966716
12d017ecd525808a35d862e3,4-27-24_train-ready_all_carts.csv,4-27-24_Cart20,0.05,0.635480252123749,0.6350548086192037,0.6366854386909885
12d017ecd525808a35d862e3,4-27-24_train-ready_all_carts.csv,4-27-24_Cart20,0.1,1.1041065090760935,1.016561583705874,1.2150219503283306
12d017ecd525808a35d862e3,4-27-24_train-ready_all_carts.csv,4-27-24_Cart20,0.15,1.160043775067135,1.1523822753643944,1.170241569984384
12d017ecd525808a35d862e3,4-27-24_train-ready_all_carts.csv,4-27-24_Cart20,0.2,1.2823518508230634,1.2596833065794464,1.3174983128895477
12d017ecd525808a35d862e3,4-27-24_train-ready_all_carts.csv,4-27-24_Cart20,0.25,1.449584758890146,1.4487747864129659,1.4513227811547804
12d017ecd525808a35d862e3,4-27-24_train-ready_all_carts.csv,4-27-24_Cart20,0.3,1.6062772720091383,1.580888418598404,1.6393485895935103
12d017ecd525808a35d862e3,4-27-24_train-ready_all_carts.csv,4-27-24_Cart20,0.35,1.9704991113510546,1.666037645963772,2.1179097740489934
12d017ecd525808a35d862e3,4-27-24_train-ready_all_carts.csv,4-27-24_Cart20,0.4,1.956766706640678,1.6780803819472268,2.18482572768451
12d017ecd525808a35d862e3,4-27-24_train-ready_all_carts.csv,4-27-24_Cart20,0.45,2.084391642725227,2.08268412038438,2.088415265708844
12d017ecd525808a35d862e3,4-27-24_train-ready_all_carts.csv,4-27-24_Cart20,0.5,2.2557714583902624,2.255145161729065,2.257741510008592
12d017ecd525808a35d862e3,4-27-24_train-ready_all_carts.csv,4-27-24_Cart20,0.55,2.472564375656363,2.466475819916779,2.4791037351475445
12d017ecd525808a35d862e3,4-27-24_train-ready_all_carts.csv,4-27-24_Cart20,0.6,2.692539834859183,2.684435308547274,2.6979999974904794
12d017ecd525808a35d862e3,4-27-24_train-ready_all_carts.csv,4-27-24_Cart20,0.65,2.7860129715802913,2.031144659368793,2.862868857141032
12d017ecd525808a35d862e3,4-27-24_train-ready_all_carts.csv,4-27-24_Cart20,0.7,2.8896356173082625,2.88709952497573,2.8993457515815306
12d017ecd525808a35d862e3,4-27-24_train-ready_all_carts.csv,4-27-24_Cart20,0.75,3.1766730375422934,2.966297953463501,3.6111556780375795
12d017ecd525808a35d862e3,4-27-24_train-ready_all_carts.csv,4-27-24_Cart20,0.8,3.8106156441578403,3.3003369059192873,4.077396381083894
12d017ecd525808a35d862e3,4-27-24_train-ready_all_carts.csv,4-27-24_Cart20,0.85,3.405749782207156,3.4048695449388107,3.4066398254376957
12d017ecd525808a35d862e3,4-27-24_train-ready_all_carts.csv,4-27-24_Cart20,0.9,2.5947453120404034,2.5567959002150733,2.7997984637411633
12d017ecd525808a35d862e3,4-27-24_train-ready_all_carts.csv,4-27-24_Cart20,0.95,3.871954980907598,3.8706839253253476,3.873372720158796
12d017ecd525808a35d862e3,4-27-24_train-ready_all_carts.csv,4-27-24_Cart20,1.0,1.3738313339892525,0.35228000633700784,4.281461091795554
6eab4e6581997804f5893dc2,4-27-24_train-ready_all_carts.csv,4-27-24_Cart25,0.0,0.640556043860542,0.6389486104984128,0.645708545209374
6eab4e6581997804f5893dc2,4-27-24_train-ready_all_carts.csv,4-27-24_Cart25,0.05,0.7878394234579041,0.7869518288479052,0.7884100929386905
6eab4e6581997804f5893dc2,4-27-24_train-ready_all_carts.csv,4-27-24_Cart25,0.1,0.6333324657274674,0.6321531366000299,0.6347933850448992
6eab4e6581997804f5893dc2,4-27-24_train-ready_all_carts.csv,4-27-24_Cart25,0.15,1.2551525049622423,1.2510905528550276,1.2591380682413205
6eab4e6581997804f5893dc2,4-27-24_train-ready_all_carts.csv,4-27-24_Cart25,0.2,1.430841363058015,1.4231592477079165,1.433747134167531
6eab4e6581997804f5893dc2,4-27-24_train-ready_all_carts.csv,4-27-24_Cart25,0.25,1.6706886668605185,1.6702924253455844,1.6795177039564209
6eab4e6581997804f5893dc2,4-27-24_train-ready_all_carts.csv,4-27-24_Cart25,0.3,2.189873983799253,1.846831568712837,2.292738621489783
6eab4e6581997804f5893dc2,4-27-24_train-ready_all_carts.csv,4-27-24_Cart25,0.35,2.312753788033569,2.1657635726910702,2.7674057957292804
6eab4e6581997804f5893dc2,4-27-24_train-ready_all_carts.csv,4-27-24_Cart25,0.4,2.5861999213240296,2.262223599462124,3.029773710706079
6eab4e6581997804f5893dc2,4-27-24_train-ready_all_carts.csv,4-27-24_Cart25,0.45,2.744168205277704,2.743838684842604,2.745196322651762
6eab4e6581997804f5893dc2,4-27-24_train-ready_all_carts.csv,4-27-24_Cart25,0.5,2.9146637123839296,2.914300831408913,2.9171480513667376
6eab4e6581997804f5893dc2,4-27-24_train-ready_all_carts.csv,4-27-24_Cart25,0.55,3.032071026417147,3.02959887424382,3.0334574632230087
6eab4e6581997804f5893dc2,4-27-24_train-ready_all_carts.csv,4-27-24_Cart25,0.6,3.314685180738709,3.3135918401049764,3.3162067617726025
6eab4e6581997804f5893dc2,4-27-24_train-ready_all_carts.csv,4-27-24_Cart25,0.65,3.431336776418702,3.1890467321841856,3.7689452361317612
6eab4e6581997804f5893dc2,4-27-24_train-ready_all_carts.csv,4-27-24_Cart25,0.7,3.733588714686579,3.7251528553825564,3.7446025948161146
6eab4e6581997804f5893dc2,4-27-24_train-ready_all_carts.csv,4-27-24_Cart25,0.75,4.308738039404647,3.868954075439916,5.040370967884608
6eab4e6581997804f5893dc2,4-27-24_train-ready_all_carts.csv,4-27-24_Cart25,0.8,4.187775444974548,4.185426590633444,4.188327391703339
6eab4e6581997804f5893dc2,4-27-24_train-ready_all_carts.csv,4-27-24_Cart25,0.85,4.486391765218803,4.4383647064648954,4.9047713344417705
6eab4e6581997804f5893dc2,4-27-24_train-ready_all_carts.csv,4-27-24_Cart25,0.9,4.6992606046385355,4.3857724961128985,4.985319268747907
6eab4e6581997804f5893dc2,4-27-24_train-ready_all_carts.csv,4-27-24_Cart25,0.95,4.866196746383807,4.8655390671682985,5.031239371116478
6eab4e6581997804f5893dc2,4-27-24_train-ready_all_carts.csv,4-27-24_Cart25,1.0,3.6815816754378234,3.455973535147496,4.088101981216661
9e79345ad58ae26ddf05261f,4-27-24_train-ready_all_carts.csv,4-27-24_Cart26,0.0,0.5077833963420205,0.3762195017077632,0.6080846533743887
9e79345ad58ae26ddf05261f,4-27-24_train-ready_all_carts.csv,4-27-24_Cart26,0.05,0.834155378658666,0.6322973948271005,0.9449144467773472
9e79345ad58ae26ddf05261f,4-27-24_train-ready_all_carts.csv,4-27-24_Cart26,0.1,1.079690901034684,1.0375051491692244,1.3035495714132597
9e79345ad58ae26ddf05261f,4-27-24_train-ready_all_carts.csv,4-27-24_Cart26,0.15,1.2031081318316348,1.2019138793982425,1.2036136892638627
9e79345ad58ae26ddf05261f,4-27-24_train-ready_all_carts.csv,4-27-24_Cart26,0.2,1.4265784065232792,1.4258879753162292,1.4280817679081743
9e79345ad58ae26ddf05261f,4-27-24_train-ready_all_carts.csv,4-27-24_Cart26,0.25,1.7954655696961377,1.723067327573702,2.3880011294236865
9e79345ad58ae26ddf05261f,4-27-24_train-ready_all_carts.csv,4-27-24_Cart26,0.3,2.011346695551417,1.525458418278734,2.695266294580568
9e79345ad58ae26ddf05261f,4-27-24_train-ready_all_carts.csv,4-27-24_Cart26,0.35,2.171039054645009,1.8544201124330923,2.307889117464676
9e79345ad58ae26ddf05261f,4-27-24_train-ready_all_carts.csv,4-27-24_Cart26,0.4,2.0066293598571656,1.7277705807091066,2.4264716579103136
9e79345ad58ae26ddf05261f,4-27-24_train-ready_all_carts.csv,4-27-24_Cart26,0.45,2.559286842556491,2.5578807087011715,2.561799711207799
9e79345ad58ae26ddf05261f,4-27-24_train-ready_all_carts.csv,4-27-24_Cart26,0.5,4.319884491416254,3.3524654278194324,8.060342658232075
9e79345ad58ae26ddf05261f,4-27-24_train-ready_all_carts.csv,4-27-24_Cart26,0.55,3.1522860335593332,2.2621251738774792,3.4739563060346943
9e79345ad58ae26ddf05261f,4-27-24_train-ready_all_carts.csv,4-27-24_Cart26,0.6,3.2718848974870816,2.850364717205606,4.142107040174433
9e79345ad58ae26ddf05261f,4-27-24_train-ready_all_carts.csv,4-27-24_Cart26,0.65,3.753939246341517,3.4237975109204566,4.356861046890551
9e79345ad58ae26ddf05261f,4-27-24_train-ready_all_carts.csv,4-27-24_Cart26,0.7,3.801875247795132,3.799379291075225,3.8253351832367666
9e79345ad58ae26ddf05261f,4-27-24_train-ready_all_carts.csv,4-27-24_Cart26,0.75,4.309736046497131,3.991661263498439,4.501270100007316
9e79345ad58ae26ddf05261f,4-27-24_train-ready_all_carts.csv,4-27-24_Cart26,0.8,4.336652382032846,4.334392870832947,4.436655075956867
9e79345ad58ae26ddf05261f,4-27-24_train-ready_all_carts.csv,4-27-24_Cart26,0.85,4.9776737417443515,4.101693182870792,5.747069071447465
9e79345ad58ae26ddf05261f,4-27-24_train-ready_all_carts.csv,4-27-24_Cart26,0.9,4.696949827348041,4.696701228386836,4.69869027729216
9e79345ad58ae26ddf05261f,4-27-24_train-ready_all_carts.csv,4-27-24_Cart26,0.95,4.8961209361162386,4.894614681054868,4.897511572726434
9e79345ad58ae26ddf05261f,4-27-24_train-ready_all_carts.csv,4-27-24_Cart26,1.0,4.586132306964554,4.511927510466514,4.8915318867457325
23eeadb630e45c99ce3e747e,4-27-24_train-ready_all_carts.csv,4-27-24_Cart32,0.0,10.138927640265543,2.7168786122540345,12.422222219143103
23eeadb630e45c99ce3e747e,4-27-24_train-ready_all_carts.csv,4-27-24_Cart32,0.05,0.8804576767931218,0.879813840864929,0.8845906554939311
23eeadb630e45c99ce3e747e,4-27-24_train-ready_all_carts.csv,4-27-24_Cart32,0.1,1.1543918330309633,1.1521280400801595,1.1577490836045776
23eeadb630e45c99ce3e747e,4-27-24_train-ready_all_carts.csv,4-27-24_Cart32,0.15,1.3007125633169703,1.2992937121923867,1.3010940407087694
23eeadb630e45c99ce3e747e,4-27-24_train-ready_all_carts.csv,4-27-24_Cart32,0.2,1.4765022884449346,1.4744015784158706,1.5228018566867019
23eeadb630e45c99ce3e747e,4-27-24_train-ready_all_carts.csv,4-27-24_Cart32,0.25,1.6504633460570033,1.6467357873408734,1.6517701482233336
23eeadb630e45c99ce3e747e,4-27-24_train-ready_all_carts.csv,4-27-24_Cart32,0.3,1.4720666706172247,1.4713477987217622,1.4749789335464585
23eeadb630e45c99ce3e747e,4-27-24_train-ready_all_carts.csv,4-27-24_Cart32,0.35,2.1265668554412898,2.1246883421799123,2.1287247781674887
23eeadb630e45c99ce3e747e,4-27-24_train-ready_all_carts.csv,4-27-24_Cart32,0.4,2.232444209353935,1.993235902662702,2.339304100738247
23eeadb630e45c99ce3e747e,4-27-24_train-ready_all_carts.csv,4-27-24_Cart32,0.45,1.5922038288562423,1.486061858792986,2.063325140128666
23eeadb630e45c99ce3e747e,4-27-24_train-ready_all_carts.csv,4-27-24_Cart32,0.5,2.6254865270349734,2.5582707571802485,3.107162957114314
23eeadb630e45c99ce3e747e,4-27-24_train-ready_all_carts.csv,4-27-24_Cart32,0.55,3.2398534603860334,2.8748943188830203,3.5586869887638013
23eeadb630e45c99ce3e747e,4-27-24_train-ready_all_carts.csv,4-27-24_Cart32,0.6,3.1194263769528128,3.1171003213783353,3.120279873948698
23eeadb630e45c99ce3e747e,4-27-24_train-ready_all_carts.csv,4-27-24_Cart32,0.65,3.399043779927846,3.3506961991257147,3.4055460653386613
23eeadb630e45c99ce3e747e,4-27-24_train-ready_all_carts.csv,4-27-24_Cart32,0.7,3.682407634285351,3.6807817361726953,3.6860431061057803
23eeadb630e45c99ce3e747e,4-27-24_train-ready_all_carts.csv,4-27-24_Cart32,0.75,4.1922387118559605,3.929792544383925,4.93351564609751
23eeadb630e45c99ce3e747e,4-27-24_train-ready_all_carts.csv,4-27-24_Cart32,0.8,4.031940973129731,4.030368188362079,4.034331667763901
23eeadb630e45c99ce3e747e,4-27-24_train-ready_all_carts.csv,4-27-24_Cart32,0.85,4.475872291701515,4.40991977582309,4.727885310945261
23eeadb630e45c99ce3e747e,4-27-24_train-ready_all_carts.csv,4-27-24_Cart32,0.9,4.669045646301593,4.667231177990903,4.670031689016387
23eeadb630e45c99ce3e747e,4-27-24_train-ready_all_carts.csv,4-27-24_Cart32,0.95,4.737434722029335,4.736412973363371,4.7382310657389874
23eeadb630e45c99ce3e747e,4-27-24_train-ready_all_carts.csv,4-27-24_Cart32,1.0,4.899501717371011,4.877379771533387,4.9113004251461785
e383dc33f99a908111649019,4-27-24_train-ready_all_carts.csv,4-27-24_Cart38,0.0,0.6680660002796619,0.6651579929835674,0.66902583647853
e383dc33f99a908111649019,4-27-24_train-ready_all_carts.csv,4-27-24_Cart38,0.05,0.8425772166407925,0.8386826413657074,0.9158975307440902
e383dc33f99a908111649019,4-27-24_train-ready_all_carts.csv,4-27-24_Cart38,0.1,1.1375581354916462,1.1308620810591652,1.1388429708595131
e383dc33f99a908111649019,4-27-24_train-ready_all_carts.csv,4-27-24_Cart38,0.15,1.4131143407692142,1.3822088121110498,1.6923138197897525
e383dc33f99a908111649019,4-27-24_train-ready_all_carts.csv,4-27-24_Cart38,0.2,1.8849581886632225,1.8811406168741627,1.9062228352730675
e383dc33f99a908111649019,4-27-24_train-ready_all_carts.csv,4-27-24_Cart38,0.25,1.9682667269642393,1.9611933497504934,1.9692572277637594
e383dc33f99a908111649019,4-27-24_train-ready_all_carts.csv,4-27-24_Cart38,0.3,1.696129225677651,1.5986187024695264,2.5129236121106007
e383dc33f99a908111649019,4-27-24_train-ready_all_carts.csv,4-27-24_Cart38,0.35,3.130498409723441,3.0978816481556217,3.2784583567242884
e383dc33f99a908111649019,4-27-24_train-ready_all_carts.csv,4-27-24_Cart38,0.4,3.27170946570295,3.249015210331822,3.687392693428775
e383dc33f99a908111649019,4-27-24_train-ready_all_carts.csv,4-27-24_Cart38,0.45,3.528651460420764,3.523736289719496,3.5607116993849184
e383dc33f99a908111649019,4-27-24_train-ready_all_carts.csv,4-27-24_Cart38,0.5,3.632646634708543,3.6320667431712943,3.6339320400503996
e383dc33f99a908111649019,4-27-24_train-ready_all_carts.csv,4-27-24_Cart38,0.55,4.142198821821491,4.0798127747442265,4.358477276177914
e383dc33f99a908111649019,4-27-24_train-ready_all_carts.csv,4-27-24_Cart38,0.6,4.271275131557594,4.196714155070643,4.677668524215434
e383dc33f99a908111649019,4-27-24_train-ready_all_carts.csv,4-27-24_Cart38,0.65,4.593481428006499,4.58795399124536,4.5972910771571005
e383dc33f99a908111649019,4-27-24_train-ready_all_carts.csv,4-27-24_Cart38,0.7,4.956997159342068,4.953295919244332,4.962364148425072
e383dc33f99a908111649019,4-27-24_train-ready_all_carts.csv,4-27-24_Cart38,0.75,5.2180327072548165,5.212316096126453,5.220783002747925
e383dc33f99a908111649019,4-27-24_train-ready_all_carts.csv,4-27-24_Cart38,0.8,5.281587087016428,5.280001704363726,5.287815249800661
e383dc33f99a908111649019,4-27-24_train-ready_all_carts.csv,4-27-24_Cart38,0.85,5.780953838931177,5.776634918020665,5.7835798800945035
e383dc33f99a908111649019,4-27-24_train-ready_all_carts.csv,4-27-24_Cart38,0.9,5.309913654362823,5.3079624624034505,5.320850885253604
e383dc33f99a908111649019,4-27-24_train-ready_all_carts.csv,4-27-24_Cart38,0.95,6.140022633198119,6.134285560003521,6.465614974128387
e383dc33f99a908111649019,4-27-24_train-ready_all_carts.csv,4-27-24_Cart38,1.0,3.425222840278873,3.3591015826540773,3.4528711385773754
f511077b2df88e2ce6a75c58,4-27-24_train-ready_all_carts.csv,4-27-24_Cart59,0.0,0.9240950291178178,0.4730565340149936,2.1266049294628675
f511077b2df88e2ce6a75c58,4-27-24_train-ready_all_carts.csv,4-27-24_Cart59,0.05,1.1811013950062432,1.1805870514993946,1.182412179199865
f511077b2df88e2ce6a75c58,4-27-24_train-ready_all_carts.csv,4-27-24_Cart59,0.1,1.963858315871139,1.4859346692640991,2.932120817405031
f511077b2df88e2ce6a75c58,4-27-24_train-ready_all_carts.csv,4-27-24_Cart59,0.15,1.6455494763261007,1.644326077745387,1.646703670193236
f511077b2df88e2ce6a75c58,4-27-24_train-ready_all_carts.csv,4-27-24_Cart59,0.2,2.158351712095955,2.063194057964613,2.8302937056227404
f511077b2df88e2ce6a75c58,4-27-24_train-ready_all_carts.csv,4-27-24_Cart59,0.25,1.8665447589676465,1.5010693882352886,2.1712138186509096
f511077b2df88e2ce6a75c58,4-27-24_train-ready_all_carts.csv,4-27-24_Cart59,0.3,2.249099031938244,2.2289164742402066,2.369885889318481
f511077b2df88e2ce6a75c58,4-27-24_train-ready_all_carts.csv,4-27-24_Cart59,0.35,2.397666303494537,1.9332053196009613,2.6214280152373424
f511077b2df88e2ce6a75c58,4-27-24_train-ready_all_carts.csv,4-27-24_Cart59,0.4,2.3329164967327296,2.2321034099485475,2.4067022104614875
f511077b2df88e2ce6a75c58,4-27-24_train-ready_all_carts.csv,4-27-24_Cart59,0.45,2.835056514766545,2.8297723243484096,2.861429961926718
f511077b2df88e2ce6a75c58,4-27-24_train-ready_all_carts.csv,4-27-24_Cart59,0.5,3.1425201546209984,3.1385361917452608,3.271157641628003
f511077b2df88e2ce6a75c58,4-27-24_train-ready_all_carts.csv,4-27-24_Cart59,0.55,3.743944304453416,3.5617359178499863,3.8233584727263303
f511077b2df88e2ce6a75c58,4-27-24_train-ready_all_carts.csv,4-27-24_Cart59,0.6,3.7102592033595134,3.5690376016131156,3.9967948686434056
f511077b2df88e2ce6a75c58,4-27-24_train-ready_all_carts.csv,4-27-24_Cart59,0.65,3.760940512923736,3.758824490833987,4.397080210305623
f511077b2df88e2ce6a75c58,4-27-24_train-ready_all_carts.csv,4-27-24_Cart59,0.7,4.046277411813103,4.001209894777448,4.191921663941649
f511077b2df88e2ce6a75c58,4-27-24_train-ready_all_carts.csv,4-27-24_Cart59,0.75,4.2045919913327054,4.183590120203577,4.241950220571866
f511077b2df88e2ce6a75c58,4-27-24_train-ready_all_carts.csv,4-27-24_Cart59,0.8,4.415101000425276,4.376996181352341,4.63918879539477
f511077b2df88e2ce6a75c58,4-27-24_train-ready_all_carts.csv,4-27-24_Cart59,0.85,4.573938720661079,4.572612687971246,4.576415428334308
f511077b2df88e2ce6a75c58,4-27-24_train-ready_all_carts.csv,4-27-24_Cart59,0.9,4.778416363021117,4.770447850789018,4.894839218081561
f511077b2df88e2ce6a75c58,4-27-24_train-ready_all_carts.csv,4-27-24_Cart59,0.95,4.980336949862501,4.978768114194521,4.980719335229052
f511077b2df88e2ce6a75c58,4-27-24_train-ready_all_carts.csv,4-27-24_Cart59,1.0,5.202325730680333,5.166227555060857,5.264227880774518
5d91bda95543ed62933d8b63,4-27-24_train-ready_all_carts.csv,4-27-24_Cart6,0.0,0.6708260329078012,0.4599610973449954,0.8078969154614447
5d91bda95543ed62933d8b63,4-27-24_train-ready_all_carts.csv,4-27-24_Cart6,0.05,1.1477605374148974,1.0643193169923628,1.5038525418320559
5d91bda95543ed62933d8b63,4-27-24_train-ready_all_carts.csv,4-27-24_Cart6,0.1,1.3151786070489446,1.3114182453526124,1.3231126936683884
5d91bda95543ed62933d8b63,4-27-24_train-ready_all_carts.csv,4-27-24_Cart6,0.15,1.5346989562962503,1.5248760285879364,1.53824726986938
5d91bda95543ed62933d8b63,4-27-24_train-ready_all_carts.csv,4-27-24_Cart6,0.2,2.178081583478556,2.0999593977136666,2.189615320442253
5d91bda95543ed62933d8b63,4-27-24_train-ready_all_carts.csv,4-27-24_Cart6,0.25,2.3895447855057266,2.3844845926653173,2.4129826905813934
5d91bda95543ed62933d8b63,4-27-24_train-ready_all_carts.csv,4-27-24_Cart6,0.3,2.845391461927647,2.7160122928306647,3.334869118339502
5d91bda95543ed62933d8b63,4-27-24_train-ready_all_carts.csv,4-27-24_Cart6,0.35,2.928329877293182,2.9259127331271415,2.9301236544939315
5d91bda95543ed62933d8b63,4-27-24_train-ready_all_carts.csv,4-27-24_Cart6,0.4,3.313244355330684,3.3089449007490908,3.3211964438930988
5d91bda95543ed62933d8b63,4-27-24_train-ready_all_carts.csv,4-27-24_Cart6,0.45,3.1900008957868407,3.0835711374013615,3.6293233218495313
5d91bda95543ed62933d8b63,4-27-24_train-ready_all_carts.csv,4-27-24_Cart6,0.5,2.7981150659538523,2.79510470949671,2.802600218811522
5d91bda95543ed62933d8b63,4-27-24_train-ready_all_carts.csv,4-27-24_Cart6,0.55,4.107242481527546,4.103018555602583,4.108936878916939
5d91bda95543ed62933d8b63,4-27-24_train-ready_all_carts.csv,4-27-24_Cart6,0.6,4.417741356821431,4.397730238006721,4.42799167450704
5d91bda95543ed62933d8b63,4-27-24_train-ready_all_carts.csv,4-27-24_Cart6,0.65,4.564770096472978,4.561558822431506,4.5680957424802076
5d91bda95543ed62933d8b63,4-27-24_train-ready_all_carts.csv,4-27-24_Cart6,0.7,4.879860886936163,4.876127442971592,4.881178379292429
5d91bda95543ed62933d8b63,4-27-24_train-ready_all_carts.csv,4-27-24_Cart6,0.75,4.745514146982955,4.743623545451712,4.750820120293964
5d91bda95543ed62933d8b63,4-27-24_train-ready_all_carts.csv,4-27-24_Cart6,0.8,4.551462287905412,4.458940251417309,4.624797774070744
5d91bda95543ed62933d8b63,4-27-24_train-ready_all_carts.csv,4-27-24_Cart6,0.85,5.0181407958805355,5.014156687637493,5.023104050813524
5d91bda95543ed62933d8b63,4-27-24_train-ready_all_carts.csv,4-27-24_Cart6,0.9,5.075582326844491,5.073401309110234,5.149852607909672
5d91bda95543ed62933d8b63,4-27-24_train-ready_all_carts.csv,4-27-24_Cart6,0.95,5.397837549879512,5.3328855174463445,5.585712243825463
5d91bda95543ed62933d8b63,4-27-24_train-ready_all_carts.csv,4-27-24_Cart6,1.0,4.963748805413628,4.961348073113577,4.9651117285407995
6a6441872672850db3800a7b,4-27-24_train-ready_all_carts.csv,4-27-24_Cart60,0.0,0.6908234899138961,0.6562540591014765,0.7217717841854323
6a6441872672850db3800a7b,4-27-24_train-ready_all_carts.csv,4-27-24_Cart60,0.05,1.100645830491826,0.948787727287518,1.1737432849508969
6a6441872672850db3800a7b,4-27-24_train-ready_all_carts.csv,4-27-24_Cart60,0.1,1.3162689392601967,1.3089272809542976,1.323155806245778
6a6441872672850db3800a7b,4-27-24_train-ready_all_carts.csv,4-27-24_Cart60,0.15,1.562339952182401,1.5604754400308,1.564592117093531
6a6441872672850db3800a7b,4-27-24_train-ready_all_carts.csv,4-27-24_Cart60,0.2,1.7001402736583615,1.6996635017022876,1.700918728265637
6a6441872672850db3800a7b,4-27-24_train-ready_all_carts.csv,4-27-24_Cart60,0.25,1.8603797381343385,1.8585700830994798,1.950522955185703
6a6441872672850db3800a7b,4-27-24_train-ready_all_carts.csv,4-27-24_Cart60,0.3,2.315794577919947,2.2303809134801327,2.4405125162519354
6a6441872672850db3800a7b,4-27-24_train-ready_all_carts.csv,4-27-24_Cart60,0.35,2.4939939223158865,2.2378881508444897,2.7381701918396057
6a6441872672850db3800a7b,4-27-24_train-ready_all_carts.csv,4-27-24_Cart60,0.4,2.93193006286111,2.867701259584427,3.082698959432876
6a6441872672850db3800a7b,4-27-24_train-ready_all_carts.csv,4-27-24_Cart60,0.45,3.216456481455679,3.214141082853148,3.22338542025984
6a6441872672850db3800a7b,4-27-24_train-ready_all_carts.csv,4-27-24_Cart60,0.5,3.6275762463790677,3.4588912422135567,4.028868273812658
6a6441872672850db3800a7b,4-27-24_train-ready_all_carts.csv,4-27-24_Cart60,0.55,3.7220753452341375,3.7215978174968907,3.7266817684963973
6a6441872672850db3800a7b,4-27-24_train-ready_all_carts.csv,4-27-24_Cart60,0.6,3.778845847977359,3.6599476136159264,4.309814242086108
6a6441872672850db3800a7b,4-27-24_train-ready_all_carts.csv,4-27-24_Cart60,0.65,3.315642683213132,3.3072863886836705,3.349213979024249
6a6441872672850db3800a7b,4-27-24_train-ready_all_carts.csv,4-27-24_Cart60,0.7,4.105973131973326,4.104035812902145,4.125186978821353
6a6441872672850db3800a7b,4-27-24_train-ready_all_carts.csv,4-27-24_Cart60,0.75,4.232299435621334,4.2290817602628294,4.233273511588659
6a6441872672850db3800a7b,4-27-24_train-ready_all_carts.csv,4-27-24_Cart60,0.8,4.443474772191824,4.4408169417365615,4.445488929015504
6a6441872672850db3800a7b,4-27-24_train-ready_all_carts.csv,4-27-24_Cart60,0.85,4.579050577751201,4.57817500526331,4.580964908478396
6a6441872672850db3800a7b,4-27-24_train-ready_all_carts.csv,4-27-24_Cart60,0.9,4.822727023993096,4.817363748868729,4.845434028436861
6a6441872672850db3800a7b,4-27-24_train-ready_all_carts.csv,4-27-24_Cart60,0.95,3.775601027478422,3.7747861694113563,3.777785549974649
6a6441872672850db3800a7b,4-27-24_train-ready_all_carts.csv,4-27-24_Cart60,1.0,4.95239388042184,4.9203711172506175,5.239634813059579
7c37b115739f1b14256ae6e8,4-27-24_train-ready_all_carts.csv,4-27-24_Cart61,0.0,0.6053979269107534,0.5984245855185601,0.6074680178261869
7c37b115739f1b14256ae6e8,4-27-24_train-ready_all_carts.csv,4-27-24_Cart61,0.05,0.6211398193048179,0.6190315284851886,1.0136127452329085
7c37b115739f1b14256ae6e8,4-27-24_train-ready_all_carts.csv,4-27-24_Cart61,0.1,1.0110372259013511,0.8571340408320728,1.2386084614968225
7c37b115739f1b14256ae6e8,4-27-24_train-ready_all_carts.csv,4-27-24_Cart61,0.15,1.1789773886623833,1.1782275180369168,1.1795958832183044
7c37b115739f1b14256ae6e8,4-27-24_train-ready_all_carts.csv,4-27-24_Cart61,0.2,1.3258193074991516,1.3249723570684913,1.3272042631498802
7c37b115739f1b14256ae6e8,4-27-24_train-ready_all_carts.csv,4-27-24_Cart61,0.25,1.4719074520706066,1.4716308513044456,1.4721457135168605
7c37b115739f1b14256ae6e8,4-27-24_train-ready_all_carts.csv,4-27-24_Cart61,0.3,1.5926433147247854,1.592431914038416,1.5928540648045135
7c37b115739f1b14256ae6e8,4-27-24_train-ready_all_carts.csv,4-27-24_Cart61,0.35,1.8456735317266308,1.845200075979714,1.84650231164325
7c37b115739f1b14256ae6e8,4-27-24_train-ready_all_carts.csv,4-27-24_Cart61,0.4,2.236867504414546,2.005713006272764,2.431275693009985
7c37b115739f1b14256ae6e8,4-27-24_train-ready_all_carts.csv,4-27-24_Cart61,0.45,2.153337976673681,2.150451560311611,2.156445088102704
7c37b115739f1b14256ae6e8,4-27-24_train-ready_all_carts.csv,4-27-24_Cart61,0.5,2.2170379434399115,2.18378297501591,2.6060348175017207
7c37b115739f1b14256ae6e8,4-27-24_train-ready_all_carts.csv,4-27-24_Cart61,0.55,2.2884791997940357,2.2469298796655273,4.427615419682034
7c37b115739f1b14256ae6e8,4-27-24_train-ready_all_carts.csv,4-27-24_Cart61,0.6,2.144553857584332,2.0525909806773353,2.4869242631801574
7c37b115739f1b14256ae6e8,4-27-24_train-ready_all_carts.csv,4-27-24_Cart61,0.65,2.720279391812664,2.720168742211819,2.720357046362438
7c37b115739f1b14256ae6e8,4-27-24_train-ready_all_carts.csv,4-27-24_Cart61,0.7,2.844711629624852,2.83518010292089,2.853048828423849
7c37b115739f1b14256ae6e8,4-27-24_train-ready_all_carts.csv,4-27-24_Cart61,0.75,3.1176355388273564,2.9614909674084924,3.2358765573734405
7c37b115739f1b14256ae6e8,4-27-24_train-ready_all_carts.csv,4-27-24_Cart61,0.8,3.307267856431931,3.3016248662045404,3.3143080708924226
7c37b115739f1b14256ae6e8,4-27-24_train-ready_all_carts.csv,4-27-24_Cart61,0.85,3.6660829954815357,3.5437548660177165,4.565507221792232
7c37b115739f1b14256ae6e8,4-27-24_train-ready_all_carts.csv,4-27-24_Cart61,0.9,3.6856095596491514,3.6852587897259355,3.689224330145638
7c37b115739f1b14256ae6e8,4-27-24_train-ready_all_carts.csv,4-27-24_Cart61,0.95,3.8011182626632394,3.8001525765206257,3.8025153474806297
7c37b115739f1b14256ae6e8,4-27-24_train-ready_all_carts.csv,4-27-24_Cart61,1.0,3.967395660737905,3.477349212119858,5.982690858362625
325c562cb50ffc375c5c5a62,4-27-24_train-ready_all_carts.csv,4-27-24_Cart62,0.0,0.8399730598636665,0.7847613634515929,0.9682708997960731
325c562cb50ffc375c5c5a62,4-27-24_train-ready_all_carts.csv,4-27-24_Cart62,0.05,1.2518773399468106,0.978186248489678,1.6338607863453778
325c562cb50ffc375c5c5a62,4-27-24_train-ready_all_carts.csv,4-27-24_Cart62,0.1,0.891788704794477,0.7430543617409002,1.02939209966277
325c562cb50ffc375c5c5a62,4-27-24_train-ready_all_carts.csv,4-27-24_Cart62,0.15,1.6465907451189308,1.6457224775714085,1.6485373992157122
325c562cb50ffc375c5c5a62,4-27-24_train-ready_all_carts.csv,4-27-24_Cart62,0.2,1.6674730345207784,1.667284164208124,1.6678108325956391
325c562cb50ffc375c5c5a62,4-27-24_train-ready_all_carts.csv,4-27-24_Cart62,0.25,1.7363698837092727,1.7333910169007998,1.7377612678106513
325c562cb50ffc375c5c5a62,4-27-24_train-ready_all_carts.csv,4-27-24_Cart62,0.3,1.8371235651781466,1.8367357298676978,1.8383728759331515
325c562cb50ffc375c5c5a62,4-27-24_train-ready_all_carts.csv,4-27-24_Cart62,0.35,1.8921458304617218,1.8914063013061329,1.8932751266267667
325c562cb50ffc375c5c5a62,4-27-24_train-ready_all_carts.csv,4-27-24_Cart62,0.4,3.1932011937254945,2.91170790766343,4.514459449156249
325c562cb50ffc375c5c5a62,4-27-24_train-ready_all_carts.csv,4-27-24_Cart62,0.45,2.3326853673833874,2.33171322427955,2.3969979832622754
325c562cb50ffc375c5c5a62,4-27-24_train-ready_all_carts.csv,4-27-24_Cart62,0.5,2.706303373134101,2.5572796491066,2.7715580350000293
325c562cb50ffc375c5c5a62,4-27-24_train-ready_all_carts.csv,4-27-24_Cart62,0.55,3.0619191903905625,2.9999989525762643,3.5216762660466747
325c562cb50ffc375c5c5a62,4-27-24_train-ready_all_carts.csv,4-27-24_Cart62,0.6,3.2133531762766934,2.7941592872672376,3.5721505017988218
325c562cb50ffc375c5c5a62,4-27-24_train-ready_all_carts.csv,4-27-24_Cart62,0.65,3.422764303799455,2.9453737449080752,3.6702480971321205
325c562cb50ffc375c5c5a62,4-27-24_train-ready_all_carts.csv,4-27-24_Cart62,0.7,3.9535702659643706,3.26706437874989,4.273473953598328
325c562cb50ffc375c5c5a62,4-27-24_train-ready_all_carts.csv,4-27-24_Cart62,0.75,4.154103055596302,4.152044923772916,4.156457111245094
325c562cb50ffc375c5c5a62,4-27-24_train-ready_all_carts.csv,4-27-24_Cart62,0.8,4.620990966982866,4.615871466109519,4.693737754606561
325c562cb50ffc375c5c5a62,4-27-24_train-ready_all_carts.csv,4-27-24_Cart62,0.85,4.772376348829452,4.492781112824619,4.781119093912516
325c562cb50ffc375c5c5a62,4-27-24_train-ready_all_carts.csv,4-27-24_Cart62,0.9,5.154271996392476,4.7742849297619205,5.763294445390666
325c562cb50ffc375c5c5a62,4-27-24_train-ready_all_carts.csv,4-27-24_Cart62,0.95,5.457922617827208,5.454983132753343,5.460141392232591
325c562cb50ffc375c5c5a62,4-27-24_train-ready_all_carts.csv,4-27-24_Cart62,1.0,5.566208679168651,5.302815288182905,5.800408801554138
45c0d419f7920b8f65b9b85e,4-27-24_train-ready_all_carts.csv,4-27-24_Cart63,0.0,0.5960009477654925,0.4984643965617568,1.1583703038219668
45c0d419f7920b8f65b9b85e,4-27-24_train-ready_all_carts.csv,4-27-24_Cart63,0.05,1.4854482859950502,1.3301024284878422,1.7422634980840266
45c0d419f7920b8f65b9b85e,4-27-24_train-ready_all_carts.csv,4-27-24_Cart63,0.1,1.611603962894495,1.5920078770340684,2.2408946268218144
45c0d419f7920b8f65b9b85e,4-27-24_train-ready_all_carts.csv,4-27-24_Cart63,0.15,1.833454918885804,1.5598729017967117,2.424208712888688
45c0d419f7920b8f65b9b85e,4-27-24_train-ready_all_carts.csv,4-27-24_Cart63,0.2,2.353867403367464,2.3460325051590885,2.3614127727029937
45c0d419f7920b8f65b9b85e,4-27-24_train-ready_all_carts.csv,4-27-24_Cart63,0.25,2.5093345441286723,2.495867139937107,2.6384918419803016
45c0d419f7920b8f65b9b85e,4-27-24_train-ready_all_carts.csv,4-27-24_Cart63,0.3,3.56655477568382,3.0761004956894715,3.9857467378761893
45c0d419f7920b8f65b9b85e,4-27-24_train-ready_all_carts.csv,4-27-24_Cart63,0.35,3.1115583218990674,2.6692907782620883,3.4984748560218266
45c0d419f7920b8f65b9b85e,4-27-24_train-ready_all_carts.csv,4-27-24_Cart63,0.4,3.6742294902474644,3.5841925867638107,3.954789481970766
45c0d419f7920b8f65b9b85e,4-27-24_train-ready_all_carts.csv,4-27-24_Cart63,0.45,4.191172839402444,3.826607351111271,4.470715912916251
45c0d419f7920b8f65b9b85e,4-27-24_train-ready_all_carts.csv,4-27-24_Cart63,0.5,4.336151925472513,4.333650574679027,4.365926188861048
45c0d419f7920b8f65b9b85e,4-27-24_train-ready_all_carts.csv,4-27-24_Cart63,0.55,4.333179089906444,4.329286610883963,4.336659391977738
45c0d419f7920b8f65b9b85e,4-27-24_train-ready_all_carts.csv,4-27-24_Cart63,0.6,4.935485997886742,4.144189381814678,5.136234970468987
45c0d419f7920b8f65b9b85e,4-27-24_train-ready_all_carts.csv,4-27-24_Cart63,0.65,5.0503297624924315,5.047740876828668,5.055782173699989
45c0d419f7920b8f65b9b85e,4-27-24_train-ready_all_carts.csv,4-27-24_Cart63,0.7,5.234131897336397,5.230862088401073,5.237191213135751
45c0d419f7920b8f65b9b85e,4-27-24_train-ready_all_carts.csv,4-27-24_Cart63,0.75,5.448141317110032,4.120523886067112,6.259048287660641
45c0d419f7920b8f65b9b85e,4-27-24_train-ready_all_carts.csv,4-27-24_Cart63,0.8,6.031915151279666,5.191988603164004,6.646982050180244
45c0d419f7920b8f65b9b85e,4-27-24_train-ready_all_carts.csv,4-27-24_Cart63,0.85,6.0021346841441225,5.9988398741083575,6.005783479984144
45c0d419f7920b8f65b9b85e,4-27-24_train-ready_all_carts.csv,4-27-24_Cart63,0.9,6.298246973315852,6.294102374014979,6.30108220977329
45c0d419f7920b8f65b9b85e,4-27-24_train-ready_all_carts.csv,4-27-24_Cart63,0.95,6.63491687892482,6.629042240695921,6.637849017910517
45c0d419f7920b8f65b9b85e,4-27-24_train-ready_all_carts.csv,4-27-24_Cart63,1.0,5.428862552909047,5.426890071547963,5.434031204728473
ef34ce458034e07a5450795f,4-27-24_train-ready_all_carts.csv,4-27-24_Cart67,0.0,0.7916982648923637,0.5063553927144795,1.1176549277456154
ef34ce458034e07a5450795f,4-27-24_train-ready_all_carts.csv,4-27-24_Cart67,0.05,0.12929404960006272,-0.0610400063355287,0.6957646361483364
ef34ce458034e07a5450795f,4-27-24_train-ready_all_carts.csv,4-27-24_Cart67,0.1,0.6168949445230989,0.576412614798391,0.6929084177028952
ef34ce458034e07a5450795f,4-27-24_train-ready_all_carts.csv,4-27-24_Cart67,0.15,0.7217335240586259,0.6991061900802251,0.7466546987644707
ef34ce458034e07a5450795f,4-27-24_train-ready_all_carts.csv,4-27-24_Cart67,0.2,1.0111677361718716,0.9647788353617025,1.1908412261783723
ef34ce458034e07a5450795f,4-27-24_train-ready_all_carts.csv,4-27-24_Cart67,0.25,1.2644624157793005,1.213958787213478,1.3692158514200403
ef34ce458034e07a5450795f,4-27-24_train-ready_all_carts.csv,4-27-24_Cart67,0.3,1.63339993072765,1.623847611184936,1.6383297163773944
ef34ce458034e07a5450795f,4-27-24_train-ready_all_carts.csv,4-27-24_Cart67,0.35,1.9495910321472922,1.7422856732046539,2.470426478289703
ef34ce458034e07a5450795f,4-27-24_train-ready_all_carts.csv,4-27-24_Cart67,0.4,2.315535517544572,2.309301822698166,2.322142194623082
ef34ce458034e07a5450795f,4-27-24_train-ready_all_carts.csv,4-27-24_Cart67,0.45,2.896149620906569,2.603857661732177,2.903294370713362
ef34ce458034e07a5450795f,4-27-24_train-ready_all_carts.csv,4-27-24_Cart67,0.5,3.4336934481547066,2.9524638234915574,3.9355058832903547
ef34ce458034e07a5450795f,4-27-24_train-ready_all_carts.csv,4-27-24_Cart67,0.55,3.874368898154997,3.862972762348493,3.8905392065324405
ef34ce458034e07a5450795f,4-27-24_train-ready_all_carts.csv,4-27-24_Cart67,0.6,5.016091968478764,4.409188732216205,5.273107298713007
ef34ce458034e07a5450795f,4-27-24_train-ready_all_carts.csv,4-27-24_Cart67,0.65,5.258622136289139,5.074268483577576,5.760479818449665
ef34ce458034e07a5450795f,4-27-24_train-ready_all_carts.csv,4-27-24_Cart67,0.7,5.176676105556889,5.165162572064214,5.19196226261036
ef34ce458034e07a5450795f,4-27-24_train-ready_all_carts.csv,4-27-24_Cart67,0.75,5.432823182070496,5.287992805590107,6.844850603262941
ef34ce458034e07a5450795f,4-27-24_train-ready_all_carts.csv,4-27-24_Cart67,0.8,5.330785026507165,5.322935584860208,5.340158498012354
ef34ce458034e07a5450795f,4-27-24_train-ready_all_carts.csv,4-27-24_Cart67,0.85,5.3826693007780575,5.37036883592027,5.398578215869885
ef34ce458034e07a5450795f,4-27-24_train-ready_all_carts.csv,4-27-24_Cart67,0.9,5.465498871387996,5.456797990793159,5.541289166674812
ef34ce458034e07a5450795f,4-27-24_train-ready_all_carts.csv,4-27-24_Cart67,0.95,6.860538021939066,5.982955312513737,7.790908570378718
ef34ce458034e07a5450795f,4-27-24_train-ready_all_carts.csv,4-27-24_Cart67,1.0,5.919029979470255,5.890417350697568,5.999433636955809
b6c758d4d28ac5cdfecc1b34,4-27-24_train-ready_all_carts.csv,4-27-24_Cart69,0.0,0.40453300754291555,0.2170415772488139,0.6278935287645867
b6c758d4d28ac5cdfecc1b34,4-27-24_train-ready_all_carts.csv,4-27-24_Cart69,0.05,0.791466994061474,0.7583101619102575,0.8328236836424739
b6c758d4d28ac5cdfecc1b34,4-27-24_train-ready_all_carts.csv,4-27-24_Cart69,0.1,0.9828975648300387,0.9807744629645085,1.0920773511752342
b6c758d4d28ac5cdfecc1b34,4-27-24_train-ready_all_carts.csv,4-27-24_Cart69,0.15,1.0672879641969344,1.0616030656877122,1.1550968564026205
b6c758d4d28ac5cdfecc1b34,4-27-24_train-ready_all_carts.csv,4-27-24_Cart69,0.2,1.1869226430453859,1.1863117734368493,1.1886724007876184
b6c758d4d28ac5cdfecc1b34,4-27-24_train-ready_all_carts.csv,4-27-24_Cart69,0.25,1.431273914780565,1.4305090564343048,1.4329890464838133
b6c758d4d28ac5cdfecc1b34,4-27-24_train-ready_all_carts.csv,4-27-24_Cart69,0.3,2.162070752197571,1.6543261728333982,2.7205307652435917
b6c758d4d28ac5cdfecc1b34,4-27-24_train-ready_all_carts.csv,4-27-24_Cart69,0.35,1.848380551704477,1.712423123795981,2.279534275552135
b6c758d4d28ac5cdfecc1b34,4-27-24_train-ready_all_carts.csv,4-27-24_Cart69,0.4,2.062201484908829,2.0608910664632045,2.065379081080367
b6c758d4d28ac5cdfecc1b34,4-27-24_train-ready_all_carts.csv,4-27-24_Cart69,0.45,2.0906428333650062,2.0867385474842393,2.3045565026440613
b6c758d4d28ac5cdfecc1b34,4-27-24_train-ready_all_carts.csv,4-27-24_Cart69,0.5,2.5054959208210787,2.500995907081497,2.510519096298175
b6c758d4d28ac5cdfecc1b34,4-27-24_train-ready_all_carts.csv,4-27-24_Cart69,0.55,2.7843440981270806,2.2627864147263517,2.99668056847204
b6c758d4d28ac5cdfecc1b34,4-27-24_train-ready_all_carts.csv,4-27-24_Cart69,0.6,2.9457277235823107,2.945162907748396,2.946427386696755
b6c758d4d28ac5cdfecc1b34,4-27-24_train-ready_all_carts.csv,4-27-24_Cart69,0.65,3.4588181976780006,3.2921736427057233,4.173575922433502
b6c758d4d28ac5cdfecc1b34,4-27-24_train-ready_all_carts.csv,4-27-24_Cart69,0.7,3.430379134768952,3.4298036340022158,3.434100062631405
b6c758d4d28ac5cdfecc1b34,4-27-24_train-ready_all_carts.csv,4-27-24_Cart69,0.75,3.6597097907813736,3.659176972607246,3.6607919402076257
b6c758d4d28ac5cdfecc1b34,4-27-24_train-ready_all_carts.csv,4-27-24_Cart69,0.8,3.9202884471226964,3.804623249386827,4.015332295899561
b6c758d4d28ac5cdfecc1b34,4-27-24_train-ready_all_carts.csv,4-27-24_Cart69,0.85,4.1305439268079525,4.1268076857797436,4.1322540874461975
b6c758d4d28ac5cdfecc1b34,4-27-24_train-ready_all_carts.csv,4-27-24_Cart69,0.9,4.360581959656374,3.3244876222149498,5.21209545393205
b6c758d4d28ac5cdfecc1b34,4-27-24_train-ready_all_carts.csv,4-27-24_Cart69,0.95,4.5158883152992475,4.50566620577094,4.522355899422324
b6c758d4d28ac5cdfecc1b34,4-27-24_train-ready_all_carts.csv,4-27-24_Cart69,1.0,4.301870825041918,4.300717480822641,4.30269219354091
1a85b58748ad796cde795813,4-27-24_train-ready_all_carts.csv,4-27-24_Cart70,0.0,0.43858939958234244,0.12541319969891904,0.8333997126092126
1a85b58748ad796cde795813,4-27-24_train-ready_all_carts.csv,4-27-24_Cart70,0.05,0.8570201216581791,0.8541602557061847,0.8604811492016633
1a85b58748ad796cde795813,4-27-24_train-ready_all_carts.csv,4-27-24_Cart70,0.1,1.2468656539818292,1.1914979393530194,1.6666701752406343
1a85b58748ad796cde795813,4-27-24_train-ready_all_carts.csv,4-27-24_Cart70,0.15,1.5319960404654895,1.5307992808822364,1.5354156631141676
1a85b58748ad796cde795813,4-27-24_train-ready_all_carts.csv,4-27-24_Cart70,0.2,1.656887727123802,1.6402625198571545,1.671583829390579
1a85b58748ad796cde795813,4-27-24_train-ready_all_carts.csv,4-27-24_Cart70,0.25,1.8196107206375078,1.8136924560695977,1.8252389752491534
1a85b58748ad796cde795813,4-27-24_train-ready_all_carts.csv,4-27-24_Cart70,0.3,2.290497403502185,2.284182483555887,2.8351246227826956
1a85b58748ad796cde795813,4-27-24_train-ready_all_carts.csv,4-27-24_Cart70,0.35,2.6714985691870834,2.671004287274548,2.673142407931509
1a85b58748ad796cde795813,4-27-24_train-ready_all_carts.csv,4-27-24_Cart70,0.4,2.873001609720053,2.8696019574661813,2.9110466759333553
1a85b58748ad796cde795813,4-27-24_train-ready_all_carts.csv,4-27-24_Cart70,0.45,3.231894787018451,3.2312309031605717,3.2334984507164304
1a85b58748ad796cde795813,4-27-24_train-ready_all_carts.csv,4-27-24_Cart70,0.5,3.5546421353575184,3.533765459436784,3.57641191544486
1a85b58748ad796cde795813,4-27-24_train-ready_all_carts.csv,4-27-24_Cart70,0.55,3.555788822543234,3.2166907573787573,4.138114525056196
1a85b58748ad796cde795813,4-27-24_train-ready_all_carts.csv,4-27-24_Cart70,0.6,3.6438799324007296,3.6240067541780157,3.8336912145191806
1a85b58748ad796cde795813,4-27-24_train-ready_all_carts.csv,4-27-24_Cart70,0.65,4.182642531927534,4.182445697625635,4.183070577721221
1a85b58748ad796cde795813,4-27-24_train-ready_all_carts.csv,4-27-24_Cart70,0.7,4.725941514978624,4.725020885634424,4.726878600865174
1a85b58748ad796cde795813,4-27-24_train-ready_all_carts.csv,4-27-24_Cart70,0.75,4.84183891062661,4.837997918503915,4.844148448719352
1a85b58748ad796cde795813,4-27-24_train-ready_all_carts.csv,4-27-24_Cart70,0.8,5.054363735038623,5.050137156172786,5.055826668945629
1a85b58748ad796cde795813,4-27-24_train-ready_all_carts.csv,4-27-24_Cart70,0.85,5.5047693432052185,5.502751220609724,5.505663911477016
1a85b58748ad796cde795813,4-27-24_train-ready_all_carts.csv,4-27-24_Cart70,0.9,5.755253144445294,5.7529552020656665,5.7560406573455145
1a85b58748ad796cde795813,4-27-24_train-ready_all_carts.csv,4-27-24_Cart70,0.95,6.0076496527071,6.0067020252631735,6.0085994470267075
1a85b58748ad796cde795813,4-27-24_train-ready_all_carts.csv,4-27-24_Cart70,1.0,6.4239849474333495,6.418805528909106,6.428050767549198
21faa1b6dfbcf6779e61bcaa,4-27-24_train-ready_all_carts.csv,4-27-24_Cart74,0.0,0.7093727008518753,0.7054267934885391,0.7122237093971334
21faa1b6dfbcf6779e61bcaa,4-27-24_train-ready_all_carts.csv,4-27-24_Cart74,0.05,0.8014474323449337,0.7956253353190182,0.8141411392708799
21faa1b6dfbcf6779e61bcaa,4-27-24_train-ready_all_carts.csv,4-27-24_Cart74,0.1,1.4801375660356344,1.4779052895290508,1.8512557600563684
21faa1b6dfbcf6779e61bcaa,4-27-24_train-ready_all_carts.csv,4-27-24_Cart74,0.15,1.8571019442630008,1.8218052066512433,2.023030819581122
21faa1b6dfbcf6779e61bcaa,4-27-24_train-ready_all_carts.csv,4-27-24_Cart74,0.2,2.156685957795552,2.0730126094902044,2.2500382591151333
21faa1b6dfbcf6779e61bcaa,4-27-24_train-ready_all_carts.csv,4-27-24_Cart74,0.25,2.5701085978319296,2.566601302604169,2.8004596465552796
21faa1b6dfbcf6779e61bcaa,4-27-24_train-ready_all_carts.csv,4-27-24_Cart74,0.3,2.950121250308705,2.9449853412930795,2.9539732413984563
21faa1b6dfbcf6779e61bcaa,4-27-24_train-ready_all_carts.csv,4-27-24_Cart74,0.35,3.0154022562953746,3.0122471915895828,3.0192448735561768
21faa1b6dfbcf6779e61bcaa,4-27-24_train-ready_all_carts.csv,4-27-24_Cart74,0.4,3.682773788170148,3.5835491983101515,3.832047327270687
21faa1b6dfbcf6779e61bcaa,4-27-24_train-ready_all_carts.csv,4-27-24_Cart74,0.45,3.9966689094185908,3.9881006364787663,4.0027808832055545
21faa1b6dfbcf6779e61bcaa,4-27-24_train-ready_all_carts.csv,4-27-24_Cart74,0.5,4.591019500340212,4.589412303971654,4.594804332098505
21faa1b6dfbcf6779e61bcaa,4-27-24_train-ready_all_carts.csv,4-27-24_Cart74,0.55,0.24135403327021743,0.2377060712801886,0.24504483009886202
21faa1b6dfbcf6779e61bcaa,4-27-24_train-ready_all_carts.csv,4-27-24_Cart74,0.6,0.931783997799243,0.8157311305103542,1.395922612132334
21faa1b6dfbcf6779e61bcaa,4-27-24_train-ready_all_carts.csv,4-27-24_Cart74,0.65,1.187761908308908,1.1745532340710723,1.1937012968527503
21faa1b6dfbcf6779e61bcaa,4-27-24_train-ready_all_carts.csv,4-27-24_Cart74,0.7,2.1021729894941252,1.364348767814167,2.953053538256877
21faa1b6dfbcf6779e61bcaa,4-27-24_train-ready_all_carts.csv,4-27-24_Cart74,0.75,1.6476870458573927,1.6149416509046777,1.9381679442477358
21faa1b6dfbcf6779e61bcaa,4-27-24_train-ready_all_carts.csv,4-27-24_Cart74,0.8,2.0646907258644664,1.6424400747671286,2.1153644586028766
21faa1b6dfbcf6779e61bcaa,4-27-24_train-ready_all_carts.csv,4-27-24_Cart74,0.85,2.331598046304575,2.3274455587361698,2.392922347226208
21faa1b6dfbcf6779e61bcaa,4-27-24_train-ready_all_carts.csv,4-27-24_Cart74,0.9,2.8421988150884725,2.839693155013549,2.8464580337852285
21faa1b6dfbcf6779e61bcaa,4-27-24_train-ready_all_carts.csv,4-27-24_Cart74,0.95,3.786464948196379,3.6438351400275573,5.259708707790685
21faa1b6dfbcf6779e61bcaa,4-27-24_train-ready_all_carts.csv,4-27-24_Cart74,1.0,4.164060576677029,4.161879974885728,4.168168152925722
d9be8de7fae312a39ed8239b,4-27-24_train-ready_all_carts.csv,4-27-24_Cart75,0.0,1.6935010458735242,1.6909395689876925,1.7362018875137946
d9be8de7fae312a39ed8239b,4-27-24_train-ready_all_carts.csv,4-27-24_Cart75,0.05,4.8817887977757435,4.859183385146513,4.893877518162288
d9be8de7fae312a39ed8239b,4-27-24_train-ready_all_carts.csv,4-27-24_Cart75,0.1,5.316402525858772,5.304602787536335,5.33384509556535
d9be8de7fae312a39ed8239b,4-27-24_train-ready_all_carts.csv,4-27-24_Cart75,0.15,5.316145389182973,4.8739254263648855,5.8637049515955955
d9be8de7fae312a39ed8239b,4-27-24_train-ready_all_carts.csv,4-27-24_Cart75,0.2,-0.6837248845777165,-0.6858881292784665,-0.6831961720127876
d9be8de7fae312a39ed8239b,4-27-24_train-ready_all_carts.csv,4-27-24_Cart75,0.25,0.6615218977229074,0.6610663042793784,0.663348952703172
d9be8de7fae312a39ed8239b,4-27-24_train-ready_all_carts.csv,4-27-24_Cart75,0.3,0.8199813851960749,0.7745251592434291,1.1475812242627208
d9be8de7fae312a39ed8239b,4-27-24_train-ready_all_carts.csv,4-27-24_Cart75,0.35,1.3352068018168968,1.2484547553935326,1.7193085353737285
d9be8de7fae312a39ed8239b,4-27-24_train-ready_all_carts.csv,4-27-24_Cart75,0.4,1.5211983746950999,1.516618506769217,1.7817561550656482
d9be8de7fae312a39ed8239b,4-27-24_train-ready_all_carts.csv,4-27-24_Cart75,0.45,1.8968223120508774,1.8956881415131668,1.8985832367527256
d9be8de7fae312a39ed8239b,4-27-24_train-ready_all_carts.csv,4-27-24_Cart75,0.5,2.167849642940217,2.166087663318673,2.1690003625306526
d9be8de7fae312a39ed8239b,4-27-24_train-ready_all_carts.csv,4-27-24_Cart75,0.55,2.0744523276919846,1.8998800627209995,3.1894275466223325
d9be8de7fae312a39ed8239b,4-27-24_train-ready_all_carts.csv,4-27-24_Cart75,0.6,2.490905613215592,2.4887283248963947,2.4931319553006337
d9be8de7fae312a39ed8239b,4-27-24_train-ready_all_carts.csv,4-27-24_Cart75,0.65,3.003711307784676,2.92915518796192,3.2388624681393403
d9be8de7fae312a39ed8239b,4-27-24_train-ready_all_carts.csv,4-27-24_Cart75,0.7,2.7219989590287255,2.7181961053911197,2.7251547512980543
d9be8de7fae312a39ed8239b,4-27-24_train-ready_all_carts.csv,4-27-24_Cart75,0.75,3.2486320135076325,3.246090711960979,3.250386213096421
d9be8de7fae312a39ed8239b,4-27-24_train-ready_all_carts.csv,4-27-24_Cart75,0.8,3.582510141210047,2.7748851162623076,4.025334507081221
d9be8de7fae312a39ed8239b,4-27-24_train-ready_all_carts.csv,4-27-24_Cart75,0.85,3.8643121581401214,3.8199401259046084,4.1611639231772735
d9be8de7fae312a39ed8239b,4-27-24_train-ready_all_carts.csv,4-27-24_Cart75,0.9,4.135703436324436,3.8717678030886375,4.991481259764167
d9be8de7fae312a39ed8239b,4-27-24_train-ready_all_carts.csv,4-27-24_Cart75,0.95,4.130285105038009,4.128594068765993,4.13083498192933
d9be8de7fae312a39ed8239b,4-27-24_train-ready_all_carts.csv,4-27-24_Cart75,1.0,4.237902737782668,4.045842080030828,4.478751453480683
ba7889f2affb97f7e99a45dd,4-27-24_train-ready_all_carts.csv,4-27-24_Cart77,0.0,2.9776481547017783,0.7182484010012653,4.228877859416793
ba7889f2affb97f7e99a45dd,4-27-24_train-ready_all_carts.csv,4-27-24_Cart77,0.05,0.8587611291096664,0.8258334222623973,1.0120163552779347
ba7889f2affb97f7e99a45dd,4-27-24_train-ready_all_carts.csv,4-27-24_Cart77,0.1,0.7771227434030124,0.743633117960345,0.7975677468882315
ba7889f2affb97f7e99a45dd,4-27-24_train-ready_all_carts.csv,4-27-24_Cart77,0.15,1.3312934412817268,1.331015514249423,1.3318873977519092
ba7889f2affb97f7e99a45dd,4-27-24_train-ready_all_carts.csv,4-27-24_Cart77,0.2,1.9780162299751454,1.562277819854139,2.465420793156622
ba7889f2affb97f7e99a45dd,4-27-24_train-ready_all_carts.csv,4-27-24_Cart77,0.25,1.7137827856814365,1.420562721944094,1.862370528424679
ba7889f2affb97f7e99a45dd,4-27-24_train-ready_all_carts.csv,4-27-24_Cart77,0.3,1.9151460356189869,1.9101433490375208,1.920095121549524
ba7889f2affb97f7e99a45dd,4-27-24_train-ready_all_carts.csv,4-27-24_Cart77,0.35,2.22737380904412,2.2253265704680585,2.2285277238573222
ba7889f2affb97f7e99a45dd,4-27-24_train-ready_all_carts.csv,4-27-24_Cart77,0.4,2.37489995260953,2.3632907867129105,2.508706106015785
ba7889f2affb97f7e99a45dd,4-27-24_train-ready_all_carts.csv,4-27-24_Cart77,0.45,2.630728814837542,2.3827999534618503,3.1135490215463473
ba7889f2affb97f7e99a45dd,4-27-24_train-ready_all_carts.csv,4-27-24_Cart77,0.5,2.861539956106151,2.7995745407376758,2.9383702102797407
ba7889f2affb97f7e99a45dd,4-27-24_train-ready_all_carts.csv,4-27-24_Cart77,0.55,2.9696785036321938,2.850510289818435,3.1277316925243217
ba7889f2affb97f7e99a45dd,4-27-24_train-ready_all_carts.csv,4-27-24_Cart77,0.6,3.1622144920852913,3.1619783429317687,3.163972470919995
ba7889f2affb97f7e99a45dd,4-27-24_train-ready_all_carts.csv,4-27-24_Cart77,0.65,2.8133103966895057,2.80739619275281,2.8358960570281204
ba7889f2affb97f7e99a45dd,4-27-24_train-ready_all_carts.csv,4-27-24_Cart77,0.7,3.2209240507716106,3.218623633349503,3.2215002424546273
ba7889f2affb97f7e99a45dd,4-27-24_train-ready_all_carts.csv,4-27-24_Cart77,0.75,3.1710417535697424,3.162703942600633,3.1759227819880715
ba7889f2affb97f7e99a45dd,4-27-24_train-ready_all_carts.csv,4-27-24_Cart77,0.8,3.9886948740502897,3.9533208947525003,4.170355259800913
ba7889f2affb97f7e99a45dd,4-27-24_train-ready_all_carts.csv,4-27-24_Cart77,0.85,4.192861284886719,4.188427071494536,4.198004252028903
ba7889f2affb97f7e99a45dd,4-27-24_train-ready_all_carts.csv,4-27-24_Cart77,0.9,4.293349947512148,4.221036114814795,4.8893589857064885
ba7889f2affb97f7e99a45dd,4-27-24_train-ready_all_carts.csv,4-27-24_Cart77,0.95,4.050625372423303,4.025478826128008,4.460074741598431
ba7889f2affb97f7e99a45dd,4-27-24_train-ready_all_carts.csv,4-27-24_Cart77,1.0,4.641961230209144,4.639618422329387,4.665025437159256
bc4850d3482766786c7fea61,4-27-24_train-ready_all_carts.csv,4-27-24_Cart8,0.0,0.5635394575708457,0.5387643435446856,0.5953969647049473
bc4850d3482766786c7fea61,4-27-24_train-ready_all_carts.csv,4-27-24_Cart8,0.05,0.8595439860949581,0.8565991778307458,0.8704622145968431
bc4850d3482766786c7fea61,4-27-24_train-ready_all_carts.csv,4-27-24_Cart8,0.1,0.9588171284379261,0.9560754240206901,0.959589081069986
bc4850d3482766786c7fea61,4-27-24_train-ready_all_carts.csv,4-27-24_Cart8,0.15,1.1945191710702274,1.1940473877524398,1.2243791611808335
bc4850d3482766786c7fea61,4-27-24_train-ready_all_carts.csv,4-27-24_Cart8,0.2,1.2672166914021048,1.2625928762873153,1.271088023411705
bc4850d3482766786c7fea61,4-27-24_train-ready_all_carts.csv,4-27-24_Cart8,0.25,1.0541636340282998,1.0535325956240524,1.0544899320119663
bc4850d3482766786c7fea61,4-27-24_train-ready_all_carts.csv,4-27-24_Cart8,0.3,1.5668893916554303,1.1230620006835261,1.9292484379572648
bc4850d3482766786c7fea61,4-27-24_train-ready_all_carts.csv,4-27-24_Cart8,0.35,2.36628897759578,2.0874908832854135,2.5991932210000943
bc4850d3482766786c7fea61,4-27-24_train-ready_all_carts.csv,4-27-24_Cart8,0.4,2.1112900943313693,1.975791385959153,2.348464936129656
bc4850d3482766786c7fea61,4-27-24_train-ready_all_carts.csv,4-27-24_Cart8,0.45,2.3138770112605616,2.3134741331378716,2.314540837476727
bc4850d3482766786c7fea61,4-27-24_train-ready_all_carts.csv,4-27-24_Cart8,0.5,2.513484244077409,2.509415056528076,2.552427530324126
bc4850d3482766786c7fea61,4-27-24_train-ready_all_carts.csv,4-27-24_Cart8,0.55,2.7236953148622423,2.7221246037277935,2.7244249988692992
bc4850d3482766786c7fea61,4-27-24_train-ready_all_carts.csv,4-27-24_Cart8,0.6,2.96639058581276,2.966184886028868,2.976145721709429
bc4850d3482766786c7fea61,4-27-24_train-ready_all_carts.csv,4-27-24_Cart8,0.65,2.9531479215361895,2.9519607882977943,2.95981626270602
bc4850d3482766786c7fea61,4-27-24_train-ready_all_carts.csv,4-27-24_Cart8,0.7,3.1301298711272523,3.128310627249796,3.1303815641412864
bc4850d3482766786c7fea61,4-27-24_train-ready_all_carts.csv,4-27-24_Cart8,0.75,3.3609075342966133,3.2982609738030138,3.535646255791734
bc4850d3482766786c7fea61,4-27-24_train-ready_all_carts.csv,4-27-24_Cart8,0.8,3.6321332806228366,3.6316432128798137,3.633506136217553
bc4850d3482766786c7fea61,4-27-24_train-ready_all_carts.csv,4-27-24_Cart8,0.85,3.837000107365263,3.8365635949294874,3.837487409871136
bc4850d3482766786c7fea61,4-27-24_train-ready_all_carts.csv,4-27-24_Cart8,0.9,4.247321796995013,3.7064137017059853,4.465214188681052
bc4850d3482766786c7fea61,4-27-24_train-ready_all_carts.csv,4-27-24_Cart8,0.95,4.409958373454293,4.408948158960067,4.411258373515126
bc4850d3482766786c7fea61,4-27-24_train-ready_all_carts.csv,4-27-24_Cart8,1.0,4.525798107994611,4.219812484195309,4.676880507840981
1061bd075666b3be0279f35c,5-1-24_train-ready_all_carts.csv,5-1-24_Cart1,0.0,1.0940377592900976,1.0455009965318065,1.209303505502279
1061bd075666b3be0279f35c,5-1-24_train-ready_all_carts.csv,5-1-24_Cart1,0.05,1.3169199838794565,1.3168100729674512,1.3171542524584634
1061bd075666b3be0279f35c,5-1-24_train-ready_all_carts.csv,5-1-24_Cart1,0.1,1.6531630055672948,1.0995690750557445,2.204716418616264
1061bd075666b3be0279f35c,5-1-24_train-ready_all_carts.csv,5-1-24_Cart1,0.15,1.7470657572974702,1.746669916210594,1.7471509931519433
1061bd075666b3be0279f35c,5-1-24_train-ready_all_carts.csv,5-1-24_Cart1,0.2,2.0481153280759354,1.9997848649789798,2.1734913179430886
1061bd075666b3be0279f35c,5-1-24_train-ready_all_carts.csv,5-1-24_Cart1,0.25,2.222858653539579,2.222797110363298,2.222953308678309
1061bd075666b3be0279f35c,5-1-24_train-ready_all_carts.csv,5-1-24_Cart1,0.3,2.5321671452138568,2.5319043298469794,2.53231929843747
1061bd075666b3be0279f35c,5-1-24_train-ready_all_carts.csv,5-1-24_Cart1,0.35,2.778243923883548,2.7770347882774473,3.056682184974359
1061bd075666b3be0279f35c,5-1-24_train-ready_all_carts.csv,5-1-24_Cart1,0.4,2.96521613851576,2.9646692999456716,2.9662420892685186
1061bd075666b3be0279f35c,5-1-24_train-ready_all_carts.csv,5-1-24_Cart1,0.45,2.912219662490367,2.909834329879554,2.9145359396123007
1061bd075666b3be0279f35c,5-1-24_train-ready_all_carts.csv,5-1-24_Cart1,0.5,3.8115243822565685,3.805763363086493,3.814004138858031
1061bd075666b3be0279f35c,5-1-24_train-ready_all_carts.csv,5-1-24_Cart1,0.55,4.1547596333622145,4.154527445115927,4.154944089529996
1061bd075666b3be0279f35c,5-1-24_train-ready_all_carts.csv,5-1-24_Cart1,0.6,4.37688600373021,4.376778462086024,4.377031569233545
1061bd075666b3be0279f35c,5-1-24_train-ready_all_carts.csv,5-1-24_Cart1,0.65,5.161938850549813,4.2465025952205675,6.7732721157248985
1061bd075666b3be0279f35c,5-1-24_train-ready_all_carts.csv,5-1-24_Cart1,0.7,5.165608326318663,5.120160915435624,5.335455126431161
1061bd075666b3be0279f35c,5-1-24_train-ready_all_carts.csv,5-1-24_Cart1,0.75,5.057381328075376,5.0557215692874555,5.058722507022136
1061bd075666b3be0279f35c,5-1-24_train-ready_all_carts.csv,5-1-24_Cart1,0.8,6.109998479074736,5.920360144701619,6.760119154319799
1061bd075666b3be0279f35c,5-1-24_train-ready_all_carts.csv,5-1-24_Cart1,0.85,5.417505413640931,5.4162292450916505,5.4181168003123386
1061bd075666b3be0279f35c,5-1-24_train-ready_all_carts.csv,5-1-24_Cart1,0.9,5.895608634941916,5.895425161153473,5.895984134997757
1061bd075666b3be0279f35c,5-1-24_train-ready_all_carts.csv,5-1-24_Cart1,0.95,6.29332895570769,6.289603022020317,6.364103088347331
1061bd075666b3be0279f35c,5-1-24_train-ready_all_carts.csv,5-1-24_Cart1,1.0,5.395268968351899,5.394992168526185,5.395405923589255
23a3e825d7bb9e44b85b6300,5-1-24_train-ready_all_carts.csv,5-1-24_Cart11,0.0,0.828167811283368,0.7393645227775831,0.9236944966005352
23a3e825d7bb9e44b85b6300,5-1-24_train-ready_all_carts.csv,5-1-24_Cart11,0.05,0.9650065389582088,0.9644589036582356,0.986894802148876
23a3e825d7bb9e44b85b6300,5-1-24_train-ready_all_carts.csv,5-1-24_Cart11,0.1,1.1873151773015134,1.1860385298902163,1.1888517480729002
23a3e825d7bb9e44b85b6300,5-1-24_train-ready_all_carts.csv,5-1-24_Cart11,0.15,1.4717275362684927,1.4705905827988577,1.4718351857217449
23a3e825d7bb9e44b85b6300,5-1-24_train-ready_all_carts.csv,5-1-24_Cart11,0.2,1.5800153758128581,1.5799358904607477,1.580114763796442
23a3e825d7bb9e44b85b6300,5-1-24_train-ready_all_carts.csv,5-1-24_Cart11,0.25,1.8880505310794709,1.8876091057342466,1.8883984516089047
23a3e825d7bb9e44b85b6300,5-1-24_train-ready_all_carts.csv,5-1-24_Cart11,0.3,2.1586023970713635,2.157182050157354,2.160509544826881
23a3e825d7bb9e44b85b6300,5-1-24_train-ready_all_carts.csv,5-1-24_Cart11,0.35,2.4473357550223587,2.266391043569719,2.607939601587934
23a3e825d7bb9e44b85b6300,5-1-24_train-ready_all_carts.csv,5-1-24_Cart11,0.4,2.538069223259705,2.534990699244269,2.5387288265084385
23a3e825d7bb9e44b85b6300,5-1-24_train-ready_all_carts.csv,5-1-24_Cart11,0.45,2.9294513418376296,2.92825054973874,3.094275735426482
23a3e825d7bb9e44b85b6300,5-1-24_train-ready_all_carts.csv,5-1-24_Cart11,0.5,2.9724810814304754,2.971862097074278,3.1190326687856365
23a3e825d7bb9e44b85b6300,5-1-24_train-ready_all_carts.csv,5-1-24_Cart11,0.55,3.2369945641376385,3.233757820460678,3.240758101679726
23a3e825d7bb9e44b85b6300,5-1-24_train-ready_all_carts.csv,5-1-24_Cart11,0.6,4.003565069006059,3.4523410992656633,4.61184675383584
23a3e825d7bb9e44b85b6300,5-1-24_train-ready_all_carts.csv,5-1-24_Cart11,0.65,3.7640625598503457,3.7278902781903156,3.799416830839445
23a3e825d7bb9e44b85b6300,5-1-24_train-ready_all_carts.csv,5-1-24_Cart11,0.7,3.91082506502961,3.904624832043654,3.9161929549464998
23a3e825d7bb9e44b85b6300,5-1-24_train-ready_all_carts.csv,5-1-24_Cart11,0.75,4.3627499871590585,4.234056505295004,5.212557865691904
23a3e825d7bb9e44b85b6300,5-1-24_train-ready_all_carts.csv,5-1-24_Cart11,0.8,3.7022943049647106,3.7002468999855096,3.7033840053313205
23a3e825d7bb9e44b85b6300,5-1-24_train-ready_all_carts.csv,5-1-24_Cart11,0.85,3.924485279952136,3.5859827007658165,4.282002570383104
23a3e825d7bb9e44b85b6300,5-1-24_train-ready_all_carts.csv,5-1-24_Cart11,0.9,4.575653067458942,4.5738665246432015,4.577239081874555
23a3e825d7bb9e44b85b6300,5-1-24_train-ready_all_carts.csv,5-1-24_Cart11,0.95,4.58275167268442,4.579420673148972,4.584925252836735
23a3e825d7bb9e44b85b6300,5-1-24_train-ready_all_carts.csv,5-1-24_Cart11,1.0,4.9746958215473445,4.758249071454951,5.197227269224124
360510727ccd5c9e4492be5d,5-1-24_train-ready_all_carts.csv,5-1-24_Cart13,0.0,1.4997553368114684,1.4986288385077464,1.5003678611794542
360510727ccd5c9e4492be5d,5-1-24_train-ready_all_carts.csv,5-1-24_Cart13,0.05,1.84309341439449,1.685100384790324,2.059423648541736
360510727ccd5c9e4492be5d,5-1-24_train-ready_all_carts.csv,5-1-24_Cart13,0.1,1.9145485826684436,1.9133981880652198,1.9207284796853494
360510727ccd5c9e4492be5d,5-1-24_train-ready_all_carts.csv,5-1-24_Cart13,0.15,2.1585594529149006,2.1585134627131843,2.158726261876623
360510727ccd5c9e4492be5d,5-1-24_train-ready_all_carts.csv,5-1-24_Cart13,0.2,2.4283108820787076,2.4253816957797913,2.4345369437228745
360510727ccd5c9e4492be5d,5-1-24_train-ready_all_carts.csv,5-1-24_Cart13,0.25,2.811850558997228,2.769886796534544,2.97939978272783
360510727ccd5c9e4492be5d,5-1-24_train-ready_all_carts.csv,5-1-24_Cart13,0.3,3.00607805336866,3.005220170402393,3.006488999949857
360510727ccd5c9e4492be5d,5-1-24_train-ready_all_carts.csv,5-1-24_Cart13,0.35,3.259323011903998,3.241046761566267,3.306290403658036
360510727ccd5c9e4492be5d,5-1-24_train-ready_all_carts.csv,5-1-24_Cart13,0.4,3.413480307516261,3.3976999122847933,3.571559212629826
360510727ccd5c9e4492be5d,5-1-24_train-ready_all_carts.csv,5-1-24_Cart13,0.45,3.8976030556867203,3.7368088681327896,4.199162668876423
360510727ccd5c9e4492be5d,5-1-24_train-ready_all_carts.csv,5-1-24_Cart13,0.5,3.854145512866916,3.8538071273119408,3.854342613731412
360510727ccd5c9e4492be5d,5-1-24_train-ready_all_carts.csv,5-1-24_Cart13,0.55,4.446834208010655,4.443255751695861,4.453651862957551
360510727ccd5c9e4492be5d,5-1-24_train-ready_all_carts.csv,5-1-24_Cart13,0.6,7.412455677352961,4.792773203019157,9.277264457844662
360510727ccd5c9e4492be5d,5-1-24_train-ready_all_carts.csv,5-1-24_Cart13,0.65,4.677263142579726,4.676984991979209,4.677425009484374
360510727ccd5c9e4492be5d,5-1-24_train-ready_all_carts.csv,5-1-24_Cart13,0.7,4.373181277884797,4.373053540244886,4.373266048699083
360510727ccd5c9e4492be5d,5-1-24_train-ready_all_carts.csv,5-1-24_Cart13,0.75,5.12302273664636,5.120583511699984,5.126599157996478
360510727ccd5c9e4492be5d,5-1-24_train-ready_all_carts.csv,5-1-24_Cart13,0.8,5.403468777319151,5.4009459443954455,5.405551592737691
360510727ccd5c9e4492be5d,5-1-24_train-ready_all_carts.csv,5-1-24_Cart13,0.85,5.564497276520256,5.564307385244904,5.587002881160405
360510727ccd5c9e4492be5d,5-1-24_train-ready_all_carts.csv,5-1-24_Cart13,0.9,5.920340502756928,5.895340031421929,6.007196051144251
360510727ccd5c9e4492be5d,5-1-24_train-ready_all_carts.csv,5-1-24_Cart13,0.95,6.115169183835996,5.9838964032868684,6.548449618655007
360510727ccd5c9e4492be5d,5-1-24_train-ready_all_carts.csv,5-1-24_Cart13,1.0,5.580792110822245,5.579188267946986,5.595704041271122
246572f52e6c8dea2bab018c,5-1-24_train-ready_all_carts.csv,5-1-24_Cart16,0.0,0.923435580923111,0.6900372329648524,1.0712772957798145
246572f52e6c8dea2bab018c,5-1-24_train-ready_all_carts.csv,5-1-24_Cart16,0.05,0.1235244762092935,0.0360695478866057,0.9830814422169873
246572f52e6c8dea2bab018c,5-1-24_train-ready_all_carts.csv,5-1-24_Cart16,0.1,0.3061317398797625,0.1561938534086614,0.79757469928143
246572f52e6c8dea2bab018c,5-1-24_train-ready_all_carts.csv,5-1-24_Cart16,0.15,0.0,0.0,0.0
246572f52e6c8dea2bab018c,5-1-24_train-ready_all_carts.csv,5-1-24_Cart16,0.2,0.4488939631233402,0.3862057714423435,0.46769053447166214
246572f52e6c8dea2bab018c,5-1-24_train-ready_all_carts.csv,5-1-24_Cart16,0.25,1.243204445521422,0.6372934412796061,1.86231385117559
246572f52e6c8dea2bab018c,5-1-24_train-ready_all_carts.csv,5-1-24_Cart16,0.3,0.7219940405652525,0.7166700773431162,0.7294253643845262
246572f52e6c8dea2bab018c,5-1-24_train-ready_all_carts.csv,5-1-24_Cart16,0.35,0.9568002077892546,0.9533708612185849,0.9579235510008591
246572f52e6c8dea2bab018c,5-1-24_train-ready_all_carts.csv,5-1-24_Cart16,0.4,1.092248208347919,0.9289934398664746,1.3696289146906007
246572f52e6c8dea2bab018c,5-1-24_train-ready_all_carts.csv,5-1-24_Cart16,0.45,1.3888451495282617,1.3622615060192653,2.768632794771191
246572f52e6c8dea2bab018c,5-1-24_train-ready_all_carts.csv,5-1-24_Cart16,0.5,1.6900954813354607,1.6635775922592466,1.8543007002542224
246572f52e6c8dea2bab018c,5-1-24_train-ready_all_carts.csv,5-1-24_Cart16,0.55,1.696673990087274,1.6950278301619586,1.6994487045312234
246572f52e6c8dea2bab018c,5-1-24_train-ready_all_carts.csv,5-1-24_Cart16,0.6,1.6602193647021046,1.6582580739754453,1.6610174610457842
246572f52e6c8dea2bab018c,5-1-24_train-ready_all_carts.csv,5-1-24_Cart16,0.65,1.7502738155884234,1.749297308615969,1.7509425488988675
246572f52e6c8dea2bab018c,5-1-24_train-ready_all_carts.csv,5-1-24_Cart16,0.7,1.8213315196271256,1.8052048234872764,1.839535687985566
246572f52e6c8dea2bab018c,5-1-24_train-ready_all_carts.csv,5-1-24_Cart16,0.75,2.4605228501802445,2.4467021573994563,4.334122606963171
246572f52e6c8dea2bab018c,5-1-24_train-ready_all_carts.csv,5-1-24_Cart16,0.8,2.458760202215522,2.3746841934043195,2.5081715163312763
246572f52e6c8dea2bab018c,5-1-24_train-ready_all_carts.csv,5-1-24_Cart16,0.85,3.3950849320251857,2.372456666198128,4.166155744013956
246572f52e6c8dea2bab018c,5-1-24_train-ready_all_carts.csv,5-1-24_Cart16,0.9,3.480381766144109,3.3863607442422268,4.817471027089625
246572f52e6c8dea2bab018c,5-1-24_train-ready_all_carts.csv,5-1-24_Cart16,0.95,3.4329711341051783,3.4302082217389147,3.4331331444442026
246572f52e6c8dea2bab018c,5-1-24_train-ready_all_carts.csv,5-1-24_Cart16,1.0,3.6947258896037294,3.6268102971543223,4.077486427880434
8a35091c6ce8f99a20f0fe4c,5-1-24_train-ready_all_carts.csv,5-1-24_Cart2,0.0,0.5482029518788194,0.547872978640341,0.5487728245798668
8a35091c6ce8f99a20f0fe4c,5-1-24_train-ready_all_carts.csv,5-1-24_Cart2,0.05,1.2262854714776728,1.2258502040760695,1.2286959408484157
8a35091c6ce8f99a20f0fe4c,5-1-24_train-ready_all_carts.csv,5-1-24_Cart2,0.1,1.5732972199888817,1.572902976287197,1.573470827530567
8a35091c6ce8f99a20f0fe4c,5-1-24_train-ready_all_carts.csv,5-1-24_Cart2,0.15,2.048794007553377,2.0483321639287833,2.0491783223305884
8a35091c6ce8f99a20f0fe4c,5-1-24_train-ready_all_carts.csv,5-1-24_Cart2,0.2,2.419446109052642,2.4192500871125944,2.4195621050505283
8a35091c6ce8f99a20f0fe4c,5-1-24_train-ready_all_carts.csv,5-1-24_Cart2,0.25,2.8600109188629954,2.8542975065570415,2.935252249065724
8a35091c6ce8f99a20f0fe4c,5-1-24_train-ready_all_carts.csv,5-1-24_Cart2,0.3,3.3392081630694515,3.337120532380679,3.3412040552524633
8a35091c6ce8f99a20f0fe4c,5-1-24_train-ready_all_carts.csv,5-1-24_Cart2,0.35,3.8559914400508926,3.8391133980846885,3.8838232260779093
8a35091c6ce8f99a20f0fe4c,5-1-24_train-ready_all_carts.csv,5-1-24_Cart2,0.4,4.412741313495365,4.412056098797445,4.413784564020695
8a35091c6ce8f99a20f0fe4c,5-1-24_train-ready_all_carts.csv,5-1-24_Cart2,0.45,4.840823027602855,4.840489843813948,4.8412997348868405
8a35091c6ce8f99a20f0fe4c,5-1-24_train-ready_all_carts.csv,5-1-24_Cart2,0.5,-0.43791642312277235,-0.4381742778858858,-0.4377451343119515
8a35091c6ce8f99a20f0fe4c,5-1-24_train-ready_all_carts.csv,5-1-24_Cart2,0.55,0.6363480193451742,0.6360290452146452,0.636628050688099
8a35091c6ce8f99a20f0fe4c,5-1-24_train-ready_all_carts.csv,5-1-24_Cart2,0.6,0.8188345166047668,0.49506643973978937,1.4092558700323965
8a35091c6ce8f99a20f0fe4c,5-1-24_train-ready_all_carts.csv,5-1-24_Cart2,0.65,1.7191275550049858,1.685847583810186,1.7345527039930473
8a35091c6ce8f99a20f0fe4c,5-1-24_train-ready_all_carts.csv,5-1-24_Cart2,0.7,2.103935805708154,2.103468135529078,2.1042624494869293
8a35091c6ce8f99a20f0fe4c,5-1-24_train-ready_all_carts.csv,5-1-24_Cart2,0.75,2.557033653116923,2.555701750326222,2.5650469491677503
8a35091c6ce8f99a20f0fe4c,5-1-24_train-ready_all_carts.csv,5-1-24_Cart2,0.8,2.911873199209761,2.9115877574948175,2.912030099998292
8a35091c6ce8f99a20f0fe4c,5-1-24_train-ready_all_carts.csv,5-1-24_Cart2,0.85,2.8462293338757423,2.801352795078791,3.079601866333306
8a35091c6ce8f99a20f0fe4c,5-1-24_train-ready_all_carts.csv,5-1-24_Cart2,0.9,3.7715670438032696,3.7712617442393803,3.772556309517692
8a35091c6ce8f99a20f0fe4c,5-1-24_train-ready_all_carts.csv,5-1-24_Cart2,0.95,4.406129957798289,4.401993520299073,4.653873865247736
8a35091c6ce8f99a20f0fe4c,5-1-24_train-ready_all_carts.csv,5-1-24_Cart2,1.0,0.0175275042842576,0.017200503777657437,0.018062298749142575
d33c97f7202f81762151d164,5-1-24_train-ready_all_carts.csv,5-1-24_Cart20,0.0,0.14583912784840175,0.013877082313009612,0.4286605948637105
d33c97f7202f81762151d164,5-1-24_train-ready_all_carts.csv,5-1-24_Cart20,0.05,0.5148297831874601,0.5139382296133186,0.5152577138747533
d33c97f7202f81762151d164,5-1-24_train-ready_all_carts.csv,5-1-24_Cart20,0.1,0.6396707652774748,0.6361189687509928,0.6933718867883591
d33c97f7202f81762151d164,5-1-24_train-ready_all_carts.csv,5-1-24_Cart20,0.15,0.7360829104221307,0.7350946122018279,0.7364899423873165
d33c97f7202f81762151d164,5-1-24_train-ready_all_carts.csv,5-1-24_Cart20,0.2,1.149181610263586,1.0575359705157852,1.422487114206814
d33c97f7202f81762151d164,5-1-24_train-ready_all_carts.csv,5-1-24_Cart20,0.25,0.9082151176537808,0.9073170831276149,0.9102885057039685
d33c97f7202f81762151d164,5-1-24_train-ready_all_carts.csv,5-1-24_Cart20,0.3,1.2185897886398451,1.1815921468863797,1.3222778825905783
d33c97f7202f81762151d164,5-1-24_train-ready_all_carts.csv,5-1-24_Cart20,0.35,1.2923580509722399,1.201340546973182,1.3516797076811675
d33c97f7202f81762151d164,5-1-24_train-ready_all_carts.csv,5-1-24_Cart20,0.4,1.8911538724129686,1.658405743567747,3.6226835850581844
d33c97f7202f81762151d164,5-1-24_train-ready_all_carts.csv,5-1-24_Cart20,0.45,1.711521606932775,1.7107864415487881,1.7124864234428439
d33c97f7202f81762151d164,5-1-24_train-ready_all_carts.csv,5-1-24_Cart20,0.5,2.1314976300673845,2.0861497512646645,2.2382445455199598
d33c97f7202f81762151d164,5-1-24_train-ready_all_carts.csv,5-1-24_Cart20,0.55,1.8372445620591555,1.8365893284168033,1.8383956824582164
d33c97f7202f81762151d164,5-1-24_train-ready_all_carts.csv,5-1-24_Cart20,0.6,2.115114910471754,2.1146151727145672,2.1158323706462254
d33c97f7202f81762151d164,5-1-24_train-ready_all_carts.csv,5-1-24_Cart20,0.65,2.7207655127638137,2.4125541647781312,2.897816715618575
d33c97f7202f81762151d164,5-1-24_train-ready_all_carts.csv,5-1-24_Cart20,0.7,2.6248812364652045,2.437339532600257,2.8104900198705804
d33c97f7202f81762151d164,5-1-24_train-ready_all_carts.csv,5-1-24_Cart20,0.75,5.485410966607274,3.910650787090617,8.46350850087509
d33c97f7202f81762151d164,5-1-24_train-ready_all_carts.csv,5-1-24_Cart20,0.8,2.8525119961992633,2.852209035173833,2.853194280771806
d33c97f7202f81762151d164,5-1-24_train-ready_all_carts.csv,5-1-24_Cart20,0.85,2.6585990938235318,2.626762731979365,2.6837067716003213
d33c97f7202f81762151d164,5-1-24_train-ready_all_carts.csv,5-1-24_Cart20,0.9,3.1442609746282035,3.1433437320630673,3.1448405502001844
d33c97f7202f81762151d164,5-1-24_train-ready_all_carts.csv,5-1-24_Cart20,0.95,3.2822000546864034,3.281697452160567,3.2834473092071597
d33c97f7202f81762151d164,5-1-24_train-ready_all_carts.csv,5-1-24_Cart20,1.0,3.0067962251167204,3.006030486546009,3.3830394414784615
1e3fa8d453f6473860f929c2,5-1-24_train-ready_all_carts.csv,5-1-24_Cart26,0.0,0.5119567208588821,0.3414989207176735,0.6355089898913552
1e3fa8d453f6473860f929c2,5-1-24_train-ready_all_carts.csv,5-1-24_Cart26,0.05,0.7973851101651098,0.7960019328098296,0.7995795457962718
1e3fa8d453f6473860f929c2,5-1-24_train-ready_all_carts.csv,5-1-24_Cart26,0.1,1.0033955840429134,1.0026249658455315,1.0042857432306933
1e3fa8d453f6473860f929c2,5-1-24_train-ready_all_carts.csv,5-1-24_Cart26,0.15,1.1055680851960932,1.1025063825732682,1.2420095608974226
1e3fa8d453f6473860f929c2,5-1-24_train-ready_all_carts.csv,5-1-24_Cart26,0.2,1.430899630059999,1.4286571593993436,1.4334624628584505
1e3fa8d453f6473860f929c2,5-1-24_train-ready_all_carts.csv,5-1-24_Cart26,0.25,1.772150253774355,1.6766743630246572,2.197345596091457
1e3fa8d453f6473860f929c2,5-1-24_train-ready_all_carts.csv,5-1-24_Cart26,0.3,1.7034016450306406,1.7015995919295541,1.7041182479338133
1e3fa8d453f6473860f929c2,5-1-24_train-ready_all_carts.csv,5-1-24_Cart26,0.35,2.1503524830413983,1.9584551766776577,2.760364755514188
1e3fa8d453f6473860f929c2,5-1-24_train-ready_all_carts.csv,5-1-24_Cart26,0.4,2.512540463653907,2.2232176359391325,3.581171263510127
1e3fa8d453f6473860f929c2,5-1-24_train-ready_all_carts.csv,5-1-24_Cart26,0.45,2.362327788693994,2.3603378395337673,2.363719325559093
1e3fa8d453f6473860f929c2,5-1-24_train-ready_all_carts.csv,5-1-24_Cart26,0.5,2.6869159802233096,2.5825803594488246,3.09265340596829
1e3fa8d453f6473860f929c2,5-1-24_train-ready_all_carts.csv,5-1-24_Cart26,0.55,2.8506157597158346,2.847866252632753,2.8528826015628046
1e3fa8d453f6473860f929c2,5-1-24_train-ready_all_carts.csv,5-1-24_Cart26,0.6,3.271755003565293,3.115649517222866,3.5524507528439093
1e3fa8d453f6473860f929c2,5-1-24_train-ready_all_carts.csv,5-1-24_Cart26,0.65,3.288484311828879,3.2875908088371717,3.434552920556293
1e3fa8d453f6473860f929c2,5-1-24_train-ready_all_carts.csv,5-1-24_Cart26,0.7,3.70585020155431,3.704399312169502,3.7066126531536376
1e3fa8d453f6473860f929c2,5-1-24_train-ready_all_carts.csv,5-1-24_Cart26,0.75,3.980370073587187,3.9790711343693044,3.9808973657449416
1e3fa8d453f6473860f929c2,5-1-24_train-ready_all_carts.csv,5-1-24_Cart26,0.8,3.9779921145635577,3.966393487602766,4.4261978436058484
1e3fa8d453f6473860f929c2,5-1-24_train-ready_all_carts.csv,5-1-24_Cart26,0.85,4.354059453630912,4.351973434411698,4.358131628078975
1e3fa8d453f6473860f929c2,5-1-24_train-ready_all_carts.csv,5-1-24_Cart26,0.9,4.543047393362281,4.540994040535279,4.727370469399486
1e3fa8d453f6473860f929c2,5-1-24_train-ready_all_carts.csv,5-1-24_Cart26,0.95,4.625249668599336,4.6239903405972065,4.625569259090071
1e3fa8d453f6473860f929c2,5-1-24_train-ready_all_carts.csv,5-1-24_Cart26,1.0,4.904657924758127,4.902325621518888,4.905986122260375
9e17f392a0dd47278a88d445,5-1-24_train-ready_all_carts.csv,5-1-24_Cart28,0.0,1.9526156207964647,0.9514646329149272,9.928433720398969
9e17f392a0dd47278a88d445,5-1-24_train-ready_all_carts.csv,5-1-24_Cart28,0.05,0.48875636656257626,0.48450366634870534,0.4902755160359007
9e17f392a0dd47278a88d445,5-1-24_train-ready_all_carts.csv,5-1-24_Cart28,0.1,0.6647573107255411,0.6640831389515027,0.6651899665945387
9e17f392a0dd47278a88d445,5-1-24_train-ready_all_carts.csv,5-1-24_Cart28,0.15,0.7792550030679273,0.7783941516997143,0.7800805650399182
9e17f392a0dd47278a88d445,5-1-24_train-ready_all_carts.csv,5-1-24_Cart28,0.2,0.6420120485766319,0.64076039010297,0.6437122365882217
9e17f392a0dd47278a88d445,5-1-24_train-ready_all_carts.csv,5-1-24_Cart28,0.25,0.8460634711839354,0.8270274000720435,1.8355844384170523
9e17f392a0dd47278a88d445,5-1-24_train-ready_all_carts.csv,5-1-24_Cart28,0.3,1.0263594890737124,1.0257770172549243,1.0270652769982795
9e17f392a0dd47278a88d445,5-1-24_train-ready_all_carts.csv,5-1-24_Cart28,0.35,1.2469746260593801,1.2426252407710863,1.250327249888412
9e17f392a0dd47278a88d445,5-1-24_train-ready_all_carts.csv,5-1-24_Cart28,0.4,1.3204920150791537,1.3203504639321975,1.320866161391581
9e17f392a0dd47278a88d445,5-1-24_train-ready_all_carts.csv,5-1-24_Cart28,0.45,1.5427548651377876,1.3968893599182495,2.4571516607302897
9e17f392a0dd47278a88d445,5-1-24_train-ready_all_carts.csv,5-1-24_Cart28,0.5,1.5167036818552262,1.5147041243187487,2.1161629501492163
9e17f392a0dd47278a88d445,5-1-24_train-ready_all_carts.csv,5-1-24_Cart28,0.55,2.286298508046869,2.2848759124606355,2.2868408365376123
9e17f392a0dd47278a88d445,5-1-24_train-ready_all_carts.csv,5-1-24_Cart28,0.6,2.3406992769239636,2.318560625065609,2.3971208556876626
9e17f392a0dd47278a88d445,5-1-24_train-ready_all_carts.csv,5-1-24_Cart28,0.65,4.084228964077031,3.142039079614152,5.062834488138503
9e17f392a0dd47278a88d445,5-1-24_train-ready_all_carts.csv,5-1-24_Cart28,0.7,2.605684598267707,2.504153463260643,3.831968815350905
9e17f392a0dd47278a88d445,5-1-24_train-ready_all_carts.csv,5-1-24_Cart28,0.75,4.090371155643606,3.0802275375291335,5.931995787634942
9e17f392a0dd47278a88d445,5-1-24_train-ready_all_carts.csv,5-1-24_Cart28,0.8,3.294095446905832,3.2914961008208303,3.2950557382827554
9e17f392a0dd47278a88d445,5-1-24_train-ready_all_carts.csv,5-1-24_Cart28,0.85,3.6954264012903133,3.304784460717294,4.4654933707422835
9e17f392a0dd47278a88d445,5-1-24_train-ready_all_carts.csv,5-1-24_Cart28,0.9,4.028529440468869,4.02663457043496,4.028756656953132
9e17f392a0dd47278a88d445,5-1-24_train-ready_all_carts.csv,5-1-24_Cart28,0.95,4.338147320863836,4.332694387616162,4.538286736796323
9e17f392a0dd47278a88d445,5-1-24_train-ready_all_carts.csv,5-1-24_Cart28,1.0,5.1877874184407595,4.877804837222311,6.038014579393587
5bb6eaf8433c545c0da4716c,5-1-24_train-ready_all_carts.csv,5-1-24_Cart38,0.0,1.4175501335598386,0.9072907797177134,1.6046373130298996
5bb6eaf8433c545c0da4716c,5-1-24_train-ready_all_carts.csv,5-1-24_Cart38,0.05,0.9685458274069653,0.9683604376670341,0.9688708493749235
5bb6eaf8433c545c0da4716c,5-1-24_train-ready_all_carts.csv,5-1-24_Cart38,0.1,1.329334575185608,1.3288334996516715,1.330493799685597
5bb6eaf8433c545c0da4716c,5-1-24_train-ready_all_carts.csv,5-1-24_Cart38,0.15,1.7180066785361578,1.7176155851832984,1.7182385439552192
5bb6eaf8433c545c0da4716c,5-1-24_train-ready_all_carts.csv,5-1-24_Cart38,0.2,2.2800956481873706,2.2798385443200404,2.280232202555854
5bb6eaf8433c545c0da4716c,5-1-24_train-ready_all_carts.csv,5-1-24_Cart38,0.25,2.2538291948298035,2.253570141651428,2.2542736377481116
5bb6eaf8433c545c0da4716c,5-1-24_train-ready_all_carts.csv,5-1-24_Cart38,0.3,2.181897565355319,1.9537475331460743,2.348090387517766
5bb6eaf8433c545c0da4716c,5-1-24_train-ready_all_carts.csv,5-1-24_Cart38,0.35,2.373648215012741,2.3730693722276333,2.3743745898653756
5bb6eaf8433c545c0da4716c,5-1-24_train-ready_all_carts.csv,5-1-24_Cart38,0.4,2.677804347162226,2.677462191776133,2.67818169274245
5bb6eaf8433c545c0da4716c,5-1-24_train-ready_all_carts.csv,5-1-24_Cart38,0.45,2.817089803014505,2.8169652522982482,2.8177278432981963
5bb6eaf8433c545c0da4716c,5-1-24_train-ready_all_carts.csv,5-1-24_Cart38,0.5,3.589484811567144,3.111543803710724,4.6200486268533
5bb6eaf8433c545c0da4716c,5-1-24_train-ready_all_carts.csv,5-1-24_Cart38,0.55,3.134683869937734,3.133377318560855,3.135067473832367
5bb6eaf8433c545c0da4716c,5-1-24_train-ready_all_carts.csv,5-1-24_Cart38,0.6,3.65547206830693,3.655202447810782,3.655521314059651
5bb6eaf8433c545c0da4716c,5-1-24_train-ready_all_carts.csv,5-1-24_Cart38,0.65,4.0570260398067495,3.9466455837047025,4.235585496430623
5bb6eaf8433c545c0da4716c,5-1-24_train-ready_all_carts.csv,5-1-24_Cart38,0.7,4.118162589903517,4.117544247920914,4.118617805330231
5bb6eaf8433c545c0da4716c,5-1-24_train-ready_all_carts.csv,5-1-24_Cart38,0.75,4.354246728448025,4.3497793179136846,4.355730359344064
5bb6eaf8433c545c0da4716c,5-1-24_train-ready_all_carts.csv,5-1-24_Cart38,0.8,5.3643920235122335,4.028374860873667,6.8275783401179835
5bb6eaf8433c545c0da4716c,5-1-24_train-ready_all_carts.csv,5-1-24_Cart38,0.85,4.223265337648327,3.7710725741974045,4.908600011109314
5bb6eaf8433c545c0da4716c,5-1-24_train-ready_all_carts.csv,5-1-24_Cart38,0.9,4.991320564242426,4.859206521130144,5.259820103943629
5bb6eaf8433c545c0da4716c,5-1-24_train-ready_all_carts.csv,5-1-24_Cart38,0.95,4.888321020520076,4.312990483534093,5.297634070742364
5bb6eaf8433c545c0da4716c,5-1-24_train-ready_all_carts.csv,5-1-24_Cart38,1.0,5.002985651918215,4.846902264622164,5.322792186877754
075631a9858458294339a7b5,5-1-24_train-ready_all_carts.csv,5-1-24_Cart56,0.0,0.6988555691112761,0.6576042870143425,0.7258765353217747
075631a9858458294339a7b5,5-1-24_train-ready_all_carts.csv,5-1-24_Cart56,0.05,0.4966033095342025,0.1971600060390727,0.8489180065584021
075631a9858458294339a7b5,5-1-24_train-ready_all_carts.csv,5-1-24_Cart56,0.1,0.8117370221651716,0.8114938354147712,0.8139133814567558
075631a9858458294339a7b5,5-1-24_train-ready_all_carts.csv,5-1-24_Cart56,0.15,1.001658740749939,0.9995848441425237,1.0441943731379877
075631a9858458294339a7b5,5-1-24_train-ready_all_carts.csv,5-1-24_Cart56,0.2,1.748762159876285,1.170788964922466,2.8564084186643823
075631a9858458294339a7b5,5-1-24_train-ready_all_carts.csv,5-1-24_Cart56,0.25,1.289415461767823,1.2881781275817852,1.2897377652743538
075631a9858458294339a7b5,5-1-24_train-ready_all_carts.csv,5-1-24_Cart56,0.3,1.4777263113179373,0.7502548721779212,1.7699673960132065
075631a9858458294339a7b5,5-1-24_train-ready_all_carts.csv,5-1-24_Cart56,0.35,1.7704064291599295,1.693232573040838,2.0114978825189644
075631a9858458294339a7b5,5-1-24_train-ready_all_carts.csv,5-1-24_Cart56,0.4,1.880926052493936,1.8738632607643049,1.9931421465987356
075631a9858458294339a7b5,5-1-24_train-ready_all_carts.csv,5-1-24_Cart56,0.45,1.956016933033597,1.954815914735619,2.009053045054938
075631a9858458294339a7b5,5-1-24_train-ready_all_carts.csv,5-1-24_Cart56,0.5,2.2364897245034863,2.235880784880483,2.2372951590208126
075631a9858458294339a7b5,5-1-24_train-ready_all_carts.csv,5-1-24_Cart56,0.55,2.9673832875951374,2.707812883695671,3.2265775626539845
075631a9858458294339a7b5,5-1-24_train-ready_all_carts.csv,5-1-24_Cart56,0.6,2.920963800678693,2.690560242875259,3.1870295605568564
075631a9858458294339a7b5,5-1-24_train-ready_all_carts.csv,5-1-24_Cart56,0.65,3.208518190320244,3.2074565990924957,3.209737366562252
075631a9858458294339a7b5,5-1-24_train-ready_all_carts.csv,5-1-24_Cart56,0.7,3.52298784099812,3.522053355378581,3.523619478051159
075631a9858458294339a7b5,5-1-24_train-ready_all_carts.csv,5-1-24_Cart56,0.75,3.896846938613799,3.896395584005056,3.8970499184881326
075631a9858458294339a7b5,5-1-24_train-ready_all_carts.csv,5-1-24_Cart56,0.8,4.227868852270934,4.225955134669782,4.229377258621417
075631a9858458294339a7b5,5-1-24_train-ready_all_carts.csv,5-1-24_Cart56,0.85,4.6648605272865815,4.524423745669306,4.820782144173356
075631a9858458294339a7b5,5-1-24_train-ready_all_carts.csv,5-1-24_Cart56,0.9,4.527044326091622,3.4940388902304456,4.77244893965576
075631a9858458294339a7b5,5-1-24_train-ready_all_carts.csv,5-1-24_Cart56,0.95,4.999057487156944,4.9390383486601035,5.289829723879794
075631a9858458294339a7b5,5-1-24_train-ready_all_carts.csv,5-1-24_Cart56,1.0,5.094509907934137,4.998678115826319,5.263417048794297
f84037bfe3d1650f0ca04f34,5-1-24_train-ready_all_carts.csv,5-1-24_Cart59,0.0,1.2899475068911144,0.6154288107447867,3.698455401089745
f84037bfe3d1650f0ca04f34,5-1-24_train-ready_all_carts.csv,5-1-24_Cart59,0.05,1.5463005333649114,1.3627342095257267,1.9941808889580108
f84037bfe3d1650f0ca04f34,5-1-24_train-ready_all_carts.csv,5-1-24_Cart59,0.1,1.5016881252931282,1.50109806713778,1.5040216730461493
f84037bfe3d1650f0ca04f34,5-1-24_train-ready_all_carts.csv,5-1-24_Cart59,0.15,1.8959978158820507,1.8929821325157852,1.9026883868354465
f84037bfe3d1650f0ca04f34,5-1-24_train-ready_all_carts.csv,5-1-24_Cart59,0.2,2.1599281720120427,2.1420305428233353,2.4131298621513477
f84037bfe3d1650f0ca04f34,5-1-24_train-ready_all_carts.csv,5-1-24_Cart59,0.25,2.5144404604484833,2.512913968681522,2.5172585584926765
f84037bfe3d1650f0ca04f34,5-1-24_train-ready_all_carts.csv,5-1-24_Cart59,0.3,2.742202556524485,2.7396994572231974,2.747110167734243
f84037bfe3d1650f0ca04f34,5-1-24_train-ready_all_carts.csv,5-1-24_Cart59,0.35,3.20711513049819,3.04708063790198,4.0820085092103024
f84037bfe3d1650f0ca04f34,5-1-24_train-ready_all_carts.csv,5-1-24_Cart59,0.4,3.2689161126848156,3.2667043769573048,3.27271715225407
f84037bfe3d1650f0ca04f34,5-1-24_train-ready_all_carts.csv,5-1-24_Cart59,0.45,3.741105738235461,3.6152763204539875,4.86808719767889
f84037bfe3d1650f0ca04f34,5-1-24_train-ready_all_carts.csv,5-1-24_Cart59,0.5,3.8771950480452215,3.873905771468072,3.87779882984716
f84037bfe3d1650f0ca04f34,5-1-24_train-ready_all_carts.csv,5-1-24_Cart59,0.55,3.802072744975405,3.592582159485621,4.017139119049353
f84037bfe3d1650f0ca04f34,5-1-24_train-ready_all_carts.csv,5-1-24_Cart59,0.6,4.468681870192301,4.462670033264533,4.474131741386589
f84037bfe3d1650f0ca04f34,5-1-24_train-ready_all_carts.csv,5-1-24_Cart59,0.65,4.741495061846497,4.660491589731839,4.874555375179839
f84037bfe3d1650f0ca04f34,5-1-24_train-ready_all_carts.csv,5-1-24_Cart59,0.7,4.8552816865041075,4.795905215215216,4.9965068071342476
f84037bfe3d1650f0ca04f34,5-1-24_train-ready_all_carts.csv,5-1-24_Cart59,0.75,5.216193651504666,5.21443415098597,5.217624077745491
f84037bfe3d1650f0ca04f34,5-1-24_train-ready_all_carts.csv,5-1-24_Cart59,0.8,5.319398992752285,5.160337354214411,5.893231927057803
f84037bfe3d1650f0ca04f34,5-1-24_train-ready_all_carts.csv,5-1-24_Cart59,0.85,5.500554646636454,5.477841776936197,5.665477103341533
f84037bfe3d1650f0ca04f34,5-1-24_train-ready_all_carts.csv,5-1-24_Cart59,0.9,5.816801420309109,5.7664495955591955,5.895349063460735
f84037bfe3d1650f0ca04f34,5-1-24_train-ready_all_carts.csv,5-1-24_Cart59,0.95,6.024761584611754,6.024404476560079,6.024952249462469
f84037bfe3d1650f0ca04f34,5-1-24_train-ready_all_carts.csv,5-1-24_Cart59,1.0,6.243272535331966,6.242542366955653,6.243730283458643
de4beb102b408953125d0824,5-1-24_train-ready_all_carts.csv,5-1-24_Cart60,0.0,0.650792280497678,0.6007460258245053,0.6993411437236019
de4beb102b408953125d0824,5-1-24_train-ready_all_carts.csv,5-1-24_Cart60,0.05,0.9192936189728904,0.91897700964354,0.9527993507673262
de4beb102b408953125d0824,5-1-24_train-ready_all_carts.csv,5-1-24_Cart60,0.1,1.2859041710352956,1.2375064640437938,1.5726792275621917
de4beb102b408953125d0824,5-1-24_train-ready_all_carts.csv,5-1-24_Cart60,0.15,1.496770896960506,1.4959739257145133,1.5306186197353224
de4beb102b408953125d0824,5-1-24_train-ready_all_carts.csv,5-1-24_Cart60,0.2,1.8004828206091474,1.800191592930826,1.8061329776700947
de4beb102b408953125d0824,5-1-24_train-ready_all_carts.csv,5-1-24_Cart60,0.25,2.0796583085051603,2.043035231302818,2.1758745421832684
de4beb102b408953125d0824,5-1-24_train-ready_all_carts.csv,5-1-24_Cart60,0.3,2.599732746835554,2.4328024146246308,2.735469407821062
de4beb102b408953125d0824,5-1-24_train-ready_all_carts.csv,5-1-24_Cart60,0.35,2.3400161048508616,2.337195907407124,2.9890707094333724
de4beb102b408953125d0824,5-1-24_train-ready_all_carts.csv,5-1-24_Cart60,0.4,2.7894867257178064,2.6139222234331423,3.0418727941871238
de4beb102b408953125d0824,5-1-24_train-ready_all_carts.csv,5-1-24_Cart60,0.45,3.153863944416619,3.15340058757635,3.154142575742071
de4beb102b408953125d0824,5-1-24_train-ready_all_carts.csv,5-1-24_Cart60,0.5,3.2360589257896986,3.1020305821802223,3.461043644009969
de4beb102b408953125d0824,5-1-24_train-ready_all_carts.csv,5-1-24_Cart60,0.55,3.5665456570957073,3.56219380612492,3.567445288617579
de4beb102b408953125d0824,5-1-24_train-ready_all_carts.csv,5-1-24_Cart60,0.6,4.353276068206074,4.120746386544607,4.601106980569307
de4beb102b408953125d0824,5-1-24_train-ready_all_carts.csv,5-1-24_Cart60,0.65,4.382793101882923,4.373815996102337,4.537211287844231
de4beb102b408953125d0824,5-1-24_train-ready_all_carts.csv,5-1-24_Cart60,0.7,4.60135619941081,4.461100785779006,4.985912460496203
de4beb102b408953125d0824,5-1-24_train-ready_all_carts.csv,5-1-24_Cart60,0.75,4.69818940245242,4.647886686034844,4.848910054992699
de4beb102b408953125d0824,5-1-24_train-ready_all_carts.csv,5-1-24_Cart60,0.8,5.031336483484264,5.030892965899762,5.040137744178806
de4beb102b408953125d0824,5-1-24_train-ready_all_carts.csv,5-1-24_Cart60,0.85,5.736833014945418,5.663357858845586,6.01744832895607
de4beb102b408953125d0824,5-1-24_train-ready_all_carts.csv,5-1-24_Cart60,0.9,5.607483586608962,5.504421864964445,5.977676289500122
de4beb102b408953125d0824,5-1-24_train-ready_all_carts.csv,5-1-24_Cart60,0.95,5.787053414196998,5.622809002308234,6.2780111939264724
de4beb102b408953125d0824,5-1-24_train-ready_all_carts.csv,5-1-24_Cart60,1.0,4.99608433034637,4.995930025023729,4.996213442963271
f00ca64755eb5325dbe79662,5-1-24_train-ready_all_carts.csv,5-1-24_Cart62,0.0,2.4678058435852144,2.026542854228734,5.6423528268439025
f00ca64755eb5325dbe79662,5-1-24_train-ready_all_carts.csv,5-1-24_Cart62,0.05,2.2427541853872794,2.2292741042700293,2.2447170408305785
f00ca64755eb5325dbe79662,5-1-24_train-ready_all_carts.csv,5-1-24_Cart62,0.1,2.630102209181689,2.5601796901329834,3.1599273044407967
f00ca64755eb5325dbe79662,5-1-24_train-ready_all_carts.csv,5-1-24_Cart62,0.15,2.8291270273301974,2.5815430972134896,2.913907925894574
f00ca64755eb5325dbe79662,5-1-24_train-ready_all_carts.csv,5-1-24_Cart62,0.2,3.020977141486915,3.015242114071695,3.0228923275837336
f00ca64755eb5325dbe79662,5-1-24_train-ready_all_carts.csv,5-1-24_Cart62,0.25,3.248831632632138,3.245242909753076,3.249845400733949
f00ca64755eb5325dbe79662,5-1-24_train-ready_all_carts.csv,5-1-24_Cart62,0.3,3.7064935003064887,3.6360382685217583,4.468801063656018
f00ca64755eb5325dbe79662,5-1-24_train-ready_all_carts.csv,5-1-24_Cart62,0.35,3.936543897033359,3.935136186959722,3.9402840401894728
f00ca64755eb5325dbe79662,5-1-24_train-ready_all_carts.csv,5-1-24_Cart62,0.4,4.2632627433921915,4.25474532165144,4.5165625708726544
f00ca64755eb5325dbe79662,5-1-24_train-ready_all_carts.csv,5-1-24_Cart62,0.45,4.850182692344383,4.656765347163716,5.783793572947408
f00ca64755eb5325dbe79662,5-1-24_train-ready_all_carts.csv,5-1-24_Cart62,0.5,4.811940037021804,4.795771093198721,4.815141049216161
f00ca64755eb5325dbe79662,5-1-24_train-ready_all_carts.csv,5-1-24_Cart62,0.55,5.137187053362519,5.11943305703432,6.160412130385777
f00ca64755eb5325dbe79662,5-1-24_train-ready_all_carts.csv,5-1-24_Cart62,0.6,5.076352243451931,5.062364499372886,5.078871428209445
f00ca64755eb5325dbe79662,5-1-24_train-ready_all_carts.csv,5-1-24_Cart62,0.65,5.922729279315165,5.409400208140154,6.730429899959289
f00ca64755eb5325dbe79662,5-1-24_train-ready_all_carts.csv,5-1-24_Cart62,0.7,5.937903709713646,5.9350445459307775,5.943348047584643
f00ca64755eb5325dbe79662,5-1-24_train-ready_all_carts.csv,5-1-24_Cart62,0.75,6.119224194892312,6.117291561191552,6.12153762254907
f00ca64755eb5325dbe79662,5-1-24_train-ready_all_carts.csv,5-1-24_Cart62,0.8,6.362108550574791,6.355352215200345,6.378892771688261
f00ca64755eb5325dbe79662,5-1-24_train-ready_all_carts.csv,5-1-24_Cart62,0.85,6.697850300685678,6.694097134139478,7.078786018467622
f00ca64755eb5325dbe79662,5-1-24_train-ready_all_carts.csv,5-1-24_Cart62,0.9,6.320051101276382,6.3127185587818015,6.945160054169037
f00ca64755eb5325dbe79662,5-1-24_train-ready_all_carts.csv,5-1-24_Cart62,0.95,6.275658165564801,6.2666259148820656,6.281640450453005
f00ca64755eb5325dbe79662,5-1-24_train-ready_all_carts.csv,5-1-24_Cart62,1.0,6.499732757942072,6.496070630500716,6.501890341107919
e121eb07453db50c5719bb8b,5-1-24_train-ready_all_carts.csv,5-1-24_Cart63,0.0,1.281893420678714,0.9413694372412416,2.005389285704129
e121eb07453db50c5719bb8b,5-1-24_train-ready_all_carts.csv,5-1-24_Cart63,0.05,1.0606144501615107,1.0572029476445317,1.0609274912355167
e121eb07453db50c5719bb8b,5-1-24_train-ready_all_carts.csv,5-1-24_Cart63,0.1,1.2086693539979736,1.1734642064039988,1.5189591282437647
e121eb07453db50c5719bb8b,5-1-24_train-ready_all_carts.csv,5-1-24_Cart63,0.15,1.4195111405495002,1.4166284454274536,1.4233883583543436
e121eb07453db50c5719bb8b,5-1-24_train-ready_all_carts.csv,5-1-24_Cart63,0.2,1.7909828261220042,1.7889955798430424,1.8370577449604992
e121eb07453db50c5719bb8b,5-1-24_train-ready_all_carts.csv,5-1-24_Cart63,0.25,2.100941878614816,2.099764965769995,2.1039685627049107
e121eb07453db50c5719bb8b,5-1-24_train-ready_all_carts.csv,5-1-24_Cart63,0.3,2.5654151763284614,2.224012121940005,3.4804274735643905
e121eb07453db50c5719bb8b,5-1-24_train-ready_all_carts.csv,5-1-24_Cart63,0.35,2.909801302465549,2.9094092256546658,2.9114537325185075
e121eb07453db50c5719bb8b,5-1-24_train-ready_all_carts.csv,5-1-24_Cart63,0.4,3.0576638901447746,2.9812390622329055,3.437156276148535
e121eb07453db50c5719bb8b,5-1-24_train-ready_all_carts.csv,5-1-24_Cart63,0.45,3.4396000561697897,3.439549185444327,3.439727170945977
e121eb07453db50c5719bb8b,5-1-24_train-ready_all_carts.csv,5-1-24_Cart63,0.5,3.775392751951875,3.7749753018157293,3.7755498308261086
e121eb07453db50c5719bb8b,5-1-24_train-ready_all_carts.csv,5-1-24_Cart63,0.55,4.275819245073677,4.108106528094061,4.499644357437761
e121eb07453db50c5719bb8b,5-1-24_train-ready_all_carts.csv,5-1-24_Cart63,0.6,4.211835039186136,4.158599011101766,4.324627596881214
e121eb07453db50c5719bb8b,5-1-24_train-ready_all_carts.csv,5-1-24_Cart63,0.65,4.614074828417801,4.613283168262154,4.616267604835127
e121eb07453db50c5719bb8b,5-1-24_train-ready_all_carts.csv,5-1-24_Cart63,0.7,4.6302045706377,4.614757612813463,4.652307590663921
e121eb07453db50c5719bb8b,5-1-24_train-ready_all_carts.csv,5-1-24_Cart63,0.75,5.173807902183373,5.1733431794950295,5.1756342232649555
e121eb07453db50c5719bb8b,5-1-24_train-ready_all_carts.csv,5-1-24_Cart63,0.8,5.475611508859924,5.475405544459269,5.475921261948016
e121eb07453db50c5719bb8b,5-1-24_train-ready_all_carts.csv,5-1-24_Cart63,0.85,5.734902078042424,5.734158496926087,5.73583915402793
e121eb07453db50c5719bb8b,5-1-24_train-ready_all_carts.csv,5-1-24_Cart63,0.9,6.234357064382828,5.954102731274593,6.5796182290353435
e121eb07453db50c5719bb8b,5-1-24_train-ready_all_carts.csv,5-1-24_Cart63,0.95,6.404347176888953,6.362065166933469,6.450905429656815
e121eb07453db50c5719bb8b,5-1-24_train-ready_all_carts.csv,5-1-24_Cart63,1.0,5.0678888480228945,5.047704646946143,5.6145183673589
251c466c5349e1ed0ac57289,5-1-24_train-ready_all_carts.csv,5-1-24_Cart67,0.0,1.600164768061993,0.9716010472546666,6.511207296335352
251c466c5349e1ed0ac57289,5-1-24_train-ready_all_carts.csv,5-1-24_Cart67,0.05,0.6683817787106006,0.2960522655120861,0.7237852320583427
251c466c5349e1ed0ac57289,5-1-24_train-ready_all_carts.csv,5-1-24_Cart67,0.1,1.0199419903205642,0.9178148693231817,1.239005308407161
251c466c5349e1ed0ac57289,5-1-24_train-ready_all_carts.csv,5-1-24_Cart67,0.15,0.9204199362082341,0.9140703722913632,0.9284818554382352
251c466c5349e1ed0ac57289,5-1-24_train-ready_all_carts.csv,5-1-24_Cart67,0.2,0.9035287326641485,0.8909876636943397,0.9233559483934946
251c466c5349e1ed0ac57289,5-1-24_train-ready_all_carts.csv,5-1-24_Cart67,0.25,0.8247469364419685,0.656426781002222,0.9098510872214643
251c466c5349e1ed0ac57289,5-1-24_train-ready_all_carts.csv,5-1-24_Cart67,0.3,1.2731877542254217,1.2601914634985607,1.2782604654436165
251c466c5349e1ed0ac57289,5-1-24_train-ready_all_carts.csv,5-1-24_Cart67,0.35,1.3981368019804958,1.3976612496345622,1.3985484581899459
251c466c5349e1ed0ac57289,5-1-24_train-ready_all_carts.csv,5-1-24_Cart67,0.4,1.3109231615276211,1.309519739448542,1.314009436636717
251c466c5349e1ed0ac57289,5-1-24_train-ready_all_carts.csv,5-1-24_Cart67,0.45,1.1970474059420817,0.8924493260317925,2.30116958714572
251c466c5349e1ed0ac57289,5-1-24_train-ready_all_carts.csv,5-1-24_Cart67,0.5,2.180519006754082,2.171602744206363,2.188680897451212
251c466c5349e1ed0ac57289,5-1-24_train-ready_all_carts.csv,5-1-24_Cart67,0.55,2.681235424428996,2.6755856607820325,3.061704663396913
251c466c5349e1ed0ac57289,5-1-24_train-ready_all_carts.csv,5-1-24_Cart67,0.6,2.947948292697962,2.9422780456005477,2.9707989574309144
251c466c5349e1ed0ac57289,5-1-24_train-ready_all_carts.csv,5-1-24_Cart67,0.65,3.128933334979651,3.0709599729080796,3.707477692676609
251c466c5349e1ed0ac57289,5-1-24_train-ready_all_carts.csv,5-1-24_Cart67,0.7,3.3989296697837026,3.396089960387879,3.4040898178202426
251c466c5349e1ed0ac57289,5-1-24_train-ready_all_carts.csv,5-1-24_Cart67,0.75,3.7465888541136207,3.7436713381783946,3.7468413814281436
251c466c5349e1ed0ac57289,5-1-24_train-ready_all_carts.csv,5-1-24_Cart67,0.8,3.793523470730598,3.777946265246829,3.7965898738355244
251c466c5349e1ed0ac57289,5-1-24_train-ready_all_carts.csv,5-1-24_Cart67,0.85,4.006569698816238,3.674965106654869,4.438857175856577
251c466c5349e1ed0ac57289,5-1-24_train-ready_all_carts.csv,5-1-24_Cart67,0.9,4.135835557323212,4.12545197655993,4.149183123939162
251c466c5349e1ed0ac57289,5-1-24_train-ready_all_carts.csv,5-1-24_Cart67,0.95,5.1400871600336995,4.560763666911727,5.94942268123182
251c466c5349e1ed0ac57289,5-1-24_train-ready_all_carts.csv,5-1-24_Cart67,1.0,5.627889832229842,3.874679971451035,6.176081996481427
6048e9bbb01aca5173ba8ab4,5-1-24_train-ready_all_carts.csv,5-1-24_Cart69,0.0,0.606302250743296,0.6059088509439533,0.6085749416683289
6048e9bbb01aca5173ba8ab4,5-1-24_train-ready_all_carts.csv,5-1-24_Cart69,0.05,0.893622951251406,0.891467451755342,0.8962249323788519
6048e9bbb01aca5173ba8ab4,5-1-24_train-ready_all_carts.csv,5-1-24_Cart69,0.1,1.0927798140849099,1.0925755433103783,1.09356552804871
6048e9bbb01aca5173ba8ab4,5-1-24_train-ready_all_carts.csv,5-1-24_Cart69,0.15,1.5465237714646658,1.5323492652885555,1.643937504058165
6048e9bbb01aca5173ba8ab4,5-1-24_train-ready_all_carts.csv,5-1-24_Cart69,0.2,1.8511517775967232,1.3787822681484838,2.108972864189888
6048e9bbb01aca5173ba8ab4,5-1-24_train-ready_all_carts.csv,5-1-24_Cart69,0.25,2.1829880795096037,2.0293462307011034,2.5027912043502463
6048e9bbb01aca5173ba8ab4,5-1-24_train-ready_all_carts.csv,5-1-24_Cart69,0.3,2.4105782913843385,2.3509739649524075,3.0513592551505457
6048e9bbb01aca5173ba8ab4,5-1-24_train-ready_all_carts.csv,5-1-24_Cart69,0.35,2.408968123432926,1.7852032865866063,2.723300848362274
6048e9bbb01aca5173ba8ab4,5-1-24_train-ready_all_carts.csv,5-1-24_Cart69,0.4,2.830048184038216,1.7427988450636245,3.011556566200296
6048e9bbb01aca5173ba8ab4,5-1-24_train-ready_all_carts.csv,5-1-24_Cart69,0.45,2.512938805042193,2.5100209613017093,2.514453665678383
6048e9bbb01aca5173ba8ab4,5-1-24_train-ready_all_carts.csv,5-1-24_Cart69,0.5,3.501253951196632,3.441048640147492,4.090468000698595
6048e9bbb01aca5173ba8ab4,5-1-24_train-ready_all_carts.csv,5-1-24_Cart69,0.55,3.324850852792208,3.3238658391188793,3.326158414303922
6048e9bbb01aca5173ba8ab4,5-1-24_train-ready_all_carts.csv,5-1-24_Cart69,0.6,3.352076290176488,3.294233606331852,3.658759117453638
6048e9bbb01aca5173ba8ab4,5-1-24_train-ready_all_carts.csv,5-1-24_Cart69,0.65,3.6334842802654292,3.4507993555807257,3.782828443393821
6048e9bbb01aca5173ba8ab4,5-1-24_train-ready_all_carts.csv,5-1-24_Cart69,0.7,4.170024467890562,3.4142459718431444,4.681738185535249
6048e9bbb01aca5173ba8ab4,5-1-24_train-ready_all_carts.csv,5-1-24_Cart69,0.75,3.6361880825174104,3.607837241727488,3.67357871930652
6048e9bbb01aca5173ba8ab4,5-1-24_train-ready_all_carts.csv,5-1-24_Cart69,0.8,4.614281119143543,4.613088577791025,4.614951755809466
6048e9bbb01aca5173ba8ab4,5-1-24_train-ready_all_carts.csv,5-1-24_Cart69,0.85,5.155518106115946,5.148928645192288,5.1574168815309
6048e9bbb01aca5173ba8ab4,5-1-24_train-ready_all_carts.csv,5-1-24_Cart69,0.9,5.578925996470724,5.525395168698389,6.26489679804435
6048e9bbb01aca5173ba8ab4,5-1-24_train-ready_all_carts.csv,5-1-24_Cart69,0.95,5.838631573809293,5.837901684334086,5.839220559304083
6048e9bbb01aca5173ba8ab4,5-1-24_train-ready_all_carts.csv,5-1-24_Cart69,1.0,4.390411777992584,4.3900969438757524,4.390742325245916
6268d3303fb4100aceffb431,5-1-24_train-ready_all_carts.csv,5-1-24_Cart70,0.0,0.5808055501466003,0.5764451520662908,0.6397006455661581
6268d3303fb4100aceffb431,5-1-24_train-ready_all_carts.csv,5-1-24_Cart70,0.05,0.715852270410791,0.7152858959586432,0.7175204718655975
6268d3303fb4100aceffb431,5-1-24_train-ready_all_carts.csv,5-1-24_Cart70,0.1,1.2397852412773849,1.2168280718800133,1.9624594817727616
6268d3303fb4100aceffb431,5-1-24_train-ready_all_carts.csv,5-1-24_Cart70,0.15,1.532401304782402,1.5315482585338256,1.5348916305841485
6268d3303fb4100aceffb431,5-1-24_train-ready_all_carts.csv,5-1-24_Cart70,0.2,1.6353278997208727,1.6334657921745495,1.636439565510416
6268d3303fb4100aceffb431,5-1-24_train-ready_all_carts.csv,5-1-24_Cart70,0.25,1.5805949625387417,1.5015867513377423,1.5983464766468438
6268d3303fb4100aceffb431,5-1-24_train-ready_all_carts.csv,5-1-24_Cart70,0.3,1.9980523474834955,1.9971270915668906,1.9989096103550226
6268d3303fb4100aceffb431,5-1-24_train-ready_all_carts.csv,5-1-24_Cart70,0.35,2.2806633017542097,2.2790936638608716,2.2813285325888644
6268d3303fb4100aceffb431,5-1-24_train-ready_all_carts.csv,5-1-24_Cart70,0.4,2.554098415970892,2.466391370187141,2.709425921343016
6268d3303fb4100aceffb431,5-1-24_train-ready_all_carts.csv,5-1-24_Cart70,0.45,2.64052981618369,2.6319732340613107,2.6430011086179506
6268d3303fb4100aceffb431,5-1-24_train-ready_all_carts.csv,5-1-24_Cart70,0.5,2.9818326480734294,2.6502151648442442,3.1381604301121526
6268d3303fb4100aceffb431,5-1-24_train-ready_all_carts.csv,5-1-24_Cart70,0.55,3.6161380672386514,2.7860378608597496,4.171778520023889
6268d3303fb4100aceffb431,5-1-24_train-ready_all_carts.csv,5-1-24_Cart70,0.6,3.5890474360655995,3.5862231185876463,3.591300401133756
6268d3303fb4100aceffb431,5-1-24_train-ready_all_carts.csv,5-1-24_Cart70,0.65,3.7199314124502876,3.7186938336143043,3.9168744095190813
6268d3303fb4100aceffb431,5-1-24_train-ready_all_carts.csv,5-1-24_Cart70,0.7,3.8245036616236208,3.824133067317634,3.824691477037543
6268d3303fb4100aceffb431,5-1-24_train-ready_all_carts.csv,5-1-24_Cart70,0.75,3.958076906423429,3.452089180063832,4.307439403133667
6268d3303fb4100aceffb431,5-1-24_train-ready_all_carts.csv,5-1-24_Cart70,0.8,4.467891218110639,4.201165980856623,4.632551632741702
6268d3303fb4100aceffb431,5-1-24_train-ready_all_carts.csv,5-1-24_Cart70,0.85,4.542733932914377,4.542449545122045,4.543081687179381
6268d3303fb4100aceffb431,5-1-24_train-ready_all_carts.csv,5-1-24_Cart70,0.9,4.808316758169836,4.2678901738111765,5.041997258387812
6268d3303fb4100aceffb431,5-1-24_train-ready_all_carts.csv,5-1-24_Cart70,0.95,4.811267222951059,4.8039604595840615,4.8173969043085725
6268d3303fb4100aceffb431,5-1-24_train-ready_all_carts.csv,5-1-24_Cart70,1.0,4.806715612732784,4.803292534795855,4.80948189308096
45188f1699bd23a535613312,5-1-24_train-ready_all_carts.csv,5-1-24_Cart74,0.0,0.6331171956309561,0.6330614272815118,0.633187202707918
45188f1699bd23a535613312,5-1-24_train-ready_all_carts.csv,5-1-24_Cart74,0.05,0.7616501889330264,0.7614245644299026,1.0417639291457803
45188f1699bd23a535613312,5-1-24_train-ready_all_carts.csv,5-1-24_Cart74,0.1,1.0853083310160896,1.084802856189212,1.0856109039758401
45188f1699bd23a535613312,5-1-24_train-ready_all_carts.csv,5-1-24_Cart74,0.15,1.3833925319167784,1.3832300324389823,1.3838085400724196
45188f1699bd23a535613312,5-1-24_train-ready_all_carts.csv,5-1-24_Cart74,0.2,1.829177426479584,1.585199796865754,2.039750408056629
45188f1699bd23a535613312,5-1-24_train-ready_all_carts.csv,5-1-24_Cart74,0.25,1.8274770851018478,1.8272148552033969,1.82800071430631
45188f1699bd23a535613312,5-1-24_train-ready_all_carts.csv,5-1-24_Cart74,0.3,2.1029620523107297,2.0650870371137087,2.2745719425962787
45188f1699bd23a535613312,5-1-24_train-ready_all_carts.csv,5-1-24_Cart74,0.35,2.3327501966728805,1.7416658511877525,3.0431990408273526
45188f1699bd23a535613312,5-1-24_train-ready_all_carts.csv,5-1-24_Cart74,0.4,2.3473579445453905,2.3472600532937067,2.347507451184326
45188f1699bd23a535613312,5-1-24_train-ready_all_carts.csv,5-1-24_Cart74,0.45,2.5749996007342517,2.5747902321117104,2.5751450730670573
45188f1699bd23a535613312,5-1-24_train-ready_all_carts.csv,5-1-24_Cart74,0.5,2.9659594615508675,2.8027759315542173,3.2992501027996393
45188f1699bd23a535613312,5-1-24_train-ready_all_carts.csv,5-1-24_Cart74,0.55,2.55539643262429,2.5539777214112473,2.5559647951643707
45188f1699bd23a535613312,5-1-24_train-ready_all_carts.csv,5-1-24_Cart74,0.6,3.04708223846158,3.0450241490549623,3.9240638579650167
45188f1699bd23a535613312,5-1-24_train-ready_all_carts.csv,5-1-24_Cart74,0.65,3.472830870285761,3.4718592551167724,3.524022655393688
45188f1699bd23a535613312,5-1-24_train-ready_all_carts.csv,5-1-24_Cart74,0.7,3.638006042293946,3.6352081323367225,3.6395539106311805
45188f1699bd23a535613312,5-1-24_train-ready_all_carts.csv,5-1-24_Cart74,0.75,3.924334987068166,3.921652885428086,3.9279598704540097
45188f1699bd23a535613312,5-1-24_train-ready_all_carts.csv,5-1-24_Cart74,0.8,4.215611889654778,4.214744513836827,4.21680912932689
45188f1699bd23a535613312,5-1-24_train-ready_all_carts.csv,5-1-24_Cart74,0.85,4.239192408984678,4.236022215630898,4.253839016717705
45188f1699bd23a535613312,5-1-24_train-ready_all_carts.csv,5-1-24_Cart74,0.9,4.597584740286488,4.596752961287331,4.598663917176265
45188f1699bd23a535613312,5-1-24_train-ready_all_carts.csv,5-1-24_Cart74,0.95,4.8865051334689245,4.883890903096679,4.891790074499236
45188f1699bd23a535613312,5-1-24_train-ready_all_carts.csv,5-1-24_Cart74,1.0,5.2003717772623315,4.610660341750064,5.563661044269596
36cb1ef6be764f4ae492cc45,5-1-24_train-ready_all_carts.csv,5-1-24_Cart77,0.0,0.6062352921366267,0.5976175326249501,0.6079404054150428
36cb1ef6be764f4ae492cc45,5-1-24_train-ready_all_carts.csv,5-1-24_Cart77,0.05,0.9292799832087031,0.9289641375444855,0.9311668486371837
36cb1ef6be764f4ae492cc45,5-1-24_train-ready_all_carts.csv,5-1-24_Cart77,0.1,1.096544643051144,1.0950748213158346,1.0985475309171784
36cb1ef6be764f4ae492cc45,5-1-24_train-ready_all_carts.csv,5-1-24_Cart77,0.15,1.3911840520250918,1.3884798838712422,1.393233128337756
36cb1ef6be764f4ae492cc45,5-1-24_train-ready_all_carts.csv,5-1-24_Cart77,0.2,1.6261595044367465,1.6254656363532338,1.62673349083584
36cb1ef6be764f4ae492cc45,5-1-24_train-ready_all_carts.csv,5-1-24_Cart77,0.25,2.1497147356624478,2.1227982039866418,2.256603499782483
36cb1ef6be764f4ae492cc45,5-1-24_train-ready_all_carts.csv,5-1-24_Cart77,0.3,2.388287251185602,2.3133385942622304,2.4991710096496345
36cb1ef6be764f4ae492cc45,5-1-24_train-ready_all_carts.csv,5-1-24_Cart77,0.35,2.8494574505184116,2.6211047720197924,3.209784549092904
36cb1ef6be764f4ae492cc45,5-1-24_train-ready_all_carts.csv,5-1-24_Cart77,0.4,2.8586926895287927,2.8584163552015447,2.858864027838106
36cb1ef6be764f4ae492cc45,5-1-24_train-ready_all_carts.csv,5-1-24_Cart77,0.45,3.073994559023401,3.0732033521577993,3.0744884813644773
36cb1ef6be764f4ae492cc45,5-1-24_train-ready_all_carts.csv,5-1-24_Cart77,0.5,3.316673803276033,3.316183250118728,3.31718310134669
36cb1ef6be764f4ae492cc45,5-1-24_train-ready_all_carts.csv,5-1-24_Cart77,0.55,3.2893772889285535,3.2890664664110503,3.289600206378532
36cb1ef6be764f4ae492cc45,5-1-24_train-ready_all_carts.csv,5-1-24_Cart77,0.6,3.623749788423285,3.622603408330156,3.624844160570543
36cb1ef6be764f4ae492cc45,5-1-24_train-ready_all_carts.csv,5-1-24_Cart77,0.65,3.721481846143786,3.720993559528293,3.7217744750689175
36cb1ef6be764f4ae492cc45,5-1-24_train-ready_all_carts.csv,5-1-24_Cart77,0.7,3.9982878591194453,3.997722510082387,3.998508571285499
36cb1ef6be764f4ae492cc45,5-1-24_train-ready_all_carts.csv,5-1-24_Cart77,0.75,4.193883066438146,4.138899518714989,4.226757111376599
36cb1ef6be764f4ae492cc45,5-1-24_train-ready_all_carts.csv,5-1-24_Cart77,0.8,4.381312597449579,4.0879305678595985,4.544835931857162
36cb1ef6be764f4ae492cc45,5-1-24_train-ready_all_carts.csv,5-1-24_Cart77,0.85,4.4671569496622885,4.46698095575358,4.474207793688116
36cb1ef6be764f4ae492cc45,5-1-24_train-ready_all_carts.csv,5-1-24_Cart77,0.9,5.012769920758366,5.012040094295314,5.01349913464255
36cb1ef6be764f4ae492cc45,5-1-24_train-ready_all_carts.csv,5-1-24_Cart77,0.95,5.013518492134772,5.0128833091067895,5.0142206912908875
36cb1ef6be764f4ae492cc45,5-1-24_train-ready_all_carts.csv,5-1-24_Cart77,1.0,4.981535749448914,4.97063674623369,5.001922067878601
fe0384a5ee6b5b51acee35f2,5-1-24_train-ready_all_carts.csv,5-1-24_Cart8,0.0,1.7522302581162001,0.7224844424352559,3.7703674857370553
fe0384a5ee6b5b51acee35f2,5-1-24_train-ready_all_carts.csv,5-1-24_Cart8,0.05,0.666028175685053,0.6611040783891686,0.7904486668345792
fe0384a5ee6b5b51acee35f2,5-1-24_train-ready_all_carts.csv,5-1-24_Cart8,0.1,0.9924627282064908,0.9903987890579911,0.9976719270958516
fe0384a5ee6b5b51acee35f2,5-1-24_train-ready_all_carts.csv,5-1-24_Cart8,0.15,1.9913171767533973,1.153035760551148,2.8491640566251557
fe0384a5ee6b5b51acee35f2,5-1-24_train-ready_all_carts.csv,5-1-24_Cart8,0.2,1.5149706533342635,1.5126921543563099,1.5173909694746093
fe0384a5ee6b5b51acee35f2,5-1-24_train-ready_all_carts.csv,5-1-24_Cart8,0.25,1.732821679329879,1.4731304143560486,1.890571235244444
fe0384a5ee6b5b51acee35f2,5-1-24_train-ready_all_carts.csv,5-1-24_Cart8,0.3,1.7208555388150741,1.719295098561467,1.7227329655394967
fe0384a5ee6b5b51acee35f2,5-1-24_train-ready_all_carts.csv,5-1-24_Cart8,0.35,1.9799289143694714,1.9774117584954745,1.9831891854023955
fe0384a5ee6b5b51acee35f2,5-1-24_train-ready_all_carts.csv,5-1-24_Cart8,0.4,2.244279942541038,2.2424347392944215,2.2456925836906634
fe0384a5ee6b5b51acee35f2,5-1-24_train-ready_all_carts.csv,5-1-24_Cart8,0.45,2.365845410983601,2.3603626229166523,2.3698707497724163
fe0384a5ee6b5b51acee35f2,5-1-24_train-ready_all_carts.csv,5-1-24_Cart8,0.5,2.7027652913094657,2.693693959056534,3.2763940427571847
fe0384a5ee6b5b51acee35f2,5-1-24_train-ready_all_carts.csv,5-1-24_Cart8,0.55,2.9035305377245195,2.8989914855933807,2.9111996690089024
fe0384a5ee6b5b51acee35f2,5-1-24_train-ready_all_carts.csv,5-1-24_Cart8,0.6,3.165181791503386,3.159439635478476,3.529027406723542
fe0384a5ee6b5b51acee35f2,5-1-24_train-ready_all_carts.csv,5-1-24_Cart8,0.65,3.5846693957832714,3.5788877363705085,3.6877855969968194
fe0384a5ee6b5b51acee35f2,5-1-24_train-ready_all_carts.csv,5-1-24_Cart8,0.7,3.8276152310795997,3.8207579508490097,3.832713312582271
fe0384a5ee6b5b51acee35f2,5-1-24_train-ready_all_carts.csv,5-1-24_Cart8,0.75,4.054492216865528,4.032981098477432,4.428233938643577
fe0384a5ee6b5b51acee35f2,5-1-24_train-ready_all_carts.csv,5-1-24_Cart8,0.8,4.396904196771192,4.285588164474163,4.574406405980279
fe0384a5ee6b5b51acee35f2,5-1-24_train-ready_all_carts.csv,5-1-24_Cart8,0.85,4.672912110364085,4.565651382997228,4.962043839469522
fe0384a5ee6b5b51acee35f2,5-1-24_train-ready_all_carts.csv,5-1-24_Cart8,0.9,4.548549802061525,4.546283097666517,4.552242353024384
fe0384a5ee6b5b51acee35f2,5-1-24_train-ready_all_carts.csv,5-1-24_Cart8,0.95,4.712967416978865,4.687234176497035,5.048299091812804
fe0384a5ee6b5b51acee35f2,5-1-24_train-ready_all_carts.csv,5-1-24_Cart8,1.0,4.938001287554392,4.936799255895434,4.938767371111685
6dbb7e4541f345f980359eb2,5-1-24_train-ready_all_carts.csv,5-1-24_Cart80,0.0,0.9195046650486132,0.9131386153193308,0.9694032559161425
6dbb7e4541f345f980359eb2,5-1-24_train-ready_all_carts.csv,5-1-24_Cart80,0.05,1.116762359919099,1.115896433401137,1.1178708399561281
6dbb7e4541f345f980359eb2,5-1-24_train-ready_all_carts.csv,5-1-24_Cart80,0.1,1.2962794081229168,1.292469710433758,1.2971035804117081
6dbb7e4541f345f980359eb2,5-1-24_train-ready_all_carts.csv,5-1-24_Cart80,0.15,1.3940339651257474,1.392978151612525,1.394824159012083
6dbb7e4541f345f980359eb2,5-1-24_train-ready_all_carts.csv,5-1-24_Cart80,0.2,1.7103480616153943,1.521783806356229,1.9710808101129937
6dbb7e4541f345f980359eb2,5-1-24_train-ready_all_carts.csv,5-1-24_Cart80,0.25,1.8778602788593595,1.876841122814939,1.8787468537911214
6dbb7e4541f345f980359eb2,5-1-24_train-ready_all_carts.csv,5-1-24_Cart80,0.3,2.1613290219292365,1.9855156849361497,2.260711928526666
6dbb7e4541f345f980359eb2,5-1-24_train-ready_all_carts.csv,5-1-24_Cart80,0.35,2.2589920986177643,2.258206348060981,2.439576526060256
6dbb7e4541f345f980359eb2,5-1-24_train-ready_all_carts.csv,5-1-24_Cart80,0.4,2.8658868791835506,2.593194974540168,3.43105788045411
6dbb7e4541f345f980359eb2,5-1-24_train-ready_all_carts.csv,5-1-24_Cart80,0.45,2.7250398666973537,2.723924787009078,2.7265843811182005
6dbb7e4541f345f980359eb2,5-1-24_train-ready_all_carts.csv,5-1-24_Cart80,0.5,3.0034954885434124,2.9062198963290413,3.004439826759348
6dbb7e4541f345f980359eb2,5-1-24_train-ready_all_carts.csv,5-1-24_Cart80,0.55,3.659094388444255,3.3615429697612877,4.496201666962053
6dbb7e4541f345f980359eb2,5-1-24_train-ready_all_carts.csv,5-1-24_Cart80,0.6,3.5494983581856836,3.363355913561534,3.550591678627771
6dbb7e4541f345f980359eb2,5-1-24_train-ready_all_carts.csv,5-1-24_Cart80,0.65,4.19773178592348,3.874041043603827,4.3203968245695785
6dbb7e4541f345f980359eb2,5-1-24_train-ready_all_carts.csv,5-1-24_Cart80,0.7,3.9365920807133956,3.4280279871013053,4.2333522600207205
6dbb7e4541f345f980359eb2,5-1-24_train-ready_all_carts.csv,5-1-24_Cart80,0.75,4.325502340910843,4.321622334065834,4.3290571352385046
6dbb7e4541f345f980359eb2,5-1-24_train-ready_all_carts.csv,5-1-24_Cart80,0.8,4.648069770313935,4.6433596449597045,4.649725237287415
6dbb7e4541f345f980359eb2,5-1-24_train-ready_all_carts.csv,5-1-24_Cart80,0.85,4.689635811410069,4.610295849617996,5.00969145275472
6dbb7e4541f345f980359eb2,5-1-24_train-ready_all_carts.csv,5-1-24_Cart80,0.9,4.937265181059196,4.930855547494456,5.398031659907895
6dbb7e4541f345f980359eb2,5-1-24_train-ready_all_carts.csv,5-1-24_Cart80,0.95,5.131075374942082,5.129495379227902,5.131710575038754
6dbb7e4541f345f980359eb2,5-1-24_train-ready_all_carts.csv,5-1-24_Cart80,1.0,5.289992363226439,5.2827461421873965,5.2961496418098655
f5b926181f8b413d6cb8edc1,5-11-24_train-ready_all_carts.csv,5-11-24_Cart1,0.0,0.5260899801335646,0.5252413777451286,0.5270405766122677
f5b926181f8b413d6cb8edc1,5-11-24_train-ready_all_carts.csv,5-11-24_Cart1,0.05,0.856959964703483,0.8270814749569464,0.882397001881235
f5b926181f8b413d6cb8edc1,5-11-24_train-ready_all_carts.csv,5-11-24_Cart1,0.1,1.1550623974628702,1.028061783315953,1.4293465230482483
f5b926181f8b413d6cb8edc1,5-11-24_train-ready_all_carts.csv,5-11-24_Cart1,0.15,1.804617395569335,1.5730779819424456,2.943080169676839
f5b926181f8b413d6cb8edc1,5-11-24_train-ready_all_carts.csv,5-11-24_Cart1,0.2,1.9683025968892451,1.9049862836874032,2.166386735380794
f5b926181f8b413d6cb8edc1,5-11-24_train-ready_all_carts.csv,5-11-24_Cart1,0.25,2.63525842245265,2.225340244148044,3.5801190193383925
f5b926181f8b413d6cb8edc1,5-11-24_train-ready_all_carts.csv,5-11-24_Cart1,0.3,2.515231314729065,2.5136330413304018,2.518975624688787
f5b926181f8b413d6cb8edc1,5-11-24_train-ready_all_carts.csv,5-11-24_Cart1,0.35,3.0298929163513897,3.026343406436025,3.0503399865666934
f5b926181f8b413d6cb8edc1,5-11-24_train-ready_all_carts.csv,5-11-24_Cart1,0.4,3.465735334199225,3.04050400010855,3.550811638710342
f5b926181f8b413d6cb8edc1,5-11-24_train-ready_all_carts.csv,5-11-24_Cart1,0.45,3.85941287504706,3.8575666953326797,3.860900833024572
f5b926181f8b413d6cb8edc1,5-11-24_train-ready_all_carts.csv,5-11-24_Cart1,0.5,4.1586248185901,4.157874974218814,4.159530687915338
f5b926181f8b413d6cb8edc1,5-11-24_train-ready_all_carts.csv,5-11-24_Cart1,0.55,3.32231719652736,3.3203082885647097,3.613020925970388
f5b926181f8b413d6cb8edc1,5-11-24_train-ready_all_carts.csv,5-11-24_Cart1,0.6,2.933439445559215,2.8962042636598455,3.110930370461939
f5b926181f8b413d6cb8edc1,5-11-24_train-ready_all_carts.csv,5-11-24_Cart1,0.65,3.41945948859772,3.31061000857519,3.529164852173202
f5b926181f8b413d6cb8edc1,5-11-24_train-ready_all_carts.csv,5-11-24_Cart1,0.7,1.92162108640747,1.8539041182729543,1.9787633188204137
f5b926181f8b413d6cb8edc1,5-11-24_train-ready_all_carts.csv,5-11-24_Cart1,0.75,2.360282355090015,2.3595066799208,2.3605633733681937
f5b926181f8b413d6cb8edc1,5-11-24_train-ready_all_carts.csv,5-11-24_Cart1,0.8,2.84044741726396,2.821429015543677,2.8458165826515343
f5b926181f8b413d6cb8edc1,5-11-24_train-ready_all_carts.csv,5-11-24_Cart1,0.85,3.118666492187975,3.118079202703901,3.1189297698510114
f5b926181f8b413d6cb8edc1,5-11-24_train-ready_all_carts.csv,5-11-24_Cart1,0.9,3.2440516124042853,3.223334734592694,3.2501726447088446
f5b926181f8b413d6cb8edc1,5-11-24_train-ready_all_carts.csv,5-11-24_Cart1,0.95,4.93397753623554,3.9906701388728725,5.979480007121754
f5b926181f8b413d6cb8edc1,5-11-24_train-ready_all_carts.csv,5-11-24_Cart1,1.0,4.16887970315609,4.168549161401795,4.169096404481022
aaa1c132d07d67cba7f021a1,5-11-24_train-ready_all_carts.csv,5-11-24_Cart13,0.0,0.68301958279646,0.631943422932625,1.0283033773205952
aaa1c132d07d67cba7f021a1,5-11-24_train-ready_all_carts.csv,5-11-24_Cart13,0.05,0.888460313960445,0.8839549021640415,0.8893832576545525
aaa1c132d07d67cba7f021a1,5-11-24_train-ready_all_carts.csv,5-11-24_Cart13,0.1,2.131178357517415,0.6355067623669522,3.384963527403079
aaa1c132d07d67cba7f021a1,5-11-24_train-ready_all_carts.csv,5-11-24_Cart13,0.15,1.5076907626860652,1.5004229735524648,1.6696452870992162
aaa1c132d07d67cba7f021a1,5-11-24_train-ready_all_carts.csv,5-11-24_Cart13,0.2,1.686659510485695,1.6851303217431821,1.6882677721413986
aaa1c132d07d67cba7f021a1,5-11-24_train-ready_all_carts.csv,5-11-24_Cart13,0.25,2.028747538338135,1.5220492990263081,2.3763110165779087
aaa1c132d07d67cba7f021a1,5-11-24_train-ready_all_carts.csv,5-11-24_Cart13,0.3,1.85407779877475,1.8458413664545632,1.8629190225971386
aaa1c132d07d67cba7f021a1,5-11-24_train-ready_all_carts.csv,5-11-24_Cart13,0.35,2.8818140339217546,2.8607081942706225,3.1569978885054297
aaa1c132d07d67cba7f021a1,5-11-24_train-ready_all_carts.csv,5-11-24_Cart13,0.4,2.661273864849305,2.616298063954399,3.0622235948550403
aaa1c132d07d67cba7f021a1,5-11-24_train-ready_all_carts.csv,5-11-24_Cart13,0.45,3.6049148939815048,2.384095686739648,3.853375359850355
aaa1c132d07d67cba7f021a1,5-11-24_train-ready_all_carts.csv,5-11-24_Cart13,0.5,3.82809237727624,3.8277941095963426,3.828551697874925
aaa1c132d07d67cba7f021a1,5-11-24_train-ready_all_carts.csv,5-11-24_Cart13,0.55,4.1086023739817605,4.095349346738137,4.116607692456406
aaa1c132d07d67cba7f021a1,5-11-24_train-ready_all_carts.csv,5-11-24_Cart13,0.6,4.250289406049135,4.247489585361872,4.25479912034229
aaa1c132d07d67cba7f021a1,5-11-24_train-ready_all_carts.csv,5-11-24_Cart13,0.65,4.1477841653045004,3.4948547596581667,4.7979589264794305
aaa1c132d07d67cba7f021a1,5-11-24_train-ready_all_carts.csv,5-11-24_Cart13,0.7,4.6123968349822,4.6115955821758225,4.613552811202831
aaa1c132d07d67cba7f021a1,5-11-24_train-ready_all_carts.csv,5-11-24_Cart13,0.75,4.933209597838649,4.924012894757963,4.970751905333365
aaa1c132d07d67cba7f021a1,5-11-24_train-ready_all_carts.csv,5-11-24_Cart13,0.8,5.0283273353848,4.993259370512662,5.131870756966148
aaa1c132d07d67cba7f021a1,5-11-24_train-ready_all_carts.csv,5-11-24_Cart13,0.85,5.195159553846651,5.193477626469635,5.19690218131295
aaa1c132d07d67cba7f021a1,5-11-24_train-ready_all_carts.csv,5-11-24_Cart13,0.9,5.19165941460105,5.1900408618382805,5.192906324671813
aaa1c132d07d67cba7f021a1,5-11-24_train-ready_all_carts.csv,5-11-24_Cart13,0.95,5.22363161677995,5.22354818322816,5.223743481695368
aaa1c132d07d67cba7f021a1,5-11-24_train-ready_all_carts.csv,5-11-24_Cart13,1.0,4.92430808091995,4.922065840554325,4.925103752108913
9933aeaad6b469694d71ec6c,5-11-24_train-ready_all_carts.csv,5-11-24_Cart16,0.0,0.845145101459864,0.719350266155256,1.76478471188274
9933aeaad6b469694d71ec6c,5-11-24_train-ready_all_carts.csv,5-11-24_Cart16,0.05,1.012438869168405,1.0121570923930718,1.0129816121178716
9933aeaad6b469694d71ec6c,5-11-24_train-ready_all_carts.csv,5-11-24_Cart16,0.1,1.926568919237305,1.5500471578617618,2.221183303658497
9933aeaad6b469694d71ec6c,5-11-24_train-ready_all_carts.csv,5-11-24_Cart16,0.15,1.61303776007553,1.6126788543954462,1.6132171511630462
9933aeaad6b469694d71ec6c,5-11-24_train-ready_all_carts.csv,5-11-24_Cart16,0.2,1.763880654904685,1.5635045770518563,2.2433924760658868
9933aeaad6b469694d71ec6c,5-11-24_train-ready_all_carts.csv,5-11-24_Cart16,0.25,2.08060688975256,2.0804895599534974,2.0809780224327623
9933aeaad6b469694d71ec6c,5-11-24_train-ready_all_carts.csv,5-11-24_Cart16,0.3,2.243321090146035,2.2422604287624885,2.243853335166108
9933aeaad6b469694d71ec6c,5-11-24_train-ready_all_carts.csv,5-11-24_Cart16,0.35,2.438282459524545,2.411853922285222,2.4726142702763503
9933aeaad6b469694d71ec6c,5-11-24_train-ready_all_carts.csv,5-11-24_Cart16,0.4,2.5885671115202546,2.58763464838032,2.6894667248017328
9933aeaad6b469694d71ec6c,5-11-24_train-ready_all_carts.csv,5-11-24_Cart16,0.45,2.5295514576412197,2.346661657268259,2.8714848265201662
9933aeaad6b469694d71ec6c,5-11-24_train-ready_all_carts.csv,5-11-24_Cart16,0.5,3.02018145056179,2.928572813553095,3.0824477574001827
9933aeaad6b469694d71ec6c,5-11-24_train-ready_all_carts.csv,5-11-24_Cart16,0.55,3.48929809853596,3.2640307508216595,3.8668324160774317
9933aeaad6b469694d71ec6c,5-11-24_train-ready_all_carts.csv,5-11-24_Cart16,0.6,3.4664113774152447,3.465064554827036,3.467991686303593
9933aeaad6b469694d71ec6c,5-11-24_train-ready_all_carts.csv,5-11-24_Cart16,0.65,3.70591360861976,3.705452626014486,3.706124184732817
9933aeaad6b469694d71ec6c,5-11-24_train-ready_all_carts.csv,5-11-24_Cart16,0.7,3.67305385457854,3.67263640750397,3.6734236904556954
9933aeaad6b469694d71ec6c,5-11-24_train-ready_all_carts.csv,5-11-24_Cart16,0.75,3.83415631404801,3.833071322169295,3.83489240415583
9933aeaad6b469694d71ec6c,5-11-24_train-ready_all_carts.csv,5-11-24_Cart16,0.8,3.7587206635525,3.758650142168012,3.7591318118694304
9933aeaad6b469694d71ec6c,5-11-24_train-ready_all_carts.csv,5-11-24_Cart16,0.85,4.290710028168645,3.401348854455037,5.1046814335134165
9933aeaad6b469694d71ec6c,5-11-24_train-ready_all_carts.csv,5-11-24_Cart16,0.9,4.354916599368405,4.029958135302988,4.508294991155347
9933aeaad6b469694d71ec6c,5-11-24_train-ready_all_carts.csv,5-11-24_Cart16,0.95,4.06237388868354,4.049967929750641,4.411442514911292
9933aeaad6b469694d71ec6c,5-11-24_train-ready_all_carts.csv,5-11-24_Cart16,1.0,4.395007574183564,4.39388306068832,4.4024814823839895
d22629862efbc2d7e41ff77c,5-11-24_train-ready_all_carts.csv,5-11-24_Cart2,0.0,0.7015542094023759,0.700914180229004,0.7035236442716717
d22629862efbc2d7e41ff77c,5-11-24_train-ready_all_carts.csv,5-11-24_Cart2,0.05,1.1483201379106167,1.1471083929424322,1.2852966666646561
d22629862efbc2d7e41ff77c,5-11-24_train-ready_all_carts.csv,5-11-24_Cart2,0.1,1.3291121779996464,1.3288680572578093,1.330743137617292
d22629862efbc2d7e41ff77c,5-11-24_train-ready_all_carts.csv,5-11-24_Cart2,0.15,1.909641528284073,1.8222037331861762,2.1116627385347657
d22629862efbc2d7e41ff77c,5-11-24_train-ready_all_carts.csv,5-11-24_Cart2,0.2,2.1592059367357193,1.6745103276473785,2.32623850896267
d22629862efbc2d7e41ff77c,5-11-24_train-ready_all_carts.csv,5-11-24_Cart2,0.25,2.351230146953273,2.316964893504768,2.388923019711958
d22629862efbc2d7e41ff77c,5-11-24_train-ready_all_carts.csv,5-11-24_Cart2,0.3,2.5144224252307112,2.5142803286469344,2.5146094695204866
d22629862efbc2d7e41ff77c,5-11-24_train-ready_all_carts.csv,5-11-24_Cart2,0.35,2.7707028295415466,2.770164170525221,2.7708394562986682
d22629862efbc2d7e41ff77c,5-11-24_train-ready_all_carts.csv,5-11-24_Cart2,0.4,2.903151114734826,2.8888427022041228,2.9288287403336377
d22629862efbc2d7e41ff77c,5-11-24_train-ready_all_carts.csv,5-11-24_Cart2,0.45,3.158307826395709,3.152603272830752,3.387028568555655
d22629862efbc2d7e41ff77c,5-11-24_train-ready_all_carts.csv,5-11-24_Cart2,0.5,3.3564308933345397,3.3553054170454595,3.3581578127372134
d22629862efbc2d7e41ff77c,5-11-24_train-ready_all_carts.csv,5-11-24_Cart2,0.55,3.6114936666680717,3.611249308107685,3.611790523673427
d22629862efbc2d7e41ff77c,5-11-24_train-ready_all_carts.csv,5-11-24_Cart2,0.6,3.4448018884236364,3.3910284982070245,3.546703569929467
d22629862efbc2d7e41ff77c,5-11-24_train-ready_all_carts.csv,5-11-24_Cart2,0.65,3.8654505837429203,3.862986307925182,3.8666785598271596
d22629862efbc2d7e41ff77c,5-11-24_train-ready_all_carts.csv,5-11-24_Cart2,0.7,4.62202868313155,4.441940050859535,4.89359041566218
d22629862efbc2d7e41ff77c,5-11-24_train-ready_all_carts.csv,5-11-24_Cart2,0.75,4.57972076304126,4.579213020436468,4.580063519026814
d22629862efbc2d7e41ff77c,5-11-24_train-ready_all_carts.csv,5-11-24_Cart2,0.8,4.254522921052152,4.150850026438663,4.689274732038633
d22629862efbc2d7e41ff77c,5-11-24_train-ready_all_carts.csv,5-11-24_Cart2,0.85,5.190587436688912,5.189156839199856,5.190879775141813
d22629862efbc2d7e41ff77c,5-11-24_train-ready_all_carts.csv,5-11-24_Cart2,0.9,5.478318155178164,5.00844696541994,5.668434406621661
d22629862efbc2d7e41ff77c,5-11-24_train-ready_all_carts.csv,5-11-24_Cart2,0.95,5.679374713934385,5.679076132744541,5.855965332605343
d22629862efbc2d7e41ff77c,5-11-24_train-ready_all_carts.csv,5-11-24_Cart2,1.0,6.075933579205632,6.074513207914236,6.080022274630883
9536fb940f5fe0c6ec5db028,5-11-24_train-ready_all_carts.csv,5-11-24_Cart24,0.0,0.4490193208281519,0.34608505630158093,0.5059660085970646
9536fb940f5fe0c6ec5db028,5-11-24_train-ready_all_carts.csv,5-11-24_Cart24,0.05,1.241424024819672,1.2254669257387205,1.2477997635161922
9536fb940f5fe0c6ec5db028,5-11-24_train-ready_all_carts.csv,5-11-24_Cart24,0.1,1.8607935746174407,1.401920053416589,2.0179368343555626
9536fb940f5fe0c6ec5db028,5-11-24_train-ready_all_carts.csv,5-11-24_Cart24,0.15,1.6129765487520116,1.5940643895770812,1.6228587408477348
9536fb940f5fe0c6ec5db028,5-11-24_train-ready_all_carts.csv,5-11-24_Cart24,0.2,1.8121206042585993,1.4076712478971949,2.203105853592398
9536fb940f5fe0c6ec5db028,5-11-24_train-ready_all_carts.csv,5-11-24_Cart24,0.25,2.7901820941526054,2.7878369255497497,2.7920301408885986
9536fb940f5fe0c6ec5db028,5-11-24_train-ready_all_carts.csv,5-11-24_Cart24,0.3,3.6926389055212656,3.5617234032366922,3.921572964948079
9536fb940f5fe0c6ec5db028,5-11-24_train-ready_all_carts.csv,5-11-24_Cart24,0.35,3.80691776043437,3.5866458283378657,3.951567261665878
9536fb940f5fe0c6ec5db028,5-11-24_train-ready_all_carts.csv,5-11-24_Cart24,0.4,4.2380268478474985,4.231695912674859,4.280186851106485
9536fb940f5fe0c6ec5db028,5-11-24_train-ready_all_carts.csv,5-11-24_Cart24,0.45,4.769848621282293,4.768363173128251,4.772580396393104
9536fb940f5fe0c6ec5db028,5-11-24_train-ready_all_carts.csv,5-11-24_Cart24,0.5,4.2094653058311255,4.164345621234186,4.76416888701336
9536fb940f5fe0c6ec5db028,5-11-24_train-ready_all_carts.csv,5-11-24_Cart24,0.55,3.2553486225115407,3.189312116918311,3.381344303377515
9536fb940f5fe0c6ec5db028,5-11-24_train-ready_all_carts.csv,5-11-24_Cart24,0.6,3.5253036612713506,3.523172478807082,3.528076013158509
9536fb940f5fe0c6ec5db028,5-11-24_train-ready_all_carts.csv,5-11-24_Cart24,0.65,4.009679911831746,4.00220471156617,4.024978934499665
9536fb940f5fe0c6ec5db028,5-11-24_train-ready_all_carts.csv,5-11-24_Cart24,0.7,4.362614458217659,4.351121086317856,4.772364775912137
9536fb940f5fe0c6ec5db028,5-11-24_train-ready_all_carts.csv,5-11-24_Cart24,0.75,3.4860895883316636,3.11848045078048,3.520573423568898
9536fb940f5fe0c6ec5db028,5-11-24_train-ready_all_carts.csv,5-11-24_Cart24,0.8,2.6955852300323135,2.331123666836214,2.817291889281959
9536fb940f5fe0c6ec5db028,5-11-24_train-ready_all_carts.csv,5-11-24_Cart24,0.85,3.340987036120934,3.3392790356199678,3.343244908298013
9536fb940f5fe0c6ec5db028,5-11-24_train-ready_all_carts.csv,5-11-24_Cart24,0.9,3.97610713793673,3.7819067990614776,5.537356598797658
9536fb940f5fe0c6ec5db028,5-11-24_train-ready_all_carts.csv,5-11-24_Cart24,0.95,3.900255617355284,3.0315891164881568,4.222692884066616
9536fb940f5fe0c6ec5db028,5-11-24_train-ready_all_carts.csv,5-11-24_Cart24,1.0,4.505592365333643,4.333797057083775,4.623434368419568
871b1da22fa0a8fdbf069989,5-11-24_train-ready_all_carts.csv,5-11-24_Cart25,0.0,0.5747676974892891,0.5747608892158367,0.5748681195227132
871b1da22fa0a8fdbf069989,5-11-24_train-ready_all_carts.csv,5-11-24_Cart25,0.05,0.7347743785146341,0.6646198863783099,0.956151925764329
871b1da22fa0a8fdbf069989,5-11-24_train-ready_all_carts.csv,5-11-24_Cart25,0.1,0.8653761264987454,0.8592392849741547,0.8688185257217852
871b1da22fa0a8fdbf069989,5-11-24_train-ready_all_carts.csv,5-11-24_Cart25,0.15,1.0492022330249147,1.0469646258720247,1.648567701337883
871b1da22fa0a8fdbf069989,5-11-24_train-ready_all_carts.csv,5-11-24_Cart25,0.2,1.125860668790387,1.1242603160326483,1.1277802614903119
871b1da22fa0a8fdbf069989,5-11-24_train-ready_all_carts.csv,5-11-24_Cart25,0.25,1.3682733300297825,1.3679018706302153,1.3699344125867168
871b1da22fa0a8fdbf069989,5-11-24_train-ready_all_carts.csv,5-11-24_Cart25,0.3,1.4552694482054904,1.4550178825014213,1.4558130207579358
871b1da22fa0a8fdbf069989,5-11-24_train-ready_all_carts.csv,5-11-24_Cart25,0.35,1.775103071837035,1.774938515867689,1.775511704409653
871b1da22fa0a8fdbf069989,5-11-24_train-ready_all_carts.csv,5-11-24_Cart25,0.4,2.174958418319574,2.052639820065946,2.2091734646377152
871b1da22fa0a8fdbf069989,5-11-24_train-ready_all_carts.csv,5-11-24_Cart25,0.45,2.320636407036844,2.320294563626794,2.321130074944882
871b1da22fa0a8fdbf069989,5-11-24_train-ready_all_carts.csv,5-11-24_Cart25,0.5,2.513984564813642,2.512971970303055,2.828528500386287
871b1da22fa0a8fdbf069989,5-11-24_train-ready_all_carts.csv,5-11-24_Cart25,0.55,2.7916409344071123,2.356278603636091,3.126686964240864
871b1da22fa0a8fdbf069989,5-11-24_train-ready_all_carts.csv,5-11-24_Cart25,0.6,3.0895437475935488,2.987326576708349,3.47167627320375
871b1da22fa0a8fdbf069989,5-11-24_train-ready_all_carts.csv,5-11-24_Cart25,0.65,2.6579318904192917,2.657177737968961,2.6820251446783745
871b1da22fa0a8fdbf069989,5-11-24_train-ready_all_carts.csv,5-11-24_Cart25,0.7,3.4773430034464474,3.4754332827430283,3.4797791398532114
871b1da22fa0a8fdbf069989,5-11-24_train-ready_all_carts.csv,5-11-24_Cart25,0.75,3.617639732826881,3.6172334831499717,3.6181717313144564
871b1da22fa0a8fdbf069989,5-11-24_train-ready_all_carts.csv,5-11-24_Cart25,0.8,3.8398495234234065,3.829012386072697,3.8971330426805637
871b1da22fa0a8fdbf069989,5-11-24_train-ready_all_carts.csv,5-11-24_Cart25,0.85,3.863178753235653,3.42194680567305,4.266447768027262
871b1da22fa0a8fdbf069989,5-11-24_train-ready_all_carts.csv,5-11-24_Cart25,0.9,4.131936709426741,4.131566339350925,4.132292441714632
871b1da22fa0a8fdbf069989,5-11-24_train-ready_all_carts.csv,5-11-24_Cart25,0.95,4.506477533558291,4.422739174229592,4.5874610611999165
871b1da22fa0a8fdbf069989,5-11-24_train-ready_all_carts.csv,5-11-24_Cart25,1.0,4.589217119171513,4.589045891094183,4.589827140472854
7651bf0734da727d346aa577,5-11-24_train-ready_all_carts.csv,5-11-24_Cart26,0.0,0.4677850709802602,0.37366277778187096,0.6857917629665863
7651bf0734da727d346aa577,5-11-24_train-ready_all_carts.csv,5-11-24_Cart26,0.05,0.7531980273452854,0.7521625412945148,0.7560961407913628
7651bf0734da727d346aa577,5-11-24_train-ready_all_carts.csv,5-11-24_Cart26,0.1,1.1178591367855062,1.1170170769311407,1.1188939797970603
7651bf0734da727d346aa577,5-11-24_train-ready_all_carts.csv,5-11-24_Cart26,0.15,1.3699472287804495,1.364061555133241,1.419536676972155
7651bf0734da727d346aa577,5-11-24_train-ready_all_carts.csv,5-11-24_Cart26,0.2,1.8333663011327817,1.8099822443187263,2.240286211693488
7651bf0734da727d346aa577,5-11-24_train-ready_all_carts.csv,5-11-24_Cart26,0.25,2.21909337531451,1.5752149923628793,2.3354108101190625
7651bf0734da727d346aa577,5-11-24_train-ready_all_carts.csv,5-11-24_Cart26,0.3,2.2612394516602947,2.1998457968701954,2.607103238715786
7651bf0734da727d346aa577,5-11-24_train-ready_all_carts.csv,5-11-24_Cart26,0.35,2.480393647128954,2.479351666382093,2.4827670405741444
7651bf0734da727d346aa577,5-11-24_train-ready_all_carts.csv,5-11-24_Cart26,0.4,2.800409829827008,2.798170895882045,2.8023663409479633
7651bf0734da727d346aa577,5-11-24_train-ready_all_carts.csv,5-11-24_Cart26,0.45,2.9969251866299302,2.9964507522957944,2.997934243768891
7651bf0734da727d346aa577,5-11-24_train-ready_all_carts.csv,5-11-24_Cart26,0.5,3.1870448753828216,3.185669414498142,3.2281440838836977
7651bf0734da727d346aa577,5-11-24_train-ready_all_carts.csv,5-11-24_Cart26,0.55,3.5462761616766043,3.5447520301250077,3.5476275728945765
7651bf0734da727d346aa577,5-11-24_train-ready_all_carts.csv,5-11-24_Cart26,0.6,3.8205529648855423,3.819755210433213,3.8224932071143143
7651bf0734da727d346aa577,5-11-24_train-ready_all_carts.csv,5-11-24_Cart26,0.65,3.795249371705495,3.7937087783499486,3.7964098002760855
7651bf0734da727d346aa577,5-11-24_train-ready_all_carts.csv,5-11-24_Cart26,0.7,3.796490437393869,3.7949387194598714,3.797178489355817
7651bf0734da727d346aa577,5-11-24_train-ready_all_carts.csv,5-11-24_Cart26,0.75,3.98212171241368,3.661288869910322,4.352574033040165
7651bf0734da727d346aa577,5-11-24_train-ready_all_carts.csv,5-11-24_Cart26,0.8,3.9855851216352223,3.982153735766674,3.988838514248567
7651bf0734da727d346aa577,5-11-24_train-ready_all_carts.csv,5-11-24_Cart26,0.85,4.210822468094561,4.163698046436435,4.396981742615264
7651bf0734da727d346aa577,5-11-24_train-ready_all_carts.csv,5-11-24_Cart26,0.9,4.430767601799852,4.430051320416287,4.432366904635889
7651bf0734da727d346aa577,5-11-24_train-ready_all_carts.csv,5-11-24_Cart26,0.95,4.511141073504401,4.499877534279471,4.516756220553113
7651bf0734da727d346aa577,5-11-24_train-ready_all_carts.csv,5-11-24_Cart26,1.0,4.594556120704292,4.59311732045676,4.594775075557602
147aedd07f065b4b35537425,5-11-24_train-ready_all_carts.csv,5-11-24_Cart38,0.0,2.066011566479581,2.0647208603796194,2.0673421707588315
147aedd07f065b4b35537425,5-11-24_train-ready_all_carts.csv,5-11-24_Cart38,0.05,2.3307986831933674,2.3305773052957193,2.331228557576495
147aedd07f065b4b35537425,5-11-24_train-ready_all_carts.csv,5-11-24_Cart38,0.1,2.755576358903465,2.7548076919807842,2.759111679572763
147aedd07f065b4b35537425,5-11-24_train-ready_all_carts.csv,5-11-24_Cart38,0.15,3.1747546101375073,2.970914470171472,3.183992235588024
147aedd07f065b4b35537425,5-11-24_train-ready_all_carts.csv,5-11-24_Cart38,0.2,4.08386996359861,3.5937858650795738,4.2421361232861
147aedd07f065b4b35537425,5-11-24_train-ready_all_carts.csv,5-11-24_Cart38,0.25,3.931650429979592,3.8998522650559613,4.051709067227853
147aedd07f065b4b35537425,5-11-24_train-ready_all_carts.csv,5-11-24_Cart38,0.3,4.171973123102047,4.171809312577371,4.172241409859058
147aedd07f065b4b35537425,5-11-24_train-ready_all_carts.csv,5-11-24_Cart38,0.35,4.435562154489217,4.43482979490969,4.436052275123069
147aedd07f065b4b35537425,5-11-24_train-ready_all_carts.csv,5-11-24_Cart38,0.4,4.754403324502188,4.409716056949147,5.297142988138969
147aedd07f065b4b35537425,5-11-24_train-ready_all_carts.csv,5-11-24_Cart38,0.45,5.1652895941322345,5.164327136053013,5.165788321373332
147aedd07f065b4b35537425,5-11-24_train-ready_all_carts.csv,5-11-24_Cart38,0.5,5.535440962657363,5.528619513947119,5.5382760132827595
147aedd07f065b4b35537425,5-11-24_train-ready_all_carts.csv,5-11-24_Cart38,0.55,5.777838361102785,5.773870829157003,5.778930659256889
147aedd07f065b4b35537425,5-11-24_train-ready_all_carts.csv,5-11-24_Cart38,0.6,6.241882684920007,6.1182454659766226,6.94464944288585
147aedd07f065b4b35537425,5-11-24_train-ready_all_carts.csv,5-11-24_Cart38,0.65,6.52632820454291,6.524468322416706,6.52690074341569
147aedd07f065b4b35537425,5-11-24_train-ready_all_carts.csv,5-11-24_Cart38,0.7,5.75831333210729,5.753861835246745,5.880164309563958
147aedd07f065b4b35537425,5-11-24_train-ready_all_carts.csv,5-11-24_Cart38,0.75,7.69749821941057,7.610743105390472,7.865657246647283
147aedd07f065b4b35537425,5-11-24_train-ready_all_carts.csv,5-11-24_Cart38,0.8,7.747239849502726,7.745064885754948,7.747822248925532
147aedd07f065b4b35537425,5-11-24_train-ready_all_carts.csv,5-11-24_Cart38,0.85,8.096077610652284,8.071562345381059,8.149035318982037
147aedd07f065b4b35537425,5-11-24_train-ready_all_carts.csv,5-11-24_Cart38,0.9,8.111241198677627,8.110685189050551,8.1116630364275
147aedd07f065b4b35537425,5-11-24_train-ready_all_carts.csv,5-11-24_Cart38,0.95,8.551645281292808,8.551244304590965,8.552661430921871
147aedd07f065b4b35537425,5-11-24_train-ready_all_carts.csv,5-11-24_Cart38,1.0,9.11317681638197,9.109937654197783,9.13240574388975
eca0e5c33e54246c2a1e07aa,5-11-24_train-ready_all_carts.csv,5-11-24_Cart56,0.0,1.0398163631327777,1.0395819311053918,1.040209352921425
eca0e5c33e54246c2a1e07aa,5-11-24_train-ready_all_carts.csv,5-11-24_Cart56,0.05,1.0948803284034583,1.0383816261552148,1.3128656034350417
eca0e5c33e54246c2a1e07aa,5-11-24_train-ready_all_carts.csv,5-11-24_Cart56,0.1,0.958909752519539,0.956588453924716,0.9610197704656137
eca0e5c33e54246c2a1e07aa,5-11-24_train-ready_all_carts.csv,5-11-24_Cart56,0.15,1.2603627513199787,1.126318927847032,1.4548351100778394
eca0e5c33e54246c2a1e07aa,5-11-24_train-ready_all_carts.csv,5-11-24_Cart56,0.2,1.267612958971918,1.2671336540993285,1.268238305594348
eca0e5c33e54246c2a1e07aa,5-11-24_train-ready_all_carts.csv,5-11-24_Cart56,0.25,1.4250734616152274,1.424380865750087,1.4257407660583268
eca0e5c33e54246c2a1e07aa,5-11-24_train-ready_all_carts.csv,5-11-24_Cart56,0.3,1.8294171532651098,1.7826547406057003,3.0354038538283556
eca0e5c33e54246c2a1e07aa,5-11-24_train-ready_all_carts.csv,5-11-24_Cart56,0.35,1.9055611945585054,1.9052030291125157,1.9065208419004867
eca0e5c33e54246c2a1e07aa,5-11-24_train-ready_all_carts.csv,5-11-24_Cart56,0.4,2.122328136395482,2.12168301058402,2.122546745071642
eca0e5c33e54246c2a1e07aa,5-11-24_train-ready_all_carts.csv,5-11-24_Cart56,0.45,2.089825416581956,1.8061303682443608,2.6460330082761314
eca0e5c33e54246c2a1e07aa,5-11-24_train-ready_all_carts.csv,5-11-24_Cart56,0.5,2.577106814584422,2.5756055417119494,2.5775841091132077
eca0e5c33e54246c2a1e07aa,5-11-24_train-ready_all_carts.csv,5-11-24_Cart56,0.55,2.6334703698492423,2.6327213546580084,2.634197919756641
eca0e5c33e54246c2a1e07aa,5-11-24_train-ready_all_carts.csv,5-11-24_Cart56,0.6,2.8934013386373025,2.8926907793775323,3.189119475064898
eca0e5c33e54246c2a1e07aa,5-11-24_train-ready_all_carts.csv,5-11-24_Cart56,0.65,3.14634798395386,3.145790989020743,3.1472929752410166
eca0e5c33e54246c2a1e07aa,5-11-24_train-ready_all_carts.csv,5-11-24_Cart56,0.7,3.5082682333698787,2.6176103784861238,3.6297715321977733
eca0e5c33e54246c2a1e07aa,5-11-24_train-ready_all_carts.csv,5-11-24_Cart56,0.75,3.666508230610472,3.628534133161936,4.13367970559982
eca0e5c33e54246c2a1e07aa,5-11-24_train-ready_all_carts.csv,5-11-24_Cart56,0.8,3.5858078423615725,2.538798351566535,3.960487095399203
eca0e5c33e54246c2a1e07aa,5-11-24_train-ready_all_carts.csv,5-11-24_Cart56,0.85,4.518222159285093,4.228009316937965,4.972728922262185
eca0e5c33e54246c2a1e07aa,5-11-24_train-ready_all_carts.csv,5-11-24_Cart56,0.9,4.488356232343909,4.48812569130453,4.488976520681931
eca0e5c33e54246c2a1e07aa,5-11-24_train-ready_all_carts.csv,5-11-24_Cart56,0.95,4.695544858705112,4.687997055320483,4.793626420078235
eca0e5c33e54246c2a1e07aa,5-11-24_train-ready_all_carts.csv,5-11-24_Cart56,1.0,4.809155223512208,4.808605297207302,4.810894819400074
8307dc159ee18b338223dcf4,5-11-24_train-ready_all_carts.csv,5-11-24_Cart59,0.0,0.8867514618942453,0.886122168185182,0.886996317554575
8307dc159ee18b338223dcf4,5-11-24_train-ready_all_carts.csv,5-11-24_Cart59,0.05,0.9680036604413478,0.9670272288512086,0.9684394741927037
8307dc159ee18b338223dcf4,5-11-24_train-ready_all_carts.csv,5-11-24_Cart59,0.1,1.0534374658343226,1.050641360813512,1.1904772261425995
8307dc159ee18b338223dcf4,5-11-24_train-ready_all_carts.csv,5-11-24_Cart59,0.15,1.0587591910123653,1.0585753879849469,1.0589795317826312
8307dc159ee18b338223dcf4,5-11-24_train-ready_all_carts.csv,5-11-24_Cart59,0.2,1.1717611045956733,1.1706366452961514,1.1727681504743617
8307dc159ee18b338223dcf4,5-11-24_train-ready_all_carts.csv,5-11-24_Cart59,0.25,1.43327985240165,1.3706329305636238,2.1178947538342343
8307dc159ee18b338223dcf4,5-11-24_train-ready_all_carts.csv,5-11-24_Cart59,0.3,1.60887801589711,1.6085414346672577,1.6091633387204642
8307dc159ee18b338223dcf4,5-11-24_train-ready_all_carts.csv,5-11-24_Cart59,0.35,1.7994044571842716,1.7991970189877238,1.8873478718134555
8307dc159ee18b338223dcf4,5-11-24_train-ready_all_carts.csv,5-11-24_Cart59,0.4,2.03352634914199,2.032891425218941,2.0340029819447447
8307dc159ee18b338223dcf4,5-11-24_train-ready_all_carts.csv,5-11-24_Cart59,0.45,2.3499631425366743,2.320388273596759,3.1410700226312227
8307dc159ee18b338223dcf4,5-11-24_train-ready_all_carts.csv,5-11-24_Cart59,0.5,2.566577414920342,2.559788901702815,2.598122448218931
8307dc159ee18b338223dcf4,5-11-24_train-ready_all_carts.csv,5-11-24_Cart59,0.55,2.8140182818387567,2.812843443853672,2.814462658207216
8307dc159ee18b338223dcf4,5-11-24_train-ready_all_carts.csv,5-11-24_Cart59,0.6,3.130487918148359,3.1296382836690304,3.131034166201129
8307dc159ee18b338223dcf4,5-11-24_train-ready_all_carts.csv,5-11-24_Cart59,0.65,3.323120997835293,3.3229502733257785,3.3235869566906993
8307dc159ee18b338223dcf4,5-11-24_train-ready_all_carts.csv,5-11-24_Cart59,0.7,3.4922362045180915,3.491824788360675,3.492668382089582
8307dc159ee18b338223dcf4,5-11-24_train-ready_all_carts.csv,5-11-24_Cart59,0.75,3.7961504636388534,3.7824508041054155,3.799817023201129
8307dc159ee18b338223dcf4,5-11-24_train-ready_all_carts.csv,5-11-24_Cart59,0.8,4.0163070789887305,4.015456682084592,4.016880011909871
8307dc159ee18b338223dcf4,5-11-24_train-ready_all_carts.csv,5-11-24_Cart59,0.85,4.219264563572541,4.210869386686813,4.2294067489396845
8307dc159ee18b338223dcf4,5-11-24_train-ready_all_carts.csv,5-11-24_Cart59,0.9,4.362799831378823,4.331594780897704,4.387557289828881
8307dc159ee18b338223dcf4,5-11-24_train-ready_all_carts.csv,5-11-24_Cart59,0.95,4.68173385926856,4.658459668963507,4.9866826702092535
8307dc159ee18b338223dcf4,5-11-24_train-ready_all_carts.csv,5-11-24_Cart59,1.0,5.802540557467001,4.371185038093951,7.409181939403474
64872dfc82ceee8fb84e7a8c,5-11-24_train-ready_all_carts.csv,5-11-24_Cart6,0.0,0.6297111852380985,0.6078410960663894,0.6332261071946128
64872dfc82ceee8fb84e7a8c,5-11-24_train-ready_all_carts.csv,5-11-24_Cart6,0.05,0.8610821510761688,0.8137373250036971,0.8873155250625934
64872dfc82ceee8fb84e7a8c,5-11-24_train-ready_all_carts.csv,5-11-24_Cart6,0.1,1.0546036059033868,1.0345459773369623,1.134405594422516
64872dfc82ceee8fb84e7a8c,5-11-24_train-ready_all_carts.csv,5-11-24_Cart6,0.15,1.2763205329239853,1.269430842939201,1.3533812855151253
64872dfc82ceee8fb84e7a8c,5-11-24_train-ready_all_carts.csv,5-11-24_Cart6,0.2,1.4153954803592086,1.4138060848390712,1.4169325169158773
64872dfc82ceee8fb84e7a8c,5-11-24_train-ready_all_carts.csv,5-11-24_Cart6,0.25,1.3961669065733504,1.386024941276351,1.5537264421323869
64872dfc82ceee8fb84e7a8c,5-11-24_train-ready_all_carts.csv,5-11-24_Cart6,0.3,1.814789880853645,1.814199791928043,1.8160699496123789
64872dfc82ceee8fb84e7a8c,5-11-24_train-ready_all_carts.csv,5-11-24_Cart6,0.35,2.273552076998442,2.0976469146861003,2.950907493933285
64872dfc82ceee8fb84e7a8c,5-11-24_train-ready_all_carts.csv,5-11-24_Cart6,0.4,2.225878161779222,2.22472819539067,2.2261359246156482
64872dfc82ceee8fb84e7a8c,5-11-24_train-ready_all_carts.csv,5-11-24_Cart6,0.45,2.5084723218135236,2.4649928025181764,2.7111859548834922
64872dfc82ceee8fb84e7a8c,5-11-24_train-ready_all_carts.csv,5-11-24_Cart6,0.5,2.6907655616113857,2.648634200442667,2.718228121893129
64872dfc82ceee8fb84e7a8c,5-11-24_train-ready_all_carts.csv,5-11-24_Cart6,0.55,2.894200010650238,2.8936479699952695,2.8953176076145195
64872dfc82ceee8fb84e7a8c,5-11-24_train-ready_all_carts.csv,5-11-24_Cart6,0.6,3.2032610020449566,3.185483941389537,3.2992622405459486
64872dfc82ceee8fb84e7a8c,5-11-24_train-ready_all_carts.csv,5-11-24_Cart6,0.65,3.2339665243308793,3.2332680262282034,3.2376819663524787
64872dfc82ceee8fb84e7a8c,5-11-24_train-ready_all_carts.csv,5-11-24_Cart6,0.7,3.597548983889587,3.4337696350627716,3.839313715072401
64872dfc82ceee8fb84e7a8c,5-11-24_train-ready_all_carts.csv,5-11-24_Cart6,0.75,3.694700415932985,3.6937505153018098,3.695946865921248
64872dfc82ceee8fb84e7a8c,5-11-24_train-ready_all_carts.csv,5-11-24_Cart6,0.8,3.9133166928392664,3.909545938854089,3.9173382246798436
64872dfc82ceee8fb84e7a8c,5-11-24_train-ready_all_carts.csv,5-11-24_Cart6,0.85,4.2811912244792945,4.120358969761135,4.401339542389793
64872dfc82ceee8fb84e7a8c,5-11-24_train-ready_all_carts.csv,5-11-24_Cart6,0.9,4.071051193654753,4.063712590864957,4.072645813713546
64872dfc82ceee8fb84e7a8c,5-11-24_train-ready_all_carts.csv,5-11-24_Cart6,0.95,4.341826538637925,4.324221944546556,4.36777489132538
64872dfc82ceee8fb84e7a8c,5-11-24_train-ready_all_carts.csv,5-11-24_Cart6,1.0,4.564929104171149,4.554064051366721,4.569603362612713
1bf451f3566deeddf47a1c47,5-11-24_train-ready_all_carts.csv,5-11-24_Cart60,0.0,0.6670995189212887,0.5350368361769475,0.916649644505784
1bf451f3566deeddf47a1c47,5-11-24_train-ready_all_carts.csv,5-11-24_Cart60,0.05,1.1751860082266945,1.174980813638466,1.1759848059438536
1bf451f3566deeddf47a1c47,5-11-24_train-ready_all_carts.csv,5-11-24_Cart60,0.1,1.3330472812810914,1.3308625068578075,1.3335361457359196
1bf451f3566deeddf47a1c47,5-11-24_train-ready_all_carts.csv,5-11-24_Cart60,0.15,1.6449569113765774,1.6438466688347442,1.6461646496896132
1bf451f3566deeddf47a1c47,5-11-24_train-ready_all_carts.csv,5-11-24_Cart60,0.2,1.8852373808851142,1.7461720706723303,2.4466539310747564
1bf451f3566deeddf47a1c47,5-11-24_train-ready_all_carts.csv,5-11-24_Cart60,0.25,1.862804536061533,1.8613024209819593,1.8651745398537483
1bf451f3566deeddf47a1c47,5-11-24_train-ready_all_carts.csv,5-11-24_Cart60,0.3,2.060991773189271,2.060551152765929,2.0616382810002487
1bf451f3566deeddf47a1c47,5-11-24_train-ready_all_carts.csv,5-11-24_Cart60,0.35,2.3095278923678486,2.3087336293377225,2.3106337891679423
1bf451f3566deeddf47a1c47,5-11-24_train-ready_all_carts.csv,5-11-24_Cart60,0.4,2.5352633532190825,2.535016338739331,2.5357417627010297
1bf451f3566deeddf47a1c47,5-11-24_train-ready_all_carts.csv,5-11-24_Cart60,0.45,2.669613533644351,2.6692762033145314,2.66998871601454
1bf451f3566deeddf47a1c47,5-11-24_train-ready_all_carts.csv,5-11-24_Cart60,0.5,3.271459715891442,3.1076869744358397,3.443241848318505
1bf451f3566deeddf47a1c47,5-11-24_train-ready_all_carts.csv,5-11-24_Cart60,0.55,3.0124446907615274,2.9074736139491972,3.2626003860101767
1bf451f3566deeddf47a1c47,5-11-24_train-ready_all_carts.csv,5-11-24_Cart60,0.6,3.4768747402951488,3.4574347889131327,3.651887522324171
1bf451f3566deeddf47a1c47,5-11-24_train-ready_all_carts.csv,5-11-24_Cart60,0.65,4.173765443476519,3.934670479718204,4.392573162177113
1bf451f3566deeddf47a1c47,5-11-24_train-ready_all_carts.csv,5-11-24_Cart60,0.7,4.3781916541800445,4.362354385681958,4.45339049520641
1bf451f3566deeddf47a1c47,5-11-24_train-ready_all_carts.csv,5-11-24_Cart60,0.75,3.751882095026962,3.5422894901944044,3.9155124976951496
1bf451f3566deeddf47a1c47,5-11-24_train-ready_all_carts.csv,5-11-24_Cart60,0.8,3.681539022067891,3.6812581233989228,3.682119210081016
1bf451f3566deeddf47a1c47,5-11-24_train-ready_all_carts.csv,5-11-24_Cart60,0.85,3.3703373070036164,3.3681547999238477,3.37188250161
1bf451f3566deeddf47a1c47,5-11-24_train-ready_all_carts.csv,5-11-24_Cart60,0.9,5.334380800430871,5.333833111008148,5.334539451495251
1bf451f3566deeddf47a1c47,5-11-24_train-ready_all_carts.csv,5-11-24_Cart60,0.95,5.532093155055466,5.531117504544033,5.534643664584288
1bf451f3566deeddf47a1c47,5-11-24_train-ready_all_carts.csv,5-11-24_Cart60,1.0,5.617150027800279,5.4468977224291,5.752625377445529
b4419ea41a587c31b6de0d60,5-11-24_train-ready_all_carts.csv,5-11-24_Cart61,0.0,0.7058839497962341,0.35812314969584447,1.465025075366462
b4419ea41a587c31b6de0d60,5-11-24_train-ready_all_carts.csv,5-11-24_Cart61,0.05,1.9272077148343705,1.8153722510010162,2.7142086364955142
b4419ea41a587c31b6de0d60,5-11-24_train-ready_all_carts.csv,5-11-24_Cart61,0.1,2.0595997904075043,1.8701079518746653,2.8094291048138635
b4419ea41a587c31b6de0d60,5-11-24_train-ready_all_carts.csv,5-11-24_Cart61,0.15,2.328570017857577,2.3271031968734692,2.3300317560083577
b4419ea41a587c31b6de0d60,5-11-24_train-ready_all_carts.csv,5-11-24_Cart61,0.2,3.3210089574146977,2.7115805696260877,6.029740633770382
b4419ea41a587c31b6de0d60,5-11-24_train-ready_all_carts.csv,5-11-24_Cart61,0.25,3.0302793625340287,3.0271152382784297,3.0317645785339837
b4419ea41a587c31b6de0d60,5-11-24_train-ready_all_carts.csv,5-11-24_Cart61,0.3,3.1476504554292655,3.142526233317218,3.150737611065922
b4419ea41a587c31b6de0d60,5-11-24_train-ready_all_carts.csv,5-11-24_Cart61,0.35,3.3935046830299607,3.219175601918871,3.714281810179112
b4419ea41a587c31b6de0d60,5-11-24_train-ready_all_carts.csv,5-11-24_Cart61,0.4,4.110798962843856,4.109721886258026,4.111003062805879
b4419ea41a587c31b6de0d60,5-11-24_train-ready_all_carts.csv,5-11-24_Cart61,0.45,4.527913208385228,4.524650150409527,4.532448426930621
b4419ea41a587c31b6de0d60,5-11-24_train-ready_all_carts.csv,5-11-24_Cart61,0.5,5.010114344869446,4.58747675378006,5.816971778489576
b4419ea41a587c31b6de0d60,5-11-24_train-ready_all_carts.csv,5-11-24_Cart61,0.55,1.3529588872060412,1.1279038556166199,1.7942432759227338
b4419ea41a587c31b6de0d60,5-11-24_train-ready_all_carts.csv,5-11-24_Cart61,0.6,1.3107314340494352,1.1031465241722618,2.129865301880972
b4419ea41a587c31b6de0d60,5-11-24_train-ready_all_carts.csv,5-11-24_Cart61,0.65,2.0082668044061913,2.0078773020475955,2.0085522297014364
b4419ea41a587c31b6de0d60,5-11-24_train-ready_all_carts.csv,5-11-24_Cart61,0.7,2.645936079765355,2.56884396007502,3.079920188607098
b4419ea41a587c31b6de0d60,5-11-24_train-ready_all_carts.csv,5-11-24_Cart61,0.75,3.019684075445327,3.016985514518457,3.036184767720407
b4419ea41a587c31b6de0d60,5-11-24_train-ready_all_carts.csv,5-11-24_Cart61,0.8,3.432009565874192,3.429425610736849,3.433382535971524
b4419ea41a587c31b6de0d60,5-11-24_train-ready_all_carts.csv,5-11-24_Cart61,0.85,3.7526843102377683,3.751858107782547,3.7536475071531177
b4419ea41a587c31b6de0d60,5-11-24_train-ready_all_carts.csv,5-11-24_Cart61,0.9,4.249112539242235,3.978397205683434,4.588004460797197
b4419ea41a587c31b6de0d60,5-11-24_train-ready_all_carts.csv,5-11-24_Cart61,0.95,4.451582364005362,4.4497282190198,4.452322279313876
b4419ea41a587c31b6de0d60,5-11-24_train-ready_all_carts.csv,5-11-24_Cart61,1.0,4.7861937532705365,4.785109718043844,4.787675943774464
b3056d1e29e3cd3624d65822,5-11-24_train-ready_all_carts.csv,5-11-24_Cart62,0.0,0.5689539496846363,0.5684707133683582,0.5697029503966495
b3056d1e29e3cd3624d65822,5-11-24_train-ready_all_carts.csv,5-11-24_Cart62,0.05,0.8631193058628952,0.7357356580640972,1.0857769035487193
b3056d1e29e3cd3624d65822,5-11-24_train-ready_all_carts.csv,5-11-24_Cart62,0.1,1.0200156380398069,1.019860603616221,1.0203872096908668
b3056d1e29e3cd3624d65822,5-11-24_train-ready_all_carts.csv,5-11-24_Cart62,0.15,1.2021374667423084,0.6941258021196289,1.343352328687658
b3056d1e29e3cd3624d65822,5-11-24_train-ready_all_carts.csv,5-11-24_Cart62,0.2,1.3010790899162252,1.3000796537747954,1.3026300572807878
b3056d1e29e3cd3624d65822,5-11-24_train-ready_all_carts.csv,5-11-24_Cart62,0.25,1.699103801064756,1.4339307544770847,1.8733087794792862
b3056d1e29e3cd3624d65822,5-11-24_train-ready_all_carts.csv,5-11-24_Cart62,0.3,1.5837776315333483,1.400752266198217,1.5926027542321608
b3056d1e29e3cd3624d65822,5-11-24_train-ready_all_carts.csv,5-11-24_Cart62,0.35,1.6547607156501476,1.0510259499647192,2.271042863396466
b3056d1e29e3cd3624d65822,5-11-24_train-ready_all_carts.csv,5-11-24_Cart62,0.4,1.9390955932653977,1.9386180897332714,1.9400758370424946
b3056d1e29e3cd3624d65822,5-11-24_train-ready_all_carts.csv,5-11-24_Cart62,0.45,2.107381472043137,2.0813900257045606,2.7390672992411367
b3056d1e29e3cd3624d65822,5-11-24_train-ready_all_carts.csv,5-11-24_Cart62,0.5,2.1584717951529955,2.1577745141240903,2.1588300941624876
b3056d1e29e3cd3624d65822,5-11-24_train-ready_all_carts.csv,5-11-24_Cart62,0.55,2.5628436953635676,2.5363033972553244,2.646616558610287
b3056d1e29e3cd3624d65822,5-11-24_train-ready_all_carts.csv,5-11-24_Cart62,0.6,2.8011131598038057,2.799687316684646,2.9851211991180118
b3056d1e29e3cd3624d65822,5-11-24_train-ready_all_carts.csv,5-11-24_Cart62,0.65,3.016006573736137,3.01523327100435,3.0172998773782225
b3056d1e29e3cd3624d65822,5-11-24_train-ready_all_carts.csv,5-11-24_Cart62,0.7,3.187253560154053,3.16175426087234,3.330518764813888
b3056d1e29e3cd3624d65822,5-11-24_train-ready_all_carts.csv,5-11-24_Cart62,0.75,3.359093765105944,3.3585348186511377,3.3593704342541426
b3056d1e29e3cd3624d65822,5-11-24_train-ready_all_carts.csv,5-11-24_Cart62,0.8,3.5684425797574915,3.567554995219894,3.5693996431464945
b3056d1e29e3cd3624d65822,5-11-24_train-ready_all_carts.csv,5-11-24_Cart62,0.85,3.718748702674615,3.687532384397462,3.8450756488033346
b3056d1e29e3cd3624d65822,5-11-24_train-ready_all_carts.csv,5-11-24_Cart62,0.9,3.960351905724899,3.9601727562201527,3.9607763186907494
b3056d1e29e3cd3624d65822,5-11-24_train-ready_all_carts.csv,5-11-24_Cart62,0.95,4.011049657746097,4.010684940510869,4.012157082093346
b3056d1e29e3cd3624d65822,5-11-24_train-ready_all_carts.csv,5-11-24_Cart62,1.0,3.4482111410039735,3.44572267649197,3.448959830151633
1141454a48e32847fa0d875c,5-11-24_train-ready_all_carts.csv,5-11-24_Cart63,0.0,0.9109334476312018,0.8843403106145172,0.9273609697074692
1141454a48e32847fa0d875c,5-11-24_train-ready_all_carts.csv,5-11-24_Cart63,0.05,0.7705953846975597,0.768728367035606,0.7718020134905479
1141454a48e32847fa0d875c,5-11-24_train-ready_all_carts.csv,5-11-24_Cart63,0.1,0.8582078018131511,0.856758296324813,0.8587386874633315
1141454a48e32847fa0d875c,5-11-24_train-ready_all_carts.csv,5-11-24_Cart63,0.15,0.9322867448315462,0.9316601663837732,0.9370580466551327
1141454a48e32847fa0d875c,5-11-24_train-ready_all_carts.csv,5-11-24_Cart63,0.2,0.9865230030459609,0.9858692832050288,0.9880415252197591
1141454a48e32847fa0d875c,5-11-24_train-ready_all_carts.csv,5-11-24_Cart63,0.25,1.046727265881738,1.0458277225656278,1.0481828200234085
1141454a48e32847fa0d875c,5-11-24_train-ready_all_carts.csv,5-11-24_Cart63,0.3,1.5623858190314326,1.2465905915411697,2.1299295653733163
1141454a48e32847fa0d875c,5-11-24_train-ready_all_carts.csv,5-11-24_Cart63,0.35,1.6247365783318581,1.6244245298573732,1.62528514466101
1141454a48e32847fa0d875c,5-11-24_train-ready_all_carts.csv,5-11-24_Cart63,0.4,2.0347949499172686,2.0338722976435557,2.035245031762674
1141454a48e32847fa0d875c,5-11-24_train-ready_all_carts.csv,5-11-24_Cart63,0.45,2.5129704636467185,2.5120267186331793,2.5148829237555033
1141454a48e32847fa0d875c,5-11-24_train-ready_all_carts.csv,5-11-24_Cart63,0.5,2.67663461532914,2.676162975462883,2.676787227505528
1141454a48e32847fa0d875c,5-11-24_train-ready_all_carts.csv,5-11-24_Cart63,0.55,3.144183110434479,3.142913823796713,3.151343940511738
1141454a48e32847fa0d875c,5-11-24_train-ready_all_carts.csv,5-11-24_Cart63,0.6,3.3319829398501772,3.3287405514766273,3.3326085877358995
1141454a48e32847fa0d875c,5-11-24_train-ready_all_carts.csv,5-11-24_Cart63,0.65,4.056121513065585,3.709505915347622,5.301247347922912
1141454a48e32847fa0d875c,5-11-24_train-ready_all_carts.csv,5-11-24_Cart63,0.7,4.262718695914476,4.262146710440369,4.263463145555393
1141454a48e32847fa0d875c,5-11-24_train-ready_all_carts.csv,5-11-24_Cart63,0.75,4.595180599928151,4.476306415985264,5.787088211455019
1141454a48e32847fa0d875c,5-11-24_train-ready_all_carts.csv,5-11-24_Cart63,0.8,4.584426404490382,4.584031225805995,4.584845467600749
1141454a48e32847fa0d875c,5-11-24_train-ready_all_carts.csv,5-11-24_Cart63,0.85,5.561746096835154,5.561324242038632,5.562220993668589
1141454a48e32847fa0d875c,5-11-24_train-ready_all_carts.csv,5-11-24_Cart63,0.9,5.6478013734518235,5.544432834779868,5.928890048495119
1141454a48e32847fa0d875c,5-11-24_train-ready_all_carts.csv,5-11-24_Cart63,0.95,5.763318244607843,5.763277610064943,5.763665189159246
1141454a48e32847fa0d875c,5-11-24_train-ready_all_carts.csv,5-11-24_Cart63,1.0,4.885795128501696,4.8855795482931805,4.894105047618449
b97e68a7f1aae3806fcf1f22,5-11-24_train-ready_all_carts.csv,5-11-24_Cart67,0.0,0.5548819747738059,0.554707504396799,0.5549458352095231
b97e68a7f1aae3806fcf1f22,5-11-24_train-ready_all_carts.csv,5-11-24_Cart67,0.05,0.546704172374128,0.5465678960376217,0.5472173780575272
b97e68a7f1aae3806fcf1f22,5-11-24_train-ready_all_carts.csv,5-11-24_Cart67,0.1,0.6898236587289176,0.686985199859838,0.7114034749431867
b97e68a7f1aae3806fcf1f22,5-11-24_train-ready_all_carts.csv,5-11-24_Cart67,0.15,0.9846132076734612,0.9814830074454213,0.9866027810759893
b97e68a7f1aae3806fcf1f22,5-11-24_train-ready_all_carts.csv,5-11-24_Cart67,0.2,1.1057475932114207,1.1051974768072816,1.1068301650953718
b97e68a7f1aae3806fcf1f22,5-11-24_train-ready_all_carts.csv,5-11-24_Cart67,0.25,1.375242298565509,1.355573467696034,1.426171637709784
b97e68a7f1aae3806fcf1f22,5-11-24_train-ready_all_carts.csv,5-11-24_Cart67,0.3,1.163566648378297,1.1499040595417938,1.2296672715140835
b97e68a7f1aae3806fcf1f22,5-11-24_train-ready_all_carts.csv,5-11-24_Cart67,0.35,1.6211312535762434,1.6200362762679381,1.622599310272159
b97e68a7f1aae3806fcf1f22,5-11-24_train-ready_all_carts.csv,5-11-24_Cart67,0.4,1.9740209658257484,1.9738092791756776,1.9743559733937872
b97e68a7f1aae3806fcf1f22,5-11-24_train-ready_all_carts.csv,5-11-24_Cart67,0.45,2.3038964770311727,2.3029501814837285,2.3045515201033755
b97e68a7f1aae3806fcf1f22,5-11-24_train-ready_all_carts.csv,5-11-24_Cart67,0.5,2.4608697057563633,2.460679835542227,2.46278429661858
b97e68a7f1aae3806fcf1f22,5-11-24_train-ready_all_carts.csv,5-11-24_Cart67,0.55,2.2808382764524366,2.280055634729729,2.2825461306122317
b97e68a7f1aae3806fcf1f22,5-11-24_train-ready_all_carts.csv,5-11-24_Cart67,0.6,2.788706571856024,2.514850962623268,3.1608169919366182
b97e68a7f1aae3806fcf1f22,5-11-24_train-ready_all_carts.csv,5-11-24_Cart67,0.65,2.968858999880257,2.968168879401259,2.9704838660288524
b97e68a7f1aae3806fcf1f22,5-11-24_train-ready_all_carts.csv,5-11-24_Cart67,0.7,3.05905926813592,3.0581738997218824,3.0599245923175022
b97e68a7f1aae3806fcf1f22,5-11-24_train-ready_all_carts.csv,5-11-24_Cart67,0.75,3.336143893218299,3.3357629916911944,3.3369298960165708
b97e68a7f1aae3806fcf1f22,5-11-24_train-ready_all_carts.csv,5-11-24_Cart67,0.8,3.5580616573061694,3.55763308961652,3.561195829714422
b97e68a7f1aae3806fcf1f22,5-11-24_train-ready_all_carts.csv,5-11-24_Cart67,0.85,3.7486566415556073,3.74832407840616,3.7488244508919513
b97e68a7f1aae3806fcf1f22,5-11-24_train-ready_all_carts.csv,5-11-24_Cart67,0.9,4.063762975627912,4.063256553206106,4.064146382684073
b97e68a7f1aae3806fcf1f22,5-11-24_train-ready_all_carts.csv,5-11-24_Cart67,0.95,3.9091095001465703,3.90889158022909,3.9096270446729706
b97e68a7f1aae3806fcf1f22,5-11-24_train-ready_all_carts.csv,5-11-24_Cart67,1.0,3.7337420215162602,3.7259431039983495,3.8171999721904215
4b40a3db4ec7ce70fb12e1a2,5-11-24_train-ready_all_carts.csv,5-11-24_Cart69,0.0,0.5675096593461009,0.5587780122383972,0.5686995723194213
4b40a3db4ec7ce70fb12e1a2,5-11-24_train-ready_all_carts.csv,5-11-24_Cart69,0.05,0.6466867257148823,0.6464566282578083,0.6470994955261313
4b40a3db4ec7ce70fb12e1a2,5-11-24_train-ready_all_carts.csv,5-11-24_Cart69,0.1,0.7551427935621151,0.7517323572769499,0.9631284392562472
4b40a3db4ec7ce70fb12e1a2,5-11-24_train-ready_all_carts.csv,5-11-24_Cart69,0.15,1.4740387870855738,1.1689631565485699,2.47150103567684
4b40a3db4ec7ce70fb12e1a2,5-11-24_train-ready_all_carts.csv,5-11-24_Cart69,0.2,1.323927480063794,1.323544765197273,1.3240807259987013
4b40a3db4ec7ce70fb12e1a2,5-11-24_train-ready_all_carts.csv,5-11-24_Cart69,0.25,1.6696027698344496,1.6691086345454567,1.6724448476876528
4b40a3db4ec7ce70fb12e1a2,5-11-24_train-ready_all_carts.csv,5-11-24_Cart69,0.3,1.86675063674277,1.8662970699152932,1.870901190326539
4b40a3db4ec7ce70fb12e1a2,5-11-24_train-ready_all_carts.csv,5-11-24_Cart69,0.35,2.437110065215384,2.0928289591925804,3.3693042301764278
4b40a3db4ec7ce70fb12e1a2,5-11-24_train-ready_all_carts.csv,5-11-24_Cart69,0.4,2.18865737915968,2.1574318914699857,2.2082535459545882
4b40a3db4ec7ce70fb12e1a2,5-11-24_train-ready_all_carts.csv,5-11-24_Cart69,0.45,2.4608237594380666,2.4605646355324717,2.462994857793277
4b40a3db4ec7ce70fb12e1a2,5-11-24_train-ready_all_carts.csv,5-11-24_Cart69,0.5,2.641661962043649,2.6395615442333606,2.6440509301788007
4b40a3db4ec7ce70fb12e1a2,5-11-24_train-ready_all_carts.csv,5-11-24_Cart69,0.55,2.7529006835187664,2.751642261270296,2.7552869089973644
4b40a3db4ec7ce70fb12e1a2,5-11-24_train-ready_all_carts.csv,5-11-24_Cart69,0.6,3.0151957857529363,2.9870932125197522,3.1616031350996856
4b40a3db4ec7ce70fb12e1a2,5-11-24_train-ready_all_carts.csv,5-11-24_Cart69,0.65,3.303498128752362,3.2254888055497632,3.4763179463700946
4b40a3db4ec7ce70fb12e1a2,5-11-24_train-ready_all_carts.csv,5-11-24_Cart69,0.7,3.3693573120084674,3.3686812471681153,3.3700092643266224
4b40a3db4ec7ce70fb12e1a2,5-11-24_train-ready_all_carts.csv,5-11-24_Cart69,0.75,3.488805718766017,3.4876142630483855,3.4917052209908017
4b40a3db4ec7ce70fb12e1a2,5-11-24_train-ready_all_carts.csv,5-11-24_Cart69,0.8,3.895993081156033,3.859066239017797,4.814548472187682
4b40a3db4ec7ce70fb12e1a2,5-11-24_train-ready_all_carts.csv,5-11-24_Cart69,0.85,4.04254350575297,4.041518552143587,4.043072552774338
4b40a3db4ec7ce70fb12e1a2,5-11-24_train-ready_all_carts.csv,5-11-24_Cart69,0.9,4.45278893019975,4.423046362625137,5.002292683994099
4b40a3db4ec7ce70fb12e1a2,5-11-24_train-ready_all_carts.csv,5-11-24_Cart69,0.95,4.5265858186301005,4.525616575231951,4.545803384543317
4b40a3db4ec7ce70fb12e1a2,5-11-24_train-ready_all_carts.csv,5-11-24_Cart69,1.0,4.849987308868476,4.335802914778825,5.136881754837285
f6bfd7c0812b9ff179e5eaea,5-11-24_train-ready_all_carts.csv,5-11-24_Cart70,0.0,0.686283201970146,0.5606840596834652,0.7749763518822462
f6bfd7c0812b9ff179e5eaea,5-11-24_train-ready_all_carts.csv,5-11-24_Cart70,0.05,0.9854256607752734,0.9847492441769577,0.9862625433025397
f6bfd7c0812b9ff179e5eaea,5-11-24_train-ready_all_carts.csv,5-11-24_Cart70,0.1,1.0460536710990866,1.0453432872603365,1.046208280607273
f6bfd7c0812b9ff179e5eaea,5-11-24_train-ready_all_carts.csv,5-11-24_Cart70,0.15,1.2513797831072104,1.250961049022539,1.2516515210306896
f6bfd7c0812b9ff179e5eaea,5-11-24_train-ready_all_carts.csv,5-11-24_Cart70,0.2,1.4048226922772746,1.4045415840805722,1.4050827173592246
f6bfd7c0812b9ff179e5eaea,5-11-24_train-ready_all_carts.csv,5-11-24_Cart70,0.25,1.428363161182804,1.427994206674632,1.4292041432046056
f6bfd7c0812b9ff179e5eaea,5-11-24_train-ready_all_carts.csv,5-11-24_Cart70,0.3,1.4797755077913868,1.4794200230509738,1.4804823777776783
f6bfd7c0812b9ff179e5eaea,5-11-24_train-ready_all_carts.csv,5-11-24_Cart70,0.35,2.081356419007978,1.8228258956372927,2.7339362135271688
f6bfd7c0812b9ff179e5eaea,5-11-24_train-ready_all_carts.csv,5-11-24_Cart70,0.4,1.9251281961222533,1.9248037504118924,1.925457912611302
f6bfd7c0812b9ff179e5eaea,5-11-24_train-ready_all_carts.csv,5-11-24_Cart70,0.45,2.029114803219122,2.028539117057959,2.030548455022305
f6bfd7c0812b9ff179e5eaea,5-11-24_train-ready_all_carts.csv,5-11-24_Cart70,0.5,2.278685002819916,2.278000972874606,2.2800647755520633
f6bfd7c0812b9ff179e5eaea,5-11-24_train-ready_all_carts.csv,5-11-24_Cart70,0.55,2.535838096026758,2.534936792871081,2.536047755890132
f6bfd7c0812b9ff179e5eaea,5-11-24_train-ready_all_carts.csv,5-11-24_Cart70,0.6,2.7296856233361964,2.4923120056198336,3.1182673400588383
f6bfd7c0812b9ff179e5eaea,5-11-24_train-ready_all_carts.csv,5-11-24_Cart70,0.65,3.007621982552578,3.004842525257682,3.0097174099021644
f6bfd7c0812b9ff179e5eaea,5-11-24_train-ready_all_carts.csv,5-11-24_Cart70,0.7,3.281067638326637,3.280353154993352,3.28261724726096
f6bfd7c0812b9ff179e5eaea,5-11-24_train-ready_all_carts.csv,5-11-24_Cart70,0.75,3.035198696649094,2.86854077402363,3.5535791949887368
f6bfd7c0812b9ff179e5eaea,5-11-24_train-ready_all_carts.csv,5-11-24_Cart70,0.8,3.693652481195216,3.682148713887241,3.7058648754157093
f6bfd7c0812b9ff179e5eaea,5-11-24_train-ready_all_carts.csv,5-11-24_Cart70,0.85,4.063792328930019,4.061470258096842,4.066477497850604
f6bfd7c0812b9ff179e5eaea,5-11-24_train-ready_all_carts.csv,5-11-24_Cart70,0.9,4.00192978510902,3.917910058967099,4.179245222241969
f6bfd7c0812b9ff179e5eaea,5-11-24_train-ready_all_carts.csv,5-11-24_Cart70,0.95,4.546223188405946,4.542544184881602,4.549853583637944
f6bfd7c0812b9ff179e5eaea,5-11-24_train-ready_all_carts.csv,5-11-24_Cart70,1.0,4.435224103085502,4.274761395165908,4.517316188332743
d1145d222c788f4b59adca6d,5-11-24_train-ready_all_carts.csv,5-11-24_Cart73,0.0,0.5499021847628236,0.4115006439747596,0.5573677416936536
d1145d222c788f4b59adca6d,5-11-24_train-ready_all_carts.csv,5-11-24_Cart73,0.05,0.8380374210483579,0.8374997159723178,0.8394693744071695
d1145d222c788f4b59adca6d,5-11-24_train-ready_all_carts.csv,5-11-24_Cart73,0.1,0.9290010269135749,0.9267262142004588,0.9300571878944746
d1145d222c788f4b59adca6d,5-11-24_train-ready_all_carts.csv,5-11-24_Cart73,0.15,1.032582377779656,1.0323331212447293,1.0330438954454375
d1145d222c788f4b59adca6d,5-11-24_train-ready_all_carts.csv,5-11-24_Cart73,0.2,1.4884605566536413,1.4373363187417432,1.5440371914454485
d1145d222c788f4b59adca6d,5-11-24_train-ready_all_carts.csv,5-11-24_Cart73,0.25,1.7573859293754635,1.7571088106768464,1.7578104516371746
d1145d222c788f4b59adca6d,5-11-24_train-ready_all_carts.csv,5-11-24_Cart73,0.3,1.8940168932468309,1.8936090189169512,1.8947901549972272
d1145d222c788f4b59adca6d,5-11-24_train-ready_all_carts.csv,5-11-24_Cart73,0.35,1.8687987448407613,1.5170025108941882,2.016415551756243
d1145d222c788f4b59adca6d,5-11-24_train-ready_all_carts.csv,5-11-24_Cart73,0.4,2.319518377059638,2.318819510754615,2.3197650323552157
d1145d222c788f4b59adca6d,5-11-24_train-ready_all_carts.csv,5-11-24_Cart73,0.45,1.9960953058225395,1.9951604782059276,1.9966073453370057
d1145d222c788f4b59adca6d,5-11-24_train-ready_all_carts.csv,5-11-24_Cart73,0.5,2.4910163531612652,2.4905990565644114,2.49123578215166
d1145d222c788f4b59adca6d,5-11-24_train-ready_all_carts.csv,5-11-24_Cart73,0.55,2.6766789445964623,2.673524392735609,2.678111418203144
d1145d222c788f4b59adca6d,5-11-24_train-ready_all_carts.csv,5-11-24_Cart73,0.6,2.582249331812372,2.581321151807429,2.5829831125299867
d1145d222c788f4b59adca6d,5-11-24_train-ready_all_carts.csv,5-11-24_Cart73,0.65,3.3740619651376162,3.37386039799075,3.374111908933112
d1145d222c788f4b59adca6d,5-11-24_train-ready_all_carts.csv,5-11-24_Cart73,0.7,3.578838463307218,3.5785367773480856,3.579732133536801
d1145d222c788f4b59adca6d,5-11-24_train-ready_all_carts.csv,5-11-24_Cart73,0.75,3.6391386597297086,3.639082010517226,3.6392150783612416
d1145d222c788f4b59adca6d,5-11-24_train-ready_all_carts.csv,5-11-24_Cart73,0.8,5.226361729426074,4.413347434665142,5.7988911573711315
d1145d222c788f4b59adca6d,5-11-24_train-ready_all_carts.csv,5-11-24_Cart73,0.85,4.192192204033658,4.191988382479355,4.192378105939113
d1145d222c788f4b59adca6d,5-11-24_train-ready_all_carts.csv,5-11-24_Cart73,0.9,4.490198276567806,3.48135794359899,4.854027554714969
d1145d222c788f4b59adca6d,5-11-24_train-ready_all_carts.csv,5-11-24_Cart73,0.95,4.781628416028388,4.7814214729868665,4.782184907833058
d1145d222c788f4b59adca6d,5-11-24_train-ready_all_carts.csv,5-11-24_Cart73,1.0,4.639818095587122,4.63971924849187,4.640059432793363
644fbeddef44aaceb9a6d290,5-11-24_train-ready_all_carts.csv,5-11-24_Cart74,0.0,0.5294129834378352,0.5284316977997419,0.5301943336103676
644fbeddef44aaceb9a6d290,5-11-24_train-ready_all_carts.csv,5-11-24_Cart74,0.05,1.2606119845318495,1.0022974395085025,1.5378815982509786
644fbeddef44aaceb9a6d290,5-11-24_train-ready_all_carts.csv,5-11-24_Cart74,0.1,1.2457360739577565,1.2454356368071338,1.2461227147378926
644fbeddef44aaceb9a6d290,5-11-24_train-ready_all_carts.csv,5-11-24_Cart74,0.15,1.8970747986476264,1.6446729445540262,2.153386014037267
644fbeddef44aaceb9a6d290,5-11-24_train-ready_all_carts.csv,5-11-24_Cart74,0.2,1.9044765638355652,1.9026129517156265,1.9048247600514039
644fbeddef44aaceb9a6d290,5-11-24_train-ready_all_carts.csv,5-11-24_Cart74,0.25,2.153640056667395,2.1513013456726164,2.154758983338159
644fbeddef44aaceb9a6d290,5-11-24_train-ready_all_carts.csv,5-11-24_Cart74,0.3,2.9588899333383414,2.7842677809183964,3.4533650465683126
644fbeddef44aaceb9a6d290,5-11-24_train-ready_all_carts.csv,5-11-24_Cart74,0.35,3.504625948832733,3.248184983038587,3.730404170885749
644fbeddef44aaceb9a6d290,5-11-24_train-ready_all_carts.csv,5-11-24_Cart74,0.4,3.27585112724559,3.274674237088224,3.284030267627963
644fbeddef44aaceb9a6d290,5-11-24_train-ready_all_carts.csv,5-11-24_Cart74,0.45,3.6918402979170297,3.1641372155275573,4.6716762555648765
644fbeddef44aaceb9a6d290,5-11-24_train-ready_all_carts.csv,5-11-24_Cart74,0.5,3.912139516949276,3.636950596616698,4.039872768389103
644fbeddef44aaceb9a6d290,5-11-24_train-ready_all_carts.csv,5-11-24_Cart74,0.55,4.376700546865391,4.3764503012292675,4.377197834423946
644fbeddef44aaceb9a6d290,5-11-24_train-ready_all_carts.csv,5-11-24_Cart74,0.6,4.304863793417457,4.304339986228901,4.305073695992281
644fbeddef44aaceb9a6d290,5-11-24_train-ready_all_carts.csv,5-11-24_Cart74,0.65,4.8686723138136605,4.8651051566022945,4.869378732682631
644fbeddef44aaceb9a6d290,5-11-24_train-ready_all_carts.csv,5-11-24_Cart74,0.7,5.139387307304122,5.137806037285252,5.139626992550669
644fbeddef44aaceb9a6d290,5-11-24_train-ready_all_carts.csv,5-11-24_Cart74,0.75,5.601334344160116,5.59604109720542,5.662516969742947
644fbeddef44aaceb9a6d290,5-11-24_train-ready_all_carts.csv,5-11-24_Cart74,0.8,5.7684602218382235,5.768072513153523,5.769355956455148
644fbeddef44aaceb9a6d290,5-11-24_train-ready_all_carts.csv,5-11-24_Cart74,0.85,6.100195282105689,6.099998906322008,6.100481124560606
644fbeddef44aaceb9a6d290,5-11-24_train-ready_all_carts.csv,5-11-24_Cart74,0.9,6.5359454334504115,6.52165859089933,6.597910655094433
644fbeddef44aaceb9a6d290,5-11-24_train-ready_all_carts.csv,5-11-24_Cart74,0.95,6.747649207304486,6.744548190435229,6.753034768675922
644fbeddef44aaceb9a6d290,5-11-24_train-ready_all_carts.csv,5-11-24_Cart74,1.0,7.032346631217305,7.0315575684007,7.037671322028603
6d0e9d36514dd8111ebed79f,5-11-24_train-ready_all_carts.csv,5-11-24_Cart75,0.0,0.8220556210475101,0.3266158826421124,0.9700222838361037
6d0e9d36514dd8111ebed79f,5-11-24_train-ready_all_carts.csv,5-11-24_Cart75,0.05,1.1273849844882724,1.1268880513791733,1.2681994895382727
6d0e9d36514dd8111ebed79f,5-11-24_train-ready_all_carts.csv,5-11-24_Cart75,0.1,1.317337780823381,1.31672770757693,1.3179168658037734
6d0e9d36514dd8111ebed79f,5-11-24_train-ready_all_carts.csv,5-11-24_Cart75,0.15,1.6760487181597619,1.6756417169547106,1.6764921140943112
6d0e9d36514dd8111ebed79f,5-11-24_train-ready_all_carts.csv,5-11-24_Cart75,0.2,1.8234856134637316,1.8231419074404152,1.8241863438715216
6d0e9d36514dd8111ebed79f,5-11-24_train-ready_all_carts.csv,5-11-24_Cart75,0.25,2.2944465996579906,2.2036426066839008,2.436167148861532
6d0e9d36514dd8111ebed79f,5-11-24_train-ready_all_carts.csv,5-11-24_Cart75,0.3,2.567316084065736,2.105157084081479,3.2691796734056715
6d0e9d36514dd8111ebed79f,5-11-24_train-ready_all_carts.csv,5-11-24_Cart75,0.35,2.001409687969981,1.9983758048579725,2.0893088936298088
6d0e9d36514dd8111ebed79f,5-11-24_train-ready_all_carts.csv,5-11-24_Cart75,0.4,2.990036911230712,2.989591735119177,2.990563645821212
6d0e9d36514dd8111ebed79f,5-11-24_train-ready_all_carts.csv,5-11-24_Cart75,0.45,3.162446393028315,3.1620078101648765,3.162796032974918
6d0e9d36514dd8111ebed79f,5-11-24_train-ready_all_carts.csv,5-11-24_Cart75,0.5,3.655947057168273,3.536920467915909,3.950518877013351
6d0e9d36514dd8111ebed79f,5-11-24_train-ready_all_carts.csv,5-11-24_Cart75,0.55,3.8851349542812637,3.883958191360843,3.8878148459029247
6d0e9d36514dd8111ebed79f,5-11-24_train-ready_all_carts.csv,5-11-24_Cart75,0.6,4.231339818626537,4.230838599906174,4.231514341903675
6d0e9d36514dd8111ebed79f,5-11-24_train-ready_all_carts.csv,5-11-24_Cart75,0.65,4.551947056558546,4.547665796838993,4.556273809689969
6d0e9d36514dd8111ebed79f,5-11-24_train-ready_all_carts.csv,5-11-24_Cart75,0.7,4.710748074283157,4.69368474820714,4.912727812270137
6d0e9d36514dd8111ebed79f,5-11-24_train-ready_all_carts.csv,5-11-24_Cart75,0.75,5.074357794955891,5.073140813222078,5.076146345367269
6d0e9d36514dd8111ebed79f,5-11-24_train-ready_all_carts.csv,5-11-24_Cart75,0.8,5.180150416627195,4.775094087899756,6.059942893544492
6d0e9d36514dd8111ebed79f,5-11-24_train-ready_all_carts.csv,5-11-24_Cart75,0.85,5.484322005702058,5.480906900985059,5.4852699829135005
6d0e9d36514dd8111ebed79f,5-11-24_train-ready_all_carts.csv,5-11-24_Cart75,0.9,5.705612510244009,5.705323857842305,5.706335855492771
6d0e9d36514dd8111ebed79f,5-11-24_train-ready_all_carts.csv,5-11-24_Cart75,0.95,6.773292778192313,5.608484998952204,7.91289232825179
6d0e9d36514dd8111ebed79f,5-11-24_train-ready_all_carts.csv,5-11-24_Cart75,1.0,6.380587053665847,6.380192447767218,6.3808547395386
7cd85eba15cbcd74dcad9cc4,5-11-24_train-ready_all_carts.csv,5-11-24_Cart8,0.0,1.2405214305592303,1.1719627366061298,1.3907717197571816
7cd85eba15cbcd74dcad9cc4,5-11-24_train-ready_all_carts.csv,5-11-24_Cart8,0.05,1.2674153370095946,1.1041535347874245,1.5083378087800894
7cd85eba15cbcd74dcad9cc4,5-11-24_train-ready_all_carts.csv,5-11-24_Cart8,0.1,1.1884616087100168,1.1872379630545629,1.1885773536364264
7cd85eba15cbcd74dcad9cc4,5-11-24_train-ready_all_carts.csv,5-11-24_Cart8,0.15,1.4926139931458793,1.491970200790697,1.4935328983807525
7cd85eba15cbcd74dcad9cc4,5-11-24_train-ready_all_carts.csv,5-11-24_Cart8,0.2,1.4911286657626042,1.4907259569401483,1.491706543893483
7cd85eba15cbcd74dcad9cc4,5-11-24_train-ready_all_carts.csv,5-11-24_Cart8,0.25,1.6236128706077533,1.6233205455376412,1.6238899586568374
7cd85eba15cbcd74dcad9cc4,5-11-24_train-ready_all_carts.csv,5-11-24_Cart8,0.3,2.1274616526501884,2.126895738402488,2.127773785847639
7cd85eba15cbcd74dcad9cc4,5-11-24_train-ready_all_carts.csv,5-11-24_Cart8,0.35,2.181662558121038,2.1809000298686505,2.1818058425521216
7cd85eba15cbcd74dcad9cc4,5-11-24_train-ready_all_carts.csv,5-11-24_Cart8,0.4,1.7301388349605435,1.7139324572270027,1.8530246194919786
7cd85eba15cbcd74dcad9cc4,5-11-24_train-ready_all_carts.csv,5-11-24_Cart8,0.45,1.7758815007579405,1.6493314384026667,2.1933321410598885
7cd85eba15cbcd74dcad9cc4,5-11-24_train-ready_all_carts.csv,5-11-24_Cart8,0.5,3.301844326115164,3.100980885564591,3.5684472731279997
7cd85eba15cbcd74dcad9cc4,5-11-24_train-ready_all_carts.csv,5-11-24_Cart8,0.55,3.2632111414630938,3.2630008705728937,3.2634939292867116
7cd85eba15cbcd74dcad9cc4,5-11-24_train-ready_all_carts.csv,5-11-24_Cart8,0.6,3.700800326725478,3.6332501542642652,4.04174379640441
7cd85eba15cbcd74dcad9cc4,5-11-24_train-ready_all_carts.csv,5-11-24_Cart8,0.65,3.783677305772976,3.782907554043954,3.7838274750802294
7cd85eba15cbcd74dcad9cc4,5-11-24_train-ready_all_carts.csv,5-11-24_Cart8,0.7,4.205547528674513,4.1126028290656045,4.46907801504696
7cd85eba15cbcd74dcad9cc4,5-11-24_train-ready_all_carts.csv,5-11-24_Cart8,0.75,4.353067851604761,4.352578009595383,4.353403912568568
7cd85eba15cbcd74dcad9cc4,5-11-24_train-ready_all_carts.csv,5-11-24_Cart8,0.8,4.633547548702621,4.5456622737097,4.795417477270495
7cd85eba15cbcd74dcad9cc4,5-11-24_train-ready_all_carts.csv,5-11-24_Cart8,0.85,4.889357944420356,4.888325269428465,4.890486104744029
7cd85eba15cbcd74dcad9cc4,5-11-24_train-ready_all_carts.csv,5-11-24_Cart8,0.9,5.204418907244785,5.203417439929298,5.205093907276372
7cd85eba15cbcd74dcad9cc4,5-11-24_train-ready_all_carts.csv,5-11-24_Cart8,0.95,4.866006927526299,4.865911498627928,4.866158451235421
7cd85eba15cbcd74dcad9cc4,5-11-24_train-ready_all_carts.csv,5-11-24_Cart8,1.0,4.810765389952577,4.810420863977087,4.81165647351572
7a660bd56a6ed910961ca036,5-18-24_train-ready_all_carts.csv,5-18-24_Cart1,0.0,1.7206976414436275,1.6992599572382938,2.2680359247875677
7a660bd56a6ed910961ca036,5-18-24_train-ready_all_carts.csv,5-18-24_Cart1,0.05,1.568886516989597,1.5674676722879843,1.6576575213037894
7a660bd56a6ed910961ca036,5-18-24_train-ready_all_carts.csv,5-18-24_Cart1,0.1,1.7826638187106099,1.5203983242216006,1.8807710673341382
7a660bd56a6ed910961ca036,5-18-24_train-ready_all_carts.csv,5-18-24_Cart1,0.15,1.7894572607796801,1.789342264609915,1.7896105408501801
7a660bd56a6ed910961ca036,5-18-24_train-ready_all_carts.csv,5-18-24_Cart1,0.2,2.013279102313945,2.013021025482704,2.0133431592255953
7a660bd56a6ed910961ca036,5-18-24_train-ready_all_carts.csv,5-18-24_Cart1,0.25,2.293995154371384,2.292316614801969,2.2966055674250248
7a660bd56a6ed910961ca036,5-18-24_train-ready_all_carts.csv,5-18-24_Cart1,0.3,2.3829420912679113,2.381550059743569,2.383625422779197
7a660bd56a6ed910961ca036,5-18-24_train-ready_all_carts.csv,5-18-24_Cart1,0.35,0.10421439704775401,0.0006688697607514539,2.7144503334735326
7a660bd56a6ed910961ca036,5-18-24_train-ready_all_carts.csv,5-18-24_Cart1,0.4,0.3661889627846646,0.33634491410203626,0.48066863216403266
7a660bd56a6ed910961ca036,5-18-24_train-ready_all_carts.csv,5-18-24_Cart1,0.45,0.6870248092049298,0.6868768166467556,0.687463817195733
7a660bd56a6ed910961ca036,5-18-24_train-ready_all_carts.csv,5-18-24_Cart1,0.5,0.9884985367100638,0.8064282216218548,1.5308439637405473
7a660bd56a6ed910961ca036,5-18-24_train-ready_all_carts.csv,5-18-24_Cart1,0.55,0.9821020914682661,0.6603529789842069,1.0928620392649098
7a660bd56a6ed910961ca036,5-18-24_train-ready_all_carts.csv,5-18-24_Cart1,0.6,1.175565522055046,1.1745572252368908,1.1759215478851548
7a660bd56a6ed910961ca036,5-18-24_train-ready_all_carts.csv,5-18-24_Cart1,0.65,1.2234686501392362,1.2232235176004722,1.224040886104607
7a660bd56a6ed910961ca036,5-18-24_train-ready_all_carts.csv,5-18-24_Cart1,0.7,1.4875703560816769,1.4831154391372334,1.4955412375763901
7a660bd56a6ed910961ca036,5-18-24_train-ready_all_carts.csv,5-18-24_Cart1,0.75,1.714279237134238,1.7139227201144618,1.714839106677333
7a660bd56a6ed910961ca036,5-18-24_train-ready_all_carts.csv,5-18-24_Cart1,0.8,1.7885621398401623,1.762996555436464,1.8609972159016328
7a660bd56a6ed910961ca036,5-18-24_train-ready_all_carts.csv,5-18-24_Cart1,0.85,2.0280211489815265,1.7312394963508442,2.15030319290534
7a660bd56a6ed910961ca036,5-18-24_train-ready_all_carts.csv,5-18-24_Cart1,0.9,2.1038284732745725,2.0989419450778826,2.1045944691179437
7a660bd56a6ed910961ca036,5-18-24_train-ready_all_carts.csv,5-18-24_Cart1,0.95,2.2845105707817552,2.283968846362935,2.4622373245130236
7a660bd56a6ed910961ca036,5-18-24_train-ready_all_carts.csv,5-18-24_Cart1,1.0,2.560688030289813,2.50070279206781,2.589924939647
3f14bb9c29188641dfad3ba0,5-18-24_train-ready_all_carts.csv,5-18-24_Cart11,0.0,1.0334046951627496,0.4878898390712949,1.8111954649914719
3f14bb9c29188641dfad3ba0,5-18-24_train-ready_all_carts.csv,5-18-24_Cart11,0.05,0.5586781167491699,0.5579302659835272,0.5663701082922523
3f14bb9c29188641dfad3ba0,5-18-24_train-ready_all_carts.csv,5-18-24_Cart11,0.1,0.8842826641767432,0.8448413440037769,0.9468267461684879
3f14bb9c29188641dfad3ba0,5-18-24_train-ready_all_carts.csv,5-18-24_Cart11,0.15,1.1927271377132787,1.1923129376658248,1.192959084732901
3f14bb9c29188641dfad3ba0,5-18-24_train-ready_all_carts.csv,5-18-24_Cart11,0.2,1.5620936913633767,1.5030035921487293,1.9571395839784569
3f14bb9c29188641dfad3ba0,5-18-24_train-ready_all_carts.csv,5-18-24_Cart11,0.25,1.6709723511627992,1.670806934008761,1.6712299588079054
3f14bb9c29188641dfad3ba0,5-18-24_train-ready_all_carts.csv,5-18-24_Cart11,0.3,1.8924811290336851,1.892384056765084,1.892657060785482
3f14bb9c29188641dfad3ba0,5-18-24_train-ready_all_carts.csv,5-18-24_Cart11,0.35,2.0363846650126334,1.6851464044639257,2.2702866487760285
3f14bb9c29188641dfad3ba0,5-18-24_train-ready_all_carts.csv,5-18-24_Cart11,0.4,2.185409060448015,2.1831504247102522,2.187448078783766
3f14bb9c29188641dfad3ba0,5-18-24_train-ready_all_carts.csv,5-18-24_Cart11,0.45,2.932066919940504,2.5793942930141083,3.879540265631201
3f14bb9c29188641dfad3ba0,5-18-24_train-ready_all_carts.csv,5-18-24_Cart11,0.5,3.2569867667758814,2.901085031773281,3.8488410824525454
3f14bb9c29188641dfad3ba0,5-18-24_train-ready_all_carts.csv,5-18-24_Cart11,0.55,3.970905423363706,3.344303366262749,4.325873236772456
3f14bb9c29188641dfad3ba0,5-18-24_train-ready_all_carts.csv,5-18-24_Cart11,0.6,3.6868973757153345,3.68550362823018,3.7877590302445014
3f14bb9c29188641dfad3ba0,5-18-24_train-ready_all_carts.csv,5-18-24_Cart11,0.65,3.9364100322856386,3.8438152924841886,4.519728810296586
3f14bb9c29188641dfad3ba0,5-18-24_train-ready_all_carts.csv,5-18-24_Cart11,0.7,4.055153637911543,4.055098999555329,4.055240195582384
3f14bb9c29188641dfad3ba0,5-18-24_train-ready_all_carts.csv,5-18-24_Cart11,0.75,3.7218659236925786,3.680817685082264,3.745875319220546
3f14bb9c29188641dfad3ba0,5-18-24_train-ready_all_carts.csv,5-18-24_Cart11,0.8,4.036070894715915,4.035402654476164,4.036319677609331
3f14bb9c29188641dfad3ba0,5-18-24_train-ready_all_carts.csv,5-18-24_Cart11,0.85,4.326832067949097,4.326720538108574,4.32715151144293
3f14bb9c29188641dfad3ba0,5-18-24_train-ready_all_carts.csv,5-18-24_Cart11,0.9,4.53654321678628,4.535725393876023,4.537252201092347
3f14bb9c29188641dfad3ba0,5-18-24_train-ready_all_carts.csv,5-18-24_Cart11,0.95,4.9323652494419274,4.879577525020043,6.391810194525266
3f14bb9c29188641dfad3ba0,5-18-24_train-ready_all_carts.csv,5-18-24_Cart11,1.0,4.994348803234066,4.989501448493162,5.310522444927191
558ccf53a2561e4aeacd93fb,5-18-24_train-ready_all_carts.csv,5-18-24_Cart13,0.0,0.6140066461904095,0.6077665723608892,0.6159014890145788
558ccf53a2561e4aeacd93fb,5-18-24_train-ready_all_carts.csv,5-18-24_Cart13,0.05,0.7021252680822512,0.7019508425384502,0.7021987012361934
558ccf53a2561e4aeacd93fb,5-18-24_train-ready_all_carts.csv,5-18-24_Cart13,0.1,0.9333251635549278,0.9300192180813992,0.9359870136370433
558ccf53a2561e4aeacd93fb,5-18-24_train-ready_all_carts.csv,5-18-24_Cart13,0.15,1.1078507113354368,0.3948419388145334,1.9142594205052714
558ccf53a2561e4aeacd93fb,5-18-24_train-ready_all_carts.csv,5-18-24_Cart13,0.2,1.43483232425766,1.4344200985558078,1.4353823461391144
558ccf53a2561e4aeacd93fb,5-18-24_train-ready_all_carts.csv,5-18-24_Cart13,0.25,1.6917274280062964,1.5702242803073678,1.781619841394908
558ccf53a2561e4aeacd93fb,5-18-24_train-ready_all_carts.csv,5-18-24_Cart13,0.3,1.6551108550144082,1.6280414060206772,1.6586397163329152
558ccf53a2561e4aeacd93fb,5-18-24_train-ready_all_carts.csv,5-18-24_Cart13,0.35,4.605994528742398,1.707311594500988,6.806372763805416
558ccf53a2561e4aeacd93fb,5-18-24_train-ready_all_carts.csv,5-18-24_Cart13,0.4,1.84503701547568,1.7640965861297708,1.8810343777870702
558ccf53a2561e4aeacd93fb,5-18-24_train-ready_all_carts.csv,5-18-24_Cart13,0.45,2.3129777245291434,2.167641419376189,2.781367579357897
558ccf53a2561e4aeacd93fb,5-18-24_train-ready_all_carts.csv,5-18-24_Cart13,0.5,2.172759355540583,2.162998502109418,2.177052084457246
558ccf53a2561e4aeacd93fb,5-18-24_train-ready_all_carts.csv,5-18-24_Cart13,0.55,1.8060552321098378,1.7791296260478968,1.8137066411561054
558ccf53a2561e4aeacd93fb,5-18-24_train-ready_all_carts.csv,5-18-24_Cart13,0.6,2.9971479660492326,2.994944971431008,3.0063524019956644
558ccf53a2561e4aeacd93fb,5-18-24_train-ready_all_carts.csv,5-18-24_Cart13,0.65,3.3076231083429843,3.30461194203848,3.310131812797642
558ccf53a2561e4aeacd93fb,5-18-24_train-ready_all_carts.csv,5-18-24_Cart13,0.7,3.543726687270415,3.5388110847368344,3.5511691926570568
558ccf53a2561e4aeacd93fb,5-18-24_train-ready_all_carts.csv,5-18-24_Cart13,0.75,3.728925915494652,3.7243601524600884,3.890771423942925
558ccf53a2561e4aeacd93fb,5-18-24_train-ready_all_carts.csv,5-18-24_Cart13,0.8,4.903623811153607,4.139394570702294,5.526213695852856
558ccf53a2561e4aeacd93fb,5-18-24_train-ready_all_carts.csv,5-18-24_Cart13,0.85,4.285564339245381,4.2805634426208785,4.305496120561185
558ccf53a2561e4aeacd93fb,5-18-24_train-ready_all_carts.csv,5-18-24_Cart13,0.9,4.706069440243393,4.532554455921824,6.598859333904431
558ccf53a2561e4aeacd93fb,5-18-24_train-ready_all_carts.csv,5-18-24_Cart13,0.95,4.663364252935853,4.660913515903587,4.663843806897613
558ccf53a2561e4aeacd93fb,5-18-24_train-ready_all_carts.csv,5-18-24_Cart13,1.0,5.056855488546761,5.048631905574976,5.851967062237472
86eef369432eb9962507e1c0,5-18-24_train-ready_all_carts.csv,5-18-24_Cart16,0.0,2.720976877391079,2.6695694434561315,2.7412854305586656
86eef369432eb9962507e1c0,5-18-24_train-ready_all_carts.csv,5-18-24_Cart16,0.05,3.0586520390993375,2.620101594604777,3.6102310339774313
86eef369432eb9962507e1c0,5-18-24_train-ready_all_carts.csv,5-18-24_Cart16,0.1,3.2756232437318804,3.275050365549816,3.2759836932251134
86eef369432eb9962507e1c0,5-18-24_train-ready_all_carts.csv,5-18-24_Cart16,0.15,3.51853668446289,3.5184038547798444,3.5186644504388185
86eef369432eb9962507e1c0,5-18-24_train-ready_all_carts.csv,5-18-24_Cart16,0.2,3.916442789758392,3.8994665881418227,3.940933965005058
86eef369432eb9962507e1c0,5-18-24_train-ready_all_carts.csv,5-18-24_Cart16,0.25,4.165577179940865,4.165367838878323,4.165837158074582
86eef369432eb9962507e1c0,5-18-24_train-ready_all_carts.csv,5-18-24_Cart16,0.3,4.261876538811119,3.8516095539265716,4.954157428727623
86eef369432eb9962507e1c0,5-18-24_train-ready_all_carts.csv,5-18-24_Cart16,0.35,4.8712405832336385,4.8708215923459255,4.8716777911164675
86eef369432eb9962507e1c0,5-18-24_train-ready_all_carts.csv,5-18-24_Cart16,0.4,5.163168238761304,5.162885350440507,5.163530417325259
86eef369432eb9962507e1c0,5-18-24_train-ready_all_carts.csv,5-18-24_Cart16,0.45,5.5520918216505155,5.55150356708952,5.552547802301197
86eef369432eb9962507e1c0,5-18-24_train-ready_all_carts.csv,5-18-24_Cart16,0.5,2.159447574521989,2.159322834419825,2.159654445483497
86eef369432eb9962507e1c0,5-18-24_train-ready_all_carts.csv,5-18-24_Cart16,0.55,2.2769663363157275,2.1531979101460172,2.951735815474347
86eef369432eb9962507e1c0,5-18-24_train-ready_all_carts.csv,5-18-24_Cart16,0.6,3.0130292730209094,2.919825321260086,3.0402706587576525
86eef369432eb9962507e1c0,5-18-24_train-ready_all_carts.csv,5-18-24_Cart16,0.65,3.426855179473719,3.4265888408298424,3.5016810855292517
86eef369432eb9962507e1c0,5-18-24_train-ready_all_carts.csv,5-18-24_Cart16,0.7,3.258269548924951,3.249679896087948,3.9939632055257097
86eef369432eb9962507e1c0,5-18-24_train-ready_all_carts.csv,5-18-24_Cart16,0.75,4.259796713741384,4.248737453891646,4.294583764113556
86eef369432eb9962507e1c0,5-18-24_train-ready_all_carts.csv,5-18-24_Cart16,0.8,4.684705963529,4.681323036659336,4.689312701955435
86eef369432eb9962507e1c0,5-18-24_train-ready_all_carts.csv,5-18-24_Cart16,0.85,5.155480049296274,5.151919460409815,5.161010420251452
86eef369432eb9962507e1c0,5-18-24_train-ready_all_carts.csv,5-18-24_Cart16,0.9,5.510673167530153,5.36159380133347,6.165460023352482
86eef369432eb9962507e1c0,5-18-24_train-ready_all_carts.csv,5-18-24_Cart16,0.95,5.841982878876522,5.760506225789794,6.692084946050339
86eef369432eb9962507e1c0,5-18-24_train-ready_all_carts.csv,5-18-24_Cart16,1.0,4.854300630349726,4.85319309879908,4.855616576675025
a284564a29816a429737309d,5-18-24_train-ready_all_carts.csv,5-18-24_Cart2,0.0,0.6006145039323254,0.5972547223636038,0.6026535007275707
a284564a29816a429737309d,5-18-24_train-ready_all_carts.csv,5-18-24_Cart2,0.05,0.79821793733885,0.759391324096463,1.1937280822581116
a284564a29816a429737309d,5-18-24_train-ready_all_carts.csv,5-18-24_Cart2,0.1,1.1444674773964927,1.097538623965483,1.5005452852258687
a284564a29816a429737309d,5-18-24_train-ready_all_carts.csv,5-18-24_Cart2,0.15,1.1885637929846955,1.1883689006827618,1.188663914594353
a284564a29816a429737309d,5-18-24_train-ready_all_carts.csv,5-18-24_Cart2,0.2,1.5855435970898926,1.5538319203247468,2.1205353324623
a284564a29816a429737309d,5-18-24_train-ready_all_carts.csv,5-18-24_Cart2,0.25,1.5382391092587562,0.9851830929914739,1.914211984637503
a284564a29816a429737309d,5-18-24_train-ready_all_carts.csv,5-18-24_Cart2,0.3,1.82416002858057,1.8233755840925554,1.8247675955218328
a284564a29816a429737309d,5-18-24_train-ready_all_carts.csv,5-18-24_Cart2,0.35,2.2649198496021308,1.4866493689705815,2.600651804820128
a284564a29816a429737309d,5-18-24_train-ready_all_carts.csv,5-18-24_Cart2,0.4,2.3097605372526306,1.7981897078010327,2.911179750082145
a284564a29816a429737309d,5-18-24_train-ready_all_carts.csv,5-18-24_Cart2,0.45,2.537838039688776,2.5374494441776614,2.538351549393414
a284564a29816a429737309d,5-18-24_train-ready_all_carts.csv,5-18-24_Cart2,0.5,2.5628815221233348,2.2776901112044268,3.132778599572256
a284564a29816a429737309d,5-18-24_train-ready_all_carts.csv,5-18-24_Cart2,0.55,2.8049356207579415,2.365227195547055,3.0061834450832037
a284564a29816a429737309d,5-18-24_train-ready_all_carts.csv,5-18-24_Cart2,0.6,3.001139491996218,2.992130330766199,3.0553136064700093
a284564a29816a429737309d,5-18-24_train-ready_all_carts.csv,5-18-24_Cart2,0.65,3.4616953291409702,3.4351176197840823,3.4853129110028394
a284564a29816a429737309d,5-18-24_train-ready_all_carts.csv,5-18-24_Cart2,0.7,3.797130070625786,3.79542931126364,3.7978554172040626
a284564a29816a429737309d,5-18-24_train-ready_all_carts.csv,5-18-24_Cart2,0.75,4.066306185824176,3.3737019304550393,4.505885951199374
a284564a29816a429737309d,5-18-24_train-ready_all_carts.csv,5-18-24_Cart2,0.8,4.114171925433913,4.112968385205712,4.1181848756509085
a284564a29816a429737309d,5-18-24_train-ready_all_carts.csv,5-18-24_Cart2,0.85,4.336207647600842,4.335568748065584,4.33635069545882
a284564a29816a429737309d,5-18-24_train-ready_all_carts.csv,5-18-24_Cart2,0.9,4.522602692733868,4.520964182377251,4.5232915936193185
a284564a29816a429737309d,5-18-24_train-ready_all_carts.csv,5-18-24_Cart2,0.95,4.748804995901256,4.746268304334967,4.75077472804374
a284564a29816a429737309d,5-18-24_train-ready_all_carts.csv,5-18-24_Cart2,1.0,5.056126017467729,5.051912170030405,5.059195660405139
08d78d466381c4308bdf42c4,5-18-24_train-ready_all_carts.csv,5-18-24_Cart20,0.0,0.4246788003873466,0.4177468006225519,0.4272526168332575
08d78d466381c4308bdf42c4,5-18-24_train-ready_all_carts.csv,5-18-24_Cart20,0.05,0.2717837604975145,0.2697015549270065,0.2733119789300665
08d78d466381c4308bdf42c4,5-18-24_train-ready_all_carts.csv,5-18-24_Cart20,0.1,0.6885852884631185,0.6875777208751427,0.6924499514291744
08d78d466381c4308bdf42c4,5-18-24_train-ready_all_carts.csv,5-18-24_Cart20,0.15,0.8885266696449472,0.8880200614156016,0.88942062332613
08d78d466381c4308bdf42c4,5-18-24_train-ready_all_carts.csv,5-18-24_Cart20,0.2,0.9686841451037067,0.9681273733111722,0.9690143255751296
08d78d466381c4308bdf42c4,5-18-24_train-ready_all_carts.csv,5-18-24_Cart20,0.25,1.0507757620709697,1.0484944139173362,1.1624677400550578
08d78d466381c4308bdf42c4,5-18-24_train-ready_all_carts.csv,5-18-24_Cart20,0.3,1.4099938158204208,1.312542442007243,1.4369728621403854
08d78d466381c4308bdf42c4,5-18-24_train-ready_all_carts.csv,5-18-24_Cart20,0.35,1.4570274272629171,1.4568899448883101,1.4572878322467644
08d78d466381c4308bdf42c4,5-18-24_train-ready_all_carts.csv,5-18-24_Cart20,0.4,1.521516844833168,1.5192743625012908,1.5223371245103654
08d78d466381c4308bdf42c4,5-18-24_train-ready_all_carts.csv,5-18-24_Cart20,0.45,1.5896557511321334,1.5446015119446486,1.759680275413928
08d78d466381c4308bdf42c4,5-18-24_train-ready_all_carts.csv,5-18-24_Cart20,0.5,1.5099414335591157,1.5055545682980755,1.5133379165290057
08d78d466381c4308bdf42c4,5-18-24_train-ready_all_carts.csv,5-18-24_Cart20,0.55,2.1622006228133386,1.9215271045957296,2.2773886152780998
08d78d466381c4308bdf42c4,5-18-24_train-ready_all_carts.csv,5-18-24_Cart20,0.6,1.6834087058575782,1.6472558139334166,3.537397552376908
08d78d466381c4308bdf42c4,5-18-24_train-ready_all_carts.csv,5-18-24_Cart20,0.65,2.100644639937392,2.100107082261447,2.101284076190121
08d78d466381c4308bdf42c4,5-18-24_train-ready_all_carts.csv,5-18-24_Cart20,0.7,2.2322545758465573,2.231870611760993,2.23330351544541
08d78d466381c4308bdf42c4,5-18-24_train-ready_all_carts.csv,5-18-24_Cart20,0.75,2.3406038942556755,2.339769969771044,2.341463954712563
08d78d466381c4308bdf42c4,5-18-24_train-ready_all_carts.csv,5-18-24_Cart20,0.8,2.493918223563435,2.4792957239075055,2.585924364471934
08d78d466381c4308bdf42c4,5-18-24_train-ready_all_carts.csv,5-18-24_Cart20,0.85,2.604547776264355,2.5876903526246897,2.607629911513139
08d78d466381c4308bdf42c4,5-18-24_train-ready_all_carts.csv,5-18-24_Cart20,0.9,2.611888125732663,2.6115348724090204,2.6133396070411936
08d78d466381c4308bdf42c4,5-18-24_train-ready_all_carts.csv,5-18-24_Cart20,0.95,2.774641638445149,2.77418785909123,2.7749626693372424
08d78d466381c4308bdf42c4,5-18-24_train-ready_all_carts.csv,5-18-24_Cart20,1.0,3.281768609158149,3.069259684056812,3.461075699915031
d2c1a1081770a78e7045017f,5-18-24_train-ready_all_carts.csv,5-18-24_Cart25,0.0,0.458167844687535,0.3690533322270897,0.616070428802393
d2c1a1081770a78e7045017f,5-18-24_train-ready_all_carts.csv,5-18-24_Cart25,0.05,1.073194588671432,1.0723985653393684,1.2236932434894592
d2c1a1081770a78e7045017f,5-18-24_train-ready_all_carts.csv,5-18-24_Cart25,0.1,1.6600868234403265,1.659895510956312,1.6603475803135561
d2c1a1081770a78e7045017f,5-18-24_train-ready_all_carts.csv,5-18-24_Cart25,0.15,1.8238217150082465,1.8231697547424368,1.8264015059848575
d2c1a1081770a78e7045017f,5-18-24_train-ready_all_carts.csv,5-18-24_Cart25,0.2,2.114291255239272,2.113018448517332,2.6221175806671653
d2c1a1081770a78e7045017f,5-18-24_train-ready_all_carts.csv,5-18-24_Cart25,0.25,2.275756268438137,2.2751285456258197,2.2762485066087508
d2c1a1081770a78e7045017f,5-18-24_train-ready_all_carts.csv,5-18-24_Cart25,0.3,2.6249212957576282,2.618973928483219,2.6383557213477213
d2c1a1081770a78e7045017f,5-18-24_train-ready_all_carts.csv,5-18-24_Cart25,0.35,2.961678925537332,2.846266639873893,3.231776273364725
d2c1a1081770a78e7045017f,5-18-24_train-ready_all_carts.csv,5-18-24_Cart25,0.4,2.9441394514690695,2.9124495937744515,2.948060336150349
d2c1a1081770a78e7045017f,5-18-24_train-ready_all_carts.csv,5-18-24_Cart25,0.45,3.1640385140558243,3.1633316791059896,3.5898399183348024
d2c1a1081770a78e7045017f,5-18-24_train-ready_all_carts.csv,5-18-24_Cart25,0.5,2.820015094847641,2.8157265633999278,3.4828161744748907
d2c1a1081770a78e7045017f,5-18-24_train-ready_all_carts.csv,5-18-24_Cart25,0.55,3.6419888420023074,3.6413717400965755,3.642725429107132
d2c1a1081770a78e7045017f,5-18-24_train-ready_all_carts.csv,5-18-24_Cart25,0.6,3.8295758387836236,3.829099872386561,3.829892015002756
d2c1a1081770a78e7045017f,5-18-24_train-ready_all_carts.csv,5-18-24_Cart25,0.65,3.9635653836376856,3.9227600647830183,4.04182090418964
d2c1a1081770a78e7045017f,5-18-24_train-ready_all_carts.csv,5-18-24_Cart25,0.7,4.4182899675284,4.235910959524554,4.580514784044561
d2c1a1081770a78e7045017f,5-18-24_train-ready_all_carts.csv,5-18-24_Cart25,0.75,4.533570376935065,3.96096189986946,5.52373434980495
d2c1a1081770a78e7045017f,5-18-24_train-ready_all_carts.csv,5-18-24_Cart25,0.8,4.7211968617024045,4.720779310291565,4.721708367286889
d2c1a1081770a78e7045017f,5-18-24_train-ready_all_carts.csv,5-18-24_Cart25,0.85,4.932667281754998,4.932393180665802,4.932840416148895
d2c1a1081770a78e7045017f,5-18-24_train-ready_all_carts.csv,5-18-24_Cart25,0.9,5.118303027364835,5.105090142992885,5.212282663951683
d2c1a1081770a78e7045017f,5-18-24_train-ready_all_carts.csv,5-18-24_Cart25,0.95,5.36154085134667,5.360732096543251,5.3638213506223105
d2c1a1081770a78e7045017f,5-18-24_train-ready_all_carts.csv,5-18-24_Cart25,1.0,5.135329157614781,5.133082427375465,5.144734106562028
96f59fcc2340ce1bf4895cbf,5-18-24_train-ready_all_carts.csv,5-18-24_Cart38,0.0,0.7944451930959058,0.7941975393973264,0.79467859744474
96f59fcc2340ce1bf4895cbf,5-18-24_train-ready_all_carts.csv,5-18-24_Cart38,0.05,1.1639046131973851,1.0746298721578598,1.3506840637103386
96f59fcc2340ce1bf4895cbf,5-18-24_train-ready_all_carts.csv,5-18-24_Cart38,0.1,1.2106914981262813,0.4642482602914268,1.654664643870957
96f59fcc2340ce1bf4895cbf,5-18-24_train-ready_all_carts.csv,5-18-24_Cart38,0.15,1.5462203666133902,1.5458761023235352,1.5463672489105684
96f59fcc2340ce1bf4895cbf,5-18-24_train-ready_all_carts.csv,5-18-24_Cart38,0.2,1.8750007430609545,1.7041992024126087,2.0288518272258496
96f59fcc2340ce1bf4895cbf,5-18-24_train-ready_all_carts.csv,5-18-24_Cart38,0.25,1.9054772522969752,1.9044564288811965,1.905827216326729
96f59fcc2340ce1bf4895cbf,5-18-24_train-ready_all_carts.csv,5-18-24_Cart38,0.3,2.576868994029232,2.2424471860225625,3.1628822229216187
96f59fcc2340ce1bf4895cbf,5-18-24_train-ready_all_carts.csv,5-18-24_Cart38,0.35,2.69078855542787,2.6900107119239536,2.7269774579847303
96f59fcc2340ce1bf4895cbf,5-18-24_train-ready_all_carts.csv,5-18-24_Cart38,0.4,2.862504619342891,2.862334653099125,2.8626441489756007
96f59fcc2340ce1bf4895cbf,5-18-24_train-ready_all_carts.csv,5-18-24_Cart38,0.45,2.959025154728087,2.958898734497143,2.959132423832971
96f59fcc2340ce1bf4895cbf,5-18-24_train-ready_all_carts.csv,5-18-24_Cart38,0.5,3.242654471597556,2.349897371644473,3.373087319429445
96f59fcc2340ce1bf4895cbf,5-18-24_train-ready_all_carts.csv,5-18-24_Cart38,0.55,3.407902470676026,3.4077416240160967,3.4081439686555153
96f59fcc2340ce1bf4895cbf,5-18-24_train-ready_all_carts.csv,5-18-24_Cart38,0.6,3.721534078421982,3.72136052134208,3.721929526376123
96f59fcc2340ce1bf4895cbf,5-18-24_train-ready_all_carts.csv,5-18-24_Cart38,0.65,4.059024797382073,4.0585229352840315,4.059365470835792
96f59fcc2340ce1bf4895cbf,5-18-24_train-ready_all_carts.csv,5-18-24_Cart38,0.7,4.451077986440275,4.33734651645828,4.909188995018201
96f59fcc2340ce1bf4895cbf,5-18-24_train-ready_all_carts.csv,5-18-24_Cart38,0.75,4.67484179521029,4.674615515536329,4.675092013791823
96f59fcc2340ce1bf4895cbf,5-18-24_train-ready_all_carts.csv,5-18-24_Cart38,0.8,5.031688830864889,5.031545653398645,5.032024260557901
96f59fcc2340ce1bf4895cbf,5-18-24_train-ready_all_carts.csv,5-18-24_Cart38,0.85,5.2166248714999455,5.204638774473086,5.300197307758252
96f59fcc2340ce1bf4895cbf,5-18-24_train-ready_all_carts.csv,5-18-24_Cart38,0.9,5.477817732233885,5.476766016227859,5.4787300326020025
96f59fcc2340ce1bf4895cbf,5-18-24_train-ready_all_carts.csv,5-18-24_Cart38,0.95,5.698835406320917,5.698268966169827,5.698984226529661
96f59fcc2340ce1bf4895cbf,5-18-24_train-ready_all_carts.csv,5-18-24_Cart38,1.0,4.932951096659268,4.930514457852761,4.933449823900367
7df145077d0858b48457a3f9,5-18-24_train-ready_all_carts.csv,5-18-24_Cart4,0.0,0.6385805387417886,0.6366186773973075,0.6490415442326484
7df145077d0858b48457a3f9,5-18-24_train-ready_all_carts.csv,5-18-24_Cart4,0.05,0.9307614507805839,0.9281799682281378,0.9334572061188141
7df145077d0858b48457a3f9,5-18-24_train-ready_all_carts.csv,5-18-24_Cart4,0.1,1.189800436175886,1.1883430776236967,1.1902501421513147
7df145077d0858b48457a3f9,5-18-24_train-ready_all_carts.csv,5-18-24_Cart4,0.15,1.7800929445477136,1.600631170683365,2.1386379319623825
7df145077d0858b48457a3f9,5-18-24_train-ready_all_carts.csv,5-18-24_Cart4,0.2,1.9871177991708282,1.9854980233044597,2.618413773395572
7df145077d0858b48457a3f9,5-18-24_train-ready_all_carts.csv,5-18-24_Cart4,0.25,1.9489438109293924,1.9302381395136763,1.9864707231791052
7df145077d0858b48457a3f9,5-18-24_train-ready_all_carts.csv,5-18-24_Cart4,0.3,2.5562098024505415,2.553420802323122,2.5733198830147384
7df145077d0858b48457a3f9,5-18-24_train-ready_all_carts.csv,5-18-24_Cart4,0.35,2.811611451812914,2.809007644631375,2.930386089253341
7df145077d0858b48457a3f9,5-18-24_train-ready_all_carts.csv,5-18-24_Cart4,0.4,3.5588382101584766,3.1986236674645903,4.2489612733014
7df145077d0858b48457a3f9,5-18-24_train-ready_all_carts.csv,5-18-24_Cart4,0.45,3.453427625620808,3.4310899174528062,4.289448679420197
7df145077d0858b48457a3f9,5-18-24_train-ready_all_carts.csv,5-18-24_Cart4,0.5,3.6151774559406817,2.9433733294771764,3.7741072233285142
7df145077d0858b48457a3f9,5-18-24_train-ready_all_carts.csv,5-18-24_Cart4,0.55,3.8967812293170754,3.8957473622137293,4.211123112876891
7df145077d0858b48457a3f9,5-18-24_train-ready_all_carts.csv,5-18-24_Cart4,0.6,3.9867461020397745,3.9857385058383406,3.987344977127775
7df145077d0858b48457a3f9,5-18-24_train-ready_all_carts.csv,5-18-24_Cart4,0.65,4.355440734019854,4.3486044928642285,4.35872656989523
7df145077d0858b48457a3f9,5-18-24_train-ready_all_carts.csv,5-18-24_Cart4,0.7,4.450890925961463,4.4494302412650395,4.765758904063425
7df145077d0858b48457a3f9,5-18-24_train-ready_all_carts.csv,5-18-24_Cart4,0.75,4.810450500117987,4.715648173422667,4.929591069799422
7df145077d0858b48457a3f9,5-18-24_train-ready_all_carts.csv,5-18-24_Cart4,0.8,5.055154367620339,5.0461050002922905,5.063768291930435
7df145077d0858b48457a3f9,5-18-24_train-ready_all_carts.csv,5-18-24_Cart4,0.85,5.0464421247417155,5.045324258402643,5.048241512396691
7df145077d0858b48457a3f9,5-18-24_train-ready_all_carts.csv,5-18-24_Cart4,0.9,4.404952927824569,4.395214315760956,4.464953525528573
7df145077d0858b48457a3f9,5-18-24_train-ready_all_carts.csv,5-18-24_Cart4,0.95,5.5630216393674825,5.562244449123373,5.56428004939425
7df145077d0858b48457a3f9,5-18-24_train-ready_all_carts.csv,5-18-24_Cart4,1.0,5.802871591302023,5.80159638142811,5.819943731271828
c81c8e18434a87dc0e10119f,5-18-24_train-ready_all_carts.csv,5-18-24_Cart59,0.0,0.877442841437347,0.8769255655273803,0.8775668820892266
c81c8e18434a87dc0e10119f,5-18-24_train-ready_all_carts.csv,5-18-24_Cart59,0.05,1.063914355693325,0.7386703241268076,1.2036319278806387
c81c8e18434a87dc0e10119f,5-18-24_train-ready_all_carts.csv,5-18-24_Cart59,0.1,1.33479450721232,1.3345481853504273,1.33488775763146
c81c8e18434a87dc0e10119f,5-18-24_train-ready_all_carts.csv,5-18-24_Cart59,0.15,1.50785320960783,1.5069424638475257,1.687463838937332
c81c8e18434a87dc0e10119f,5-18-24_train-ready_all_carts.csv,5-18-24_Cart59,0.2,1.84151611187726,1.83948102411356,1.841849232871435
c81c8e18434a87dc0e10119f,5-18-24_train-ready_all_carts.csv,5-18-24_Cart59,0.25,2.13392596708657,2.071657383898796,2.6095692597331444
c81c8e18434a87dc0e10119f,5-18-24_train-ready_all_carts.csv,5-18-24_Cart59,0.3,2.30869953882533,2.27087857637419,2.5117115661071328
c81c8e18434a87dc0e10119f,5-18-24_train-ready_all_carts.csv,5-18-24_Cart59,0.35,2.582420602484775,2.5774224386667446,2.5886237493919433
c81c8e18434a87dc0e10119f,5-18-24_train-ready_all_carts.csv,5-18-24_Cart59,0.4,2.71511418948421,2.427429022178175,3.8741007762754025
c81c8e18434a87dc0e10119f,5-18-24_train-ready_all_carts.csv,5-18-24_Cart59,0.45,3.152421120507675,2.9998525848972477,3.23087826969909
c81c8e18434a87dc0e10119f,5-18-24_train-ready_all_carts.csv,5-18-24_Cart59,0.5,3.1438878274351,3.1409225814024624,3.160963210789605
c81c8e18434a87dc0e10119f,5-18-24_train-ready_all_carts.csv,5-18-24_Cart59,0.55,3.139579540774545,3.1305573574541836,3.1413933493989803
c81c8e18434a87dc0e10119f,5-18-24_train-ready_all_carts.csv,5-18-24_Cart59,0.6,3.43717271173475,3.11138507127827,3.5938949963614273
c81c8e18434a87dc0e10119f,5-18-24_train-ready_all_carts.csv,5-18-24_Cart59,0.65,3.74680398397382,3.7122971062302033,3.8381082258162227
c81c8e18434a87dc0e10119f,5-18-24_train-ready_all_carts.csv,5-18-24_Cart59,0.7,3.40135751301613,3.3980092951363123,3.4056722509635424
c81c8e18434a87dc0e10119f,5-18-24_train-ready_all_carts.csv,5-18-24_Cart59,0.75,3.828965227487415,3.1687873314921875,3.936548529293672
c81c8e18434a87dc0e10119f,5-18-24_train-ready_all_carts.csv,5-18-24_Cart59,0.8,3.25694956204201,3.194902844474125,3.32086656631839
c81c8e18434a87dc0e10119f,5-18-24_train-ready_all_carts.csv,5-18-24_Cart59,0.85,3.417505670504805,3.417224159805503,3.4179136850746015
c81c8e18434a87dc0e10119f,5-18-24_train-ready_all_carts.csv,5-18-24_Cart59,0.9,4.44015779858559,4.078242951718767,4.86201213813991
c81c8e18434a87dc0e10119f,5-18-24_train-ready_all_carts.csv,5-18-24_Cart59,0.95,5.2847708308157255,5.284418180016789,5.285596184997239
c81c8e18434a87dc0e10119f,5-18-24_train-ready_all_carts.csv,5-18-24_Cart59,1.0,5.59666943714542,5.537881792402566,5.77995137653025
81b4bc02da4160e01d3fc32d,5-18-24_train-ready_all_carts.csv,5-18-24_Cart6,0.0,0.5300910743997804,0.5273584135298,0.5332499326893203
81b4bc02da4160e01d3fc32d,5-18-24_train-ready_all_carts.csv,5-18-24_Cart6,0.05,1.5158320407429,0.881918151621235,2.098348735815767
81b4bc02da4160e01d3fc32d,5-18-24_train-ready_all_carts.csv,5-18-24_Cart6,0.1,1.4158332351329852,1.4104961985323643,1.419078582252639
81b4bc02da4160e01d3fc32d,5-18-24_train-ready_all_carts.csv,5-18-24_Cart6,0.15,1.7184487359054499,0.4106831644781189,1.9593215474784558
81b4bc02da4160e01d3fc32d,5-18-24_train-ready_all_carts.csv,5-18-24_Cart6,0.2,1.76665419114427,1.7656855503200921,1.7672045281453272
81b4bc02da4160e01d3fc32d,5-18-24_train-ready_all_carts.csv,5-18-24_Cart6,0.25,2.33409019860343,2.3080208864884426,2.7010674725180723
81b4bc02da4160e01d3fc32d,5-18-24_train-ready_all_carts.csv,5-18-24_Cart6,0.3,2.6738964642086147,2.521171500923975,2.854730581221911
81b4bc02da4160e01d3fc32d,5-18-24_train-ready_all_carts.csv,5-18-24_Cart6,0.35,2.772610714771175,2.7721653228509027,2.7734820769571487
81b4bc02da4160e01d3fc32d,5-18-24_train-ready_all_carts.csv,5-18-24_Cart6,0.4,-0.1725139699659865,-0.21589109966140463,0.020155885060602858
81b4bc02da4160e01d3fc32d,5-18-24_train-ready_all_carts.csv,5-18-24_Cart6,0.45,3.162044418744525,2.8559139392270776,4.0109126942720765
81b4bc02da4160e01d3fc32d,5-18-24_train-ready_all_carts.csv,5-18-24_Cart6,0.5,3.29304291088198,2.89603249009082,3.751976040302303
81b4bc02da4160e01d3fc32d,5-18-24_train-ready_all_carts.csv,5-18-24_Cart6,0.55,3.367093931689075,3.3638389305306053,3.37624255318022
81b4bc02da4160e01d3fc32d,5-18-24_train-ready_all_carts.csv,5-18-24_Cart6,0.6,3.445770940743655,3.444748464455958,3.4464178181328866
81b4bc02da4160e01d3fc32d,5-18-24_train-ready_all_carts.csv,5-18-24_Cart6,0.65,3.754689960979285,3.748226468414063,3.7612629417023924
81b4bc02da4160e01d3fc32d,5-18-24_train-ready_all_carts.csv,5-18-24_Cart6,0.7,3.83301942463644,3.775342789433042,3.8409226183316623
81b4bc02da4160e01d3fc32d,5-18-24_train-ready_all_carts.csv,5-18-24_Cart6,0.75,3.96919134581078,3.9665149055197952,3.97597132048383
81b4bc02da4160e01d3fc32d,5-18-24_train-ready_all_carts.csv,5-18-24_Cart6,0.8,4.2552064428942895,4.253885770384058,4.2587861036993395
81b4bc02da4160e01d3fc32d,5-18-24_train-ready_all_carts.csv,5-18-24_Cart6,0.85,4.41365988565936,4.4108956504035985,4.418856086870166
81b4bc02da4160e01d3fc32d,5-18-24_train-ready_all_carts.csv,5-18-24_Cart6,0.9,4.43126203784679,3.5731381513626084,4.768712547615118
81b4bc02da4160e01d3fc32d,5-18-24_train-ready_all_carts.csv,5-18-24_Cart6,0.95,3.9862540075937103,3.9859785267566314,3.986677308801623
81b4bc02da4160e01d3fc32d,5-18-24_train-ready_all_carts.csv,5-18-24_Cart6,1.0,4.549972642223516,4.5487613442942365,4.556808269590915
8d19ad4d1dfad65ec966ed6b,5-18-24_train-ready_all_carts.csv,5-18-24_Cart60,0.0,1.0866021566786916,0.9938498570576664,1.1714209583542883
8d19ad4d1dfad65ec966ed6b,5-18-24_train-ready_all_carts.csv,5-18-24_Cart60,0.05,1.3775388592480597,1.306365686634951,1.641816136752336
8d19ad4d1dfad65ec966ed6b,5-18-24_train-ready_all_carts.csv,5-18-24_Cart60,0.1,1.5968841902890838,1.468835776258654,1.7844517572221785
8d19ad4d1dfad65ec966ed6b,5-18-24_train-ready_all_carts.csv,5-18-24_Cart60,0.15,1.8604339024516727,1.8506607071697956,1.8679290473172756
8d19ad4d1dfad65ec966ed6b,5-18-24_train-ready_all_carts.csv,5-18-24_Cart60,0.2,1.8673178092943297,1.866972480280439,1.8676871343604364
8d19ad4d1dfad65ec966ed6b,5-18-24_train-ready_all_carts.csv,5-18-24_Cart60,0.25,2.1279816970147376,2.119154172924465,2.368838575630539
8d19ad4d1dfad65ec966ed6b,5-18-24_train-ready_all_carts.csv,5-18-24_Cart60,0.3,3.626654193349091,2.517669019459364,5.154142862286688
8d19ad4d1dfad65ec966ed6b,5-18-24_train-ready_all_carts.csv,5-18-24_Cart60,0.35,2.9511294239033377,2.95002780986322,2.9517332300780907
8d19ad4d1dfad65ec966ed6b,5-18-24_train-ready_all_carts.csv,5-18-24_Cart60,0.4,3.984173957546271,3.3369827314436034,5.061839307736604
8d19ad4d1dfad65ec966ed6b,5-18-24_train-ready_all_carts.csv,5-18-24_Cart60,0.45,3.475118808705275,3.4593621568655473,3.5026255274460683
8d19ad4d1dfad65ec966ed6b,5-18-24_train-ready_all_carts.csv,5-18-24_Cart60,0.5,4.018078300927232,3.7697949905507264,4.193185744548061
8d19ad4d1dfad65ec966ed6b,5-18-24_train-ready_all_carts.csv,5-18-24_Cart60,0.55,3.8840732605705623,3.863708170052116,4.287995469464869
8d19ad4d1dfad65ec966ed6b,5-18-24_train-ready_all_carts.csv,5-18-24_Cart60,0.6,4.543925647777278,4.3978758488441825,4.89445487700477
8d19ad4d1dfad65ec966ed6b,5-18-24_train-ready_all_carts.csv,5-18-24_Cart60,0.65,4.562723185162999,4.546248352264472,4.563708408902611
8d19ad4d1dfad65ec966ed6b,5-18-24_train-ready_all_carts.csv,5-18-24_Cart60,0.7,4.921307341177572,4.832290112109126,5.336274158230541
8d19ad4d1dfad65ec966ed6b,5-18-24_train-ready_all_carts.csv,5-18-24_Cart60,0.75,4.905702979244026,4.905323703059153,4.9070713840378986
8d19ad4d1dfad65ec966ed6b,5-18-24_train-ready_all_carts.csv,5-18-24_Cart60,0.8,5.2644735612810525,5.2640030245196465,5.264918716391426
8d19ad4d1dfad65ec966ed6b,5-18-24_train-ready_all_carts.csv,5-18-24_Cart60,0.85,5.483910845698015,5.483656147443014,5.484892668422353
8d19ad4d1dfad65ec966ed6b,5-18-24_train-ready_all_carts.csv,5-18-24_Cart60,0.9,5.480955741315055,5.4806079560123555,5.481323428855289
8d19ad4d1dfad65ec966ed6b,5-18-24_train-ready_all_carts.csv,5-18-24_Cart60,0.95,5.489480952936485,5.485454276814998,5.4905230492092985
8d19ad4d1dfad65ec966ed6b,5-18-24_train-ready_all_carts.csv,5-18-24_Cart60,1.0,5.585953900286054,5.4909156775282115,5.74558685037141
c887a3d2a7fee359f7e456f5,5-18-24_train-ready_all_carts.csv,5-18-24_Cart62,0.0,4.473151447480684,1.1325967440159084,7.3148545407043795
c887a3d2a7fee359f7e456f5,5-18-24_train-ready_all_carts.csv,5-18-24_Cart62,0.05,1.2636609638659424,1.263187697609058,1.2708620885151298
c887a3d2a7fee359f7e456f5,5-18-24_train-ready_all_carts.csv,5-18-24_Cart62,0.1,1.4000501301257238,1.3997398120270694,1.4006389867587141
c887a3d2a7fee359f7e456f5,5-18-24_train-ready_all_carts.csv,5-18-24_Cart62,0.15,1.6142780425934697,1.6139803116948026,1.6145347716228786
c887a3d2a7fee359f7e456f5,5-18-24_train-ready_all_carts.csv,5-18-24_Cart62,0.2,2.048816850017051,1.8616252461124283,2.282564269393156
c887a3d2a7fee359f7e456f5,5-18-24_train-ready_all_carts.csv,5-18-24_Cart62,0.25,2.3713071449351766,2.2771996919973128,3.0645698660270764
c887a3d2a7fee359f7e456f5,5-18-24_train-ready_all_carts.csv,5-18-24_Cart62,0.3,2.554692678665937,2.472794248898261,3.1222258471254607
c887a3d2a7fee359f7e456f5,5-18-24_train-ready_all_carts.csv,5-18-24_Cart62,0.35,2.849807683001525,2.837658604813446,3.1065843194443503
c887a3d2a7fee359f7e456f5,5-18-24_train-ready_all_carts.csv,5-18-24_Cart62,0.4,3.341071143350298,3.34100509170681,3.341317902320315
c887a3d2a7fee359f7e456f5,5-18-24_train-ready_all_carts.csv,5-18-24_Cart62,0.45,3.7856410767822055,3.613295327506139,4.220672965955715
c887a3d2a7fee359f7e456f5,5-18-24_train-ready_all_carts.csv,5-18-24_Cart62,0.5,3.610197941616613,3.6086351348065207,4.075979799539101
c887a3d2a7fee359f7e456f5,5-18-24_train-ready_all_carts.csv,5-18-24_Cart62,0.55,4.220208548126545,4.21889362191815,4.222044721502661
c887a3d2a7fee359f7e456f5,5-18-24_train-ready_all_carts.csv,5-18-24_Cart62,0.6,4.755206920266859,4.739285358542505,4.768276421875668
c887a3d2a7fee359f7e456f5,5-18-24_train-ready_all_carts.csv,5-18-24_Cart62,0.65,5.030982501891903,5.03084391806632,5.0312682687193
c887a3d2a7fee359f7e456f5,5-18-24_train-ready_all_carts.csv,5-18-24_Cart62,0.7,2.050362209223202,2.049259271402684,2.0539931802289506
c887a3d2a7fee359f7e456f5,5-18-24_train-ready_all_carts.csv,5-18-24_Cart62,0.75,2.2236555503318467,2.2227391149348747,2.716802541838861
c887a3d2a7fee359f7e456f5,5-18-24_train-ready_all_carts.csv,5-18-24_Cart62,0.8,2.660215787297668,2.6584573180719593,2.6613561128409207
c887a3d2a7fee359f7e456f5,5-18-24_train-ready_all_carts.csv,5-18-24_Cart62,0.85,3.4573855950191894,3.1696395862078424,3.5203185416164877
c887a3d2a7fee359f7e456f5,5-18-24_train-ready_all_carts.csv,5-18-24_Cart62,0.9,3.4204502637347183,3.412977704218516,3.7392609836075525
c887a3d2a7fee359f7e456f5,5-18-24_train-ready_all_carts.csv,5-18-24_Cart62,0.95,3.4438038816089875,3.4429193504020787,3.4454944298050734
c887a3d2a7fee359f7e456f5,5-18-24_train-ready_all_carts.csv,5-18-24_Cart62,1.0,3.4887676032209054,3.488547327221159,3.4888165188248097
a083fd45fbc96c29a5b62c19,5-18-24_train-ready_all_carts.csv,5-18-24_Cart63,0.0,0.948043738459426,0.702402653443166,1.38385572499771
a083fd45fbc96c29a5b62c19,5-18-24_train-ready_all_carts.csv,5-18-24_Cart63,0.05,1.2000461456573346,1.1985349128862703,1.2797807346352577
a083fd45fbc96c29a5b62c19,5-18-24_train-ready_all_carts.csv,5-18-24_Cart63,0.1,1.3828159769992274,1.3818830575242167,1.4760146821828015
a083fd45fbc96c29a5b62c19,5-18-24_train-ready_all_carts.csv,5-18-24_Cart63,0.15,1.6377626825269684,1.637703995080276,1.6379301836961748
a083fd45fbc96c29a5b62c19,5-18-24_train-ready_all_carts.csv,5-18-24_Cart63,0.2,2.0874276361333437,1.5908428753835016,2.1734108252097855
a083fd45fbc96c29a5b62c19,5-18-24_train-ready_all_carts.csv,5-18-24_Cart63,0.25,1.91548582481861,1.6905306378996112,2.49530191654724
a083fd45fbc96c29a5b62c19,5-18-24_train-ready_all_carts.csv,5-18-24_Cart63,0.3,2.851185819238432,2.8509368008335447,2.8512740365208815
a083fd45fbc96c29a5b62c19,5-18-24_train-ready_all_carts.csv,5-18-24_Cart63,0.35,3.017412738809715,3.017325886351608,3.0175588370517445
a083fd45fbc96c29a5b62c19,5-18-24_train-ready_all_carts.csv,5-18-24_Cart63,0.4,3.483893569055037,3.4818362204348894,3.629821890454746
a083fd45fbc96c29a5b62c19,5-18-24_train-ready_all_carts.csv,5-18-24_Cart63,0.45,3.684928472336864,3.684727905196107,3.6853156481876113
a083fd45fbc96c29a5b62c19,5-18-24_train-ready_all_carts.csv,5-18-24_Cart63,0.5,4.015611762083445,4.014697329774517,4.017270644033292
a083fd45fbc96c29a5b62c19,5-18-24_train-ready_all_carts.csv,5-18-24_Cart63,0.55,4.5029235340310665,4.463877150364894,4.680566588845835
a083fd45fbc96c29a5b62c19,5-18-24_train-ready_all_carts.csv,5-18-24_Cart63,0.6,4.525095725836422,4.524699058252752,4.525835212479734
a083fd45fbc96c29a5b62c19,5-18-24_train-ready_all_carts.csv,5-18-24_Cart63,0.65,4.874673147469514,4.874318355178147,4.874900762947225
a083fd45fbc96c29a5b62c19,5-18-24_train-ready_all_carts.csv,5-18-24_Cart63,0.7,4.451121005767756,4.449550341100358,4.819048242524907
a083fd45fbc96c29a5b62c19,5-18-24_train-ready_all_carts.csv,5-18-24_Cart63,0.75,5.566629162708017,5.491911916160005,5.764428315625592
a083fd45fbc96c29a5b62c19,5-18-24_train-ready_all_carts.csv,5-18-24_Cart63,0.8,5.894144819232491,5.89365832139215,5.9079735916872504
a083fd45fbc96c29a5b62c19,5-18-24_train-ready_all_carts.csv,5-18-24_Cart63,0.85,5.230501464587519,5.2293486843185555,5.230931756479969
a083fd45fbc96c29a5b62c19,5-18-24_train-ready_all_carts.csv,5-18-24_Cart63,0.9,5.511542370778853,5.409996151771661,5.538597345741523
a083fd45fbc96c29a5b62c19,5-18-24_train-ready_all_carts.csv,5-18-24_Cart63,0.95,5.888683040366951,5.311918944016207,6.484811822814737
a083fd45fbc96c29a5b62c19,5-18-24_train-ready_all_carts.csv,5-18-24_Cart63,1.0,5.148714986286814,5.142692698879134,5.150515313668436
9098be60ab4bba8ba0488582,5-18-24_train-ready_all_carts.csv,5-18-24_Cart69,0.0,0.365041038724667,0.25297123517526654,1.095211064841922
9098be60ab4bba8ba0488582,5-18-24_train-ready_all_carts.csv,5-18-24_Cart69,0.05,1.111708715395908,1.111264062202228,1.6094972229174305
9098be60ab4bba8ba0488582,5-18-24_train-ready_all_carts.csv,5-18-24_Cart69,0.1,1.433853154714091,1.4335449486839302,1.434018742603487
9098be60ab4bba8ba0488582,5-18-24_train-ready_all_carts.csv,5-18-24_Cart69,0.15,1.8511734902944355,1.8509857325979016,1.8515412919659493
9098be60ab4bba8ba0488582,5-18-24_train-ready_all_carts.csv,5-18-24_Cart69,0.2,2.3357449073316103,2.1966750784833917,2.437546090468657
9098be60ab4bba8ba0488582,5-18-24_train-ready_all_carts.csv,5-18-24_Cart69,0.25,2.818826147641573,2.2831609245955735,3.2918663508944137
9098be60ab4bba8ba0488582,5-18-24_train-ready_all_carts.csv,5-18-24_Cart69,0.3,3.2639650200858172,3.2611051721036968,3.278858616526957
9098be60ab4bba8ba0488582,5-18-24_train-ready_all_carts.csv,5-18-24_Cart69,0.35,3.7147903337835944,3.7140662153148845,3.7152677845785558
9098be60ab4bba8ba0488582,5-18-24_train-ready_all_carts.csv,5-18-24_Cart69,0.4,4.335580359627274,4.328740745570497,4.342177248579097
9098be60ab4bba8ba0488582,5-18-24_train-ready_all_carts.csv,5-18-24_Cart69,0.45,4.7727769558030175,4.771890677765602,4.774178910411103
9098be60ab4bba8ba0488582,5-18-24_train-ready_all_carts.csv,5-18-24_Cart69,0.5,0.7986401837215278,0.7929720839836942,0.8038917424953522
9098be60ab4bba8ba0488582,5-18-24_train-ready_all_carts.csv,5-18-24_Cart69,0.55,1.1587509891502688,1.1395243381872195,1.190548606424686
9098be60ab4bba8ba0488582,5-18-24_train-ready_all_carts.csv,5-18-24_Cart69,0.6,1.3747066233718233,1.3091290766605197,1.546888944756982
9098be60ab4bba8ba0488582,5-18-24_train-ready_all_carts.csv,5-18-24_Cart69,0.65,1.852584815645745,1.3061859776242761,2.130043494575506
9098be60ab4bba8ba0488582,5-18-24_train-ready_all_carts.csv,5-18-24_Cart69,0.7,2.3170582740161407,1.9088706419257195,2.661418802801629
9098be60ab4bba8ba0488582,5-18-24_train-ready_all_carts.csv,5-18-24_Cart69,0.75,3.0412213108952137,2.475080373894737,4.037928928963616
9098be60ab4bba8ba0488582,5-18-24_train-ready_all_carts.csv,5-18-24_Cart69,0.8,3.24398133877542,3.201766140554605,3.724458198133452
9098be60ab4bba8ba0488582,5-18-24_train-ready_all_carts.csv,5-18-24_Cart69,0.85,3.568012497247458,3.553764282176481,3.881689955815314
9098be60ab4bba8ba0488582,5-18-24_train-ready_all_carts.csv,5-18-24_Cart69,0.9,3.9628567623747286,3.955208293189486,4.093011986067677
9098be60ab4bba8ba0488582,5-18-24_train-ready_all_carts.csv,5-18-24_Cart69,0.95,4.383821402850074,4.292988274685114,5.458788782947586
9098be60ab4bba8ba0488582,5-18-24_train-ready_all_carts.csv,5-18-24_Cart69,1.0,4.554892319805747,4.403241411100121,5.001866772286864
c960c08e1437aa02b8735712,5-18-24_train-ready_all_carts.csv,5-18-24_Cart70,0.0,0.5096195844683017,0.5087604475421297,0.5099261680953304
c960c08e1437aa02b8735712,5-18-24_train-ready_all_carts.csv,5-18-24_Cart70,0.05,0.7479278869387002,0.747254281422352,0.7490163613020153
c960c08e1437aa02b8735712,5-18-24_train-ready_all_carts.csv,5-18-24_Cart70,0.1,0.984995799491149,0.9788040400735303,0.9912308378582184
c960c08e1437aa02b8735712,5-18-24_train-ready_all_carts.csv,5-18-24_Cart70,0.15,1.6230961793118548,1.4702585897920235,2.1270192245308803
c960c08e1437aa02b8735712,5-18-24_train-ready_all_carts.csv,5-18-24_Cart70,0.2,1.8523586542691972,1.8504099888239725,1.8915518132091989
c960c08e1437aa02b8735712,5-18-24_train-ready_all_carts.csv,5-18-24_Cart70,0.25,2.231041848615452,2.2289979577685943,2.270897427308141
c960c08e1437aa02b8735712,5-18-24_train-ready_all_carts.csv,5-18-24_Cart70,0.3,2.8194095033028725,2.580529438473223,3.1548378766520204
c960c08e1437aa02b8735712,5-18-24_train-ready_all_carts.csv,5-18-24_Cart70,0.35,2.9598289039765397,2.959448002370008,2.960039442303028
c960c08e1437aa02b8735712,5-18-24_train-ready_all_carts.csv,5-18-24_Cart70,0.4,2.6108658737266577,2.6093574939945183,2.762948863430966
c960c08e1437aa02b8735712,5-18-24_train-ready_all_carts.csv,5-18-24_Cart70,0.45,3.7485728238418146,3.6954589527442736,4.014740119889584
c960c08e1437aa02b8735712,5-18-24_train-ready_all_carts.csv,5-18-24_Cart70,0.5,3.376286012254694,3.3599994818008656,3.4031234703580906
c960c08e1437aa02b8735712,5-18-24_train-ready_all_carts.csv,5-18-24_Cart70,0.55,3.9249342500322033,3.8991121781609794,3.9983361096352175
c960c08e1437aa02b8735712,5-18-24_train-ready_all_carts.csv,5-18-24_Cart70,0.6,-0.0790830574868558,-0.07974869827096431,-0.07899035034615169
c960c08e1437aa02b8735712,5-18-24_train-ready_all_carts.csv,5-18-24_Cart70,0.65,2.622668904135704,2.422008016908689,2.808797083235276
c960c08e1437aa02b8735712,5-18-24_train-ready_all_carts.csv,5-18-24_Cart70,0.7,2.9127842759742224,2.901863105403915,3.313049083608651
c960c08e1437aa02b8735712,5-18-24_train-ready_all_carts.csv,5-18-24_Cart70,0.75,3.17184421978203,3.1709094178995794,3.1725046483516586
c960c08e1437aa02b8735712,5-18-24_train-ready_all_carts.csv,5-18-24_Cart70,0.8,3.3928819374175188,3.392214539707181,3.3933661462863385
c960c08e1437aa02b8735712,5-18-24_train-ready_all_carts.csv,5-18-24_Cart70,0.85,3.81546017667887,3.340874402766626,4.116631299636867
c960c08e1437aa02b8735712,5-18-24_train-ready_all_carts.csv,5-18-24_Cart70,0.9,4.414367046174329,4.220512432595767,4.6583183614367
c960c08e1437aa02b8735712,5-18-24_train-ready_all_carts.csv,5-18-24_Cart70,0.95,4.500012514720512,4.488065357796449,4.505374009366328
c960c08e1437aa02b8735712,5-18-24_train-ready_all_carts.csv,5-18-24_Cart70,1.0,5.106522189652621,4.666314074142449,6.081926051622896
c8ec2fe33689d31278f28ce7,5-18-24_train-ready_all_carts.csv,5-18-24_Cart73,0.0,0.6222594145932314,0.6220368641156186,0.6235218827571442
c8ec2fe33689d31278f28ce7,5-18-24_train-ready_all_carts.csv,5-18-24_Cart73,0.05,0.8296637425582298,0.8084345079854458,0.9588601331496766
c8ec2fe33689d31278f28ce7,5-18-24_train-ready_all_carts.csv,5-18-24_Cart73,0.1,1.4123321078207762,0.909767000726579,1.5989088903737518
c8ec2fe33689d31278f28ce7,5-18-24_train-ready_all_carts.csv,5-18-24_Cart73,0.15,1.4612377197894904,1.46031601398026,1.4623000659395082
c8ec2fe33689d31278f28ce7,5-18-24_train-ready_all_carts.csv,5-18-24_Cart73,0.2,1.8248100532943188,1.7571730901914193,2.2995015512446333
c8ec2fe33689d31278f28ce7,5-18-24_train-ready_all_carts.csv,5-18-24_Cart73,0.25,1.9844417535402683,1.6380827456910303,2.0961453875647527
c8ec2fe33689d31278f28ce7,5-18-24_train-ready_all_carts.csv,5-18-24_Cart73,0.3,2.21412540750047,2.213788980544702,2.2149346819645164
c8ec2fe33689d31278f28ce7,5-18-24_train-ready_all_carts.csv,5-18-24_Cart73,0.35,2.349247652549579,2.349076433195114,2.3501051366495553
c8ec2fe33689d31278f28ce7,5-18-24_train-ready_all_carts.csv,5-18-24_Cart73,0.4,2.1003009541323134,2.099617521847426,2.101502090852915
c8ec2fe33689d31278f28ce7,5-18-24_train-ready_all_carts.csv,5-18-24_Cart73,0.45,2.803985910535636,2.789211102256174,2.814136177695622
c8ec2fe33689d31278f28ce7,5-18-24_train-ready_all_carts.csv,5-18-24_Cart73,0.5,3.08126299572642,3.0803866670924944,3.081997123275947
c8ec2fe33689d31278f28ce7,5-18-24_train-ready_all_carts.csv,5-18-24_Cart73,0.55,3.375263159663537,3.3380900620426575,3.6368957555526027
c8ec2fe33689d31278f28ce7,5-18-24_train-ready_all_carts.csv,5-18-24_Cart73,0.6,3.421295847284886,3.4132480751824934,3.426992272431991
c8ec2fe33689d31278f28ce7,5-18-24_train-ready_all_carts.csv,5-18-24_Cart73,0.65,3.5861635533132166,3.3322062320518064,4.113161003308895
c8ec2fe33689d31278f28ce7,5-18-24_train-ready_all_carts.csv,5-18-24_Cart73,0.7,3.878859629256843,3.8787444810616725,3.8789889397551334
c8ec2fe33689d31278f28ce7,5-18-24_train-ready_all_carts.csv,5-18-24_Cart73,0.75,4.235089531160014,4.234795070865739,4.235823022851035
c8ec2fe33689d31278f28ce7,5-18-24_train-ready_all_carts.csv,5-18-24_Cart73,0.8,4.472632396272486,3.5998230657705843,4.679472486520087
c8ec2fe33689d31278f28ce7,5-18-24_train-ready_all_carts.csv,5-18-24_Cart73,0.85,3.825187390694894,3.777955878565699,3.8372487016964074
c8ec2fe33689d31278f28ce7,5-18-24_train-ready_all_carts.csv,5-18-24_Cart73,0.9,4.554910174925729,4.5544801611587244,4.555655401096477
c8ec2fe33689d31278f28ce7,5-18-24_train-ready_all_carts.csv,5-18-24_Cart73,0.95,4.847255950637059,4.725172562336712,4.919536357198701
c8ec2fe33689d31278f28ce7,5-18-24_train-ready_all_carts.csv,5-18-24_Cart73,1.0,4.19557612739975,3.6897876801152547,4.264026295728378
17490fa5746c9ef88d41a16c,5-18-24_train-ready_all_carts.csv,5-18-24_Cart74,0.0,0.7504395641341087,0.6111960813371792,0.8887613859644253
17490fa5746c9ef88d41a16c,5-18-24_train-ready_all_carts.csv,5-18-24_Cart74,0.05,0.7165703776120611,0.530443511341927,0.9676412666509464
17490fa5746c9ef88d41a16c,5-18-24_train-ready_all_carts.csv,5-18-24_Cart74,0.1,1.0685564680915427,0.9045785357554681,1.8393248929571813
17490fa5746c9ef88d41a16c,5-18-24_train-ready_all_carts.csv,5-18-24_Cart74,0.15,1.1831307621837834,1.1824900194454881,1.1851580010141127
17490fa5746c9ef88d41a16c,5-18-24_train-ready_all_carts.csv,5-18-24_Cart74,0.2,1.3678545205131132,1.3659299191769736,1.3681772650035138
17490fa5746c9ef88d41a16c,5-18-24_train-ready_all_carts.csv,5-18-24_Cart74,0.25,1.188486896851683,0.9972257827508,1.7626291737438406
17490fa5746c9ef88d41a16c,5-18-24_train-ready_all_carts.csv,5-18-24_Cart74,0.3,1.6386157898680065,1.6371669993430826,1.712585386042025
17490fa5746c9ef88d41a16c,5-18-24_train-ready_all_carts.csv,5-18-24_Cart74,0.35,2.0480812502150965,1.9835074343618049,2.7972429993529735
17490fa5746c9ef88d41a16c,5-18-24_train-ready_all_carts.csv,5-18-24_Cart74,0.4,2.275433385611098,2.275016902831206,2.279584567962814
17490fa5746c9ef88d41a16c,5-18-24_train-ready_all_carts.csv,5-18-24_Cart74,0.45,2.4835086570694176,2.4831847260183912,2.483905561598973
17490fa5746c9ef88d41a16c,5-18-24_train-ready_all_carts.csv,5-18-24_Cart74,0.5,2.685627394182843,2.6839834144348647,2.7688106336214258
17490fa5746c9ef88d41a16c,5-18-24_train-ready_all_carts.csv,5-18-24_Cart74,0.55,2.811882191082085,2.8019222011834697,2.954944025975005
17490fa5746c9ef88d41a16c,5-18-24_train-ready_all_carts.csv,5-18-24_Cart74,0.6,3.206733970753533,3.0880731618637185,3.268865251557229
17490fa5746c9ef88d41a16c,5-18-24_train-ready_all_carts.csv,5-18-24_Cart74,0.65,3.417455272408888,3.417149139767257,3.4177121627845195
17490fa5746c9ef88d41a16c,5-18-24_train-ready_all_carts.csv,5-18-24_Cart74,0.7,3.6181501367705455,3.6047224234410624,4.378045513335498
17490fa5746c9ef88d41a16c,5-18-24_train-ready_all_carts.csv,5-18-24_Cart74,0.75,3.348620517345932,3.3410550067915388,3.3618103252698064
17490fa5746c9ef88d41a16c,5-18-24_train-ready_all_carts.csv,5-18-24_Cart74,0.8,4.288386025997625,4.098434281548055,4.832179048466168
17490fa5746c9ef88d41a16c,5-18-24_train-ready_all_carts.csv,5-18-24_Cart74,0.85,4.422764016945703,4.420247321856953,4.424279254865708
17490fa5746c9ef88d41a16c,5-18-24_train-ready_all_carts.csv,5-18-24_Cart74,0.9,4.696921222813561,4.68812228248795,4.7057705919657975
17490fa5746c9ef88d41a16c,5-18-24_train-ready_all_carts.csv,5-18-24_Cart74,0.95,5.084138671414282,4.946695794368025,5.18751242647293
17490fa5746c9ef88d41a16c,5-18-24_train-ready_all_carts.csv,5-18-24_Cart74,1.0,4.915590107545033,4.9138873930460445,4.916723272943315
7b34bda8e52bcc3a9f1cb460,5-18-24_train-ready_all_carts.csv,5-18-24_Cart75,0.0,0.7051718374267952,0.7020822413683634,0.7079347380420017
7b34bda8e52bcc3a9f1cb460,5-18-24_train-ready_all_carts.csv,5-18-24_Cart75,0.05,1.0121521501911412,0.9420322973507058,1.4418394032958077
7b34bda8e52bcc3a9f1cb460,5-18-24_train-ready_all_carts.csv,5-18-24_Cart75,0.1,1.402978799009856,1.2268553405590001,2.0628370025188323
7b34bda8e52bcc3a9f1cb460,5-18-24_train-ready_all_carts.csv,5-18-24_Cart75,0.15,1.2878158531425563,1.1506578316224003,1.3567311195556007
7b34bda8e52bcc3a9f1cb460,5-18-24_train-ready_all_carts.csv,5-18-24_Cart75,0.2,1.5572133331022222,1.5567366412647823,1.5574711291028298
7b34bda8e52bcc3a9f1cb460,5-18-24_train-ready_all_carts.csv,5-18-24_Cart75,0.25,1.8976992140478293,1.8288479021413298,2.277656893378014
7b34bda8e52bcc3a9f1cb460,5-18-24_train-ready_all_carts.csv,5-18-24_Cart75,0.3,1.954050386886508,1.122265327340658,2.31696122326092
7b34bda8e52bcc3a9f1cb460,5-18-24_train-ready_all_carts.csv,5-18-24_Cart75,0.35,2.1063148584473783,2.1060445352753856,2.106517271163968
7b34bda8e52bcc3a9f1cb460,5-18-24_train-ready_all_carts.csv,5-18-24_Cart75,0.4,2.2758800130157715,2.274625977227649,2.278213363517433
7b34bda8e52bcc3a9f1cb460,5-18-24_train-ready_all_carts.csv,5-18-24_Cart75,0.45,2.512778054453837,2.422474291212895,2.8987092165602473
7b34bda8e52bcc3a9f1cb460,5-18-24_train-ready_all_carts.csv,5-18-24_Cart75,0.5,2.690344774913209,2.6600257235374114,2.7055085862123707
7b34bda8e52bcc3a9f1cb460,5-18-24_train-ready_all_carts.csv,5-18-24_Cart75,0.55,2.922445569035622,2.812687767958553,3.660165417300976
7b34bda8e52bcc3a9f1cb460,5-18-24_train-ready_all_carts.csv,5-18-24_Cart75,0.6,3.0844205763943124,3.0840645409970535,3.199403526588553
7b34bda8e52bcc3a9f1cb460,5-18-24_train-ready_all_carts.csv,5-18-24_Cart75,0.65,3.411712049247443,3.407445558403629,3.4151273517618854
7b34bda8e52bcc3a9f1cb460,5-18-24_train-ready_all_carts.csv,5-18-24_Cart75,0.7,3.262216741887472,3.176900111507388,3.7198883772166544
7b34bda8e52bcc3a9f1cb460,5-18-24_train-ready_all_carts.csv,5-18-24_Cart75,0.75,3.4872812216403624,3.4866469511733946,3.487630663789524
7b34bda8e52bcc3a9f1cb460,5-18-24_train-ready_all_carts.csv,5-18-24_Cart75,0.8,3.681096342710916,3.6736644334555493,3.6995330423656156
7b34bda8e52bcc3a9f1cb460,5-18-24_train-ready_all_carts.csv,5-18-24_Cart75,0.85,4.389058225013559,4.3118301913993395,4.676319451368265
7b34bda8e52bcc3a9f1cb460,5-18-24_train-ready_all_carts.csv,5-18-24_Cart75,0.9,4.135692887127479,4.1191464717022965,4.208225868771555
7b34bda8e52bcc3a9f1cb460,5-18-24_train-ready_all_carts.csv,5-18-24_Cart75,0.95,4.418042143649637,4.417732260989061,4.418263676785709
7b34bda8e52bcc3a9f1cb460,5-18-24_train-ready_all_carts.csv,5-18-24_Cart75,1.0,4.7220647253175,4.572983803600448,4.797556097382868
173f3c5e1e013398eba85af7,5-18-24_train-ready_all_carts.csv,5-18-24_Cart77,0.0,0.6727919861189786,0.5890383655819419,1.5353725596294994
173f3c5e1e013398eba85af7,5-18-24_train-ready_all_carts.csv,5-18-24_Cart77,0.05,1.2951084075630201,1.0817721198813999,2.8782654419642064
173f3c5e1e013398eba85af7,5-18-24_train-ready_all_carts.csv,5-18-24_Cart77,0.1,1.6343570348451393,1.6336919579684095,1.6360006452052318
173f3c5e1e013398eba85af7,5-18-24_train-ready_all_carts.csv,5-18-24_Cart77,0.15,2.0649056417362575,2.064393464544921,2.0654615570587507
173f3c5e1e013398eba85af7,5-18-24_train-ready_all_carts.csv,5-18-24_Cart77,0.2,3.1762057934249777,1.6769982822827387,4.34484332713623
173f3c5e1e013398eba85af7,5-18-24_train-ready_all_carts.csv,5-18-24_Cart77,0.25,3.0622992032800873,3.0619104607306054,3.0629340187607488
173f3c5e1e013398eba85af7,5-18-24_train-ready_all_carts.csv,5-18-24_Cart77,0.3,3.5347408537797187,3.4487447045235773,3.8518809584033242
173f3c5e1e013398eba85af7,5-18-24_train-ready_all_carts.csv,5-18-24_Cart77,0.35,4.047881019095728,4.012535831004725,4.430598426607906
173f3c5e1e013398eba85af7,5-18-24_train-ready_all_carts.csv,5-18-24_Cart77,0.4,4.547866665805415,4.54263689623767,4.819019617215703
173f3c5e1e013398eba85af7,5-18-24_train-ready_all_carts.csv,5-18-24_Cart77,0.45,4.937291628145927,4.936371228397115,4.940185879522442
173f3c5e1e013398eba85af7,5-18-24_train-ready_all_carts.csv,5-18-24_Cart77,0.5,5.271983893809633,4.833947735417858,5.506783536086241
173f3c5e1e013398eba85af7,5-18-24_train-ready_all_carts.csv,5-18-24_Cart77,0.55,5.750817192215493,5.640708100987635,6.199887917525926
173f3c5e1e013398eba85af7,5-18-24_train-ready_all_carts.csv,5-18-24_Cart77,0.6,2.491211527389254,1.9423197279034785,4.051240769153857
173f3c5e1e013398eba85af7,5-18-24_train-ready_all_carts.csv,5-18-24_Cart77,0.65,2.4659855296148114,2.4309827118529985,2.466595351877668
173f3c5e1e013398eba85af7,5-18-24_train-ready_all_carts.csv,5-18-24_Cart77,0.7,3.047999162191048,3.0463388284278663,3.048820262905397
173f3c5e1e013398eba85af7,5-18-24_train-ready_all_carts.csv,5-18-24_Cart77,0.75,3.517678081997073,3.382925861787446,3.801640547595362
173f3c5e1e013398eba85af7,5-18-24_train-ready_all_carts.csv,5-18-24_Cart77,0.8,4.449898152641959,3.5196484419252303,5.826501188811727
173f3c5e1e013398eba85af7,5-18-24_train-ready_all_carts.csv,5-18-24_Cart77,0.85,4.334652465092139,4.33450366968516,4.334929350740367
173f3c5e1e013398eba85af7,5-18-24_train-ready_all_carts.csv,5-18-24_Cart77,0.9,4.722853494854864,4.722385545857781,4.724456307462364
173f3c5e1e013398eba85af7,5-18-24_train-ready_all_carts.csv,5-18-24_Cart77,0.95,5.297113104122969,5.294990028283079,5.2999334172301475
173f3c5e1e013398eba85af7,5-18-24_train-ready_all_carts.csv,5-18-24_Cart77,1.0,4.65342870661365,4.650441159475575,4.656825762724825
7d5417f148a9eb98d3c13752,5-18-24_train-ready_all_carts.csv,5-18-24_Cart8,0.0,1.0849175858060207,1.0842753735863524,1.0855307348189118
7d5417f148a9eb98d3c13752,5-18-24_train-ready_all_carts.csv,5-18-24_Cart8,0.05,1.3468058599120047,1.3393481846194584,1.7914305985510175
7d5417f148a9eb98d3c13752,5-18-24_train-ready_all_carts.csv,5-18-24_Cart8,0.1,1.537370202915174,1.5372217830436687,1.5375050787679865
7d5417f148a9eb98d3c13752,5-18-24_train-ready_all_carts.csv,5-18-24_Cart8,0.15,2.258835247962555,1.9395389576261648,2.6183916981964477
7d5417f148a9eb98d3c13752,5-18-24_train-ready_all_carts.csv,5-18-24_Cart8,0.2,1.963065482429112,1.962959387616021,1.9631326381884622
7d5417f148a9eb98d3c13752,5-18-24_train-ready_all_carts.csv,5-18-24_Cart8,0.25,2.022896185003135,2.004593701076699,2.043010181429689
7d5417f148a9eb98d3c13752,5-18-24_train-ready_all_carts.csv,5-18-24_Cart8,0.3,2.4307720505906687,1.809817168260169,2.961154129585781
7d5417f148a9eb98d3c13752,5-18-24_train-ready_all_carts.csv,5-18-24_Cart8,0.35,2.253607256747258,2.251369671992438,2.2553549994926994
7d5417f148a9eb98d3c13752,5-18-24_train-ready_all_carts.csv,5-18-24_Cart8,0.4,2.764756264864939,2.3651484583550504,3.0325051487259804
7d5417f148a9eb98d3c13752,5-18-24_train-ready_all_carts.csv,5-18-24_Cart8,0.45,2.873559881694514,2.8733601074188004,2.873770942652472
7d5417f148a9eb98d3c13752,5-18-24_train-ready_all_carts.csv,5-18-24_Cart8,0.5,3.264428974477192,3.2630074168485956,3.2678652048862977
7d5417f148a9eb98d3c13752,5-18-24_train-ready_all_carts.csv,5-18-24_Cart8,0.55,3.5334944498219656,3.5334323730696253,3.5335988516327212
7d5417f148a9eb98d3c13752,5-18-24_train-ready_all_carts.csv,5-18-24_Cart8,0.6,3.5539820354307885,3.552616911213409,3.5544380173934353
7d5417f148a9eb98d3c13752,5-18-24_train-ready_all_carts.csv,5-18-24_Cart8,0.65,3.891408687789397,3.8910187329178756,3.8917247148922205
7d5417f148a9eb98d3c13752,5-18-24_train-ready_all_carts.csv,5-18-24_Cart8,0.7,4.070903052847913,4.070240524600207,4.071112985137647
7d5417f148a9eb98d3c13752,5-18-24_train-ready_all_carts.csv,5-18-24_Cart8,0.75,4.310370332676724,4.170767617340454,4.737188637073913
7d5417f148a9eb98d3c13752,5-18-24_train-ready_all_carts.csv,5-18-24_Cart8,0.8,4.657512561110737,4.6573776852579245,4.657638407617755
7d5417f148a9eb98d3c13752,5-18-24_train-ready_all_carts.csv,5-18-24_Cart8,0.85,5.021320704545844,4.800079723538324,5.439364177832644
7d5417f148a9eb98d3c13752,5-18-24_train-ready_all_carts.csv,5-18-24_Cart8,0.9,5.222469698157185,5.203021615983011,5.426834831873878
7d5417f148a9eb98d3c13752,5-18-24_train-ready_all_carts.csv,5-18-24_Cart8,0.95,5.272663831431509,5.256243401769216,5.424892393859732
7d5417f148a9eb98d3c13752,5-18-24_train-ready_all_carts.csv,5-18-24_Cart8,1.0,5.0394448588928284,5.038448244850708,5.040581145627716
0b084b350ca927923a6a7500,5-22-24_train-ready_all_carts.csv,5-22-24_Cart1,0.0,0.5814512706639249,0.5792842574146055,0.5816732691323564
0b084b350ca927923a6a7500,5-22-24_train-ready_all_carts.csv,5-22-24_Cart1,0.05,0.7336776911682257,0.7142470946344128,0.8557628354526179
0b084b350ca927923a6a7500,5-22-24_train-ready_all_carts.csv,5-22-24_Cart1,0.1,0.7987198715088439,0.7982812680271809,0.7987943686087684
0b084b350ca927923a6a7500,5-22-24_train-ready_all_carts.csv,5-22-24_Cart1,0.15,0.9432288354945599,0.9409101794736378,0.9437876841336369
0b084b350ca927923a6a7500,5-22-24_train-ready_all_carts.csv,5-22-24_Cart1,0.2,0.9891483278061723,0.9880508559850159,0.9896298381501722
0b084b350ca927923a6a7500,5-22-24_train-ready_all_carts.csv,5-22-24_Cart1,0.25,1.1924170599434774,1.1921207569985217,1.1927780361949636
0b084b350ca927923a6a7500,5-22-24_train-ready_all_carts.csv,5-22-24_Cart1,0.3,1.4116927966157666,1.3537054482979372,1.5085504394568667
0b084b350ca927923a6a7500,5-22-24_train-ready_all_carts.csv,5-22-24_Cart1,0.35,1.4484607511962455,1.4476369490705525,1.44882692827953
0b084b350ca927923a6a7500,5-22-24_train-ready_all_carts.csv,5-22-24_Cart1,0.4,1.6493611786312932,1.6488414806982556,1.6495387774060377
0b084b350ca927923a6a7500,5-22-24_train-ready_all_carts.csv,5-22-24_Cart1,0.45,2.19019278799282,1.850551648750797,4.48222994049936
0b084b350ca927923a6a7500,5-22-24_train-ready_all_carts.csv,5-22-24_Cart1,0.5,2.0006889240152033,2.0003893946282956,2.0507306052413727
0b084b350ca927923a6a7500,5-22-24_train-ready_all_carts.csv,5-22-24_Cart1,0.55,2.1685650326475976,2.1684233099810917,2.1686528689179707
0b084b350ca927923a6a7500,5-22-24_train-ready_all_carts.csv,5-22-24_Cart1,0.6,2.3978957107967367,2.3974457906903304,2.3981020586139237
0b084b350ca927923a6a7500,5-22-24_train-ready_all_carts.csv,5-22-24_Cart1,0.65,2.579779393072744,2.544856578040287,2.7193312420168665
0b084b350ca927923a6a7500,5-22-24_train-ready_all_carts.csv,5-22-24_Cart1,0.7,2.875235758187162,2.6961384215471362,3.120595592562278
0b084b350ca927923a6a7500,5-22-24_train-ready_all_carts.csv,5-22-24_Cart1,0.75,2.8608631632006696,2.859660181912195,3.043536938507378
0b084b350ca927923a6a7500,5-22-24_train-ready_all_carts.csv,5-22-24_Cart1,0.8,4.299797522312773,3.185769238373359,10.180205109072787
0b084b350ca927923a6a7500,5-22-24_train-ready_all_carts.csv,5-22-24_Cart1,0.85,3.556656445345639,3.5215024340774033,3.5613795711121563
0b084b350ca927923a6a7500,5-22-24_train-ready_all_carts.csv,5-22-24_Cart1,0.9,5.061745384933018,3.946058372740865,8.285149951840056
0b084b350ca927923a6a7500,5-22-24_train-ready_all_carts.csv,5-22-24_Cart1,0.95,3.8667435208024745,3.865721075795596,3.8669763061813
0b084b350ca927923a6a7500,5-22-24_train-ready_all_carts.csv,5-22-24_Cart1,1.0,4.672650932639941,3.9158961968820716,5.077506553853825
0012457861a5610920c5705f,5-22-24_train-ready_all_carts.csv,5-22-24_Cart10,0.0,-0.017433158197521,-0.29401175564764537,0.48458879081813655
0012457861a5610920c5705f,5-22-24_train-ready_all_carts.csv,5-22-24_Cart10,0.05,0.6638808125468842,0.6593067590383301,0.6669234281945987
0012457861a5610920c5705f,5-22-24_train-ready_all_carts.csv,5-22-24_Cart10,0.1,1.1090468414189503,1.060885724674378,1.1515543410204976
0012457861a5610920c5705f,5-22-24_train-ready_all_carts.csv,5-22-24_Cart10,0.15,1.212562146935094,1.2115089959737357,1.2133204081695763
0012457861a5610920c5705f,5-22-24_train-ready_all_carts.csv,5-22-24_Cart10,0.2,1.5912042850921257,1.5898540070951097,1.591708611779923
0012457861a5610920c5705f,5-22-24_train-ready_all_carts.csv,5-22-24_Cart10,0.25,2.053121541989948,1.5294135453989854,2.476709349140478
0012457861a5610920c5705f,5-22-24_train-ready_all_carts.csv,5-22-24_Cart10,0.3,2.0376965408918073,2.037087495723549,2.0387263865533605
0012457861a5610920c5705f,5-22-24_train-ready_all_carts.csv,5-22-24_Cart10,0.35,2.3578566704534634,2.3069831275488255,2.5413220188290384
0012457861a5610920c5705f,5-22-24_train-ready_all_carts.csv,5-22-24_Cart10,0.4,2.522264063302235,2.52007945557217,2.5241043119223674
0012457861a5610920c5705f,5-22-24_train-ready_all_carts.csv,5-22-24_Cart10,0.45,2.8523242842213996,2.8483191286179714,3.0797387048233094
0012457861a5610920c5705f,5-22-24_train-ready_all_carts.csv,5-22-24_Cart10,0.5,3.0831909344204105,3.079163157139304,3.087957645074026
0012457861a5610920c5705f,5-22-24_train-ready_all_carts.csv,5-22-24_Cart10,0.55,3.274104221581659,3.2726214451868136,3.2746879727311953
0012457861a5610920c5705f,5-22-24_train-ready_all_carts.csv,5-22-24_Cart10,0.6,3.406143971110795,3.404893129059617,3.407392451558259
0012457861a5610920c5705f,5-22-24_train-ready_all_carts.csv,5-22-24_Cart10,0.65,3.2144078514977354,3.211194827497841,3.2166702057079513
0012457861a5610920c5705f,5-22-24_train-ready_all_carts.csv,5-22-24_Cart10,0.7,2.869288056581385,2.867275721627485,2.871720259816586
0012457861a5610920c5705f,5-22-24_train-ready_all_carts.csv,5-22-24_Cart10,0.75,3.5680754089081965,3.566821894515974,3.5711430078373034
0012457861a5610920c5705f,5-22-24_train-ready_all_carts.csv,5-22-24_Cart10,0.8,4.344056128938474,3.879439807585808,4.892858091558479
0012457861a5610920c5705f,5-22-24_train-ready_all_carts.csv,5-22-24_Cart10,0.85,4.160599294765763,4.157931552633858,4.3552091753610105
0012457861a5610920c5705f,5-22-24_train-ready_all_carts.csv,5-22-24_Cart10,0.9,4.442333646007595,4.439181526524526,4.508683026637684
0012457861a5610920c5705f,5-22-24_train-ready_all_carts.csv,5-22-24_Cart10,0.95,5.214355572444192,5.132795040146981,5.290823430627836
0012457861a5610920c5705f,5-22-24_train-ready_all_carts.csv,5-22-24_Cart10,1.0,4.893276903332856,4.892639581067501,4.894035723894535
51d1bcb9a6c47e052b2a189a,5-22-24_train-ready_all_carts.csv,5-22-24_Cart11,0.0,4.318559332640476,4.315515419175997,4.331315166981903
51d1bcb9a6c47e052b2a189a,5-22-24_train-ready_all_carts.csv,5-22-24_Cart11,0.05,4.509362981578023,4.508998788456816,4.509546987038813
51d1bcb9a6c47e052b2a189a,5-22-24_train-ready_all_carts.csv,5-22-24_Cart11,0.1,4.2986879946128855,4.223087285679522,4.309866764464173
51d1bcb9a6c47e052b2a189a,5-22-24_train-ready_all_carts.csv,5-22-24_Cart11,0.15,0.726976771267942,0.6920643637323067,8.90792715187458
51d1bcb9a6c47e052b2a189a,5-22-24_train-ready_all_carts.csv,5-22-24_Cart11,0.2,0.8807114561520057,0.7587611485570237,1.3613927391764786
51d1bcb9a6c47e052b2a189a,5-22-24_train-ready_all_carts.csv,5-22-24_Cart11,0.25,1.166882506768042,1.1018578559215386,1.3676650096744665
51d1bcb9a6c47e052b2a189a,5-22-24_train-ready_all_carts.csv,5-22-24_Cart11,0.3,1.4611335250671065,1.457059306195982,1.6277094128125005
51d1bcb9a6c47e052b2a189a,5-22-24_train-ready_all_carts.csv,5-22-24_Cart11,0.35,1.6727548258305953,1.6721853477055155,1.6738518488635021
51d1bcb9a6c47e052b2a189a,5-22-24_train-ready_all_carts.csv,5-22-24_Cart11,0.4,1.8415629376455716,1.8394360473142588,1.8424789593884747
51d1bcb9a6c47e052b2a189a,5-22-24_train-ready_all_carts.csv,5-22-24_Cart11,0.45,2.3449943679425322,2.344566523952748,2.3456819475317325
51d1bcb9a6c47e052b2a189a,5-22-24_train-ready_all_carts.csv,5-22-24_Cart11,0.5,2.618475300453139,2.543501211476728,2.8890522012016
51d1bcb9a6c47e052b2a189a,5-22-24_train-ready_all_carts.csv,5-22-24_Cart11,0.55,2.734142134496567,2.733502371292416,2.73440130681396
51d1bcb9a6c47e052b2a189a,5-22-24_train-ready_all_carts.csv,5-22-24_Cart11,0.6,3.00760053572626,3.0075059669333157,3.007793929220764
51d1bcb9a6c47e052b2a189a,5-22-24_train-ready_all_carts.csv,5-22-24_Cart11,0.65,3.248981903362564,3.2486569522222823,3.2495538849633028
51d1bcb9a6c47e052b2a189a,5-22-24_train-ready_all_carts.csv,5-22-24_Cart11,0.7,3.5479457145859685,3.4807457311541907,4.298663147616988
51d1bcb9a6c47e052b2a189a,5-22-24_train-ready_all_carts.csv,5-22-24_Cart11,0.75,3.5801178802543223,3.5783760870659527,3.9341806872130616
51d1bcb9a6c47e052b2a189a,5-22-24_train-ready_all_carts.csv,5-22-24_Cart11,0.8,3.797075339380749,3.666329633346853,4.2916862738953325
51d1bcb9a6c47e052b2a189a,5-22-24_train-ready_all_carts.csv,5-22-24_Cart11,0.85,4.300297729460349,4.2999881121084655,4.300425469305749
51d1bcb9a6c47e052b2a189a,5-22-24_train-ready_all_carts.csv,5-22-24_Cart11,0.9,4.641044549399402,4.640296636046869,4.644555736595266
51d1bcb9a6c47e052b2a189a,5-22-24_train-ready_all_carts.csv,5-22-24_Cart11,0.95,5.22953156514359,4.844650159217356,5.906233051919035
51d1bcb9a6c47e052b2a189a,5-22-24_train-ready_all_carts.csv,5-22-24_Cart11,1.0,4.591533311330535,4.556053741384801,5.069921535826961
13e159aeb1c90fb5ba759c86,5-22-24_train-ready_all_carts.csv,5-22-24_Cart13,0.0,1.645805730274298,0.754320845831312,7.791947043817081
13e159aeb1c90fb5ba759c86,5-22-24_train-ready_all_carts.csv,5-22-24_Cart13,0.05,1.4152128356940548,1.256134530356353,1.9060083493263589
13e159aeb1c90fb5ba759c86,5-22-24_train-ready_all_carts.csv,5-22-24_Cart13,0.1,1.5314942058881797,1.530855110695688,1.5320015516532517
13e159aeb1c90fb5ba759c86,5-22-24_train-ready_all_carts.csv,5-22-24_Cart13,0.15,1.8766579374963293,1.8765799692782499,1.876980566610515
13e159aeb1c90fb5ba759c86,5-22-24_train-ready_all_carts.csv,5-22-24_Cart13,0.2,1.967653418023946,1.9658161937710807,1.9705767319962215
13e159aeb1c90fb5ba759c86,5-22-24_train-ready_all_carts.csv,5-22-24_Cart13,0.25,1.9559890004914235,1.9528615504910523,1.9929840769133604
13e159aeb1c90fb5ba759c86,5-22-24_train-ready_all_carts.csv,5-22-24_Cart13,0.3,2.536517909558243,1.7588488321058888,3.0575568356629934
13e159aeb1c90fb5ba759c86,5-22-24_train-ready_all_carts.csv,5-22-24_Cart13,0.35,2.091990922667807,2.0106169877037043,2.317041445593743
13e159aeb1c90fb5ba759c86,5-22-24_train-ready_all_carts.csv,5-22-24_Cart13,0.4,3.369782454572498,2.8623692449566267,3.9728355736708028
13e159aeb1c90fb5ba759c86,5-22-24_train-ready_all_carts.csv,5-22-24_Cart13,0.45,2.0328083356557674,2.0282358281668467,2.0356991483350493
13e159aeb1c90fb5ba759c86,5-22-24_train-ready_all_carts.csv,5-22-24_Cart13,0.5,5.299017344632168,3.1988210020703423,8.042288689175836
13e159aeb1c90fb5ba759c86,5-22-24_train-ready_all_carts.csv,5-22-24_Cart13,0.55,3.367204445035102,3.005125621891204,4.16733784641557
13e159aeb1c90fb5ba759c86,5-22-24_train-ready_all_carts.csv,5-22-24_Cart13,0.6,3.433618715093174,3.4335336535696483,3.4337056371558385
13e159aeb1c90fb5ba759c86,5-22-24_train-ready_all_carts.csv,5-22-24_Cart13,0.65,2.9092257602066534,2.907966117071164,2.9102428936944134
13e159aeb1c90fb5ba759c86,5-22-24_train-ready_all_carts.csv,5-22-24_Cart13,0.7,2.7928629914254226,2.7882846116098587,2.795871715772312
13e159aeb1c90fb5ba759c86,5-22-24_train-ready_all_carts.csv,5-22-24_Cart13,0.75,4.152529873590798,4.151394363300647,4.15471426281768
13e159aeb1c90fb5ba759c86,5-22-24_train-ready_all_carts.csv,5-22-24_Cart13,0.8,4.160152269854947,4.155637439079176,4.161808382251502
13e159aeb1c90fb5ba759c86,5-22-24_train-ready_all_carts.csv,5-22-24_Cart13,0.85,4.73366345787613,4.516444060448431,5.697688786326606
13e159aeb1c90fb5ba759c86,5-22-24_train-ready_all_carts.csv,5-22-24_Cart13,0.9,4.942640376231466,4.934763841949994,4.95011823186165
13e159aeb1c90fb5ba759c86,5-22-24_train-ready_all_carts.csv,5-22-24_Cart13,0.95,5.153313873709513,4.3927432671812925,5.725637805195882
13e159aeb1c90fb5ba759c86,5-22-24_train-ready_all_carts.csv,5-22-24_Cart13,1.0,5.785737870568321,5.745143232340787,6.088795566611891
62d4e7173e03e754ad873c8d,5-22-24_train-ready_all_carts.csv,5-22-24_Cart16,0.0,0.47937254050189754,0.47892514345230636,0.5042322548226786
62d4e7173e03e754ad873c8d,5-22-24_train-ready_all_carts.csv,5-22-24_Cart16,0.05,1.0778063878536503,1.07724586017675,1.0799834731515592
62d4e7173e03e754ad873c8d,5-22-24_train-ready_all_carts.csv,5-22-24_Cart16,0.1,1.4356598049000073,1.4354862803024429,1.4359767806150598
62d4e7173e03e754ad873c8d,5-22-24_train-ready_all_carts.csv,5-22-24_Cart16,0.15,1.6887340062300216,1.688181691639056,1.7969159096242922
62d4e7173e03e754ad873c8d,5-22-24_train-ready_all_carts.csv,5-22-24_Cart16,0.2,1.1191855203574854,1.118701257049977,1.1369147940264743
62d4e7173e03e754ad873c8d,5-22-24_train-ready_all_carts.csv,5-22-24_Cart16,0.25,1.6710085612176333,1.4643615143674247,1.8244045524744326
62d4e7173e03e754ad873c8d,5-22-24_train-ready_all_carts.csv,5-22-24_Cart16,0.3,1.7491205661823406,1.6596012023798292,1.870675226053801
62d4e7173e03e754ad873c8d,5-22-24_train-ready_all_carts.csv,5-22-24_Cart16,0.35,2.7803889824859036,2.7533260615487913,2.8009692467671137
62d4e7173e03e754ad873c8d,5-22-24_train-ready_all_carts.csv,5-22-24_Cart16,0.4,2.9299758309398047,2.928571702007628,2.934123501089268
62d4e7173e03e754ad873c8d,5-22-24_train-ready_all_carts.csv,5-22-24_Cart16,0.45,3.23700691923339,3.229916679475909,3.2379864377980043
62d4e7173e03e754ad873c8d,5-22-24_train-ready_all_carts.csv,5-22-24_Cart16,0.5,3.4845579746537467,3.483573021866863,3.5104051118624473
62d4e7173e03e754ad873c8d,5-22-24_train-ready_all_carts.csv,5-22-24_Cart16,0.55,3.873624823402869,3.8381098342562874,3.8886929954765437
62d4e7173e03e754ad873c8d,5-22-24_train-ready_all_carts.csv,5-22-24_Cart16,0.6,3.9897479781129954,2.921996663573094,4.805035453288123
62d4e7173e03e754ad873c8d,5-22-24_train-ready_all_carts.csv,5-22-24_Cart16,0.65,4.278390399266848,4.228455701320266,4.39067995717385
62d4e7173e03e754ad873c8d,5-22-24_train-ready_all_carts.csv,5-22-24_Cart16,0.7,4.558098464984554,4.557780809991717,4.558951329118704
62d4e7173e03e754ad873c8d,5-22-24_train-ready_all_carts.csv,5-22-24_Cart16,0.75,4.969708690810815,4.9690605362997715,4.972118027358347
62d4e7173e03e754ad873c8d,5-22-24_train-ready_all_carts.csv,5-22-24_Cart16,0.8,5.312333934989088,5.226935564244885,5.32845047969367
62d4e7173e03e754ad873c8d,5-22-24_train-ready_all_carts.csv,5-22-24_Cart16,0.85,5.492676011404143,5.491862977649151,5.493450388077969
62d4e7173e03e754ad873c8d,5-22-24_train-ready_all_carts.csv,5-22-24_Cart16,0.9,5.576519885815791,5.508415433433519,6.146238808659599
62d4e7173e03e754ad873c8d,5-22-24_train-ready_all_carts.csv,5-22-24_Cart16,0.95,6.13018315194548,5.9152419998468595,6.375319560101086
62d4e7173e03e754ad873c8d,5-22-24_train-ready_all_carts.csv,5-22-24_Cart16,1.0,4.748945881092708,4.747130356833497,4.750743497119432
9892f2e77aa8459c8187569c,5-22-24_train-ready_all_carts.csv,5-22-24_Cart2,0.0,0.658360097845931,0.65716827018133,0.6592895224676438
9892f2e77aa8459c8187569c,5-22-24_train-ready_all_carts.csv,5-22-24_Cart2,0.05,0.6831550598954725,0.25148876028916844,1.1724256676715548
9892f2e77aa8459c8187569c,5-22-24_train-ready_all_carts.csv,5-22-24_Cart2,0.1,1.2142279022875098,1.2119740185957184,1.2309375271018874
9892f2e77aa8459c8187569c,5-22-24_train-ready_all_carts.csv,5-22-24_Cart2,0.15,1.2376455382032523,1.2366350352922928,1.238488628745759
9892f2e77aa8459c8187569c,5-22-24_train-ready_all_carts.csv,5-22-24_Cart2,0.2,1.7539063278297837,1.753710704235808,1.7544886384410092
9892f2e77aa8459c8187569c,5-22-24_train-ready_all_carts.csv,5-22-24_Cart2,0.25,2.37439870729899,2.0548830044764763,2.496954454257329
9892f2e77aa8459c8187569c,5-22-24_train-ready_all_carts.csv,5-22-24_Cart2,0.3,1.9986761953990224,1.9983955516733314,1.9995496613158612
9892f2e77aa8459c8187569c,5-22-24_train-ready_all_carts.csv,5-22-24_Cart2,0.35,2.3943042388645726,2.392354959117411,2.3951872888689865
9892f2e77aa8459c8187569c,5-22-24_train-ready_all_carts.csv,5-22-24_Cart2,0.4,1.6800408373949143,1.6784520430062282,1.680263744722068
9892f2e77aa8459c8187569c,5-22-24_train-ready_all_carts.csv,5-22-24_Cart2,0.45,2.4592410696486837,2.448002954056404,2.6166746252408823
9892f2e77aa8459c8187569c,5-22-24_train-ready_all_carts.csv,5-22-24_Cart2,0.5,3.45991410756093,2.480756573344853,4.125430057145783
9892f2e77aa8459c8187569c,5-22-24_train-ready_all_carts.csv,5-22-24_Cart2,0.55,3.5018290324969223,3.465890327201306,3.6802952547281715
9892f2e77aa8459c8187569c,5-22-24_train-ready_all_carts.csv,5-22-24_Cart2,0.6,3.9500118839275786,3.9142596045935076,4.116303532461211
9892f2e77aa8459c8187569c,5-22-24_train-ready_all_carts.csv,5-22-24_Cart2,0.65,4.29991610055626,4.267548318083744,4.62152569464088
9892f2e77aa8459c8187569c,5-22-24_train-ready_all_carts.csv,5-22-24_Cart2,0.7,4.2706413504755725,4.074875541006865,5.07853433136292
9892f2e77aa8459c8187569c,5-22-24_train-ready_all_carts.csv,5-22-24_Cart2,0.75,4.275915690283119,4.275700821222964,4.310044316974503
9892f2e77aa8459c8187569c,5-22-24_train-ready_all_carts.csv,5-22-24_Cart2,0.8,5.2324060844734195,4.9232677843461055,5.870016494553355
9892f2e77aa8459c8187569c,5-22-24_train-ready_all_carts.csv,5-22-24_Cart2,0.85,5.437136107466147,5.436789457201832,5.437452536938188
9892f2e77aa8459c8187569c,5-22-24_train-ready_all_carts.csv,5-22-24_Cart2,0.9,6.212051325081431,5.974312545114078,6.68424973582688
9892f2e77aa8459c8187569c,5-22-24_train-ready_all_carts.csv,5-22-24_Cart2,0.95,6.066288173805774,6.058744646682728,6.0677411678568
9892f2e77aa8459c8187569c,5-22-24_train-ready_all_carts.csv,5-22-24_Cart2,1.0,5.285505021281509,5.285161849113491,5.285725687168826
76c4b0de9311792783d0a5e4,5-22-24_train-ready_all_carts.csv,5-22-24_Cart20,0.0,0.367962206777264,0.2565286049572594,2.0245383473209237
76c4b0de9311792783d0a5e4,5-22-24_train-ready_all_carts.csv,5-22-24_Cart20,0.05,0.5743594515717837,0.5165979722897932,0.7536327286659299
76c4b0de9311792783d0a5e4,5-22-24_train-ready_all_carts.csv,5-22-24_Cart20,0.1,0.6870306334479289,0.4671181352851236,0.9610630146706997
76c4b0de9311792783d0a5e4,5-22-24_train-ready_all_carts.csv,5-22-24_Cart20,0.15,0.6900860360127611,0.6896377006585434,0.6907780664343176
76c4b0de9311792783d0a5e4,5-22-24_train-ready_all_carts.csv,5-22-24_Cart20,0.2,0.8370544160021116,0.8364124636150673,0.9603983733159595
76c4b0de9311792783d0a5e4,5-22-24_train-ready_all_carts.csv,5-22-24_Cart20,0.25,0.9705872752399085,0.9629257755371678,1.1071626540370352
76c4b0de9311792783d0a5e4,5-22-24_train-ready_all_carts.csv,5-22-24_Cart20,0.3,1.093473564628623,1.043279143489352,1.177731632912582
76c4b0de9311792783d0a5e4,5-22-24_train-ready_all_carts.csv,5-22-24_Cart20,0.35,1.4419970729086873,0.9895127484596294,3.7779120824649146
76c4b0de9311792783d0a5e4,5-22-24_train-ready_all_carts.csv,5-22-24_Cart20,0.4,1.2304648852910662,1.2293551885073937,1.2314899464769105
76c4b0de9311792783d0a5e4,5-22-24_train-ready_all_carts.csv,5-22-24_Cart20,0.45,1.3369454617934897,1.33642084281614,1.3402010750553826
76c4b0de9311792783d0a5e4,5-22-24_train-ready_all_carts.csv,5-22-24_Cart20,0.5,1.504052583035195,1.4498455621663584,1.6708249828294752
76c4b0de9311792783d0a5e4,5-22-24_train-ready_all_carts.csv,5-22-24_Cart20,0.55,1.5247735955598642,1.4884142374110365,1.709065056899684
76c4b0de9311792783d0a5e4,5-22-24_train-ready_all_carts.csv,5-22-24_Cart20,0.6,1.6388947072941327,1.6383075330407202,1.6394482369531225
76c4b0de9311792783d0a5e4,5-22-24_train-ready_all_carts.csv,5-22-24_Cart20,0.65,1.6990505658481279,1.688718361621503,1.7537304369766653
76c4b0de9311792783d0a5e4,5-22-24_train-ready_all_carts.csv,5-22-24_Cart20,0.7,1.7967869291670011,1.7965119902752942,1.7972962643687946
76c4b0de9311792783d0a5e4,5-22-24_train-ready_all_carts.csv,5-22-24_Cart20,0.75,2.0155092540288218,1.924030244253911,2.250392244163085
76c4b0de9311792783d0a5e4,5-22-24_train-ready_all_carts.csv,5-22-24_Cart20,0.8,2.0950924143712037,2.068115941867685,2.1456427243107723
76c4b0de9311792783d0a5e4,5-22-24_train-ready_all_carts.csv,5-22-24_Cart20,0.85,2.2355969745919255,2.230454761831336,2.243128765084411
76c4b0de9311792783d0a5e4,5-22-24_train-ready_all_carts.csv,5-22-24_Cart20,0.9,2.5243264305092707,2.4052164847885837,2.761967229162626
76c4b0de9311792783d0a5e4,5-22-24_train-ready_all_carts.csv,5-22-24_Cart20,0.95,2.1932433331952215,2.185944654093639,2.2029915754663945
76c4b0de9311792783d0a5e4,5-22-24_train-ready_all_carts.csv,5-22-24_Cart20,1.0,2.2938011085327936,2.26954318688593,2.592335343165406
b6191b0613732487618bd28f,5-22-24_train-ready_all_carts.csv,5-22-24_Cart24,0.0,0.1900989109689055,-0.35127249406548305,0.9301592916918429
b6191b0613732487618bd28f,5-22-24_train-ready_all_carts.csv,5-22-24_Cart24,0.05,-0.0924259113965315,-0.1982068622102599,0.021598436958275125
b6191b0613732487618bd28f,5-22-24_train-ready_all_carts.csv,5-22-24_Cart24,0.1,0.9380788076583997,0.7864029303930016,1.3068290543310264
b6191b0613732487618bd28f,5-22-24_train-ready_all_carts.csv,5-22-24_Cart24,0.15,1.041409822887013,1.040941837399831,1.0420984445955725
b6191b0613732487618bd28f,5-22-24_train-ready_all_carts.csv,5-22-24_Cart24,0.2,1.3483697545410447,1.348151654368188,1.3493191383942564
b6191b0613732487618bd28f,5-22-24_train-ready_all_carts.csv,5-22-24_Cart24,0.25,1.5529894205888928,1.552541216280178,1.5534718333743314
b6191b0613732487618bd28f,5-22-24_train-ready_all_carts.csv,5-22-24_Cart24,0.3,1.741759346943204,1.7382681098351287,1.7567144814315943
b6191b0613732487618bd28f,5-22-24_train-ready_all_carts.csv,5-22-24_Cart24,0.35,2.153008356600668,2.0483476629538715,2.260177596731743
b6191b0613732487618bd28f,5-22-24_train-ready_all_carts.csv,5-22-24_Cart24,0.4,1.8147750017111859,1.6548864976267714,2.30461130838191
b6191b0613732487618bd28f,5-22-24_train-ready_all_carts.csv,5-22-24_Cart24,0.45,2.623082420632028,2.5859493727525167,2.675744482602048
b6191b0613732487618bd28f,5-22-24_train-ready_all_carts.csv,5-22-24_Cart24,0.5,2.9641324800794777,2.961988504659336,2.973947213284527
b6191b0613732487618bd28f,5-22-24_train-ready_all_carts.csv,5-22-24_Cart24,0.55,3.332137917479634,-2.570635112484795,3.8505659169658215
b6191b0613732487618bd28f,5-22-24_train-ready_all_carts.csv,5-22-24_Cart24,0.6,3.492826460337656,3.489987776692501,3.6415161122905766
b6191b0613732487618bd28f,5-22-24_train-ready_all_carts.csv,5-22-24_Cart24,0.65,3.838330948121677,3.7396717851228827,4.012322981600938
b6191b0613732487618bd28f,5-22-24_train-ready_all_carts.csv,5-22-24_Cart24,0.7,3.6983128914135466,2.7971507046368385,4.698797446055759
b6191b0613732487618bd28f,5-22-24_train-ready_all_carts.csv,5-22-24_Cart24,0.75,4.255586447810919,4.209513378039766,4.274962816578566
b6191b0613732487618bd28f,5-22-24_train-ready_all_carts.csv,5-22-24_Cart24,0.8,4.590214105269053,4.324332805784408,4.704884075220819
b6191b0613732487618bd28f,5-22-24_train-ready_all_carts.csv,5-22-24_Cart24,0.85,4.587604793123516,4.586986335424052,4.588920438739877
b6191b0613732487618bd28f,5-22-24_train-ready_all_carts.csv,5-22-24_Cart24,0.9,4.689186498438576,4.615311405004947,4.714161166139294
b6191b0613732487618bd28f,5-22-24_train-ready_all_carts.csv,5-22-24_Cart24,0.95,3.7668436852627,3.74289713163263,3.8549460109023954
b6191b0613732487618bd28f,5-22-24_train-ready_all_carts.csv,5-22-24_Cart24,1.0,4.073763040140387,3.943446777943145,4.281464005141954
1b1d952c2deff031919a9469,5-22-24_train-ready_all_carts.csv,5-22-24_Cart25,0.0,0.4738432134845103,0.473663475065365,0.4753328637159116
1b1d952c2deff031919a9469,5-22-24_train-ready_all_carts.csv,5-22-24_Cart25,0.05,0.6677387564468882,0.6674550556921236,0.6700360721579562
1b1d952c2deff031919a9469,5-22-24_train-ready_all_carts.csv,5-22-24_Cart25,0.1,0.7938565755352004,0.7925233113450024,0.8868094564026813
1b1d952c2deff031919a9469,5-22-24_train-ready_all_carts.csv,5-22-24_Cart25,0.15,1.0146366287067061,1.0141795893098418,1.015004071224936
1b1d952c2deff031919a9469,5-22-24_train-ready_all_carts.csv,5-22-24_Cart25,0.2,1.3967863792487418,1.3964893342780107,1.5720627921387638
1b1d952c2deff031919a9469,5-22-24_train-ready_all_carts.csv,5-22-24_Cart25,0.25,1.7280619872445138,1.7257701862349422,1.8003858676337343
1b1d952c2deff031919a9469,5-22-24_train-ready_all_carts.csv,5-22-24_Cart25,0.3,2.0887683997206388,2.039140783960788,2.1338660626561516
1b1d952c2deff031919a9469,5-22-24_train-ready_all_carts.csv,5-22-24_Cart25,0.35,2.1059266104755627,2.1058236012982268,2.1060800008764464
1b1d952c2deff031919a9469,5-22-24_train-ready_all_carts.csv,5-22-24_Cart25,0.4,2.541703769348043,2.5402975885491688,2.544706898767929
1b1d952c2deff031919a9469,5-22-24_train-ready_all_carts.csv,5-22-24_Cart25,0.45,2.7651649206051325,2.7647804574032713,2.76562727045529
1b1d952c2deff031919a9469,5-22-24_train-ready_all_carts.csv,5-22-24_Cart25,0.5,3.181071452579223,2.6847054257711447,3.276475788468737
1b1d952c2deff031919a9469,5-22-24_train-ready_all_carts.csv,5-22-24_Cart25,0.55,3.6264959349338586,3.504003181045317,3.787148040282498
1b1d952c2deff031919a9469,5-22-24_train-ready_all_carts.csv,5-22-24_Cart25,0.6,3.710983885169676,3.7094714272222085,3.7167781343741386
1b1d952c2deff031919a9469,5-22-24_train-ready_all_carts.csv,5-22-24_Cart25,0.65,4.094743111555877,4.094257545493246,4.249138685932631
1b1d952c2deff031919a9469,5-22-24_train-ready_all_carts.csv,5-22-24_Cart25,0.7,4.36241719061333,4.308549858726422,4.490164978448899
1b1d952c2deff031919a9469,5-22-24_train-ready_all_carts.csv,5-22-24_Cart25,0.75,4.584038746383562,4.5839057127203,4.584166741924467
1b1d952c2deff031919a9469,5-22-24_train-ready_all_carts.csv,5-22-24_Cart25,0.8,4.856932047869681,4.85395608346087,5.153907029550015
1b1d952c2deff031919a9469,5-22-24_train-ready_all_carts.csv,5-22-24_Cart25,0.85,4.850601715213571,4.85040924532307,4.982166697725739
1b1d952c2deff031919a9469,5-22-24_train-ready_all_carts.csv,5-22-24_Cart25,0.9,4.921979654089305,4.921609488261694,4.922093556504165
1b1d952c2deff031919a9469,5-22-24_train-ready_all_carts.csv,5-22-24_Cart25,0.95,4.8989431800355145,4.167804123711797,5.3317748074815166
1b1d952c2deff031919a9469,5-22-24_train-ready_all_carts.csv,5-22-24_Cart25,1.0,4.854817398135343,4.848653187351473,4.862600616346211
b00810ddce8c4c5df63679fe,5-22-24_train-ready_all_carts.csv,5-22-24_Cart26,0.0,0.5436727011085966,0.5184047966050809,0.6316954458162785
b00810ddce8c4c5df63679fe,5-22-24_train-ready_all_carts.csv,5-22-24_Cart26,0.05,1.1254842958180096,1.0627463675452447,1.2213764258527255
b00810ddce8c4c5df63679fe,5-22-24_train-ready_all_carts.csv,5-22-24_Cart26,0.1,1.3082514741663092,1.3075492753415925,1.6362915002112661
b00810ddce8c4c5df63679fe,5-22-24_train-ready_all_carts.csv,5-22-24_Cart26,0.15,1.5879645309138521,1.5737968336742065,1.6973676865400442
b00810ddce8c4c5df63679fe,5-22-24_train-ready_all_carts.csv,5-22-24_Cart26,0.2,2.326411476280314,2.325115752258514,2.327706557262896
b00810ddce8c4c5df63679fe,5-22-24_train-ready_all_carts.csv,5-22-24_Cart26,0.25,3.013365127245968,2.7574296030092236,3.4708606509412236
b00810ddce8c4c5df63679fe,5-22-24_train-ready_all_carts.csv,5-22-24_Cart26,0.3,3.871189731049607,3.4378153800225943,4.22228721429042
b00810ddce8c4c5df63679fe,5-22-24_train-ready_all_carts.csv,5-22-24_Cart26,0.35,3.8040062797595207,3.802443630158838,3.9373659257105396
b00810ddce8c4c5df63679fe,5-22-24_train-ready_all_carts.csv,5-22-24_Cart26,0.4,4.103512083599359,4.098662281826451,4.154196434665465
b00810ddce8c4c5df63679fe,5-22-24_train-ready_all_carts.csv,5-22-24_Cart26,0.45,3.699282198994182,3.6935878938178854,3.704750218670096
b00810ddce8c4c5df63679fe,5-22-24_train-ready_all_carts.csv,5-22-24_Cart26,0.5,0.1037875780117495,0.10198385300869928,0.10523956056322464
b00810ddce8c4c5df63679fe,5-22-24_train-ready_all_carts.csv,5-22-24_Cart26,0.55,0.9959311848146037,0.9944221646846009,0.9992445729868737
b00810ddce8c4c5df63679fe,5-22-24_train-ready_all_carts.csv,5-22-24_Cart26,0.6,1.684416555194613,0.8306861820841716,1.9441053707318212
b00810ddce8c4c5df63679fe,5-22-24_train-ready_all_carts.csv,5-22-24_Cart26,0.65,1.9000301767357155,1.8988774003318052,1.9010011016491222
b00810ddce8c4c5df63679fe,5-22-24_train-ready_all_carts.csv,5-22-24_Cart26,0.7,2.5793856763159706,2.5263722372067097,2.819299106819736
b00810ddce8c4c5df63679fe,5-22-24_train-ready_all_carts.csv,5-22-24_Cart26,0.75,2.3774109165626394,2.345287442361255,2.636769145638505
b00810ddce8c4c5df63679fe,5-22-24_train-ready_all_carts.csv,5-22-24_Cart26,0.8,3.1677074000560013,3.1664026734851674,3.262926718158207
b00810ddce8c4c5df63679fe,5-22-24_train-ready_all_carts.csv,5-22-24_Cart26,0.85,3.8130859935003656,3.809857808024318,3.814491291404703
b00810ddce8c4c5df63679fe,5-22-24_train-ready_all_carts.csv,5-22-24_Cart26,0.9,4.140697755426951,4.137941689343858,4.198499264544309
b00810ddce8c4c5df63679fe,5-22-24_train-ready_all_carts.csv,5-22-24_Cart26,0.95,4.683674925756964,4.683012080932314,4.684060170551733
b00810ddce8c4c5df63679fe,5-22-24_train-ready_all_carts.csv,5-22-24_Cart26,1.0,5.267855476940971,5.225013632162637,5.533301744105564
6a32875fbc03414f5816634b,5-22-24_train-ready_all_carts.csv,5-22-24_Cart38,0.0,2.728421847286935,2.4828243868730295,2.8177187603146643
6a32875fbc03414f5816634b,5-22-24_train-ready_all_carts.csv,5-22-24_Cart38,0.05,2.9428063920699614,2.9425880692328983,2.94329276227496
6a32875fbc03414f5816634b,5-22-24_train-ready_all_carts.csv,5-22-24_Cart38,0.1,3.1057469084480185,3.105533510186227,3.105947790080993
6a32875fbc03414f5816634b,5-22-24_train-ready_all_carts.csv,5-22-24_Cart38,0.15,3.1367566853489217,3.1362958271797075,3.137090530514243
6a32875fbc03414f5816634b,5-22-24_train-ready_all_carts.csv,5-22-24_Cart38,0.2,3.2401139447472866,3.239933376987309,3.2402463611046035
6a32875fbc03414f5816634b,5-22-24_train-ready_all_carts.csv,5-22-24_Cart38,0.25,3.683774402761143,3.6825938726334146,3.684727855251325
6a32875fbc03414f5816634b,5-22-24_train-ready_all_carts.csv,5-22-24_Cart38,0.3,4.164495025572709,4.048597061656424,4.775548636773147
6a32875fbc03414f5816634b,5-22-24_train-ready_all_carts.csv,5-22-24_Cart38,0.35,4.035799458461811,3.979697465818221,4.233213643269663
6a32875fbc03414f5816634b,5-22-24_train-ready_all_carts.csv,5-22-24_Cart38,0.4,4.0124022541690305,3.770970368863413,4.276716520460856
6a32875fbc03414f5816634b,5-22-24_train-ready_all_carts.csv,5-22-24_Cart38,0.45,4.4767472962632855,4.44929066881808,4.641891560075607
6a32875fbc03414f5816634b,5-22-24_train-ready_all_carts.csv,5-22-24_Cart38,0.5,4.690125038990682,4.644849725082807,4.981517629591185
6a32875fbc03414f5816634b,5-22-24_train-ready_all_carts.csv,5-22-24_Cart38,0.55,1.7604131333634254,0.26619570003059323,11.17946139603766
6a32875fbc03414f5816634b,5-22-24_train-ready_all_carts.csv,5-22-24_Cart38,0.6,2.0450836787175106,2.044815562952696,2.045299744457574
6a32875fbc03414f5816634b,5-22-24_train-ready_all_carts.csv,5-22-24_Cart38,0.65,2.2228827330415566,2.2226848608712477,2.2229689131088177
6a32875fbc03414f5816634b,5-22-24_train-ready_all_carts.csv,5-22-24_Cart38,0.7,1.989587819213662,1.9388024527513357,2.818813110375131
6a32875fbc03414f5816634b,5-22-24_train-ready_all_carts.csv,5-22-24_Cart38,0.75,2.7064705530115454,2.686891946461006,2.7747326899395266
6a32875fbc03414f5816634b,5-22-24_train-ready_all_carts.csv,5-22-24_Cart38,0.8,1.8315910292337638,1.830701733015877,1.832863689957208
6a32875fbc03414f5816634b,5-22-24_train-ready_all_carts.csv,5-22-24_Cart38,0.85,2.2792020909659056,2.2786852157529713,2.279742221117625
6a32875fbc03414f5816634b,5-22-24_train-ready_all_carts.csv,5-22-24_Cart38,0.9,2.414443239375972,2.4109830412785334,2.431107386524852
6a32875fbc03414f5816634b,5-22-24_train-ready_all_carts.csv,5-22-24_Cart38,0.95,3.5601867145574735,3.560028854561251,3.560290335828824
6a32875fbc03414f5816634b,5-22-24_train-ready_all_carts.csv,5-22-24_Cart38,1.0,3.3789637124817418,3.2013291526511605,3.506983518430303
21ae00882251ad253f3db9af,5-22-24_train-ready_all_carts.csv,5-22-24_Cart4,0.0,0.27912807770464565,-0.2533529432467271,1.047058392643714
21ae00882251ad253f3db9af,5-22-24_train-ready_all_carts.csv,5-22-24_Cart4,0.05,0.7095401615664564,0.7077605052755775,0.7147836870121902
21ae00882251ad253f3db9af,5-22-24_train-ready_all_carts.csv,5-22-24_Cart4,0.1,0.9716234145652634,0.9313055290517217,1.2021649545488262
21ae00882251ad253f3db9af,5-22-24_train-ready_all_carts.csv,5-22-24_Cart4,0.15,0.32025049549540263,0.06944659221953833,0.5732270474596275
21ae00882251ad253f3db9af,5-22-24_train-ready_all_carts.csv,5-22-24_Cart4,0.2,1.223727107357172,1.2232762174998975,1.2241487947955838
21ae00882251ad253f3db9af,5-22-24_train-ready_all_carts.csv,5-22-24_Cart4,0.25,1.4938562468813916,1.4903317178757705,1.4949188090256673
21ae00882251ad253f3db9af,5-22-24_train-ready_all_carts.csv,5-22-24_Cart4,0.3,1.375086965096934,1.1387626696745345,1.5990469676476966
21ae00882251ad253f3db9af,5-22-24_train-ready_all_carts.csv,5-22-24_Cart4,0.35,1.8727954031005276,1.8376709817432393,2.244030307269756
21ae00882251ad253f3db9af,5-22-24_train-ready_all_carts.csv,5-22-24_Cart4,0.4,2.0480865867234,2.046477578544295,2.04879922721925
21ae00882251ad253f3db9af,5-22-24_train-ready_all_carts.csv,5-22-24_Cart4,0.45,1.7158036502942817,1.7130238393449995,1.717036860550331
21ae00882251ad253f3db9af,5-22-24_train-ready_all_carts.csv,5-22-24_Cart4,0.5,1.857613527811195,1.8349788344258737,2.088580419629359
21ae00882251ad253f3db9af,5-22-24_train-ready_all_carts.csv,5-22-24_Cart4,0.55,2.489225767614747,1.0976467914215924,3.5896849845302317
21ae00882251ad253f3db9af,5-22-24_train-ready_all_carts.csv,5-22-24_Cart4,0.6,3.097922564909544,3.091751439849957,3.0984022061830734
21ae00882251ad253f3db9af,5-22-24_train-ready_all_carts.csv,5-22-24_Cart4,0.65,3.290242479501208,3.2545854804392853,4.015525875084075
21ae00882251ad253f3db9af,5-22-24_train-ready_all_carts.csv,5-22-24_Cart4,0.7,2.559706200168493,2.0382776182529496,3.2743122781346727
21ae00882251ad253f3db9af,5-22-24_train-ready_all_carts.csv,5-22-24_Cart4,0.75,2.954963758248937,2.951797945442595,2.9589591339772334
21ae00882251ad253f3db9af,5-22-24_train-ready_all_carts.csv,5-22-24_Cart4,0.8,4.020107892454632,4.01778956992391,4.021284614634039
21ae00882251ad253f3db9af,5-22-24_train-ready_all_carts.csv,5-22-24_Cart4,0.85,4.5133536596527914,4.376057359860683,4.825251954707535
21ae00882251ad253f3db9af,5-22-24_train-ready_all_carts.csv,5-22-24_Cart4,0.9,4.810389614765917,4.3116288185520535,6.1035212048111624
21ae00882251ad253f3db9af,5-22-24_train-ready_all_carts.csv,5-22-24_Cart4,0.95,5.104182861128051,4.6637128553562155,5.293221055243138
21ae00882251ad253f3db9af,5-22-24_train-ready_all_carts.csv,5-22-24_Cart4,1.0,5.834389908556981,5.043421534775126,6.512183969782337
d44c3b3541819eea6be347fe,5-22-24_train-ready_all_carts.csv,5-22-24_Cart63,0.0,0.49042061819163274,0.3525255908296042,0.808801877622036
d44c3b3541819eea6be347fe,5-22-24_train-ready_all_carts.csv,5-22-24_Cart63,0.05,1.3625768727614571,1.359995679743983,1.3659798141075656
d44c3b3541819eea6be347fe,5-22-24_train-ready_all_carts.csv,5-22-24_Cart63,0.1,1.649903415420947,1.6485540384093123,1.662351481941685
d44c3b3541819eea6be347fe,5-22-24_train-ready_all_carts.csv,5-22-24_Cart63,0.15,2.495453039824346,2.4661441815363268,2.9502221883187385
d44c3b3541819eea6be347fe,5-22-24_train-ready_all_carts.csv,5-22-24_Cart63,0.2,3.206767227225532,2.8181155050647315,3.8788451963021093
d44c3b3541819eea6be347fe,5-22-24_train-ready_all_carts.csv,5-22-24_Cart63,0.25,3.70545543043579,3.392007576738282,4.346470741945283
d44c3b3541819eea6be347fe,5-22-24_train-ready_all_carts.csv,5-22-24_Cart63,0.3,3.8170360241154526,3.80853211382977,3.8310609590505957
d44c3b3541819eea6be347fe,5-22-24_train-ready_all_carts.csv,5-22-24_Cart63,0.35,4.333027718479459,4.241327218198232,4.417156793687723
d44c3b3541819eea6be347fe,5-22-24_train-ready_all_carts.csv,5-22-24_Cart63,0.4,4.503975689523566,4.498984775055908,4.506278520412806
d44c3b3541819eea6be347fe,5-22-24_train-ready_all_carts.csv,5-22-24_Cart63,0.45,4.937909181467932,4.85960095800201,4.970394544336281
d44c3b3541819eea6be347fe,5-22-24_train-ready_all_carts.csv,5-22-24_Cart63,0.5,5.036677796827388,5.025562295163895,5.105468107559228
d44c3b3541819eea6be347fe,5-22-24_train-ready_all_carts.csv,5-22-24_Cart63,0.55,6.039436574151744,6.032806753799604,6.282695482354535
d44c3b3541819eea6be347fe,5-22-24_train-ready_all_carts.csv,5-22-24_Cart63,0.6,5.389108942084,5.388845282836176,5.389354610465504
d44c3b3541819eea6be347fe,5-22-24_train-ready_all_carts.csv,5-22-24_Cart63,0.65,5.175311690458028,5.1738541200985795,5.175825174597851
d44c3b3541819eea6be347fe,5-22-24_train-ready_all_carts.csv,5-22-24_Cart63,0.7,5.094448329712064,5.093742963677292,5.095357923098325
d44c3b3541819eea6be347fe,5-22-24_train-ready_all_carts.csv,5-22-24_Cart63,0.75,5.260585915326435,5.2500386148513725,5.300366822638315
d44c3b3541819eea6be347fe,5-22-24_train-ready_all_carts.csv,5-22-24_Cart63,0.8,6.758040164286923,6.013607273485377,8.104997714588736
d44c3b3541819eea6be347fe,5-22-24_train-ready_all_carts.csv,5-22-24_Cart63,0.85,5.147889887934797,5.145940422475111,5.1627608278493735
d44c3b3541819eea6be347fe,5-22-24_train-ready_all_carts.csv,5-22-24_Cart63,0.9,5.701916755202728,5.682660324490971,5.705522062776226
d44c3b3541819eea6be347fe,5-22-24_train-ready_all_carts.csv,5-22-24_Cart63,0.95,6.153238109260148,6.148868003755545,6.166749932280287
d44c3b3541819eea6be347fe,5-22-24_train-ready_all_carts.csv,5-22-24_Cart63,1.0,5.015920059339779,5.011210794986269,5.036336900929317
92db6b54cb000f1820cc6778,5-22-24_train-ready_all_carts.csv,5-22-24_Cart67,0.0,0.6560829583484982,0.6544879752171906,0.6581843944568446
92db6b54cb000f1820cc6778,5-22-24_train-ready_all_carts.csv,5-22-24_Cart67,0.05,0.675647473654558,0.5714266314595882,0.8632164204632096
92db6b54cb000f1820cc6778,5-22-24_train-ready_all_carts.csv,5-22-24_Cart67,0.1,0.8660340712190245,0.8610222492245273,0.8725426412726615
92db6b54cb000f1820cc6778,5-22-24_train-ready_all_carts.csv,5-22-24_Cart67,0.15,1.2329535239775566,1.2261256517453343,1.2405434437058485
92db6b54cb000f1820cc6778,5-22-24_train-ready_all_carts.csv,5-22-24_Cart67,0.2,1.284329091735809,0.8313722155838624,1.6857759571069408
92db6b54cb000f1820cc6778,5-22-24_train-ready_all_carts.csv,5-22-24_Cart67,0.25,1.5397922232669257,1.2579561067701006,1.740317810822698
92db6b54cb000f1820cc6778,5-22-24_train-ready_all_carts.csv,5-22-24_Cart67,0.3,2.0295223216129106,2.027291789647672,2.0365064838588616
92db6b54cb000f1820cc6778,5-22-24_train-ready_all_carts.csv,5-22-24_Cart67,0.35,2.758539611457171,2.674809413662321,3.2812287223366368
92db6b54cb000f1820cc6778,5-22-24_train-ready_all_carts.csv,5-22-24_Cart67,0.4,3.161019243683441,3.151774452568336,3.1658567480770934
92db6b54cb000f1820cc6778,5-22-24_train-ready_all_carts.csv,5-22-24_Cart67,0.45,4.024794274983762,4.018379967822081,4.028370917712406
92db6b54cb000f1820cc6778,5-22-24_train-ready_all_carts.csv,5-22-24_Cart67,0.5,3.620679937824064,3.1800948752710925,4.69897256147717
92db6b54cb000f1820cc6778,5-22-24_train-ready_all_carts.csv,5-22-24_Cart67,0.55,5.169793554252088,5.1619182486531745,5.175101303672383
92db6b54cb000f1820cc6778,5-22-24_train-ready_all_carts.csv,5-22-24_Cart67,0.6,5.265095324109343,5.255238206136931,5.2743891563724485
92db6b54cb000f1820cc6778,5-22-24_train-ready_all_carts.csv,5-22-24_Cart67,0.65,5.627290937938753,5.624189581850098,5.641905963924414
92db6b54cb000f1820cc6778,5-22-24_train-ready_all_carts.csv,5-22-24_Cart67,0.7,5.989104611363157,5.8428642135709765,6.2188423760792935
92db6b54cb000f1820cc6778,5-22-24_train-ready_all_carts.csv,5-22-24_Cart67,0.75,6.163116659884178,6.157512983038083,6.165717521266113
92db6b54cb000f1820cc6778,5-22-24_train-ready_all_carts.csv,5-22-24_Cart67,0.8,5.878393837806314,5.867405259578112,5.907797749049991
92db6b54cb000f1820cc6778,5-22-24_train-ready_all_carts.csv,5-22-24_Cart67,0.85,5.861823735275506,5.804316496255278,6.008161909811366
92db6b54cb000f1820cc6778,5-22-24_train-ready_all_carts.csv,5-22-24_Cart67,0.9,6.202312912007578,6.007742997575155,6.348169994409295
92db6b54cb000f1820cc6778,5-22-24_train-ready_all_carts.csv,5-22-24_Cart67,0.95,5.312675932003447,5.307816733394793,5.313392757755564
92db6b54cb000f1820cc6778,5-22-24_train-ready_all_carts.csv,5-22-24_Cart67,1.0,5.472925903851272,5.471583765268078,5.4746255386535525
3449d7f2c33ab59fca731182,5-22-24_train-ready_all_carts.csv,5-22-24_Cart69,0.0,0.6823835435277077,0.5536041049282341,1.1735076241797857
3449d7f2c33ab59fca731182,5-22-24_train-ready_all_carts.csv,5-22-24_Cart69,0.05,0.795065588013921,0.7366568884231293,1.2751333344361089
3449d7f2c33ab59fca731182,5-22-24_train-ready_all_carts.csv,5-22-24_Cart69,0.1,1.004169151946853,0.9466097045300088,1.4908713845711128
3449d7f2c33ab59fca731182,5-22-24_train-ready_all_carts.csv,5-22-24_Cart69,0.15,1.1234381432548846,1.1233439787132262,1.123503167070665
3449d7f2c33ab59fca731182,5-22-24_train-ready_all_carts.csv,5-22-24_Cart69,0.2,1.5400968129417818,1.3537138730045792,2.009451628590005
3449d7f2c33ab59fca731182,5-22-24_train-ready_all_carts.csv,5-22-24_Cart69,0.25,2.0922495729957267,1.4028429655638188,3.059963882976631
3449d7f2c33ab59fca731182,5-22-24_train-ready_all_carts.csv,5-22-24_Cart69,0.3,1.82189334604242,1.8213281873764362,1.8232279341489184
3449d7f2c33ab59fca731182,5-22-24_train-ready_all_carts.csv,5-22-24_Cart69,0.35,1.9975890676108439,1.9442783380269002,2.0090076610604637
3449d7f2c33ab59fca731182,5-22-24_train-ready_all_carts.csv,5-22-24_Cart69,0.4,2.253237798797878,2.072700145639579,2.3884850500751424
3449d7f2c33ab59fca731182,5-22-24_train-ready_all_carts.csv,5-22-24_Cart69,0.45,2.5316974330921824,2.511614501897768,2.534805205798972
3449d7f2c33ab59fca731182,5-22-24_train-ready_all_carts.csv,5-22-24_Cart69,0.5,2.5172470613777675,2.4810085117570164,2.5205181935655045
3449d7f2c33ab59fca731182,5-22-24_train-ready_all_carts.csv,5-22-24_Cart69,0.55,2.7687326684718316,2.7066012697195627,3.0054663259079897
3449d7f2c33ab59fca731182,5-22-24_train-ready_all_carts.csv,5-22-24_Cart69,0.6,2.914046612072724,2.91333809246316,3.005668482551428
3449d7f2c33ab59fca731182,5-22-24_train-ready_all_carts.csv,5-22-24_Cart69,0.65,3.260382424963264,3.260249863229861,3.260624635820114
3449d7f2c33ab59fca731182,5-22-24_train-ready_all_carts.csv,5-22-24_Cart69,0.7,3.512779965361249,3.5092659366525245,3.518817466653586
3449d7f2c33ab59fca731182,5-22-24_train-ready_all_carts.csv,5-22-24_Cart69,0.75,3.963185881161108,3.3972066466199116,4.225991346068877
3449d7f2c33ab59fca731182,5-22-24_train-ready_all_carts.csv,5-22-24_Cart69,0.8,3.6364394927014496,3.635763542138455,3.642281922546444
3449d7f2c33ab59fca731182,5-22-24_train-ready_all_carts.csv,5-22-24_Cart69,0.85,3.8757179925868632,3.8747301219796246,3.8764801082765707
3449d7f2c33ab59fca731182,5-22-24_train-ready_all_carts.csv,5-22-24_Cart69,0.9,2.989038841650822,2.9799576201099476,2.994042475699977
3449d7f2c33ab59fca731182,5-22-24_train-ready_all_carts.csv,5-22-24_Cart69,0.95,3.298896179610887,3.2971736198794743,3.7346380250398967
3449d7f2c33ab59fca731182,5-22-24_train-ready_all_carts.csv,5-22-24_Cart69,1.0,3.035109757875941,3.0341278296912355,3.03588855805968
f68826b1c10fe64ab1a7cf0e,5-22-24_train-ready_all_carts.csv,5-22-24_Cart70,0.0,0.46596837426613114,0.4657771621281655,0.4674058327428109
f68826b1c10fe64ab1a7cf0e,5-22-24_train-ready_all_carts.csv,5-22-24_Cart70,0.05,1.1733267860494174,0.9595482190801098,1.312310309480011
f68826b1c10fe64ab1a7cf0e,5-22-24_train-ready_all_carts.csv,5-22-24_Cart70,0.1,1.2916569388830328,1.247320027021244,1.4303614038641925
f68826b1c10fe64ab1a7cf0e,5-22-24_train-ready_all_carts.csv,5-22-24_Cart70,0.15,1.7588798449173537,1.6567120078531503,2.332781027596179
f68826b1c10fe64ab1a7cf0e,5-22-24_train-ready_all_carts.csv,5-22-24_Cart70,0.2,1.922687447556669,1.9194763720514207,1.9257216591548283
f68826b1c10fe64ab1a7cf0e,5-22-24_train-ready_all_carts.csv,5-22-24_Cart70,0.25,2.1259099332261364,2.1143355960479497,2.136894236012288
f68826b1c10fe64ab1a7cf0e,5-22-24_train-ready_all_carts.csv,5-22-24_Cart70,0.3,2.382600369192574,1.9890056148596111,2.6691743048305088
f68826b1c10fe64ab1a7cf0e,5-22-24_train-ready_all_carts.csv,5-22-24_Cart70,0.35,2.8370679908015193,2.787510431213304,3.0079151283283427
f68826b1c10fe64ab1a7cf0e,5-22-24_train-ready_all_carts.csv,5-22-24_Cart70,0.4,3.646513186785626,3.207375917812269,4.285435222439613
f68826b1c10fe64ab1a7cf0e,5-22-24_train-ready_all_carts.csv,5-22-24_Cart70,0.45,3.6388623586987077,3.6169388475662942,3.903215862671464
f68826b1c10fe64ab1a7cf0e,5-22-24_train-ready_all_carts.csv,5-22-24_Cart70,0.5,3.808039127895042,3.8044012950086743,3.810523011633946
f68826b1c10fe64ab1a7cf0e,5-22-24_train-ready_all_carts.csv,5-22-24_Cart70,0.55,3.963590348540376,3.948795916968961,3.982078893201707
f68826b1c10fe64ab1a7cf0e,5-22-24_train-ready_all_carts.csv,5-22-24_Cart70,0.6,4.017423739493059,3.7120805023823342,4.4517628429339515
f68826b1c10fe64ab1a7cf0e,5-22-24_train-ready_all_carts.csv,5-22-24_Cart70,0.65,4.454384176868204,4.410155257405313,4.866858509076949
f68826b1c10fe64ab1a7cf0e,5-22-24_train-ready_all_carts.csv,5-22-24_Cart70,0.7,4.078153651538177,3.337331885762592,4.88767732356053
f68826b1c10fe64ab1a7cf0e,5-22-24_train-ready_all_carts.csv,5-22-24_Cart70,0.75,4.992078565247536,4.982855522442143,5.180157049590148
f68826b1c10fe64ab1a7cf0e,5-22-24_train-ready_all_carts.csv,5-22-24_Cart70,0.8,5.233907747881633,5.18779487642297,5.728177361933271
f68826b1c10fe64ab1a7cf0e,5-22-24_train-ready_all_carts.csv,5-22-24_Cart70,0.85,5.383187913172193,5.372533912517171,5.553704514311064
f68826b1c10fe64ab1a7cf0e,5-22-24_train-ready_all_carts.csv,5-22-24_Cart70,0.9,5.6578470193286865,5.652730674456079,5.665554888953854
f68826b1c10fe64ab1a7cf0e,5-22-24_train-ready_all_carts.csv,5-22-24_Cart70,0.95,5.947794897533337,5.940229748882204,5.951874655930606
f68826b1c10fe64ab1a7cf0e,5-22-24_train-ready_all_carts.csv,5-22-24_Cart70,1.0,4.763131165727332,4.7593072157890655,4.76856650983899
99ad6fff4c4d8e9d6811035a,5-22-24_train-ready_all_carts.csv,5-22-24_Cart73,0.0,0.7242823340628339,0.7240499566810149,0.7244600854183297
99ad6fff4c4d8e9d6811035a,5-22-24_train-ready_all_carts.csv,5-22-24_Cart73,0.05,0.9616991835801898,0.8213474647497302,1.105350834648437
99ad6fff4c4d8e9d6811035a,5-22-24_train-ready_all_carts.csv,5-22-24_Cart73,0.1,1.325410249850283,1.0877887695041615,2.124957234839059
99ad6fff4c4d8e9d6811035a,5-22-24_train-ready_all_carts.csv,5-22-24_Cart73,0.15,1.6083915639062183,1.60417246929323,1.6107940685686972
99ad6fff4c4d8e9d6811035a,5-22-24_train-ready_all_carts.csv,5-22-24_Cart73,0.2,1.7652555454851282,1.6300061287345264,1.8272274717290635
99ad6fff4c4d8e9d6811035a,5-22-24_train-ready_all_carts.csv,5-22-24_Cart73,0.25,1.8894456486313445,1.8892247745079789,1.889984972256313
99ad6fff4c4d8e9d6811035a,5-22-24_train-ready_all_carts.csv,5-22-24_Cart73,0.3,2.214678026348776,2.21350804669504,2.217831884545803
99ad6fff4c4d8e9d6811035a,5-22-24_train-ready_all_carts.csv,5-22-24_Cart73,0.35,2.420733178171571,2.39987563179906,2.8746881740870682
99ad6fff4c4d8e9d6811035a,5-22-24_train-ready_all_carts.csv,5-22-24_Cart73,0.4,2.651186798978994,2.6509012407038233,2.651323219531505
99ad6fff4c4d8e9d6811035a,5-22-24_train-ready_all_carts.csv,5-22-24_Cart73,0.45,2.987937464532563,2.927507437363912,3.1460419482542195
99ad6fff4c4d8e9d6811035a,5-22-24_train-ready_all_carts.csv,5-22-24_Cart73,0.5,2.771673893399009,2.771528223995481,2.772008586195211
99ad6fff4c4d8e9d6811035a,5-22-24_train-ready_all_carts.csv,5-22-24_Cart73,0.55,2.972910393841595,2.972772817182707,2.9730446755973077
99ad6fff4c4d8e9d6811035a,5-22-24_train-ready_all_carts.csv,5-22-24_Cart73,0.6,3.506289319818193,3.503866120851562,3.5069783592190102
99ad6fff4c4d8e9d6811035a,5-22-24_train-ready_all_carts.csv,5-22-24_Cart73,0.65,3.769482717121811,3.766215155862585,3.772273326695119
99ad6fff4c4d8e9d6811035a,5-22-24_train-ready_all_carts.csv,5-22-24_Cart73,0.7,4.111270538160882,4.109371633436315,4.111989636327506
99ad6fff4c4d8e9d6811035a,5-22-24_train-ready_all_carts.csv,5-22-24_Cart73,0.75,3.7847560384711256,3.6462617201462906,3.9478139755765724
99ad6fff4c4d8e9d6811035a,5-22-24_train-ready_all_carts.csv,5-22-24_Cart73,0.8,4.537510773948726,4.536960467313174,4.538253572296083
99ad6fff4c4d8e9d6811035a,5-22-24_train-ready_all_carts.csv,5-22-24_Cart73,0.85,4.688708678172932,4.687981082624436,4.689077418301943
99ad6fff4c4d8e9d6811035a,5-22-24_train-ready_all_carts.csv,5-22-24_Cart73,0.9,4.376213124413217,4.374629836729628,4.378470422114719
99ad6fff4c4d8e9d6811035a,5-22-24_train-ready_all_carts.csv,5-22-24_Cart73,0.95,5.196104113321748,5.195813179151923,5.196650257974341
99ad6fff4c4d8e9d6811035a,5-22-24_train-ready_all_carts.csv,5-22-24_Cart73,1.0,5.969323087782334,5.289853068476257,6.0823764181968905
2014883a9061088e4c8b1550,5-22-24_train-ready_all_carts.csv,5-22-24_Cart74,0.0,0.6391116999158981,0.6279971865277247,0.6703932943517648
2014883a9061088e4c8b1550,5-22-24_train-ready_all_carts.csv,5-22-24_Cart74,0.05,0.8656925709046923,0.8649258747558967,0.8693244549982325
2014883a9061088e4c8b1550,5-22-24_train-ready_all_carts.csv,5-22-24_Cart74,0.1,1.0172887431035202,1.0150472114240496,1.020052124146513
2014883a9061088e4c8b1550,5-22-24_train-ready_all_carts.csv,5-22-24_Cart74,0.15,1.6526694139279532,0.731842421451302,1.9604649016199487
2014883a9061088e4c8b1550,5-22-24_train-ready_all_carts.csv,5-22-24_Cart74,0.2,2.101902453671289,2.100520229197511,2.257766743771572
2014883a9061088e4c8b1550,5-22-24_train-ready_all_carts.csv,5-22-24_Cart74,0.25,2.4392641844294896,2.4386382736990253,2.4399624753581692
2014883a9061088e4c8b1550,5-22-24_train-ready_all_carts.csv,5-22-24_Cart74,0.3,3.3347686085924853,3.2288496809900513,3.780740267797897
2014883a9061088e4c8b1550,5-22-24_train-ready_all_carts.csv,5-22-24_Cart74,0.35,3.6035400157767827,3.596194552890569,3.782040263620261
2014883a9061088e4c8b1550,5-22-24_train-ready_all_carts.csv,5-22-24_Cart74,0.4,3.8984655922897993,3.8805672151599233,4.030167889025179
2014883a9061088e4c8b1550,5-22-24_train-ready_all_carts.csv,5-22-24_Cart74,0.45,4.413224069508859,4.412146731788052,4.413322316728731
2014883a9061088e4c8b1550,5-22-24_train-ready_all_carts.csv,5-22-24_Cart74,0.5,0.0212387311350752,0.02094861706190245,0.0215045207154051
2014883a9061088e4c8b1550,5-22-24_train-ready_all_carts.csv,5-22-24_Cart74,0.55,0.6650024527855407,0.29479488471759413,0.9305865801430376
2014883a9061088e4c8b1550,5-22-24_train-ready_all_carts.csv,5-22-24_Cart74,0.6,0.9303850428206313,0.5879795988074815,1.0633024962935824
2014883a9061088e4c8b1550,5-22-24_train-ready_all_carts.csv,5-22-24_Cart74,0.65,1.1441652977710337,1.0396969405344643,1.478392787962437
2014883a9061088e4c8b1550,5-22-24_train-ready_all_carts.csv,5-22-24_Cart74,0.7,2.3515263320261903,2.266348958798758,2.6972371779765068
2014883a9061088e4c8b1550,5-22-24_train-ready_all_carts.csv,5-22-24_Cart74,0.75,2.687082117510899,2.68574783008643,2.8797439664313336
2014883a9061088e4c8b1550,5-22-24_train-ready_all_carts.csv,5-22-24_Cart74,0.8,2.9106681094784754,2.902740163980727,2.956711645340262
2014883a9061088e4c8b1550,5-22-24_train-ready_all_carts.csv,5-22-24_Cart74,0.85,2.9733624132994336,2.9725813004390256,2.977685053661675
2014883a9061088e4c8b1550,5-22-24_train-ready_all_carts.csv,5-22-24_Cart74,0.9,3.4136226815853803,3.410767816718085,3.580729633621495
2014883a9061088e4c8b1550,5-22-24_train-ready_all_carts.csv,5-22-24_Cart74,0.95,4.396544586782526,4.212983835851235,4.415743849655237
2014883a9061088e4c8b1550,5-22-24_train-ready_all_carts.csv,5-22-24_Cart74,1.0,4.88542654985946,4.832186167829927,4.974175055276358
f350206ec73f1d1bc8aae920,5-22-24_train-ready_all_carts.csv,5-22-24_Cart75,0.0,1.358875243836868,1.3585666798259108,1.35909743629775
f350206ec73f1d1bc8aae920,5-22-24_train-ready_all_carts.csv,5-22-24_Cart75,0.05,1.7503045155316832,1.2625974703598537,1.8296804315785857
f350206ec73f1d1bc8aae920,5-22-24_train-ready_all_carts.csv,5-22-24_Cart75,0.1,1.9177967528982602,1.9174978150295248,1.9179746387319272
f350206ec73f1d1bc8aae920,5-22-24_train-ready_all_carts.csv,5-22-24_Cart75,0.15,2.2057397211062337,2.2054984082258704,2.2063608050770065
f350206ec73f1d1bc8aae920,5-22-24_train-ready_all_carts.csv,5-22-24_Cart75,0.2,3.195779218109424,2.684343666427455,6.827308820352345
f350206ec73f1d1bc8aae920,5-22-24_train-ready_all_carts.csv,5-22-24_Cart75,0.25,2.78568050510207,2.7826315234519177,2.9339165680079224
f350206ec73f1d1bc8aae920,5-22-24_train-ready_all_carts.csv,5-22-24_Cart75,0.3,3.2854368430368215,3.284351726264955,3.286063465335997
f350206ec73f1d1bc8aae920,5-22-24_train-ready_all_carts.csv,5-22-24_Cart75,0.35,3.9071840945685192,3.8009025176183124,4.284132945129464
f350206ec73f1d1bc8aae920,5-22-24_train-ready_all_carts.csv,5-22-24_Cart75,0.4,4.48504800541368,3.162150092458818,4.910655422528169
f350206ec73f1d1bc8aae920,5-22-24_train-ready_all_carts.csv,5-22-24_Cart75,0.45,4.321994342666258,4.321541056859564,4.3222166669921025
f350206ec73f1d1bc8aae920,5-22-24_train-ready_all_carts.csv,5-22-24_Cart75,0.5,4.639453963956579,4.514717621851885,4.793935085527789
f350206ec73f1d1bc8aae920,5-22-24_train-ready_all_carts.csv,5-22-24_Cart75,0.55,5.088528003766779,5.03388922932395,5.277154963841985
f350206ec73f1d1bc8aae920,5-22-24_train-ready_all_carts.csv,5-22-24_Cart75,0.6,4.841192850590561,4.8396738980938885,4.84160235722989
f350206ec73f1d1bc8aae920,5-22-24_train-ready_all_carts.csv,5-22-24_Cart75,0.65,5.087881865453236,5.075437043736952,5.12691389418972
f350206ec73f1d1bc8aae920,5-22-24_train-ready_all_carts.csv,5-22-24_Cart75,0.7,5.124074841558988,5.1238869999206935,5.124239936491346
f350206ec73f1d1bc8aae920,5-22-24_train-ready_all_carts.csv,5-22-24_Cart75,0.75,5.4622412178239355,5.461352052385524,5.46383935523026
f350206ec73f1d1bc8aae920,5-22-24_train-ready_all_carts.csv,5-22-24_Cart75,0.8,5.846673734637813,5.844942347687441,5.999508390294143
f350206ec73f1d1bc8aae920,5-22-24_train-ready_all_carts.csv,5-22-24_Cart75,0.85,6.084912842738886,6.084640211930059,6.085305602528047
f350206ec73f1d1bc8aae920,5-22-24_train-ready_all_carts.csv,5-22-24_Cart75,0.9,5.3207435204060864,5.316861679656273,5.321612840167725
f350206ec73f1d1bc8aae920,5-22-24_train-ready_all_carts.csv,5-22-24_Cart75,0.95,5.3191453170672816,5.318611791431241,5.32005656988682
f350206ec73f1d1bc8aae920,5-22-24_train-ready_all_carts.csv,5-22-24_Cart75,1.0,5.1937377823062745,4.8500650548927995,5.348105170347804
9343d81f0df0abc741cc1fbf,5-22-24_train-ready_all_carts.csv,5-22-24_Cart77,0.0,0.6149706667909141,0.568263059571224,0.9215538322390534
9343d81f0df0abc741cc1fbf,5-22-24_train-ready_all_carts.csv,5-22-24_Cart77,0.05,0.7987712805897242,0.7973868523485812,0.7996013249555423
9343d81f0df0abc741cc1fbf,5-22-24_train-ready_all_carts.csv,5-22-24_Cart77,0.1,1.0026203755726533,0.9991752320203584,1.3342080915345385
9343d81f0df0abc741cc1fbf,5-22-24_train-ready_all_carts.csv,5-22-24_Cart77,0.15,1.0690067726297665,0.6963505442153735,1.2066532442159088
9343d81f0df0abc741cc1fbf,5-22-24_train-ready_all_carts.csv,5-22-24_Cart77,0.2,1.3929188753785935,1.3904030139686947,1.4977648114904152
9343d81f0df0abc741cc1fbf,5-22-24_train-ready_all_carts.csv,5-22-24_Cart77,0.25,1.7875740360920584,1.6040362186275188,1.8429260500041742
9343d81f0df0abc741cc1fbf,5-22-24_train-ready_all_carts.csv,5-22-24_Cart77,0.3,1.468263625797861,1.4651327352047288,1.4701675209188647
9343d81f0df0abc741cc1fbf,5-22-24_train-ready_all_carts.csv,5-22-24_Cart77,0.35,1.7681993916624794,1.7656798547793742,1.7690049328735864
9343d81f0df0abc741cc1fbf,5-22-24_train-ready_all_carts.csv,5-22-24_Cart77,0.4,2.28776918477452,2.0700813205899786,2.6732809933077686
9343d81f0df0abc741cc1fbf,5-22-24_train-ready_all_carts.csv,5-22-24_Cart77,0.45,2.246905273663847,2.1944293175358744,2.257037328136632
9343d81f0df0abc741cc1fbf,5-22-24_train-ready_all_carts.csv,5-22-24_Cart77,0.5,2.5340626443469487,2.533168279200016,2.730974896231338
9343d81f0df0abc741cc1fbf,5-22-24_train-ready_all_carts.csv,5-22-24_Cart77,0.55,2.116761668050054,2.1115725124612403,2.12503454565918
9343d81f0df0abc741cc1fbf,5-22-24_train-ready_all_carts.csv,5-22-24_Cart77,0.6,2.845429131884009,2.749475390616621,2.9316116276317223
9343d81f0df0abc741cc1fbf,5-22-24_train-ready_all_carts.csv,5-22-24_Cart77,0.65,3.2480894732413894,3.2470438011141196,3.250124460240093
9343d81f0df0abc741cc1fbf,5-22-24_train-ready_all_carts.csv,5-22-24_Cart77,0.7,3.4409758568068467,3.4395013794721425,3.4412956229758174
9343d81f0df0abc741cc1fbf,5-22-24_train-ready_all_carts.csv,5-22-24_Cart77,0.75,3.768600187494311,3.3951561826559766,4.036795791904705
9343d81f0df0abc741cc1fbf,5-22-24_train-ready_all_carts.csv,5-22-24_Cart77,0.8,4.01073546171237,4.009405552990461,4.0111005587175566
9343d81f0df0abc741cc1fbf,5-22-24_train-ready_all_carts.csv,5-22-24_Cart77,0.85,4.916923380792838,4.201337538679944,5.563645556907389
9343d81f0df0abc741cc1fbf,5-22-24_train-ready_all_carts.csv,5-22-24_Cart77,0.9,4.355061142650502,4.3524607453568525,4.357075301967703
9343d81f0df0abc741cc1fbf,5-22-24_train-ready_all_carts.csv,5-22-24_Cart77,0.95,4.526504815528815,4.524933550733006,4.528527550950167
9343d81f0df0abc741cc1fbf,5-22-24_train-ready_all_carts.csv,5-22-24_Cart77,1.0,4.694573178845759,4.69354098345358,4.698443758421714
ffa6f3162a37b6f65468cd57,5-22-24_train-ready_all_carts.csv,5-22-24_Cart8,0.0,1.331897281336259,0.7519237778986375,1.7789887243796396
ffa6f3162a37b6f65468cd57,5-22-24_train-ready_all_carts.csv,5-22-24_Cart8,0.05,1.1789209762093904,1.1783930416474393,1.1796468791778956
ffa6f3162a37b6f65468cd57,5-22-24_train-ready_all_carts.csv,5-22-24_Cart8,0.1,1.5214604956244095,1.3062792778801373,1.9696010922157559
ffa6f3162a37b6f65468cd57,5-22-24_train-ready_all_carts.csv,5-22-24_Cart8,0.15,1.6047099351859515,1.3246175970226972,1.737130483143246
ffa6f3162a37b6f65468cd57,5-22-24_train-ready_all_carts.csv,5-22-24_Cart8,0.2,1.626073367336887,1.6109195855893967,1.679105593294809
ffa6f3162a37b6f65468cd57,5-22-24_train-ready_all_carts.csv,5-22-24_Cart8,0.25,1.809820554264842,1.805476423136052,1.9959545358868795
ffa6f3162a37b6f65468cd57,5-22-24_train-ready_all_carts.csv,5-22-24_Cart8,0.3,2.033292348017836,2.0327133412187317,2.033552844644021
ffa6f3162a37b6f65468cd57,5-22-24_train-ready_all_carts.csv,5-22-24_Cart8,0.35,2.065554200543319,2.0617636247451734,2.0688254196580202
ffa6f3162a37b6f65468cd57,5-22-24_train-ready_all_carts.csv,5-22-24_Cart8,0.4,2.458688530452315,2.457070471685854,2.459356024840209
ffa6f3162a37b6f65468cd57,5-22-24_train-ready_all_carts.csv,5-22-24_Cart8,0.45,2.7396749995829177,2.738250846017404,2.7418939613120354
ffa6f3162a37b6f65468cd57,5-22-24_train-ready_all_carts.csv,5-22-24_Cart8,0.5,2.966912030532421,2.9663011388559783,2.9674730915067564
ffa6f3162a37b6f65468cd57,5-22-24_train-ready_all_carts.csv,5-22-24_Cart8,0.55,3.160901881596563,3.1261404239879713,3.493961716595071
ffa6f3162a37b6f65468cd57,5-22-24_train-ready_all_carts.csv,5-22-24_Cart8,0.6,3.199097142977575,3.1984400887707563,3.199819208474118
ffa6f3162a37b6f65468cd57,5-22-24_train-ready_all_carts.csv,5-22-24_Cart8,0.65,3.6670926502045713,3.6665645463423875,3.6674886434510943
ffa6f3162a37b6f65468cd57,5-22-24_train-ready_all_carts.csv,5-22-24_Cart8,0.7,3.756570081028206,3.756260092300381,3.756706367716298
ffa6f3162a37b6f65468cd57,5-22-24_train-ready_all_carts.csv,5-22-24_Cart8,0.75,4.014872576185356,3.955027990992174,4.186230992781889
ffa6f3162a37b6f65468cd57,5-22-24_train-ready_all_carts.csv,5-22-24_Cart8,0.8,4.339855661370249,4.33908139496833,4.340596293459083
ffa6f3162a37b6f65468cd57,5-22-24_train-ready_all_carts.csv,5-22-24_Cart8,0.85,3.494892867880179,3.4885142558435454,3.931703610668212
ffa6f3162a37b6f65468cd57,5-22-24_train-ready_all_carts.csv,5-22-24_Cart8,0.9,4.161620890050132,4.161117108988185,4.162485449910003
ffa6f3162a37b6f65468cd57,5-22-24_train-ready_all_carts.csv,5-22-24_Cart8,0.95,4.439784559951579,4.439495000118614,4.440104085925899
ffa6f3162a37b6f65468cd57,5-22-24_train-ready_all_carts.csv,5-22-24_Cart8,1.0,4.216916603698625,4.215505486251102,4.218076592466224
4ad9123f29e8e36c3b5a53ee,5-4-24_train-ready_all_carts.csv,5-4-24_Cart1,0.0,1.0565940818226305,1.056493243472762,1.0609954301995512
4ad9123f29e8e36c3b5a53ee,5-4-24_train-ready_all_carts.csv,5-4-24_Cart1,0.05,1.4436711892481393,1.2969667037499095,1.6600346334744014
4ad9123f29e8e36c3b5a53ee,5-4-24_train-ready_all_carts.csv,5-4-24_Cart1,0.1,1.5221286262775544,1.5217167203991233,1.5227134309197712
4ad9123f29e8e36c3b5a53ee,5-4-24_train-ready_all_carts.csv,5-4-24_Cart1,0.15,2.052174288359464,2.051807687504698,2.052762560222879
4ad9123f29e8e36c3b5a53ee,5-4-24_train-ready_all_carts.csv,5-4-24_Cart1,0.2,2.1261185591282934,2.125258572696923,2.1267495355994748
4ad9123f29e8e36c3b5a53ee,5-4-24_train-ready_all_carts.csv,5-4-24_Cart1,0.25,3.295634228589423,2.7831772595664224,4.218476006103389
4ad9123f29e8e36c3b5a53ee,5-4-24_train-ready_all_carts.csv,5-4-24_Cart1,0.3,2.9711866934202895,2.9709424854738455,2.9714087689380793
4ad9123f29e8e36c3b5a53ee,5-4-24_train-ready_all_carts.csv,5-4-24_Cart1,0.35,4.221801822464407,3.390200664244091,11.564075709304548
4ad9123f29e8e36c3b5a53ee,5-4-24_train-ready_all_carts.csv,5-4-24_Cart1,0.4,3.5103026061585565,3.3636941049005165,3.8638597169863487
4ad9123f29e8e36c3b5a53ee,5-4-24_train-ready_all_carts.csv,5-4-24_Cart1,0.45,3.7795011272634023,3.779121524329141,3.7796943670582213
4ad9123f29e8e36c3b5a53ee,5-4-24_train-ready_all_carts.csv,5-4-24_Cart1,0.5,3.947012985046512,3.946451295212288,3.9471435837116715
4ad9123f29e8e36c3b5a53ee,5-4-24_train-ready_all_carts.csv,5-4-24_Cart1,0.55,4.661633856171784,3.9310996532709184,5.279096543796203
4ad9123f29e8e36c3b5a53ee,5-4-24_train-ready_all_carts.csv,5-4-24_Cart1,0.6,4.696874692437541,4.110135051856697,4.829055046120542
4ad9123f29e8e36c3b5a53ee,5-4-24_train-ready_all_carts.csv,5-4-24_Cart1,0.65,4.940163825263306,4.936487530626098,4.9434987719734815
4ad9123f29e8e36c3b5a53ee,5-4-24_train-ready_all_carts.csv,5-4-24_Cart1,0.7,4.927509623627671,4.375702467773961,5.1922330601181
4ad9123f29e8e36c3b5a53ee,5-4-24_train-ready_all_carts.csv,5-4-24_Cart1,0.75,5.179374350218749,5.142607589903351,5.22443192986499
4ad9123f29e8e36c3b5a53ee,5-4-24_train-ready_all_carts.csv,5-4-24_Cart1,0.8,1.0524391950859326,0.8343108196953835,1.3002598126576177
4ad9123f29e8e36c3b5a53ee,5-4-24_train-ready_all_carts.csv,5-4-24_Cart1,0.85,1.396103225879845,1.395923045951541,1.3962797074388695
4ad9123f29e8e36c3b5a53ee,5-4-24_train-ready_all_carts.csv,5-4-24_Cart1,0.9,1.6773156684389263,1.3446119861509394,1.948701081527967
4ad9123f29e8e36c3b5a53ee,5-4-24_train-ready_all_carts.csv,5-4-24_Cart1,0.95,2.015858613522043,1.9961971000563845,2.2150154524655163
4ad9123f29e8e36c3b5a53ee,5-4-24_train-ready_all_carts.csv,5-4-24_Cart1,1.0,2.7342460426097355,2.6417827655473083,2.8611590516343663
61a7a0fc40ae597c76dfdc16,5-4-24_train-ready_all_carts.csv,5-4-24_Cart11,0.0,0.8364956230564424,0.8297631511458035,0.9002666584676922
61a7a0fc40ae597c76dfdc16,5-4-24_train-ready_all_carts.csv,5-4-24_Cart11,0.05,0.961092354768459,0.9606762771142625,0.961668529690922
61a7a0fc40ae597c76dfdc16,5-4-24_train-ready_all_carts.csv,5-4-24_Cart11,0.1,1.280169089420355,1.2799599240292112,1.280697009849529
61a7a0fc40ae597c76dfdc16,5-4-24_train-ready_all_carts.csv,5-4-24_Cart11,0.15,1.3391760106562973,1.338490621608297,1.339406580764309
61a7a0fc40ae597c76dfdc16,5-4-24_train-ready_all_carts.csv,5-4-24_Cart11,0.2,1.6074772520325302,1.6073269183193262,1.6078313060773244
61a7a0fc40ae597c76dfdc16,5-4-24_train-ready_all_carts.csv,5-4-24_Cart11,0.25,1.8190647558746498,1.253534048623305,2.150816149669794
61a7a0fc40ae597c76dfdc16,5-4-24_train-ready_all_carts.csv,5-4-24_Cart11,0.3,2.1890021019745474,2.188857901776703,2.189188986432344
61a7a0fc40ae597c76dfdc16,5-4-24_train-ready_all_carts.csv,5-4-24_Cart11,0.35,2.5607018949369875,2.4325768272208586,2.706530290761727
61a7a0fc40ae597c76dfdc16,5-4-24_train-ready_all_carts.csv,5-4-24_Cart11,0.4,2.690498345588633,2.6898438118781054,2.6908046458352692
61a7a0fc40ae597c76dfdc16,5-4-24_train-ready_all_carts.csv,5-4-24_Cart11,0.45,2.86676305964804,2.8666669887697025,2.8671613626250716
61a7a0fc40ae597c76dfdc16,5-4-24_train-ready_all_carts.csv,5-4-24_Cart11,0.5,2.8584627861071934,2.858201798769949,2.8586330224518703
61a7a0fc40ae597c76dfdc16,5-4-24_train-ready_all_carts.csv,5-4-24_Cart11,0.55,3.340885048690449,3.3395124555745967,3.3426703397683606
61a7a0fc40ae597c76dfdc16,5-4-24_train-ready_all_carts.csv,5-4-24_Cart11,0.6,3.062111768640905,3.0608165329228547,3.062547936687249
61a7a0fc40ae597c76dfdc16,5-4-24_train-ready_all_carts.csv,5-4-24_Cart11,0.65,3.548782429414122,3.512597943310264,4.277432725918782
61a7a0fc40ae597c76dfdc16,5-4-24_train-ready_all_carts.csv,5-4-24_Cart11,0.7,3.855569602065711,3.85502246746087,3.855676500476266
61a7a0fc40ae597c76dfdc16,5-4-24_train-ready_all_carts.csv,5-4-24_Cart11,0.75,4.0107800858495875,3.763697365338878,4.742949643259101
61a7a0fc40ae597c76dfdc16,5-4-24_train-ready_all_carts.csv,5-4-24_Cart11,0.8,4.390964157813666,4.3905991510628715,4.391286292543832
61a7a0fc40ae597c76dfdc16,5-4-24_train-ready_all_carts.csv,5-4-24_Cart11,0.85,4.399444681601818,4.2561668267764485,4.657062340611721
61a7a0fc40ae597c76dfdc16,5-4-24_train-ready_all_carts.csv,5-4-24_Cart11,0.9,4.776370479998285,4.424937574217243,5.252180249741764
61a7a0fc40ae597c76dfdc16,5-4-24_train-ready_all_carts.csv,5-4-24_Cart11,0.95,5.007632799028918,4.994992437502171,5.0320752332586585
61a7a0fc40ae597c76dfdc16,5-4-24_train-ready_all_carts.csv,5-4-24_Cart11,1.0,5.721550203878911,5.688984992532404,5.779671520601182
684b83408f472e553c3db202,5-4-24_train-ready_all_carts.csv,5-4-24_Cart16,0.0,0.13874701772679685,0.0,1.0190178095203342
684b83408f472e553c3db202,5-4-24_train-ready_all_carts.csv,5-4-24_Cart16,0.05,0.49633827580401796,0.4653920019454702,0.560332819537464
684b83408f472e553c3db202,5-4-24_train-ready_all_carts.csv,5-4-24_Cart16,0.1,0.7698859125552326,0.7026672557837014,0.7710575369936992
684b83408f472e553c3db202,5-4-24_train-ready_all_carts.csv,5-4-24_Cart16,0.15,1.2324691134673804,0.871797772937102,1.680101840890237
684b83408f472e553c3db202,5-4-24_train-ready_all_carts.csv,5-4-24_Cart16,0.2,0.7739660594092257,0.7721519114691793,0.7749844101116297
684b83408f472e553c3db202,5-4-24_train-ready_all_carts.csv,5-4-24_Cart16,0.25,0.918809739988542,0.9181537283981857,0.9211578936250177
684b83408f472e553c3db202,5-4-24_train-ready_all_carts.csv,5-4-24_Cart16,0.3,0.8096911018107322,0.5345156979825338,1.8750294007391544
684b83408f472e553c3db202,5-4-24_train-ready_all_carts.csv,5-4-24_Cart16,0.35,0.9680780497085518,0.8975776489741688,1.0293242420806652
684b83408f472e553c3db202,5-4-24_train-ready_all_carts.csv,5-4-24_Cart16,0.4,1.3015557172603187,1.300993662470177,1.3021876648741006
684b83408f472e553c3db202,5-4-24_train-ready_all_carts.csv,5-4-24_Cart16,0.45,2.080735016434274,1.2667605866155016,2.2448329437377907
684b83408f472e553c3db202,5-4-24_train-ready_all_carts.csv,5-4-24_Cart16,0.5,1.9672143565567457,1.9659185803920707,1.9673769799907095
684b83408f472e553c3db202,5-4-24_train-ready_all_carts.csv,5-4-24_Cart16,0.55,2.4223791086434554,2.347405873743305,2.941165182916312
684b83408f472e553c3db202,5-4-24_train-ready_all_carts.csv,5-4-24_Cart16,0.6,2.2100980496712452,2.2098128072484378,2.2109796802010804
684b83408f472e553c3db202,5-4-24_train-ready_all_carts.csv,5-4-24_Cart16,0.65,3.0909959310459056,3.0908357599917125,3.091482881705365
684b83408f472e553c3db202,5-4-24_train-ready_all_carts.csv,5-4-24_Cart16,0.7,3.686700437203285,3.6857758900273554,3.6888180671407267
684b83408f472e553c3db202,5-4-24_train-ready_all_carts.csv,5-4-24_Cart16,0.75,3.67701353708412,3.658937965390236,3.7523638253749882
684b83408f472e553c3db202,5-4-24_train-ready_all_carts.csv,5-4-24_Cart16,0.8,4.64751831003579,4.646541803063335,4.648653302051334
684b83408f472e553c3db202,5-4-24_train-ready_all_carts.csv,5-4-24_Cart16,0.85,4.7539945090038715,4.699986515543584,4.933031567540218
684b83408f472e553c3db202,5-4-24_train-ready_all_carts.csv,5-4-24_Cart16,0.9,4.621011150121093,4.619434116650742,4.730163508520833
684b83408f472e553c3db202,5-4-24_train-ready_all_carts.csv,5-4-24_Cart16,0.95,5.287310473634266,5.285271932944631,5.2886926961860805
684b83408f472e553c3db202,5-4-24_train-ready_all_carts.csv,5-4-24_Cart16,1.0,4.674460767360897,4.647411784789233,4.7032570705237
93364f48638adcd8b1211140,5-4-24_train-ready_all_carts.csv,5-4-24_Cart2,0.0,0.609264053749432,0.299030944035093,0.6709818320919354
93364f48638adcd8b1211140,5-4-24_train-ready_all_carts.csv,5-4-24_Cart2,0.05,0.6609883993370504,0.6604883858351402,0.661281807973427
93364f48638adcd8b1211140,5-4-24_train-ready_all_carts.csv,5-4-24_Cart2,0.1,0.8159497775901787,0.8156245012680684,1.0736994249044873
93364f48638adcd8b1211140,5-4-24_train-ready_all_carts.csv,5-4-24_Cart2,0.15,0.8530161768328566,0.8527137905462081,0.8532808688792901
93364f48638adcd8b1211140,5-4-24_train-ready_all_carts.csv,5-4-24_Cart2,0.2,1.1621244048044916,1.159796042288224,1.1633928100422741
93364f48638adcd8b1211140,5-4-24_train-ready_all_carts.csv,5-4-24_Cart2,0.25,1.4097303774947914,1.4088926616515196,1.4113338690698825
93364f48638adcd8b1211140,5-4-24_train-ready_all_carts.csv,5-4-24_Cart2,0.3,1.6115527119828323,1.6086710646093976,1.6132383104123993
93364f48638adcd8b1211140,5-4-24_train-ready_all_carts.csv,5-4-24_Cart2,0.35,1.7291290141359417,1.725535813660146,1.731024368526833
93364f48638adcd8b1211140,5-4-24_train-ready_all_carts.csv,5-4-24_Cart2,0.4,1.9658500317810899,1.964851015506108,1.9672582148717848
93364f48638adcd8b1211140,5-4-24_train-ready_all_carts.csv,5-4-24_Cart2,0.45,2.041082741061373,2.0399846733602103,2.0416514246696686
93364f48638adcd8b1211140,5-4-24_train-ready_all_carts.csv,5-4-24_Cart2,0.5,2.44327552778815,2.3780199012374217,2.5861141054420522
93364f48638adcd8b1211140,5-4-24_train-ready_all_carts.csv,5-4-24_Cart2,0.55,2.548400839742681,2.547690297369158,2.5507158844201347
93364f48638adcd8b1211140,5-4-24_train-ready_all_carts.csv,5-4-24_Cart2,0.6,2.7589499259323143,2.164212403636115,3.217994069462373
93364f48638adcd8b1211140,5-4-24_train-ready_all_carts.csv,5-4-24_Cart2,0.65,3.0193065401945134,3.019108258978238,3.0196094615729
93364f48638adcd8b1211140,5-4-24_train-ready_all_carts.csv,5-4-24_Cart2,0.7,3.277589376698492,3.277062073517939,3.277752817497154
93364f48638adcd8b1211140,5-4-24_train-ready_all_carts.csv,5-4-24_Cart2,0.75,3.3764184425350328,3.375206162475111,3.382042851248554
93364f48638adcd8b1211140,5-4-24_train-ready_all_carts.csv,5-4-24_Cart2,0.8,3.565418789886099,3.564928289126199,3.5660694614395956
93364f48638adcd8b1211140,5-4-24_train-ready_all_carts.csv,5-4-24_Cart2,0.85,3.9069583335559503,3.903669124642016,3.9097125101864476
93364f48638adcd8b1211140,5-4-24_train-ready_all_carts.csv,5-4-24_Cart2,0.9,4.227274949801083,4.2170677181695195,4.4215275198345205
93364f48638adcd8b1211140,5-4-24_train-ready_all_carts.csv,5-4-24_Cart2,0.95,4.538492628313476,4.534904124754046,4.542039810899798
93364f48638adcd8b1211140,5-4-24_train-ready_all_carts.csv,5-4-24_Cart2,1.0,4.964554073836553,4.959501618736395,4.967726870570138
92cf9cf062f1cd06314f28c4,5-4-24_train-ready_all_carts.csv,5-4-24_Cart20,0.0,0.3967232552683436,0.3887468111328011,0.4159180781802253
92cf9cf062f1cd06314f28c4,5-4-24_train-ready_all_carts.csv,5-4-24_Cart20,0.05,0.702237256436963,0.5986646151490623,0.7600720258384144
92cf9cf062f1cd06314f28c4,5-4-24_train-ready_all_carts.csv,5-4-24_Cart20,0.1,0.6768101776750248,0.6755399773795391,0.6776834851315486
92cf9cf062f1cd06314f28c4,5-4-24_train-ready_all_carts.csv,5-4-24_Cart20,0.15,0.8558316424337367,0.8553794543110061,0.8561764622320853
92cf9cf062f1cd06314f28c4,5-4-24_train-ready_all_carts.csv,5-4-24_Cart20,0.2,0.980713852881813,0.9801419246122169,0.9814359933755169
92cf9cf062f1cd06314f28c4,5-4-24_train-ready_all_carts.csv,5-4-24_Cart20,0.25,1.0437353596815209,1.0433860844358471,1.0441538534838546
92cf9cf062f1cd06314f28c4,5-4-24_train-ready_all_carts.csv,5-4-24_Cart20,0.3,1.2605239010618554,1.1780965740947924,1.4050873340150767
92cf9cf062f1cd06314f28c4,5-4-24_train-ready_all_carts.csv,5-4-24_Cart20,0.35,1.3308833704830896,0.9448437227396848,1.3506121310199637
92cf9cf062f1cd06314f28c4,5-4-24_train-ready_all_carts.csv,5-4-24_Cart20,0.4,1.449904280851714,1.448924440467182,1.4503683236467924
92cf9cf062f1cd06314f28c4,5-4-24_train-ready_all_carts.csv,5-4-24_Cart20,0.45,1.7192289111211967,1.682136834769346,1.8220656875464007
92cf9cf062f1cd06314f28c4,5-4-24_train-ready_all_carts.csv,5-4-24_Cart20,0.5,1.7637817931422548,1.7634158099691115,1.765197988899201
92cf9cf062f1cd06314f28c4,5-4-24_train-ready_all_carts.csv,5-4-24_Cart20,0.55,1.9310663366613752,1.8857045920468898,2.0004337927794915
92cf9cf062f1cd06314f28c4,5-4-24_train-ready_all_carts.csv,5-4-24_Cart20,0.6,2.1193161466924586,2.0293820274748673,2.422220409371107
92cf9cf062f1cd06314f28c4,5-4-24_train-ready_all_carts.csv,5-4-24_Cart20,0.65,2.229002894914737,2.175809906010576,2.810041639332906
92cf9cf062f1cd06314f28c4,5-4-24_train-ready_all_carts.csv,5-4-24_Cart20,0.7,2.2870183883983177,2.2867832044287937,2.2874304377143417
92cf9cf062f1cd06314f28c4,5-4-24_train-ready_all_carts.csv,5-4-24_Cart20,0.75,2.3629933126805223,2.362068011744945,2.3634412442598265
92cf9cf062f1cd06314f28c4,5-4-24_train-ready_all_carts.csv,5-4-24_Cart20,0.8,2.4942054407927934,2.493619867715763,2.4943842553974975
92cf9cf062f1cd06314f28c4,5-4-24_train-ready_all_carts.csv,5-4-24_Cart20,0.85,2.7410093760644534,2.6954672653948557,2.8742495283252936
92cf9cf062f1cd06314f28c4,5-4-24_train-ready_all_carts.csv,5-4-24_Cart20,0.9,2.767789796951428,2.7676076009804498,2.768244451482499
92cf9cf062f1cd06314f28c4,5-4-24_train-ready_all_carts.csv,5-4-24_Cart20,0.95,2.984679381512173,2.8396798716519953,3.249404438691616
92cf9cf062f1cd06314f28c4,5-4-24_train-ready_all_carts.csv,5-4-24_Cart20,1.0,3.559265802807044,2.8837559412476947,3.7141602246840706
1f6f994c3df9bca643712d90,5-4-24_train-ready_all_carts.csv,5-4-24_Cart25,0.0,0.6188703312597229,0.6077745476005538,0.7052234080078449
1f6f994c3df9bca643712d90,5-4-24_train-ready_all_carts.csv,5-4-24_Cart25,0.05,1.4177395216260749,1.3758768779042398,1.7075733733648426
1f6f994c3df9bca643712d90,5-4-24_train-ready_all_carts.csv,5-4-24_Cart25,0.1,1.660005124158897,1.6594404459587484,1.660583146575012
1f6f994c3df9bca643712d90,5-4-24_train-ready_all_carts.csv,5-4-24_Cart25,0.15,1.8374546017694793,1.837417837092836,1.8376957508151657
1f6f994c3df9bca643712d90,5-4-24_train-ready_all_carts.csv,5-4-24_Cart25,0.2,2.0677117715868283,2.0572032695956697,2.5209539900987354
1f6f994c3df9bca643712d90,5-4-24_train-ready_all_carts.csv,5-4-24_Cart25,0.25,2.371733860952348,2.158980762181309,2.6656803864355525
1f6f994c3df9bca643712d90,5-4-24_train-ready_all_carts.csv,5-4-24_Cart25,0.3,2.5915798190061743,2.590935279758429,2.5920214036223017
1f6f994c3df9bca643712d90,5-4-24_train-ready_all_carts.csv,5-4-24_Cart25,0.35,2.5430381909447277,2.4798047172692503,2.6919860572357512
1f6f994c3df9bca643712d90,5-4-24_train-ready_all_carts.csv,5-4-24_Cart25,0.4,3.0758822660838154,3.0749389117142405,3.0766086407784594
1f6f994c3df9bca643712d90,5-4-24_train-ready_all_carts.csv,5-4-24_Cart25,0.45,3.8221575440298086,3.2221252053321714,4.340650731889364
1f6f994c3df9bca643712d90,5-4-24_train-ready_all_carts.csv,5-4-24_Cart25,0.5,3.440730832128425,3.4404067583120876,3.4415975253389246
1f6f994c3df9bca643712d90,5-4-24_train-ready_all_carts.csv,5-4-24_Cart25,0.55,3.694837383849789,3.694042109427806,3.695601135965688
1f6f994c3df9bca643712d90,5-4-24_train-ready_all_carts.csv,5-4-24_Cart25,0.6,3.927537362181886,3.924025790900569,4.0718981542343045
1f6f994c3df9bca643712d90,5-4-24_train-ready_all_carts.csv,5-4-24_Cart25,0.65,4.167346539653055,4.163469840666481,4.176319503649743
1f6f994c3df9bca643712d90,5-4-24_train-ready_all_carts.csv,5-4-24_Cart25,0.7,4.286018830893743,4.281554169411814,4.2908124000661605
1f6f994c3df9bca643712d90,5-4-24_train-ready_all_carts.csv,5-4-24_Cart25,0.75,4.660152520272836,4.656883868188303,4.66308280116678
1f6f994c3df9bca643712d90,5-4-24_train-ready_all_carts.csv,5-4-24_Cart25,0.8,5.080880671505968,4.92629875468482,5.312010798145394
1f6f994c3df9bca643712d90,5-4-24_train-ready_all_carts.csv,5-4-24_Cart25,0.85,5.037703962925071,5.0369952216586675,5.037957503028442
1f6f994c3df9bca643712d90,5-4-24_train-ready_all_carts.csv,5-4-24_Cart25,0.9,5.384718937488271,5.382386150672516,5.393136618702175
1f6f994c3df9bca643712d90,5-4-24_train-ready_all_carts.csv,5-4-24_Cart25,0.95,5.463967240475066,5.463486644452055,5.464476771660248
1f6f994c3df9bca643712d90,5-4-24_train-ready_all_carts.csv,5-4-24_Cart25,1.0,5.047540556409205,5.028924353894434,5.055225054655011
0207ed38d8420e82b8365b77,5-4-24_train-ready_all_carts.csv,5-4-24_Cart26,0.0,0.5678072489925486,0.5281828509353423,0.6258380015906866
0207ed38d8420e82b8365b77,5-4-24_train-ready_all_carts.csv,5-4-24_Cart26,0.05,0.8819602001120593,0.8807265936786006,0.882706125603517
0207ed38d8420e82b8365b77,5-4-24_train-ready_all_carts.csv,5-4-24_Cart26,0.1,0.9054259872105668,0.6308961480698287,1.5371704130534427
0207ed38d8420e82b8365b77,5-4-24_train-ready_all_carts.csv,5-4-24_Cart26,0.15,1.440167111252142,1.338636427541224,1.6057838549537908
0207ed38d8420e82b8365b77,5-4-24_train-ready_all_carts.csv,5-4-24_Cart26,0.2,1.7812492586917033,1.605049182648627,2.630140504480236
0207ed38d8420e82b8365b77,5-4-24_train-ready_all_carts.csv,5-4-24_Cart26,0.25,2.0160576008535025,2.0137555204574524,2.0179378475233487
0207ed38d8420e82b8365b77,5-4-24_train-ready_all_carts.csv,5-4-24_Cart26,0.3,2.336320710610797,2.2520170475172483,2.465473336789996
0207ed38d8420e82b8365b77,5-4-24_train-ready_all_carts.csv,5-4-24_Cart26,0.35,2.3638003485004067,2.362548801272799,2.364978396345536
0207ed38d8420e82b8365b77,5-4-24_train-ready_all_carts.csv,5-4-24_Cart26,0.4,2.8811935605518593,2.7386274578303684,3.9553968739567185
0207ed38d8420e82b8365b77,5-4-24_train-ready_all_carts.csv,5-4-24_Cart26,0.45,2.9135975927635216,2.9116555500249435,2.916062619297102
0207ed38d8420e82b8365b77,5-4-24_train-ready_all_carts.csv,5-4-24_Cart26,0.5,3.3266538336581344,3.0278656615842157,3.939910046067783
0207ed38d8420e82b8365b77,5-4-24_train-ready_all_carts.csv,5-4-24_Cart26,0.55,3.3329273242569792,3.329258464005677,3.898186189271732
0207ed38d8420e82b8365b77,5-4-24_train-ready_all_carts.csv,5-4-24_Cart26,0.6,3.431134845599532,3.4294934879987164,3.44781283933362
0207ed38d8420e82b8365b77,5-4-24_train-ready_all_carts.csv,5-4-24_Cart26,0.65,3.771044089507698,3.6431669959188917,3.8507685417307584
0207ed38d8420e82b8365b77,5-4-24_train-ready_all_carts.csv,5-4-24_Cart26,0.7,4.029971546612247,3.933493029115755,4.282840866951648
0207ed38d8420e82b8365b77,5-4-24_train-ready_all_carts.csv,5-4-24_Cart26,0.75,4.001947897545247,4.000672107739168,4.0074034422603555
0207ed38d8420e82b8365b77,5-4-24_train-ready_all_carts.csv,5-4-24_Cart26,0.8,4.590890797168681,4.322086579214096,4.846426801140042
0207ed38d8420e82b8365b77,5-4-24_train-ready_all_carts.csv,5-4-24_Cart26,0.85,4.678570480454214,4.518618655036655,5.106592430256489
0207ed38d8420e82b8365b77,5-4-24_train-ready_all_carts.csv,5-4-24_Cart26,0.9,4.59909469149628,4.598115085553447,4.80870824271351
0207ed38d8420e82b8365b77,5-4-24_train-ready_all_carts.csv,5-4-24_Cart26,0.95,4.922512551651066,4.921512625668984,4.923382197887831
0207ed38d8420e82b8365b77,5-4-24_train-ready_all_carts.csv,5-4-24_Cart26,1.0,4.456671793608365,4.440518648483009,4.903480841471823
757618f14533f47fef2af35b,5-4-24_train-ready_all_carts.csv,5-4-24_Cart28,0.0,0.46133685729697577,0.4601130433376239,0.461501890978962
757618f14533f47fef2af35b,5-4-24_train-ready_all_carts.csv,5-4-24_Cart28,0.05,0.8248726059462921,0.15453366701641266,1.1556826214940894
757618f14533f47fef2af35b,5-4-24_train-ready_all_carts.csv,5-4-24_Cart28,0.1,0.4439882490240635,0.4175204147287843,0.5562011169448511
757618f14533f47fef2af35b,5-4-24_train-ready_all_carts.csv,5-4-24_Cart28,0.15,0.4910362295003899,0.48782141797893175,0.49232304618293626
757618f14533f47fef2af35b,5-4-24_train-ready_all_carts.csv,5-4-24_Cart28,0.2,0.6355165275274582,0.6345185197884049,0.6359469532115629
757618f14533f47fef2af35b,5-4-24_train-ready_all_carts.csv,5-4-24_Cart28,0.25,1.0862904185873183,0.8890194139876691,1.7402988286473697
757618f14533f47fef2af35b,5-4-24_train-ready_all_carts.csv,5-4-24_Cart28,0.3,0.6652225902855499,0.6422806783041339,0.6671472398471364
757618f14533f47fef2af35b,5-4-24_train-ready_all_carts.csv,5-4-24_Cart28,0.35,1.1314918059732768,0.8311896046521742,2.0109785991438267
757618f14533f47fef2af35b,5-4-24_train-ready_all_carts.csv,5-4-24_Cart28,0.4,1.3967455366281183,1.3945644158039912,1.398582093886478
757618f14533f47fef2af35b,5-4-24_train-ready_all_carts.csv,5-4-24_Cart28,0.45,2.092755018754481,0.7150471509521179,3.025710494704704
757618f14533f47fef2af35b,5-4-24_train-ready_all_carts.csv,5-4-24_Cart28,0.5,1.903492608101094,1.9030945200979208,1.90382267546508
757618f14533f47fef2af35b,5-4-24_train-ready_all_carts.csv,5-4-24_Cart28,0.55,2.054342314178997,1.879661967440314,2.3270560132967306
757618f14533f47fef2af35b,5-4-24_train-ready_all_carts.csv,5-4-24_Cart28,0.6,2.1757268174671043,2.175324269094144,2.177289061983777
757618f14533f47fef2af35b,5-4-24_train-ready_all_carts.csv,5-4-24_Cart28,0.65,2.781788482539449,2.133511647651191,3.3033294854918402
757618f14533f47fef2af35b,5-4-24_train-ready_all_carts.csv,5-4-24_Cart28,0.7,2.524407304552488,2.5241329918107986,2.524870067917526
757618f14533f47fef2af35b,5-4-24_train-ready_all_carts.csv,5-4-24_Cart28,0.75,2.647500129467676,2.6455275309309205,2.8448815282194704
757618f14533f47fef2af35b,5-4-24_train-ready_all_carts.csv,5-4-24_Cart28,0.8,3.1836633396628216,3.178773659287664,3.433139627300976
757618f14533f47fef2af35b,5-4-24_train-ready_all_carts.csv,5-4-24_Cart28,0.85,3.3996433653193567,3.3735557775481166,4.804834916635186
757618f14533f47fef2af35b,5-4-24_train-ready_all_carts.csv,5-4-24_Cart28,0.9,3.289213530219514,3.2801768210381486,3.3889875419065816
757618f14533f47fef2af35b,5-4-24_train-ready_all_carts.csv,5-4-24_Cart28,0.95,3.172079759335076,3.1590253720712216,4.8414489770954745
757618f14533f47fef2af35b,5-4-24_train-ready_all_carts.csv,5-4-24_Cart28,1.0,5.299272482598155,4.806344194260676,5.514748486469151
ff4c75362dcb16a787b0ca7e,5-4-24_train-ready_all_carts.csv,5-4-24_Cart32,0.0,0.912166462582102,0.9001351611316664,1.082353739797489
ff4c75362dcb16a787b0ca7e,5-4-24_train-ready_all_carts.csv,5-4-24_Cart32,0.05,1.1220592327872425,1.1210799035042,1.1225352923325602
ff4c75362dcb16a787b0ca7e,5-4-24_train-ready_all_carts.csv,5-4-24_Cart32,0.1,1.5064049828601895,1.382725746736253,2.2749188444137327
ff4c75362dcb16a787b0ca7e,5-4-24_train-ready_all_carts.csv,5-4-24_Cart32,0.15,1.66912668632484,1.664459544218071,1.9151279759627977
ff4c75362dcb16a787b0ca7e,5-4-24_train-ready_all_carts.csv,5-4-24_Cart32,0.2,1.895307548997767,1.894388581189583,1.897571817235775
ff4c75362dcb16a787b0ca7e,5-4-24_train-ready_all_carts.csv,5-4-24_Cart32,0.25,2.0027022573079445,2.0007559562091526,2.004624734635655
ff4c75362dcb16a787b0ca7e,5-4-24_train-ready_all_carts.csv,5-4-24_Cart32,0.3,2.0695668493301014,2.0694010335069404,2.0697866696617706
ff4c75362dcb16a787b0ca7e,5-4-24_train-ready_all_carts.csv,5-4-24_Cart32,0.35,2.463433790309407,2.4626089887784386,2.800842968465947
ff4c75362dcb16a787b0ca7e,5-4-24_train-ready_all_carts.csv,5-4-24_Cart32,0.4,2.5832810233542207,2.5823969891555025,2.58464539468309
ff4c75362dcb16a787b0ca7e,5-4-24_train-ready_all_carts.csv,5-4-24_Cart32,0.45,2.8486718921071352,2.8475487290341004,2.8496410621262007
ff4c75362dcb16a787b0ca7e,5-4-24_train-ready_all_carts.csv,5-4-24_Cart32,0.5,3.4527274695758305,2.9199565957119837,3.9871656509499473
ff4c75362dcb16a787b0ca7e,5-4-24_train-ready_all_carts.csv,5-4-24_Cart32,0.55,3.2455616597014147,3.243042756344071,3.2462094761599376
ff4c75362dcb16a787b0ca7e,5-4-24_train-ready_all_carts.csv,5-4-24_Cart32,0.6,3.0573728796492183,2.959243598318957,3.1632302120884126
ff4c75362dcb16a787b0ca7e,5-4-24_train-ready_all_carts.csv,5-4-24_Cart32,0.65,3.360291237781335,3.3597391322834387,3.360679903892088
ff4c75362dcb16a787b0ca7e,5-4-24_train-ready_all_carts.csv,5-4-24_Cart32,0.7,4.006140007281648,4.003255073366625,4.022921863743088
ff4c75362dcb16a787b0ca7e,5-4-24_train-ready_all_carts.csv,5-4-24_Cart32,0.75,4.050399939900016,4.049165381388633,4.051529044063097
ff4c75362dcb16a787b0ca7e,5-4-24_train-ready_all_carts.csv,5-4-24_Cart32,0.8,4.435512090588787,4.429640392475363,4.69235788952976
ff4c75362dcb16a787b0ca7e,5-4-24_train-ready_all_carts.csv,5-4-24_Cart32,0.85,4.622531664120097,4.614179560912821,4.625733911654433
ff4c75362dcb16a787b0ca7e,5-4-24_train-ready_all_carts.csv,5-4-24_Cart32,0.9,4.782589382808501,4.761837511746191,4.882170369491297
ff4c75362dcb16a787b0ca7e,5-4-24_train-ready_all_carts.csv,5-4-24_Cart32,0.95,5.023883190338283,4.976078506344479,5.3241827159784965
ff4c75362dcb16a787b0ca7e,5-4-24_train-ready_all_carts.csv,5-4-24_Cart32,1.0,4.566332516946995,4.5082940082959135,5.152610570673584
8ff7905cb4f9ca3657befd73,5-4-24_train-ready_all_carts.csv,5-4-24_Cart38,0.0,0.6347031427591594,0.6343845272988461,0.6348350917378041
8ff7905cb4f9ca3657befd73,5-4-24_train-ready_all_carts.csv,5-4-24_Cart38,0.05,0.9618385742720834,0.8863114348749758,1.178475656262905
8ff7905cb4f9ca3657befd73,5-4-24_train-ready_all_carts.csv,5-4-24_Cart38,0.1,1.325349745815734,1.205331918705145,1.711071150818351
8ff7905cb4f9ca3657befd73,5-4-24_train-ready_all_carts.csv,5-4-24_Cart38,0.15,1.3241733195007321,1.3237172833114716,1.3251073928752597
8ff7905cb4f9ca3657befd73,5-4-24_train-ready_all_carts.csv,5-4-24_Cart38,0.2,1.8904914961564578,1.5368736481412208,2.288741784416446
8ff7905cb4f9ca3657befd73,5-4-24_train-ready_all_carts.csv,5-4-24_Cart38,0.25,1.4581742045089356,1.0545768762555876,1.8053323663052723
8ff7905cb4f9ca3657befd73,5-4-24_train-ready_all_carts.csv,5-4-24_Cart38,0.3,1.803611500835188,1.796822996621557,1.8063656151540297
8ff7905cb4f9ca3657befd73,5-4-24_train-ready_all_carts.csv,5-4-24_Cart38,0.35,2.0611234695428298,2.059669693884378,2.0623354622347962
8ff7905cb4f9ca3657befd73,5-4-24_train-ready_all_carts.csv,5-4-24_Cart38,0.4,2.2625306185358918,2.259381056262908,2.2643513434489932
8ff7905cb4f9ca3657befd73,5-4-24_train-ready_all_carts.csv,5-4-24_Cart38,0.45,2.4549823362007994,2.453083866835485,2.4562260194466017
8ff7905cb4f9ca3657befd73,5-4-24_train-ready_all_carts.csv,5-4-24_Cart38,0.5,2.6830198099465346,2.682617408309717,2.6840913610474084
8ff7905cb4f9ca3657befd73,5-4-24_train-ready_all_carts.csv,5-4-24_Cart38,0.55,2.8408661267931192,2.840541184621519,2.841122558091142
8ff7905cb4f9ca3657befd73,5-4-24_train-ready_all_carts.csv,5-4-24_Cart38,0.6,3.352482759697218,3.194085448994669,3.837208019761305
8ff7905cb4f9ca3657befd73,5-4-24_train-ready_all_carts.csv,5-4-24_Cart38,0.65,2.6007041663357953,2.597415815396289,3.6186609549305753
8ff7905cb4f9ca3657befd73,5-4-24_train-ready_all_carts.csv,5-4-24_Cart38,0.7,3.602548588201766,2.6991879771289473,4.208754798608327
8ff7905cb4f9ca3657befd73,5-4-24_train-ready_all_carts.csv,5-4-24_Cart38,0.75,4.488841043162237,3.8651976754823147,5.231594440379153
8ff7905cb4f9ca3657befd73,5-4-24_train-ready_all_carts.csv,5-4-24_Cart38,0.8,3.9768744462283845,3.9765376485977955,3.9773825780403143
8ff7905cb4f9ca3657befd73,5-4-24_train-ready_all_carts.csv,5-4-24_Cart38,0.85,3.946560949553453,3.5423084361988,4.156404910541325
8ff7905cb4f9ca3657befd73,5-4-24_train-ready_all_carts.csv,5-4-24_Cart38,0.9,4.386792900023706,4.386165985632295,4.388905622611795
8ff7905cb4f9ca3657befd73,5-4-24_train-ready_all_carts.csv,5-4-24_Cart38,0.95,4.656363238460116,4.654981621508776,4.656841731624576
8ff7905cb4f9ca3657befd73,5-4-24_train-ready_all_carts.csv,5-4-24_Cart38,1.0,4.882895980872709,4.8824887344569765,4.899840167642269
b4f5a7954a2a9b5a7a8ecf82,5-4-24_train-ready_all_carts.csv,5-4-24_Cart4,0.0,0.5519902930329009,0.30450092067334206,0.6657540096226322
b4f5a7954a2a9b5a7a8ecf82,5-4-24_train-ready_all_carts.csv,5-4-24_Cart4,0.05,0.7506073315377423,0.5884869462001316,0.907024056018882
b4f5a7954a2a9b5a7a8ecf82,5-4-24_train-ready_all_carts.csv,5-4-24_Cart4,0.1,1.1853986507225212,0.9315467026963107,2.3675787509397606
b4f5a7954a2a9b5a7a8ecf82,5-4-24_train-ready_all_carts.csv,5-4-24_Cart4,0.15,1.3047936986254776,1.3038631674946728,1.3052254772472416
b4f5a7954a2a9b5a7a8ecf82,5-4-24_train-ready_all_carts.csv,5-4-24_Cart4,0.2,1.3055953557610673,1.1925189671458163,1.4968776824778707
b4f5a7954a2a9b5a7a8ecf82,5-4-24_train-ready_all_carts.csv,5-4-24_Cart4,0.25,1.7040313547208743,1.7038994364580562,1.7043594591181415
b4f5a7954a2a9b5a7a8ecf82,5-4-24_train-ready_all_carts.csv,5-4-24_Cart4,0.3,1.508862231153633,1.5082272758569983,1.509736105081817
b4f5a7954a2a9b5a7a8ecf82,5-4-24_train-ready_all_carts.csv,5-4-24_Cart4,0.35,1.7720425479962216,1.7700009719407892,1.7731396118400036
b4f5a7954a2a9b5a7a8ecf82,5-4-24_train-ready_all_carts.csv,5-4-24_Cart4,0.4,2.2169205405072816,2.125524862010935,2.569532475864022
b4f5a7954a2a9b5a7a8ecf82,5-4-24_train-ready_all_carts.csv,5-4-24_Cart4,0.45,3.081241105948854,2.6757451685398888,4.185417486358871
b4f5a7954a2a9b5a7a8ecf82,5-4-24_train-ready_all_carts.csv,5-4-24_Cart4,0.5,3.074127667315331,2.871292626919854,3.30567917126402
b4f5a7954a2a9b5a7a8ecf82,5-4-24_train-ready_all_carts.csv,5-4-24_Cart4,0.55,3.1527667370464707,2.419587582431305,3.4366343743886794
b4f5a7954a2a9b5a7a8ecf82,5-4-24_train-ready_all_carts.csv,5-4-24_Cart4,0.6,3.6325094861633045,3.276420940828035,4.495496493268563
b4f5a7954a2a9b5a7a8ecf82,5-4-24_train-ready_all_carts.csv,5-4-24_Cart4,0.65,3.584750564996906,3.510766462308155,4.277737889327446
b4f5a7954a2a9b5a7a8ecf82,5-4-24_train-ready_all_carts.csv,5-4-24_Cart4,0.7,3.7899229264079617,3.7890144380296196,3.79101412721784
b4f5a7954a2a9b5a7a8ecf82,5-4-24_train-ready_all_carts.csv,5-4-24_Cart4,0.75,4.640872392031028,3.986323850848103,5.588997698324281
b4f5a7954a2a9b5a7a8ecf82,5-4-24_train-ready_all_carts.csv,5-4-24_Cart4,0.8,4.165883210401741,4.117701474290412,4.638523457698293
b4f5a7954a2a9b5a7a8ecf82,5-4-24_train-ready_all_carts.csv,5-4-24_Cart4,0.85,4.293801080087992,4.291754881255828,4.294812791688224
b4f5a7954a2a9b5a7a8ecf82,5-4-24_train-ready_all_carts.csv,5-4-24_Cart4,0.9,4.559724620293295,4.491814056974842,5.043379873409219
b4f5a7954a2a9b5a7a8ecf82,5-4-24_train-ready_all_carts.csv,5-4-24_Cart4,0.95,4.927141787386423,4.767058468078165,5.054271811891953
b4f5a7954a2a9b5a7a8ecf82,5-4-24_train-ready_all_carts.csv,5-4-24_Cart4,1.0,5.095629596668722,4.525412060005602,5.20892116990328
31e3a2cd1978ee2b0f808eac,5-4-24_train-ready_all_carts.csv,5-4-24_Cart59,0.0,1.3927540413147248,0.6630871059349486,3.043942145493144
31e3a2cd1978ee2b0f808eac,5-4-24_train-ready_all_carts.csv,5-4-24_Cart59,0.05,1.130837659645985,1.0865120992471775,1.230314274385234
31e3a2cd1978ee2b0f808eac,5-4-24_train-ready_all_carts.csv,5-4-24_Cart59,0.1,1.1658974713214754,1.1655002479951486,1.1663656001551888
31e3a2cd1978ee2b0f808eac,5-4-24_train-ready_all_carts.csv,5-4-24_Cart59,0.15,1.3960195654266208,1.395808960234706,1.3965201852868785
31e3a2cd1978ee2b0f808eac,5-4-24_train-ready_all_carts.csv,5-4-24_Cart59,0.2,1.6414276905038299,1.6410444840644058,1.6417238632187197
31e3a2cd1978ee2b0f808eac,5-4-24_train-ready_all_carts.csv,5-4-24_Cart59,0.25,1.9529157603970455,1.6314758180990279,2.1457823180202116
31e3a2cd1978ee2b0f808eac,5-4-24_train-ready_all_carts.csv,5-4-24_Cart59,0.3,2.2828005544896044,2.2823222795411042,2.2839675336343337
31e3a2cd1978ee2b0f808eac,5-4-24_train-ready_all_carts.csv,5-4-24_Cart59,0.35,3.5972256198225345,2.34125419851735,4.432073808318716
31e3a2cd1978ee2b0f808eac,5-4-24_train-ready_all_carts.csv,5-4-24_Cart59,0.4,2.981245020913742,2.981172355964485,2.981691215372135
31e3a2cd1978ee2b0f808eac,5-4-24_train-ready_all_carts.csv,5-4-24_Cart59,0.45,3.0618509178136986,3.0014435895328027,3.764887879408564
31e3a2cd1978ee2b0f808eac,5-4-24_train-ready_all_carts.csv,5-4-24_Cart59,0.5,3.297962152046481,3.2973987201114414,3.314505597475424
31e3a2cd1978ee2b0f808eac,5-4-24_train-ready_all_carts.csv,5-4-24_Cart59,0.55,3.506093568691201,3.4483750194770058,3.6427832000672224
31e3a2cd1978ee2b0f808eac,5-4-24_train-ready_all_carts.csv,5-4-24_Cart59,0.6,3.688178207883063,3.687957046039925,3.6884137971495417
31e3a2cd1978ee2b0f808eac,5-4-24_train-ready_all_carts.csv,5-4-24_Cart59,0.65,4.25791950147036,4.10404164786787,4.416980084343111
31e3a2cd1978ee2b0f808eac,5-4-24_train-ready_all_carts.csv,5-4-24_Cart59,0.7,4.636111531563033,3.5905261930117236,4.793569262891637
31e3a2cd1978ee2b0f808eac,5-4-24_train-ready_all_carts.csv,5-4-24_Cart59,0.75,4.46139308900289,4.4227209672228005,4.5657817722046365
31e3a2cd1978ee2b0f808eac,5-4-24_train-ready_all_carts.csv,5-4-24_Cart59,0.8,4.47648323544669,4.472231954702741,4.750544457867789
31e3a2cd1978ee2b0f808eac,5-4-24_train-ready_all_carts.csv,5-4-24_Cart59,0.85,4.883117229858776,4.882919703184767,4.883696262178403
31e3a2cd1978ee2b0f808eac,5-4-24_train-ready_all_carts.csv,5-4-24_Cart59,0.9,5.007024164156272,5.005930084553049,5.009626730571313
31e3a2cd1978ee2b0f808eac,5-4-24_train-ready_all_carts.csv,5-4-24_Cart59,0.95,5.139243874811886,5.137790634474803,5.396363314164531
31e3a2cd1978ee2b0f808eac,5-4-24_train-ready_all_carts.csv,5-4-24_Cart59,1.0,5.132965013256219,5.13292542581413,5.133085828264669
eeb6247563fff3e0673dd0be,5-4-24_train-ready_all_carts.csv,5-4-24_Cart6,0.0,0.8447361597042802,0.8445007715225248,0.8448221942266831
eeb6247563fff3e0673dd0be,5-4-24_train-ready_all_carts.csv,5-4-24_Cart6,0.05,1.3467143766731704,1.320821676680075,1.6584204043384851
eeb6247563fff3e0673dd0be,5-4-24_train-ready_all_carts.csv,5-4-24_Cart6,0.1,1.8085476929311954,1.3155488678318266,1.9927087620863837
eeb6247563fff3e0673dd0be,5-4-24_train-ready_all_carts.csv,5-4-24_Cart6,0.15,2.1344975734101252,2.133670733379641,2.1364284379620835
eeb6247563fff3e0673dd0be,5-4-24_train-ready_all_carts.csv,5-4-24_Cart6,0.2,2.480245048080509,2.480025219937789,2.4831929372276558
eeb6247563fff3e0673dd0be,5-4-24_train-ready_all_carts.csv,5-4-24_Cart6,0.25,2.7448156855272274,2.278042227240911,3.14803319897031
eeb6247563fff3e0673dd0be,5-4-24_train-ready_all_carts.csv,5-4-24_Cart6,0.3,3.241543241148686,3.2413392001988552,3.2423623579481164
eeb6247563fff3e0673dd0be,5-4-24_train-ready_all_carts.csv,5-4-24_Cart6,0.35,3.7940813630585835,3.7075840146772197,4.703351779313093
eeb6247563fff3e0673dd0be,5-4-24_train-ready_all_carts.csv,5-4-24_Cart6,0.4,4.086474940377256,3.910207354090013,4.53609544322347
eeb6247563fff3e0673dd0be,5-4-24_train-ready_all_carts.csv,5-4-24_Cart6,0.45,4.2013341511504425,4.1992152032069345,4.203882817398254
eeb6247563fff3e0673dd0be,5-4-24_train-ready_all_carts.csv,5-4-24_Cart6,0.5,4.744109200392694,4.621309088384428,4.9407110886411765
eeb6247563fff3e0673dd0be,5-4-24_train-ready_all_carts.csv,5-4-24_Cart6,0.55,4.883137581287739,4.861674267881027,4.888043139141678
eeb6247563fff3e0673dd0be,5-4-24_train-ready_all_carts.csv,5-4-24_Cart6,0.6,5.401328904623619,5.067961655755833,5.936886935176711
eeb6247563fff3e0673dd0be,5-4-24_train-ready_all_carts.csv,5-4-24_Cart6,0.65,5.488041481282148,5.479110302818251,5.4921211077210215
eeb6247563fff3e0673dd0be,5-4-24_train-ready_all_carts.csv,5-4-24_Cart6,0.7,5.669834982600047,5.652405126611275,5.749451783939273
eeb6247563fff3e0673dd0be,5-4-24_train-ready_all_carts.csv,5-4-24_Cart6,0.75,5.495668171947951,5.495244075701546,5.496025939268835
eeb6247563fff3e0673dd0be,5-4-24_train-ready_all_carts.csv,5-4-24_Cart6,0.8,5.228705604413045,5.227933849192283,5.36651729247477
eeb6247563fff3e0673dd0be,5-4-24_train-ready_all_carts.csv,5-4-24_Cart6,0.85,5.506344403110802,5.5038684828849025,5.50742270245825
eeb6247563fff3e0673dd0be,5-4-24_train-ready_all_carts.csv,5-4-24_Cart6,0.9,4.84594227337793,4.816973569463734,4.947127730723905
eeb6247563fff3e0673dd0be,5-4-24_train-ready_all_carts.csv,5-4-24_Cart6,0.95,5.360220871569552,5.35954480491001,5.360565804697653
eeb6247563fff3e0673dd0be,5-4-24_train-ready_all_carts.csv,5-4-24_Cart6,1.0,5.11301387476301,4.815647899568704,5.462988682666173
e169f97757a1366b52ecb383,5-4-24_train-ready_all_carts.csv,5-4-24_Cart60,0.0,1.3182717593662945,1.209414392785199,1.3935938557054786
e169f97757a1366b52ecb383,5-4-24_train-ready_all_carts.csv,5-4-24_Cart60,0.05,1.4045895270332478,1.402236654280933,1.4196909795785175
e169f97757a1366b52ecb383,5-4-24_train-ready_all_carts.csv,5-4-24_Cart60,0.1,1.646195132863555,1.6453227094638798,1.8756350551298984
e169f97757a1366b52ecb383,5-4-24_train-ready_all_carts.csv,5-4-24_Cart60,0.15,1.9161374941069282,1.8134387363703184,2.078297713450065
e169f97757a1366b52ecb383,5-4-24_train-ready_all_carts.csv,5-4-24_Cart60,0.2,2.179843401045088,2.1796504249191426,2.1801135298323535
e169f97757a1366b52ecb383,5-4-24_train-ready_all_carts.csv,5-4-24_Cart60,0.25,2.3007154839010187,2.06784815700091,2.7649481485851903
e169f97757a1366b52ecb383,5-4-24_train-ready_all_carts.csv,5-4-24_Cart60,0.3,2.8752918218230095,2.4916527011899756,3.208460127709437
e169f97757a1366b52ecb383,5-4-24_train-ready_all_carts.csv,5-4-24_Cart60,0.35,2.9590940978221147,2.6018024535753845,3.356168236497676
e169f97757a1366b52ecb383,5-4-24_train-ready_all_carts.csv,5-4-24_Cart60,0.4,3.3359895720016834,3.292362544713847,3.5667573388056635
e169f97757a1366b52ecb383,5-4-24_train-ready_all_carts.csv,5-4-24_Cart60,0.45,3.5993830893887027,3.4753650044220903,3.6702149008390736
e169f97757a1366b52ecb383,5-4-24_train-ready_all_carts.csv,5-4-24_Cart60,0.5,3.413135935145053,3.3765256432408726,3.4633845502270577
e169f97757a1366b52ecb383,5-4-24_train-ready_all_carts.csv,5-4-24_Cart60,0.55,3.725216875639551,3.724153995384503,3.725771493056353
e169f97757a1366b52ecb383,5-4-24_train-ready_all_carts.csv,5-4-24_Cart60,0.6,3.9725349274957407,3.9720994085953114,3.9729583538974165
e169f97757a1366b52ecb383,5-4-24_train-ready_all_carts.csv,5-4-24_Cart60,0.65,4.207713874092518,3.5518071054765805,4.785530686771706
e169f97757a1366b52ecb383,5-4-24_train-ready_all_carts.csv,5-4-24_Cart60,0.7,4.276876668787808,4.276349889310846,4.27722823299637
e169f97757a1366b52ecb383,5-4-24_train-ready_all_carts.csv,5-4-24_Cart60,0.75,4.44276433789004,4.440698095147248,4.464538204513302
e169f97757a1366b52ecb383,5-4-24_train-ready_all_carts.csv,5-4-24_Cart60,0.8,4.808442759840172,4.63449940816969,5.111923036559561
e169f97757a1366b52ecb383,5-4-24_train-ready_all_carts.csv,5-4-24_Cart60,0.85,4.696694215366923,4.696159248260597,4.697177096554141
e169f97757a1366b52ecb383,5-4-24_train-ready_all_carts.csv,5-4-24_Cart60,0.9,5.10962533583281,5.043296846496472,5.1363988838548895
e169f97757a1366b52ecb383,5-4-24_train-ready_all_carts.csv,5-4-24_Cart60,0.95,5.2301371629967,5.229171400622269,5.231671650703145
e169f97757a1366b52ecb383,5-4-24_train-ready_all_carts.csv,5-4-24_Cart60,1.0,4.869889028768194,4.832158543203414,4.95565413145304
4d3c582e81142f08542d6c65,5-4-24_train-ready_all_carts.csv,5-4-24_Cart62,0.0,2.5920564625321525,2.1260861081742406,2.9068987872016043
4d3c582e81142f08542d6c65,5-4-24_train-ready_all_carts.csv,5-4-24_Cart62,0.05,2.407405977515711,2.4066740505304107,2.407854007059753
4d3c582e81142f08542d6c65,5-4-24_train-ready_all_carts.csv,5-4-24_Cart62,0.1,2.4598223185250427,2.1383994430908437,2.6511087504487416
4d3c582e81142f08542d6c65,5-4-24_train-ready_all_carts.csv,5-4-24_Cart62,0.15,2.60370273816239,2.4213148958126687,3.708386689959766
4d3c582e81142f08542d6c65,5-4-24_train-ready_all_carts.csv,5-4-24_Cart62,0.2,2.7716683287820807,2.7711819145093703,2.772194311728015
4d3c582e81142f08542d6c65,5-4-24_train-ready_all_carts.csv,5-4-24_Cart62,0.25,2.4585050244275406,2.457520481062332,2.460046644861419
4d3c582e81142f08542d6c65,5-4-24_train-ready_all_carts.csv,5-4-24_Cart62,0.3,3.5639390985686124,3.5634888257612083,3.775619598548185
4d3c582e81142f08542d6c65,5-4-24_train-ready_all_carts.csv,5-4-24_Cart62,0.35,3.9659169382670756,3.965783588722674,4.000405367724642
4d3c582e81142f08542d6c65,5-4-24_train-ready_all_carts.csv,5-4-24_Cart62,0.4,4.417128177513162,3.687228728415659,4.842033539672521
4d3c582e81142f08542d6c65,5-4-24_train-ready_all_carts.csv,5-4-24_Cart62,0.45,4.823389403979001,4.558740907141225,5.28106398347908
4d3c582e81142f08542d6c65,5-4-24_train-ready_all_carts.csv,5-4-24_Cart62,0.5,4.907106746457467,4.9063465294286335,4.907954824634714
4d3c582e81142f08542d6c65,5-4-24_train-ready_all_carts.csv,5-4-24_Cart62,0.55,5.518138037797913,5.223900398689041,5.763672559893202
4d3c582e81142f08542d6c65,5-4-24_train-ready_all_carts.csv,5-4-24_Cart62,0.6,5.65748831169787,4.960116679878,5.822769463825583
4d3c582e81142f08542d6c65,5-4-24_train-ready_all_carts.csv,5-4-24_Cart62,0.65,5.858413672418459,5.85807032849806,5.858724987523057
4d3c582e81142f08542d6c65,5-4-24_train-ready_all_carts.csv,5-4-24_Cart62,0.7,5.093630356382654,4.938634691403569,5.626844274829965
4d3c582e81142f08542d6c65,5-4-24_train-ready_all_carts.csv,5-4-24_Cart62,0.75,2.192483899662621,2.190932309169348,2.1953568969028985
4d3c582e81142f08542d6c65,5-4-24_train-ready_all_carts.csv,5-4-24_Cart62,0.8,2.3878808624489447,2.3853921486854555,2.388530162567013
4d3c582e81142f08542d6c65,5-4-24_train-ready_all_carts.csv,5-4-24_Cart62,0.85,2.7028948590785946,2.697298976304801,2.718868763614773
4d3c582e81142f08542d6c65,5-4-24_train-ready_all_carts.csv,5-4-24_Cart62,0.9,3.157470993370339,2.9377143714039686,3.430503126214363
4d3c582e81142f08542d6c65,5-4-24_train-ready_all_carts.csv,5-4-24_Cart62,0.95,3.162199294038195,3.160259930547346,3.164941247310305
4d3c582e81142f08542d6c65,5-4-24_train-ready_all_carts.csv,5-4-24_Cart62,1.0,3.582853547497466,3.5779669721367204,3.65293745688262
288746c22c65f8503c6f1b41,5-4-24_train-ready_all_carts.csv,5-4-24_Cart63,0.0,0.589309586243037,0.4462415644386765,0.8329837732705206
288746c22c65f8503c6f1b41,5-4-24_train-ready_all_carts.csv,5-4-24_Cart63,0.05,0.7953223761238057,0.7947059097836553,0.7967437166007295
288746c22c65f8503c6f1b41,5-4-24_train-ready_all_carts.csv,5-4-24_Cart63,0.1,1.0936618104712827,1.093446168225297,1.0938025734908867
288746c22c65f8503c6f1b41,5-4-24_train-ready_all_carts.csv,5-4-24_Cart63,0.15,1.5773791314026702,1.3693013622929335,2.2694487372488825
288746c22c65f8503c6f1b41,5-4-24_train-ready_all_carts.csv,5-4-24_Cart63,0.2,1.5479435926007539,1.5475048015749029,1.5479999226235832
288746c22c65f8503c6f1b41,5-4-24_train-ready_all_carts.csv,5-4-24_Cart63,0.25,1.6867003204221456,1.6828429546077266,1.696181134749122
288746c22c65f8503c6f1b41,5-4-24_train-ready_all_carts.csv,5-4-24_Cart63,0.3,2.005128728329807,1.9087655538350987,2.2044017674614613
288746c22c65f8503c6f1b41,5-4-24_train-ready_all_carts.csv,5-4-24_Cart63,0.35,2.1340736098838935,2.1337317213863023,2.134481692362057
288746c22c65f8503c6f1b41,5-4-24_train-ready_all_carts.csv,5-4-24_Cart63,0.4,2.3155753953374223,2.3015876208468544,2.3527865865637914
288746c22c65f8503c6f1b41,5-4-24_train-ready_all_carts.csv,5-4-24_Cart63,0.45,2.7691499503080195,2.5653647398652897,2.859078474331449
288746c22c65f8503c6f1b41,5-4-24_train-ready_all_carts.csv,5-4-24_Cart63,0.5,2.9144565942200926,2.7198083864451745,3.1148723635505564
288746c22c65f8503c6f1b41,5-4-24_train-ready_all_carts.csv,5-4-24_Cart63,0.55,2.9257052282943707,2.925183058908736,2.926092342107649
288746c22c65f8503c6f1b41,5-4-24_train-ready_all_carts.csv,5-4-24_Cart63,0.6,3.1335568087882084,3.1334310588363627,3.1336774096300375
288746c22c65f8503c6f1b41,5-4-24_train-ready_all_carts.csv,5-4-24_Cart63,0.65,3.524262591583242,3.5215218381927307,3.5285936755191663
288746c22c65f8503c6f1b41,5-4-24_train-ready_all_carts.csv,5-4-24_Cart63,0.7,3.703375934438824,3.703049431233811,3.7037561620929225
288746c22c65f8503c6f1b41,5-4-24_train-ready_all_carts.csv,5-4-24_Cart63,0.75,3.8864683606251136,3.8836617854788527,3.8897860624873375
288746c22c65f8503c6f1b41,5-4-24_train-ready_all_carts.csv,5-4-24_Cart63,0.8,4.2456218861392205,4.245335893402168,4.2471334290976355
288746c22c65f8503c6f1b41,5-4-24_train-ready_all_carts.csv,5-4-24_Cart63,0.85,4.296681205511016,4.296421516661275,4.298956429726073
288746c22c65f8503c6f1b41,5-4-24_train-ready_all_carts.csv,5-4-24_Cart63,0.9,4.4714482032130345,4.468377038256896,4.586652901819628
288746c22c65f8503c6f1b41,5-4-24_train-ready_all_carts.csv,5-4-24_Cart63,0.95,4.554676432318318,4.553873047080826,4.635562188590981
288746c22c65f8503c6f1b41,5-4-24_train-ready_all_carts.csv,5-4-24_Cart63,1.0,4.873620991977015,4.866294676948328,4.885605080259052
fc2e6de4410d11b66ce6294e,5-4-24_train-ready_all_carts.csv,5-4-24_Cart69,0.0,0.5199234253753655,0.49310881508727633,0.6374528296258827
fc2e6de4410d11b66ce6294e,5-4-24_train-ready_all_carts.csv,5-4-24_Cart69,0.05,0.7764863754134497,0.7761938253811136,0.7796532866521664
fc2e6de4410d11b66ce6294e,5-4-24_train-ready_all_carts.csv,5-4-24_Cart69,0.1,0.9441712542995446,0.943333944109339,0.9445839669721159
fc2e6de4410d11b66ce6294e,5-4-24_train-ready_all_carts.csv,5-4-24_Cart69,0.15,1.5402556584671516,1.2625393983761077,1.9947073355149774
fc2e6de4410d11b66ce6294e,5-4-24_train-ready_all_carts.csv,5-4-24_Cart69,0.2,1.5622403362877857,0.9250328254556219,1.8663926057852283
fc2e6de4410d11b66ce6294e,5-4-24_train-ready_all_carts.csv,5-4-24_Cart69,0.25,1.6108379248624956,1.6097771453018868,1.611907675195581
fc2e6de4410d11b66ce6294e,5-4-24_train-ready_all_carts.csv,5-4-24_Cart69,0.3,1.8857595322032352,1.7943278192455496,2.017376134729587
fc2e6de4410d11b66ce6294e,5-4-24_train-ready_all_carts.csv,5-4-24_Cart69,0.35,3.023706020482652,2.4016268889203136,5.170735678862428
fc2e6de4410d11b66ce6294e,5-4-24_train-ready_all_carts.csv,5-4-24_Cart69,0.4,2.3147121598896323,2.312158918054684,2.318151622623319
fc2e6de4410d11b66ce6294e,5-4-24_train-ready_all_carts.csv,5-4-24_Cart69,0.45,2.576688428299499,2.4610993392829803,3.0084885620135275
fc2e6de4410d11b66ce6294e,5-4-24_train-ready_all_carts.csv,5-4-24_Cart69,0.5,2.647294692939684,2.4699051523949755,2.9200927984441454
fc2e6de4410d11b66ce6294e,5-4-24_train-ready_all_carts.csv,5-4-24_Cart69,0.55,2.75947734537851,2.721109808608376,3.06788124678144
fc2e6de4410d11b66ce6294e,5-4-24_train-ready_all_carts.csv,5-4-24_Cart69,0.6,3.023080923343246,3.0228226565178247,3.0239934280339513
fc2e6de4410d11b66ce6294e,5-4-24_train-ready_all_carts.csv,5-4-24_Cart69,0.65,3.4084538811736365,3.3865361698838417,3.489601660553213
fc2e6de4410d11b66ce6294e,5-4-24_train-ready_all_carts.csv,5-4-24_Cart69,0.7,3.5514068545916917,3.518897575080409,3.911953913828418
fc2e6de4410d11b66ce6294e,5-4-24_train-ready_all_carts.csv,5-4-24_Cart69,0.75,3.8461190145105437,3.842865652451725,3.8506722243595215
fc2e6de4410d11b66ce6294e,5-4-24_train-ready_all_carts.csv,5-4-24_Cart69,0.8,3.822996134220352,3.6270419514381125,4.1904887997619
fc2e6de4410d11b66ce6294e,5-4-24_train-ready_all_carts.csv,5-4-24_Cart69,0.85,4.401218987585562,4.400386934153751,4.443918378965365
fc2e6de4410d11b66ce6294e,5-4-24_train-ready_all_carts.csv,5-4-24_Cart69,0.9,4.74751251785424,4.740563311812695,4.751924252336019
fc2e6de4410d11b66ce6294e,5-4-24_train-ready_all_carts.csv,5-4-24_Cart69,0.95,4.748247321255772,4.747586283887785,4.749200394407993
fc2e6de4410d11b66ce6294e,5-4-24_train-ready_all_carts.csv,5-4-24_Cart69,1.0,4.797759128681532,4.796744917143649,4.7983727980853
febb3c9c5d294d7b0623a618,5-4-24_train-ready_all_carts.csv,5-4-24_Cart70,0.0,0.6771167321893383,0.676250860379287,0.6779243326127816
febb3c9c5d294d7b0623a618,5-4-24_train-ready_all_carts.csv,5-4-24_Cart70,0.05,0.8266358394470967,0.8250153678215221,0.8270993751506176
febb3c9c5d294d7b0623a618,5-4-24_train-ready_all_carts.csv,5-4-24_Cart70,0.1,0.8414525839816248,0.8409328266387633,0.8419415365512641
febb3c9c5d294d7b0623a618,5-4-24_train-ready_all_carts.csv,5-4-24_Cart70,0.15,1.204617434585748,1.2027356494656556,1.2492208135923277
febb3c9c5d294d7b0623a618,5-4-24_train-ready_all_carts.csv,5-4-24_Cart70,0.2,1.2613743507841377,1.2157007108828208,1.2941200004117286
febb3c9c5d294d7b0623a618,5-4-24_train-ready_all_carts.csv,5-4-24_Cart70,0.25,1.429553185882178,1.4285768034122979,1.4298406775775139
febb3c9c5d294d7b0623a618,5-4-24_train-ready_all_carts.csv,5-4-24_Cart70,0.3,1.636608113300022,1.3484623728930665,1.641130734235512
febb3c9c5d294d7b0623a618,5-4-24_train-ready_all_carts.csv,5-4-24_Cart70,0.35,1.7533710879370208,1.7529152241447015,1.7538329838427276
febb3c9c5d294d7b0623a618,5-4-24_train-ready_all_carts.csv,5-4-24_Cart70,0.4,2.0853680672317534,2.0850606637058178,2.085514067801416
febb3c9c5d294d7b0623a618,5-4-24_train-ready_all_carts.csv,5-4-24_Cart70,0.45,1.7694141669796635,1.617411703060869,2.2690637819667336
febb3c9c5d294d7b0623a618,5-4-24_train-ready_all_carts.csv,5-4-24_Cart70,0.5,2.68062872915915,2.6794082510718,2.75057776020775
febb3c9c5d294d7b0623a618,5-4-24_train-ready_all_carts.csv,5-4-24_Cart70,0.55,2.81559111696433,2.8148536764616465,2.8163135650298554
febb3c9c5d294d7b0623a618,5-4-24_train-ready_all_carts.csv,5-4-24_Cart70,0.6,2.8964460333250415,2.8962941177704074,2.896567026978039
febb3c9c5d294d7b0623a618,5-4-24_train-ready_all_carts.csv,5-4-24_Cart70,0.65,3.447322053561418,3.338997068526315,3.7310970885875188
febb3c9c5d294d7b0623a618,5-4-24_train-ready_all_carts.csv,5-4-24_Cart70,0.7,3.6301079733306123,3.6169575561962457,3.641077576500644
febb3c9c5d294d7b0623a618,5-4-24_train-ready_all_carts.csv,5-4-24_Cart70,0.75,3.9208253852237345,3.8283081682449507,4.2760840092313925
febb3c9c5d294d7b0623a618,5-4-24_train-ready_all_carts.csv,5-4-24_Cart70,0.8,4.207008756160877,4.197973587333612,4.213747446713705
febb3c9c5d294d7b0623a618,5-4-24_train-ready_all_carts.csv,5-4-24_Cart70,0.85,4.535733167532332,4.515195402681246,5.107955607198974
febb3c9c5d294d7b0623a618,5-4-24_train-ready_all_carts.csv,5-4-24_Cart70,0.9,4.575732521354792,4.572344640506659,4.580442020676881
febb3c9c5d294d7b0623a618,5-4-24_train-ready_all_carts.csv,5-4-24_Cart70,0.95,4.803843623989807,4.803615516401025,4.804103180558095
febb3c9c5d294d7b0623a618,5-4-24_train-ready_all_carts.csv,5-4-24_Cart70,1.0,5.055181291377367,4.6076227821655005,5.187007273042046
f05e7b0191dc5c9d4bc1d535,5-4-24_train-ready_all_carts.csv,5-4-24_Cart74,0.0,0.5768860875423967,0.5628558980548224,0.5936990583392071
f05e7b0191dc5c9d4bc1d535,5-4-24_train-ready_all_carts.csv,5-4-24_Cart74,0.05,0.6374362763113182,0.6347736342655126,0.6390880873594313
f05e7b0191dc5c9d4bc1d535,5-4-24_train-ready_all_carts.csv,5-4-24_Cart74,0.1,0.6487145350659449,0.6478938504086447,0.6497378842782465
f05e7b0191dc5c9d4bc1d535,5-4-24_train-ready_all_carts.csv,5-4-24_Cart74,0.15,0.9262724236892754,0.9244086335852431,0.9284196831269725
f05e7b0191dc5c9d4bc1d535,5-4-24_train-ready_all_carts.csv,5-4-24_Cart74,0.2,1.1097052040570028,1.1087119934846132,1.1120674682802167
f05e7b0191dc5c9d4bc1d535,5-4-24_train-ready_all_carts.csv,5-4-24_Cart74,0.25,1.526945009628745,1.4479592877343421,1.769238613073452
f05e7b0191dc5c9d4bc1d535,5-4-24_train-ready_all_carts.csv,5-4-24_Cart74,0.3,1.560273124505121,1.2590305365288859,1.6145652738739606
f05e7b0191dc5c9d4bc1d535,5-4-24_train-ready_all_carts.csv,5-4-24_Cart74,0.35,1.804479167039546,1.8042993437766042,1.8051032979290709
f05e7b0191dc5c9d4bc1d535,5-4-24_train-ready_all_carts.csv,5-4-24_Cart74,0.4,1.748188730919663,1.7476752468085568,1.7491046370672374
f05e7b0191dc5c9d4bc1d535,5-4-24_train-ready_all_carts.csv,5-4-24_Cart74,0.45,2.2156509015675048,2.1861836769855785,3.063081169340598
f05e7b0191dc5c9d4bc1d535,5-4-24_train-ready_all_carts.csv,5-4-24_Cart74,0.5,2.26580088644539,2.265317362990102,2.2661366831026815
f05e7b0191dc5c9d4bc1d535,5-4-24_train-ready_all_carts.csv,5-4-24_Cart74,0.55,2.4545233540859335,2.4544297937805366,2.454627771421064
f05e7b0191dc5c9d4bc1d535,5-4-24_train-ready_all_carts.csv,5-4-24_Cart74,0.6,2.9673584165294797,2.6758161396587568,3.3537234399761418
f05e7b0191dc5c9d4bc1d535,5-4-24_train-ready_all_carts.csv,5-4-24_Cart74,0.65,2.8563331252710196,2.4282101856332665,3.234863110916986
f05e7b0191dc5c9d4bc1d535,5-4-24_train-ready_all_carts.csv,5-4-24_Cart74,0.7,3.167762573537651,3.0870238863017287,3.21954603710197
f05e7b0191dc5c9d4bc1d535,5-4-24_train-ready_all_carts.csv,5-4-24_Cart74,0.75,3.36174862411723,3.2971846567171377,3.4276580326116797
f05e7b0191dc5c9d4bc1d535,5-4-24_train-ready_all_carts.csv,5-4-24_Cart74,0.8,2.377669822309272,2.3715932673570093,2.3834378714986517
f05e7b0191dc5c9d4bc1d535,5-4-24_train-ready_all_carts.csv,5-4-24_Cart74,0.85,3.818891276996635,3.8187873936137877,3.819251220162676
f05e7b0191dc5c9d4bc1d535,5-4-24_train-ready_all_carts.csv,5-4-24_Cart74,0.9,4.152612639752817,4.1406766111149045,4.153107435534056
f05e7b0191dc5c9d4bc1d535,5-4-24_train-ready_all_carts.csv,5-4-24_Cart74,0.95,3.762218768355028,3.7618211518890967,3.763353001657874
f05e7b0191dc5c9d4bc1d535,5-4-24_train-ready_all_carts.csv,5-4-24_Cart74,1.0,4.422820971855773,4.179434249433927,4.459525444994778
64bce49fb144efde42437cbc,5-4-24_train-ready_all_carts.csv,5-4-24_Cart8,0.0,0.63950108640761,0.636075014012525,0.6418602851636055
64bce49fb144efde42437cbc,5-4-24_train-ready_all_carts.csv,5-4-24_Cart8,0.05,0.7959954503898499,0.7953316241736847,0.800752786955583
64bce49fb144efde42437cbc,5-4-24_train-ready_all_carts.csv,5-4-24_Cart8,0.1,0.8333904859997823,0.8325758132754301,0.966071925617141
64bce49fb144efde42437cbc,5-4-24_train-ready_all_carts.csv,5-4-24_Cart8,0.15,1.0506275164813386,1.0504434306939436,1.05092441265776
64bce49fb144efde42437cbc,5-4-24_train-ready_all_carts.csv,5-4-24_Cart8,0.2,1.2902900559129662,1.1758851972862936,1.3358569880678277
64bce49fb144efde42437cbc,5-4-24_train-ready_all_carts.csv,5-4-24_Cart8,0.25,1.7944221336797188,1.4589547929252111,1.882431675044144
64bce49fb144efde42437cbc,5-4-24_train-ready_all_carts.csv,5-4-24_Cart8,0.3,1.6021410863072778,1.5228800216502039,2.163669047121024
64bce49fb144efde42437cbc,5-4-24_train-ready_all_carts.csv,5-4-24_Cart8,0.35,1.5743295725904982,1.57354012560096,1.574672857030941
64bce49fb144efde42437cbc,5-4-24_train-ready_all_carts.csv,5-4-24_Cart8,0.4,1.8192517059477047,1.819096175466386,1.819670159691891
64bce49fb144efde42437cbc,5-4-24_train-ready_all_carts.csv,5-4-24_Cart8,0.45,2.1317404338887873,2.0717169547820418,2.315098173845923
64bce49fb144efde42437cbc,5-4-24_train-ready_all_carts.csv,5-4-24_Cart8,0.5,2.265555338570472,2.2427207438224777,2.318213580312248
64bce49fb144efde42437cbc,5-4-24_train-ready_all_carts.csv,5-4-24_Cart8,0.55,2.352991008576214,2.2577000898958905,2.563036165132065
64bce49fb144efde42437cbc,5-4-24_train-ready_all_carts.csv,5-4-24_Cart8,0.6,2.818184032602092,2.232915890090526,3.196650190267134
64bce49fb144efde42437cbc,5-4-24_train-ready_all_carts.csv,5-4-24_Cart8,0.65,3.1892957881171187,3.1854150317278447,3.1916027859677376
64bce49fb144efde42437cbc,5-4-24_train-ready_all_carts.csv,5-4-24_Cart8,0.7,3.2634876651780664,3.263345735148851,3.289251153968309
64bce49fb144efde42437cbc,5-4-24_train-ready_all_carts.csv,5-4-24_Cart8,0.75,3.5470237958275272,3.3585547689494963,3.657780121552091
64bce49fb144efde42437cbc,5-4-24_train-ready_all_carts.csv,5-4-24_Cart8,0.8,3.8016118438582662,3.801233457836045,3.801983627171374
64bce49fb144efde42437cbc,5-4-24_train-ready_all_carts.csv,5-4-24_Cart8,0.85,4.0938477491811955,4.00526947189851,4.240388162359045
64bce49fb144efde42437cbc,5-4-24_train-ready_all_carts.csv,5-4-24_Cart8,0.9,4.1853071214068285,4.183862482513042,4.248784663880624
64bce49fb144efde42437cbc,5-4-24_train-ready_all_carts.csv,5-4-24_Cart8,0.95,4.468272145934757,4.467774685414865,4.469542123420822
64bce49fb144efde42437cbc,5-4-24_train-ready_all_carts.csv,5-4-24_Cart8,1.0,4.649155901577478,4.649094953493362,4.6493240731429095
c6604277f5edd4ef52953507,5-4-24_train-ready_all_carts.csv,5-4-24_Cart80,0.0,0.9410626545449927,0.8491821138666563,1.0399512407297755
c6604277f5edd4ef52953507,5-4-24_train-ready_all_carts.csv,5-4-24_Cart80,0.05,1.0767175057636638,1.0290131355777794,1.6298720450058368
c6604277f5edd4ef52953507,5-4-24_train-ready_all_carts.csv,5-4-24_Cart80,0.1,1.3363843779134663,1.3347782449666272,1.395363043406411
c6604277f5edd4ef52953507,5-4-24_train-ready_all_carts.csv,5-4-24_Cart80,0.15,1.4316245331345903,1.3914764369101549,1.711456933710913
c6604277f5edd4ef52953507,5-4-24_train-ready_all_carts.csv,5-4-24_Cart80,0.2,1.6677757370619235,1.6672386169308,1.6681651818285286
c6604277f5edd4ef52953507,5-4-24_train-ready_all_carts.csv,5-4-24_Cart80,0.25,1.8668617313568414,1.863750224495061,1.8726082633290457
c6604277f5edd4ef52953507,5-4-24_train-ready_all_carts.csv,5-4-24_Cart80,0.3,2.0772207140971872,2.0770331794528656,2.077936220841202
c6604277f5edd4ef52953507,5-4-24_train-ready_all_carts.csv,5-4-24_Cart80,0.35,2.490097509780456,2.386453188770455,2.872901458998161
c6604277f5edd4ef52953507,5-4-24_train-ready_all_carts.csv,5-4-24_Cart80,0.4,2.658152074602075,2.5480032418727863,2.7492403304154647
c6604277f5edd4ef52953507,5-4-24_train-ready_all_carts.csv,5-4-24_Cart80,0.45,2.3625830996731425,2.3621879047153524,2.3628942634279366
c6604277f5edd4ef52953507,5-4-24_train-ready_all_carts.csv,5-4-24_Cart80,0.5,2.5108217215550432,2.4516751243422705,2.902261412442976
c6604277f5edd4ef52953507,5-4-24_train-ready_all_carts.csv,5-4-24_Cart80,0.55,3.811342461815904,3.4024655121893823,4.098656318525192
c6604277f5edd4ef52953507,5-4-24_train-ready_all_carts.csv,5-4-24_Cart80,0.6,3.544008232465856,3.2645103884675546,4.004607040967052
c6604277f5edd4ef52953507,5-4-24_train-ready_all_carts.csv,5-4-24_Cart80,0.65,3.739269042761264,3.738477672699459,3.739585107247182
c6604277f5edd4ef52953507,5-4-24_train-ready_all_carts.csv,5-4-24_Cart80,0.7,3.912739242189637,3.9118329336472177,3.9130084556860143
c6604277f5edd4ef52953507,5-4-24_train-ready_all_carts.csv,5-4-24_Cart80,0.75,5.09150491155939,4.108683671805218,5.979089655305012
c6604277f5edd4ef52953507,5-4-24_train-ready_all_carts.csv,5-4-24_Cart80,0.8,4.215567833489351,4.2139068123539305,4.216255896139074
c6604277f5edd4ef52953507,5-4-24_train-ready_all_carts.csv,5-4-24_Cart80,0.85,4.432391860727671,4.421433760592691,4.721828714159613
c6604277f5edd4ef52953507,5-4-24_train-ready_all_carts.csv,5-4-24_Cart80,0.9,4.534585826697474,4.470249028509626,4.648215485386003
c6604277f5edd4ef52953507,5-4-24_train-ready_all_carts.csv,5-4-24_Cart80,0.95,5.382702434326262,5.072258694948536,5.587690673156944
c6604277f5edd4ef52953507,5-4-24_train-ready_all_carts.csv,5-4-24_Cart80,1.0,4.741531286852677,4.716497698843589,5.041821299430474
4dc1dbdbc4de1de693e7c93a,5-7-24_train-ready_all_carts.csv,5-7-24_Cart1,0.0,3.9948132522351347,3.969897222829542,4.015463154890563
4dc1dbdbc4de1de693e7c93a,5-7-24_train-ready_all_carts.csv,5-7-24_Cart1,0.05,4.14334785265619,4.134814443415465,4.148717653700988
4dc1dbdbc4de1de693e7c93a,5-7-24_train-ready_all_carts.csv,5-7-24_Cart1,0.1,4.618471575206909,4.490990982072015,5.014725781488722
4dc1dbdbc4de1de693e7c93a,5-7-24_train-ready_all_carts.csv,5-7-24_Cart1,0.15,4.9998913333761905,4.893446486829146,5.094414717700971
4dc1dbdbc4de1de693e7c93a,5-7-24_train-ready_all_carts.csv,5-7-24_Cart1,0.2,5.139554470489626,5.025266076146399,5.3385250040806795
4dc1dbdbc4de1de693e7c93a,5-7-24_train-ready_all_carts.csv,5-7-24_Cart1,0.25,5.384569123732051,5.37895534588889,5.391391574885153
4dc1dbdbc4de1de693e7c93a,5-7-24_train-ready_all_carts.csv,5-7-24_Cart1,0.3,1.3015058741694872,1.158956564343055,6.785272803951559
4dc1dbdbc4de1de693e7c93a,5-7-24_train-ready_all_carts.csv,5-7-24_Cart1,0.35,1.5696052861542773,1.0967181524249374,2.576097300100251
4dc1dbdbc4de1de693e7c93a,5-7-24_train-ready_all_carts.csv,5-7-24_Cart1,0.4,1.6589752240370732,1.649069604219857,1.6777073488603638
4dc1dbdbc4de1de693e7c93a,5-7-24_train-ready_all_carts.csv,5-7-24_Cart1,0.45,1.9800815137108538,1.9089458654742049,2.073930407938406
4dc1dbdbc4de1de693e7c93a,5-7-24_train-ready_all_carts.csv,5-7-24_Cart1,0.5,2.4451699423715176,2.2407431583537747,2.535278398369682
4dc1dbdbc4de1de693e7c93a,5-7-24_train-ready_all_carts.csv,5-7-24_Cart1,0.55,2.638934443332401,2.63456557126071,2.641562076917998
4dc1dbdbc4de1de693e7c93a,5-7-24_train-ready_all_carts.csv,5-7-24_Cart1,0.6,2.949142101037597,2.9452452911321383,2.9524549731061387
4dc1dbdbc4de1de693e7c93a,5-7-24_train-ready_all_carts.csv,5-7-24_Cart1,0.65,3.1456214361972297,2.728123796777753,3.516120545543313
4dc1dbdbc4de1de693e7c93a,5-7-24_train-ready_all_carts.csv,5-7-24_Cart1,0.7,3.6008987846053673,3.5996925961372854,3.602910870854118
4dc1dbdbc4de1de693e7c93a,5-7-24_train-ready_all_carts.csv,5-7-24_Cart1,0.75,4.085534250645106,3.5637762296079396,4.301503182885952
4dc1dbdbc4de1de693e7c93a,5-7-24_train-ready_all_carts.csv,5-7-24_Cart1,0.8,4.040772424967132,3.8003410336405308,4.629399274046545
4dc1dbdbc4de1de693e7c93a,5-7-24_train-ready_all_carts.csv,5-7-24_Cart1,0.85,4.580974733681059,4.560059299668813,4.8040505447873585
4dc1dbdbc4de1de693e7c93a,5-7-24_train-ready_all_carts.csv,5-7-24_Cart1,0.9,4.933780671036106,4.54860984182576,5.4020264091075205
4dc1dbdbc4de1de693e7c93a,5-7-24_train-ready_all_carts.csv,5-7-24_Cart1,0.95,5.403868832665603,5.3476489388786,5.480897081116826
4dc1dbdbc4de1de693e7c93a,5-7-24_train-ready_all_carts.csv,5-7-24_Cart1,1.0,4.988093535376688,4.956243641443468,5.114418561473003
84d20d8a58f91a42aad67709,5-7-24_train-ready_all_carts.csv,5-7-24_Cart10,0.0,0.7794179239148582,0.7656432487802999,0.8041094229531206
84d20d8a58f91a42aad67709,5-7-24_train-ready_all_carts.csv,5-7-24_Cart10,0.05,1.0024626940243773,0.9852623262607628,1.0163875174371513
84d20d8a58f91a42aad67709,5-7-24_train-ready_all_carts.csv,5-7-24_Cart10,0.1,1.3413279679475094,1.0993640176030974,1.4675786810048808
84d20d8a58f91a42aad67709,5-7-24_train-ready_all_carts.csv,5-7-24_Cart10,0.15,1.576936469813676,1.5571999882514602,1.5955670372157738
84d20d8a58f91a42aad67709,5-7-24_train-ready_all_carts.csv,5-7-24_Cart10,0.2,1.798074555661749,1.3655980450178162,2.06255329004256
84d20d8a58f91a42aad67709,5-7-24_train-ready_all_carts.csv,5-7-24_Cart10,0.25,2.165665631388195,2.1615481131659697,2.177583091644361
84d20d8a58f91a42aad67709,5-7-24_train-ready_all_carts.csv,5-7-24_Cart10,0.3,2.383941204945452,2.3689208459994067,2.4140920481475585
84d20d8a58f91a42aad67709,5-7-24_train-ready_all_carts.csv,5-7-24_Cart10,0.35,2.8066695126391434,2.7844584432698127,2.83380154267307
84d20d8a58f91a42aad67709,5-7-24_train-ready_all_carts.csv,5-7-24_Cart10,0.4,3.1009141488167353,3.091647899466478,3.1081793119044665
84d20d8a58f91a42aad67709,5-7-24_train-ready_all_carts.csv,5-7-24_Cart10,0.45,3.6652752889142954,3.5207274296107154,4.021549186760106
84d20d8a58f91a42aad67709,5-7-24_train-ready_all_carts.csv,5-7-24_Cart10,0.5,3.53507261848452,3.5261155527783528,3.5437738230725517
84d20d8a58f91a42aad67709,5-7-24_train-ready_all_carts.csv,5-7-24_Cart10,0.55,3.89874094614765,3.8783726112970998,4.083230298322959
84d20d8a58f91a42aad67709,5-7-24_train-ready_all_carts.csv,5-7-24_Cart10,0.6,3.958924552366182,3.951617874771064,3.9694765084961263
84d20d8a58f91a42aad67709,5-7-24_train-ready_all_carts.csv,5-7-24_Cart10,0.65,4.153475952195784,4.150431969303814,4.159493567048043
84d20d8a58f91a42aad67709,5-7-24_train-ready_all_carts.csv,5-7-24_Cart10,0.7,4.469734463832616,4.464329063669388,4.48355730325344
84d20d8a58f91a42aad67709,5-7-24_train-ready_all_carts.csv,5-7-24_Cart10,0.75,4.841653489101666,4.837128097059106,4.995951664369337
84d20d8a58f91a42aad67709,5-7-24_train-ready_all_carts.csv,5-7-24_Cart10,0.8,5.0206593217487985,5.010670235219764,5.034552947133566
84d20d8a58f91a42aad67709,5-7-24_train-ready_all_carts.csv,5-7-24_Cart10,0.85,5.267751432409947,5.263544173246603,5.269252977339568
84d20d8a58f91a42aad67709,5-7-24_train-ready_all_carts.csv,5-7-24_Cart10,0.9,4.930912165883267,4.915458204065901,4.936292334175238
84d20d8a58f91a42aad67709,5-7-24_train-ready_all_carts.csv,5-7-24_Cart10,0.95,5.833094502472659,5.494432264321436,6.101409537791373
84d20d8a58f91a42aad67709,5-7-24_train-ready_all_carts.csv,5-7-24_Cart10,1.0,4.917653625455075,4.908173961706062,4.921510497204271
ea63c27841d6f9a30ac94fc4,5-7-24_train-ready_all_carts.csv,5-7-24_Cart11,0.0,4.116938132642695,1.0681125359909518,10.915707398565207
ea63c27841d6f9a30ac94fc4,5-7-24_train-ready_all_carts.csv,5-7-24_Cart11,0.05,0.6955681329287264,0.6735397376881583,0.7121049039680581
ea63c27841d6f9a30ac94fc4,5-7-24_train-ready_all_carts.csv,5-7-24_Cart11,0.1,0.981366165671866,0.6671952419174648,1.1083193564329434
ea63c27841d6f9a30ac94fc4,5-7-24_train-ready_all_carts.csv,5-7-24_Cart11,0.15,0.9905213761495855,0.977358288905653,1.0273334836006582
ea63c27841d6f9a30ac94fc4,5-7-24_train-ready_all_carts.csv,5-7-24_Cart11,0.2,1.212646009032099,1.2043563752627944,1.373697727392715
ea63c27841d6f9a30ac94fc4,5-7-24_train-ready_all_carts.csv,5-7-24_Cart11,0.25,1.2243597716312915,1.2238741599407206,1.228057092242253
ea63c27841d6f9a30ac94fc4,5-7-24_train-ready_all_carts.csv,5-7-24_Cart11,0.3,1.7425204009563267,1.737567524716478,1.7440905808884073
ea63c27841d6f9a30ac94fc4,5-7-24_train-ready_all_carts.csv,5-7-24_Cart11,0.35,1.948704152592769,1.9445195930320625,1.953940171929424
ea63c27841d6f9a30ac94fc4,5-7-24_train-ready_all_carts.csv,5-7-24_Cart11,0.4,2.298676280327939,2.2980666840054553,2.2995324690026395
ea63c27841d6f9a30ac94fc4,5-7-24_train-ready_all_carts.csv,5-7-24_Cart11,0.45,2.467710956689876,2.465958836664419,2.470143834333366
ea63c27841d6f9a30ac94fc4,5-7-24_train-ready_all_carts.csv,5-7-24_Cart11,0.5,2.7400603182035077,2.6800354837654226,2.853927278423324
ea63c27841d6f9a30ac94fc4,5-7-24_train-ready_all_carts.csv,5-7-24_Cart11,0.55,2.572944555932677,2.562888094218432,2.5909835375400028
ea63c27841d6f9a30ac94fc4,5-7-24_train-ready_all_carts.csv,5-7-24_Cart11,0.6,3.308575856893825,3.3076890006423256,3.310305758572826
ea63c27841d6f9a30ac94fc4,5-7-24_train-ready_all_carts.csv,5-7-24_Cart11,0.65,3.428692618917606,3.4265038927375655,3.4356633591239025
ea63c27841d6f9a30ac94fc4,5-7-24_train-ready_all_carts.csv,5-7-24_Cart11,0.7,3.594386407015249,3.593409801161447,3.595471350778111
ea63c27841d6f9a30ac94fc4,5-7-24_train-ready_all_carts.csv,5-7-24_Cart11,0.75,3.969901496878987,3.8416439327137106,3.9981764394051673
ea63c27841d6f9a30ac94fc4,5-7-24_train-ready_all_carts.csv,5-7-24_Cart11,0.8,3.9962280468882,3.9946971715239328,3.9977076010014994
ea63c27841d6f9a30ac94fc4,5-7-24_train-ready_all_carts.csv,5-7-24_Cart11,0.85,4.322224388256098,4.2724819542103045,5.076753237801148
ea63c27841d6f9a30ac94fc4,5-7-24_train-ready_all_carts.csv,5-7-24_Cart11,0.9,4.445919868731589,4.44132605348785,4.451959065645909
ea63c27841d6f9a30ac94fc4,5-7-24_train-ready_all_carts.csv,5-7-24_Cart11,0.95,4.681579542753777,4.679166254807302,4.6848794991910765
ea63c27841d6f9a30ac94fc4,5-7-24_train-ready_all_carts.csv,5-7-24_Cart11,1.0,5.256651684189828,2.463888775230521,5.623746020746722
468b268bef75b9f0a00c8708,5-7-24_train-ready_all_carts.csv,5-7-24_Cart20,0.0,3.566330073664306,0.8840642606832769,7.106139413601484
468b268bef75b9f0a00c8708,5-7-24_train-ready_all_carts.csv,5-7-24_Cart20,0.05,0.5150806222317474,0.507031498611712,0.614952378023574
468b268bef75b9f0a00c8708,5-7-24_train-ready_all_carts.csv,5-7-24_Cart20,0.1,0.6426297361502084,0.6407299254545766,0.7641652691645661
468b268bef75b9f0a00c8708,5-7-24_train-ready_all_carts.csv,5-7-24_Cart20,0.15,0.7664680989392321,0.7650031717271658,0.7668298653497283
468b268bef75b9f0a00c8708,5-7-24_train-ready_all_carts.csv,5-7-24_Cart20,0.2,0.9557323188523975,0.947879752064808,0.9609762212310682
468b268bef75b9f0a00c8708,5-7-24_train-ready_all_carts.csv,5-7-24_Cart20,0.25,1.2762396958859912,1.140663218433985,1.8396572654752354
468b268bef75b9f0a00c8708,5-7-24_train-ready_all_carts.csv,5-7-24_Cart20,0.3,1.2587616125216101,1.2581506195263592,1.2600178497634251
468b268bef75b9f0a00c8708,5-7-24_train-ready_all_carts.csv,5-7-24_Cart20,0.35,1.3493464259525827,1.3490589700385465,1.3496940701862894
468b268bef75b9f0a00c8708,5-7-24_train-ready_all_carts.csv,5-7-24_Cart20,0.4,1.5295048253948207,1.5275846469399879,1.5316197307662331
468b268bef75b9f0a00c8708,5-7-24_train-ready_all_carts.csv,5-7-24_Cart20,0.45,1.6924015489141881,1.6207974582388083,2.1650034174271426
468b268bef75b9f0a00c8708,5-7-24_train-ready_all_carts.csv,5-7-24_Cart20,0.5,2.267937935228044,1.7912257574344506,3.0930243240355257
468b268bef75b9f0a00c8708,5-7-24_train-ready_all_carts.csv,5-7-24_Cart20,0.55,1.5684494130952524,1.567458911461763,1.5705204800474475
468b268bef75b9f0a00c8708,5-7-24_train-ready_all_carts.csv,5-7-24_Cart20,0.6,1.9206628671569757,1.9183314350017127,1.9556923100819257
468b268bef75b9f0a00c8708,5-7-24_train-ready_all_carts.csv,5-7-24_Cart20,0.65,2.1426451871335708,2.136742355920124,2.1461785159855933
468b268bef75b9f0a00c8708,5-7-24_train-ready_all_carts.csv,5-7-24_Cart20,0.7,2.3352645180057503,2.1058614913858738,2.5907293257275104
468b268bef75b9f0a00c8708,5-7-24_train-ready_all_carts.csv,5-7-24_Cart20,0.75,2.39343515653012,2.3861095259502973,2.507282178692327
468b268bef75b9f0a00c8708,5-7-24_train-ready_all_carts.csv,5-7-24_Cart20,0.8,2.296798095277185,2.2918440754401126,2.2990958331120517
468b268bef75b9f0a00c8708,5-7-24_train-ready_all_carts.csv,5-7-24_Cart20,0.85,2.8505592784045994,2.7612706421182507,3.041329479294471
468b268bef75b9f0a00c8708,5-7-24_train-ready_all_carts.csv,5-7-24_Cart20,0.9,2.818933558551443,2.8172474104235237,2.819643247661104
468b268bef75b9f0a00c8708,5-7-24_train-ready_all_carts.csv,5-7-24_Cart20,0.95,2.9258611118944584,2.9201643451198023,2.959696733620927
468b268bef75b9f0a00c8708,5-7-24_train-ready_all_carts.csv,5-7-24_Cart20,1.0,3.114582721972659,2.9988091166500883,3.2612343673941213
87cfffef70c201d00c0072a0,5-7-24_train-ready_all_carts.csv,5-7-24_Cart25,0.0,0.8291411335299902,0.5438867307635592,0.8617895280439823
87cfffef70c201d00c0072a0,5-7-24_train-ready_all_carts.csv,5-7-24_Cart25,0.05,1.0339013192678255,1.0244188240859546,1.038306680687983
87cfffef70c201d00c0072a0,5-7-24_train-ready_all_carts.csv,5-7-24_Cart25,0.1,1.3451578800039439,1.1868462548200611,1.629512024771754
87cfffef70c201d00c0072a0,5-7-24_train-ready_all_carts.csv,5-7-24_Cart25,0.15,1.6387047598354876,1.4157647138284501,1.7648035157581332
87cfffef70c201d00c0072a0,5-7-24_train-ready_all_carts.csv,5-7-24_Cart25,0.2,1.7676098860752427,1.75666361210109,1.7743790119553646
87cfffef70c201d00c0072a0,5-7-24_train-ready_all_carts.csv,5-7-24_Cart25,0.25,1.884215185495759,1.8714645828912315,1.891746361423416
87cfffef70c201d00c0072a0,5-7-24_train-ready_all_carts.csv,5-7-24_Cart25,0.3,2.2141672651323696,1.9371781063372417,2.6335812834237053
87cfffef70c201d00c0072a0,5-7-24_train-ready_all_carts.csv,5-7-24_Cart25,0.35,2.4030873218556796,2.396037014281971,2.4111583257853835
87cfffef70c201d00c0072a0,5-7-24_train-ready_all_carts.csv,5-7-24_Cart25,0.4,2.593844250756468,2.5914506660587806,2.5972432812776147
87cfffef70c201d00c0072a0,5-7-24_train-ready_all_carts.csv,5-7-24_Cart25,0.45,3.1907419241911175,2.880807530159469,3.897998918898249
87cfffef70c201d00c0072a0,5-7-24_train-ready_all_carts.csv,5-7-24_Cart25,0.5,3.050733865605068,3.048209357808891,3.0535450017135943
87cfffef70c201d00c0072a0,5-7-24_train-ready_all_carts.csv,5-7-24_Cart25,0.55,3.2724520988583246,3.254545114189097,3.307596882999135
87cfffef70c201d00c0072a0,5-7-24_train-ready_all_carts.csv,5-7-24_Cart25,0.6,3.4031042280659842,3.39475830605427,3.404751081331403
87cfffef70c201d00c0072a0,5-7-24_train-ready_all_carts.csv,5-7-24_Cart25,0.65,3.969675128233936,3.8389344914713934,4.2202666364545225
87cfffef70c201d00c0072a0,5-7-24_train-ready_all_carts.csv,5-7-24_Cart25,0.7,3.7377240599816113,3.7173119030128117,3.970113989540682
87cfffef70c201d00c0072a0,5-7-24_train-ready_all_carts.csv,5-7-24_Cart25,0.75,4.249696692024795,4.220762891506473,4.301402329007811
87cfffef70c201d00c0072a0,5-7-24_train-ready_all_carts.csv,5-7-24_Cart25,0.8,4.1712408720678695,4.1640127323915825,4.17313118919195
87cfffef70c201d00c0072a0,5-7-24_train-ready_all_carts.csv,5-7-24_Cart25,0.85,4.656085257712328,4.624387025841362,5.144473145440594
87cfffef70c201d00c0072a0,5-7-24_train-ready_all_carts.csv,5-7-24_Cart25,0.9,4.720946317239354,4.715004056170035,4.721511063522237
87cfffef70c201d00c0072a0,5-7-24_train-ready_all_carts.csv,5-7-24_Cart25,0.95,4.995187656869064,4.90282321507608,5.124964242110735
87cfffef70c201d00c0072a0,5-7-24_train-ready_all_carts.csv,5-7-24_Cart25,1.0,4.579663749863002,4.577739391371661,4.58313562891009
a55f3dfeb8303391a0f75611,5-7-24_train-ready_all_carts.csv,5-7-24_Cart28,0.0,0.7871111153591978,0.6360138587583186,0.9852819995626692
a55f3dfeb8303391a0f75611,5-7-24_train-ready_all_carts.csv,5-7-24_Cart28,0.05,0.4002007988594598,0.3746139991056646,0.4226141570215386
a55f3dfeb8303391a0f75611,5-7-24_train-ready_all_carts.csv,5-7-24_Cart28,0.1,0.3871765190916464,0.37806944757694727,0.39641461396873806
a55f3dfeb8303391a0f75611,5-7-24_train-ready_all_carts.csv,5-7-24_Cart28,0.15,0.9674951599585311,0.5604962300278722,1.1980804434526389
a55f3dfeb8303391a0f75611,5-7-24_train-ready_all_carts.csv,5-7-24_Cart28,0.2,1.1090829081809943,-0.056512186076374656,1.5026117443839757
a55f3dfeb8303391a0f75611,5-7-24_train-ready_all_carts.csv,5-7-24_Cart28,0.25,1.1190473742773277,1.1085655052861103,1.1285167393276916
a55f3dfeb8303391a0f75611,5-7-24_train-ready_all_carts.csv,5-7-24_Cart28,0.3,1.1127181095545453,1.1035698911285847,1.1306086527561512
a55f3dfeb8303391a0f75611,5-7-24_train-ready_all_carts.csv,5-7-24_Cart28,0.35,1.1149103813031354,1.1126254453722901,1.118488601452704
a55f3dfeb8303391a0f75611,5-7-24_train-ready_all_carts.csv,5-7-24_Cart28,0.4,1.8182393302442108,1.5169411283504408,2.141223069460633
a55f3dfeb8303391a0f75611,5-7-24_train-ready_all_carts.csv,5-7-24_Cart28,0.45,1.321189102680561,1.2228462006385346,1.499078127932242
a55f3dfeb8303391a0f75611,5-7-24_train-ready_all_carts.csv,5-7-24_Cart28,0.5,1.3780030627978654,1.3726249719314123,1.3872114962159015
a55f3dfeb8303391a0f75611,5-7-24_train-ready_all_carts.csv,5-7-24_Cart28,0.55,2.4951963428403596,2.012045519596045,2.6641994194093614
a55f3dfeb8303391a0f75611,5-7-24_train-ready_all_carts.csv,5-7-24_Cart28,0.6,2.0088153197988334,2.0037162250623375,2.016748421986519
a55f3dfeb8303391a0f75611,5-7-24_train-ready_all_carts.csv,5-7-24_Cart28,0.65,1.4989682913263265,1.4764204530152774,1.926350553621344
a55f3dfeb8303391a0f75611,5-7-24_train-ready_all_carts.csv,5-7-24_Cart28,0.7,1.9589216234006286,1.9564079820091336,1.9607175912939532
a55f3dfeb8303391a0f75611,5-7-24_train-ready_all_carts.csv,5-7-24_Cart28,0.75,1.993355678129226,1.9917410242676097,1.9961322583194585
a55f3dfeb8303391a0f75611,5-7-24_train-ready_all_carts.csv,5-7-24_Cart28,0.8,2.2383860921856833,2.2252093792805194,2.247898053767485
a55f3dfeb8303391a0f75611,5-7-24_train-ready_all_carts.csv,5-7-24_Cart28,0.85,2.46227435346836,2.450508567034961,2.4796675654391156
a55f3dfeb8303391a0f75611,5-7-24_train-ready_all_carts.csv,5-7-24_Cart28,0.9,2.504027875011686,2.3562708778324204,4.240549632501312
a55f3dfeb8303391a0f75611,5-7-24_train-ready_all_carts.csv,5-7-24_Cart28,0.95,3.2839681353541246,3.266975910626906,3.324402725552465
a55f3dfeb8303391a0f75611,5-7-24_train-ready_all_carts.csv,5-7-24_Cart28,1.0,3.9799932287747284,3.9784900841576825,3.9832091553886215
d64952ba074fbb09b6959a70,5-7-24_train-ready_all_carts.csv,5-7-24_Cart38,0.0,0.5610853022331721,0.5598131202878793,0.5613956530706328
d64952ba074fbb09b6959a70,5-7-24_train-ready_all_carts.csv,5-7-24_Cart38,0.05,1.5371372611115155,0.9833248837665722,2.0506353781560325
d64952ba074fbb09b6959a70,5-7-24_train-ready_all_carts.csv,5-7-24_Cart38,0.1,1.2626332278191672,1.2510975242390696,1.328656734904707
d64952ba074fbb09b6959a70,5-7-24_train-ready_all_carts.csv,5-7-24_Cart38,0.15,1.6214272946230133,1.545388774562233,1.8336736389806054
d64952ba074fbb09b6959a70,5-7-24_train-ready_all_carts.csv,5-7-24_Cart38,0.2,1.8867365075114813,1.882942760635196,1.892122761715341
d64952ba074fbb09b6959a70,5-7-24_train-ready_all_carts.csv,5-7-24_Cart38,0.25,2.191253091212132,2.180491982284208,2.731001360358108
d64952ba074fbb09b6959a70,5-7-24_train-ready_all_carts.csv,5-7-24_Cart38,0.3,2.618813379940563,2.6148264118817264,2.6236598687760573
d64952ba074fbb09b6959a70,5-7-24_train-ready_all_carts.csv,5-7-24_Cart38,0.35,4.719265567977366,3.0447560824858644,7.448774679652061
d64952ba074fbb09b6959a70,5-7-24_train-ready_all_carts.csv,5-7-24_Cart38,0.4,3.2101112366744227,3.2001805798496767,3.6032017783941077
d64952ba074fbb09b6959a70,5-7-24_train-ready_all_carts.csv,5-7-24_Cart38,0.45,3.537292266106533,3.523239557387363,3.5402014133506077
d64952ba074fbb09b6959a70,5-7-24_train-ready_all_carts.csv,5-7-24_Cart38,0.5,3.774597516926847,3.7591723108401722,3.782624460625573
d64952ba074fbb09b6959a70,5-7-24_train-ready_all_carts.csv,5-7-24_Cart38,0.55,4.104575978701026,4.099514039697377,4.210277085140356
d64952ba074fbb09b6959a70,5-7-24_train-ready_all_carts.csv,5-7-24_Cart38,0.6,4.494025526573699,4.118936473374704,5.349147813952528
d64952ba074fbb09b6959a70,5-7-24_train-ready_all_carts.csv,5-7-24_Cart38,0.65,4.518807995651355,4.514931032572554,4.521226395290188
d64952ba074fbb09b6959a70,5-7-24_train-ready_all_carts.csv,5-7-24_Cart38,0.7,4.922417977327276,4.913838158858417,5.022149176197162
d64952ba074fbb09b6959a70,5-7-24_train-ready_all_carts.csv,5-7-24_Cart38,0.75,5.254329790874947,5.251660602680587,5.291323952684634
d64952ba074fbb09b6959a70,5-7-24_train-ready_all_carts.csv,5-7-24_Cart38,0.8,5.536651587411753,5.534326663507251,5.541118473570024
d64952ba074fbb09b6959a70,5-7-24_train-ready_all_carts.csv,5-7-24_Cart38,0.85,5.316039734805479,5.3072672651280595,5.331382864637618
d64952ba074fbb09b6959a70,5-7-24_train-ready_all_carts.csv,5-7-24_Cart38,0.9,5.205346226189259,5.092301004891015,5.4167655382876125
d64952ba074fbb09b6959a70,5-7-24_train-ready_all_carts.csv,5-7-24_Cart38,0.95,5.292041549937824,5.277163518881385,5.463934875763682
d64952ba074fbb09b6959a70,5-7-24_train-ready_all_carts.csv,5-7-24_Cart38,1.0,4.878078560710694,4.873550402348519,4.881032450912971
402361c466fdaf419864742d,5-7-24_train-ready_all_carts.csv,5-7-24_Cart59,0.0,0.3025158861766699,0.10388076378838187,0.47226977025850875
402361c466fdaf419864742d,5-7-24_train-ready_all_carts.csv,5-7-24_Cart59,0.05,0.845924199766818,0.8357927469950869,0.8521384311577709
402361c466fdaf419864742d,5-7-24_train-ready_all_carts.csv,5-7-24_Cart59,0.1,1.2323199208216316,1.2235025951830765,1.2434474522843908
402361c466fdaf419864742d,5-7-24_train-ready_all_carts.csv,5-7-24_Cart59,0.15,1.7052250527330008,1.6948104471162229,1.7152402650451455
402361c466fdaf419864742d,5-7-24_train-ready_all_carts.csv,5-7-24_Cart59,0.2,2.250465531791102,2.0058038792515407,2.370111567062421
402361c466fdaf419864742d,5-7-24_train-ready_all_carts.csv,5-7-24_Cart59,0.25,2.393162132305715,2.2549999067320368,2.594207690056771
402361c466fdaf419864742d,5-7-24_train-ready_all_carts.csv,5-7-24_Cart59,0.3,2.4874822921066366,2.4802569094726308,2.5024433541651945
402361c466fdaf419864742d,5-7-24_train-ready_all_carts.csv,5-7-24_Cart59,0.35,2.6804285524465428,2.6088369800265903,2.692563716268614
402361c466fdaf419864742d,5-7-24_train-ready_all_carts.csv,5-7-24_Cart59,0.4,2.9969638745859823,2.9786356513234677,3.080352622044657
402361c466fdaf419864742d,5-7-24_train-ready_all_carts.csv,5-7-24_Cart59,0.45,3.3713519913543455,3.3662038644408723,3.373100876573756
402361c466fdaf419864742d,5-7-24_train-ready_all_carts.csv,5-7-24_Cart59,0.5,3.555427145782518,3.5484649170042966,3.5577857949062266
402361c466fdaf419864742d,5-7-24_train-ready_all_carts.csv,5-7-24_Cart59,0.55,4.090727951232786,4.0625372938605615,4.151663522611311
402361c466fdaf419864742d,5-7-24_train-ready_all_carts.csv,5-7-24_Cart59,0.6,4.263328025780688,4.25895997674459,4.27381124963042
402361c466fdaf419864742d,5-7-24_train-ready_all_carts.csv,5-7-24_Cart59,0.65,4.300414714491147,4.2663070541079815,4.308947831619533
402361c466fdaf419864742d,5-7-24_train-ready_all_carts.csv,5-7-24_Cart59,0.7,4.580465077039884,3.97159262328845,4.619669312689713
402361c466fdaf419864742d,5-7-24_train-ready_all_carts.csv,5-7-24_Cart59,0.75,4.82700628268178,4.822627501050272,4.829327514341707
402361c466fdaf419864742d,5-7-24_train-ready_all_carts.csv,5-7-24_Cart59,0.8,5.044131966169179,5.032608794877776,5.067397711153253
402361c466fdaf419864742d,5-7-24_train-ready_all_carts.csv,5-7-24_Cart59,0.85,5.17397173845445,5.166778553606677,5.179948093304493
402361c466fdaf419864742d,5-7-24_train-ready_all_carts.csv,5-7-24_Cart59,0.9,5.237691685241313,5.235172633667064,5.2510511273650335
402361c466fdaf419864742d,5-7-24_train-ready_all_carts.csv,5-7-24_Cart59,0.95,5.066670416531995,5.057743419016837,5.070257332025593
402361c466fdaf419864742d,5-7-24_train-ready_all_carts.csv,5-7-24_Cart59,1.0,5.242317844399833,5.230815199930254,5.2857880814572615
7c11df169fc2f73b2c2c797a,5-7-24_train-ready_all_carts.csv,5-7-24_Cart6,0.0,0.6806368078848978,0.538874062465963,0.813250079985733
7c11df169fc2f73b2c2c797a,5-7-24_train-ready_all_carts.csv,5-7-24_Cart6,0.05,0.8309093045791157,0.8293702236377561,0.8552484425726251
7c11df169fc2f73b2c2c797a,5-7-24_train-ready_all_carts.csv,5-7-24_Cart6,0.1,1.386710491609319,1.2433355784963298,1.7179468101677695
7c11df169fc2f73b2c2c797a,5-7-24_train-ready_all_carts.csv,5-7-24_Cart6,0.15,1.3980863566441184,1.3708936551415551,1.4380971230038841
7c11df169fc2f73b2c2c797a,5-7-24_train-ready_all_carts.csv,5-7-24_Cart6,0.2,1.6560888403871383,1.6531595210675991,1.6600146268780314
7c11df169fc2f73b2c2c797a,5-7-24_train-ready_all_carts.csv,5-7-24_Cart6,0.25,1.9316571317008662,1.9294975800058616,1.9355103993237006
7c11df169fc2f73b2c2c797a,5-7-24_train-ready_all_carts.csv,5-7-24_Cart6,0.3,2.2521814423643773,2.2503637004319748,2.2532816052703235
7c11df169fc2f73b2c2c797a,5-7-24_train-ready_all_carts.csv,5-7-24_Cart6,0.35,2.4762880279346184,2.4739176206741473,2.4784110078590436
7c11df169fc2f73b2c2c797a,5-7-24_train-ready_all_carts.csv,5-7-24_Cart6,0.4,2.8302925452171213,2.829299485353585,2.83141525314313
7c11df169fc2f73b2c2c797a,5-7-24_train-ready_all_carts.csv,5-7-24_Cart6,0.45,3.12250439945217,3.1112526739988704,3.134326053926482
7c11df169fc2f73b2c2c797a,5-7-24_train-ready_all_carts.csv,5-7-24_Cart6,0.5,3.3151581265550885,3.3056985882255567,3.4729787186814414
7c11df169fc2f73b2c2c797a,5-7-24_train-ready_all_carts.csv,5-7-24_Cart6,0.55,3.4584547283767284,3.2216662566850753,4.042170000763015
7c11df169fc2f73b2c2c797a,5-7-24_train-ready_all_carts.csv,5-7-24_Cart6,0.6,3.776868779731668,3.1887919261845754,3.9271668312345205
7c11df169fc2f73b2c2c797a,5-7-24_train-ready_all_carts.csv,5-7-24_Cart6,0.65,3.9908045514653843,3.988434598512622,3.995348082863668
7c11df169fc2f73b2c2c797a,5-7-24_train-ready_all_carts.csv,5-7-24_Cart6,0.7,4.173150036649789,4.1718754195835634,4.175400052367359
7c11df169fc2f73b2c2c797a,5-7-24_train-ready_all_carts.csv,5-7-24_Cart6,0.75,4.504853724263931,4.503907628459819,4.505360902032631
7c11df169fc2f73b2c2c797a,5-7-24_train-ready_all_carts.csv,5-7-24_Cart6,0.8,4.778306077422725,4.7762724825400555,4.7787666886512445
7c11df169fc2f73b2c2c797a,5-7-24_train-ready_all_carts.csv,5-7-24_Cart6,0.85,4.904466192458716,4.902561961696201,4.910517911874143
7c11df169fc2f73b2c2c797a,5-7-24_train-ready_all_carts.csv,5-7-24_Cart6,0.9,5.119490031155625,4.256105204612094,5.832098590544056
7c11df169fc2f73b2c2c797a,5-7-24_train-ready_all_carts.csv,5-7-24_Cart6,0.95,5.476645172400442,5.441317580271031,5.481057636024662
7c11df169fc2f73b2c2c797a,5-7-24_train-ready_all_carts.csv,5-7-24_Cart6,1.0,5.333788113287314,5.331201966653505,5.337023919945076
3d0fcbc0a85ca39caec6eca5,5-7-24_train-ready_all_carts.csv,5-7-24_Cart60,0.0,4.0095694645645334,0.8192653510261754,18.383332279163312
3d0fcbc0a85ca39caec6eca5,5-7-24_train-ready_all_carts.csv,5-7-24_Cart60,0.05,1.3755813860122883,1.3737054741613413,1.5413506493975542
3d0fcbc0a85ca39caec6eca5,5-7-24_train-ready_all_carts.csv,5-7-24_Cart60,0.1,1.5902282774333472,1.3893134890372194,1.7017628098713586
3d0fcbc0a85ca39caec6eca5,5-7-24_train-ready_all_carts.csv,5-7-24_Cart60,0.15,2.0154143896050343,1.8858945955960302,2.090304116132006
3d0fcbc0a85ca39caec6eca5,5-7-24_train-ready_all_carts.csv,5-7-24_Cart60,0.2,2.237923924486636,2.1221631896977016,2.4551855038543833
3d0fcbc0a85ca39caec6eca5,5-7-24_train-ready_all_carts.csv,5-7-24_Cart60,0.25,2.265099296165223,2.2539876124275344,2.289059637719409
3d0fcbc0a85ca39caec6eca5,5-7-24_train-ready_all_carts.csv,5-7-24_Cart60,0.3,2.6218393461198413,2.6161706724201763,2.6233855484344537
3d0fcbc0a85ca39caec6eca5,5-7-24_train-ready_all_carts.csv,5-7-24_Cart60,0.35,2.931135232995105,2.646533614173912,3.133578588811831
3d0fcbc0a85ca39caec6eca5,5-7-24_train-ready_all_carts.csv,5-7-24_Cart60,0.4,3.0988859026865927,3.091484348722802,3.100825866991876
3d0fcbc0a85ca39caec6eca5,5-7-24_train-ready_all_carts.csv,5-7-24_Cart60,0.45,3.539256918241304,3.347925246162268,3.7716695797846223
3d0fcbc0a85ca39caec6eca5,5-7-24_train-ready_all_carts.csv,5-7-24_Cart60,0.5,3.7009625981911793,3.686182037735235,3.988633696279377
3d0fcbc0a85ca39caec6eca5,5-7-24_train-ready_all_carts.csv,5-7-24_Cart60,0.55,3.8363015923166266,3.7843107126876085,3.8557993609583106
3d0fcbc0a85ca39caec6eca5,5-7-24_train-ready_all_carts.csv,5-7-24_Cart60,0.6,4.171750027017552,4.139750063245022,4.221721144445865
3d0fcbc0a85ca39caec6eca5,5-7-24_train-ready_all_carts.csv,5-7-24_Cart60,0.65,4.5443451063278,4.398203794891114,4.579221825168449
3d0fcbc0a85ca39caec6eca5,5-7-24_train-ready_all_carts.csv,5-7-24_Cart60,0.7,4.5069414961199605,4.33191699948277,4.906176098257767
3d0fcbc0a85ca39caec6eca5,5-7-24_train-ready_all_carts.csv,5-7-24_Cart60,0.75,4.7094341666581645,4.702515745808649,4.723553922442626
3d0fcbc0a85ca39caec6eca5,5-7-24_train-ready_all_carts.csv,5-7-24_Cart60,0.8,4.812219146430159,4.103421866663332,5.041752218725967
3d0fcbc0a85ca39caec6eca5,5-7-24_train-ready_all_carts.csv,5-7-24_Cart60,0.85,4.999793956266155,4.9967275001238365,5.004567218222158
3d0fcbc0a85ca39caec6eca5,5-7-24_train-ready_all_carts.csv,5-7-24_Cart60,0.9,5.046813622253839,4.818914359906846,5.6582295057022165
3d0fcbc0a85ca39caec6eca5,5-7-24_train-ready_all_carts.csv,5-7-24_Cart60,0.95,5.148376755797584,5.1331559528088855,5.153250914540066
3d0fcbc0a85ca39caec6eca5,5-7-24_train-ready_all_carts.csv,5-7-24_Cart60,1.0,5.439876515340176,5.419299743111773,5.44152411829538
d1b64cd26cf57cdd8dd6e954,5-7-24_train-ready_all_carts.csv,5-7-24_Cart62,0.0,0.5790486348215997,0.576884197239919,0.5840003271327668
d1b64cd26cf57cdd8dd6e954,5-7-24_train-ready_all_carts.csv,5-7-24_Cart62,0.05,0.5932958496963874,0.5870139645233763,0.6086131011956922
d1b64cd26cf57cdd8dd6e954,5-7-24_train-ready_all_carts.csv,5-7-24_Cart62,0.1,0.7880148484438809,0.5921314713848479,0.8950167661353082
d1b64cd26cf57cdd8dd6e954,5-7-24_train-ready_all_carts.csv,5-7-24_Cart62,0.15,0.9954892919292558,0.9076784923148807,1.1340571031053552
d1b64cd26cf57cdd8dd6e954,5-7-24_train-ready_all_carts.csv,5-7-24_Cart62,0.2,1.10361707857781,1.1002291277698064,1.2568076643035155
d1b64cd26cf57cdd8dd6e954,5-7-24_train-ready_all_carts.csv,5-7-24_Cart62,0.25,1.3455679874494786,1.2520197302179044,1.519259881682419
d1b64cd26cf57cdd8dd6e954,5-7-24_train-ready_all_carts.csv,5-7-24_Cart62,0.3,1.5001412957874622,1.4831058914901236,1.661832104901463
d1b64cd26cf57cdd8dd6e954,5-7-24_train-ready_all_carts.csv,5-7-24_Cart62,0.35,1.710890903783942,1.3122306013490113,1.768483886569527
d1b64cd26cf57cdd8dd6e954,5-7-24_train-ready_all_carts.csv,5-7-24_Cart62,0.4,1.80174805504632,1.5769082606105154,2.1690375655963505
d1b64cd26cf57cdd8dd6e954,5-7-24_train-ready_all_carts.csv,5-7-24_Cart62,0.45,2.1861424487450973,1.8208867056858038,2.4770123887291056
d1b64cd26cf57cdd8dd6e954,5-7-24_train-ready_all_carts.csv,5-7-24_Cart62,0.5,2.4052507052864662,2.3999635204766743,2.421353348214575
d1b64cd26cf57cdd8dd6e954,5-7-24_train-ready_all_carts.csv,5-7-24_Cart62,0.55,2.539480107429908,2.5357967312994676,2.541378282112882
d1b64cd26cf57cdd8dd6e954,5-7-24_train-ready_all_carts.csv,5-7-24_Cart62,0.6,2.7294620817075748,2.72084545787585,2.7318879217840055
d1b64cd26cf57cdd8dd6e954,5-7-24_train-ready_all_carts.csv,5-7-24_Cart62,0.65,2.9401905033278384,2.938958141673803,2.9411200867406357
d1b64cd26cf57cdd8dd6e954,5-7-24_train-ready_all_carts.csv,5-7-24_Cart62,0.7,3.201971860335232,3.200267416368868,3.2047331305974196
d1b64cd26cf57cdd8dd6e954,5-7-24_train-ready_all_carts.csv,5-7-24_Cart62,0.75,3.426354278296309,3.4214266387534327,3.485724673420454
d1b64cd26cf57cdd8dd6e954,5-7-24_train-ready_all_carts.csv,5-7-24_Cart62,0.8,3.694396832603469,3.6880334421949095,3.701979685901722
d1b64cd26cf57cdd8dd6e954,5-7-24_train-ready_all_carts.csv,5-7-24_Cart62,0.85,3.928688243345287,3.9247758051002584,3.9434948408649793
d1b64cd26cf57cdd8dd6e954,5-7-24_train-ready_all_carts.csv,5-7-24_Cart62,0.9,4.350558844050692,4.260769673088083,4.986250703426286
d1b64cd26cf57cdd8dd6e954,5-7-24_train-ready_all_carts.csv,5-7-24_Cart62,0.95,4.467746922174027,4.466728355981133,4.475371275844511
d1b64cd26cf57cdd8dd6e954,5-7-24_train-ready_all_carts.csv,5-7-24_Cart62,1.0,4.8687987926062215,4.383295845636993,4.91006331061841
d77d28c660df9a19b5934ba2,5-7-24_train-ready_all_carts.csv,5-7-24_Cart63,0.0,0.6855284615823473,0.6834923918144352,0.68849726471286
d77d28c660df9a19b5934ba2,5-7-24_train-ready_all_carts.csv,5-7-24_Cart63,0.05,0.8795196305116844,0.5685445283339579,0.9667877396683517
d77d28c660df9a19b5934ba2,5-7-24_train-ready_all_carts.csv,5-7-24_Cart63,0.1,0.9635444207327504,0.7752516415798234,1.082686513490162
d77d28c660df9a19b5934ba2,5-7-24_train-ready_all_carts.csv,5-7-24_Cart63,0.15,1.301989838735308,1.2538562684897931,1.311835619498745
d77d28c660df9a19b5934ba2,5-7-24_train-ready_all_carts.csv,5-7-24_Cart63,0.2,1.4358331989266375,1.4337302527659832,1.4363696989678596
d77d28c660df9a19b5934ba2,5-7-24_train-ready_all_carts.csv,5-7-24_Cart63,0.25,1.9144138173356873,1.7620113275962603,2.5201232944372736
d77d28c660df9a19b5934ba2,5-7-24_train-ready_all_carts.csv,5-7-24_Cart63,0.3,2.056394012102256,1.9922019806899587,2.316709068065601
d77d28c660df9a19b5934ba2,5-7-24_train-ready_all_carts.csv,5-7-24_Cart63,0.35,2.4106527812273235,2.3806979267633968,2.415503180825258
d77d28c660df9a19b5934ba2,5-7-24_train-ready_all_carts.csv,5-7-24_Cart63,0.4,2.621029286753276,2.6197243285702174,2.62831893763715
d77d28c660df9a19b5934ba2,5-7-24_train-ready_all_carts.csv,5-7-24_Cart63,0.45,2.9367528609656004,2.8528953237638617,3.171765004196178
d77d28c660df9a19b5934ba2,5-7-24_train-ready_all_carts.csv,5-7-24_Cart63,0.5,3.4437553259155163,3.2977271862264534,3.48794895847394
d77d28c660df9a19b5934ba2,5-7-24_train-ready_all_carts.csv,5-7-24_Cart63,0.55,3.5126988071609753,3.510928381839931,3.515808745535913
d77d28c660df9a19b5934ba2,5-7-24_train-ready_all_carts.csv,5-7-24_Cart63,0.6,3.8568988208878325,3.5438059455941033,4.4968702278883494
d77d28c660df9a19b5934ba2,5-7-24_train-ready_all_carts.csv,5-7-24_Cart63,0.65,3.9583958441812555,3.95708641930035,4.10815380064626
d77d28c660df9a19b5934ba2,5-7-24_train-ready_all_carts.csv,5-7-24_Cart63,0.7,3.842189736732686,3.531238767130819,4.572719348077909
d77d28c660df9a19b5934ba2,5-7-24_train-ready_all_carts.csv,5-7-24_Cart63,0.75,4.474006628478991,4.449303990306684,4.5284022609540315
d77d28c660df9a19b5934ba2,5-7-24_train-ready_all_carts.csv,5-7-24_Cart63,0.8,4.687022207981999,4.682674560041566,4.691224626204985
d77d28c660df9a19b5934ba2,5-7-24_train-ready_all_carts.csv,5-7-24_Cart63,0.85,4.9585639367552155,4.957050346560287,4.989939511321365
d77d28c660df9a19b5934ba2,5-7-24_train-ready_all_carts.csv,5-7-24_Cart63,0.9,5.354123531209037,5.196635147635266,5.487671841192683
d77d28c660df9a19b5934ba2,5-7-24_train-ready_all_carts.csv,5-7-24_Cart63,0.95,5.4816204582115375,5.480813660913191,5.485581054376163
d77d28c660df9a19b5934ba2,5-7-24_train-ready_all_carts.csv,5-7-24_Cart63,1.0,4.798733080348823,4.796166280024408,4.808697848979868
e73ea54099b4bb7ac92bff18,5-7-24_train-ready_all_carts.csv,5-7-24_Cart67,0.0,0.4314402299189751,-1.654927602300974,0.96753110793918
e73ea54099b4bb7ac92bff18,5-7-24_train-ready_all_carts.csv,5-7-24_Cart67,0.05,0.5937027870415723,0.5894841134179554,0.6027408802610077
e73ea54099b4bb7ac92bff18,5-7-24_train-ready_all_carts.csv,5-7-24_Cart67,0.1,0.5788293562285447,0.554334359581351,0.6071393190915735
e73ea54099b4bb7ac92bff18,5-7-24_train-ready_all_carts.csv,5-7-24_Cart67,0.15,0.7232896548466693,0.7127522953434294,0.7293171394344234
e73ea54099b4bb7ac92bff18,5-7-24_train-ready_all_carts.csv,5-7-24_Cart67,0.2,0.8427662583766005,0.8387765713856443,0.873771476451297
e73ea54099b4bb7ac92bff18,5-7-24_train-ready_all_carts.csv,5-7-24_Cart67,0.25,1.0152277394852738,0.9220188682360276,1.3771456982530987
e73ea54099b4bb7ac92bff18,5-7-24_train-ready_all_carts.csv,5-7-24_Cart67,0.3,1.195827570609215,1.109667452100465,1.2221006530448686
e73ea54099b4bb7ac92bff18,5-7-24_train-ready_all_carts.csv,5-7-24_Cart67,0.35,1.3699124415969666,1.366719316250067,1.3712056504836905
e73ea54099b4bb7ac92bff18,5-7-24_train-ready_all_carts.csv,5-7-24_Cart67,0.4,1.486775112270754,1.4805172652962042,1.494349403090749
e73ea54099b4bb7ac92bff18,5-7-24_train-ready_all_carts.csv,5-7-24_Cart67,0.45,1.5884372283705699,1.5870091955786345,1.590979316288562
e73ea54099b4bb7ac92bff18,5-7-24_train-ready_all_carts.csv,5-7-24_Cart67,0.5,1.2777399717959457,1.1664200616697469,1.9303549321112041
e73ea54099b4bb7ac92bff18,5-7-24_train-ready_all_carts.csv,5-7-24_Cart67,0.55,2.364989292843962,2.3535595274919396,2.38524574386337
e73ea54099b4bb7ac92bff18,5-7-24_train-ready_all_carts.csv,5-7-24_Cart67,0.6,2.656869290085764,2.644260809163348,2.6776787942673654
e73ea54099b4bb7ac92bff18,5-7-24_train-ready_all_carts.csv,5-7-24_Cart67,0.65,2.8057472880923404,2.7996306852089643,2.814059135990165
e73ea54099b4bb7ac92bff18,5-7-24_train-ready_all_carts.csv,5-7-24_Cart67,0.7,3.0182432145240554,2.8982682822741808,4.3873147000574
e73ea54099b4bb7ac92bff18,5-7-24_train-ready_all_carts.csv,5-7-24_Cart67,0.75,4.063116250988438,3.496807544843361,4.552714740915222
e73ea54099b4bb7ac92bff18,5-7-24_train-ready_all_carts.csv,5-7-24_Cart67,0.8,4.071254601003707,4.040300132970427,5.245072028092229
e73ea54099b4bb7ac92bff18,5-7-24_train-ready_all_carts.csv,5-7-24_Cart67,0.85,4.196090531196584,3.8388438691627296,4.389546020402496
e73ea54099b4bb7ac92bff18,5-7-24_train-ready_all_carts.csv,5-7-24_Cart67,0.9,4.813929484215196,4.803565928317653,4.820482201159307
e73ea54099b4bb7ac92bff18,5-7-24_train-ready_all_carts.csv,5-7-24_Cart67,0.95,5.2128278669883485,5.19367736943176,5.3500088976176094
e73ea54099b4bb7ac92bff18,5-7-24_train-ready_all_carts.csv,5-7-24_Cart67,1.0,4.522462213213839,4.368072026973778,4.696621986371152
f52d8a46bd901b496b1d4ca3,5-7-24_train-ready_all_carts.csv,5-7-24_Cart69,0.0,0.8931441291281685,0.6313504187951212,1.0238325709659921
f52d8a46bd901b496b1d4ca3,5-7-24_train-ready_all_carts.csv,5-7-24_Cart69,0.05,0.8608802031010372,0.8460112905688757,0.866512591165002
f52d8a46bd901b496b1d4ca3,5-7-24_train-ready_all_carts.csv,5-7-24_Cart69,0.1,1.0216890134536694,1.0009199610115418,1.3804315189557785
f52d8a46bd901b496b1d4ca3,5-7-24_train-ready_all_carts.csv,5-7-24_Cart69,0.15,1.138238203679826,1.1164165425080703,1.1667489756300047
f52d8a46bd901b496b1d4ca3,5-7-24_train-ready_all_carts.csv,5-7-24_Cart69,0.2,1.3817346807892728,1.3690058403100642,1.4201879255766934
f52d8a46bd901b496b1d4ca3,5-7-24_train-ready_all_carts.csv,5-7-24_Cart69,0.25,1.6936821515975522,1.6002756116442418,2.9277754365589472
f52d8a46bd901b496b1d4ca3,5-7-24_train-ready_all_carts.csv,5-7-24_Cart69,0.3,1.8551651983528346,1.8333739349578764,1.8616791219439248
f52d8a46bd901b496b1d4ca3,5-7-24_train-ready_all_carts.csv,5-7-24_Cart69,0.35,2.13275289641795,2.1204138560013575,2.1961936851196353
f52d8a46bd901b496b1d4ca3,5-7-24_train-ready_all_carts.csv,5-7-24_Cart69,0.4,2.3973049764406507,2.390654034299259,2.404257896496279
f52d8a46bd901b496b1d4ca3,5-7-24_train-ready_all_carts.csv,5-7-24_Cart69,0.45,2.531313461174742,2.05031332580184,2.7656675783576508
f52d8a46bd901b496b1d4ca3,5-7-24_train-ready_all_carts.csv,5-7-24_Cart69,0.5,2.731486249706476,2.6910572065659,3.6505950288364013
f52d8a46bd901b496b1d4ca3,5-7-24_train-ready_all_carts.csv,5-7-24_Cart69,0.55,2.7997486857672786,2.798134232415003,2.8009874523104514
f52d8a46bd901b496b1d4ca3,5-7-24_train-ready_all_carts.csv,5-7-24_Cart69,0.6,3.0127891046275463,3.0112656160509492,3.0198149907752248
f52d8a46bd901b496b1d4ca3,5-7-24_train-ready_all_carts.csv,5-7-24_Cart69,0.65,2.638288494483273,2.6374981522865397,2.6391161482368646
f52d8a46bd901b496b1d4ca3,5-7-24_train-ready_all_carts.csv,5-7-24_Cart69,0.7,3.641593401474246,3.63962651675489,3.6449327572437427
f52d8a46bd901b496b1d4ca3,5-7-24_train-ready_all_carts.csv,5-7-24_Cart69,0.75,4.039335740359348,3.812453762400786,4.770526663239836
f52d8a46bd901b496b1d4ca3,5-7-24_train-ready_all_carts.csv,5-7-24_Cart69,0.8,3.9288638199455495,3.928253521723794,3.9293041305996863
f52d8a46bd901b496b1d4ca3,5-7-24_train-ready_all_carts.csv,5-7-24_Cart69,0.85,4.3295225169655005,4.2566460755021245,4.570334104725449
f52d8a46bd901b496b1d4ca3,5-7-24_train-ready_all_carts.csv,5-7-24_Cart69,0.9,4.53034440088148,4.492382720142534,4.574424377003726
f52d8a46bd901b496b1d4ca3,5-7-24_train-ready_all_carts.csv,5-7-24_Cart69,0.95,4.739403396645423,4.661732334417714,5.3036378445093915
f52d8a46bd901b496b1d4ca3,5-7-24_train-ready_all_carts.csv,5-7-24_Cart69,1.0,4.433253216126367,4.427224228497081,4.441649744886483
a49f4640406d111472485310,5-7-24_train-ready_all_carts.csv,5-7-24_Cart70,0.0,0.7451976235782272,0.7444506371096978,0.747034489951055
a49f4640406d111472485310,5-7-24_train-ready_all_carts.csv,5-7-24_Cart70,0.05,0.8192450364421265,0.8140550763605066,0.8233219837574276
a49f4640406d111472485310,5-7-24_train-ready_all_carts.csv,5-7-24_Cart70,0.1,1.0394113186678373,0.778885102793187,1.0545538558895016
a49f4640406d111472485310,5-7-24_train-ready_all_carts.csv,5-7-24_Cart70,0.15,1.1719186948884817,1.1653938222577704,1.1774585175465813
a49f4640406d111472485310,5-7-24_train-ready_all_carts.csv,5-7-24_Cart70,0.2,1.584061963631406,1.5800634923543508,1.9801309386090111
a49f4640406d111472485310,5-7-24_train-ready_all_carts.csv,5-7-24_Cart70,0.25,1.818309423943606,1.8017421952425283,1.8935052809194506
a49f4640406d111472485310,5-7-24_train-ready_all_carts.csv,5-7-24_Cart70,0.3,2.200409254163949,2.1111736825606284,2.3495031267099873
a49f4640406d111472485310,5-7-24_train-ready_all_carts.csv,5-7-24_Cart70,0.35,2.308133428992809,2.305253592646007,2.3113258225158195
a49f4640406d111472485310,5-7-24_train-ready_all_carts.csv,5-7-24_Cart70,0.4,2.670274577247274,2.658885595786287,2.6758588501389773
a49f4640406d111472485310,5-7-24_train-ready_all_carts.csv,5-7-24_Cart70,0.45,2.8052627333038185,2.7976619190502285,2.8077623122503725
a49f4640406d111472485310,5-7-24_train-ready_all_carts.csv,5-7-24_Cart70,0.5,3.129873594730193,3.128777272763053,3.134596212434795
a49f4640406d111472485310,5-7-24_train-ready_all_carts.csv,5-7-24_Cart70,0.55,3.1912137458189864,3.188304217418908,3.197992142904598
a49f4640406d111472485310,5-7-24_train-ready_all_carts.csv,5-7-24_Cart70,0.6,3.6782196411962467,3.298550284157435,3.8292096470932524
a49f4640406d111472485310,5-7-24_train-ready_all_carts.csv,5-7-24_Cart70,0.65,3.744112573787467,3.6938933557812645,3.780905185856045
a49f4640406d111472485310,5-7-24_train-ready_all_carts.csv,5-7-24_Cart70,0.7,4.158866634907266,4.146556965537871,4.168598834933937
a49f4640406d111472485310,5-7-24_train-ready_all_carts.csv,5-7-24_Cart70,0.75,4.191537263784863,4.184005321039465,4.195204554467677
a49f4640406d111472485310,5-7-24_train-ready_all_carts.csv,5-7-24_Cart70,0.8,4.679468473642935,4.66078168913872,4.690022622323923
a49f4640406d111472485310,5-7-24_train-ready_all_carts.csv,5-7-24_Cart70,0.85,5.0774954257747815,5.06446307408303,5.085940735902631
a49f4640406d111472485310,5-7-24_train-ready_all_carts.csv,5-7-24_Cart70,0.9,5.249436425572024,5.2283815387674215,5.7061974215524005
a49f4640406d111472485310,5-7-24_train-ready_all_carts.csv,5-7-24_Cart70,0.95,5.35623879977253,5.111887198150896,5.595606938708704
a49f4640406d111472485310,5-7-24_train-ready_all_carts.csv,5-7-24_Cart70,1.0,4.733188250032784,4.729229895237967,4.735439458174711
6fd315af8ffe94f1fdcbc700,5-7-24_train-ready_all_carts.csv,5-7-24_Cart74,0.0,0.4479627157942167,0.4427187111055189,0.4573994324565572
6fd315af8ffe94f1fdcbc700,5-7-24_train-ready_all_carts.csv,5-7-24_Cart74,0.05,0.9523803171535626,0.8701427665342796,1.0327620869530423
6fd315af8ffe94f1fdcbc700,5-7-24_train-ready_all_carts.csv,5-7-24_Cart74,0.1,1.228685197755338,1.2268828121637254,1.238323629724179
6fd315af8ffe94f1fdcbc700,5-7-24_train-ready_all_carts.csv,5-7-24_Cart74,0.15,1.6172909222890317,1.6016223892164547,1.6223943195434927
6fd315af8ffe94f1fdcbc700,5-7-24_train-ready_all_carts.csv,5-7-24_Cart74,0.2,2.074244912028828,2.072278187790449,2.075960085414395
6fd315af8ffe94f1fdcbc700,5-7-24_train-ready_all_carts.csv,5-7-24_Cart74,0.25,2.5885975855136327,2.4982546392549123,2.784362290472295
6fd315af8ffe94f1fdcbc700,5-7-24_train-ready_all_carts.csv,5-7-24_Cart74,0.3,2.926480216386856,2.9239842861090692,2.935393659812921
6fd315af8ffe94f1fdcbc700,5-7-24_train-ready_all_carts.csv,5-7-24_Cart74,0.35,3.352650077233434,3.335878042778237,3.4497665048283768
6fd315af8ffe94f1fdcbc700,5-7-24_train-ready_all_carts.csv,5-7-24_Cart74,0.4,3.727655443866493,3.7212302180741426,3.7304189435655495
6fd315af8ffe94f1fdcbc700,5-7-24_train-ready_all_carts.csv,5-7-24_Cart74,0.45,3.917787545531287,3.795738512772579,3.9797194841497365
6fd315af8ffe94f1fdcbc700,5-7-24_train-ready_all_carts.csv,5-7-24_Cart74,0.5,4.674668464824685,4.563691229271597,4.995550648322115
6fd315af8ffe94f1fdcbc700,5-7-24_train-ready_all_carts.csv,5-7-24_Cart74,0.55,0.4806987369179826,0.47791269256702384,0.48676502812082617
6fd315af8ffe94f1fdcbc700,5-7-24_train-ready_all_carts.csv,5-7-24_Cart74,0.6,1.0172353478753289,1.0110901503908245,1.0197929793056915
6fd315af8ffe94f1fdcbc700,5-7-24_train-ready_all_carts.csv,5-7-24_Cart74,0.65,1.4701645239701284,1.4672586369958958,1.471578904236884
6fd315af8ffe94f1fdcbc700,5-7-24_train-ready_all_carts.csv,5-7-24_Cart74,0.7,2.1648103384050126,1.8987662408206631,2.289705930106629
6fd315af8ffe94f1fdcbc700,5-7-24_train-ready_all_carts.csv,5-7-24_Cart74,0.75,1.960916506594384,1.957969089998225,1.9696489995249125
6fd315af8ffe94f1fdcbc700,5-7-24_train-ready_all_carts.csv,5-7-24_Cart74,0.8,2.4580379466615465,2.307345933660092,3.049464852199538
6fd315af8ffe94f1fdcbc700,5-7-24_train-ready_all_carts.csv,5-7-24_Cart74,0.85,3.171094435776788,2.923376173788002,3.251212789117191
6fd315af8ffe94f1fdcbc700,5-7-24_train-ready_all_carts.csv,5-7-24_Cart74,0.9,3.557977274280842,3.4588686113940517,4.101760210984059
6fd315af8ffe94f1fdcbc700,5-7-24_train-ready_all_carts.csv,5-7-24_Cart74,0.95,3.978038721022338,3.975919523743456,4.041854324635312
6fd315af8ffe94f1fdcbc700,5-7-24_train-ready_all_carts.csv,5-7-24_Cart74,1.0,4.370054620796515,4.323968309424144,4.430523530162523
40106753650c8dcf9ac8f4cb,5-7-24_train-ready_all_carts.csv,5-7-24_Cart75,0.0,0.7341452068659171,0.6755965044363821,0.7689911823853748
40106753650c8dcf9ac8f4cb,5-7-24_train-ready_all_carts.csv,5-7-24_Cart75,0.05,0.9791819537553879,0.9432567294548702,1.1347443680145672
40106753650c8dcf9ac8f4cb,5-7-24_train-ready_all_carts.csv,5-7-24_Cart75,0.1,1.3050717020630167,0.7000217194729705,1.5366672555837275
40106753650c8dcf9ac8f4cb,5-7-24_train-ready_all_carts.csv,5-7-24_Cart75,0.15,0.9385912811686838,0.9351668799718671,0.9452029244282546
40106753650c8dcf9ac8f4cb,5-7-24_train-ready_all_carts.csv,5-7-24_Cart75,0.2,0.9796869965596471,0.9777564935167344,0.9896058130648632
40106753650c8dcf9ac8f4cb,5-7-24_train-ready_all_carts.csv,5-7-24_Cart75,0.25,1.7920147216453222,1.7733156107163461,1.9866896022677731
40106753650c8dcf9ac8f4cb,5-7-24_train-ready_all_carts.csv,5-7-24_Cart75,0.3,2.16572661705286,2.14829538773301,2.1868527026064823
40106753650c8dcf9ac8f4cb,5-7-24_train-ready_all_carts.csv,5-7-24_Cart75,0.35,2.1021650680948882,2.0929303670122565,2.1096932387724747
40106753650c8dcf9ac8f4cb,5-7-24_train-ready_all_carts.csv,5-7-24_Cart75,0.4,2.753596441210604,2.7234659567303914,2.8046505985278483
40106753650c8dcf9ac8f4cb,5-7-24_train-ready_all_carts.csv,5-7-24_Cart75,0.45,2.9946139440599127,2.8892598393195654,3.069751918027263
40106753650c8dcf9ac8f4cb,5-7-24_train-ready_all_carts.csv,5-7-24_Cart75,0.5,3.3043370480327683,3.1339009253907113,3.6545492885716295
40106753650c8dcf9ac8f4cb,5-7-24_train-ready_all_carts.csv,5-7-24_Cart75,0.55,3.323623617367222,3.2939302652358653,3.3583425409958427
40106753650c8dcf9ac8f4cb,5-7-24_train-ready_all_carts.csv,5-7-24_Cart75,0.6,3.508188411357151,3.5071018440707027,3.514620190808626
40106753650c8dcf9ac8f4cb,5-7-24_train-ready_all_carts.csv,5-7-24_Cart75,0.65,3.6827710277276497,3.677731214814494,3.6861381995309808
40106753650c8dcf9ac8f4cb,5-7-24_train-ready_all_carts.csv,5-7-24_Cart75,0.7,3.941056247343994,2.828106737959085,4.154097411731465
40106753650c8dcf9ac8f4cb,5-7-24_train-ready_all_carts.csv,5-7-24_Cart75,0.75,4.337654625547153,4.332848147684165,4.342025949035715
40106753650c8dcf9ac8f4cb,5-7-24_train-ready_all_carts.csv,5-7-24_Cart75,0.8,4.535260864273699,4.529738030004929,4.539724493235624
40106753650c8dcf9ac8f4cb,5-7-24_train-ready_all_carts.csv,5-7-24_Cart75,0.85,4.6817747048440355,4.671014260219189,4.696074141317631
40106753650c8dcf9ac8f4cb,5-7-24_train-ready_all_carts.csv,5-7-24_Cart75,0.9,4.876632877763592,4.869364085466157,4.890423711078957
40106753650c8dcf9ac8f4cb,5-7-24_train-ready_all_carts.csv,5-7-24_Cart75,0.95,5.090089284916238,5.086887405842708,5.094604011550919
40106753650c8dcf9ac8f4cb,5-7-24_train-ready_all_carts.csv,5-7-24_Cart75,1.0,5.195506091445991,5.1917759613348995,5.206568572766178
af1044fdf95a841d28e22817,5-7-24_train-ready_all_carts.csv,5-7-24_Cart8,0.0,0.5705992773142998,0.5609979788966134,0.5759601692130163
af1044fdf95a841d28e22817,5-7-24_train-ready_all_carts.csv,5-7-24_Cart8,0.05,0.5624491640661009,0.5457615786350988,0.5715846046741777
af1044fdf95a841d28e22817,5-7-24_train-ready_all_carts.csv,5-7-24_Cart8,0.1,1.1852708636397138,0.995596644831697,1.3072692327797355
af1044fdf95a841d28e22817,5-7-24_train-ready_all_carts.csv,5-7-24_Cart8,0.15,1.4705124119762034,1.2613409010594296,1.844526481396794
af1044fdf95a841d28e22817,5-7-24_train-ready_all_carts.csv,5-7-24_Cart8,0.2,1.2959333970348317,1.2924460943885747,1.3319017960091566
af1044fdf95a841d28e22817,5-7-24_train-ready_all_carts.csv,5-7-24_Cart8,0.25,1.3194537141625446,1.3115694587145974,1.3274332292086295
af1044fdf95a841d28e22817,5-7-24_train-ready_all_carts.csv,5-7-24_Cart8,0.3,1.4664356623497676,1.4602692399393158,1.4719611705090092
af1044fdf95a841d28e22817,5-7-24_train-ready_all_carts.csv,5-7-24_Cart8,0.35,1.8306760857148097,1.8222202162446288,1.8317252956961867
af1044fdf95a841d28e22817,5-7-24_train-ready_all_carts.csv,5-7-24_Cart8,0.4,2.1532178615303845,2.1418369919233284,2.172772715718586
af1044fdf95a841d28e22817,5-7-24_train-ready_all_carts.csv,5-7-24_Cart8,0.45,3.1608161028115105,3.0981518222267876,3.1792845009669284
af1044fdf95a841d28e22817,5-7-24_train-ready_all_carts.csv,5-7-24_Cart8,0.5,2.8682969017642623,2.8671757956169923,2.873393008097541
af1044fdf95a841d28e22817,5-7-24_train-ready_all_carts.csv,5-7-24_Cart8,0.55,2.9661704955090076,2.9628280009959376,2.968530540766172
af1044fdf95a841d28e22817,5-7-24_train-ready_all_carts.csv,5-7-24_Cart8,0.6,2.9777844915378076,2.641661563845173,3.3214163924937865
af1044fdf95a841d28e22817,5-7-24_train-ready_all_carts.csv,5-7-24_Cart8,0.65,3.6290023549684256,3.6138894310106573,4.229488669749684
af1044fdf95a841d28e22817,5-7-24_train-ready_all_carts.csv,5-7-24_Cart8,0.7,3.7423511187375524,3.726991975806636,3.7497148324004184
af1044fdf95a841d28e22817,5-7-24_train-ready_all_carts.csv,5-7-24_Cart8,0.75,3.9566569978404105,3.952945823851849,3.960094921251852
af1044fdf95a841d28e22817,5-7-24_train-ready_all_carts.csv,5-7-24_Cart8,0.8,4.0050136592454555,4.001194810308288,4.006794471969871
af1044fdf95a841d28e22817,5-7-24_train-ready_all_carts.csv,5-7-24_Cart8,0.85,4.342214577959189,4.329492229734055,4.348977670826456
af1044fdf95a841d28e22817,5-7-24_train-ready_all_carts.csv,5-7-24_Cart8,0.9,3.7128285439926225,3.70469818243835,3.7625101490262587
af1044fdf95a841d28e22817,5-7-24_train-ready_all_carts.csv,5-7-24_Cart8,0.95,3.762751796893097,3.7501782071399354,3.7757456462596046
af1044fdf95a841d28e22817,5-7-24_train-ready_all_carts.csv,5-7-24_Cart8,1.0,4.175863554373498,3.928941703089758,4.285377667850317
