product,design,lost_report,market,lower_share,upper_share,reference_share,lower_kg,upper_kg,status_5pct,status_10pct,status_25pct,status_50pct
Amarante,seven_individual_markets,none,Bifouiti,0.12247714335000863,0.12247714335000863,0.12247714335000863,426.0,426.0,above,above,below,below
Amarante,seven_individual_markets,none,Bourreau,0.03732534069346213,0.03732534069346213,0.03732534069346213,129.825,129.825,below,below,below,below
Amarante,seven_individual_markets,none,Commission,0.0,0.23041371974009542,0.009056408487148525,0.0,801.4249999999998,unresolved,unresolved,below,below
Amarante,seven_individual_markets,none,Kintele,0.0,0.23041371974009542,0.0409694669656719,0.0,801.4249999999998,unresolved,unresolved,below,below
Amarante,seven_individual_markets,none,Madibou,0.0184003220056351,0.0184003220056351,0.0184003220056351,64.0,64.0,below,below,below,below
Amarante,seven_individual_markets,none,Mikalou,0.15311799206486115,0.15311799206486115,0.15311799206486115,532.575,532.575,above,above,below,below
Amarante,seven_individual_markets,none,Mokoundzi-ngouaka,0.0,0.23041371974009542,0.08587775286067506,0.0,801.4249999999998,unresolved,unresolved,below,below
Amarante,seven_individual_markets,none,Moungali,0.0,0.23041371974009542,0.02052785923753665,0.0,801.4249999999998,unresolved,unresolved,below,below
Amarante,seven_individual_markets,none,Ouenze,0.08646713817491807,0.08646713817491807,0.08646713817491807,300.75,300.75,above,below,below,below
Amarante,seven_individual_markets,none,Plateaux des 15 ans,0.0,0.23041371974009542,0.010781438675176816,0.0,801.4249999999998,unresolved,unresolved,below,below
Amarante,seven_individual_markets,none,Poto-poto,0.0,0.23041371974009542,0.036829394514404,0.0,801.4249999999998,unresolved,unresolved,below,below
Amarante,seven_individual_markets,none,Talangai,0.0,0.23041371974009542,0.02637139899948249,0.0,801.4249999999998,unresolved,unresolved,below,below
Amarante,seven_individual_markets,none,Texaco,0.05735725375194066,0.05735725375194066,0.05735725375194066,199.5,199.5,above,below,below,below
Amarante,seven_individual_markets,none,Total,0.29444109021907894,0.29444109021907894,0.29444109021907894,1024.1250000000002,1024.1250000000002,above,above,above,below
Amarante,seven_individual_markets,market:Madibou,Bifouiti,0.12247714335000863,0.12247714335000863,0.12247714335000863,426.0,426.0,above,above,below,below
Amarante,seven_individual_markets,market:Madibou,Bourreau,0.03732534069346213,0.03732534069346213,0.03732534069346213,129.825,129.825,below,below,below,below
Amarante,seven_individual_markets,market:Madibou,Commission,0.0,0.24881404174573052,0.009056408487148525,0.0,865.4249999999998,unresolved,unresolved,below,below
Amarante,seven_individual_markets,market:Madibou,Kintele,0.0,0.24881404174573052,0.0409694669656719,0.0,865.4249999999998,unresolved,unresolved,below,below
Amarante,seven_individual_markets,market:Madibou,Madibou,0.0,0.24881404174573052,0.0184003220056351,0.0,865.4249999999998,unresolved,unresolved,below,below
Amarante,seven_individual_markets,market:Madibou,Mikalou,0.15311799206486115,0.15311799206486115,0.15311799206486115,532.575,532.575,above,above,below,below
Amarante,seven_individual_markets,market:Madibou,Mokoundzi-ngouaka,0.0,0.24881404174573052,0.08587775286067506,0.0,865.4249999999998,unresolved,unresolved,below,below
Amarante,seven_individual_markets,market:Madibou,Moungali,0.0,0.24881404174573052,0.02052785923753665,0.0,865.4249999999998,unresolved,unresolved,below,below
Amarante,seven_individual_markets,market:Madibou,Ouenze,0.08646713817491807,0.08646713817491807,0.08646713817491807,300.75,300.75,above,below,below,below
Amarante,seven_individual_markets,market:Madibou,Plateaux des 15 ans,0.0,0.24881404174573052,0.010781438675176816,0.0,865.4249999999998,unresolved,unresolved,below,below
Amarante,seven_individual_markets,market:Madibou,Poto-poto,0.0,0.24881404174573052,0.036829394514404,0.0,865.4249999999998,unresolved,unresolved,below,below
Amarante,seven_individual_markets,market:Madibou,Talangai,0.0,0.24881404174573052,0.02637139899948249,0.0,865.4249999999998,unresolved,unresolved,below,below
Amarante,seven_individual_markets,market:Madibou,Texaco,0.05735725375194066,0.05735725375194066,0.05735725375194066,199.5,199.5,above,below,below,below
Amarante,seven_individual_markets,market:Madibou,Total,0.29444109021907894,0.29444109021907894,0.29444109021907894,1024.1250000000002,1024.1250000000002,above,above,above,below
Amarante,seven_individual_markets,market:Total,Bifouiti,0.12247714335000863,0.12247714335000863,0.12247714335000863,426.0,426.0,above,above,below,below
Amarante,seven_individual_markets,market:Total,Bourreau,0.03732534069346213,0.03732534069346213,0.03732534069346213,129.825,129.825,below,below,below,below
Amarante,seven_individual_markets,market:Total,Commission,0.0,0.5248548099591743,0.009056408487148525,0.0,1825.55,unresolved,unresolved,unresolved,unresolved
Amarante,seven_individual_markets,market:Total,Kintele,0.0,0.5248548099591743,0.0409694669656719,0.0,1825.55,unresolved,unresolved,unresolved,unresolved
Amarante,seven_individual_markets,market:Total,Madibou,0.0184003220056351,0.0184003220056351,0.0184003220056351,64.0,64.0,below,below,below,below
Amarante,seven_individual_markets,market:Total,Mikalou,0.15311799206486115,0.15311799206486115,0.15311799206486115,532.575,532.575,above,above,below,below
Amarante,seven_individual_markets,market:Total,Mokoundzi-ngouaka,0.0,0.5248548099591743,0.08587775286067506,0.0,1825.55,unresolved,unresolved,unresolved,unresolved
Amarante,seven_individual_markets,market:Total,Moungali,0.0,0.5248548099591743,0.02052785923753665,0.0,1825.55,unresolved,unresolved,unresolved,unresolved
Amarante,seven_individual_markets,market:Total,Ouenze,0.08646713817491807,0.08646713817491807,0.08646713817491807,300.75,300.75,above,below,below,below
Amarante,seven_individual_markets,market:Total,Plateaux des 15 ans,0.0,0.5248548099591743,0.010781438675176816,0.0,1825.55,unresolved,unresolved,unresolved,unresolved
Amarante,seven_individual_markets,market:Total,Poto-poto,0.0,0.5248548099591743,0.036829394514404,0.0,1825.55,unresolved,unresolved,unresolved,unresolved
Amarante,seven_individual_markets,market:Total,Talangai,0.0,0.5248548099591743,0.02637139899948249,0.0,1825.55,unresolved,unresolved,unresolved,unresolved
Amarante,seven_individual_markets,market:Total,Texaco,0.05735725375194066,0.05735725375194066,0.05735725375194066,199.5,199.5,above,below,below,below
Amarante,seven_individual_markets,market:Total,Total,0.0,0.5248548099591743,0.29444109021907894,0.0,1825.55,unresolved,unresolved,unresolved,unresolved
Amarante,seven_individual_markets,market:Ouenze,Bifouiti,0.12247714335000863,0.12247714335000863,0.12247714335000863,426.0,426.0,above,above,below,below
Amarante,seven_individual_markets,market:Ouenze,Bourreau,0.03732534069346213,0.03732534069346213,0.03732534069346213,129.825,129.825,below,below,below,below
Amarante,seven_individual_markets,market:Ouenze,Commission,0.0,0.31688085791501347,0.009056408487148525,0.0,1102.1749999999997,unresolved,unresolved,unresolved,below
Amarante,seven_individual_markets,market:Ouenze,Kintele,0.0,0.31688085791501347,0.0409694669656719,0.0,1102.1749999999997,unresolved,unresolved,unresolved,below
Amarante,seven_individual_markets,market:Ouenze,Madibou,0.0184003220056351,0.0184003220056351,0.0184003220056351,64.0,64.0,below,below,below,below
Amarante,seven_individual_markets,market:Ouenze,Mikalou,0.15311799206486115,0.15311799206486115,0.15311799206486115,532.575,532.575,above,above,below,below
Amarante,seven_individual_markets,market:Ouenze,Mokoundzi-ngouaka,0.0,0.31688085791501347,0.08587775286067506,0.0,1102.1749999999997,unresolved,unresolved,unresolved,below
Amarante,seven_individual_markets,market:Ouenze,Moungali,0.0,0.31688085791501347,0.02052785923753665,0.0,1102.1749999999997,unresolved,unresolved,unresolved,below
Amarante,seven_individual_markets,market:Ouenze,Ouenze,0.0,0.31688085791501347,0.08646713817491807,0.0,1102.1749999999997,unresolved,unresolved,unresolved,below
Amarante,seven_individual_markets,market:Ouenze,Plateaux des 15 ans,0.0,0.31688085791501347,0.010781438675176816,0.0,1102.1749999999997,unresolved,unresolved,unresolved,below
Amarante,seven_individual_markets,market:Ouenze,Poto-poto,0.0,0.31688085791501347,0.036829394514404,0.0,1102.1749999999997,unresolved,unresolved,unresolved,below
Amarante,seven_individual_markets,market:Ouenze,Talangai,0.0,0.31688085791501347,0.02637139899948249,0.0,1102.1749999999997,unresolved,unresolved,unresolved,below
Amarante,seven_individual_markets,market:Ouenze,Texaco,0.05735725375194066,0.05735725375194066,0.05735725375194066,199.5,199.5,above,below,below,below
Amarante,seven_individual_markets,market:Ouenze,Total,0.29444109021907894,0.29444109021907894,0.29444109021907894,1024.1250000000002,1024.1250000000002,above,above,above,below
Amarante,seven_individual_markets,market:Texaco,Bifouiti,0.12247714335000863,0.12247714335000863,0.12247714335000863,426.0,426.0,above,above,below,below
Amarante,seven_individual_markets,market:Texaco,Bourreau,0.03732534069346213,0.03732534069346213,0.03732534069346213,129.825,129.825,below,below,below,below
Amarante,seven_individual_markets,market:Texaco,Commission,0.0,0.28777097349203606,0.009056408487148525,0.0,1000.9249999999998,unresolved,unresolved,unresolved,below
Amarante,seven_individual_markets,market:Texaco,Kintele,0.0,0.28777097349203606,0.0409694669656719,0.0,1000.9249999999998,unresolved,unresolved,unresolved,below
Amarante,seven_individual_markets,market:Texaco,Madibou,0.0184003220056351,0.0184003220056351,0.0184003220056351,64.0,64.0,below,below,below,below
Amarante,seven_individual_markets,market:Texaco,Mikalou,0.15311799206486115,0.15311799206486115,0.15311799206486115,532.575,532.575,above,above,below,below
Amarante,seven_individual_markets,market:Texaco,Mokoundzi-ngouaka,0.0,0.28777097349203606,0.08587775286067506,0.0,1000.9249999999998,unresolved,unresolved,unresolved,below
Amarante,seven_individual_markets,market:Texaco,Moungali,0.0,0.28777097349203606,0.02052785923753665,0.0,1000.9249999999998,unresolved,unresolved,unresolved,below
Amarante,seven_individual_markets,market:Texaco,Ouenze,0.08646713817491807,0.08646713817491807,0.08646713817491807,300.75,300.75,above,below,below,below
Amarante,seven_individual_markets,market:Texaco,Plateaux des 15 ans,0.0,0.28777097349203606,0.010781438675176816,0.0,1000.9249999999998,unresolved,unresolved,unresolved,below
Amarante,seven_individual_markets,market:Texaco,Poto-poto,0.0,0.28777097349203606,0.036829394514404,0.0,1000.9249999999998,unresolved,unresolved,unresolved,below
Amarante,seven_individual_markets,market:Texaco,Talangai,0.0,0.28777097349203606,0.02637139899948249,0.0,1000.9249999999998,unresolved,unresolved,unresolved,below
Amarante,seven_individual_markets,market:Texaco,Texaco,0.0,0.28777097349203606,0.05735725375194066,0.0,1000.9249999999998,unresolved,unresolved,unresolved,below
Amarante,seven_individual_markets,market:Texaco,Total,0.29444109021907894,0.29444109021907894,0.29444109021907894,1024.1250000000002,1024.1250000000002,above,above,above,below
Amarante,seven_individual_markets,market:Mikalou,Bifouiti,0.12247714335000863,0.12247714335000863,0.12247714335000863,426.0,426.0,above,above,below,below
Amarante,seven_individual_markets,market:Mikalou,Bourreau,0.03732534069346213,0.03732534069346213,0.03732534069346213,129.825,129.825,below,below,below,below
Amarante,seven_individual_markets,market:Mikalou,Commission,0.0,0.3835317118049566,0.009056408487148525,0.0,1334.0,unresolved,unresolved,unresolved,below
Amarante,seven_individual_markets,market:Mikalou,Kintele,0.0,0.3835317118049566,0.0409694669656719,0.0,1334.0,unresolved,unresolved,unresolved,below
Amarante,seven_individual_markets,market:Mikalou,Madibou,0.0184003220056351,0.0184003220056351,0.0184003220056351,64.0,64.0,below,below,below,below
Amarante,seven_individual_markets,market:Mikalou,Mikalou,0.0,0.3835317118049566,0.15311799206486115,0.0,1334.0,unresolved,unresolved,unresolved,below
Amarante,seven_individual_markets,market:Mikalou,Mokoundzi-ngouaka,0.0,0.3835317118049566,0.08587775286067506,0.0,1334.0,unresolved,unresolved,unresolved,below
Amarante,seven_individual_markets,market:Mikalou,Moungali,0.0,0.3835317118049566,0.02052785923753665,0.0,1334.0,unresolved,unresolved,unresolved,below
Amarante,seven_individual_markets,market:Mikalou,Ouenze,0.08646713817491807,0.08646713817491807,0.08646713817491807,300.75,300.75,above,below,below,below
Amarante,seven_individual_markets,market:Mikalou,Plateaux des 15 ans,0.0,0.3835317118049566,0.010781438675176816,0.0,1334.0,unresolved,unresolved,unresolved,below
Amarante,seven_individual_markets,market:Mikalou,Poto-poto,0.0,0.3835317118049566,0.036829394514404,0.0,1334.0,unresolved,unresolved,unresolved,below
Amarante,seven_individual_markets,market:Mikalou,Talangai,0.0,0.3835317118049566,0.02637139899948249,0.0,1334.0,unresolved,unresolved,unresolved,below
Amarante,seven_individual_markets,market:Mikalou,Texaco,0.05735725375194066,0.05735725375194066,0.05735725375194066,199.5,199.5,above,below,below,below
Amarante,seven_individual_markets,market:Mikalou,Total,0.29444109021907894,0.29444109021907894,0.29444109021907894,1024.1250000000002,1024.1250000000002,above,above,above,below
Amarante,seven_individual_markets,market:Bifouiti,Bifouiti,0.0,0.35289086309010403,0.12247714335000863,0.0,1227.4249999999997,unresolved,unresolved,unresolved,below
Amarante,seven_individual_markets,market:Bifouiti,Bourreau,0.03732534069346213,0.03732534069346213,0.03732534069346213,129.825,129.825,below,below,below,below
Amarante,seven_individual_markets,market:Bifouiti,Commission,0.0,0.35289086309010403,0.009056408487148525,0.0,1227.4249999999997,unresolved,unresolved,unresolved,below
Amarante,seven_individual_markets,market:Bifouiti,Kintele,0.0,0.35289086309010403,0.0409694669656719,0.0,1227.4249999999997,unresolved,unresolved,unresolved,below
Amarante,seven_individual_markets,market:Bifouiti,Madibou,0.0184003220056351,0.0184003220056351,0.0184003220056351,64.0,64.0,below,below,below,below
Amarante,seven_individual_markets,market:Bifouiti,Mikalou,0.15311799206486115,0.15311799206486115,0.15311799206486115,532.575,532.575,above,above,below,below
Amarante,seven_individual_markets,market:Bifouiti,Mokoundzi-ngouaka,0.0,0.35289086309010403,0.08587775286067506,0.0,1227.4249999999997,unresolved,unresolved,unresolved,below
Amarante,seven_individual_markets,market:Bifouiti,Moungali,0.0,0.35289086309010403,0.02052785923753665,0.0,1227.4249999999997,unresolved,unresolved,unresolved,below
Amarante,seven_individual_markets,market:Bifouiti,Ouenze,0.08646713817491807,0.08646713817491807,0.08646713817491807,300.75,300.75,above,below,below,below
Amarante,seven_individual_markets,market:Bifouiti,Plateaux des 15 ans,0.0,0.35289086309010403,0.010781438675176816,0.0,1227.4249999999997,unresolved,unresolved,unresolved,below
Amarante,seven_individual_markets,market:Bifouiti,Poto-poto,0.0,0.35289086309010403,0.036829394514404,0.0,1227.4249999999997,unresolved,unresolved,unresolved,below
Amarante,seven_individual_markets,market:Bifouiti,Talangai,0.0,0.35289086309010403,0.02637139899948249,0.0,1227.4249999999997,unresolved,unresolved,unresolved,below
Amarante,seven_individual_markets,market:Bifouiti,Texaco,0.05735725375194066,0.05735725375194066,0.05735725375194066,199.5,199.5,above,below,below,below
Amarante,seven_individual_markets,market:Bifouiti,Total,0.29444109021907894,0.29444109021907894,0.29444109021907894,1024.1250000000002,1024.1250000000002,above,above,above,below
Amarante,seven_individual_markets,market:Bourreau,Bifouiti,0.12247714335000863,0.12247714335000863,0.12247714335000863,426.0,426.0,above,above,below,below
Amarante,seven_individual_markets,market:Bourreau,Bourreau,0.0,0.26773906043355755,0.03732534069346213,0.0,931.2499999999998,unresolved,unresolved,unresolved,below
Amarante,seven_individual_markets,market:Bourreau,Commission,0.0,0.26773906043355755,0.009056408487148525,0.0,931.2499999999998,unresolved,unresolved,unresolved,below
Amarante,seven_individual_markets,market:Bourreau,Kintele,0.0,0.26773906043355755,0.0409694669656719,0.0,931.2499999999998,unresolved,unresolved,unresolved,below
Amarante,seven_individual_markets,market:Bourreau,Madibou,0.0184003220056351,0.0184003220056351,0.0184003220056351,64.0,64.0,below,below,below,below
Amarante,seven_individual_markets,market:Bourreau,Mikalou,0.15311799206486115,0.15311799206486115,0.15311799206486115,532.575,532.575,above,above,below,below
Amarante,seven_individual_markets,market:Bourreau,Mokoundzi-ngouaka,0.0,0.26773906043355755,0.08587775286067506,0.0,931.2499999999998,unresolved,unresolved,unresolved,below
Amarante,seven_individual_markets,market:Bourreau,Moungali,0.0,0.26773906043355755,0.02052785923753665,0.0,931.2499999999998,unresolved,unresolved,unresolved,below
Amarante,seven_individual_markets,market:Bourreau,Ouenze,0.08646713817491807,0.08646713817491807,0.08646713817491807,300.75,300.75,above,below,below,below
Amarante,seven_individual_markets,market:Bourreau,Plateaux des 15 ans,0.0,0.26773906043355755,0.010781438675176816,0.0,931.2499999999998,unresolved,unresolved,unresolved,below
Amarante,seven_individual_markets,market:Bourreau,Poto-poto,0.0,0.26773906043355755,0.036829394514404,0.0,931.2499999999998,unresolved,unresolved,unresolved,below
Amarante,seven_individual_markets,market:Bourreau,Talangai,0.0,0.26773906043355755,0.02637139899948249,0.0,931.2499999999998,unresolved,unresolved,unresolved,below
Amarante,seven_individual_markets,market:Bourreau,Texaco,0.05735725375194066,0.05735725375194066,0.05735725375194066,199.5,199.5,above,below,below,below
Amarante,seven_individual_markets,market:Bourreau,Total,0.29444109021907894,0.29444109021907894,0.29444109021907894,1024.1250000000002,1024.1250000000002,above,above,above,below
Amarante,seven_paired_market_groups,none,Bifouiti,0.0,0.15930653786441262,0.12247714335000863,0.0,554.0999999999999,unresolved,unresolved,below,below
Amarante,seven_paired_market_groups,none,Bourreau,0.0,0.06369673969294462,0.03732534069346213,0.0,221.54999999999995,unresolved,below,below,below
Amarante,seven_paired_market_groups,none,Commission,0.0,0.30349749870622744,0.009056408487148525,0.0,1055.6250000000002,unresolved,unresolved,unresolved,below
Amarante,seven_paired_market_groups,none,Kintele,0.0,0.12743660514058996,0.0409694669656719,0.0,443.25,unresolved,unresolved,below,below
Amarante,seven_paired_market_groups,none,Madibou,0.0,0.029181760680811915,0.0184003220056351,0.0,101.5,below,below,below,below
Amarante,seven_paired_market_groups,none,Mikalou,0.0,0.2389957449255362,0.15311799206486115,0.0,831.275,unresolved,unresolved,below,below
Amarante,seven_paired_market_groups,none,Mokoundzi-ngouaka,0.0,0.2389957449255362,0.08587775286067506,0.0,831.275,unresolved,unresolved,below,below
Amarante,seven_paired_market_groups,none,Moungali,0.0,0.07788511298947731,0.02052785923753665,0.0,270.9,unresolved,below,below,below
Amarante,seven_paired_market_groups,none,Ouenze,0.0,0.12743660514058996,0.08646713817491807,0.0,443.25,unresolved,unresolved,below,below
Amarante,seven_paired_market_groups,none,Plateaux des 15 ans,0.0,0.029181760680811915,0.010781438675176816,0.0,101.5,below,below,below,below
Amarante,seven_paired_market_groups,none,Poto-poto,0.0,0.15930653786441262,0.036829394514404,0.0,554.0999999999999,unresolved,unresolved,below,below
Amarante,seven_paired_market_groups,none,Talangai,0.0,0.06369673969294462,0.02637139899948249,0.0,221.54999999999995,unresolved,below,below,below
Amarante,seven_paired_market_groups,none,Texaco,0.0,0.07788511298947731,0.05735725375194066,0.0,270.9,unresolved,below,below,below
Amarante,seven_paired_market_groups,none,Total,0.0,0.30349749870622744,0.29444109021907894,0.0,1055.6250000000002,unresolved,unresolved,unresolved,below
Amarante,seven_paired_market_groups,pair:Madibou|Plateaux des 15 ans,Bifouiti,0.0,0.15930653786441262,0.12247714335000863,0.0,554.0999999999999,unresolved,unresolved,below,below
Amarante,seven_paired_market_groups,pair:Madibou|Plateaux des 15 ans,Bourreau,0.0,0.06369673969294462,0.03732534069346213,0.0,221.54999999999995,unresolved,below,below,below
Amarante,seven_paired_market_groups,pair:Madibou|Plateaux des 15 ans,Commission,0.0,0.30349749870622744,0.009056408487148525,0.0,1055.6250000000002,unresolved,unresolved,unresolved,below
Amarante,seven_paired_market_groups,pair:Madibou|Plateaux des 15 ans,Kintele,0.0,0.12743660514058996,0.0409694669656719,0.0,443.25,unresolved,unresolved,below,below
Amarante,seven_paired_market_groups,pair:Madibou|Plateaux des 15 ans,Madibou,0.0,0.029181760680811915,0.0184003220056351,0.0,101.5,below,below,below,below
Amarante,seven_paired_market_groups,pair:Madibou|Plateaux des 15 ans,Mikalou,0.0,0.2389957449255362,0.15311799206486115,0.0,831.275,unresolved,unresolved,below,below
Amarante,seven_paired_market_groups,pair:Madibou|Plateaux des 15 ans,Mokoundzi-ngouaka,0.0,0.2389957449255362,0.08587775286067506,0.0,831.275,unresolved,unresolved,below,below
Amarante,seven_paired_market_groups,pair:Madibou|Plateaux des 15 ans,Moungali,0.0,0.07788511298947731,0.02052785923753665,0.0,270.9,unresolved,below,below,below
Amarante,seven_paired_market_groups,pair:Madibou|Plateaux des 15 ans,Ouenze,0.0,0.12743660514058996,0.08646713817491807,0.0,443.25,unresolved,unresolved,below,below
Amarante,seven_paired_market_groups,pair:Madibou|Plateaux des 15 ans,Plateaux des 15 ans,0.0,0.029181760680811915,0.010781438675176816,0.0,101.5,below,below,below,below
Amarante,seven_paired_market_groups,pair:Madibou|Plateaux des 15 ans,Poto-poto,0.0,0.15930653786441262,0.036829394514404,0.0,554.0999999999999,unresolved,unresolved,below,below
Amarante,seven_paired_market_groups,pair:Madibou|Plateaux des 15 ans,Talangai,0.0,0.06369673969294462,0.02637139899948249,0.0,221.54999999999995,unresolved,below,below,below
Amarante,seven_paired_market_groups,pair:Madibou|Plateaux des 15 ans,Texaco,0.0,0.07788511298947731,0.05735725375194066,0.0,270.9,unresolved,below,below,below
Amarante,seven_paired_market_groups,pair:Madibou|Plateaux des 15 ans,Total,0.0,0.30349749870622744,0.29444109021907894,0.0,1055.6250000000002,unresolved,unresolved,unresolved,below
Amarante,seven_paired_market_groups,pair:Total|Commission,Bifouiti,0.0,0.15930653786441262,0.12247714335000863,0.0,554.0999999999999,unresolved,unresolved,below,below
Amarante,seven_paired_market_groups,pair:Total|Commission,Bourreau,0.0,0.06369673969294462,0.03732534069346213,0.0,221.54999999999995,unresolved,below,below,below
Amarante,seven_paired_market_groups,pair:Total|Commission,Commission,0.0,0.30349749870622744,0.009056408487148525,0.0,1055.6250000000002,unresolved,unresolved,unresolved,below
Amarante,seven_paired_market_groups,pair:Total|Commission,Kintele,0.0,0.12743660514058996,0.0409694669656719,0.0,443.25,unresolved,unresolved,below,below
Amarante,seven_paired_market_groups,pair:Total|Commission,Madibou,0.0,0.029181760680811915,0.0184003220056351,0.0,101.5,below,below,below,below
Amarante,seven_paired_market_groups,pair:Total|Commission,Mikalou,0.0,0.2389957449255362,0.15311799206486115,0.0,831.275,unresolved,unresolved,below,below
Amarante,seven_paired_market_groups,pair:Total|Commission,Mokoundzi-ngouaka,0.0,0.2389957449255362,0.08587775286067506,0.0,831.275,unresolved,unresolved,below,below
Amarante,seven_paired_market_groups,pair:Total|Commission,Moungali,0.0,0.07788511298947731,0.02052785923753665,0.0,270.9,unresolved,below,below,below
Amarante,seven_paired_market_groups,pair:Total|Commission,Ouenze,0.0,0.12743660514058996,0.08646713817491807,0.0,443.25,unresolved,unresolved,below,below
Amarante,seven_paired_market_groups,pair:Total|Commission,Plateaux des 15 ans,0.0,0.029181760680811915,0.010781438675176816,0.0,101.5,below,below,below,below
Amarante,seven_paired_market_groups,pair:Total|Commission,Poto-poto,0.0,0.15930653786441262,0.036829394514404,0.0,554.0999999999999,unresolved,unresolved,below,below
Amarante,seven_paired_market_groups,pair:Total|Commission,Talangai,0.0,0.06369673969294462,0.02637139899948249,0.0,221.54999999999995,unresolved,below,below,below
Amarante,seven_paired_market_groups,pair:Total|Commission,Texaco,0.0,0.07788511298947731,0.05735725375194066,0.0,270.9,unresolved,below,below,below
Amarante,seven_paired_market_groups,pair:Total|Commission,Total,0.0,0.30349749870622744,0.29444109021907894,0.0,1055.6250000000002,unresolved,unresolved,unresolved,below
Amarante,seven_paired_market_groups,pair:Ouenze|Kintele,Bifouiti,0.0,0.15930653786441262,0.12247714335000863,0.0,554.0999999999999,unresolved,unresolved,below,below
Amarante,seven_paired_market_groups,pair:Ouenze|Kintele,Bourreau,0.0,0.06369673969294462,0.03732534069346213,0.0,221.54999999999995,unresolved,below,below,below
Amarante,seven_paired_market_groups,pair:Ouenze|Kintele,Commission,0.0,0.30349749870622744,0.009056408487148525,0.0,1055.6250000000002,unresolved,unresolved,unresolved,below
Amarante,seven_paired_market_groups,pair:Ouenze|Kintele,Kintele,0.0,0.12743660514058996,0.0409694669656719,0.0,443.25,unresolved,unresolved,below,below
Amarante,seven_paired_market_groups,pair:Ouenze|Kintele,Madibou,0.0,0.029181760680811915,0.0184003220056351,0.0,101.5,below,below,below,below
Amarante,seven_paired_market_groups,pair:Ouenze|Kintele,Mikalou,0.0,0.2389957449255362,0.15311799206486115,0.0,831.275,unresolved,unresolved,below,below
Amarante,seven_paired_market_groups,pair:Ouenze|Kintele,Mokoundzi-ngouaka,0.0,0.2389957449255362,0.08587775286067506,0.0,831.275,unresolved,unresolved,below,below
Amarante,seven_paired_market_groups,pair:Ouenze|Kintele,Moungali,0.0,0.07788511298947731,0.02052785923753665,0.0,270.9,unresolved,below,below,below
Amarante,seven_paired_market_groups,pair:Ouenze|Kintele,Ouenze,0.0,0.12743660514058996,0.08646713817491807,0.0,443.25,unresolved,unresolved,below,below
Amarante,seven_paired_market_groups,pair:Ouenze|Kintele,Plateaux des 15 ans,0.0,0.029181760680811915,0.010781438675176816,0.0,101.5,below,below,below,below
Amarante,seven_paired_market_groups,pair:Ouenze|Kintele,Poto-poto,0.0,0.15930653786441262,0.036829394514404,0.0,554.0999999999999,unresolved,unresolved,below,below
Amarante,seven_paired_market_groups,pair:Ouenze|Kintele,Talangai,0.0,0.06369673969294462,0.02637139899948249,0.0,221.54999999999995,unresolved,below,below,below
Amarante,seven_paired_market_groups,pair:Ouenze|Kintele,Texaco,0.0,0.07788511298947731,0.05735725375194066,0.0,270.9,unresolved,below,below,below
Amarante,seven_paired_market_groups,pair:Ouenze|Kintele,Total,0.0,0.30349749870622744,0.29444109021907894,0.0,1055.6250000000002,unresolved,unresolved,unresolved,below
Amarante,seven_paired_market_groups,pair:Texaco|Moungali,Bifouiti,0.0,0.15930653786441262,0.12247714335000863,0.0,554.0999999999999,unresolved,unresolved,below,below
Amarante,seven_paired_market_groups,pair:Texaco|Moungali,Bourreau,0.0,0.06369673969294462,0.03732534069346213,0.0,221.54999999999995,unresolved,below,below,below
Amarante,seven_paired_market_groups,pair:Texaco|Moungali,Commission,0.0,0.30349749870622744,0.009056408487148525,0.0,1055.6250000000002,unresolved,unresolved,unresolved,below
Amarante,seven_paired_market_groups,pair:Texaco|Moungali,Kintele,0.0,0.12743660514058996,0.0409694669656719,0.0,443.25,unresolved,unresolved,below,below
Amarante,seven_paired_market_groups,pair:Texaco|Moungali,Madibou,0.0,0.029181760680811915,0.0184003220056351,0.0,101.5,below,below,below,below
Amarante,seven_paired_market_groups,pair:Texaco|Moungali,Mikalou,0.0,0.2389957449255362,0.15311799206486115,0.0,831.275,unresolved,unresolved,below,below
Amarante,seven_paired_market_groups,pair:Texaco|Moungali,Mokoundzi-ngouaka,0.0,0.2389957449255362,0.08587775286067506,0.0,831.275,unresolved,unresolved,below,below
Amarante,seven_paired_market_groups,pair:Texaco|Moungali,Moungali,0.0,0.07788511298947731,0.02052785923753665,0.0,270.9,unresolved,below,below,below
Amarante,seven_paired_market_groups,pair:Texaco|Moungali,Ouenze,0.0,0.12743660514058996,0.08646713817491807,0.0,443.25,unresolved,unresolved,below,below
Amarante,seven_paired_market_groups,pair:Texaco|Moungali,Plateaux des 15 ans,0.0,0.029181760680811915,0.010781438675176816,0.0,101.5,below,below,below,below
Amarante,seven_paired_market_groups,pair:Texaco|Moungali,Poto-poto,0.0,0.15930653786441262,0.036829394514404,0.0,554.0999999999999,unresolved,unresolved,below,below
Amarante,seven_paired_market_groups,pair:Texaco|Moungali,Talangai,0.0,0.06369673969294462,0.02637139899948249,0.0,221.54999999999995,unresolved,below,below,below
Amarante,seven_paired_market_groups,pair:Texaco|Moungali,Texaco,0.0,0.07788511298947731,0.05735725375194066,0.0,270.9,unresolved,below,below,below
Amarante,seven_paired_market_groups,pair:Texaco|Moungali,Total,0.0,0.30349749870622744,0.29444109021907894,0.0,1055.6250000000002,unresolved,unresolved,unresolved,below
Amarante,seven_paired_market_groups,pair:Mikalou|Mokoundzi-ngouaka,Bifouiti,0.0,0.15930653786441262,0.12247714335000863,0.0,554.0999999999999,unresolved,unresolved,below,below
Amarante,seven_paired_market_groups,pair:Mikalou|Mokoundzi-ngouaka,Bourreau,0.0,0.06369673969294462,0.03732534069346213,0.0,221.54999999999995,unresolved,below,below,below
Amarante,seven_paired_market_groups,pair:Mikalou|Mokoundzi-ngouaka,Commission,0.0,0.30349749870622744,0.009056408487148525,0.0,1055.6250000000002,unresolved,unresolved,unresolved,below
Amarante,seven_paired_market_groups,pair:Mikalou|Mokoundzi-ngouaka,Kintele,0.0,0.12743660514058996,0.0409694669656719,0.0,443.25,unresolved,unresolved,below,below
Amarante,seven_paired_market_groups,pair:Mikalou|Mokoundzi-ngouaka,Madibou,0.0,0.029181760680811915,0.0184003220056351,0.0,101.5,below,below,below,below
Amarante,seven_paired_market_groups,pair:Mikalou|Mokoundzi-ngouaka,Mikalou,0.0,0.2389957449255362,0.15311799206486115,0.0,831.275,unresolved,unresolved,below,below
Amarante,seven_paired_market_groups,pair:Mikalou|Mokoundzi-ngouaka,Mokoundzi-ngouaka,0.0,0.2389957449255362,0.08587775286067506,0.0,831.275,unresolved,unresolved,below,below
Amarante,seven_paired_market_groups,pair:Mikalou|Mokoundzi-ngouaka,Moungali,0.0,0.07788511298947731,0.02052785923753665,0.0,270.9,unresolved,below,below,below
Amarante,seven_paired_market_groups,pair:Mikalou|Mokoundzi-ngouaka,Ouenze,0.0,0.12743660514058996,0.08646713817491807,0.0,443.25,unresolved,unresolved,below,below
Amarante,seven_paired_market_groups,pair:Mikalou|Mokoundzi-ngouaka,Plateaux des 15 ans,0.0,0.029181760680811915,0.010781438675176816,0.0,101.5,below,below,below,below
Amarante,seven_paired_market_groups,pair:Mikalou|Mokoundzi-ngouaka,Poto-poto,0.0,0.15930653786441262,0.036829394514404,0.0,554.0999999999999,unresolved,unresolved,below,below
Amarante,seven_paired_market_groups,pair:Mikalou|Mokoundzi-ngouaka,Talangai,0.0,0.06369673969294462,0.02637139899948249,0.0,221.54999999999995,unresolved,below,below,below
Amarante,seven_paired_market_groups,pair:Mikalou|Mokoundzi-ngouaka,Texaco,0.0,0.07788511298947731,0.05735725375194066,0.0,270.9,unresolved,below,below,below
Amarante,seven_paired_market_groups,pair:Mikalou|Mokoundzi-ngouaka,Total,0.0,0.30349749870622744,0.29444109021907894,0.0,1055.6250000000002,unresolved,unresolved,unresolved,below
Amarante,seven_paired_market_groups,pair:Bifouiti|Poto-poto,Bifouiti,0.0,0.15930653786441262,0.12247714335000863,0.0,554.0999999999999,unresolved,unresolved,below,below
Amarante,seven_paired_market_groups,pair:Bifouiti|Poto-poto,Bourreau,0.0,0.06369673969294462,0.03732534069346213,0.0,221.54999999999995,unresolved,below,below,below
Amarante,seven_paired_market_groups,pair:Bifouiti|Poto-poto,Commission,0.0,0.30349749870622744,0.009056408487148525,0.0,1055.6250000000002,unresolved,unresolved,unresolved,below
Amarante,seven_paired_market_groups,pair:Bifouiti|Poto-poto,Kintele,0.0,0.12743660514058996,0.0409694669656719,0.0,443.25,unresolved,unresolved,below,below
Amarante,seven_paired_market_groups,pair:Bifouiti|Poto-poto,Madibou,0.0,0.029181760680811915,0.0184003220056351,0.0,101.5,below,below,below,below
Amarante,seven_paired_market_groups,pair:Bifouiti|Poto-poto,Mikalou,0.0,0.2389957449255362,0.15311799206486115,0.0,831.275,unresolved,unresolved,below,below
Amarante,seven_paired_market_groups,pair:Bifouiti|Poto-poto,Mokoundzi-ngouaka,0.0,0.2389957449255362,0.08587775286067506,0.0,831.275,unresolved,unresolved,below,below
Amarante,seven_paired_market_groups,pair:Bifouiti|Poto-poto,Moungali,0.0,0.07788511298947731,0.02052785923753665,0.0,270.9,unresolved,below,below,below
Amarante,seven_paired_market_groups,pair:Bifouiti|Poto-poto,Ouenze,0.0,0.12743660514058996,0.08646713817491807,0.0,443.25,unresolved,unresolved,below,below
Amarante,seven_paired_market_groups,pair:Bifouiti|Poto-poto,Plateaux des 15 ans,0.0,0.029181760680811915,0.010781438675176816,0.0,101.5,below,below,below,below
Amarante,seven_paired_market_groups,pair:Bifouiti|Poto-poto,Poto-poto,0.0,0.15930653786441262,0.036829394514404,0.0,554.0999999999999,unresolved,unresolved,below,below
Amarante,seven_paired_market_groups,pair:Bifouiti|Poto-poto,Talangai,0.0,0.06369673969294462,0.02637139899948249,0.0,221.54999999999995,unresolved,below,below,below
Amarante,seven_paired_market_groups,pair:Bifouiti|Poto-poto,Texaco,0.0,0.07788511298947731,0.05735725375194066,0.0,270.9,unresolved,below,below,below
Amarante,seven_paired_market_groups,pair:Bifouiti|Poto-poto,Total,0.0,0.30349749870622744,0.29444109021907894,0.0,1055.6250000000002,unresolved,unresolved,unresolved,below
Amarante,seven_paired_market_groups,pair:Bourreau|Talangai,Bifouiti,0.0,0.15930653786441262,0.12247714335000863,0.0,554.0999999999999,unresolved,unresolved,below,below
Amarante,seven_paired_market_groups,pair:Bourreau|Talangai,Bourreau,0.0,0.06369673969294462,0.03732534069346213,0.0,221.54999999999995,unresolved,below,below,below
Amarante,seven_paired_market_groups,pair:Bourreau|Talangai,Commission,0.0,0.30349749870622744,0.009056408487148525,0.0,1055.6250000000002,unresolved,unresolved,unresolved,below
Amarante,seven_paired_market_groups,pair:Bourreau|Talangai,Kintele,0.0,0.12743660514058996,0.0409694669656719,0.0,443.25,unresolved,unresolved,below,below
Amarante,seven_paired_market_groups,pair:Bourreau|Talangai,Madibou,0.0,0.029181760680811915,0.0184003220056351,0.0,101.5,below,below,below,below
Amarante,seven_paired_market_groups,pair:Bourreau|Talangai,Mikalou,0.0,0.2389957449255362,0.15311799206486115,0.0,831.275,unresolved,unresolved,below,below
Amarante,seven_paired_market_groups,pair:Bourreau|Talangai,Mokoundzi-ngouaka,0.0,0.2389957449255362,0.08587775286067506,0.0,831.275,unresolved,unresolved,below,below
Amarante,seven_paired_market_groups,pair:Bourreau|Talangai,Moungali,0.0,0.07788511298947731,0.02052785923753665,0.0,270.9,unresolved,below,below,below
Amarante,seven_paired_market_groups,pair:Bourreau|Talangai,Ouenze,0.0,0.12743660514058996,0.08646713817491807,0.0,443.25,unresolved,unresolved,below,below
Amarante,seven_paired_market_groups,pair:Bourreau|Talangai,Plateaux des 15 ans,0.0,0.029181760680811915,0.010781438675176816,0.0,101.5,below,below,below,below
Amarante,seven_paired_market_groups,pair:Bourreau|Talangai,Poto-poto,0.0,0.15930653786441262,0.036829394514404,0.0,554.0999999999999,unresolved,unresolved,below,below
Amarante,seven_paired_market_groups,pair:Bourreau|Talangai,Talangai,0.0,0.06369673969294462,0.02637139899948249,0.0,221.54999999999995,unresolved,below,below,below
Amarante,seven_paired_market_groups,pair:Bourreau|Talangai,Texaco,0.0,0.07788511298947731,0.05735725375194066,0.0,270.9,unresolved,below,below,below
Amarante,seven_paired_market_groups,pair:Bourreau|Talangai,Total,0.0,0.30349749870622744,0.29444109021907894,0.0,1055.6250000000002,unresolved,unresolved,unresolved,below
Aubergine violette,seven_individual_markets,none,Bifouiti,0.0,0.2184069057310753,0.01479862162067604,0.0,637.5714285714287,unresolved,unresolved,below,below
Aubergine violette,seven_individual_markets,none,Bourreau,0.0,0.2184069057310753,0.04368333863584742,0.0,637.5714285714287,unresolved,unresolved,below,below
Aubergine violette,seven_individual_markets,none,Commission,0.0,0.2184069057310753,0.009591699198586323,0.0,637.5714285714287,unresolved,unresolved,below,below
Aubergine violette,seven_individual_markets,none,Kintele,0.014362033933016247,0.014362033933016247,0.014362033933016247,41.92551724137931,41.92551724137931,below,below,below,below
Aubergine violette,seven_individual_markets,none,Madibou,0.0,0.2184069057310753,0.0046490378768658195,0.0,637.5714285714287,unresolved,unresolved,below,below
Aubergine violette,seven_individual_markets,none,Mikalou,0.16517653425098003,0.16517653425098003,0.16517653425098003,482.1818181818182,482.1818181818182,above,above,below,below
Aubergine violette,seven_individual_markets,none,Mokoundzi-ngouaka,0.0,0.2184069057310753,0.07711726155663401,0.0,637.5714285714287,unresolved,unresolved,below,below
Aubergine violette,seven_individual_markets,none,Moungali,0.0,0.2184069057310753,0.05431642231885169,0.0,637.5714285714287,unresolved,unresolved,below,below
Aubergine violette,seven_individual_markets,none,Ouenze,0.08033048078816044,0.08033048078816044,0.08033048078816044,234.49999999999997,234.49999999999997,above,below,below,below
Aubergine violette,seven_individual_markets,none,Plateaux des 15 ans,0.0,0.2184069057310753,0.014250524523613963,0.0,637.5714285714287,unresolved,unresolved,below,below
Aubergine violette,seven_individual_markets,none,Poto-poto,0.11749831518268243,0.11749831518268243,0.11749831518268243,343.0,343.0,above,above,below,below
Aubergine violette,seven_individual_markets,none,Talangai,0.03768167542301769,0.03768167542301769,0.03768167542301769,109.99999999999999,109.99999999999999,below,below,below,below
Aubergine violette,seven_individual_markets,none,Texaco,0.09735935276760548,0.09735935276760548,0.09735935276760548,284.21052631578937,284.21052631578937,above,below,below,below
Aubergine violette,seven_individual_markets,none,Total,0.2691847019234626,0.2691847019234626,0.2691847019234626,785.801503759399,785.801503759399,above,above,above,below
Aubergine violette,seven_individual_markets,market:Ouenze,Bifouiti,0.0,0.29873738651923576,0.01479862162067604,0.0,872.0714285714288,unresolved,unresolved,unresolved,below
Aubergine violette,seven_individual_markets,market:Ouenze,Bourreau,0.0,0.29873738651923576,0.04368333863584742,0.0,872.0714285714288,unresolved,unresolved,unresolved,below
Aubergine violette,seven_individual_markets,market:Ouenze,Commission,0.0,0.29873738651923576,0.009591699198586323,0.0,872.0714285714288,unresolved,unresolved,unresolved,below
Aubergine violette,seven_individual_markets,market:Ouenze,Kintele,0.014362033933016247,0.014362033933016247,0.014362033933016247,41.92551724137931,41.92551724137931,below,below,below,below
Aubergine violette,seven_individual_markets,market:Ouenze,Madibou,0.0,0.29873738651923576,0.0046490378768658195,0.0,872.0714285714288,unresolved,unresolved,unresolved,below
Aubergine violette,seven_individual_markets,market:Ouenze,Mikalou,0.16517653425098003,0.16517653425098003,0.16517653425098003,482.1818181818182,482.1818181818182,above,above,below,below
Aubergine violette,seven_individual_markets,market:Ouenze,Mokoundzi-ngouaka,0.0,0.29873738651923576,0.07711726155663401,0.0,872.0714285714288,unresolved,unresolved,unresolved,below
Aubergine violette,seven_individual_markets,market:Ouenze,Moungali,0.0,0.29873738651923576,0.05431642231885169,0.0,872.0714285714288,unresolved,unresolved,unresolved,below
Aubergine violette,seven_individual_markets,market:Ouenze,Ouenze,0.0,0.29873738651923576,0.08033048078816044,0.0,872.0714285714288,unresolved,unresolved,unresolved,below
Aubergine violette,seven_individual_markets,market:Ouenze,Plateaux des 15 ans,0.0,0.29873738651923576,0.014250524523613963,0.0,872.0714285714288,unresolved,unresolved,unresolved,below
Aubergine violette,seven_individual_markets,market:Ouenze,Poto-poto,0.11749831518268243,0.11749831518268243,0.11749831518268243,343.0,343.0,above,above,below,below
Aubergine violette,seven_individual_markets,market:Ouenze,Talangai,0.03768167542301769,0.03768167542301769,0.03768167542301769,109.99999999999999,109.99999999999999,below,below,below,below
Aubergine violette,seven_individual_markets,market:Ouenze,Texaco,0.09735935276760548,0.09735935276760548,0.09735935276760548,284.21052631578937,284.21052631578937,above,below,below,below
Aubergine violette,seven_individual_markets,market:Ouenze,Total,0.2691847019234626,0.2691847019234626,0.2691847019234626,785.801503759399,785.801503759399,above,above,above,below
Aubergine violette,seven_individual_markets,market:Total,Bifouiti,0.0,0.4875916076545379,0.01479862162067604,0.0,1423.3729323308276,unresolved,unresolved,unresolved,below
Aubergine violette,seven_individual_markets,market:Total,Bourreau,0.0,0.4875916076545379,0.04368333863584742,0.0,1423.3729323308276,unresolved,unresolved,unresolved,below
Aubergine violette,seven_individual_markets,market:Total,Commission,0.0,0.4875916076545379,0.009591699198586323,0.0,1423.3729323308276,unresolved,unresolved,unresolved,below
Aubergine violette,seven_individual_markets,market:Total,Kintele,0.014362033933016247,0.014362033933016247,0.014362033933016247,41.92551724137931,41.92551724137931,below,below,below,below
Aubergine violette,seven_individual_markets,market:Total,Madibou,0.0,0.4875916076545379,0.0046490378768658195,0.0,1423.3729323308276,unresolved,unresolved,unresolved,below
Aubergine violette,seven_individual_markets,market:Total,Mikalou,0.16517653425098003,0.16517653425098003,0.16517653425098003,482.1818181818182,482.1818181818182,above,above,below,below
Aubergine violette,seven_individual_markets,market:Total,Mokoundzi-ngouaka,0.0,0.4875916076545379,0.07711726155663401,0.0,1423.3729323308276,unresolved,unresolved,unresolved,below
Aubergine violette,seven_individual_markets,market:Total,Moungali,0.0,0.4875916076545379,0.05431642231885169,0.0,1423.3729323308276,unresolved,unresolved,unresolved,below
Aubergine violette,seven_individual_markets,market:Total,Ouenze,0.08033048078816044,0.08033048078816044,0.08033048078816044,234.49999999999997,234.49999999999997,above,below,below,below
Aubergine violette,seven_individual_markets,market:Total,Plateaux des 15 ans,0.0,0.4875916076545379,0.014250524523613963,0.0,1423.3729323308276,unresolved,unresolved,unresolved,below
Aubergine violette,seven_individual_markets,market:Total,Poto-poto,0.11749831518268243,0.11749831518268243,0.11749831518268243,343.0,343.0,above,above,below,below
Aubergine violette,seven_individual_markets,market:Total,Talangai,0.03768167542301769,0.03768167542301769,0.03768167542301769,109.99999999999999,109.99999999999999,below,below,below,below
Aubergine violette,seven_individual_markets,market:Total,Texaco,0.09735935276760548,0.09735935276760548,0.09735935276760548,284.21052631578937,284.21052631578937,above,below,below,below
Aubergine violette,seven_individual_markets,market:Total,Total,0.0,0.4875916076545379,0.2691847019234626,0.0,1423.3729323308276,unresolved,unresolved,unresolved,below
Aubergine violette,seven_individual_markets,market:Texaco,Bifouiti,0.0,0.3157662584986808,0.01479862162067604,0.0,921.781954887218,unresolved,unresolved,unresolved,below
Aubergine violette,seven_individual_markets,market:Texaco,Bourreau,0.0,0.3157662584986808,0.04368333863584742,0.0,921.781954887218,unresolved,unresolved,unresolved,below
Aubergine violette,seven_individual_markets,market:Texaco,Commission,0.0,0.3157662584986808,0.009591699198586323,0.0,921.781954887218,unresolved,unresolved,unresolved,below
Aubergine violette,seven_individual_markets,market:Texaco,Kintele,0.014362033933016247,0.014362033933016247,0.014362033933016247,41.92551724137931,41.92551724137931,below,below,below,below
Aubergine violette,seven_individual_markets,market:Texaco,Madibou,0.0,0.3157662584986808,0.0046490378768658195,0.0,921.781954887218,unresolved,unresolved,unresolved,below
Aubergine violette,seven_individual_markets,market:Texaco,Mikalou,0.16517653425098003,0.16517653425098003,0.16517653425098003,482.1818181818182,482.1818181818182,above,above,below,below
Aubergine violette,seven_individual_markets,market:Texaco,Mokoundzi-ngouaka,0.0,0.3157662584986808,0.07711726155663401,0.0,921.781954887218,unresolved,unresolved,unresolved,below
Aubergine violette,seven_individual_markets,market:Texaco,Moungali,0.0,0.3157662584986808,0.05431642231885169,0.0,921.781954887218,unresolved,unresolved,unresolved,below
Aubergine violette,seven_individual_markets,market:Texaco,Ouenze,0.08033048078816044,0.08033048078816044,0.08033048078816044,234.49999999999997,234.49999999999997,above,below,below,below
Aubergine violette,seven_individual_markets,market:Texaco,Plateaux des 15 ans,0.0,0.3157662584986808,0.014250524523613963,0.0,921.781954887218,unresolved,unresolved,unresolved,below
Aubergine violette,seven_individual_markets,market:Texaco,Poto-poto,0.11749831518268243,0.11749831518268243,0.11749831518268243,343.0,343.0,above,above,below,below
Aubergine violette,seven_individual_markets,market:Texaco,Talangai,0.03768167542301769,0.03768167542301769,0.03768167542301769,109.99999999999999,109.99999999999999,below,below,below,below
Aubergine violette,seven_individual_markets,market:Texaco,Texaco,0.0,0.3157662584986808,0.09735935276760548,0.0,921.781954887218,unresolved,unresolved,unresolved,below
Aubergine violette,seven_individual_markets,market:Texaco,Total,0.2691847019234626,0.2691847019234626,0.2691847019234626,785.801503759399,785.801503759399,above,above,above,below
Aubergine violette,seven_individual_markets,market:Kintele,Bifouiti,0.0,0.2327689396640915,0.01479862162067604,0.0,679.4969458128079,unresolved,unresolved,below,below
Aubergine violette,seven_individual_markets,market:Kintele,Bourreau,0.0,0.2327689396640915,0.04368333863584742,0.0,679.4969458128079,unresolved,unresolved,below,below
Aubergine violette,seven_individual_markets,market:Kintele,Commission,0.0,0.2327689396640915,0.009591699198586323,0.0,679.4969458128079,unresolved,unresolved,below,below
Aubergine violette,seven_individual_markets,market:Kintele,Kintele,0.0,0.2327689396640915,0.014362033933016247,0.0,679.4969458128079,unresolved,unresolved,below,below
Aubergine violette,seven_individual_markets,market:Kintele,Madibou,0.0,0.2327689396640915,0.0046490378768658195,0.0,679.4969458128079,unresolved,unresolved,below,below
Aubergine violette,seven_individual_markets,market:Kintele,Mikalou,0.16517653425098003,0.16517653425098003,0.16517653425098003,482.1818181818182,482.1818181818182,above,above,below,below
Aubergine violette,seven_individual_markets,market:Kintele,Mokoundzi-ngouaka,0.0,0.2327689396640915,0.07711726155663401,0.0,679.4969458128079,unresolved,unresolved,below,below
Aubergine violette,seven_individual_markets,market:Kintele,Moungali,0.0,0.2327689396640915,0.05431642231885169,0.0,679.4969458128079,unresolved,unresolved,below,below
Aubergine violette,seven_individual_markets,market:Kintele,Ouenze,0.08033048078816044,0.08033048078816044,0.08033048078816044,234.49999999999997,234.49999999999997,above,below,below,below
Aubergine violette,seven_individual_markets,market:Kintele,Plateaux des 15 ans,0.0,0.2327689396640915,0.014250524523613963,0.0,679.4969458128079,unresolved,unresolved,below,below
Aubergine violette,seven_individual_markets,market:Kintele,Poto-poto,0.11749831518268243,0.11749831518268243,0.11749831518268243,343.0,343.0,above,above,below,below
Aubergine violette,seven_individual_markets,market:Kintele,Talangai,0.03768167542301769,0.03768167542301769,0.03768167542301769,109.99999999999999,109.99999999999999,below,below,below,below
Aubergine violette,seven_individual_markets,market:Kintele,Texaco,0.09735935276760548,0.09735935276760548,0.09735935276760548,284.21052631578937,284.21052631578937,above,below,below,below
Aubergine violette,seven_individual_markets,market:Kintele,Total,0.2691847019234626,0.2691847019234626,0.2691847019234626,785.801503759399,785.801503759399,above,above,above,below
Aubergine violette,seven_individual_markets,market:Mikalou,Bifouiti,0.0,0.3835834399820553,0.01479862162067604,0.0,1119.7532467532467,unresolved,unresolved,unresolved,below
Aubergine violette,seven_individual_markets,market:Mikalou,Bourreau,0.0,0.3835834399820553,0.04368333863584742,0.0,1119.7532467532467,unresolved,unresolved,unresolved,below
Aubergine violette,seven_individual_markets,market:Mikalou,Commission,0.0,0.3835834399820553,0.009591699198586323,0.0,1119.7532467532467,unresolved,unresolved,unresolved,below
Aubergine violette,seven_individual_markets,market:Mikalou,Kintele,0.014362033933016247,0.014362033933016247,0.014362033933016247,41.92551724137931,41.92551724137931,below,below,below,below
Aubergine violette,seven_individual_markets,market:Mikalou,Madibou,0.0,0.3835834399820553,0.0046490378768658195,0.0,1119.7532467532467,unresolved,unresolved,unresolved,below
Aubergine violette,seven_individual_markets,market:Mikalou,Mikalou,0.0,0.3835834399820553,0.16517653425098003,0.0,1119.7532467532467,unresolved,unresolved,unresolved,below
Aubergine violette,seven_individual_markets,market:Mikalou,Mokoundzi-ngouaka,0.0,0.3835834399820553,0.07711726155663401,0.0,1119.7532467532467,unresolved,unresolved,unresolved,below
Aubergine violette,seven_individual_markets,market:Mikalou,Moungali,0.0,0.3835834399820553,0.05431642231885169,0.0,1119.7532467532467,unresolved,unresolved,unresolved,below
Aubergine violette,seven_individual_markets,market:Mikalou,Ouenze,0.08033048078816044,0.08033048078816044,0.08033048078816044,234.49999999999997,234.49999999999997,above,below,below,below
Aubergine violette,seven_individual_markets,market:Mikalou,Plateaux des 15 ans,0.0,0.3835834399820553,0.014250524523613963,0.0,1119.7532467532467,unresolved,unresolved,unresolved,below
Aubergine violette,seven_individual_markets,market:Mikalou,Poto-poto,0.11749831518268243,0.11749831518268243,0.11749831518268243,343.0,343.0,above,above,below,below
Aubergine violette,seven_individual_markets,market:Mikalou,Talangai,0.03768167542301769,0.03768167542301769,0.03768167542301769,109.99999999999999,109.99999999999999,below,below,below,below
Aubergine violette,seven_individual_markets,market:Mikalou,Texaco,0.09735935276760548,0.09735935276760548,0.09735935276760548,284.21052631578937,284.21052631578937,above,below,below,below
Aubergine violette,seven_individual_markets,market:Mikalou,Total,0.2691847019234626,0.2691847019234626,0.2691847019234626,785.801503759399,785.801503759399,above,above,above,below
Aubergine violette,seven_individual_markets,market:Poto-poto,Bifouiti,0.0,0.33590522091375774,0.01479862162067604,0.0,980.5714285714287,unresolved,unresolved,unresolved,below
Aubergine violette,seven_individual_markets,market:Poto-poto,Bourreau,0.0,0.33590522091375774,0.04368333863584742,0.0,980.5714285714287,unresolved,unresolved,unresolved,below
Aubergine violette,seven_individual_markets,market:Poto-poto,Commission,0.0,0.33590522091375774,0.009591699198586323,0.0,980.5714285714287,unresolved,unresolved,unresolved,below
Aubergine violette,seven_individual_markets,market:Poto-poto,Kintele,0.014362033933016247,0.014362033933016247,0.014362033933016247,41.92551724137931,41.92551724137931,below,below,below,below
Aubergine violette,seven_individual_markets,market:Poto-poto,Madibou,0.0,0.33590522091375774,0.0046490378768658195,0.0,980.5714285714287,unresolved,unresolved,unresolved,below
Aubergine violette,seven_individual_markets,market:Poto-poto,Mikalou,0.16517653425098003,0.16517653425098003,0.16517653425098003,482.1818181818182,482.1818181818182,above,above,below,below
Aubergine violette,seven_individual_markets,market:Poto-poto,Mokoundzi-ngouaka,0.0,0.33590522091375774,0.07711726155663401,0.0,980.5714285714287,unresolved,unresolved,unresolved,below
Aubergine violette,seven_individual_markets,market:Poto-poto,Moungali,0.0,0.33590522091375774,0.05431642231885169,0.0,980.5714285714287,unresolved,unresolved,unresolved,below
Aubergine violette,seven_individual_markets,market:Poto-poto,Ouenze,0.08033048078816044,0.08033048078816044,0.08033048078816044,234.49999999999997,234.49999999999997,above,below,below,below
Aubergine violette,seven_individual_markets,market:Poto-poto,Plateaux des 15 ans,0.0,0.33590522091375774,0.014250524523613963,0.0,980.5714285714287,unresolved,unresolved,unresolved,below
Aubergine violette,seven_individual_markets,market:Poto-poto,Poto-poto,0.0,0.33590522091375774,0.11749831518268243,0.0,980.5714285714287,unresolved,unresolved,unresolved,below
Aubergine violette,seven_individual_markets,market:Poto-poto,Talangai,0.03768167542301769,0.03768167542301769,0.03768167542301769,109.99999999999999,109.99999999999999,below,below,below,below
Aubergine violette,seven_individual_markets,market:Poto-poto,Texaco,0.09735935276760548,0.09735935276760548,0.09735935276760548,284.21052631578937,284.21052631578937,above,below,below,below
Aubergine violette,seven_individual_markets,market:Poto-poto,Total,0.2691847019234626,0.2691847019234626,0.2691847019234626,785.801503759399,785.801503759399,above,above,above,below
Aubergine violette,seven_individual_markets,market:Talangai,Bifouiti,0.0,0.256088581154093,0.01479862162067604,0.0,747.5714285714287,unresolved,unresolved,unresolved,below
Aubergine violette,seven_individual_markets,market:Talangai,Bourreau,0.0,0.256088581154093,0.04368333863584742,0.0,747.5714285714287,unresolved,unresolved,unresolved,below
Aubergine violette,seven_individual_markets,market:Talangai,Commission,0.0,0.256088581154093,0.009591699198586323,0.0,747.5714285714287,unresolved,unresolved,unresolved,below
Aubergine violette,seven_individual_markets,market:Talangai,Kintele,0.014362033933016247,0.014362033933016247,0.014362033933016247,41.92551724137931,41.92551724137931,below,below,below,below
Aubergine violette,seven_individual_markets,market:Talangai,Madibou,0.0,0.256088581154093,0.0046490378768658195,0.0,747.5714285714287,unresolved,unresolved,unresolved,below
Aubergine violette,seven_individual_markets,market:Talangai,Mikalou,0.16517653425098003,0.16517653425098003,0.16517653425098003,482.1818181818182,482.1818181818182,above,above,below,below
Aubergine violette,seven_individual_markets,market:Talangai,Mokoundzi-ngouaka,0.0,0.256088581154093,0.07711726155663401,0.0,747.5714285714287,unresolved,unresolved,unresolved,below
Aubergine violette,seven_individual_markets,market:Talangai,Moungali,0.0,0.256088581154093,0.05431642231885169,0.0,747.5714285714287,unresolved,unresolved,unresolved,below
Aubergine violette,seven_individual_markets,market:Talangai,Ouenze,0.08033048078816044,0.08033048078816044,0.08033048078816044,234.49999999999997,234.49999999999997,above,below,below,below
Aubergine violette,seven_individual_markets,market:Talangai,Plateaux des 15 ans,0.0,0.256088581154093,0.014250524523613963,0.0,747.5714285714287,unresolved,unresolved,unresolved,below
Aubergine violette,seven_individual_markets,market:Talangai,Poto-poto,0.11749831518268243,0.11749831518268243,0.11749831518268243,343.0,343.0,above,above,below,below
Aubergine violette,seven_individual_markets,market:Talangai,Talangai,0.0,0.256088581154093,0.03768167542301769,0.0,747.5714285714287,unresolved,unresolved,unresolved,below
Aubergine violette,seven_individual_markets,market:Talangai,Texaco,0.09735935276760548,0.09735935276760548,0.09735935276760548,284.21052631578937,284.21052631578937,above,below,below,below
Aubergine violette,seven_individual_markets,market:Talangai,Total,0.2691847019234626,0.2691847019234626,0.2691847019234626,785.801503759399,785.801503759399,above,above,above,below
Aubergine violette,seven_paired_market_groups,none,Bifouiti,0.0,0.09512910240883647,0.01479862162067604,0.0,277.7,unresolved,below,below,below
Aubergine violette,seven_paired_market_groups,none,Bourreau,0.0,0.16118165381852984,0.04368333863584742,0.0,470.5199999999999,unresolved,unresolved,below,below
Aubergine violette,seven_paired_market_groups,none,Commission,0.0,0.27877640112204893,0.009591699198586323,0.0,813.801503759399,unresolved,unresolved,unresolved,below
Aubergine violette,seven_paired_market_groups,none,Kintele,0.0,0.02861255845663021,0.014362033933016247,0.0,83.5255172413793,below,below,below,below
Aubergine violette,seven_paired_market_groups,none,Madibou,0.0,0.16982557212784585,0.0046490378768658195,0.0,495.7532467532468,unresolved,unresolved,below,below
Aubergine violette,seven_paired_market_groups,none,Mikalou,0.0,0.16982557212784585,0.16517653425098003,0.0,495.7532467532468,unresolved,unresolved,below,below
Aubergine violette,seven_paired_market_groups,none,Mokoundzi-ngouaka,0.0,0.1744766143242395,0.07711726155663401,0.0,509.33052631578937,unresolved,unresolved,below,below
Aubergine violette,seven_paired_market_groups,none,Moungali,0.0,0.09199809774186937,0.05431642231885169,0.0,268.56,unresolved,below,below,below
Aubergine violette,seven_paired_market_groups,none,Ouenze,0.0,0.09512910240883647,0.08033048078816044,0.0,277.7,unresolved,below,below,below
Aubergine violette,seven_paired_market_groups,none,Plateaux des 15 ans,0.0,0.02861255845663021,0.014250524523613963,0.0,83.5255172413793,below,below,below,below
Aubergine violette,seven_paired_market_groups,none,Poto-poto,0.0,0.16118165381852984,0.11749831518268243,0.0,470.5199999999999,unresolved,unresolved,below,below
Aubergine violette,seven_paired_market_groups,none,Talangai,0.0,0.09199809774186937,0.03768167542301769,0.0,268.56,unresolved,below,below,below
Aubergine violette,seven_paired_market_groups,none,Texaco,0.0,0.1744766143242395,0.09735935276760548,0.0,509.33052631578937,unresolved,unresolved,below,below
Aubergine violette,seven_paired_market_groups,none,Total,0.0,0.27877640112204893,0.2691847019234626,0.0,813.801503759399,unresolved,unresolved,unresolved,below
Aubergine violette,seven_paired_market_groups,pair:Ouenze|Bifouiti,Bifouiti,0.0,0.09512910240883647,0.01479862162067604,0.0,277.7,unresolved,below,below,below
Aubergine violette,seven_paired_market_groups,pair:Ouenze|Bifouiti,Bourreau,0.0,0.16118165381852984,0.04368333863584742,0.0,470.5199999999999,unresolved,unresolved,below,below
Aubergine violette,seven_paired_market_groups,pair:Ouenze|Bifouiti,Commission,0.0,0.27877640112204893,0.009591699198586323,0.0,813.801503759399,unresolved,unresolved,unresolved,below
Aubergine violette,seven_paired_market_groups,pair:Ouenze|Bifouiti,Kintele,0.0,0.02861255845663021,0.014362033933016247,0.0,83.5255172413793,below,below,below,below
Aubergine violette,seven_paired_market_groups,pair:Ouenze|Bifouiti,Madibou,0.0,0.16982557212784585,0.0046490378768658195,0.0,495.7532467532468,unresolved,unresolved,below,below
Aubergine violette,seven_paired_market_groups,pair:Ouenze|Bifouiti,Mikalou,0.0,0.16982557212784585,0.16517653425098003,0.0,495.7532467532468,unresolved,unresolved,below,below
Aubergine violette,seven_paired_market_groups,pair:Ouenze|Bifouiti,Mokoundzi-ngouaka,0.0,0.1744766143242395,0.07711726155663401,0.0,509.33052631578937,unresolved,unresolved,below,below
Aubergine violette,seven_paired_market_groups,pair:Ouenze|Bifouiti,Moungali,0.0,0.09199809774186937,0.05431642231885169,0.0,268.56,unresolved,below,below,below
Aubergine violette,seven_paired_market_groups,pair:Ouenze|Bifouiti,Ouenze,0.0,0.09512910240883647,0.08033048078816044,0.0,277.7,unresolved,below,below,below
Aubergine violette,seven_paired_market_groups,pair:Ouenze|Bifouiti,Plateaux des 15 ans,0.0,0.02861255845663021,0.014250524523613963,0.0,83.5255172413793,below,below,below,below
Aubergine violette,seven_paired_market_groups,pair:Ouenze|Bifouiti,Poto-poto,0.0,0.16118165381852984,0.11749831518268243,0.0,470.5199999999999,unresolved,unresolved,below,below
Aubergine violette,seven_paired_market_groups,pair:Ouenze|Bifouiti,Talangai,0.0,0.09199809774186937,0.03768167542301769,0.0,268.56,unresolved,below,below,below
Aubergine violette,seven_paired_market_groups,pair:Ouenze|Bifouiti,Texaco,0.0,0.1744766143242395,0.09735935276760548,0.0,509.33052631578937,unresolved,unresolved,below,below
Aubergine violette,seven_paired_market_groups,pair:Ouenze|Bifouiti,Total,0.0,0.27877640112204893,0.2691847019234626,0.0,813.801503759399,unresolved,unresolved,unresolved,below
Aubergine violette,seven_paired_market_groups,pair:Total|Commission,Bifouiti,0.0,0.09512910240883647,0.01479862162067604,0.0,277.7,unresolved,below,below,below
Aubergine violette,seven_paired_market_groups,pair:Total|Commission,Bourreau,0.0,0.16118165381852984,0.04368333863584742,0.0,470.5199999999999,unresolved,unresolved,below,below
Aubergine violette,seven_paired_market_groups,pair:Total|Commission,Commission,0.0,0.27877640112204893,0.009591699198586323,0.0,813.801503759399,unresolved,unresolved,unresolved,below
Aubergine violette,seven_paired_market_groups,pair:Total|Commission,Kintele,0.0,0.02861255845663021,0.014362033933016247,0.0,83.5255172413793,below,below,below,below
Aubergine violette,seven_paired_market_groups,pair:Total|Commission,Madibou,0.0,0.16982557212784585,0.0046490378768658195,0.0,495.7532467532468,unresolved,unresolved,below,below
Aubergine violette,seven_paired_market_groups,pair:Total|Commission,Mikalou,0.0,0.16982557212784585,0.16517653425098003,0.0,495.7532467532468,unresolved,unresolved,below,below
Aubergine violette,seven_paired_market_groups,pair:Total|Commission,Mokoundzi-ngouaka,0.0,0.1744766143242395,0.07711726155663401,0.0,509.33052631578937,unresolved,unresolved,below,below
Aubergine violette,seven_paired_market_groups,pair:Total|Commission,Moungali,0.0,0.09199809774186937,0.05431642231885169,0.0,268.56,unresolved,below,below,below
Aubergine violette,seven_paired_market_groups,pair:Total|Commission,Ouenze,0.0,0.09512910240883647,0.08033048078816044,0.0,277.7,unresolved,below,below,below
Aubergine violette,seven_paired_market_groups,pair:Total|Commission,Plateaux des 15 ans,0.0,0.02861255845663021,0.014250524523613963,0.0,83.5255172413793,below,below,below,below
Aubergine violette,seven_paired_market_groups,pair:Total|Commission,Poto-poto,0.0,0.16118165381852984,0.11749831518268243,0.0,470.5199999999999,unresolved,unresolved,below,below
Aubergine violette,seven_paired_market_groups,pair:Total|Commission,Talangai,0.0,0.09199809774186937,0.03768167542301769,0.0,268.56,unresolved,below,below,below
Aubergine violette,seven_paired_market_groups,pair:Total|Commission,Texaco,0.0,0.1744766143242395,0.09735935276760548,0.0,509.33052631578937,unresolved,unresolved,below,below
Aubergine violette,seven_paired_market_groups,pair:Total|Commission,Total,0.0,0.27877640112204893,0.2691847019234626,0.0,813.801503759399,unresolved,unresolved,unresolved,below
Aubergine violette,seven_paired_market_groups,pair:Texaco|Mokoundzi-ngouaka,Bifouiti,0.0,0.09512910240883647,0.01479862162067604,0.0,277.7,unresolved,below,below,below
Aubergine violette,seven_paired_market_groups,pair:Texaco|Mokoundzi-ngouaka,Bourreau,0.0,0.16118165381852984,0.04368333863584742,0.0,470.5199999999999,unresolved,unresolved,below,below
Aubergine violette,seven_paired_market_groups,pair:Texaco|Mokoundzi-ngouaka,Commission,0.0,0.27877640112204893,0.009591699198586323,0.0,813.801503759399,unresolved,unresolved,unresolved,below
Aubergine violette,seven_paired_market_groups,pair:Texaco|Mokoundzi-ngouaka,Kintele,0.0,0.02861255845663021,0.014362033933016247,0.0,83.5255172413793,below,below,below,below
Aubergine violette,seven_paired_market_groups,pair:Texaco|Mokoundzi-ngouaka,Madibou,0.0,0.16982557212784585,0.0046490378768658195,0.0,495.7532467532468,unresolved,unresolved,below,below
Aubergine violette,seven_paired_market_groups,pair:Texaco|Mokoundzi-ngouaka,Mikalou,0.0,0.16982557212784585,0.16517653425098003,0.0,495.7532467532468,unresolved,unresolved,below,below
Aubergine violette,seven_paired_market_groups,pair:Texaco|Mokoundzi-ngouaka,Mokoundzi-ngouaka,0.0,0.1744766143242395,0.07711726155663401,0.0,509.33052631578937,unresolved,unresolved,below,below
Aubergine violette,seven_paired_market_groups,pair:Texaco|Mokoundzi-ngouaka,Moungali,0.0,0.09199809774186937,0.05431642231885169,0.0,268.56,unresolved,below,below,below
Aubergine violette,seven_paired_market_groups,pair:Texaco|Mokoundzi-ngouaka,Ouenze,0.0,0.09512910240883647,0.08033048078816044,0.0,277.7,unresolved,below,below,below
Aubergine violette,seven_paired_market_groups,pair:Texaco|Mokoundzi-ngouaka,Plateaux des 15 ans,0.0,0.02861255845663021,0.014250524523613963,0.0,83.5255172413793,below,below,below,below
Aubergine violette,seven_paired_market_groups,pair:Texaco|Mokoundzi-ngouaka,Poto-poto,0.0,0.16118165381852984,0.11749831518268243,0.0,470.5199999999999,unresolved,unresolved,below,below
Aubergine violette,seven_paired_market_groups,pair:Texaco|Mokoundzi-ngouaka,Talangai,0.0,0.09199809774186937,0.03768167542301769,0.0,268.56,unresolved,below,below,below
Aubergine violette,seven_paired_market_groups,pair:Texaco|Mokoundzi-ngouaka,Texaco,0.0,0.1744766143242395,0.09735935276760548,0.0,509.33052631578937,unresolved,unresolved,below,below
Aubergine violette,seven_paired_market_groups,pair:Texaco|Mokoundzi-ngouaka,Total,0.0,0.27877640112204893,0.2691847019234626,0.0,813.801503759399,unresolved,unresolved,unresolved,below
Aubergine violette,seven_paired_market_groups,pair:Kintele|Plateaux des 15 ans,Bifouiti,0.0,0.09512910240883647,0.01479862162067604,0.0,277.7,unresolved,below,below,below
Aubergine violette,seven_paired_market_groups,pair:Kintele|Plateaux des 15 ans,Bourreau,0.0,0.16118165381852984,0.04368333863584742,0.0,470.5199999999999,unresolved,unresolved,below,below
Aubergine violette,seven_paired_market_groups,pair:Kintele|Plateaux des 15 ans,Commission,0.0,0.27877640112204893,0.009591699198586323,0.0,813.801503759399,unresolved,unresolved,unresolved,below
Aubergine violette,seven_paired_market_groups,pair:Kintele|Plateaux des 15 ans,Kintele,0.0,0.02861255845663021,0.014362033933016247,0.0,83.5255172413793,below,below,below,below
Aubergine violette,seven_paired_market_groups,pair:Kintele|Plateaux des 15 ans,Madibou,0.0,0.16982557212784585,0.0046490378768658195,0.0,495.7532467532468,unresolved,unresolved,below,below
Aubergine violette,seven_paired_market_groups,pair:Kintele|Plateaux des 15 ans,Mikalou,0.0,0.16982557212784585,0.16517653425098003,0.0,495.7532467532468,unresolved,unresolved,below,below
Aubergine violette,seven_paired_market_groups,pair:Kintele|Plateaux des 15 ans,Mokoundzi-ngouaka,0.0,0.1744766143242395,0.07711726155663401,0.0,509.33052631578937,unresolved,unresolved,below,below
Aubergine violette,seven_paired_market_groups,pair:Kintele|Plateaux des 15 ans,Moungali,0.0,0.09199809774186937,0.05431642231885169,0.0,268.56,unresolved,below,below,below
Aubergine violette,seven_paired_market_groups,pair:Kintele|Plateaux des 15 ans,Ouenze,0.0,0.09512910240883647,0.08033048078816044,0.0,277.7,unresolved,below,below,below
Aubergine violette,seven_paired_market_groups,pair:Kintele|Plateaux des 15 ans,Plateaux des 15 ans,0.0,0.02861255845663021,0.014250524523613963,0.0,83.5255172413793,below,below,below,below
Aubergine violette,seven_paired_market_groups,pair:Kintele|Plateaux des 15 ans,Poto-poto,0.0,0.16118165381852984,0.11749831518268243,0.0,470.5199999999999,unresolved,unresolved,below,below
Aubergine violette,seven_paired_market_groups,pair:Kintele|Plateaux des 15 ans,Talangai,0.0,0.09199809774186937,0.03768167542301769,0.0,268.56,unresolved,below,below,below
Aubergine violette,seven_paired_market_groups,pair:Kintele|Plateaux des 15 ans,Texaco,0.0,0.1744766143242395,0.09735935276760548,0.0,509.33052631578937,unresolved,unresolved,below,below
Aubergine violette,seven_paired_market_groups,pair:Kintele|Plateaux des 15 ans,Total,0.0,0.27877640112204893,0.2691847019234626,0.0,813.801503759399,unresolved,unresolved,unresolved,below
Aubergine violette,seven_paired_market_groups,pair:Mikalou|Madibou,Bifouiti,0.0,0.09512910240883647,0.01479862162067604,0.0,277.7,unresolved,below,below,below
Aubergine violette,seven_paired_market_groups,pair:Mikalou|Madibou,Bourreau,0.0,0.16118165381852984,0.04368333863584742,0.0,470.5199999999999,unresolved,unresolved,below,below
Aubergine violette,seven_paired_market_groups,pair:Mikalou|Madibou,Commission,0.0,0.27877640112204893,0.009591699198586323,0.0,813.801503759399,unresolved,unresolved,unresolved,below
Aubergine violette,seven_paired_market_groups,pair:Mikalou|Madibou,Kintele,0.0,0.02861255845663021,0.014362033933016247,0.0,83.5255172413793,below,below,below,below
Aubergine violette,seven_paired_market_groups,pair:Mikalou|Madibou,Madibou,0.0,0.16982557212784585,0.0046490378768658195,0.0,495.7532467532468,unresolved,unresolved,below,below
Aubergine violette,seven_paired_market_groups,pair:Mikalou|Madibou,Mikalou,0.0,0.16982557212784585,0.16517653425098003,0.0,495.7532467532468,unresolved,unresolved,below,below
Aubergine violette,seven_paired_market_groups,pair:Mikalou|Madibou,Mokoundzi-ngouaka,0.0,0.1744766143242395,0.07711726155663401,0.0,509.33052631578937,unresolved,unresolved,below,below
Aubergine violette,seven_paired_market_groups,pair:Mikalou|Madibou,Moungali,0.0,0.09199809774186937,0.05431642231885169,0.0,268.56,unresolved,below,below,below
Aubergine violette,seven_paired_market_groups,pair:Mikalou|Madibou,Ouenze,0.0,0.09512910240883647,0.08033048078816044,0.0,277.7,unresolved,below,below,below
Aubergine violette,seven_paired_market_groups,pair:Mikalou|Madibou,Plateaux des 15 ans,0.0,0.02861255845663021,0.014250524523613963,0.0,83.5255172413793,below,below,below,below
Aubergine violette,seven_paired_market_groups,pair:Mikalou|Madibou,Poto-poto,0.0,0.16118165381852984,0.11749831518268243,0.0,470.5199999999999,unresolved,unresolved,below,below
Aubergine violette,seven_paired_market_groups,pair:Mikalou|Madibou,Talangai,0.0,0.09199809774186937,0.03768167542301769,0.0,268.56,unresolved,below,below,below
Aubergine violette,seven_paired_market_groups,pair:Mikalou|Madibou,Texaco,0.0,0.1744766143242395,0.09735935276760548,0.0,509.33052631578937,unresolved,unresolved,below,below
Aubergine violette,seven_paired_market_groups,pair:Mikalou|Madibou,Total,0.0,0.27877640112204893,0.2691847019234626,0.0,813.801503759399,unresolved,unresolved,unresolved,below
Aubergine violette,seven_paired_market_groups,pair:Poto-poto|Bourreau,Bifouiti,0.0,0.09512910240883647,0.01479862162067604,0.0,277.7,unresolved,below,below,below
Aubergine violette,seven_paired_market_groups,pair:Poto-poto|Bourreau,Bourreau,0.0,0.16118165381852984,0.04368333863584742,0.0,470.5199999999999,unresolved,unresolved,below,below
Aubergine violette,seven_paired_market_groups,pair:Poto-poto|Bourreau,Commission,0.0,0.27877640112204893,0.009591699198586323,0.0,813.801503759399,unresolved,unresolved,unresolved,below
Aubergine violette,seven_paired_market_groups,pair:Poto-poto|Bourreau,Kintele,0.0,0.02861255845663021,0.014362033933016247,0.0,83.5255172413793,below,below,below,below
Aubergine violette,seven_paired_market_groups,pair:Poto-poto|Bourreau,Madibou,0.0,0.16982557212784585,0.0046490378768658195,0.0,495.7532467532468,unresolved,unresolved,below,below
Aubergine violette,seven_paired_market_groups,pair:Poto-poto|Bourreau,Mikalou,0.0,0.16982557212784585,0.16517653425098003,0.0,495.7532467532468,unresolved,unresolved,below,below
Aubergine violette,seven_paired_market_groups,pair:Poto-poto|Bourreau,Mokoundzi-ngouaka,0.0,0.1744766143242395,0.07711726155663401,0.0,509.33052631578937,unresolved,unresolved,below,below
Aubergine violette,seven_paired_market_groups,pair:Poto-poto|Bourreau,Moungali,0.0,0.09199809774186937,0.05431642231885169,0.0,268.56,unresolved,below,below,below
Aubergine violette,seven_paired_market_groups,pair:Poto-poto|Bourreau,Ouenze,0.0,0.09512910240883647,0.08033048078816044,0.0,277.7,unresolved,below,below,below
Aubergine violette,seven_paired_market_groups,pair:Poto-poto|Bourreau,Plateaux des 15 ans,0.0,0.02861255845663021,0.014250524523613963,0.0,83.5255172413793,below,below,below,below
Aubergine violette,seven_paired_market_groups,pair:Poto-poto|Bourreau,Poto-poto,0.0,0.16118165381852984,0.11749831518268243,0.0,470.5199999999999,unresolved,unresolved,below,below
Aubergine violette,seven_paired_market_groups,pair:Poto-poto|Bourreau,Talangai,0.0,0.09199809774186937,0.03768167542301769,0.0,268.56,unresolved,below,below,below
Aubergine violette,seven_paired_market_groups,pair:Poto-poto|Bourreau,Texaco,0.0,0.1744766143242395,0.09735935276760548,0.0,509.33052631578937,unresolved,unresolved,below,below
Aubergine violette,seven_paired_market_groups,pair:Poto-poto|Bourreau,Total,0.0,0.27877640112204893,0.2691847019234626,0.0,813.801503759399,unresolved,unresolved,unresolved,below
Aubergine violette,seven_paired_market_groups,pair:Talangai|Moungali,Bifouiti,0.0,0.09512910240883647,0.01479862162067604,0.0,277.7,unresolved,below,below,below
Aubergine violette,seven_paired_market_groups,pair:Talangai|Moungali,Bourreau,0.0,0.16118165381852984,0.04368333863584742,0.0,470.5199999999999,unresolved,unresolved,below,below
Aubergine violette,seven_paired_market_groups,pair:Talangai|Moungali,Commission,0.0,0.27877640112204893,0.009591699198586323,0.0,813.801503759399,unresolved,unresolved,unresolved,below
Aubergine violette,seven_paired_market_groups,pair:Talangai|Moungali,Kintele,0.0,0.02861255845663021,0.014362033933016247,0.0,83.5255172413793,below,below,below,below
Aubergine violette,seven_paired_market_groups,pair:Talangai|Moungali,Madibou,0.0,0.16982557212784585,0.0046490378768658195,0.0,495.7532467532468,unresolved,unresolved,below,below
Aubergine violette,seven_paired_market_groups,pair:Talangai|Moungali,Mikalou,0.0,0.16982557212784585,0.16517653425098003,0.0,495.7532467532468,unresolved,unresolved,below,below
Aubergine violette,seven_paired_market_groups,pair:Talangai|Moungali,Mokoundzi-ngouaka,0.0,0.1744766143242395,0.07711726155663401,0.0,509.33052631578937,unresolved,unresolved,below,below
Aubergine violette,seven_paired_market_groups,pair:Talangai|Moungali,Moungali,0.0,0.09199809774186937,0.05431642231885169,0.0,268.56,unresolved,below,below,below
Aubergine violette,seven_paired_market_groups,pair:Talangai|Moungali,Ouenze,0.0,0.09512910240883647,0.08033048078816044,0.0,277.7,unresolved,below,below,below
Aubergine violette,seven_paired_market_groups,pair:Talangai|Moungali,Plateaux des 15 ans,0.0,0.02861255845663021,0.014250524523613963,0.0,83.5255172413793,below,below,below,below
Aubergine violette,seven_paired_market_groups,pair:Talangai|Moungali,Poto-poto,0.0,0.16118165381852984,0.11749831518268243,0.0,470.5199999999999,unresolved,unresolved,below,below
Aubergine violette,seven_paired_market_groups,pair:Talangai|Moungali,Talangai,0.0,0.09199809774186937,0.03768167542301769,0.0,268.56,unresolved,below,below,below
Aubergine violette,seven_paired_market_groups,pair:Talangai|Moungali,Texaco,0.0,0.1744766143242395,0.09735935276760548,0.0,509.33052631578937,unresolved,unresolved,below,below
Aubergine violette,seven_paired_market_groups,pair:Talangai|Moungali,Total,0.0,0.27877640112204893,0.2691847019234626,0.0,813.801503759399,unresolved,unresolved,unresolved,below
Baselle,seven_individual_markets,none,Bifouiti,0.05363040502524528,0.05363040502524528,0.05363040502524528,136.8,136.8,above,below,below,below
Baselle,seven_individual_markets,none,Bourreau,0.015191361072574959,0.015191361072574959,0.015191361072574959,38.75,38.75,below,below,below,below
Baselle,seven_individual_markets,none,Commission,0.0,0.3751188088333768,0.002822652896065541,0.0,956.85,unresolved,unresolved,unresolved,below
Baselle,seven_individual_markets,none,Kintele,0.0,0.3751188088333768,0.06806709848324716,0.0,956.85,unresolved,unresolved,unresolved,below
Baselle,seven_individual_markets,none,Madibou,0.0699782697149582,0.0699782697149582,0.0699782697149582,178.5,178.5,above,below,below,below
Baselle,seven_individual_markets,none,Mikalou,0.0,0.3751188088333768,0.246668500306172,0.0,956.85,unresolved,unresolved,unresolved,below
Baselle,seven_individual_markets,none,Mokoundzi-ngouaka,0.025795911189043414,0.025795911189043414,0.025795911189043414,65.8,65.8,below,below,below,below
Baselle,seven_individual_markets,none,Moungali,0.0,0.3751188088333768,0.019023504414108383,0.0,956.85,unresolved,unresolved,unresolved,below
Baselle,seven_individual_markets,none,Ouenze,0.026070335776160896,0.026070335776160896,0.026070335776160896,66.5,66.5,below,below,below,below
Baselle,seven_individual_markets,none,Plateaux des 15 ans,0.0,0.3751188088333768,0.017347554257069468,0.0,956.85,unresolved,unresolved,unresolved,below
Baselle,seven_individual_markets,none,Poto-poto,0.0,0.3751188088333768,0.018366845580648692,0.0,956.85,unresolved,unresolved,unresolved,below
Baselle,seven_individual_markets,none,Talangai,0.0,0.3751188088333768,0.0028226528960655405,0.0,956.85,unresolved,unresolved,unresolved,below
Baselle,seven_individual_markets,none,Texaco,0.010873427036730462,0.010873427036730462,0.010873427036730462,27.73584905660377,27.73584905660377,below,below,below,below
Baselle,seven_individual_markets,none,Total,0.42334148135190997,0.42334148135190997,0.42334148135190997,1079.8560000000004,1079.8560000000004,above,above,above,below
Baselle,seven_individual_markets,market:Total,Bifouiti,0.05363040502524528,0.05363040502524528,0.05363040502524528,136.8,136.8,above,below,below,below
Baselle,seven_individual_markets,market:Total,Bourreau,0.015191361072574959,0.015191361072574959,0.015191361072574959,38.75,38.75,below,below,below,below
Baselle,seven_individual_markets,market:Total,Commission,0.0,0.7984602901852867,0.002822652896065541,0.0,2036.7060000000006,unresolved,unresolved,unresolved,unresolved
Baselle,seven_individual_markets,market:Total,Kintele,0.0,0.7984602901852867,0.06806709848324716,0.0,2036.7060000000006,unresolved,unresolved,unresolved,unresolved
Baselle,seven_individual_markets,market:Total,Madibou,0.0699782697149582,0.0699782697149582,0.0699782697149582,178.5,178.5,above,below,below,below
Baselle,seven_individual_markets,market:Total,Mikalou,0.0,0.7984602901852867,0.246668500306172,0.0,2036.7060000000006,unresolved,unresolved,unresolved,unresolved
Baselle,seven_individual_markets,market:Total,Mokoundzi-ngouaka,0.025795911189043414,0.025795911189043414,0.025795911189043414,65.8,65.8,below,below,below,below
Baselle,seven_individual_markets,market:Total,Moungali,0.0,0.7984602901852867,0.019023504414108383,0.0,2036.7060000000006,unresolved,unresolved,unresolved,unresolved
Baselle,seven_individual_markets,market:Total,Ouenze,0.026070335776160896,0.026070335776160896,0.026070335776160896,66.5,66.5,below,below,below,below
Baselle,seven_individual_markets,market:Total,Plateaux des 15 ans,0.0,0.7984602901852867,0.017347554257069468,0.0,2036.7060000000006,unresolved,unresolved,unresolved,unresolved
Baselle,seven_individual_markets,market:Total,Poto-poto,0.0,0.7984602901852867,0.018366845580648692,0.0,2036.7060000000006,unresolved,unresolved,unresolved,unresolved
Baselle,seven_individual_markets,market:Total,Talangai,0.0,0.7984602901852867,0.0028226528960655405,0.0,2036.7060000000006,unresolved,unresolved,unresolved,unresolved
Baselle,seven_individual_markets,market:Total,Texaco,0.010873427036730462,0.010873427036730462,0.010873427036730462,27.73584905660377,27.73584905660377,below,below,below,below
Baselle,seven_individual_markets,market:Total,Total,0.0,0.7984602901852867,0.42334148135190997,0.0,2036.7060000000006,unresolved,unresolved,unresolved,unresolved
Baselle,seven_individual_markets,market:Bourreau,Bifouiti,0.05363040502524528,0.05363040502524528,0.05363040502524528,136.8,136.8,above,below,below,below
Baselle,seven_individual_markets,market:Bourreau,Bourreau,0.0,0.39031016990595174,0.015191361072574959,0.0,995.6,unresolved,unresolved,unresolved,below
Baselle,seven_individual_markets,market:Bourreau,Commission,0.0,0.39031016990595174,0.002822652896065541,0.0,995.6,unresolved,unresolved,unresolved,below
Baselle,seven_individual_markets,market:Bourreau,Kintele,0.0,0.39031016990595174,0.06806709848324716,0.0,995.6,unresolved,unresolved,unresolved,below
Baselle,seven_individual_markets,market:Bourreau,Madibou,0.0699782697149582,0.0699782697149582,0.0699782697149582,178.5,178.5,above,below,below,below
Baselle,seven_individual_markets,market:Bourreau,Mikalou,0.0,0.39031016990595174,0.246668500306172,0.0,995.6,unresolved,unresolved,unresolved,below
Baselle,seven_individual_markets,market:Bourreau,Mokoundzi-ngouaka,0.025795911189043414,0.025795911189043414,0.025795911189043414,65.8,65.8,below,below,below,below
Baselle,seven_individual_markets,market:Bourreau,Moungali,0.0,0.39031016990595174,0.019023504414108383,0.0,995.6,unresolved,unresolved,unresolved,below
Baselle,seven_individual_markets,market:Bourreau,Ouenze,0.026070335776160896,0.026070335776160896,0.026070335776160896,66.5,66.5,below,below,below,below
Baselle,seven_individual_markets,market:Bourreau,Plateaux des 15 ans,0.0,0.39031016990595174,0.017347554257069468,0.0,995.6,unresolved,unresolved,unresolved,below
Baselle,seven_individual_markets,market:Bourreau,Poto-poto,0.0,0.39031016990595174,0.018366845580648692,0.0,995.6,unresolved,unresolved,unresolved,below
Baselle,seven_individual_markets,market:Bourreau,Talangai,0.0,0.39031016990595174,0.0028226528960655405,0.0,995.6,unresolved,unresolved,unresolved,below
Baselle,seven_individual_markets,market:Bourreau,Texaco,0.010873427036730462,0.010873427036730462,0.010873427036730462,27.73584905660377,27.73584905660377,below,below,below,below
Baselle,seven_individual_markets,market:Bourreau,Total,0.42334148135190997,0.42334148135190997,0.42334148135190997,1079.8560000000004,1079.8560000000004,above,above,above,below
Baselle,seven_individual_markets,market:Texaco,Bifouiti,0.05363040502524528,0.05363040502524528,0.05363040502524528,136.8,136.8,above,below,below,below
Baselle,seven_individual_markets,market:Texaco,Bourreau,0.015191361072574959,0.015191361072574959,0.015191361072574959,38.75,38.75,below,below,below,below
Baselle,seven_individual_markets,market:Texaco,Commission,0.0,0.3859922358701072,0.002822652896065541,0.0,984.5858490566038,unresolved,unresolved,unresolved,below
Baselle,seven_individual_markets,market:Texaco,Kintele,0.0,0.3859922358701072,0.06806709848324716,0.0,984.5858490566038,unresolved,unresolved,unresolved,below
Baselle,seven_individual_markets,market:Texaco,Madibou,0.0699782697149582,0.0699782697149582,0.0699782697149582,178.5,178.5,above,below,below,below
Baselle,seven_individual_markets,market:Texaco,Mikalou,0.0,0.3859922358701072,0.246668500306172,0.0,984.5858490566038,unresolved,unresolved,unresolved,below
Baselle,seven_individual_markets,market:Texaco,Mokoundzi-ngouaka,0.025795911189043414,0.025795911189043414,0.025795911189043414,65.8,65.8,below,below,below,below
Baselle,seven_individual_markets,market:Texaco,Moungali,0.0,0.3859922358701072,0.019023504414108383,0.0,984.5858490566038,unresolved,unresolved,unresolved,below
Baselle,seven_individual_markets,market:Texaco,Ouenze,0.026070335776160896,0.026070335776160896,0.026070335776160896,66.5,66.5,below,below,below,below
Baselle,seven_individual_markets,market:Texaco,Plateaux des 15 ans,0.0,0.3859922358701072,0.017347554257069468,0.0,984.5858490566038,unresolved,unresolved,unresolved,below
Baselle,seven_individual_markets,market:Texaco,Poto-poto,0.0,0.3859922358701072,0.018366845580648692,0.0,984.5858490566038,unresolved,unresolved,unresolved,below
Baselle,seven_individual_markets,market:Texaco,Talangai,0.0,0.3859922358701072,0.0028226528960655405,0.0,984.5858490566038,unresolved,unresolved,unresolved,below
Baselle,seven_individual_markets,market:Texaco,Texaco,0.0,0.3859922358701072,0.010873427036730462,0.0,984.5858490566038,unresolved,unresolved,unresolved,below
Baselle,seven_individual_markets,market:Texaco,Total,0.42334148135190997,0.42334148135190997,0.42334148135190997,1079.8560000000004,1079.8560000000004,above,above,above,below
Baselle,seven_individual_markets,market:Madibou,Bifouiti,0.05363040502524528,0.05363040502524528,0.05363040502524528,136.8,136.8,above,below,below,below
Baselle,seven_individual_markets,market:Madibou,Bourreau,0.015191361072574959,0.015191361072574959,0.015191361072574959,38.75,38.75,below,below,below,below
Baselle,seven_individual_markets,market:Madibou,Commission,0.0,0.44509707854833497,0.002822652896065541,0.0,1135.3500000000001,unresolved,unresolved,unresolved,below
Baselle,seven_individual_markets,market:Madibou,Kintele,0.0,0.44509707854833497,0.06806709848324716,0.0,1135.3500000000001,unresolved,unresolved,unresolved,below
Baselle,seven_individual_markets,market:Madibou,Madibou,0.0,0.44509707854833497,0.0699782697149582,0.0,1135.3500000000001,unresolved,unresolved,unresolved,below
Baselle,seven_individual_markets,market:Madibou,Mikalou,0.0,0.44509707854833497,0.246668500306172,0.0,1135.3500000000001,unresolved,unresolved,unresolved,below
Baselle,seven_individual_markets,market:Madibou,Mokoundzi-ngouaka,0.025795911189043414,0.025795911189043414,0.025795911189043414,65.8,65.8,below,below,below,below
Baselle,seven_individual_markets,market:Madibou,Moungali,0.0,0.44509707854833497,0.019023504414108383,0.0,1135.3500000000001,unresolved,unresolved,unresolved,below
Baselle,seven_individual_markets,market:Madibou,Ouenze,0.026070335776160896,0.026070335776160896,0.026070335776160896,66.5,66.5,below,below,below,below
Baselle,seven_individual_markets,market:Madibou,Plateaux des 15 ans,0.0,0.44509707854833497,0.017347554257069468,0.0,1135.3500000000001,unresolved,unresolved,unresolved,below
Baselle,seven_individual_markets,market:Madibou,Poto-poto,0.0,0.44509707854833497,0.018366845580648692,0.0,1135.3500000000001,unresolved,unresolved,unresolved,below
Baselle,seven_individual_markets,market:Madibou,Talangai,0.0,0.44509707854833497,0.0028226528960655405,0.0,1135.3500000000001,unresolved,unresolved,unresolved,below
Baselle,seven_individual_markets,market:Madibou,Texaco,0.010873427036730462,0.010873427036730462,0.010873427036730462,27.73584905660377,27.73584905660377,below,below,below,below
Baselle,seven_individual_markets,market:Madibou,Total,0.42334148135190997,0.42334148135190997,0.42334148135190997,1079.8560000000004,1079.8560000000004,above,above,above,below
Baselle,seven_individual_markets,market:Ouenze,Bifouiti,0.05363040502524528,0.05363040502524528,0.05363040502524528,136.8,136.8,above,below,below,below
Baselle,seven_individual_markets,market:Ouenze,Bourreau,0.015191361072574959,0.015191361072574959,0.015191361072574959,38.75,38.75,below,below,below,below
Baselle,seven_individual_markets,market:Ouenze,Commission,0.0,0.4011891446095377,0.002822652896065541,0.0,1023.3500000000001,unresolved,unresolved,unresolved,below
Baselle,seven_individual_markets,market:Ouenze,Kintele,0.0,0.4011891446095377,0.06806709848324716,0.0,1023.3500000000001,unresolved,unresolved,unresolved,below
Baselle,seven_individual_markets,market:Ouenze,Madibou,0.0699782697149582,0.0699782697149582,0.0699782697149582,178.5,178.5,above,below,below,below
Baselle,seven_individual_markets,market:Ouenze,Mikalou,0.0,0.4011891446095377,0.246668500306172,0.0,1023.3500000000001,unresolved,unresolved,unresolved,below
Baselle,seven_individual_markets,market:Ouenze,Mokoundzi-ngouaka,0.025795911189043414,0.025795911189043414,0.025795911189043414,65.8,65.8,below,below,below,below
Baselle,seven_individual_markets,market:Ouenze,Moungali,0.0,0.4011891446095377,0.019023504414108383,0.0,1023.3500000000001,unresolved,unresolved,unresolved,below
Baselle,seven_individual_markets,market:Ouenze,Ouenze,0.0,0.4011891446095377,0.026070335776160896,0.0,1023.3500000000001,unresolved,unresolved,unresolved,below
Baselle,seven_individual_markets,market:Ouenze,Plateaux des 15 ans,0.0,0.4011891446095377,0.017347554257069468,0.0,1023.3500000000001,unresolved,unresolved,unresolved,below
Baselle,seven_individual_markets,market:Ouenze,Poto-poto,0.0,0.4011891446095377,0.018366845580648692,0.0,1023.3500000000001,unresolved,unresolved,unresolved,below
Baselle,seven_individual_markets,market:Ouenze,Talangai,0.0,0.4011891446095377,0.0028226528960655405,0.0,1023.3500000000001,unresolved,unresolved,unresolved,below
Baselle,seven_individual_markets,market:Ouenze,Texaco,0.010873427036730462,0.010873427036730462,0.010873427036730462,27.73584905660377,27.73584905660377,below,below,below,below
Baselle,seven_individual_markets,market:Ouenze,Total,0.42334148135190997,0.42334148135190997,0.42334148135190997,1079.8560000000004,1079.8560000000004,above,above,above,below
Baselle,seven_individual_markets,market:Bifouiti,Bifouiti,0.0,0.4287492138586221,0.05363040502524528,0.0,1093.65,unresolved,unresolved,unresolved,below
Baselle,seven_individual_markets,market:Bifouiti,Bourreau,0.015191361072574959,0.015191361072574959,0.015191361072574959,38.75,38.75,below,below,below,below
Baselle,seven_individual_markets,market:Bifouiti,Commission,0.0,0.4287492138586221,0.002822652896065541,0.0,1093.65,unresolved,unresolved,unresolved,below
Baselle,seven_individual_markets,market:Bifouiti,Kintele,0.0,0.4287492138586221,0.06806709848324716,0.0,1093.65,unresolved,unresolved,unresolved,below
Baselle,seven_individual_markets,market:Bifouiti,Madibou,0.0699782697149582,0.0699782697149582,0.0699782697149582,178.5,178.5,above,below,below,below
Baselle,seven_individual_markets,market:Bifouiti,Mikalou,0.0,0.4287492138586221,0.246668500306172,0.0,1093.65,unresolved,unresolved,unresolved,below
Baselle,seven_individual_markets,market:Bifouiti,Mokoundzi-ngouaka,0.025795911189043414,0.025795911189043414,0.025795911189043414,65.8,65.8,below,below,below,below
Baselle,seven_individual_markets,market:Bifouiti,Moungali,0.0,0.4287492138586221,0.019023504414108383,0.0,1093.65,unresolved,unresolved,unresolved,below
Baselle,seven_individual_markets,market:Bifouiti,Ouenze,0.026070335776160896,0.026070335776160896,0.026070335776160896,66.5,66.5,below,below,below,below
Baselle,seven_individual_markets,market:Bifouiti,Plateaux des 15 ans,0.0,0.4287492138586221,0.017347554257069468,0.0,1093.65,unresolved,unresolved,unresolved,below
Baselle,seven_individual_markets,market:Bifouiti,Poto-poto,0.0,0.4287492138586221,0.018366845580648692,0.0,1093.65,unresolved,unresolved,unresolved,below
Baselle,seven_individual_markets,market:Bifouiti,Talangai,0.0,0.4287492138586221,0.0028226528960655405,0.0,1093.65,unresolved,unresolved,unresolved,below
Baselle,seven_individual_markets,market:Bifouiti,Texaco,0.010873427036730462,0.010873427036730462,0.010873427036730462,27.73584905660377,27.73584905660377,below,below,below,below
Baselle,seven_individual_markets,market:Bifouiti,Total,0.42334148135190997,0.42334148135190997,0.42334148135190997,1079.8560000000004,1079.8560000000004,above,above,above,below
Baselle,seven_individual_markets,market:Mokoundzi-ngouaka,Bifouiti,0.05363040502524528,0.05363040502524528,0.05363040502524528,136.8,136.8,above,below,below,below
Baselle,seven_individual_markets,market:Mokoundzi-ngouaka,Bourreau,0.015191361072574959,0.015191361072574959,0.015191361072574959,38.75,38.75,below,below,below,below
Baselle,seven_individual_markets,market:Mokoundzi-ngouaka,Commission,0.0,0.4009147200224202,0.002822652896065541,0.0,1022.65,unresolved,unresolved,unresolved,below
Baselle,seven_individual_markets,market:Mokoundzi-ngouaka,Kintele,0.0,0.4009147200224202,0.06806709848324716,0.0,1022.65,unresolved,unresolved,unresolved,below
Baselle,seven_individual_markets,market:Mokoundzi-ngouaka,Madibou,0.0699782697149582,0.0699782697149582,0.0699782697149582,178.5,178.5,above,below,below,below
Baselle,seven_individual_markets,market:Mokoundzi-ngouaka,Mikalou,0.0,0.4009147200224202,0.246668500306172,0.0,1022.65,unresolved,unresolved,unresolved,below
Baselle,seven_individual_markets,market:Mokoundzi-ngouaka,Mokoundzi-ngouaka,0.0,0.4009147200224202,0.025795911189043414,0.0,1022.65,unresolved,unresolved,unresolved,below
Baselle,seven_individual_markets,market:Mokoundzi-ngouaka,Moungali,0.0,0.4009147200224202,0.019023504414108383,0.0,1022.65,unresolved,unresolved,unresolved,below
Baselle,seven_individual_markets,market:Mokoundzi-ngouaka,Ouenze,0.026070335776160896,0.026070335776160896,0.026070335776160896,66.5,66.5,below,below,below,below
Baselle,seven_individual_markets,market:Mokoundzi-ngouaka,Plateaux des 15 ans,0.0,0.4009147200224202,0.017347554257069468,0.0,1022.65,unresolved,unresolved,unresolved,below
Baselle,seven_individual_markets,market:Mokoundzi-ngouaka,Poto-poto,0.0,0.4009147200224202,0.018366845580648692,0.0,1022.65,unresolved,unresolved,unresolved,below
Baselle,seven_individual_markets,market:Mokoundzi-ngouaka,Talangai,0.0,0.4009147200224202,0.0028226528960655405,0.0,1022.65,unresolved,unresolved,unresolved,below
Baselle,seven_individual_markets,market:Mokoundzi-ngouaka,Texaco,0.010873427036730462,0.010873427036730462,0.010873427036730462,27.73584905660377,27.73584905660377,below,below,below,below
Baselle,seven_individual_markets,market:Mokoundzi-ngouaka,Total,0.42334148135190997,0.42334148135190997,0.42334148135190997,1079.8560000000004,1079.8560000000004,above,above,above,below
Baselle,seven_paired_market_groups,none,Bifouiti,0.0,0.07199725060589397,0.05363040502524528,0.0,183.65,unresolved,below,below,below
Baselle,seven_paired_market_groups,none,Bourreau,0.0,0.08325845955582212,0.015191361072574959,0.0,212.375,unresolved,below,below,below
Baselle,seven_paired_market_groups,none,Commission,0.0,0.4261641342479755,0.002822652896065541,0.0,1087.0560000000005,unresolved,unresolved,unresolved,below
Baselle,seven_paired_market_groups,none,Kintele,0.0,0.08325845955582212,0.06806709848324716,0.0,212.375,unresolved,below,below,below
Baselle,seven_paired_market_groups,none,Madibou,0.0,0.08732582397202766,0.0699782697149582,0.0,222.75,unresolved,below,below,below
Baselle,seven_paired_market_groups,none,Mikalou,0.0,0.2724644114952154,0.246668500306172,0.0,695.0,unresolved,unresolved,unresolved,below
Baselle,seven_paired_market_groups,none,Mokoundzi-ngouaka,0.0,0.2724644114952154,0.025795911189043414,0.0,695.0,unresolved,unresolved,unresolved,below
Baselle,seven_paired_market_groups,none,Moungali,0.0,0.029896931450838847,0.019023504414108383,0.0,76.26084905660377,below,below,below,below
Baselle,seven_paired_market_groups,none,Ouenze,0.0,0.028892988672226436,0.026070335776160896,0.0,73.69999999999999,below,below,below,below
Baselle,seven_paired_market_groups,none,Plateaux des 15 ans,0.0,0.08732582397202766,0.017347554257069468,0.0,222.75,unresolved,below,below,below
Baselle,seven_paired_market_groups,none,Poto-poto,0.0,0.07199725060589397,0.018366845580648692,0.0,183.65,unresolved,below,below,below
Baselle,seven_paired_market_groups,none,Talangai,0.0,0.028892988672226436,0.0028226528960655405,0.0,73.69999999999999,below,below,below,below
Baselle,seven_paired_market_groups,none,Texaco,0.0,0.029896931450838847,0.010873427036730462,0.0,76.26084905660377,below,below,below,below
Baselle,seven_paired_market_groups,none,Total,0.0,0.4261641342479755,0.42334148135190997,0.0,1087.0560000000005,unresolved,unresolved,unresolved,below
Baselle,seven_paired_market_groups,pair:Total|Commission,Bifouiti,0.0,0.07199725060589397,0.05363040502524528,0.0,183.65,unresolved,below,below,below
Baselle,seven_paired_market_groups,pair:Total|Commission,Bourreau,0.0,0.08325845955582212,0.015191361072574959,0.0,212.375,unresolved,below,below,below
Baselle,seven_paired_market_groups,pair:Total|Commission,Commission,0.0,0.4261641342479755,0.002822652896065541,0.0,1087.0560000000005,unresolved,unresolved,unresolved,below
Baselle,seven_paired_market_groups,pair:Total|Commission,Kintele,0.0,0.08325845955582212,0.06806709848324716,0.0,212.375,unresolved,below,below,below
Baselle,seven_paired_market_groups,pair:Total|Commission,Madibou,0.0,0.08732582397202766,0.0699782697149582,0.0,222.75,unresolved,below,below,below
Baselle,seven_paired_market_groups,pair:Total|Commission,Mikalou,0.0,0.2724644114952154,0.246668500306172,0.0,695.0,unresolved,unresolved,unresolved,below
Baselle,seven_paired_market_groups,pair:Total|Commission,Mokoundzi-ngouaka,0.0,0.2724644114952154,0.025795911189043414,0.0,695.0,unresolved,unresolved,unresolved,below
Baselle,seven_paired_market_groups,pair:Total|Commission,Moungali,0.0,0.029896931450838847,0.019023504414108383,0.0,76.26084905660377,below,below,below,below
Baselle,seven_paired_market_groups,pair:Total|Commission,Ouenze,0.0,0.028892988672226436,0.026070335776160896,0.0,73.69999999999999,below,below,below,below
Baselle,seven_paired_market_groups,pair:Total|Commission,Plateaux des 15 ans,0.0,0.08732582397202766,0.017347554257069468,0.0,222.75,unresolved,below,below,below
Baselle,seven_paired_market_groups,pair:Total|Commission,Poto-poto,0.0,0.07199725060589397,0.018366845580648692,0.0,183.65,unresolved,below,below,below
Baselle,seven_paired_market_groups,pair:Total|Commission,Talangai,0.0,0.028892988672226436,0.0028226528960655405,0.0,73.69999999999999,below,below,below,below
Baselle,seven_paired_market_groups,pair:Total|Commission,Texaco,0.0,0.029896931450838847,0.010873427036730462,0.0,76.26084905660377,below,below,below,below
Baselle,seven_paired_market_groups,pair:Total|Commission,Total,0.0,0.4261641342479755,0.42334148135190997,0.0,1087.0560000000005,unresolved,unresolved,unresolved,below
Baselle,seven_paired_market_groups,pair:Bourreau|Kintele,Bifouiti,0.0,0.07199725060589397,0.05363040502524528,0.0,183.65,unresolved,below,below,below
Baselle,seven_paired_market_groups,pair:Bourreau|Kintele,Bourreau,0.0,0.08325845955582212,0.015191361072574959,0.0,212.375,unresolved,below,below,below
Baselle,seven_paired_market_groups,pair:Bourreau|Kintele,Commission,0.0,0.4261641342479755,0.002822652896065541,0.0,1087.0560000000005,unresolved,unresolved,unresolved,below
Baselle,seven_paired_market_groups,pair:Bourreau|Kintele,Kintele,0.0,0.08325845955582212,0.06806709848324716,0.0,212.375,unresolved,below,below,below
Baselle,seven_paired_market_groups,pair:Bourreau|Kintele,Madibou,0.0,0.08732582397202766,0.0699782697149582,0.0,222.75,unresolved,below,below,below
Baselle,seven_paired_market_groups,pair:Bourreau|Kintele,Mikalou,0.0,0.2724644114952154,0.246668500306172,0.0,695.0,unresolved,unresolved,unresolved,below
Baselle,seven_paired_market_groups,pair:Bourreau|Kintele,Mokoundzi-ngouaka,0.0,0.2724644114952154,0.025795911189043414,0.0,695.0,unresolved,unresolved,unresolved,below
Baselle,seven_paired_market_groups,pair:Bourreau|Kintele,Moungali,0.0,0.029896931450838847,0.019023504414108383,0.0,76.26084905660377,below,below,below,below
Baselle,seven_paired_market_groups,pair:Bourreau|Kintele,Ouenze,0.0,0.028892988672226436,0.026070335776160896,0.0,73.69999999999999,below,below,below,below
Baselle,seven_paired_market_groups,pair:Bourreau|Kintele,Plateaux des 15 ans,0.0,0.08732582397202766,0.017347554257069468,0.0,222.75,unresolved,below,below,below
Baselle,seven_paired_market_groups,pair:Bourreau|Kintele,Poto-poto,0.0,0.07199725060589397,0.018366845580648692,0.0,183.65,unresolved,below,below,below
Baselle,seven_paired_market_groups,pair:Bourreau|Kintele,Talangai,0.0,0.028892988672226436,0.0028226528960655405,0.0,73.69999999999999,below,below,below,below
Baselle,seven_paired_market_groups,pair:Bourreau|Kintele,Texaco,0.0,0.029896931450838847,0.010873427036730462,0.0,76.26084905660377,below,below,below,below
Baselle,seven_paired_market_groups,pair:Bourreau|Kintele,Total,0.0,0.4261641342479755,0.42334148135190997,0.0,1087.0560000000005,unresolved,unresolved,unresolved,below
Baselle,seven_paired_market_groups,pair:Texaco|Moungali,Bifouiti,0.0,0.07199725060589397,0.05363040502524528,0.0,183.65,unresolved,below,below,below
Baselle,seven_paired_market_groups,pair:Texaco|Moungali,Bourreau,0.0,0.08325845955582212,0.015191361072574959,0.0,212.375,unresolved,below,below,below
Baselle,seven_paired_market_groups,pair:Texaco|Moungali,Commission,0.0,0.4261641342479755,0.002822652896065541,0.0,1087.0560000000005,unresolved,unresolved,unresolved,below
Baselle,seven_paired_market_groups,pair:Texaco|Moungali,Kintele,0.0,0.08325845955582212,0.06806709848324716,0.0,212.375,unresolved,below,below,below
Baselle,seven_paired_market_groups,pair:Texaco|Moungali,Madibou,0.0,0.08732582397202766,0.0699782697149582,0.0,222.75,unresolved,below,below,below
Baselle,seven_paired_market_groups,pair:Texaco|Moungali,Mikalou,0.0,0.2724644114952154,0.246668500306172,0.0,695.0,unresolved,unresolved,unresolved,below
Baselle,seven_paired_market_groups,pair:Texaco|Moungali,Mokoundzi-ngouaka,0.0,0.2724644114952154,0.025795911189043414,0.0,695.0,unresolved,unresolved,unresolved,below
Baselle,seven_paired_market_groups,pair:Texaco|Moungali,Moungali,0.0,0.029896931450838847,0.019023504414108383,0.0,76.26084905660377,below,below,below,below
Baselle,seven_paired_market_groups,pair:Texaco|Moungali,Ouenze,0.0,0.028892988672226436,0.026070335776160896,0.0,73.69999999999999,below,below,below,below
Baselle,seven_paired_market_groups,pair:Texaco|Moungali,Plateaux des 15 ans,0.0,0.08732582397202766,0.017347554257069468,0.0,222.75,unresolved,below,below,below
Baselle,seven_paired_market_groups,pair:Texaco|Moungali,Poto-poto,0.0,0.07199725060589397,0.018366845580648692,0.0,183.65,unresolved,below,below,below
Baselle,seven_paired_market_groups,pair:Texaco|Moungali,Talangai,0.0,0.028892988672226436,0.0028226528960655405,0.0,73.69999999999999,below,below,below,below
Baselle,seven_paired_market_groups,pair:Texaco|Moungali,Texaco,0.0,0.029896931450838847,0.010873427036730462,0.0,76.26084905660377,below,below,below,below
Baselle,seven_paired_market_groups,pair:Texaco|Moungali,Total,0.0,0.4261641342479755,0.42334148135190997,0.0,1087.0560000000005,unresolved,unresolved,unresolved,below
Baselle,seven_paired_market_groups,pair:Madibou|Plateaux des 15 ans,Bifouiti,0.0,0.07199725060589397,0.05363040502524528,0.0,183.65,unresolved,below,below,below
Baselle,seven_paired_market_groups,pair:Madibou|Plateaux des 15 ans,Bourreau,0.0,0.08325845955582212,0.015191361072574959,0.0,212.375,unresolved,below,below,below
Baselle,seven_paired_market_groups,pair:Madibou|Plateaux des 15 ans,Commission,0.0,0.4261641342479755,0.002822652896065541,0.0,1087.0560000000005,unresolved,unresolved,unresolved,below
Baselle,seven_paired_market_groups,pair:Madibou|Plateaux des 15 ans,Kintele,0.0,0.08325845955582212,0.06806709848324716,0.0,212.375,unresolved,below,below,below
Baselle,seven_paired_market_groups,pair:Madibou|Plateaux des 15 ans,Madibou,0.0,0.08732582397202766,0.0699782697149582,0.0,222.75,unresolved,below,below,below
Baselle,seven_paired_market_groups,pair:Madibou|Plateaux des 15 ans,Mikalou,0.0,0.2724644114952154,0.246668500306172,0.0,695.0,unresolved,unresolved,unresolved,below
Baselle,seven_paired_market_groups,pair:Madibou|Plateaux des 15 ans,Mokoundzi-ngouaka,0.0,0.2724644114952154,0.025795911189043414,0.0,695.0,unresolved,unresolved,unresolved,below
Baselle,seven_paired_market_groups,pair:Madibou|Plateaux des 15 ans,Moungali,0.0,0.029896931450838847,0.019023504414108383,0.0,76.26084905660377,below,below,below,below
Baselle,seven_paired_market_groups,pair:Madibou|Plateaux des 15 ans,Ouenze,0.0,0.028892988672226436,0.026070335776160896,0.0,73.69999999999999,below,below,below,below
Baselle,seven_paired_market_groups,pair:Madibou|Plateaux des 15 ans,Plateaux des 15 ans,0.0,0.08732582397202766,0.017347554257069468,0.0,222.75,unresolved,below,below,below
Baselle,seven_paired_market_groups,pair:Madibou|Plateaux des 15 ans,Poto-poto,0.0,0.07199725060589397,0.018366845580648692,0.0,183.65,unresolved,below,below,below
Baselle,seven_paired_market_groups,pair:Madibou|Plateaux des 15 ans,Talangai,0.0,0.028892988672226436,0.0028226528960655405,0.0,73.69999999999999,below,below,below,below
Baselle,seven_paired_market_groups,pair:Madibou|Plateaux des 15 ans,Texaco,0.0,0.029896931450838847,0.010873427036730462,0.0,76.26084905660377,below,below,below,below
Baselle,seven_paired_market_groups,pair:Madibou|Plateaux des 15 ans,Total,0.0,0.4261641342479755,0.42334148135190997,0.0,1087.0560000000005,unresolved,unresolved,unresolved,below
Baselle,seven_paired_market_groups,pair:Ouenze|Talangai,Bifouiti,0.0,0.07199725060589397,0.05363040502524528,0.0,183.65,unresolved,below,below,below
Baselle,seven_paired_market_groups,pair:Ouenze|Talangai,Bourreau,0.0,0.08325845955582212,0.015191361072574959,0.0,212.375,unresolved,below,below,below
Baselle,seven_paired_market_groups,pair:Ouenze|Talangai,Commission,0.0,0.4261641342479755,0.002822652896065541,0.0,1087.0560000000005,unresolved,unresolved,unresolved,below
Baselle,seven_paired_market_groups,pair:Ouenze|Talangai,Kintele,0.0,0.08325845955582212,0.06806709848324716,0.0,212.375,unresolved,below,below,below
Baselle,seven_paired_market_groups,pair:Ouenze|Talangai,Madibou,0.0,0.08732582397202766,0.0699782697149582,0.0,222.75,unresolved,below,below,below
Baselle,seven_paired_market_groups,pair:Ouenze|Talangai,Mikalou,0.0,0.2724644114952154,0.246668500306172,0.0,695.0,unresolved,unresolved,unresolved,below
Baselle,seven_paired_market_groups,pair:Ouenze|Talangai,Mokoundzi-ngouaka,0.0,0.2724644114952154,0.025795911189043414,0.0,695.0,unresolved,unresolved,unresolved,below
Baselle,seven_paired_market_groups,pair:Ouenze|Talangai,Moungali,0.0,0.029896931450838847,0.019023504414108383,0.0,76.26084905660377,below,below,below,below
Baselle,seven_paired_market_groups,pair:Ouenze|Talangai,Ouenze,0.0,0.028892988672226436,0.026070335776160896,0.0,73.69999999999999,below,below,below,below
Baselle,seven_paired_market_groups,pair:Ouenze|Talangai,Plateaux des 15 ans,0.0,0.08732582397202766,0.017347554257069468,0.0,222.75,unresolved,below,below,below
Baselle,seven_paired_market_groups,pair:Ouenze|Talangai,Poto-poto,0.0,0.07199725060589397,0.018366845580648692,0.0,183.65,unresolved,below,below,below
Baselle,seven_paired_market_groups,pair:Ouenze|Talangai,Talangai,0.0,0.028892988672226436,0.0028226528960655405,0.0,73.69999999999999,below,below,below,below
Baselle,seven_paired_market_groups,pair:Ouenze|Talangai,Texaco,0.0,0.029896931450838847,0.010873427036730462,0.0,76.26084905660377,below,below,below,below
Baselle,seven_paired_market_groups,pair:Ouenze|Talangai,Total,0.0,0.4261641342479755,0.42334148135190997,0.0,1087.0560000000005,unresolved,unresolved,unresolved,below
Baselle,seven_paired_market_groups,pair:Bifouiti|Poto-poto,Bifouiti,0.0,0.07199725060589397,0.05363040502524528,0.0,183.65,unresolved,below,below,below
Baselle,seven_paired_market_groups,pair:Bifouiti|Poto-poto,Bourreau,0.0,0.08325845955582212,0.015191361072574959,0.0,212.375,unresolved,below,below,below
Baselle,seven_paired_market_groups,pair:Bifouiti|Poto-poto,Commission,0.0,0.4261641342479755,0.002822652896065541,0.0,1087.0560000000005,unresolved,unresolved,unresolved,below
Baselle,seven_paired_market_groups,pair:Bifouiti|Poto-poto,Kintele,0.0,0.08325845955582212,0.06806709848324716,0.0,212.375,unresolved,below,below,below
Baselle,seven_paired_market_groups,pair:Bifouiti|Poto-poto,Madibou,0.0,0.08732582397202766,0.0699782697149582,0.0,222.75,unresolved,below,below,below
Baselle,seven_paired_market_groups,pair:Bifouiti|Poto-poto,Mikalou,0.0,0.2724644114952154,0.246668500306172,0.0,695.0,unresolved,unresolved,unresolved,below
Baselle,seven_paired_market_groups,pair:Bifouiti|Poto-poto,Mokoundzi-ngouaka,0.0,0.2724644114952154,0.025795911189043414,0.0,695.0,unresolved,unresolved,unresolved,below
Baselle,seven_paired_market_groups,pair:Bifouiti|Poto-poto,Moungali,0.0,0.029896931450838847,0.019023504414108383,0.0,76.26084905660377,below,below,below,below
Baselle,seven_paired_market_groups,pair:Bifouiti|Poto-poto,Ouenze,0.0,0.028892988672226436,0.026070335776160896,0.0,73.69999999999999,below,below,below,below
Baselle,seven_paired_market_groups,pair:Bifouiti|Poto-poto,Plateaux des 15 ans,0.0,0.08732582397202766,0.017347554257069468,0.0,222.75,unresolved,below,below,below
Baselle,seven_paired_market_groups,pair:Bifouiti|Poto-poto,Poto-poto,0.0,0.07199725060589397,0.018366845580648692,0.0,183.65,unresolved,below,below,below
Baselle,seven_paired_market_groups,pair:Bifouiti|Poto-poto,Talangai,0.0,0.028892988672226436,0.0028226528960655405,0.0,73.69999999999999,below,below,below,below
Baselle,seven_paired_market_groups,pair:Bifouiti|Poto-poto,Texaco,0.0,0.029896931450838847,0.010873427036730462,0.0,76.26084905660377,below,below,below,below
Baselle,seven_paired_market_groups,pair:Bifouiti|Poto-poto,Total,0.0,0.4261641342479755,0.42334148135190997,0.0,1087.0560000000005,unresolved,unresolved,unresolved,below
Baselle,seven_paired_market_groups,pair:Mokoundzi-ngouaka|Mikalou,Bifouiti,0.0,0.07199725060589397,0.05363040502524528,0.0,183.65,unresolved,below,below,below
Baselle,seven_paired_market_groups,pair:Mokoundzi-ngouaka|Mikalou,Bourreau,0.0,0.08325845955582212,0.015191361072574959,0.0,212.375,unresolved,below,below,below
Baselle,seven_paired_market_groups,pair:Mokoundzi-ngouaka|Mikalou,Commission,0.0,0.4261641342479755,0.002822652896065541,0.0,1087.0560000000005,unresolved,unresolved,unresolved,below
Baselle,seven_paired_market_groups,pair:Mokoundzi-ngouaka|Mikalou,Kintele,0.0,0.08325845955582212,0.06806709848324716,0.0,212.375,unresolved,below,below,below
Baselle,seven_paired_market_groups,pair:Mokoundzi-ngouaka|Mikalou,Madibou,0.0,0.08732582397202766,0.0699782697149582,0.0,222.75,unresolved,below,below,below
Baselle,seven_paired_market_groups,pair:Mokoundzi-ngouaka|Mikalou,Mikalou,0.0,0.2724644114952154,0.246668500306172,0.0,695.0,unresolved,unresolved,unresolved,below
Baselle,seven_paired_market_groups,pair:Mokoundzi-ngouaka|Mikalou,Mokoundzi-ngouaka,0.0,0.2724644114952154,0.025795911189043414,0.0,695.0,unresolved,unresolved,unresolved,below
Baselle,seven_paired_market_groups,pair:Mokoundzi-ngouaka|Mikalou,Moungali,0.0,0.029896931450838847,0.019023504414108383,0.0,76.26084905660377,below,below,below,below
Baselle,seven_paired_market_groups,pair:Mokoundzi-ngouaka|Mikalou,Ouenze,0.0,0.028892988672226436,0.026070335776160896,0.0,73.69999999999999,below,below,below,below
Baselle,seven_paired_market_groups,pair:Mokoundzi-ngouaka|Mikalou,Plateaux des 15 ans,0.0,0.08732582397202766,0.017347554257069468,0.0,222.75,unresolved,below,below,below
Baselle,seven_paired_market_groups,pair:Mokoundzi-ngouaka|Mikalou,Poto-poto,0.0,0.07199725060589397,0.018366845580648692,0.0,183.65,unresolved,below,below,below
Baselle,seven_paired_market_groups,pair:Mokoundzi-ngouaka|Mikalou,Talangai,0.0,0.028892988672226436,0.0028226528960655405,0.0,73.69999999999999,below,below,below,below
Baselle,seven_paired_market_groups,pair:Mokoundzi-ngouaka|Mikalou,Texaco,0.0,0.029896931450838847,0.010873427036730462,0.0,76.26084905660377,below,below,below,below
Baselle,seven_paired_market_groups,pair:Mokoundzi-ngouaka|Mikalou,Total,0.0,0.4261641342479755,0.42334148135190997,0.0,1087.0560000000005,unresolved,unresolved,unresolved,below
Carotte,seven_individual_markets,none,Bifouiti,0.0,0.1169926939748018,0.0030420567784822487,0.0,115.37525676937442,unresolved,unresolved,below,below
Carotte,seven_individual_markets,none,Bourreau,0.019094756394165503,0.019094756394165503,0.019094756394165503,18.83076923076923,18.83076923076923,below,below,below,below
Carotte,seven_individual_markets,none,Commission,0.0,0.1169926939748018,0.0035490662415626237,0.0,115.37525676937442,unresolved,unresolved,below,below
Carotte,seven_individual_markets,none,Kintele,0.0,0.1169926939748018,0.041992313177480464,0.0,115.37525676937442,unresolved,unresolved,below,below
Carotte,seven_individual_markets,none,Madibou,0.0,0.1169926939748018,0.008900832796299914,0.0,115.37525676937442,unresolved,unresolved,below,below
Carotte,seven_individual_markets,none,Mikalou,0.0,0.1169926939748018,0.015210283892411245,0.0,115.37525676937442,unresolved,unresolved,below,below
Carotte,seven_individual_markets,none,Mokoundzi-ngouaka,0.05425597736681282,0.05425597736681282,0.05425597736681282,53.50588235294118,53.50588235294118,above,below,below,below
Carotte,seven_individual_markets,none,Moungali,0.06236216395888611,0.06236216395888611,0.06236216395888611,61.50000000000001,61.50000000000001,above,below,below,below
Carotte,seven_individual_markets,none,Ouenze,0.03244860563714399,0.03244860563714399,0.03244860563714399,32.0,32.0,below,below,below,below
Carotte,seven_individual_markets,none,Plateaux des 15 ans,0.0,0.1169926939748018,0.029899072337082673,0.0,115.37525676937442,unresolved,unresolved,below,below
Carotte,seven_individual_markets,none,Poto-poto,0.12216900022384711,0.12216900022384711,0.12216900022384711,120.47999999999999,120.47999999999999,above,above,below,below
Carotte,seven_individual_markets,none,Talangai,0.0,0.1169926939748018,0.014399068751482643,0.0,115.37525676937442,unresolved,unresolved,below,below
Carotte,seven_individual_markets,none,Texaco,0.015514489570259471,0.015514489570259471,0.015514489570259471,15.3,15.3,below,below,below,below
Carotte,seven_individual_markets,none,Total,0.5771623128740833,0.5771623128740833,0.5771623128740833,569.1829787234043,569.1829787234043,above,above,above,above
Carotte,seven_individual_markets,market:Total,Bifouiti,0.0,0.6941550068488851,0.0030420567784822487,0.0,684.5582354927787,unresolved,unresolved,unresolved,unresolved
Carotte,seven_individual_markets,market:Total,Bourreau,0.019094756394165503,0.019094756394165503,0.019094756394165503,18.83076923076923,18.83076923076923,below,below,below,below
Carotte,seven_individual_markets,market:Total,Commission,0.0,0.6941550068488851,0.0035490662415626237,0.0,684.5582354927787,unresolved,unresolved,unresolved,unresolved
Carotte,seven_individual_markets,market:Total,Kintele,0.0,0.6941550068488851,0.041992313177480464,0.0,684.5582354927787,unresolved,unresolved,unresolved,unresolved
Carotte,seven_individual_markets,market:Total,Madibou,0.0,0.6941550068488851,0.008900832796299914,0.0,684.5582354927787,unresolved,unresolved,unresolved,unresolved
Carotte,seven_individual_markets,market:Total,Mikalou,0.0,0.6941550068488851,0.015210283892411245,0.0,684.5582354927787,unresolved,unresolved,unresolved,unresolved
Carotte,seven_individual_markets,market:Total,Mokoundzi-ngouaka,0.05425597736681282,0.05425597736681282,0.05425597736681282,53.50588235294118,53.50588235294118,above,below,below,below
Carotte,seven_individual_markets,market:Total,Moungali,0.06236216395888611,0.06236216395888611,0.06236216395888611,61.50000000000001,61.50000000000001,above,below,below,below
Carotte,seven_individual_markets,market:Total,Ouenze,0.03244860563714399,0.03244860563714399,0.03244860563714399,32.0,32.0,below,below,below,below
Carotte,seven_individual_markets,market:Total,Plateaux des 15 ans,0.0,0.6941550068488851,0.029899072337082673,0.0,684.5582354927787,unresolved,unresolved,unresolved,unresolved
Carotte,seven_individual_markets,market:Total,Poto-poto,0.12216900022384711,0.12216900022384711,0.12216900022384711,120.47999999999999,120.47999999999999,above,above,below,below
Carotte,seven_individual_markets,market:Total,Talangai,0.0,0.6941550068488851,0.014399068751482643,0.0,684.5582354927787,unresolved,unresolved,unresolved,unresolved
Carotte,seven_individual_markets,market:Total,Texaco,0.015514489570259471,0.015514489570259471,0.015514489570259471,15.3,15.3,below,below,below,below
Carotte,seven_individual_markets,market:Total,Total,0.0,0.6941550068488851,0.5771623128740833,0.0,684.5582354927787,unresolved,unresolved,unresolved,unresolved
Carotte,seven_individual_markets,market:Ouenze,Bifouiti,0.0,0.1494412996119458,0.0030420567784822487,0.0,147.37525676937443,unresolved,unresolved,below,below
Carotte,seven_individual_markets,market:Ouenze,Bourreau,0.019094756394165503,0.019094756394165503,0.019094756394165503,18.83076923076923,18.83076923076923,below,below,below,below
Carotte,seven_individual_markets,market:Ouenze,Commission,0.0,0.1494412996119458,0.0035490662415626237,0.0,147.37525676937443,unresolved,unresolved,below,below
Carotte,seven_individual_markets,market:Ouenze,Kintele,0.0,0.1494412996119458,0.041992313177480464,0.0,147.37525676937443,unresolved,unresolved,below,below
Carotte,seven_individual_markets,market:Ouenze,Madibou,0.0,0.1494412996119458,0.008900832796299914,0.0,147.37525676937443,unresolved,unresolved,below,below
Carotte,seven_individual_markets,market:Ouenze,Mikalou,0.0,0.1494412996119458,0.015210283892411245,0.0,147.37525676937443,unresolved,unresolved,below,below
Carotte,seven_individual_markets,market:Ouenze,Mokoundzi-ngouaka,0.05425597736681282,0.05425597736681282,0.05425597736681282,53.50588235294118,53.50588235294118,above,below,below,below
Carotte,seven_individual_markets,market:Ouenze,Moungali,0.06236216395888611,0.06236216395888611,0.06236216395888611,61.50000000000001,61.50000000000001,above,below,below,below
Carotte,seven_individual_markets,market:Ouenze,Ouenze,0.0,0.1494412996119458,0.03244860563714399,0.0,147.37525676937443,unresolved,unresolved,below,below
Carotte,seven_individual_markets,market:Ouenze,Plateaux des 15 ans,0.0,0.1494412996119458,0.029899072337082673,0.0,147.37525676937443,unresolved,unresolved,below,below
Carotte,seven_individual_markets,market:Ouenze,Poto-poto,0.12216900022384711,0.12216900022384711,0.12216900022384711,120.47999999999999,120.47999999999999,above,above,below,below
Carotte,seven_individual_markets,market:Ouenze,Talangai,0.0,0.1494412996119458,0.014399068751482643,0.0,147.37525676937443,unresolved,unresolved,below,below
Carotte,seven_individual_markets,market:Ouenze,Texaco,0.015514489570259471,0.015514489570259471,0.015514489570259471,15.3,15.3,below,below,below,below
Carotte,seven_individual_markets,market:Ouenze,Total,0.5771623128740833,0.5771623128740833,0.5771623128740833,569.1829787234043,569.1829787234043,above,above,above,above
Carotte,seven_individual_markets,market:Moungali,Bifouiti,0.0,0.1793548579336879,0.0030420567784822487,0.0,176.87525676937443,unresolved,unresolved,below,below
Carotte,seven_individual_markets,market:Moungali,Bourreau,0.019094756394165503,0.019094756394165503,0.019094756394165503,18.83076923076923,18.83076923076923,below,below,below,below
Carotte,seven_individual_markets,market:Moungali,Commission,0.0,0.1793548579336879,0.0035490662415626237,0.0,176.87525676937443,unresolved,unresolved,below,below
Carotte,seven_individual_markets,market:Moungali,Kintele,0.0,0.1793548579336879,0.041992313177480464,0.0,176.87525676937443,unresolved,unresolved,below,below
Carotte,seven_individual_markets,market:Moungali,Madibou,0.0,0.1793548579336879,0.008900832796299914,0.0,176.87525676937443,unresolved,unresolved,below,below
Carotte,seven_individual_markets,market:Moungali,Mikalou,0.0,0.1793548579336879,0.015210283892411245,0.0,176.87525676937443,unresolved,unresolved,below,below
Carotte,seven_individual_markets,market:Moungali,Mokoundzi-ngouaka,0.05425597736681282,0.05425597736681282,0.05425597736681282,53.50588235294118,53.50588235294118,above,below,below,below
Carotte,seven_individual_markets,market:Moungali,Moungali,0.0,0.1793548579336879,0.06236216395888611,0.0,176.87525676937443,unresolved,unresolved,below,below
Carotte,seven_individual_markets,market:Moungali,Ouenze,0.03244860563714399,0.03244860563714399,0.03244860563714399,32.0,32.0,below,below,below,below
Carotte,seven_individual_markets,market:Moungali,Plateaux des 15 ans,0.0,0.1793548579336879,0.029899072337082673,0.0,176.87525676937443,unresolved,unresolved,below,below
Carotte,seven_individual_markets,market:Moungali,Poto-poto,0.12216900022384711,0.12216900022384711,0.12216900022384711,120.47999999999999,120.47999999999999,above,above,below,below
Carotte,seven_individual_markets,market:Moungali,Talangai,0.0,0.1793548579336879,0.014399068751482643,0.0,176.87525676937443,unresolved,unresolved,below,below
Carotte,seven_individual_markets,market:Moungali,Texaco,0.015514489570259471,0.015514489570259471,0.015514489570259471,15.3,15.3,below,below,below,below
Carotte,seven_individual_markets,market:Moungali,Total,0.5771623128740833,0.5771623128740833,0.5771623128740833,569.1829787234043,569.1829787234043,above,above,above,above
Carotte,seven_individual_markets,market:Bourreau,Bifouiti,0.0,0.1360874503689673,0.0030420567784822487,0.0,134.20602600014365,unresolved,unresolved,below,below
Carotte,seven_individual_markets,market:Bourreau,Bourreau,0.0,0.1360874503689673,0.019094756394165503,0.0,134.20602600014365,unresolved,unresolved,below,below
Carotte,seven_individual_markets,market:Bourreau,Commission,0.0,0.1360874503689673,0.0035490662415626237,0.0,134.20602600014365,unresolved,unresolved,below,below
Carotte,seven_individual_markets,market:Bourreau,Kintele,0.0,0.1360874503689673,0.041992313177480464,0.0,134.20602600014365,unresolved,unresolved,below,below
Carotte,seven_individual_markets,market:Bourreau,Madibou,0.0,0.1360874503689673,0.008900832796299914,0.0,134.20602600014365,unresolved,unresolved,below,below
Carotte,seven_individual_markets,market:Bourreau,Mikalou,0.0,0.1360874503689673,0.015210283892411245,0.0,134.20602600014365,unresolved,unresolved,below,below
Carotte,seven_individual_markets,market:Bourreau,Mokoundzi-ngouaka,0.05425597736681282,0.05425597736681282,0.05425597736681282,53.50588235294118,53.50588235294118,above,below,below,below
Carotte,seven_individual_markets,market:Bourreau,Moungali,0.06236216395888611,0.06236216395888611,0.06236216395888611,61.50000000000001,61.50000000000001,above,below,below,below
Carotte,seven_individual_markets,market:Bourreau,Ouenze,0.03244860563714399,0.03244860563714399,0.03244860563714399,32.0,32.0,below,below,below,below
Carotte,seven_individual_markets,market:Bourreau,Plateaux des 15 ans,0.0,0.1360874503689673,0.029899072337082673,0.0,134.20602600014365,unresolved,unresolved,below,below
Carotte,seven_individual_markets,market:Bourreau,Poto-poto,0.12216900022384711,0.12216900022384711,0.12216900022384711,120.47999999999999,120.47999999999999,above,above,below,below
Carotte,seven_individual_markets,market:Bourreau,Talangai,0.0,0.1360874503689673,0.014399068751482643,0.0,134.20602600014365,unresolved,unresolved,below,below
Carotte,seven_individual_markets,market:Bourreau,Texaco,0.015514489570259471,0.015514489570259471,0.015514489570259471,15.3,15.3,below,below,below,below
Carotte,seven_individual_markets,market:Bourreau,Total,0.5771623128740833,0.5771623128740833,0.5771623128740833,569.1829787234043,569.1829787234043,above,above,above,above
Carotte,seven_individual_markets,market:Mokoundzi-ngouaka,Bifouiti,0.0,0.17124867134161462,0.0030420567784822487,0.0,168.88113912231557,unresolved,unresolved,below,below
Carotte,seven_individual_markets,market:Mokoundzi-ngouaka,Bourreau,0.019094756394165503,0.019094756394165503,0.019094756394165503,18.83076923076923,18.83076923076923,below,below,below,below
Carotte,seven_individual_markets,market:Mokoundzi-ngouaka,Commission,0.0,0.17124867134161462,0.0035490662415626237,0.0,168.88113912231557,unresolved,unresolved,below,below
Carotte,seven_individual_markets,market:Mokoundzi-ngouaka,Kintele,0.0,0.17124867134161462,0.041992313177480464,0.0,168.88113912231557,unresolved,unresolved,below,below
Carotte,seven_individual_markets,market:Mokoundzi-ngouaka,Madibou,0.0,0.17124867134161462,0.008900832796299914,0.0,168.88113912231557,unresolved,unresolved,below,below
Carotte,seven_individual_markets,market:Mokoundzi-ngouaka,Mikalou,0.0,0.17124867134161462,0.015210283892411245,0.0,168.88113912231557,unresolved,unresolved,below,below
Carotte,seven_individual_markets,market:Mokoundzi-ngouaka,Mokoundzi-ngouaka,0.0,0.17124867134161462,0.05425597736681282,0.0,168.88113912231557,unresolved,unresolved,below,below
Carotte,seven_individual_markets,market:Mokoundzi-ngouaka,Moungali,0.06236216395888611,0.06236216395888611,0.06236216395888611,61.50000000000001,61.50000000000001,above,below,below,below
Carotte,seven_individual_markets,market:Mokoundzi-ngouaka,Ouenze,0.03244860563714399,0.03244860563714399,0.03244860563714399,32.0,32.0,below,below,below,below
Carotte,seven_individual_markets,market:Mokoundzi-ngouaka,Plateaux des 15 ans,0.0,0.17124867134161462,0.029899072337082673,0.0,168.88113912231557,unresolved,unresolved,below,below
Carotte,seven_individual_markets,market:Mokoundzi-ngouaka,Poto-poto,0.12216900022384711,0.12216900022384711,0.12216900022384711,120.47999999999999,120.47999999999999,above,above,below,below
Carotte,seven_individual_markets,market:Mokoundzi-ngouaka,Talangai,0.0,0.17124867134161462,0.014399068751482643,0.0,168.88113912231557,unresolved,unresolved,below,below
Carotte,seven_individual_markets,market:Mokoundzi-ngouaka,Texaco,0.015514489570259471,0.015514489570259471,0.015514489570259471,15.3,15.3,below,below,below,below
Carotte,seven_individual_markets,market:Mokoundzi-ngouaka,Total,0.5771623128740833,0.5771623128740833,0.5771623128740833,569.1829787234043,569.1829787234043,above,above,above,above
Carotte,seven_individual_markets,market:Poto-poto,Bifouiti,0.0,0.2391616941986489,0.0030420567784822487,0.0,235.8552567693744,unresolved,unresolved,below,below
Carotte,seven_individual_markets,market:Poto-poto,Bourreau,0.019094756394165503,0.019094756394165503,0.019094756394165503,18.83076923076923,18.83076923076923,below,below,below,below
Carotte,seven_individual_markets,market:Poto-poto,Commission,0.0,0.2391616941986489,0.0035490662415626237,0.0,235.8552567693744,unresolved,unresolved,below,below
Carotte,seven_individual_markets,market:Poto-poto,Kintele,0.0,0.2391616941986489,0.041992313177480464,0.0,235.8552567693744,unresolved,unresolved,below,below
Carotte,seven_individual_markets,market:Poto-poto,Madibou,0.0,0.2391616941986489,0.008900832796299914,0.0,235.8552567693744,unresolved,unresolved,below,below
Carotte,seven_individual_markets,market:Poto-poto,Mikalou,0.0,0.2391616941986489,0.015210283892411245,0.0,235.8552567693744,unresolved,unresolved,below,below
Carotte,seven_individual_markets,market:Poto-poto,Mokoundzi-ngouaka,0.05425597736681282,0.05425597736681282,0.05425597736681282,53.50588235294118,53.50588235294118,above,below,below,below
Carotte,seven_individual_markets,market:Poto-poto,Moungali,0.06236216395888611,0.06236216395888611,0.06236216395888611,61.50000000000001,61.50000000000001,above,below,below,below
Carotte,seven_individual_markets,market:Poto-poto,Ouenze,0.03244860563714399,0.03244860563714399,0.03244860563714399,32.0,32.0,below,below,below,below
Carotte,seven_individual_markets,market:Poto-poto,Plateaux des 15 ans,0.0,0.2391616941986489,0.029899072337082673,0.0,235.8552567693744,unresolved,unresolved,below,below
Carotte,seven_individual_markets,market:Poto-poto,Poto-poto,0.0,0.2391616941986489,0.12216900022384711,0.0,235.8552567693744,unresolved,unresolved,below,below
Carotte,seven_individual_markets,market:Poto-poto,Talangai,0.0,0.2391616941986489,0.014399068751482643,0.0,235.8552567693744,unresolved,unresolved,below,below
Carotte,seven_individual_markets,market:Poto-poto,Texaco,0.015514489570259471,0.015514489570259471,0.015514489570259471,15.3,15.3,below,below,below,below
Carotte,seven_individual_markets,market:Poto-poto,Total,0.5771623128740833,0.5771623128740833,0.5771623128740833,569.1829787234043,569.1829787234043,above,above,above,above
Carotte,seven_individual_markets,market:Texaco,Bifouiti,0.0,0.13250718354506127,0.0030420567784822487,0.0,130.6752567693744,unresolved,unresolved,below,below
Carotte,seven_individual_markets,market:Texaco,Bourreau,0.019094756394165503,0.019094756394165503,0.019094756394165503,18.83076923076923,18.83076923076923,below,below,below,below
Carotte,seven_individual_markets,market:Texaco,Commission,0.0,0.13250718354506127,0.0035490662415626237,0.0,130.6752567693744,unresolved,unresolved,below,below
Carotte,seven_individual_markets,market:Texaco,Kintele,0.0,0.13250718354506127,0.041992313177480464,0.0,130.6752567693744,unresolved,unresolved,below,below
Carotte,seven_individual_markets,market:Texaco,Madibou,0.0,0.13250718354506127,0.008900832796299914,0.0,130.6752567693744,unresolved,unresolved,below,below
Carotte,seven_individual_markets,market:Texaco,Mikalou,0.0,0.13250718354506127,0.015210283892411245,0.0,130.6752567693744,unresolved,unresolved,below,below
Carotte,seven_individual_markets,market:Texaco,Mokoundzi-ngouaka,0.05425597736681282,0.05425597736681282,0.05425597736681282,53.50588235294118,53.50588235294118,above,below,below,below
Carotte,seven_individual_markets,market:Texaco,Moungali,0.06236216395888611,0.06236216395888611,0.06236216395888611,61.50000000000001,61.50000000000001,above,below,below,below
Carotte,seven_individual_markets,market:Texaco,Ouenze,0.03244860563714399,0.03244860563714399,0.03244860563714399,32.0,32.0,below,below,below,below
Carotte,seven_individual_markets,market:Texaco,Plateaux des 15 ans,0.0,0.13250718354506127,0.029899072337082673,0.0,130.6752567693744,unresolved,unresolved,below,below
Carotte,seven_individual_markets,market:Texaco,Poto-poto,0.12216900022384711,0.12216900022384711,0.12216900022384711,120.47999999999999,120.47999999999999,above,above,below,below
Carotte,seven_individual_markets,market:Texaco,Talangai,0.0,0.13250718354506127,0.014399068751482643,0.0,130.6752567693744,unresolved,unresolved,below,below
Carotte,seven_individual_markets,market:Texaco,Texaco,0.0,0.13250718354506127,0.015514489570259471,0.0,130.6752567693744,unresolved,unresolved,below,below
Carotte,seven_individual_markets,market:Texaco,Total,0.5771623128740833,0.5771623128740833,0.5771623128740833,569.1829787234043,569.1829787234043,above,above,above,above
Carotte,seven_paired_market_groups,none,Bifouiti,0.0,0.5802043696525655,0.0030420567784822487,0.0,572.1829787234043,unresolved,unresolved,unresolved,unresolved
Carotte,seven_paired_market_groups,none,Bourreau,0.0,0.033493825145648144,0.019094756394165503,0.0,33.03076923076923,below,below,below,below
Carotte,seven_paired_market_groups,none,Commission,0.0,0.05780504360837544,0.0035490662415626237,0.0,57.00588235294118,unresolved,below,below,below
Carotte,seven_paired_market_groups,none,Kintele,0.0,0.07444091881462445,0.041992313177480464,0.0,73.41176470588235,unresolved,below,below,below
Carotte,seven_paired_market_groups,none,Madibou,0.0,0.13106983302014702,0.008900832796299914,0.0,129.25777777777776,unresolved,unresolved,below,below
Carotte,seven_paired_market_groups,none,Mikalou,0.0,0.07757244785129735,0.015210283892411245,0.0,76.50000000000001,unresolved,below,below,below
Carotte,seven_paired_market_groups,none,Mokoundzi-ngouaka,0.0,0.05780504360837544,0.05425597736681282,0.0,57.00588235294118,unresolved,below,below,below
Carotte,seven_paired_market_groups,none,Moungali,0.0,0.07757244785129735,0.06236216395888611,0.0,76.50000000000001,unresolved,below,below,below
Carotte,seven_paired_market_groups,none,Ouenze,0.0,0.07444091881462445,0.03244860563714399,0.0,73.41176470588235,unresolved,below,below,below
Carotte,seven_paired_market_groups,none,Plateaux des 15 ans,0.0,0.045413561907342144,0.029899072337082673,0.0,44.785714285714285,below,below,below,below
Carotte,seven_paired_market_groups,none,Poto-poto,0.0,0.13106983302014702,0.12216900022384711,0.0,129.25777777777776,unresolved,unresolved,below,below
Carotte,seven_paired_market_groups,none,Talangai,0.0,0.033493825145648144,0.014399068751482643,0.0,33.03076923076923,below,below,below,below
Carotte,seven_paired_market_groups,none,Texaco,0.0,0.045413561907342144,0.015514489570259471,0.0,44.785714285714285,below,below,below,below
Carotte,seven_paired_market_groups,none,Total,0.0,0.5802043696525655,0.5771623128740833,0.0,572.1829787234043,unresolved,unresolved,unresolved,unresolved
Carotte,seven_paired_market_groups,pair:Total|Bifouiti,Bifouiti,0.0,0.5802043696525655,0.0030420567784822487,0.0,572.1829787234043,unresolved,unresolved,unresolved,unresolved
Carotte,seven_paired_market_groups,pair:Total|Bifouiti,Bourreau,0.0,0.033493825145648144,0.019094756394165503,0.0,33.03076923076923,below,below,below,below
Carotte,seven_paired_market_groups,pair:Total|Bifouiti,Commission,0.0,0.05780504360837544,0.0035490662415626237,0.0,57.00588235294118,unresolved,below,below,below
Carotte,seven_paired_market_groups,pair:Total|Bifouiti,Kintele,0.0,0.07444091881462445,0.041992313177480464,0.0,73.41176470588235,unresolved,below,below,below
Carotte,seven_paired_market_groups,pair:Total|Bifouiti,Madibou,0.0,0.13106983302014702,0.008900832796299914,0.0,129.25777777777776,unresolved,unresolved,below,below
Carotte,seven_paired_market_groups,pair:Total|Bifouiti,Mikalou,0.0,0.07757244785129735,0.015210283892411245,0.0,76.50000000000001,unresolved,below,below,below
Carotte,seven_paired_market_groups,pair:Total|Bifouiti,Mokoundzi-ngouaka,0.0,0.05780504360837544,0.05425597736681282,0.0,57.00588235294118,unresolved,below,below,below
Carotte,seven_paired_market_groups,pair:Total|Bifouiti,Moungali,0.0,0.07757244785129735,0.06236216395888611,0.0,76.50000000000001,unresolved,below,below,below
Carotte,seven_paired_market_groups,pair:Total|Bifouiti,Ouenze,0.0,0.07444091881462445,0.03244860563714399,0.0,73.41176470588235,unresolved,below,below,below
Carotte,seven_paired_market_groups,pair:Total|Bifouiti,Plateaux des 15 ans,0.0,0.045413561907342144,0.029899072337082673,0.0,44.785714285714285,below,below,below,below
Carotte,seven_paired_market_groups,pair:Total|Bifouiti,Poto-poto,0.0,0.13106983302014702,0.12216900022384711,0.0,129.25777777777776,unresolved,unresolved,below,below
Carotte,seven_paired_market_groups,pair:Total|Bifouiti,Talangai,0.0,0.033493825145648144,0.014399068751482643,0.0,33.03076923076923,below,below,below,below
Carotte,seven_paired_market_groups,pair:Total|Bifouiti,Texaco,0.0,0.045413561907342144,0.015514489570259471,0.0,44.785714285714285,below,below,below,below
Carotte,seven_paired_market_groups,pair:Total|Bifouiti,Total,0.0,0.5802043696525655,0.5771623128740833,0.0,572.1829787234043,unresolved,unresolved,unresolved,unresolved
Carotte,seven_paired_market_groups,pair:Ouenze|Kintele,Bifouiti,0.0,0.5802043696525655,0.0030420567784822487,0.0,572.1829787234043,unresolved,unresolved,unresolved,unresolved
Carotte,seven_paired_market_groups,pair:Ouenze|Kintele,Bourreau,0.0,0.033493825145648144,0.019094756394165503,0.0,33.03076923076923,below,below,below,below
Carotte,seven_paired_market_groups,pair:Ouenze|Kintele,Commission,0.0,0.05780504360837544,0.0035490662415626237,0.0,57.00588235294118,unresolved,below,below,below
Carotte,seven_paired_market_groups,pair:Ouenze|Kintele,Kintele,0.0,0.07444091881462445,0.041992313177480464,0.0,73.41176470588235,unresolved,below,below,below
Carotte,seven_paired_market_groups,pair:Ouenze|Kintele,Madibou,0.0,0.13106983302014702,0.008900832796299914,0.0,129.25777777777776,unresolved,unresolved,below,below
Carotte,seven_paired_market_groups,pair:Ouenze|Kintele,Mikalou,0.0,0.07757244785129735,0.015210283892411245,0.0,76.50000000000001,unresolved,below,below,below
Carotte,seven_paired_market_groups,pair:Ouenze|Kintele,Mokoundzi-ngouaka,0.0,0.05780504360837544,0.05425597736681282,0.0,57.00588235294118,unresolved,below,below,below
Carotte,seven_paired_market_groups,pair:Ouenze|Kintele,Moungali,0.0,0.07757244785129735,0.06236216395888611,0.0,76.50000000000001,unresolved,below,below,below
Carotte,seven_paired_market_groups,pair:Ouenze|Kintele,Ouenze,0.0,0.07444091881462445,0.03244860563714399,0.0,73.41176470588235,unresolved,below,below,below
Carotte,seven_paired_market_groups,pair:Ouenze|Kintele,Plateaux des 15 ans,0.0,0.045413561907342144,0.029899072337082673,0.0,44.785714285714285,below,below,below,below
Carotte,seven_paired_market_groups,pair:Ouenze|Kintele,Poto-poto,0.0,0.13106983302014702,0.12216900022384711,0.0,129.25777777777776,unresolved,unresolved,below,below
Carotte,seven_paired_market_groups,pair:Ouenze|Kintele,Talangai,0.0,0.033493825145648144,0.014399068751482643,0.0,33.03076923076923,below,below,below,below
Carotte,seven_paired_market_groups,pair:Ouenze|Kintele,Texaco,0.0,0.045413561907342144,0.015514489570259471,0.0,44.785714285714285,below,below,below,below
Carotte,seven_paired_market_groups,pair:Ouenze|Kintele,Total,0.0,0.5802043696525655,0.5771623128740833,0.0,572.1829787234043,unresolved,unresolved,unresolved,unresolved
Carotte,seven_paired_market_groups,pair:Moungali|Mikalou,Bifouiti,0.0,0.5802043696525655,0.0030420567784822487,0.0,572.1829787234043,unresolved,unresolved,unresolved,unresolved
Carotte,seven_paired_market_groups,pair:Moungali|Mikalou,Bourreau,0.0,0.033493825145648144,0.019094756394165503,0.0,33.03076923076923,below,below,below,below
Carotte,seven_paired_market_groups,pair:Moungali|Mikalou,Commission,0.0,0.05780504360837544,0.0035490662415626237,0.0,57.00588235294118,unresolved,below,below,below
Carotte,seven_paired_market_groups,pair:Moungali|Mikalou,Kintele,0.0,0.07444091881462445,0.041992313177480464,0.0,73.41176470588235,unresolved,below,below,below
Carotte,seven_paired_market_groups,pair:Moungali|Mikalou,Madibou,0.0,0.13106983302014702,0.008900832796299914,0.0,129.25777777777776,unresolved,unresolved,below,below
Carotte,seven_paired_market_groups,pair:Moungali|Mikalou,Mikalou,0.0,0.07757244785129735,0.015210283892411245,0.0,76.50000000000001,unresolved,below,below,below
Carotte,seven_paired_market_groups,pair:Moungali|Mikalou,Mokoundzi-ngouaka,0.0,0.05780504360837544,0.05425597736681282,0.0,57.00588235294118,unresolved,below,below,below
Carotte,seven_paired_market_groups,pair:Moungali|Mikalou,Moungali,0.0,0.07757244785129735,0.06236216395888611,0.0,76.50000000000001,unresolved,below,below,below
Carotte,seven_paired_market_groups,pair:Moungali|Mikalou,Ouenze,0.0,0.07444091881462445,0.03244860563714399,0.0,73.41176470588235,unresolved,below,below,below
Carotte,seven_paired_market_groups,pair:Moungali|Mikalou,Plateaux des 15 ans,0.0,0.045413561907342144,0.029899072337082673,0.0,44.785714285714285,below,below,below,below
Carotte,seven_paired_market_groups,pair:Moungali|Mikalou,Poto-poto,0.0,0.13106983302014702,0.12216900022384711,0.0,129.25777777777776,unresolved,unresolved,below,below
Carotte,seven_paired_market_groups,pair:Moungali|Mikalou,Talangai,0.0,0.033493825145648144,0.014399068751482643,0.0,33.03076923076923,below,below,below,below
Carotte,seven_paired_market_groups,pair:Moungali|Mikalou,Texaco,0.0,0.045413561907342144,0.015514489570259471,0.0,44.785714285714285,below,below,below,below
Carotte,seven_paired_market_groups,pair:Moungali|Mikalou,Total,0.0,0.5802043696525655,0.5771623128740833,0.0,572.1829787234043,unresolved,unresolved,unresolved,unresolved
Carotte,seven_paired_market_groups,pair:Bourreau|Talangai,Bifouiti,0.0,0.5802043696525655,0.0030420567784822487,0.0,572.1829787234043,unresolved,unresolved,unresolved,unresolved
Carotte,seven_paired_market_groups,pair:Bourreau|Talangai,Bourreau,0.0,0.033493825145648144,0.019094756394165503,0.0,33.03076923076923,below,below,below,below
Carotte,seven_paired_market_groups,pair:Bourreau|Talangai,Commission,0.0,0.05780504360837544,0.0035490662415626237,0.0,57.00588235294118,unresolved,below,below,below
Carotte,seven_paired_market_groups,pair:Bourreau|Talangai,Kintele,0.0,0.07444091881462445,0.041992313177480464,0.0,73.41176470588235,unresolved,below,below,below
Carotte,seven_paired_market_groups,pair:Bourreau|Talangai,Madibou,0.0,0.13106983302014702,0.008900832796299914,0.0,129.25777777777776,unresolved,unresolved,below,below
Carotte,seven_paired_market_groups,pair:Bourreau|Talangai,Mikalou,0.0,0.07757244785129735,0.015210283892411245,0.0,76.50000000000001,unresolved,below,below,below
Carotte,seven_paired_market_groups,pair:Bourreau|Talangai,Mokoundzi-ngouaka,0.0,0.05780504360837544,0.05425597736681282,0.0,57.00588235294118,unresolved,below,below,below
Carotte,seven_paired_market_groups,pair:Bourreau|Talangai,Moungali,0.0,0.07757244785129735,0.06236216395888611,0.0,76.50000000000001,unresolved,below,below,below
Carotte,seven_paired_market_groups,pair:Bourreau|Talangai,Ouenze,0.0,0.07444091881462445,0.03244860563714399,0.0,73.41176470588235,unresolved,below,below,below
Carotte,seven_paired_market_groups,pair:Bourreau|Talangai,Plateaux des 15 ans,0.0,0.045413561907342144,0.029899072337082673,0.0,44.785714285714285,below,below,below,below
Carotte,seven_paired_market_groups,pair:Bourreau|Talangai,Poto-poto,0.0,0.13106983302014702,0.12216900022384711,0.0,129.25777777777776,unresolved,unresolved,below,below
Carotte,seven_paired_market_groups,pair:Bourreau|Talangai,Talangai,0.0,0.033493825145648144,0.014399068751482643,0.0,33.03076923076923,below,below,below,below
Carotte,seven_paired_market_groups,pair:Bourreau|Talangai,Texaco,0.0,0.045413561907342144,0.015514489570259471,0.0,44.785714285714285,below,below,below,below
Carotte,seven_paired_market_groups,pair:Bourreau|Talangai,Total,0.0,0.5802043696525655,0.5771623128740833,0.0,572.1829787234043,unresolved,unresolved,unresolved,unresolved
Carotte,seven_paired_market_groups,pair:Mokoundzi-ngouaka|Commission,Bifouiti,0.0,0.5802043696525655,0.0030420567784822487,0.0,572.1829787234043,unresolved,unresolved,unresolved,unresolved
Carotte,seven_paired_market_groups,pair:Mokoundzi-ngouaka|Commission,Bourreau,0.0,0.033493825145648144,0.019094756394165503,0.0,33.03076923076923,below,below,below,below
Carotte,seven_paired_market_groups,pair:Mokoundzi-ngouaka|Commission,Commission,0.0,0.05780504360837544,0.0035490662415626237,0.0,57.00588235294118,unresolved,below,below,below
Carotte,seven_paired_market_groups,pair:Mokoundzi-ngouaka|Commission,Kintele,0.0,0.07444091881462445,0.041992313177480464,0.0,73.41176470588235,unresolved,below,below,below
Carotte,seven_paired_market_groups,pair:Mokoundzi-ngouaka|Commission,Madibou,0.0,0.13106983302014702,0.008900832796299914,0.0,129.25777777777776,unresolved,unresolved,below,below
Carotte,seven_paired_market_groups,pair:Mokoundzi-ngouaka|Commission,Mikalou,0.0,0.07757244785129735,0.015210283892411245,0.0,76.50000000000001,unresolved,below,below,below
Carotte,seven_paired_market_groups,pair:Mokoundzi-ngouaka|Commission,Mokoundzi-ngouaka,0.0,0.05780504360837544,0.05425597736681282,0.0,57.00588235294118,unresolved,below,below,below
Carotte,seven_paired_market_groups,pair:Mokoundzi-ngouaka|Commission,Moungali,0.0,0.07757244785129735,0.06236216395888611,0.0,76.50000000000001,unresolved,below,below,below
Carotte,seven_paired_market_groups,pair:Mokoundzi-ngouaka|Commission,Ouenze,0.0,0.07444091881462445,0.03244860563714399,0.0,73.41176470588235,unresolved,below,below,below
Carotte,seven_paired_market_groups,pair:Mokoundzi-ngouaka|Commission,Plateaux des 15 ans,0.0,0.045413561907342144,0.029899072337082673,0.0,44.785714285714285,below,below,below,below
Carotte,seven_paired_market_groups,pair:Mokoundzi-ngouaka|Commission,Poto-poto,0.0,0.13106983302014702,0.12216900022384711,0.0,129.25777777777776,unresolved,unresolved,below,below
Carotte,seven_paired_market_groups,pair:Mokoundzi-ngouaka|Commission,Talangai,0.0,0.033493825145648144,0.014399068751482643,0.0,33.03076923076923,below,below,below,below
Carotte,seven_paired_market_groups,pair:Mokoundzi-ngouaka|Commission,Texaco,0.0,0.045413561907342144,0.015514489570259471,0.0,44.785714285714285,below,below,below,below
Carotte,seven_paired_market_groups,pair:Mokoundzi-ngouaka|Commission,Total,0.0,0.5802043696525655,0.5771623128740833,0.0,572.1829787234043,unresolved,unresolved,unresolved,unresolved
Carotte,seven_paired_market_groups,pair:Poto-poto|Madibou,Bifouiti,0.0,0.5802043696525655,0.0030420567784822487,0.0,572.1829787234043,unresolved,unresolved,unresolved,unresolved
Carotte,seven_paired_market_groups,pair:Poto-poto|Madibou,Bourreau,0.0,0.033493825145648144,0.019094756394165503,0.0,33.03076923076923,below,below,below,below
Carotte,seven_paired_market_groups,pair:Poto-poto|Madibou,Commission,0.0,0.05780504360837544,0.0035490662415626237,0.0,57.00588235294118,unresolved,below,below,below
Carotte,seven_paired_market_groups,pair:Poto-poto|Madibou,Kintele,0.0,0.07444091881462445,0.041992313177480464,0.0,73.41176470588235,unresolved,below,below,below
Carotte,seven_paired_market_groups,pair:Poto-poto|Madibou,Madibou,0.0,0.13106983302014702,0.008900832796299914,0.0,129.25777777777776,unresolved,unresolved,below,below
Carotte,seven_paired_market_groups,pair:Poto-poto|Madibou,Mikalou,0.0,0.07757244785129735,0.015210283892411245,0.0,76.50000000000001,unresolved,below,below,below
Carotte,seven_paired_market_groups,pair:Poto-poto|Madibou,Mokoundzi-ngouaka,0.0,0.05780504360837544,0.05425597736681282,0.0,57.00588235294118,unresolved,below,below,below
Carotte,seven_paired_market_groups,pair:Poto-poto|Madibou,Moungali,0.0,0.07757244785129735,0.06236216395888611,0.0,76.50000000000001,unresolved,below,below,below
Carotte,seven_paired_market_groups,pair:Poto-poto|Madibou,Ouenze,0.0,0.07444091881462445,0.03244860563714399,0.0,73.41176470588235,unresolved,below,below,below
Carotte,seven_paired_market_groups,pair:Poto-poto|Madibou,Plateaux des 15 ans,0.0,0.045413561907342144,0.029899072337082673,0.0,44.785714285714285,below,below,below,below
Carotte,seven_paired_market_groups,pair:Poto-poto|Madibou,Poto-poto,0.0,0.13106983302014702,0.12216900022384711,0.0,129.25777777777776,unresolved,unresolved,below,below
Carotte,seven_paired_market_groups,pair:Poto-poto|Madibou,Talangai,0.0,0.033493825145648144,0.014399068751482643,0.0,33.03076923076923,below,below,below,below
Carotte,seven_paired_market_groups,pair:Poto-poto|Madibou,Texaco,0.0,0.045413561907342144,0.015514489570259471,0.0,44.785714285714285,below,below,below,below
Carotte,seven_paired_market_groups,pair:Poto-poto|Madibou,Total,0.0,0.5802043696525655,0.5771623128740833,0.0,572.1829787234043,unresolved,unresolved,unresolved,unresolved
Carotte,seven_paired_market_groups,pair:Texaco|Plateaux des 15 ans,Bifouiti,0.0,0.5802043696525655,0.0030420567784822487,0.0,572.1829787234043,unresolved,unresolved,unresolved,unresolved
Carotte,seven_paired_market_groups,pair:Texaco|Plateaux des 15 ans,Bourreau,0.0,0.033493825145648144,0.019094756394165503,0.0,33.03076923076923,below,below,below,below
Carotte,seven_paired_market_groups,pair:Texaco|Plateaux des 15 ans,Commission,0.0,0.05780504360837544,0.0035490662415626237,0.0,57.00588235294118,unresolved,below,below,below
Carotte,seven_paired_market_groups,pair:Texaco|Plateaux des 15 ans,Kintele,0.0,0.07444091881462445,0.041992313177480464,0.0,73.41176470588235,unresolved,below,below,below
Carotte,seven_paired_market_groups,pair:Texaco|Plateaux des 15 ans,Madibou,0.0,0.13106983302014702,0.008900832796299914,0.0,129.25777777777776,unresolved,unresolved,below,below
Carotte,seven_paired_market_groups,pair:Texaco|Plateaux des 15 ans,Mikalou,0.0,0.07757244785129735,0.015210283892411245,0.0,76.50000000000001,unresolved,below,below,below
Carotte,seven_paired_market_groups,pair:Texaco|Plateaux des 15 ans,Mokoundzi-ngouaka,0.0,0.05780504360837544,0.05425597736681282,0.0,57.00588235294118,unresolved,below,below,below
Carotte,seven_paired_market_groups,pair:Texaco|Plateaux des 15 ans,Moungali,0.0,0.07757244785129735,0.06236216395888611,0.0,76.50000000000001,unresolved,below,below,below
Carotte,seven_paired_market_groups,pair:Texaco|Plateaux des 15 ans,Ouenze,0.0,0.07444091881462445,0.03244860563714399,0.0,73.41176470588235,unresolved,below,below,below
Carotte,seven_paired_market_groups,pair:Texaco|Plateaux des 15 ans,Plateaux des 15 ans,0.0,0.045413561907342144,0.029899072337082673,0.0,44.785714285714285,below,below,below,below
Carotte,seven_paired_market_groups,pair:Texaco|Plateaux des 15 ans,Poto-poto,0.0,0.13106983302014702,0.12216900022384711,0.0,129.25777777777776,unresolved,unresolved,below,below
Carotte,seven_paired_market_groups,pair:Texaco|Plateaux des 15 ans,Talangai,0.0,0.033493825145648144,0.014399068751482643,0.0,33.03076923076923,below,below,below,below
Carotte,seven_paired_market_groups,pair:Texaco|Plateaux des 15 ans,Texaco,0.0,0.045413561907342144,0.015514489570259471,0.0,44.785714285714285,below,below,below,below
Carotte,seven_paired_market_groups,pair:Texaco|Plateaux des 15 ans,Total,0.0,0.5802043696525655,0.5771623128740833,0.0,572.1829787234043,unresolved,unresolved,unresolved,unresolved
Chou pomme,seven_individual_markets,none,Bifouiti,0.0,0.2683803123118642,0.01766906171090801,0.0,595.4197463768115,unresolved,unresolved,unresolved,below
Chou pomme,seven_individual_markets,none,Bourreau,0.0,0.2683803123118642,0.05439272490974398,0.0,595.4197463768115,unresolved,unresolved,unresolved,below
Chou pomme,seven_individual_markets,none,Commission,0.0,0.2683803123118642,0.005183525757026584,0.0,595.4197463768115,unresolved,unresolved,unresolved,below
Chou pomme,seven_individual_markets,none,Kintele,0.0,0.2683803123118642,0.01153897907651135,0.0,595.4197463768115,unresolved,unresolved,unresolved,below
Chou pomme,seven_individual_markets,none,Madibou,0.0,0.2683803123118642,0.005108402195330547,0.0,595.4197463768115,unresolved,unresolved,unresolved,below
Chou pomme,seven_individual_markets,none,Mikalou,0.05359724656277289,0.05359724656277289,0.05359724656277289,118.90909090909089,118.90909090909089,above,below,below,below
Chou pomme,seven_individual_markets,none,Mokoundzi-ngouaka,0.0,0.2683803123118642,0.11710260797178315,0.0,595.4197463768115,unresolved,unresolved,unresolved,below
Chou pomme,seven_individual_markets,none,Moungali,0.02202193551432412,0.02202193551432412,0.02202193551432412,48.85714285714286,48.85714285714286,below,below,below,below
Chou pomme,seven_individual_markets,none,Ouenze,0.0684861740685405,0.0684861740685405,0.0684861740685405,151.94117647058826,151.94117647058826,above,below,below,below
Chou pomme,seven_individual_markets,none,Plateaux des 15 ans,0.030699406799176352,0.030699406799176352,0.030699406799176352,68.10869565217392,68.10869565217392,below,below,below,below
Chou pomme,seven_individual_markets,none,Poto-poto,0.13584952948093865,0.13584952948093865,0.13584952948093865,301.391304347826,301.391304347826,above,above,below,below
Chou pomme,seven_individual_markets,none,Talangai,0.0,0.2683803123118642,0.05738501069056061,0.0,595.4197463768115,unresolved,unresolved,unresolved,below
Chou pomme,seven_individual_markets,none,Texaco,0.09061704506022822,0.09061704506022822,0.09061704506022822,201.04000000000002,201.04000000000002,above,below,below,below
Chou pomme,seven_individual_markets,none,Total,0.3303483502021551,0.3303483502021551,0.3303483502021551,732.9,732.9,above,above,above,below
Chou pomme,seven_individual_markets,market:Total,Bifouiti,0.0,0.5987286625140193,0.01766906171090801,0.0,1328.3197463768117,unresolved,unresolved,unresolved,unresolved
Chou pomme,seven_individual_markets,market:Total,Bourreau,0.0,0.5987286625140193,0.05439272490974398,0.0,1328.3197463768117,unresolved,unresolved,unresolved,unresolved
Chou pomme,seven_individual_markets,market:Total,Commission,0.0,0.5987286625140193,0.005183525757026584,0.0,1328.3197463768117,unresolved,unresolved,unresolved,unresolved
Chou pomme,seven_individual_markets,market:Total,Kintele,0.0,0.5987286625140193,0.01153897907651135,0.0,1328.3197463768117,unresolved,unresolved,unresolved,unresolved
Chou pomme,seven_individual_markets,market:Total,Madibou,0.0,0.5987286625140193,0.005108402195330547,0.0,1328.3197463768117,unresolved,unresolved,unresolved,unresolved
Chou pomme,seven_individual_markets,market:Total,Mikalou,0.05359724656277289,0.05359724656277289,0.05359724656277289,118.90909090909089,118.90909090909089,above,below,below,below
Chou pomme,seven_individual_markets,market:Total,Mokoundzi-ngouaka,0.0,0.5987286625140193,0.11710260797178315,0.0,1328.3197463768117,unresolved,unresolved,unresolved,unresolved
Chou pomme,seven_individual_markets,market:Total,Moungali,0.02202193551432412,0.02202193551432412,0.02202193551432412,48.85714285714286,48.85714285714286,below,below,below,below
Chou pomme,seven_individual_markets,market:Total,Ouenze,0.0684861740685405,0.0684861740685405,0.0684861740685405,151.94117647058826,151.94117647058826,above,below,below,below
Chou pomme,seven_individual_markets,market:Total,Plateaux des 15 ans,0.030699406799176352,0.030699406799176352,0.030699406799176352,68.10869565217392,68.10869565217392,below,below,below,below
Chou pomme,seven_individual_markets,market:Total,Poto-poto,0.13584952948093865,0.13584952948093865,0.13584952948093865,301.391304347826,301.391304347826,above,above,below,below
Chou pomme,seven_individual_markets,market:Total,Talangai,0.0,0.5987286625140193,0.05738501069056061,0.0,1328.3197463768117,unresolved,unresolved,unresolved,unresolved
Chou pomme,seven_individual_markets,market:Total,Texaco,0.09061704506022822,0.09061704506022822,0.09061704506022822,201.04000000000002,201.04000000000002,above,below,below,below
Chou pomme,seven_individual_markets,market:Total,Total,0.0,0.5987286625140193,0.3303483502021551,0.0,1328.3197463768117,unresolved,unresolved,unresolved,unresolved
Chou pomme,seven_individual_markets,market:Texaco,Bifouiti,0.0,0.35899735737209243,0.01766906171090801,0.0,796.4597463768115,unresolved,unresolved,unresolved,below
Chou pomme,seven_individual_markets,market:Texaco,Bourreau,0.0,0.35899735737209243,0.05439272490974398,0.0,796.4597463768115,unresolved,unresolved,unresolved,below
Chou pomme,seven_individual_markets,market:Texaco,Commission,0.0,0.35899735737209243,0.005183525757026584,0.0,796.4597463768115,unresolved,unresolved,unresolved,below
Chou pomme,seven_individual_markets,market:Texaco,Kintele,0.0,0.35899735737209243,0.01153897907651135,0.0,796.4597463768115,unresolved,unresolved,unresolved,below
Chou pomme,seven_individual_markets,market:Texaco,Madibou,0.0,0.35899735737209243,0.005108402195330547,0.0,796.4597463768115,unresolved,unresolved,unresolved,below
Chou pomme,seven_individual_markets,market:Texaco,Mikalou,0.05359724656277289,0.05359724656277289,0.05359724656277289,118.90909090909089,118.90909090909089,above,below,below,below
Chou pomme,seven_individual_markets,market:Texaco,Mokoundzi-ngouaka,0.0,0.35899735737209243,0.11710260797178315,0.0,796.4597463768115,unresolved,unresolved,unresolved,below
Chou pomme,seven_individual_markets,market:Texaco,Moungali,0.02202193551432412,0.02202193551432412,0.02202193551432412,48.85714285714286,48.85714285714286,below,below,below,below
Chou pomme,seven_individual_markets,market:Texaco,Ouenze,0.0684861740685405,0.0684861740685405,0.0684861740685405,151.94117647058826,151.94117647058826,above,below,below,below
Chou pomme,seven_individual_markets,market:Texaco,Plateaux des 15 ans,0.030699406799176352,0.030699406799176352,0.030699406799176352,68.10869565217392,68.10869565217392,below,below,below,below
Chou pomme,seven_individual_markets,market:Texaco,Poto-poto,0.13584952948093865,0.13584952948093865,0.13584952948093865,301.391304347826,301.391304347826,above,above,below,below
Chou pomme,seven_individual_markets,market:Texaco,Talangai,0.0,0.35899735737209243,0.05738501069056061,0.0,796.4597463768115,unresolved,unresolved,unresolved,below
Chou pomme,seven_individual_markets,market:Texaco,Texaco,0.0,0.35899735737209243,0.09061704506022822,0.0,796.4597463768115,unresolved,unresolved,unresolved,below
Chou pomme,seven_individual_markets,market:Texaco,Total,0.3303483502021551,0.3303483502021551,0.3303483502021551,732.9,732.9,above,above,above,below
Chou pomme,seven_individual_markets,market:Poto-poto,Bifouiti,0.0,0.4042298417928029,0.01766906171090801,0.0,896.8110507246377,unresolved,unresolved,unresolved,below
Chou pomme,seven_individual_markets,market:Poto-poto,Bourreau,0.0,0.4042298417928029,0.05439272490974398,0.0,896.8110507246377,unresolved,unresolved,unresolved,below
Chou pomme,seven_individual_markets,market:Poto-poto,Commission,0.0,0.4042298417928029,0.005183525757026584,0.0,896.8110507246377,unresolved,unresolved,unresolved,below
Chou pomme,seven_individual_markets,market:Poto-poto,Kintele,0.0,0.4042298417928029,0.01153897907651135,0.0,896.8110507246377,unresolved,unresolved,unresolved,below
Chou pomme,seven_individual_markets,market:Poto-poto,Madibou,0.0,0.4042298417928029,0.005108402195330547,0.0,896.8110507246377,unresolved,unresolved,unresolved,below
Chou pomme,seven_individual_markets,market:Poto-poto,Mikalou,0.05359724656277289,0.05359724656277289,0.05359724656277289,118.90909090909089,118.90909090909089,above,below,below,below
Chou pomme,seven_individual_markets,market:Poto-poto,Mokoundzi-ngouaka,0.0,0.4042298417928029,0.11710260797178315,0.0,896.8110507246377,unresolved,unresolved,unresolved,below
Chou pomme,seven_individual_markets,market:Poto-poto,Moungali,0.02202193551432412,0.02202193551432412,0.02202193551432412,48.85714285714286,48.85714285714286,below,below,below,below
Chou pomme,seven_individual_markets,market:Poto-poto,Ouenze,0.0684861740685405,0.0684861740685405,0.0684861740685405,151.94117647058826,151.94117647058826,above,below,below,below
Chou pomme,seven_individual_markets,market:Poto-poto,Plateaux des 15 ans,0.030699406799176352,0.030699406799176352,0.030699406799176352,68.10869565217392,68.10869565217392,below,below,below,below
Chou pomme,seven_individual_markets,market:Poto-poto,Poto-poto,0.0,0.4042298417928029,0.13584952948093865,0.0,896.8110507246377,unresolved,unresolved,unresolved,below
Chou pomme,seven_individual_markets,market:Poto-poto,Talangai,0.0,0.4042298417928029,0.05738501069056061,0.0,896.8110507246377,unresolved,unresolved,unresolved,below
Chou pomme,seven_individual_markets,market:Poto-poto,Texaco,0.09061704506022822,0.09061704506022822,0.09061704506022822,201.04000000000002,201.04000000000002,above,below,below,below
Chou pomme,seven_individual_markets,market:Poto-poto,Total,0.3303483502021551,0.3303483502021551,0.3303483502021551,732.9,732.9,above,above,above,below
Chou pomme,seven_individual_markets,market:Ouenze,Bifouiti,0.0,0.33686648638040473,0.01766906171090801,0.0,747.3609228473998,unresolved,unresolved,unresolved,below
Chou pomme,seven_individual_markets,market:Ouenze,Bourreau,0.0,0.33686648638040473,0.05439272490974398,0.0,747.3609228473998,unresolved,unresolved,unresolved,below
Chou pomme,seven_individual_markets,market:Ouenze,Commission,0.0,0.33686648638040473,0.005183525757026584,0.0,747.3609228473998,unresolved,unresolved,unresolved,below
Chou pomme,seven_individual_markets,market:Ouenze,Kintele,0.0,0.33686648638040473,0.01153897907651135,0.0,747.3609228473998,unresolved,unresolved,unresolved,below
Chou pomme,seven_individual_markets,market:Ouenze,Madibou,0.0,0.33686648638040473,0.005108402195330547,0.0,747.3609228473998,unresolved,unresolved,unresolved,below
Chou pomme,seven_individual_markets,market:Ouenze,Mikalou,0.05359724656277289,0.05359724656277289,0.05359724656277289,118.90909090909089,118.90909090909089,above,below,below,below
Chou pomme,seven_individual_markets,market:Ouenze,Mokoundzi-ngouaka,0.0,0.33686648638040473,0.11710260797178315,0.0,747.3609228473998,unresolved,unresolved,unresolved,below
Chou pomme,seven_individual_markets,market:Ouenze,Moungali,0.02202193551432412,0.02202193551432412,0.02202193551432412,48.85714285714286,48.85714285714286,below,below,below,below
Chou pomme,seven_individual_markets,market:Ouenze,Ouenze,0.0,0.33686648638040473,0.0684861740685405,0.0,747.3609228473998,unresolved,unresolved,unresolved,below
Chou pomme,seven_individual_markets,market:Ouenze,Plateaux des 15 ans,0.030699406799176352,0.030699406799176352,0.030699406799176352,68.10869565217392,68.10869565217392,below,below,below,below
Chou pomme,seven_individual_markets,market:Ouenze,Poto-poto,0.13584952948093865,0.13584952948093865,0.13584952948093865,301.391304347826,301.391304347826,above,above,below,below
Chou pomme,seven_individual_markets,market:Ouenze,Talangai,0.0,0.33686648638040473,0.05738501069056061,0.0,747.3609228473998,unresolved,unresolved,unresolved,below
Chou pomme,seven_individual_markets,market:Ouenze,Texaco,0.09061704506022822,0.09061704506022822,0.09061704506022822,201.04000000000002,201.04000000000002,above,below,below,below
Chou pomme,seven_individual_markets,market:Ouenze,Total,0.3303483502021551,0.3303483502021551,0.3303483502021551,732.9,732.9,above,above,above,below
Chou pomme,seven_individual_markets,market:Moungali,Bifouiti,0.0,0.29040224782618834,0.01766906171090801,0.0,644.2768892339544,unresolved,unresolved,unresolved,below
Chou pomme,seven_individual_markets,market:Moungali,Bourreau,0.0,0.29040224782618834,0.05439272490974398,0.0,644.2768892339544,unresolved,unresolved,unresolved,below
Chou pomme,seven_individual_markets,market:Moungali,Commission,0.0,0.29040224782618834,0.005183525757026584,0.0,644.2768892339544,unresolved,unresolved,unresolved,below
Chou pomme,seven_individual_markets,market:Moungali,Kintele,0.0,0.29040224782618834,0.01153897907651135,0.0,644.2768892339544,unresolved,unresolved,unresolved,below
Chou pomme,seven_individual_markets,market:Moungali,Madibou,0.0,0.29040224782618834,0.005108402195330547,0.0,644.2768892339544,unresolved,unresolved,unresolved,below
Chou pomme,seven_individual_markets,market:Moungali,Mikalou,0.05359724656277289,0.05359724656277289,0.05359724656277289,118.90909090909089,118.90909090909089,above,below,below,below
Chou pomme,seven_individual_markets,market:Moungali,Mokoundzi-ngouaka,0.0,0.29040224782618834,0.11710260797178315,0.0,644.2768892339544,unresolved,unresolved,unresolved,below
Chou pomme,seven_individual_markets,market:Moungali,Moungali,0.0,0.29040224782618834,0.02202193551432412,0.0,644.2768892339544,unresolved,unresolved,unresolved,below
Chou pomme,seven_individual_markets,market:Moungali,Ouenze,0.0684861740685405,0.0684861740685405,0.0684861740685405,151.94117647058826,151.94117647058826,above,below,below,below
Chou pomme,seven_individual_markets,market:Moungali,Plateaux des 15 ans,0.030699406799176352,0.030699406799176352,0.030699406799176352,68.10869565217392,68.10869565217392,below,below,below,below
Chou pomme,seven_individual_markets,market:Moungali,Poto-poto,0.13584952948093865,0.13584952948093865,0.13584952948093865,301.391304347826,301.391304347826,above,above,below,below
Chou pomme,seven_individual_markets,market:Moungali,Talangai,0.0,0.29040224782618834,0.05738501069056061,0.0,644.2768892339544,unresolved,unresolved,unresolved,below
Chou pomme,seven_individual_markets,market:Moungali,Texaco,0.09061704506022822,0.09061704506022822,0.09061704506022822,201.04000000000002,201.04000000000002,above,below,below,below
Chou pomme,seven_individual_markets,market:Moungali,Total,0.3303483502021551,0.3303483502021551,0.3303483502021551,732.9,732.9,above,above,above,below
Chou pomme,seven_individual_markets,market:Mikalou,Bifouiti,0.0,0.32197755887463714,0.01766906171090801,0.0,714.3288372859024,unresolved,unresolved,unresolved,below
Chou pomme,seven_individual_markets,market:Mikalou,Bourreau,0.0,0.32197755887463714,0.05439272490974398,0.0,714.3288372859024,unresolved,unresolved,unresolved,below
Chou pomme,seven_individual_markets,market:Mikalou,Commission,0.0,0.32197755887463714,0.005183525757026584,0.0,714.3288372859024,unresolved,unresolved,unresolved,below
Chou pomme,seven_individual_markets,market:Mikalou,Kintele,0.0,0.32197755887463714,0.01153897907651135,0.0,714.3288372859024,unresolved,unresolved,unresolved,below
Chou pomme,seven_individual_markets,market:Mikalou,Madibou,0.0,0.32197755887463714,0.005108402195330547,0.0,714.3288372859024,unresolved,unresolved,unresolved,below
Chou pomme,seven_individual_markets,market:Mikalou,Mikalou,0.0,0.32197755887463714,0.05359724656277289,0.0,714.3288372859024,unresolved,unresolved,unresolved,below
Chou pomme,seven_individual_markets,market:Mikalou,Mokoundzi-ngouaka,0.0,0.32197755887463714,0.11710260797178315,0.0,714.3288372859024,unresolved,unresolved,unresolved,below
Chou pomme,seven_individual_markets,market:Mikalou,Moungali,0.02202193551432412,0.02202193551432412,0.02202193551432412,48.85714285714286,48.85714285714286,below,below,below,below
Chou pomme,seven_individual_markets,market:Mikalou,Ouenze,0.0684861740685405,0.0684861740685405,0.0684861740685405,151.94117647058826,151.94117647058826,above,below,below,below
Chou pomme,seven_individual_markets,market:Mikalou,Plateaux des 15 ans,0.030699406799176352,0.030699406799176352,0.030699406799176352,68.10869565217392,68.10869565217392,below,below,below,below
Chou pomme,seven_individual_markets,market:Mikalou,Poto-poto,0.13584952948093865,0.13584952948093865,0.13584952948093865,301.391304347826,301.391304347826,above,above,below,below
Chou pomme,seven_individual_markets,market:Mikalou,Talangai,0.0,0.32197755887463714,0.05738501069056061,0.0,714.3288372859024,unresolved,unresolved,unresolved,below
Chou pomme,seven_individual_markets,market:Mikalou,Texaco,0.09061704506022822,0.09061704506022822,0.09061704506022822,201.04000000000002,201.04000000000002,above,below,below,below
Chou pomme,seven_individual_markets,market:Mikalou,Total,0.3303483502021551,0.3303483502021551,0.3303483502021551,732.9,732.9,above,above,above,below
Chou pomme,seven_individual_markets,market:Plateaux des 15 ans,Bifouiti,0.0,0.2990797191110406,0.01766906171090801,0.0,663.5284420289855,unresolved,unresolved,unresolved,below
Chou pomme,seven_individual_markets,market:Plateaux des 15 ans,Bourreau,0.0,0.2990797191110406,0.05439272490974398,0.0,663.5284420289855,unresolved,unresolved,unresolved,below
Chou pomme,seven_individual_markets,market:Plateaux des 15 ans,Commission,0.0,0.2990797191110406,0.005183525757026584,0.0,663.5284420289855,unresolved,unresolved,unresolved,below
Chou pomme,seven_individual_markets,market:Plateaux des 15 ans,Kintele,0.0,0.2990797191110406,0.01153897907651135,0.0,663.5284420289855,unresolved,unresolved,unresolved,below
Chou pomme,seven_individual_markets,market:Plateaux des 15 ans,Madibou,0.0,0.2990797191110406,0.005108402195330547,0.0,663.5284420289855,unresolved,unresolved,unresolved,below
Chou pomme,seven_individual_markets,market:Plateaux des 15 ans,Mikalou,0.05359724656277289,0.05359724656277289,0.05359724656277289,118.90909090909089,118.90909090909089,above,below,below,below
Chou pomme,seven_individual_markets,market:Plateaux des 15 ans,Mokoundzi-ngouaka,0.0,0.2990797191110406,0.11710260797178315,0.0,663.5284420289855,unresolved,unresolved,unresolved,below
Chou pomme,seven_individual_markets,market:Plateaux des 15 ans,Moungali,0.02202193551432412,0.02202193551432412,0.02202193551432412,48.85714285714286,48.85714285714286,below,below,below,below
Chou pomme,seven_individual_markets,market:Plateaux des 15 ans,Ouenze,0.0684861740685405,0.0684861740685405,0.0684861740685405,151.94117647058826,151.94117647058826,above,below,below,below
Chou pomme,seven_individual_markets,market:Plateaux des 15 ans,Plateaux des 15 ans,0.0,0.2990797191110406,0.030699406799176352,0.0,663.5284420289855,unresolved,unresolved,unresolved,below
Chou pomme,seven_individual_markets,market:Plateaux des 15 ans,Poto-poto,0.13584952948093865,0.13584952948093865,0.13584952948093865,301.391304347826,301.391304347826,above,above,below,below
Chou pomme,seven_individual_markets,market:Plateaux des 15 ans,Talangai,0.0,0.2990797191110406,0.05738501069056061,0.0,663.5284420289855,unresolved,unresolved,unresolved,below
Chou pomme,seven_individual_markets,market:Plateaux des 15 ans,Texaco,0.09061704506022822,0.09061704506022822,0.09061704506022822,201.04000000000002,201.04000000000002,above,below,below,below
Chou pomme,seven_individual_markets,market:Plateaux des 15 ans,Total,0.3303483502021551,0.3303483502021551,0.3303483502021551,732.9,732.9,above,above,above,below
Chou pomme,seven_paired_market_groups,none,Bifouiti,0.0,0.15351859119184666,0.01766906171090801,0.0,340.59130434782605,unresolved,unresolved,below,below
Chou pomme,seven_paired_market_groups,none,Bourreau,0.0,0.10798997147251688,0.05439272490974398,0.0,239.58300395256916,unresolved,unresolved,below,below
Chou pomme,seven_paired_market_groups,none,Commission,0.0,0.33553187595918166,0.005183525757026584,0.0,744.4,unresolved,unresolved,unresolved,below
Chou pomme,seven_paired_market_groups,none,Kintele,0.0,0.08002515314505185,0.01153897907651135,0.0,177.54117647058823,unresolved,below,below,below
Chou pomme,seven_paired_market_groups,none,Madibou,0.0,0.09572544725555876,0.005108402195330547,0.0,212.37333333333333,unresolved,below,below,below
Chou pomme,seven_paired_market_groups,none,Mikalou,0.0,0.10798997147251688,0.05359724656277289,0.0,239.58300395256916,unresolved,unresolved,below,below
Chou pomme,seven_paired_market_groups,none,Mokoundzi-ngouaka,0.0,0.1478020147709595,0.11710260797178315,0.0,327.9086956521739,unresolved,unresolved,below,below
Chou pomme,seven_paired_market_groups,none,Moungali,0.0,0.07940694620488473,0.02202193551432412,0.0,176.16964285714286,unresolved,below,below,below
Chou pomme,seven_paired_market_groups,none,Ouenze,0.0,0.08002515314505185,0.0684861740685405,0.0,177.54117647058823,unresolved,below,below,below
Chou pomme,seven_paired_market_groups,none,Plateaux des 15 ans,0.0,0.1478020147709595,0.030699406799176352,0.0,327.9086956521739,unresolved,unresolved,below,below
Chou pomme,seven_paired_market_groups,none,Poto-poto,0.0,0.15351859119184666,0.13584952948093865,0.0,340.59130434782605,unresolved,unresolved,below,below
Chou pomme,seven_paired_market_groups,none,Talangai,0.0,0.07940694620488473,0.05738501069056061,0.0,176.16964285714286,unresolved,below,below,below
Chou pomme,seven_paired_market_groups,none,Texaco,0.0,0.09572544725555876,0.09061704506022822,0.0,212.37333333333333,unresolved,below,below,below
Chou pomme,seven_paired_market_groups,none,Total,0.0,0.33553187595918166,0.3303483502021551,0.0,744.4,unresolved,unresolved,unresolved,below
Chou pomme,seven_paired_market_groups,pair:Total|Commission,Bifouiti,0.0,0.15351859119184666,0.01766906171090801,0.0,340.59130434782605,unresolved,unresolved,below,below
Chou pomme,seven_paired_market_groups,pair:Total|Commission,Bourreau,0.0,0.10798997147251688,0.05439272490974398,0.0,239.58300395256916,unresolved,unresolved,below,below
Chou pomme,seven_paired_market_groups,pair:Total|Commission,Commission,0.0,0.33553187595918166,0.005183525757026584,0.0,744.4,unresolved,unresolved,unresolved,below
Chou pomme,seven_paired_market_groups,pair:Total|Commission,Kintele,0.0,0.08002515314505185,0.01153897907651135,0.0,177.54117647058823,unresolved,below,below,below
Chou pomme,seven_paired_market_groups,pair:Total|Commission,Madibou,0.0,0.09572544725555876,0.005108402195330547,0.0,212.37333333333333,unresolved,below,below,below
Chou pomme,seven_paired_market_groups,pair:Total|Commission,Mikalou,0.0,0.10798997147251688,0.05359724656277289,0.0,239.58300395256916,unresolved,unresolved,below,below
Chou pomme,seven_paired_market_groups,pair:Total|Commission,Mokoundzi-ngouaka,0.0,0.1478020147709595,0.11710260797178315,0.0,327.9086956521739,unresolved,unresolved,below,below
Chou pomme,seven_paired_market_groups,pair:Total|Commission,Moungali,0.0,0.07940694620488473,0.02202193551432412,0.0,176.16964285714286,unresolved,below,below,below
Chou pomme,seven_paired_market_groups,pair:Total|Commission,Ouenze,0.0,0.08002515314505185,0.0684861740685405,0.0,177.54117647058823,unresolved,below,below,below
Chou pomme,seven_paired_market_groups,pair:Total|Commission,Plateaux des 15 ans,0.0,0.1478020147709595,0.030699406799176352,0.0,327.9086956521739,unresolved,unresolved,below,below
Chou pomme,seven_paired_market_groups,pair:Total|Commission,Poto-poto,0.0,0.15351859119184666,0.13584952948093865,0.0,340.59130434782605,unresolved,unresolved,below,below
Chou pomme,seven_paired_market_groups,pair:Total|Commission,Talangai,0.0,0.07940694620488473,0.05738501069056061,0.0,176.16964285714286,unresolved,below,below,below
Chou pomme,seven_paired_market_groups,pair:Total|Commission,Texaco,0.0,0.09572544725555876,0.09061704506022822,0.0,212.37333333333333,unresolved,below,below,below
Chou pomme,seven_paired_market_groups,pair:Total|Commission,Total,0.0,0.33553187595918166,0.3303483502021551,0.0,744.4,unresolved,unresolved,unresolved,below
Chou pomme,seven_paired_market_groups,pair:Texaco|Madibou,Bifouiti,0.0,0.15351859119184666,0.01766906171090801,0.0,340.59130434782605,unresolved,unresolved,below,below
Chou pomme,seven_paired_market_groups,pair:Texaco|Madibou,Bourreau,0.0,0.10798997147251688,0.05439272490974398,0.0,239.58300395256916,unresolved,unresolved,below,below
Chou pomme,seven_paired_market_groups,pair:Texaco|Madibou,Commission,0.0,0.33553187595918166,0.005183525757026584,0.0,744.4,unresolved,unresolved,unresolved,below
Chou pomme,seven_paired_market_groups,pair:Texaco|Madibou,Kintele,0.0,0.08002515314505185,0.01153897907651135,0.0,177.54117647058823,unresolved,below,below,below
Chou pomme,seven_paired_market_groups,pair:Texaco|Madibou,Madibou,0.0,0.09572544725555876,0.005108402195330547,0.0,212.37333333333333,unresolved,below,below,below
Chou pomme,seven_paired_market_groups,pair:Texaco|Madibou,Mikalou,0.0,0.10798997147251688,0.05359724656277289,0.0,239.58300395256916,unresolved,unresolved,below,below
Chou pomme,seven_paired_market_groups,pair:Texaco|Madibou,Mokoundzi-ngouaka,0.0,0.1478020147709595,0.11710260797178315,0.0,327.9086956521739,unresolved,unresolved,below,below
Chou pomme,seven_paired_market_groups,pair:Texaco|Madibou,Moungali,0.0,0.07940694620488473,0.02202193551432412,0.0,176.16964285714286,unresolved,below,below,below
Chou pomme,seven_paired_market_groups,pair:Texaco|Madibou,Ouenze,0.0,0.08002515314505185,0.0684861740685405,0.0,177.54117647058823,unresolved,below,below,below
Chou pomme,seven_paired_market_groups,pair:Texaco|Madibou,Plateaux des 15 ans,0.0,0.1478020147709595,0.030699406799176352,0.0,327.9086956521739,unresolved,unresolved,below,below
Chou pomme,seven_paired_market_groups,pair:Texaco|Madibou,Poto-poto,0.0,0.15351859119184666,0.13584952948093865,0.0,340.59130434782605,unresolved,unresolved,below,below
Chou pomme,seven_paired_market_groups,pair:Texaco|Madibou,Talangai,0.0,0.07940694620488473,0.05738501069056061,0.0,176.16964285714286,unresolved,below,below,below
Chou pomme,seven_paired_market_groups,pair:Texaco|Madibou,Texaco,0.0,0.09572544725555876,0.09061704506022822,0.0,212.37333333333333,unresolved,below,below,below
Chou pomme,seven_paired_market_groups,pair:Texaco|Madibou,Total,0.0,0.33553187595918166,0.3303483502021551,0.0,744.4,unresolved,unresolved,unresolved,below
Chou pomme,seven_paired_market_groups,pair:Poto-poto|Bifouiti,Bifouiti,0.0,0.15351859119184666,0.01766906171090801,0.0,340.59130434782605,unresolved,unresolved,below,below
Chou pomme,seven_paired_market_groups,pair:Poto-poto|Bifouiti,Bourreau,0.0,0.10798997147251688,0.05439272490974398,0.0,239.58300395256916,unresolved,unresolved,below,below
Chou pomme,seven_paired_market_groups,pair:Poto-poto|Bifouiti,Commission,0.0,0.33553187595918166,0.005183525757026584,0.0,744.4,unresolved,unresolved,unresolved,below
Chou pomme,seven_paired_market_groups,pair:Poto-poto|Bifouiti,Kintele,0.0,0.08002515314505185,0.01153897907651135,0.0,177.54117647058823,unresolved,below,below,below
Chou pomme,seven_paired_market_groups,pair:Poto-poto|Bifouiti,Madibou,0.0,0.09572544725555876,0.005108402195330547,0.0,212.37333333333333,unresolved,below,below,below
Chou pomme,seven_paired_market_groups,pair:Poto-poto|Bifouiti,Mikalou,0.0,0.10798997147251688,0.05359724656277289,0.0,239.58300395256916,unresolved,unresolved,below,below
Chou pomme,seven_paired_market_groups,pair:Poto-poto|Bifouiti,Mokoundzi-ngouaka,0.0,0.1478020147709595,0.11710260797178315,0.0,327.9086956521739,unresolved,unresolved,below,below
Chou pomme,seven_paired_market_groups,pair:Poto-poto|Bifouiti,Moungali,0.0,0.07940694620488473,0.02202193551432412,0.0,176.16964285714286,unresolved,below,below,below
Chou pomme,seven_paired_market_groups,pair:Poto-poto|Bifouiti,Ouenze,0.0,0.08002515314505185,0.0684861740685405,0.0,177.54117647058823,unresolved,below,below,below
Chou pomme,seven_paired_market_groups,pair:Poto-poto|Bifouiti,Plateaux des 15 ans,0.0,0.1478020147709595,0.030699406799176352,0.0,327.9086956521739,unresolved,unresolved,below,below
Chou pomme,seven_paired_market_groups,pair:Poto-poto|Bifouiti,Poto-poto,0.0,0.15351859119184666,0.13584952948093865,0.0,340.59130434782605,unresolved,unresolved,below,below
Chou pomme,seven_paired_market_groups,pair:Poto-poto|Bifouiti,Talangai,0.0,0.07940694620488473,0.05738501069056061,0.0,176.16964285714286,unresolved,below,below,below
Chou pomme,seven_paired_market_groups,pair:Poto-poto|Bifouiti,Texaco,0.0,0.09572544725555876,0.09061704506022822,0.0,212.37333333333333,unresolved,below,below,below
Chou pomme,seven_paired_market_groups,pair:Poto-poto|Bifouiti,Total,0.0,0.33553187595918166,0.3303483502021551,0.0,744.4,unresolved,unresolved,unresolved,below
Chou pomme,seven_paired_market_groups,pair:Ouenze|Kintele,Bifouiti,0.0,0.15351859119184666,0.01766906171090801,0.0,340.59130434782605,unresolved,unresolved,below,below
Chou pomme,seven_paired_market_groups,pair:Ouenze|Kintele,Bourreau,0.0,0.10798997147251688,0.05439272490974398,0.0,239.58300395256916,unresolved,unresolved,below,below
Chou pomme,seven_paired_market_groups,pair:Ouenze|Kintele,Commission,0.0,0.33553187595918166,0.005183525757026584,0.0,744.4,unresolved,unresolved,unresolved,below
Chou pomme,seven_paired_market_groups,pair:Ouenze|Kintele,Kintele,0.0,0.08002515314505185,0.01153897907651135,0.0,177.54117647058823,unresolved,below,below,below
Chou pomme,seven_paired_market_groups,pair:Ouenze|Kintele,Madibou,0.0,0.09572544725555876,0.005108402195330547,0.0,212.37333333333333,unresolved,below,below,below
Chou pomme,seven_paired_market_groups,pair:Ouenze|Kintele,Mikalou,0.0,0.10798997147251688,0.05359724656277289,0.0,239.58300395256916,unresolved,unresolved,below,below
Chou pomme,seven_paired_market_groups,pair:Ouenze|Kintele,Mokoundzi-ngouaka,0.0,0.1478020147709595,0.11710260797178315,0.0,327.9086956521739,unresolved,unresolved,below,below
Chou pomme,seven_paired_market_groups,pair:Ouenze|Kintele,Moungali,0.0,0.07940694620488473,0.02202193551432412,0.0,176.16964285714286,unresolved,below,below,below
Chou pomme,seven_paired_market_groups,pair:Ouenze|Kintele,Ouenze,0.0,0.08002515314505185,0.0684861740685405,0.0,177.54117647058823,unresolved,below,below,below
Chou pomme,seven_paired_market_groups,pair:Ouenze|Kintele,Plateaux des 15 ans,0.0,0.1478020147709595,0.030699406799176352,0.0,327.9086956521739,unresolved,unresolved,below,below
Chou pomme,seven_paired_market_groups,pair:Ouenze|Kintele,Poto-poto,0.0,0.15351859119184666,0.13584952948093865,0.0,340.59130434782605,unresolved,unresolved,below,below
Chou pomme,seven_paired_market_groups,pair:Ouenze|Kintele,Talangai,0.0,0.07940694620488473,0.05738501069056061,0.0,176.16964285714286,unresolved,below,below,below
Chou pomme,seven_paired_market_groups,pair:Ouenze|Kintele,Texaco,0.0,0.09572544725555876,0.09061704506022822,0.0,212.37333333333333,unresolved,below,below,below
Chou pomme,seven_paired_market_groups,pair:Ouenze|Kintele,Total,0.0,0.33553187595918166,0.3303483502021551,0.0,744.4,unresolved,unresolved,unresolved,below
Chou pomme,seven_paired_market_groups,pair:Moungali|Talangai,Bifouiti,0.0,0.15351859119184666,0.01766906171090801,0.0,340.59130434782605,unresolved,unresolved,below,below
Chou pomme,seven_paired_market_groups,pair:Moungali|Talangai,Bourreau,0.0,0.10798997147251688,0.05439272490974398,0.0,239.58300395256916,unresolved,unresolved,below,below
Chou pomme,seven_paired_market_groups,pair:Moungali|Talangai,Commission,0.0,0.33553187595918166,0.005183525757026584,0.0,744.4,unresolved,unresolved,unresolved,below
Chou pomme,seven_paired_market_groups,pair:Moungali|Talangai,Kintele,0.0,0.08002515314505185,0.01153897907651135,0.0,177.54117647058823,unresolved,below,below,below
Chou pomme,seven_paired_market_groups,pair:Moungali|Talangai,Madibou,0.0,0.09572544725555876,0.005108402195330547,0.0,212.37333333333333,unresolved,below,below,below
Chou pomme,seven_paired_market_groups,pair:Moungali|Talangai,Mikalou,0.0,0.10798997147251688,0.05359724656277289,0.0,239.58300395256916,unresolved,unresolved,below,below
Chou pomme,seven_paired_market_groups,pair:Moungali|Talangai,Mokoundzi-ngouaka,0.0,0.1478020147709595,0.11710260797178315,0.0,327.9086956521739,unresolved,unresolved,below,below
Chou pomme,seven_paired_market_groups,pair:Moungali|Talangai,Moungali,0.0,0.07940694620488473,0.02202193551432412,0.0,176.16964285714286,unresolved,below,below,below
Chou pomme,seven_paired_market_groups,pair:Moungali|Talangai,Ouenze,0.0,0.08002515314505185,0.0684861740685405,0.0,177.54117647058823,unresolved,below,below,below
Chou pomme,seven_paired_market_groups,pair:Moungali|Talangai,Plateaux des 15 ans,0.0,0.1478020147709595,0.030699406799176352,0.0,327.9086956521739,unresolved,unresolved,below,below
Chou pomme,seven_paired_market_groups,pair:Moungali|Talangai,Poto-poto,0.0,0.15351859119184666,0.13584952948093865,0.0,340.59130434782605,unresolved,unresolved,below,below
Chou pomme,seven_paired_market_groups,pair:Moungali|Talangai,Talangai,0.0,0.07940694620488473,0.05738501069056061,0.0,176.16964285714286,unresolved,below,below,below
Chou pomme,seven_paired_market_groups,pair:Moungali|Talangai,Texaco,0.0,0.09572544725555876,0.09061704506022822,0.0,212.37333333333333,unresolved,below,below,below
Chou pomme,seven_paired_market_groups,pair:Moungali|Talangai,Total,0.0,0.33553187595918166,0.3303483502021551,0.0,744.4,unresolved,unresolved,unresolved,below
Chou pomme,seven_paired_market_groups,pair:Mikalou|Bourreau,Bifouiti,0.0,0.15351859119184666,0.01766906171090801,0.0,340.59130434782605,unresolved,unresolved,below,below
Chou pomme,seven_paired_market_groups,pair:Mikalou|Bourreau,Bourreau,0.0,0.10798997147251688,0.05439272490974398,0.0,239.58300395256916,unresolved,unresolved,below,below
Chou pomme,seven_paired_market_groups,pair:Mikalou|Bourreau,Commission,0.0,0.33553187595918166,0.005183525757026584,0.0,744.4,unresolved,unresolved,unresolved,below
Chou pomme,seven_paired_market_groups,pair:Mikalou|Bourreau,Kintele,0.0,0.08002515314505185,0.01153897907651135,0.0,177.54117647058823,unresolved,below,below,below
Chou pomme,seven_paired_market_groups,pair:Mikalou|Bourreau,Madibou,0.0,0.09572544725555876,0.005108402195330547,0.0,212.37333333333333,unresolved,below,below,below
Chou pomme,seven_paired_market_groups,pair:Mikalou|Bourreau,Mikalou,0.0,0.10798997147251688,0.05359724656277289,0.0,239.58300395256916,unresolved,unresolved,below,below
Chou pomme,seven_paired_market_groups,pair:Mikalou|Bourreau,Mokoundzi-ngouaka,0.0,0.1478020147709595,0.11710260797178315,0.0,327.9086956521739,unresolved,unresolved,below,below
Chou pomme,seven_paired_market_groups,pair:Mikalou|Bourreau,Moungali,0.0,0.07940694620488473,0.02202193551432412,0.0,176.16964285714286,unresolved,below,below,below
Chou pomme,seven_paired_market_groups,pair:Mikalou|Bourreau,Ouenze,0.0,0.08002515314505185,0.0684861740685405,0.0,177.54117647058823,unresolved,below,below,below
Chou pomme,seven_paired_market_groups,pair:Mikalou|Bourreau,Plateaux des 15 ans,0.0,0.1478020147709595,0.030699406799176352,0.0,327.9086956521739,unresolved,unresolved,below,below
Chou pomme,seven_paired_market_groups,pair:Mikalou|Bourreau,Poto-poto,0.0,0.15351859119184666,0.13584952948093865,0.0,340.59130434782605,unresolved,unresolved,below,below
Chou pomme,seven_paired_market_groups,pair:Mikalou|Bourreau,Talangai,0.0,0.07940694620488473,0.05738501069056061,0.0,176.16964285714286,unresolved,below,below,below
Chou pomme,seven_paired_market_groups,pair:Mikalou|Bourreau,Texaco,0.0,0.09572544725555876,0.09061704506022822,0.0,212.37333333333333,unresolved,below,below,below
Chou pomme,seven_paired_market_groups,pair:Mikalou|Bourreau,Total,0.0,0.33553187595918166,0.3303483502021551,0.0,744.4,unresolved,unresolved,unresolved,below
Chou pomme,seven_paired_market_groups,pair:Plateaux des 15 ans|Mokoundzi-ngouaka,Bifouiti,0.0,0.15351859119184666,0.01766906171090801,0.0,340.59130434782605,unresolved,unresolved,below,below
Chou pomme,seven_paired_market_groups,pair:Plateaux des 15 ans|Mokoundzi-ngouaka,Bourreau,0.0,0.10798997147251688,0.05439272490974398,0.0,239.58300395256916,unresolved,unresolved,below,below
Chou pomme,seven_paired_market_groups,pair:Plateaux des 15 ans|Mokoundzi-ngouaka,Commission,0.0,0.33553187595918166,0.005183525757026584,0.0,744.4,unresolved,unresolved,unresolved,below
Chou pomme,seven_paired_market_groups,pair:Plateaux des 15 ans|Mokoundzi-ngouaka,Kintele,0.0,0.08002515314505185,0.01153897907651135,0.0,177.54117647058823,unresolved,below,below,below
Chou pomme,seven_paired_market_groups,pair:Plateaux des 15 ans|Mokoundzi-ngouaka,Madibou,0.0,0.09572544725555876,0.005108402195330547,0.0,212.37333333333333,unresolved,below,below,below
Chou pomme,seven_paired_market_groups,pair:Plateaux des 15 ans|Mokoundzi-ngouaka,Mikalou,0.0,0.10798997147251688,0.05359724656277289,0.0,239.58300395256916,unresolved,unresolved,below,below
Chou pomme,seven_paired_market_groups,pair:Plateaux des 15 ans|Mokoundzi-ngouaka,Mokoundzi-ngouaka,0.0,0.1478020147709595,0.11710260797178315,0.0,327.9086956521739,unresolved,unresolved,below,below
Chou pomme,seven_paired_market_groups,pair:Plateaux des 15 ans|Mokoundzi-ngouaka,Moungali,0.0,0.07940694620488473,0.02202193551432412,0.0,176.16964285714286,unresolved,below,below,below
Chou pomme,seven_paired_market_groups,pair:Plateaux des 15 ans|Mokoundzi-ngouaka,Ouenze,0.0,0.08002515314505185,0.0684861740685405,0.0,177.54117647058823,unresolved,below,below,below
Chou pomme,seven_paired_market_groups,pair:Plateaux des 15 ans|Mokoundzi-ngouaka,Plateaux des 15 ans,0.0,0.1478020147709595,0.030699406799176352,0.0,327.9086956521739,unresolved,unresolved,below,below
Chou pomme,seven_paired_market_groups,pair:Plateaux des 15 ans|Mokoundzi-ngouaka,Poto-poto,0.0,0.15351859119184666,0.13584952948093865,0.0,340.59130434782605,unresolved,unresolved,below,below
Chou pomme,seven_paired_market_groups,pair:Plateaux des 15 ans|Mokoundzi-ngouaka,Talangai,0.0,0.07940694620488473,0.05738501069056061,0.0,176.16964285714286,unresolved,below,below,below
Chou pomme,seven_paired_market_groups,pair:Plateaux des 15 ans|Mokoundzi-ngouaka,Texaco,0.0,0.09572544725555876,0.09061704506022822,0.0,212.37333333333333,unresolved,below,below,below
Chou pomme,seven_paired_market_groups,pair:Plateaux des 15 ans|Mokoundzi-ngouaka,Total,0.0,0.33553187595918166,0.3303483502021551,0.0,744.4,unresolved,unresolved,unresolved,below
Ciboule,seven_individual_markets,none,Bifouiti,0.0,0.31362932101612034,0.006301126283068049,0.0,578.2513466925233,unresolved,unresolved,unresolved,below
Ciboule,seven_individual_markets,none,Bourreau,0.0,0.31362932101612034,0.11224668065566769,0.0,578.2513466925233,unresolved,unresolved,unresolved,below
Ciboule,seven_individual_markets,none,Commission,0.0,0.31362932101612034,0.04765672084334941,0.0,578.2513466925233,unresolved,unresolved,unresolved,below
Ciboule,seven_individual_markets,none,Kintele,0.0,0.31362932101612034,0.04295613381024214,0.0,578.2513466925233,unresolved,unresolved,unresolved,below
Ciboule,seven_individual_markets,none,Madibou,0.0,0.31362932101612034,0.0040052339217008966,0.0,578.2513466925233,unresolved,unresolved,unresolved,below
Ciboule,seven_individual_markets,none,Mikalou,0.16624891585246732,0.16624891585246732,0.16624891585246732,306.52,306.52,above,above,below,below
Ciboule,seven_individual_markets,none,Mokoundzi-ngouaka,0.019525515368291866,0.019525515368291866,0.019525515368291866,35.99999999999999,35.99999999999999,below,below,below,below
Ciboule,seven_individual_markets,none,Moungali,0.09478010585025011,0.09478010585025011,0.09478010585025011,174.75,174.75,above,below,below,below
Ciboule,seven_individual_markets,none,Ouenze,0.020273993457409725,0.020273993457409725,0.020273993457409725,37.38,37.38,below,below,below,below
Ciboule,seven_individual_markets,none,Plateaux des 15 ans,0.0,0.31362932101612034,0.009220382257248938,0.0,578.2513466925233,unresolved,unresolved,unresolved,below
Ciboule,seven_individual_markets,none,Poto-poto,0.0,0.31362932101612034,0.09124304324484324,0.0,578.2513466925233,unresolved,unresolved,unresolved,below
Ciboule,seven_individual_markets,none,Talangai,0.05098329012831766,0.05098329012831766,0.05098329012831766,94.0,94.0,above,below,below,below
Ciboule,seven_individual_markets,none,Texaco,0.02215061243447332,0.02215061243447332,0.02215061243447332,40.839999999999975,40.839999999999975,below,below,below,below
Ciboule,seven_individual_markets,none,Total,0.31240824589266974,0.31240824589266974,0.31240824589266974,575.9999999999997,575.9999999999997,above,above,above,below
Ciboule,seven_individual_markets,market:Total,Bifouiti,0.0,0.6260375669087901,0.006301126283068049,0.0,1154.251346692523,unresolved,unresolved,unresolved,unresolved
Ciboule,seven_individual_markets,market:Total,Bourreau,0.0,0.6260375669087901,0.11224668065566769,0.0,1154.251346692523,unresolved,unresolved,unresolved,unresolved
Ciboule,seven_individual_markets,market:Total,Commission,0.0,0.6260375669087901,0.04765672084334941,0.0,1154.251346692523,unresolved,unresolved,unresolved,unresolved
Ciboule,seven_individual_markets,market:Total,Kintele,0.0,0.6260375669087901,0.04295613381024214,0.0,1154.251346692523,unresolved,unresolved,unresolved,unresolved
Ciboule,seven_individual_markets,market:Total,Madibou,0.0,0.6260375669087901,0.0040052339217008966,0.0,1154.251346692523,unresolved,unresolved,unresolved,unresolved
Ciboule,seven_individual_markets,market:Total,Mikalou,0.16624891585246732,0.16624891585246732,0.16624891585246732,306.52,306.52,above,above,below,below
Ciboule,seven_individual_markets,market:Total,Mokoundzi-ngouaka,0.019525515368291866,0.019525515368291866,0.019525515368291866,35.99999999999999,35.99999999999999,below,below,below,below
Ciboule,seven_individual_markets,market:Total,Moungali,0.09478010585025011,0.09478010585025011,0.09478010585025011,174.75,174.75,above,below,below,below
Ciboule,seven_individual_markets,market:Total,Ouenze,0.020273993457409725,0.020273993457409725,0.020273993457409725,37.38,37.38,below,below,below,below
Ciboule,seven_individual_markets,market:Total,Plateaux des 15 ans,0.0,0.6260375669087901,0.009220382257248938,0.0,1154.251346692523,unresolved,unresolved,unresolved,unresolved
Ciboule,seven_individual_markets,market:Total,Poto-poto,0.0,0.6260375669087901,0.09124304324484324,0.0,1154.251346692523,unresolved,unresolved,unresolved,unresolved
Ciboule,seven_individual_markets,market:Total,Talangai,0.05098329012831766,0.05098329012831766,0.05098329012831766,94.0,94.0,above,below,below,below
Ciboule,seven_individual_markets,market:Total,Texaco,0.02215061243447332,0.02215061243447332,0.02215061243447332,40.839999999999975,40.839999999999975,below,below,below,below
Ciboule,seven_individual_markets,market:Total,Total,0.0,0.6260375669087901,0.31240824589266974,0.0,1154.251346692523,unresolved,unresolved,unresolved,unresolved
Ciboule,seven_individual_markets,market:Ouenze,Bifouiti,0.0,0.3339033144735301,0.006301126283068049,0.0,615.6313466925233,unresolved,unresolved,unresolved,below
Ciboule,seven_individual_markets,market:Ouenze,Bourreau,0.0,0.3339033144735301,0.11224668065566769,0.0,615.6313466925233,unresolved,unresolved,unresolved,below
Ciboule,seven_individual_markets,market:Ouenze,Commission,0.0,0.3339033144735301,0.04765672084334941,0.0,615.6313466925233,unresolved,unresolved,unresolved,below
Ciboule,seven_individual_markets,market:Ouenze,Kintele,0.0,0.3339033144735301,0.04295613381024214,0.0,615.6313466925233,unresolved,unresolved,unresolved,below
Ciboule,seven_individual_markets,market:Ouenze,Madibou,0.0,0.3339033144735301,0.0040052339217008966,0.0,615.6313466925233,unresolved,unresolved,unresolved,below
Ciboule,seven_individual_markets,market:Ouenze,Mikalou,0.16624891585246732,0.16624891585246732,0.16624891585246732,306.52,306.52,above,above,below,below
Ciboule,seven_individual_markets,market:Ouenze,Mokoundzi-ngouaka,0.019525515368291866,0.019525515368291866,0.019525515368291866,35.99999999999999,35.99999999999999,below,below,below,below
Ciboule,seven_individual_markets,market:Ouenze,Moungali,0.09478010585025011,0.09478010585025011,0.09478010585025011,174.75,174.75,above,below,below,below
Ciboule,seven_individual_markets,market:Ouenze,Ouenze,0.0,0.3339033144735301,0.020273993457409725,0.0,615.6313466925233,unresolved,unresolved,unresolved,below
Ciboule,seven_individual_markets,market:Ouenze,Plateaux des 15 ans,0.0,0.3339033144735301,0.009220382257248938,0.0,615.6313466925233,unresolved,unresolved,unresolved,below
Ciboule,seven_individual_markets,market:Ouenze,Poto-poto,0.0,0.3339033144735301,0.09124304324484324,0.0,615.6313466925233,unresolved,unresolved,unresolved,below
Ciboule,seven_individual_markets,market:Ouenze,Talangai,0.05098329012831766,0.05098329012831766,0.05098329012831766,94.0,94.0,above,below,below,below
Ciboule,seven_individual_markets,market:Ouenze,Texaco,0.02215061243447332,0.02215061243447332,0.02215061243447332,40.839999999999975,40.839999999999975,below,below,below,below
Ciboule,seven_individual_markets,market:Ouenze,Total,0.31240824589266974,0.31240824589266974,0.31240824589266974,575.9999999999997,575.9999999999997,above,above,above,below
Ciboule,seven_individual_markets,market:Texaco,Bifouiti,0.0,0.33577993345059365,0.006301126283068049,0.0,619.0913466925232,unresolved,unresolved,unresolved,below
Ciboule,seven_individual_markets,market:Texaco,Bourreau,0.0,0.33577993345059365,0.11224668065566769,0.0,619.0913466925232,unresolved,unresolved,unresolved,below
Ciboule,seven_individual_markets,market:Texaco,Commission,0.0,0.33577993345059365,0.04765672084334941,0.0,619.0913466925232,unresolved,unresolved,unresolved,below
Ciboule,seven_individual_markets,market:Texaco,Kintele,0.0,0.33577993345059365,0.04295613381024214,0.0,619.0913466925232,unresolved,unresolved,unresolved,below
Ciboule,seven_individual_markets,market:Texaco,Madibou,0.0,0.33577993345059365,0.0040052339217008966,0.0,619.0913466925232,unresolved,unresolved,unresolved,below
Ciboule,seven_individual_markets,market:Texaco,Mikalou,0.16624891585246732,0.16624891585246732,0.16624891585246732,306.52,306.52,above,above,below,below
Ciboule,seven_individual_markets,market:Texaco,Mokoundzi-ngouaka,0.019525515368291866,0.019525515368291866,0.019525515368291866,35.99999999999999,35.99999999999999,below,below,below,below
Ciboule,seven_individual_markets,market:Texaco,Moungali,0.09478010585025011,0.09478010585025011,0.09478010585025011,174.75,174.75,above,below,below,below
Ciboule,seven_individual_markets,market:Texaco,Ouenze,0.020273993457409725,0.020273993457409725,0.020273993457409725,37.38,37.38,below,below,below,below
Ciboule,seven_individual_markets,market:Texaco,Plateaux des 15 ans,0.0,0.33577993345059365,0.009220382257248938,0.0,619.0913466925232,unresolved,unresolved,unresolved,below
Ciboule,seven_individual_markets,market:Texaco,Poto-poto,0.0,0.33577993345059365,0.09124304324484324,0.0,619.0913466925232,unresolved,unresolved,unresolved,below
Ciboule,seven_individual_markets,market:Texaco,Talangai,0.05098329012831766,0.05098329012831766,0.05098329012831766,94.0,94.0,above,below,below,below
Ciboule,seven_individual_markets,market:Texaco,Texaco,0.0,0.33577993345059365,0.02215061243447332,0.0,619.0913466925232,unresolved,unresolved,unresolved,below
Ciboule,seven_individual_markets,market:Texaco,Total,0.31240824589266974,0.31240824589266974,0.31240824589266974,575.9999999999997,575.9999999999997,above,above,above,below
Ciboule,seven_individual_markets,market:Talangai,Bifouiti,0.0,0.364612611144438,0.006301126283068049,0.0,672.2513466925233,unresolved,unresolved,unresolved,below
Ciboule,seven_individual_markets,market:Talangai,Bourreau,0.0,0.364612611144438,0.11224668065566769,0.0,672.2513466925233,unresolved,unresolved,unresolved,below
Ciboule,seven_individual_markets,market:Talangai,Commission,0.0,0.364612611144438,0.04765672084334941,0.0,672.2513466925233,unresolved,unresolved,unresolved,below
Ciboule,seven_individual_markets,market:Talangai,Kintele,0.0,0.364612611144438,0.04295613381024214,0.0,672.2513466925233,unresolved,unresolved,unresolved,below
Ciboule,seven_individual_markets,market:Talangai,Madibou,0.0,0.364612611144438,0.0040052339217008966,0.0,672.2513466925233,unresolved,unresolved,unresolved,below
Ciboule,seven_individual_markets,market:Talangai,Mikalou,0.16624891585246732,0.16624891585246732,0.16624891585246732,306.52,306.52,above,above,below,below
Ciboule,seven_individual_markets,market:Talangai,Mokoundzi-ngouaka,0.019525515368291866,0.019525515368291866,0.019525515368291866,35.99999999999999,35.99999999999999,below,below,below,below
Ciboule,seven_individual_markets,market:Talangai,Moungali,0.09478010585025011,0.09478010585025011,0.09478010585025011,174.75,174.75,above,below,below,below
Ciboule,seven_individual_markets,market:Talangai,Ouenze,0.020273993457409725,0.020273993457409725,0.020273993457409725,37.38,37.38,below,below,below,below
Ciboule,seven_individual_markets,market:Talangai,Plateaux des 15 ans,0.0,0.364612611144438,0.009220382257248938,0.0,672.2513466925233,unresolved,unresolved,unresolved,below
Ciboule,seven_individual_markets,market:Talangai,Poto-poto,0.0,0.364612611144438,0.09124304324484324,0.0,672.2513466925233,unresolved,unresolved,unresolved,below
Ciboule,seven_individual_markets,market:Talangai,Talangai,0.0,0.364612611144438,0.05098329012831766,0.0,672.2513466925233,unresolved,unresolved,unresolved,below
Ciboule,seven_individual_markets,market:Talangai,Texaco,0.02215061243447332,0.02215061243447332,0.02215061243447332,40.839999999999975,40.839999999999975,below,below,below,below
Ciboule,seven_individual_markets,market:Talangai,Total,0.31240824589266974,0.31240824589266974,0.31240824589266974,575.9999999999997,575.9999999999997,above,above,above,below
Ciboule,seven_individual_markets,market:Mokoundzi-ngouaka,Bifouiti,0.0,0.33315483638441223,0.006301126283068049,0.0,614.2513466925233,unresolved,unresolved,unresolved,below
Ciboule,seven_individual_markets,market:Mokoundzi-ngouaka,Bourreau,0.0,0.33315483638441223,0.11224668065566769,0.0,614.2513466925233,unresolved,unresolved,unresolved,below
Ciboule,seven_individual_markets,market:Mokoundzi-ngouaka,Commission,0.0,0.33315483638441223,0.04765672084334941,0.0,614.2513466925233,unresolved,unresolved,unresolved,below
Ciboule,seven_individual_markets,market:Mokoundzi-ngouaka,Kintele,0.0,0.33315483638441223,0.04295613381024214,0.0,614.2513466925233,unresolved,unresolved,unresolved,below
Ciboule,seven_individual_markets,market:Mokoundzi-ngouaka,Madibou,0.0,0.33315483638441223,0.0040052339217008966,0.0,614.2513466925233,unresolved,unresolved,unresolved,below
Ciboule,seven_individual_markets,market:Mokoundzi-ngouaka,Mikalou,0.16624891585246732,0.16624891585246732,0.16624891585246732,306.52,306.52,above,above,below,below
Ciboule,seven_individual_markets,market:Mokoundzi-ngouaka,Mokoundzi-ngouaka,0.0,0.33315483638441223,0.019525515368291866,0.0,614.2513466925233,unresolved,unresolved,unresolved,below
Ciboule,seven_individual_markets,market:Mokoundzi-ngouaka,Moungali,0.09478010585025011,0.09478010585025011,0.09478010585025011,174.75,174.75,above,below,below,below
Ciboule,seven_individual_markets,market:Mokoundzi-ngouaka,Ouenze,0.020273993457409725,0.020273993457409725,0.020273993457409725,37.38,37.38,below,below,below,below
Ciboule,seven_individual_markets,market:Mokoundzi-ngouaka,Plateaux des 15 ans,0.0,0.33315483638441223,0.009220382257248938,0.0,614.2513466925233,unresolved,unresolved,unresolved,below
Ciboule,seven_individual_markets,market:Mokoundzi-ngouaka,Poto-poto,0.0,0.33315483638441223,0.09124304324484324,0.0,614.2513466925233,unresolved,unresolved,unresolved,below
Ciboule,seven_individual_markets,market:Mokoundzi-ngouaka,Talangai,0.05098329012831766,0.05098329012831766,0.05098329012831766,94.0,94.0,above,below,below,below
Ciboule,seven_individual_markets,market:Mokoundzi-ngouaka,Texaco,0.02215061243447332,0.02215061243447332,0.02215061243447332,40.839999999999975,40.839999999999975,below,below,below,below
Ciboule,seven_individual_markets,market:Mokoundzi-ngouaka,Total,0.31240824589266974,0.31240824589266974,0.31240824589266974,575.9999999999997,575.9999999999997,above,above,above,below
Ciboule,seven_individual_markets,market:Moungali,Bifouiti,0.0,0.40840942686637044,0.006301126283068049,0.0,753.0013466925232,unresolved,unresolved,unresolved,below
Ciboule,seven_individual_markets,market:Moungali,Bourreau,0.0,0.40840942686637044,0.11224668065566769,0.0,753.0013466925232,unresolved,unresolved,unresolved,below
Ciboule,seven_individual_markets,market:Moungali,Commission,0.0,0.40840942686637044,0.04765672084334941,0.0,753.0013466925232,unresolved,unresolved,unresolved,below
Ciboule,seven_individual_markets,market:Moungali,Kintele,0.0,0.40840942686637044,0.04295613381024214,0.0,753.0013466925232,unresolved,unresolved,unresolved,below
Ciboule,seven_individual_markets,market:Moungali,Madibou,0.0,0.40840942686637044,0.0040052339217008966,0.0,753.0013466925232,unresolved,unresolved,unresolved,below
Ciboule,seven_individual_markets,market:Moungali,Mikalou,0.16624891585246732,0.16624891585246732,0.16624891585246732,306.52,306.52,above,above,below,below
Ciboule,seven_individual_markets,market:Moungali,Mokoundzi-ngouaka,0.019525515368291866,0.019525515368291866,0.019525515368291866,35.99999999999999,35.99999999999999,below,below,below,below
Ciboule,seven_individual_markets,market:Moungali,Moungali,0.0,0.40840942686637044,0.09478010585025011,0.0,753.0013466925232,unresolved,unresolved,unresolved,below
Ciboule,seven_individual_markets,market:Moungali,Ouenze,0.020273993457409725,0.020273993457409725,0.020273993457409725,37.38,37.38,below,below,below,below
Ciboule,seven_individual_markets,market:Moungali,Plateaux des 15 ans,0.0,0.40840942686637044,0.009220382257248938,0.0,753.0013466925232,unresolved,unresolved,unresolved,below
Ciboule,seven_individual_markets,market:Moungali,Poto-poto,0.0,0.40840942686637044,0.09124304324484324,0.0,753.0013466925232,unresolved,unresolved,unresolved,below
Ciboule,seven_individual_markets,market:Moungali,Talangai,0.05098329012831766,0.05098329012831766,0.05098329012831766,94.0,94.0,above,below,below,below
Ciboule,seven_individual_markets,market:Moungali,Texaco,0.02215061243447332,0.02215061243447332,0.02215061243447332,40.839999999999975,40.839999999999975,below,below,below,below
Ciboule,seven_individual_markets,market:Moungali,Total,0.31240824589266974,0.31240824589266974,0.31240824589266974,575.9999999999997,575.9999999999997,above,above,above,below
Ciboule,seven_individual_markets,market:Mikalou,Bifouiti,0.0,0.4798782368685876,0.006301126283068049,0.0,884.7713466925231,unresolved,unresolved,unresolved,below
Ciboule,seven_individual_markets,market:Mikalou,Bourreau,0.0,0.4798782368685876,0.11224668065566769,0.0,884.7713466925231,unresolved,unresolved,unresolved,below
Ciboule,seven_individual_markets,market:Mikalou,Commission,0.0,0.4798782368685876,0.04765672084334941,0.0,884.7713466925231,unresolved,unresolved,unresolved,below
Ciboule,seven_individual_markets,market:Mikalou,Kintele,0.0,0.4798782368685876,0.04295613381024214,0.0,884.7713466925231,unresolved,unresolved,unresolved,below
Ciboule,seven_individual_markets,market:Mikalou,Madibou,0.0,0.4798782368685876,0.0040052339217008966,0.0,884.7713466925231,unresolved,unresolved,unresolved,below
Ciboule,seven_individual_markets,market:Mikalou,Mikalou,0.0,0.4798782368685876,0.16624891585246732,0.0,884.7713466925231,unresolved,unresolved,unresolved,below
Ciboule,seven_individual_markets,market:Mikalou,Mokoundzi-ngouaka,0.019525515368291866,0.019525515368291866,0.019525515368291866,35.99999999999999,35.99999999999999,below,below,below,below
Ciboule,seven_individual_markets,market:Mikalou,Moungali,0.09478010585025011,0.09478010585025011,0.09478010585025011,174.75,174.75,above,below,below,below
Ciboule,seven_individual_markets,market:Mikalou,Ouenze,0.020273993457409725,0.020273993457409725,0.020273993457409725,37.38,37.38,below,below,below,below
Ciboule,seven_individual_markets,market:Mikalou,Plateaux des 15 ans,0.0,0.4798782368685876,0.009220382257248938,0.0,884.7713466925231,unresolved,unresolved,unresolved,below
Ciboule,seven_individual_markets,market:Mikalou,Poto-poto,0.0,0.4798782368685876,0.09124304324484324,0.0,884.7713466925231,unresolved,unresolved,unresolved,below
Ciboule,seven_individual_markets,market:Mikalou,Talangai,0.05098329012831766,0.05098329012831766,0.05098329012831766,94.0,94.0,above,below,below,below
Ciboule,seven_individual_markets,market:Mikalou,Texaco,0.02215061243447332,0.02215061243447332,0.02215061243447332,40.839999999999975,40.839999999999975,below,below,below,below
Ciboule,seven_individual_markets,market:Mikalou,Total,0.31240824589266974,0.31240824589266974,0.31240824589266974,575.9999999999997,575.9999999999997,above,above,above,below
Ciboule,seven_paired_market_groups,none,Bifouiti,0.0,0.028451738717541367,0.006301126283068049,0.0,52.45764705882351,below,below,below,below
Ciboule,seven_paired_market_groups,none,Bourreau,0.0,0.278495596508135,0.11224668065566769,0.0,513.4738461538462,unresolved,unresolved,unresolved,below
Ciboule,seven_paired_market_groups,none,Commission,0.0,0.09864001097166708,0.04765672084334941,0.0,181.86666666666667,unresolved,below,below,below
Ciboule,seven_paired_market_groups,none,Kintele,0.0,0.06323012726765187,0.04295613381024214,0.0,116.58000000000006,unresolved,below,below,below
Ciboule,seven_paired_market_groups,none,Madibou,0.0,0.3164134798143706,0.0040052339217008966,0.0,583.384615384615,unresolved,unresolved,unresolved,below
Ciboule,seven_paired_market_groups,none,Mikalou,0.0,0.278495596508135,0.16624891585246732,0.0,513.4738461538462,unresolved,unresolved,unresolved,below
Ciboule,seven_paired_market_groups,none,Mokoundzi-ngouaka,0.0,0.028745897625540806,0.019525515368291866,0.0,53.0,below,below,below,below
Ciboule,seven_paired_market_groups,none,Moungali,0.0,0.18602314909509335,0.09478010585025011,0.0,342.97857142857134,unresolved,unresolved,below,below
Ciboule,seven_paired_market_groups,none,Ouenze,0.0,0.06323012726765187,0.020273993457409725,0.0,116.58000000000006,unresolved,below,below,below
Ciboule,seven_paired_market_groups,none,Plateaux des 15 ans,0.0,0.028745897625540806,0.009220382257248938,0.0,53.0,below,below,below,below
Ciboule,seven_paired_market_groups,none,Poto-poto,0.0,0.18602314909509335,0.09124304324484324,0.0,342.97857142857134,unresolved,unresolved,below,below
Ciboule,seven_paired_market_groups,none,Talangai,0.0,0.09864001097166708,0.05098329012831766,0.0,181.86666666666667,unresolved,below,below,below
Ciboule,seven_paired_market_groups,none,Texaco,0.0,0.028451738717541367,0.02215061243447332,0.0,52.45764705882351,below,below,below,below
Ciboule,seven_paired_market_groups,none,Total,0.0,0.3164134798143706,0.31240824589266974,0.0,583.384615384615,unresolved,unresolved,unresolved,below
Ciboule,seven_paired_market_groups,pair:Total|Madibou,Bifouiti,0.0,0.028451738717541367,0.006301126283068049,0.0,52.45764705882351,below,below,below,below
Ciboule,seven_paired_market_groups,pair:Total|Madibou,Bourreau,0.0,0.278495596508135,0.11224668065566769,0.0,513.4738461538462,unresolved,unresolved,unresolved,below
Ciboule,seven_paired_market_groups,pair:Total|Madibou,Commission,0.0,0.09864001097166708,0.04765672084334941,0.0,181.86666666666667,unresolved,below,below,below
Ciboule,seven_paired_market_groups,pair:Total|Madibou,Kintele,0.0,0.06323012726765187,0.04295613381024214,0.0,116.58000000000006,unresolved,below,below,below
Ciboule,seven_paired_market_groups,pair:Total|Madibou,Madibou,0.0,0.3164134798143706,0.0040052339217008966,0.0,583.384615384615,unresolved,unresolved,unresolved,below
Ciboule,seven_paired_market_groups,pair:Total|Madibou,Mikalou,0.0,0.278495596508135,0.16624891585246732,0.0,513.4738461538462,unresolved,unresolved,unresolved,below
Ciboule,seven_paired_market_groups,pair:Total|Madibou,Mokoundzi-ngouaka,0.0,0.028745897625540806,0.019525515368291866,0.0,53.0,below,below,below,below
Ciboule,seven_paired_market_groups,pair:Total|Madibou,Moungali,0.0,0.18602314909509335,0.09478010585025011,0.0,342.97857142857134,unresolved,unresolved,below,below
Ciboule,seven_paired_market_groups,pair:Total|Madibou,Ouenze,0.0,0.06323012726765187,0.020273993457409725,0.0,116.58000000000006,unresolved,below,below,below
Ciboule,seven_paired_market_groups,pair:Total|Madibou,Plateaux des 15 ans,0.0,0.028745897625540806,0.009220382257248938,0.0,53.0,below,below,below,below
Ciboule,seven_paired_market_groups,pair:Total|Madibou,Poto-poto,0.0,0.18602314909509335,0.09124304324484324,0.0,342.97857142857134,unresolved,unresolved,below,below
Ciboule,seven_paired_market_groups,pair:Total|Madibou,Talangai,0.0,0.09864001097166708,0.05098329012831766,0.0,181.86666666666667,unresolved,below,below,below
Ciboule,seven_paired_market_groups,pair:Total|Madibou,Texaco,0.0,0.028451738717541367,0.02215061243447332,0.0,52.45764705882351,below,below,below,below
Ciboule,seven_paired_market_groups,pair:Total|Madibou,Total,0.0,0.3164134798143706,0.31240824589266974,0.0,583.384615384615,unresolved,unresolved,unresolved,below
Ciboule,seven_paired_market_groups,pair:Ouenze|Kintele,Bifouiti,0.0,0.028451738717541367,0.006301126283068049,0.0,52.45764705882351,below,below,below,below
Ciboule,seven_paired_market_groups,pair:Ouenze|Kintele,Bourreau,0.0,0.278495596508135,0.11224668065566769,0.0,513.4738461538462,unresolved,unresolved,unresolved,below
Ciboule,seven_paired_market_groups,pair:Ouenze|Kintele,Commission,0.0,0.09864001097166708,0.04765672084334941,0.0,181.86666666666667,unresolved,below,below,below
Ciboule,seven_paired_market_groups,pair:Ouenze|Kintele,Kintele,0.0,0.06323012726765187,0.04295613381024214,0.0,116.58000000000006,unresolved,below,below,below
Ciboule,seven_paired_market_groups,pair:Ouenze|Kintele,Madibou,0.0,0.3164134798143706,0.0040052339217008966,0.0,583.384615384615,unresolved,unresolved,unresolved,below
Ciboule,seven_paired_market_groups,pair:Ouenze|Kintele,Mikalou,0.0,0.278495596508135,0.16624891585246732,0.0,513.4738461538462,unresolved,unresolved,unresolved,below
Ciboule,seven_paired_market_groups,pair:Ouenze|Kintele,Mokoundzi-ngouaka,0.0,0.028745897625540806,0.019525515368291866,0.0,53.0,below,below,below,below
Ciboule,seven_paired_market_groups,pair:Ouenze|Kintele,Moungali,0.0,0.18602314909509335,0.09478010585025011,0.0,342.97857142857134,unresolved,unresolved,below,below
Ciboule,seven_paired_market_groups,pair:Ouenze|Kintele,Ouenze,0.0,0.06323012726765187,0.020273993457409725,0.0,116.58000000000006,unresolved,below,below,below
Ciboule,seven_paired_market_groups,pair:Ouenze|Kintele,Plateaux des 15 ans,0.0,0.028745897625540806,0.009220382257248938,0.0,53.0,below,below,below,below
Ciboule,seven_paired_market_groups,pair:Ouenze|Kintele,Poto-poto,0.0,0.18602314909509335,0.09124304324484324,0.0,342.97857142857134,unresolved,unresolved,below,below
Ciboule,seven_paired_market_groups,pair:Ouenze|Kintele,Talangai,0.0,0.09864001097166708,0.05098329012831766,0.0,181.86666666666667,unresolved,below,below,below
Ciboule,seven_paired_market_groups,pair:Ouenze|Kintele,Texaco,0.0,0.028451738717541367,0.02215061243447332,0.0,52.45764705882351,below,below,below,below
Ciboule,seven_paired_market_groups,pair:Ouenze|Kintele,Total,0.0,0.3164134798143706,0.31240824589266974,0.0,583.384615384615,unresolved,unresolved,unresolved,below
Ciboule,seven_paired_market_groups,pair:Texaco|Bifouiti,Bifouiti,0.0,0.028451738717541367,0.006301126283068049,0.0,52.45764705882351,below,below,below,below
Ciboule,seven_paired_market_groups,pair:Texaco|Bifouiti,Bourreau,0.0,0.278495596508135,0.11224668065566769,0.0,513.4738461538462,unresolved,unresolved,unresolved,below
Ciboule,seven_paired_market_groups,pair:Texaco|Bifouiti,Commission,0.0,0.09864001097166708,0.04765672084334941,0.0,181.86666666666667,unresolved,below,below,below
Ciboule,seven_paired_market_groups,pair:Texaco|Bifouiti,Kintele,0.0,0.06323012726765187,0.04295613381024214,0.0,116.58000000000006,unresolved,below,below,below
Ciboule,seven_paired_market_groups,pair:Texaco|Bifouiti,Madibou,0.0,0.3164134798143706,0.0040052339217008966,0.0,583.384615384615,unresolved,unresolved,unresolved,below
Ciboule,seven_paired_market_groups,pair:Texaco|Bifouiti,Mikalou,0.0,0.278495596508135,0.16624891585246732,0.0,513.4738461538462,unresolved,unresolved,unresolved,below
Ciboule,seven_paired_market_groups,pair:Texaco|Bifouiti,Mokoundzi-ngouaka,0.0,0.028745897625540806,0.019525515368291866,0.0,53.0,below,below,below,below
Ciboule,seven_paired_market_groups,pair:Texaco|Bifouiti,Moungali,0.0,0.18602314909509335,0.09478010585025011,0.0,342.97857142857134,unresolved,unresolved,below,below
Ciboule,seven_paired_market_groups,pair:Texaco|Bifouiti,Ouenze,0.0,0.06323012726765187,0.020273993457409725,0.0,116.58000000000006,unresolved,below,below,below
Ciboule,seven_paired_market_groups,pair:Texaco|Bifouiti,Plateaux des 15 ans,0.0,0.028745897625540806,0.009220382257248938,0.0,53.0,below,below,below,below
Ciboule,seven_paired_market_groups,pair:Texaco|Bifouiti,Poto-poto,0.0,0.18602314909509335,0.09124304324484324,0.0,342.97857142857134,unresolved,unresolved,below,below
Ciboule,seven_paired_market_groups,pair:Texaco|Bifouiti,Talangai,0.0,0.09864001097166708,0.05098329012831766,0.0,181.86666666666667,unresolved,below,below,below
Ciboule,seven_paired_market_groups,pair:Texaco|Bifouiti,Texaco,0.0,0.028451738717541367,0.02215061243447332,0.0,52.45764705882351,below,below,below,below
Ciboule,seven_paired_market_groups,pair:Texaco|Bifouiti,Total,0.0,0.3164134798143706,0.31240824589266974,0.0,583.384615384615,unresolved,unresolved,unresolved,below
Ciboule,seven_paired_market_groups,pair:Talangai|Commission,Bifouiti,0.0,0.028451738717541367,0.006301126283068049,0.0,52.45764705882351,below,below,below,below
Ciboule,seven_paired_market_groups,pair:Talangai|Commission,Bourreau,0.0,0.278495596508135,0.11224668065566769,0.0,513.4738461538462,unresolved,unresolved,unresolved,below
Ciboule,seven_paired_market_groups,pair:Talangai|Commission,Commission,0.0,0.09864001097166708,0.04765672084334941,0.0,181.86666666666667,unresolved,below,below,below
Ciboule,seven_paired_market_groups,pair:Talangai|Commission,Kintele,0.0,0.06323012726765187,0.04295613381024214,0.0,116.58000000000006,unresolved,below,below,below
Ciboule,seven_paired_market_groups,pair:Talangai|Commission,Madibou,0.0,0.3164134798143706,0.0040052339217008966,0.0,583.384615384615,unresolved,unresolved,unresolved,below
Ciboule,seven_paired_market_groups,pair:Talangai|Commission,Mikalou,0.0,0.278495596508135,0.16624891585246732,0.0,513.4738461538462,unresolved,unresolved,unresolved,below
Ciboule,seven_paired_market_groups,pair:Talangai|Commission,Mokoundzi-ngouaka,0.0,0.028745897625540806,0.019525515368291866,0.0,53.0,below,below,below,below
Ciboule,seven_paired_market_groups,pair:Talangai|Commission,Moungali,0.0,0.18602314909509335,0.09478010585025011,0.0,342.97857142857134,unresolved,unresolved,below,below
Ciboule,seven_paired_market_groups,pair:Talangai|Commission,Ouenze,0.0,0.06323012726765187,0.020273993457409725,0.0,116.58000000000006,unresolved,below,below,below
Ciboule,seven_paired_market_groups,pair:Talangai|Commission,Plateaux des 15 ans,0.0,0.028745897625540806,0.009220382257248938,0.0,53.0,below,below,below,below
Ciboule,seven_paired_market_groups,pair:Talangai|Commission,Poto-poto,0.0,0.18602314909509335,0.09124304324484324,0.0,342.97857142857134,unresolved,unresolved,below,below
Ciboule,seven_paired_market_groups,pair:Talangai|Commission,Talangai,0.0,0.09864001097166708,0.05098329012831766,0.0,181.86666666666667,unresolved,below,below,below
Ciboule,seven_paired_market_groups,pair:Talangai|Commission,Texaco,0.0,0.028451738717541367,0.02215061243447332,0.0,52.45764705882351,below,below,below,below
Ciboule,seven_paired_market_groups,pair:Talangai|Commission,Total,0.0,0.3164134798143706,0.31240824589266974,0.0,583.384615384615,unresolved,unresolved,unresolved,below
Ciboule,seven_paired_market_groups,pair:Mokoundzi-ngouaka|Plateaux des 15 ans,Bifouiti,0.0,0.028451738717541367,0.006301126283068049,0.0,52.45764705882351,below,below,below,below
Ciboule,seven_paired_market_groups,pair:Mokoundzi-ngouaka|Plateaux des 15 ans,Bourreau,0.0,0.278495596508135,0.11224668065566769,0.0,513.4738461538462,unresolved,unresolved,unresolved,below
Ciboule,seven_paired_market_groups,pair:Mokoundzi-ngouaka|Plateaux des 15 ans,Commission,0.0,0.09864001097166708,0.04765672084334941,0.0,181.86666666666667,unresolved,below,below,below
Ciboule,seven_paired_market_groups,pair:Mokoundzi-ngouaka|Plateaux des 15 ans,Kintele,0.0,0.06323012726765187,0.04295613381024214,0.0,116.58000000000006,unresolved,below,below,below
Ciboule,seven_paired_market_groups,pair:Mokoundzi-ngouaka|Plateaux des 15 ans,Madibou,0.0,0.3164134798143706,0.0040052339217008966,0.0,583.384615384615,unresolved,unresolved,unresolved,below
Ciboule,seven_paired_market_groups,pair:Mokoundzi-ngouaka|Plateaux des 15 ans,Mikalou,0.0,0.278495596508135,0.16624891585246732,0.0,513.4738461538462,unresolved,unresolved,unresolved,below
Ciboule,seven_paired_market_groups,pair:Mokoundzi-ngouaka|Plateaux des 15 ans,Mokoundzi-ngouaka,0.0,0.028745897625540806,0.019525515368291866,0.0,53.0,below,below,below,below
Ciboule,seven_paired_market_groups,pair:Mokoundzi-ngouaka|Plateaux des 15 ans,Moungali,0.0,0.18602314909509335,0.09478010585025011,0.0,342.97857142857134,unresolved,unresolved,below,below
Ciboule,seven_paired_market_groups,pair:Mokoundzi-ngouaka|Plateaux des 15 ans,Ouenze,0.0,0.06323012726765187,0.020273993457409725,0.0,116.58000000000006,unresolved,below,below,below
Ciboule,seven_paired_market_groups,pair:Mokoundzi-ngouaka|Plateaux des 15 ans,Plateaux des 15 ans,0.0,0.028745897625540806,0.009220382257248938,0.0,53.0,below,below,below,below
Ciboule,seven_paired_market_groups,pair:Mokoundzi-ngouaka|Plateaux des 15 ans,Poto-poto,0.0,0.18602314909509335,0.09124304324484324,0.0,342.97857142857134,unresolved,unresolved,below,below
Ciboule,seven_paired_market_groups,pair:Mokoundzi-ngouaka|Plateaux des 15 ans,Talangai,0.0,0.09864001097166708,0.05098329012831766,0.0,181.86666666666667,unresolved,below,below,below
Ciboule,seven_paired_market_groups,pair:Mokoundzi-ngouaka|Plateaux des 15 ans,Texaco,0.0,0.028451738717541367,0.02215061243447332,0.0,52.45764705882351,below,below,below,below
Ciboule,seven_paired_market_groups,pair:Mokoundzi-ngouaka|Plateaux des 15 ans,Total,0.0,0.3164134798143706,0.31240824589266974,0.0,583.384615384615,unresolved,unresolved,unresolved,below
Ciboule,seven_paired_market_groups,pair:Moungali|Poto-poto,Bifouiti,0.0,0.028451738717541367,0.006301126283068049,0.0,52.45764705882351,below,below,below,below
Ciboule,seven_paired_market_groups,pair:Moungali|Poto-poto,Bourreau,0.0,0.278495596508135,0.11224668065566769,0.0,513.4738461538462,unresolved,unresolved,unresolved,below
Ciboule,seven_paired_market_groups,pair:Moungali|Poto-poto,Commission,0.0,0.09864001097166708,0.04765672084334941,0.0,181.86666666666667,unresolved,below,below,below
Ciboule,seven_paired_market_groups,pair:Moungali|Poto-poto,Kintele,0.0,0.06323012726765187,0.04295613381024214,0.0,116.58000000000006,unresolved,below,below,below
Ciboule,seven_paired_market_groups,pair:Moungali|Poto-poto,Madibou,0.0,0.3164134798143706,0.0040052339217008966,0.0,583.384615384615,unresolved,unresolved,unresolved,below
Ciboule,seven_paired_market_groups,pair:Moungali|Poto-poto,Mikalou,0.0,0.278495596508135,0.16624891585246732,0.0,513.4738461538462,unresolved,unresolved,unresolved,below
Ciboule,seven_paired_market_groups,pair:Moungali|Poto-poto,Mokoundzi-ngouaka,0.0,0.028745897625540806,0.019525515368291866,0.0,53.0,below,below,below,below
Ciboule,seven_paired_market_groups,pair:Moungali|Poto-poto,Moungali,0.0,0.18602314909509335,0.09478010585025011,0.0,342.97857142857134,unresolved,unresolved,below,below
Ciboule,seven_paired_market_groups,pair:Moungali|Poto-poto,Ouenze,0.0,0.06323012726765187,0.020273993457409725,0.0,116.58000000000006,unresolved,below,below,below
Ciboule,seven_paired_market_groups,pair:Moungali|Poto-poto,Plateaux des 15 ans,0.0,0.028745897625540806,0.009220382257248938,0.0,53.0,below,below,below,below
Ciboule,seven_paired_market_groups,pair:Moungali|Poto-poto,Poto-poto,0.0,0.18602314909509335,0.09124304324484324,0.0,342.97857142857134,unresolved,unresolved,below,below
Ciboule,seven_paired_market_groups,pair:Moungali|Poto-poto,Talangai,0.0,0.09864001097166708,0.05098329012831766,0.0,181.86666666666667,unresolved,below,below,below
Ciboule,seven_paired_market_groups,pair:Moungali|Poto-poto,Texaco,0.0,0.028451738717541367,0.02215061243447332,0.0,52.45764705882351,below,below,below,below
Ciboule,seven_paired_market_groups,pair:Moungali|Poto-poto,Total,0.0,0.3164134798143706,0.31240824589266974,0.0,583.384615384615,unresolved,unresolved,unresolved,below
Ciboule,seven_paired_market_groups,pair:Mikalou|Bourreau,Bifouiti,0.0,0.028451738717541367,0.006301126283068049,0.0,52.45764705882351,below,below,below,below
Ciboule,seven_paired_market_groups,pair:Mikalou|Bourreau,Bourreau,0.0,0.278495596508135,0.11224668065566769,0.0,513.4738461538462,unresolved,unresolved,unresolved,below
Ciboule,seven_paired_market_groups,pair:Mikalou|Bourreau,Commission,0.0,0.09864001097166708,0.04765672084334941,0.0,181.86666666666667,unresolved,below,below,below
Ciboule,seven_paired_market_groups,pair:Mikalou|Bourreau,Kintele,0.0,0.06323012726765187,0.04295613381024214,0.0,116.58000000000006,unresolved,below,below,below
Ciboule,seven_paired_market_groups,pair:Mikalou|Bourreau,Madibou,0.0,0.3164134798143706,0.0040052339217008966,0.0,583.384615384615,unresolved,unresolved,unresolved,below
Ciboule,seven_paired_market_groups,pair:Mikalou|Bourreau,Mikalou,0.0,0.278495596508135,0.16624891585246732,0.0,513.4738461538462,unresolved,unresolved,unresolved,below
Ciboule,seven_paired_market_groups,pair:Mikalou|Bourreau,Mokoundzi-ngouaka,0.0,0.028745897625540806,0.019525515368291866,0.0,53.0,below,below,below,below
Ciboule,seven_paired_market_groups,pair:Mikalou|Bourreau,Moungali,0.0,0.18602314909509335,0.09478010585025011,0.0,342.97857142857134,unresolved,unresolved,below,below
Ciboule,seven_paired_market_groups,pair:Mikalou|Bourreau,Ouenze,0.0,0.06323012726765187,0.020273993457409725,0.0,116.58000000000006,unresolved,below,below,below
Ciboule,seven_paired_market_groups,pair:Mikalou|Bourreau,Plateaux des 15 ans,0.0,0.028745897625540806,0.009220382257248938,0.0,53.0,below,below,below,below
Ciboule,seven_paired_market_groups,pair:Mikalou|Bourreau,Poto-poto,0.0,0.18602314909509335,0.09124304324484324,0.0,342.97857142857134,unresolved,unresolved,below,below
Ciboule,seven_paired_market_groups,pair:Mikalou|Bourreau,Talangai,0.0,0.09864001097166708,0.05098329012831766,0.0,181.86666666666667,unresolved,below,below,below
Ciboule,seven_paired_market_groups,pair:Mikalou|Bourreau,Texaco,0.0,0.028451738717541367,0.02215061243447332,0.0,52.45764705882351,below,below,below,below
Ciboule,seven_paired_market_groups,pair:Mikalou|Bourreau,Total,0.0,0.3164134798143706,0.31240824589266974,0.0,583.384615384615,unresolved,unresolved,unresolved,below
Concombre,seven_individual_markets,none,Bifouiti,0.0,0.15019038047345462,0.0015295045259804594,0.0,343.68406417112294,unresolved,unresolved,below,below
Concombre,seven_individual_markets,none,Bourreau,0.0,0.15019038047345462,0.024253571769118715,0.0,343.68406417112294,unresolved,unresolved,below,below
Concombre,seven_individual_markets,none,Commission,0.0,0.15019038047345462,0.005552487018685366,0.0,343.68406417112294,unresolved,unresolved,below,below
Concombre,seven_individual_markets,none,Kintele,0.0,0.15019038047345462,0.00026220077588236446,0.0,343.68406417112294,unresolved,unresolved,below,below
Concombre,seven_individual_markets,none,Madibou,0.0,0.15019038047345462,0.024829618928254214,0.0,343.68406417112294,unresolved,unresolved,below,below
Concombre,seven_individual_markets,none,Mikalou,0.0710479521745762,0.0710479521745762,0.0710479521745762,162.58064516129036,162.58064516129036,above,below,below,below
Concombre,seven_individual_markets,none,Mokoundzi-ngouaka,0.0,0.15019038047345462,0.08642137573082731,0.0,343.68406417112294,unresolved,unresolved,below,below
Concombre,seven_individual_markets,none,Moungali,0.022068565303432344,0.022068565303432344,0.022068565303432344,50.5,50.5,below,below,below,below
Concombre,seven_individual_markets,none,Ouenze,0.034654202545785835,0.034654202545785835,0.034654202545785835,79.3,79.3,below,below,below,below
Concombre,seven_individual_markets,none,Plateaux des 15 ans,0.0,0.15019038047345462,0.007341621724706206,0.0,343.68406417112294,unresolved,unresolved,below,below
Concombre,seven_individual_markets,none,Poto-poto,0.07768728648942258,0.07768728648942258,0.07768728648942258,177.77358490566036,177.77358490566036,above,below,below,below
Concombre,seven_individual_markets,none,Talangai,0.04750461115986369,0.04750461115986369,0.04750461115986369,108.70588235294119,108.70588235294119,below,below,below,below
Concombre,seven_individual_markets,none,Texaco,0.16009542374084038,0.16009542374084038,0.16009542374084038,366.34999999999997,366.34999999999997,above,above,below,below
Concombre,seven_individual_markets,none,Total,0.4367515781126243,0.4367515781126243,0.4367515781126243,999.4285714285714,999.4285714285714,above,above,above,below
Concombre,seven_individual_markets,market:Total,Bifouiti,0.0,0.5869419585860789,0.0015295045259804594,0.0,1343.1126355996944,unresolved,unresolved,unresolved,unresolved
Concombre,seven_individual_markets,market:Total,Bourreau,0.0,0.5869419585860789,0.024253571769118715,0.0,1343.1126355996944,unresolved,unresolved,unresolved,unresolved
Concombre,seven_individual_markets,market:Total,Commission,0.0,0.5869419585860789,0.005552487018685366,0.0,1343.1126355996944,unresolved,unresolved,unresolved,unresolved
Concombre,seven_individual_markets,market:Total,Kintele,0.0,0.5869419585860789,0.00026220077588236446,0.0,1343.1126355996944,unresolved,unresolved,unresolved,unresolved
Concombre,seven_individual_markets,market:Total,Madibou,0.0,0.5869419585860789,0.024829618928254214,0.0,1343.1126355996944,unresolved,unresolved,unresolved,unresolved
Concombre,seven_individual_markets,market:Total,Mikalou,0.0710479521745762,0.0710479521745762,0.0710479521745762,162.58064516129036,162.58064516129036,above,below,below,below
Concombre,seven_individual_markets,market:Total,Mokoundzi-ngouaka,0.0,0.5869419585860789,0.08642137573082731,0.0,1343.1126355996944,unresolved,unresolved,unresolved,unresolved
Concombre,seven_individual_markets,market:Total,Moungali,0.022068565303432344,0.022068565303432344,0.022068565303432344,50.5,50.5,below,below,below,below
Concombre,seven_individual_markets,market:Total,Ouenze,0.034654202545785835,0.034654202545785835,0.034654202545785835,79.3,79.3,below,below,below,below
Concombre,seven_individual_markets,market:Total,Plateaux des 15 ans,0.0,0.5869419585860789,0.007341621724706206,0.0,1343.1126355996944,unresolved,unresolved,unresolved,unresolved
Concombre,seven_individual_markets,market:Total,Poto-poto,0.07768728648942258,0.07768728648942258,0.07768728648942258,177.77358490566036,177.77358490566036,above,below,below,below
Concombre,seven_individual_markets,market:Total,Talangai,0.04750461115986369,0.04750461115986369,0.04750461115986369,108.70588235294119,108.70588235294119,below,below,below,below
Concombre,seven_individual_markets,market:Total,Texaco,0.16009542374084038,0.16009542374084038,0.16009542374084038,366.34999999999997,366.34999999999997,above,above,below,below
Concombre,seven_individual_markets,market:Total,Total,0.0,0.5869419585860789,0.4367515781126243,0.0,1343.1126355996944,unresolved,unresolved,unresolved,unresolved
Concombre,seven_individual_markets,market:Ouenze,Bifouiti,0.0,0.18484458301924045,0.0015295045259804594,0.0,422.9840641711229,unresolved,unresolved,below,below
Concombre,seven_individual_markets,market:Ouenze,Bourreau,0.0,0.18484458301924045,0.024253571769118715,0.0,422.9840641711229,unresolved,unresolved,below,below
Concombre,seven_individual_markets,market:Ouenze,Commission,0.0,0.18484458301924045,0.005552487018685366,0.0,422.9840641711229,unresolved,unresolved,below,below
Concombre,seven_individual_markets,market:Ouenze,Kintele,0.0,0.18484458301924045,0.00026220077588236446,0.0,422.9840641711229,unresolved,unresolved,below,below
Concombre,seven_individual_markets,market:Ouenze,Madibou,0.0,0.18484458301924045,0.024829618928254214,0.0,422.9840641711229,unresolved,unresolved,below,below
Concombre,seven_individual_markets,market:Ouenze,Mikalou,0.0710479521745762,0.0710479521745762,0.0710479521745762,162.58064516129036,162.58064516129036,above,below,below,below
Concombre,seven_individual_markets,market:Ouenze,Mokoundzi-ngouaka,0.0,0.18484458301924045,0.08642137573082731,0.0,422.9840641711229,unresolved,unresolved,below,below
Concombre,seven_individual_markets,market:Ouenze,Moungali,0.022068565303432344,0.022068565303432344,0.022068565303432344,50.5,50.5,below,below,below,below
Concombre,seven_individual_markets,market:Ouenze,Ouenze,0.0,0.18484458301924045,0.034654202545785835,0.0,422.9840641711229,unresolved,unresolved,below,below
Concombre,seven_individual_markets,market:Ouenze,Plateaux des 15 ans,0.0,0.18484458301924045,0.007341621724706206,0.0,422.9840641711229,unresolved,unresolved,below,below
Concombre,seven_individual_markets,market:Ouenze,Poto-poto,0.07768728648942258,0.07768728648942258,0.07768728648942258,177.77358490566036,177.77358490566036,above,below,below,below
Concombre,seven_individual_markets,market:Ouenze,Talangai,0.04750461115986369,0.04750461115986369,0.04750461115986369,108.70588235294119,108.70588235294119,below,below,below,below
Concombre,seven_individual_markets,market:Ouenze,Texaco,0.16009542374084038,0.16009542374084038,0.16009542374084038,366.34999999999997,366.34999999999997,above,above,below,below
Concombre,seven_individual_markets,market:Ouenze,Total,0.4367515781126243,0.4367515781126243,0.4367515781126243,999.4285714285714,999.4285714285714,above,above,above,below
Concombre,seven_individual_markets,market:Poto-poto,Bifouiti,0.0,0.2278776669628772,0.0015295045259804594,0.0,521.4576490767832,unresolved,unresolved,below,below
Concombre,seven_individual_markets,market:Poto-poto,Bourreau,0.0,0.2278776669628772,0.024253571769118715,0.0,521.4576490767832,unresolved,unresolved,below,below
Concombre,seven_individual_markets,market:Poto-poto,Commission,0.0,0.2278776669628772,0.005552487018685366,0.0,521.4576490767832,unresolved,unresolved,below,below
Concombre,seven_individual_markets,market:Poto-poto,Kintele,0.0,0.2278776669628772,0.00026220077588236446,0.0,521.4576490767832,unresolved,unresolved,below,below
Concombre,seven_individual_markets,market:Poto-poto,Madibou,0.0,0.2278776669628772,0.024829618928254214,0.0,521.4576490767832,unresolved,unresolved,below,below
Concombre,seven_individual_markets,market:Poto-poto,Mikalou,0.0710479521745762,0.0710479521745762,0.0710479521745762,162.58064516129036,162.58064516129036,above,below,below,below
Concombre,seven_individual_markets,market:Poto-poto,Mokoundzi-ngouaka,0.0,0.2278776669628772,0.08642137573082731,0.0,521.4576490767832,unresolved,unresolved,below,below
Concombre,seven_individual_markets,market:Poto-poto,Moungali,0.022068565303432344,0.022068565303432344,0.022068565303432344,50.5,50.5,below,below,below,below
Concombre,seven_individual_markets,market:Poto-poto,Ouenze,0.034654202545785835,0.034654202545785835,0.034654202545785835,79.3,79.3,below,below,below,below
Concombre,seven_individual_markets,market:Poto-poto,Plateaux des 15 ans,0.0,0.2278776669628772,0.007341621724706206,0.0,521.4576490767832,unresolved,unresolved,below,below
Concombre,seven_individual_markets,market:Poto-poto,Poto-poto,0.0,0.2278776669628772,0.07768728648942258,0.0,521.4576490767832,unresolved,unresolved,below,below
Concombre,seven_individual_markets,market:Poto-poto,Talangai,0.04750461115986369,0.04750461115986369,0.04750461115986369,108.70588235294119,108.70588235294119,below,below,below,below
Concombre,seven_individual_markets,market:Poto-poto,Texaco,0.16009542374084038,0.16009542374084038,0.16009542374084038,366.34999999999997,366.34999999999997,above,above,below,below
Concombre,seven_individual_markets,market:Poto-poto,Total,0.4367515781126243,0.4367515781126243,0.4367515781126243,999.4285714285714,999.4285714285714,above,above,above,below
Concombre,seven_individual_markets,market:Mikalou,Bifouiti,0.0,0.22123833264803083,0.0015295045259804594,0.0,506.2647093324133,unresolved,unresolved,below,below
Concombre,seven_individual_markets,market:Mikalou,Bourreau,0.0,0.22123833264803083,0.024253571769118715,0.0,506.2647093324133,unresolved,unresolved,below,below
Concombre,seven_individual_markets,market:Mikalou,Commission,0.0,0.22123833264803083,0.005552487018685366,0.0,506.2647093324133,unresolved,unresolved,below,below
Concombre,seven_individual_markets,market:Mikalou,Kintele,0.0,0.22123833264803083,0.00026220077588236446,0.0,506.2647093324133,unresolved,unresolved,below,below
Concombre,seven_individual_markets,market:Mikalou,Madibou,0.0,0.22123833264803083,0.024829618928254214,0.0,506.2647093324133,unresolved,unresolved,below,below
Concombre,seven_individual_markets,market:Mikalou,Mikalou,0.0,0.22123833264803083,0.0710479521745762,0.0,506.2647093324133,unresolved,unresolved,below,below
Concombre,seven_individual_markets,market:Mikalou,Mokoundzi-ngouaka,0.0,0.22123833264803083,0.08642137573082731,0.0,506.2647093324133,unresolved,unresolved,below,below
Concombre,seven_individual_markets,market:Mikalou,Moungali,0.022068565303432344,0.022068565303432344,0.022068565303432344,50.5,50.5,below,below,below,below
Concombre,seven_individual_markets,market:Mikalou,Ouenze,0.034654202545785835,0.034654202545785835,0.034654202545785835,79.3,79.3,below,below,below,below
Concombre,seven_individual_markets,market:Mikalou,Plateaux des 15 ans,0.0,0.22123833264803083,0.007341621724706206,0.0,506.2647093324133,unresolved,unresolved,below,below
Concombre,seven_individual_markets,market:Mikalou,Poto-poto,0.07768728648942258,0.07768728648942258,0.07768728648942258,177.77358490566036,177.77358490566036,above,below,below,below
Concombre,seven_individual_markets,market:Mikalou,Talangai,0.04750461115986369,0.04750461115986369,0.04750461115986369,108.70588235294119,108.70588235294119,below,below,below,below
Concombre,seven_individual_markets,market:Mikalou,Texaco,0.16009542374084038,0.16009542374084038,0.16009542374084038,366.34999999999997,366.34999999999997,above,above,below,below
Concombre,seven_individual_markets,market:Mikalou,Total,0.4367515781126243,0.4367515781126243,0.4367515781126243,999.4285714285714,999.4285714285714,above,above,above,below
Concombre,seven_individual_markets,market:Texaco,Bifouiti,0.0,0.31028580421429497,0.0015295045259804594,0.0,710.0340641711228,unresolved,unresolved,unresolved,below
Concombre,seven_individual_markets,market:Texaco,Bourreau,0.0,0.31028580421429497,0.024253571769118715,0.0,710.0340641711228,unresolved,unresolved,unresolved,below
Concombre,seven_individual_markets,market:Texaco,Commission,0.0,0.31028580421429497,0.005552487018685366,0.0,710.0340641711228,unresolved,unresolved,unresolved,below
Concombre,seven_individual_markets,market:Texaco,Kintele,0.0,0.31028580421429497,0.00026220077588236446,0.0,710.0340641711228,unresolved,unresolved,unresolved,below
Concombre,seven_individual_markets,market:Texaco,Madibou,0.0,0.31028580421429497,0.024829618928254214,0.0,710.0340641711228,unresolved,unresolved,unresolved,below
Concombre,seven_individual_markets,market:Texaco,Mikalou,0.0710479521745762,0.0710479521745762,0.0710479521745762,162.58064516129036,162.58064516129036,above,below,below,below
Concombre,seven_individual_markets,market:Texaco,Mokoundzi-ngouaka,0.0,0.31028580421429497,0.08642137573082731,0.0,710.0340641711228,unresolved,unresolved,unresolved,below
Concombre,seven_individual_markets,market:Texaco,Moungali,0.022068565303432344,0.022068565303432344,0.022068565303432344,50.5,50.5,below,below,below,below
Concombre,seven_individual_markets,market:Texaco,Ouenze,0.034654202545785835,0.034654202545785835,0.034654202545785835,79.3,79.3,below,below,below,below
Concombre,seven_individual_markets,market:Texaco,Plateaux des 15 ans,0.0,0.31028580421429497,0.007341621724706206,0.0,710.0340641711228,unresolved,unresolved,unresolved,below
Concombre,seven_individual_markets,market:Texaco,Poto-poto,0.07768728648942258,0.07768728648942258,0.07768728648942258,177.77358490566036,177.77358490566036,above,below,below,below
Concombre,seven_individual_markets,market:Texaco,Talangai,0.04750461115986369,0.04750461115986369,0.04750461115986369,108.70588235294119,108.70588235294119,below,below,below,below
Concombre,seven_individual_markets,market:Texaco,Texaco,0.0,0.31028580421429497,0.16009542374084038,0.0,710.0340641711228,unresolved,unresolved,unresolved,below
Concombre,seven_individual_markets,market:Texaco,Total,0.4367515781126243,0.4367515781126243,0.4367515781126243,999.4285714285714,999.4285714285714,above,above,above,below
Concombre,seven_individual_markets,market:Moungali,Bifouiti,0.0,0.17225894577688697,0.0015295045259804594,0.0,394.18406417112294,unresolved,unresolved,below,below
Concombre,seven_individual_markets,market:Moungali,Bourreau,0.0,0.17225894577688697,0.024253571769118715,0.0,394.18406417112294,unresolved,unresolved,below,below
Concombre,seven_individual_markets,market:Moungali,Commission,0.0,0.17225894577688697,0.005552487018685366,0.0,394.18406417112294,unresolved,unresolved,below,below
Concombre,seven_individual_markets,market:Moungali,Kintele,0.0,0.17225894577688697,0.00026220077588236446,0.0,394.18406417112294,unresolved,unresolved,below,below
Concombre,seven_individual_markets,market:Moungali,Madibou,0.0,0.17225894577688697,0.024829618928254214,0.0,394.18406417112294,unresolved,unresolved,below,below
Concombre,seven_individual_markets,market:Moungali,Mikalou,0.0710479521745762,0.0710479521745762,0.0710479521745762,162.58064516129036,162.58064516129036,above,below,below,below
Concombre,seven_individual_markets,market:Moungali,Mokoundzi-ngouaka,0.0,0.17225894577688697,0.08642137573082731,0.0,394.18406417112294,unresolved,unresolved,below,below
Concombre,seven_individual_markets,market:Moungali,Moungali,0.0,0.17225894577688697,0.022068565303432344,0.0,394.18406417112294,unresolved,unresolved,below,below
Concombre,seven_individual_markets,market:Moungali,Ouenze,0.034654202545785835,0.034654202545785835,0.034654202545785835,79.3,79.3,below,below,below,below
Concombre,seven_individual_markets,market:Moungali,Plateaux des 15 ans,0.0,0.17225894577688697,0.007341621724706206,0.0,394.18406417112294,unresolved,unresolved,below,below
Concombre,seven_individual_markets,market:Moungali,Poto-poto,0.07768728648942258,0.07768728648942258,0.07768728648942258,177.77358490566036,177.77358490566036,above,below,below,below
Concombre,seven_individual_markets,market:Moungali,Talangai,0.04750461115986369,0.04750461115986369,0.04750461115986369,108.70588235294119,108.70588235294119,below,below,below,below
Concombre,seven_individual_markets,market:Moungali,Texaco,0.16009542374084038,0.16009542374084038,0.16009542374084038,366.34999999999997,366.34999999999997,above,above,below,below
Concombre,seven_individual_markets,market:Moungali,Total,0.4367515781126243,0.4367515781126243,0.4367515781126243,999.4285714285714,999.4285714285714,above,above,above,below
Concombre,seven_individual_markets,market:Talangai,Bifouiti,0.0,0.1976949916333183,0.0015295045259804594,0.0,452.3899465240641,unresolved,unresolved,below,below
Concombre,seven_individual_markets,market:Talangai,Bourreau,0.0,0.1976949916333183,0.024253571769118715,0.0,452.3899465240641,unresolved,unresolved,below,below
Concombre,seven_individual_markets,market:Talangai,Commission,0.0,0.1976949916333183,0.005552487018685366,0.0,452.3899465240641,unresolved,unresolved,below,below
Concombre,seven_individual_markets,market:Talangai,Kintele,0.0,0.1976949916333183,0.00026220077588236446,0.0,452.3899465240641,unresolved,unresolved,below,below
Concombre,seven_individual_markets,market:Talangai,Madibou,0.0,0.1976949916333183,0.024829618928254214,0.0,452.3899465240641,unresolved,unresolved,below,below
Concombre,seven_individual_markets,market:Talangai,Mikalou,0.0710479521745762,0.0710479521745762,0.0710479521745762,162.58064516129036,162.58064516129036,above,below,below,below
Concombre,seven_individual_markets,market:Talangai,Mokoundzi-ngouaka,0.0,0.1976949916333183,0.08642137573082731,0.0,452.3899465240641,unresolved,unresolved,below,below
Concombre,seven_individual_markets,market:Talangai,Moungali,0.022068565303432344,0.022068565303432344,0.022068565303432344,50.5,50.5,below,below,below,below
Concombre,seven_individual_markets,market:Talangai,Ouenze,0.034654202545785835,0.034654202545785835,0.034654202545785835,79.3,79.3,below,below,below,below
Concombre,seven_individual_markets,market:Talangai,Plateaux des 15 ans,0.0,0.1976949916333183,0.007341621724706206,0.0,452.3899465240641,unresolved,unresolved,below,below
Concombre,seven_individual_markets,market:Talangai,Poto-poto,0.07768728648942258,0.07768728648942258,0.07768728648942258,177.77358490566036,177.77358490566036,above,below,below,below
Concombre,seven_individual_markets,market:Talangai,Talangai,0.0,0.1976949916333183,0.04750461115986369,0.0,452.3899465240641,unresolved,unresolved,below,below
Concombre,seven_individual_markets,market:Talangai,Texaco,0.16009542374084038,0.16009542374084038,0.16009542374084038,366.34999999999997,366.34999999999997,above,above,below,below
Concombre,seven_individual_markets,market:Talangai,Total,0.4367515781126243,0.4367515781126243,0.4367515781126243,999.4285714285714,999.4285714285714,above,above,above,below
Concombre,seven_paired_market_groups,none,Bifouiti,0.0,0.0361837070717663,0.0015295045259804594,0.0,82.8,below,below,below,below
Concombre,seven_paired_market_groups,none,Bourreau,0.0,0.1843489955099591,0.024253571769118715,0.0,421.84999999999997,unresolved,unresolved,below,below
Concombre,seven_paired_market_groups,none,Commission,0.0,0.08323977350810795,0.005552487018685366,0.0,190.47946725860155,unresolved,below,below,below
Concombre,seven_paired_market_groups,none,Kintele,0.0,0.4370137788885066,0.00026220077588236446,0.0,1000.0285714285715,unresolved,unresolved,unresolved,below
Concombre,seven_paired_market_groups,none,Madibou,0.0,0.0958775711028304,0.024829618928254214,0.0,219.39882697947218,unresolved,below,below,below
Concombre,seven_paired_market_groups,none,Mikalou,0.0,0.0958775711028304,0.0710479521745762,0.0,219.39882697947218,unresolved,below,below,below
Concombre,seven_paired_market_groups,none,Mokoundzi-ngouaka,0.0,0.10848994103425966,0.08642137573082731,0.0,248.25999999999996,unresolved,unresolved,below,below
Concombre,seven_paired_market_groups,none,Moungali,0.0,0.10848994103425966,0.022068565303432344,0.0,248.25999999999996,unresolved,unresolved,below,below
Concombre,seven_paired_market_groups,none,Ouenze,0.0,0.0361837070717663,0.034654202545785835,0.0,82.8,below,below,below,below
Concombre,seven_paired_market_groups,none,Plateaux des 15 ans,0.0,0.05484623288456989,0.007341621724706206,0.0,125.50588235294119,unresolved,below,below,below
Concombre,seven_paired_market_groups,none,Poto-poto,0.0,0.08323977350810795,0.07768728648942258,0.0,190.47946725860155,unresolved,below,below,below
Concombre,seven_paired_market_groups,none,Talangai,0.0,0.05484623288456989,0.04750461115986369,0.0,125.50588235294119,unresolved,below,below,below
Concombre,seven_paired_market_groups,none,Texaco,0.0,0.1843489955099591,0.16009542374084038,0.0,421.84999999999997,unresolved,unresolved,below,below
Concombre,seven_paired_market_groups,none,Total,0.0,0.4370137788885066,0.4367515781126243,0.0,1000.0285714285715,unresolved,unresolved,unresolved,below
Concombre,seven_paired_market_groups,pair:Total|Kintele,Bifouiti,0.0,0.0361837070717663,0.0015295045259804594,0.0,82.8,below,below,below,below
Concombre,seven_paired_market_groups,pair:Total|Kintele,Bourreau,0.0,0.1843489955099591,0.024253571769118715,0.0,421.84999999999997,unresolved,unresolved,below,below
Concombre,seven_paired_market_groups,pair:Total|Kintele,Commission,0.0,0.08323977350810795,0.005552487018685366,0.0,190.47946725860155,unresolved,below,below,below
Concombre,seven_paired_market_groups,pair:Total|Kintele,Kintele,0.0,0.4370137788885066,0.00026220077588236446,0.0,1000.0285714285715,unresolved,unresolved,unresolved,below
Concombre,seven_paired_market_groups,pair:Total|Kintele,Madibou,0.0,0.0958775711028304,0.024829618928254214,0.0,219.39882697947218,unresolved,below,below,below
Concombre,seven_paired_market_groups,pair:Total|Kintele,Mikalou,0.0,0.0958775711028304,0.0710479521745762,0.0,219.39882697947218,unresolved,below,below,below
Concombre,seven_paired_market_groups,pair:Total|Kintele,Mokoundzi-ngouaka,0.0,0.10848994103425966,0.08642137573082731,0.0,248.25999999999996,unresolved,unresolved,below,below
Concombre,seven_paired_market_groups,pair:Total|Kintele,Moungali,0.0,0.10848994103425966,0.022068565303432344,0.0,248.25999999999996,unresolved,unresolved,below,below
Concombre,seven_paired_market_groups,pair:Total|Kintele,Ouenze,0.0,0.0361837070717663,0.034654202545785835,0.0,82.8,below,below,below,below
Concombre,seven_paired_market_groups,pair:Total|Kintele,Plateaux des 15 ans,0.0,0.05484623288456989,0.007341621724706206,0.0,125.50588235294119,unresolved,below,below,below
Concombre,seven_paired_market_groups,pair:Total|Kintele,Poto-poto,0.0,0.08323977350810795,0.07768728648942258,0.0,190.47946725860155,unresolved,below,below,below
Concombre,seven_paired_market_groups,pair:Total|Kintele,Talangai,0.0,0.05484623288456989,0.04750461115986369,0.0,125.50588235294119,unresolved,below,below,below
Concombre,seven_paired_market_groups,pair:Total|Kintele,Texaco,0.0,0.1843489955099591,0.16009542374084038,0.0,421.84999999999997,unresolved,unresolved,below,below
Concombre,seven_paired_market_groups,pair:Total|Kintele,Total,0.0,0.4370137788885066,0.4367515781126243,0.0,1000.0285714285715,unresolved,unresolved,unresolved,below
Concombre,seven_paired_market_groups,pair:Ouenze|Bifouiti,Bifouiti,0.0,0.0361837070717663,0.0015295045259804594,0.0,82.8,below,below,below,below
Concombre,seven_paired_market_groups,pair:Ouenze|Bifouiti,Bourreau,0.0,0.1843489955099591,0.024253571769118715,0.0,421.84999999999997,unresolved,unresolved,below,below
Concombre,seven_paired_market_groups,pair:Ouenze|Bifouiti,Commission,0.0,0.08323977350810795,0.005552487018685366,0.0,190.47946725860155,unresolved,below,below,below
Concombre,seven_paired_market_groups,pair:Ouenze|Bifouiti,Kintele,0.0,0.4370137788885066,0.00026220077588236446,0.0,1000.0285714285715,unresolved,unresolved,unresolved,below
Concombre,seven_paired_market_groups,pair:Ouenze|Bifouiti,Madibou,0.0,0.0958775711028304,0.024829618928254214,0.0,219.39882697947218,unresolved,below,below,below
Concombre,seven_paired_market_groups,pair:Ouenze|Bifouiti,Mikalou,0.0,0.0958775711028304,0.0710479521745762,0.0,219.39882697947218,unresolved,below,below,below
Concombre,seven_paired_market_groups,pair:Ouenze|Bifouiti,Mokoundzi-ngouaka,0.0,0.10848994103425966,0.08642137573082731,0.0,248.25999999999996,unresolved,unresolved,below,below
Concombre,seven_paired_market_groups,pair:Ouenze|Bifouiti,Moungali,0.0,0.10848994103425966,0.022068565303432344,0.0,248.25999999999996,unresolved,unresolved,below,below
Concombre,seven_paired_market_groups,pair:Ouenze|Bifouiti,Ouenze,0.0,0.0361837070717663,0.034654202545785835,0.0,82.8,below,below,below,below
Concombre,seven_paired_market_groups,pair:Ouenze|Bifouiti,Plateaux des 15 ans,0.0,0.05484623288456989,0.007341621724706206,0.0,125.50588235294119,unresolved,below,below,below
Concombre,seven_paired_market_groups,pair:Ouenze|Bifouiti,Poto-poto,0.0,0.08323977350810795,0.07768728648942258,0.0,190.47946725860155,unresolved,below,below,below
Concombre,seven_paired_market_groups,pair:Ouenze|Bifouiti,Talangai,0.0,0.05484623288456989,0.04750461115986369,0.0,125.50588235294119,unresolved,below,below,below
Concombre,seven_paired_market_groups,pair:Ouenze|Bifouiti,Texaco,0.0,0.1843489955099591,0.16009542374084038,0.0,421.84999999999997,unresolved,unresolved,below,below
Concombre,seven_paired_market_groups,pair:Ouenze|Bifouiti,Total,0.0,0.4370137788885066,0.4367515781126243,0.0,1000.0285714285715,unresolved,unresolved,unresolved,below
Concombre,seven_paired_market_groups,pair:Poto-poto|Commission,Bifouiti,0.0,0.0361837070717663,0.0015295045259804594,0.0,82.8,below,below,below,below
Concombre,seven_paired_market_groups,pair:Poto-poto|Commission,Bourreau,0.0,0.1843489955099591,0.024253571769118715,0.0,421.84999999999997,unresolved,unresolved,below,below
Concombre,seven_paired_market_groups,pair:Poto-poto|Commission,Commission,0.0,0.08323977350810795,0.005552487018685366,0.0,190.47946725860155,unresolved,below,below,below
Concombre,seven_paired_market_groups,pair:Poto-poto|Commission,Kintele,0.0,0.4370137788885066,0.00026220077588236446,0.0,1000.0285714285715,unresolved,unresolved,unresolved,below
Concombre,seven_paired_market_groups,pair:Poto-poto|Commission,Madibou,0.0,0.0958775711028304,0.024829618928254214,0.0,219.39882697947218,unresolved,below,below,below
Concombre,seven_paired_market_groups,pair:Poto-poto|Commission,Mikalou,0.0,0.0958775711028304,0.0710479521745762,0.0,219.39882697947218,unresolved,below,below,below
Concombre,seven_paired_market_groups,pair:Poto-poto|Commission,Mokoundzi-ngouaka,0.0,0.10848994103425966,0.08642137573082731,0.0,248.25999999999996,unresolved,unresolved,below,below
Concombre,seven_paired_market_groups,pair:Poto-poto|Commission,Moungali,0.0,0.10848994103425966,0.022068565303432344,0.0,248.25999999999996,unresolved,unresolved,below,below
Concombre,seven_paired_market_groups,pair:Poto-poto|Commission,Ouenze,0.0,0.0361837070717663,0.034654202545785835,0.0,82.8,below,below,below,below
Concombre,seven_paired_market_groups,pair:Poto-poto|Commission,Plateaux des 15 ans,0.0,0.05484623288456989,0.007341621724706206,0.0,125.50588235294119,unresolved,below,below,below
Concombre,seven_paired_market_groups,pair:Poto-poto|Commission,Poto-poto,0.0,0.08323977350810795,0.07768728648942258,0.0,190.47946725860155,unresolved,below,below,below
Concombre,seven_paired_market_groups,pair:Poto-poto|Commission,Talangai,0.0,0.05484623288456989,0.04750461115986369,0.0,125.50588235294119,unresolved,below,below,below
Concombre,seven_paired_market_groups,pair:Poto-poto|Commission,Texaco,0.0,0.1843489955099591,0.16009542374084038,0.0,421.84999999999997,unresolved,unresolved,below,below
Concombre,seven_paired_market_groups,pair:Poto-poto|Commission,Total,0.0,0.4370137788885066,0.4367515781126243,0.0,1000.0285714285715,unresolved,unresolved,unresolved,below
Concombre,seven_paired_market_groups,pair:Mikalou|Madibou,Bifouiti,0.0,0.0361837070717663,0.0015295045259804594,0.0,82.8,below,below,below,below
Concombre,seven_paired_market_groups,pair:Mikalou|Madibou,Bourreau,0.0,0.1843489955099591,0.024253571769118715,0.0,421.84999999999997,unresolved,unresolved,below,below
Concombre,seven_paired_market_groups,pair:Mikalou|Madibou,Commission,0.0,0.08323977350810795,0.005552487018685366,0.0,190.47946725860155,unresolved,below,below,below
Concombre,seven_paired_market_groups,pair:Mikalou|Madibou,Kintele,0.0,0.4370137788885066,0.00026220077588236446,0.0,1000.0285714285715,unresolved,unresolved,unresolved,below
Concombre,seven_paired_market_groups,pair:Mikalou|Madibou,Madibou,0.0,0.0958775711028304,0.024829618928254214,0.0,219.39882697947218,unresolved,below,below,below
Concombre,seven_paired_market_groups,pair:Mikalou|Madibou,Mikalou,0.0,0.0958775711028304,0.0710479521745762,0.0,219.39882697947218,unresolved,below,below,below
Concombre,seven_paired_market_groups,pair:Mikalou|Madibou,Mokoundzi-ngouaka,0.0,0.10848994103425966,0.08642137573082731,0.0,248.25999999999996,unresolved,unresolved,below,below
Concombre,seven_paired_market_groups,pair:Mikalou|Madibou,Moungali,0.0,0.10848994103425966,0.022068565303432344,0.0,248.25999999999996,unresolved,unresolved,below,below
Concombre,seven_paired_market_groups,pair:Mikalou|Madibou,Ouenze,0.0,0.0361837070717663,0.034654202545785835,0.0,82.8,below,below,below,below
Concombre,seven_paired_market_groups,pair:Mikalou|Madibou,Plateaux des 15 ans,0.0,0.05484623288456989,0.007341621724706206,0.0,125.50588235294119,unresolved,below,below,below
Concombre,seven_paired_market_groups,pair:Mikalou|Madibou,Poto-poto,0.0,0.08323977350810795,0.07768728648942258,0.0,190.47946725860155,unresolved,below,below,below
Concombre,seven_paired_market_groups,pair:Mikalou|Madibou,Talangai,0.0,0.05484623288456989,0.04750461115986369,0.0,125.50588235294119,unresolved,below,below,below
Concombre,seven_paired_market_groups,pair:Mikalou|Madibou,Texaco,0.0,0.1843489955099591,0.16009542374084038,0.0,421.84999999999997,unresolved,unresolved,below,below
Concombre,seven_paired_market_groups,pair:Mikalou|Madibou,Total,0.0,0.4370137788885066,0.4367515781126243,0.0,1000.0285714285715,unresolved,unresolved,unresolved,below
Concombre,seven_paired_market_groups,pair:Texaco|Bourreau,Bifouiti,0.0,0.0361837070717663,0.0015295045259804594,0.0,82.8,below,below,below,below
Concombre,seven_paired_market_groups,pair:Texaco|Bourreau,Bourreau,0.0,0.1843489955099591,0.024253571769118715,0.0,421.84999999999997,unresolved,unresolved,below,below
Concombre,seven_paired_market_groups,pair:Texaco|Bourreau,Commission,0.0,0.08323977350810795,0.005552487018685366,0.0,190.47946725860155,unresolved,below,below,below
Concombre,seven_paired_market_groups,pair:Texaco|Bourreau,Kintele,0.0,0.4370137788885066,0.00026220077588236446,0.0,1000.0285714285715,unresolved,unresolved,unresolved,below
Concombre,seven_paired_market_groups,pair:Texaco|Bourreau,Madibou,0.0,0.0958775711028304,0.024829618928254214,0.0,219.39882697947218,unresolved,below,below,below
Concombre,seven_paired_market_groups,pair:Texaco|Bourreau,Mikalou,0.0,0.0958775711028304,0.0710479521745762,0.0,219.39882697947218,unresolved,below,below,below
Concombre,seven_paired_market_groups,pair:Texaco|Bourreau,Mokoundzi-ngouaka,0.0,0.10848994103425966,0.08642137573082731,0.0,248.25999999999996,unresolved,unresolved,below,below
Concombre,seven_paired_market_groups,pair:Texaco|Bourreau,Moungali,0.0,0.10848994103425966,0.022068565303432344,0.0,248.25999999999996,unresolved,unresolved,below,below
Concombre,seven_paired_market_groups,pair:Texaco|Bourreau,Ouenze,0.0,0.0361837070717663,0.034654202545785835,0.0,82.8,below,below,below,below
Concombre,seven_paired_market_groups,pair:Texaco|Bourreau,Plateaux des 15 ans,0.0,0.05484623288456989,0.007341621724706206,0.0,125.50588235294119,unresolved,below,below,below
Concombre,seven_paired_market_groups,pair:Texaco|Bourreau,Poto-poto,0.0,0.08323977350810795,0.07768728648942258,0.0,190.47946725860155,unresolved,below,below,below
Concombre,seven_paired_market_groups,pair:Texaco|Bourreau,Talangai,0.0,0.05484623288456989,0.04750461115986369,0.0,125.50588235294119,unresolved,below,below,below
Concombre,seven_paired_market_groups,pair:Texaco|Bourreau,Texaco,0.0,0.1843489955099591,0.16009542374084038,0.0,421.84999999999997,unresolved,unresolved,below,below
Concombre,seven_paired_market_groups,pair:Texaco|Bourreau,Total,0.0,0.4370137788885066,0.4367515781126243,0.0,1000.0285714285715,unresolved,unresolved,unresolved,below
Concombre,seven_paired_market_groups,pair:Moungali|Mokoundzi-ngouaka,Bifouiti,0.0,0.0361837070717663,0.0015295045259804594,0.0,82.8,below,below,below,below
Concombre,seven_paired_market_groups,pair:Moungali|Mokoundzi-ngouaka,Bourreau,0.0,0.1843489955099591,0.024253571769118715,0.0,421.84999999999997,unresolved,unresolved,below,below
Concombre,seven_paired_market_groups,pair:Moungali|Mokoundzi-ngouaka,Commission,0.0,0.08323977350810795,0.005552487018685366,0.0,190.47946725860155,unresolved,below,below,below
Concombre,seven_paired_market_groups,pair:Moungali|Mokoundzi-ngouaka,Kintele,0.0,0.4370137788885066,0.00026220077588236446,0.0,1000.0285714285715,unresolved,unresolved,unresolved,below
Concombre,seven_paired_market_groups,pair:Moungali|Mokoundzi-ngouaka,Madibou,0.0,0.0958775711028304,0.024829618928254214,0.0,219.39882697947218,unresolved,below,below,below
Concombre,seven_paired_market_groups,pair:Moungali|Mokoundzi-ngouaka,Mikalou,0.0,0.0958775711028304,0.0710479521745762,0.0,219.39882697947218,unresolved,below,below,below
Concombre,seven_paired_market_groups,pair:Moungali|Mokoundzi-ngouaka,Mokoundzi-ngouaka,0.0,0.10848994103425966,0.08642137573082731,0.0,248.25999999999996,unresolved,unresolved,below,below
Concombre,seven_paired_market_groups,pair:Moungali|Mokoundzi-ngouaka,Moungali,0.0,0.10848994103425966,0.022068565303432344,0.0,248.25999999999996,unresolved,unresolved,below,below
Concombre,seven_paired_market_groups,pair:Moungali|Mokoundzi-ngouaka,Ouenze,0.0,0.0361837070717663,0.034654202545785835,0.0,82.8,below,below,below,below
Concombre,seven_paired_market_groups,pair:Moungali|Mokoundzi-ngouaka,Plateaux des 15 ans,0.0,0.05484623288456989,0.007341621724706206,0.0,125.50588235294119,unresolved,below,below,below
Concombre,seven_paired_market_groups,pair:Moungali|Mokoundzi-ngouaka,Poto-poto,0.0,0.08323977350810795,0.07768728648942258,0.0,190.47946725860155,unresolved,below,below,below
Concombre,seven_paired_market_groups,pair:Moungali|Mokoundzi-ngouaka,Talangai,0.0,0.05484623288456989,0.04750461115986369,0.0,125.50588235294119,unresolved,below,below,below
Concombre,seven_paired_market_groups,pair:Moungali|Mokoundzi-ngouaka,Texaco,0.0,0.1843489955099591,0.16009542374084038,0.0,421.84999999999997,unresolved,unresolved,below,below
Concombre,seven_paired_market_groups,pair:Moungali|Mokoundzi-ngouaka,Total,0.0,0.4370137788885066,0.4367515781126243,0.0,1000.0285714285715,unresolved,unresolved,unresolved,below
Concombre,seven_paired_market_groups,pair:Talangai|Plateaux des 15 ans,Bifouiti,0.0,0.0361837070717663,0.0015295045259804594,0.0,82.8,below,below,below,below
Concombre,seven_paired_market_groups,pair:Talangai|Plateaux des 15 ans,Bourreau,0.0,0.1843489955099591,0.024253571769118715,0.0,421.84999999999997,unresolved,unresolved,below,below
Concombre,seven_paired_market_groups,pair:Talangai|Plateaux des 15 ans,Commission,0.0,0.08323977350810795,0.005552487018685366,0.0,190.47946725860155,unresolved,below,below,below
Concombre,seven_paired_market_groups,pair:Talangai|Plateaux des 15 ans,Kintele,0.0,0.4370137788885066,0.00026220077588236446,0.0,1000.0285714285715,unresolved,unresolved,unresolved,below
Concombre,seven_paired_market_groups,pair:Talangai|Plateaux des 15 ans,Madibou,0.0,0.0958775711028304,0.024829618928254214,0.0,219.39882697947218,unresolved,below,below,below
Concombre,seven_paired_market_groups,pair:Talangai|Plateaux des 15 ans,Mikalou,0.0,0.0958775711028304,0.0710479521745762,0.0,219.39882697947218,unresolved,below,below,below
Concombre,seven_paired_market_groups,pair:Talangai|Plateaux des 15 ans,Mokoundzi-ngouaka,0.0,0.10848994103425966,0.08642137573082731,0.0,248.25999999999996,unresolved,unresolved,below,below
Concombre,seven_paired_market_groups,pair:Talangai|Plateaux des 15 ans,Moungali,0.0,0.10848994103425966,0.022068565303432344,0.0,248.25999999999996,unresolved,unresolved,below,below
Concombre,seven_paired_market_groups,pair:Talangai|Plateaux des 15 ans,Ouenze,0.0,0.0361837070717663,0.034654202545785835,0.0,82.8,below,below,below,below
Concombre,seven_paired_market_groups,pair:Talangai|Plateaux des 15 ans,Plateaux des 15 ans,0.0,0.05484623288456989,0.007341621724706206,0.0,125.50588235294119,unresolved,below,below,below
Concombre,seven_paired_market_groups,pair:Talangai|Plateaux des 15 ans,Poto-poto,0.0,0.08323977350810795,0.07768728648942258,0.0,190.47946725860155,unresolved,below,below,below
Concombre,seven_paired_market_groups,pair:Talangai|Plateaux des 15 ans,Talangai,0.0,0.05484623288456989,0.04750461115986369,0.0,125.50588235294119,unresolved,below,below,below
Concombre,seven_paired_market_groups,pair:Talangai|Plateaux des 15 ans,Texaco,0.0,0.1843489955099591,0.16009542374084038,0.0,421.84999999999997,unresolved,unresolved,below,below
Concombre,seven_paired_market_groups,pair:Talangai|Plateaux des 15 ans,Total,0.0,0.4370137788885066,0.4367515781126243,0.0,1000.0285714285715,unresolved,unresolved,unresolved,below
Courgette,seven_individual_markets,none,Bifouiti,0.0,0.38688783570300156,0.0,0.0,183.67499999999998,unresolved,unresolved,unresolved,below
Courgette,seven_individual_markets,none,Bourreau,0.0,0.38688783570300156,0.05134281200631911,0.0,183.67499999999998,unresolved,unresolved,unresolved,below
Courgette,seven_individual_markets,none,Commission,0.0,0.38688783570300156,0.0,0.0,183.67499999999998,unresolved,unresolved,unresolved,below
Courgette,seven_individual_markets,none,Kintele,0.0,0.0,0.0,0.0,0.0,below,below,below,below
Courgette,seven_individual_markets,none,Madibou,0.0,0.38688783570300156,0.0,0.0,183.67499999999998,unresolved,unresolved,unresolved,below
Courgette,seven_individual_markets,none,Mikalou,0.0,0.38688783570300156,0.10268562401263823,0.0,183.67499999999998,unresolved,unresolved,unresolved,below
Courgette,seven_individual_markets,none,Mokoundzi-ngouaka,0.0,0.38688783570300156,0.22864665613480778,0.0,183.67499999999998,unresolved,unresolved,unresolved,below
Courgette,seven_individual_markets,none,Moungali,0.018957345971563982,0.018957345971563982,0.018957345971563982,9.0,9.0,below,below,below,below
Courgette,seven_individual_markets,none,Ouenze,0.02527646129541864,0.02527646129541864,0.02527646129541864,12.0,12.0,below,below,below,below
Courgette,seven_individual_markets,none,Plateaux des 15 ans,0.0,0.38688783570300156,0.00421274354923644,0.0,183.67499999999998,unresolved,unresolved,unresolved,below
Courgette,seven_individual_markets,none,Poto-poto,0.10542390731964191,0.10542390731964191,0.10542390731964191,50.05,50.05,above,above,below,below
Courgette,seven_individual_markets,none,Talangai,0.017798841495523958,0.017798841495523958,0.017798841495523958,8.45,8.45,below,below,below,below
Courgette,seven_individual_markets,none,Texaco,0.008214849921011059,0.008214849921011059,0.008214849921011059,3.9000000000000004,3.9000000000000004,below,below,below,below
Courgette,seven_individual_markets,none,Total,0.4374407582938389,0.4374407582938389,0.4374407582938389,207.675,207.675,above,above,above,below
Courgette,seven_individual_markets,market:Total,Bifouiti,0.0,0.8243285939968404,0.0,0.0,391.35,unresolved,unresolved,unresolved,unresolved
Courgette,seven_individual_markets,market:Total,Bourreau,0.0,0.8243285939968404,0.05134281200631911,0.0,391.35,unresolved,unresolved,unresolved,unresolved
Courgette,seven_individual_markets,market:Total,Commission,0.0,0.8243285939968404,0.0,0.0,391.35,unresolved,unresolved,unresolved,unresolved
Courgette,seven_individual_markets,market:Total,Kintele,0.0,0.0,0.0,0.0,0.0,below,below,below,below
Courgette,seven_individual_markets,market:Total,Madibou,0.0,0.8243285939968404,0.0,0.0,391.35,unresolved,unresolved,unresolved,unresolved
Courgette,seven_individual_markets,market:Total,Mikalou,0.0,0.8243285939968404,0.10268562401263823,0.0,391.35,unresolved,unresolved,unresolved,unresolved
Courgette,seven_individual_markets,market:Total,Mokoundzi-ngouaka,0.0,0.8243285939968404,0.22864665613480778,0.0,391.35,unresolved,unresolved,unresolved,unresolved
Courgette,seven_individual_markets,market:Total,Moungali,0.018957345971563982,0.018957345971563982,0.018957345971563982,9.0,9.0,below,below,below,below
Courgette,seven_individual_markets,market:Total,Ouenze,0.02527646129541864,0.02527646129541864,0.02527646129541864,12.0,12.0,below,below,below,below
Courgette,seven_individual_markets,market:Total,Plateaux des 15 ans,0.0,0.8243285939968404,0.00421274354923644,0.0,391.35,unresolved,unresolved,unresolved,unresolved
Courgette,seven_individual_markets,market:Total,Poto-poto,0.10542390731964191,0.10542390731964191,0.10542390731964191,50.05,50.05,above,above,below,below
Courgette,seven_individual_markets,market:Total,Talangai,0.017798841495523958,0.017798841495523958,0.017798841495523958,8.45,8.45,below,below,below,below
Courgette,seven_individual_markets,market:Total,Texaco,0.008214849921011059,0.008214849921011059,0.008214849921011059,3.9000000000000004,3.9000000000000004,below,below,below,below
Courgette,seven_individual_markets,market:Total,Total,0.0,0.8243285939968404,0.4374407582938389,0.0,391.35,unresolved,unresolved,unresolved,unresolved
Courgette,seven_individual_markets,market:Poto-poto,Bifouiti,0.0,0.49231174302264347,0.0,0.0,233.725,unresolved,unresolved,unresolved,below
Courgette,seven_individual_markets,market:Poto-poto,Bourreau,0.0,0.49231174302264347,0.05134281200631911,0.0,233.725,unresolved,unresolved,unresolved,below
Courgette,seven_individual_markets,market:Poto-poto,Commission,0.0,0.49231174302264347,0.0,0.0,233.725,unresolved,unresolved,unresolved,below
Courgette,seven_individual_markets,market:Poto-poto,Kintele,0.0,0.0,0.0,0.0,0.0,below,below,below,below
Courgette,seven_individual_markets,market:Poto-poto,Madibou,0.0,0.49231174302264347,0.0,0.0,233.725,unresolved,unresolved,unresolved,below
Courgette,seven_individual_markets,market:Poto-poto,Mikalou,0.0,0.49231174302264347,0.10268562401263823,0.0,233.725,unresolved,unresolved,unresolved,below
Courgette,seven_individual_markets,market:Poto-poto,Mokoundzi-ngouaka,0.0,0.49231174302264347,0.22864665613480778,0.0,233.725,unresolved,unresolved,unresolved,below
Courgette,seven_individual_markets,market:Poto-poto,Moungali,0.018957345971563982,0.018957345971563982,0.018957345971563982,9.0,9.0,below,below,below,below
Courgette,seven_individual_markets,market:Poto-poto,Ouenze,0.02527646129541864,0.02527646129541864,0.02527646129541864,12.0,12.0,below,below,below,below
Courgette,seven_individual_markets,market:Poto-poto,Plateaux des 15 ans,0.0,0.49231174302264347,0.00421274354923644,0.0,233.725,unresolved,unresolved,unresolved,below
Courgette,seven_individual_markets,market:Poto-poto,Poto-poto,0.0,0.49231174302264347,0.10542390731964191,0.0,233.725,unresolved,unresolved,unresolved,below
Courgette,seven_individual_markets,market:Poto-poto,Talangai,0.017798841495523958,0.017798841495523958,0.017798841495523958,8.45,8.45,below,below,below,below
Courgette,seven_individual_markets,market:Poto-poto,Texaco,0.008214849921011059,0.008214849921011059,0.008214849921011059,3.9000000000000004,3.9000000000000004,below,below,below,below
Courgette,seven_individual_markets,market:Poto-poto,Total,0.4374407582938389,0.4374407582938389,0.4374407582938389,207.675,207.675,above,above,above,below
Courgette,seven_individual_markets,market:Texaco,Bifouiti,0.0,0.39510268562401263,0.0,0.0,187.575,unresolved,unresolved,unresolved,below
Courgette,seven_individual_markets,market:Texaco,Bourreau,0.0,0.39510268562401263,0.05134281200631911,0.0,187.575,unresolved,unresolved,unresolved,below
Courgette,seven_individual_markets,market:Texaco,Commission,0.0,0.39510268562401263,0.0,0.0,187.575,unresolved,unresolved,unresolved,below
Courgette,seven_individual_markets,market:Texaco,Kintele,0.0,0.0,0.0,0.0,0.0,below,below,below,below
Courgette,seven_individual_markets,market:Texaco,Madibou,0.0,0.39510268562401263,0.0,0.0,187.575,unresolved,unresolved,unresolved,below
Courgette,seven_individual_markets,market:Texaco,Mikalou,0.0,0.39510268562401263,0.10268562401263823,0.0,187.575,unresolved,unresolved,unresolved,below
Courgette,seven_individual_markets,market:Texaco,Mokoundzi-ngouaka,0.0,0.39510268562401263,0.22864665613480778,0.0,187.575,unresolved,unresolved,unresolved,below
Courgette,seven_individual_markets,market:Texaco,Moungali,0.018957345971563982,0.018957345971563982,0.018957345971563982,9.0,9.0,below,below,below,below
Courgette,seven_individual_markets,market:Texaco,Ouenze,0.02527646129541864,0.02527646129541864,0.02527646129541864,12.0,12.0,below,below,below,below
Courgette,seven_individual_markets,market:Texaco,Plateaux des 15 ans,0.0,0.39510268562401263,0.00421274354923644,0.0,187.575,unresolved,unresolved,unresolved,below
Courgette,seven_individual_markets,market:Texaco,Poto-poto,0.10542390731964191,0.10542390731964191,0.10542390731964191,50.05,50.05,above,above,below,below
Courgette,seven_individual_markets,market:Texaco,Talangai,0.017798841495523958,0.017798841495523958,0.017798841495523958,8.45,8.45,below,below,below,below
Courgette,seven_individual_markets,market:Texaco,Texaco,0.0,0.39510268562401263,0.008214849921011059,0.0,187.575,unresolved,unresolved,unresolved,below
Courgette,seven_individual_markets,market:Texaco,Total,0.4374407582938389,0.4374407582938389,0.4374407582938389,207.675,207.675,above,above,above,below
Courgette,seven_individual_markets,market:Ouenze,Bifouiti,0.0,0.4121642969984202,0.0,0.0,195.675,unresolved,unresolved,unresolved,below
Courgette,seven_individual_markets,market:Ouenze,Bourreau,0.0,0.4121642969984202,0.05134281200631911,0.0,195.675,unresolved,unresolved,unresolved,below
Courgette,seven_individual_markets,market:Ouenze,Commission,0.0,0.4121642969984202,0.0,0.0,195.675,unresolved,unresolved,unresolved,below
Courgette,seven_individual_markets,market:Ouenze,Kintele,0.0,0.0,0.0,0.0,0.0,below,below,below,below
Courgette,seven_individual_markets,market:Ouenze,Madibou,0.0,0.4121642969984202,0.0,0.0,195.675,unresolved,unresolved,unresolved,below
Courgette,seven_individual_markets,market:Ouenze,Mikalou,0.0,0.4121642969984202,0.10268562401263823,0.0,195.675,unresolved,unresolved,unresolved,below
Courgette,seven_individual_markets,market:Ouenze,Mokoundzi-ngouaka,0.0,0.4121642969984202,0.22864665613480778,0.0,195.675,unresolved,unresolved,unresolved,below
Courgette,seven_individual_markets,market:Ouenze,Moungali,0.018957345971563982,0.018957345971563982,0.018957345971563982,9.0,9.0,below,below,below,below
Courgette,seven_individual_markets,market:Ouenze,Ouenze,0.0,0.4121642969984202,0.02527646129541864,0.0,195.675,unresolved,unresolved,unresolved,below
Courgette,seven_individual_markets,market:Ouenze,Plateaux des 15 ans,0.0,0.4121642969984202,0.00421274354923644,0.0,195.675,unresolved,unresolved,unresolved,below
Courgette,seven_individual_markets,market:Ouenze,Poto-poto,0.10542390731964191,0.10542390731964191,0.10542390731964191,50.05,50.05,above,above,below,below
Courgette,seven_individual_markets,market:Ouenze,Talangai,0.017798841495523958,0.017798841495523958,0.017798841495523958,8.45,8.45,below,below,below,below
Courgette,seven_individual_markets,market:Ouenze,Texaco,0.008214849921011059,0.008214849921011059,0.008214849921011059,3.9000000000000004,3.9000000000000004,below,below,below,below
Courgette,seven_individual_markets,market:Ouenze,Total,0.4374407582938389,0.4374407582938389,0.4374407582938389,207.675,207.675,above,above,above,below
Courgette,seven_individual_markets,market:Kintele,Bifouiti,0.0,0.38688783570300156,0.0,0.0,183.67499999999998,unresolved,unresolved,unresolved,below
Courgette,seven_individual_markets,market:Kintele,Bourreau,0.0,0.38688783570300156,0.05134281200631911,0.0,183.67499999999998,unresolved,unresolved,unresolved,below
Courgette,seven_individual_markets,market:Kintele,Commission,0.0,0.38688783570300156,0.0,0.0,183.67499999999998,unresolved,unresolved,unresolved,below
Courgette,seven_individual_markets,market:Kintele,Kintele,0.0,0.38688783570300156,0.0,0.0,183.67499999999998,unresolved,unresolved,unresolved,below
Courgette,seven_individual_markets,market:Kintele,Madibou,0.0,0.38688783570300156,0.0,0.0,183.67499999999998,unresolved,unresolved,unresolved,below
Courgette,seven_individual_markets,market:Kintele,Mikalou,0.0,0.38688783570300156,0.10268562401263823,0.0,183.67499999999998,unresolved,unresolved,unresolved,below
Courgette,seven_individual_markets,market:Kintele,Mokoundzi-ngouaka,0.0,0.38688783570300156,0.22864665613480778,0.0,183.67499999999998,unresolved,unresolved,unresolved,below
Courgette,seven_individual_markets,market:Kintele,Moungali,0.018957345971563982,0.018957345971563982,0.018957345971563982,9.0,9.0,below,below,below,below
Courgette,seven_individual_markets,market:Kintele,Ouenze,0.02527646129541864,0.02527646129541864,0.02527646129541864,12.0,12.0,below,below,below,below
Courgette,seven_individual_markets,market:Kintele,Plateaux des 15 ans,0.0,0.38688783570300156,0.00421274354923644,0.0,183.67499999999998,unresolved,unresolved,unresolved,below
Courgette,seven_individual_markets,market:Kintele,Poto-poto,0.10542390731964191,0.10542390731964191,0.10542390731964191,50.05,50.05,above,above,below,below
Courgette,seven_individual_markets,market:Kintele,Talangai,0.017798841495523958,0.017798841495523958,0.017798841495523958,8.45,8.45,below,below,below,below
Courgette,seven_individual_markets,market:Kintele,Texaco,0.008214849921011059,0.008214849921011059,0.008214849921011059,3.9000000000000004,3.9000000000000004,below,below,below,below
Courgette,seven_individual_markets,market:Kintele,Total,0.4374407582938389,0.4374407582938389,0.4374407582938389,207.675,207.675,above,above,above,below
Courgette,seven_individual_markets,market:Talangai,Bifouiti,0.0,0.4046866771985255,0.0,0.0,192.125,unresolved,unresolved,unresolved,below
Courgette,seven_individual_markets,market:Talangai,Bourreau,0.0,0.4046866771985255,0.05134281200631911,0.0,192.125,unresolved,unresolved,unresolved,below
Courgette,seven_individual_markets,market:Talangai,Commission,0.0,0.4046866771985255,0.0,0.0,192.125,unresolved,unresolved,unresolved,below
Courgette,seven_individual_markets,market:Talangai,Kintele,0.0,0.0,0.0,0.0,0.0,below,below,below,below
Courgette,seven_individual_markets,market:Talangai,Madibou,0.0,0.4046866771985255,0.0,0.0,192.125,unresolved,unresolved,unresolved,below
Courgette,seven_individual_markets,market:Talangai,Mikalou,0.0,0.4046866771985255,0.10268562401263823,0.0,192.125,unresolved,unresolved,unresolved,below
Courgette,seven_individual_markets,market:Talangai,Mokoundzi-ngouaka,0.0,0.4046866771985255,0.22864665613480778,0.0,192.125,unresolved,unresolved,unresolved,below
Courgette,seven_individual_markets,market:Talangai,Moungali,0.018957345971563982,0.018957345971563982,0.018957345971563982,9.0,9.0,below,below,below,below
Courgette,seven_individual_markets,market:Talangai,Ouenze,0.02527646129541864,0.02527646129541864,0.02527646129541864,12.0,12.0,below,below,below,below
Courgette,seven_individual_markets,market:Talangai,Plateaux des 15 ans,0.0,0.4046866771985255,0.00421274354923644,0.0,192.125,unresolved,unresolved,unresolved,below
Courgette,seven_individual_markets,market:Talangai,Poto-poto,0.10542390731964191,0.10542390731964191,0.10542390731964191,50.05,50.05,above,above,below,below
Courgette,seven_individual_markets,market:Talangai,Talangai,0.0,0.4046866771985255,0.017798841495523958,0.0,192.125,unresolved,unresolved,unresolved,below
Courgette,seven_individual_markets,market:Talangai,Texaco,0.008214849921011059,0.008214849921011059,0.008214849921011059,3.9000000000000004,3.9000000000000004,below,below,below,below
Courgette,seven_individual_markets,market:Talangai,Total,0.4374407582938389,0.4374407582938389,0.4374407582938389,207.675,207.675,above,above,above,below
Courgette,seven_individual_markets,market:Moungali,Bifouiti,0.0,0.40584518167456557,0.0,0.0,192.675,unresolved,unresolved,unresolved,below
Courgette,seven_individual_markets,market:Moungali,Bourreau,0.0,0.40584518167456557,0.05134281200631911,0.0,192.675,unresolved,unresolved,unresolved,below
Courgette,seven_individual_markets,market:Moungali,Commission,0.0,0.40584518167456557,0.0,0.0,192.675,unresolved,unresolved,unresolved,below
Courgette,seven_individual_markets,market:Moungali,Kintele,0.0,0.0,0.0,0.0,0.0,below,below,below,below
Courgette,seven_individual_markets,market:Moungali,Madibou,0.0,0.40584518167456557,0.0,0.0,192.675,unresolved,unresolved,unresolved,below
Courgette,seven_individual_markets,market:Moungali,Mikalou,0.0,0.40584518167456557,0.10268562401263823,0.0,192.675,unresolved,unresolved,unresolved,below
Courgette,seven_individual_markets,market:Moungali,Mokoundzi-ngouaka,0.0,0.40584518167456557,0.22864665613480778,0.0,192.675,unresolved,unresolved,unresolved,below
Courgette,seven_individual_markets,market:Moungali,Moungali,0.0,0.40584518167456557,0.018957345971563982,0.0,192.675,unresolved,unresolved,unresolved,below
Courgette,seven_individual_markets,market:Moungali,Ouenze,0.02527646129541864,0.02527646129541864,0.02527646129541864,12.0,12.0,below,below,below,below
Courgette,seven_individual_markets,market:Moungali,Plateaux des 15 ans,0.0,0.40584518167456557,0.00421274354923644,0.0,192.675,unresolved,unresolved,unresolved,below
Courgette,seven_individual_markets,market:Moungali,Poto-poto,0.10542390731964191,0.10542390731964191,0.10542390731964191,50.05,50.05,above,above,below,below
Courgette,seven_individual_markets,market:Moungali,Talangai,0.017798841495523958,0.017798841495523958,0.017798841495523958,8.45,8.45,below,below,below,below
Courgette,seven_individual_markets,market:Moungali,Texaco,0.008214849921011059,0.008214849921011059,0.008214849921011059,3.9000000000000004,3.9000000000000004,below,below,below,below
Courgette,seven_individual_markets,market:Moungali,Total,0.4374407582938389,0.4374407582938389,0.4374407582938389,207.675,207.675,above,above,above,below
Courgette,seven_paired_market_groups,none,Bifouiti,0.0,0.0,0.0,0.0,0.0,below,below,below,below
Courgette,seven_paired_market_groups,none,Bourreau,0.0,0.07661927330173776,0.05134281200631911,0.0,36.375,unresolved,below,below,below
Courgette,seven_paired_market_groups,none,Commission,0.0,0.008214849921011059,0.0,0.0,3.9000000000000004,below,below,below,below
Courgette,seven_paired_market_groups,none,Kintele,0.0,0.0,0.0,0.0,0.0,below,below,below,below
Courgette,seven_paired_market_groups,none,Madibou,0.0,0.10542390731964191,0.0,0.0,50.05,unresolved,unresolved,below,below
Courgette,seven_paired_market_groups,none,Mikalou,0.0,0.12164296998420221,0.10268562401263823,0.0,57.75,unresolved,unresolved,below,below
Courgette,seven_paired_market_groups,none,Mokoundzi-ngouaka,0.0,0.6660874144286466,0.22864665613480778,0.0,316.22499999999997,unresolved,unresolved,unresolved,unresolved
Courgette,seven_paired_market_groups,none,Moungali,0.0,0.12164296998420221,0.018957345971563982,0.0,57.75,unresolved,unresolved,below,below
Courgette,seven_paired_market_groups,none,Ouenze,0.0,0.07661927330173776,0.02527646129541864,0.0,36.375,unresolved,below,below,below
Courgette,seven_paired_market_groups,none,Plateaux des 15 ans,0.0,0.022011585044760397,0.00421274354923644,0.0,10.45,below,below,below,below
Courgette,seven_paired_market_groups,none,Poto-poto,0.0,0.10542390731964191,0.10542390731964191,0.0,50.05,unresolved,unresolved,below,below
Courgette,seven_paired_market_groups,none,Talangai,0.0,0.022011585044760397,0.017798841495523958,0.0,10.45,below,below,below,below
Courgette,seven_paired_market_groups,none,Texaco,0.0,0.008214849921011059,0.008214849921011059,0.0,3.9000000000000004,below,below,below,below
Courgette,seven_paired_market_groups,none,Total,0.0,0.6660874144286466,0.4374407582938389,0.0,316.22499999999997,unresolved,unresolved,unresolved,unresolved
Courgette,seven_paired_market_groups,pair:Total|Mokoundzi-ngouaka,Bifouiti,0.0,0.0,0.0,0.0,0.0,below,below,below,below
Courgette,seven_paired_market_groups,pair:Total|Mokoundzi-ngouaka,Bourreau,0.0,0.07661927330173776,0.05134281200631911,0.0,36.375,unresolved,below,below,below
Courgette,seven_paired_market_groups,pair:Total|Mokoundzi-ngouaka,Commission,0.0,0.008214849921011059,0.0,0.0,3.9000000000000004,below,below,below,below
Courgette,seven_paired_market_groups,pair:Total|Mokoundzi-ngouaka,Kintele,0.0,0.0,0.0,0.0,0.0,below,below,below,below
Courgette,seven_paired_market_groups,pair:Total|Mokoundzi-ngouaka,Madibou,0.0,0.10542390731964191,0.0,0.0,50.05,unresolved,unresolved,below,below
Courgette,seven_paired_market_groups,pair:Total|Mokoundzi-ngouaka,Mikalou,0.0,0.12164296998420221,0.10268562401263823,0.0,57.75,unresolved,unresolved,below,below
Courgette,seven_paired_market_groups,pair:Total|Mokoundzi-ngouaka,Mokoundzi-ngouaka,0.0,0.6660874144286466,0.22864665613480778,0.0,316.22499999999997,unresolved,unresolved,unresolved,unresolved
Courgette,seven_paired_market_groups,pair:Total|Mokoundzi-ngouaka,Moungali,0.0,0.12164296998420221,0.018957345971563982,0.0,57.75,unresolved,unresolved,below,below
Courgette,seven_paired_market_groups,pair:Total|Mokoundzi-ngouaka,Ouenze,0.0,0.07661927330173776,0.02527646129541864,0.0,36.375,unresolved,below,below,below
Courgette,seven_paired_market_groups,pair:Total|Mokoundzi-ngouaka,Plateaux des 15 ans,0.0,0.022011585044760397,0.00421274354923644,0.0,10.45,below,below,below,below
Courgette,seven_paired_market_groups,pair:Total|Mokoundzi-ngouaka,Poto-poto,0.0,0.10542390731964191,0.10542390731964191,0.0,50.05,unresolved,unresolved,below,below
Courgette,seven_paired_market_groups,pair:Total|Mokoundzi-ngouaka,Talangai,0.0,0.022011585044760397,0.017798841495523958,0.0,10.45,below,below,below,below
Courgette,seven_paired_market_groups,pair:Total|Mokoundzi-ngouaka,Texaco,0.0,0.008214849921011059,0.008214849921011059,0.0,3.9000000000000004,below,below,below,below
Courgette,seven_paired_market_groups,pair:Total|Mokoundzi-ngouaka,Total,0.0,0.6660874144286466,0.4374407582938389,0.0,316.22499999999997,unresolved,unresolved,unresolved,unresolved
Courgette,seven_paired_market_groups,pair:Poto-poto|Madibou,Bifouiti,0.0,0.0,0.0,0.0,0.0,below,below,below,below
Courgette,seven_paired_market_groups,pair:Poto-poto|Madibou,Bourreau,0.0,0.07661927330173776,0.05134281200631911,0.0,36.375,unresolved,below,below,below
Courgette,seven_paired_market_groups,pair:Poto-poto|Madibou,Commission,0.0,0.008214849921011059,0.0,0.0,3.9000000000000004,below,below,below,below
Courgette,seven_paired_market_groups,pair:Poto-poto|Madibou,Kintele,0.0,0.0,0.0,0.0,0.0,below,below,below,below
Courgette,seven_paired_market_groups,pair:Poto-poto|Madibou,Madibou,0.0,0.10542390731964191,0.0,0.0,50.05,unresolved,unresolved,below,below
Courgette,seven_paired_market_groups,pair:Poto-poto|Madibou,Mikalou,0.0,0.12164296998420221,0.10268562401263823,0.0,57.75,unresolved,unresolved,below,below
Courgette,seven_paired_market_groups,pair:Poto-poto|Madibou,Mokoundzi-ngouaka,0.0,0.6660874144286466,0.22864665613480778,0.0,316.22499999999997,unresolved,unresolved,unresolved,unresolved
Courgette,seven_paired_market_groups,pair:Poto-poto|Madibou,Moungali,0.0,0.12164296998420221,0.018957345971563982,0.0,57.75,unresolved,unresolved,below,below
Courgette,seven_paired_market_groups,pair:Poto-poto|Madibou,Ouenze,0.0,0.07661927330173776,0.02527646129541864,0.0,36.375,unresolved,below,below,below
Courgette,seven_paired_market_groups,pair:Poto-poto|Madibou,Plateaux des 15 ans,0.0,0.022011585044760397,0.00421274354923644,0.0,10.45,below,below,below,below
Courgette,seven_paired_market_groups,pair:Poto-poto|Madibou,Poto-poto,0.0,0.10542390731964191,0.10542390731964191,0.0,50.05,unresolved,unresolved,below,below
Courgette,seven_paired_market_groups,pair:Poto-poto|Madibou,Talangai,0.0,0.022011585044760397,0.017798841495523958,0.0,10.45,below,below,below,below
Courgette,seven_paired_market_groups,pair:Poto-poto|Madibou,Texaco,0.0,0.008214849921011059,0.008214849921011059,0.0,3.9000000000000004,below,below,below,below
Courgette,seven_paired_market_groups,pair:Poto-poto|Madibou,Total,0.0,0.6660874144286466,0.4374407582938389,0.0,316.22499999999997,unresolved,unresolved,unresolved,unresolved
Courgette,seven_paired_market_groups,pair:Texaco|Commission,Bifouiti,0.0,0.0,0.0,0.0,0.0,below,below,below,below
Courgette,seven_paired_market_groups,pair:Texaco|Commission,Bourreau,0.0,0.07661927330173776,0.05134281200631911,0.0,36.375,unresolved,below,below,below
Courgette,seven_paired_market_groups,pair:Texaco|Commission,Commission,0.0,0.008214849921011059,0.0,0.0,3.9000000000000004,below,below,below,below
Courgette,seven_paired_market_groups,pair:Texaco|Commission,Kintele,0.0,0.0,0.0,0.0,0.0,below,below,below,below
Courgette,seven_paired_market_groups,pair:Texaco|Commission,Madibou,0.0,0.10542390731964191,0.0,0.0,50.05,unresolved,unresolved,below,below
Courgette,seven_paired_market_groups,pair:Texaco|Commission,Mikalou,0.0,0.12164296998420221,0.10268562401263823,0.0,57.75,unresolved,unresolved,below,below
Courgette,seven_paired_market_groups,pair:Texaco|Commission,Mokoundzi-ngouaka,0.0,0.6660874144286466,0.22864665613480778,0.0,316.22499999999997,unresolved,unresolved,unresolved,unresolved
Courgette,seven_paired_market_groups,pair:Texaco|Commission,Moungali,0.0,0.12164296998420221,0.018957345971563982,0.0,57.75,unresolved,unresolved,below,below
Courgette,seven_paired_market_groups,pair:Texaco|Commission,Ouenze,0.0,0.07661927330173776,0.02527646129541864,0.0,36.375,unresolved,below,below,below
Courgette,seven_paired_market_groups,pair:Texaco|Commission,Plateaux des 15 ans,0.0,0.022011585044760397,0.00421274354923644,0.0,10.45,below,below,below,below
Courgette,seven_paired_market_groups,pair:Texaco|Commission,Poto-poto,0.0,0.10542390731964191,0.10542390731964191,0.0,50.05,unresolved,unresolved,below,below
Courgette,seven_paired_market_groups,pair:Texaco|Commission,Talangai,0.0,0.022011585044760397,0.017798841495523958,0.0,10.45,below,below,below,below
Courgette,seven_paired_market_groups,pair:Texaco|Commission,Texaco,0.0,0.008214849921011059,0.008214849921011059,0.0,3.9000000000000004,below,below,below,below
Courgette,seven_paired_market_groups,pair:Texaco|Commission,Total,0.0,0.6660874144286466,0.4374407582938389,0.0,316.22499999999997,unresolved,unresolved,unresolved,unresolved
Courgette,seven_paired_market_groups,pair:Ouenze|Bourreau,Bifouiti,0.0,0.0,0.0,0.0,0.0,below,below,below,below
Courgette,seven_paired_market_groups,pair:Ouenze|Bourreau,Bourreau,0.0,0.07661927330173776,0.05134281200631911,0.0,36.375,unresolved,below,below,below
Courgette,seven_paired_market_groups,pair:Ouenze|Bourreau,Commission,0.0,0.008214849921011059,0.0,0.0,3.9000000000000004,below,below,below,below
Courgette,seven_paired_market_groups,pair:Ouenze|Bourreau,Kintele,0.0,0.0,0.0,0.0,0.0,below,below,below,below
Courgette,seven_paired_market_groups,pair:Ouenze|Bourreau,Madibou,0.0,0.10542390731964191,0.0,0.0,50.05,unresolved,unresolved,below,below
Courgette,seven_paired_market_groups,pair:Ouenze|Bourreau,Mikalou,0.0,0.12164296998420221,0.10268562401263823,0.0,57.75,unresolved,unresolved,below,below
Courgette,seven_paired_market_groups,pair:Ouenze|Bourreau,Mokoundzi-ngouaka,0.0,0.6660874144286466,0.22864665613480778,0.0,316.22499999999997,unresolved,unresolved,unresolved,unresolved
Courgette,seven_paired_market_groups,pair:Ouenze|Bourreau,Moungali,0.0,0.12164296998420221,0.018957345971563982,0.0,57.75,unresolved,unresolved,below,below
Courgette,seven_paired_market_groups,pair:Ouenze|Bourreau,Ouenze,0.0,0.07661927330173776,0.02527646129541864,0.0,36.375,unresolved,below,below,below
Courgette,seven_paired_market_groups,pair:Ouenze|Bourreau,Plateaux des 15 ans,0.0,0.022011585044760397,0.00421274354923644,0.0,10.45,below,below,below,below
Courgette,seven_paired_market_groups,pair:Ouenze|Bourreau,Poto-poto,0.0,0.10542390731964191,0.10542390731964191,0.0,50.05,unresolved,unresolved,below,below
Courgette,seven_paired_market_groups,pair:Ouenze|Bourreau,Talangai,0.0,0.022011585044760397,0.017798841495523958,0.0,10.45,below,below,below,below
Courgette,seven_paired_market_groups,pair:Ouenze|Bourreau,Texaco,0.0,0.008214849921011059,0.008214849921011059,0.0,3.9000000000000004,below,below,below,below
Courgette,seven_paired_market_groups,pair:Ouenze|Bourreau,Total,0.0,0.6660874144286466,0.4374407582938389,0.0,316.22499999999997,unresolved,unresolved,unresolved,unresolved
Courgette,seven_paired_market_groups,pair:Kintele|Bifouiti,Bifouiti,0.0,0.0,0.0,0.0,0.0,below,below,below,below
Courgette,seven_paired_market_groups,pair:Kintele|Bifouiti,Bourreau,0.0,0.07661927330173776,0.05134281200631911,0.0,36.375,unresolved,below,below,below
Courgette,seven_paired_market_groups,pair:Kintele|Bifouiti,Commission,0.0,0.008214849921011059,0.0,0.0,3.9000000000000004,below,below,below,below
Courgette,seven_paired_market_groups,pair:Kintele|Bifouiti,Kintele,0.0,0.0,0.0,0.0,0.0,below,below,below,below
Courgette,seven_paired_market_groups,pair:Kintele|Bifouiti,Madibou,0.0,0.10542390731964191,0.0,0.0,50.05,unresolved,unresolved,below,below
Courgette,seven_paired_market_groups,pair:Kintele|Bifouiti,Mikalou,0.0,0.12164296998420221,0.10268562401263823,0.0,57.75,unresolved,unresolved,below,below
Courgette,seven_paired_market_groups,pair:Kintele|Bifouiti,Mokoundzi-ngouaka,0.0,0.6660874144286466,0.22864665613480778,0.0,316.22499999999997,unresolved,unresolved,unresolved,unresolved
Courgette,seven_paired_market_groups,pair:Kintele|Bifouiti,Moungali,0.0,0.12164296998420221,0.018957345971563982,0.0,57.75,unresolved,unresolved,below,below
Courgette,seven_paired_market_groups,pair:Kintele|Bifouiti,Ouenze,0.0,0.07661927330173776,0.02527646129541864,0.0,36.375,unresolved,below,below,below
Courgette,seven_paired_market_groups,pair:Kintele|Bifouiti,Plateaux des 15 ans,0.0,0.022011585044760397,0.00421274354923644,0.0,10.45,below,below,below,below
Courgette,seven_paired_market_groups,pair:Kintele|Bifouiti,Poto-poto,0.0,0.10542390731964191,0.10542390731964191,0.0,50.05,unresolved,unresolved,below,below
Courgette,seven_paired_market_groups,pair:Kintele|Bifouiti,Talangai,0.0,0.022011585044760397,0.017798841495523958,0.0,10.45,below,below,below,below
Courgette,seven_paired_market_groups,pair:Kintele|Bifouiti,Texaco,0.0,0.008214849921011059,0.008214849921011059,0.0,3.9000000000000004,below,below,below,below
Courgette,seven_paired_market_groups,pair:Kintele|Bifouiti,Total,0.0,0.6660874144286466,0.4374407582938389,0.0,316.22499999999997,unresolved,unresolved,unresolved,unresolved
Courgette,seven_paired_market_groups,pair:Talangai|Plateaux des 15 ans,Bifouiti,0.0,0.0,0.0,0.0,0.0,below,below,below,below
Courgette,seven_paired_market_groups,pair:Talangai|Plateaux des 15 ans,Bourreau,0.0,0.07661927330173776,0.05134281200631911,0.0,36.375,unresolved,below,below,below
Courgette,seven_paired_market_groups,pair:Talangai|Plateaux des 15 ans,Commission,0.0,0.008214849921011059,0.0,0.0,3.9000000000000004,below,below,below,below
Courgette,seven_paired_market_groups,pair:Talangai|Plateaux des 15 ans,Kintele,0.0,0.0,0.0,0.0,0.0,below,below,below,below
Courgette,seven_paired_market_groups,pair:Talangai|Plateaux des 15 ans,Madibou,0.0,0.10542390731964191,0.0,0.0,50.05,unresolved,unresolved,below,below
Courgette,seven_paired_market_groups,pair:Talangai|Plateaux des 15 ans,Mikalou,0.0,0.12164296998420221,0.10268562401263823,0.0,57.75,unresolved,unresolved,below,below
Courgette,seven_paired_market_groups,pair:Talangai|Plateaux des 15 ans,Mokoundzi-ngouaka,0.0,0.6660874144286466,0.22864665613480778,0.0,316.22499999999997,unresolved,unresolved,unresolved,unresolved
Courgette,seven_paired_market_groups,pair:Talangai|Plateaux des 15 ans,Moungali,0.0,0.12164296998420221,0.018957345971563982,0.0,57.75,unresolved,unresolved,below,below
Courgette,seven_paired_market_groups,pair:Talangai|Plateaux des 15 ans,Ouenze,0.0,0.07661927330173776,0.02527646129541864,0.0,36.375,unresolved,below,below,below
Courgette,seven_paired_market_groups,pair:Talangai|Plateaux des 15 ans,Plateaux des 15 ans,0.0,0.022011585044760397,0.00421274354923644,0.0,10.45,below,below,below,below
Courgette,seven_paired_market_groups,pair:Talangai|Plateaux des 15 ans,Poto-poto,0.0,0.10542390731964191,0.10542390731964191,0.0,50.05,unresolved,unresolved,below,below
Courgette,seven_paired_market_groups,pair:Talangai|Plateaux des 15 ans,Talangai,0.0,0.022011585044760397,0.017798841495523958,0.0,10.45,below,below,below,below
Courgette,seven_paired_market_groups,pair:Talangai|Plateaux des 15 ans,Texaco,0.0,0.008214849921011059,0.008214849921011059,0.0,3.9000000000000004,below,below,below,below
Courgette,seven_paired_market_groups,pair:Talangai|Plateaux des 15 ans,Total,0.0,0.6660874144286466,0.4374407582938389,0.0,316.22499999999997,unresolved,unresolved,unresolved,unresolved
Courgette,seven_paired_market_groups,pair:Moungali|Mikalou,Bifouiti,0.0,0.0,0.0,0.0,0.0,below,below,below,below
Courgette,seven_paired_market_groups,pair:Moungali|Mikalou,Bourreau,0.0,0.07661927330173776,0.05134281200631911,0.0,36.375,unresolved,below,below,below
Courgette,seven_paired_market_groups,pair:Moungali|Mikalou,Commission,0.0,0.008214849921011059,0.0,0.0,3.9000000000000004,below,below,below,below
Courgette,seven_paired_market_groups,pair:Moungali|Mikalou,Kintele,0.0,0.0,0.0,0.0,0.0,below,below,below,below
Courgette,seven_paired_market_groups,pair:Moungali|Mikalou,Madibou,0.0,0.10542390731964191,0.0,0.0,50.05,unresolved,unresolved,below,below
Courgette,seven_paired_market_groups,pair:Moungali|Mikalou,Mikalou,0.0,0.12164296998420221,0.10268562401263823,0.0,57.75,unresolved,unresolved,below,below
Courgette,seven_paired_market_groups,pair:Moungali|Mikalou,Mokoundzi-ngouaka,0.0,0.6660874144286466,0.22864665613480778,0.0,316.22499999999997,unresolved,unresolved,unresolved,unresolved
Courgette,seven_paired_market_groups,pair:Moungali|Mikalou,Moungali,0.0,0.12164296998420221,0.018957345971563982,0.0,57.75,unresolved,unresolved,below,below
Courgette,seven_paired_market_groups,pair:Moungali|Mikalou,Ouenze,0.0,0.07661927330173776,0.02527646129541864,0.0,36.375,unresolved,below,below,below
Courgette,seven_paired_market_groups,pair:Moungali|Mikalou,Plateaux des 15 ans,0.0,0.022011585044760397,0.00421274354923644,0.0,10.45,below,below,below,below
Courgette,seven_paired_market_groups,pair:Moungali|Mikalou,Poto-poto,0.0,0.10542390731964191,0.10542390731964191,0.0,50.05,unresolved,unresolved,below,below
Courgette,seven_paired_market_groups,pair:Moungali|Mikalou,Talangai,0.0,0.022011585044760397,0.017798841495523958,0.0,10.45,below,below,below,below
Courgette,seven_paired_market_groups,pair:Moungali|Mikalou,Texaco,0.0,0.008214849921011059,0.008214849921011059,0.0,3.9000000000000004,below,below,below,below
Courgette,seven_paired_market_groups,pair:Moungali|Mikalou,Total,0.0,0.6660874144286466,0.4374407582938389,0.0,316.22499999999997,unresolved,unresolved,unresolved,unresolved
Grande morelle,seven_individual_markets,none,Bifouiti,0.09708572778444624,0.09708572778444624,0.09708572778444624,133.6,133.6,above,below,below,below
Grande morelle,seven_individual_markets,none,Bourreau,0.13109480009217145,0.13109480009217145,0.13109480009217145,180.40000000000003,180.40000000000003,above,above,below,below
Grande morelle,seven_individual_markets,none,Commission,0.0,0.2382124775178174,0.031683665654205516,0.0,327.805,unresolved,unresolved,below,below
Grande morelle,seven_individual_markets,none,Kintele,0.0,0.2382124775178174,0.07739244018745153,0.0,327.805,unresolved,unresolved,below,below
Grande morelle,seven_individual_markets,none,Madibou,0.003157340930425415,0.003157340930425415,0.003157340930425415,4.344827586206897,4.344827586206897,below,below,below,below
Grande morelle,seven_individual_markets,none,Mikalou,0.0,0.2382124775178174,0.03437241709733763,0.0,327.805,unresolved,unresolved,below,below
Grande morelle,seven_individual_markets,none,Mokoundzi-ngouaka,0.0,0.2382124775178174,0.0672042522867185,0.0,327.805,unresolved,unresolved,below,below
Grande morelle,seven_individual_markets,none,Moungali,0.0,0.2382124775178174,0.0127170676364357,0.0,327.805,unresolved,unresolved,below,below
Grande morelle,seven_individual_markets,none,Ouenze,0.06867216523675278,0.06867216523675278,0.06867216523675278,94.5,94.5,above,below,below,below
Grande morelle,seven_individual_markets,none,Plateaux des 15 ans,0.0,0.2382124775178174,0.01062783509616412,0.0,327.805,unresolved,unresolved,below,below
Grande morelle,seven_individual_markets,none,Poto-poto,0.10071917568057073,0.10071917568057073,0.10071917568057073,138.6,138.6,above,above,below,below
Grande morelle,seven_individual_markets,none,Talangai,0.0,0.2382124775178174,0.004214799559504403,0.0,327.805,unresolved,unresolved,below,below
Grande morelle,seven_individual_markets,none,Texaco,0.019932057030168607,0.019932057030168607,0.019932057030168607,27.42857142857143,27.42857142857143,below,below,below,below
Grande morelle,seven_individual_markets,none,Total,0.3411262557276473,0.3411262557276473,0.3411262557276473,469.425,469.425,above,above,above,below
Grande morelle,seven_individual_markets,market:Total,Bifouiti,0.09708572778444624,0.09708572778444624,0.09708572778444624,133.6,133.6,above,below,below,below
Grande morelle,seven_individual_markets,market:Total,Bourreau,0.13109480009217145,0.13109480009217145,0.13109480009217145,180.40000000000003,180.40000000000003,above,above,below,below
Grande morelle,seven_individual_markets,market:Total,Commission,0.0,0.5793387332454647,0.031683665654205516,0.0,797.23,unresolved,unresolved,unresolved,unresolved
Grande morelle,seven_individual_markets,market:Total,Kintele,0.0,0.5793387332454647,0.07739244018745153,0.0,797.23,unresolved,unresolved,unresolved,unresolved
Grande morelle,seven_individual_markets,market:Total,Madibou,0.003157340930425415,0.003157340930425415,0.003157340930425415,4.344827586206897,4.344827586206897,below,below,below,below
Grande morelle,seven_individual_markets,market:Total,Mikalou,0.0,0.5793387332454647,0.03437241709733763,0.0,797.23,unresolved,unresolved,unresolved,unresolved
Grande morelle,seven_individual_markets,market:Total,Mokoundzi-ngouaka,0.0,0.5793387332454647,0.0672042522867185,0.0,797.23,unresolved,unresolved,unresolved,unresolved
Grande morelle,seven_individual_markets,market:Total,Moungali,0.0,0.5793387332454647,0.0127170676364357,0.0,797.23,unresolved,unresolved,unresolved,unresolved
Grande morelle,seven_individual_markets,market:Total,Ouenze,0.06867216523675278,0.06867216523675278,0.06867216523675278,94.5,94.5,above,below,below,below
Grande morelle,seven_individual_markets,market:Total,Plateaux des 15 ans,0.0,0.5793387332454647,0.01062783509616412,0.0,797.23,unresolved,unresolved,unresolved,unresolved
Grande morelle,seven_individual_markets,market:Total,Poto-poto,0.10071917568057073,0.10071917568057073,0.10071917568057073,138.6,138.6,above,above,below,below
Grande morelle,seven_individual_markets,market:Total,Talangai,0.0,0.5793387332454647,0.004214799559504403,0.0,797.23,unresolved,unresolved,unresolved,unresolved
Grande morelle,seven_individual_markets,market:Total,Texaco,0.019932057030168607,0.019932057030168607,0.019932057030168607,27.42857142857143,27.42857142857143,below,below,below,below
Grande morelle,seven_individual_markets,market:Total,Total,0.0,0.5793387332454647,0.3411262557276473,0.0,797.23,unresolved,unresolved,unresolved,unresolved
Grande morelle,seven_individual_markets,market:Ouenze,Bifouiti,0.09708572778444624,0.09708572778444624,0.09708572778444624,133.6,133.6,above,below,below,below
Grande morelle,seven_individual_markets,market:Ouenze,Bourreau,0.13109480009217145,0.13109480009217145,0.13109480009217145,180.40000000000003,180.40000000000003,above,above,below,below
Grande morelle,seven_individual_markets,market:Ouenze,Commission,0.0,0.30688464275457017,0.031683665654205516,0.0,422.305,unresolved,unresolved,unresolved,below
Grande morelle,seven_individual_markets,market:Ouenze,Kintele,0.0,0.30688464275457017,0.07739244018745153,0.0,422.305,unresolved,unresolved,unresolved,below
Grande morelle,seven_individual_markets,market:Ouenze,Madibou,0.003157340930425415,0.003157340930425415,0.003157340930425415,4.344827586206897,4.344827586206897,below,below,below,below
Grande morelle,seven_individual_markets,market:Ouenze,Mikalou,0.0,0.30688464275457017,0.03437241709733763,0.0,422.305,unresolved,unresolved,unresolved,below
Grande morelle,seven_individual_markets,market:Ouenze,Mokoundzi-ngouaka,0.0,0.30688464275457017,0.0672042522867185,0.0,422.305,unresolved,unresolved,unresolved,below
Grande morelle,seven_individual_markets,market:Ouenze,Moungali,0.0,0.30688464275457017,0.0127170676364357,0.0,422.305,unresolved,unresolved,unresolved,below
Grande morelle,seven_individual_markets,market:Ouenze,Ouenze,0.0,0.30688464275457017,0.06867216523675278,0.0,422.305,unresolved,unresolved,unresolved,below
Grande morelle,seven_individual_markets,market:Ouenze,Plateaux des 15 ans,0.0,0.30688464275457017,0.01062783509616412,0.0,422.305,unresolved,unresolved,unresolved,below
Grande morelle,seven_individual_markets,market:Ouenze,Poto-poto,0.10071917568057073,0.10071917568057073,0.10071917568057073,138.6,138.6,above,above,below,below
Grande morelle,seven_individual_markets,market:Ouenze,Talangai,0.0,0.30688464275457017,0.004214799559504403,0.0,422.305,unresolved,unresolved,unresolved,below
Grande morelle,seven_individual_markets,market:Ouenze,Texaco,0.019932057030168607,0.019932057030168607,0.019932057030168607,27.42857142857143,27.42857142857143,below,below,below,below
Grande morelle,seven_individual_markets,market:Ouenze,Total,0.3411262557276473,0.3411262557276473,0.3411262557276473,469.425,469.425,above,above,above,below
Grande morelle,seven_individual_markets,market:Texaco,Bifouiti,0.09708572778444624,0.09708572778444624,0.09708572778444624,133.6,133.6,above,below,below,below
Grande morelle,seven_individual_markets,market:Texaco,Bourreau,0.13109480009217145,0.13109480009217145,0.13109480009217145,180.40000000000003,180.40000000000003,above,above,below,below
Grande morelle,seven_individual_markets,market:Texaco,Commission,0.0,0.258144534547986,0.031683665654205516,0.0,355.23357142857145,unresolved,unresolved,unresolved,below
Grande morelle,seven_individual_markets,market:Texaco,Kintele,0.0,0.258144534547986,0.07739244018745153,0.0,355.23357142857145,unresolved,unresolved,unresolved,below
Grande morelle,seven_individual_markets,market:Texaco,Madibou,0.003157340930425415,0.003157340930425415,0.003157340930425415,4.344827586206897,4.344827586206897,below,below,below,below
Grande morelle,seven_individual_markets,market:Texaco,Mikalou,0.0,0.258144534547986,0.03437241709733763,0.0,355.23357142857145,unresolved,unresolved,unresolved,below
Grande morelle,seven_individual_markets,market:Texaco,Mokoundzi-ngouaka,0.0,0.258144534547986,0.0672042522867185,0.0,355.23357142857145,unresolved,unresolved,unresolved,below
Grande morelle,seven_individual_markets,market:Texaco,Moungali,0.0,0.258144534547986,0.0127170676364357,0.0,355.23357142857145,unresolved,unresolved,unresolved,below
Grande morelle,seven_individual_markets,market:Texaco,Ouenze,0.06867216523675278,0.06867216523675278,0.06867216523675278,94.5,94.5,above,below,below,below
Grande morelle,seven_individual_markets,market:Texaco,Plateaux des 15 ans,0.0,0.258144534547986,0.01062783509616412,0.0,355.23357142857145,unresolved,unresolved,unresolved,below
Grande morelle,seven_individual_markets,market:Texaco,Poto-poto,0.10071917568057073,0.10071917568057073,0.10071917568057073,138.6,138.6,above,above,below,below
Grande morelle,seven_individual_markets,market:Texaco,Talangai,0.0,0.258144534547986,0.004214799559504403,0.0,355.23357142857145,unresolved,unresolved,unresolved,below
Grande morelle,seven_individual_markets,market:Texaco,Texaco,0.0,0.258144534547986,0.019932057030168607,0.0,355.23357142857145,unresolved,unresolved,unresolved,below
Grande morelle,seven_individual_markets,market:Texaco,Total,0.3411262557276473,0.3411262557276473,0.3411262557276473,469.425,469.425,above,above,above,below
Grande morelle,seven_individual_markets,market:Madibou,Bifouiti,0.09708572778444624,0.09708572778444624,0.09708572778444624,133.6,133.6,above,below,below,below
Grande morelle,seven_individual_markets,market:Madibou,Bourreau,0.13109480009217145,0.13109480009217145,0.13109480009217145,180.40000000000003,180.40000000000003,above,above,below,below
Grande morelle,seven_individual_markets,market:Madibou,Commission,0.0,0.24136981844824282,0.031683665654205516,0.0,332.1498275862069,unresolved,unresolved,below,below
Grande morelle,seven_individual_markets,market:Madibou,Kintele,0.0,0.24136981844824282,0.07739244018745153,0.0,332.1498275862069,unresolved,unresolved,below,below
Grande morelle,seven_individual_markets,market:Madibou,Madibou,0.0,0.24136981844824282,0.003157340930425415,0.0,332.1498275862069,unresolved,unresolved,below,below
Grande morelle,seven_individual_markets,market:Madibou,Mikalou,0.0,0.24136981844824282,0.03437241709733763,0.0,332.1498275862069,unresolved,unresolved,below,below
Grande morelle,seven_individual_markets,market:Madibou,Mokoundzi-ngouaka,0.0,0.24136981844824282,0.0672042522867185,0.0,332.1498275862069,unresolved,unresolved,below,below
Grande morelle,seven_individual_markets,market:Madibou,Moungali,0.0,0.24136981844824282,0.0127170676364357,0.0,332.1498275862069,unresolved,unresolved,below,below
Grande morelle,seven_individual_markets,market:Madibou,Ouenze,0.06867216523675278,0.06867216523675278,0.06867216523675278,94.5,94.5,above,below,below,below
Grande morelle,seven_individual_markets,market:Madibou,Plateaux des 15 ans,0.0,0.24136981844824282,0.01062783509616412,0.0,332.1498275862069,unresolved,unresolved,below,below
Grande morelle,seven_individual_markets,market:Madibou,Poto-poto,0.10071917568057073,0.10071917568057073,0.10071917568057073,138.6,138.6,above,above,below,below
Grande morelle,seven_individual_markets,market:Madibou,Talangai,0.0,0.24136981844824282,0.004214799559504403,0.0,332.1498275862069,unresolved,unresolved,below,below
Grande morelle,seven_individual_markets,market:Madibou,Texaco,0.019932057030168607,0.019932057030168607,0.019932057030168607,27.42857142857143,27.42857142857143,below,below,below,below
Grande morelle,seven_individual_markets,market:Madibou,Total,0.3411262557276473,0.3411262557276473,0.3411262557276473,469.425,469.425,above,above,above,below
Grande morelle,seven_individual_markets,market:Bourreau,Bifouiti,0.09708572778444624,0.09708572778444624,0.09708572778444624,133.6,133.6,above,below,below,below
Grande morelle,seven_individual_markets,market:Bourreau,Bourreau,0.0,0.3693072776099888,0.13109480009217145,0.0,508.20500000000004,unresolved,unresolved,unresolved,below
Grande morelle,seven_individual_markets,market:Bourreau,Commission,0.0,0.3693072776099888,0.031683665654205516,0.0,508.20500000000004,unresolved,unresolved,unresolved,below
Grande morelle,seven_individual_markets,market:Bourreau,Kintele,0.0,0.3693072776099888,0.07739244018745153,0.0,508.20500000000004,unresolved,unresolved,unresolved,below
Grande morelle,seven_individual_markets,market:Bourreau,Madibou,0.003157340930425415,0.003157340930425415,0.003157340930425415,4.344827586206897,4.344827586206897,below,below,below,below
Grande morelle,seven_individual_markets,market:Bourreau,Mikalou,0.0,0.3693072776099888,0.03437241709733763,0.0,508.20500000000004,unresolved,unresolved,unresolved,below
Grande morelle,seven_individual_markets,market:Bourreau,Mokoundzi-ngouaka,0.0,0.3693072776099888,0.0672042522867185,0.0,508.20500000000004,unresolved,unresolved,unresolved,below
Grande morelle,seven_individual_markets,market:Bourreau,Moungali,0.0,0.3693072776099888,0.0127170676364357,0.0,508.20500000000004,unresolved,unresolved,unresolved,below
Grande morelle,seven_individual_markets,market:Bourreau,Ouenze,0.06867216523675278,0.06867216523675278,0.06867216523675278,94.5,94.5,above,below,below,below
Grande morelle,seven_individual_markets,market:Bourreau,Plateaux des 15 ans,0.0,0.3693072776099888,0.01062783509616412,0.0,508.20500000000004,unresolved,unresolved,unresolved,below
Grande morelle,seven_individual_markets,market:Bourreau,Poto-poto,0.10071917568057073,0.10071917568057073,0.10071917568057073,138.6,138.6,above,above,below,below
Grande morelle,seven_individual_markets,market:Bourreau,Talangai,0.0,0.3693072776099888,0.004214799559504403,0.0,508.20500000000004,unresolved,unresolved,unresolved,below
Grande morelle,seven_individual_markets,market:Bourreau,Texaco,0.019932057030168607,0.019932057030168607,0.019932057030168607,27.42857142857143,27.42857142857143,below,below,below,below
Grande morelle,seven_individual_markets,market:Bourreau,Total,0.3411262557276473,0.3411262557276473,0.3411262557276473,469.425,469.425,above,above,above,below
Grande morelle,seven_individual_markets,market:Bifouiti,Bifouiti,0.0,0.3352982053022636,0.09708572778444624,0.0,461.405,unresolved,unresolved,unresolved,below
Grande morelle,seven_individual_markets,market:Bifouiti,Bourreau,0.13109480009217145,0.13109480009217145,0.13109480009217145,180.40000000000003,180.40000000000003,above,above,below,below
Grande morelle,seven_individual_markets,market:Bifouiti,Commission,0.0,0.3352982053022636,0.031683665654205516,0.0,461.405,unresolved,unresolved,unresolved,below
Grande morelle,seven_individual_markets,market:Bifouiti,Kintele,0.0,0.3352982053022636,0.07739244018745153,0.0,461.405,unresolved,unresolved,unresolved,below
Grande morelle,seven_individual_markets,market:Bifouiti,Madibou,0.003157340930425415,0.003157340930425415,0.003157340930425415,4.344827586206897,4.344827586206897,below,below,below,below
Grande morelle,seven_individual_markets,market:Bifouiti,Mikalou,0.0,0.3352982053022636,0.03437241709733763,0.0,461.405,unresolved,unresolved,unresolved,below
Grande morelle,seven_individual_markets,market:Bifouiti,Mokoundzi-ngouaka,0.0,0.3352982053022636,0.0672042522867185,0.0,461.405,unresolved,unresolved,unresolved,below
Grande morelle,seven_individual_markets,market:Bifouiti,Moungali,0.0,0.3352982053022636,0.0127170676364357,0.0,461.405,unresolved,unresolved,unresolved,below
Grande morelle,seven_individual_markets,market:Bifouiti,Ouenze,0.06867216523675278,0.06867216523675278,0.06867216523675278,94.5,94.5,above,below,below,below
Grande morelle,seven_individual_markets,market:Bifouiti,Plateaux des 15 ans,0.0,0.3352982053022636,0.01062783509616412,0.0,461.405,unresolved,unresolved,unresolved,below
Grande morelle,seven_individual_markets,market:Bifouiti,Poto-poto,0.10071917568057073,0.10071917568057073,0.10071917568057073,138.6,138.6,above,above,below,below
Grande morelle,seven_individual_markets,market:Bifouiti,Talangai,0.0,0.3352982053022636,0.004214799559504403,0.0,461.405,unresolved,unresolved,unresolved,below
Grande morelle,seven_individual_markets,market:Bifouiti,Texaco,0.019932057030168607,0.019932057030168607,0.019932057030168607,27.42857142857143,27.42857142857143,below,below,below,below
Grande morelle,seven_individual_markets,market:Bifouiti,Total,0.3411262557276473,0.3411262557276473,0.3411262557276473,469.425,469.425,above,above,above,below
Grande morelle,seven_individual_markets,market:Poto-poto,Bifouiti,0.09708572778444624,0.09708572778444624,0.09708572778444624,133.6,133.6,above,below,below,below
Grande morelle,seven_individual_markets,market:Poto-poto,Bourreau,0.13109480009217145,0.13109480009217145,0.13109480009217145,180.40000000000003,180.40000000000003,above,above,below,below
Grande morelle,seven_individual_markets,market:Poto-poto,Commission,0.0,0.3389316531983881,0.031683665654205516,0.0,466.405,unresolved,unresolved,unresolved,below
Grande morelle,seven_individual_markets,market:Poto-poto,Kintele,0.0,0.3389316531983881,0.07739244018745153,0.0,466.405,unresolved,unresolved,unresolved,below
Grande morelle,seven_individual_markets,market:Poto-poto,Madibou,0.003157340930425415,0.003157340930425415,0.003157340930425415,4.344827586206897,4.344827586206897,below,below,below,below
Grande morelle,seven_individual_markets,market:Poto-poto,Mikalou,0.0,0.3389316531983881,0.03437241709733763,0.0,466.405,unresolved,unresolved,unresolved,below
Grande morelle,seven_individual_markets,market:Poto-poto,Mokoundzi-ngouaka,0.0,0.3389316531983881,0.0672042522867185,0.0,466.405,unresolved,unresolved,unresolved,below
Grande morelle,seven_individual_markets,market:Poto-poto,Moungali,0.0,0.3389316531983881,0.0127170676364357,0.0,466.405,unresolved,unresolved,unresolved,below
Grande morelle,seven_individual_markets,market:Poto-poto,Ouenze,0.06867216523675278,0.06867216523675278,0.06867216523675278,94.5,94.5,above,below,below,below
Grande morelle,seven_individual_markets,market:Poto-poto,Plateaux des 15 ans,0.0,0.3389316531983881,0.01062783509616412,0.0,466.405,unresolved,unresolved,unresolved,below
Grande morelle,seven_individual_markets,market:Poto-poto,Poto-poto,0.0,0.3389316531983881,0.10071917568057073,0.0,466.405,unresolved,unresolved,unresolved,below
Grande morelle,seven_individual_markets,market:Poto-poto,Talangai,0.0,0.3389316531983881,0.004214799559504403,0.0,466.405,unresolved,unresolved,unresolved,below
Grande morelle,seven_individual_markets,market:Poto-poto,Texaco,0.019932057030168607,0.019932057030168607,0.019932057030168607,27.42857142857143,27.42857142857143,below,below,below,below
Grande morelle,seven_individual_markets,market:Poto-poto,Total,0.3411262557276473,0.3411262557276473,0.3411262557276473,469.425,469.425,above,above,above,below
Grande morelle,seven_paired_market_groups,none,Bifouiti,0.0,0.10771356288061036,0.09708572778444624,0.0,148.225,unresolved,unresolved,below,below
Grande morelle,seven_paired_market_groups,none,Bourreau,0.0,0.19829905237888995,0.13109480009217145,0.0,272.88000000000005,unresolved,unresolved,below,below
Grande morelle,seven_paired_market_groups,none,Commission,0.0,0.10035583089095829,0.031683665654205516,0.0,138.1,unresolved,unresolved,below,below
Grande morelle,seven_paired_market_groups,none,Kintele,0.0,0.4185186959150988,0.07739244018745153,0.0,575.925,unresolved,unresolved,unresolved,below
Grande morelle,seven_paired_market_groups,none,Madibou,0.0,0.015874408566861113,0.003157340930425415,0.0,21.844827586206897,below,below,below,below
Grande morelle,seven_paired_market_groups,none,Mikalou,0.0,0.05430447412750624,0.03437241709733763,0.0,74.72857142857143,unresolved,below,below,below
Grande morelle,seven_paired_market_groups,none,Mokoundzi-ngouaka,0.0,0.19829905237888995,0.0672042522867185,0.0,272.88000000000005,unresolved,unresolved,below,below
Grande morelle,seven_paired_market_groups,none,Moungali,0.0,0.015874408566861113,0.0127170676364357,0.0,21.844827586206897,below,below,below,below
Grande morelle,seven_paired_market_groups,none,Ouenze,0.0,0.10035583089095829,0.06867216523675278,0.0,138.1,unresolved,unresolved,below,below
Grande morelle,seven_paired_market_groups,none,Plateaux des 15 ans,0.0,0.10771356288061036,0.01062783509616412,0.0,148.225,unresolved,unresolved,below,below
Grande morelle,seven_paired_market_groups,none,Poto-poto,0.0,0.10493397524007514,0.10071917568057073,0.0,144.4,unresolved,unresolved,below,below
Grande morelle,seven_paired_market_groups,none,Talangai,0.0,0.10493397524007514,0.004214799559504403,0.0,144.4,unresolved,unresolved,below,below
Grande morelle,seven_paired_market_groups,none,Texaco,0.0,0.05430447412750624,0.019932057030168607,0.0,74.72857142857143,unresolved,below,below,below
Grande morelle,seven_paired_market_groups,none,Total,0.0,0.4185186959150988,0.3411262557276473,0.0,575.925,unresolved,unresolved,unresolved,below
Grande morelle,seven_paired_market_groups,pair:Total|Kintele,Bifouiti,0.0,0.10771356288061036,0.09708572778444624,0.0,148.225,unresolved,unresolved,below,below
Grande morelle,seven_paired_market_groups,pair:Total|Kintele,Bourreau,0.0,0.19829905237888995,0.13109480009217145,0.0,272.88000000000005,unresolved,unresolved,below,below
Grande morelle,seven_paired_market_groups,pair:Total|Kintele,Commission,0.0,0.10035583089095829,0.031683665654205516,0.0,138.1,unresolved,unresolved,below,below
Grande morelle,seven_paired_market_groups,pair:Total|Kintele,Kintele,0.0,0.4185186959150988,0.07739244018745153,0.0,575.925,unresolved,unresolved,unresolved,below
Grande morelle,seven_paired_market_groups,pair:Total|Kintele,Madibou,0.0,0.015874408566861113,0.003157340930425415,0.0,21.844827586206897,below,below,below,below
Grande morelle,seven_paired_market_groups,pair:Total|Kintele,Mikalou,0.0,0.05430447412750624,0.03437241709733763,0.0,74.72857142857143,unresolved,below,below,below
Grande morelle,seven_paired_market_groups,pair:Total|Kintele,Mokoundzi-ngouaka,0.0,0.19829905237888995,0.0672042522867185,0.0,272.88000000000005,unresolved,unresolved,below,below
Grande morelle,seven_paired_market_groups,pair:Total|Kintele,Moungali,0.0,0.015874408566861113,0.0127170676364357,0.0,21.844827586206897,below,below,below,below
Grande morelle,seven_paired_market_groups,pair:Total|Kintele,Ouenze,0.0,0.10035583089095829,0.06867216523675278,0.0,138.1,unresolved,unresolved,below,below
Grande morelle,seven_paired_market_groups,pair:Total|Kintele,Plateaux des 15 ans,0.0,0.10771356288061036,0.01062783509616412,0.0,148.225,unresolved,unresolved,below,below
Grande morelle,seven_paired_market_groups,pair:Total|Kintele,Poto-poto,0.0,0.10493397524007514,0.10071917568057073,0.0,144.4,unresolved,unresolved,below,below
Grande morelle,seven_paired_market_groups,pair:Total|Kintele,Talangai,0.0,0.10493397524007514,0.004214799559504403,0.0,144.4,unresolved,unresolved,below,below
Grande morelle,seven_paired_market_groups,pair:Total|Kintele,Texaco,0.0,0.05430447412750624,0.019932057030168607,0.0,74.72857142857143,unresolved,below,below,below
Grande morelle,seven_paired_market_groups,pair:Total|Kintele,Total,0.0,0.4185186959150988,0.3411262557276473,0.0,575.925,unresolved,unresolved,unresolved,below
Grande morelle,seven_paired_market_groups,pair:Ouenze|Commission,Bifouiti,0.0,0.10771356288061036,0.09708572778444624,0.0,148.225,unresolved,unresolved,below,below
Grande morelle,seven_paired_market_groups,pair:Ouenze|Commission,Bourreau,0.0,0.19829905237888995,0.13109480009217145,0.0,272.88000000000005,unresolved,unresolved,below,below
Grande morelle,seven_paired_market_groups,pair:Ouenze|Commission,Commission,0.0,0.10035583089095829,0.031683665654205516,0.0,138.1,unresolved,unresolved,below,below
Grande morelle,seven_paired_market_groups,pair:Ouenze|Commission,Kintele,0.0,0.4185186959150988,0.07739244018745153,0.0,575.925,unresolved,unresolved,unresolved,below
Grande morelle,seven_paired_market_groups,pair:Ouenze|Commission,Madibou,0.0,0.015874408566861113,0.003157340930425415,0.0,21.844827586206897,below,below,below,below
Grande morelle,seven_paired_market_groups,pair:Ouenze|Commission,Mikalou,0.0,0.05430447412750624,0.03437241709733763,0.0,74.72857142857143,unresolved,below,below,below
Grande morelle,seven_paired_market_groups,pair:Ouenze|Commission,Mokoundzi-ngouaka,0.0,0.19829905237888995,0.0672042522867185,0.0,272.88000000000005,unresolved,unresolved,below,below
Grande morelle,seven_paired_market_groups,pair:Ouenze|Commission,Moungali,0.0,0.015874408566861113,0.0127170676364357,0.0,21.844827586206897,below,below,below,below
Grande morelle,seven_paired_market_groups,pair:Ouenze|Commission,Ouenze,0.0,0.10035583089095829,0.06867216523675278,0.0,138.1,unresolved,unresolved,below,below
Grande morelle,seven_paired_market_groups,pair:Ouenze|Commission,Plateaux des 15 ans,0.0,0.10771356288061036,0.01062783509616412,0.0,148.225,unresolved,unresolved,below,below
Grande morelle,seven_paired_market_groups,pair:Ouenze|Commission,Poto-poto,0.0,0.10493397524007514,0.10071917568057073,0.0,144.4,unresolved,unresolved,below,below
Grande morelle,seven_paired_market_groups,pair:Ouenze|Commission,Talangai,0.0,0.10493397524007514,0.004214799559504403,0.0,144.4,unresolved,unresolved,below,below
Grande morelle,seven_paired_market_groups,pair:Ouenze|Commission,Texaco,0.0,0.05430447412750624,0.019932057030168607,0.0,74.72857142857143,unresolved,below,below,below
Grande morelle,seven_paired_market_groups,pair:Ouenze|Commission,Total,0.0,0.4185186959150988,0.3411262557276473,0.0,575.925,unresolved,unresolved,unresolved,below
Grande morelle,seven_paired_market_groups,pair:Texaco|Mikalou,Bifouiti,0.0,0.10771356288061036,0.09708572778444624,0.0,148.225,unresolved,unresolved,below,below
Grande morelle,seven_paired_market_groups,pair:Texaco|Mikalou,Bourreau,0.0,0.19829905237888995,0.13109480009217145,0.0,272.88000000000005,unresolved,unresolved,below,below
Grande morelle,seven_paired_market_groups,pair:Texaco|Mikalou,Commission,0.0,0.10035583089095829,0.031683665654205516,0.0,138.1,unresolved,unresolved,below,below
Grande morelle,seven_paired_market_groups,pair:Texaco|Mikalou,Kintele,0.0,0.4185186959150988,0.07739244018745153,0.0,575.925,unresolved,unresolved,unresolved,below
Grande morelle,seven_paired_market_groups,pair:Texaco|Mikalou,Madibou,0.0,0.015874408566861113,0.003157340930425415,0.0,21.844827586206897,below,below,below,below
Grande morelle,seven_paired_market_groups,pair:Texaco|Mikalou,Mikalou,0.0,0.05430447412750624,0.03437241709733763,0.0,74.72857142857143,unresolved,below,below,below
Grande morelle,seven_paired_market_groups,pair:Texaco|Mikalou,Mokoundzi-ngouaka,0.0,0.19829905237888995,0.0672042522867185,0.0,272.88000000000005,unresolved,unresolved,below,below
Grande morelle,seven_paired_market_groups,pair:Texaco|Mikalou,Moungali,0.0,0.015874408566861113,0.0127170676364357,0.0,21.844827586206897,below,below,below,below
Grande morelle,seven_paired_market_groups,pair:Texaco|Mikalou,Ouenze,0.0,0.10035583089095829,0.06867216523675278,0.0,138.1,unresolved,unresolved,below,below
Grande morelle,seven_paired_market_groups,pair:Texaco|Mikalou,Plateaux des 15 ans,0.0,0.10771356288061036,0.01062783509616412,0.0,148.225,unresolved,unresolved,below,below
Grande morelle,seven_paired_market_groups,pair:Texaco|Mikalou,Poto-poto,0.0,0.10493397524007514,0.10071917568057073,0.0,144.4,unresolved,unresolved,below,below
Grande morelle,seven_paired_market_groups,pair:Texaco|Mikalou,Talangai,0.0,0.10493397524007514,0.004214799559504403,0.0,144.4,unresolved,unresolved,below,below
Grande morelle,seven_paired_market_groups,pair:Texaco|Mikalou,Texaco,0.0,0.05430447412750624,0.019932057030168607,0.0,74.72857142857143,unresolved,below,below,below
Grande morelle,seven_paired_market_groups,pair:Texaco|Mikalou,Total,0.0,0.4185186959150988,0.3411262557276473,0.0,575.925,unresolved,unresolved,unresolved,below
Grande morelle,seven_paired_market_groups,pair:Madibou|Moungali,Bifouiti,0.0,0.10771356288061036,0.09708572778444624,0.0,148.225,unresolved,unresolved,below,below
Grande morelle,seven_paired_market_groups,pair:Madibou|Moungali,Bourreau,0.0,0.19829905237888995,0.13109480009217145,0.0,272.88000000000005,unresolved,unresolved,below,below
Grande morelle,seven_paired_market_groups,pair:Madibou|Moungali,Commission,0.0,0.10035583089095829,0.031683665654205516,0.0,138.1,unresolved,unresolved,below,below
Grande morelle,seven_paired_market_groups,pair:Madibou|Moungali,Kintele,0.0,0.4185186959150988,0.07739244018745153,0.0,575.925,unresolved,unresolved,unresolved,below
Grande morelle,seven_paired_market_groups,pair:Madibou|Moungali,Madibou,0.0,0.015874408566861113,0.003157340930425415,0.0,21.844827586206897,below,below,below,below
Grande morelle,seven_paired_market_groups,pair:Madibou|Moungali,Mikalou,0.0,0.05430447412750624,0.03437241709733763,0.0,74.72857142857143,unresolved,below,below,below
Grande morelle,seven_paired_market_groups,pair:Madibou|Moungali,Mokoundzi-ngouaka,0.0,0.19829905237888995,0.0672042522867185,0.0,272.88000000000005,unresolved,unresolved,below,below
Grande morelle,seven_paired_market_groups,pair:Madibou|Moungali,Moungali,0.0,0.015874408566861113,0.0127170676364357,0.0,21.844827586206897,below,below,below,below
Grande morelle,seven_paired_market_groups,pair:Madibou|Moungali,Ouenze,0.0,0.10035583089095829,0.06867216523675278,0.0,138.1,unresolved,unresolved,below,below
Grande morelle,seven_paired_market_groups,pair:Madibou|Moungali,Plateaux des 15 ans,0.0,0.10771356288061036,0.01062783509616412,0.0,148.225,unresolved,unresolved,below,below
Grande morelle,seven_paired_market_groups,pair:Madibou|Moungali,Poto-poto,0.0,0.10493397524007514,0.10071917568057073,0.0,144.4,unresolved,unresolved,below,below
Grande morelle,seven_paired_market_groups,pair:Madibou|Moungali,Talangai,0.0,0.10493397524007514,0.004214799559504403,0.0,144.4,unresolved,unresolved,below,below
Grande morelle,seven_paired_market_groups,pair:Madibou|Moungali,Texaco,0.0,0.05430447412750624,0.019932057030168607,0.0,74.72857142857143,unresolved,below,below,below
Grande morelle,seven_paired_market_groups,pair:Madibou|Moungali,Total,0.0,0.4185186959150988,0.3411262557276473,0.0,575.925,unresolved,unresolved,unresolved,below
Grande morelle,seven_paired_market_groups,pair:Bourreau|Mokoundzi-ngouaka,Bifouiti,0.0,0.10771356288061036,0.09708572778444624,0.0,148.225,unresolved,unresolved,below,below
Grande morelle,seven_paired_market_groups,pair:Bourreau|Mokoundzi-ngouaka,Bourreau,0.0,0.19829905237888995,0.13109480009217145,0.0,272.88000000000005,unresolved,unresolved,below,below
Grande morelle,seven_paired_market_groups,pair:Bourreau|Mokoundzi-ngouaka,Commission,0.0,0.10035583089095829,0.031683665654205516,0.0,138.1,unresolved,unresolved,below,below
Grande morelle,seven_paired_market_groups,pair:Bourreau|Mokoundzi-ngouaka,Kintele,0.0,0.4185186959150988,0.07739244018745153,0.0,575.925,unresolved,unresolved,unresolved,below
Grande morelle,seven_paired_market_groups,pair:Bourreau|Mokoundzi-ngouaka,Madibou,0.0,0.015874408566861113,0.003157340930425415,0.0,21.844827586206897,below,below,below,below
Grande morelle,seven_paired_market_groups,pair:Bourreau|Mokoundzi-ngouaka,Mikalou,0.0,0.05430447412750624,0.03437241709733763,0.0,74.72857142857143,unresolved,below,below,below
Grande morelle,seven_paired_market_groups,pair:Bourreau|Mokoundzi-ngouaka,Mokoundzi-ngouaka,0.0,0.19829905237888995,0.0672042522867185,0.0,272.88000000000005,unresolved,unresolved,below,below
Grande morelle,seven_paired_market_groups,pair:Bourreau|Mokoundzi-ngouaka,Moungali,0.0,0.015874408566861113,0.0127170676364357,0.0,21.844827586206897,below,below,below,below
Grande morelle,seven_paired_market_groups,pair:Bourreau|Mokoundzi-ngouaka,Ouenze,0.0,0.10035583089095829,0.06867216523675278,0.0,138.1,unresolved,unresolved,below,below
Grande morelle,seven_paired_market_groups,pair:Bourreau|Mokoundzi-ngouaka,Plateaux des 15 ans,0.0,0.10771356288061036,0.01062783509616412,0.0,148.225,unresolved,unresolved,below,below
Grande morelle,seven_paired_market_groups,pair:Bourreau|Mokoundzi-ngouaka,Poto-poto,0.0,0.10493397524007514,0.10071917568057073,0.0,144.4,unresolved,unresolved,below,below
Grande morelle,seven_paired_market_groups,pair:Bourreau|Mokoundzi-ngouaka,Talangai,0.0,0.10493397524007514,0.004214799559504403,0.0,144.4,unresolved,unresolved,below,below
Grande morelle,seven_paired_market_groups,pair:Bourreau|Mokoundzi-ngouaka,Texaco,0.0,0.05430447412750624,0.019932057030168607,0.0,74.72857142857143,unresolved,below,below,below
Grande morelle,seven_paired_market_groups,pair:Bourreau|Mokoundzi-ngouaka,Total,0.0,0.4185186959150988,0.3411262557276473,0.0,575.925,unresolved,unresolved,unresolved,below
Grande morelle,seven_paired_market_groups,pair:Bifouiti|Plateaux des 15 ans,Bifouiti,0.0,0.10771356288061036,0.09708572778444624,0.0,148.225,unresolved,unresolved,below,below
Grande morelle,seven_paired_market_groups,pair:Bifouiti|Plateaux des 15 ans,Bourreau,0.0,0.19829905237888995,0.13109480009217145,0.0,272.88000000000005,unresolved,unresolved,below,below
Grande morelle,seven_paired_market_groups,pair:Bifouiti|Plateaux des 15 ans,Commission,0.0,0.10035583089095829,0.031683665654205516,0.0,138.1,unresolved,unresolved,below,below
Grande morelle,seven_paired_market_groups,pair:Bifouiti|Plateaux des 15 ans,Kintele,0.0,0.4185186959150988,0.07739244018745153,0.0,575.925,unresolved,unresolved,unresolved,below
Grande morelle,seven_paired_market_groups,pair:Bifouiti|Plateaux des 15 ans,Madibou,0.0,0.015874408566861113,0.003157340930425415,0.0,21.844827586206897,below,below,below,below
Grande morelle,seven_paired_market_groups,pair:Bifouiti|Plateaux des 15 ans,Mikalou,0.0,0.05430447412750624,0.03437241709733763,0.0,74.72857142857143,unresolved,below,below,below
Grande morelle,seven_paired_market_groups,pair:Bifouiti|Plateaux des 15 ans,Mokoundzi-ngouaka,0.0,0.19829905237888995,0.0672042522867185,0.0,272.88000000000005,unresolved,unresolved,below,below
Grande morelle,seven_paired_market_groups,pair:Bifouiti|Plateaux des 15 ans,Moungali,0.0,0.015874408566861113,0.0127170676364357,0.0,21.844827586206897,below,below,below,below
Grande morelle,seven_paired_market_groups,pair:Bifouiti|Plateaux des 15 ans,Ouenze,0.0,0.10035583089095829,0.06867216523675278,0.0,138.1,unresolved,unresolved,below,below
Grande morelle,seven_paired_market_groups,pair:Bifouiti|Plateaux des 15 ans,Plateaux des 15 ans,0.0,0.10771356288061036,0.01062783509616412,0.0,148.225,unresolved,unresolved,below,below
Grande morelle,seven_paired_market_groups,pair:Bifouiti|Plateaux des 15 ans,Poto-poto,0.0,0.10493397524007514,0.10071917568057073,0.0,144.4,unresolved,unresolved,below,below
Grande morelle,seven_paired_market_groups,pair:Bifouiti|Plateaux des 15 ans,Talangai,0.0,0.10493397524007514,0.004214799559504403,0.0,144.4,unresolved,unresolved,below,below
Grande morelle,seven_paired_market_groups,pair:Bifouiti|Plateaux des 15 ans,Texaco,0.0,0.05430447412750624,0.019932057030168607,0.0,74.72857142857143,unresolved,below,below,below
Grande morelle,seven_paired_market_groups,pair:Bifouiti|Plateaux des 15 ans,Total,0.0,0.4185186959150988,0.3411262557276473,0.0,575.925,unresolved,unresolved,unresolved,below
Grande morelle,seven_paired_market_groups,pair:Poto-poto|Talangai,Bifouiti,0.0,0.10771356288061036,0.09708572778444624,0.0,148.225,unresolved,unresolved,below,below
Grande morelle,seven_paired_market_groups,pair:Poto-poto|Talangai,Bourreau,0.0,0.19829905237888995,0.13109480009217145,0.0,272.88000000000005,unresolved,unresolved,below,below
Grande morelle,seven_paired_market_groups,pair:Poto-poto|Talangai,Commission,0.0,0.10035583089095829,0.031683665654205516,0.0,138.1,unresolved,unresolved,below,below
Grande morelle,seven_paired_market_groups,pair:Poto-poto|Talangai,Kintele,0.0,0.4185186959150988,0.07739244018745153,0.0,575.925,unresolved,unresolved,unresolved,below
Grande morelle,seven_paired_market_groups,pair:Poto-poto|Talangai,Madibou,0.0,0.015874408566861113,0.003157340930425415,0.0,21.844827586206897,below,below,below,below
Grande morelle,seven_paired_market_groups,pair:Poto-poto|Talangai,Mikalou,0.0,0.05430447412750624,0.03437241709733763,0.0,74.72857142857143,unresolved,below,below,below
Grande morelle,seven_paired_market_groups,pair:Poto-poto|Talangai,Mokoundzi-ngouaka,0.0,0.19829905237888995,0.0672042522867185,0.0,272.88000000000005,unresolved,unresolved,below,below
Grande morelle,seven_paired_market_groups,pair:Poto-poto|Talangai,Moungali,0.0,0.015874408566861113,0.0127170676364357,0.0,21.844827586206897,below,below,below,below
Grande morelle,seven_paired_market_groups,pair:Poto-poto|Talangai,Ouenze,0.0,0.10035583089095829,0.06867216523675278,0.0,138.1,unresolved,unresolved,below,below
Grande morelle,seven_paired_market_groups,pair:Poto-poto|Talangai,Plateaux des 15 ans,0.0,0.10771356288061036,0.01062783509616412,0.0,148.225,unresolved,unresolved,below,below
Grande morelle,seven_paired_market_groups,pair:Poto-poto|Talangai,Poto-poto,0.0,0.10493397524007514,0.10071917568057073,0.0,144.4,unresolved,unresolved,below,below
Grande morelle,seven_paired_market_groups,pair:Poto-poto|Talangai,Talangai,0.0,0.10493397524007514,0.004214799559504403,0.0,144.4,unresolved,unresolved,below,below
Grande morelle,seven_paired_market_groups,pair:Poto-poto|Talangai,Texaco,0.0,0.05430447412750624,0.019932057030168607,0.0,74.72857142857143,unresolved,below,below,below
Grande morelle,seven_paired_market_groups,pair:Poto-poto|Talangai,Total,0.0,0.4185186959150988,0.3411262557276473,0.0,575.925,unresolved,unresolved,unresolved,below
Haricot vert,seven_individual_markets,none,Bifouiti,0.0,0.10688606689322125,0.005902343051332498,0.0,49.800000000000004,unresolved,unresolved,below,below
Haricot vert,seven_individual_markets,none,Bourreau,0.0,0.10688606689322125,0.02908245394383831,0.0,49.800000000000004,unresolved,unresolved,below,below
Haricot vert,seven_individual_markets,none,Commission,0.0,0.10688606689322125,0.0016097299230906814,0.0,49.800000000000004,unresolved,unresolved,below,below
Haricot vert,seven_individual_markets,none,Kintele,0.0,0.10688606689322125,0.004292613128241817,0.0,49.800000000000004,unresolved,unresolved,below,below
Haricot vert,seven_individual_markets,none,Madibou,0.0,0.10688606689322125,0.01663387587193704,0.0,49.800000000000004,unresolved,unresolved,below,below
Haricot vert,seven_individual_markets,none,Mikalou,0.0,0.10688606689322125,0.03434090502593454,0.0,49.800000000000004,unresolved,unresolved,below,below
Haricot vert,seven_individual_markets,none,Mokoundzi-ngouaka,0.004006438919692362,0.004006438919692362,0.004006438919692362,1.8666666666666665,1.8666666666666665,below,below,below,below
Haricot vert,seven_individual_markets,none,Moungali,0.02918976927204437,0.02918976927204437,0.02918976927204437,13.600000000000007,13.600000000000007,below,below,below,below
Haricot vert,seven_individual_markets,none,Ouenze,0.0316580218207834,0.0316580218207834,0.0316580218207834,14.75,14.75,below,below,below,below
Haricot vert,seven_individual_markets,none,Plateaux des 15 ans,0.01502414594884636,0.01502414594884636,0.01502414594884636,7.0,7.0,below,below,below,below
Haricot vert,seven_individual_markets,none,Poto-poto,0.18243605795027723,0.18243605795027723,0.18243605795027723,85.0,85.0,above,above,below,below
Haricot vert,seven_individual_markets,none,Talangai,0.0,0.10688606689322125,0.01502414594884636,0.0,49.800000000000004,unresolved,unresolved,below,below
Haricot vert,seven_individual_markets,none,Texaco,0.11289572527275979,0.11289572527275979,0.11289572527275979,52.6,52.6,above,above,below,below
Haricot vert,seven_individual_markets,none,Total,0.5179037739223753,0.5179037739223753,0.5179037739223753,241.30000000000004,241.30000000000004,above,above,above,above
Haricot vert,seven_individual_markets,market:Poto-poto,Bifouiti,0.0,0.2893221248434985,0.005902343051332498,0.0,134.8,unresolved,unresolved,unresolved,below
Haricot vert,seven_individual_markets,market:Poto-poto,Bourreau,0.0,0.2893221248434985,0.02908245394383831,0.0,134.8,unresolved,unresolved,unresolved,below
Haricot vert,seven_individual_markets,market:Poto-poto,Commission,0.0,0.2893221248434985,0.0016097299230906814,0.0,134.8,unresolved,unresolved,unresolved,below
Haricot vert,seven_individual_markets,market:Poto-poto,Kintele,0.0,0.2893221248434985,0.004292613128241817,0.0,134.8,unresolved,unresolved,unresolved,below
Haricot vert,seven_individual_markets,market:Poto-poto,Madibou,0.0,0.2893221248434985,0.01663387587193704,0.0,134.8,unresolved,unresolved,unresolved,below
Haricot vert,seven_individual_markets,market:Poto-poto,Mikalou,0.0,0.2893221248434985,0.03434090502593454,0.0,134.8,unresolved,unresolved,unresolved,below
Haricot vert,seven_individual_markets,market:Poto-poto,Mokoundzi-ngouaka,0.004006438919692362,0.004006438919692362,0.004006438919692362,1.8666666666666665,1.8666666666666665,below,below,below,below
Haricot vert,seven_individual_markets,market:Poto-poto,Moungali,0.02918976927204437,0.02918976927204437,0.02918976927204437,13.600000000000007,13.600000000000007,below,below,below,below
Haricot vert,seven_individual_markets,market:Poto-poto,Ouenze,0.0316580218207834,0.0316580218207834,0.0316580218207834,14.75,14.75,below,below,below,below
Haricot vert,seven_individual_markets,market:Poto-poto,Plateaux des 15 ans,0.01502414594884636,0.01502414594884636,0.01502414594884636,7.0,7.0,below,below,below,below
Haricot vert,seven_individual_markets,market:Poto-poto,Poto-poto,0.0,0.2893221248434985,0.18243605795027723,0.0,134.8,unresolved,unresolved,unresolved,below
Haricot vert,seven_individual_markets,market:Poto-poto,Talangai,0.0,0.2893221248434985,0.01502414594884636,0.0,134.8,unresolved,unresolved,unresolved,below
Haricot vert,seven_individual_markets,market:Poto-poto,Texaco,0.11289572527275979,0.11289572527275979,0.11289572527275979,52.6,52.6,above,above,below,below
Haricot vert,seven_individual_markets,market:Poto-poto,Total,0.5179037739223753,0.5179037739223753,0.5179037739223753,241.30000000000004,241.30000000000004,above,above,above,above
Haricot vert,seven_individual_markets,market:Total,Bifouiti,0.0,0.6247898408155965,0.005902343051332498,0.0,291.1,unresolved,unresolved,unresolved,unresolved
Haricot vert,seven_individual_markets,market:Total,Bourreau,0.0,0.6247898408155965,0.02908245394383831,0.0,291.1,unresolved,unresolved,unresolved,unresolved
Haricot vert,seven_individual_markets,market:Total,Commission,0.0,0.6247898408155965,0.0016097299230906814,0.0,291.1,unresolved,unresolved,unresolved,unresolved
Haricot vert,seven_individual_markets,market:Total,Kintele,0.0,0.6247898408155965,0.004292613128241817,0.0,291.1,unresolved,unresolved,unresolved,unresolved
Haricot vert,seven_individual_markets,market:Total,Madibou,0.0,0.6247898408155965,0.01663387587193704,0.0,291.1,unresolved,unresolved,unresolved,unresolved
Haricot vert,seven_individual_markets,market:Total,Mikalou,0.0,0.6247898408155965,0.03434090502593454,0.0,291.1,unresolved,unresolved,unresolved,unresolved
Haricot vert,seven_individual_markets,market:Total,Mokoundzi-ngouaka,0.004006438919692362,0.004006438919692362,0.004006438919692362,1.8666666666666665,1.8666666666666665,below,below,below,below
Haricot vert,seven_individual_markets,market:Total,Moungali,0.02918976927204437,0.02918976927204437,0.02918976927204437,13.600000000000007,13.600000000000007,below,below,below,below
Haricot vert,seven_individual_markets,market:Total,Ouenze,0.0316580218207834,0.0316580218207834,0.0316580218207834,14.75,14.75,below,below,below,below
Haricot vert,seven_individual_markets,market:Total,Plateaux des 15 ans,0.01502414594884636,0.01502414594884636,0.01502414594884636,7.0,7.0,below,below,below,below
Haricot vert,seven_individual_markets,market:Total,Poto-poto,0.18243605795027723,0.18243605795027723,0.18243605795027723,85.0,85.0,above,above,below,below
Haricot vert,seven_individual_markets,market:Total,Talangai,0.0,0.6247898408155965,0.01502414594884636,0.0,291.1,unresolved,unresolved,unresolved,unresolved
Haricot vert,seven_individual_markets,market:Total,Texaco,0.11289572527275979,0.11289572527275979,0.11289572527275979,52.6,52.6,above,above,below,below
Haricot vert,seven_individual_markets,market:Total,Total,0.0,0.6247898408155965,0.5179037739223753,0.0,291.1,unresolved,unresolved,unresolved,unresolved
Haricot vert,seven_individual_markets,market:Texaco,Bifouiti,0.0,0.21978179216598104,0.005902343051332498,0.0,102.4,unresolved,unresolved,below,below
Haricot vert,seven_individual_markets,market:Texaco,Bourreau,0.0,0.21978179216598104,0.02908245394383831,0.0,102.4,unresolved,unresolved,below,below
Haricot vert,seven_individual_markets,market:Texaco,Commission,0.0,0.21978179216598104,0.0016097299230906814,0.0,102.4,unresolved,unresolved,below,below
Haricot vert,seven_individual_markets,market:Texaco,Kintele,0.0,0.21978179216598104,0.004292613128241817,0.0,102.4,unresolved,unresolved,below,below
Haricot vert,seven_individual_markets,market:Texaco,Madibou,0.0,0.21978179216598104,0.01663387587193704,0.0,102.4,unresolved,unresolved,below,below
Haricot vert,seven_individual_markets,market:Texaco,Mikalou,0.0,0.21978179216598104,0.03434090502593454,0.0,102.4,unresolved,unresolved,below,below
Haricot vert,seven_individual_markets,market:Texaco,Mokoundzi-ngouaka,0.004006438919692362,0.004006438919692362,0.004006438919692362,1.8666666666666665,1.8666666666666665,below,below,below,below
Haricot vert,seven_individual_markets,market:Texaco,Moungali,0.02918976927204437,0.02918976927204437,0.02918976927204437,13.600000000000007,13.600000000000007,below,below,below,below
Haricot vert,seven_individual_markets,market:Texaco,Ouenze,0.0316580218207834,0.0316580218207834,0.0316580218207834,14.75,14.75,below,below,below,below
Haricot vert,seven_individual_markets,market:Texaco,Plateaux des 15 ans,0.01502414594884636,0.01502414594884636,0.01502414594884636,7.0,7.0,below,below,below,below
Haricot vert,seven_individual_markets,market:Texaco,Poto-poto,0.18243605795027723,0.18243605795027723,0.18243605795027723,85.0,85.0,above,above,below,below
Haricot vert,seven_individual_markets,market:Texaco,Talangai,0.0,0.21978179216598104,0.01502414594884636,0.0,102.4,unresolved,unresolved,below,below
Haricot vert,seven_individual_markets,market:Texaco,Texaco,0.0,0.21978179216598104,0.11289572527275979,0.0,102.4,unresolved,unresolved,below,below
Haricot vert,seven_individual_markets,market:Texaco,Total,0.5179037739223753,0.5179037739223753,0.5179037739223753,241.30000000000004,241.30000000000004,above,above,above,above
Haricot vert,seven_individual_markets,market:Ouenze,Bifouiti,0.0,0.13854408871400464,0.005902343051332498,0.0,64.55,unresolved,unresolved,below,below
Haricot vert,seven_individual_markets,market:Ouenze,Bourreau,0.0,0.13854408871400464,0.02908245394383831,0.0,64.55,unresolved,unresolved,below,below
Haricot vert,seven_individual_markets,market:Ouenze,Commission,0.0,0.13854408871400464,0.0016097299230906814,0.0,64.55,unresolved,unresolved,below,below
Haricot vert,seven_individual_markets,market:Ouenze,Kintele,0.0,0.13854408871400464,0.004292613128241817,0.0,64.55,unresolved,unresolved,below,below
Haricot vert,seven_individual_markets,market:Ouenze,Madibou,0.0,0.13854408871400464,0.01663387587193704,0.0,64.55,unresolved,unresolved,below,below
Haricot vert,seven_individual_markets,market:Ouenze,Mikalou,0.0,0.13854408871400464,0.03434090502593454,0.0,64.55,unresolved,unresolved,below,below
Haricot vert,seven_individual_markets,market:Ouenze,Mokoundzi-ngouaka,0.004006438919692362,0.004006438919692362,0.004006438919692362,1.8666666666666665,1.8666666666666665,below,below,below,below
Haricot vert,seven_individual_markets,market:Ouenze,Moungali,0.02918976927204437,0.02918976927204437,0.02918976927204437,13.600000000000007,13.600000000000007,below,below,below,below
Haricot vert,seven_individual_markets,market:Ouenze,Ouenze,0.0,0.13854408871400464,0.0316580218207834,0.0,64.55,unresolved,unresolved,below,below
Haricot vert,seven_individual_markets,market:Ouenze,Plateaux des 15 ans,0.01502414594884636,0.01502414594884636,0.01502414594884636,7.0,7.0,below,below,below,below
Haricot vert,seven_individual_markets,market:Ouenze,Poto-poto,0.18243605795027723,0.18243605795027723,0.18243605795027723,85.0,85.0,above,above,below,below
Haricot vert,seven_individual_markets,market:Ouenze,Talangai,0.0,0.13854408871400464,0.01502414594884636,0.0,64.55,unresolved,unresolved,below,below
Haricot vert,seven_individual_markets,market:Ouenze,Texaco,0.11289572527275979,0.11289572527275979,0.11289572527275979,52.6,52.6,above,above,below,below
Haricot vert,seven_individual_markets,market:Ouenze,Total,0.5179037739223753,0.5179037739223753,0.5179037739223753,241.30000000000004,241.30000000000004,above,above,above,above
Haricot vert,seven_individual_markets,market:Moungali,Bifouiti,0.0,0.1360758361652656,0.005902343051332498,0.0,63.400000000000006,unresolved,unresolved,below,below
Haricot vert,seven_individual_markets,market:Moungali,Bourreau,0.0,0.1360758361652656,0.02908245394383831,0.0,63.400000000000006,unresolved,unresolved,below,below
Haricot vert,seven_individual_markets,market:Moungali,Commission,0.0,0.1360758361652656,0.0016097299230906814,0.0,63.400000000000006,unresolved,unresolved,below,below
Haricot vert,seven_individual_markets,market:Moungali,Kintele,0.0,0.1360758361652656,0.004292613128241817,0.0,63.400000000000006,unresolved,unresolved,below,below
Haricot vert,seven_individual_markets,market:Moungali,Madibou,0.0,0.1360758361652656,0.01663387587193704,0.0,63.400000000000006,unresolved,unresolved,below,below
Haricot vert,seven_individual_markets,market:Moungali,Mikalou,0.0,0.1360758361652656,0.03434090502593454,0.0,63.400000000000006,unresolved,unresolved,below,below
Haricot vert,seven_individual_markets,market:Moungali,Mokoundzi-ngouaka,0.004006438919692362,0.004006438919692362,0.004006438919692362,1.8666666666666665,1.8666666666666665,below,below,below,below
Haricot vert,seven_individual_markets,market:Moungali,Moungali,0.0,0.1360758361652656,0.02918976927204437,0.0,63.400000000000006,unresolved,unresolved,below,below
Haricot vert,seven_individual_markets,market:Moungali,Ouenze,0.0316580218207834,0.0316580218207834,0.0316580218207834,14.75,14.75,below,below,below,below
Haricot vert,seven_individual_markets,market:Moungali,Plateaux des 15 ans,0.01502414594884636,0.01502414594884636,0.01502414594884636,7.0,7.0,below,below,below,below
Haricot vert,seven_individual_markets,market:Moungali,Poto-poto,0.18243605795027723,0.18243605795027723,0.18243605795027723,85.0,85.0,above,above,below,below
Haricot vert,seven_individual_markets,market:Moungali,Talangai,0.0,0.1360758361652656,0.01502414594884636,0.0,63.400000000000006,unresolved,unresolved,below,below
Haricot vert,seven_individual_markets,market:Moungali,Texaco,0.11289572527275979,0.11289572527275979,0.11289572527275979,52.6,52.6,above,above,below,below
Haricot vert,seven_individual_markets,market:Moungali,Total,0.5179037739223753,0.5179037739223753,0.5179037739223753,241.30000000000004,241.30000000000004,above,above,above,above
Haricot vert,seven_individual_markets,market:Mokoundzi-ngouaka,Bifouiti,0.0,0.11089250581291361,0.005902343051332498,0.0,51.66666666666667,unresolved,unresolved,below,below
Haricot vert,seven_individual_markets,market:Mokoundzi-ngouaka,Bourreau,0.0,0.11089250581291361,0.02908245394383831,0.0,51.66666666666667,unresolved,unresolved,below,below
Haricot vert,seven_individual_markets,market:Mokoundzi-ngouaka,Commission,0.0,0.11089250581291361,0.0016097299230906814,0.0,51.66666666666667,unresolved,unresolved,below,below
Haricot vert,seven_individual_markets,market:Mokoundzi-ngouaka,Kintele,0.0,0.11089250581291361,0.004292613128241817,0.0,51.66666666666667,unresolved,unresolved,below,below
Haricot vert,seven_individual_markets,market:Mokoundzi-ngouaka,Madibou,0.0,0.11089250581291361,0.01663387587193704,0.0,51.66666666666667,unresolved,unresolved,below,below
Haricot vert,seven_individual_markets,market:Mokoundzi-ngouaka,Mikalou,0.0,0.11089250581291361,0.03434090502593454,0.0,51.66666666666667,unresolved,unresolved,below,below
Haricot vert,seven_individual_markets,market:Mokoundzi-ngouaka,Mokoundzi-ngouaka,0.0,0.11089250581291361,0.004006438919692362,0.0,51.66666666666667,unresolved,unresolved,below,below
Haricot vert,seven_individual_markets,market:Mokoundzi-ngouaka,Moungali,0.02918976927204437,0.02918976927204437,0.02918976927204437,13.600000000000007,13.600000000000007,below,below,below,below
Haricot vert,seven_individual_markets,market:Mokoundzi-ngouaka,Ouenze,0.0316580218207834,0.0316580218207834,0.0316580218207834,14.75,14.75,below,below,below,below
Haricot vert,seven_individual_markets,market:Mokoundzi-ngouaka,Plateaux des 15 ans,0.01502414594884636,0.01502414594884636,0.01502414594884636,7.0,7.0,below,below,below,below
Haricot vert,seven_individual_markets,market:Mokoundzi-ngouaka,Poto-poto,0.18243605795027723,0.18243605795027723,0.18243605795027723,85.0,85.0,above,above,below,below
Haricot vert,seven_individual_markets,market:Mokoundzi-ngouaka,Talangai,0.0,0.11089250581291361,0.01502414594884636,0.0,51.66666666666667,unresolved,unresolved,below,below
Haricot vert,seven_individual_markets,market:Mokoundzi-ngouaka,Texaco,0.11289572527275979,0.11289572527275979,0.11289572527275979,52.6,52.6,above,above,below,below
Haricot vert,seven_individual_markets,market:Mokoundzi-ngouaka,Total,0.5179037739223753,0.5179037739223753,0.5179037739223753,241.30000000000004,241.30000000000004,above,above,above,above
Haricot vert,seven_individual_markets,market:Plateaux des 15 ans,Bifouiti,0.0,0.12191021284206761,0.005902343051332498,0.0,56.800000000000004,unresolved,unresolved,below,below
Haricot vert,seven_individual_markets,market:Plateaux des 15 ans,Bourreau,0.0,0.12191021284206761,0.02908245394383831,0.0,56.800000000000004,unresolved,unresolved,below,below
Haricot vert,seven_individual_markets,market:Plateaux des 15 ans,Commission,0.0,0.12191021284206761,0.0016097299230906814,0.0,56.800000000000004,unresolved,unresolved,below,below
Haricot vert,seven_individual_markets,market:Plateaux des 15 ans,Kintele,0.0,0.12191021284206761,0.004292613128241817,0.0,56.800000000000004,unresolved,unresolved,below,below
Haricot vert,seven_individual_markets,market:Plateaux des 15 ans,Madibou,0.0,0.12191021284206761,0.01663387587193704,0.0,56.800000000000004,unresolved,unresolved,below,below
Haricot vert,seven_individual_markets,market:Plateaux des 15 ans,Mikalou,0.0,0.12191021284206761,0.03434090502593454,0.0,56.800000000000004,unresolved,unresolved,below,below
Haricot vert,seven_individual_markets,market:Plateaux des 15 ans,Mokoundzi-ngouaka,0.004006438919692362,0.004006438919692362,0.004006438919692362,1.8666666666666665,1.8666666666666665,below,below,below,below
Haricot vert,seven_individual_markets,market:Plateaux des 15 ans,Moungali,0.02918976927204437,0.02918976927204437,0.02918976927204437,13.600000000000007,13.600000000000007,below,below,below,below
Haricot vert,seven_individual_markets,market:Plateaux des 15 ans,Ouenze,0.0316580218207834,0.0316580218207834,0.0316580218207834,14.75,14.75,below,below,below,below
Haricot vert,seven_individual_markets,market:Plateaux des 15 ans,Plateaux des 15 ans,0.0,0.12191021284206761,0.01502414594884636,0.0,56.800000000000004,unresolved,unresolved,below,below
Haricot vert,seven_individual_markets,market:Plateaux des 15 ans,Poto-poto,0.18243605795027723,0.18243605795027723,0.18243605795027723,85.0,85.0,above,above,below,below
Haricot vert,seven_individual_markets,market:Plateaux des 15 ans,Talangai,0.0,0.12191021284206761,0.01502414594884636,0.0,56.800000000000004,unresolved,unresolved,below,below
Haricot vert,seven_individual_markets,market:Plateaux des 15 ans,Texaco,0.11289572527275979,0.11289572527275979,0.11289572527275979,52.6,52.6,above,above,below,below
Haricot vert,seven_individual_markets,market:Plateaux des 15 ans,Total,0.5179037739223753,0.5179037739223753,0.5179037739223753,241.30000000000004,241.30000000000004,above,above,above,above
Haricot vert,seven_paired_market_groups,none,Bifouiti,0.0,0.5238061169737078,0.005902343051332498,0.0,244.05000000000004,unresolved,unresolved,unresolved,unresolved
Haricot vert,seven_paired_market_groups,none,Bourreau,0.0,0.058272223215882685,0.02908245394383831,0.0,27.15000000000001,unresolved,below,below,below
Haricot vert,seven_paired_market_groups,none,Commission,0.0,0.016633875871937043,0.0016097299230906814,0.0,7.750000000000001,below,below,below,below
Haricot vert,seven_paired_market_groups,none,Kintele,0.0,0.11718833840100161,0.004292613128241817,0.0,54.6,unresolved,unresolved,below,below
Haricot vert,seven_paired_market_groups,none,Madibou,0.0,0.0206403147916294,0.01663387587193704,0.0,9.616666666666665,below,below,below,below
Haricot vert,seven_paired_market_groups,none,Mikalou,0.0,0.21677696297621177,0.03434090502593454,0.0,101.0,unresolved,unresolved,below,below
Haricot vert,seven_paired_market_groups,none,Mokoundzi-ngouaka,0.0,0.0206403147916294,0.004006438919692362,0.0,9.616666666666665,below,below,below,below
Haricot vert,seven_paired_market_groups,none,Moungali,0.0,0.058272223215882685,0.02918976927204437,0.0,27.15000000000001,unresolved,below,below,below
Haricot vert,seven_paired_market_groups,none,Ouenze,0.0,0.04668216776962976,0.0316580218207834,0.0,21.75,below,below,below,below
Haricot vert,seven_paired_market_groups,none,Plateaux des 15 ans,0.0,0.016633875871937043,0.01502414594884636,0.0,7.750000000000001,below,below,below,below
Haricot vert,seven_paired_market_groups,none,Poto-poto,0.0,0.21677696297621177,0.18243605795027723,0.0,101.0,unresolved,unresolved,below,below
Haricot vert,seven_paired_market_groups,none,Talangai,0.0,0.04668216776962976,0.01502414594884636,0.0,21.75,below,below,below,below
Haricot vert,seven_paired_market_groups,none,Texaco,0.0,0.11718833840100161,0.11289572527275979,0.0,54.6,unresolved,unresolved,below,below
Haricot vert,seven_paired_market_groups,none,Total,0.0,0.5238061169737078,0.5179037739223753,0.0,244.05000000000004,unresolved,unresolved,unresolved,unresolved
Haricot vert,seven_paired_market_groups,pair:Poto-poto|Mikalou,Bifouiti,0.0,0.5238061169737078,0.005902343051332498,0.0,244.05000000000004,unresolved,unresolved,unresolved,unresolved
Haricot vert,seven_paired_market_groups,pair:Poto-poto|Mikalou,Bourreau,0.0,0.058272223215882685,0.02908245394383831,0.0,27.15000000000001,unresolved,below,below,below
Haricot vert,seven_paired_market_groups,pair:Poto-poto|Mikalou,Commission,0.0,0.016633875871937043,0.0016097299230906814,0.0,7.750000000000001,below,below,below,below
Haricot vert,seven_paired_market_groups,pair:Poto-poto|Mikalou,Kintele,0.0,0.11718833840100161,0.004292613128241817,0.0,54.6,unresolved,unresolved,below,below
Haricot vert,seven_paired_market_groups,pair:Poto-poto|Mikalou,Madibou,0.0,0.0206403147916294,0.01663387587193704,0.0,9.616666666666665,below,below,below,below
Haricot vert,seven_paired_market_groups,pair:Poto-poto|Mikalou,Mikalou,0.0,0.21677696297621177,0.03434090502593454,0.0,101.0,unresolved,unresolved,below,below
Haricot vert,seven_paired_market_groups,pair:Poto-poto|Mikalou,Mokoundzi-ngouaka,0.0,0.0206403147916294,0.004006438919692362,0.0,9.616666666666665,below,below,below,below
Haricot vert,seven_paired_market_groups,pair:Poto-poto|Mikalou,Moungali,0.0,0.058272223215882685,0.02918976927204437,0.0,27.15000000000001,unresolved,below,below,below
Haricot vert,seven_paired_market_groups,pair:Poto-poto|Mikalou,Ouenze,0.0,0.04668216776962976,0.0316580218207834,0.0,21.75,below,below,below,below
Haricot vert,seven_paired_market_groups,pair:Poto-poto|Mikalou,Plateaux des 15 ans,0.0,0.016633875871937043,0.01502414594884636,0.0,7.750000000000001,below,below,below,below
Haricot vert,seven_paired_market_groups,pair:Poto-poto|Mikalou,Poto-poto,0.0,0.21677696297621177,0.18243605795027723,0.0,101.0,unresolved,unresolved,below,below
Haricot vert,seven_paired_market_groups,pair:Poto-poto|Mikalou,Talangai,0.0,0.04668216776962976,0.01502414594884636,0.0,21.75,below,below,below,below
Haricot vert,seven_paired_market_groups,pair:Poto-poto|Mikalou,Texaco,0.0,0.11718833840100161,0.11289572527275979,0.0,54.6,unresolved,unresolved,below,below
Haricot vert,seven_paired_market_groups,pair:Poto-poto|Mikalou,Total,0.0,0.5238061169737078,0.5179037739223753,0.0,244.05000000000004,unresolved,unresolved,unresolved,unresolved
Haricot vert,seven_paired_market_groups,pair:Total|Bifouiti,Bifouiti,0.0,0.5238061169737078,0.005902343051332498,0.0,244.05000000000004,unresolved,unresolved,unresolved,unresolved
Haricot vert,seven_paired_market_groups,pair:Total|Bifouiti,Bourreau,0.0,0.058272223215882685,0.02908245394383831,0.0,27.15000000000001,unresolved,below,below,below
Haricot vert,seven_paired_market_groups,pair:Total|Bifouiti,Commission,0.0,0.016633875871937043,0.0016097299230906814,0.0,7.750000000000001,below,below,below,below
Haricot vert,seven_paired_market_groups,pair:Total|Bifouiti,Kintele,0.0,0.11718833840100161,0.004292613128241817,0.0,54.6,unresolved,unresolved,below,below
Haricot vert,seven_paired_market_groups,pair:Total|Bifouiti,Madibou,0.0,0.0206403147916294,0.01663387587193704,0.0,9.616666666666665,below,below,below,below
Haricot vert,seven_paired_market_groups,pair:Total|Bifouiti,Mikalou,0.0,0.21677696297621177,0.03434090502593454,0.0,101.0,unresolved,unresolved,below,below
Haricot vert,seven_paired_market_groups,pair:Total|Bifouiti,Mokoundzi-ngouaka,0.0,0.0206403147916294,0.004006438919692362,0.0,9.616666666666665,below,below,below,below
Haricot vert,seven_paired_market_groups,pair:Total|Bifouiti,Moungali,0.0,0.058272223215882685,0.02918976927204437,0.0,27.15000000000001,unresolved,below,below,below
Haricot vert,seven_paired_market_groups,pair:Total|Bifouiti,Ouenze,0.0,0.04668216776962976,0.0316580218207834,0.0,21.75,below,below,below,below
Haricot vert,seven_paired_market_groups,pair:Total|Bifouiti,Plateaux des 15 ans,0.0,0.016633875871937043,0.01502414594884636,0.0,7.750000000000001,below,below,below,below
Haricot vert,seven_paired_market_groups,pair:Total|Bifouiti,Poto-poto,0.0,0.21677696297621177,0.18243605795027723,0.0,101.0,unresolved,unresolved,below,below
Haricot vert,seven_paired_market_groups,pair:Total|Bifouiti,Talangai,0.0,0.04668216776962976,0.01502414594884636,0.0,21.75,below,below,below,below
Haricot vert,seven_paired_market_groups,pair:Total|Bifouiti,Texaco,0.0,0.11718833840100161,0.11289572527275979,0.0,54.6,unresolved,unresolved,below,below
Haricot vert,seven_paired_market_groups,pair:Total|Bifouiti,Total,0.0,0.5238061169737078,0.5179037739223753,0.0,244.05000000000004,unresolved,unresolved,unresolved,unresolved
Haricot vert,seven_paired_market_groups,pair:Texaco|Kintele,Bifouiti,0.0,0.5238061169737078,0.005902343051332498,0.0,244.05000000000004,unresolved,unresolved,unresolved,unresolved
Haricot vert,seven_paired_market_groups,pair:Texaco|Kintele,Bourreau,0.0,0.058272223215882685,0.02908245394383831,0.0,27.15000000000001,unresolved,below,below,below
Haricot vert,seven_paired_market_groups,pair:Texaco|Kintele,Commission,0.0,0.016633875871937043,0.0016097299230906814,0.0,7.750000000000001,below,below,below,below
Haricot vert,seven_paired_market_groups,pair:Texaco|Kintele,Kintele,0.0,0.11718833840100161,0.004292613128241817,0.0,54.6,unresolved,unresolved,below,below
Haricot vert,seven_paired_market_groups,pair:Texaco|Kintele,Madibou,0.0,0.0206403147916294,0.01663387587193704,0.0,9.616666666666665,below,below,below,below
Haricot vert,seven_paired_market_groups,pair:Texaco|Kintele,Mikalou,0.0,0.21677696297621177,0.03434090502593454,0.0,101.0,unresolved,unresolved,below,below
Haricot vert,seven_paired_market_groups,pair:Texaco|Kintele,Mokoundzi-ngouaka,0.0,0.0206403147916294,0.004006438919692362,0.0,9.616666666666665,below,below,below,below
Haricot vert,seven_paired_market_groups,pair:Texaco|Kintele,Moungali,0.0,0.058272223215882685,0.02918976927204437,0.0,27.15000000000001,unresolved,below,below,below
Haricot vert,seven_paired_market_groups,pair:Texaco|Kintele,Ouenze,0.0,0.04668216776962976,0.0316580218207834,0.0,21.75,below,below,below,below
Haricot vert,seven_paired_market_groups,pair:Texaco|Kintele,Plateaux des 15 ans,0.0,0.016633875871937043,0.01502414594884636,0.0,7.750000000000001,below,below,below,below
Haricot vert,seven_paired_market_groups,pair:Texaco|Kintele,Poto-poto,0.0,0.21677696297621177,0.18243605795027723,0.0,101.0,unresolved,unresolved,below,below
Haricot vert,seven_paired_market_groups,pair:Texaco|Kintele,Talangai,0.0,0.04668216776962976,0.01502414594884636,0.0,21.75,below,below,below,below
Haricot vert,seven_paired_market_groups,pair:Texaco|Kintele,Texaco,0.0,0.11718833840100161,0.11289572527275979,0.0,54.6,unresolved,unresolved,below,below
Haricot vert,seven_paired_market_groups,pair:Texaco|Kintele,Total,0.0,0.5238061169737078,0.5179037739223753,0.0,244.05000000000004,unresolved,unresolved,unresolved,unresolved
Haricot vert,seven_paired_market_groups,pair:Ouenze|Talangai,Bifouiti,0.0,0.5238061169737078,0.005902343051332498,0.0,244.05000000000004,unresolved,unresolved,unresolved,unresolved
Haricot vert,seven_paired_market_groups,pair:Ouenze|Talangai,Bourreau,0.0,0.058272223215882685,0.02908245394383831,0.0,27.15000000000001,unresolved,below,below,below
Haricot vert,seven_paired_market_groups,pair:Ouenze|Talangai,Commission,0.0,0.016633875871937043,0.0016097299230906814,0.0,7.750000000000001,below,below,below,below
Haricot vert,seven_paired_market_groups,pair:Ouenze|Talangai,Kintele,0.0,0.11718833840100161,0.004292613128241817,0.0,54.6,unresolved,unresolved,below,below
Haricot vert,seven_paired_market_groups,pair:Ouenze|Talangai,Madibou,0.0,0.0206403147916294,0.01663387587193704,0.0,9.616666666666665,below,below,below,below
Haricot vert,seven_paired_market_groups,pair:Ouenze|Talangai,Mikalou,0.0,0.21677696297621177,0.03434090502593454,0.0,101.0,unresolved,unresolved,below,below
Haricot vert,seven_paired_market_groups,pair:Ouenze|Talangai,Mokoundzi-ngouaka,0.0,0.0206403147916294,0.004006438919692362,0.0,9.616666666666665,below,below,below,below
Haricot vert,seven_paired_market_groups,pair:Ouenze|Talangai,Moungali,0.0,0.058272223215882685,0.02918976927204437,0.0,27.15000000000001,unresolved,below,below,below
Haricot vert,seven_paired_market_groups,pair:Ouenze|Talangai,Ouenze,0.0,0.04668216776962976,0.0316580218207834,0.0,21.75,below,below,below,below
Haricot vert,seven_paired_market_groups,pair:Ouenze|Talangai,Plateaux des 15 ans,0.0,0.016633875871937043,0.01502414594884636,0.0,7.750000000000001,below,below,below,below
Haricot vert,seven_paired_market_groups,pair:Ouenze|Talangai,Poto-poto,0.0,0.21677696297621177,0.18243605795027723,0.0,101.0,unresolved,unresolved,below,below
Haricot vert,seven_paired_market_groups,pair:Ouenze|Talangai,Talangai,0.0,0.04668216776962976,0.01502414594884636,0.0,21.75,below,below,below,below
Haricot vert,seven_paired_market_groups,pair:Ouenze|Talangai,Texaco,0.0,0.11718833840100161,0.11289572527275979,0.0,54.6,unresolved,unresolved,below,below
Haricot vert,seven_paired_market_groups,pair:Ouenze|Talangai,Total,0.0,0.5238061169737078,0.5179037739223753,0.0,244.05000000000004,unresolved,unresolved,unresolved,unresolved
Haricot vert,seven_paired_market_groups,pair:Moungali|Bourreau,Bifouiti,0.0,0.5238061169737078,0.005902343051332498,0.0,244.05000000000004,unresolved,unresolved,unresolved,unresolved
Haricot vert,seven_paired_market_groups,pair:Moungali|Bourreau,Bourreau,0.0,0.058272223215882685,0.02908245394383831,0.0,27.15000000000001,unresolved,below,below,below
Haricot vert,seven_paired_market_groups,pair:Moungali|Bourreau,Commission,0.0,0.016633875871937043,0.0016097299230906814,0.0,7.750000000000001,below,below,below,below
Haricot vert,seven_paired_market_groups,pair:Moungali|Bourreau,Kintele,0.0,0.11718833840100161,0.004292613128241817,0.0,54.6,unresolved,unresolved,below,below
Haricot vert,seven_paired_market_groups,pair:Moungali|Bourreau,Madibou,0.0,0.0206403147916294,0.01663387587193704,0.0,9.616666666666665,below,below,below,below
Haricot vert,seven_paired_market_groups,pair:Moungali|Bourreau,Mikalou,0.0,0.21677696297621177,0.03434090502593454,0.0,101.0,unresolved,unresolved,below,below
Haricot vert,seven_paired_market_groups,pair:Moungali|Bourreau,Mokoundzi-ngouaka,0.0,0.0206403147916294,0.004006438919692362,0.0,9.616666666666665,below,below,below,below
Haricot vert,seven_paired_market_groups,pair:Moungali|Bourreau,Moungali,0.0,0.058272223215882685,0.02918976927204437,0.0,27.15000000000001,unresolved,below,below,below
Haricot vert,seven_paired_market_groups,pair:Moungali|Bourreau,Ouenze,0.0,0.04668216776962976,0.0316580218207834,0.0,21.75,below,below,below,below
Haricot vert,seven_paired_market_groups,pair:Moungali|Bourreau,Plateaux des 15 ans,0.0,0.016633875871937043,0.01502414594884636,0.0,7.750000000000001,below,below,below,below
Haricot vert,seven_paired_market_groups,pair:Moungali|Bourreau,Poto-poto,0.0,0.21677696297621177,0.18243605795027723,0.0,101.0,unresolved,unresolved,below,below
Haricot vert,seven_paired_market_groups,pair:Moungali|Bourreau,Talangai,0.0,0.04668216776962976,0.01502414594884636,0.0,21.75,below,below,below,below
Haricot vert,seven_paired_market_groups,pair:Moungali|Bourreau,Texaco,0.0,0.11718833840100161,0.11289572527275979,0.0,54.6,unresolved,unresolved,below,below
Haricot vert,seven_paired_market_groups,pair:Moungali|Bourreau,Total,0.0,0.5238061169737078,0.5179037739223753,0.0,244.05000000000004,unresolved,unresolved,unresolved,unresolved
Haricot vert,seven_paired_market_groups,pair:Mokoundzi-ngouaka|Madibou,Bifouiti,0.0,0.5238061169737078,0.005902343051332498,0.0,244.05000000000004,unresolved,unresolved,unresolved,unresolved
Haricot vert,seven_paired_market_groups,pair:Mokoundzi-ngouaka|Madibou,Bourreau,0.0,0.058272223215882685,0.02908245394383831,0.0,27.15000000000001,unresolved,below,below,below
Haricot vert,seven_paired_market_groups,pair:Mokoundzi-ngouaka|Madibou,Commission,0.0,0.016633875871937043,0.0016097299230906814,0.0,7.750000000000001,below,below,below,below
Haricot vert,seven_paired_market_groups,pair:Mokoundzi-ngouaka|Madibou,Kintele,0.0,0.11718833840100161,0.004292613128241817,0.0,54.6,unresolved,unresolved,below,below
Haricot vert,seven_paired_market_groups,pair:Mokoundzi-ngouaka|Madibou,Madibou,0.0,0.0206403147916294,0.01663387587193704,0.0,9.616666666666665,below,below,below,below
Haricot vert,seven_paired_market_groups,pair:Mokoundzi-ngouaka|Madibou,Mikalou,0.0,0.21677696297621177,0.03434090502593454,0.0,101.0,unresolved,unresolved,below,below
Haricot vert,seven_paired_market_groups,pair:Mokoundzi-ngouaka|Madibou,Mokoundzi-ngouaka,0.0,0.0206403147916294,0.004006438919692362,0.0,9.616666666666665,below,below,below,below
Haricot vert,seven_paired_market_groups,pair:Mokoundzi-ngouaka|Madibou,Moungali,0.0,0.058272223215882685,0.02918976927204437,0.0,27.15000000000001,unresolved,below,below,below
Haricot vert,seven_paired_market_groups,pair:Mokoundzi-ngouaka|Madibou,Ouenze,0.0,0.04668216776962976,0.0316580218207834,0.0,21.75,below,below,below,below
Haricot vert,seven_paired_market_groups,pair:Mokoundzi-ngouaka|Madibou,Plateaux des 15 ans,0.0,0.016633875871937043,0.01502414594884636,0.0,7.750000000000001,below,below,below,below
Haricot vert,seven_paired_market_groups,pair:Mokoundzi-ngouaka|Madibou,Poto-poto,0.0,0.21677696297621177,0.18243605795027723,0.0,101.0,unresolved,unresolved,below,below
Haricot vert,seven_paired_market_groups,pair:Mokoundzi-ngouaka|Madibou,Talangai,0.0,0.04668216776962976,0.01502414594884636,0.0,21.75,below,below,below,below
Haricot vert,seven_paired_market_groups,pair:Mokoundzi-ngouaka|Madibou,Texaco,0.0,0.11718833840100161,0.11289572527275979,0.0,54.6,unresolved,unresolved,below,below
Haricot vert,seven_paired_market_groups,pair:Mokoundzi-ngouaka|Madibou,Total,0.0,0.5238061169737078,0.5179037739223753,0.0,244.05000000000004,unresolved,unresolved,unresolved,unresolved
Haricot vert,seven_paired_market_groups,pair:Plateaux des 15 ans|Commission,Bifouiti,0.0,0.5238061169737078,0.005902343051332498,0.0,244.05000000000004,unresolved,unresolved,unresolved,unresolved
Haricot vert,seven_paired_market_groups,pair:Plateaux des 15 ans|Commission,Bourreau,0.0,0.058272223215882685,0.02908245394383831,0.0,27.15000000000001,unresolved,below,below,below
Haricot vert,seven_paired_market_groups,pair:Plateaux des 15 ans|Commission,Commission,0.0,0.016633875871937043,0.0016097299230906814,0.0,7.750000000000001,below,below,below,below
Haricot vert,seven_paired_market_groups,pair:Plateaux des 15 ans|Commission,Kintele,0.0,0.11718833840100161,0.004292613128241817,0.0,54.6,unresolved,unresolved,below,below
Haricot vert,seven_paired_market_groups,pair:Plateaux des 15 ans|Commission,Madibou,0.0,0.0206403147916294,0.01663387587193704,0.0,9.616666666666665,below,below,below,below
Haricot vert,seven_paired_market_groups,pair:Plateaux des 15 ans|Commission,Mikalou,0.0,0.21677696297621177,0.03434090502593454,0.0,101.0,unresolved,unresolved,below,below
Haricot vert,seven_paired_market_groups,pair:Plateaux des 15 ans|Commission,Mokoundzi-ngouaka,0.0,0.0206403147916294,0.004006438919692362,0.0,9.616666666666665,below,below,below,below
Haricot vert,seven_paired_market_groups,pair:Plateaux des 15 ans|Commission,Moungali,0.0,0.058272223215882685,0.02918976927204437,0.0,27.15000000000001,unresolved,below,below,below
Haricot vert,seven_paired_market_groups,pair:Plateaux des 15 ans|Commission,Ouenze,0.0,0.04668216776962976,0.0316580218207834,0.0,21.75,below,below,below,below
Haricot vert,seven_paired_market_groups,pair:Plateaux des 15 ans|Commission,Plateaux des 15 ans,0.0,0.016633875871937043,0.01502414594884636,0.0,7.750000000000001,below,below,below,below
Haricot vert,seven_paired_market_groups,pair:Plateaux des 15 ans|Commission,Poto-poto,0.0,0.21677696297621177,0.18243605795027723,0.0,101.0,unresolved,unresolved,below,below
Haricot vert,seven_paired_market_groups,pair:Plateaux des 15 ans|Commission,Talangai,0.0,0.04668216776962976,0.01502414594884636,0.0,21.75,below,below,below,below
Haricot vert,seven_paired_market_groups,pair:Plateaux des 15 ans|Commission,Texaco,0.0,0.11718833840100161,0.11289572527275979,0.0,54.6,unresolved,unresolved,below,below
Haricot vert,seven_paired_market_groups,pair:Plateaux des 15 ans|Commission,Total,0.0,0.5238061169737078,0.5179037739223753,0.0,244.05000000000004,unresolved,unresolved,unresolved,unresolved
Laitue,seven_individual_markets,none,Bifouiti,0.0,0.1850718874273478,0.013589194531378685,0.0,143.0,unresolved,unresolved,below,below
Laitue,seven_individual_markets,none,Bourreau,0.0,0.1850718874273478,0.03520248488128574,0.0,143.0,unresolved,unresolved,below,below
Laitue,seven_individual_markets,none,Commission,0.0,0.1850718874273478,0.012294985528390237,0.0,143.0,unresolved,unresolved,below,below
Laitue,seven_individual_markets,none,Kintele,0.0,0.1850718874273478,0.0010353672023907569,0.0,143.0,unresolved,unresolved,below,below
Laitue,seven_individual_markets,none,Madibou,0.03529660917241216,0.03529660917241216,0.03529660917241216,27.272727272727266,27.272727272727266,below,below,below,below
Laitue,seven_individual_markets,none,Mikalou,0.0,0.1850718874273478,0.05086241381744594,0.0,143.0,unresolved,unresolved,below,below
Laitue,seven_individual_markets,none,Mokoundzi-ngouaka,0.0,0.1850718874273478,0.053968515424618196,0.0,143.0,unresolved,unresolved,below,below
Laitue,seven_individual_markets,none,Moungali,0.019995529096171492,0.019995529096171492,0.019995529096171492,15.45,15.45,below,below,below,below
Laitue,seven_individual_markets,none,Ouenze,0.03416711767889498,0.03416711767889498,0.03416711767889498,26.400000000000002,26.400000000000002,below,below,below,below
Laitue,seven_individual_markets,none,Plateaux des 15 ans,0.0,0.1850718874273478,0.018118926041838245,0.0,143.0,unresolved,unresolved,below,below
Laitue,seven_individual_markets,none,Poto-poto,0.2117325928889098,0.2117325928889098,0.2117325928889098,163.60000000000002,163.60000000000002,above,above,below,below
Laitue,seven_individual_markets,none,Talangai,0.019413135044826692,0.019413135044826692,0.019413135044826692,15.0,15.0,below,below,below,below
Laitue,seven_individual_markets,none,Texaco,0.002847259806574582,0.002847259806574582,0.002847259806574582,2.2,2.2,below,below,below,below
Laitue,seven_individual_markets,none,Total,0.49147586888486244,0.49147586888486244,0.49147586888486244,379.75,379.75,above,above,above,below
Laitue,seven_individual_markets,market:Total,Bifouiti,0.0,0.6765477563122102,0.013589194531378685,0.0,522.75,unresolved,unresolved,unresolved,unresolved
Laitue,seven_individual_markets,market:Total,Bourreau,0.0,0.6765477563122102,0.03520248488128574,0.0,522.75,unresolved,unresolved,unresolved,unresolved
Laitue,seven_individual_markets,market:Total,Commission,0.0,0.6765477563122102,0.012294985528390237,0.0,522.75,unresolved,unresolved,unresolved,unresolved
Laitue,seven_individual_markets,market:Total,Kintele,0.0,0.6765477563122102,0.0010353672023907569,0.0,522.75,unresolved,unresolved,unresolved,unresolved
Laitue,seven_individual_markets,market:Total,Madibou,0.03529660917241216,0.03529660917241216,0.03529660917241216,27.272727272727266,27.272727272727266,below,below,below,below
Laitue,seven_individual_markets,market:Total,Mikalou,0.0,0.6765477563122102,0.05086241381744594,0.0,522.75,unresolved,unresolved,unresolved,unresolved
Laitue,seven_individual_markets,market:Total,Mokoundzi-ngouaka,0.0,0.6765477563122102,0.053968515424618196,0.0,522.75,unresolved,unresolved,unresolved,unresolved
Laitue,seven_individual_markets,market:Total,Moungali,0.019995529096171492,0.019995529096171492,0.019995529096171492,15.45,15.45,below,below,below,below
Laitue,seven_individual_markets,market:Total,Ouenze,0.03416711767889498,0.03416711767889498,0.03416711767889498,26.400000000000002,26.400000000000002,below,below,below,below
Laitue,seven_individual_markets,market:Total,Plateaux des 15 ans,0.0,0.6765477563122102,0.018118926041838245,0.0,522.75,unresolved,unresolved,unresolved,unresolved
Laitue,seven_individual_markets,market:Total,Poto-poto,0.2117325928889098,0.2117325928889098,0.2117325928889098,163.60000000000002,163.60000000000002,above,above,below,below
Laitue,seven_individual_markets,market:Total,Talangai,0.019413135044826692,0.019413135044826692,0.019413135044826692,15.0,15.0,below,below,below,below
Laitue,seven_individual_markets,market:Total,Texaco,0.002847259806574582,0.002847259806574582,0.002847259806574582,2.2,2.2,below,below,below,below
Laitue,seven_individual_markets,market:Total,Total,0.0,0.6765477563122102,0.49147586888486244,0.0,522.75,unresolved,unresolved,unresolved,unresolved
Laitue,seven_individual_markets,market:Poto-poto,Bifouiti,0.0,0.3968044803162576,0.013589194531378685,0.0,306.6,unresolved,unresolved,unresolved,below
Laitue,seven_individual_markets,market:Poto-poto,Bourreau,0.0,0.3968044803162576,0.03520248488128574,0.0,306.6,unresolved,unresolved,unresolved,below
Laitue,seven_individual_markets,market:Poto-poto,Commission,0.0,0.3968044803162576,0.012294985528390237,0.0,306.6,unresolved,unresolved,unresolved,below
Laitue,seven_individual_markets,market:Poto-poto,Kintele,0.0,0.3968044803162576,0.0010353672023907569,0.0,306.6,unresolved,unresolved,unresolved,below
Laitue,seven_individual_markets,market:Poto-poto,Madibou,0.03529660917241216,0.03529660917241216,0.03529660917241216,27.272727272727266,27.272727272727266,below,below,below,below
Laitue,seven_individual_markets,market:Poto-poto,Mikalou,0.0,0.3968044803162576,0.05086241381744594,0.0,306.6,unresolved,unresolved,unresolved,below
Laitue,seven_individual_markets,market:Poto-poto,Mokoundzi-ngouaka,0.0,0.3968044803162576,0.053968515424618196,0.0,306.6,unresolved,unresolved,unresolved,below
Laitue,seven_individual_markets,market:Poto-poto,Moungali,0.019995529096171492,0.019995529096171492,0.019995529096171492,15.45,15.45,below,below,below,below
Laitue,seven_individual_markets,market:Poto-poto,Ouenze,0.03416711767889498,0.03416711767889498,0.03416711767889498,26.400000000000002,26.400000000000002,below,below,below,below
Laitue,seven_individual_markets,market:Poto-poto,Plateaux des 15 ans,0.0,0.3968044803162576,0.018118926041838245,0.0,306.6,unresolved,unresolved,unresolved,below
Laitue,seven_individual_markets,market:Poto-poto,Poto-poto,0.0,0.3968044803162576,0.2117325928889098,0.0,306.6,unresolved,unresolved,unresolved,below
Laitue,seven_individual_markets,market:Poto-poto,Talangai,0.019413135044826692,0.019413135044826692,0.019413135044826692,15.0,15.0,below,below,below,below
Laitue,seven_individual_markets,market:Poto-poto,Texaco,0.002847259806574582,0.002847259806574582,0.002847259806574582,2.2,2.2,below,below,below,below
Laitue,seven_individual_markets,market:Poto-poto,Total,0.49147586888486244,0.49147586888486244,0.49147586888486244,379.75,379.75,above,above,above,below
Laitue,seven_individual_markets,market:Ouenze,Bifouiti,0.0,0.21923900510624278,0.013589194531378685,0.0,169.4,unresolved,unresolved,below,below
Laitue,seven_individual_markets,market:Ouenze,Bourreau,0.0,0.21923900510624278,0.03520248488128574,0.0,169.4,unresolved,unresolved,below,below
Laitue,seven_individual_markets,market:Ouenze,Commission,0.0,0.21923900510624278,0.012294985528390237,0.0,169.4,unresolved,unresolved,below,below
Laitue,seven_individual_markets,market:Ouenze,Kintele,0.0,0.21923900510624278,0.0010353672023907569,0.0,169.4,unresolved,unresolved,below,below
Laitue,seven_individual_markets,market:Ouenze,Madibou,0.03529660917241216,0.03529660917241216,0.03529660917241216,27.272727272727266,27.272727272727266,below,below,below,below
Laitue,seven_individual_markets,market:Ouenze,Mikalou,0.0,0.21923900510624278,0.05086241381744594,0.0,169.4,unresolved,unresolved,below,below
Laitue,seven_individual_markets,market:Ouenze,Mokoundzi-ngouaka,0.0,0.21923900510624278,0.053968515424618196,0.0,169.4,unresolved,unresolved,below,below
Laitue,seven_individual_markets,market:Ouenze,Moungali,0.019995529096171492,0.019995529096171492,0.019995529096171492,15.45,15.45,below,below,below,below
Laitue,seven_individual_markets,market:Ouenze,Ouenze,0.0,0.21923900510624278,0.03416711767889498,0.0,169.4,unresolved,unresolved,below,below
Laitue,seven_individual_markets,market:Ouenze,Plateaux des 15 ans,0.0,0.21923900510624278,0.018118926041838245,0.0,169.4,unresolved,unresolved,below,below
Laitue,seven_individual_markets,market:Ouenze,Poto-poto,0.2117325928889098,0.2117325928889098,0.2117325928889098,163.60000000000002,163.60000000000002,above,above,below,below
Laitue,seven_individual_markets,market:Ouenze,Talangai,0.019413135044826692,0.019413135044826692,0.019413135044826692,15.0,15.0,below,below,below,below
Laitue,seven_individual_markets,market:Ouenze,Texaco,0.002847259806574582,0.002847259806574582,0.002847259806574582,2.2,2.2,below,below,below,below
Laitue,seven_individual_markets,market:Ouenze,Total,0.49147586888486244,0.49147586888486244,0.49147586888486244,379.75,379.75,above,above,above,below
Laitue,seven_individual_markets,market:Texaco,Bifouiti,0.0,0.18791914723392236,0.013589194531378685,0.0,145.2,unresolved,unresolved,below,below
Laitue,seven_individual_markets,market:Texaco,Bourreau,0.0,0.18791914723392236,0.03520248488128574,0.0,145.2,unresolved,unresolved,below,below
Laitue,seven_individual_markets,market:Texaco,Commission,0.0,0.18791914723392236,0.012294985528390237,0.0,145.2,unresolved,unresolved,below,below
Laitue,seven_individual_markets,market:Texaco,Kintele,0.0,0.18791914723392236,0.0010353672023907569,0.0,145.2,unresolved,unresolved,below,below
Laitue,seven_individual_markets,market:Texaco,Madibou,0.03529660917241216,0.03529660917241216,0.03529660917241216,27.272727272727266,27.272727272727266,below,below,below,below
Laitue,seven_individual_markets,market:Texaco,Mikalou,0.0,0.18791914723392236,0.05086241381744594,0.0,145.2,unresolved,unresolved,below,below
Laitue,seven_individual_markets,market:Texaco,Mokoundzi-ngouaka,0.0,0.18791914723392236,0.053968515424618196,0.0,145.2,unresolved,unresolved,below,below
Laitue,seven_individual_markets,market:Texaco,Moungali,0.019995529096171492,0.019995529096171492,0.019995529096171492,15.45,15.45,below,below,below,below
Laitue,seven_individual_markets,market:Texaco,Ouenze,0.03416711767889498,0.03416711767889498,0.03416711767889498,26.400000000000002,26.400000000000002,below,below,below,below
Laitue,seven_individual_markets,market:Texaco,Plateaux des 15 ans,0.0,0.18791914723392236,0.018118926041838245,0.0,145.2,unresolved,unresolved,below,below
Laitue,seven_individual_markets,market:Texaco,Poto-poto,0.2117325928889098,0.2117325928889098,0.2117325928889098,163.60000000000002,163.60000000000002,above,above,below,below
Laitue,seven_individual_markets,market:Texaco,Talangai,0.019413135044826692,0.019413135044826692,0.019413135044826692,15.0,15.0,below,below,below,below
Laitue,seven_individual_markets,market:Texaco,Texaco,0.0,0.18791914723392236,0.002847259806574582,0.0,145.2,unresolved,unresolved,below,below
Laitue,seven_individual_markets,market:Texaco,Total,0.49147586888486244,0.49147586888486244,0.49147586888486244,379.75,379.75,above,above,above,below
Laitue,seven_individual_markets,market:Moungali,Bifouiti,0.0,0.20506741652351929,0.013589194531378685,0.0,158.45,unresolved,unresolved,below,below
Laitue,seven_individual_markets,market:Moungali,Bourreau,0.0,0.20506741652351929,0.03520248488128574,0.0,158.45,unresolved,unresolved,below,below
Laitue,seven_individual_markets,market:Moungali,Commission,0.0,0.20506741652351929,0.012294985528390237,0.0,158.45,unresolved,unresolved,below,below
Laitue,seven_individual_markets,market:Moungali,Kintele,0.0,0.20506741652351929,0.0010353672023907569,0.0,158.45,unresolved,unresolved,below,below
Laitue,seven_individual_markets,market:Moungali,Madibou,0.03529660917241216,0.03529660917241216,0.03529660917241216,27.272727272727266,27.272727272727266,below,below,below,below
Laitue,seven_individual_markets,market:Moungali,Mikalou,0.0,0.20506741652351929,0.05086241381744594,0.0,158.45,unresolved,unresolved,below,below
Laitue,seven_individual_markets,market:Moungali,Mokoundzi-ngouaka,0.0,0.20506741652351929,0.053968515424618196,0.0,158.45,unresolved,unresolved,below,below
Laitue,seven_individual_markets,market:Moungali,Moungali,0.0,0.20506741652351929,0.019995529096171492,0.0,158.45,unresolved,unresolved,below,below
Laitue,seven_individual_markets,market:Moungali,Ouenze,0.03416711767889498,0.03416711767889498,0.03416711767889498,26.400000000000002,26.400000000000002,below,below,below,below
Laitue,seven_individual_markets,market:Moungali,Plateaux des 15 ans,0.0,0.20506741652351929,0.018118926041838245,0.0,158.45,unresolved,unresolved,below,below
Laitue,seven_individual_markets,market:Moungali,Poto-poto,0.2117325928889098,0.2117325928889098,0.2117325928889098,163.60000000000002,163.60000000000002,above,above,below,below
Laitue,seven_individual_markets,market:Moungali,Talangai,0.019413135044826692,0.019413135044826692,0.019413135044826692,15.0,15.0,below,below,below,below
Laitue,seven_individual_markets,market:Moungali,Texaco,0.002847259806574582,0.002847259806574582,0.002847259806574582,2.2,2.2,below,below,below,below
Laitue,seven_individual_markets,market:Moungali,Total,0.49147586888486244,0.49147586888486244,0.49147586888486244,379.75,379.75,above,above,above,below
Laitue,seven_individual_markets,market:Talangai,Bifouiti,0.0,0.20448502247217448,0.013589194531378685,0.0,158.0,unresolved,unresolved,below,below
Laitue,seven_individual_markets,market:Talangai,Bourreau,0.0,0.20448502247217448,0.03520248488128574,0.0,158.0,unresolved,unresolved,below,below
Laitue,seven_individual_markets,market:Talangai,Commission,0.0,0.20448502247217448,0.012294985528390237,0.0,158.0,unresolved,unresolved,below,below
Laitue,seven_individual_markets,market:Talangai,Kintele,0.0,0.20448502247217448,0.0010353672023907569,0.0,158.0,unresolved,unresolved,below,below
Laitue,seven_individual_markets,market:Talangai,Madibou,0.03529660917241216,0.03529660917241216,0.03529660917241216,27.272727272727266,27.272727272727266,below,below,below,below
Laitue,seven_individual_markets,market:Talangai,Mikalou,0.0,0.20448502247217448,0.05086241381744594,0.0,158.0,unresolved,unresolved,below,below
Laitue,seven_individual_markets,market:Talangai,Mokoundzi-ngouaka,0.0,0.20448502247217448,0.053968515424618196,0.0,158.0,unresolved,unresolved,below,below
Laitue,seven_individual_markets,market:Talangai,Moungali,0.019995529096171492,0.019995529096171492,0.019995529096171492,15.45,15.45,below,below,below,below
Laitue,seven_individual_markets,market:Talangai,Ouenze,0.03416711767889498,0.03416711767889498,0.03416711767889498,26.400000000000002,26.400000000000002,below,below,below,below
Laitue,seven_individual_markets,market:Talangai,Plateaux des 15 ans,0.0,0.20448502247217448,0.018118926041838245,0.0,158.0,unresolved,unresolved,below,below
Laitue,seven_individual_markets,market:Talangai,Poto-poto,0.2117325928889098,0.2117325928889098,0.2117325928889098,163.60000000000002,163.60000000000002,above,above,below,below
Laitue,seven_individual_markets,market:Talangai,Talangai,0.0,0.20448502247217448,0.019413135044826692,0.0,158.0,unresolved,unresolved,below,below
Laitue,seven_individual_markets,market:Talangai,Texaco,0.002847259806574582,0.002847259806574582,0.002847259806574582,2.2,2.2,below,below,below,below
Laitue,seven_individual_markets,market:Talangai,Total,0.49147586888486244,0.49147586888486244,0.49147586888486244,379.75,379.75,above,above,above,below
Laitue,seven_individual_markets,market:Madibou,Bifouiti,0.0,0.22036849659975996,0.013589194531378685,0.0,170.27272727272728,unresolved,unresolved,below,below
Laitue,seven_individual_markets,market:Madibou,Bourreau,0.0,0.22036849659975996,0.03520248488128574,0.0,170.27272727272728,unresolved,unresolved,below,below
Laitue,seven_individual_markets,market:Madibou,Commission,0.0,0.22036849659975996,0.012294985528390237,0.0,170.27272727272728,unresolved,unresolved,below,below
Laitue,seven_individual_markets,market:Madibou,Kintele,0.0,0.22036849659975996,0.0010353672023907569,0.0,170.27272727272728,unresolved,unresolved,below,below
Laitue,seven_individual_markets,market:Madibou,Madibou,0.0,0.22036849659975996,0.03529660917241216,0.0,170.27272727272728,unresolved,unresolved,below,below
Laitue,seven_individual_markets,market:Madibou,Mikalou,0.0,0.22036849659975996,0.05086241381744594,0.0,170.27272727272728,unresolved,unresolved,below,below
Laitue,seven_individual_markets,market:Madibou,Mokoundzi-ngouaka,0.0,0.22036849659975996,0.053968515424618196,0.0,170.27272727272728,unresolved,unresolved,below,below
Laitue,seven_individual_markets,market:Madibou,Moungali,0.019995529096171492,0.019995529096171492,0.019995529096171492,15.45,15.45,below,below,below,below
Laitue,seven_individual_markets,market:Madibou,Ouenze,0.03416711767889498,0.03416711767889498,0.03416711767889498,26.400000000000002,26.400000000000002,below,below,below,below
Laitue,seven_individual_markets,market:Madibou,Plateaux des 15 ans,0.0,0.22036849659975996,0.018118926041838245,0.0,170.27272727272728,unresolved,unresolved,below,below
Laitue,seven_individual_markets,market:Madibou,Poto-poto,0.2117325928889098,0.2117325928889098,0.2117325928889098,163.60000000000002,163.60000000000002,above,above,below,below
Laitue,seven_individual_markets,market:Madibou,Talangai,0.019413135044826692,0.019413135044826692,0.019413135044826692,15.0,15.0,below,below,below,below
Laitue,seven_individual_markets,market:Madibou,Texaco,0.002847259806574582,0.002847259806574582,0.002847259806574582,2.2,2.2,below,below,below,below
Laitue,seven_individual_markets,market:Madibou,Total,0.49147586888486244,0.49147586888486244,0.49147586888486244,379.75,379.75,above,above,above,below
Laitue,seven_paired_market_groups,none,Bifouiti,0.0,0.5050650634162411,0.013589194531378685,0.0,390.25,unresolved,unresolved,unresolved,unresolved
Laitue,seven_paired_market_groups,none,Bourreau,0.0,0.05461561992611243,0.03520248488128574,0.0,42.2,unresolved,below,below,below
Laitue,seven_paired_market_groups,none,Commission,0.0,0.22402757841730003,0.012294985528390237,0.0,173.1,unresolved,unresolved,below,below
Laitue,seven_paired_market_groups,none,Kintele,0.0,0.03520248488128574,0.0010353672023907569,0.0,27.200000000000003,below,below,below,below
Laitue,seven_paired_market_groups,none,Madibou,0.0,0.08926512459703036,0.03529660917241216,0.0,68.97272727272727,unresolved,below,below,below
Laitue,seven_paired_market_groups,none,Mikalou,0.0,0.07085794291361744,0.05086241381744594,0.0,54.75000000000001,unresolved,below,below,below
Laitue,seven_paired_market_groups,none,Mokoundzi-ngouaka,0.0,0.08926512459703036,0.053968515424618196,0.0,68.97272727272727,unresolved,below,below,below
Laitue,seven_paired_market_groups,none,Moungali,0.0,0.07085794291361744,0.019995529096171492,0.0,54.75000000000001,unresolved,below,below,below
Laitue,seven_paired_market_groups,none,Ouenze,0.0,0.03520248488128574,0.03416711767889498,0.0,27.200000000000003,below,below,below,below
Laitue,seven_paired_market_groups,none,Plateaux des 15 ans,0.0,0.020966185848412828,0.018118926041838245,0.0,16.2,below,below,below,below
Laitue,seven_paired_market_groups,none,Poto-poto,0.0,0.22402757841730003,0.2117325928889098,0.0,173.1,unresolved,unresolved,below,below
Laitue,seven_paired_market_groups,none,Talangai,0.0,0.05461561992611243,0.019413135044826692,0.0,42.2,unresolved,below,below,below
Laitue,seven_paired_market_groups,none,Texaco,0.0,0.020966185848412828,0.002847259806574582,0.0,16.2,below,below,below,below
Laitue,seven_paired_market_groups,none,Total,0.0,0.5050650634162411,0.49147586888486244,0.0,390.25,unresolved,unresolved,unresolved,unresolved
Laitue,seven_paired_market_groups,pair:Total|Bifouiti,Bifouiti,0.0,0.5050650634162411,0.013589194531378685,0.0,390.25,unresolved,unresolved,unresolved,unresolved
Laitue,seven_paired_market_groups,pair:Total|Bifouiti,Bourreau,0.0,0.05461561992611243,0.03520248488128574,0.0,42.2,unresolved,below,below,below
Laitue,seven_paired_market_groups,pair:Total|Bifouiti,Commission,0.0,0.22402757841730003,0.012294985528390237,0.0,173.1,unresolved,unresolved,below,below
Laitue,seven_paired_market_groups,pair:Total|Bifouiti,Kintele,0.0,0.03520248488128574,0.0010353672023907569,0.0,27.200000000000003,below,below,below,below
Laitue,seven_paired_market_groups,pair:Total|Bifouiti,Madibou,0.0,0.08926512459703036,0.03529660917241216,0.0,68.97272727272727,unresolved,below,below,below
Laitue,seven_paired_market_groups,pair:Total|Bifouiti,Mikalou,0.0,0.07085794291361744,0.05086241381744594,0.0,54.75000000000001,unresolved,below,below,below
Laitue,seven_paired_market_groups,pair:Total|Bifouiti,Mokoundzi-ngouaka,0.0,0.08926512459703036,0.053968515424618196,0.0,68.97272727272727,unresolved,below,below,below
Laitue,seven_paired_market_groups,pair:Total|Bifouiti,Moungali,0.0,0.07085794291361744,0.019995529096171492,0.0,54.75000000000001,unresolved,below,below,below
Laitue,seven_paired_market_groups,pair:Total|Bifouiti,Ouenze,0.0,0.03520248488128574,0.03416711767889498,0.0,27.200000000000003,below,below,below,below
Laitue,seven_paired_market_groups,pair:Total|Bifouiti,Plateaux des 15 ans,0.0,0.020966185848412828,0.018118926041838245,0.0,16.2,below,below,below,below
Laitue,seven_paired_market_groups,pair:Total|Bifouiti,Poto-poto,0.0,0.22402757841730003,0.2117325928889098,0.0,173.1,unresolved,unresolved,below,below
Laitue,seven_paired_market_groups,pair:Total|Bifouiti,Talangai,0.0,0.05461561992611243,0.019413135044826692,0.0,42.2,unresolved,below,below,below
Laitue,seven_paired_market_groups,pair:Total|Bifouiti,Texaco,0.0,0.020966185848412828,0.002847259806574582,0.0,16.2,below,below,below,below
Laitue,seven_paired_market_groups,pair:Total|Bifouiti,Total,0.0,0.5050650634162411,0.49147586888486244,0.0,390.25,unresolved,unresolved,unresolved,unresolved
Laitue,seven_paired_market_groups,pair:Poto-poto|Commission,Bifouiti,0.0,0.5050650634162411,0.013589194531378685,0.0,390.25,unresolved,unresolved,unresolved,unresolved
Laitue,seven_paired_market_groups,pair:Poto-poto|Commission,Bourreau,0.0,0.05461561992611243,0.03520248488128574,0.0,42.2,unresolved,below,below,below
Laitue,seven_paired_market_groups,pair:Poto-poto|Commission,Commission,0.0,0.22402757841730003,0.012294985528390237,0.0,173.1,unresolved,unresolved,below,below
Laitue,seven_paired_market_groups,pair:Poto-poto|Commission,Kintele,0.0,0.03520248488128574,0.0010353672023907569,0.0,27.200000000000003,below,below,below,below
Laitue,seven_paired_market_groups,pair:Poto-poto|Commission,Madibou,0.0,0.08926512459703036,0.03529660917241216,0.0,68.97272727272727,unresolved,below,below,below
Laitue,seven_paired_market_groups,pair:Poto-poto|Commission,Mikalou,0.0,0.07085794291361744,0.05086241381744594,0.0,54.75000000000001,unresolved,below,below,below
Laitue,seven_paired_market_groups,pair:Poto-poto|Commission,Mokoundzi-ngouaka,0.0,0.08926512459703036,0.053968515424618196,0.0,68.97272727272727,unresolved,below,below,below
Laitue,seven_paired_market_groups,pair:Poto-poto|Commission,Moungali,0.0,0.07085794291361744,0.019995529096171492,0.0,54.75000000000001,unresolved,below,below,below
Laitue,seven_paired_market_groups,pair:Poto-poto|Commission,Ouenze,0.0,0.03520248488128574,0.03416711767889498,0.0,27.200000000000003,below,below,below,below
Laitue,seven_paired_market_groups,pair:Poto-poto|Commission,Plateaux des 15 ans,0.0,0.020966185848412828,0.018118926041838245,0.0,16.2,below,below,below,below
Laitue,seven_paired_market_groups,pair:Poto-poto|Commission,Poto-poto,0.0,0.22402757841730003,0.2117325928889098,0.0,173.1,unresolved,unresolved,below,below
Laitue,seven_paired_market_groups,pair:Poto-poto|Commission,Talangai,0.0,0.05461561992611243,0.019413135044826692,0.0,42.2,unresolved,below,below,below
Laitue,seven_paired_market_groups,pair:Poto-poto|Commission,Texaco,0.0,0.020966185848412828,0.002847259806574582,0.0,16.2,below,below,below,below
Laitue,seven_paired_market_groups,pair:Poto-poto|Commission,Total,0.0,0.5050650634162411,0.49147586888486244,0.0,390.25,unresolved,unresolved,unresolved,unresolved
Laitue,seven_paired_market_groups,pair:Ouenze|Kintele,Bifouiti,0.0,0.5050650634162411,0.013589194531378685,0.0,390.25,unresolved,unresolved,unresolved,unresolved
Laitue,seven_paired_market_groups,pair:Ouenze|Kintele,Bourreau,0.0,0.05461561992611243,0.03520248488128574,0.0,42.2,unresolved,below,below,below
Laitue,seven_paired_market_groups,pair:Ouenze|Kintele,Commission,0.0,0.22402757841730003,0.012294985528390237,0.0,173.1,unresolved,unresolved,below,below
Laitue,seven_paired_market_groups,pair:Ouenze|Kintele,Kintele,0.0,0.03520248488128574,0.0010353672023907569,0.0,27.200000000000003,below,below,below,below
Laitue,seven_paired_market_groups,pair:Ouenze|Kintele,Madibou,0.0,0.08926512459703036,0.03529660917241216,0.0,68.97272727272727,unresolved,below,below,below
Laitue,seven_paired_market_groups,pair:Ouenze|Kintele,Mikalou,0.0,0.07085794291361744,0.05086241381744594,0.0,54.75000000000001,unresolved,below,below,below
Laitue,seven_paired_market_groups,pair:Ouenze|Kintele,Mokoundzi-ngouaka,0.0,0.08926512459703036,0.053968515424618196,0.0,68.97272727272727,unresolved,below,below,below
Laitue,seven_paired_market_groups,pair:Ouenze|Kintele,Moungali,0.0,0.07085794291361744,0.019995529096171492,0.0,54.75000000000001,unresolved,below,below,below
Laitue,seven_paired_market_groups,pair:Ouenze|Kintele,Ouenze,0.0,0.03520248488128574,0.03416711767889498,0.0,27.200000000000003,below,below,below,below
Laitue,seven_paired_market_groups,pair:Ouenze|Kintele,Plateaux des 15 ans,0.0,0.020966185848412828,0.018118926041838245,0.0,16.2,below,below,below,below
Laitue,seven_paired_market_groups,pair:Ouenze|Kintele,Poto-poto,0.0,0.22402757841730003,0.2117325928889098,0.0,173.1,unresolved,unresolved,below,below
Laitue,seven_paired_market_groups,pair:Ouenze|Kintele,Talangai,0.0,0.05461561992611243,0.019413135044826692,0.0,42.2,unresolved,below,below,below
Laitue,seven_paired_market_groups,pair:Ouenze|Kintele,Texaco,0.0,0.020966185848412828,0.002847259806574582,0.0,16.2,below,below,below,below
Laitue,seven_paired_market_groups,pair:Ouenze|Kintele,Total,0.0,0.5050650634162411,0.49147586888486244,0.0,390.25,unresolved,unresolved,unresolved,unresolved
Laitue,seven_paired_market_groups,pair:Texaco|Plateaux des 15 ans,Bifouiti,0.0,0.5050650634162411,0.013589194531378685,0.0,390.25,unresolved,unresolved,unresolved,unresolved
Laitue,seven_paired_market_groups,pair:Texaco|Plateaux des 15 ans,Bourreau,0.0,0.05461561992611243,0.03520248488128574,0.0,42.2,unresolved,below,below,below
Laitue,seven_paired_market_groups,pair:Texaco|Plateaux des 15 ans,Commission,0.0,0.22402757841730003,0.012294985528390237,0.0,173.1,unresolved,unresolved,below,below
Laitue,seven_paired_market_groups,pair:Texaco|Plateaux des 15 ans,Kintele,0.0,0.03520248488128574,0.0010353672023907569,0.0,27.200000000000003,below,below,below,below
Laitue,seven_paired_market_groups,pair:Texaco|Plateaux des 15 ans,Madibou,0.0,0.08926512459703036,0.03529660917241216,0.0,68.97272727272727,unresolved,below,below,below
Laitue,seven_paired_market_groups,pair:Texaco|Plateaux des 15 ans,Mikalou,0.0,0.07085794291361744,0.05086241381744594,0.0,54.75000000000001,unresolved,below,below,below
Laitue,seven_paired_market_groups,pair:Texaco|Plateaux des 15 ans,Mokoundzi-ngouaka,0.0,0.08926512459703036,0.053968515424618196,0.0,68.97272727272727,unresolved,below,below,below
Laitue,seven_paired_market_groups,pair:Texaco|Plateaux des 15 ans,Moungali,0.0,0.07085794291361744,0.019995529096171492,0.0,54.75000000000001,unresolved,below,below,below
Laitue,seven_paired_market_groups,pair:Texaco|Plateaux des 15 ans,Ouenze,0.0,0.03520248488128574,0.03416711767889498,0.0,27.200000000000003,below,below,below,below
Laitue,seven_paired_market_groups,pair:Texaco|Plateaux des 15 ans,Plateaux des 15 ans,0.0,0.020966185848412828,0.018118926041838245,0.0,16.2,below,below,below,below
Laitue,seven_paired_market_groups,pair:Texaco|Plateaux des 15 ans,Poto-poto,0.0,0.22402757841730003,0.2117325928889098,0.0,173.1,unresolved,unresolved,below,below
Laitue,seven_paired_market_groups,pair:Texaco|Plateaux des 15 ans,Talangai,0.0,0.05461561992611243,0.019413135044826692,0.0,42.2,unresolved,below,below,below
Laitue,seven_paired_market_groups,pair:Texaco|Plateaux des 15 ans,Texaco,0.0,0.020966185848412828,0.002847259806574582,0.0,16.2,below,below,below,below
Laitue,seven_paired_market_groups,pair:Texaco|Plateaux des 15 ans,Total,0.0,0.5050650634162411,0.49147586888486244,0.0,390.25,unresolved,unresolved,unresolved,unresolved
Laitue,seven_paired_market_groups,pair:Moungali|Mikalou,Bifouiti,0.0,0.5050650634162411,0.013589194531378685,0.0,390.25,unresolved,unresolved,unresolved,unresolved
Laitue,seven_paired_market_groups,pair:Moungali|Mikalou,Bourreau,0.0,0.05461561992611243,0.03520248488128574,0.0,42.2,unresolved,below,below,below
Laitue,seven_paired_market_groups,pair:Moungali|Mikalou,Commission,0.0,0.22402757841730003,0.012294985528390237,0.0,173.1,unresolved,unresolved,below,below
Laitue,seven_paired_market_groups,pair:Moungali|Mikalou,Kintele,0.0,0.03520248488128574,0.0010353672023907569,0.0,27.200000000000003,below,below,below,below
Laitue,seven_paired_market_groups,pair:Moungali|Mikalou,Madibou,0.0,0.08926512459703036,0.03529660917241216,0.0,68.97272727272727,unresolved,below,below,below
Laitue,seven_paired_market_groups,pair:Moungali|Mikalou,Mikalou,0.0,0.07085794291361744,0.05086241381744594,0.0,54.75000000000001,unresolved,below,below,below
Laitue,seven_paired_market_groups,pair:Moungali|Mikalou,Mokoundzi-ngouaka,0.0,0.08926512459703036,0.053968515424618196,0.0,68.97272727272727,unresolved,below,below,below
Laitue,seven_paired_market_groups,pair:Moungali|Mikalou,Moungali,0.0,0.07085794291361744,0.019995529096171492,0.0,54.75000000000001,unresolved,below,below,below
Laitue,seven_paired_market_groups,pair:Moungali|Mikalou,Ouenze,0.0,0.03520248488128574,0.03416711767889498,0.0,27.200000000000003,below,below,below,below
Laitue,seven_paired_market_groups,pair:Moungali|Mikalou,Plateaux des 15 ans,0.0,0.020966185848412828,0.018118926041838245,0.0,16.2,below,below,below,below
Laitue,seven_paired_market_groups,pair:Moungali|Mikalou,Poto-poto,0.0,0.22402757841730003,0.2117325928889098,0.0,173.1,unresolved,unresolved,below,below
Laitue,seven_paired_market_groups,pair:Moungali|Mikalou,Talangai,0.0,0.05461561992611243,0.019413135044826692,0.0,42.2,unresolved,below,below,below
Laitue,seven_paired_market_groups,pair:Moungali|Mikalou,Texaco,0.0,0.020966185848412828,0.002847259806574582,0.0,16.2,below,below,below,below
Laitue,seven_paired_market_groups,pair:Moungali|Mikalou,Total,0.0,0.5050650634162411,0.49147586888486244,0.0,390.25,unresolved,unresolved,unresolved,unresolved
Laitue,seven_paired_market_groups,pair:Talangai|Bourreau,Bifouiti,0.0,0.5050650634162411,0.013589194531378685,0.0,390.25,unresolved,unresolved,unresolved,unresolved
Laitue,seven_paired_market_groups,pair:Talangai|Bourreau,Bourreau,0.0,0.05461561992611243,0.03520248488128574,0.0,42.2,unresolved,below,below,below
Laitue,seven_paired_market_groups,pair:Talangai|Bourreau,Commission,0.0,0.22402757841730003,0.012294985528390237,0.0,173.1,unresolved,unresolved,below,below
Laitue,seven_paired_market_groups,pair:Talangai|Bourreau,Kintele,0.0,0.03520248488128574,0.0010353672023907569,0.0,27.200000000000003,below,below,below,below
Laitue,seven_paired_market_groups,pair:Talangai|Bourreau,Madibou,0.0,0.08926512459703036,0.03529660917241216,0.0,68.97272727272727,unresolved,below,below,below
Laitue,seven_paired_market_groups,pair:Talangai|Bourreau,Mikalou,0.0,0.07085794291361744,0.05086241381744594,0.0,54.75000000000001,unresolved,below,below,below
Laitue,seven_paired_market_groups,pair:Talangai|Bourreau,Mokoundzi-ngouaka,0.0,0.08926512459703036,0.053968515424618196,0.0,68.97272727272727,unresolved,below,below,below
Laitue,seven_paired_market_groups,pair:Talangai|Bourreau,Moungali,0.0,0.07085794291361744,0.019995529096171492,0.0,54.75000000000001,unresolved,below,below,below
Laitue,seven_paired_market_groups,pair:Talangai|Bourreau,Ouenze,0.0,0.03520248488128574,0.03416711767889498,0.0,27.200000000000003,below,below,below,below
Laitue,seven_paired_market_groups,pair:Talangai|Bourreau,Plateaux des 15 ans,0.0,0.020966185848412828,0.018118926041838245,0.0,16.2,below,below,below,below
Laitue,seven_paired_market_groups,pair:Talangai|Bourreau,Poto-poto,0.0,0.22402757841730003,0.2117325928889098,0.0,173.1,unresolved,unresolved,below,below
Laitue,seven_paired_market_groups,pair:Talangai|Bourreau,Talangai,0.0,0.05461561992611243,0.019413135044826692,0.0,42.2,unresolved,below,below,below
Laitue,seven_paired_market_groups,pair:Talangai|Bourreau,Texaco,0.0,0.020966185848412828,0.002847259806574582,0.0,16.2,below,below,below,below
Laitue,seven_paired_market_groups,pair:Talangai|Bourreau,Total,0.0,0.5050650634162411,0.49147586888486244,0.0,390.25,unresolved,unresolved,unresolved,unresolved
Laitue,seven_paired_market_groups,pair:Madibou|Mokoundzi-ngouaka,Bifouiti,0.0,0.5050650634162411,0.013589194531378685,0.0,390.25,unresolved,unresolved,unresolved,unresolved
Laitue,seven_paired_market_groups,pair:Madibou|Mokoundzi-ngouaka,Bourreau,0.0,0.05461561992611243,0.03520248488128574,0.0,42.2,unresolved,below,below,below
Laitue,seven_paired_market_groups,pair:Madibou|Mokoundzi-ngouaka,Commission,0.0,0.22402757841730003,0.012294985528390237,0.0,173.1,unresolved,unresolved,below,below
Laitue,seven_paired_market_groups,pair:Madibou|Mokoundzi-ngouaka,Kintele,0.0,0.03520248488128574,0.0010353672023907569,0.0,27.200000000000003,below,below,below,below
Laitue,seven_paired_market_groups,pair:Madibou|Mokoundzi-ngouaka,Madibou,0.0,0.08926512459703036,0.03529660917241216,0.0,68.97272727272727,unresolved,below,below,below
Laitue,seven_paired_market_groups,pair:Madibou|Mokoundzi-ngouaka,Mikalou,0.0,0.07085794291361744,0.05086241381744594,0.0,54.75000000000001,unresolved,below,below,below
Laitue,seven_paired_market_groups,pair:Madibou|Mokoundzi-ngouaka,Mokoundzi-ngouaka,0.0,0.08926512459703036,0.053968515424618196,0.0,68.97272727272727,unresolved,below,below,below
Laitue,seven_paired_market_groups,pair:Madibou|Mokoundzi-ngouaka,Moungali,0.0,0.07085794291361744,0.019995529096171492,0.0,54.75000000000001,unresolved,below,below,below
Laitue,seven_paired_market_groups,pair:Madibou|Mokoundzi-ngouaka,Ouenze,0.0,0.03520248488128574,0.03416711767889498,0.0,27.200000000000003,below,below,below,below
Laitue,seven_paired_market_groups,pair:Madibou|Mokoundzi-ngouaka,Plateaux des 15 ans,0.0,0.020966185848412828,0.018118926041838245,0.0,16.2,below,below,below,below
Laitue,seven_paired_market_groups,pair:Madibou|Mokoundzi-ngouaka,Poto-poto,0.0,0.22402757841730003,0.2117325928889098,0.0,173.1,unresolved,unresolved,below,below
Laitue,seven_paired_market_groups,pair:Madibou|Mokoundzi-ngouaka,Talangai,0.0,0.05461561992611243,0.019413135044826692,0.0,42.2,unresolved,below,below,below
Laitue,seven_paired_market_groups,pair:Madibou|Mokoundzi-ngouaka,Texaco,0.0,0.020966185848412828,0.002847259806574582,0.0,16.2,below,below,below,below
Laitue,seven_paired_market_groups,pair:Madibou|Mokoundzi-ngouaka,Total,0.0,0.5050650634162411,0.49147586888486244,0.0,390.25,unresolved,unresolved,unresolved,unresolved
Morelle amere,seven_individual_markets,none,Bifouiti,0.12264843974575998,0.12264843974575998,0.12264843974575998,172.79999999999998,172.79999999999998,above,above,below,below
Morelle amere,seven_individual_markets,none,Bourreau,0.16395711563235274,0.16395711563235274,0.16395711563235274,230.99999999999997,230.99999999999997,above,above,below,below
Morelle amere,seven_individual_markets,none,Commission,0.0,0.23029586806775468,0.04335281654902211,0.0,324.465,unresolved,unresolved,below,below
Morelle amere,seven_individual_markets,none,Kintele,0.0,0.23029586806775468,0.004258626380061111,0.0,324.465,unresolved,unresolved,below,below
Morelle amere,seven_individual_markets,none,Madibou,0.0,0.23029586806775468,0.0023422445090336107,0.0,324.465,unresolved,unresolved,below,below
Morelle amere,seven_individual_markets,none,Mikalou,0.0,0.23029586806775468,0.00392148512497294,0.0,324.465,unresolved,unresolved,below,below
Morelle amere,seven_individual_markets,none,Mokoundzi-ngouaka,0.0,0.23029586806775468,0.09901306333642082,0.0,324.465,unresolved,unresolved,below,below
Morelle amere,seven_individual_markets,none,Moungali,0.014436743428407162,0.014436743428407162,0.014436743428407162,20.339999999999996,20.339999999999996,below,below,below,below
Morelle amere,seven_individual_markets,none,Ouenze,0.10433634631149721,0.10433634631149721,0.10433634631149721,147.0,147.0,above,above,below,below
Morelle amere,seven_individual_markets,none,Plateaux des 15 ans,0.0,0.23029586806775468,0.03435291946582629,0.0,324.465,unresolved,unresolved,below,below
Morelle amere,seven_individual_markets,none,Poto-poto,0.12239292216295632,0.12239292216295632,0.12239292216295632,172.44,172.44,above,above,below,below
Morelle amere,seven_individual_markets,none,Talangai,0.0,0.23029586806775468,0.04305471270241782,0.0,324.465,unresolved,unresolved,below,below
Morelle amere,seven_individual_markets,none,Texaco,0.009368978036134441,0.009368978036134441,0.009368978036134441,13.199999999999996,13.199999999999996,below,below,below,below
Morelle amere,seven_individual_markets,none,Total,0.23256358661513732,0.23256358661513732,0.23256358661513732,327.6600000000001,327.6600000000001,above,above,below,below
Morelle amere,seven_individual_markets,market:Total,Bifouiti,0.12264843974575998,0.12264843974575998,0.12264843974575998,172.79999999999998,172.79999999999998,above,above,below,below
Morelle amere,seven_individual_markets,market:Total,Bourreau,0.16395711563235274,0.16395711563235274,0.16395711563235274,230.99999999999997,230.99999999999997,above,above,below,below
Morelle amere,seven_individual_markets,market:Total,Commission,0.0,0.462859454682892,0.04335281654902211,0.0,652.1250000000001,unresolved,unresolved,unresolved,below
Morelle amere,seven_individual_markets,market:Total,Kintele,0.0,0.462859454682892,0.004258626380061111,0.0,652.1250000000001,unresolved,unresolved,unresolved,below
Morelle amere,seven_individual_markets,market:Total,Madibou,0.0,0.462859454682892,0.0023422445090336107,0.0,652.1250000000001,unresolved,unresolved,unresolved,below
Morelle amere,seven_individual_markets,market:Total,Mikalou,0.0,0.462859454682892,0.00392148512497294,0.0,652.1250000000001,unresolved,unresolved,unresolved,below
Morelle amere,seven_individual_markets,market:Total,Mokoundzi-ngouaka,0.0,0.462859454682892,0.09901306333642082,0.0,652.1250000000001,unresolved,unresolved,unresolved,below
Morelle amere,seven_individual_markets,market:Total,Moungali,0.014436743428407162,0.014436743428407162,0.014436743428407162,20.339999999999996,20.339999999999996,below,below,below,below
Morelle amere,seven_individual_markets,market:Total,Ouenze,0.10433634631149721,0.10433634631149721,0.10433634631149721,147.0,147.0,above,above,below,below
Morelle amere,seven_individual_markets,market:Total,Plateaux des 15 ans,0.0,0.462859454682892,0.03435291946582629,0.0,652.1250000000001,unresolved,unresolved,unresolved,below
Morelle amere,seven_individual_markets,market:Total,Poto-poto,0.12239292216295632,0.12239292216295632,0.12239292216295632,172.44,172.44,above,above,below,below
Morelle amere,seven_individual_markets,market:Total,Talangai,0.0,0.462859454682892,0.04305471270241782,0.0,652.1250000000001,unresolved,unresolved,unresolved,below
Morelle amere,seven_individual_markets,market:Total,Texaco,0.009368978036134441,0.009368978036134441,0.009368978036134441,13.199999999999996,13.199999999999996,below,below,below,below
Morelle amere,seven_individual_markets,market:Total,Total,0.0,0.462859454682892,0.23256358661513732,0.0,652.1250000000001,unresolved,unresolved,unresolved,below
Morelle amere,seven_individual_markets,market:Texaco,Bifouiti,0.12264843974575998,0.12264843974575998,0.12264843974575998,172.79999999999998,172.79999999999998,above,above,below,below
Morelle amere,seven_individual_markets,market:Texaco,Bourreau,0.16395711563235274,0.16395711563235274,0.16395711563235274,230.99999999999997,230.99999999999997,above,above,below,below
Morelle amere,seven_individual_markets,market:Texaco,Commission,0.0,0.2396648461038891,0.04335281654902211,0.0,337.6649999999999,unresolved,unresolved,below,below
Morelle amere,seven_individual_markets,market:Texaco,Kintele,0.0,0.2396648461038891,0.004258626380061111,0.0,337.6649999999999,unresolved,unresolved,below,below
Morelle amere,seven_individual_markets,market:Texaco,Madibou,0.0,0.2396648461038891,0.0023422445090336107,0.0,337.6649999999999,unresolved,unresolved,below,below
Morelle amere,seven_individual_markets,market:Texaco,Mikalou,0.0,0.2396648461038891,0.00392148512497294,0.0,337.6649999999999,unresolved,unresolved,below,below
Morelle amere,seven_individual_markets,market:Texaco,Mokoundzi-ngouaka,0.0,0.2396648461038891,0.09901306333642082,0.0,337.6649999999999,unresolved,unresolved,below,below
Morelle amere,seven_individual_markets,market:Texaco,Moungali,0.014436743428407162,0.014436743428407162,0.014436743428407162,20.339999999999996,20.339999999999996,below,below,below,below
Morelle amere,seven_individual_markets,market:Texaco,Ouenze,0.10433634631149721,0.10433634631149721,0.10433634631149721,147.0,147.0,above,above,below,below
Morelle amere,seven_individual_markets,market:Texaco,Plateaux des 15 ans,0.0,0.2396648461038891,0.03435291946582629,0.0,337.6649999999999,unresolved,unresolved,below,below
Morelle amere,seven_individual_markets,market:Texaco,Poto-poto,0.12239292216295632,0.12239292216295632,0.12239292216295632,172.44,172.44,above,above,below,below
Morelle amere,seven_individual_markets,market:Texaco,Talangai,0.0,0.2396648461038891,0.04305471270241782,0.0,337.6649999999999,unresolved,unresolved,below,below
Morelle amere,seven_individual_markets,market:Texaco,Texaco,0.0,0.2396648461038891,0.009368978036134441,0.0,337.6649999999999,unresolved,unresolved,below,below
Morelle amere,seven_individual_markets,market:Texaco,Total,0.23256358661513732,0.23256358661513732,0.23256358661513732,327.6600000000001,327.6600000000001,above,above,below,below
Morelle amere,seven_individual_markets,market:Ouenze,Bifouiti,0.12264843974575998,0.12264843974575998,0.12264843974575998,172.79999999999998,172.79999999999998,above,above,below,below
Morelle amere,seven_individual_markets,market:Ouenze,Bourreau,0.16395711563235274,0.16395711563235274,0.16395711563235274,230.99999999999997,230.99999999999997,above,above,below,below
Morelle amere,seven_individual_markets,market:Ouenze,Commission,0.0,0.33463221437925195,0.04335281654902211,0.0,471.46500000000003,unresolved,unresolved,unresolved,below
Morelle amere,seven_individual_markets,market:Ouenze,Kintele,0.0,0.33463221437925195,0.004258626380061111,0.0,471.46500000000003,unresolved,unresolved,unresolved,below
Morelle amere,seven_individual_markets,market:Ouenze,Madibou,0.0,0.33463221437925195,0.0023422445090336107,0.0,471.46500000000003,unresolved,unresolved,unresolved,below
Morelle amere,seven_individual_markets,market:Ouenze,Mikalou,0.0,0.33463221437925195,0.00392148512497294,0.0,471.46500000000003,unresolved,unresolved,unresolved,below
Morelle amere,seven_individual_markets,market:Ouenze,Mokoundzi-ngouaka,0.0,0.33463221437925195,0.09901306333642082,0.0,471.46500000000003,unresolved,unresolved,unresolved,below
Morelle amere,seven_individual_markets,market:Ouenze,Moungali,0.014436743428407162,0.014436743428407162,0.014436743428407162,20.339999999999996,20.339999999999996,below,below,below,below
Morelle amere,seven_individual_markets,market:Ouenze,Ouenze,0.0,0.33463221437925195,0.10433634631149721,0.0,471.46500000000003,unresolved,unresolved,unresolved,below
Morelle amere,seven_individual_markets,market:Ouenze,Plateaux des 15 ans,0.0,0.33463221437925195,0.03435291946582629,0.0,471.46500000000003,unresolved,unresolved,unresolved,below
Morelle amere,seven_individual_markets,market:Ouenze,Poto-poto,0.12239292216295632,0.12239292216295632,0.12239292216295632,172.44,172.44,above,above,below,below
Morelle amere,seven_individual_markets,market:Ouenze,Talangai,0.0,0.33463221437925195,0.04305471270241782,0.0,471.46500000000003,unresolved,unresolved,unresolved,below
Morelle amere,seven_individual_markets,market:Ouenze,Texaco,0.009368978036134441,0.009368978036134441,0.009368978036134441,13.199999999999996,13.199999999999996,below,below,below,below
Morelle amere,seven_individual_markets,market:Ouenze,Total,0.23256358661513732,0.23256358661513732,0.23256358661513732,327.6600000000001,327.6600000000001,above,above,below,below
Morelle amere,seven_individual_markets,market:Bourreau,Bifouiti,0.12264843974575998,0.12264843974575998,0.12264843974575998,172.79999999999998,172.79999999999998,above,above,below,below
Morelle amere,seven_individual_markets,market:Bourreau,Bourreau,0.0,0.3942529837001075,0.16395711563235274,0.0,555.465,unresolved,unresolved,unresolved,below
Morelle amere,seven_individual_markets,market:Bourreau,Commission,0.0,0.3942529837001075,0.04335281654902211,0.0,555.465,unresolved,unresolved,unresolved,below
Morelle amere,seven_individual_markets,market:Bourreau,Kintele,0.0,0.3942529837001075,0.004258626380061111,0.0,555.465,unresolved,unresolved,unresolved,below
Morelle amere,seven_individual_markets,market:Bourreau,Madibou,0.0,0.3942529837001075,0.0023422445090336107,0.0,555.465,unresolved,unresolved,unresolved,below
Morelle amere,seven_individual_markets,market:Bourreau,Mikalou,0.0,0.3942529837001075,0.00392148512497294,0.0,555.465,unresolved,unresolved,unresolved,below
Morelle amere,seven_individual_markets,market:Bourreau,Mokoundzi-ngouaka,0.0,0.3942529837001075,0.09901306333642082,0.0,555.465,unresolved,unresolved,unresolved,below
Morelle amere,seven_individual_markets,market:Bourreau,Moungali,0.014436743428407162,0.014436743428407162,0.014436743428407162,20.339999999999996,20.339999999999996,below,below,below,below
Morelle amere,seven_individual_markets,market:Bourreau,Ouenze,0.10433634631149721,0.10433634631149721,0.10433634631149721,147.0,147.0,above,above,below,below
Morelle amere,seven_individual_markets,market:Bourreau,Plateaux des 15 ans,0.0,0.3942529837001075,0.03435291946582629,0.0,555.465,unresolved,unresolved,unresolved,below
Morelle amere,seven_individual_markets,market:Bourreau,Poto-poto,0.12239292216295632,0.12239292216295632,0.12239292216295632,172.44,172.44,above,above,below,below
Morelle amere,seven_individual_markets,market:Bourreau,Talangai,0.0,0.3942529837001075,0.04305471270241782,0.0,555.465,unresolved,unresolved,unresolved,below
Morelle amere,seven_individual_markets,market:Bourreau,Texaco,0.009368978036134441,0.009368978036134441,0.009368978036134441,13.199999999999996,13.199999999999996,below,below,below,below
Morelle amere,seven_individual_markets,market:Bourreau,Total,0.23256358661513732,0.23256358661513732,0.23256358661513732,327.6600000000001,327.6600000000001,above,above,below,below
Morelle amere,seven_individual_markets,market:Bifouiti,Bifouiti,0.0,0.3529443078135147,0.12264843974575998,0.0,497.26500000000004,unresolved,unresolved,unresolved,below
Morelle amere,seven_individual_markets,market:Bifouiti,Bourreau,0.16395711563235274,0.16395711563235274,0.16395711563235274,230.99999999999997,230.99999999999997,above,above,below,below
Morelle amere,seven_individual_markets,market:Bifouiti,Commission,0.0,0.3529443078135147,0.04335281654902211,0.0,497.26500000000004,unresolved,unresolved,unresolved,below
Morelle amere,seven_individual_markets,market:Bifouiti,Kintele,0.0,0.3529443078135147,0.004258626380061111,0.0,497.26500000000004,unresolved,unresolved,unresolved,below
Morelle amere,seven_individual_markets,market:Bifouiti,Madibou,0.0,0.3529443078135147,0.0023422445090336107,0.0,497.26500000000004,unresolved,unresolved,unresolved,below
Morelle amere,seven_individual_markets,market:Bifouiti,Mikalou,0.0,0.3529443078135147,0.00392148512497294,0.0,497.26500000000004,unresolved,unresolved,unresolved,below
Morelle amere,seven_individual_markets,market:Bifouiti,Mokoundzi-ngouaka,0.0,0.3529443078135147,0.09901306333642082,0.0,497.26500000000004,unresolved,unresolved,unresolved,below
Morelle amere,seven_individual_markets,market:Bifouiti,Moungali,0.014436743428407162,0.014436743428407162,0.014436743428407162,20.339999999999996,20.339999999999996,below,below,below,below
Morelle amere,seven_individual_markets,market:Bifouiti,Ouenze,0.10433634631149721,0.10433634631149721,0.10433634631149721,147.0,147.0,above,above,below,below
Morelle amere,seven_individual_markets,market:Bifouiti,Plateaux des 15 ans,0.0,0.3529443078135147,0.03435291946582629,0.0,497.26500000000004,unresolved,unresolved,unresolved,below
Morelle amere,seven_individual_markets,market:Bifouiti,Poto-poto,0.12239292216295632,0.12239292216295632,0.12239292216295632,172.44,172.44,above,above,below,below
Morelle amere,seven_individual_markets,market:Bifouiti,Talangai,0.0,0.3529443078135147,0.04305471270241782,0.0,497.26500000000004,unresolved,unresolved,unresolved,below
Morelle amere,seven_individual_markets,market:Bifouiti,Texaco,0.009368978036134441,0.009368978036134441,0.009368978036134441,13.199999999999996,13.199999999999996,below,below,below,below
Morelle amere,seven_individual_markets,market:Bifouiti,Total,0.23256358661513732,0.23256358661513732,0.23256358661513732,327.6600000000001,327.6600000000001,above,above,below,below
Morelle amere,seven_individual_markets,market:Poto-poto,Bifouiti,0.12264843974575998,0.12264843974575998,0.12264843974575998,172.79999999999998,172.79999999999998,above,above,below,below
Morelle amere,seven_individual_markets,market:Poto-poto,Bourreau,0.16395711563235274,0.16395711563235274,0.16395711563235274,230.99999999999997,230.99999999999997,above,above,below,below
Morelle amere,seven_individual_markets,market:Poto-poto,Commission,0.0,0.35268879023071104,0.04335281654902211,0.0,496.90500000000003,unresolved,unresolved,unresolved,below
Morelle amere,seven_individual_markets,market:Poto-poto,Kintele,0.0,0.35268879023071104,0.004258626380061111,0.0,496.90500000000003,unresolved,unresolved,unresolved,below
Morelle amere,seven_individual_markets,market:Poto-poto,Madibou,0.0,0.35268879023071104,0.0023422445090336107,0.0,496.90500000000003,unresolved,unresolved,unresolved,below
Morelle amere,seven_individual_markets,market:Poto-poto,Mikalou,0.0,0.35268879023071104,0.00392148512497294,0.0,496.90500000000003,unresolved,unresolved,unresolved,below
Morelle amere,seven_individual_markets,market:Poto-poto,Mokoundzi-ngouaka,0.0,0.35268879023071104,0.09901306333642082,0.0,496.90500000000003,unresolved,unresolved,unresolved,below
Morelle amere,seven_individual_markets,market:Poto-poto,Moungali,0.014436743428407162,0.014436743428407162,0.014436743428407162,20.339999999999996,20.339999999999996,below,below,below,below
Morelle amere,seven_individual_markets,market:Poto-poto,Ouenze,0.10433634631149721,0.10433634631149721,0.10433634631149721,147.0,147.0,above,above,below,below
Morelle amere,seven_individual_markets,market:Poto-poto,Plateaux des 15 ans,0.0,0.35268879023071104,0.03435291946582629,0.0,496.90500000000003,unresolved,unresolved,unresolved,below
Morelle amere,seven_individual_markets,market:Poto-poto,Poto-poto,0.0,0.35268879023071104,0.12239292216295632,0.0,496.90500000000003,unresolved,unresolved,unresolved,below
Morelle amere,seven_individual_markets,market:Poto-poto,Talangai,0.0,0.35268879023071104,0.04305471270241782,0.0,496.90500000000003,unresolved,unresolved,unresolved,below
Morelle amere,seven_individual_markets,market:Poto-poto,Texaco,0.009368978036134441,0.009368978036134441,0.009368978036134441,13.199999999999996,13.199999999999996,below,below,below,below
Morelle amere,seven_individual_markets,market:Poto-poto,Total,0.23256358661513732,0.23256358661513732,0.23256358661513732,327.6600000000001,327.6600000000001,above,above,below,below
Morelle amere,seven_individual_markets,market:Moungali,Bifouiti,0.12264843974575998,0.12264843974575998,0.12264843974575998,172.79999999999998,172.79999999999998,above,above,below,below
Morelle amere,seven_individual_markets,market:Moungali,Bourreau,0.16395711563235274,0.16395711563235274,0.16395711563235274,230.99999999999997,230.99999999999997,above,above,below,below
Morelle amere,seven_individual_markets,market:Moungali,Commission,0.0,0.24473261149616185,0.04335281654902211,0.0,344.80499999999995,unresolved,unresolved,below,below
Morelle amere,seven_individual_markets,market:Moungali,Kintele,0.0,0.24473261149616185,0.004258626380061111,0.0,344.80499999999995,unresolved,unresolved,below,below
Morelle amere,seven_individual_markets,market:Moungali,Madibou,0.0,0.24473261149616185,0.0023422445090336107,0.0,344.80499999999995,unresolved,unresolved,below,below
Morelle amere,seven_individual_markets,market:Moungali,Mikalou,0.0,0.24473261149616185,0.00392148512497294,0.0,344.80499999999995,unresolved,unresolved,below,below
Morelle amere,seven_individual_markets,market:Moungali,Mokoundzi-ngouaka,0.0,0.24473261149616185,0.09901306333642082,0.0,344.80499999999995,unresolved,unresolved,below,below
Morelle amere,seven_individual_markets,market:Moungali,Moungali,0.0,0.24473261149616185,0.014436743428407162,0.0,344.80499999999995,unresolved,unresolved,below,below
Morelle amere,seven_individual_markets,market:Moungali,Ouenze,0.10433634631149721,0.10433634631149721,0.10433634631149721,147.0,147.0,above,above,below,below
Morelle amere,seven_individual_markets,market:Moungali,Plateaux des 15 ans,0.0,0.24473261149616185,0.03435291946582629,0.0,344.80499999999995,unresolved,unresolved,below,below
Morelle amere,seven_individual_markets,market:Moungali,Poto-poto,0.12239292216295632,0.12239292216295632,0.12239292216295632,172.44,172.44,above,above,below,below
Morelle amere,seven_individual_markets,market:Moungali,Talangai,0.0,0.24473261149616185,0.04305471270241782,0.0,344.80499999999995,unresolved,unresolved,below,below
Morelle amere,seven_individual_markets,market:Moungali,Texaco,0.009368978036134441,0.009368978036134441,0.009368978036134441,13.199999999999996,13.199999999999996,below,below,below,below
Morelle amere,seven_individual_markets,market:Moungali,Total,0.23256358661513732,0.23256358661513732,0.23256358661513732,327.6600000000001,327.6600000000001,above,above,below,below
Morelle amere,seven_paired_market_groups,none,Bifouiti,0.0,0.15700135921158626,0.12264843974575998,0.0,221.19999999999996,unresolved,unresolved,below,below
Morelle amere,seven_paired_market_groups,none,Bourreau,0.0,0.20730993218137483,0.16395711563235274,0.0,292.0799999999999,unresolved,unresolved,below,below
Morelle amere,seven_paired_market_groups,none,Commission,0.0,0.20730993218137483,0.04335281654902211,0.0,292.0799999999999,unresolved,unresolved,below,below
Morelle amere,seven_paired_market_groups,none,Kintele,0.0,0.10859497269155832,0.004258626380061111,0.0,153.0,unresolved,unresolved,below,below
Morelle amere,seven_paired_market_groups,none,Madibou,0.0,0.12473516667198993,0.0023422445090336107,0.0,175.74,unresolved,unresolved,below,below
Morelle amere,seven_paired_market_groups,none,Mikalou,0.0,0.23648507174011027,0.00392148512497294,0.0,333.1850000000001,unresolved,unresolved,below,below
Morelle amere,seven_paired_market_groups,none,Mokoundzi-ngouaka,0.0,0.11344980676482798,0.09901306333642082,0.0,159.83999999999997,unresolved,unresolved,below,below
Morelle amere,seven_paired_market_groups,none,Moungali,0.0,0.11344980676482798,0.014436743428407162,0.0,159.83999999999997,unresolved,unresolved,below,below
Morelle amere,seven_paired_market_groups,none,Ouenze,0.0,0.10859497269155832,0.10433634631149721,0.0,153.0,unresolved,unresolved,below,below
Morelle amere,seven_paired_market_groups,none,Plateaux des 15 ans,0.0,0.15700135921158626,0.03435291946582629,0.0,221.19999999999996,unresolved,unresolved,below,below
Morelle amere,seven_paired_market_groups,none,Poto-poto,0.0,0.12473516667198993,0.12239292216295632,0.0,175.74,unresolved,unresolved,below,below
Morelle amere,seven_paired_market_groups,none,Talangai,0.0,0.05242369073855226,0.04305471270241782,0.0,73.85999999999999,unresolved,below,below,below
Morelle amere,seven_paired_market_groups,none,Texaco,0.0,0.05242369073855226,0.009368978036134441,0.0,73.85999999999999,unresolved,below,below,below
Morelle amere,seven_paired_market_groups,none,Total,0.0,0.23648507174011027,0.23256358661513732,0.0,333.1850000000001,unresolved,unresolved,below,below
Morelle amere,seven_paired_market_groups,pair:Total|Mikalou,Bifouiti,0.0,0.15700135921158626,0.12264843974575998,0.0,221.19999999999996,unresolved,unresolved,below,below
Morelle amere,seven_paired_market_groups,pair:Total|Mikalou,Bourreau,0.0,0.20730993218137483,0.16395711563235274,0.0,292.0799999999999,unresolved,unresolved,below,below
Morelle amere,seven_paired_market_groups,pair:Total|Mikalou,Commission,0.0,0.20730993218137483,0.04335281654902211,0.0,292.0799999999999,unresolved,unresolved,below,below
Morelle amere,seven_paired_market_groups,pair:Total|Mikalou,Kintele,0.0,0.10859497269155832,0.004258626380061111,0.0,153.0,unresolved,unresolved,below,below
Morelle amere,seven_paired_market_groups,pair:Total|Mikalou,Madibou,0.0,0.12473516667198993,0.0023422445090336107,0.0,175.74,unresolved,unresolved,below,below
Morelle amere,seven_paired_market_groups,pair:Total|Mikalou,Mikalou,0.0,0.23648507174011027,0.00392148512497294,0.0,333.1850000000001,unresolved,unresolved,below,below
Morelle amere,seven_paired_market_groups,pair:Total|Mikalou,Mokoundzi-ngouaka,0.0,0.11344980676482798,0.09901306333642082,0.0,159.83999999999997,unresolved,unresolved,below,below
Morelle amere,seven_paired_market_groups,pair:Total|Mikalou,Moungali,0.0,0.11344980676482798,0.014436743428407162,0.0,159.83999999999997,unresolved,unresolved,below,below
Morelle amere,seven_paired_market_groups,pair:Total|Mikalou,Ouenze,0.0,0.10859497269155832,0.10433634631149721,0.0,153.0,unresolved,unresolved,below,below
Morelle amere,seven_paired_market_groups,pair:Total|Mikalou,Plateaux des 15 ans,0.0,0.15700135921158626,0.03435291946582629,0.0,221.19999999999996,unresolved,unresolved,below,below
Morelle amere,seven_paired_market_groups,pair:Total|Mikalou,Poto-poto,0.0,0.12473516667198993,0.12239292216295632,0.0,175.74,unresolved,unresolved,below,below
Morelle amere,seven_paired_market_groups,pair:Total|Mikalou,Talangai,0.0,0.05242369073855226,0.04305471270241782,0.0,73.85999999999999,unresolved,below,below,below
Morelle amere,seven_paired_market_groups,pair:Total|Mikalou,Texaco,0.0,0.05242369073855226,0.009368978036134441,0.0,73.85999999999999,unresolved,below,below,below
Morelle amere,seven_paired_market_groups,pair:Total|Mikalou,Total,0.0,0.23648507174011027,0.23256358661513732,0.0,333.1850000000001,unresolved,unresolved,below,below
Morelle amere,seven_paired_market_groups,pair:Texaco|Talangai,Bifouiti,0.0,0.15700135921158626,0.12264843974575998,0.0,221.19999999999996,unresolved,unresolved,below,below
Morelle amere,seven_paired_market_groups,pair:Texaco|Talangai,Bourreau,0.0,0.20730993218137483,0.16395711563235274,0.0,292.0799999999999,unresolved,unresolved,below,below
Morelle amere,seven_paired_market_groups,pair:Texaco|Talangai,Commission,0.0,0.20730993218137483,0.04335281654902211,0.0,292.0799999999999,unresolved,unresolved,below,below
Morelle amere,seven_paired_market_groups,pair:Texaco|Talangai,Kintele,0.0,0.10859497269155832,0.004258626380061111,0.0,153.0,unresolved,unresolved,below,below
Morelle amere,seven_paired_market_groups,pair:Texaco|Talangai,Madibou,0.0,0.12473516667198993,0.0023422445090336107,0.0,175.74,unresolved,unresolved,below,below
Morelle amere,seven_paired_market_groups,pair:Texaco|Talangai,Mikalou,0.0,0.23648507174011027,0.00392148512497294,0.0,333.1850000000001,unresolved,unresolved,below,below
Morelle amere,seven_paired_market_groups,pair:Texaco|Talangai,Mokoundzi-ngouaka,0.0,0.11344980676482798,0.09901306333642082,0.0,159.83999999999997,unresolved,unresolved,below,below
Morelle amere,seven_paired_market_groups,pair:Texaco|Talangai,Moungali,0.0,0.11344980676482798,0.014436743428407162,0.0,159.83999999999997,unresolved,unresolved,below,below
Morelle amere,seven_paired_market_groups,pair:Texaco|Talangai,Ouenze,0.0,0.10859497269155832,0.10433634631149721,0.0,153.0,unresolved,unresolved,below,below
Morelle amere,seven_paired_market_groups,pair:Texaco|Talangai,Plateaux des 15 ans,0.0,0.15700135921158626,0.03435291946582629,0.0,221.19999999999996,unresolved,unresolved,below,below
Morelle amere,seven_paired_market_groups,pair:Texaco|Talangai,Poto-poto,0.0,0.12473516667198993,0.12239292216295632,0.0,175.74,unresolved,unresolved,below,below
Morelle amere,seven_paired_market_groups,pair:Texaco|Talangai,Talangai,0.0,0.05242369073855226,0.04305471270241782,0.0,73.85999999999999,unresolved,below,below,below
Morelle amere,seven_paired_market_groups,pair:Texaco|Talangai,Texaco,0.0,0.05242369073855226,0.009368978036134441,0.0,73.85999999999999,unresolved,below,below,below
Morelle amere,seven_paired_market_groups,pair:Texaco|Talangai,Total,0.0,0.23648507174011027,0.23256358661513732,0.0,333.1850000000001,unresolved,unresolved,below,below
Morelle amere,seven_paired_market_groups,pair:Ouenze|Kintele,Bifouiti,0.0,0.15700135921158626,0.12264843974575998,0.0,221.19999999999996,unresolved,unresolved,below,below
Morelle amere,seven_paired_market_groups,pair:Ouenze|Kintele,Bourreau,0.0,0.20730993218137483,0.16395711563235274,0.0,292.0799999999999,unresolved,unresolved,below,below
Morelle amere,seven_paired_market_groups,pair:Ouenze|Kintele,Commission,0.0,0.20730993218137483,0.04335281654902211,0.0,292.0799999999999,unresolved,unresolved,below,below
Morelle amere,seven_paired_market_groups,pair:Ouenze|Kintele,Kintele,0.0,0.10859497269155832,0.004258626380061111,0.0,153.0,unresolved,unresolved,below,below
Morelle amere,seven_paired_market_groups,pair:Ouenze|Kintele,Madibou,0.0,0.12473516667198993,0.0023422445090336107,0.0,175.74,unresolved,unresolved,below,below
Morelle amere,seven_paired_market_groups,pair:Ouenze|Kintele,Mikalou,0.0,0.23648507174011027,0.00392148512497294,0.0,333.1850000000001,unresolved,unresolved,below,below
Morelle amere,seven_paired_market_groups,pair:Ouenze|Kintele,Mokoundzi-ngouaka,0.0,0.11344980676482798,0.09901306333642082,0.0,159.83999999999997,unresolved,unresolved,below,below
Morelle amere,seven_paired_market_groups,pair:Ouenze|Kintele,Moungali,0.0,0.11344980676482798,0.014436743428407162,0.0,159.83999999999997,unresolved,unresolved,below,below
Morelle amere,seven_paired_market_groups,pair:Ouenze|Kintele,Ouenze,0.0,0.10859497269155832,0.10433634631149721,0.0,153.0,unresolved,unresolved,below,below
Morelle amere,seven_paired_market_groups,pair:Ouenze|Kintele,Plateaux des 15 ans,0.0,0.15700135921158626,0.03435291946582629,0.0,221.19999999999996,unresolved,unresolved,below,below
Morelle amere,seven_paired_market_groups,pair:Ouenze|Kintele,Poto-poto,0.0,0.12473516667198993,0.12239292216295632,0.0,175.74,unresolved,unresolved,below,below
Morelle amere,seven_paired_market_groups,pair:Ouenze|Kintele,Talangai,0.0,0.05242369073855226,0.04305471270241782,0.0,73.85999999999999,unresolved,below,below,below
Morelle amere,seven_paired_market_groups,pair:Ouenze|Kintele,Texaco,0.0,0.05242369073855226,0.009368978036134441,0.0,73.85999999999999,unresolved,below,below,below
Morelle amere,seven_paired_market_groups,pair:Ouenze|Kintele,Total,0.0,0.23648507174011027,0.23256358661513732,0.0,333.1850000000001,unresolved,unresolved,below,below
Morelle amere,seven_paired_market_groups,pair:Bourreau|Commission,Bifouiti,0.0,0.15700135921158626,0.12264843974575998,0.0,221.19999999999996,unresolved,unresolved,below,below
Morelle amere,seven_paired_market_groups,pair:Bourreau|Commission,Bourreau,0.0,0.20730993218137483,0.16395711563235274,0.0,292.0799999999999,unresolved,unresolved,below,below
Morelle amere,seven_paired_market_groups,pair:Bourreau|Commission,Commission,0.0,0.20730993218137483,0.04335281654902211,0.0,292.0799999999999,unresolved,unresolved,below,below
Morelle amere,seven_paired_market_groups,pair:Bourreau|Commission,Kintele,0.0,0.10859497269155832,0.004258626380061111,0.0,153.0,unresolved,unresolved,below,below
Morelle amere,seven_paired_market_groups,pair:Bourreau|Commission,Madibou,0.0,0.12473516667198993,0.0023422445090336107,0.0,175.74,unresolved,unresolved,below,below
Morelle amere,seven_paired_market_groups,pair:Bourreau|Commission,Mikalou,0.0,0.23648507174011027,0.00392148512497294,0.0,333.1850000000001,unresolved,unresolved,below,below
Morelle amere,seven_paired_market_groups,pair:Bourreau|Commission,Mokoundzi-ngouaka,0.0,0.11344980676482798,0.09901306333642082,0.0,159.83999999999997,unresolved,unresolved,below,below
Morelle amere,seven_paired_market_groups,pair:Bourreau|Commission,Moungali,0.0,0.11344980676482798,0.014436743428407162,0.0,159.83999999999997,unresolved,unresolved,below,below
Morelle amere,seven_paired_market_groups,pair:Bourreau|Commission,Ouenze,0.0,0.10859497269155832,0.10433634631149721,0.0,153.0,unresolved,unresolved,below,below
Morelle amere,seven_paired_market_groups,pair:Bourreau|Commission,Plateaux des 15 ans,0.0,0.15700135921158626,0.03435291946582629,0.0,221.19999999999996,unresolved,unresolved,below,below
Morelle amere,seven_paired_market_groups,pair:Bourreau|Commission,Poto-poto,0.0,0.12473516667198993,0.12239292216295632,0.0,175.74,unresolved,unresolved,below,below
Morelle amere,seven_paired_market_groups,pair:Bourreau|Commission,Talangai,0.0,0.05242369073855226,0.04305471270241782,0.0,73.85999999999999,unresolved,below,below,below
Morelle amere,seven_paired_market_groups,pair:Bourreau|Commission,Texaco,0.0,0.05242369073855226,0.009368978036134441,0.0,73.85999999999999,unresolved,below,below,below
Morelle amere,seven_paired_market_groups,pair:Bourreau|Commission,Total,0.0,0.23648507174011027,0.23256358661513732,0.0,333.1850000000001,unresolved,unresolved,below,below
Morelle amere,seven_paired_market_groups,pair:Bifouiti|Plateaux des 15 ans,Bifouiti,0.0,0.15700135921158626,0.12264843974575998,0.0,221.19999999999996,unresolved,unresolved,below,below
Morelle amere,seven_paired_market_groups,pair:Bifouiti|Plateaux des 15 ans,Bourreau,0.0,0.20730993218137483,0.16395711563235274,0.0,292.0799999999999,unresolved,unresolved,below,below
Morelle amere,seven_paired_market_groups,pair:Bifouiti|Plateaux des 15 ans,Commission,0.0,0.20730993218137483,0.04335281654902211,0.0,292.0799999999999,unresolved,unresolved,below,below
Morelle amere,seven_paired_market_groups,pair:Bifouiti|Plateaux des 15 ans,Kintele,0.0,0.10859497269155832,0.004258626380061111,0.0,153.0,unresolved,unresolved,below,below
Morelle amere,seven_paired_market_groups,pair:Bifouiti|Plateaux des 15 ans,Madibou,0.0,0.12473516667198993,0.0023422445090336107,0.0,175.74,unresolved,unresolved,below,below
Morelle amere,seven_paired_market_groups,pair:Bifouiti|Plateaux des 15 ans,Mikalou,0.0,0.23648507174011027,0.00392148512497294,0.0,333.1850000000001,unresolved,unresolved,below,below
Morelle amere,seven_paired_market_groups,pair:Bifouiti|Plateaux des 15 ans,Mokoundzi-ngouaka,0.0,0.11344980676482798,0.09901306333642082,0.0,159.83999999999997,unresolved,unresolved,below,below
Morelle amere,seven_paired_market_groups,pair:Bifouiti|Plateaux des 15 ans,Moungali,0.0,0.11344980676482798,0.014436743428407162,0.0,159.83999999999997,unresolved,unresolved,below,below
Morelle amere,seven_paired_market_groups,pair:Bifouiti|Plateaux des 15 ans,Ouenze,0.0,0.10859497269155832,0.10433634631149721,0.0,153.0,unresolved,unresolved,below,below
Morelle amere,seven_paired_market_groups,pair:Bifouiti|Plateaux des 15 ans,Plateaux des 15 ans,0.0,0.15700135921158626,0.03435291946582629,0.0,221.19999999999996,unresolved,unresolved,below,below
Morelle amere,seven_paired_market_groups,pair:Bifouiti|Plateaux des 15 ans,Poto-poto,0.0,0.12473516667198993,0.12239292216295632,0.0,175.74,unresolved,unresolved,below,below
Morelle amere,seven_paired_market_groups,pair:Bifouiti|Plateaux des 15 ans,Talangai,0.0,0.05242369073855226,0.04305471270241782,0.0,73.85999999999999,unresolved,below,below,below
Morelle amere,seven_paired_market_groups,pair:Bifouiti|Plateaux des 15 ans,Texaco,0.0,0.05242369073855226,0.009368978036134441,0.0,73.85999999999999,unresolved,below,below,below
Morelle amere,seven_paired_market_groups,pair:Bifouiti|Plateaux des 15 ans,Total,0.0,0.23648507174011027,0.23256358661513732,0.0,333.1850000000001,unresolved,unresolved,below,below
Morelle amere,seven_paired_market_groups,pair:Poto-poto|Madibou,Bifouiti,0.0,0.15700135921158626,0.12264843974575998,0.0,221.19999999999996,unresolved,unresolved,below,below
Morelle amere,seven_paired_market_groups,pair:Poto-poto|Madibou,Bourreau,0.0,0.20730993218137483,0.16395711563235274,0.0,292.0799999999999,unresolved,unresolved,below,below
Morelle amere,seven_paired_market_groups,pair:Poto-poto|Madibou,Commission,0.0,0.20730993218137483,0.04335281654902211,0.0,292.0799999999999,unresolved,unresolved,below,below
Morelle amere,seven_paired_market_groups,pair:Poto-poto|Madibou,Kintele,0.0,0.10859497269155832,0.004258626380061111,0.0,153.0,unresolved,unresolved,below,below
Morelle amere,seven_paired_market_groups,pair:Poto-poto|Madibou,Madibou,0.0,0.12473516667198993,0.0023422445090336107,0.0,175.74,unresolved,unresolved,below,below
Morelle amere,seven_paired_market_groups,pair:Poto-poto|Madibou,Mikalou,0.0,0.23648507174011027,0.00392148512497294,0.0,333.1850000000001,unresolved,unresolved,below,below
Morelle amere,seven_paired_market_groups,pair:Poto-poto|Madibou,Mokoundzi-ngouaka,0.0,0.11344980676482798,0.09901306333642082,0.0,159.83999999999997,unresolved,unresolved,below,below
Morelle amere,seven_paired_market_groups,pair:Poto-poto|Madibou,Moungali,0.0,0.11344980676482798,0.014436743428407162,0.0,159.83999999999997,unresolved,unresolved,below,below
Morelle amere,seven_paired_market_groups,pair:Poto-poto|Madibou,Ouenze,0.0,0.10859497269155832,0.10433634631149721,0.0,153.0,unresolved,unresolved,below,below
Morelle amere,seven_paired_market_groups,pair:Poto-poto|Madibou,Plateaux des 15 ans,0.0,0.15700135921158626,0.03435291946582629,0.0,221.19999999999996,unresolved,unresolved,below,below
Morelle amere,seven_paired_market_groups,pair:Poto-poto|Madibou,Poto-poto,0.0,0.12473516667198993,0.12239292216295632,0.0,175.74,unresolved,unresolved,below,below
Morelle amere,seven_paired_market_groups,pair:Poto-poto|Madibou,Talangai,0.0,0.05242369073855226,0.04305471270241782,0.0,73.85999999999999,unresolved,below,below,below
Morelle amere,seven_paired_market_groups,pair:Poto-poto|Madibou,Texaco,0.0,0.05242369073855226,0.009368978036134441,0.0,73.85999999999999,unresolved,below,below,below
Morelle amere,seven_paired_market_groups,pair:Poto-poto|Madibou,Total,0.0,0.23648507174011027,0.23256358661513732,0.0,333.1850000000001,unresolved,unresolved,below,below
Morelle amere,seven_paired_market_groups,pair:Moungali|Mokoundzi-ngouaka,Bifouiti,0.0,0.15700135921158626,0.12264843974575998,0.0,221.19999999999996,unresolved,unresolved,below,below
Morelle amere,seven_paired_market_groups,pair:Moungali|Mokoundzi-ngouaka,Bourreau,0.0,0.20730993218137483,0.16395711563235274,0.0,292.0799999999999,unresolved,unresolved,below,below
Morelle amere,seven_paired_market_groups,pair:Moungali|Mokoundzi-ngouaka,Commission,0.0,0.20730993218137483,0.04335281654902211,0.0,292.0799999999999,unresolved,unresolved,below,below
Morelle amere,seven_paired_market_groups,pair:Moungali|Mokoundzi-ngouaka,Kintele,0.0,0.10859497269155832,0.004258626380061111,0.0,153.0,unresolved,unresolved,below,below
Morelle amere,seven_paired_market_groups,pair:Moungali|Mokoundzi-ngouaka,Madibou,0.0,0.12473516667198993,0.0023422445090336107,0.0,175.74,unresolved,unresolved,below,below
Morelle amere,seven_paired_market_groups,pair:Moungali|Mokoundzi-ngouaka,Mikalou,0.0,0.23648507174011027,0.00392148512497294,0.0,333.1850000000001,unresolved,unresolved,below,below
Morelle amere,seven_paired_market_groups,pair:Moungali|Mokoundzi-ngouaka,Mokoundzi-ngouaka,0.0,0.11344980676482798,0.09901306333642082,0.0,159.83999999999997,unresolved,unresolved,below,below
Morelle amere,seven_paired_market_groups,pair:Moungali|Mokoundzi-ngouaka,Moungali,0.0,0.11344980676482798,0.014436743428407162,0.0,159.83999999999997,unresolved,unresolved,below,below
Morelle amere,seven_paired_market_groups,pair:Moungali|Mokoundzi-ngouaka,Ouenze,0.0,0.10859497269155832,0.10433634631149721,0.0,153.0,unresolved,unresolved,below,below
Morelle amere,seven_paired_market_groups,pair:Moungali|Mokoundzi-ngouaka,Plateaux des 15 ans,0.0,0.15700135921158626,0.03435291946582629,0.0,221.19999999999996,unresolved,unresolved,below,below
Morelle amere,seven_paired_market_groups,pair:Moungali|Mokoundzi-ngouaka,Poto-poto,0.0,0.12473516667198993,0.12239292216295632,0.0,175.74,unresolved,unresolved,below,below
Morelle amere,seven_paired_market_groups,pair:Moungali|Mokoundzi-ngouaka,Talangai,0.0,0.05242369073855226,0.04305471270241782,0.0,73.85999999999999,unresolved,below,below,below
Morelle amere,seven_paired_market_groups,pair:Moungali|Mokoundzi-ngouaka,Texaco,0.0,0.05242369073855226,0.009368978036134441,0.0,73.85999999999999,unresolved,below,below,below
Morelle amere,seven_paired_market_groups,pair:Moungali|Mokoundzi-ngouaka,Total,0.0,0.23648507174011027,0.23256358661513732,0.0,333.1850000000001,unresolved,unresolved,below,below
Oseille de guinee,seven_individual_markets,none,Bifouiti,0.0,0.4048761087543387,0.22536637099884307,0.0,335.95000000000005,unresolved,unresolved,unresolved,below
Oseille de guinee,seven_individual_markets,none,Bourreau,0.12021548399537217,0.12021548399537217,0.12021548399537217,99.75,99.75,above,above,below,below
Oseille de guinee,seven_individual_markets,none,Commission,0.0,0.4048761087543387,0.0,0.0,335.95000000000005,unresolved,unresolved,unresolved,below
Oseille de guinee,seven_individual_markets,none,Kintele,0.0,0.4048761087543387,0.015968472811415352,0.0,335.95000000000005,unresolved,unresolved,unresolved,below
Oseille de guinee,seven_individual_markets,none,Madibou,0.08074623987659084,0.08074623987659084,0.08074623987659084,67.0,67.0,above,below,below,below
Oseille de guinee,seven_individual_markets,none,Mikalou,0.07231006556112612,0.07231006556112612,0.07231006556112612,60.00000000000001,60.00000000000001,above,below,below,below
Oseille de guinee,seven_individual_markets,none,Mokoundzi-ngouaka,0.0,0.4048761087543387,0.08412070960277673,0.0,335.95000000000005,unresolved,unresolved,unresolved,below
Oseille de guinee,seven_individual_markets,none,Moungali,0.0,0.4048761087543387,0.032539529502506756,0.0,335.95000000000005,unresolved,unresolved,unresolved,below
Oseille de guinee,seven_individual_markets,none,Ouenze,0.04639895873505593,0.04639895873505593,0.04639895873505593,38.5,38.5,below,below,below,below
Oseille de guinee,seven_individual_markets,none,Plateaux des 15 ans,0.0,0.4048761087543387,0.00602583879676051,0.0,335.95000000000005,unresolved,unresolved,unresolved,below
Oseille de guinee,seven_individual_markets,none,Poto-poto,0.0,0.4048761087543387,0.040855187042036264,0.0,335.95000000000005,unresolved,unresolved,unresolved,below
Oseille de guinee,seven_individual_markets,none,Talangai,0.037962784419591215,0.037962784419591215,0.037962784419591215,31.500000000000004,31.500000000000004,below,below,below,below
Oseille de guinee,seven_individual_markets,none,Texaco,0.03856536829926727,0.03856536829926727,0.03856536829926727,32.00000000000001,32.00000000000001,below,below,below,below
Oseille de guinee,seven_individual_markets,none,Total,0.19892499035865793,0.19892499035865793,0.19892499035865793,165.05999999999997,165.05999999999997,above,above,below,below
Oseille de guinee,seven_individual_markets,market:Texaco,Bifouiti,0.0,0.443441477053606,0.22536637099884307,0.0,367.95000000000005,unresolved,unresolved,unresolved,below
Oseille de guinee,seven_individual_markets,market:Texaco,Bourreau,0.12021548399537217,0.12021548399537217,0.12021548399537217,99.75,99.75,above,above,below,below
Oseille de guinee,seven_individual_markets,market:Texaco,Commission,0.0,0.443441477053606,0.0,0.0,367.95000000000005,unresolved,unresolved,unresolved,below
Oseille de guinee,seven_individual_markets,market:Texaco,Kintele,0.0,0.443441477053606,0.015968472811415352,0.0,367.95000000000005,unresolved,unresolved,unresolved,below
Oseille de guinee,seven_individual_markets,market:Texaco,Madibou,0.08074623987659084,0.08074623987659084,0.08074623987659084,67.0,67.0,above,below,below,below
Oseille de guinee,seven_individual_markets,market:Texaco,Mikalou,0.07231006556112612,0.07231006556112612,0.07231006556112612,60.00000000000001,60.00000000000001,above,below,below,below
Oseille de guinee,seven_individual_markets,market:Texaco,Mokoundzi-ngouaka,0.0,0.443441477053606,0.08412070960277673,0.0,367.95000000000005,unresolved,unresolved,unresolved,below
Oseille de guinee,seven_individual_markets,market:Texaco,Moungali,0.0,0.443441477053606,0.032539529502506756,0.0,367.95000000000005,unresolved,unresolved,unresolved,below
Oseille de guinee,seven_individual_markets,market:Texaco,Ouenze,0.04639895873505593,0.04639895873505593,0.04639895873505593,38.5,38.5,below,below,below,below
Oseille de guinee,seven_individual_markets,market:Texaco,Plateaux des 15 ans,0.0,0.443441477053606,0.00602583879676051,0.0,367.95000000000005,unresolved,unresolved,unresolved,below
Oseille de guinee,seven_individual_markets,market:Texaco,Poto-poto,0.0,0.443441477053606,0.040855187042036264,0.0,367.95000000000005,unresolved,unresolved,unresolved,below
Oseille de guinee,seven_individual_markets,market:Texaco,Talangai,0.037962784419591215,0.037962784419591215,0.037962784419591215,31.500000000000004,31.500000000000004,below,below,below,below
Oseille de guinee,seven_individual_markets,market:Texaco,Texaco,0.0,0.443441477053606,0.03856536829926727,0.0,367.95000000000005,unresolved,unresolved,unresolved,below
Oseille de guinee,seven_individual_markets,market:Texaco,Total,0.19892499035865793,0.19892499035865793,0.19892499035865793,165.05999999999997,165.05999999999997,above,above,below,below
Oseille de guinee,seven_individual_markets,market:Bourreau,Bifouiti,0.0,0.5250915927497108,0.22536637099884307,0.0,435.7,unresolved,unresolved,unresolved,unresolved
Oseille de guinee,seven_individual_markets,market:Bourreau,Bourreau,0.0,0.5250915927497108,0.12021548399537217,0.0,435.7,unresolved,unresolved,unresolved,unresolved
Oseille de guinee,seven_individual_markets,market:Bourreau,Commission,0.0,0.5250915927497108,0.0,0.0,435.7,unresolved,unresolved,unresolved,unresolved
Oseille de guinee,seven_individual_markets,market:Bourreau,Kintele,0.0,0.5250915927497108,0.015968472811415352,0.0,435.7,unresolved,unresolved,unresolved,unresolved
Oseille de guinee,seven_individual_markets,market:Bourreau,Madibou,0.08074623987659084,0.08074623987659084,0.08074623987659084,67.0,67.0,above,below,below,below
Oseille de guinee,seven_individual_markets,market:Bourreau,Mikalou,0.07231006556112612,0.07231006556112612,0.07231006556112612,60.00000000000001,60.00000000000001,above,below,below,below
Oseille de guinee,seven_individual_markets,market:Bourreau,Mokoundzi-ngouaka,0.0,0.5250915927497108,0.08412070960277673,0.0,435.7,unresolved,unresolved,unresolved,unresolved
Oseille de guinee,seven_individual_markets,market:Bourreau,Moungali,0.0,0.5250915927497108,0.032539529502506756,0.0,435.7,unresolved,unresolved,unresolved,unresolved
Oseille de guinee,seven_individual_markets,market:Bourreau,Ouenze,0.04639895873505593,0.04639895873505593,0.04639895873505593,38.5,38.5,below,below,below,below
Oseille de guinee,seven_individual_markets,market:Bourreau,Plateaux des 15 ans,0.0,0.5250915927497108,0.00602583879676051,0.0,435.7,unresolved,unresolved,unresolved,unresolved
Oseille de guinee,seven_individual_markets,market:Bourreau,Poto-poto,0.0,0.5250915927497108,0.040855187042036264,0.0,435.7,unresolved,unresolved,unresolved,unresolved
Oseille de guinee,seven_individual_markets,market:Bourreau,Talangai,0.037962784419591215,0.037962784419591215,0.037962784419591215,31.500000000000004,31.500000000000004,below,below,below,below
Oseille de guinee,seven_individual_markets,market:Bourreau,Texaco,0.03856536829926727,0.03856536829926727,0.03856536829926727,32.00000000000001,32.00000000000001,below,below,below,below
Oseille de guinee,seven_individual_markets,market:Bourreau,Total,0.19892499035865793,0.19892499035865793,0.19892499035865793,165.05999999999997,165.05999999999997,above,above,below,below
Oseille de guinee,seven_individual_markets,market:Total,Bifouiti,0.0,0.6038010991129966,0.22536637099884307,0.0,501.01,unresolved,unresolved,unresolved,unresolved
Oseille de guinee,seven_individual_markets,market:Total,Bourreau,0.12021548399537217,0.12021548399537217,0.12021548399537217,99.75,99.75,above,above,below,below
Oseille de guinee,seven_individual_markets,market:Total,Commission,0.0,0.6038010991129966,0.0,0.0,501.01,unresolved,unresolved,unresolved,unresolved
Oseille de guinee,seven_individual_markets,market:Total,Kintele,0.0,0.6038010991129966,0.015968472811415352,0.0,501.01,unresolved,unresolved,unresolved,unresolved
Oseille de guinee,seven_individual_markets,market:Total,Madibou,0.08074623987659084,0.08074623987659084,0.08074623987659084,67.0,67.0,above,below,below,below
Oseille de guinee,seven_individual_markets,market:Total,Mikalou,0.07231006556112612,0.07231006556112612,0.07231006556112612,60.00000000000001,60.00000000000001,above,below,below,below
Oseille de guinee,seven_individual_markets,market:Total,Mokoundzi-ngouaka,0.0,0.6038010991129966,0.08412070960277673,0.0,501.01,unresolved,unresolved,unresolved,unresolved
Oseille de guinee,seven_individual_markets,market:Total,Moungali,0.0,0.6038010991129966,0.032539529502506756,0.0,501.01,unresolved,unresolved,unresolved,unresolved
Oseille de guinee,seven_individual_markets,market:Total,Ouenze,0.04639895873505593,0.04639895873505593,0.04639895873505593,38.5,38.5,below,below,below,below
Oseille de guinee,seven_individual_markets,market:Total,Plateaux des 15 ans,0.0,0.6038010991129966,0.00602583879676051,0.0,501.01,unresolved,unresolved,unresolved,unresolved
Oseille de guinee,seven_individual_markets,market:Total,Poto-poto,0.0,0.6038010991129966,0.040855187042036264,0.0,501.01,unresolved,unresolved,unresolved,unresolved
Oseille de guinee,seven_individual_markets,market:Total,Talangai,0.037962784419591215,0.037962784419591215,0.037962784419591215,31.500000000000004,31.500000000000004,below,below,below,below
Oseille de guinee,seven_individual_markets,market:Total,Texaco,0.03856536829926727,0.03856536829926727,0.03856536829926727,32.00000000000001,32.00000000000001,below,below,below,below
Oseille de guinee,seven_individual_markets,market:Total,Total,0.0,0.6038010991129966,0.19892499035865793,0.0,501.01,unresolved,unresolved,unresolved,unresolved
Oseille de guinee,seven_individual_markets,market:Talangai,Bifouiti,0.0,0.44283889317392994,0.22536637099884307,0.0,367.45000000000005,unresolved,unresolved,unresolved,below
Oseille de guinee,seven_individual_markets,market:Talangai,Bourreau,0.12021548399537217,0.12021548399537217,0.12021548399537217,99.75,99.75,above,above,below,below
Oseille de guinee,seven_individual_markets,market:Talangai,Commission,0.0,0.44283889317392994,0.0,0.0,367.45000000000005,unresolved,unresolved,unresolved,below
Oseille de guinee,seven_individual_markets,market:Talangai,Kintele,0.0,0.44283889317392994,0.015968472811415352,0.0,367.45000000000005,unresolved,unresolved,unresolved,below
Oseille de guinee,seven_individual_markets,market:Talangai,Madibou,0.08074623987659084,0.08074623987659084,0.08074623987659084,67.0,67.0,above,below,below,below
Oseille de guinee,seven_individual_markets,market:Talangai,Mikalou,0.07231006556112612,0.07231006556112612,0.07231006556112612,60.00000000000001,60.00000000000001,above,below,below,below
Oseille de guinee,seven_individual_markets,market:Talangai,Mokoundzi-ngouaka,0.0,0.44283889317392994,0.08412070960277673,0.0,367.45000000000005,unresolved,unresolved,unresolved,below
Oseille de guinee,seven_individual_markets,market:Talangai,Moungali,0.0,0.44283889317392994,0.032539529502506756,0.0,367.45000000000005,unresolved,unresolved,unresolved,below
Oseille de guinee,seven_individual_markets,market:Talangai,Ouenze,0.04639895873505593,0.04639895873505593,0.04639895873505593,38.5,38.5,below,below,below,below
Oseille de guinee,seven_individual_markets,market:Talangai,Plateaux des 15 ans,0.0,0.44283889317392994,0.00602583879676051,0.0,367.45000000000005,unresolved,unresolved,unresolved,below
Oseille de guinee,seven_individual_markets,market:Talangai,Poto-poto,0.0,0.44283889317392994,0.040855187042036264,0.0,367.45000000000005,unresolved,unresolved,unresolved,below
Oseille de guinee,seven_individual_markets,market:Talangai,Talangai,0.0,0.44283889317392994,0.037962784419591215,0.0,367.45000000000005,unresolved,unresolved,unresolved,below
Oseille de guinee,seven_individual_markets,market:Talangai,Texaco,0.03856536829926727,0.03856536829926727,0.03856536829926727,32.00000000000001,32.00000000000001,below,below,below,below
Oseille de guinee,seven_individual_markets,market:Talangai,Total,0.19892499035865793,0.19892499035865793,0.19892499035865793,165.05999999999997,165.05999999999997,above,above,below,below
Oseille de guinee,seven_individual_markets,market:Madibou,Bifouiti,0.0,0.48562234863092957,0.22536637099884307,0.0,402.95000000000005,unresolved,unresolved,unresolved,below
Oseille de guinee,seven_individual_markets,market:Madibou,Bourreau,0.12021548399537217,0.12021548399537217,0.12021548399537217,99.75,99.75,above,above,below,below
Oseille de guinee,seven_individual_markets,market:Madibou,Commission,0.0,0.48562234863092957,0.0,0.0,402.95000000000005,unresolved,unresolved,unresolved,below
Oseille de guinee,seven_individual_markets,market:Madibou,Kintele,0.0,0.48562234863092957,0.015968472811415352,0.0,402.95000000000005,unresolved,unresolved,unresolved,below
Oseille de guinee,seven_individual_markets,market:Madibou,Madibou,0.0,0.48562234863092957,0.08074623987659084,0.0,402.95000000000005,unresolved,unresolved,unresolved,below
Oseille de guinee,seven_individual_markets,market:Madibou,Mikalou,0.07231006556112612,0.07231006556112612,0.07231006556112612,60.00000000000001,60.00000000000001,above,below,below,below
Oseille de guinee,seven_individual_markets,market:Madibou,Mokoundzi-ngouaka,0.0,0.48562234863092957,0.08412070960277673,0.0,402.95000000000005,unresolved,unresolved,unresolved,below
Oseille de guinee,seven_individual_markets,market:Madibou,Moungali,0.0,0.48562234863092957,0.032539529502506756,0.0,402.95000000000005,unresolved,unresolved,unresolved,below
Oseille de guinee,seven_individual_markets,market:Madibou,Ouenze,0.04639895873505593,0.04639895873505593,0.04639895873505593,38.5,38.5,below,below,below,below
Oseille de guinee,seven_individual_markets,market:Madibou,Plateaux des 15 ans,0.0,0.48562234863092957,0.00602583879676051,0.0,402.95000000000005,unresolved,unresolved,unresolved,below
Oseille de guinee,seven_individual_markets,market:Madibou,Poto-poto,0.0,0.48562234863092957,0.040855187042036264,0.0,402.95000000000005,unresolved,unresolved,unresolved,below
Oseille de guinee,seven_individual_markets,market:Madibou,Talangai,0.037962784419591215,0.037962784419591215,0.037962784419591215,31.500000000000004,31.500000000000004,below,below,below,below
Oseille de guinee,seven_individual_markets,market:Madibou,Texaco,0.03856536829926727,0.03856536829926727,0.03856536829926727,32.00000000000001,32.00000000000001,below,below,below,below
Oseille de guinee,seven_individual_markets,market:Madibou,Total,0.19892499035865793,0.19892499035865793,0.19892499035865793,165.05999999999997,165.05999999999997,above,above,below,below
Oseille de guinee,seven_individual_markets,market:Ouenze,Bifouiti,0.0,0.45127506748939467,0.22536637099884307,0.0,374.45000000000005,unresolved,unresolved,unresolved,below
Oseille de guinee,seven_individual_markets,market:Ouenze,Bourreau,0.12021548399537217,0.12021548399537217,0.12021548399537217,99.75,99.75,above,above,below,below
Oseille de guinee,seven_individual_markets,market:Ouenze,Commission,0.0,0.45127506748939467,0.0,0.0,374.45000000000005,unresolved,unresolved,unresolved,below
Oseille de guinee,seven_individual_markets,market:Ouenze,Kintele,0.0,0.45127506748939467,0.015968472811415352,0.0,374.45000000000005,unresolved,unresolved,unresolved,below
Oseille de guinee,seven_individual_markets,market:Ouenze,Madibou,0.08074623987659084,0.08074623987659084,0.08074623987659084,67.0,67.0,above,below,below,below
Oseille de guinee,seven_individual_markets,market:Ouenze,Mikalou,0.07231006556112612,0.07231006556112612,0.07231006556112612,60.00000000000001,60.00000000000001,above,below,below,below
Oseille de guinee,seven_individual_markets,market:Ouenze,Mokoundzi-ngouaka,0.0,0.45127506748939467,0.08412070960277673,0.0,374.45000000000005,unresolved,unresolved,unresolved,below
Oseille de guinee,seven_individual_markets,market:Ouenze,Moungali,0.0,0.45127506748939467,0.032539529502506756,0.0,374.45000000000005,unresolved,unresolved,unresolved,below
Oseille de guinee,seven_individual_markets,market:Ouenze,Ouenze,0.0,0.45127506748939467,0.04639895873505593,0.0,374.45000000000005,unresolved,unresolved,unresolved,below
Oseille de guinee,seven_individual_markets,market:Ouenze,Plateaux des 15 ans,0.0,0.45127506748939467,0.00602583879676051,0.0,374.45000000000005,unresolved,unresolved,unresolved,below
Oseille de guinee,seven_individual_markets,market:Ouenze,Poto-poto,0.0,0.45127506748939467,0.040855187042036264,0.0,374.45000000000005,unresolved,unresolved,unresolved,below
Oseille de guinee,seven_individual_markets,market:Ouenze,Talangai,0.037962784419591215,0.037962784419591215,0.037962784419591215,31.500000000000004,31.500000000000004,below,below,below,below
Oseille de guinee,seven_individual_markets,market:Ouenze,Texaco,0.03856536829926727,0.03856536829926727,0.03856536829926727,32.00000000000001,32.00000000000001,below,below,below,below
Oseille de guinee,seven_individual_markets,market:Ouenze,Total,0.19892499035865793,0.19892499035865793,0.19892499035865793,165.05999999999997,165.05999999999997,above,above,below,below
Oseille de guinee,seven_individual_markets,market:Mikalou,Bifouiti,0.0,0.47718617431546484,0.22536637099884307,0.0,395.95000000000005,unresolved,unresolved,unresolved,below
Oseille de guinee,seven_individual_markets,market:Mikalou,Bourreau,0.12021548399537217,0.12021548399537217,0.12021548399537217,99.75,99.75,above,above,below,below
Oseille de guinee,seven_individual_markets,market:Mikalou,Commission,0.0,0.47718617431546484,0.0,0.0,395.95000000000005,unresolved,unresolved,unresolved,below
Oseille de guinee,seven_individual_markets,market:Mikalou,Kintele,0.0,0.47718617431546484,0.015968472811415352,0.0,395.95000000000005,unresolved,unresolved,unresolved,below
Oseille de guinee,seven_individual_markets,market:Mikalou,Madibou,0.08074623987659084,0.08074623987659084,0.08074623987659084,67.0,67.0,above,below,below,below
Oseille de guinee,seven_individual_markets,market:Mikalou,Mikalou,0.0,0.47718617431546484,0.07231006556112612,0.0,395.95000000000005,unresolved,unresolved,unresolved,below
Oseille de guinee,seven_individual_markets,market:Mikalou,Mokoundzi-ngouaka,0.0,0.47718617431546484,0.08412070960277673,0.0,395.95000000000005,unresolved,unresolved,unresolved,below
Oseille de guinee,seven_individual_markets,market:Mikalou,Moungali,0.0,0.47718617431546484,0.032539529502506756,0.0,395.95000000000005,unresolved,unresolved,unresolved,below
Oseille de guinee,seven_individual_markets,market:Mikalou,Ouenze,0.04639895873505593,0.04639895873505593,0.04639895873505593,38.5,38.5,below,below,below,below
Oseille de guinee,seven_individual_markets,market:Mikalou,Plateaux des 15 ans,0.0,0.47718617431546484,0.00602583879676051,0.0,395.95000000000005,unresolved,unresolved,unresolved,below
Oseille de guinee,seven_individual_markets,market:Mikalou,Poto-poto,0.0,0.47718617431546484,0.040855187042036264,0.0,395.95000000000005,unresolved,unresolved,unresolved,below
Oseille de guinee,seven_individual_markets,market:Mikalou,Talangai,0.037962784419591215,0.037962784419591215,0.037962784419591215,31.500000000000004,31.500000000000004,below,below,below,below
Oseille de guinee,seven_individual_markets,market:Mikalou,Texaco,0.03856536829926727,0.03856536829926727,0.03856536829926727,32.00000000000001,32.00000000000001,below,below,below,below
Oseille de guinee,seven_individual_markets,market:Mikalou,Total,0.19892499035865793,0.19892499035865793,0.19892499035865793,165.05999999999997,165.05999999999997,above,above,below,below
Oseille de guinee,seven_paired_market_groups,none,Bifouiti,0.0,0.271765329733899,0.22536637099884307,0.0,225.5,unresolved,unresolved,unresolved,below
Oseille de guinee,seven_paired_market_groups,none,Bourreau,0.0,0.12021548399537217,0.12021548399537217,0.0,99.75,unresolved,unresolved,below,below
Oseille de guinee,seven_paired_market_groups,none,Commission,0.0,0.12021548399537217,0.0,0.0,99.75,unresolved,unresolved,below,below
Oseille de guinee,seven_paired_market_groups,none,Kintele,0.0,0.05393125723100657,0.015968472811415352,0.0,44.75000000000001,unresolved,below,below,below
Oseille de guinee,seven_paired_market_groups,none,Madibou,0.0,0.16486694947936759,0.08074623987659084,0.0,136.80000000000004,unresolved,unresolved,below,below
Oseille de guinee,seven_paired_market_groups,none,Mikalou,0.0,0.11316525260316239,0.07231006556112612,0.0,93.9,unresolved,unresolved,below,below
Oseille de guinee,seven_paired_market_groups,none,Mokoundzi-ngouaka,0.0,0.16486694947936759,0.08412070960277673,0.0,136.80000000000004,unresolved,unresolved,below,below
Oseille de guinee,seven_paired_market_groups,none,Moungali,0.0,0.23146451986116467,0.032539529502506756,0.0,192.05999999999997,unresolved,unresolved,below,below
Oseille de guinee,seven_paired_market_groups,none,Ouenze,0.0,0.271765329733899,0.04639895873505593,0.0,225.5,unresolved,unresolved,unresolved,below
Oseille de guinee,seven_paired_market_groups,none,Plateaux des 15 ans,0.0,0.044591207096027784,0.00602583879676051,0.0,37.00000000000001,below,below,below,below
Oseille de guinee,seven_paired_market_groups,none,Poto-poto,0.0,0.11316525260316239,0.040855187042036264,0.0,93.9,unresolved,unresolved,below,below
Oseille de guinee,seven_paired_market_groups,none,Talangai,0.0,0.05393125723100657,0.037962784419591215,0.0,44.75000000000001,unresolved,below,below,below
Oseille de guinee,seven_paired_market_groups,none,Texaco,0.0,0.044591207096027784,0.03856536829926727,0.0,37.00000000000001,below,below,below,below
Oseille de guinee,seven_paired_market_groups,none,Total,0.0,0.23146451986116467,0.19892499035865793,0.0,192.05999999999997,unresolved,unresolved,below,below
Oseille de guinee,seven_paired_market_groups,pair:Texaco|Plateaux des 15 ans,Bifouiti,0.0,0.271765329733899,0.22536637099884307,0.0,225.5,unresolved,unresolved,unresolved,below
Oseille de guinee,seven_paired_market_groups,pair:Texaco|Plateaux des 15 ans,Bourreau,0.0,0.12021548399537217,0.12021548399537217,0.0,99.75,unresolved,unresolved,below,below
Oseille de guinee,seven_paired_market_groups,pair:Texaco|Plateaux des 15 ans,Commission,0.0,0.12021548399537217,0.0,0.0,99.75,unresolved,unresolved,below,below
Oseille de guinee,seven_paired_market_groups,pair:Texaco|Plateaux des 15 ans,Kintele,0.0,0.05393125723100657,0.015968472811415352,0.0,44.75000000000001,unresolved,below,below,below
Oseille de guinee,seven_paired_market_groups,pair:Texaco|Plateaux des 15 ans,Madibou,0.0,0.16486694947936759,0.08074623987659084,0.0,136.80000000000004,unresolved,unresolved,below,below
Oseille de guinee,seven_paired_market_groups,pair:Texaco|Plateaux des 15 ans,Mikalou,0.0,0.11316525260316239,0.07231006556112612,0.0,93.9,unresolved,unresolved,below,below
Oseille de guinee,seven_paired_market_groups,pair:Texaco|Plateaux des 15 ans,Mokoundzi-ngouaka,0.0,0.16486694947936759,0.08412070960277673,0.0,136.80000000000004,unresolved,unresolved,below,below
Oseille de guinee,seven_paired_market_groups,pair:Texaco|Plateaux des 15 ans,Moungali,0.0,0.23146451986116467,0.032539529502506756,0.0,192.05999999999997,unresolved,unresolved,below,below
Oseille de guinee,seven_paired_market_groups,pair:Texaco|Plateaux des 15 ans,Ouenze,0.0,0.271765329733899,0.04639895873505593,0.0,225.5,unresolved,unresolved,unresolved,below
Oseille de guinee,seven_paired_market_groups,pair:Texaco|Plateaux des 15 ans,Plateaux des 15 ans,0.0,0.044591207096027784,0.00602583879676051,0.0,37.00000000000001,below,below,below,below
Oseille de guinee,seven_paired_market_groups,pair:Texaco|Plateaux des 15 ans,Poto-poto,0.0,0.11316525260316239,0.040855187042036264,0.0,93.9,unresolved,unresolved,below,below
Oseille de guinee,seven_paired_market_groups,pair:Texaco|Plateaux des 15 ans,Talangai,0.0,0.05393125723100657,0.037962784419591215,0.0,44.75000000000001,unresolved,below,below,below
Oseille de guinee,seven_paired_market_groups,pair:Texaco|Plateaux des 15 ans,Texaco,0.0,0.044591207096027784,0.03856536829926727,0.0,37.00000000000001,below,below,below,below
Oseille de guinee,seven_paired_market_groups,pair:Texaco|Plateaux des 15 ans,Total,0.0,0.23146451986116467,0.19892499035865793,0.0,192.05999999999997,unresolved,unresolved,below,below
Oseille de guinee,seven_paired_market_groups,pair:Bourreau|Commission,Bifouiti,0.0,0.271765329733899,0.22536637099884307,0.0,225.5,unresolved,unresolved,unresolved,below
Oseille de guinee,seven_paired_market_groups,pair:Bourreau|Commission,Bourreau,0.0,0.12021548399537217,0.12021548399537217,0.0,99.75,unresolved,unresolved,below,below
Oseille de guinee,seven_paired_market_groups,pair:Bourreau|Commission,Commission,0.0,0.12021548399537217,0.0,0.0,99.75,unresolved,unresolved,below,below
Oseille de guinee,seven_paired_market_groups,pair:Bourreau|Commission,Kintele,0.0,0.05393125723100657,0.015968472811415352,0.0,44.75000000000001,unresolved,below,below,below
Oseille de guinee,seven_paired_market_groups,pair:Bourreau|Commission,Madibou,0.0,0.16486694947936759,0.08074623987659084,0.0,136.80000000000004,unresolved,unresolved,below,below
Oseille de guinee,seven_paired_market_groups,pair:Bourreau|Commission,Mikalou,0.0,0.11316525260316239,0.07231006556112612,0.0,93.9,unresolved,unresolved,below,below
Oseille de guinee,seven_paired_market_groups,pair:Bourreau|Commission,Mokoundzi-ngouaka,0.0,0.16486694947936759,0.08412070960277673,0.0,136.80000000000004,unresolved,unresolved,below,below
Oseille de guinee,seven_paired_market_groups,pair:Bourreau|Commission,Moungali,0.0,0.23146451986116467,0.032539529502506756,0.0,192.05999999999997,unresolved,unresolved,below,below
Oseille de guinee,seven_paired_market_groups,pair:Bourreau|Commission,Ouenze,0.0,0.271765329733899,0.04639895873505593,0.0,225.5,unresolved,unresolved,unresolved,below
Oseille de guinee,seven_paired_market_groups,pair:Bourreau|Commission,Plateaux des 15 ans,0.0,0.044591207096027784,0.00602583879676051,0.0,37.00000000000001,below,below,below,below
Oseille de guinee,seven_paired_market_groups,pair:Bourreau|Commission,Poto-poto,0.0,0.11316525260316239,0.040855187042036264,0.0,93.9,unresolved,unresolved,below,below
Oseille de guinee,seven_paired_market_groups,pair:Bourreau|Commission,Talangai,0.0,0.05393125723100657,0.037962784419591215,0.0,44.75000000000001,unresolved,below,below,below
Oseille de guinee,seven_paired_market_groups,pair:Bourreau|Commission,Texaco,0.0,0.044591207096027784,0.03856536829926727,0.0,37.00000000000001,below,below,below,below
Oseille de guinee,seven_paired_market_groups,pair:Bourreau|Commission,Total,0.0,0.23146451986116467,0.19892499035865793,0.0,192.05999999999997,unresolved,unresolved,below,below
Oseille de guinee,seven_paired_market_groups,pair:Total|Moungali,Bifouiti,0.0,0.271765329733899,0.22536637099884307,0.0,225.5,unresolved,unresolved,unresolved,below
Oseille de guinee,seven_paired_market_groups,pair:Total|Moungali,Bourreau,0.0,0.12021548399537217,0.12021548399537217,0.0,99.75,unresolved,unresolved,below,below
Oseille de guinee,seven_paired_market_groups,pair:Total|Moungali,Commission,0.0,0.12021548399537217,0.0,0.0,99.75,unresolved,unresolved,below,below
Oseille de guinee,seven_paired_market_groups,pair:Total|Moungali,Kintele,0.0,0.05393125723100657,0.015968472811415352,0.0,44.75000000000001,unresolved,below,below,below
Oseille de guinee,seven_paired_market_groups,pair:Total|Moungali,Madibou,0.0,0.16486694947936759,0.08074623987659084,0.0,136.80000000000004,unresolved,unresolved,below,below
Oseille de guinee,seven_paired_market_groups,pair:Total|Moungali,Mikalou,0.0,0.11316525260316239,0.07231006556112612,0.0,93.9,unresolved,unresolved,below,below
Oseille de guinee,seven_paired_market_groups,pair:Total|Moungali,Mokoundzi-ngouaka,0.0,0.16486694947936759,0.08412070960277673,0.0,136.80000000000004,unresolved,unresolved,below,below
Oseille de guinee,seven_paired_market_groups,pair:Total|Moungali,Moungali,0.0,0.23146451986116467,0.032539529502506756,0.0,192.05999999999997,unresolved,unresolved,below,below
Oseille de guinee,seven_paired_market_groups,pair:Total|Moungali,Ouenze,0.0,0.271765329733899,0.04639895873505593,0.0,225.5,unresolved,unresolved,unresolved,below
Oseille de guinee,seven_paired_market_groups,pair:Total|Moungali,Plateaux des 15 ans,0.0,0.044591207096027784,0.00602583879676051,0.0,37.00000000000001,below,below,below,below
Oseille de guinee,seven_paired_market_groups,pair:Total|Moungali,Poto-poto,0.0,0.11316525260316239,0.040855187042036264,0.0,93.9,unresolved,unresolved,below,below
Oseille de guinee,seven_paired_market_groups,pair:Total|Moungali,Talangai,0.0,0.05393125723100657,0.037962784419591215,0.0,44.75000000000001,unresolved,below,below,below
Oseille de guinee,seven_paired_market_groups,pair:Total|Moungali,Texaco,0.0,0.044591207096027784,0.03856536829926727,0.0,37.00000000000001,below,below,below,below
Oseille de guinee,seven_paired_market_groups,pair:Total|Moungali,Total,0.0,0.23146451986116467,0.19892499035865793,0.0,192.05999999999997,unresolved,unresolved,below,below
Oseille de guinee,seven_paired_market_groups,pair:Talangai|Kintele,Bifouiti,0.0,0.271765329733899,0.22536637099884307,0.0,225.5,unresolved,unresolved,unresolved,below
Oseille de guinee,seven_paired_market_groups,pair:Talangai|Kintele,Bourreau,0.0,0.12021548399537217,0.12021548399537217,0.0,99.75,unresolved,unresolved,below,below
Oseille de guinee,seven_paired_market_groups,pair:Talangai|Kintele,Commission,0.0,0.12021548399537217,0.0,0.0,99.75,unresolved,unresolved,below,below
Oseille de guinee,seven_paired_market_groups,pair:Talangai|Kintele,Kintele,0.0,0.05393125723100657,0.015968472811415352,0.0,44.75000000000001,unresolved,below,below,below
Oseille de guinee,seven_paired_market_groups,pair:Talangai|Kintele,Madibou,0.0,0.16486694947936759,0.08074623987659084,0.0,136.80000000000004,unresolved,unresolved,below,below
Oseille de guinee,seven_paired_market_groups,pair:Talangai|Kintele,Mikalou,0.0,0.11316525260316239,0.07231006556112612,0.0,93.9,unresolved,unresolved,below,below
Oseille de guinee,seven_paired_market_groups,pair:Talangai|Kintele,Mokoundzi-ngouaka,0.0,0.16486694947936759,0.08412070960277673,0.0,136.80000000000004,unresolved,unresolved,below,below
Oseille de guinee,seven_paired_market_groups,pair:Talangai|Kintele,Moungali,0.0,0.23146451986116467,0.032539529502506756,0.0,192.05999999999997,unresolved,unresolved,below,below
Oseille de guinee,seven_paired_market_groups,pair:Talangai|Kintele,Ouenze,0.0,0.271765329733899,0.04639895873505593,0.0,225.5,unresolved,unresolved,unresolved,below
Oseille de guinee,seven_paired_market_groups,pair:Talangai|Kintele,Plateaux des 15 ans,0.0,0.044591207096027784,0.00602583879676051,0.0,37.00000000000001,below,below,below,below
Oseille de guinee,seven_paired_market_groups,pair:Talangai|Kintele,Poto-poto,0.0,0.11316525260316239,0.040855187042036264,0.0,93.9,unresolved,unresolved,below,below
Oseille de guinee,seven_paired_market_groups,pair:Talangai|Kintele,Talangai,0.0,0.05393125723100657,0.037962784419591215,0.0,44.75000000000001,unresolved,below,below,below
Oseille de guinee,seven_paired_market_groups,pair:Talangai|Kintele,Texaco,0.0,0.044591207096027784,0.03856536829926727,0.0,37.00000000000001,below,below,below,below
Oseille de guinee,seven_paired_market_groups,pair:Talangai|Kintele,Total,0.0,0.23146451986116467,0.19892499035865793,0.0,192.05999999999997,unresolved,unresolved,below,below
Oseille de guinee,seven_paired_market_groups,pair:Madibou|Mokoundzi-ngouaka,Bifouiti,0.0,0.271765329733899,0.22536637099884307,0.0,225.5,unresolved,unresolved,unresolved,below
Oseille de guinee,seven_paired_market_groups,pair:Madibou|Mokoundzi-ngouaka,Bourreau,0.0,0.12021548399537217,0.12021548399537217,0.0,99.75,unresolved,unresolved,below,below
Oseille de guinee,seven_paired_market_groups,pair:Madibou|Mokoundzi-ngouaka,Commission,0.0,0.12021548399537217,0.0,0.0,99.75,unresolved,unresolved,below,below
Oseille de guinee,seven_paired_market_groups,pair:Madibou|Mokoundzi-ngouaka,Kintele,0.0,0.05393125723100657,0.015968472811415352,0.0,44.75000000000001,unresolved,below,below,below
Oseille de guinee,seven_paired_market_groups,pair:Madibou|Mokoundzi-ngouaka,Madibou,0.0,0.16486694947936759,0.08074623987659084,0.0,136.80000000000004,unresolved,unresolved,below,below
Oseille de guinee,seven_paired_market_groups,pair:Madibou|Mokoundzi-ngouaka,Mikalou,0.0,0.11316525260316239,0.07231006556112612,0.0,93.9,unresolved,unresolved,below,below
Oseille de guinee,seven_paired_market_groups,pair:Madibou|Mokoundzi-ngouaka,Mokoundzi-ngouaka,0.0,0.16486694947936759,0.08412070960277673,0.0,136.80000000000004,unresolved,unresolved,below,below
Oseille de guinee,seven_paired_market_groups,pair:Madibou|Mokoundzi-ngouaka,Moungali,0.0,0.23146451986116467,0.032539529502506756,0.0,192.05999999999997,unresolved,unresolved,below,below
Oseille de guinee,seven_paired_market_groups,pair:Madibou|Mokoundzi-ngouaka,Ouenze,0.0,0.271765329733899,0.04639895873505593,0.0,225.5,unresolved,unresolved,unresolved,below
Oseille de guinee,seven_paired_market_groups,pair:Madibou|Mokoundzi-ngouaka,Plateaux des 15 ans,0.0,0.044591207096027784,0.00602583879676051,0.0,37.00000000000001,below,below,below,below
Oseille de guinee,seven_paired_market_groups,pair:Madibou|Mokoundzi-ngouaka,Poto-poto,0.0,0.11316525260316239,0.040855187042036264,0.0,93.9,unresolved,unresolved,below,below
Oseille de guinee,seven_paired_market_groups,pair:Madibou|Mokoundzi-ngouaka,Talangai,0.0,0.05393125723100657,0.037962784419591215,0.0,44.75000000000001,unresolved,below,below,below
Oseille de guinee,seven_paired_market_groups,pair:Madibou|Mokoundzi-ngouaka,Texaco,0.0,0.044591207096027784,0.03856536829926727,0.0,37.00000000000001,below,below,below,below
Oseille de guinee,seven_paired_market_groups,pair:Madibou|Mokoundzi-ngouaka,Total,0.0,0.23146451986116467,0.19892499035865793,0.0,192.05999999999997,unresolved,unresolved,below,below
Oseille de guinee,seven_paired_market_groups,pair:Ouenze|Bifouiti,Bifouiti,0.0,0.271765329733899,0.22536637099884307,0.0,225.5,unresolved,unresolved,unresolved,below
Oseille de guinee,seven_paired_market_groups,pair:Ouenze|Bifouiti,Bourreau,0.0,0.12021548399537217,0.12021548399537217,0.0,99.75,unresolved,unresolved,below,below
Oseille de guinee,seven_paired_market_groups,pair:Ouenze|Bifouiti,Commission,0.0,0.12021548399537217,0.0,0.0,99.75,unresolved,unresolved,below,below
Oseille de guinee,seven_paired_market_groups,pair:Ouenze|Bifouiti,Kintele,0.0,0.05393125723100657,0.015968472811415352,0.0,44.75000000000001,unresolved,below,below,below
Oseille de guinee,seven_paired_market_groups,pair:Ouenze|Bifouiti,Madibou,0.0,0.16486694947936759,0.08074623987659084,0.0,136.80000000000004,unresolved,unresolved,below,below
Oseille de guinee,seven_paired_market_groups,pair:Ouenze|Bifouiti,Mikalou,0.0,0.11316525260316239,0.07231006556112612,0.0,93.9,unresolved,unresolved,below,below
Oseille de guinee,seven_paired_market_groups,pair:Ouenze|Bifouiti,Mokoundzi-ngouaka,0.0,0.16486694947936759,0.08412070960277673,0.0,136.80000000000004,unresolved,unresolved,below,below
Oseille de guinee,seven_paired_market_groups,pair:Ouenze|Bifouiti,Moungali,0.0,0.23146451986116467,0.032539529502506756,0.0,192.05999999999997,unresolved,unresolved,below,below
Oseille de guinee,seven_paired_market_groups,pair:Ouenze|Bifouiti,Ouenze,0.0,0.271765329733899,0.04639895873505593,0.0,225.5,unresolved,unresolved,unresolved,below
Oseille de guinee,seven_paired_market_groups,pair:Ouenze|Bifouiti,Plateaux des 15 ans,0.0,0.044591207096027784,0.00602583879676051,0.0,37.00000000000001,below,below,below,below
Oseille de guinee,seven_paired_market_groups,pair:Ouenze|Bifouiti,Poto-poto,0.0,0.11316525260316239,0.040855187042036264,0.0,93.9,unresolved,unresolved,below,below
Oseille de guinee,seven_paired_market_groups,pair:Ouenze|Bifouiti,Talangai,0.0,0.05393125723100657,0.037962784419591215,0.0,44.75000000000001,unresolved,below,below,below
Oseille de guinee,seven_paired_market_groups,pair:Ouenze|Bifouiti,Texaco,0.0,0.044591207096027784,0.03856536829926727,0.0,37.00000000000001,below,below,below,below
Oseille de guinee,seven_paired_market_groups,pair:Ouenze|Bifouiti,Total,0.0,0.23146451986116467,0.19892499035865793,0.0,192.05999999999997,unresolved,unresolved,below,below
Oseille de guinee,seven_paired_market_groups,pair:Mikalou|Poto-poto,Bifouiti,0.0,0.271765329733899,0.22536637099884307,0.0,225.5,unresolved,unresolved,unresolved,below
Oseille de guinee,seven_paired_market_groups,pair:Mikalou|Poto-poto,Bourreau,0.0,0.12021548399537217,0.12021548399537217,0.0,99.75,unresolved,unresolved,below,below
Oseille de guinee,seven_paired_market_groups,pair:Mikalou|Poto-poto,Commission,0.0,0.12021548399537217,0.0,0.0,99.75,unresolved,unresolved,below,below
Oseille de guinee,seven_paired_market_groups,pair:Mikalou|Poto-poto,Kintele,0.0,0.05393125723100657,0.015968472811415352,0.0,44.75000000000001,unresolved,below,below,below
Oseille de guinee,seven_paired_market_groups,pair:Mikalou|Poto-poto,Madibou,0.0,0.16486694947936759,0.08074623987659084,0.0,136.80000000000004,unresolved,unresolved,below,below
Oseille de guinee,seven_paired_market_groups,pair:Mikalou|Poto-poto,Mikalou,0.0,0.11316525260316239,0.07231006556112612,0.0,93.9,unresolved,unresolved,below,below
Oseille de guinee,seven_paired_market_groups,pair:Mikalou|Poto-poto,Mokoundzi-ngouaka,0.0,0.16486694947936759,0.08412070960277673,0.0,136.80000000000004,unresolved,unresolved,below,below
Oseille de guinee,seven_paired_market_groups,pair:Mikalou|Poto-poto,Moungali,0.0,0.23146451986116467,0.032539529502506756,0.0,192.05999999999997,unresolved,unresolved,below,below
Oseille de guinee,seven_paired_market_groups,pair:Mikalou|Poto-poto,Ouenze,0.0,0.271765329733899,0.04639895873505593,0.0,225.5,unresolved,unresolved,unresolved,below
Oseille de guinee,seven_paired_market_groups,pair:Mikalou|Poto-poto,Plateaux des 15 ans,0.0,0.044591207096027784,0.00602583879676051,0.0,37.00000000000001,below,below,below,below
Oseille de guinee,seven_paired_market_groups,pair:Mikalou|Poto-poto,Poto-poto,0.0,0.11316525260316239,0.040855187042036264,0.0,93.9,unresolved,unresolved,below,below
Oseille de guinee,seven_paired_market_groups,pair:Mikalou|Poto-poto,Talangai,0.0,0.05393125723100657,0.037962784419591215,0.0,44.75000000000001,unresolved,below,below,below
Oseille de guinee,seven_paired_market_groups,pair:Mikalou|Poto-poto,Texaco,0.0,0.044591207096027784,0.03856536829926727,0.0,37.00000000000001,below,below,below,below
Oseille de guinee,seven_paired_market_groups,pair:Mikalou|Poto-poto,Total,0.0,0.23146451986116467,0.19892499035865793,0.0,192.05999999999997,unresolved,unresolved,below,below
Piment,seven_individual_markets,none,Bifouiti,0.0,0.14872975878376365,0.004486953418115226,0.0,145.84749999999997,unresolved,unresolved,below,below
Piment,seven_individual_markets,none,Bourreau,0.0,0.14872975878376365,0.01685156937144411,0.0,145.84749999999997,unresolved,unresolved,below,below
Piment,seven_individual_markets,none,Commission,0.0,0.14872975878376365,0.001593378344501145,0.0,145.84749999999997,unresolved,unresolved,below,below
Piment,seven_individual_markets,none,Kintele,0.0,0.14872975878376365,0.01764188503031668,0.0,145.84749999999997,unresolved,unresolved,below,below
Piment,seven_individual_markets,none,Madibou,0.0,0.14872975878376365,0.061083752214795894,0.0,145.84749999999997,unresolved,unresolved,below,below
Piment,seven_individual_markets,none,Mikalou,0.05037624973974821,0.05037624973974821,0.05037624973974821,49.40000000000001,49.40000000000001,above,below,below,below
Piment,seven_individual_markets,none,Mokoundzi-ngouaka,0.0,0.14872975878376365,0.013420069768726442,0.0,145.84749999999997,unresolved,unresolved,below,below
Piment,seven_individual_markets,none,Moungali,0.0,0.14872975878376365,0.03365215063586418,0.0,145.84749999999997,unresolved,unresolved,below,below
Piment,seven_individual_markets,none,Ouenze,0.013460860254345676,0.013460860254345676,0.013460860254345676,13.200000000000003,13.200000000000003,below,below,below,below
Piment,seven_individual_markets,none,Plateaux des 15 ans,0.012492086220888977,0.012492086220888977,0.012492086220888977,12.25,12.25,below,below,below,below
Piment,seven_individual_markets,none,Poto-poto,0.13605326557580447,0.13605326557580447,0.13605326557580447,133.41666666666669,133.41666666666669,above,above,below,below
Piment,seven_individual_markets,none,Talangai,0.058738299291690235,0.058738299291690235,0.058738299291690235,57.60000000000002,57.60000000000002,above,below,below,below
Piment,seven_individual_markets,none,Texaco,0.2484820415638052,0.2484820415638052,0.2484820415638052,243.66666666666666,243.66666666666666,above,above,below,below
Piment,seven_individual_markets,none,Total,0.33166743856995357,0.33166743856995357,0.33166743856995357,325.24,325.24,above,above,above,below
Piment,seven_individual_markets,market:Ouenze,Bifouiti,0.0,0.16219061903810933,0.004486953418115226,0.0,159.04749999999999,unresolved,unresolved,below,below
Piment,seven_individual_markets,market:Ouenze,Bourreau,0.0,0.16219061903810933,0.01685156937144411,0.0,159.04749999999999,unresolved,unresolved,below,below
Piment,seven_individual_markets,market:Ouenze,Commission,0.0,0.16219061903810933,0.001593378344501145,0.0,159.04749999999999,unresolved,unresolved,below,below
Piment,seven_individual_markets,market:Ouenze,Kintele,0.0,0.16219061903810933,0.01764188503031668,0.0,159.04749999999999,unresolved,unresolved,below,below
Piment,seven_individual_markets,market:Ouenze,Madibou,0.0,0.16219061903810933,0.061083752214795894,0.0,159.04749999999999,unresolved,unresolved,below,below
Piment,seven_individual_markets,market:Ouenze,Mikalou,0.05037624973974821,0.05037624973974821,0.05037624973974821,49.40000000000001,49.40000000000001,above,below,below,below
Piment,seven_individual_markets,market:Ouenze,Mokoundzi-ngouaka,0.0,0.16219061903810933,0.013420069768726442,0.0,159.04749999999999,unresolved,unresolved,below,below
Piment,seven_individual_markets,market:Ouenze,Moungali,0.0,0.16219061903810933,0.03365215063586418,0.0,159.04749999999999,unresolved,unresolved,below,below
Piment,seven_individual_markets,market:Ouenze,Ouenze,0.0,0.16219061903810933,0.013460860254345676,0.0,159.04749999999999,unresolved,unresolved,below,below
Piment,seven_individual_markets,market:Ouenze,Plateaux des 15 ans,0.012492086220888977,0.012492086220888977,0.012492086220888977,12.25,12.25,below,below,below,below
Piment,seven_individual_markets,market:Ouenze,Poto-poto,0.13605326557580447,0.13605326557580447,0.13605326557580447,133.41666666666669,133.41666666666669,above,above,below,below
Piment,seven_individual_markets,market:Ouenze,Talangai,0.058738299291690235,0.058738299291690235,0.058738299291690235,57.60000000000002,57.60000000000002,above,below,below,below
Piment,seven_individual_markets,market:Ouenze,Texaco,0.2484820415638052,0.2484820415638052,0.2484820415638052,243.66666666666666,243.66666666666666,above,above,below,below
Piment,seven_individual_markets,market:Ouenze,Total,0.33166743856995357,0.33166743856995357,0.33166743856995357,325.24,325.24,above,above,above,below
Piment,seven_individual_markets,market:Texaco,Bifouiti,0.0,0.39721180034756887,0.004486953418115226,0.0,389.51416666666665,unresolved,unresolved,unresolved,below
Piment,seven_individual_markets,market:Texaco,Bourreau,0.0,0.39721180034756887,0.01685156937144411,0.0,389.51416666666665,unresolved,unresolved,unresolved,below
Piment,seven_individual_markets,market:Texaco,Commission,0.0,0.39721180034756887,0.001593378344501145,0.0,389.51416666666665,unresolved,unresolved,unresolved,below
Piment,seven_individual_markets,market:Texaco,Kintele,0.0,0.39721180034756887,0.01764188503031668,0.0,389.51416666666665,unresolved,unresolved,unresolved,below
Piment,seven_individual_markets,market:Texaco,Madibou,0.0,0.39721180034756887,0.061083752214795894,0.0,389.51416666666665,unresolved,unresolved,unresolved,below
Piment,seven_individual_markets,market:Texaco,Mikalou,0.05037624973974821,0.05037624973974821,0.05037624973974821,49.40000000000001,49.40000000000001,above,below,below,below
Piment,seven_individual_markets,market:Texaco,Mokoundzi-ngouaka,0.0,0.39721180034756887,0.013420069768726442,0.0,389.51416666666665,unresolved,unresolved,unresolved,below
Piment,seven_individual_markets,market:Texaco,Moungali,0.0,0.39721180034756887,0.03365215063586418,0.0,389.51416666666665,unresolved,unresolved,unresolved,below
Piment,seven_individual_markets,market:Texaco,Ouenze,0.013460860254345676,0.013460860254345676,0.013460860254345676,13.200000000000003,13.200000000000003,below,below,below,below
Piment,seven_individual_markets,market:Texaco,Plateaux des 15 ans,0.012492086220888977,0.012492086220888977,0.012492086220888977,12.25,12.25,below,below,below,below
Piment,seven_individual_markets,market:Texaco,Poto-poto,0.13605326557580447,0.13605326557580447,0.13605326557580447,133.41666666666669,133.41666666666669,above,above,below,below
Piment,seven_individual_markets,market:Texaco,Talangai,0.058738299291690235,0.058738299291690235,0.058738299291690235,57.60000000000002,57.60000000000002,above,below,below,below
Piment,seven_individual_markets,market:Texaco,Texaco,0.0,0.39721180034756887,0.2484820415638052,0.0,389.51416666666665,unresolved,unresolved,unresolved,below
Piment,seven_individual_markets,market:Texaco,Total,0.33166743856995357,0.33166743856995357,0.33166743856995357,325.24,325.24,above,above,above,below
Piment,seven_individual_markets,market:Mikalou,Bifouiti,0.0,0.1991060085235119,0.004486953418115226,0.0,195.24750000000003,unresolved,unresolved,below,below
Piment,seven_individual_markets,market:Mikalou,Bourreau,0.0,0.1991060085235119,0.01685156937144411,0.0,195.24750000000003,unresolved,unresolved,below,below
Piment,seven_individual_markets,market:Mikalou,Commission,0.0,0.1991060085235119,0.001593378344501145,0.0,195.24750000000003,unresolved,unresolved,below,below
Piment,seven_individual_markets,market:Mikalou,Kintele,0.0,0.1991060085235119,0.01764188503031668,0.0,195.24750000000003,unresolved,unresolved,below,below
Piment,seven_individual_markets,market:Mikalou,Madibou,0.0,0.1991060085235119,0.061083752214795894,0.0,195.24750000000003,unresolved,unresolved,below,below
Piment,seven_individual_markets,market:Mikalou,Mikalou,0.0,0.1991060085235119,0.05037624973974821,0.0,195.24750000000003,unresolved,unresolved,below,below
Piment,seven_individual_markets,market:Mikalou,Mokoundzi-ngouaka,0.0,0.1991060085235119,0.013420069768726442,0.0,195.24750000000003,unresolved,unresolved,below,below
Piment,seven_individual_markets,market:Mikalou,Moungali,0.0,0.1991060085235119,0.03365215063586418,0.0,195.24750000000003,unresolved,unresolved,below,below
Piment,seven_individual_markets,market:Mikalou,Ouenze,0.013460860254345676,0.013460860254345676,0.013460860254345676,13.200000000000003,13.200000000000003,below,below,below,below
Piment,seven_individual_markets,market:Mikalou,Plateaux des 15 ans,0.012492086220888977,0.012492086220888977,0.012492086220888977,12.25,12.25,below,below,below,below
Piment,seven_individual_markets,market:Mikalou,Poto-poto,0.13605326557580447,0.13605326557580447,0.13605326557580447,133.41666666666669,133.41666666666669,above,above,below,below
Piment,seven_individual_markets,market:Mikalou,Talangai,0.058738299291690235,0.058738299291690235,0.058738299291690235,57.60000000000002,57.60000000000002,above,below,below,below
Piment,seven_individual_markets,market:Mikalou,Texaco,0.2484820415638052,0.2484820415638052,0.2484820415638052,243.66666666666666,243.66666666666666,above,above,below,below
Piment,seven_individual_markets,market:Mikalou,Total,0.33166743856995357,0.33166743856995357,0.33166743856995357,325.24,325.24,above,above,above,below
Piment,seven_individual_markets,market:Total,Bifouiti,0.0,0.4803971973537172,0.004486953418115226,0.0,471.0875,unresolved,unresolved,unresolved,below
Piment,seven_individual_markets,market:Total,Bourreau,0.0,0.4803971973537172,0.01685156937144411,0.0,471.0875,unresolved,unresolved,unresolved,below
Piment,seven_individual_markets,market:Total,Commission,0.0,0.4803971973537172,0.001593378344501145,0.0,471.0875,unresolved,unresolved,unresolved,below
Piment,seven_individual_markets,market:Total,Kintele,0.0,0.4803971973537172,0.01764188503031668,0.0,471.0875,unresolved,unresolved,unresolved,below
Piment,seven_individual_markets,market:Total,Madibou,0.0,0.4803971973537172,0.061083752214795894,0.0,471.0875,unresolved,unresolved,unresolved,below
Piment,seven_individual_markets,market:Total,Mikalou,0.05037624973974821,0.05037624973974821,0.05037624973974821,49.40000000000001,49.40000000000001,above,below,below,below
Piment,seven_individual_markets,market:Total,Mokoundzi-ngouaka,0.0,0.4803971973537172,0.013420069768726442,0.0,471.0875,unresolved,unresolved,unresolved,below
Piment,seven_individual_markets,market:Total,Moungali,0.0,0.4803971973537172,0.03365215063586418,0.0,471.0875,unresolved,unresolved,unresolved,below
Piment,seven_individual_markets,market:Total,Ouenze,0.013460860254345676,0.013460860254345676,0.013460860254345676,13.200000000000003,13.200000000000003,below,below,below,below
Piment,seven_individual_markets,market:Total,Plateaux des 15 ans,0.012492086220888977,0.012492086220888977,0.012492086220888977,12.25,12.25,below,below,below,below
Piment,seven_individual_markets,market:Total,Poto-poto,0.13605326557580447,0.13605326557580447,0.13605326557580447,133.41666666666669,133.41666666666669,above,above,below,below
Piment,seven_individual_markets,market:Total,Talangai,0.058738299291690235,0.058738299291690235,0.058738299291690235,57.60000000000002,57.60000000000002,above,below,below,below
Piment,seven_individual_markets,market:Total,Texaco,0.2484820415638052,0.2484820415638052,0.2484820415638052,243.66666666666666,243.66666666666666,above,above,below,below
Piment,seven_individual_markets,market:Total,Total,0.0,0.4803971973537172,0.33166743856995357,0.0,471.0875,unresolved,unresolved,unresolved,below
Piment,seven_individual_markets,market:Plateaux des 15 ans,Bifouiti,0.0,0.16122184500465264,0.004486953418115226,0.0,158.0975,unresolved,unresolved,below,below
Piment,seven_individual_markets,market:Plateaux des 15 ans,Bourreau,0.0,0.16122184500465264,0.01685156937144411,0.0,158.0975,unresolved,unresolved,below,below
Piment,seven_individual_markets,market:Plateaux des 15 ans,Commission,0.0,0.16122184500465264,0.001593378344501145,0.0,158.0975,unresolved,unresolved,below,below
Piment,seven_individual_markets,market:Plateaux des 15 ans,Kintele,0.0,0.16122184500465264,0.01764188503031668,0.0,158.0975,unresolved,unresolved,below,below
Piment,seven_individual_markets,market:Plateaux des 15 ans,Madibou,0.0,0.16122184500465264,0.061083752214795894,0.0,158.0975,unresolved,unresolved,below,below
Piment,seven_individual_markets,market:Plateaux des 15 ans,Mikalou,0.05037624973974821,0.05037624973974821,0.05037624973974821,49.40000000000001,49.40000000000001,above,below,below,below
Piment,seven_individual_markets,market:Plateaux des 15 ans,Mokoundzi-ngouaka,0.0,0.16122184500465264,0.013420069768726442,0.0,158.0975,unresolved,unresolved,below,below
Piment,seven_individual_markets,market:Plateaux des 15 ans,Moungali,0.0,0.16122184500465264,0.03365215063586418,0.0,158.0975,unresolved,unresolved,below,below
Piment,seven_individual_markets,market:Plateaux des 15 ans,Ouenze,0.013460860254345676,0.013460860254345676,0.013460860254345676,13.200000000000003,13.200000000000003,below,below,below,below
Piment,seven_individual_markets,market:Plateaux des 15 ans,Plateaux des 15 ans,0.0,0.16122184500465264,0.012492086220888977,0.0,158.0975,unresolved,unresolved,below,below
Piment,seven_individual_markets,market:Plateaux des 15 ans,Poto-poto,0.13605326557580447,0.13605326557580447,0.13605326557580447,133.41666666666669,133.41666666666669,above,above,below,below
Piment,seven_individual_markets,market:Plateaux des 15 ans,Talangai,0.058738299291690235,0.058738299291690235,0.058738299291690235,57.60000000000002,57.60000000000002,above,below,below,below
Piment,seven_individual_markets,market:Plateaux des 15 ans,Texaco,0.2484820415638052,0.2484820415638052,0.2484820415638052,243.66666666666666,243.66666666666666,above,above,below,below
Piment,seven_individual_markets,market:Plateaux des 15 ans,Total,0.33166743856995357,0.33166743856995357,0.33166743856995357,325.24,325.24,above,above,above,below
Piment,seven_individual_markets,market:Talangai,Bifouiti,0.0,0.20746805807545388,0.004486953418115226,0.0,203.4475,unresolved,unresolved,below,below
Piment,seven_individual_markets,market:Talangai,Bourreau,0.0,0.20746805807545388,0.01685156937144411,0.0,203.4475,unresolved,unresolved,below,below
Piment,seven_individual_markets,market:Talangai,Commission,0.0,0.20746805807545388,0.001593378344501145,0.0,203.4475,unresolved,unresolved,below,below
Piment,seven_individual_markets,market:Talangai,Kintele,0.0,0.20746805807545388,0.01764188503031668,0.0,203.4475,unresolved,unresolved,below,below
Piment,seven_individual_markets,market:Talangai,Madibou,0.0,0.20746805807545388,0.061083752214795894,0.0,203.4475,unresolved,unresolved,below,below
Piment,seven_individual_markets,market:Talangai,Mikalou,0.05037624973974821,0.05037624973974821,0.05037624973974821,49.40000000000001,49.40000000000001,above,below,below,below
Piment,seven_individual_markets,market:Talangai,Mokoundzi-ngouaka,0.0,0.20746805807545388,0.013420069768726442,0.0,203.4475,unresolved,unresolved,below,below
Piment,seven_individual_markets,market:Talangai,Moungali,0.0,0.20746805807545388,0.03365215063586418,0.0,203.4475,unresolved,unresolved,below,below
Piment,seven_individual_markets,market:Talangai,Ouenze,0.013460860254345676,0.013460860254345676,0.013460860254345676,13.200000000000003,13.200000000000003,below,below,below,below
Piment,seven_individual_markets,market:Talangai,Plateaux des 15 ans,0.012492086220888977,0.012492086220888977,0.012492086220888977,12.25,12.25,below,below,below,below
Piment,seven_individual_markets,market:Talangai,Poto-poto,0.13605326557580447,0.13605326557580447,0.13605326557580447,133.41666666666669,133.41666666666669,above,above,below,below
Piment,seven_individual_markets,market:Talangai,Talangai,0.0,0.20746805807545388,0.058738299291690235,0.0,203.4475,unresolved,unresolved,below,below
Piment,seven_individual_markets,market:Talangai,Texaco,0.2484820415638052,0.2484820415638052,0.2484820415638052,243.66666666666666,243.66666666666666,above,above,below,below
Piment,seven_individual_markets,market:Talangai,Total,0.33166743856995357,0.33166743856995357,0.33166743856995357,325.24,325.24,above,above,above,below
Piment,seven_individual_markets,market:Poto-poto,Bifouiti,0.0,0.28478302435956815,0.004486953418115226,0.0,279.2641666666667,unresolved,unresolved,unresolved,below
Piment,seven_individual_markets,market:Poto-poto,Bourreau,0.0,0.28478302435956815,0.01685156937144411,0.0,279.2641666666667,unresolved,unresolved,unresolved,below
Piment,seven_individual_markets,market:Poto-poto,Commission,0.0,0.28478302435956815,0.001593378344501145,0.0,279.2641666666667,unresolved,unresolved,unresolved,below
Piment,seven_individual_markets,market:Poto-poto,Kintele,0.0,0.28478302435956815,0.01764188503031668,0.0,279.2641666666667,unresolved,unresolved,unresolved,below
Piment,seven_individual_markets,market:Poto-poto,Madibou,0.0,0.28478302435956815,0.061083752214795894,0.0,279.2641666666667,unresolved,unresolved,unresolved,below
Piment,seven_individual_markets,market:Poto-poto,Mikalou,0.05037624973974821,0.05037624973974821,0.05037624973974821,49.40000000000001,49.40000000000001,above,below,below,below
Piment,seven_individual_markets,market:Poto-poto,Mokoundzi-ngouaka,0.0,0.28478302435956815,0.013420069768726442,0.0,279.2641666666667,unresolved,unresolved,unresolved,below
Piment,seven_individual_markets,market:Poto-poto,Moungali,0.0,0.28478302435956815,0.03365215063586418,0.0,279.2641666666667,unresolved,unresolved,unresolved,below
Piment,seven_individual_markets,market:Poto-poto,Ouenze,0.013460860254345676,0.013460860254345676,0.013460860254345676,13.200000000000003,13.200000000000003,below,below,below,below
Piment,seven_individual_markets,market:Poto-poto,Plateaux des 15 ans,0.012492086220888977,0.012492086220888977,0.012492086220888977,12.25,12.25,below,below,below,below
Piment,seven_individual_markets,market:Poto-poto,Poto-poto,0.0,0.28478302435956815,0.13605326557580447,0.0,279.2641666666667,unresolved,unresolved,unresolved,below
Piment,seven_individual_markets,market:Poto-poto,Talangai,0.058738299291690235,0.058738299291690235,0.058738299291690235,57.60000000000002,57.60000000000002,above,below,below,below
Piment,seven_individual_markets,market:Poto-poto,Texaco,0.2484820415638052,0.2484820415638052,0.2484820415638052,243.66666666666666,243.66666666666666,above,above,below,below
Piment,seven_individual_markets,market:Poto-poto,Total,0.33166743856995357,0.33166743856995357,0.33166743856995357,325.24,325.24,above,above,above,below
Piment,seven_paired_market_groups,none,Bifouiti,0.0,0.25296899498192044,0.004486953418115226,0.0,248.06666666666666,unresolved,unresolved,unresolved,below
Piment,seven_paired_market_groups,none,Bourreau,0.0,0.030312429625789783,0.01685156937144411,0.0,29.725,below,below,below,below
Piment,seven_paired_market_groups,none,Commission,0.0,0.3332608169144547,0.001593378344501145,0.0,326.8025,unresolved,unresolved,unresolved,below
Piment,seven_paired_market_groups,none,Kintele,0.0,0.15369515060612116,0.01764188503031668,0.0,150.7166666666667,unresolved,unresolved,below,below
Piment,seven_paired_market_groups,none,Madibou,0.0,0.11146000195454411,0.061083752214795894,0.0,109.30000000000001,unresolved,unresolved,below,below
Piment,seven_paired_market_groups,none,Mikalou,0.0,0.11146000195454411,0.05037624973974821,0.0,109.30000000000001,unresolved,unresolved,below,below
Piment,seven_paired_market_groups,none,Mokoundzi-ngouaka,0.0,0.07215836906041667,0.013420069768726442,0.0,70.76000000000002,unresolved,below,below,below
Piment,seven_paired_market_groups,none,Moungali,0.0,0.04614423685675316,0.03365215063586418,0.0,45.25,below,below,below,below
Piment,seven_paired_market_groups,none,Ouenze,0.0,0.030312429625789783,0.013460860254345676,0.0,29.725,below,below,below,below
Piment,seven_paired_market_groups,none,Plateaux des 15 ans,0.0,0.04614423685675316,0.012492086220888977,0.0,45.25,below,below,below,below
Piment,seven_paired_market_groups,none,Poto-poto,0.0,0.15369515060612116,0.13605326557580447,0.0,150.7166666666667,unresolved,unresolved,below,below
Piment,seven_paired_market_groups,none,Talangai,0.0,0.07215836906041667,0.058738299291690235,0.0,70.76000000000002,unresolved,below,below,below
Piment,seven_paired_market_groups,none,Texaco,0.0,0.25296899498192044,0.2484820415638052,0.0,248.06666666666666,unresolved,unresolved,unresolved,below
Piment,seven_paired_market_groups,none,Total,0.0,0.3332608169144547,0.33166743856995357,0.0,326.8025,unresolved,unresolved,unresolved,below
Piment,seven_paired_market_groups,pair:Ouenze|Bourreau,Bifouiti,0.0,0.25296899498192044,0.004486953418115226,0.0,248.06666666666666,unresolved,unresolved,unresolved,below
Piment,seven_paired_market_groups,pair:Ouenze|Bourreau,Bourreau,0.0,0.030312429625789783,0.01685156937144411,0.0,29.725,below,below,below,below
Piment,seven_paired_market_groups,pair:Ouenze|Bourreau,Commission,0.0,0.3332608169144547,0.001593378344501145,0.0,326.8025,unresolved,unresolved,unresolved,below
Piment,seven_paired_market_groups,pair:Ouenze|Bourreau,Kintele,0.0,0.15369515060612116,0.01764188503031668,0.0,150.7166666666667,unresolved,unresolved,below,below
Piment,seven_paired_market_groups,pair:Ouenze|Bourreau,Madibou,0.0,0.11146000195454411,0.061083752214795894,0.0,109.30000000000001,unresolved,unresolved,below,below
Piment,seven_paired_market_groups,pair:Ouenze|Bourreau,Mikalou,0.0,0.11146000195454411,0.05037624973974821,0.0,109.30000000000001,unresolved,unresolved,below,below
Piment,seven_paired_market_groups,pair:Ouenze|Bourreau,Mokoundzi-ngouaka,0.0,0.07215836906041667,0.013420069768726442,0.0,70.76000000000002,unresolved,below,below,below
Piment,seven_paired_market_groups,pair:Ouenze|Bourreau,Moungali,0.0,0.04614423685675316,0.03365215063586418,0.0,45.25,below,below,below,below
Piment,seven_paired_market_groups,pair:Ouenze|Bourreau,Ouenze,0.0,0.030312429625789783,0.013460860254345676,0.0,29.725,below,below,below,below
Piment,seven_paired_market_groups,pair:Ouenze|Bourreau,Plateaux des 15 ans,0.0,0.04614423685675316,0.012492086220888977,0.0,45.25,below,below,below,below
Piment,seven_paired_market_groups,pair:Ouenze|Bourreau,Poto-poto,0.0,0.15369515060612116,0.13605326557580447,0.0,150.7166666666667,unresolved,unresolved,below,below
Piment,seven_paired_market_groups,pair:Ouenze|Bourreau,Talangai,0.0,0.07215836906041667,0.058738299291690235,0.0,70.76000000000002,unresolved,below,below,below
Piment,seven_paired_market_groups,pair:Ouenze|Bourreau,Texaco,0.0,0.25296899498192044,0.2484820415638052,0.0,248.06666666666666,unresolved,unresolved,unresolved,below
Piment,seven_paired_market_groups,pair:Ouenze|Bourreau,Total,0.0,0.3332608169144547,0.33166743856995357,0.0,326.8025,unresolved,unresolved,unresolved,below
Piment,seven_paired_market_groups,pair:Texaco|Bifouiti,Bifouiti,0.0,0.25296899498192044,0.004486953418115226,0.0,248.06666666666666,unresolved,unresolved,unresolved,below
Piment,seven_paired_market_groups,pair:Texaco|Bifouiti,Bourreau,0.0,0.030312429625789783,0.01685156937144411,0.0,29.725,below,below,below,below
Piment,seven_paired_market_groups,pair:Texaco|Bifouiti,Commission,0.0,0.3332608169144547,0.001593378344501145,0.0,326.8025,unresolved,unresolved,unresolved,below
Piment,seven_paired_market_groups,pair:Texaco|Bifouiti,Kintele,0.0,0.15369515060612116,0.01764188503031668,0.0,150.7166666666667,unresolved,unresolved,below,below
Piment,seven_paired_market_groups,pair:Texaco|Bifouiti,Madibou,0.0,0.11146000195454411,0.061083752214795894,0.0,109.30000000000001,unresolved,unresolved,below,below
Piment,seven_paired_market_groups,pair:Texaco|Bifouiti,Mikalou,0.0,0.11146000195454411,0.05037624973974821,0.0,109.30000000000001,unresolved,unresolved,below,below
Piment,seven_paired_market_groups,pair:Texaco|Bifouiti,Mokoundzi-ngouaka,0.0,0.07215836906041667,0.013420069768726442,0.0,70.76000000000002,unresolved,below,below,below
Piment,seven_paired_market_groups,pair:Texaco|Bifouiti,Moungali,0.0,0.04614423685675316,0.03365215063586418,0.0,45.25,below,below,below,below
Piment,seven_paired_market_groups,pair:Texaco|Bifouiti,Ouenze,0.0,0.030312429625789783,0.013460860254345676,0.0,29.725,below,below,below,below
Piment,seven_paired_market_groups,pair:Texaco|Bifouiti,Plateaux des 15 ans,0.0,0.04614423685675316,0.012492086220888977,0.0,45.25,below,below,below,below
Piment,seven_paired_market_groups,pair:Texaco|Bifouiti,Poto-poto,0.0,0.15369515060612116,0.13605326557580447,0.0,150.7166666666667,unresolved,unresolved,below,below
Piment,seven_paired_market_groups,pair:Texaco|Bifouiti,Talangai,0.0,0.07215836906041667,0.058738299291690235,0.0,70.76000000000002,unresolved,below,below,below
Piment,seven_paired_market_groups,pair:Texaco|Bifouiti,Texaco,0.0,0.25296899498192044,0.2484820415638052,0.0,248.06666666666666,unresolved,unresolved,unresolved,below
Piment,seven_paired_market_groups,pair:Texaco|Bifouiti,Total,0.0,0.3332608169144547,0.33166743856995357,0.0,326.8025,unresolved,unresolved,unresolved,below
Piment,seven_paired_market_groups,pair:Mikalou|Madibou,Bifouiti,0.0,0.25296899498192044,0.004486953418115226,0.0,248.06666666666666,unresolved,unresolved,unresolved,below
Piment,seven_paired_market_groups,pair:Mikalou|Madibou,Bourreau,0.0,0.030312429625789783,0.01685156937144411,0.0,29.725,below,below,below,below
Piment,seven_paired_market_groups,pair:Mikalou|Madibou,Commission,0.0,0.3332608169144547,0.001593378344501145,0.0,326.8025,unresolved,unresolved,unresolved,below
Piment,seven_paired_market_groups,pair:Mikalou|Madibou,Kintele,0.0,0.15369515060612116,0.01764188503031668,0.0,150.7166666666667,unresolved,unresolved,below,below
Piment,seven_paired_market_groups,pair:Mikalou|Madibou,Madibou,0.0,0.11146000195454411,0.061083752214795894,0.0,109.30000000000001,unresolved,unresolved,below,below
Piment,seven_paired_market_groups,pair:Mikalou|Madibou,Mikalou,0.0,0.11146000195454411,0.05037624973974821,0.0,109.30000000000001,unresolved,unresolved,below,below
Piment,seven_paired_market_groups,pair:Mikalou|Madibou,Mokoundzi-ngouaka,0.0,0.07215836906041667,0.013420069768726442,0.0,70.76000000000002,unresolved,below,below,below
Piment,seven_paired_market_groups,pair:Mikalou|Madibou,Moungali,0.0,0.04614423685675316,0.03365215063586418,0.0,45.25,below,below,below,below
Piment,seven_paired_market_groups,pair:Mikalou|Madibou,Ouenze,0.0,0.030312429625789783,0.013460860254345676,0.0,29.725,below,below,below,below
Piment,seven_paired_market_groups,pair:Mikalou|Madibou,Plateaux des 15 ans,0.0,0.04614423685675316,0.012492086220888977,0.0,45.25,below,below,below,below
Piment,seven_paired_market_groups,pair:Mikalou|Madibou,Poto-poto,0.0,0.15369515060612116,0.13605326557580447,0.0,150.7166666666667,unresolved,unresolved,below,below
Piment,seven_paired_market_groups,pair:Mikalou|Madibou,Talangai,0.0,0.07215836906041667,0.058738299291690235,0.0,70.76000000000002,unresolved,below,below,below
Piment,seven_paired_market_groups,pair:Mikalou|Madibou,Texaco,0.0,0.25296899498192044,0.2484820415638052,0.0,248.06666666666666,unresolved,unresolved,unresolved,below
Piment,seven_paired_market_groups,pair:Mikalou|Madibou,Total,0.0,0.3332608169144547,0.33166743856995357,0.0,326.8025,unresolved,unresolved,unresolved,below
Piment,seven_paired_market_groups,pair:Total|Commission,Bifouiti,0.0,0.25296899498192044,0.004486953418115226,0.0,248.06666666666666,unresolved,unresolved,unresolved,below
Piment,seven_paired_market_groups,pair:Total|Commission,Bourreau,0.0,0.030312429625789783,0.01685156937144411,0.0,29.725,below,below,below,below
Piment,seven_paired_market_groups,pair:Total|Commission,Commission,0.0,0.3332608169144547,0.001593378344501145,0.0,326.8025,unresolved,unresolved,unresolved,below
Piment,seven_paired_market_groups,pair:Total|Commission,Kintele,0.0,0.15369515060612116,0.01764188503031668,0.0,150.7166666666667,unresolved,unresolved,below,below
Piment,seven_paired_market_groups,pair:Total|Commission,Madibou,0.0,0.11146000195454411,0.061083752214795894,0.0,109.30000000000001,unresolved,unresolved,below,below
Piment,seven_paired_market_groups,pair:Total|Commission,Mikalou,0.0,0.11146000195454411,0.05037624973974821,0.0,109.30000000000001,unresolved,unresolved,below,below
Piment,seven_paired_market_groups,pair:Total|Commission,Mokoundzi-ngouaka,0.0,0.07215836906041667,0.013420069768726442,0.0,70.76000000000002,unresolved,below,below,below
Piment,seven_paired_market_groups,pair:Total|Commission,Moungali,0.0,0.04614423685675316,0.03365215063586418,0.0,45.25,below,below,below,below
Piment,seven_paired_market_groups,pair:Total|Commission,Ouenze,0.0,0.030312429625789783,0.013460860254345676,0.0,29.725,below,below,below,below
Piment,seven_paired_market_groups,pair:Total|Commission,Plateaux des 15 ans,0.0,0.04614423685675316,0.012492086220888977,0.0,45.25,below,below,below,below
Piment,seven_paired_market_groups,pair:Total|Commission,Poto-poto,0.0,0.15369515060612116,0.13605326557580447,0.0,150.7166666666667,unresolved,unresolved,below,below
Piment,seven_paired_market_groups,pair:Total|Commission,Talangai,0.0,0.07215836906041667,0.058738299291690235,0.0,70.76000000000002,unresolved,below,below,below
Piment,seven_paired_market_groups,pair:Total|Commission,Texaco,0.0,0.25296899498192044,0.2484820415638052,0.0,248.06666666666666,unresolved,unresolved,unresolved,below
Piment,seven_paired_market_groups,pair:Total|Commission,Total,0.0,0.3332608169144547,0.33166743856995357,0.0,326.8025,unresolved,unresolved,unresolved,below
Piment,seven_paired_market_groups,pair:Plateaux des 15 ans|Moungali,Bifouiti,0.0,0.25296899498192044,0.004486953418115226,0.0,248.06666666666666,unresolved,unresolved,unresolved,below
Piment,seven_paired_market_groups,pair:Plateaux des 15 ans|Moungali,Bourreau,0.0,0.030312429625789783,0.01685156937144411,0.0,29.725,below,below,below,below
Piment,seven_paired_market_groups,pair:Plateaux des 15 ans|Moungali,Commission,0.0,0.3332608169144547,0.001593378344501145,0.0,326.8025,unresolved,unresolved,unresolved,below
Piment,seven_paired_market_groups,pair:Plateaux des 15 ans|Moungali,Kintele,0.0,0.15369515060612116,0.01764188503031668,0.0,150.7166666666667,unresolved,unresolved,below,below
Piment,seven_paired_market_groups,pair:Plateaux des 15 ans|Moungali,Madibou,0.0,0.11146000195454411,0.061083752214795894,0.0,109.30000000000001,unresolved,unresolved,below,below
Piment,seven_paired_market_groups,pair:Plateaux des 15 ans|Moungali,Mikalou,0.0,0.11146000195454411,0.05037624973974821,0.0,109.30000000000001,unresolved,unresolved,below,below
Piment,seven_paired_market_groups,pair:Plateaux des 15 ans|Moungali,Mokoundzi-ngouaka,0.0,0.07215836906041667,0.013420069768726442,0.0,70.76000000000002,unresolved,below,below,below
Piment,seven_paired_market_groups,pair:Plateaux des 15 ans|Moungali,Moungali,0.0,0.04614423685675316,0.03365215063586418,0.0,45.25,below,below,below,below
Piment,seven_paired_market_groups,pair:Plateaux des 15 ans|Moungali,Ouenze,0.0,0.030312429625789783,0.013460860254345676,0.0,29.725,below,below,below,below
Piment,seven_paired_market_groups,pair:Plateaux des 15 ans|Moungali,Plateaux des 15 ans,0.0,0.04614423685675316,0.012492086220888977,0.0,45.25,below,below,below,below
Piment,seven_paired_market_groups,pair:Plateaux des 15 ans|Moungali,Poto-poto,0.0,0.15369515060612116,0.13605326557580447,0.0,150.7166666666667,unresolved,unresolved,below,below
Piment,seven_paired_market_groups,pair:Plateaux des 15 ans|Moungali,Talangai,0.0,0.07215836906041667,0.058738299291690235,0.0,70.76000000000002,unresolved,below,below,below
Piment,seven_paired_market_groups,pair:Plateaux des 15 ans|Moungali,Texaco,0.0,0.25296899498192044,0.2484820415638052,0.0,248.06666666666666,unresolved,unresolved,unresolved,below
Piment,seven_paired_market_groups,pair:Plateaux des 15 ans|Moungali,Total,0.0,0.3332608169144547,0.33166743856995357,0.0,326.8025,unresolved,unresolved,unresolved,below
Piment,seven_paired_market_groups,pair:Talangai|Mokoundzi-ngouaka,Bifouiti,0.0,0.25296899498192044,0.004486953418115226,0.0,248.06666666666666,unresolved,unresolved,unresolved,below
Piment,seven_paired_market_groups,pair:Talangai|Mokoundzi-ngouaka,Bourreau,0.0,0.030312429625789783,0.01685156937144411,0.0,29.725,below,below,below,below
Piment,seven_paired_market_groups,pair:Talangai|Mokoundzi-ngouaka,Commission,0.0,0.3332608169144547,0.001593378344501145,0.0,326.8025,unresolved,unresolved,unresolved,below
Piment,seven_paired_market_groups,pair:Talangai|Mokoundzi-ngouaka,Kintele,0.0,0.15369515060612116,0.01764188503031668,0.0,150.7166666666667,unresolved,unresolved,below,below
Piment,seven_paired_market_groups,pair:Talangai|Mokoundzi-ngouaka,Madibou,0.0,0.11146000195454411,0.061083752214795894,0.0,109.30000000000001,unresolved,unresolved,below,below
Piment,seven_paired_market_groups,pair:Talangai|Mokoundzi-ngouaka,Mikalou,0.0,0.11146000195454411,0.05037624973974821,0.0,109.30000000000001,unresolved,unresolved,below,below
Piment,seven_paired_market_groups,pair:Talangai|Mokoundzi-ngouaka,Mokoundzi-ngouaka,0.0,0.07215836906041667,0.013420069768726442,0.0,70.76000000000002,unresolved,below,below,below
Piment,seven_paired_market_groups,pair:Talangai|Mokoundzi-ngouaka,Moungali,0.0,0.04614423685675316,0.03365215063586418,0.0,45.25,below,below,below,below
Piment,seven_paired_market_groups,pair:Talangai|Mokoundzi-ngouaka,Ouenze,0.0,0.030312429625789783,0.013460860254345676,0.0,29.725,below,below,below,below
Piment,seven_paired_market_groups,pair:Talangai|Mokoundzi-ngouaka,Plateaux des 15 ans,0.0,0.04614423685675316,0.012492086220888977,0.0,45.25,below,below,below,below
Piment,seven_paired_market_groups,pair:Talangai|Mokoundzi-ngouaka,Poto-poto,0.0,0.15369515060612116,0.13605326557580447,0.0,150.7166666666667,unresolved,unresolved,below,below
Piment,seven_paired_market_groups,pair:Talangai|Mokoundzi-ngouaka,Talangai,0.0,0.07215836906041667,0.058738299291690235,0.0,70.76000000000002,unresolved,below,below,below
Piment,seven_paired_market_groups,pair:Talangai|Mokoundzi-ngouaka,Texaco,0.0,0.25296899498192044,0.2484820415638052,0.0,248.06666666666666,unresolved,unresolved,unresolved,below
Piment,seven_paired_market_groups,pair:Talangai|Mokoundzi-ngouaka,Total,0.0,0.3332608169144547,0.33166743856995357,0.0,326.8025,unresolved,unresolved,unresolved,below
Piment,seven_paired_market_groups,pair:Poto-poto|Kintele,Bifouiti,0.0,0.25296899498192044,0.004486953418115226,0.0,248.06666666666666,unresolved,unresolved,unresolved,below
Piment,seven_paired_market_groups,pair:Poto-poto|Kintele,Bourreau,0.0,0.030312429625789783,0.01685156937144411,0.0,29.725,below,below,below,below
Piment,seven_paired_market_groups,pair:Poto-poto|Kintele,Commission,0.0,0.3332608169144547,0.001593378344501145,0.0,326.8025,unresolved,unresolved,unresolved,below
Piment,seven_paired_market_groups,pair:Poto-poto|Kintele,Kintele,0.0,0.15369515060612116,0.01764188503031668,0.0,150.7166666666667,unresolved,unresolved,below,below
Piment,seven_paired_market_groups,pair:Poto-poto|Kintele,Madibou,0.0,0.11146000195454411,0.061083752214795894,0.0,109.30000000000001,unresolved,unresolved,below,below
Piment,seven_paired_market_groups,pair:Poto-poto|Kintele,Mikalou,0.0,0.11146000195454411,0.05037624973974821,0.0,109.30000000000001,unresolved,unresolved,below,below
Piment,seven_paired_market_groups,pair:Poto-poto|Kintele,Mokoundzi-ngouaka,0.0,0.07215836906041667,0.013420069768726442,0.0,70.76000000000002,unresolved,below,below,below
Piment,seven_paired_market_groups,pair:Poto-poto|Kintele,Moungali,0.0,0.04614423685675316,0.03365215063586418,0.0,45.25,below,below,below,below
Piment,seven_paired_market_groups,pair:Poto-poto|Kintele,Ouenze,0.0,0.030312429625789783,0.013460860254345676,0.0,29.725,below,below,below,below
Piment,seven_paired_market_groups,pair:Poto-poto|Kintele,Plateaux des 15 ans,0.0,0.04614423685675316,0.012492086220888977,0.0,45.25,below,below,below,below
Piment,seven_paired_market_groups,pair:Poto-poto|Kintele,Poto-poto,0.0,0.15369515060612116,0.13605326557580447,0.0,150.7166666666667,unresolved,unresolved,below,below
Piment,seven_paired_market_groups,pair:Poto-poto|Kintele,Talangai,0.0,0.07215836906041667,0.058738299291690235,0.0,70.76000000000002,unresolved,below,below,below
Piment,seven_paired_market_groups,pair:Poto-poto|Kintele,Texaco,0.0,0.25296899498192044,0.2484820415638052,0.0,248.06666666666666,unresolved,unresolved,unresolved,below
Piment,seven_paired_market_groups,pair:Poto-poto|Kintele,Total,0.0,0.3332608169144547,0.33166743856995357,0.0,326.8025,unresolved,unresolved,unresolved,below
Poivron,seven_individual_markets,none,Bifouiti,0.0,0.10344865965841739,0.004127409897250681,0.0,185.88999999999996,unresolved,unresolved,below,below
Poivron,seven_individual_markets,none,Bourreau,0.0,0.10344865965841739,0.02567712710010963,0.0,185.88999999999996,unresolved,unresolved,below,below
Poivron,seven_individual_markets,none,Commission,0.0,0.10344865965841739,0.014840125473260874,0.0,185.88999999999996,unresolved,unresolved,below,below
Poivron,seven_individual_markets,none,Kintele,0.034002437490608994,0.034002437490608994,0.034002437490608994,61.10000000000002,61.10000000000002,below,below,below,below
Poivron,seven_individual_markets,none,Madibou,0.0,0.10344865965841739,0.003339028231483697,0.0,185.88999999999996,unresolved,unresolved,below,below
Poivron,seven_individual_markets,none,Mikalou,0.12177435960221042,0.12177435960221042,0.12177435960221042,218.81999999999996,218.81999999999996,above,above,below,below
Poivron,seven_individual_markets,none,Mokoundzi-ngouaka,0.0,0.10344865965841739,0.02786233557604729,0.0,185.88999999999996,unresolved,unresolved,below,below
Poivron,seven_individual_markets,none,Moungali,0.0061883323223497835,0.0061883323223497835,0.0061883323223497835,11.119999999999997,11.119999999999997,below,below,below,below
Poivron,seven_individual_markets,none,Ouenze,0.027380031498166316,0.027380031498166316,0.027380031498166316,49.2,49.2,below,below,below,below
Poivron,seven_individual_markets,none,Plateaux des 15 ans,0.0,0.10344865965841739,0.01524822892377555,0.0,185.88999999999996,unresolved,unresolved,below,below
Poivron,seven_individual_markets,none,Poto-poto,0.12080604141508021,0.12080604141508021,0.12080604141508021,217.0800000000001,217.0800000000001,above,above,below,below
Poivron,seven_individual_markets,none,Talangai,0.0,0.10344865965841739,0.012354404456489679,0.0,185.88999999999996,unresolved,unresolved,below,below
Poivron,seven_individual_markets,none,Texaco,0.09905783753401633,0.09905783753401633,0.09905783753401633,177.99999999999997,177.99999999999997,above,below,below,below
Poivron,seven_individual_markets,none,Total,0.48734230047915056,0.48734230047915056,0.48734230047915056,875.72,875.72,above,above,above,below
Poivron,seven_individual_markets,market:Total,Bifouiti,0.0,0.5907909601375679,0.004127409897250681,0.0,1061.61,unresolved,unresolved,unresolved,unresolved
Poivron,seven_individual_markets,market:Total,Bourreau,0.0,0.5907909601375679,0.02567712710010963,0.0,1061.61,unresolved,unresolved,unresolved,unresolved
Poivron,seven_individual_markets,market:Total,Commission,0.0,0.5907909601375679,0.014840125473260874,0.0,1061.61,unresolved,unresolved,unresolved,unresolved
Poivron,seven_individual_markets,market:Total,Kintele,0.034002437490608994,0.034002437490608994,0.034002437490608994,61.10000000000002,61.10000000000002,below,below,below,below
Poivron,seven_individual_markets,market:Total,Madibou,0.0,0.5907909601375679,0.003339028231483697,0.0,1061.61,unresolved,unresolved,unresolved,unresolved
Poivron,seven_individual_markets,market:Total,Mikalou,0.12177435960221042,0.12177435960221042,0.12177435960221042,218.81999999999996,218.81999999999996,above,above,below,below
Poivron,seven_individual_markets,market:Total,Mokoundzi-ngouaka,0.0,0.5907909601375679,0.02786233557604729,0.0,1061.61,unresolved,unresolved,unresolved,unresolved
Poivron,seven_individual_markets,market:Total,Moungali,0.0061883323223497835,0.0061883323223497835,0.0061883323223497835,11.119999999999997,11.119999999999997,below,below,below,below
Poivron,seven_individual_markets,market:Total,Ouenze,0.027380031498166316,0.027380031498166316,0.027380031498166316,49.2,49.2,below,below,below,below
Poivron,seven_individual_markets,market:Total,Plateaux des 15 ans,0.0,0.5907909601375679,0.01524822892377555,0.0,1061.61,unresolved,unresolved,unresolved,unresolved
Poivron,seven_individual_markets,market:Total,Poto-poto,0.12080604141508021,0.12080604141508021,0.12080604141508021,217.0800000000001,217.0800000000001,above,above,below,below
Poivron,seven_individual_markets,market:Total,Talangai,0.0,0.5907909601375679,0.012354404456489679,0.0,1061.61,unresolved,unresolved,unresolved,unresolved
Poivron,seven_individual_markets,market:Total,Texaco,0.09905783753401633,0.09905783753401633,0.09905783753401633,177.99999999999997,177.99999999999997,above,below,below,below
Poivron,seven_individual_markets,market:Total,Total,0.0,0.5907909601375679,0.48734230047915056,0.0,1061.61,unresolved,unresolved,unresolved,unresolved
Poivron,seven_individual_markets,market:Ouenze,Bifouiti,0.0,0.1308286911565837,0.004127409897250681,0.0,235.08999999999995,unresolved,unresolved,below,below
Poivron,seven_individual_markets,market:Ouenze,Bourreau,0.0,0.1308286911565837,0.02567712710010963,0.0,235.08999999999995,unresolved,unresolved,below,below
Poivron,seven_individual_markets,market:Ouenze,Commission,0.0,0.1308286911565837,0.014840125473260874,0.0,235.08999999999995,unresolved,unresolved,below,below
Poivron,seven_individual_markets,market:Ouenze,Kintele,0.034002437490608994,0.034002437490608994,0.034002437490608994,61.10000000000002,61.10000000000002,below,below,below,below
Poivron,seven_individual_markets,market:Ouenze,Madibou,0.0,0.1308286911565837,0.003339028231483697,0.0,235.08999999999995,unresolved,unresolved,below,below
Poivron,seven_individual_markets,market:Ouenze,Mikalou,0.12177435960221042,0.12177435960221042,0.12177435960221042,218.81999999999996,218.81999999999996,above,above,below,below
Poivron,seven_individual_markets,market:Ouenze,Mokoundzi-ngouaka,0.0,0.1308286911565837,0.02786233557604729,0.0,235.08999999999995,unresolved,unresolved,below,below
Poivron,seven_individual_markets,market:Ouenze,Moungali,0.0061883323223497835,0.0061883323223497835,0.0061883323223497835,11.119999999999997,11.119999999999997,below,below,below,below
Poivron,seven_individual_markets,market:Ouenze,Ouenze,0.0,0.1308286911565837,0.027380031498166316,0.0,235.08999999999995,unresolved,unresolved,below,below
Poivron,seven_individual_markets,market:Ouenze,Plateaux des 15 ans,0.0,0.1308286911565837,0.01524822892377555,0.0,235.08999999999995,unresolved,unresolved,below,below
Poivron,seven_individual_markets,market:Ouenze,Poto-poto,0.12080604141508021,0.12080604141508021,0.12080604141508021,217.0800000000001,217.0800000000001,above,above,below,below
Poivron,seven_individual_markets,market:Ouenze,Talangai,0.0,0.1308286911565837,0.012354404456489679,0.0,235.08999999999995,unresolved,unresolved,below,below
Poivron,seven_individual_markets,market:Ouenze,Texaco,0.09905783753401633,0.09905783753401633,0.09905783753401633,177.99999999999997,177.99999999999997,above,below,below,below
Poivron,seven_individual_markets,market:Ouenze,Total,0.48734230047915056,0.48734230047915056,0.48734230047915056,875.72,875.72,above,above,above,below
Poivron,seven_individual_markets,market:Texaco,Bifouiti,0.0,0.20250649719243372,0.004127409897250681,0.0,363.88999999999993,unresolved,unresolved,below,below
Poivron,seven_individual_markets,market:Texaco,Bourreau,0.0,0.20250649719243372,0.02567712710010963,0.0,363.88999999999993,unresolved,unresolved,below,below
Poivron,seven_individual_markets,market:Texaco,Commission,0.0,0.20250649719243372,0.014840125473260874,0.0,363.88999999999993,unresolved,unresolved,below,below
Poivron,seven_individual_markets,market:Texaco,Kintele,0.034002437490608994,0.034002437490608994,0.034002437490608994,61.10000000000002,61.10000000000002,below,below,below,below
Poivron,seven_individual_markets,market:Texaco,Madibou,0.0,0.20250649719243372,0.003339028231483697,0.0,363.88999999999993,unresolved,unresolved,below,below
Poivron,seven_individual_markets,market:Texaco,Mikalou,0.12177435960221042,0.12177435960221042,0.12177435960221042,218.81999999999996,218.81999999999996,above,above,below,below
Poivron,seven_individual_markets,market:Texaco,Mokoundzi-ngouaka,0.0,0.20250649719243372,0.02786233557604729,0.0,363.88999999999993,unresolved,unresolved,below,below
Poivron,seven_individual_markets,market:Texaco,Moungali,0.0061883323223497835,0.0061883323223497835,0.0061883323223497835,11.119999999999997,11.119999999999997,below,below,below,below
Poivron,seven_individual_markets,market:Texaco,Ouenze,0.027380031498166316,0.027380031498166316,0.027380031498166316,49.2,49.2,below,below,below,below
Poivron,seven_individual_markets,market:Texaco,Plateaux des 15 ans,0.0,0.20250649719243372,0.01524822892377555,0.0,363.88999999999993,unresolved,unresolved,below,below
Poivron,seven_individual_markets,market:Texaco,Poto-poto,0.12080604141508021,0.12080604141508021,0.12080604141508021,217.0800000000001,217.0800000000001,above,above,below,below
Poivron,seven_individual_markets,market:Texaco,Talangai,0.0,0.20250649719243372,0.012354404456489679,0.0,363.88999999999993,unresolved,unresolved,below,below
Poivron,seven_individual_markets,market:Texaco,Texaco,0.0,0.20250649719243372,0.09905783753401633,0.0,363.88999999999993,unresolved,unresolved,below,below
Poivron,seven_individual_markets,market:Texaco,Total,0.48734230047915056,0.48734230047915056,0.48734230047915056,875.72,875.72,above,above,above,below
Poivron,seven_individual_markets,market:Mikalou,Bifouiti,0.0,0.22522301926062782,0.004127409897250681,0.0,404.71,unresolved,unresolved,below,below
Poivron,seven_individual_markets,market:Mikalou,Bourreau,0.0,0.22522301926062782,0.02567712710010963,0.0,404.71,unresolved,unresolved,below,below
Poivron,seven_individual_markets,market:Mikalou,Commission,0.0,0.22522301926062782,0.014840125473260874,0.0,404.71,unresolved,unresolved,below,below
Poivron,seven_individual_markets,market:Mikalou,Kintele,0.034002437490608994,0.034002437490608994,0.034002437490608994,61.10000000000002,61.10000000000002,below,below,below,below
Poivron,seven_individual_markets,market:Mikalou,Madibou,0.0,0.22522301926062782,0.003339028231483697,0.0,404.71,unresolved,unresolved,below,below
Poivron,seven_individual_markets,market:Mikalou,Mikalou,0.0,0.22522301926062782,0.12177435960221042,0.0,404.71,unresolved,unresolved,below,below
Poivron,seven_individual_markets,market:Mikalou,Mokoundzi-ngouaka,0.0,0.22522301926062782,0.02786233557604729,0.0,404.71,unresolved,unresolved,below,below
Poivron,seven_individual_markets,market:Mikalou,Moungali,0.0061883323223497835,0.0061883323223497835,0.0061883323223497835,11.119999999999997,11.119999999999997,below,below,below,below
Poivron,seven_individual_markets,market:Mikalou,Ouenze,0.027380031498166316,0.027380031498166316,0.027380031498166316,49.2,49.2,below,below,below,below
Poivron,seven_individual_markets,market:Mikalou,Plateaux des 15 ans,0.0,0.22522301926062782,0.01524822892377555,0.0,404.71,unresolved,unresolved,below,below
Poivron,seven_individual_markets,market:Mikalou,Poto-poto,0.12080604141508021,0.12080604141508021,0.12080604141508021,217.0800000000001,217.0800000000001,above,above,below,below
Poivron,seven_individual_markets,market:Mikalou,Talangai,0.0,0.22522301926062782,0.012354404456489679,0.0,404.71,unresolved,unresolved,below,below
Poivron,seven_individual_markets,market:Mikalou,Texaco,0.09905783753401633,0.09905783753401633,0.09905783753401633,177.99999999999997,177.99999999999997,above,below,below,below
Poivron,seven_individual_markets,market:Mikalou,Total,0.48734230047915056,0.48734230047915056,0.48734230047915056,875.72,875.72,above,above,above,below
Poivron,seven_individual_markets,market:Poto-poto,Bifouiti,0.0,0.2242547010734976,0.004127409897250681,0.0,402.97,unresolved,unresolved,below,below
Poivron,seven_individual_markets,market:Poto-poto,Bourreau,0.0,0.2242547010734976,0.02567712710010963,0.0,402.97,unresolved,unresolved,below,below
Poivron,seven_individual_markets,market:Poto-poto,Commission,0.0,0.2242547010734976,0.014840125473260874,0.0,402.97,unresolved,unresolved,below,below
Poivron,seven_individual_markets,market:Poto-poto,Kintele,0.034002437490608994,0.034002437490608994,0.034002437490608994,61.10000000000002,61.10000000000002,below,below,below,below
Poivron,seven_individual_markets,market:Poto-poto,Madibou,0.0,0.2242547010734976,0.003339028231483697,0.0,402.97,unresolved,unresolved,below,below
Poivron,seven_individual_markets,market:Poto-poto,Mikalou,0.12177435960221042,0.12177435960221042,0.12177435960221042,218.81999999999996,218.81999999999996,above,above,below,below
Poivron,seven_individual_markets,market:Poto-poto,Mokoundzi-ngouaka,0.0,0.2242547010734976,0.02786233557604729,0.0,402.97,unresolved,unresolved,below,below
Poivron,seven_individual_markets,market:Poto-poto,Moungali,0.0061883323223497835,0.0061883323223497835,0.0061883323223497835,11.119999999999997,11.119999999999997,below,below,below,below
Poivron,seven_individual_markets,market:Poto-poto,Ouenze,0.027380031498166316,0.027380031498166316,0.027380031498166316,49.2,49.2,below,below,below,below
Poivron,seven_individual_markets,market:Poto-poto,Plateaux des 15 ans,0.0,0.2242547010734976,0.01524822892377555,0.0,402.97,unresolved,unresolved,below,below
Poivron,seven_individual_markets,market:Poto-poto,Poto-poto,0.0,0.2242547010734976,0.12080604141508021,0.0,402.97,unresolved,unresolved,below,below
Poivron,seven_individual_markets,market:Poto-poto,Talangai,0.0,0.2242547010734976,0.012354404456489679,0.0,402.97,unresolved,unresolved,below,below
Poivron,seven_individual_markets,market:Poto-poto,Texaco,0.09905783753401633,0.09905783753401633,0.09905783753401633,177.99999999999997,177.99999999999997,above,below,below,below
Poivron,seven_individual_markets,market:Poto-poto,Total,0.48734230047915056,0.48734230047915056,0.48734230047915056,875.72,875.72,above,above,above,below
Poivron,seven_individual_markets,market:Kintele,Bifouiti,0.0,0.13745109714902642,0.004127409897250681,0.0,246.99000000000007,unresolved,unresolved,below,below
Poivron,seven_individual_markets,market:Kintele,Bourreau,0.0,0.13745109714902642,0.02567712710010963,0.0,246.99000000000007,unresolved,unresolved,below,below
Poivron,seven_individual_markets,market:Kintele,Commission,0.0,0.13745109714902642,0.014840125473260874,0.0,246.99000000000007,unresolved,unresolved,below,below
Poivron,seven_individual_markets,market:Kintele,Kintele,0.0,0.13745109714902642,0.034002437490608994,0.0,246.99000000000007,unresolved,unresolved,below,below
Poivron,seven_individual_markets,market:Kintele,Madibou,0.0,0.13745109714902642,0.003339028231483697,0.0,246.99000000000007,unresolved,unresolved,below,below
Poivron,seven_individual_markets,market:Kintele,Mikalou,0.12177435960221042,0.12177435960221042,0.12177435960221042,218.81999999999996,218.81999999999996,above,above,below,below
Poivron,seven_individual_markets,market:Kintele,Mokoundzi-ngouaka,0.0,0.13745109714902642,0.02786233557604729,0.0,246.99000000000007,unresolved,unresolved,below,below
Poivron,seven_individual_markets,market:Kintele,Moungali,0.0061883323223497835,0.0061883323223497835,0.0061883323223497835,11.119999999999997,11.119999999999997,below,below,below,below
Poivron,seven_individual_markets,market:Kintele,Ouenze,0.027380031498166316,0.027380031498166316,0.027380031498166316,49.2,49.2,below,below,below,below
Poivron,seven_individual_markets,market:Kintele,Plateaux des 15 ans,0.0,0.13745109714902642,0.01524822892377555,0.0,246.99000000000007,unresolved,unresolved,below,below
Poivron,seven_individual_markets,market:Kintele,Poto-poto,0.12080604141508021,0.12080604141508021,0.12080604141508021,217.0800000000001,217.0800000000001,above,above,below,below
Poivron,seven_individual_markets,market:Kintele,Talangai,0.0,0.13745109714902642,0.012354404456489679,0.0,246.99000000000007,unresolved,unresolved,below,below
Poivron,seven_individual_markets,market:Kintele,Texaco,0.09905783753401633,0.09905783753401633,0.09905783753401633,177.99999999999997,177.99999999999997,above,below,below,below
Poivron,seven_individual_markets,market:Kintele,Total,0.48734230047915056,0.48734230047915056,0.48734230047915056,875.72,875.72,above,above,above,below
Poivron,seven_individual_markets,market:Moungali,Bifouiti,0.0,0.10963699198076718,0.004127409897250681,0.0,197.00999999999996,unresolved,unresolved,below,below
Poivron,seven_individual_markets,market:Moungali,Bourreau,0.0,0.10963699198076718,0.02567712710010963,0.0,197.00999999999996,unresolved,unresolved,below,below
Poivron,seven_individual_markets,market:Moungali,Commission,0.0,0.10963699198076718,0.014840125473260874,0.0,197.00999999999996,unresolved,unresolved,below,below
Poivron,seven_individual_markets,market:Moungali,Kintele,0.034002437490608994,0.034002437490608994,0.034002437490608994,61.10000000000002,61.10000000000002,below,below,below,below
Poivron,seven_individual_markets,market:Moungali,Madibou,0.0,0.10963699198076718,0.003339028231483697,0.0,197.00999999999996,unresolved,unresolved,below,below
Poivron,seven_individual_markets,market:Moungali,Mikalou,0.12177435960221042,0.12177435960221042,0.12177435960221042,218.81999999999996,218.81999999999996,above,above,below,below
Poivron,seven_individual_markets,market:Moungali,Mokoundzi-ngouaka,0.0,0.10963699198076718,0.02786233557604729,0.0,197.00999999999996,unresolved,unresolved,below,below
Poivron,seven_individual_markets,market:Moungali,Moungali,0.0,0.10963699198076718,0.0061883323223497835,0.0,197.00999999999996,unresolved,unresolved,below,below
Poivron,seven_individual_markets,market:Moungali,Ouenze,0.027380031498166316,0.027380031498166316,0.027380031498166316,49.2,49.2,below,below,below,below
Poivron,seven_individual_markets,market:Moungali,Plateaux des 15 ans,0.0,0.10963699198076718,0.01524822892377555,0.0,197.00999999999996,unresolved,unresolved,below,below
Poivron,seven_individual_markets,market:Moungali,Poto-poto,0.12080604141508021,0.12080604141508021,0.12080604141508021,217.0800000000001,217.0800000000001,above,above,below,below
Poivron,seven_individual_markets,market:Moungali,Talangai,0.0,0.10963699198076718,0.012354404456489679,0.0,197.00999999999996,unresolved,unresolved,below,below
Poivron,seven_individual_markets,market:Moungali,Texaco,0.09905783753401633,0.09905783753401633,0.09905783753401633,177.99999999999997,177.99999999999997,above,below,below,below
Poivron,seven_individual_markets,market:Moungali,Total,0.48734230047915056,0.48734230047915056,0.48734230047915056,875.72,875.72,above,above,above,below
Poivron,seven_paired_market_groups,none,Bifouiti,0.0,0.103185247431267,0.004127409897250681,0.0,185.41666666666663,unresolved,unresolved,below,below
Poivron,seven_paired_market_groups,none,Bourreau,0.0,0.14648316851518983,0.02567712710010963,0.0,263.2200000000001,unresolved,unresolved,below,below
Poivron,seven_paired_market_groups,none,Commission,0.0,0.04222015697142719,0.014840125473260874,0.0,75.86666666666666,below,below,below,below
Poivron,seven_paired_market_groups,none,Kintele,0.0,0.049250666414384546,0.034002437490608994,0.0,88.50000000000003,below,below,below,below
Poivron,seven_paired_market_groups,none,Madibou,0.0,0.49068132871063425,0.003339028231483697,0.0,881.72,unresolved,unresolved,unresolved,below
Poivron,seven_paired_market_groups,none,Mikalou,0.0,0.1341287640587001,0.12177435960221042,0.0,241.02,unresolved,unresolved,below,below
Poivron,seven_paired_market_groups,none,Mokoundzi-ngouaka,0.0,0.03405066789839707,0.02786233557604729,0.0,61.18666666666665,below,below,below,below
Poivron,seven_paired_market_groups,none,Moungali,0.0,0.03405066789839707,0.0061883323223497835,0.0,61.18666666666665,below,below,below,below
Poivron,seven_paired_market_groups,none,Ouenze,0.0,0.04222015697142719,0.027380031498166316,0.0,75.86666666666666,below,below,below,below
Poivron,seven_paired_market_groups,none,Plateaux des 15 ans,0.0,0.049250666414384546,0.01524822892377555,0.0,88.50000000000003,below,below,below,below
Poivron,seven_paired_market_groups,none,Poto-poto,0.0,0.14648316851518983,0.12080604141508021,0.0,263.2200000000001,unresolved,unresolved,below,below
Poivron,seven_paired_market_groups,none,Talangai,0.0,0.1341287640587001,0.012354404456489679,0.0,241.02,unresolved,unresolved,below,below
Poivron,seven_paired_market_groups,none,Texaco,0.0,0.103185247431267,0.09905783753401633,0.0,185.41666666666663,unresolved,unresolved,below,below
Poivron,seven_paired_market_groups,none,Total,0.0,0.49068132871063425,0.48734230047915056,0.0,881.72,unresolved,unresolved,unresolved,below
Poivron,seven_paired_market_groups,pair:Total|Madibou,Bifouiti,0.0,0.103185247431267,0.004127409897250681,0.0,185.41666666666663,unresolved,unresolved,below,below
Poivron,seven_paired_market_groups,pair:Total|Madibou,Bourreau,0.0,0.14648316851518983,0.02567712710010963,0.0,263.2200000000001,unresolved,unresolved,below,below
Poivron,seven_paired_market_groups,pair:Total|Madibou,Commission,0.0,0.04222015697142719,0.014840125473260874,0.0,75.86666666666666,below,below,below,below
Poivron,seven_paired_market_groups,pair:Total|Madibou,Kintele,0.0,0.049250666414384546,0.034002437490608994,0.0,88.50000000000003,below,below,below,below
Poivron,seven_paired_market_groups,pair:Total|Madibou,Madibou,0.0,0.49068132871063425,0.003339028231483697,0.0,881.72,unresolved,unresolved,unresolved,below
Poivron,seven_paired_market_groups,pair:Total|Madibou,Mikalou,0.0,0.1341287640587001,0.12177435960221042,0.0,241.02,unresolved,unresolved,below,below
Poivron,seven_paired_market_groups,pair:Total|Madibou,Mokoundzi-ngouaka,0.0,0.03405066789839707,0.02786233557604729,0.0,61.18666666666665,below,below,below,below
Poivron,seven_paired_market_groups,pair:Total|Madibou,Moungali,0.0,0.03405066789839707,0.0061883323223497835,0.0,61.18666666666665,below,below,below,below
Poivron,seven_paired_market_groups,pair:Total|Madibou,Ouenze,0.0,0.04222015697142719,0.027380031498166316,0.0,75.86666666666666,below,below,below,below
Poivron,seven_paired_market_groups,pair:Total|Madibou,Plateaux des 15 ans,0.0,0.049250666414384546,0.01524822892377555,0.0,88.50000000000003,below,below,below,below
Poivron,seven_paired_market_groups,pair:Total|Madibou,Poto-poto,0.0,0.14648316851518983,0.12080604141508021,0.0,263.2200000000001,unresolved,unresolved,below,below
Poivron,seven_paired_market_groups,pair:Total|Madibou,Talangai,0.0,0.1341287640587001,0.012354404456489679,0.0,241.02,unresolved,unresolved,below,below
Poivron,seven_paired_market_groups,pair:Total|Madibou,Texaco,0.0,0.103185247431267,0.09905783753401633,0.0,185.41666666666663,unresolved,unresolved,below,below
Poivron,seven_paired_market_groups,pair:Total|Madibou,Total,0.0,0.49068132871063425,0.48734230047915056,0.0,881.72,unresolved,unresolved,unresolved,below
Poivron,seven_paired_market_groups,pair:Ouenze|Commission,Bifouiti,0.0,0.103185247431267,0.004127409897250681,0.0,185.41666666666663,unresolved,unresolved,below,below
Poivron,seven_paired_market_groups,pair:Ouenze|Commission,Bourreau,0.0,0.14648316851518983,0.02567712710010963,0.0,263.2200000000001,unresolved,unresolved,below,below
Poivron,seven_paired_market_groups,pair:Ouenze|Commission,Commission,0.0,0.04222015697142719,0.014840125473260874,0.0,75.86666666666666,below,below,below,below
Poivron,seven_paired_market_groups,pair:Ouenze|Commission,Kintele,0.0,0.049250666414384546,0.034002437490608994,0.0,88.50000000000003,below,below,below,below
Poivron,seven_paired_market_groups,pair:Ouenze|Commission,Madibou,0.0,0.49068132871063425,0.003339028231483697,0.0,881.72,unresolved,unresolved,unresolved,below
Poivron,seven_paired_market_groups,pair:Ouenze|Commission,Mikalou,0.0,0.1341287640587001,0.12177435960221042,0.0,241.02,unresolved,unresolved,below,below
Poivron,seven_paired_market_groups,pair:Ouenze|Commission,Mokoundzi-ngouaka,0.0,0.03405066789839707,0.02786233557604729,0.0,61.18666666666665,below,below,below,below
Poivron,seven_paired_market_groups,pair:Ouenze|Commission,Moungali,0.0,0.03405066789839707,0.0061883323223497835,0.0,61.18666666666665,below,below,below,below
Poivron,seven_paired_market_groups,pair:Ouenze|Commission,Ouenze,0.0,0.04222015697142719,0.027380031498166316,0.0,75.86666666666666,below,below,below,below
Poivron,seven_paired_market_groups,pair:Ouenze|Commission,Plateaux des 15 ans,0.0,0.049250666414384546,0.01524822892377555,0.0,88.50000000000003,below,below,below,below
Poivron,seven_paired_market_groups,pair:Ouenze|Commission,Poto-poto,0.0,0.14648316851518983,0.12080604141508021,0.0,263.2200000000001,unresolved,unresolved,below,below
Poivron,seven_paired_market_groups,pair:Ouenze|Commission,Talangai,0.0,0.1341287640587001,0.012354404456489679,0.0,241.02,unresolved,unresolved,below,below
Poivron,seven_paired_market_groups,pair:Ouenze|Commission,Texaco,0.0,0.103185247431267,0.09905783753401633,0.0,185.41666666666663,unresolved,unresolved,below,below
Poivron,seven_paired_market_groups,pair:Ouenze|Commission,Total,0.0,0.49068132871063425,0.48734230047915056,0.0,881.72,unresolved,unresolved,unresolved,below
Poivron,seven_paired_market_groups,pair:Texaco|Bifouiti,Bifouiti,0.0,0.103185247431267,0.004127409897250681,0.0,185.41666666666663,unresolved,unresolved,below,below
Poivron,seven_paired_market_groups,pair:Texaco|Bifouiti,Bourreau,0.0,0.14648316851518983,0.02567712710010963,0.0,263.2200000000001,unresolved,unresolved,below,below
Poivron,seven_paired_market_groups,pair:Texaco|Bifouiti,Commission,0.0,0.04222015697142719,0.014840125473260874,0.0,75.86666666666666,below,below,below,below
Poivron,seven_paired_market_groups,pair:Texaco|Bifouiti,Kintele,0.0,0.049250666414384546,0.034002437490608994,0.0,88.50000000000003,below,below,below,below
Poivron,seven_paired_market_groups,pair:Texaco|Bifouiti,Madibou,0.0,0.49068132871063425,0.003339028231483697,0.0,881.72,unresolved,unresolved,unresolved,below
Poivron,seven_paired_market_groups,pair:Texaco|Bifouiti,Mikalou,0.0,0.1341287640587001,0.12177435960221042,0.0,241.02,unresolved,unresolved,below,below
Poivron,seven_paired_market_groups,pair:Texaco|Bifouiti,Mokoundzi-ngouaka,0.0,0.03405066789839707,0.02786233557604729,0.0,61.18666666666665,below,below,below,below
Poivron,seven_paired_market_groups,pair:Texaco|Bifouiti,Moungali,0.0,0.03405066789839707,0.0061883323223497835,0.0,61.18666666666665,below,below,below,below
Poivron,seven_paired_market_groups,pair:Texaco|Bifouiti,Ouenze,0.0,0.04222015697142719,0.027380031498166316,0.0,75.86666666666666,below,below,below,below
Poivron,seven_paired_market_groups,pair:Texaco|Bifouiti,Plateaux des 15 ans,0.0,0.049250666414384546,0.01524822892377555,0.0,88.50000000000003,below,below,below,below
Poivron,seven_paired_market_groups,pair:Texaco|Bifouiti,Poto-poto,0.0,0.14648316851518983,0.12080604141508021,0.0,263.2200000000001,unresolved,unresolved,below,below
Poivron,seven_paired_market_groups,pair:Texaco|Bifouiti,Talangai,0.0,0.1341287640587001,0.012354404456489679,0.0,241.02,unresolved,unresolved,below,below
Poivron,seven_paired_market_groups,pair:Texaco|Bifouiti,Texaco,0.0,0.103185247431267,0.09905783753401633,0.0,185.41666666666663,unresolved,unresolved,below,below
Poivron,seven_paired_market_groups,pair:Texaco|Bifouiti,Total,0.0,0.49068132871063425,0.48734230047915056,0.0,881.72,unresolved,unresolved,unresolved,below
Poivron,seven_paired_market_groups,pair:Mikalou|Talangai,Bifouiti,0.0,0.103185247431267,0.004127409897250681,0.0,185.41666666666663,unresolved,unresolved,below,below
Poivron,seven_paired_market_groups,pair:Mikalou|Talangai,Bourreau,0.0,0.14648316851518983,0.02567712710010963,0.0,263.2200000000001,unresolved,unresolved,below,below
Poivron,seven_paired_market_groups,pair:Mikalou|Talangai,Commission,0.0,0.04222015697142719,0.014840125473260874,0.0,75.86666666666666,below,below,below,below
Poivron,seven_paired_market_groups,pair:Mikalou|Talangai,Kintele,0.0,0.049250666414384546,0.034002437490608994,0.0,88.50000000000003,below,below,below,below
Poivron,seven_paired_market_groups,pair:Mikalou|Talangai,Madibou,0.0,0.49068132871063425,0.003339028231483697,0.0,881.72,unresolved,unresolved,unresolved,below
Poivron,seven_paired_market_groups,pair:Mikalou|Talangai,Mikalou,0.0,0.1341287640587001,0.12177435960221042,0.0,241.02,unresolved,unresolved,below,below
Poivron,seven_paired_market_groups,pair:Mikalou|Talangai,Mokoundzi-ngouaka,0.0,0.03405066789839707,0.02786233557604729,0.0,61.18666666666665,below,below,below,below
Poivron,seven_paired_market_groups,pair:Mikalou|Talangai,Moungali,0.0,0.03405066789839707,0.0061883323223497835,0.0,61.18666666666665,below,below,below,below
Poivron,seven_paired_market_groups,pair:Mikalou|Talangai,Ouenze,0.0,0.04222015697142719,0.027380031498166316,0.0,75.86666666666666,below,below,below,below
Poivron,seven_paired_market_groups,pair:Mikalou|Talangai,Plateaux des 15 ans,0.0,0.049250666414384546,0.01524822892377555,0.0,88.50000000000003,below,below,below,below
Poivron,seven_paired_market_groups,pair:Mikalou|Talangai,Poto-poto,0.0,0.14648316851518983,0.12080604141508021,0.0,263.2200000000001,unresolved,unresolved,below,below
Poivron,seven_paired_market_groups,pair:Mikalou|Talangai,Talangai,0.0,0.1341287640587001,0.012354404456489679,0.0,241.02,unresolved,unresolved,below,below
Poivron,seven_paired_market_groups,pair:Mikalou|Talangai,Texaco,0.0,0.103185247431267,0.09905783753401633,0.0,185.41666666666663,unresolved,unresolved,below,below
Poivron,seven_paired_market_groups,pair:Mikalou|Talangai,Total,0.0,0.49068132871063425,0.48734230047915056,0.0,881.72,unresolved,unresolved,unresolved,below
Poivron,seven_paired_market_groups,pair:Poto-poto|Bourreau,Bifouiti,0.0,0.103185247431267,0.004127409897250681,0.0,185.41666666666663,unresolved,unresolved,below,below
Poivron,seven_paired_market_groups,pair:Poto-poto|Bourreau,Bourreau,0.0,0.14648316851518983,0.02567712710010963,0.0,263.2200000000001,unresolved,unresolved,below,below
Poivron,seven_paired_market_groups,pair:Poto-poto|Bourreau,Commission,0.0,0.04222015697142719,0.014840125473260874,0.0,75.86666666666666,below,below,below,below
Poivron,seven_paired_market_groups,pair:Poto-poto|Bourreau,Kintele,0.0,0.049250666414384546,0.034002437490608994,0.0,88.50000000000003,below,below,below,below
Poivron,seven_paired_market_groups,pair:Poto-poto|Bourreau,Madibou,0.0,0.49068132871063425,0.003339028231483697,0.0,881.72,unresolved,unresolved,unresolved,below
Poivron,seven_paired_market_groups,pair:Poto-poto|Bourreau,Mikalou,0.0,0.1341287640587001,0.12177435960221042,0.0,241.02,unresolved,unresolved,below,below
Poivron,seven_paired_market_groups,pair:Poto-poto|Bourreau,Mokoundzi-ngouaka,0.0,0.03405066789839707,0.02786233557604729,0.0,61.18666666666665,below,below,below,below
Poivron,seven_paired_market_groups,pair:Poto-poto|Bourreau,Moungali,0.0,0.03405066789839707,0.0061883323223497835,0.0,61.18666666666665,below,below,below,below
Poivron,seven_paired_market_groups,pair:Poto-poto|Bourreau,Ouenze,0.0,0.04222015697142719,0.027380031498166316,0.0,75.86666666666666,below,below,below,below
Poivron,seven_paired_market_groups,pair:Poto-poto|Bourreau,Plateaux des 15 ans,0.0,0.049250666414384546,0.01524822892377555,0.0,88.50000000000003,below,below,below,below
Poivron,seven_paired_market_groups,pair:Poto-poto|Bourreau,Poto-poto,0.0,0.14648316851518983,0.12080604141508021,0.0,263.2200000000001,unresolved,unresolved,below,below
Poivron,seven_paired_market_groups,pair:Poto-poto|Bourreau,Talangai,0.0,0.1341287640587001,0.012354404456489679,0.0,241.02,unresolved,unresolved,below,below
Poivron,seven_paired_market_groups,pair:Poto-poto|Bourreau,Texaco,0.0,0.103185247431267,0.09905783753401633,0.0,185.41666666666663,unresolved,unresolved,below,below
Poivron,seven_paired_market_groups,pair:Poto-poto|Bourreau,Total,0.0,0.49068132871063425,0.48734230047915056,0.0,881.72,unresolved,unresolved,unresolved,below
Poivron,seven_paired_market_groups,pair:Kintele|Plateaux des 15 ans,Bifouiti,0.0,0.103185247431267,0.004127409897250681,0.0,185.41666666666663,unresolved,unresolved,below,below
Poivron,seven_paired_market_groups,pair:Kintele|Plateaux des 15 ans,Bourreau,0.0,0.14648316851518983,0.02567712710010963,0.0,263.2200000000001,unresolved,unresolved,below,below
Poivron,seven_paired_market_groups,pair:Kintele|Plateaux des 15 ans,Commission,0.0,0.04222015697142719,0.014840125473260874,0.0,75.86666666666666,below,below,below,below
Poivron,seven_paired_market_groups,pair:Kintele|Plateaux des 15 ans,Kintele,0.0,0.049250666414384546,0.034002437490608994,0.0,88.50000000000003,below,below,below,below
Poivron,seven_paired_market_groups,pair:Kintele|Plateaux des 15 ans,Madibou,0.0,0.49068132871063425,0.003339028231483697,0.0,881.72,unresolved,unresolved,unresolved,below
Poivron,seven_paired_market_groups,pair:Kintele|Plateaux des 15 ans,Mikalou,0.0,0.1341287640587001,0.12177435960221042,0.0,241.02,unresolved,unresolved,below,below
Poivron,seven_paired_market_groups,pair:Kintele|Plateaux des 15 ans,Mokoundzi-ngouaka,0.0,0.03405066789839707,0.02786233557604729,0.0,61.18666666666665,below,below,below,below
Poivron,seven_paired_market_groups,pair:Kintele|Plateaux des 15 ans,Moungali,0.0,0.03405066789839707,0.0061883323223497835,0.0,61.18666666666665,below,below,below,below
Poivron,seven_paired_market_groups,pair:Kintele|Plateaux des 15 ans,Ouenze,0.0,0.04222015697142719,0.027380031498166316,0.0,75.86666666666666,below,below,below,below
Poivron,seven_paired_market_groups,pair:Kintele|Plateaux des 15 ans,Plateaux des 15 ans,0.0,0.049250666414384546,0.01524822892377555,0.0,88.50000000000003,below,below,below,below
Poivron,seven_paired_market_groups,pair:Kintele|Plateaux des 15 ans,Poto-poto,0.0,0.14648316851518983,0.12080604141508021,0.0,263.2200000000001,unresolved,unresolved,below,below
Poivron,seven_paired_market_groups,pair:Kintele|Plateaux des 15 ans,Talangai,0.0,0.1341287640587001,0.012354404456489679,0.0,241.02,unresolved,unresolved,below,below
Poivron,seven_paired_market_groups,pair:Kintele|Plateaux des 15 ans,Texaco,0.0,0.103185247431267,0.09905783753401633,0.0,185.41666666666663,unresolved,unresolved,below,below
Poivron,seven_paired_market_groups,pair:Kintele|Plateaux des 15 ans,Total,0.0,0.49068132871063425,0.48734230047915056,0.0,881.72,unresolved,unresolved,unresolved,below
Poivron,seven_paired_market_groups,pair:Moungali|Mokoundzi-ngouaka,Bifouiti,0.0,0.103185247431267,0.004127409897250681,0.0,185.41666666666663,unresolved,unresolved,below,below
Poivron,seven_paired_market_groups,pair:Moungali|Mokoundzi-ngouaka,Bourreau,0.0,0.14648316851518983,0.02567712710010963,0.0,263.2200000000001,unresolved,unresolved,below,below
Poivron,seven_paired_market_groups,pair:Moungali|Mokoundzi-ngouaka,Commission,0.0,0.04222015697142719,0.014840125473260874,0.0,75.86666666666666,below,below,below,below
Poivron,seven_paired_market_groups,pair:Moungali|Mokoundzi-ngouaka,Kintele,0.0,0.049250666414384546,0.034002437490608994,0.0,88.50000000000003,below,below,below,below
Poivron,seven_paired_market_groups,pair:Moungali|Mokoundzi-ngouaka,Madibou,0.0,0.49068132871063425,0.003339028231483697,0.0,881.72,unresolved,unresolved,unresolved,below
Poivron,seven_paired_market_groups,pair:Moungali|Mokoundzi-ngouaka,Mikalou,0.0,0.1341287640587001,0.12177435960221042,0.0,241.02,unresolved,unresolved,below,below
Poivron,seven_paired_market_groups,pair:Moungali|Mokoundzi-ngouaka,Mokoundzi-ngouaka,0.0,0.03405066789839707,0.02786233557604729,0.0,61.18666666666665,below,below,below,below
Poivron,seven_paired_market_groups,pair:Moungali|Mokoundzi-ngouaka,Moungali,0.0,0.03405066789839707,0.0061883323223497835,0.0,61.18666666666665,below,below,below,below
Poivron,seven_paired_market_groups,pair:Moungali|Mokoundzi-ngouaka,Ouenze,0.0,0.04222015697142719,0.027380031498166316,0.0,75.86666666666666,below,below,below,below
Poivron,seven_paired_market_groups,pair:Moungali|Mokoundzi-ngouaka,Plateaux des 15 ans,0.0,0.049250666414384546,0.01524822892377555,0.0,88.50000000000003,below,below,below,below
Poivron,seven_paired_market_groups,pair:Moungali|Mokoundzi-ngouaka,Poto-poto,0.0,0.14648316851518983,0.12080604141508021,0.0,263.2200000000001,unresolved,unresolved,below,below
Poivron,seven_paired_market_groups,pair:Moungali|Mokoundzi-ngouaka,Talangai,0.0,0.1341287640587001,0.012354404456489679,0.0,241.02,unresolved,unresolved,below,below
Poivron,seven_paired_market_groups,pair:Moungali|Mokoundzi-ngouaka,Texaco,0.0,0.103185247431267,0.09905783753401633,0.0,185.41666666666663,unresolved,unresolved,below,below
Poivron,seven_paired_market_groups,pair:Moungali|Mokoundzi-ngouaka,Total,0.0,0.49068132871063425,0.48734230047915056,0.0,881.72,unresolved,unresolved,unresolved,below
Tomate,seven_individual_markets,none,Bifouiti,0.0,0.3006337543986697,0.017386806775379147,0.0,1291.551358641358,unresolved,unresolved,unresolved,below
Tomate,seven_individual_markets,none,Bourreau,0.0,0.3006337543986697,0.17013333821681603,0.0,1291.551358641358,unresolved,unresolved,unresolved,below
Tomate,seven_individual_markets,none,Commission,0.0,0.3006337543986697,0.01530459413747665,0.0,1291.551358641358,unresolved,unresolved,unresolved,below
Tomate,seven_individual_markets,none,Kintele,0.04584756350505658,0.04584756350505658,0.04584756350505658,196.96551724137933,196.96551724137933,below,below,below,below
Tomate,seven_individual_markets,none,Madibou,0.0,0.3006337543986697,0.005098760313770963,0.0,1291.551358641358,unresolved,unresolved,unresolved,below
Tomate,seven_individual_markets,none,Mikalou,0.1229798819158453,0.1229798819158453,0.1229798819158453,528.3333333333333,528.3333333333333,above,above,below,below
Tomate,seven_individual_markets,none,Mokoundzi-ngouaka,0.030997734274114737,0.030997734274114737,0.030997734274114737,133.16923076923075,133.16923076923075,below,below,below,below
Tomate,seven_individual_markets,none,Moungali,0.0,0.3006337543986697,0.020238249337134695,0.0,1291.551358641358,unresolved,unresolved,unresolved,below
Tomate,seven_individual_markets,none,Ouenze,0.02083286958637506,0.02083286958637506,0.02083286958637506,89.5,89.5,below,below,below,below
Tomate,seven_individual_markets,none,Plateaux des 15 ans,0.0,0.3006337543986697,0.009811234112466021,0.0,1291.551358641358,unresolved,unresolved,unresolved,below
Tomate,seven_individual_markets,none,Poto-poto,0.08727212893173666,0.08727212893173666,0.08727212893173666,374.92941176470583,374.92941176470583,above,below,below,below
Tomate,seven_individual_markets,none,Talangai,0.0,0.3006337543986697,0.0626607715056262,0.0,1291.551358641358,unresolved,unresolved,unresolved,below
Tomate,seven_individual_markets,none,Texaco,0.108114583144277,0.108114583144277,0.108114583144277,464.4705882352941,464.4705882352941,above,above,below,below
Tomate,seven_individual_markets,none,Total,0.28332148424392495,0.28332148424392495,0.28332148424392495,1217.1761904761904,1217.1761904761904,above,above,above,below
Tomate,seven_individual_markets,market:Texaco,Bifouiti,0.0,0.4087483375429467,0.017386806775379147,0.0,1756.0219468766522,unresolved,unresolved,unresolved,below
Tomate,seven_individual_markets,market:Texaco,Bourreau,0.0,0.4087483375429467,0.17013333821681603,0.0,1756.0219468766522,unresolved,unresolved,unresolved,below
Tomate,seven_individual_markets,market:Texaco,Commission,0.0,0.4087483375429467,0.01530459413747665,0.0,1756.0219468766522,unresolved,unresolved,unresolved,below
Tomate,seven_individual_markets,market:Texaco,Kintele,0.04584756350505658,0.04584756350505658,0.04584756350505658,196.96551724137933,196.96551724137933,below,below,below,below
Tomate,seven_individual_markets,market:Texaco,Madibou,0.0,0.4087483375429467,0.005098760313770963,0.0,1756.0219468766522,unresolved,unresolved,unresolved,below
Tomate,seven_individual_markets,market:Texaco,Mikalou,0.1229798819158453,0.1229798819158453,0.1229798819158453,528.3333333333333,528.3333333333333,above,above,below,below
Tomate,seven_individual_markets,market:Texaco,Mokoundzi-ngouaka,0.030997734274114737,0.030997734274114737,0.030997734274114737,133.16923076923075,133.16923076923075,below,below,below,below
Tomate,seven_individual_markets,market:Texaco,Moungali,0.0,0.4087483375429467,0.020238249337134695,0.0,1756.0219468766522,unresolved,unresolved,unresolved,below
Tomate,seven_individual_markets,market:Texaco,Ouenze,0.02083286958637506,0.02083286958637506,0.02083286958637506,89.5,89.5,below,below,below,below
Tomate,seven_individual_markets,market:Texaco,Plateaux des 15 ans,0.0,0.4087483375429467,0.009811234112466021,0.0,1756.0219468766522,unresolved,unresolved,unresolved,below
Tomate,seven_individual_markets,market:Texaco,Poto-poto,0.08727212893173666,0.08727212893173666,0.08727212893173666,374.92941176470583,374.92941176470583,above,below,below,below
Tomate,seven_individual_markets,market:Texaco,Talangai,0.0,0.4087483375429467,0.0626607715056262,0.0,1756.0219468766522,unresolved,unresolved,unresolved,below
Tomate,seven_individual_markets,market:Texaco,Texaco,0.0,0.4087483375429467,0.108114583144277,0.0,1756.0219468766522,unresolved,unresolved,unresolved,below
Tomate,seven_individual_markets,market:Texaco,Total,0.28332148424392495,0.28332148424392495,0.28332148424392495,1217.1761904761904,1217.1761904761904,above,above,above,below
Tomate,seven_individual_markets,market:Total,Bifouiti,0.0,0.5839552386425946,0.017386806775379147,0.0,2508.7275491175483,unresolved,unresolved,unresolved,unresolved
Tomate,seven_individual_markets,market:Total,Bourreau,0.0,0.5839552386425946,0.17013333821681603,0.0,2508.7275491175483,unresolved,unresolved,unresolved,unresolved
Tomate,seven_individual_markets,market:Total,Commission,0.0,0.5839552386425946,0.01530459413747665,0.0,2508.7275491175483,unresolved,unresolved,unresolved,unresolved
Tomate,seven_individual_markets,market:Total,Kintele,0.04584756350505658,0.04584756350505658,0.04584756350505658,196.96551724137933,196.96551724137933,below,below,below,below
Tomate,seven_individual_markets,market:Total,Madibou,0.0,0.5839552386425946,0.005098760313770963,0.0,2508.7275491175483,unresolved,unresolved,unresolved,unresolved
Tomate,seven_individual_markets,market:Total,Mikalou,0.1229798819158453,0.1229798819158453,0.1229798819158453,528.3333333333333,528.3333333333333,above,above,below,below
Tomate,seven_individual_markets,market:Total,Mokoundzi-ngouaka,0.030997734274114737,0.030997734274114737,0.030997734274114737,133.16923076923075,133.16923076923075,below,below,below,below
Tomate,seven_individual_markets,market:Total,Moungali,0.0,0.5839552386425946,0.020238249337134695,0.0,2508.7275491175483,unresolved,unresolved,unresolved,unresolved
Tomate,seven_individual_markets,market:Total,Ouenze,0.02083286958637506,0.02083286958637506,0.02083286958637506,89.5,89.5,below,below,below,below
Tomate,seven_individual_markets,market:Total,Plateaux des 15 ans,0.0,0.5839552386425946,0.009811234112466021,0.0,2508.7275491175483,unresolved,unresolved,unresolved,unresolved
Tomate,seven_individual_markets,market:Total,Poto-poto,0.08727212893173666,0.08727212893173666,0.08727212893173666,374.92941176470583,374.92941176470583,above,below,below,below
Tomate,seven_individual_markets,market:Total,Talangai,0.0,0.5839552386425946,0.0626607715056262,0.0,2508.7275491175483,unresolved,unresolved,unresolved,unresolved
Tomate,seven_individual_markets,market:Total,Texaco,0.108114583144277,0.108114583144277,0.108114583144277,464.4705882352941,464.4705882352941,above,above,below,below
Tomate,seven_individual_markets,market:Total,Total,0.0,0.5839552386425946,0.28332148424392495,0.0,2508.7275491175483,unresolved,unresolved,unresolved,unresolved
Tomate,seven_individual_markets,market:Ouenze,Bifouiti,0.0,0.3214666239850448,0.017386806775379147,0.0,1381.0513586413583,unresolved,unresolved,unresolved,below
Tomate,seven_individual_markets,market:Ouenze,Bourreau,0.0,0.3214666239850448,0.17013333821681603,0.0,1381.0513586413583,unresolved,unresolved,unresolved,below
Tomate,seven_individual_markets,market:Ouenze,Commission,0.0,0.3214666239850448,0.01530459413747665,0.0,1381.0513586413583,unresolved,unresolved,unresolved,below
Tomate,seven_individual_markets,market:Ouenze,Kintele,0.04584756350505658,0.04584756350505658,0.04584756350505658,196.96551724137933,196.96551724137933,below,below,below,below
Tomate,seven_individual_markets,market:Ouenze,Madibou,0.0,0.3214666239850448,0.005098760313770963,0.0,1381.0513586413583,unresolved,unresolved,unresolved,below
Tomate,seven_individual_markets,market:Ouenze,Mikalou,0.1229798819158453,0.1229798819158453,0.1229798819158453,528.3333333333333,528.3333333333333,above,above,below,below
Tomate,seven_individual_markets,market:Ouenze,Mokoundzi-ngouaka,0.030997734274114737,0.030997734274114737,0.030997734274114737,133.16923076923075,133.16923076923075,below,below,below,below
Tomate,seven_individual_markets,market:Ouenze,Moungali,0.0,0.3214666239850448,0.020238249337134695,0.0,1381.0513586413583,unresolved,unresolved,unresolved,below
Tomate,seven_individual_markets,market:Ouenze,Ouenze,0.0,0.3214666239850448,0.02083286958637506,0.0,1381.0513586413583,unresolved,unresolved,unresolved,below
Tomate,seven_individual_markets,market:Ouenze,Plateaux des 15 ans,0.0,0.3214666239850448,0.009811234112466021,0.0,1381.0513586413583,unresolved,unresolved,unresolved,below
Tomate,seven_individual_markets,market:Ouenze,Poto-poto,0.08727212893173666,0.08727212893173666,0.08727212893173666,374.92941176470583,374.92941176470583,above,below,below,below
Tomate,seven_individual_markets,market:Ouenze,Talangai,0.0,0.3214666239850448,0.0626607715056262,0.0,1381.0513586413583,unresolved,unresolved,unresolved,below
Tomate,seven_individual_markets,market:Ouenze,Texaco,0.108114583144277,0.108114583144277,0.108114583144277,464.4705882352941,464.4705882352941,above,above,below,below
Tomate,seven_individual_markets,market:Ouenze,Total,0.28332148424392495,0.28332148424392495,0.28332148424392495,1217.1761904761904,1217.1761904761904,above,above,above,below
Tomate,seven_individual_markets,market:Poto-poto,Bifouiti,0.0,0.3879058833304064,0.017386806775379147,0.0,1666.480770406064,unresolved,unresolved,unresolved,below
Tomate,seven_individual_markets,market:Poto-poto,Bourreau,0.0,0.3879058833304064,0.17013333821681603,0.0,1666.480770406064,unresolved,unresolved,unresolved,below
Tomate,seven_individual_markets,market:Poto-poto,Commission,0.0,0.3879058833304064,0.01530459413747665,0.0,1666.480770406064,unresolved,unresolved,unresolved,below
Tomate,seven_individual_markets,market:Poto-poto,Kintele,0.04584756350505658,0.04584756350505658,0.04584756350505658,196.96551724137933,196.96551724137933,below,below,below,below
Tomate,seven_individual_markets,market:Poto-poto,Madibou,0.0,0.3879058833304064,0.005098760313770963,0.0,1666.480770406064,unresolved,unresolved,unresolved,below
Tomate,seven_individual_markets,market:Poto-poto,Mikalou,0.1229798819158453,0.1229798819158453,0.1229798819158453,528.3333333333333,528.3333333333333,above,above,below,below
Tomate,seven_individual_markets,market:Poto-poto,Mokoundzi-ngouaka,0.030997734274114737,0.030997734274114737,0.030997734274114737,133.16923076923075,133.16923076923075,below,below,below,below
Tomate,seven_individual_markets,market:Poto-poto,Moungali,0.0,0.3879058833304064,0.020238249337134695,0.0,1666.480770406064,unresolved,unresolved,unresolved,below
Tomate,seven_individual_markets,market:Poto-poto,Ouenze,0.02083286958637506,0.02083286958637506,0.02083286958637506,89.5,89.5,below,below,below,below
Tomate,seven_individual_markets,market:Poto-poto,Plateaux des 15 ans,0.0,0.3879058833304064,0.009811234112466021,0.0,1666.480770406064,unresolved,unresolved,unresolved,below
Tomate,seven_individual_markets,market:Poto-poto,Poto-poto,0.0,0.3879058833304064,0.08727212893173666,0.0,1666.480770406064,unresolved,unresolved,unresolved,below
Tomate,seven_individual_markets,market:Poto-poto,Talangai,0.0,0.3879058833304064,0.0626607715056262,0.0,1666.480770406064,unresolved,unresolved,unresolved,below
Tomate,seven_individual_markets,market:Poto-poto,Texaco,0.108114583144277,0.108114583144277,0.108114583144277,464.4705882352941,464.4705882352941,above,above,below,below
Tomate,seven_individual_markets,market:Poto-poto,Total,0.28332148424392495,0.28332148424392495,0.28332148424392495,1217.1761904761904,1217.1761904761904,above,above,above,below
Tomate,seven_individual_markets,market:Mikalou,Bifouiti,0.0,0.42361363631451504,0.017386806775379147,0.0,1819.8846919746916,unresolved,unresolved,unresolved,below
Tomate,seven_individual_markets,market:Mikalou,Bourreau,0.0,0.42361363631451504,0.17013333821681603,0.0,1819.8846919746916,unresolved,unresolved,unresolved,below
Tomate,seven_individual_markets,market:Mikalou,Commission,0.0,0.42361363631451504,0.01530459413747665,0.0,1819.8846919746916,unresolved,unresolved,unresolved,below
Tomate,seven_individual_markets,market:Mikalou,Kintele,0.04584756350505658,0.04584756350505658,0.04584756350505658,196.96551724137933,196.96551724137933,below,below,below,below
Tomate,seven_individual_markets,market:Mikalou,Madibou,0.0,0.42361363631451504,0.005098760313770963,0.0,1819.8846919746916,unresolved,unresolved,unresolved,below
Tomate,seven_individual_markets,market:Mikalou,Mikalou,0.0,0.42361363631451504,0.1229798819158453,0.0,1819.8846919746916,unresolved,unresolved,unresolved,below
Tomate,seven_individual_markets,market:Mikalou,Mokoundzi-ngouaka,0.030997734274114737,0.030997734274114737,0.030997734274114737,133.16923076923075,133.16923076923075,below,below,below,below
Tomate,seven_individual_markets,market:Mikalou,Moungali,0.0,0.42361363631451504,0.020238249337134695,0.0,1819.8846919746916,unresolved,unresolved,unresolved,below
Tomate,seven_individual_markets,market:Mikalou,Ouenze,0.02083286958637506,0.02083286958637506,0.02083286958637506,89.5,89.5,below,below,below,below
Tomate,seven_individual_markets,market:Mikalou,Plateaux des 15 ans,0.0,0.42361363631451504,0.009811234112466021,0.0,1819.8846919746916,unresolved,unresolved,unresolved,below
Tomate,seven_individual_markets,market:Mikalou,Poto-poto,0.08727212893173666,0.08727212893173666,0.08727212893173666,374.92941176470583,374.92941176470583,above,below,below,below
Tomate,seven_individual_markets,market:Mikalou,Talangai,0.0,0.42361363631451504,0.0626607715056262,0.0,1819.8846919746916,unresolved,unresolved,unresolved,below
Tomate,seven_individual_markets,market:Mikalou,Texaco,0.108114583144277,0.108114583144277,0.108114583144277,464.4705882352941,464.4705882352941,above,above,below,below
Tomate,seven_individual_markets,market:Mikalou,Total,0.28332148424392495,0.28332148424392495,0.28332148424392495,1217.1761904761904,1217.1761904761904,above,above,above,below
Tomate,seven_individual_markets,market:Kintele,Bifouiti,0.0,0.3464813179037263,0.017386806775379147,0.0,1488.5168758827378,unresolved,unresolved,unresolved,below
Tomate,seven_individual_markets,market:Kintele,Bourreau,0.0,0.3464813179037263,0.17013333821681603,0.0,1488.5168758827378,unresolved,unresolved,unresolved,below
Tomate,seven_individual_markets,market:Kintele,Commission,0.0,0.3464813179037263,0.01530459413747665,0.0,1488.5168758827378,unresolved,unresolved,unresolved,below
Tomate,seven_individual_markets,market:Kintele,Kintele,0.0,0.3464813179037263,0.04584756350505658,0.0,1488.5168758827378,unresolved,unresolved,unresolved,below
Tomate,seven_individual_markets,market:Kintele,Madibou,0.0,0.3464813179037263,0.005098760313770963,0.0,1488.5168758827378,unresolved,unresolved,unresolved,below
Tomate,seven_individual_markets,market:Kintele,Mikalou,0.1229798819158453,0.1229798819158453,0.1229798819158453,528.3333333333333,528.3333333333333,above,above,below,below
Tomate,seven_individual_markets,market:Kintele,Mokoundzi-ngouaka,0.030997734274114737,0.030997734274114737,0.030997734274114737,133.16923076923075,133.16923076923075,below,below,below,below
Tomate,seven_individual_markets,market:Kintele,Moungali,0.0,0.3464813179037263,0.020238249337134695,0.0,1488.5168758827378,unresolved,unresolved,unresolved,below
Tomate,seven_individual_markets,market:Kintele,Ouenze,0.02083286958637506,0.02083286958637506,0.02083286958637506,89.5,89.5,below,below,below,below
Tomate,seven_individual_markets,market:Kintele,Plateaux des 15 ans,0.0,0.3464813179037263,0.009811234112466021,0.0,1488.5168758827378,unresolved,unresolved,unresolved,below
Tomate,seven_individual_markets,market:Kintele,Poto-poto,0.08727212893173666,0.08727212893173666,0.08727212893173666,374.92941176470583,374.92941176470583,above,below,below,below
Tomate,seven_individual_markets,market:Kintele,Talangai,0.0,0.3464813179037263,0.0626607715056262,0.0,1488.5168758827378,unresolved,unresolved,unresolved,below
Tomate,seven_individual_markets,market:Kintele,Texaco,0.108114583144277,0.108114583144277,0.108114583144277,464.4705882352941,464.4705882352941,above,above,below,below
Tomate,seven_individual_markets,market:Kintele,Total,0.28332148424392495,0.28332148424392495,0.28332148424392495,1217.1761904761904,1217.1761904761904,above,above,above,below
Tomate,seven_individual_markets,market:Mokoundzi-ngouaka,Bifouiti,0.0,0.33163148867278447,0.017386806775379147,0.0,1424.7205894105891,unresolved,unresolved,unresolved,below
Tomate,seven_individual_markets,market:Mokoundzi-ngouaka,Bourreau,0.0,0.33163148867278447,0.17013333821681603,0.0,1424.7205894105891,unresolved,unresolved,unresolved,below
Tomate,seven_individual_markets,market:Mokoundzi-ngouaka,Commission,0.0,0.33163148867278447,0.01530459413747665,0.0,1424.7205894105891,unresolved,unresolved,unresolved,below
Tomate,seven_individual_markets,market:Mokoundzi-ngouaka,Kintele,0.04584756350505658,0.04584756350505658,0.04584756350505658,196.96551724137933,196.96551724137933,below,below,below,below
Tomate,seven_individual_markets,market:Mokoundzi-ngouaka,Madibou,0.0,0.33163148867278447,0.005098760313770963,0.0,1424.7205894105891,unresolved,unresolved,unresolved,below
Tomate,seven_individual_markets,market:Mokoundzi-ngouaka,Mikalou,0.1229798819158453,0.1229798819158453,0.1229798819158453,528.3333333333333,528.3333333333333,above,above,below,below
Tomate,seven_individual_markets,market:Mokoundzi-ngouaka,Mokoundzi-ngouaka,0.0,0.33163148867278447,0.030997734274114737,0.0,1424.7205894105891,unresolved,unresolved,unresolved,below
Tomate,seven_individual_markets,market:Mokoundzi-ngouaka,Moungali,0.0,0.33163148867278447,0.020238249337134695,0.0,1424.7205894105891,unresolved,unresolved,unresolved,below
Tomate,seven_individual_markets,market:Mokoundzi-ngouaka,Ouenze,0.02083286958637506,0.02083286958637506,0.02083286958637506,89.5,89.5,below,below,below,below
Tomate,seven_individual_markets,market:Mokoundzi-ngouaka,Plateaux des 15 ans,0.0,0.33163148867278447,0.009811234112466021,0.0,1424.7205894105891,unresolved,unresolved,unresolved,below
Tomate,seven_individual_markets,market:Mokoundzi-ngouaka,Poto-poto,0.08727212893173666,0.08727212893173666,0.08727212893173666,374.92941176470583,374.92941176470583,above,below,below,below
Tomate,seven_individual_markets,market:Mokoundzi-ngouaka,Talangai,0.0,0.33163148867278447,0.0626607715056262,0.0,1424.7205894105891,unresolved,unresolved,unresolved,below
Tomate,seven_individual_markets,market:Mokoundzi-ngouaka,Texaco,0.108114583144277,0.108114583144277,0.108114583144277,464.4705882352941,464.4705882352941,above,above,below,below
Tomate,seven_individual_markets,market:Mokoundzi-ngouaka,Total,0.28332148424392495,0.28332148424392495,0.28332148424392495,1217.1761904761904,1217.1761904761904,above,above,above,below
Tomate,seven_paired_market_groups,none,Bifouiti,0.0,0.10465893570711582,0.017386806775379147,0.0,449.6247963800905,unresolved,unresolved,below,below
Tomate,seven_paired_market_groups,none,Bourreau,0.0,0.453454822460741,0.17013333821681603,0.0,1948.085281385281,unresolved,unresolved,unresolved,below
Tomate,seven_paired_market_groups,none,Commission,0.0,0.12341917728175364,0.01530459413747665,0.0,530.220588235294,unresolved,unresolved,below,below
Tomate,seven_paired_market_groups,none,Kintele,0.0,0.0556587976175226,0.04584756350505658,0.0,239.11551724137934,unresolved,below,below,below
Tomate,seven_paired_market_groups,none,Madibou,0.0,0.025931629900146025,0.005098760313770963,0.0,111.40476190476191,below,below,below,below
Tomate,seven_paired_market_groups,none,Mikalou,0.0,0.1856406534214715,0.1229798819158453,0.0,797.53,unresolved,unresolved,below,below
Tomate,seven_paired_market_groups,none,Mokoundzi-ngouaka,0.0,0.05123598361124943,0.030997734274114737,0.0,220.1146853146853,unresolved,below,below,below
Tomate,seven_paired_market_groups,none,Moungali,0.0,0.05123598361124943,0.020238249337134695,0.0,220.1146853146853,unresolved,below,below,below
Tomate,seven_paired_market_groups,none,Ouenze,0.0,0.025931629900146025,0.02083286958637506,0.0,111.40476190476191,below,below,below,below
Tomate,seven_paired_market_groups,none,Plateaux des 15 ans,0.0,0.0556587976175226,0.009811234112466021,0.0,239.11551724137934,unresolved,below,below,below
Tomate,seven_paired_market_groups,none,Poto-poto,0.0,0.10465893570711582,0.08727212893173666,0.0,449.6247963800905,unresolved,unresolved,below,below
Tomate,seven_paired_market_groups,none,Talangai,0.0,0.1856406534214715,0.0626607715056262,0.0,797.53,unresolved,unresolved,below,below
Tomate,seven_paired_market_groups,none,Texaco,0.0,0.12341917728175364,0.108114583144277,0.0,530.220588235294,unresolved,unresolved,below,below
Tomate,seven_paired_market_groups,none,Total,0.0,0.453454822460741,0.28332148424392495,0.0,1948.085281385281,unresolved,unresolved,unresolved,below
Tomate,seven_paired_market_groups,pair:Texaco|Commission,Bifouiti,0.0,0.10465893570711582,0.017386806775379147,0.0,449.6247963800905,unresolved,unresolved,below,below
Tomate,seven_paired_market_groups,pair:Texaco|Commission,Bourreau,0.0,0.453454822460741,0.17013333821681603,0.0,1948.085281385281,unresolved,unresolved,unresolved,below
Tomate,seven_paired_market_groups,pair:Texaco|Commission,Commission,0.0,0.12341917728175364,0.01530459413747665,0.0,530.220588235294,unresolved,unresolved,below,below
Tomate,seven_paired_market_groups,pair:Texaco|Commission,Kintele,0.0,0.0556587976175226,0.04584756350505658,0.0,239.11551724137934,unresolved,below,below,below
Tomate,seven_paired_market_groups,pair:Texaco|Commission,Madibou,0.0,0.025931629900146025,0.005098760313770963,0.0,111.40476190476191,below,below,below,below
Tomate,seven_paired_market_groups,pair:Texaco|Commission,Mikalou,0.0,0.1856406534214715,0.1229798819158453,0.0,797.53,unresolved,unresolved,below,below
Tomate,seven_paired_market_groups,pair:Texaco|Commission,Mokoundzi-ngouaka,0.0,0.05123598361124943,0.030997734274114737,0.0,220.1146853146853,unresolved,below,below,below
Tomate,seven_paired_market_groups,pair:Texaco|Commission,Moungali,0.0,0.05123598361124943,0.020238249337134695,0.0,220.1146853146853,unresolved,below,below,below
Tomate,seven_paired_market_groups,pair:Texaco|Commission,Ouenze,0.0,0.025931629900146025,0.02083286958637506,0.0,111.40476190476191,below,below,below,below
Tomate,seven_paired_market_groups,pair:Texaco|Commission,Plateaux des 15 ans,0.0,0.0556587976175226,0.009811234112466021,0.0,239.11551724137934,unresolved,below,below,below
Tomate,seven_paired_market_groups,pair:Texaco|Commission,Poto-poto,0.0,0.10465893570711582,0.08727212893173666,0.0,449.6247963800905,unresolved,unresolved,below,below
Tomate,seven_paired_market_groups,pair:Texaco|Commission,Talangai,0.0,0.1856406534214715,0.0626607715056262,0.0,797.53,unresolved,unresolved,below,below
Tomate,seven_paired_market_groups,pair:Texaco|Commission,Texaco,0.0,0.12341917728175364,0.108114583144277,0.0,530.220588235294,unresolved,unresolved,below,below
Tomate,seven_paired_market_groups,pair:Texaco|Commission,Total,0.0,0.453454822460741,0.28332148424392495,0.0,1948.085281385281,unresolved,unresolved,unresolved,below
Tomate,seven_paired_market_groups,pair:Total|Bourreau,Bifouiti,0.0,0.10465893570711582,0.017386806775379147,0.0,449.6247963800905,unresolved,unresolved,below,below
Tomate,seven_paired_market_groups,pair:Total|Bourreau,Bourreau,0.0,0.453454822460741,0.17013333821681603,0.0,1948.085281385281,unresolved,unresolved,unresolved,below
Tomate,seven_paired_market_groups,pair:Total|Bourreau,Commission,0.0,0.12341917728175364,0.01530459413747665,0.0,530.220588235294,unresolved,unresolved,below,below
Tomate,seven_paired_market_groups,pair:Total|Bourreau,Kintele,0.0,0.0556587976175226,0.04584756350505658,0.0,239.11551724137934,unresolved,below,below,below
Tomate,seven_paired_market_groups,pair:Total|Bourreau,Madibou,0.0,0.025931629900146025,0.005098760313770963,0.0,111.40476190476191,below,below,below,below
Tomate,seven_paired_market_groups,pair:Total|Bourreau,Mikalou,0.0,0.1856406534214715,0.1229798819158453,0.0,797.53,unresolved,unresolved,below,below
Tomate,seven_paired_market_groups,pair:Total|Bourreau,Mokoundzi-ngouaka,0.0,0.05123598361124943,0.030997734274114737,0.0,220.1146853146853,unresolved,below,below,below
Tomate,seven_paired_market_groups,pair:Total|Bourreau,Moungali,0.0,0.05123598361124943,0.020238249337134695,0.0,220.1146853146853,unresolved,below,below,below
Tomate,seven_paired_market_groups,pair:Total|Bourreau,Ouenze,0.0,0.025931629900146025,0.02083286958637506,0.0,111.40476190476191,below,below,below,below
Tomate,seven_paired_market_groups,pair:Total|Bourreau,Plateaux des 15 ans,0.0,0.0556587976175226,0.009811234112466021,0.0,239.11551724137934,unresolved,below,below,below
Tomate,seven_paired_market_groups,pair:Total|Bourreau,Poto-poto,0.0,0.10465893570711582,0.08727212893173666,0.0,449.6247963800905,unresolved,unresolved,below,below
Tomate,seven_paired_market_groups,pair:Total|Bourreau,Talangai,0.0,0.1856406534214715,0.0626607715056262,0.0,797.53,unresolved,unresolved,below,below
Tomate,seven_paired_market_groups,pair:Total|Bourreau,Texaco,0.0,0.12341917728175364,0.108114583144277,0.0,530.220588235294,unresolved,unresolved,below,below
Tomate,seven_paired_market_groups,pair:Total|Bourreau,Total,0.0,0.453454822460741,0.28332148424392495,0.0,1948.085281385281,unresolved,unresolved,unresolved,below
Tomate,seven_paired_market_groups,pair:Ouenze|Madibou,Bifouiti,0.0,0.10465893570711582,0.017386806775379147,0.0,449.6247963800905,unresolved,unresolved,below,below
Tomate,seven_paired_market_groups,pair:Ouenze|Madibou,Bourreau,0.0,0.453454822460741,0.17013333821681603,0.0,1948.085281385281,unresolved,unresolved,unresolved,below
Tomate,seven_paired_market_groups,pair:Ouenze|Madibou,Commission,0.0,0.12341917728175364,0.01530459413747665,0.0,530.220588235294,unresolved,unresolved,below,below
Tomate,seven_paired_market_groups,pair:Ouenze|Madibou,Kintele,0.0,0.0556587976175226,0.04584756350505658,0.0,239.11551724137934,unresolved,below,below,below
Tomate,seven_paired_market_groups,pair:Ouenze|Madibou,Madibou,0.0,0.025931629900146025,0.005098760313770963,0.0,111.40476190476191,below,below,below,below
Tomate,seven_paired_market_groups,pair:Ouenze|Madibou,Mikalou,0.0,0.1856406534214715,0.1229798819158453,0.0,797.53,unresolved,unresolved,below,below
Tomate,seven_paired_market_groups,pair:Ouenze|Madibou,Mokoundzi-ngouaka,0.0,0.05123598361124943,0.030997734274114737,0.0,220.1146853146853,unresolved,below,below,below
Tomate,seven_paired_market_groups,pair:Ouenze|Madibou,Moungali,0.0,0.05123598361124943,0.020238249337134695,0.0,220.1146853146853,unresolved,below,below,below
Tomate,seven_paired_market_groups,pair:Ouenze|Madibou,Ouenze,0.0,0.025931629900146025,0.02083286958637506,0.0,111.40476190476191,below,below,below,below
Tomate,seven_paired_market_groups,pair:Ouenze|Madibou,Plateaux des 15 ans,0.0,0.0556587976175226,0.009811234112466021,0.0,239.11551724137934,unresolved,below,below,below
Tomate,seven_paired_market_groups,pair:Ouenze|Madibou,Poto-poto,0.0,0.10465893570711582,0.08727212893173666,0.0,449.6247963800905,unresolved,unresolved,below,below
Tomate,seven_paired_market_groups,pair:Ouenze|Madibou,Talangai,0.0,0.1856406534214715,0.0626607715056262,0.0,797.53,unresolved,unresolved,below,below
Tomate,seven_paired_market_groups,pair:Ouenze|Madibou,Texaco,0.0,0.12341917728175364,0.108114583144277,0.0,530.220588235294,unresolved,unresolved,below,below
Tomate,seven_paired_market_groups,pair:Ouenze|Madibou,Total,0.0,0.453454822460741,0.28332148424392495,0.0,1948.085281385281,unresolved,unresolved,unresolved,below
Tomate,seven_paired_market_groups,pair:Poto-poto|Bifouiti,Bifouiti,0.0,0.10465893570711582,0.017386806775379147,0.0,449.6247963800905,unresolved,unresolved,below,below
Tomate,seven_paired_market_groups,pair:Poto-poto|Bifouiti,Bourreau,0.0,0.453454822460741,0.17013333821681603,0.0,1948.085281385281,unresolved,unresolved,unresolved,below
Tomate,seven_paired_market_groups,pair:Poto-poto|Bifouiti,Commission,0.0,0.12341917728175364,0.01530459413747665,0.0,530.220588235294,unresolved,unresolved,below,below
Tomate,seven_paired_market_groups,pair:Poto-poto|Bifouiti,Kintele,0.0,0.0556587976175226,0.04584756350505658,0.0,239.11551724137934,unresolved,below,below,below
Tomate,seven_paired_market_groups,pair:Poto-poto|Bifouiti,Madibou,0.0,0.025931629900146025,0.005098760313770963,0.0,111.40476190476191,below,below,below,below
Tomate,seven_paired_market_groups,pair:Poto-poto|Bifouiti,Mikalou,0.0,0.1856406534214715,0.1229798819158453,0.0,797.53,unresolved,unresolved,below,below
Tomate,seven_paired_market_groups,pair:Poto-poto|Bifouiti,Mokoundzi-ngouaka,0.0,0.05123598361124943,0.030997734274114737,0.0,220.1146853146853,unresolved,below,below,below
Tomate,seven_paired_market_groups,pair:Poto-poto|Bifouiti,Moungali,0.0,0.05123598361124943,0.020238249337134695,0.0,220.1146853146853,unresolved,below,below,below
Tomate,seven_paired_market_groups,pair:Poto-poto|Bifouiti,Ouenze,0.0,0.025931629900146025,0.02083286958637506,0.0,111.40476190476191,below,below,below,below
Tomate,seven_paired_market_groups,pair:Poto-poto|Bifouiti,Plateaux des 15 ans,0.0,0.0556587976175226,0.009811234112466021,0.0,239.11551724137934,unresolved,below,below,below
Tomate,seven_paired_market_groups,pair:Poto-poto|Bifouiti,Poto-poto,0.0,0.10465893570711582,0.08727212893173666,0.0,449.6247963800905,unresolved,unresolved,below,below
Tomate,seven_paired_market_groups,pair:Poto-poto|Bifouiti,Talangai,0.0,0.1856406534214715,0.0626607715056262,0.0,797.53,unresolved,unresolved,below,below
Tomate,seven_paired_market_groups,pair:Poto-poto|Bifouiti,Texaco,0.0,0.12341917728175364,0.108114583144277,0.0,530.220588235294,unresolved,unresolved,below,below
Tomate,seven_paired_market_groups,pair:Poto-poto|Bifouiti,Total,0.0,0.453454822460741,0.28332148424392495,0.0,1948.085281385281,unresolved,unresolved,unresolved,below
Tomate,seven_paired_market_groups,pair:Mikalou|Talangai,Bifouiti,0.0,0.10465893570711582,0.017386806775379147,0.0,449.6247963800905,unresolved,unresolved,below,below
Tomate,seven_paired_market_groups,pair:Mikalou|Talangai,Bourreau,0.0,0.453454822460741,0.17013333821681603,0.0,1948.085281385281,unresolved,unresolved,unresolved,below
Tomate,seven_paired_market_groups,pair:Mikalou|Talangai,Commission,0.0,0.12341917728175364,0.01530459413747665,0.0,530.220588235294,unresolved,unresolved,below,below
Tomate,seven_paired_market_groups,pair:Mikalou|Talangai,Kintele,0.0,0.0556587976175226,0.04584756350505658,0.0,239.11551724137934,unresolved,below,below,below
Tomate,seven_paired_market_groups,pair:Mikalou|Talangai,Madibou,0.0,0.025931629900146025,0.005098760313770963,0.0,111.40476190476191,below,below,below,below
Tomate,seven_paired_market_groups,pair:Mikalou|Talangai,Mikalou,0.0,0.1856406534214715,0.1229798819158453,0.0,797.53,unresolved,unresolved,below,below
Tomate,seven_paired_market_groups,pair:Mikalou|Talangai,Mokoundzi-ngouaka,0.0,0.05123598361124943,0.030997734274114737,0.0,220.1146853146853,unresolved,below,below,below
Tomate,seven_paired_market_groups,pair:Mikalou|Talangai,Moungali,0.0,0.05123598361124943,0.020238249337134695,0.0,220.1146853146853,unresolved,below,below,below
Tomate,seven_paired_market_groups,pair:Mikalou|Talangai,Ouenze,0.0,0.025931629900146025,0.02083286958637506,0.0,111.40476190476191,below,below,below,below
Tomate,seven_paired_market_groups,pair:Mikalou|Talangai,Plateaux des 15 ans,0.0,0.0556587976175226,0.009811234112466021,0.0,239.11551724137934,unresolved,below,below,below
Tomate,seven_paired_market_groups,pair:Mikalou|Talangai,Poto-poto,0.0,0.10465893570711582,0.08727212893173666,0.0,449.6247963800905,unresolved,unresolved,below,below
Tomate,seven_paired_market_groups,pair:Mikalou|Talangai,Talangai,0.0,0.1856406534214715,0.0626607715056262,0.0,797.53,unresolved,unresolved,below,below
Tomate,seven_paired_market_groups,pair:Mikalou|Talangai,Texaco,0.0,0.12341917728175364,0.108114583144277,0.0,530.220588235294,unresolved,unresolved,below,below
Tomate,seven_paired_market_groups,pair:Mikalou|Talangai,Total,0.0,0.453454822460741,0.28332148424392495,0.0,1948.085281385281,unresolved,unresolved,unresolved,below
Tomate,seven_paired_market_groups,pair:Kintele|Plateaux des 15 ans,Bifouiti,0.0,0.10465893570711582,0.017386806775379147,0.0,449.6247963800905,unresolved,unresolved,below,below
Tomate,seven_paired_market_groups,pair:Kintele|Plateaux des 15 ans,Bourreau,0.0,0.453454822460741,0.17013333821681603,0.0,1948.085281385281,unresolved,unresolved,unresolved,below
Tomate,seven_paired_market_groups,pair:Kintele|Plateaux des 15 ans,Commission,0.0,0.12341917728175364,0.01530459413747665,0.0,530.220588235294,unresolved,unresolved,below,below
Tomate,seven_paired_market_groups,pair:Kintele|Plateaux des 15 ans,Kintele,0.0,0.0556587976175226,0.04584756350505658,0.0,239.11551724137934,unresolved,below,below,below
Tomate,seven_paired_market_groups,pair:Kintele|Plateaux des 15 ans,Madibou,0.0,0.025931629900146025,0.005098760313770963,0.0,111.40476190476191,below,below,below,below
Tomate,seven_paired_market_groups,pair:Kintele|Plateaux des 15 ans,Mikalou,0.0,0.1856406534214715,0.1229798819158453,0.0,797.53,unresolved,unresolved,below,below
Tomate,seven_paired_market_groups,pair:Kintele|Plateaux des 15 ans,Mokoundzi-ngouaka,0.0,0.05123598361124943,0.030997734274114737,0.0,220.1146853146853,unresolved,below,below,below
Tomate,seven_paired_market_groups,pair:Kintele|Plateaux des 15 ans,Moungali,0.0,0.05123598361124943,0.020238249337134695,0.0,220.1146853146853,unresolved,below,below,below
Tomate,seven_paired_market_groups,pair:Kintele|Plateaux des 15 ans,Ouenze,0.0,0.025931629900146025,0.02083286958637506,0.0,111.40476190476191,below,below,below,below
Tomate,seven_paired_market_groups,pair:Kintele|Plateaux des 15 ans,Plateaux des 15 ans,0.0,0.0556587976175226,0.009811234112466021,0.0,239.11551724137934,unresolved,below,below,below
Tomate,seven_paired_market_groups,pair:Kintele|Plateaux des 15 ans,Poto-poto,0.0,0.10465893570711582,0.08727212893173666,0.0,449.6247963800905,unresolved,unresolved,below,below
Tomate,seven_paired_market_groups,pair:Kintele|Plateaux des 15 ans,Talangai,0.0,0.1856406534214715,0.0626607715056262,0.0,797.53,unresolved,unresolved,below,below
Tomate,seven_paired_market_groups,pair:Kintele|Plateaux des 15 ans,Texaco,0.0,0.12341917728175364,0.108114583144277,0.0,530.220588235294,unresolved,unresolved,below,below
Tomate,seven_paired_market_groups,pair:Kintele|Plateaux des 15 ans,Total,0.0,0.453454822460741,0.28332148424392495,0.0,1948.085281385281,unresolved,unresolved,unresolved,below
Tomate,seven_paired_market_groups,pair:Mokoundzi-ngouaka|Moungali,Bifouiti,0.0,0.10465893570711582,0.017386806775379147,0.0,449.6247963800905,unresolved,unresolved,below,below
Tomate,seven_paired_market_groups,pair:Mokoundzi-ngouaka|Moungali,Bourreau,0.0,0.453454822460741,0.17013333821681603,0.0,1948.085281385281,unresolved,unresolved,unresolved,below
Tomate,seven_paired_market_groups,pair:Mokoundzi-ngouaka|Moungali,Commission,0.0,0.12341917728175364,0.01530459413747665,0.0,530.220588235294,unresolved,unresolved,below,below
Tomate,seven_paired_market_groups,pair:Mokoundzi-ngouaka|Moungali,Kintele,0.0,0.0556587976175226,0.04584756350505658,0.0,239.11551724137934,unresolved,below,below,below
Tomate,seven_paired_market_groups,pair:Mokoundzi-ngouaka|Moungali,Madibou,0.0,0.025931629900146025,0.005098760313770963,0.0,111.40476190476191,below,below,below,below
Tomate,seven_paired_market_groups,pair:Mokoundzi-ngouaka|Moungali,Mikalou,0.0,0.1856406534214715,0.1229798819158453,0.0,797.53,unresolved,unresolved,below,below
Tomate,seven_paired_market_groups,pair:Mokoundzi-ngouaka|Moungali,Mokoundzi-ngouaka,0.0,0.05123598361124943,0.030997734274114737,0.0,220.1146853146853,unresolved,below,below,below
Tomate,seven_paired_market_groups,pair:Mokoundzi-ngouaka|Moungali,Moungali,0.0,0.05123598361124943,0.020238249337134695,0.0,220.1146853146853,unresolved,below,below,below
Tomate,seven_paired_market_groups,pair:Mokoundzi-ngouaka|Moungali,Ouenze,0.0,0.025931629900146025,0.02083286958637506,0.0,111.40476190476191,below,below,below,below
Tomate,seven_paired_market_groups,pair:Mokoundzi-ngouaka|Moungali,Plateaux des 15 ans,0.0,0.0556587976175226,0.009811234112466021,0.0,239.11551724137934,unresolved,below,below,below
Tomate,seven_paired_market_groups,pair:Mokoundzi-ngouaka|Moungali,Poto-poto,0.0,0.10465893570711582,0.08727212893173666,0.0,449.6247963800905,unresolved,unresolved,below,below
Tomate,seven_paired_market_groups,pair:Mokoundzi-ngouaka|Moungali,Talangai,0.0,0.1856406534214715,0.0626607715056262,0.0,797.53,unresolved,unresolved,below,below
Tomate,seven_paired_market_groups,pair:Mokoundzi-ngouaka|Moungali,Texaco,0.0,0.12341917728175364,0.108114583144277,0.0,530.220588235294,unresolved,unresolved,below,below
Tomate,seven_paired_market_groups,pair:Mokoundzi-ngouaka|Moungali,Total,0.0,0.453454822460741,0.28332148424392495,0.0,1948.085281385281,unresolved,unresolved,unresolved,below
