{
"type": "FeatureCollection",
"name": "local_waterbody_geometry",
"crs": { "type": "name", "properties": { "name": "urn:ogc:def:crs:OGC:1.3:CRS84" } },
"xy_coordinate_resolution": 1e-05,
"features": [
{ "type": "Feature", "properties": { "waterbody": "Lake Chamo" }, "geometry": { "type": "Polygon", "coordinates": [ [ [ 37.4656, 5.76572, 0.0 ], [ 37.46934, 5.76464, 0.0 ], [ 37.46993, 5.76398, 0.0 ], [ 37.47079, 5.76307, 0.0 ], [ 37.4713, 5.76207, 0.0 ], [ 37.47155, 5.76057, 0.0 ], [ 37.4719, 5.75978, 0.0 ], [ 37.47181, 5.75871, 0.0 ], [ 37.47151, 5.75751, 0.0 ], [ 37.47163, 5.75659, 0.0 ], [ 37.47173, 5.75532, 0.0 ], [ 37.47165, 5.75426, 0.0 ], [ 37.47197, 5.75314, 0.0 ], [ 37.47167, 5.75195, 0.0 ], [ 37.47158, 5.7509, 0.0 ], [ 37.4719, 5.74979, 0.0 ], [ 37.47265, 5.74896, 0.0 ], [ 37.47359, 5.74792, 0.0 ], [ 37.47415, 5.7473, 0.0 ], [ 37.47486, 5.74614, 0.0 ], [ 37.47651, 5.74396, 0.0 ], [ 37.4774, 5.7426, 0.0 ], [ 37.4793, 5.74126, 0.0 ], [ 37.47981, 5.74032, 0.0 ], [ 37.47972, 5.73932, 0.0 ], [ 37.47977, 5.73779, 0.0 ], [ 37.47971, 5.73713, 0.0 ], [ 37.47978, 5.73594, 0.0 ], [ 37.47967, 5.73495, 0.0 ], [ 37.47978, 5.73409, 0.0 ], [ 37.47969, 5.73311, 0.0 ], [ 37.47938, 5.73199, 0.0 ], [ 37.47947, 5.73082, 0.0 ], [ 37.47937, 5.72985, 0.0 ], [ 37.47946, 5.72868, 0.0 ], [ 37.47933, 5.72739, 0.0 ], [ 37.47923, 5.72642, 0.0 ], [ 37.47913, 5.72546, 0.0 ], [ 37.47904, 5.7245, 0.0 ], [ 37.47856, 5.7236, 0.0 ], [ 37.47878, 5.72195, 0.0 ], [ 37.47924, 5.72076, 0.0 ], [ 37.47939, 5.72025, 0.0 ], [ 37.47932, 5.71962, 0.0 ], [ 37.47902, 5.71855, 0.0 ], [ 37.47944, 5.71706, 0.0 ], [ 37.47938, 5.71643, 0.0 ], [ 37.47966, 5.71544, 0.0 ], [ 37.47995, 5.71446, 0.0 ], [ 37.4804, 5.7133, 0.0 ], [ 37.48048, 5.7122, 0.0 ], [ 37.48117, 5.71148, 0.0 ], [ 37.48248, 5.71115, 0.0 ], [ 37.48361, 5.71101, 0.0 ], [ 37.48491, 5.71068, 0.0 ], [ 37.48576, 5.7098, 0.0 ], [ 37.48621, 5.70866, 0.0 ], [ 37.48689, 5.70796, 0.0 ], [ 37.48754, 5.70696, 0.0 ], [ 37.48842, 5.7064, 0.0 ], [ 37.4893, 5.70583, 0.0 ], [ 37.48997, 5.70514, 0.0 ], [ 37.49064, 5.70446, 0.0 ], [ 37.49134, 5.70407, 0.0 ], [ 37.49249, 5.70423, 0.0 ], [ 37.494, 5.70435, 0.0 ], [ 37.4946, 5.70473, 0.0 ], [ 37.49559, 5.70536, 0.0 ], [ 37.49828, 5.70622, 0.0 ], [ 37.49923, 5.70655, 0.0 ], [ 37.50007, 5.70735, 0.0 ], [ 37.50034, 5.70807, 0.0 ], [ 37.50135, 5.7087, 0.0 ], [ 37.50199, 5.70937, 0.0 ], [ 37.50246, 5.71022, 0.0 ], [ 37.50294, 5.71107, 0.0 ], [ 37.50321, 5.7118, 0.0 ], [ 37.50316, 5.71287, 0.0 ], [ 37.50417, 5.71351, 0.0 ], [ 37.50502, 5.71431, 0.0 ], [ 37.50604, 5.71495, 0.0 ], [ 37.50669, 5.71563, 0.0 ], [ 37.50717, 5.71649, 0.0 ], [ 37.50765, 5.71735, 0.0 ], [ 37.50794, 5.71809, 0.0 ], [ 37.50844, 5.71895, 0.0 ], [ 37.50985, 5.71984, 0.0 ], [ 37.51082, 5.72017, 0.0 ], [ 37.5121, 5.72013, 0.0 ], [ 37.51319, 5.71998, 0.0 ], [ 37.51443, 5.71964, 0.0 ], [ 37.51564, 5.7204, 0.0 ], [ 37.51645, 5.7209, 0.0 ], [ 37.51725, 5.72141, 0.0 ], [ 37.51758, 5.72245, 0.0 ], [ 37.51787, 5.72319, 0.0 ], [ 37.51889, 5.72382, 0.0 ], [ 37.51989, 5.72446, 0.0 ], [ 37.52095, 5.7254, 0.0 ], [ 37.5218, 5.72621, 0.0 ], [ 37.5221, 5.72695, 0.0 ], [ 37.52372, 5.72797, 0.0 ], [ 37.52392, 5.72809, 0.0 ], [ 37.52407, 5.72902, 0.0 ], [ 37.52402, 5.72983, 0.0 ], [ 37.52534, 5.7301, 0.0 ], [ 37.52634, 5.72961, 0.0 ], [ 37.52735, 5.72913, 0.0 ], [ 37.52816, 5.72853, 0.0 ], [ 37.52927, 5.72867, 0.0 ], [ 37.52977, 5.72954, 0.0 ], [ 37.53078, 5.73017, 0.0 ], [ 37.53179, 5.7308, 0.0 ], [ 37.53274, 5.73112, 0.0 ], [ 37.53355, 5.73163, 0.0 ], [ 37.53451, 5.73195, 0.0 ], [ 37.53546, 5.73227, 0.0 ], [ 37.53626, 5.73277, 0.0 ], [ 37.53692, 5.73346, 0.0 ], [ 37.53743, 5.73433, 0.0 ], [ 37.53781, 5.73539, 0.0 ], [ 37.53847, 5.73608, 0.0 ], [ 37.53928, 5.73659, 0.0 ], [ 37.54029, 5.73722, 0.0 ], [ 37.5413, 5.73785, 0.0 ], [ 37.54231, 5.73848, 0.0 ], [ 37.54327, 5.7388, 0.0 ], [ 37.54428, 5.73943, 0.0 ], [ 37.54549, 5.74019, 0.0 ], [ 37.54615, 5.74088, 0.0 ], [ 37.54695, 5.74139, 0.0 ], [ 37.54775, 5.7419, 0.0 ], [ 37.54848, 5.74291, 0.0 ], [ 37.54894, 5.74348, 0.0 ], [ 37.54975, 5.74398, 0.0 ], [ 37.55075, 5.74462, 0.0 ], [ 37.5517, 5.74493, 0.0 ], [ 37.55285, 5.74537, 0.0 ], [ 37.5536, 5.74556, 0.0 ], [ 37.55454, 5.74588, 0.0 ], [ 37.55521, 5.74657, 0.0 ], [ 37.55588, 5.74727, 0.0 ], [ 37.55641, 5.74816, 0.0 ], [ 37.55781, 5.75071, 0.0 ], [ 37.55767, 5.7509, 0.0 ], [ 37.55772, 5.75206, 0.0 ], [ 37.55791, 5.75303, 0.0 ], [ 37.55811, 5.754, 0.0 ], [ 37.5581, 5.75484, 0.0 ], [ 37.55912, 5.75548, 0.0 ], [ 37.56014, 5.75527, 0.0 ], [ 37.56123, 5.75539, 0.0 ], [ 37.56232, 5.7555, 0.0 ], [ 37.56327, 5.75582, 0.0 ], [ 37.56435, 5.75593, 0.0 ], [ 37.5653, 5.75624, 0.0 ], [ 37.56611, 5.75675, 0.0 ], [ 37.56693, 5.75725, 0.0 ], [ 37.56734, 5.75835, 0.0 ], [ 37.56775, 5.75945, 0.0 ], [ 37.56864, 5.76029, 0.0 ], [ 37.56952, 5.76113, 0.0 ], [ 37.5704, 5.76196, 0.0 ], [ 37.57108, 5.76268, 0.0 ], [ 37.57096, 5.76373, 0.0 ], [ 37.57084, 5.76479, 0.0 ], [ 37.5703, 5.7656, 0.0 ], [ 37.56991, 5.76707, 0.0 ], [ 37.56951, 5.76768, 0.0 ], [ 37.56952, 5.76855, 0.0 ], [ 37.57021, 5.76927, 0.0 ], [ 37.57145, 5.77005, 0.0 ], [ 37.57193, 5.77064, 0.0 ], [ 37.5729, 5.77182, 0.0 ], [ 37.57333, 5.77296, 0.0 ], [ 37.57334, 5.77384, 0.0 ], [ 37.5735, 5.77541, 0.0 ], [ 37.57338, 5.7765, 0.0 ], [ 37.57347, 5.77774, 0.0 ], [ 37.5737, 5.77876, 0.0 ], [ 37.57434, 5.78005, 0.0 ], [ 37.57496, 5.78044, 0.0 ], [ 37.57553, 5.78139, 0.0 ], [ 37.57644, 5.78226, 0.0 ], [ 37.57855, 5.78447, 0.0 ], [ 37.57939, 5.78499, 0.0 ], [ 37.58043, 5.78565, 0.0 ], [ 37.58148, 5.7863, 0.0 ], [ 37.58245, 5.78661, 0.0 ], [ 37.58375, 5.78683, 0.0 ], [ 37.58438, 5.78722, 0.0 ], [ 37.58542, 5.78787, 0.0 ], [ 37.58647, 5.78853, 0.0 ], [ 37.5873, 5.78906, 0.0 ], [ 37.5886, 5.78928, 0.0 ], [ 37.59002, 5.78928, 0.0 ], [ 37.5909, 5.78924, 0.0 ], [ 37.59253, 5.78938, 0.0 ], [ 37.59319, 5.7892, 0.0 ], [ 37.59415, 5.78951, 0.0 ], [ 37.59543, 5.78973, 0.0 ], [ 37.59638, 5.79004, 0.0 ], [ 37.59754, 5.79047, 0.0 ], [ 37.59829, 5.79065, 0.0 ], [ 37.59936, 5.79073, 0.0 ], [ 37.60055, 5.79061, 0.0 ], [ 37.60141, 5.79057, 0.0 ], [ 37.60251, 5.7901, 0.0 ], [ 37.60348, 5.78984, 0.0 ], [ 37.60478, 5.7895, 0.0 ], [ 37.60563, 5.78946, 0.0 ], [ 37.6068, 5.78934, 0.0 ], [ 37.60765, 5.78929, 0.0 ], [ 37.60882, 5.78917, 0.0 ], [ 37.60966, 5.78913, 0.0 ], [ 37.61083, 5.789, 0.0 ], [ 37.61198, 5.78888, 0.0 ], [ 37.61303, 5.78897, 0.0 ], [ 37.61355, 5.78901, 0.0 ], [ 37.61457, 5.78965, 0.0 ], [ 37.6157, 5.79008, 0.0 ], [ 37.61642, 5.79025, 0.0 ], [ 37.61744, 5.79089, 0.0 ], [ 37.61856, 5.79132, 0.0 ], [ 37.61938, 5.79182, 0.0 ], [ 37.62019, 5.79233, 0.0 ], [ 37.621, 5.79283, 0.0 ], [ 37.62202, 5.79347, 0.0 ], [ 37.62283, 5.79397, 0.0 ], [ 37.62364, 5.79448, 0.0 ], [ 37.62435, 5.79521, 0.0 ], [ 37.62495, 5.79615, 0.0 ], [ 37.62565, 5.79688, 0.0 ], [ 37.62636, 5.79761, 0.0 ], [ 37.62707, 5.79834, 0.0 ], [ 37.62777, 5.79963, 0.0 ], [ 37.62837, 5.80058, 0.0 ], [ 37.62887, 5.80173, 0.0 ], [ 37.62946, 5.80323, 0.0 ], [ 37.63016, 5.80452, 0.0 ], [ 37.63076, 5.80604, 0.0 ], [ 37.63106, 5.80709, 0.0 ], [ 37.63146, 5.80849, 0.0 ], [ 37.63175, 5.80955, 0.0 ], [ 37.63194, 5.81141, 0.0 ], [ 37.63203, 5.81293, 0.0 ], [ 37.63233, 5.814, 0.0 ], [ 37.63316, 5.81511, 0.0 ], [ 37.63397, 5.81858, 0.0 ], [ 37.63428, 5.81967, 0.0 ], [ 37.63427, 5.82087, 0.0 ], [ 37.63447, 5.8222, 0.0 ], [ 37.63467, 5.82352, 0.0 ], [ 37.63487, 5.82483, 0.0 ], [ 37.63507, 5.82617, 0.0 ], [ 37.63538, 5.82728, 0.0 ], [ 37.63612, 5.82805, 0.0 ], [ 37.63718, 5.82871, 0.0 ], [ 37.63792, 5.82948, 0.0 ], [ 37.63834, 5.83035, 0.0 ], [ 37.63813, 5.83144, 0.0 ], [ 37.63802, 5.8323, 0.0 ], [ 37.63813, 5.83391, 0.0 ], [ 37.63845, 5.83504, 0.0 ], [ 37.63866, 5.83642, 0.0 ], [ 37.63855, 5.83791, 0.0 ], [ 37.63834, 5.83903, 0.0 ], [ 37.63823, 5.84053, 0.0 ], [ 37.63823, 5.84115, 0.0 ], [ 37.63823, 5.84243, 0.0 ], [ 37.63812, 5.84394, 0.0 ], [ 37.63757, 5.84457, 0.0 ], [ 37.63702, 5.84579, 0.0 ], [ 37.63581, 5.84792, 0.0 ], [ 37.63548, 5.84868, 0.0 ], [ 37.63503, 5.84969, 0.0 ], [ 37.63458, 5.8507, 0.0 ], [ 37.63413, 5.85171, 0.0 ], [ 37.63345, 5.85325, 0.0 ], [ 37.63289, 5.85389, 0.0 ], [ 37.632, 5.85468, 0.0 ], [ 37.63177, 5.85589, 0.0 ], [ 37.63121, 5.85723, 0.0 ], [ 37.63152, 5.85911, 0.0 ], [ 37.63128, 5.86027, 0.0 ], [ 37.6308, 5.86196, 0.0 ], [ 37.63056, 5.86316, 0.0 ], [ 37.63065, 5.86491, 0.0 ], [ 37.6303, 5.86576, 0.0 ], [ 37.63018, 5.86744, 0.0 ], [ 37.63039, 5.86897, 0.0 ], [ 37.63106, 5.87008, 0.0 ], [ 37.63195, 5.87131, 0.0 ], [ 37.63216, 5.87212, 0.0 ], [ 37.6318, 5.87363, 0.0 ], [ 37.63133, 5.87473, 0.0 ], [ 37.63063, 5.8757, 0.0 ], [ 37.62937, 5.87599, 0.0 ], [ 37.62833, 5.87642, 0.0 ], [ 37.62751, 5.87697, 0.0 ], [ 37.62807, 5.87839, 0.0 ], [ 37.62895, 5.88185, 0.0 ], [ 37.62871, 5.88243, 0.0 ], [ 37.62939, 5.88359, 0.0 ], [ 37.63007, 5.88472, 0.0 ], [ 37.63052, 5.8857, 0.0 ], [ 37.63028, 5.88709, 0.0 ], [ 37.63097, 5.88823, 0.0 ], [ 37.63153, 5.88963, 0.0 ], [ 37.63175, 5.89125, 0.0 ], [ 37.63219, 5.89298, 0.0 ], [ 37.63253, 5.89431, 0.0 ], [ 37.63311, 5.89579, 0.0 ], [ 37.63345, 5.89712, 0.0 ], [ 37.63392, 5.89895, 0.0 ], [ 37.63473, 5.90057, 0.0 ], [ 37.63519, 5.90161, 0.0 ], [ 37.63519, 5.90318, 0.0 ], [ 37.63555, 5.90456, 0.0 ], [ 37.6359, 5.90593, 0.0 ], [ 37.63684, 5.90647, 0.0 ], [ 37.638, 5.90709, 0.0 ], [ 37.63802, 5.90874, 0.0 ], [ 37.63826, 5.91045, 0.0 ], [ 37.63873, 5.9115, 0.0 ], [ 37.63861, 5.91335, 0.0 ], [ 37.63813, 5.91461, 0.0 ], [ 37.63765, 5.91588, 0.0 ], [ 37.63787, 5.91749, 0.0 ], [ 37.63738, 5.91872, 0.0 ], [ 37.63704, 5.92057, 0.0 ], [ 37.63656, 5.92191, 0.0 ], [ 37.63643, 5.92302, 0.0 ], [ 37.63715, 5.92425, 0.0 ], [ 37.63787, 5.92546, 0.0 ], [ 37.63823, 5.92848, 0.0 ], [ 37.63811, 5.92882, 0.0 ], [ 37.63811, 5.93045, 0.0 ], [ 37.63811, 5.93208, 0.0 ], [ 37.63784, 5.93343, 0.0 ], [ 37.63721, 5.93417, 0.0 ], [ 37.636, 5.93519, 0.0 ], [ 37.63502, 5.9363, 0.0 ], [ 37.63452, 5.93767, 0.0 ], [ 37.63537, 5.93853, 0.0 ], [ 37.63474, 5.94025, 0.0 ], [ 37.63486, 5.94155, 0.0 ], [ 37.63423, 5.94329, 0.0 ], [ 37.63347, 5.94453, 0.0 ], [ 37.63209, 5.94492, 0.0 ], [ 37.63083, 5.94499, 0.0 ], [ 37.62957, 5.94505, 0.0 ], [ 37.62856, 5.94528, 0.0 ], [ 37.62741, 5.94588, 0.0 ], [ 37.62628, 5.9456, 0.0 ], [ 37.62501, 5.94566, 0.0 ], [ 37.62486, 5.94686, 0.0 ], [ 37.62573, 5.94783, 0.0 ], [ 37.62622, 5.94899, 0.0 ], [ 37.62555, 5.95071, 0.0 ], [ 37.62413, 5.95107, 0.0 ], [ 37.62287, 5.95034, 0.0 ], [ 37.62199, 5.94939, 0.0 ], [ 37.62072, 5.9486, 0.0 ], [ 37.61967, 5.94967, 0.0 ], [ 37.61837, 5.94971, 0.0 ], [ 37.61736, 5.94912, 0.0 ], [ 37.6162, 5.94883, 0.0 ], [ 37.61465, 5.94872, 0.0 ], [ 37.6121, 5.94715, 0.0 ], [ 37.61157, 5.94769, 0.0 ], [ 37.61063, 5.94843, 0.0 ], [ 37.60943, 5.94901, 0.0 ], [ 37.60834, 5.95011, 0.0 ], [ 37.6079, 5.95118, 0.0 ], [ 37.60863, 5.95237, 0.0 ], [ 37.60805, 5.95363, 0.0 ], [ 37.60673, 5.95374, 0.0 ], [ 37.6054, 5.95385, 0.0 ], [ 37.60407, 5.95396, 0.0 ], [ 37.60274, 5.95406, 0.0 ], [ 37.60171, 5.95348, 0.0 ], [ 37.60041, 5.95279, 0.0 ], [ 37.59933, 5.95303, 0.0 ], [ 37.59857, 5.95473, 0.0 ], [ 37.59759, 5.95556, 0.0 ], [ 37.59724, 5.95699, 0.0 ], [ 37.59599, 5.95777, 0.0 ], [ 37.59631, 5.95934, 0.0 ], [ 37.59663, 5.96092, 0.0 ], [ 37.59722, 5.96257, 0.0 ], [ 37.59807, 5.96431, 0.0 ], [ 37.59824, 5.96636, 0.0 ], [ 37.59872, 5.96749, 0.0 ], [ 37.59793, 5.96982, 0.0 ], [ 37.59677, 5.97102, 0.0 ], [ 37.59566, 5.97123, 0.0 ], [ 37.59429, 5.97126, 0.0 ], [ 37.59296, 5.97039, 0.0 ], [ 37.59164, 5.96953, 0.0 ], [ 37.59073, 5.96848, 0.0 ], [ 37.59057, 5.96657, 0.0 ], [ 37.58951, 5.9659, 0.0 ], [ 37.58846, 5.96523, 0.0 ], [ 37.5873, 5.96399, 0.0 ], [ 37.5864, 5.96294, 0.0 ], [ 37.58567, 5.96156, 0.0 ], [ 37.58493, 5.96018, 0.0 ], [ 37.58235, 5.95767, 0.0 ], [ 37.58209, 5.95751, 0.0 ], [ 37.58077, 5.9567, 0.0 ], [ 37.57971, 5.95605, 0.0 ], [ 37.57866, 5.95536, 0.0 ], [ 37.57793, 5.954, 0.0 ], [ 37.57672, 5.95365, 0.0 ], [ 37.5755, 5.9533, 0.0 ], [ 37.5741, 5.95343, 0.0 ], [ 37.57287, 5.95314, 0.0 ], [ 37.57156, 5.95229, 0.0 ], [ 37.57127, 5.95074, 0.0 ], [ 37.57221, 5.94946, 0.0 ], [ 37.57246, 5.9482, 0.0 ], [ 37.57201, 5.94696, 0.0 ], [ 37.57269, 5.94551, 0.0 ], [ 37.57336, 5.94408, 0.0 ], [ 37.57423, 5.94212, 0.0 ], [ 37.57437, 5.94038, 0.0 ], [ 37.57436, 5.93892, 0.0 ], [ 37.57407, 5.9375, 0.0 ], [ 37.57395, 5.93565, 0.0 ], [ 37.57308, 5.93467, 0.0 ], [ 37.57171, 5.93472, 0.0 ], [ 37.56886, 5.93296, 0.0 ], [ 37.56817, 5.93163, 0.0 ], [ 37.56688, 5.93218, 0.0 ], [ 37.56568, 5.93188, 0.0 ], [ 37.56413, 5.9309, 0.0 ], [ 37.56378, 5.92886, 0.0 ], [ 37.5636, 5.92785, 0.0 ], [ 37.56223, 5.92789, 0.0 ], [ 37.56094, 5.92843, 0.0 ], [ 37.55973, 5.92812, 0.0 ], [ 37.55844, 5.92731, 0.0 ], [ 37.55905, 5.92543, 0.0 ], [ 37.55974, 5.92406, 0.0 ], [ 37.56043, 5.9227, 0.0 ], [ 37.55975, 5.92138, 0.0 ], [ 37.5595, 5.91988, 0.0 ], [ 37.55933, 5.91755, 0.0 ], [ 37.55849, 5.91657, 0.0 ], [ 37.55721, 5.91577, 0.0 ], [ 37.55429, 5.91616, 0.0 ], [ 37.55325, 5.91685, 0.0 ], [ 37.55178, 5.91771, 0.0 ], [ 37.55081, 5.9189, 0.0 ], [ 37.5501, 5.92026, 0.0 ], [ 37.54982, 5.92145, 0.0 ], [ 37.55005, 5.92296, 0.0 ], [ 37.54915, 5.92468, 0.0 ], [ 37.54817, 5.92591, 0.0 ], [ 37.54684, 5.92646, 0.0 ], [ 37.54527, 5.92549, 0.0 ], [ 37.5443, 5.92535, 0.0 ], [ 37.54315, 5.92556, 0.0 ], [ 37.54207, 5.92628, 0.0 ], [ 37.54083, 5.92599, 0.0 ], [ 37.53959, 5.92569, 0.0 ], [ 37.53831, 5.92677, 0.0 ], [ 37.53782, 5.92834, 0.0 ], [ 37.53868, 5.92935, 0.0 ], [ 37.54, 5.93017, 0.0 ], [ 37.54113, 5.93134, 0.0 ], [ 37.54065, 5.93292, 0.0 ], [ 37.5399, 5.93431, 0.0 ], [ 37.53888, 5.93555, 0.0 ], [ 37.53752, 5.93613, 0.0 ], [ 37.53645, 5.93548, 0.0 ], [ 37.53538, 5.93482, 0.0 ], [ 37.53432, 5.93415, 0.0 ], [ 37.53298, 5.93336, 0.0 ], [ 37.53192, 5.93268, 0.0 ], [ 37.53105, 5.93166, 0.0 ], [ 37.53037, 5.93029, 0.0 ], [ 37.52904, 5.92947, 0.0 ], [ 37.52771, 5.92865, 0.0 ], [ 37.52632, 5.92729, 0.0 ], [ 37.52499, 5.92646, 0.0 ], [ 37.52201, 5.9241, 0.0 ], [ 37.52188, 5.92307, 0.0 ], [ 37.52082, 5.9224, 0.0 ], [ 37.51977, 5.92173, 0.0 ], [ 37.51911, 5.92036, 0.0 ], [ 37.51919, 5.91899, 0.0 ], [ 37.51946, 5.91727, 0.0 ], [ 37.52046, 5.91555, 0.0 ], [ 37.52046, 5.91368, 0.0 ], [ 37.51982, 5.91234, 0.0 ], [ 37.51878, 5.91166, 0.0 ], [ 37.51739, 5.9122, 0.0 ], [ 37.51628, 5.91104, 0.0 ], [ 37.51683, 5.9095, 0.0 ], [ 37.51789, 5.9083, 0.0 ], [ 37.5192, 5.90729, 0.0 ], [ 37.52057, 5.90678, 0.0 ], [ 37.52162, 5.90559, 0.0 ], [ 37.52266, 5.90441, 0.0 ], [ 37.5237, 5.90324, 0.0 ], [ 37.52499, 5.90225, 0.0 ], [ 37.52627, 5.90126, 0.0 ], [ 37.52786, 5.90092, 0.0 ], [ 37.52888, 5.89977, 0.0 ], [ 37.52963, 5.89847, 0.0 ], [ 37.53057, 5.89685, 0.0 ], [ 37.53158, 5.89571, 0.0 ], [ 37.5329, 5.89522, 0.0 ], [ 37.53339, 5.89378, 0.0 ], [ 37.53237, 5.89314, 0.0 ], [ 37.53117, 5.89283, 0.0 ], [ 37.52985, 5.89331, 0.0 ], [ 37.52885, 5.89444, 0.0 ], [ 37.52778, 5.89508, 0.0 ], [ 37.52695, 5.89411, 0.0 ], [ 37.5272, 5.89251, 0.0 ], [ 37.5277, 5.89107, 0.0 ], [ 37.52656, 5.88948, 0.0 ], [ 37.52555, 5.88884, 0.0 ], [ 37.52384, 5.88646, 0.0 ], [ 37.52334, 5.88614, 0.0 ], [ 37.52214, 5.88582, 0.0 ], [ 37.52075, 5.88581, 0.0 ], [ 37.52056, 5.88439, 0.0 ], [ 37.52107, 5.88299, 0.0 ], [ 37.52088, 5.88159, 0.0 ], [ 37.52089, 5.87987, 0.0 ], [ 37.52115, 5.87832, 0.0 ], [ 37.52166, 5.87693, 0.0 ], [ 37.52191, 5.8754, 0.0 ], [ 37.52104, 5.874, 0.0 ], [ 37.52004, 5.87338, 0.0 ], [ 37.51867, 5.87336, 0.0 ], [ 37.5171, 5.87365, 0.0 ], [ 37.5161, 5.87302, 0.0 ], [ 37.51568, 5.87148, 0.0 ], [ 37.51589, 5.8695, 0.0 ], [ 37.51684, 5.868, 0.0 ], [ 37.51741, 5.8671, 0.0 ], [ 37.51816, 5.86591, 0.0 ], [ 37.51842, 5.86441, 0.0 ], [ 37.51763, 5.86349, 0.0 ], [ 37.51665, 5.86286, 0.0 ], [ 37.51544, 5.86045, 0.0 ], [ 37.51495, 5.86014, 0.0 ], [ 37.5134, 5.86039, 0.0 ], [ 37.51228, 5.86051, 0.0 ], [ 37.51091, 5.86048, 0.0 ], [ 37.50992, 5.85986, 0.0 ], [ 37.50893, 5.85925, 0.0 ], [ 37.50789, 5.85818, 0.0 ], [ 37.50753, 5.85714, 0.0 ], [ 37.50737, 5.85581, 0.0 ], [ 37.50678, 5.85461, 0.0 ], [ 37.50618, 5.85341, 0.0 ], [ 37.5054, 5.8525, 0.0 ], [ 37.505, 5.85102, 0.0 ], [ 37.50485, 5.8497, 0.0 ], [ 37.50537, 5.84841, 0.0 ], [ 37.50634, 5.84699, 0.0 ], [ 37.50691, 5.84614, 0.0 ], [ 37.50792, 5.84517, 0.0 ], [ 37.50892, 5.8442, 0.0 ], [ 37.50996, 5.84367, 0.0 ], [ 37.5112, 5.84286, 0.0 ], [ 37.51104, 5.84157, 0.0 ], [ 37.50984, 5.84081, 0.0 ], [ 37.50864, 5.84005, 0.0 ], [ 37.50711, 5.84028, 0.0 ], [ 37.5048, 5.83962, 0.0 ], [ 37.50456, 5.83946, 0.0 ], [ 37.5034, 5.83913, 0.0 ], [ 37.5022, 5.83838, 0.0 ], [ 37.50181, 5.83695, 0.0 ], [ 37.50166, 5.83568, 0.0 ], [ 37.50218, 5.83444, 0.0 ], [ 37.5027, 5.8332, 0.0 ], [ 37.50341, 5.8317, 0.0 ], [ 37.50398, 5.83089, 0.0 ], [ 37.50474, 5.82981, 0.0 ], [ 37.50416, 5.82868, 0.0 ], [ 37.50321, 5.82808, 0.0 ], [ 37.50288, 5.8271, 0.0 ], [ 37.50363, 5.82604, 0.0 ], [ 37.50415, 5.82483, 0.0 ], [ 37.50443, 5.82348, 0.0 ], [ 37.50325, 5.82274, 0.0 ], [ 37.50211, 5.82241, 0.0 ], [ 37.50093, 5.82167, 0.0 ], [ 37.49979, 5.82134, 0.0 ], [ 37.49846, 5.82127, 0.0 ], [ 37.49737, 5.82135, 0.0 ], [ 37.49613, 5.8221, 0.0 ], [ 37.49484, 5.82244, 0.0 ], [ 37.4935, 5.82237, 0.0 ], [ 37.49237, 5.82202, 0.0 ], [ 37.49038, 5.82, 0.0 ], [ 37.48951, 5.82023, 0.0 ], [ 37.48876, 5.81937, 0.0 ], [ 37.48843, 5.8184, 0.0 ], [ 37.48724, 5.81766, 0.0 ], [ 37.48603, 5.81692, 0.0 ], [ 37.48488, 5.81659, 0.0 ], [ 37.4833, 5.81635, 0.0 ], [ 37.48239, 5.81616, 0.0 ], [ 37.48105, 5.81608, 0.0 ], [ 37.47986, 5.81533, 0.0 ], [ 37.47887, 5.81432, 0.0 ], [ 37.47831, 5.81321, 0.0 ], [ 37.47756, 5.81235, 0.0 ], [ 37.47681, 5.8115, 0.0 ], [ 37.47606, 5.81064, 0.0 ], [ 37.47615, 5.80917, 0.0 ], [ 37.47648, 5.80786, 0.0 ], [ 37.47704, 5.80669, 0.0 ], [ 37.47629, 5.80585, 0.0 ], [ 37.47492, 5.80536, 0.0 ], [ 37.47404, 5.80556, 0.0 ], [ 37.4728, 5.80668, 0.0 ], [ 37.47173, 5.80714, 0.0 ], [ 37.47078, 5.80654, 0.0 ], [ 37.47003, 5.80569, 0.0 ], [ 37.46949, 5.80459, 0.0 ], [ 37.46795, 5.80209, 0.0 ], [ 37.46812, 5.80144, 0.0 ], [ 37.46869, 5.80029, 0.0 ], [ 37.46925, 5.79875, 0.0 ], [ 37.47026, 5.79751, 0.0 ], [ 37.47126, 5.79628, 0.0 ], [ 37.47226, 5.79505, 0.0 ], [ 37.47306, 5.79408, 0.0 ], [ 37.4734, 5.79281, 0.0 ], [ 37.47288, 5.79174, 0.0 ], [ 37.4732, 5.79048, 0.0 ], [ 37.47311, 5.78932, 0.0 ], [ 37.47184, 5.79, 0.0 ], [ 37.47104, 5.79096, 0.0 ], [ 37.46984, 5.79242, 0.0 ], [ 37.46832, 5.79295, 0.0 ], [ 37.46738, 5.79237, 0.0 ], [ 37.46621, 5.79164, 0.0 ], [ 37.46486, 5.79154, 0.0 ], [ 37.4638, 5.79237, 0.0 ], [ 37.46364, 5.79341, 0.0 ], [ 37.46331, 5.79508, 0.0 ], [ 37.46271, 5.79622, 0.0 ], [ 37.46188, 5.79721, 0.0 ], [ 37.46036, 5.79816, 0.0 ], [ 37.45905, 5.79887, 0.0 ], [ 37.4577, 5.79918, 0.0 ], [ 37.45675, 5.79858, 0.0 ], [ 37.45601, 5.79773, 0.0 ], [ 37.45639, 5.79643, 0.0 ], [ 37.45676, 5.79514, 0.0 ], [ 37.45779, 5.7935, 0.0 ], [ 37.45818, 5.79262, 0.0 ], [ 37.45855, 5.79134, 0.0 ], [ 37.45939, 5.79036, 0.0 ], [ 37.46022, 5.78939, 0.0 ], [ 37.46105, 5.78842, 0.0 ], [ 37.46188, 5.78745, 0.0 ], [ 37.46291, 5.78625, 0.0 ], [ 37.46286, 5.78548, 0.0 ], [ 37.46413, 5.78403, 0.0 ], [ 37.46517, 5.78322, 0.0 ], [ 37.46641, 5.7818, 0.0 ], [ 37.467, 5.78071, 0.0 ], [ 37.46758, 5.77962, 0.0 ], [ 37.46817, 5.77893, 0.0 ], [ 37.46923, 5.77774, 0.0 ], [ 37.4705, 5.7771, 0.0 ], [ 37.47157, 5.77669, 0.0 ], [ 37.47271, 5.7757, 0.0 ], [ 37.47305, 5.77488, 0.0 ], [ 37.47182, 5.77474, 0.0 ], [ 37.47133, 5.77371, 0.0 ], [ 37.47062, 5.77291, 0.0 ], [ 37.46968, 5.77235, 0.0 ], [ 37.46839, 5.77262, 0.0 ], [ 37.46834, 5.77394, 0.0 ], [ 37.46871, 5.77517, 0.0 ], [ 37.46809, 5.77625, 0.0 ], [ 37.46701, 5.77705, 0.0 ], [ 37.4661, 5.7761, 0.0 ], [ 37.46628, 5.7751, 0.0 ], [ 37.46641, 5.77375, 0.0 ], [ 37.46604, 5.77251, 0.0 ], [ 37.46491, 5.7718, 0.0 ], [ 37.46401, 5.77122, 0.0 ], [ 37.4639, 5.77013, 0.0 ], [ 37.46384, 5.76902, 0.0 ], [ 37.46366, 5.76794, 0.0 ], [ 37.46399, 5.76677, 0.0 ], [ 37.46678, 5.76439, 0.0 ], [ 37.4656, 5.76572, 0.0 ] ] ] } },
{ "type": "Feature", "properties": { "waterbody": "Lake Abaya" }, "geometry": { "type": "Polygon", "coordinates": [ [ [ 37.8226, 6.26144, 0.0 ], [ 37.82247, 6.26012, 0.0 ], [ 37.82211, 6.25979, 0.0 ], [ 37.8214, 6.25913, 0.0 ], [ 37.82098, 6.2583, 0.0 ], [ 37.82027, 6.25764, 0.0 ], [ 37.81949, 6.25721, 0.0 ], [ 37.81878, 6.25728, 0.0 ], [ 37.81778, 6.25752, 0.0 ], [ 37.81679, 6.25704, 0.0 ], [ 37.81601, 6.25662, 0.0 ], [ 37.81523, 6.25619, 0.0 ], [ 37.81482, 6.25537, 0.0 ], [ 37.81449, 6.25433, 0.0 ], [ 37.81364, 6.25413, 0.0 ], [ 37.8127, 6.25486, 0.0 ], [ 37.81183, 6.25537, 0.0 ], [ 37.8109, 6.25539, 0.0 ], [ 37.81005, 6.25518, 0.0 ], [ 37.80936, 6.25453, 0.0 ], [ 37.80904, 6.25349, 0.0 ], [ 37.80827, 6.25307, 0.0 ], [ 37.80755, 6.25314, 0.0 ], [ 37.80659, 6.25387, 0.0 ], [ 37.80627, 6.25475, 0.0 ], [ 37.80572, 6.2556, 0.0 ], [ 37.8053, 6.25672, 0.0 ], [ 37.80455, 6.25751, 0.0 ], [ 37.80344, 6.25797, 0.0 ], [ 37.80237, 6.2577, 0.0 ], [ 37.80151, 6.25749, 0.0 ], [ 37.80023, 6.25717, 0.0 ], [ 37.79916, 6.25691, 0.0 ], [ 37.79809, 6.25664, 0.0 ], [ 37.79715, 6.25665, 0.0 ], [ 37.79587, 6.25633, 0.0 ], [ 37.79526, 6.25547, 0.0 ], [ 37.79488, 6.25465, 0.0 ], [ 37.79458, 6.25362, 0.0 ], [ 37.79429, 6.25259, 0.0 ], [ 37.7935, 6.25168, 0.0 ], [ 37.79286, 6.25152, 0.0 ], [ 37.79229, 6.25066, 0.0 ], [ 37.79223, 6.24968, 0.0 ], [ 37.7926, 6.2488, 0.0 ], [ 37.79276, 6.24788, 0.0 ], [ 37.79211, 6.24724, 0.0 ], [ 37.79136, 6.24682, 0.0 ], [ 37.79131, 6.24586, 0.0 ], [ 37.79168, 6.245, 0.0 ], [ 37.79205, 6.24415, 0.0 ], [ 37.79251, 6.24309, 0.0 ], [ 37.79307, 6.2423, 0.0 ], [ 37.79363, 6.24152, 0.0 ], [ 37.79398, 6.2407, 0.0 ], [ 37.79451, 6.23946, 0.0 ], [ 37.79486, 6.23864, 0.0 ], [ 37.79423, 6.23802, 0.0 ], [ 37.79396, 6.2366, 0.0 ], [ 37.79252, 6.23511, 0.0 ], [ 37.79287, 6.23479, 0.0 ], [ 37.79373, 6.23348, 0.0 ], [ 37.79448, 6.23236, 0.0 ], [ 37.79682, 6.23051, 0.0 ], [ 37.79527, 6.22891, 0.0 ], [ 37.79568, 6.22815, 0.0 ], [ 37.79614, 6.22694, 0.0 ], [ 37.79732, 6.22698, 0.0 ], [ 37.79838, 6.22555, 0.0 ], [ 37.79882, 6.22427, 0.0 ], [ 37.7996, 6.2251, 0.0 ], [ 37.8006, 6.22652, 0.0 ], [ 37.80176, 6.22653, 0.0 ], [ 37.80252, 6.2249, 0.0 ], [ 37.8025, 6.22247, 0.0 ], [ 37.80298, 6.22077, 0.0 ], [ 37.8037, 6.21977, 0.0 ], [ 37.804, 6.21848, 0.0 ], [ 37.80424, 6.2162, 0.0 ], [ 37.80458, 6.21439, 0.0 ], [ 37.80396, 6.21226, 0.0 ], [ 37.80301, 6.2104, 0.0 ], [ 37.80175, 6.20953, 0.0 ], [ 37.80142, 6.20827, 0.0 ], [ 37.80174, 6.20643, 0.0 ], [ 37.80112, 6.2049, 0.0 ], [ 37.80076, 6.20349, 0.0 ], [ 37.79943, 6.20293, 0.0 ], [ 37.79837, 6.20248, 0.0 ], [ 37.79775, 6.20097, 0.0 ], [ 37.79714, 6.19946, 0.0 ], [ 37.79609, 6.19903, 0.0 ], [ 37.79578, 6.20098, 0.0 ], [ 37.7948, 6.20183, 0.0 ], [ 37.79373, 6.20138, 0.0 ], [ 37.79307, 6.20028, 0.0 ], [ 37.79306, 6.19863, 0.0 ], [ 37.79278, 6.1968, 0.0 ], [ 37.7931, 6.19492, 0.0 ], [ 37.79328, 6.19373, 0.0 ], [ 37.79274, 6.19184, 0.0 ], [ 37.793, 6.19036, 0.0 ], [ 37.79304, 6.18831, 0.0 ], [ 37.79334, 6.18636, 0.0 ], [ 37.79449, 6.18605, 0.0 ], [ 37.79553, 6.18651, 0.0 ], [ 37.79627, 6.1852, 0.0 ], [ 37.79652, 6.18375, 0.0 ], [ 37.79425, 6.18231, 0.0 ], [ 37.794, 6.18221, 0.0 ], [ 37.79292, 6.18216, 0.0 ], [ 37.79199, 6.18292, 0.0 ], [ 37.7908, 6.18359, 0.0 ], [ 37.7893, 6.18452, 0.0 ], [ 37.78812, 6.18528, 0.0 ], [ 37.78694, 6.18607, 0.0 ], [ 37.786, 6.18688, 0.0 ], [ 37.785, 6.18807, 0.0 ], [ 37.78369, 6.18753, 0.0 ], [ 37.78339, 6.18579, 0.0 ], [ 37.78392, 6.18401, 0.0 ], [ 37.78487, 6.18321, 0.0 ], [ 37.7857, 6.18316, 0.0 ], [ 37.7845, 6.18385, 0.0 ], [ 37.7834, 6.18379, 0.0 ], [ 37.78256, 6.18384, 0.0 ], [ 37.78141, 6.18416, 0.0 ], [ 37.78, 6.18439, 0.0 ], [ 37.77878, 6.18512, 0.0 ], [ 37.77787, 6.1855, 0.0 ], [ 37.77697, 6.18595, 0.0 ], [ 37.77727, 6.18779, 0.0 ], [ 37.77762, 6.18917, 0.0 ], [ 37.77823, 6.19066, 0.0 ], [ 37.77954, 6.19113, 0.0 ], [ 37.78106, 6.19215, 0.0 ], [ 37.78083, 6.19371, 0.0 ], [ 37.78008, 6.19515, 0.0 ], [ 37.77939, 6.19619, 0.0 ], [ 37.77869, 6.19723, 0.0 ], [ 37.77758, 6.19726, 0.0 ], [ 37.77646, 6.1973, 0.0 ], [ 37.77533, 6.19725, 0.0 ], [ 37.77426, 6.1968, 0.0 ], [ 37.77364, 6.19526, 0.0 ], [ 37.77231, 6.1947, 0.0 ], [ 37.77118, 6.19465, 0.0 ], [ 37.77205, 6.1963, 0.0 ], [ 37.77213, 6.19761, 0.0 ], [ 37.77104, 6.1971, 0.0 ], [ 37.76996, 6.1966, 0.0 ], [ 37.7686, 6.19593, 0.0 ], [ 37.76741, 6.1964, 0.0 ], [ 37.76637, 6.19791, 0.0 ], [ 37.76481, 6.19857, 0.0 ], [ 37.76386, 6.19906, 0.0 ], [ 37.76284, 6.19995, 0.0 ], [ 37.76181, 6.20084, 0.0 ], [ 37.76057, 6.20122, 0.0 ], [ 37.75941, 6.20119, 0.0 ], [ 37.75833, 6.20073, 0.0 ], [ 37.75724, 6.20025, 0.0 ], [ 37.75615, 6.19983, 0.0 ], [ 37.7548, 6.19929, 0.0 ], [ 37.75448, 6.19771, 0.0 ], [ 37.75562, 6.19756, 0.0 ], [ 37.75668, 6.19686, 0.0 ], [ 37.75645, 6.19512, 0.0 ], [ 37.7556, 6.19336, 0.0 ], [ 37.75495, 6.19228, 0.0 ], [ 37.75396, 6.19148, 0.0 ], [ 37.7528, 6.19131, 0.0 ], [ 37.75156, 6.19155, 0.0 ], [ 37.75105, 6.1927, 0.0 ], [ 37.75092, 6.19486, 0.0 ], [ 37.7513, 6.19585, 0.0 ], [ 37.75236, 6.19603, 0.0 ], [ 37.75298, 6.19811, 0.0 ], [ 37.75219, 6.19911, 0.0 ], [ 37.75121, 6.1996, 0.0 ], [ 37.75116, 6.20135, 0.0 ], [ 37.75138, 6.20318, 0.0 ], [ 37.75095, 6.20495, 0.0 ], [ 37.7497, 6.20662, 0.0 ], [ 37.74891, 6.20777, 0.0 ], [ 37.7478, 6.20736, 0.0 ], [ 37.74652, 6.20648, 0.0 ], [ 37.74541, 6.20609, 0.0 ], [ 37.74485, 6.20455, 0.0 ], [ 37.74419, 6.20202, 0.0 ], [ 37.74373, 6.20138, 0.0 ], [ 37.74281, 6.20011, 0.0 ], [ 37.74153, 6.20048, 0.0 ], [ 37.74035, 6.20044, 0.0 ], [ 37.73925, 6.19998, 0.0 ], [ 37.73815, 6.19953, 0.0 ], [ 37.73706, 6.19908, 0.0 ], [ 37.73605, 6.19817, 0.0 ], [ 37.73524, 6.19654, 0.0 ], [ 37.73507, 6.19467, 0.0 ], [ 37.73463, 6.19268, 0.0 ], [ 37.73492, 6.19014, 0.0 ], [ 37.73502, 6.18842, 0.0 ], [ 37.7344, 6.18725, 0.0 ], [ 37.73341, 6.18627, 0.0 ], [ 37.73289, 6.18459, 0.0 ], [ 37.733, 6.18293, 0.0 ], [ 37.73248, 6.18145, 0.0 ], [ 37.73393, 6.1779, 0.0 ], [ 37.73332, 6.17677, 0.0 ], [ 37.73227, 6.17629, 0.0 ], [ 37.73121, 6.17587, 0.0 ], [ 37.73016, 6.1755, 0.0 ], [ 37.72946, 6.17487, 0.0 ], [ 37.72869, 6.17332, 0.0 ], [ 37.72783, 6.17213, 0.0 ], [ 37.72678, 6.17169, 0.0 ], [ 37.72592, 6.17046, 0.0 ], [ 37.72543, 6.16899, 0.0 ], [ 37.72493, 6.16752, 0.0 ], [ 37.72363, 6.16692, 0.0 ], [ 37.72223, 6.16669, 0.0 ], [ 37.72099, 6.16695, 0.0 ], [ 37.71991, 6.16769, 0.0 ], [ 37.71907, 6.16647, 0.0 ], [ 37.71803, 6.16599, 0.0 ], [ 37.71689, 6.16588, 0.0 ], [ 37.71564, 6.16613, 0.0 ], [ 37.71455, 6.16688, 0.0 ], [ 37.7135, 6.1664, 0.0 ], [ 37.71235, 6.16632, 0.0 ], [ 37.7113, 6.16591, 0.0 ], [ 37.71036, 6.16515, 0.0 ], [ 37.70942, 6.16439, 0.0 ], [ 37.70836, 6.16408, 0.0 ], [ 37.70729, 6.16382, 0.0 ], [ 37.70623, 6.16349, 0.0 ], [ 37.70517, 6.16315, 0.0 ], [ 37.7044, 6.16381, 0.0 ], [ 37.70515, 6.16506, 0.0 ], [ 37.70483, 6.16722, 0.0 ], [ 37.70437, 6.1688, 0.0 ], [ 37.70391, 6.17032, 0.0 ], [ 37.70276, 6.17117, 0.0 ], [ 37.70219, 6.17011, 0.0 ], [ 37.70086, 6.16957, 0.0 ], [ 37.69942, 6.1694, 0.0 ], [ 37.69812, 6.1697, 0.0 ], [ 37.69681, 6.17003, 0.0 ], [ 37.69589, 6.17009, 0.0 ], [ 37.69458, 6.17042, 0.0 ], [ 37.69288, 6.17101, 0.0 ], [ 37.69156, 6.17134, 0.0 ], [ 37.69036, 6.17129, 0.0 ], [ 37.68916, 6.17124, 0.0 ], [ 37.68782, 6.1707, 0.0 ], [ 37.68674, 6.17027, 0.0 ], [ 37.68567, 6.16983, 0.0 ], [ 37.6846, 6.16939, 0.0 ], [ 37.68353, 6.16894, 0.0 ], [ 37.68232, 6.16802, 0.0 ], [ 37.68138, 6.16721, 0.0 ], [ 37.68044, 6.1664, 0.0 ], [ 37.67883, 6.16574, 0.0 ], [ 37.67763, 6.16567, 0.0 ], [ 37.67643, 6.1656, 0.0 ], [ 37.67522, 6.16638, 0.0 ], [ 37.67388, 6.16583, 0.0 ], [ 37.67322, 6.16428, 0.0 ], [ 37.67242, 6.1631, 0.0 ], [ 37.67204, 6.16163, 0.0 ], [ 37.6726, 6.16011, 0.0 ], [ 37.67329, 6.15824, 0.0 ], [ 37.67436, 6.15698, 0.0 ], [ 37.67517, 6.15561, 0.0 ], [ 37.67571, 6.15414, 0.0 ], [ 37.67624, 6.15268, 0.0 ], [ 37.67651, 6.15113, 0.0 ], [ 37.67574, 6.14997, 0.0 ], [ 37.67523, 6.14892, 0.0 ], [ 37.67551, 6.14657, 0.0 ], [ 37.67551, 6.14575, 0.0 ], [ 37.67475, 6.14461, 0.0 ], [ 37.67346, 6.14408, 0.0 ], [ 37.67282, 6.1434, 0.0 ], [ 37.67206, 6.14227, 0.0 ], [ 37.67156, 6.14125, 0.0 ], [ 37.67094, 6.13979, 0.0 ], [ 37.67018, 6.13868, 0.0 ], [ 37.66918, 6.13746, 0.0 ], [ 37.66842, 6.13636, 0.0 ], [ 37.66741, 6.13593, 0.0 ], [ 37.66639, 6.1355, 0.0 ], [ 37.66512, 6.13498, 0.0 ], [ 37.6641, 6.13456, 0.0 ], [ 37.66308, 6.13414, 0.0 ], [ 37.66248, 6.1327, 0.0 ], [ 37.66239, 6.13147, 0.0 ], [ 37.66205, 6.13016, 0.0 ], [ 37.66118, 6.1294, 0.0 ], [ 37.66059, 6.12798, 0.0 ], [ 37.66011, 6.12701, 0.0 ], [ 37.65924, 6.12627, 0.0 ], [ 37.65636, 6.12471, 0.0 ], [ 37.65611, 6.12461, 0.0 ], [ 37.65482, 6.12486, 0.0 ], [ 37.65324, 6.12576, 0.0 ], [ 37.65168, 6.1259, 0.0 ], [ 37.65096, 6.12483, 0.0 ], [ 37.6501, 6.12409, 0.0 ], [ 37.64894, 6.12401, 0.0 ], [ 37.64789, 6.12437, 0.0 ], [ 37.64668, 6.12505, 0.0 ], [ 37.64547, 6.12574, 0.0 ], [ 37.64415, 6.12599, 0.0 ], [ 37.64283, 6.12625, 0.0 ], [ 37.6414, 6.12606, 0.0 ], [ 37.64013, 6.12555, 0.0 ], [ 37.6386, 6.12492, 0.0 ], [ 37.63677, 6.12495, 0.0 ], [ 37.63503, 6.12541, 0.0 ], [ 37.63386, 6.12532, 0.0 ], [ 37.63259, 6.12545, 0.0 ], [ 37.63136, 6.12485, 0.0 ], [ 37.63041, 6.12433, 0.0 ], [ 37.62922, 6.12368, 0.0 ], [ 37.62817, 6.12339, 0.0 ], [ 37.6266, 6.12332, 0.0 ], [ 37.62575, 6.12313, 0.0 ], [ 37.62471, 6.12274, 0.0 ], [ 37.62383, 6.12203, 0.0 ], [ 37.62297, 6.12129, 0.0 ], [ 37.62212, 6.12055, 0.0 ], [ 37.62126, 6.11981, 0.0 ], [ 37.62041, 6.11907, 0.0 ], [ 37.61956, 6.11832, 0.0 ], [ 37.61888, 6.11725, 0.0 ], [ 37.61803, 6.11651, 0.0 ], [ 37.61753, 6.11513, 0.0 ], [ 37.61687, 6.11405, 0.0 ], [ 37.61647, 6.11307, 0.0 ], [ 37.61564, 6.11232, 0.0 ], [ 37.61498, 6.11126, 0.0 ], [ 37.61474, 6.11, 0.0 ], [ 37.6145, 6.10874, 0.0 ], [ 37.61423, 6.10752, 0.0 ], [ 37.61409, 6.10553, 0.0 ], [ 37.61428, 6.10407, 0.0 ], [ 37.61405, 6.10282, 0.0 ], [ 37.61382, 6.10158, 0.0 ], [ 37.6136, 6.10035, 0.0 ], [ 37.61354, 6.09882, 0.0 ], [ 37.61356, 6.0977, 0.0 ], [ 37.6135, 6.09617, 0.0 ], [ 37.61369, 6.09476, 0.0 ], [ 37.61388, 6.09335, 0.0 ], [ 37.61383, 6.09185, 0.0 ], [ 37.61344, 6.09096, 0.0 ], [ 37.61282, 6.08996, 0.0 ], [ 37.6126, 6.08878, 0.0 ], [ 37.61278, 6.08741, 0.0 ], [ 37.61321, 6.08614, 0.0 ], [ 37.61332, 6.0844, 0.0 ], [ 37.61334, 6.08334, 0.0 ], [ 37.61288, 6.0821, 0.0 ], [ 37.61242, 6.08085, 0.0 ], [ 37.61123, 6.08037, 0.0 ], [ 37.60981, 6.07979, 0.0 ], [ 37.60862, 6.0793, 0.0 ], [ 37.60801, 6.07835, 0.0 ], [ 37.60739, 6.0774, 0.0 ], [ 37.60759, 6.07609, 0.0 ], [ 37.60833, 6.07535, 0.0 ], [ 37.60929, 6.0747, 0.0 ], [ 37.61012, 6.07332, 0.0 ], [ 37.61093, 6.07195, 0.0 ], [ 37.61174, 6.07059, 0.0 ], [ 37.61238, 6.06951, 0.0 ], [ 37.61272, 6.06797, 0.0 ], [ 37.61258, 6.06725, 0.0 ], [ 37.61253, 6.06589, 0.0 ], [ 37.61255, 6.06491, 0.0 ], [ 37.61265, 6.06331, 0.0 ], [ 37.61283, 6.06207, 0.0 ], [ 37.61278, 6.06075, 0.0 ], [ 37.61295, 6.05953, 0.0 ], [ 37.61283, 6.05787, 0.0 ], [ 37.61224, 6.05699, 0.0 ], [ 37.61133, 6.05662, 0.0 ], [ 37.6102, 6.05616, 0.0 ], [ 37.60907, 6.0557, 0.0 ], [ 37.60833, 6.05507, 0.0 ], [ 37.60791, 6.05395, 0.0 ], [ 37.60771, 6.05291, 0.0 ], [ 37.60728, 6.05179, 0.0 ], [ 37.60769, 6.05071, 0.0 ], [ 37.6075, 6.04968, 0.0 ], [ 37.6073, 6.04867, 0.0 ], [ 37.60597, 6.04812, 0.0 ], [ 37.60692, 6.04665, 0.0 ], [ 37.60669, 6.04656, 0.0 ], [ 37.60628, 6.04546, 0.0 ], [ 37.60571, 6.04462, 0.0 ], [ 37.6053, 6.04353, 0.0 ], [ 37.60527, 6.0423, 0.0 ], [ 37.60545, 6.04116, 0.0 ], [ 37.60526, 6.04018, 0.0 ], [ 37.60439, 6.03982, 0.0 ], [ 37.60404, 6.03908, 0.0 ], [ 37.60348, 6.03825, 0.0 ], [ 37.6033, 6.03728, 0.0 ], [ 37.60348, 6.03617, 0.0 ], [ 37.60346, 6.03497, 0.0 ], [ 37.60312, 6.03424, 0.0 ], [ 37.60251, 6.03311, 0.0 ], [ 37.60201, 6.03261, 0.0 ], [ 37.60109, 6.03194, 0.0 ], [ 37.60076, 6.03122, 0.0 ], [ 37.60037, 6.03019, 0.0 ], [ 37.60041, 6.02933, 0.0 ], [ 37.6004, 6.02816, 0.0 ], [ 37.6, 6.02714, 0.0 ], [ 37.59924, 6.02626, 0.0 ], [ 37.59885, 6.02525, 0.0 ], [ 37.59846, 6.02424, 0.0 ], [ 37.59813, 6.02354, 0.0 ], [ 37.59775, 6.02253, 0.0 ], [ 37.59737, 6.02153, 0.0 ], [ 37.59669, 6.02097, 0.0 ], [ 37.59667, 6.01984, 0.0 ], [ 37.5968, 6.01851, 0.0 ], [ 37.59678, 6.0174, 0.0 ], [ 37.59661, 6.0165, 0.0 ], [ 37.59593, 6.01595, 0.0 ], [ 37.59489, 6.01553, 0.0 ], [ 37.59389, 6.0154, 0.0 ], [ 37.59305, 6.01506, 0.0 ], [ 37.59253, 6.0143, 0.0 ], [ 37.59169, 6.01396, 0.0 ], [ 37.59101, 6.01341, 0.0 ], [ 37.59049, 6.01265, 0.0 ], [ 37.58997, 6.01189, 0.0 ], [ 37.58945, 6.01113, 0.0 ], [ 37.58915, 6.01046, 0.0 ], [ 37.58942, 6.00975, 0.0 ], [ 37.59052, 6.00938, 0.0 ], [ 37.5916, 6.00871, 0.0 ], [ 37.59233, 6.00816, 0.0 ], [ 37.59346, 6.00808, 0.0 ], [ 37.59458, 6.00801, 0.0 ], [ 37.59539, 6.00835, 0.0 ], [ 37.59593, 6.00908, 0.0 ], [ 37.59665, 6.00961, 0.0 ], [ 37.59728, 6.01016, 0.0 ], [ 37.59822, 6.00999, 0.0 ], [ 37.59934, 6.00961, 0.0 ], [ 37.60047, 6.00953, 0.0 ], [ 37.60141, 6.00936, 0.0 ], [ 37.60327, 6.00903, 0.0 ], [ 37.60313, 6.00984, 0.0 ], [ 37.60431, 6.01005, 0.0 ], [ 37.60508, 6.01009, 0.0 ], [ 37.606, 6.00993, 0.0 ], [ 37.60725, 6.00965, 0.0 ], [ 37.60843, 6.00909, 0.0 ], [ 37.60897, 6.00905, 0.0 ], [ 37.60914, 6.00991, 0.0 ], [ 37.61014, 6.01034, 0.0 ], [ 37.61111, 6.00969, 0.0 ], [ 37.61148, 6.00879, 0.0 ], [ 37.61172, 6.00779, 0.0 ], [ 37.61195, 6.00679, 0.0 ], [ 37.61244, 6.00602, 0.0 ], [ 37.61256, 6.00507, 0.0 ], [ 37.6124, 6.00423, 0.0 ], [ 37.61253, 6.00328, 0.0 ], [ 37.61249, 6.00225, 0.0 ], [ 37.61232, 6.00142, 0.0 ], [ 37.61197, 6.0005, 0.0 ], [ 37.61211, 5.99957, 0.0 ], [ 37.61243, 5.99873, 0.0 ], [ 37.61231, 5.99789, 0.0 ], [ 37.61294, 5.99739, 0.0 ], [ 37.61391, 5.9978, 0.0 ], [ 37.61474, 5.99811, 0.0 ], [ 37.61536, 5.99863, 0.0 ], [ 37.61584, 5.99935, 0.0 ], [ 37.61653, 5.99985, 0.0 ], [ 37.61691, 6.00075, 0.0 ], [ 37.61707, 6.00159, 0.0 ], [ 37.61737, 6.00223, 0.0 ], [ 37.61802, 6.00275, 0.0 ], [ 37.61821, 6.00358, 0.0 ], [ 37.61888, 6.0041, 0.0 ], [ 37.6199, 6.00375, 0.0 ], [ 37.6199, 6.003, 0.0 ], [ 37.6197, 6.00217, 0.0 ], [ 37.61951, 6.00135, 0.0 ], [ 37.61967, 6.00041, 0.0 ], [ 37.61984, 5.99947, 0.0 ], [ 37.62041, 5.99869, 0.0 ], [ 37.62164, 5.99857, 0.0 ], [ 37.62194, 5.99949, 0.0 ], [ 37.62227, 6.00041, 0.0 ], [ 37.62239, 6.00125, 0.0 ], [ 37.62293, 6.00196, 0.0 ], [ 37.62311, 6.00279, 0.0 ], [ 37.62298, 6.00373, 0.0 ], [ 37.62285, 6.00468, 0.0 ], [ 37.62305, 6.00551, 0.0 ], [ 37.62345, 6.00643, 0.0 ], [ 37.62399, 6.00715, 0.0 ], [ 37.6242, 6.00799, 0.0 ], [ 37.62474, 6.00872, 0.0 ], [ 37.62495, 6.00957, 0.0 ], [ 37.62516, 6.01042, 0.0 ], [ 37.62537, 6.01127, 0.0 ], [ 37.62544, 6.01233, 0.0 ], [ 37.62586, 6.01327, 0.0 ], [ 37.62607, 6.01413, 0.0 ], [ 37.62595, 6.01512, 0.0 ], [ 37.62671, 6.01674, 0.0 ], [ 37.62752, 6.01549, 0.0 ], [ 37.62764, 6.0145, 0.0 ], [ 37.62797, 6.0136, 0.0 ], [ 37.62829, 6.0127, 0.0 ], [ 37.62808, 6.01184, 0.0 ], [ 37.62753, 6.01111, 0.0 ], [ 37.62684, 6.01058, 0.0 ], [ 37.62603, 6.01026, 0.0 ], [ 37.62569, 6.00961, 0.0 ], [ 37.62642, 6.00888, 0.0 ], [ 37.62715, 6.00816, 0.0 ], [ 37.62788, 6.00714, 0.0 ], [ 37.62889, 6.00678, 0.0 ], [ 37.62988, 6.00719, 0.0 ], [ 37.63075, 6.00703, 0.0 ], [ 37.63129, 6.00547, 0.0 ], [ 37.63299, 6.00561, 0.0 ], [ 37.63347, 6.00636, 0.0 ], [ 37.63519, 6.00649, 0.0 ], [ 37.63674, 6.00518, 0.0 ], [ 37.639, 6.00324, 0.0 ], [ 37.64033, 6.00123, 0.0 ], [ 37.64066, 5.99817, 0.0 ], [ 37.64241, 5.99702, 0.0 ], [ 37.6448, 5.99547, 0.0 ], [ 37.64541, 5.99408, 0.0 ], [ 37.64655, 5.99226, 0.0 ], [ 37.64747, 5.9897, 0.0 ], [ 37.64751, 5.98725, 0.0 ], [ 37.64606, 5.98542, 0.0 ], [ 37.64581, 5.98418, 0.0 ], [ 37.64532, 5.98312, 0.0 ], [ 37.64436, 5.98208, 0.0 ], [ 37.64361, 5.98071, 0.0 ], [ 37.6439, 5.97955, 0.0 ], [ 37.64404, 5.97897, 0.0 ], [ 37.64429, 5.97823, 0.0 ], [ 37.64419, 5.97734, 0.0 ], [ 37.64356, 5.97688, 0.0 ], [ 37.64334, 5.97616, 0.0 ], [ 37.6439, 5.97533, 0.0 ], [ 37.64472, 5.97482, 0.0 ], [ 37.64557, 5.97495, 0.0 ], [ 37.64631, 5.97524, 0.0 ], [ 37.64704, 5.97553, 0.0 ], [ 37.64767, 5.97598, 0.0 ], [ 37.64829, 5.97644, 0.0 ], [ 37.64881, 5.97707, 0.0 ], [ 37.64915, 5.97762, 0.0 ], [ 37.64938, 5.97833, 0.0 ], [ 37.64949, 5.97922, 0.0 ], [ 37.64984, 5.97978, 0.0 ], [ 37.65168, 5.98133, 0.0 ], [ 37.65254, 5.98293, 0.0 ], [ 37.65257, 5.98468, 0.0 ], [ 37.65315, 5.98641, 0.0 ], [ 37.65295, 5.98877, 0.0 ], [ 37.65268, 5.98925, 0.0 ], [ 37.65322, 5.99169, 0.0 ], [ 37.65404, 5.99365, 0.0 ], [ 37.65376, 5.99643, 0.0 ], [ 37.65375, 5.99873, 0.0 ], [ 37.65402, 6.00055, 0.0 ], [ 37.65457, 6.00303, 0.0 ], [ 37.65481, 6.00487, 0.0 ], [ 37.65555, 6.00689, 0.0 ], [ 37.65629, 6.00893, 0.0 ], [ 37.65788, 6.01063, 0.0 ], [ 37.65917, 6.01167, 0.0 ], [ 37.66071, 6.01339, 0.0 ], [ 37.66288, 6.01527, 0.0 ], [ 37.66342, 6.01663, 0.0 ], [ 37.66422, 6.01869, 0.0 ], [ 37.66587, 6.0204, 0.0 ], [ 37.66667, 6.02247, 0.0 ], [ 37.66777, 6.02402, 0.0 ], [ 37.67055, 6.02487, 0.0 ], [ 37.67278, 6.02555, 0.0 ], [ 37.67417, 6.02658, 0.0 ], [ 37.6747, 6.0292, 0.0 ], [ 37.67552, 6.0313, 0.0 ], [ 37.67833, 6.02969, 0.0 ], [ 37.68051, 6.02917, 0.0 ], [ 37.68652, 6.02865, 0.0 ], [ 37.68736, 6.02951, 0.0 ], [ 37.68876, 6.03178, 0.0 ], [ 37.68906, 6.0337, 0.0 ], [ 37.68853, 6.03598, 0.0 ], [ 37.68856, 6.03845, 0.0 ], [ 37.68942, 6.04057, 0.0 ], [ 37.69112, 6.04233, 0.0 ], [ 37.69308, 6.04356, 0.0 ], [ 37.69444, 6.04213, 0.0 ], [ 37.69357, 6.04001, 0.0 ], [ 37.6927, 6.0379, 0.0 ], [ 37.69102, 6.03615, 0.0 ], [ 37.68989, 6.03457, 0.0 ], [ 37.69123, 6.03194, 0.0 ], [ 37.69285, 6.03002, 0.0 ], [ 37.69445, 6.02811, 0.0 ], [ 37.69718, 6.02776, 0.0 ], [ 37.69938, 6.02844, 0.0 ], [ 37.70105, 6.03017, 0.0 ], [ 37.70297, 6.03016, 0.0 ], [ 37.70575, 6.02977, 0.0 ], [ 37.70853, 6.02938, 0.0 ], [ 37.71102, 6.02952, 0.0 ], [ 37.71376, 6.03038, 0.0 ], [ 37.71567, 6.0316, 0.0 ], [ 37.71735, 6.03333, 0.0 ], [ 37.71897, 6.03386, 0.0 ], [ 37.7208, 6.03265, 0.0 ], [ 37.72318, 6.0316, 0.0 ], [ 37.72588, 6.03124, 0.0 ], [ 37.72861, 6.03085, 0.0 ], [ 37.73083, 6.03151, 0.0 ], [ 37.73359, 6.03235, 0.0 ], [ 37.73527, 6.03408, 0.0 ], [ 37.73751, 6.03599, 0.0 ], [ 37.73946, 6.03721, 0.0 ], [ 37.74115, 6.03895, 0.0 ], [ 37.74231, 6.04053, 0.0 ], [ 37.74378, 6.04281, 0.0 ], [ 37.74419, 6.04473, 0.0 ], [ 37.74302, 6.04738, 0.0 ], [ 37.74208, 6.04951, 0.0 ], [ 37.74112, 6.05165, 0.0 ], [ 37.74208, 6.05378, 0.0 ], [ 37.74304, 6.05592, 0.0 ], [ 37.74527, 6.05662, 0.0 ], [ 37.74645, 6.05824, 0.0 ], [ 37.74602, 6.06062, 0.0 ], [ 37.74617, 6.06318, 0.0 ], [ 37.74432, 6.06888, 0.0 ], [ 37.74545, 6.06923, 0.0 ], [ 37.74644, 6.07142, 0.0 ], [ 37.74741, 6.07363, 0.0 ], [ 37.74644, 6.07588, 0.0 ], [ 37.74628, 6.07775, 0.0 ], [ 37.74832, 6.07903, 0.0 ], [ 37.74979, 6.08012, 0.0 ], [ 37.74939, 6.08258, 0.0 ], [ 37.75217, 6.08213, 0.0 ], [ 37.75423, 6.0834, 0.0 ], [ 37.75441, 6.08604, 0.0 ], [ 37.75729, 6.08692, 0.0 ], [ 37.75947, 6.08631, 0.0 ], [ 37.76041, 6.08404, 0.0 ], [ 37.76222, 6.08271, 0.0 ], [ 37.76495, 6.08231, 0.0 ], [ 37.76632, 6.07892, 0.0 ], [ 37.76531, 6.07671, 0.0 ], [ 37.76385, 6.07562, 0.0 ], [ 37.76205, 6.07379, 0.0 ], [ 37.76026, 6.07197, 0.0 ], [ 37.76062, 6.06958, 0.0 ], [ 37.76154, 6.06737, 0.0 ], [ 37.76056, 6.06518, 0.0 ], [ 37.76036, 6.06265, 0.0 ], [ 37.75881, 6.06032, 0.0 ], [ 37.76032, 6.05829, 0.0 ], [ 37.76145, 6.0556, 0.0 ], [ 37.75969, 6.05383, 0.0 ], [ 37.75972, 6.05081, 0.0 ], [ 37.76008, 6.0485, 0.0 ], [ 37.76099, 6.04638, 0.0 ], [ 37.76331, 6.04531, 0.0 ], [ 37.76551, 6.046, 0.0 ], [ 37.76771, 6.04669, 0.0 ], [ 37.7699, 6.04737, 0.0 ], [ 37.7721, 6.04806, 0.0 ], [ 37.77409, 6.04927, 0.0 ], [ 37.77631, 6.04994, 0.0 ], [ 37.77854, 6.0506, 0.0 ], [ 37.77932, 6.05325, 0.0 ], [ 37.77977, 6.0552, 0.0 ], [ 37.77944, 6.05754, 0.0 ], [ 37.77833, 6.06026, 0.0 ], [ 37.778, 6.06261, 0.0 ], [ 37.77824, 6.06514, 0.0 ], [ 37.77848, 6.06768, 0.0 ], [ 37.77816, 6.07005, 0.0 ], [ 37.77784, 6.07244, 0.0 ], [ 37.77809, 6.075, 0.0 ], [ 37.77912, 6.0772, 0.0 ], [ 37.78139, 6.07788, 0.0 ], [ 37.783, 6.08026, 0.0 ], [ 37.78404, 6.08248, 0.0 ], [ 37.78464, 6.08584, 0.0 ], [ 37.78533, 6.08734, 0.0 ], [ 37.78699, 6.08969, 0.0 ], [ 37.78749, 6.09175, 0.0 ], [ 37.78728, 6.09561, 0.0 ], [ 37.78695, 6.09814, 0.0 ], [ 37.78721, 6.10083, 0.0 ], [ 37.78924, 6.10402, 0.0 ], [ 37.79028, 6.10636, 0.0 ], [ 37.79053, 6.10913, 0.0 ], [ 37.79058, 6.11247, 0.0 ], [ 37.7905, 6.11445, 0.0 ], [ 37.79158, 6.11679, 0.0 ], [ 37.7925, 6.12314, 0.0 ], [ 37.79302, 6.12531, 0.0 ], [ 37.79516, 6.12664, 0.0 ], [ 37.79761, 6.13077, 0.0 ], [ 37.79791, 6.13359, 0.0 ], [ 37.79821, 6.13644, 0.0 ], [ 37.80015, 6.13838, 0.0 ], [ 37.80255, 6.13908, 0.0 ], [ 37.80553, 6.13995, 0.0 ], [ 37.80708, 6.14116, 0.0 ], [ 37.80738, 6.1441, 0.0 ], [ 37.80931, 6.14614, 0.0 ], [ 37.81146, 6.14755, 0.0 ], [ 37.81384, 6.14831, 0.0 ], [ 37.816, 6.14971, 0.0 ], [ 37.81693, 6.15286, 0.0 ], [ 37.81727, 6.15581, 0.0 ], [ 37.81702, 6.15857, 0.0 ], [ 37.819, 6.16061, 0.0 ], [ 37.82184, 6.16004, 0.0 ], [ 37.82488, 6.15882, 0.0 ], [ 37.82771, 6.15823, 0.0 ], [ 37.82933, 6.15935, 0.0 ], [ 37.83092, 6.16264, 0.0 ], [ 37.83212, 6.16511, 0.0 ], [ 37.83415, 6.16707, 0.0 ], [ 37.83618, 6.16903, 0.0 ], [ 37.83822, 6.171, 0.0 ], [ 37.83964, 6.17284, 0.0 ], [ 37.8416, 6.17512, 0.0 ], [ 37.8428, 6.17778, 0.0 ], [ 37.84117, 6.18096, 0.0 ], [ 37.83916, 6.1832, 0.0 ], [ 37.83893, 6.18617, 0.0 ], [ 37.8379, 6.1896, 0.0 ], [ 37.83767, 6.19261, 0.0 ], [ 37.83806, 6.19581, 0.0 ], [ 37.83929, 6.19845, 0.0 ], [ 37.84156, 6.19992, 0.0 ], [ 37.84444, 6.19932, 0.0 ], [ 37.84754, 6.2003, 0.0 ], [ 37.84879, 6.20295, 0.0 ], [ 37.84799, 6.20572, 0.0 ], [ 37.84925, 6.2084, 0.0 ], [ 37.85446, 6.21156, 0.0 ], [ 37.85652, 6.21145, 0.0 ], [ 37.85781, 6.21414, 0.0 ], [ 37.85784, 6.21645, 0.0 ], [ 37.86034, 6.21724, 0.0 ], [ 37.86285, 6.21803, 0.0 ], [ 37.86597, 6.21902, 0.0 ], [ 37.8691, 6.22, 0.0 ], [ 37.87204, 6.2217, 0.0 ], [ 37.87517, 6.22269, 0.0 ], [ 37.87849, 6.22296, 0.0 ], [ 37.88117, 6.22304, 0.0 ], [ 37.88404, 6.22241, 0.0 ], [ 37.88654, 6.2232, 0.0 ], [ 37.88949, 6.2249, 0.0 ], [ 37.89199, 6.22569, 0.0 ], [ 37.89432, 6.2272, 0.0 ], [ 37.89665, 6.2287, 0.0 ], [ 37.89916, 6.22949, 0.0 ], [ 37.90229, 6.23049, 0.0 ], [ 37.90543, 6.23148, 0.0 ], [ 37.90856, 6.23246, 0.0 ], [ 37.91058, 6.23541, 0.0 ], [ 37.91277, 6.23765, 0.0 ], [ 37.91575, 6.23935, 0.0 ], [ 37.91795, 6.24157, 0.0 ], [ 37.91874, 6.24414, 0.0 ], [ 37.91873, 6.24727, 0.0 ], [ 37.91809, 6.25022, 0.0 ], [ 37.91745, 6.25319, 0.0 ], [ 37.91647, 6.25765, 0.0 ], [ 37.91615, 6.25914, 0.0 ], [ 37.91549, 6.26213, 0.0 ], [ 37.91548, 6.26534, 0.0 ], [ 37.91692, 6.26822, 0.0 ], [ 37.91836, 6.27111, 0.0 ], [ 37.91981, 6.27401, 0.0 ], [ 37.92192, 6.28041, 0.0 ], [ 37.91996, 6.28978, 0.0 ], [ 37.92051, 6.29443, 0.0 ], [ 37.91978, 6.2965, 0.0 ], [ 37.91958, 6.29872, 0.0 ], [ 37.91938, 6.30094, 0.0 ], [ 37.91918, 6.30318, 0.0 ], [ 37.92024, 6.30515, 0.0 ], [ 37.92112, 6.30767, 0.0 ], [ 37.92165, 6.30953, 0.0 ], [ 37.92254, 6.31207, 0.0 ], [ 37.92343, 6.31462, 0.0 ], [ 37.92378, 6.31705, 0.0 ], [ 37.92432, 6.31895, 0.0 ], [ 37.92577, 6.32524, 0.0 ], [ 37.92725, 6.32824, 0.0 ], [ 37.92982, 6.32945, 0.0 ], [ 37.93167, 6.33291, 0.0 ], [ 37.93521, 6.33686, 0.0 ], [ 37.93794, 6.33895, 0.0 ], [ 37.93884, 6.33917, 0.0 ], [ 37.93916, 6.34118, 0.0 ], [ 37.93857, 6.34298, 0.0 ], [ 37.93935, 6.34512, 0.0 ], [ 37.93875, 6.34694, 0.0 ], [ 37.93907, 6.34899, 0.0 ], [ 37.94015, 6.35024, 0.0 ], [ 37.94155, 6.35206, 0.0 ], [ 37.94096, 6.35392, 0.0 ], [ 37.94297, 6.3554, 0.0 ], [ 37.94421, 6.3562, 0.0 ], [ 37.94577, 6.35759, 0.0 ], [ 37.94687, 6.35886, 0.0 ], [ 37.94829, 6.36072, 0.0 ], [ 37.9494, 6.36201, 0.0 ], [ 37.95083, 6.36388, 0.0 ], [ 37.9518, 6.36565, 0.0 ], [ 37.95338, 6.36706, 0.0 ], [ 37.95497, 6.36847, 0.0 ], [ 37.95685, 6.36892, 0.0 ], [ 37.95872, 6.36937, 0.0 ], [ 37.9606, 6.36982, 0.0 ], [ 37.96159, 6.37161, 0.0 ], [ 37.96259, 6.37341, 0.0 ], [ 37.96345, 6.37571, 0.0 ], [ 37.96385, 6.3779, 0.0 ], [ 37.96424, 6.38011, 0.0 ], [ 37.96369, 6.3821, 0.0 ], [ 37.96265, 6.38398, 0.0 ], [ 37.96096, 6.38459, 0.0 ], [ 37.95862, 6.38564, 0.0 ], [ 37.95721, 6.38698, 0.0 ], [ 37.95567, 6.38878, 0.0 ], [ 37.95668, 6.39065, 0.0 ], [ 37.96198, 6.39193, 0.0 ], [ 37.96329, 6.39279, 0.0 ], [ 37.96446, 6.39416, 0.0 ], [ 37.96611, 6.39566, 0.0 ], [ 37.96805, 6.39612, 0.0 ], [ 37.97024, 6.39562, 0.0 ], [ 37.97198, 6.39488, 0.0 ], [ 37.973, 6.39684, 0.0 ], [ 37.97369, 6.39816, 0.0 ], [ 37.9744, 6.39544, 0.0 ], [ 37.97579, 6.39404, 0.0 ], [ 37.97737, 6.39385, 0.0 ], [ 37.97951, 6.39345, 0.0 ], [ 37.98166, 6.39303, 0.0 ], [ 37.98396, 6.39196, 0.0 ], [ 37.98626, 6.39089, 0.0 ], [ 37.98807, 6.38971, 0.0 ], [ 37.9901, 6.38967, 0.0 ], [ 37.99189, 6.39063, 0.0 ], [ 37.99357, 6.39211, 0.0 ], [ 37.99536, 6.39308, 0.0 ], [ 37.99716, 6.39406, 0.0 ], [ 37.99908, 6.39452, 0.0 ], [ 38.00077, 6.39601, 0.0 ], [ 38.00247, 6.3975, 0.0 ], [ 38.00428, 6.39848, 0.0 ], [ 38.00491, 6.40026, 0.0 ], [ 38.00494, 6.40246, 0.0 ], [ 38.00205, 6.40824, 0.0 ], [ 38.0021, 6.40953, 0.0 ], [ 38.00215, 6.41094, 0.0 ], [ 38.00283, 6.41248, 0.0 ], [ 38.0032, 6.41393, 0.0 ], [ 38.00261, 6.41516, 0.0 ], [ 38.0012, 6.41551, 0.0 ], [ 37.99992, 6.41521, 0.0 ], [ 37.99871, 6.41457, 0.0 ], [ 37.99743, 6.41427, 0.0 ], [ 37.99591, 6.41356, 0.0 ], [ 37.99478, 6.4126, 0.0 ], [ 37.99397, 6.41172, 0.0 ], [ 37.99362, 6.41027, 0.0 ], [ 37.99274, 6.40972, 0.0 ], [ 37.9915, 6.41079, 0.0 ], [ 37.99088, 6.41201, 0.0 ], [ 37.99026, 6.41324, 0.0 ], [ 37.98988, 6.41488, 0.0 ], [ 37.9899, 6.41627, 0.0 ], [ 37.98991, 6.41767, 0.0 ], [ 37.99033, 6.41882, 0.0 ], [ 37.99155, 6.41946, 0.0 ], [ 37.99259, 6.41936, 0.0 ], [ 37.99403, 6.419, 0.0 ], [ 37.99545, 6.4218, 0.0 ], [ 37.99466, 6.42232, 0.0 ], [ 37.99469, 6.42375, 0.0 ], [ 37.99544, 6.425, 0.0 ], [ 37.99682, 6.42497, 0.0 ], [ 37.99859, 6.42468, 0.0 ], [ 37.99997, 6.42465, 0.0 ], [ 38.00141, 6.42429, 0.0 ], [ 38.00233, 6.42309, 0.0 ], [ 38.00318, 6.42224, 0.0 ], [ 38.00454, 6.42222, 0.0 ], [ 38.00584, 6.42252, 0.0 ], [ 38.00713, 6.42283, 0.0 ], [ 38.00842, 6.42314, 0.0 ], [ 38.00972, 6.42345, 0.0 ], [ 38.01107, 6.42342, 0.0 ], [ 38.01249, 6.42306, 0.0 ], [ 38.0141, 6.42345, 0.0 ], [ 38.0154, 6.42376, 0.0 ], [ 38.01663, 6.4244, 0.0 ], [ 38.01851, 6.4252, 0.0 ], [ 38.0191, 6.42569, 0.0 ], [ 38.02055, 6.42709, 0.0 ], [ 38.02114, 6.42759, 0.0 ], [ 38.02124, 6.42903, 0.0 ], [ 38.02068, 6.43032, 0.0 ], [ 38.01959, 6.43077, 0.0 ], [ 38.01817, 6.43115, 0.0 ], [ 38.01647, 6.4311, 0.0 ], [ 38.01596, 6.43206, 0.0 ], [ 38.01715, 6.43306, 0.0 ], [ 38.01853, 6.43303, 0.0 ], [ 38.01995, 6.43265, 0.0 ], [ 38.02126, 6.43296, 0.0 ], [ 38.0229, 6.43336, 0.0 ], [ 38.02427, 6.43332, 0.0 ], [ 38.02542, 6.43252, 0.0 ], [ 38.02656, 6.43172, 0.0 ], [ 38.02792, 6.43169, 0.0 ], [ 38.02917, 6.43235, 0.0 ], [ 38.02967, 6.43354, 0.0 ], [ 38.03093, 6.4342, 0.0 ], [ 38.03233, 6.43382, 0.0 ], [ 38.03327, 6.4344, 0.0 ], [ 38.03373, 6.43594, 0.0 ], [ 38.03348, 6.43769, 0.0 ], [ 38.03328, 6.4391, 0.0 ], [ 38.03204, 6.44063, 0.0 ], [ 38.03084, 6.44181, 0.0 ], [ 38.02997, 6.44308, 0.0 ], [ 38.02886, 6.44356, 0.0 ], [ 38.02776, 6.44404, 0.0 ], [ 38.02721, 6.4454, 0.0 ], [ 38.02632, 6.44669, 0.0 ], [ 38.02576, 6.44807, 0.0 ], [ 38.02453, 6.44929, 0.0 ], [ 38.02307, 6.4497, 0.0 ], [ 38.02188, 6.45056, 0.0 ], [ 38.02339, 6.4544, 0.0 ], [ 38.02447, 6.45427, 0.0 ], [ 38.02594, 6.45385, 0.0 ], [ 38.02735, 6.4538, 0.0 ], [ 38.02877, 6.45375, 0.0 ], [ 38.03, 6.45251, 0.0 ], [ 38.03151, 6.45173, 0.0 ], [ 38.03234, 6.45078, 0.0 ], [ 38.03383, 6.45, 0.0 ], [ 38.03523, 6.44996, 0.0 ], [ 38.03657, 6.45028, 0.0 ], [ 38.03753, 6.45088, 0.0 ], [ 38.0384, 6.45223, 0.0 ], [ 38.03884, 6.45424, 0.0 ], [ 38.03904, 6.45543, 0.0 ], [ 38.03991, 6.4568, 0.0 ], [ 38.04118, 6.45787, 0.0 ], [ 38.04241, 6.45932, 0.0 ], [ 38.04291, 6.461, 0.0 ], [ 38.04273, 6.46253, 0.0 ], [ 38.04358, 6.46432, 0.0 ], [ 38.04457, 6.46495, 0.0 ], [ 38.04509, 6.46666, 0.0 ], [ 38.04526, 6.4683, 0.0 ], [ 38.04694, 6.46911, 0.0 ], [ 38.04825, 6.47022, 0.0 ], [ 38.04882, 6.47157, 0.0 ], [ 38.04966, 6.4738, 0.0 ], [ 38.05019, 6.47556, 0.0 ], [ 38.05073, 6.47734, 0.0 ], [ 38.05162, 6.4792, 0.0 ], [ 38.05256, 6.48067, 0.0 ], [ 38.0535, 6.48215, 0.0 ], [ 38.0548, 6.48372, 0.0 ], [ 38.0554, 6.48512, 0.0 ], [ 38.05632, 6.48703, 0.0 ], [ 38.05653, 6.48878, 0.0 ], [ 38.05634, 6.49088, 0.0 ], [ 38.05645, 6.4959, 0.0 ], [ 38.05646, 6.49665, 0.0 ], [ 38.0569, 6.49777, 0.0 ], [ 38.05735, 6.49915, 0.0 ], [ 38.05758, 6.50022, 0.0 ], [ 38.05804, 6.50136, 0.0 ], [ 38.05827, 6.50271, 0.0 ], [ 38.05873, 6.50412, 0.0 ], [ 38.05874, 6.50517, 0.0 ], [ 38.05875, 6.50622, 0.0 ], [ 38.05854, 6.50749, 0.0 ], [ 38.05855, 6.50856, 0.0 ], [ 38.05856, 6.50963, 0.0 ], [ 38.0588, 6.51076, 0.0 ], [ 38.05904, 6.5119, 0.0 ], [ 38.05928, 6.51305, 0.0 ], [ 38.05975, 6.51426, 0.0 ], [ 38.05976, 6.51536, 0.0 ], [ 38.05978, 6.51703, 0.0 ], [ 38.05979, 6.51815, 0.0 ], [ 38.05911, 6.51883, 0.0 ], [ 38.05819, 6.51945, 0.0 ], [ 38.05726, 6.51922, 0.0 ], [ 38.05564, 6.52025, 0.0 ], [ 38.05518, 6.52042, 0.0 ], [ 38.05424, 6.52105, 0.0 ], [ 38.05354, 6.52145, 0.0 ], [ 38.05307, 6.52249, 0.0 ], [ 38.05283, 6.52358, 0.0 ], [ 38.05211, 6.52458, 0.0 ], [ 38.05093, 6.52429, 0.0 ], [ 38.04976, 6.524, 0.0 ], [ 38.04904, 6.5247, 0.0 ], [ 38.04808, 6.52535, 0.0 ], [ 38.04829, 6.52659, 0.0 ], [ 38.04875, 6.52789, 0.0 ], [ 38.04921, 6.52919, 0.0 ], [ 38.04919, 6.53069, 0.0 ], [ 38.04893, 6.53184, 0.0 ], [ 38.04795, 6.53252, 0.0 ], [ 38.04745, 6.53362, 0.0 ], [ 38.0467, 6.53467, 0.0 ], [ 38.04572, 6.53505, 0.0 ], [ 38.04474, 6.53512, 0.0 ], [ 38.04422, 6.53623, 0.0 ], [ 38.0437, 6.53736, 0.0 ], [ 38.04269, 6.53806, 0.0 ], [ 38.04147, 6.53776, 0.0 ], [ 38.04071, 6.53821, 0.0 ], [ 38.04018, 6.53934, 0.0 ], [ 38.03917, 6.53974, 0.0 ], [ 38.03839, 6.54051, 0.0 ], [ 38.03735, 6.54154, 0.0 ], [ 38.03749, 6.54417, 0.0 ], [ 38.03744, 6.54547, 0.0 ], [ 38.0384, 6.54669, 0.0 ], [ 38.0394, 6.54694, 0.0 ], [ 38.04011, 6.5481, 0.0 ], [ 38.04056, 6.54949, 0.0 ], [ 38.0405, 6.55078, 0.0 ], [ 38.04147, 6.55199, 0.0 ], [ 38.04248, 6.55223, 0.0 ], [ 38.04374, 6.55253, 0.0 ], [ 38.04473, 6.55342, 0.0 ], [ 38.04516, 6.55551, 0.0 ], [ 38.04512, 6.55682, 0.0 ], [ 38.04506, 6.55848, 0.0 ], [ 38.04402, 6.5589, 0.0 ], [ 38.04274, 6.5586, 0.0 ], [ 38.0417, 6.55869, 0.0 ], [ 38.0414, 6.56001, 0.0 ], [ 38.04186, 6.56188, 0.0 ], [ 38.04208, 6.56335, 0.0 ], [ 38.04204, 6.56476, 0.0 ], [ 38.04199, 6.56619, 0.0 ], [ 38.04275, 6.56745, 0.0 ], [ 38.04377, 6.56841, 0.0 ], [ 38.04453, 6.56968, 0.0 ], [ 38.04476, 6.5712, 0.0 ], [ 38.04472, 6.57306, 0.0 ], [ 38.04469, 6.57494, 0.0 ], [ 38.04521, 6.57621, 0.0 ], [ 38.04598, 6.57832, 0.0 ], [ 38.04596, 6.57986, 0.0 ], [ 38.04567, 6.58134, 0.0 ], [ 38.0451, 6.58277, 0.0 ], [ 38.04453, 6.58421, 0.0 ], [ 38.04423, 6.58572, 0.0 ], [ 38.04365, 6.58718, 0.0 ], [ 38.04307, 6.58865, 0.0 ], [ 38.0417, 6.5883, 0.0 ], [ 38.04032, 6.58836, 0.0 ], [ 38.03893, 6.58842, 0.0 ], [ 38.03782, 6.58855, 0.0 ], [ 38.03612, 6.58935, 0.0 ], [ 38.03369, 6.58752, 0.0 ], [ 38.03365, 6.58833, 0.0 ], [ 38.03251, 6.58886, 0.0 ], [ 38.03086, 6.58845, 0.0 ], [ 38.02948, 6.58811, 0.0 ], [ 38.0284, 6.58743, 0.0 ], [ 38.02702, 6.58708, 0.0 ], [ 38.02591, 6.58681, 0.0 ], [ 38.02481, 6.58653, 0.0 ], [ 38.02371, 6.58626, 0.0 ], [ 38.02294, 6.58525, 0.0 ], [ 38.02277, 6.58362, 0.0 ], [ 38.02291, 6.58168, 0.0 ], [ 38.02381, 6.58071, 0.0 ], [ 38.02497, 6.57981, 0.0 ], [ 38.02558, 6.57879, 0.0 ], [ 38.02625, 6.57701, 0.0 ], [ 38.02685, 6.57601, 0.0 ], [ 38.02556, 6.57494, 0.0 ], [ 38.02449, 6.57469, 0.0 ], [ 38.02369, 6.5745, 0.0 ], [ 38.02294, 6.57357, 0.0 ], [ 38.02192, 6.57257, 0.0 ], [ 38.02091, 6.57158, 0.0 ], [ 38.01985, 6.57133, 0.0 ], [ 38.01878, 6.57108, 0.0 ], [ 38.01772, 6.57083, 0.0 ], [ 38.01508, 6.56984, 0.0 ], [ 38.01452, 6.57009, 0.0 ], [ 38.01349, 6.56947, 0.0 ], [ 38.01246, 6.56885, 0.0 ], [ 38.01173, 6.56792, 0.0 ], [ 38.01074, 6.56693, 0.0 ], [ 38.00941, 6.5666, 0.0 ], [ 38.00827, 6.56706, 0.0 ], [ 38.00713, 6.56753, 0.0 ], [ 38.00603, 6.56763, 0.0 ], [ 38.00469, 6.56731, 0.0 ], [ 38.00376, 6.56595, 0.0 ], [ 38.00278, 6.56496, 0.0 ], [ 38.00146, 6.56463, 0.0 ], [ 38.00013, 6.5643, 0.0 ], [ 37.99907, 6.56404, 0.0 ], [ 37.99748, 6.56365, 0.0 ], [ 37.99669, 6.56345, 0.0 ], [ 37.99568, 6.56283, 0.0 ], [ 37.99535, 6.56127, 0.0 ], [ 37.99502, 6.55971, 0.0 ], [ 37.99438, 6.55845, 0.0 ], [ 37.99374, 6.5572, 0.0 ], [ 37.99311, 6.55596, 0.0 ], [ 37.99248, 6.55472, 0.0 ], [ 37.99144, 6.55446, 0.0 ], [ 37.9904, 6.55421, 0.0 ], [ 37.98925, 6.55465, 0.0 ], [ 37.98821, 6.55439, 0.0 ], [ 37.987, 6.55518, 0.0 ], [ 37.98579, 6.55597, 0.0 ], [ 37.98457, 6.55676, 0.0 ], [ 37.98346, 6.55686, 0.0 ], [ 37.98203, 6.55724, 0.0 ], [ 37.98098, 6.55698, 0.0 ], [ 37.97993, 6.55672, 0.0 ], [ 37.97894, 6.55611, 0.0 ], [ 37.97802, 6.55515, 0.0 ], [ 37.97684, 6.55412, 0.0 ], [ 37.97579, 6.55387, 0.0 ], [ 37.97474, 6.55361, 0.0 ], [ 37.9737, 6.55335, 0.0 ], [ 37.97239, 6.55303, 0.0 ], [ 37.97161, 6.55283, 0.0 ], [ 37.97049, 6.55292, 0.0 ], [ 37.96938, 6.55301, 0.0 ], [ 37.96626, 6.555, 0.0 ], [ 37.96604, 6.55578, 0.0 ], [ 37.96495, 6.55592, 0.0 ], [ 37.96363, 6.55683, 0.0 ], [ 37.96281, 6.55705, 0.0 ], [ 37.9614, 6.55669, 0.0 ], [ 37.95941, 6.55619, 0.0 ], [ 37.95859, 6.55641, 0.0 ], [ 37.95751, 6.55697, 0.0 ], [ 37.95676, 6.55847, 0.0 ], [ 37.95508, 6.55847, 0.0 ], [ 37.95399, 6.55904, 0.0 ], [ 37.95289, 6.55962, 0.0 ], [ 37.95215, 6.56157, 0.0 ], [ 37.95162, 6.5623, 0.0 ], [ 37.95084, 6.56384, 0.0 ], [ 37.95035, 6.56546, 0.0 ], [ 37.95014, 6.56716, 0.0 ], [ 37.94935, 6.56874, 0.0 ], [ 37.94851, 6.56941, 0.0 ], [ 37.94736, 6.56957, 0.0 ], [ 37.94594, 6.57011, 0.0 ], [ 37.94507, 6.57034, 0.0 ], [ 37.94392, 6.5705, 0.0 ], [ 37.94276, 6.57066, 0.0 ], [ 37.94018, 6.57227, 0.0 ], [ 37.93929, 6.57205, 0.0 ], [ 37.93811, 6.57175, 0.0 ], [ 37.93695, 6.57237, 0.0 ], [ 37.9358, 6.57345, 0.0 ], [ 37.93494, 6.57508, 0.0 ], [ 37.93467, 6.57687, 0.0 ], [ 37.93472, 6.57969, 0.0 ], [ 37.93413, 6.58049, 0.0 ], [ 37.93295, 6.58161, 0.0 ], [ 37.93175, 6.58226, 0.0 ], [ 37.93086, 6.58347, 0.0 ], [ 37.92996, 6.58469, 0.0 ], [ 37.92906, 6.58639, 0.0 ], [ 37.92815, 6.58763, 0.0 ], [ 37.92724, 6.58887, 0.0 ], [ 37.92724, 6.59134, 0.0 ], [ 37.92631, 6.5926, 0.0 ], [ 37.92569, 6.59445, 0.0 ], [ 37.92476, 6.59573, 0.0 ], [ 37.92352, 6.59385, 0.0 ], [ 37.9226, 6.59261, 0.0 ], [ 37.92138, 6.59185, 0.0 ], [ 37.91984, 6.59146, 0.0 ], [ 37.91857, 6.5926, 0.0 ], [ 37.91758, 6.59427, 0.0 ], [ 37.91632, 6.59493, 0.0 ], [ 37.91477, 6.59456, 0.0 ], [ 37.91324, 6.59371, 0.0 ], [ 37.91043, 6.59352, 0.0 ], [ 37.90975, 6.5948, 0.0 ], [ 37.90877, 6.59554, 0.0 ], [ 37.90779, 6.59628, 0.0 ], [ 37.90613, 6.59783, 0.0 ], [ 37.90541, 6.59962, 0.0 ], [ 37.9047, 6.60094, 0.0 ], [ 37.90362, 6.60317, 0.0 ], [ 37.90259, 6.60443, 0.0 ], [ 37.90132, 6.60412, 0.0 ], [ 37.90009, 6.60333, 0.0 ], [ 37.89882, 6.60302, 0.0 ], [ 37.89762, 6.60173, 0.0 ], [ 37.89608, 6.60087, 0.0 ], [ 37.89481, 6.60056, 0.0 ], [ 37.89362, 6.59928, 0.0 ], [ 37.89209, 6.59842, 0.0 ], [ 37.89087, 6.59763, 0.0 ], [ 37.88957, 6.59782, 0.0 ], [ 37.88827, 6.598, 0.0 ], [ 37.88665, 6.59811, 0.0 ], [ 37.88562, 6.59886, 0.0 ], [ 37.88427, 6.59954, 0.0 ], [ 37.88296, 6.59973, 0.0 ], [ 37.88165, 6.59992, 0.0 ], [ 37.87996, 6.60045, 0.0 ], [ 37.87869, 6.60003, 0.0 ], [ 37.87783, 6.59874, 0.0 ], [ 37.87667, 6.59735, 0.0 ], [ 37.8754, 6.59694, 0.0 ], [ 37.87418, 6.59604, 0.0 ], [ 37.87303, 6.59466, 0.0 ], [ 37.87262, 6.59255, 0.0 ], [ 37.87098, 6.58718, 0.0 ], [ 37.87005, 6.58688, 0.0 ], [ 37.86849, 6.58639, 0.0 ], [ 37.86737, 6.58507, 0.0 ], [ 37.86619, 6.58422, 0.0 ], [ 37.86501, 6.58337, 0.0 ], [ 37.8639, 6.58207, 0.0 ], [ 37.86273, 6.58122, 0.0 ], [ 37.86169, 6.57948, 0.0 ], [ 37.86109, 6.57695, 0.0 ], [ 37.8603, 6.57577, 0.0 ], [ 37.8597, 6.57328, 0.0 ], [ 37.85929, 6.57177, 0.0 ], [ 37.85814, 6.57095, 0.0 ], [ 37.857, 6.57013, 0.0 ], [ 37.85586, 6.56932, 0.0 ], [ 37.85473, 6.56851, 0.0 ], [ 37.85366, 6.56727, 0.0 ], [ 37.85297, 6.5657, 0.0 ], [ 37.85205, 6.56361, 0.0 ], [ 37.85166, 6.56213, 0.0 ], [ 37.85098, 6.56053, 0.0 ], [ 37.85031, 6.55893, 0.0 ], [ 37.84927, 6.55772, 0.0 ], [ 37.84816, 6.55696, 0.0 ], [ 37.84713, 6.55575, 0.0 ], [ 37.84677, 6.55427, 0.0 ], [ 37.84641, 6.55279, 0.0 ], [ 37.84583, 6.5508, 0.0 ], [ 37.84474, 6.55006, 0.0 ], [ 37.84373, 6.54888, 0.0 ], [ 37.84316, 6.54694, 0.0 ], [ 37.84281, 6.54552, 0.0 ], [ 37.84254, 6.54369, 0.0 ], [ 37.84227, 6.54187, 0.0 ], [ 37.84164, 6.5404, 0.0 ], [ 37.84065, 6.53928, 0.0 ], [ 37.83804, 6.53731, 0.0 ], [ 37.83755, 6.53676, 0.0 ], [ 37.83702, 6.53491, 0.0 ], [ 37.83605, 6.53382, 0.0 ], [ 37.8358, 6.53207, 0.0 ], [ 37.8352, 6.53067, 0.0 ], [ 37.8346, 6.52927, 0.0 ], [ 37.83401, 6.52787, 0.0 ], [ 37.83261, 6.52753, 0.0 ], [ 37.83121, 6.52719, 0.0 ], [ 37.83026, 6.52613, 0.0 ], [ 37.82932, 6.52507, 0.0 ], [ 37.82874, 6.5237, 0.0 ], [ 37.82772, 6.52304, 0.0 ], [ 37.82661, 6.52276, 0.0 ], [ 37.8255, 6.52249, 0.0 ], [ 37.82457, 6.52145, 0.0 ], [ 37.82364, 6.52041, 0.0 ], [ 37.82271, 6.51937, 0.0 ], [ 37.8217, 6.51872, 0.0 ], [ 37.82097, 6.51813, 0.0 ], [ 37.82078, 6.51648, 0.0 ], [ 37.82142, 6.51505, 0.0 ], [ 37.82205, 6.51362, 0.0 ], [ 37.82295, 6.51226, 0.0 ], [ 37.8242, 6.51062, 0.0 ], [ 37.82553, 6.50979, 0.0 ], [ 37.82695, 6.50859, 0.0 ], [ 37.82774, 6.50763, 0.0 ], [ 37.82789, 6.50577, 0.0 ], [ 37.82795, 6.50427, 0.0 ], [ 37.82663, 6.50508, 0.0 ], [ 37.82549, 6.50632, 0.0 ], [ 37.82417, 6.50714, 0.0 ], [ 37.82292, 6.5076, 0.0 ], [ 37.82167, 6.50806, 0.0 ], [ 37.82059, 6.5078, 0.0 ], [ 37.81942, 6.5079, 0.0 ], [ 37.81825, 6.508, 0.0 ], [ 37.81699, 6.50846, 0.0 ], [ 37.81582, 6.50857, 0.0 ], [ 37.81447, 6.50823, 0.0 ], [ 37.81312, 6.5079, 0.0 ], [ 37.81177, 6.50757, 0.0 ], [ 37.81113, 6.5078, 0.0 ], [ 37.81027, 6.50994, 0.0 ], [ 37.8098, 6.51061, 0.0 ], [ 37.80871, 6.51034, 0.0 ], [ 37.80742, 6.51082, 0.0 ], [ 37.80612, 6.51129, 0.0 ], [ 37.80472, 6.51214, 0.0 ], [ 37.80331, 6.51299, 0.0 ], [ 37.80211, 6.5131, 0.0 ], [ 37.8009, 6.5132, 0.0 ], [ 37.79959, 6.51369, 0.0 ], [ 37.79821, 6.51335, 0.0 ], [ 37.797, 6.51346, 0.0 ], [ 37.79579, 6.51356, 0.0 ], [ 37.79446, 6.51405, 0.0 ], [ 37.79281, 6.51364, 0.0 ], [ 37.79198, 6.51342, 0.0 ], [ 37.79089, 6.51313, 0.0 ], [ 37.78987, 6.51165, 0.0 ], [ 37.7894, 6.51032, 0.0 ], [ 37.78831, 6.51003, 0.0 ], [ 37.78734, 6.50937, 0.0 ], [ 37.78626, 6.50909, 0.0 ], [ 37.78541, 6.50807, 0.0 ], [ 37.78445, 6.50741, 0.0 ], [ 37.78348, 6.50676, 0.0 ], [ 37.78252, 6.50611, 0.0 ], [ 37.78181, 6.50473, 0.0 ], [ 37.78098, 6.50373, 0.0 ], [ 37.78027, 6.50236, 0.0 ], [ 37.77932, 6.50172, 0.0 ], [ 37.7785, 6.50072, 0.0 ], [ 37.77755, 6.50008, 0.0 ], [ 37.77673, 6.49909, 0.0 ], [ 37.77619, 6.49817, 0.0 ], [ 37.7755, 6.49683, 0.0 ], [ 37.77574, 6.49536, 0.0 ], [ 37.77597, 6.4939, 0.0 ], [ 37.77555, 6.49265, 0.0 ], [ 37.77459, 6.48977, 0.0 ], [ 37.77494, 6.48726, 0.0 ], [ 37.77452, 6.48531, 0.0 ], [ 37.77412, 6.4841, 0.0 ], [ 37.77308, 6.48384, 0.0 ], [ 37.77205, 6.48357, 0.0 ], [ 37.77076, 6.48324, 0.0 ], [ 37.77036, 6.48204, 0.0 ], [ 37.76997, 6.48086, 0.0 ], [ 37.76933, 6.47961, 0.0 ], [ 37.76984, 6.47829, 0.0 ], [ 37.77035, 6.47699, 0.0 ], [ 37.7711, 6.47576, 0.0 ], [ 37.77198, 6.47421, 0.0 ], [ 37.77298, 6.47306, 0.0 ], [ 37.77347, 6.47179, 0.0 ], [ 37.77421, 6.47059, 0.0 ], [ 37.77546, 6.47022, 0.0 ], [ 37.77658, 6.47016, 0.0 ], [ 37.7777, 6.4701, 0.0 ], [ 37.77867, 6.46897, 0.0 ], [ 37.77864, 6.46761, 0.0 ], [ 37.77848, 6.46588, 0.0 ], [ 37.77822, 6.46514, 0.0 ], [ 37.7777, 6.46367, 0.0 ], [ 37.77694, 6.46282, 0.0 ], [ 37.77692, 6.46149, 0.0 ], [ 37.77725, 6.45993, 0.0 ], [ 37.77747, 6.45868, 0.0 ], [ 37.7772, 6.45732, 0.0 ], [ 37.77718, 6.45603, 0.0 ], [ 37.77691, 6.45468, 0.0 ], [ 37.777, 6.45311, 0.0 ], [ 37.77686, 6.45213, 0.0 ], [ 37.77684, 6.45087, 0.0 ], [ 37.77646, 6.44984, 0.0 ], [ 37.77572, 6.44841, 0.0 ], [ 37.77534, 6.44678, 0.0 ], [ 37.77462, 6.44598, 0.0 ], [ 37.77391, 6.44519, 0.0 ], [ 37.77331, 6.44413, 0.0 ], [ 37.77236, 6.44389, 0.0 ], [ 37.77142, 6.44366, 0.0 ], [ 37.7706, 6.44315, 0.0 ], [ 37.77012, 6.44242, 0.0 ], [ 37.77, 6.44089, 0.0 ], [ 37.76983, 6.43738, 0.0 ], [ 37.7695, 6.4373, 0.0 ], [ 37.7695, 6.43505, 0.0 ], [ 37.7695, 6.43283, 0.0 ], [ 37.76886, 6.43156, 0.0 ], [ 37.76886, 6.42936, 0.0 ], [ 37.76966, 6.42684, 0.0 ], [ 37.76997, 6.42476, 0.0 ], [ 37.76949, 6.41878, 0.0 ], [ 37.76983, 6.41566, 0.0 ], [ 37.77029, 6.41424, 0.0 ], [ 37.7703, 6.41213, 0.0 ], [ 37.76955, 6.41036, 0.0 ], [ 37.76987, 6.40835, 0.0 ], [ 37.77066, 6.40597, 0.0 ], [ 37.77174, 6.40471, 0.0 ], [ 37.77296, 6.40401, 0.0 ], [ 37.77402, 6.40175, 0.0 ], [ 37.77463, 6.39989, 0.0 ], [ 37.77551, 6.39716, 0.0 ], [ 37.77624, 6.39591, 0.0 ], [ 37.77727, 6.39474, 0.0 ], [ 37.77817, 6.39595, 0.0 ], [ 37.77878, 6.39708, 0.0 ], [ 37.77997, 6.3974, 0.0 ], [ 37.7813, 6.39728, 0.0 ], [ 37.78231, 6.39611, 0.0 ], [ 37.7839, 6.3951, 0.0 ], [ 37.78549, 6.3941, 0.0 ], [ 37.78632, 6.39243, 0.0 ], [ 37.78685, 6.39069, 0.0 ], [ 37.78734, 6.38803, 0.0 ], [ 37.78699, 6.38609, 0.0 ], [ 37.78525, 6.38562, 0.0 ], [ 37.78703, 6.3829, 0.0 ], [ 37.78742, 6.38165, 0.0 ], [ 37.78793, 6.37999, 0.0 ], [ 37.78917, 6.37898, 0.0 ], [ 37.79066, 6.37716, 0.0 ], [ 37.79132, 6.37601, 0.0 ], [ 37.79181, 6.37439, 0.0 ], [ 37.7923, 6.37279, 0.0 ], [ 37.79279, 6.37118, 0.0 ], [ 37.79299, 6.36952, 0.0 ], [ 37.79291, 6.36779, 0.0 ], [ 37.79205, 6.36669, 0.0 ], [ 37.7913, 6.36521, 0.0 ], [ 37.79072, 6.3642, 0.0 ], [ 37.78986, 6.36311, 0.0 ], [ 37.78952, 6.36135, 0.0 ], [ 37.78894, 6.36035, 0.0 ], [ 37.7881, 6.35928, 0.0 ], [ 37.78765, 6.35792, 0.0 ], [ 37.78759, 6.35627, 0.0 ], [ 37.7882, 6.35441, 0.0 ], [ 37.78948, 6.35317, 0.0 ], [ 37.79049, 6.35186, 0.0 ], [ 37.79031, 6.35062, 0.0 ], [ 37.78948, 6.34959, 0.0 ], [ 37.79115, 6.34537, 0.0 ], [ 37.79164, 6.34474, 0.0 ], [ 37.79248, 6.34305, 0.0 ], [ 37.79293, 6.34165, 0.0 ], [ 37.79312, 6.34019, 0.0 ], [ 37.79305, 6.33867, 0.0 ], [ 37.79298, 6.33715, 0.0 ], [ 37.79343, 6.33578, 0.0 ], [ 37.79451, 6.33421, 0.0 ], [ 37.7957, 6.33231, 0.0 ], [ 37.79691, 6.33117, 0.0 ], [ 37.79816, 6.33076, 0.0 ], [ 37.79925, 6.32996, 0.0 ], [ 37.79916, 6.32852, 0.0 ], [ 37.79906, 6.32708, 0.0 ], [ 37.79872, 6.32559, 0.0 ], [ 37.79827, 6.32443, 0.0 ], [ 37.79782, 6.32328, 0.0 ], [ 37.79666, 6.32264, 0.0 ], [ 37.79647, 6.32155, 0.0 ], [ 37.79664, 6.32022, 0.0 ], [ 37.79717, 6.31865, 0.0 ], [ 37.79823, 6.3179, 0.0 ], [ 37.79919, 6.31746, 0.0 ], [ 37.7997, 6.31591, 0.0 ], [ 37.79996, 6.31431, 0.0 ], [ 37.79997, 6.31266, 0.0 ], [ 37.80027, 6.31175, 0.0 ], [ 37.80147, 6.30815, 0.0 ], [ 37.80181, 6.30791, 0.0 ], [ 37.80269, 6.30685, 0.0 ], [ 37.80293, 6.30532, 0.0 ], [ 37.80341, 6.30386, 0.0 ], [ 37.80365, 6.30235, 0.0 ], [ 37.80322, 6.30131, 0.0 ], [ 37.80226, 6.30107, 0.0 ], [ 37.80149, 6.30025, 0.0 ], [ 37.80126, 6.29865, 0.0 ], [ 37.80141, 6.29746, 0.0 ], [ 37.80108, 6.29616, 0.0 ], [ 37.80066, 6.29515, 0.0 ], [ 37.80033, 6.29386, 0.0 ], [ 37.80048, 6.2927, 0.0 ], [ 37.80096, 6.29133, 0.0 ], [ 37.80134, 6.29024, 0.0 ], [ 37.80195, 6.28922, 0.0 ], [ 37.80232, 6.28814, 0.0 ], [ 37.80311, 6.2866, 0.0 ], [ 37.80283, 6.28595, 0.0 ], [ 37.802, 6.28546, 0.0 ], [ 37.80168, 6.28423, 0.0 ], [ 37.80159, 6.28307, 0.0 ], [ 37.80206, 6.28177, 0.0 ], [ 37.80251, 6.28048, 0.0 ], [ 37.8031, 6.27951, 0.0 ], [ 37.80419, 6.27922, 0.0 ], [ 37.80537, 6.27868, 0.0 ], [ 37.80608, 6.27803, 0.0 ], [ 37.80756, 6.2773, 0.0 ], [ 37.80818, 6.27691, 0.0 ], [ 37.8092, 6.27607, 0.0 ], [ 37.81013, 6.27549, 0.0 ], [ 37.81099, 6.27436, 0.0 ], [ 37.81141, 6.27312, 0.0 ], [ 37.8124, 6.2723, 0.0 ], [ 37.81404, 6.27168, 0.0 ], [ 37.81494, 6.27038, 0.0 ], [ 37.81643, 6.26871, 0.0 ], [ 37.81719, 6.26709, 0.0 ], [ 37.81744, 6.26562, 0.0 ], [ 37.8179, 6.26422, 0.0 ], [ 37.81906, 6.26425, 0.0 ], [ 37.82014, 6.26451, 0.0 ], [ 37.82167, 6.26413, 0.0 ], [ 37.82246, 6.26308, 0.0 ], [ 37.8226, 6.26144, 0.0 ] ] ] } },
{ "type": "Feature", "properties": { "waterbody": "Lake Ziway" }, "geometry": { "type": "Polygon", "coordinates": [ [ [ 38.72825, 7.95636, 0.0 ], [ 38.72817, 7.95619, 0.0 ], [ 38.72921, 7.95439, 0.0 ], [ 38.7293, 7.9537, 0.0 ], [ 38.7293, 7.95241, 0.0 ], [ 38.72904, 7.95189, 0.0 ], [ 38.72878, 7.95137, 0.0 ], [ 38.72844, 7.95068, 0.0 ], [ 38.72783, 7.94991, 0.0 ], [ 38.72697, 7.95034, 0.0 ], [ 38.72618, 7.95094, 0.0 ], [ 38.72558, 7.95103, 0.0 ], [ 38.72506, 7.95042, 0.0 ], [ 38.72463, 7.94956, 0.0 ], [ 38.72506, 7.9487, 0.0 ], [ 38.72558, 7.94801, 0.0 ], [ 38.72584, 7.94724, 0.0 ], [ 38.7255, 7.94569, 0.0 ], [ 38.72637, 7.94397, 0.0 ], [ 38.72628, 7.9438, 0.0 ], [ 38.72629, 7.94294, 0.0 ], [ 38.72594, 7.94225, 0.0 ], [ 38.7256, 7.94156, 0.0 ], [ 38.72525, 7.94087, 0.0 ], [ 38.72491, 7.94019, 0.0 ], [ 38.72491, 7.93933, 0.0 ], [ 38.725, 7.93864, 0.0 ], [ 38.72552, 7.93752, 0.0 ], [ 38.72579, 7.93675, 0.0 ], [ 38.72666, 7.93632, 0.0 ], [ 38.72726, 7.93581, 0.0 ], [ 38.7277, 7.93538, 0.0 ], [ 38.72848, 7.93478, 0.0 ], [ 38.72909, 7.93383, 0.0 ], [ 38.72901, 7.9328, 0.0 ], [ 38.72909, 7.93211, 0.0 ], [ 38.72909, 7.93125, 0.0 ], [ 38.7291, 7.93039, 0.0 ], [ 38.7291, 7.92953, 0.0 ], [ 38.7291, 7.92867, 0.0 ], [ 38.72919, 7.92755, 0.0 ], [ 38.72902, 7.92678, 0.0 ], [ 38.72902, 7.92592, 0.0 ], [ 38.72876, 7.92497, 0.0 ], [ 38.72842, 7.92385, 0.0 ], [ 38.72808, 7.92317, 0.0 ], [ 38.7279, 7.92239, 0.0 ], [ 38.72765, 7.92145, 0.0 ], [ 38.72782, 7.9205, 0.0 ], [ 38.72835, 7.91939, 0.0 ], [ 38.72853, 7.91888, 0.0 ], [ 38.72913, 7.91836, 0.0 ], [ 38.72992, 7.91819, 0.0 ], [ 38.73078, 7.91819, 0.0 ], [ 38.73148, 7.91871, 0.0 ], [ 38.73226, 7.91897, 0.0 ], [ 38.73313, 7.91854, 0.0 ], [ 38.73469, 7.91648, 0.0 ], [ 38.73452, 7.9157, 0.0 ], [ 38.73521, 7.91536, 0.0 ], [ 38.73574, 7.91467, 0.0 ], [ 38.73712, 7.91397, 0.0 ], [ 38.7373, 7.91346, 0.0 ], [ 38.73835, 7.91252, 0.0 ], [ 38.73861, 7.91218, 0.0 ], [ 38.7387, 7.9115, 0.0 ], [ 38.73827, 7.91064, 0.0 ], [ 38.73809, 7.90943, 0.0 ], [ 38.73809, 7.909, 0.0 ], [ 38.73835, 7.90822, 0.0 ], [ 38.73853, 7.90727, 0.0 ], [ 38.73879, 7.9065, 0.0 ], [ 38.7394, 7.90512, 0.0 ], [ 38.73975, 7.90452, 0.0 ], [ 38.74062, 7.90409, 0.0 ], [ 38.74088, 7.90333, 0.0 ], [ 38.74115, 7.90256, 0.0 ], [ 38.74167, 7.90187, 0.0 ], [ 38.74228, 7.90093, 0.0 ], [ 38.7428, 7.90024, 0.0 ], [ 38.74307, 7.89946, 0.0 ], [ 38.74359, 7.89878, 0.0 ], [ 38.74455, 7.89853, 0.0 ], [ 38.74506, 7.89912, 0.0 ], [ 38.7455, 7.89998, 0.0 ], [ 38.74636, 7.89998, 0.0 ], [ 38.74706, 7.89964, 0.0 ], [ 38.74784, 7.89947, 0.0 ], [ 38.74879, 7.89921, 0.0 ], [ 38.7494, 7.89913, 0.0 ], [ 38.7514, 7.89836, 0.0 ], [ 38.75227, 7.89837, 0.0 ], [ 38.75314, 7.89794, 0.0 ], [ 38.75401, 7.89751, 0.0 ], [ 38.75471, 7.8976, 0.0 ], [ 38.75505, 7.89829, 0.0 ], [ 38.75557, 7.8989, 0.0 ], [ 38.75592, 7.89959, 0.0 ], [ 38.75653, 7.89994, 0.0 ], [ 38.75722, 7.90046, 0.0 ], [ 38.75791, 7.90097, 0.0 ], [ 38.75861, 7.90148, 0.0 ], [ 38.75939, 7.90174, 0.0 ], [ 38.76008, 7.90141, 0.0 ], [ 38.76077, 7.90105, 0.0 ], [ 38.76121, 7.90061, 0.0 ], [ 38.76148, 7.89987, 0.0 ], [ 38.76131, 7.89909, 0.0 ], [ 38.76113, 7.89831, 0.0 ], [ 38.76096, 7.89753, 0.0 ], [ 38.76053, 7.89667, 0.0 ], [ 38.76018, 7.89598, 0.0 ], [ 38.76018, 7.89512, 0.0 ], [ 38.76027, 7.89443, 0.0 ], [ 38.7607, 7.89356, 0.0 ], [ 38.76131, 7.89305, 0.0 ], [ 38.76201, 7.89272, 0.0 ], [ 38.76271, 7.89238, 0.0 ], [ 38.76349, 7.89221, 0.0 ], [ 38.76427, 7.89205, 0.0 ], [ 38.76532, 7.89154, 0.0 ], [ 38.76584, 7.89128, 0.0 ], [ 38.76601, 7.89033, 0.0 ], [ 38.7661, 7.88964, 0.0 ], [ 38.76697, 7.88921, 0.0 ], [ 38.76784, 7.88878, 0.0 ], [ 38.76853, 7.88843, 0.0 ], [ 38.7694, 7.88802, 0.0 ], [ 38.7701, 7.88769, 0.0 ], [ 38.7708, 7.88736, 0.0 ], [ 38.77149, 7.88698, 0.0 ], [ 38.77236, 7.88697, 0.0 ], [ 38.7734, 7.88731, 0.0 ], [ 38.77518, 7.88814, 0.0 ], [ 38.77536, 7.88805, 0.0 ], [ 38.77607, 7.88729, 0.0 ], [ 38.77651, 7.88686, 0.0 ], [ 38.77713, 7.88592, 0.0 ], [ 38.77731, 7.88541, 0.0 ], [ 38.77733, 7.88456, 0.0 ], [ 38.77778, 7.8837, 0.0 ], [ 38.77848, 7.88336, 0.0 ], [ 38.77924, 7.88319, 0.0 ], [ 38.78009, 7.88275, 0.0 ], [ 38.78077, 7.8824, 0.0 ], [ 38.78129, 7.88171, 0.0 ], [ 38.78154, 7.88093, 0.0 ], [ 38.78154, 7.88007, 0.0 ], [ 38.78172, 7.87912, 0.0 ], [ 38.78242, 7.87878, 0.0 ], [ 38.78287, 7.87793, 0.0 ], [ 38.78349, 7.87742, 0.0 ], [ 38.7841, 7.87691, 0.0 ], [ 38.78489, 7.87631, 0.0 ], [ 38.78524, 7.87571, 0.0 ], [ 38.78576, 7.87503, 0.0 ], [ 38.78654, 7.87486, 0.0 ], [ 38.78724, 7.87451, 0.0 ], [ 38.78949, 7.87383, 0.0 ], [ 38.79001, 7.874, 0.0 ], [ 38.79078, 7.87382, 0.0 ], [ 38.79079, 7.87297, 0.0 ], [ 38.79071, 7.87194, 0.0 ], [ 38.79158, 7.87151, 0.0 ], [ 38.79235, 7.87133, 0.0 ], [ 38.79339, 7.87125, 0.0 ], [ 38.79418, 7.87065, 0.0 ], [ 38.79444, 7.86987, 0.0 ], [ 38.79401, 7.86902, 0.0 ], [ 38.79358, 7.86816, 0.0 ], [ 38.79358, 7.8673, 0.0 ], [ 38.79385, 7.8661, 0.0 ], [ 38.79472, 7.86567, 0.0 ], [ 38.79559, 7.86567, 0.0 ], [ 38.79663, 7.86559, 0.0 ], [ 38.7975, 7.86516, 0.0 ], [ 38.79794, 7.8643, 0.0 ], [ 38.79846, 7.86362, 0.0 ], [ 38.79864, 7.86267, 0.0 ], [ 38.79933, 7.86233, 0.0 ], [ 38.80029, 7.86207, 0.0 ], [ 38.80098, 7.86173, 0.0 ], [ 38.80176, 7.86156, 0.0 ], [ 38.80254, 7.86138, 0.0 ], [ 38.80331, 7.86164, 0.0 ], [ 38.8041, 7.86147, 0.0 ], [ 38.80496, 7.8619, 0.0 ], [ 38.80592, 7.86207, 0.0 ], [ 38.80679, 7.86208, 0.0 ], [ 38.80757, 7.86191, 0.0 ], [ 38.80844, 7.86192, 0.0 ], [ 38.80896, 7.86252, 0.0 ], [ 38.80965, 7.86303, 0.0 ], [ 38.81043, 7.86329, 0.0 ], [ 38.81139, 7.86346, 0.0 ], [ 38.81347, 7.86329, 0.0 ], [ 38.81382, 7.86269, 0.0 ], [ 38.81382, 7.8614, 0.0 ], [ 38.81408, 7.86063, 0.0 ], [ 38.81435, 7.85986, 0.0 ], [ 38.814, 7.85917, 0.0 ], [ 38.81392, 7.85857, 0.0 ], [ 38.81461, 7.85822, 0.0 ], [ 38.81548, 7.85823, 0.0 ], [ 38.81652, 7.85771, 0.0 ], [ 38.81739, 7.85772, 0.0 ], [ 38.81826, 7.85772, 0.0 ], [ 38.81895, 7.85737, 0.0 ], [ 38.81965, 7.85703, 0.0 ], [ 38.82052, 7.8566, 0.0 ], [ 38.82139, 7.85618, 0.0 ], [ 38.82226, 7.85576, 0.0 ], [ 38.82305, 7.85559, 0.0 ], [ 38.824, 7.85534, 0.0 ], [ 38.82496, 7.85508, 0.0 ], [ 38.82557, 7.855, 0.0 ], [ 38.82652, 7.85474, 0.0 ], [ 38.82739, 7.85474, 0.0 ], [ 38.82826, 7.85475, 0.0 ], [ 38.82887, 7.85509, 0.0 ], [ 38.82947, 7.85544, 0.0 ], [ 38.83025, 7.85569, 0.0 ], [ 38.83112, 7.8557, 0.0 ], [ 38.83199, 7.85527, 0.0 ], [ 38.83286, 7.85527, 0.0 ], [ 38.83373, 7.85528, 0.0 ], [ 38.83459, 7.85528, 0.0 ], [ 38.83546, 7.85571, 0.0 ], [ 38.83624, 7.85597, 0.0 ], [ 38.83711, 7.85597, 0.0 ], [ 38.83815, 7.85588, 0.0 ], [ 38.83884, 7.85597, 0.0 ], [ 38.83928, 7.85683, 0.0 ], [ 38.84023, 7.85743, 0.0 ], [ 38.8411, 7.857, 0.0 ], [ 38.84327, 7.85744, 0.0 ], [ 38.84335, 7.85761, 0.0 ], [ 38.84413, 7.85787, 0.0 ], [ 38.84492, 7.8577, 0.0 ], [ 38.84578, 7.8577, 0.0 ], [ 38.84648, 7.85779, 0.0 ], [ 38.84743, 7.85796, 0.0 ], [ 38.8483, 7.85797, 0.0 ], [ 38.84926, 7.85814, 0.0 ], [ 38.84977, 7.85874, 0.0 ], [ 38.85064, 7.85918, 0.0 ], [ 38.85142, 7.85944, 0.0 ], [ 38.85186, 7.85987, 0.0 ], [ 38.85264, 7.86013, 0.0 ], [ 38.85333, 7.86064, 0.0 ], [ 38.85402, 7.86116, 0.0 ], [ 38.85472, 7.86167, 0.0 ], [ 38.85549, 7.86236, 0.0 ], [ 38.8561, 7.8627, 0.0 ], [ 38.85671, 7.86305, 0.0 ], [ 38.85749, 7.86331, 0.0 ], [ 38.85818, 7.86383, 0.0 ], [ 38.85853, 7.86452, 0.0 ], [ 38.85914, 7.86529, 0.0 ], [ 38.85948, 7.86598, 0.0 ], [ 38.85991, 7.86684, 0.0 ], [ 38.86043, 7.86787, 0.0 ], [ 38.86086, 7.86874, 0.0 ], [ 38.86138, 7.86977, 0.0 ], [ 38.86147, 7.87037, 0.0 ], [ 38.86216, 7.87175, 0.0 ], [ 38.86216, 7.87218, 0.0 ], [ 38.86259, 7.87348, 0.0 ], [ 38.86268, 7.87451, 0.0 ], [ 38.86241, 7.87528, 0.0 ], [ 38.86284, 7.877, 0.0 ], [ 38.86345, 7.87821, 0.0 ], [ 38.8644, 7.88011, 0.0 ], [ 38.86414, 7.88088, 0.0 ], [ 38.86353, 7.88139, 0.0 ], [ 38.86327, 7.88217, 0.0 ], [ 38.86396, 7.88268, 0.0 ], [ 38.86491, 7.88286, 0.0 ], [ 38.86552, 7.88363, 0.0 ], [ 38.86526, 7.88483, 0.0 ], [ 38.865, 7.8856, 0.0 ], [ 38.8656, 7.88637, 0.0 ], [ 38.86603, 7.88681, 0.0 ], [ 38.86638, 7.8875, 0.0 ], [ 38.86673, 7.88819, 0.0 ], [ 38.86716, 7.88906, 0.0 ], [ 38.86768, 7.89009, 0.0 ], [ 38.86776, 7.89112, 0.0 ], [ 38.86785, 7.89172, 0.0 ], [ 38.86645, 7.89414, 0.0 ], [ 38.86619, 7.89448, 0.0 ], [ 38.86584, 7.89594, 0.0 ], [ 38.86619, 7.89706, 0.0 ], [ 38.8674, 7.89861, 0.0 ], [ 38.86705, 7.89878, 0.0 ], [ 38.86653, 7.89946, 0.0 ], [ 38.86592, 7.89997, 0.0 ], [ 38.86523, 7.90031, 0.0 ], [ 38.86496, 7.90108, 0.0 ], [ 38.86548, 7.90168, 0.0 ], [ 38.86583, 7.90237, 0.0 ], [ 38.86565, 7.90331, 0.0 ], [ 38.86609, 7.90375, 0.0 ], [ 38.86696, 7.90332, 0.0 ], [ 38.86713, 7.90237, 0.0 ], [ 38.86765, 7.90169, 0.0 ], [ 38.86826, 7.90118, 0.0 ], [ 38.86878, 7.90049, 0.0 ], [ 38.86939, 7.89998, 0.0 ], [ 38.87008, 7.90008, 0.0 ], [ 38.87095, 7.90052, 0.0 ], [ 38.87155, 7.90129, 0.0 ], [ 38.8719, 7.90199, 0.0 ], [ 38.87268, 7.90225, 0.0 ], [ 38.87293, 7.9032, 0.0 ], [ 38.87285, 7.90388, 0.0 ], [ 38.8725, 7.90533, 0.0 ], [ 38.87241, 7.90602, 0.0 ], [ 38.87241, 7.90645, 0.0 ], [ 38.87319, 7.90671, 0.0 ], [ 38.87405, 7.90715, 0.0 ], [ 38.87387, 7.90809, 0.0 ], [ 38.87396, 7.90869, 0.0 ], [ 38.87431, 7.90937, 0.0 ], [ 38.87466, 7.91005, 0.0 ], [ 38.87466, 7.9109, 0.0 ], [ 38.8751, 7.91176, 0.0 ], [ 38.87527, 7.91254, 0.0 ], [ 38.87561, 7.91323, 0.0 ], [ 38.87605, 7.91409, 0.0 ], [ 38.87656, 7.91469, 0.0 ], [ 38.87708, 7.9153, 0.0 ], [ 38.87786, 7.91556, 0.0 ], [ 38.87838, 7.91616, 0.0 ], [ 38.87838, 7.91702, 0.0 ], [ 38.87855, 7.91779, 0.0 ], [ 38.87846, 7.91848, 0.0 ], [ 38.87889, 7.91934, 0.0 ], [ 38.87924, 7.92003, 0.0 ], [ 38.87967, 7.92089, 0.0 ], [ 38.87984, 7.92166, 0.0 ], [ 38.87984, 7.92252, 0.0 ], [ 38.87967, 7.92347, 0.0 ], [ 38.87915, 7.92458, 0.0 ], [ 38.87914, 7.92501, 0.0 ], [ 38.87845, 7.92664, 0.0 ], [ 38.87828, 7.92759, 0.0 ], [ 38.87836, 7.92819, 0.0 ], [ 38.87941, 7.92996, 0.0 ], [ 38.87915, 7.93072, 0.0 ], [ 38.87949, 7.93141, 0.0 ], [ 38.88001, 7.93201, 0.0 ], [ 38.88053, 7.93261, 0.0 ], [ 38.8814, 7.93305, 0.0 ], [ 38.88175, 7.93374, 0.0 ], [ 38.88175, 7.9346, 0.0 ], [ 38.88192, 7.93538, 0.0 ], [ 38.88253, 7.93616, 0.0 ], [ 38.88305, 7.93676, 0.0 ], [ 38.88357, 7.93737, 0.0 ], [ 38.88409, 7.93841, 0.0 ], [ 38.88452, 7.93927, 0.0 ], [ 38.88486, 7.94039, 0.0 ], [ 38.88503, 7.94159, 0.0 ], [ 38.88495, 7.94228, 0.0 ], [ 38.88503, 7.94331, 0.0 ], [ 38.88451, 7.94399, 0.0 ], [ 38.88407, 7.94484, 0.0 ], [ 38.88424, 7.94561, 0.0 ], [ 38.8845, 7.94655, 0.0 ], [ 38.88493, 7.9474, 0.0 ], [ 38.88484, 7.9481, 0.0 ], [ 38.88484, 7.94896, 0.0 ], [ 38.88501, 7.94974, 0.0 ], [ 38.88553, 7.95035, 0.0 ], [ 38.88683, 7.95164, 0.0 ], [ 38.88753, 7.95216, 0.0 ], [ 38.88831, 7.95242, 0.0 ], [ 38.88918, 7.95285, 0.0 ], [ 38.88996, 7.95354, 0.0 ], [ 38.89056, 7.95432, 0.0 ], [ 38.89091, 7.955, 0.0 ], [ 38.89108, 7.95578, 0.0 ], [ 38.89056, 7.95646, 0.0 ], [ 38.88977, 7.95706, 0.0 ], [ 38.89012, 7.95774, 0.0 ], [ 38.89046, 7.95843, 0.0 ], [ 38.89168, 7.95912, 0.0 ], [ 38.89229, 7.95904, 0.0 ], [ 38.89298, 7.9587, 0.0 ], [ 38.89385, 7.95913, 0.0 ], [ 38.89446, 7.95991, 0.0 ], [ 38.89515, 7.96043, 0.0 ], [ 38.89593, 7.96197, 0.0 ], [ 38.89628, 7.9618, 0.0 ], [ 38.89715, 7.96181, 0.0 ], [ 38.89801, 7.96181, 0.0 ], [ 38.89897, 7.96199, 0.0 ], [ 38.89966, 7.96251, 0.0 ], [ 38.9001, 7.96294, 0.0 ], [ 38.90079, 7.96303, 0.0 ], [ 38.90166, 7.96346, 0.0 ], [ 38.90218, 7.96407, 0.0 ], [ 38.90218, 7.96492, 0.0 ], [ 38.90235, 7.96569, 0.0 ], [ 38.9033, 7.9663, 0.0 ], [ 38.90399, 7.96681, 0.0 ], [ 38.90486, 7.96638, 0.0 ], [ 38.90539, 7.96613, 0.0 ], [ 38.90478, 7.96664, 0.0 ], [ 38.90451, 7.96741, 0.0 ], [ 38.90521, 7.96793, 0.0 ], [ 38.90599, 7.96819, 0.0 ], [ 38.90668, 7.96827, 0.0 ], [ 38.90764, 7.96845, 0.0 ], [ 38.90842, 7.96828, 0.0 ], [ 38.9092, 7.96811, 0.0 ], [ 38.91007, 7.96812, 0.0 ], [ 38.91094, 7.96855, 0.0 ], [ 38.91154, 7.96889, 0.0 ], [ 38.91232, 7.96915, 0.0 ], [ 38.91328, 7.96933, 0.0 ], [ 38.91406, 7.96959, 0.0 ], [ 38.91467, 7.97036, 0.0 ], [ 38.91545, 7.97062, 0.0 ], [ 38.91623, 7.97046, 0.0 ], [ 38.91735, 7.97141, 0.0 ], [ 38.91805, 7.97192, 0.0 ], [ 38.91848, 7.97278, 0.0 ], [ 38.91926, 7.97261, 0.0 ], [ 38.9203, 7.97296, 0.0 ], [ 38.92056, 7.97348, 0.0 ], [ 38.92091, 7.97416, 0.0 ], [ 38.92125, 7.97485, 0.0 ], [ 38.92203, 7.97554, 0.0 ], [ 38.92238, 7.97623, 0.0 ], [ 38.92281, 7.97709, 0.0 ], [ 38.92324, 7.97795, 0.0 ], [ 38.92307, 7.97889, 0.0 ], [ 38.92324, 7.97967, 0.0 ], [ 38.92359, 7.98036, 0.0 ], [ 38.92428, 7.98088, 0.0 ], [ 38.92514, 7.98088, 0.0 ], [ 38.92584, 7.9814, 0.0 ], [ 38.92618, 7.98209, 0.0 ], [ 38.92635, 7.98286, 0.0 ], [ 38.92653, 7.98364, 0.0 ], [ 38.92705, 7.98424, 0.0 ], [ 38.92774, 7.98476, 0.0 ], [ 38.92826, 7.98536, 0.0 ], [ 38.92869, 7.98622, 0.0 ], [ 38.92895, 7.98673, 0.0 ], [ 38.9293, 7.98742, 0.0 ], [ 38.92956, 7.98836, 0.0 ], [ 38.92948, 7.98904, 0.0 ], [ 38.92991, 7.9899, 0.0 ], [ 38.93043, 7.99051, 0.0 ], [ 38.93104, 7.99128, 0.0 ], [ 38.93173, 7.9918, 0.0 ], [ 38.93242, 7.99232, 0.0 ], [ 38.93329, 7.99275, 0.0 ], [ 38.9339, 7.99309, 0.0 ], [ 38.93459, 7.99361, 0.0 ], [ 38.93494, 7.9943, 0.0 ], [ 38.93511, 7.99507, 0.0 ], [ 38.93493, 7.99602, 0.0 ], [ 38.93459, 7.99662, 0.0 ], [ 38.93441, 7.99756, 0.0 ], [ 38.93424, 7.99937, 0.0 ], [ 38.93441, 7.99971, 0.0 ], [ 38.93475, 8.0004, 0.0 ], [ 38.93475, 8.00126, 0.0 ], [ 38.93475, 8.00212, 0.0 ], [ 38.93492, 8.0029, 0.0 ], [ 38.93509, 8.00367, 0.0 ], [ 38.93527, 8.00445, 0.0 ], [ 38.93527, 8.0053, 0.0 ], [ 38.93569, 8.00617, 0.0 ], [ 38.93604, 8.00686, 0.0 ], [ 38.93647, 8.00772, 0.0 ], [ 38.93665, 8.00849, 0.0 ], [ 38.93699, 8.00918, 0.0 ], [ 38.93717, 8.00995, 0.0 ], [ 38.93751, 8.01107, 0.0 ], [ 38.93716, 8.01167, 0.0 ], [ 38.9369, 8.01288, 0.0 ], [ 38.9369, 8.01374, 0.0 ], [ 38.9369, 8.01459, 0.0 ], [ 38.93663, 8.0158, 0.0 ], [ 38.93629, 8.01683, 0.0 ], [ 38.93594, 8.01743, 0.0 ], [ 38.93594, 8.01829, 0.0 ], [ 38.93602, 8.01932, 0.0 ], [ 38.9361, 8.02036, 0.0 ], [ 38.93618, 8.02096, 0.0 ], [ 38.93609, 8.02208, 0.0 ], [ 38.93592, 8.02259, 0.0 ], [ 38.93549, 8.02345, 0.0 ], [ 38.93522, 8.02422, 0.0 ], [ 38.93505, 8.02517, 0.0 ], [ 38.9353, 8.02611, 0.0 ], [ 38.93539, 8.02715, 0.0 ], [ 38.93504, 8.02775, 0.0 ], [ 38.93452, 8.02843, 0.0 ], [ 38.93417, 8.02904, 0.0 ], [ 38.93417, 8.02989, 0.0 ], [ 38.934, 8.03084, 0.0 ], [ 38.93347, 8.03153, 0.0 ], [ 38.93313, 8.03213, 0.0 ], [ 38.93321, 8.03402, 0.0 ], [ 38.93295, 8.03479, 0.0 ], [ 38.93217, 8.03496, 0.0 ], [ 38.9313, 8.03496, 0.0 ], [ 38.9306, 8.03487, 0.0 ], [ 38.93, 8.03539, 0.0 ], [ 38.92947, 8.03608, 0.0 ], [ 38.92895, 8.03676, 0.0 ], [ 38.92817, 8.03736, 0.0 ], [ 38.92764, 8.03762, 0.0 ], [ 38.92695, 8.03796, 0.0 ], [ 38.92643, 8.03865, 0.0 ], [ 38.92616, 8.03942, 0.0 ], [ 38.9266, 8.04028, 0.0 ], [ 38.92651, 8.04097, 0.0 ], [ 38.92573, 8.04114, 0.0 ], [ 38.92486, 8.04157, 0.0 ], [ 38.92416, 8.04191, 0.0 ], [ 38.92312, 8.04243, 0.0 ], [ 38.92295, 8.04294, 0.0 ], [ 38.92329, 8.04363, 0.0 ], [ 38.92381, 8.04423, 0.0 ], [ 38.92468, 8.04424, 0.0 ], [ 38.92555, 8.04467, 0.0 ], [ 38.92641, 8.0451, 0.0 ], [ 38.9272, 8.04536, 0.0 ], [ 38.92763, 8.04579, 0.0 ], [ 38.9285, 8.04579, 0.0 ], [ 38.92902, 8.0451, 0.0 ], [ 38.93023, 8.04536, 0.0 ], [ 38.93075, 8.04597, 0.0 ], [ 38.93128, 8.04657, 0.0 ], [ 38.9318, 8.04717, 0.0 ], [ 38.9324, 8.04752, 0.0 ], [ 38.9331, 8.04803, 0.0 ], [ 38.93387, 8.04829, 0.0 ], [ 38.93439, 8.0489, 0.0 ], [ 38.93509, 8.04941, 0.0 ], [ 38.93561, 8.05002, 0.0 ], [ 38.93613, 8.05062, 0.0 ], [ 38.93665, 8.05122, 0.0 ], [ 38.937, 8.05191, 0.0 ], [ 38.93735, 8.0526, 0.0 ], [ 38.93787, 8.0532, 0.0 ], [ 38.93856, 8.05372, 0.0 ], [ 38.93934, 8.05398, 0.0 ], [ 38.94012, 8.05467, 0.0 ], [ 38.94047, 8.05536, 0.0 ], [ 38.9409, 8.05622, 0.0 ], [ 38.94133, 8.05708, 0.0 ], [ 38.94107, 8.05785, 0.0 ], [ 38.94107, 8.05871, 0.0 ], [ 38.9415, 8.05957, 0.0 ], [ 38.94193, 8.06043, 0.0 ], [ 38.94237, 8.0613, 0.0 ], [ 38.94254, 8.06207, 0.0 ], [ 38.94228, 8.06284, 0.0 ], [ 38.94201, 8.06362, 0.0 ], [ 38.94132, 8.06396, 0.0 ], [ 38.94063, 8.06431, 0.0 ], [ 38.94063, 8.06516, 0.0 ], [ 38.94071, 8.0662, 0.0 ], [ 38.9408, 8.0668, 0.0 ], [ 38.94079, 8.06766, 0.0 ], [ 38.93958, 8.06912, 0.0 ], [ 38.93923, 8.06929, 0.0 ], [ 38.93853, 8.06963, 0.0 ], [ 38.93827, 8.07084, 0.0 ], [ 38.93775, 8.07152, 0.0 ], [ 38.93757, 8.07247, 0.0 ], [ 38.93722, 8.07307, 0.0 ], [ 38.93679, 8.07393, 0.0 ], [ 38.93635, 8.07479, 0.0 ], [ 38.93626, 8.07548, 0.0 ], [ 38.93661, 8.07617, 0.0 ], [ 38.93678, 8.07694, 0.0 ], [ 38.9367, 8.07763, 0.0 ], [ 38.93617, 8.07832, 0.0 ], [ 38.936, 8.07926, 0.0 ], [ 38.93573, 8.08004, 0.0 ], [ 38.93608, 8.08072, 0.0 ], [ 38.93686, 8.08098, 0.0 ], [ 38.93756, 8.0815, 0.0 ], [ 38.93825, 8.08202, 0.0 ], [ 38.93912, 8.08245, 0.0 ], [ 38.93999, 8.08289, 0.0 ], [ 38.94034, 8.08358, 0.0 ], [ 38.94086, 8.08418, 0.0 ], [ 38.94164, 8.08444, 0.0 ], [ 38.94242, 8.08469, 0.0 ], [ 38.94337, 8.08486, 0.0 ], [ 38.94406, 8.08538, 0.0 ], [ 38.9445, 8.08624, 0.0 ], [ 38.94449, 8.0871, 0.0 ], [ 38.94493, 8.08796, 0.0 ], [ 38.94518, 8.08891, 0.0 ], [ 38.9451, 8.09003, 0.0 ], [ 38.94484, 8.0908, 0.0 ], [ 38.94449, 8.09184, 0.0 ], [ 38.94422, 8.09261, 0.0 ], [ 38.94466, 8.09347, 0.0 ], [ 38.94509, 8.09433, 0.0 ], [ 38.94474, 8.09536, 0.0 ], [ 38.94422, 8.09562, 0.0 ], [ 38.94361, 8.09613, 0.0 ], [ 38.94317, 8.09699, 0.0 ], [ 38.94291, 8.09777, 0.0 ], [ 38.94274, 8.09872, 0.0 ], [ 38.94222, 8.09941, 0.0 ], [ 38.94161, 8.09992, 0.0 ], [ 38.94065, 8.10061, 0.0 ], [ 38.94031, 8.10078, 0.0 ], [ 38.94004, 8.10156, 0.0 ], [ 38.93952, 8.10224, 0.0 ], [ 38.939, 8.10292, 0.0 ], [ 38.93839, 8.10344, 0.0 ], [ 38.93761, 8.10405, 0.0 ], [ 38.937, 8.10456, 0.0 ], [ 38.93525, 8.10627, 0.0 ], [ 38.93438, 8.1067, 0.0 ], [ 38.9336, 8.1073, 0.0 ], [ 38.93299, 8.10781, 0.0 ], [ 38.93239, 8.10834, 0.0 ], [ 38.93178, 8.10885, 0.0 ], [ 38.93116, 8.10979, 0.0 ], [ 38.9303, 8.11022, 0.0 ], [ 38.92943, 8.11065, 0.0 ], [ 38.92873, 8.111, 0.0 ], [ 38.92804, 8.11134, 0.0 ], [ 38.92734, 8.11168, 0.0 ], [ 38.92656, 8.11185, 0.0 ], [ 38.92551, 8.11237, 0.0 ], [ 38.92473, 8.11254, 0.0 ], [ 38.92421, 8.11279, 0.0 ], [ 38.92299, 8.11296, 0.0 ], [ 38.92212, 8.11296, 0.0 ], [ 38.92134, 8.1127, 0.0 ], [ 38.92056, 8.11243, 0.0 ], [ 38.92039, 8.11166, 0.0 ], [ 38.91943, 8.11105, 0.0 ], [ 38.9183, 8.1101, 0.0 ], [ 38.91622, 8.10941, 0.0 ], [ 38.91613, 8.10924, 0.0 ], [ 38.91518, 8.10906, 0.0 ], [ 38.9144, 8.10923, 0.0 ], [ 38.9137, 8.10957, 0.0 ], [ 38.91283, 8.10957, 0.0 ], [ 38.91214, 8.10949, 0.0 ], [ 38.91127, 8.10907, 0.0 ], [ 38.91066, 8.10872, 0.0 ], [ 38.90971, 8.10854, 0.0 ], [ 38.90953, 8.10777, 0.0 ], [ 38.90945, 8.10673, 0.0 ], [ 38.90824, 8.10517, 0.0 ], [ 38.90789, 8.10534, 0.0 ], [ 38.90702, 8.10491, 0.0 ], [ 38.90659, 8.10405, 0.0 ], [ 38.90607, 8.10345, 0.0 ], [ 38.90537, 8.10293, 0.0 ], [ 38.90477, 8.10258, 0.0 ], [ 38.9039, 8.10215, 0.0 ], [ 38.9032, 8.10163, 0.0 ], [ 38.90286, 8.10095, 0.0 ], [ 38.90286, 8.10008, 0.0 ], [ 38.90286, 8.09922, 0.0 ], [ 38.90269, 8.09845, 0.0 ], [ 38.90304, 8.09656, 0.0 ], [ 38.90313, 8.0963, 0.0 ], [ 38.90365, 8.09561, 0.0 ], [ 38.90365, 8.09476, 0.0 ], [ 38.90313, 8.09415, 0.0 ], [ 38.90261, 8.09355, 0.0 ], [ 38.90183, 8.09329, 0.0 ], [ 38.90114, 8.09277, 0.0 ], [ 38.90071, 8.09191, 0.0 ], [ 38.90019, 8.09088, 0.0 ], [ 38.89975, 8.09002, 0.0 ], [ 38.89932, 8.08916, 0.0 ], [ 38.89872, 8.08752, 0.0 ], [ 38.89889, 8.08744, 0.0 ], [ 38.89915, 8.08667, 0.0 ], [ 38.89898, 8.08589, 0.0 ], [ 38.89855, 8.08503, 0.0 ], [ 38.89812, 8.08417, 0.0 ], [ 38.89733, 8.08391, 0.0 ], [ 38.89664, 8.0834, 0.0 ], [ 38.89612, 8.08279, 0.0 ], [ 38.89551, 8.08202, 0.0 ], [ 38.89517, 8.08133, 0.0 ], [ 38.89473, 8.08047, 0.0 ], [ 38.89448, 8.07996, 0.0 ], [ 38.89413, 8.07927, 0.0 ], [ 38.89378, 8.07858, 0.0 ], [ 38.89283, 8.07798, 0.0 ], [ 38.89162, 8.076, 0.0 ], [ 38.89144, 8.07608, 0.0 ], [ 38.89049, 8.07591, 0.0 ], [ 38.88988, 8.07556, 0.0 ], [ 38.88936, 8.07496, 0.0 ], [ 38.88875, 8.07461, 0.0 ], [ 38.88806, 8.0741, 0.0 ], [ 38.88737, 8.07358, 0.0 ], [ 38.88667, 8.07306, 0.0 ], [ 38.88615, 8.07246, 0.0 ], [ 38.88529, 8.07159, 0.0 ], [ 38.88451, 8.0709, 0.0 ], [ 38.88399, 8.0703, 0.0 ], [ 38.8832, 8.06961, 0.0 ], [ 38.88251, 8.0691, 0.0 ], [ 38.88173, 8.06927, 0.0 ], [ 38.88103, 8.06875, 0.0 ], [ 38.88069, 8.06806, 0.0 ], [ 38.87991, 8.06737, 0.0 ], [ 38.87965, 8.06685, 0.0 ], [ 38.8793, 8.06617, 0.0 ], [ 38.87896, 8.06548, 0.0 ], [ 38.87835, 8.06513, 0.0 ], [ 38.87765, 8.06462, 0.0 ], [ 38.87743, 8.06243, 0.0 ], [ 38.87709, 8.0626, 0.0 ], [ 38.8763, 8.0632, 0.0 ], [ 38.87578, 8.06346, 0.0 ], [ 38.87491, 8.06389, 0.0 ], [ 38.87387, 8.0644, 0.0 ], [ 38.87309, 8.06457, 0.0 ], [ 38.87239, 8.06406, 0.0 ], [ 38.87178, 8.06371, 0.0 ], [ 38.87092, 8.06328, 0.0 ], [ 38.87022, 8.06276, 0.0 ], [ 38.86961, 8.06242, 0.0 ], [ 38.86701, 8.06069, 0.0 ], [ 38.86649, 8.06009, 0.0 ], [ 38.86588, 8.05931, 0.0 ], [ 38.86536, 8.05871, 0.0 ], [ 38.8645, 8.05828, 0.0 ], [ 38.86371, 8.05802, 0.0 ], [ 38.86293, 8.05776, 0.0 ], [ 38.86215, 8.05707, 0.0 ], [ 38.86007, 8.05595, 0.0 ], [ 38.8599, 8.05603, 0.0 ], [ 38.8592, 8.05551, 0.0 ], [ 38.85833, 8.05508, 0.0 ], [ 38.85747, 8.05465, 0.0 ], [ 38.85651, 8.05491, 0.0 ], [ 38.85581, 8.05525, 0.0 ], [ 38.85495, 8.05525, 0.0 ], [ 38.85416, 8.05542, 0.0 ], [ 38.85242, 8.0567, 0.0 ], [ 38.85208, 8.05731, 0.0 ], [ 38.85199, 8.05799, 0.0 ], [ 38.85199, 8.05885, 0.0 ], [ 38.85216, 8.05963, 0.0 ], [ 38.85233, 8.0604, 0.0 ], [ 38.85189, 8.06126, 0.0 ], [ 38.85172, 8.06221, 0.0 ], [ 38.85137, 8.06281, 0.0 ], [ 38.85119, 8.06375, 0.0 ], [ 38.85084, 8.06478, 0.0 ], [ 38.85049, 8.06539, 0.0 ], [ 38.8498, 8.06616, 0.0 ], [ 38.8491, 8.0665, 0.0 ], [ 38.84832, 8.06667, 0.0 ], [ 38.84736, 8.06693, 0.0 ], [ 38.84658, 8.0671, 0.0 ], [ 38.84579, 8.06726, 0.0 ], [ 38.84501, 8.06743, 0.0 ], [ 38.84415, 8.06743, 0.0 ], [ 38.84345, 8.06692, 0.0 ], [ 38.84258, 8.06648, 0.0 ], [ 38.84198, 8.06614, 0.0 ], [ 38.84111, 8.06571, 0.0 ], [ 38.84068, 8.06571, 0.0 ], [ 38.84085, 8.06648, 0.0 ], [ 38.84059, 8.06726, 0.0 ], [ 38.84015, 8.06811, 0.0 ], [ 38.83928, 8.06854, 0.0 ], [ 38.83815, 8.06888, 0.0 ], [ 38.83772, 8.06888, 0.0 ], [ 38.83693, 8.06905, 0.0 ], [ 38.83667, 8.06983, 0.0 ], [ 38.83562, 8.07163, 0.0 ], [ 38.83554, 8.07232, 0.0 ], [ 38.83597, 8.07318, 0.0 ], [ 38.83571, 8.07395, 0.0 ], [ 38.8351, 8.07446, 0.0 ], [ 38.83449, 8.07498, 0.0 ], [ 38.83362, 8.07541, 0.0 ], [ 38.83275, 8.07584, 0.0 ], [ 38.83188, 8.07626, 0.0 ], [ 38.8311, 8.07601, 0.0 ], [ 38.83023, 8.076, 0.0 ], [ 38.82962, 8.07652, 0.0 ], [ 38.82997, 8.07721, 0.0 ], [ 38.83058, 8.07755, 0.0 ], [ 38.83153, 8.07773, 0.0 ], [ 38.83205, 8.07833, 0.0 ], [ 38.83205, 8.07919, 0.0 ], [ 38.83222, 8.07996, 0.0 ], [ 38.83213, 8.08065, 0.0 ], [ 38.83213, 8.08151, 0.0 ], [ 38.83213, 8.08237, 0.0 ], [ 38.83187, 8.08315, 0.0 ], [ 38.83169, 8.08409, 0.0 ], [ 38.83212, 8.08495, 0.0 ], [ 38.83212, 8.08581, 0.0 ], [ 38.8316, 8.08649, 0.0 ], [ 38.83055, 8.08701, 0.0 ], [ 38.82968, 8.08744, 0.0 ], [ 38.82908, 8.08795, 0.0 ], [ 38.82838, 8.08872, 0.0 ], [ 38.82768, 8.08907, 0.0 ], [ 38.82725, 8.0895, 0.0 ], [ 38.82664, 8.09001, 0.0 ], [ 38.82525, 8.09155, 0.0 ], [ 38.82481, 8.09198, 0.0 ], [ 38.82429, 8.09267, 0.0 ], [ 38.82377, 8.09336, 0.0 ], [ 38.82272, 8.09387, 0.0 ], [ 38.8222, 8.09413, 0.0 ], [ 38.82151, 8.09447, 0.0 ], [ 38.82081, 8.09482, 0.0 ], [ 38.82012, 8.09516, 0.0 ], [ 38.81942, 8.0955, 0.0 ], [ 38.81855, 8.09593, 0.0 ], [ 38.81794, 8.09645, 0.0 ], [ 38.81725, 8.09722, 0.0 ], [ 38.81681, 8.09765, 0.0 ], [ 38.8162, 8.09817, 0.0 ], [ 38.81559, 8.09868, 0.0 ], [ 38.81481, 8.09928, 0.0 ], [ 38.81411, 8.09962, 0.0 ], [ 38.81342, 8.09997, 0.0 ], [ 38.81272, 8.10031, 0.0 ], [ 38.81081, 8.10082, 0.0 ], [ 38.81064, 8.10091, 0.0 ], [ 38.80994, 8.10125, 0.0 ], [ 38.8089, 8.1009, 0.0 ], [ 38.80838, 8.10073, 0.0 ], [ 38.80733, 8.10125, 0.0 ], [ 38.80646, 8.10167, 0.0 ], [ 38.80559, 8.1021, 0.0 ], [ 38.80472, 8.10253, 0.0 ], [ 38.80368, 8.10304, 0.0 ], [ 38.80316, 8.10329, 0.0 ], [ 38.80229, 8.10329, 0.0 ], [ 38.80142, 8.10329, 0.0 ], [ 38.80073, 8.10363, 0.0 ], [ 38.80012, 8.10415, 0.0 ], [ 38.79959, 8.10484, 0.0 ], [ 38.7989, 8.10518, 0.0 ], [ 38.79803, 8.10561, 0.0 ], [ 38.79716, 8.10561, 0.0 ], [ 38.79673, 8.10475, 0.0 ], [ 38.7963, 8.10388, 0.0 ], [ 38.79586, 8.10302, 0.0 ], [ 38.79543, 8.10216, 0.0 ], [ 38.79482, 8.10182, 0.0 ], [ 38.79404, 8.10156, 0.0 ], [ 38.79317, 8.10112, 0.0 ], [ 38.79239, 8.10086, 0.0 ], [ 38.79153, 8.10043, 0.0 ], [ 38.79109, 8.09957, 0.0 ], [ 38.79075, 8.09888, 0.0 ], [ 38.79005, 8.09837, 0.0 ], [ 38.78919, 8.09793, 0.0 ], [ 38.78849, 8.09785, 0.0 ], [ 38.78847, 8.09605, 0.0 ], [ 38.78838, 8.09588, 0.0 ], [ 38.7876, 8.09562, 0.0 ], [ 38.78664, 8.09544, 0.0 ], [ 38.78586, 8.09518, 0.0 ], [ 38.78517, 8.09466, 0.0 ], [ 38.78465, 8.09405, 0.0 ], [ 38.7843, 8.09336, 0.0 ], [ 38.78395, 8.09267, 0.0 ], [ 38.78361, 8.09198, 0.0 ], [ 38.78317, 8.09111, 0.0 ], [ 38.78274, 8.09068, 0.0 ], [ 38.78187, 8.09067, 0.0 ], [ 38.78118, 8.09016, 0.0 ], [ 38.77953, 8.08731, 0.0 ], [ 38.77936, 8.08697, 0.0 ], [ 38.77902, 8.08628, 0.0 ], [ 38.77867, 8.08559, 0.0 ], [ 38.7785, 8.08482, 0.0 ], [ 38.77833, 8.08404, 0.0 ], [ 38.77807, 8.0831, 0.0 ], [ 38.77859, 8.08241, 0.0 ], [ 38.77929, 8.08207, 0.0 ], [ 38.78015, 8.08207, 0.0 ], [ 38.78102, 8.08164, 0.0 ], [ 38.78163, 8.08113, 0.0 ], [ 38.78207, 8.08027, 0.0 ], [ 38.78242, 8.07967, 0.0 ], [ 38.78338, 8.07985, 0.0 ], [ 38.78433, 8.07959, 0.0 ], [ 38.78485, 8.0789, 0.0 ], [ 38.78538, 8.07822, 0.0 ], [ 38.78529, 8.07761, 0.0 ], [ 38.78468, 8.0777, 0.0 ], [ 38.78295, 8.07726, 0.0 ], [ 38.78251, 8.07726, 0.0 ], [ 38.78164, 8.07769, 0.0 ], [ 38.78095, 8.07803, 0.0 ], [ 38.78025, 8.07794, 0.0 ], [ 38.77938, 8.07794, 0.0 ], [ 38.77843, 8.07777, 0.0 ], [ 38.77738, 8.07785, 0.0 ], [ 38.77669, 8.07819, 0.0 ], [ 38.77617, 8.07845, 0.0 ], [ 38.77564, 8.07914, 0.0 ], [ 38.77556, 8.07983, 0.0 ], [ 38.77495, 8.08034, 0.0 ], [ 38.77408, 8.07991, 0.0 ], [ 38.77373, 8.07922, 0.0 ], [ 38.77382, 8.07853, 0.0 ], [ 38.774, 8.07759, 0.0 ], [ 38.774, 8.07672, 0.0 ], [ 38.77365, 8.07604, 0.0 ], [ 38.77331, 8.07535, 0.0 ], [ 38.77253, 8.07509, 0.0 ], [ 38.77183, 8.075, 0.0 ], [ 38.77114, 8.07448, 0.0 ], [ 38.76966, 8.07327, 0.0 ], [ 38.76914, 8.07224, 0.0 ], [ 38.76984, 8.0719, 0.0 ], [ 38.76984, 8.07017, 0.0 ], [ 38.76993, 8.06992, 0.0 ], [ 38.77054, 8.0694, 0.0 ], [ 38.77011, 8.06854, 0.0 ], [ 38.77028, 8.06759, 0.0 ], [ 38.77081, 8.0669, 0.0 ], [ 38.77124, 8.06605, 0.0 ], [ 38.77125, 8.06519, 0.0 ], [ 38.77107, 8.06441, 0.0 ], [ 38.77108, 8.06355, 0.0 ], [ 38.77151, 8.06269, 0.0 ], [ 38.77151, 8.06183, 0.0 ], [ 38.77152, 8.06097, 0.0 ], [ 38.7716, 8.06029, 0.0 ], [ 38.77178, 8.05934, 0.0 ], [ 38.77204, 8.05857, 0.0 ], [ 38.77187, 8.05779, 0.0 ], [ 38.7717, 8.05702, 0.0 ], [ 38.77196, 8.05624, 0.0 ], [ 38.77136, 8.0546, 0.0 ], [ 38.77179, 8.05417, 0.0 ], [ 38.77231, 8.05349, 0.0 ], [ 38.77258, 8.05228, 0.0 ], [ 38.77232, 8.05177, 0.0 ], [ 38.77163, 8.05125, 0.0 ], [ 38.77145, 8.05048, 0.0 ], [ 38.7712, 8.04953, 0.0 ], [ 38.77059, 8.04918, 0.0 ], [ 38.76972, 8.04918, 0.0 ], [ 38.76894, 8.04935, 0.0 ], [ 38.76816, 8.04909, 0.0 ], [ 38.76729, 8.04909, 0.0 ], [ 38.76642, 8.04909, 0.0 ], [ 38.76546, 8.04934, 0.0 ], [ 38.76486, 8.04943, 0.0 ], [ 38.76425, 8.04908, 0.0 ], [ 38.76329, 8.04848, 0.0 ], [ 38.76208, 8.04693, 0.0 ], [ 38.762, 8.04676, 0.0 ], [ 38.7613, 8.04624, 0.0 ], [ 38.76113, 8.04547, 0.0 ], [ 38.76113, 8.04461, 0.0 ], [ 38.76044, 8.04409, 0.0 ], [ 38.76027, 8.04331, 0.0 ], [ 38.76044, 8.04237, 0.0 ], [ 38.76062, 8.04142, 0.0 ], [ 38.76045, 8.04065, 0.0 ], [ 38.76027, 8.03987, 0.0 ], [ 38.75984, 8.03901, 0.0 ], [ 38.7595, 8.03832, 0.0 ], [ 38.75854, 8.03815, 0.0 ], [ 38.75767, 8.03815, 0.0 ], [ 38.7568, 8.03815, 0.0 ], [ 38.75602, 8.03746, 0.0 ], [ 38.75585, 8.03668, 0.0 ], [ 38.75585, 8.03582, 0.0 ], [ 38.75473, 8.03401, 0.0 ], [ 38.75447, 8.03349, 0.0 ], [ 38.75447, 8.03263, 0.0 ], [ 38.75395, 8.03203, 0.0 ], [ 38.75326, 8.03151, 0.0 ], [ 38.75248, 8.03082, 0.0 ], [ 38.75205, 8.02996, 0.0 ], [ 38.75144, 8.02876, 0.0 ], [ 38.75101, 8.02832, 0.0 ], [ 38.75075, 8.02781, 0.0 ], [ 38.75041, 8.02712, 0.0 ], [ 38.74945, 8.02694, 0.0 ], [ 38.74876, 8.02643, 0.0 ], [ 38.74833, 8.02557, 0.0 ], [ 38.74764, 8.02333, 0.0 ], [ 38.7479, 8.02299, 0.0 ], [ 38.74825, 8.02238, 0.0 ], [ 38.74807, 8.02161, 0.0 ], [ 38.74868, 8.0211, 0.0 ], [ 38.75007, 8.02041, 0.0 ], [ 38.75042, 8.02024, 0.0 ], [ 38.75086, 8.01981, 0.0 ], [ 38.75164, 8.01921, 0.0 ], [ 38.7526, 8.01853, 0.0 ], [ 38.75303, 8.01767, 0.0 ], [ 38.75286, 8.01689, 0.0 ], [ 38.75234, 8.01586, 0.0 ], [ 38.75173, 8.01552, 0.0 ], [ 38.75087, 8.01551, 0.0 ], [ 38.75008, 8.01525, 0.0 ], [ 38.74939, 8.01474, 0.0 ], [ 38.74896, 8.0143, 0.0 ], [ 38.74835, 8.01439, 0.0 ], [ 38.74809, 8.01516, 0.0 ], [ 38.74739, 8.0155, 0.0 ], [ 38.74644, 8.01533, 0.0 ], [ 38.74574, 8.01481, 0.0 ], [ 38.74522, 8.01421, 0.0 ], [ 38.74462, 8.01386, 0.0 ], [ 38.74392, 8.01421, 0.0 ], [ 38.74219, 8.01334, 0.0 ], [ 38.74184, 8.01308, 0.0 ], [ 38.74149, 8.0124, 0.0 ], [ 38.74132, 8.01162, 0.0 ], [ 38.7408, 8.01102, 0.0 ], [ 38.73976, 8.0111, 0.0 ], [ 38.73933, 8.0111, 0.0 ], [ 38.74046, 8.0099, 0.0 ], [ 38.74107, 8.00938, 0.0 ], [ 38.74133, 8.00861, 0.0 ], [ 38.74107, 8.00766, 0.0 ], [ 38.74116, 8.00698, 0.0 ], [ 38.74134, 8.00603, 0.0 ], [ 38.74134, 8.00517, 0.0 ], [ 38.74117, 8.0044, 0.0 ], [ 38.74099, 8.00362, 0.0 ], [ 38.741, 8.00276, 0.0 ], [ 38.74143, 8.0019, 0.0 ], [ 38.74152, 8.00122, 0.0 ], [ 38.74135, 8.00044, 0.0 ], [ 38.74092, 7.99958, 0.0 ], [ 38.73892, 7.9982, 0.0 ], [ 38.73858, 7.99665, 0.0 ], [ 38.73737, 7.99596, 0.0 ], [ 38.73755, 7.99416, 0.0 ], [ 38.73954, 7.99382, 0.0 ], [ 38.7411, 7.99391, 0.0 ], [ 38.74267, 7.99443, 0.0 ], [ 38.74319, 7.99374, 0.0 ], [ 38.7438, 7.99279, 0.0 ], [ 38.74441, 7.99185, 0.0 ], [ 38.74476, 7.99125, 0.0 ], [ 38.74493, 7.9903, 0.0 ], [ 38.74546, 7.98962, 0.0 ], [ 38.7458, 7.98902, 0.0 ], [ 38.74641, 7.98893, 0.0 ], [ 38.74728, 7.98893, 0.0 ], [ 38.74798, 7.98859, 0.0 ], [ 38.74841, 7.98773, 0.0 ], [ 38.74842, 7.98687, 0.0 ], [ 38.74807, 7.98618, 0.0 ], [ 38.74772, 7.98549, 0.0 ], [ 38.74738, 7.98481, 0.0 ], [ 38.7479, 7.98412, 0.0 ], [ 38.74877, 7.98369, 0.0 ], [ 38.74964, 7.98326, 0.0 ], [ 38.74999, 7.98266, 0.0 ], [ 38.75043, 7.98137, 0.0 ], [ 38.7506, 7.98086, 0.0 ], [ 38.74991, 7.98034, 0.0 ], [ 38.74895, 7.98017, 0.0 ], [ 38.74835, 7.97982, 0.0 ], [ 38.74765, 7.9793, 0.0 ], [ 38.74618, 7.97724, 0.0 ], [ 38.74593, 7.97672, 0.0 ], [ 38.74636, 7.97586, 0.0 ], [ 38.74645, 7.97517, 0.0 ], [ 38.74671, 7.9744, 0.0 ], [ 38.74654, 7.97363, 0.0 ], [ 38.74619, 7.97294, 0.0 ], [ 38.74559, 7.97216, 0.0 ], [ 38.74489, 7.97164, 0.0 ], [ 38.74446, 7.97121, 0.0 ], [ 38.74368, 7.97052, 0.0 ], [ 38.7429, 7.97026, 0.0 ], [ 38.74246, 7.9694, 0.0 ], [ 38.74264, 7.96802, 0.0 ], [ 38.74247, 7.96725, 0.0 ], [ 38.74186, 7.96648, 0.0 ], [ 38.74091, 7.9663, 0.0 ], [ 38.74056, 7.96561, 0.0 ], [ 38.74013, 7.96475, 0.0 ], [ 38.73979, 7.96407, 0.0 ], [ 38.73901, 7.96338, 0.0 ], [ 38.73823, 7.96269, 0.0 ], [ 38.73728, 7.96251, 0.0 ], [ 38.73658, 7.96242, 0.0 ], [ 38.7358, 7.96259, 0.0 ], [ 38.73493, 7.96259, 0.0 ], [ 38.73414, 7.96233, 0.0 ], [ 38.73336, 7.96207, 0.0 ], [ 38.73223, 7.96198, 0.0 ], [ 38.73189, 7.96129, 0.0 ], [ 38.73189, 7.96043, 0.0 ], [ 38.73181, 7.9594, 0.0 ], [ 38.7312, 7.95905, 0.0 ], [ 38.73024, 7.95888, 0.0 ], [ 38.72956, 7.95837, 0.0 ], [ 38.72921, 7.95768, 0.0 ], [ 38.72825, 7.95636, 0.0 ] ] ] } },
{ "type": "Feature", "properties": { "waterbody": "Lake Langano" }, "geometry": { "type": "Polygon", "coordinates": [ [ [ 38.71788, 7.67982, 0.0 ], [ 38.71683, 7.67933, 0.0 ], [ 38.71595, 7.67857, 0.0 ], [ 38.71568, 7.67808, 0.0 ], [ 38.7155, 7.67776, 0.0 ], [ 38.71523, 7.67728, 0.0 ], [ 38.71496, 7.67697, 0.0 ], [ 38.71488, 7.67689, 0.0 ], [ 38.71461, 7.67658, 0.0 ], [ 38.71436, 7.67653, 0.0 ], [ 38.71401, 7.67614, 0.0 ], [ 38.71375, 7.67591, 0.0 ], [ 38.7134, 7.6757, 0.0 ], [ 38.71297, 7.67549, 0.0 ], [ 38.71271, 7.67501, 0.0 ], [ 38.71226, 7.67479, 0.0 ], [ 38.71182, 7.67448, 0.0 ], [ 38.71164, 7.67423, 0.0 ], [ 38.71127, 7.67356, 0.0 ], [ 38.71099, 7.67297, 0.0 ], [ 38.71081, 7.67273, 0.0 ], [ 38.71062, 7.67239, 0.0 ], [ 38.71044, 7.67206, 0.0 ], [ 38.71034, 7.67172, 0.0 ], [ 38.71024, 7.67138, 0.0 ], [ 38.71006, 7.67105, 0.0 ], [ 38.71005, 7.6707, 0.0 ], [ 38.71003, 7.67027, 0.0 ], [ 38.71011, 7.66991, 0.0 ], [ 38.71018, 7.66955, 0.0 ], [ 38.71026, 7.6692, 0.0 ], [ 38.71033, 7.66885, 0.0 ], [ 38.71031, 7.66841, 0.0 ], [ 38.7103, 7.66807, 0.0 ], [ 38.71029, 7.66755, 0.0 ], [ 38.71027, 7.66721, 0.0 ], [ 38.71008, 7.66637, 0.0 ], [ 38.70989, 7.66571, 0.0 ], [ 38.70949, 7.66308, 0.0 ], [ 38.70832, 7.65968, 0.0 ], [ 38.70822, 7.6594, 0.0 ], [ 38.70818, 7.65853, 0.0 ], [ 38.70813, 7.65767, 0.0 ], [ 38.70828, 7.65689, 0.0 ], [ 38.70682, 7.65276, 0.0 ], [ 38.7063, 7.64927, 0.0 ], [ 38.70593, 7.64623, 0.0 ], [ 38.7073, 7.64202, 0.0 ], [ 38.70624, 7.63786, 0.0 ], [ 38.7064, 7.634, 0.0 ], [ 38.70644, 7.63208, 0.0 ], [ 38.70636, 7.63068, 0.0 ], [ 38.706, 7.62763, 0.0 ], [ 38.70462, 7.6251, 0.0 ], [ 38.70437, 7.62231, 0.0 ], [ 38.70216, 7.61879, 0.0 ], [ 38.70218, 7.61596, 0.0 ], [ 38.70286, 7.61423, 0.0 ], [ 38.70283, 7.61206, 0.0 ], [ 38.70163, 7.6085, 0.0 ], [ 38.70157, 7.60723, 0.0 ], [ 38.70055, 7.6054, 0.0 ], [ 38.69913, 7.60372, 0.0 ], [ 38.69839, 7.60214, 0.0 ], [ 38.6976, 7.60108, 0.0 ], [ 38.69661, 7.60126, 0.0 ], [ 38.69584, 7.60069, 0.0 ], [ 38.69509, 7.59967, 0.0 ], [ 38.69419, 7.59779, 0.0 ], [ 38.69393, 7.59585, 0.0 ], [ 38.69404, 7.59419, 0.0 ], [ 38.69352, 7.59241, 0.0 ], [ 38.6927, 7.59201, 0.0 ], [ 38.69152, 7.59175, 0.0 ], [ 38.691, 7.58961, 0.0 ], [ 38.68999, 7.58595, 0.0 ], [ 38.69005, 7.58253, 0.0 ], [ 38.69005, 7.58244, 0.0 ], [ 38.69004, 7.58198, 0.0 ], [ 38.69003, 7.58171, 0.0 ], [ 38.69002, 7.58134, 0.0 ], [ 38.69, 7.58089, 0.0 ], [ 38.69016, 7.58051, 0.0 ], [ 38.6905, 7.58011, 0.0 ], [ 38.69118, 7.57968, 0.0 ], [ 38.69135, 7.57948, 0.0 ], [ 38.69178, 7.57926, 0.0 ], [ 38.69195, 7.57915, 0.0 ], [ 38.69229, 7.57893, 0.0 ], [ 38.69245, 7.57855, 0.0 ], [ 38.69243, 7.5781, 0.0 ], [ 38.69242, 7.57765, 0.0 ], [ 38.69241, 7.5773, 0.0 ], [ 38.69248, 7.57693, 0.0 ], [ 38.69264, 7.57655, 0.0 ], [ 38.69263, 7.57611, 0.0 ], [ 38.6927, 7.57574, 0.0 ], [ 38.69268, 7.5753, 0.0 ], [ 38.69267, 7.57485, 0.0 ], [ 38.69274, 7.5744, 0.0 ], [ 38.69281, 7.57404, 0.0 ], [ 38.6928, 7.57378, 0.0 ], [ 38.69279, 7.57334, 0.0 ], [ 38.69269, 7.573, 0.0 ], [ 38.69258, 7.57248, 0.0 ], [ 38.69256, 7.57187, 0.0 ], [ 38.69255, 7.57152, 0.0 ], [ 38.69236, 7.57111, 0.0 ], [ 38.69233, 7.57068, 0.0 ], [ 38.69221, 7.57009, 0.0 ], [ 38.69219, 7.56967, 0.0 ], [ 38.69215, 7.56916, 0.0 ], [ 38.68947, 7.56272, 0.0 ], [ 38.68726, 7.5582, 0.0 ], [ 38.68707, 7.55802, 0.0 ], [ 38.68688, 7.55766, 0.0 ], [ 38.68643, 7.55722, 0.0 ], [ 38.68622, 7.55668, 0.0 ], [ 38.68593, 7.55596, 0.0 ], [ 38.68573, 7.55551, 0.0 ], [ 38.68564, 7.55543, 0.0 ], [ 38.6852, 7.55518, 0.0 ], [ 38.68475, 7.55475, 0.0 ], [ 38.68448, 7.55449, 0.0 ], [ 38.68385, 7.55389, 0.0 ], [ 38.68376, 7.55372, 0.0 ], [ 38.68349, 7.55346, 0.0 ], [ 38.68322, 7.55302, 0.0 ], [ 38.68295, 7.55277, 0.0 ], [ 38.68266, 7.55206, 0.0 ], [ 38.68239, 7.55163, 0.0 ], [ 38.68236, 7.55118, 0.0 ], [ 38.68234, 7.55073, 0.0 ], [ 38.6825, 7.55045, 0.0 ], [ 38.68256, 7.55009, 0.0 ], [ 38.68288, 7.54971, 0.0 ], [ 38.68354, 7.5494, 0.0 ], [ 38.68422, 7.54888, 0.0 ], [ 38.68465, 7.54865, 0.0 ], [ 38.68508, 7.54842, 0.0 ], [ 38.68524, 7.54814, 0.0 ], [ 38.68576, 7.54583, 0.0 ], [ 38.68478, 7.54053, 0.0 ], [ 38.68786, 7.53667, 0.0 ], [ 38.69209, 7.53469, 0.0 ], [ 38.69242, 7.53457, 0.0 ], [ 38.69283, 7.53436, 0.0 ], [ 38.69341, 7.53413, 0.0 ], [ 38.69383, 7.534, 0.0 ], [ 38.69415, 7.5338, 0.0 ], [ 38.69448, 7.5336, 0.0 ], [ 38.69489, 7.53338, 0.0 ], [ 38.6953, 7.53309, 0.0 ], [ 38.69563, 7.53297, 0.0 ], [ 38.69604, 7.53276, 0.0 ], [ 38.69645, 7.53263, 0.0 ], [ 38.69695, 7.53249, 0.0 ], [ 38.69712, 7.53239, 0.0 ], [ 38.6977, 7.53225, 0.0 ], [ 38.69821, 7.5322, 0.0 ], [ 38.70008, 7.53226, 0.0 ], [ 38.70185, 7.5343, 0.0 ], [ 38.70555, 7.53729, 0.0 ], [ 38.70889, 7.53877, 0.0 ], [ 38.71032, 7.54012, 0.0 ], [ 38.71228, 7.54214, 0.0 ], [ 38.71249, 7.54078, 0.0 ], [ 38.70983, 7.53597, 0.0 ], [ 38.70959, 7.53094, 0.0 ], [ 38.70855, 7.5247, 0.0 ], [ 38.71285, 7.52099, 0.0 ], [ 38.7231, 7.51743, 0.0 ], [ 38.72541, 7.51661, 0.0 ], [ 38.72566, 7.51659, 0.0 ], [ 38.72607, 7.51646, 0.0 ], [ 38.72631, 7.51628, 0.0 ], [ 38.72671, 7.51608, 0.0 ], [ 38.72712, 7.51595, 0.0 ], [ 38.72753, 7.51583, 0.0 ], [ 38.72785, 7.51572, 0.0 ], [ 38.72825, 7.51551, 0.0 ], [ 38.7285, 7.51541, 0.0 ], [ 38.72891, 7.51537, 0.0 ], [ 38.72924, 7.51549, 0.0 ], [ 38.72966, 7.51561, 0.0 ], [ 38.72992, 7.5159, 0.0 ], [ 38.73027, 7.51619, 0.0 ], [ 38.73069, 7.51639, 0.0 ], [ 38.73102, 7.51635, 0.0 ], [ 38.73135, 7.51632, 0.0 ], [ 38.73176, 7.51627, 0.0 ], [ 38.73209, 7.51624, 0.0 ], [ 38.73242, 7.51621, 0.0 ], [ 38.73324, 7.5162, 0.0 ], [ 38.73366, 7.51624, 0.0 ], [ 38.73433, 7.51633, 0.0 ], [ 38.73466, 7.5163, 0.0 ], [ 38.73752, 7.5156, 0.0 ], [ 38.73786, 7.5158, 0.0 ], [ 38.73812, 7.51602, 0.0 ], [ 38.73846, 7.51606, 0.0 ], [ 38.73888, 7.51618, 0.0 ], [ 38.7393, 7.51622, 0.0 ], [ 38.73972, 7.51633, 0.0 ], [ 38.74006, 7.51638, 0.0 ], [ 38.74048, 7.51642, 0.0 ], [ 38.74081, 7.51638, 0.0 ], [ 38.7413, 7.51633, 0.0 ], [ 38.74163, 7.5163, 0.0 ], [ 38.74187, 7.51619, 0.0 ], [ 38.74219, 7.51592, 0.0 ], [ 38.74241, 7.51557, 0.0 ], [ 38.74272, 7.5153, 0.0 ], [ 38.74303, 7.51502, 0.0 ], [ 38.74335, 7.51491, 0.0 ], [ 38.74376, 7.51479, 0.0 ], [ 38.74416, 7.51458, 0.0 ], [ 38.7443, 7.51425, 0.0 ], [ 38.74444, 7.51391, 0.0 ], [ 38.7445, 7.51367, 0.0 ], [ 38.74499, 7.51362, 0.0 ], [ 38.74516, 7.5136, 0.0 ], [ 38.74556, 7.51348, 0.0 ], [ 38.74597, 7.51344, 0.0 ], [ 38.74629, 7.51332, 0.0 ], [ 38.74661, 7.51321, 0.0 ], [ 38.74924, 7.51567, 0.0 ], [ 38.74967, 7.51579, 0.0 ], [ 38.75017, 7.51582, 0.0 ], [ 38.75058, 7.51577, 0.0 ], [ 38.75092, 7.51582, 0.0 ], [ 38.75159, 7.51583, 0.0 ], [ 38.75277, 7.51587, 0.0 ], [ 38.75378, 7.5152, 0.0 ], [ 38.7539, 7.5147, 0.0 ], [ 38.74803, 7.5133, 0.0 ], [ 38.74812, 7.51337, 0.0 ], [ 38.74865, 7.51372, 0.0 ], [ 38.74882, 7.51378, 0.0 ], [ 38.74926, 7.51413, 0.0 ], [ 38.74943, 7.51412, 0.0 ], [ 38.7498, 7.51448, 0.0 ], [ 38.74989, 7.51463, 0.0 ], [ 38.75034, 7.51491, 0.0 ], [ 38.75432, 7.51474, 0.0 ], [ 38.75497, 7.51459, 0.0 ], [ 38.75494, 7.51427, 0.0 ], [ 38.7549, 7.51395, 0.0 ], [ 38.75487, 7.51363, 0.0 ], [ 38.755, 7.5133, 0.0 ], [ 38.75531, 7.51311, 0.0 ], [ 38.75563, 7.51299, 0.0 ], [ 38.75596, 7.51296, 0.0 ], [ 38.75629, 7.51292, 0.0 ], [ 38.75662, 7.51289, 0.0 ], [ 38.75695, 7.51286, 0.0 ], [ 38.7573, 7.51306, 0.0 ], [ 38.7577, 7.51366, 0.0 ], [ 38.75783, 7.51405, 0.0 ], [ 38.75794, 7.51428, 0.0 ], [ 38.75814, 7.51458, 0.0 ], [ 38.75858, 7.51478, 0.0 ], [ 38.75893, 7.51491, 0.0 ], [ 38.75945, 7.51501, 0.0 ], [ 38.76003, 7.51495, 0.0 ], [ 38.7602, 7.51502, 0.0 ], [ 38.76054, 7.51506, 0.0 ], [ 38.76088, 7.51511, 0.0 ], [ 38.76113, 7.51508, 0.0 ], [ 38.76156, 7.5152, 0.0 ], [ 38.76192, 7.51541, 0.0 ], [ 38.7626, 7.5155, 0.0 ], [ 38.76279, 7.51564, 0.0 ], [ 38.76306, 7.51578, 0.0 ], [ 38.76336, 7.51615, 0.0 ], [ 38.76377, 7.51677, 0.0 ], [ 38.76409, 7.51731, 0.0 ], [ 38.76442, 7.51793, 0.0 ], [ 38.76456, 7.51833, 0.0 ], [ 38.76474, 7.51847, 0.0 ], [ 38.76495, 7.51878, 0.0 ], [ 38.76529, 7.51941, 0.0 ], [ 38.76559, 7.5198, 0.0 ], [ 38.76618, 7.5204, 0.0 ], [ 38.76651, 7.52095, 0.0 ], [ 38.76722, 7.52188, 0.0 ], [ 38.76746, 7.52236, 0.0 ], [ 38.76777, 7.52275, 0.0 ], [ 38.76789, 7.52307, 0.0 ], [ 38.76926, 7.52392, 0.0 ], [ 38.76935, 7.52416, 0.0 ], [ 38.76937, 7.52448, 0.0 ], [ 38.76939, 7.52488, 0.0 ], [ 38.76941, 7.5252, 0.0 ], [ 38.76951, 7.52543, 0.0 ], [ 38.76953, 7.52575, 0.0 ], [ 38.76955, 7.52623, 0.0 ], [ 38.76958, 7.52664, 0.0 ], [ 38.7696, 7.52696, 0.0 ], [ 38.76962, 7.52737, 0.0 ], [ 38.76971, 7.5276, 0.0 ], [ 38.76998, 7.52782, 0.0 ], [ 38.7703, 7.5277, 0.0 ], [ 38.77061, 7.52743, 0.0 ], [ 38.77094, 7.52731, 0.0 ], [ 38.77126, 7.52719, 0.0 ], [ 38.77167, 7.52715, 0.0 ], [ 38.77201, 7.5272, 0.0 ], [ 38.77234, 7.52716, 0.0 ], [ 38.77275, 7.5272, 0.0 ], [ 38.77309, 7.52725, 0.0 ], [ 38.7735, 7.52729, 0.0 ], [ 38.77393, 7.52741, 0.0 ], [ 38.77435, 7.52753, 0.0 ], [ 38.77487, 7.52788, 0.0 ], [ 38.77505, 7.52803, 0.0 ], [ 38.7754, 7.52824, 0.0 ], [ 38.77574, 7.52837, 0.0 ], [ 38.776, 7.5285, 0.0 ], [ 38.77633, 7.52855, 0.0 ], [ 38.77666, 7.52852, 0.0 ], [ 38.77715, 7.52838, 0.0 ], [ 38.77748, 7.52835, 0.0 ], [ 38.77797, 7.52822, 0.0 ], [ 38.77853, 7.52799, 0.0 ], [ 38.77877, 7.5278, 0.0 ], [ 38.77901, 7.5277, 0.0 ], [ 38.77966, 7.52755, 0.0 ], [ 38.7803, 7.52723, 0.0 ], [ 38.7807, 7.52711, 0.0 ], [ 38.78128, 7.52705, 0.0 ], [ 38.78145, 7.52703, 0.0 ], [ 38.78177, 7.527, 0.0 ], [ 38.78235, 7.52694, 0.0 ], [ 38.78293, 7.52696, 0.0 ], [ 38.78311, 7.52702, 0.0 ], [ 38.78371, 7.52729, 0.0 ], [ 38.78398, 7.52751, 0.0 ], [ 38.78617, 7.5286, 0.0 ], [ 38.78625, 7.52859, 0.0 ], [ 38.78652, 7.52881, 0.0 ], [ 38.78686, 7.52886, 0.0 ], [ 38.78728, 7.52881, 0.0 ], [ 38.78785, 7.52875, 0.0 ], [ 38.78828, 7.52879, 0.0 ], [ 38.78877, 7.52874, 0.0 ], [ 38.78894, 7.52872, 0.0 ], [ 38.78928, 7.52877, 0.0 ], [ 38.78962, 7.5289, 0.0 ], [ 38.7899, 7.52912, 0.0 ], [ 38.7901, 7.52943, 0.0 ], [ 38.7903, 7.52974, 0.0 ], [ 38.79067, 7.53004, 0.0 ], [ 38.79105, 7.53041, 0.0 ], [ 38.79133, 7.53072, 0.0 ], [ 38.7916, 7.53086, 0.0 ], [ 38.79192, 7.53074, 0.0 ], [ 38.79228, 7.53096, 0.0 ], [ 38.79261, 7.53159, 0.0 ], [ 38.79274, 7.532, 0.0 ], [ 38.79287, 7.53241, 0.0 ], [ 38.79292, 7.53283, 0.0 ], [ 38.79305, 7.53324, 0.0 ], [ 38.79309, 7.53357, 0.0 ], [ 38.79331, 7.53406, 0.0 ], [ 38.79344, 7.53447, 0.0 ], [ 38.7936, 7.53506, 0.0 ], [ 38.79392, 7.53562, 0.0 ], [ 38.79404, 7.53595, 0.0 ], [ 38.79416, 7.53629, 0.0 ], [ 38.79429, 7.53662, 0.0 ], [ 38.79451, 7.53703, 0.0 ], [ 38.79475, 7.53761, 0.0 ], [ 38.79505, 7.53801, 0.0 ], [ 38.79552, 7.53909, 0.0 ], [ 38.79575, 7.53959, 0.0 ], [ 38.79595, 7.53984, 0.0 ], [ 38.79626, 7.54024, 0.0 ], [ 38.79669, 7.54099, 0.0 ], [ 38.79697, 7.54114, 0.0 ], [ 38.79718, 7.54147, 0.0 ], [ 38.79751, 7.54197, 0.0 ], [ 38.79775, 7.54256, 0.0 ], [ 38.79899, 7.54378, 0.0 ], [ 38.799, 7.54386, 0.0 ], [ 38.79905, 7.54416, 0.0 ], [ 38.79909, 7.54447, 0.0 ], [ 38.79913, 7.54477, 0.0 ], [ 38.79927, 7.54515, 0.0 ], [ 38.79931, 7.54545, 0.0 ], [ 38.79956, 7.54605, 0.0 ], [ 38.79978, 7.5465, 0.0 ], [ 38.8, 7.54687, 0.0 ], [ 38.80032, 7.54738, 0.0 ], [ 38.8006, 7.54767, 0.0 ], [ 38.80088, 7.54788, 0.0 ], [ 38.80119, 7.54832, 0.0 ], [ 38.80141, 7.54869, 0.0 ], [ 38.80166, 7.5493, 0.0 ], [ 38.8019, 7.54983, 0.0 ], [ 38.80192, 7.54999, 0.0 ], [ 38.80198, 7.55038, 0.0 ], [ 38.80203, 7.55069, 0.0 ], [ 38.80208, 7.55109, 0.0 ], [ 38.80229, 7.55139, 0.0 ], [ 38.80241, 7.55162, 0.0 ], [ 38.80276, 7.55174, 0.0 ], [ 38.80308, 7.55171, 0.0 ], [ 38.80341, 7.55167, 0.0 ], [ 38.80362, 7.55141, 0.0 ], [ 38.80365, 7.55109, 0.0 ], [ 38.8036, 7.55077, 0.0 ], [ 38.80363, 7.55037, 0.0 ], [ 38.80358, 7.55005, 0.0 ], [ 38.80349, 7.54943, 0.0 ], [ 38.80343, 7.54904, 0.0 ], [ 38.80347, 7.54879, 0.0 ], [ 38.80376, 7.54852, 0.0 ], [ 38.80398, 7.54834, 0.0 ], [ 38.80429, 7.54823, 0.0 ], [ 38.80461, 7.5482, 0.0 ], [ 38.80494, 7.54817, 0.0 ], [ 38.80534, 7.54812, 0.0 ], [ 38.80566, 7.54809, 0.0 ], [ 38.80609, 7.5482, 0.0 ], [ 38.80667, 7.54822, 0.0 ], [ 38.80684, 7.54828, 0.0 ], [ 38.80737, 7.54847, 0.0 ], [ 38.80766, 7.54875, 0.0 ], [ 38.80793, 7.54889, 0.0 ], [ 38.80821, 7.54909, 0.0 ], [ 38.80842, 7.54939, 0.0 ], [ 38.80866, 7.54985, 0.0 ], [ 38.80877, 7.54999, 0.0 ], [ 38.80882, 7.55031, 0.0 ], [ 38.80904, 7.55069, 0.0 ], [ 38.80935, 7.55106, 0.0 ], [ 38.80957, 7.55135, 0.0 ], [ 38.80993, 7.55156, 0.0 ], [ 38.81027, 7.5516, 0.0 ], [ 38.81068, 7.55156, 0.0 ], [ 38.81094, 7.55162, 0.0 ], [ 38.81136, 7.55165, 0.0 ], [ 38.81162, 7.55171, 0.0 ], [ 38.81232, 7.55196, 0.0 ], [ 38.81264, 7.55233, 0.0 ], [ 38.813, 7.55253, 0.0 ], [ 38.81314, 7.55284, 0.0 ], [ 38.81339, 7.55331, 0.0 ], [ 38.81354, 7.5537, 0.0 ], [ 38.81427, 7.55452, 0.0 ], [ 38.81461, 7.55457, 0.0 ], [ 38.81487, 7.55511, 0.0 ], [ 38.8149, 7.55528, 0.0 ], [ 38.81488, 7.55561, 0.0 ], [ 38.81485, 7.55594, 0.0 ], [ 38.81466, 7.55629, 0.0 ], [ 38.81446, 7.55656, 0.0 ], [ 38.81427, 7.55691, 0.0 ], [ 38.81416, 7.55726, 0.0 ], [ 38.81421, 7.55758, 0.0 ], [ 38.81426, 7.55783, 0.0 ], [ 38.81456, 7.55813, 0.0 ], [ 38.81491, 7.55818, 0.0 ], [ 38.81524, 7.55814, 0.0 ], [ 38.81582, 7.55808, 0.0 ], [ 38.81599, 7.55806, 0.0 ], [ 38.8164, 7.55802, 0.0 ], [ 38.81716, 7.55803, 0.0 ], [ 38.81742, 7.55808, 0.0 ], [ 38.81784, 7.55804, 0.0 ], [ 38.81818, 7.55808, 0.0 ], [ 38.81861, 7.55812, 0.0 ], [ 38.81888, 7.55818, 0.0 ], [ 38.81932, 7.5583, 0.0 ], [ 38.81967, 7.55835, 0.0 ], [ 38.8201, 7.55839, 0.0 ], [ 38.82043, 7.55835, 0.0 ], [ 38.82085, 7.55831, 0.0 ], [ 38.82119, 7.55836, 0.0 ], [ 38.82156, 7.55848, 0.0 ], [ 38.82195, 7.55878, 0.0 ], [ 38.8221, 7.5591, 0.0 ], [ 38.82222, 7.55976, 0.0 ], [ 38.82225, 7.55993, 0.0 ], [ 38.82233, 7.56034, 0.0 ], [ 38.82238, 7.56059, 0.0 ], [ 38.82245, 7.561, 0.0 ], [ 38.82255, 7.5615, 0.0 ], [ 38.82277, 7.56267, 0.0 ], [ 38.82285, 7.56266, 0.0 ], [ 38.82322, 7.5628, 0.0 ], [ 38.82358, 7.56293, 0.0 ], [ 38.82412, 7.56304, 0.0 ], [ 38.8244, 7.56318, 0.0 ], [ 38.82482, 7.56357, 0.0 ], [ 38.825, 7.56407, 0.0 ], [ 38.82505, 7.56432, 0.0 ], [ 38.82522, 7.56473, 0.0 ], [ 38.8253, 7.56516, 0.0 ], [ 38.82555, 7.56556, 0.0 ], [ 38.82575, 7.56615, 0.0 ], [ 38.82583, 7.56658, 0.0 ], [ 38.82594, 7.56717, 0.0 ], [ 38.82603, 7.5676, 0.0 ], [ 38.82606, 7.56777, 0.0 ], [ 38.82613, 7.56812, 0.0 ], [ 38.82621, 7.56855, 0.0 ], [ 38.82633, 7.56915, 0.0 ], [ 38.82632, 7.56959, 0.0 ], [ 38.82629, 7.56986, 0.0 ], [ 38.826, 7.57016, 0.0 ], [ 38.82588, 7.57044, 0.0 ], [ 38.82564, 7.57099, 0.0 ], [ 38.82517, 7.57175, 0.0 ], [ 38.82441, 7.57237, 0.0 ], [ 38.82464, 7.57405, 0.0 ], [ 38.82429, 7.57409, 0.0 ], [ 38.824, 7.57439, 0.0 ], [ 38.8237, 7.57469, 0.0 ], [ 38.82356, 7.57489, 0.0 ], [ 38.82327, 7.57519, 0.0 ], [ 38.82306, 7.57548, 0.0 ], [ 38.82303, 7.57585, 0.0 ], [ 38.8231, 7.5762, 0.0 ], [ 38.82335, 7.57663, 0.0 ], [ 38.82363, 7.57715, 0.0 ], [ 38.82394, 7.57739, 0.0 ], [ 38.82422, 7.578, 0.0 ], [ 38.82426, 7.57818, 0.0 ], [ 38.82432, 7.57854, 0.0 ], [ 38.82439, 7.5789, 0.0 ], [ 38.82439, 7.57936, 0.0 ], [ 38.82443, 7.58009, 0.0 ], [ 38.82441, 7.58047, 0.0 ], [ 38.8243, 7.58085, 0.0 ], [ 38.8242, 7.58123, 0.0 ], [ 38.8245, 7.58194, 0.0 ], [ 38.82485, 7.58237, 0.0 ], [ 38.82499, 7.58264, 0.0 ], [ 38.8256, 7.58304, 0.0 ], [ 38.82592, 7.58329, 0.0 ], [ 38.82616, 7.58364, 0.0 ], [ 38.82632, 7.584, 0.0 ], [ 38.82647, 7.58436, 0.0 ], [ 38.82654, 7.58473, 0.0 ], [ 38.82654, 7.5852, 0.0 ], [ 38.82651, 7.58549, 0.0 ], [ 38.82638, 7.58579, 0.0 ], [ 38.82608, 7.5861, 0.0 ], [ 38.82585, 7.58632, 0.0 ], [ 38.82574, 7.58671, 0.0 ], [ 38.82572, 7.58709, 0.0 ], [ 38.82552, 7.5875, 0.0 ], [ 38.82559, 7.58787, 0.0 ], [ 38.82581, 7.58967, 0.0 ], [ 38.826, 7.58981, 0.0 ], [ 38.82649, 7.59021, 0.0 ], [ 38.8268, 7.59049, 0.0 ], [ 38.82702, 7.59077, 0.0 ], [ 38.82708, 7.59107, 0.0 ], [ 38.82714, 7.59137, 0.0 ], [ 38.82721, 7.59168, 0.0 ], [ 38.82729, 7.59205, 0.0 ], [ 38.82738, 7.59251, 0.0 ], [ 38.82745, 7.59281, 0.0 ], [ 38.82767, 7.59349, 0.0 ], [ 38.82775, 7.59387, 0.0 ], [ 38.82782, 7.59417, 0.0 ], [ 38.8279, 7.59455, 0.0 ], [ 38.82793, 7.59471, 0.0 ], [ 38.82857, 7.59582, 0.0 ], [ 38.82849, 7.59583, 0.0 ], [ 38.82827, 7.59632, 0.0 ], [ 38.82817, 7.59665, 0.0 ], [ 38.82808, 7.59697, 0.0 ], [ 38.82798, 7.5973, 0.0 ], [ 38.82803, 7.59793, 0.0 ], [ 38.82814, 7.59847, 0.0 ], [ 38.82808, 7.59896, 0.0 ], [ 38.82805, 7.5992, 0.0 ], [ 38.82787, 7.59954, 0.0 ], [ 38.82769, 7.59988, 0.0 ], [ 38.82751, 7.60022, 0.0 ], [ 38.8274, 7.60047, 0.0 ], [ 38.82724, 7.60089, 0.0 ], [ 38.82721, 7.60114, 0.0 ], [ 38.82711, 7.60147, 0.0 ], [ 38.82693, 7.60181, 0.0 ], [ 38.82683, 7.60215, 0.0 ], [ 38.82644, 7.60227, 0.0 ], [ 38.82611, 7.6023, 0.0 ], [ 38.8259, 7.60249, 0.0 ], [ 38.82578, 7.60274, 0.0 ], [ 38.82568, 7.60308, 0.0 ], [ 38.82567, 7.6034, 0.0 ], [ 38.82566, 7.60381, 0.0 ], [ 38.82571, 7.60446, 0.0 ], [ 38.82568, 7.60471, 0.0 ], [ 38.82558, 7.60505, 0.0 ], [ 38.82517, 7.60509, 0.0 ], [ 38.82474, 7.60505, 0.0 ], [ 38.82441, 7.60509, 0.0 ], [ 38.82408, 7.60512, 0.0 ], [ 38.82367, 7.60516, 0.0 ], [ 38.82329, 7.60537, 0.0 ], [ 38.82299, 7.60556, 0.0 ], [ 38.82288, 7.60582, 0.0 ], [ 38.82286, 7.60615, 0.0 ], [ 38.82284, 7.60649, 0.0 ], [ 38.82264, 7.60675, 0.0 ], [ 38.82234, 7.60695, 0.0 ], [ 38.82196, 7.60716, 0.0 ], [ 38.82167, 7.60743, 0.0 ], [ 38.82155, 7.6077, 0.0 ], [ 38.82113, 7.60815, 0.0 ], [ 38.82107, 7.60824, 0.0 ], [ 38.82105, 7.60858, 0.0 ], [ 38.82111, 7.60891, 0.0 ], [ 38.82117, 7.60923, 0.0 ], [ 38.82123, 7.60956, 0.0 ], [ 38.82175, 7.61009, 0.0 ], [ 38.82197, 7.61032, 0.0 ], [ 38.82228, 7.61063, 0.0 ], [ 38.82261, 7.61101, 0.0 ], [ 38.82265, 7.61126, 0.0 ], [ 38.82263, 7.6116, 0.0 ], [ 38.82289, 7.6125, 0.0 ], [ 38.82291, 7.61259, 0.0 ], [ 38.82299, 7.613, 0.0 ], [ 38.82307, 7.61342, 0.0 ], [ 38.82321, 7.61375, 0.0 ], [ 38.82356, 7.61422, 0.0 ], [ 38.82373, 7.61463, 0.0 ], [ 38.82384, 7.61522, 0.0 ], [ 38.82395, 7.61581, 0.0 ], [ 38.82403, 7.61624, 0.0 ], [ 38.82401, 7.61658, 0.0 ], [ 38.82426, 7.61699, 0.0 ], [ 38.82433, 7.61733, 0.0 ], [ 38.82448, 7.61766, 0.0 ], [ 38.82454, 7.618, 0.0 ], [ 38.82461, 7.61835, 0.0 ], [ 38.82469, 7.61877, 0.0 ], [ 38.82476, 7.61912, 0.0 ], [ 38.82465, 7.61948, 0.0 ], [ 38.82455, 7.61984, 0.0 ], [ 38.82429, 7.62031, 0.0 ], [ 38.8241, 7.62068, 0.0 ], [ 38.82389, 7.62096, 0.0 ], [ 38.8236, 7.62126, 0.0 ], [ 38.8235, 7.62162, 0.0 ], [ 38.82331, 7.622, 0.0 ], [ 38.82329, 7.62235, 0.0 ], [ 38.82327, 7.62271, 0.0 ], [ 38.82306, 7.623, 0.0 ], [ 38.82272, 7.62304, 0.0 ], [ 38.82236, 7.62299, 0.0 ], [ 38.82201, 7.62302, 0.0 ], [ 38.82167, 7.62306, 0.0 ], [ 38.82096, 7.62251, 0.0 ], [ 38.82111, 7.62281, 0.0 ], [ 38.82069, 7.62277, 0.0 ], [ 38.82034, 7.62273, 0.0 ], [ 38.81993, 7.62277, 0.0 ], [ 38.81956, 7.62297, 0.0 ], [ 38.81921, 7.62334, 0.0 ], [ 38.81907, 7.62343, 0.0 ], [ 38.81844, 7.62366, 0.0 ], [ 38.81803, 7.6237, 0.0 ], [ 38.81764, 7.62383, 0.0 ], [ 38.81724, 7.62395, 0.0 ], [ 38.8171, 7.62405, 0.0 ], [ 38.8169, 7.62431, 0.0 ], [ 38.81721, 7.62461, 0.0 ], [ 38.81774, 7.62513, 0.0 ], [ 38.81793, 7.62527, 0.0 ], [ 38.81843, 7.62563, 0.0 ], [ 38.81858, 7.62595, 0.0 ], [ 38.81862, 7.62619, 0.0 ], [ 38.81871, 7.6266, 0.0 ], [ 38.81877, 7.62692, 0.0 ], [ 38.81884, 7.62725, 0.0 ], [ 38.81892, 7.62765, 0.0 ], [ 38.81879, 7.62783, 0.0 ], [ 38.81843, 7.62812, 0.0 ], [ 38.81828, 7.62822, 0.0 ], [ 38.818, 7.6285, 0.0 ], [ 38.8178, 7.62877, 0.0 ], [ 38.8176, 7.62905, 0.0 ], [ 38.81731, 7.62933, 0.0 ], [ 38.81713, 7.62968, 0.0 ], [ 38.81705, 7.63011, 0.0 ], [ 38.81711, 7.63044, 0.0 ], [ 38.81701, 7.63079, 0.0 ], [ 38.81709, 7.6312, 0.0 ], [ 38.81708, 7.63154, 0.0 ], [ 38.81714, 7.63188, 0.0 ], [ 38.81782, 7.63348, 0.0 ], [ 38.81808, 7.634, 0.0 ], [ 38.8183, 7.63423, 0.0 ], [ 38.81853, 7.63455, 0.0 ], [ 38.8186, 7.63489, 0.0 ], [ 38.81867, 7.63522, 0.0 ], [ 38.81875, 7.63565, 0.0 ], [ 38.8188, 7.6359, 0.0 ], [ 38.81912, 7.63621, 0.0 ], [ 38.81955, 7.6366, 0.0 ], [ 38.8197, 7.63693, 0.0 ], [ 38.81989, 7.63744, 0.0 ], [ 38.81994, 7.63769, 0.0 ], [ 38.82003, 7.63812, 0.0 ], [ 38.82013, 7.63863, 0.0 ], [ 38.82011, 7.63899, 0.0 ], [ 38.8201, 7.63934, 0.0 ], [ 38.82019, 7.63977, 0.0 ], [ 38.82015, 7.64004, 0.0 ], [ 38.82005, 7.6404, 0.0 ], [ 38.82045, 7.64062, 0.0 ], [ 38.8207, 7.6406, 0.0 ], [ 38.8208, 7.64023, 0.0 ], [ 38.82111, 7.64002, 0.0 ], [ 38.8215, 7.64025, 0.0 ], [ 38.82181, 7.64048, 0.0 ], [ 38.82203, 7.64072, 0.0 ], [ 38.8224, 7.64122, 0.0 ], [ 38.82257, 7.64164, 0.0 ], [ 38.82266, 7.64208, 0.0 ], [ 38.82273, 7.64243, 0.0 ], [ 38.82281, 7.64277, 0.0 ], [ 38.82288, 7.64312, 0.0 ], [ 38.82268, 7.64341, 0.0 ], [ 38.82249, 7.64379, 0.0 ], [ 38.8224, 7.64476, 0.0 ], [ 38.82176, 7.64536, 0.0 ], [ 38.82073, 7.64641, 0.0 ], [ 38.81973, 7.64675, 0.0 ], [ 38.81949, 7.64686, 0.0 ], [ 38.81923, 7.64734, 0.0 ], [ 38.81888, 7.64782, 0.0 ], [ 38.81818, 7.64835, 0.0 ], [ 38.81794, 7.64846, 0.0 ], [ 38.81769, 7.64903, 0.0 ], [ 38.81771, 7.64867, 0.0 ], [ 38.8172, 7.64926, 0.0 ], [ 38.81716, 7.64954, 0.0 ], [ 38.81686, 7.64984, 0.0 ], [ 38.81646, 7.65007, 0.0 ], [ 38.81622, 7.65018, 0.0 ], [ 38.81632, 7.65026, 0.0 ], [ 38.81608, 7.65092, 0.0 ], [ 38.81599, 7.65093, 0.0 ], [ 38.81592, 7.65103, 0.0 ], [ 38.81568, 7.65115, 0.0 ], [ 38.81556, 7.65098, 0.0 ], [ 38.81575, 7.6516, 0.0 ], [ 38.81564, 7.65197, 0.0 ], [ 38.81524, 7.6522, 0.0 ], [ 38.8153, 7.65256, 0.0 ], [ 38.81515, 7.65276, 0.0 ], [ 38.81489, 7.65278, 0.0 ], [ 38.8147, 7.65271, 0.0 ], [ 38.8145, 7.65255, 0.0 ], [ 38.81465, 7.6529, 0.0 ], [ 38.8143, 7.65349, 0.0 ], [ 38.81405, 7.65361, 0.0 ], [ 38.81385, 7.654, 0.0 ], [ 38.81353, 7.65422, 0.0 ], [ 38.81343, 7.65469, 0.0 ], [ 38.81301, 7.65483, 0.0 ], [ 38.81317, 7.65472, 0.0 ], [ 38.81293, 7.65483, 0.0 ], [ 38.81261, 7.65505, 0.0 ], [ 38.8124, 7.65545, 0.0 ], [ 38.81233, 7.65555, 0.0 ], [ 38.81215, 7.65556, 0.0 ], [ 38.81169, 7.65599, 0.0 ], [ 38.81142, 7.65657, 0.0 ], [ 38.81106, 7.65708, 0.0 ], [ 38.81053, 7.65713, 0.0 ], [ 38.81036, 7.65659, 0.0 ], [ 38.81014, 7.65689, 0.0 ], [ 38.80998, 7.657, 0.0 ], [ 38.80971, 7.65703, 0.0 ], [ 38.80948, 7.65724, 0.0 ], [ 38.80932, 7.65735, 0.0 ], [ 38.80916, 7.65747, 0.0 ], [ 38.80904, 7.65785, 0.0 ], [ 38.80858, 7.65781, 0.0 ], [ 38.80803, 7.65768, 0.0 ], [ 38.80777, 7.65771, 0.0 ], [ 38.80735, 7.65794, 0.0 ], [ 38.80703, 7.65816, 0.0 ], [ 38.80689, 7.6578, 0.0 ], [ 38.80623, 7.65759, 0.0 ], [ 38.80618, 7.65722, 0.0 ], [ 38.80647, 7.65682, 0.0 ], [ 38.80637, 7.65674, 0.0 ], [ 38.80642, 7.65645, 0.0 ], [ 38.80634, 7.6559, 0.0 ], [ 38.80637, 7.65553, 0.0 ], [ 38.80628, 7.6561, 0.0 ], [ 38.80629, 7.65498, 0.0 ], [ 38.80607, 7.65516, 0.0 ], [ 38.8063, 7.65423, 0.0 ], [ 38.80639, 7.65422, 0.0 ], [ 38.80651, 7.65382, 0.0 ], [ 38.80684, 7.65359, 0.0 ], [ 38.80717, 7.65336, 0.0 ], [ 38.8074, 7.65314, 0.0 ], [ 38.80773, 7.65291, 0.0 ], [ 38.80785, 7.6525, 0.0 ], [ 38.80787, 7.65211, 0.0 ], [ 38.80799, 7.65171, 0.0 ], [ 38.8084, 7.65164, 0.0 ], [ 38.80869, 7.65082, 0.0 ], [ 38.80875, 7.65066, 0.0 ], [ 38.80898, 7.65008, 0.0 ], [ 38.8091, 7.64964, 0.0 ], [ 38.80926, 7.64924, 0.0 ], [ 38.80929, 7.64887, 0.0 ], [ 38.80948, 7.6484, 0.0 ], [ 38.80966, 7.64806, 0.0 ], [ 38.80973, 7.6476, 0.0 ], [ 38.80994, 7.64721, 0.0 ], [ 38.81, 7.64692, 0.0 ], [ 38.81005, 7.6465, 0.0 ], [ 38.81007, 7.64604, 0.0 ], [ 38.81006, 7.64577, 0.0 ], [ 38.81026, 7.64541, 0.0 ], [ 38.81049, 7.64526, 0.0 ], [ 38.81059, 7.645, 0.0 ], [ 38.81075, 7.64472, 0.0 ], [ 38.81082, 7.64426, 0.0 ], [ 38.81071, 7.64385, 0.0 ], [ 38.8106, 7.64356, 0.0 ], [ 38.81058, 7.64319, 0.0 ], [ 38.81087, 7.64275, 0.0 ], [ 38.81092, 7.64235, 0.0 ], [ 38.81133, 7.64202, 0.0 ], [ 38.81136, 7.64138, 0.0 ], [ 38.81122, 7.64079, 0.0 ], [ 38.81109, 7.64043, 0.0 ], [ 38.8112, 7.64001, 0.0 ], [ 38.81115, 7.63975, 0.0 ], [ 38.8114, 7.63938, 0.0 ], [ 38.81153, 7.63908, 0.0 ], [ 38.81162, 7.63871, 0.0 ], [ 38.81156, 7.63846, 0.0 ], [ 38.81164, 7.63814, 0.0 ], [ 38.81157, 7.63777, 0.0 ], [ 38.81167, 7.63753, 0.0 ], [ 38.81146, 7.63711, 0.0 ], [ 38.81137, 7.63668, 0.0 ], [ 38.8114, 7.63635, 0.0 ], [ 38.81126, 7.63591, 0.0 ], [ 38.8105, 7.63502, 0.0 ], [ 38.81078, 7.63523, 0.0 ], [ 38.81104, 7.63566, 0.0 ], [ 38.81009, 7.6347, 0.0 ], [ 38.81005, 7.63441, 0.0 ], [ 38.81007, 7.63398, 0.0 ], [ 38.80985, 7.63359, 0.0 ], [ 38.8095, 7.63362, 0.0 ], [ 38.80917, 7.63375, 0.0 ], [ 38.80898, 7.63413, 0.0 ], [ 38.80896, 7.63449, 0.0 ], [ 38.80923, 7.63471, 0.0 ], [ 38.80938, 7.63498, 0.0 ], [ 38.80884, 7.63532, 0.0 ], [ 38.80929, 7.63569, 0.0 ], [ 38.80949, 7.63599, 0.0 ], [ 38.80946, 7.63643, 0.0 ], [ 38.8097, 7.63691, 0.0 ], [ 38.80996, 7.63745, 0.0 ], [ 38.81005, 7.63777, 0.0 ], [ 38.81016, 7.63816, 0.0 ], [ 38.80987, 7.63858, 0.0 ], [ 38.80962, 7.63925, 0.0 ], [ 38.80968, 7.63961, 0.0 ], [ 38.80957, 7.63999, 0.0 ], [ 38.80971, 7.64028, 0.0 ], [ 38.81002, 7.64066, 0.0 ], [ 38.81048, 7.64093, 0.0 ], [ 38.81054, 7.64127, 0.0 ], [ 38.81054, 7.64165, 0.0 ], [ 38.81034, 7.64184, 0.0 ], [ 38.8102, 7.64217, 0.0 ], [ 38.80981, 7.64245, 0.0 ], [ 38.80942, 7.64285, 0.0 ], [ 38.80917, 7.64319, 0.0 ], [ 38.80887, 7.64351, 0.0 ], [ 38.80849, 7.64376, 0.0 ], [ 38.8084, 7.6441, 0.0 ], [ 38.80804, 7.6443, 0.0 ], [ 38.80772, 7.64452, 0.0 ], [ 38.80719, 7.6446, 0.0 ], [ 38.80602, 7.64428, 0.0 ], [ 38.80564, 7.64413, 0.0 ], [ 38.80533, 7.64388, 0.0 ], [ 38.80502, 7.64364, 0.0 ], [ 38.80467, 7.64367, 0.0 ], [ 38.8047, 7.64407, 0.0 ], [ 38.80452, 7.64422, 0.0 ], [ 38.80407, 7.64439, 0.0 ], [ 38.80385, 7.6447, 0.0 ], [ 38.80363, 7.645, 0.0 ], [ 38.80331, 7.64523, 0.0 ], [ 38.80239, 7.64674, 0.0 ], [ 38.8024, 7.64682, 0.0 ], [ 38.80213, 7.64725, 0.0 ], [ 38.80198, 7.64743, 0.0 ], [ 38.80176, 7.64761, 0.0 ], [ 38.80157, 7.64795, 0.0 ], [ 38.80161, 7.64827, 0.0 ], [ 38.8015, 7.6486, 0.0 ], [ 38.80122, 7.64887, 0.0 ], [ 38.8011, 7.64913, 0.0 ], [ 38.80091, 7.64947, 0.0 ], [ 38.80018, 7.65051, 0.0 ], [ 38.80008, 7.65093, 0.0 ], [ 38.79988, 7.6512, 0.0 ], [ 38.79967, 7.65146, 0.0 ], [ 38.79948, 7.65181, 0.0 ], [ 38.79905, 7.65209, 0.0 ], [ 38.79889, 7.65211, 0.0 ], [ 38.79861, 7.65238, 0.0 ], [ 38.79849, 7.65264, 0.0 ], [ 38.79837, 7.65298, 0.0 ], [ 38.79825, 7.65324, 0.0 ], [ 38.79797, 7.65352, 0.0 ], [ 38.79793, 7.65385, 0.0 ], [ 38.79757, 7.65413, 0.0 ], [ 38.79728, 7.65433, 0.0 ], [ 38.79699, 7.65452, 0.0 ], [ 38.79678, 7.65479, 0.0 ], [ 38.79666, 7.65513, 0.0 ], [ 38.79631, 7.6555, 0.0 ], [ 38.79579, 7.6558, 0.0 ], [ 38.79511, 7.65637, 0.0 ], [ 38.79467, 7.65675, 0.0 ], [ 38.79444, 7.65694, 0.0 ], [ 38.79424, 7.65729, 0.0 ], [ 38.79412, 7.65755, 0.0 ], [ 38.79375, 7.65792, 0.0 ], [ 38.79354, 7.6582, 0.0 ], [ 38.79359, 7.65852, 0.0 ], [ 38.79366, 7.65894, 0.0 ], [ 38.79373, 7.65935, 0.0 ], [ 38.79377, 7.65959, 0.0 ], [ 38.79382, 7.65992, 0.0 ], [ 38.79387, 7.66025, 0.0 ], [ 38.79393, 7.66058, 0.0 ], [ 38.79398, 7.66092, 0.0 ], [ 38.79405, 7.66133, 0.0 ], [ 38.79375, 7.66161, 0.0 ], [ 38.79345, 7.6619, 0.0 ], [ 38.79316, 7.66218, 0.0 ], [ 38.79322, 7.6626, 0.0 ], [ 38.79329, 7.66302, 0.0 ], [ 38.79335, 7.66343, 0.0 ], [ 38.79342, 7.66385, 0.0 ], [ 38.79339, 7.66428, 0.0 ], [ 38.79319, 7.66464, 0.0 ], [ 38.79289, 7.66484, 0.0 ], [ 38.79248, 7.66497, 0.0 ], [ 38.79223, 7.665, 0.0 ], [ 38.79189, 7.66504, 0.0 ], [ 38.79167, 7.66531, 0.0 ], [ 38.79136, 7.66552, 0.0 ], [ 38.78963, 7.66552, 0.0 ], [ 38.78947, 7.66563, 0.0 ], [ 38.78916, 7.66583, 0.0 ], [ 38.78882, 7.66586, 0.0 ], [ 38.78848, 7.6659, 0.0 ], [ 38.78818, 7.66619, 0.0 ], [ 38.78814, 7.66653, 0.0 ], [ 38.78793, 7.66681, 0.0 ], [ 38.78759, 7.66685, 0.0 ], [ 38.78726, 7.66697, 0.0 ], [ 38.78704, 7.66725, 0.0 ], [ 38.78674, 7.66754, 0.0 ], [ 38.7866, 7.66781, 0.0 ], [ 38.78626, 7.66785, 0.0 ], [ 38.78581, 7.66772, 0.0 ], [ 38.78553, 7.66758, 0.0 ], [ 38.7854, 7.66725, 0.0 ], [ 38.78517, 7.66684, 0.0 ], [ 38.78488, 7.66661, 0.0 ], [ 38.78474, 7.66629, 0.0 ], [ 38.78467, 7.66578, 0.0 ], [ 38.78447, 7.66554, 0.0 ], [ 38.7841, 7.66541, 0.0 ], [ 38.78387, 7.66501, 0.0 ], [ 38.78392, 7.66475, 0.0 ], [ 38.78379, 7.66442, 0.0 ], [ 38.78352, 7.66437, 0.0 ], [ 38.78324, 7.66414, 0.0 ], [ 38.7831, 7.66381, 0.0 ], [ 38.78235, 7.6633, 0.0 ], [ 38.78217, 7.66324, 0.0 ], [ 38.78187, 7.66293, 0.0 ], [ 38.78181, 7.66251, 0.0 ], [ 38.78168, 7.66219, 0.0 ], [ 38.78155, 7.66187, 0.0 ], [ 38.78151, 7.66154, 0.0 ], [ 38.78138, 7.66121, 0.0 ], [ 38.78118, 7.66098, 0.0 ], [ 38.78085, 7.6611, 0.0 ], [ 38.78064, 7.66138, 0.0 ], [ 38.78042, 7.66165, 0.0 ], [ 38.7802, 7.66193, 0.0 ], [ 38.77989, 7.66213, 0.0 ], [ 38.77966, 7.66232, 0.0 ], [ 38.77954, 7.66267, 0.0 ], [ 38.7794, 7.66294, 0.0 ], [ 38.77937, 7.66328, 0.0 ], [ 38.77933, 7.66362, 0.0 ], [ 38.77919, 7.66389, 0.0 ], [ 38.77889, 7.66418, 0.0 ], [ 38.77859, 7.66447, 0.0 ], [ 38.77828, 7.66475, 0.0 ], [ 38.77833, 7.66509, 0.0 ], [ 38.77793, 7.6653, 0.0 ], [ 38.77751, 7.66535, 0.0 ], [ 38.7772, 7.66564, 0.0 ], [ 38.77696, 7.66575, 0.0 ], [ 38.77654, 7.66579, 0.0 ], [ 38.77612, 7.66584, 0.0 ], [ 38.77578, 7.66588, 0.0 ], [ 38.77544, 7.66591, 0.0 ], [ 38.77502, 7.66596, 0.0 ], [ 38.77476, 7.66599, 0.0 ], [ 38.77441, 7.66585, 0.0 ], [ 38.77412, 7.66563, 0.0 ], [ 38.774, 7.6653, 0.0 ], [ 38.77394, 7.66488, 0.0 ], [ 38.77365, 7.66457, 0.0 ], [ 38.77338, 7.66443, 0.0 ], [ 38.77304, 7.66447, 0.0 ], [ 38.77272, 7.66467, 0.0 ], [ 38.77246, 7.66462, 0.0 ], [ 38.77192, 7.66442, 0.0 ], [ 38.77166, 7.66436, 0.0 ], [ 38.77129, 7.66415, 0.0 ], [ 38.77101, 7.66393, 0.0 ], [ 38.77073, 7.6637, 0.0 ], [ 38.77069, 7.66337, 0.0 ], [ 38.77072, 7.66294, 0.0 ], [ 38.7707, 7.66269, 0.0 ], [ 38.77066, 7.66236, 0.0 ], [ 38.77046, 7.66213, 0.0 ], [ 38.77011, 7.66208, 0.0 ], [ 38.76991, 7.66177, 0.0 ], [ 38.76962, 7.66146, 0.0 ], [ 38.76865, 7.66213, 0.0 ], [ 38.76867, 7.66228, 0.0 ], [ 38.76853, 7.66253, 0.0 ], [ 38.76806, 7.66266, 0.0 ], [ 38.7681, 7.66305, 0.0 ], [ 38.7683, 7.66334, 0.0 ], [ 38.76851, 7.66379, 0.0 ], [ 38.76867, 7.66449, 0.0 ], [ 38.76871, 7.6648, 0.0 ], [ 38.76866, 7.66512, 0.0 ], [ 38.76838, 7.66555, 0.0 ], [ 38.76818, 7.66597, 0.0 ], [ 38.76812, 7.66621, 0.0 ], [ 38.76817, 7.6666, 0.0 ], [ 38.76819, 7.66684, 0.0 ], [ 38.76806, 7.66709, 0.0 ], [ 38.76765, 7.66714, 0.0 ], [ 38.76732, 7.66717, 0.0 ], [ 38.76707, 7.66712, 0.0 ], [ 38.76674, 7.66715, 0.0 ], [ 38.76639, 7.66702, 0.0 ], [ 38.76605, 7.6669, 0.0 ], [ 38.76582, 7.66708, 0.0 ], [ 38.7656, 7.66735, 0.0 ], [ 38.7653, 7.66762, 0.0 ], [ 38.7649, 7.66774, 0.0 ], [ 38.76465, 7.66776, 0.0 ], [ 38.76433, 7.66788, 0.0 ], [ 38.76402, 7.66807, 0.0 ], [ 38.7638, 7.66841, 0.0 ], [ 38.76367, 7.66874, 0.0 ], [ 38.76336, 7.66894, 0.0 ], [ 38.76223, 7.66929, 0.0 ], [ 38.76199, 7.6694, 0.0 ], [ 38.76175, 7.6695, 0.0 ], [ 38.76152, 7.66969, 0.0 ], [ 38.76155, 7.67001, 0.0 ], [ 38.76158, 7.67033, 0.0 ], [ 38.76161, 7.67065, 0.0 ], [ 38.76156, 7.67098, 0.0 ], [ 38.76151, 7.67131, 0.0 ], [ 38.76154, 7.67163, 0.0 ], [ 38.76157, 7.67195, 0.0 ], [ 38.76125, 7.67215, 0.0 ], [ 38.76095, 7.67251, 0.0 ], [ 38.76064, 7.67279, 0.0 ], [ 38.7606, 7.6732, 0.0 ], [ 38.76038, 7.67355, 0.0 ], [ 38.76033, 7.67388, 0.0 ], [ 38.76027, 7.67422, 0.0 ], [ 38.76014, 7.67456, 0.0 ], [ 38.76, 7.67491, 0.0 ], [ 38.75986, 7.67525, 0.0 ], [ 38.75972, 7.6756, 0.0 ], [ 38.75941, 7.67588, 0.0 ], [ 38.75919, 7.67623, 0.0 ], [ 38.75913, 7.67657, 0.0 ], [ 38.75932, 7.6768, 0.0 ], [ 38.75964, 7.6766, 0.0 ], [ 38.75997, 7.67648, 0.0 ], [ 38.7603, 7.67636, 0.0 ], [ 38.76133, 7.67642, 0.0 ], [ 38.762, 7.67634, 0.0 ], [ 38.76227, 7.67648, 0.0 ], [ 38.76261, 7.67652, 0.0 ], [ 38.76298, 7.67681, 0.0 ], [ 38.763, 7.67706, 0.0 ], [ 38.7632, 7.67737, 0.0 ], [ 38.76348, 7.67768, 0.0 ], [ 38.76368, 7.67799, 0.0 ], [ 38.76396, 7.67822, 0.0 ], [ 38.76429, 7.67818, 0.0 ], [ 38.76461, 7.67798, 0.0 ], [ 38.76503, 7.67794, 0.0 ], [ 38.76543, 7.67773, 0.0 ], [ 38.76587, 7.67786, 0.0 ], [ 38.76623, 7.67807, 0.0 ], [ 38.76635, 7.6784, 0.0 ], [ 38.7667, 7.67853, 0.0 ], [ 38.76704, 7.6785, 0.0 ], [ 38.76746, 7.67846, 0.0 ], [ 38.7678, 7.67842, 0.0 ], [ 38.76816, 7.67864, 0.0 ], [ 38.76849, 7.67852, 0.0 ], [ 38.76862, 7.67817, 0.0 ], [ 38.76858, 7.67775, 0.0 ], [ 38.76871, 7.6774, 0.0 ], [ 38.76901, 7.67712, 0.0 ], [ 38.76935, 7.67709, 0.0 ], [ 38.76968, 7.67705, 0.0 ], [ 38.77001, 7.67693, 0.0 ], [ 38.77034, 7.6769, 0.0 ], [ 38.7706, 7.67695, 0.0 ], [ 38.77081, 7.67727, 0.0 ], [ 38.771, 7.67741, 0.0 ], [ 38.77094, 7.67692, 0.0 ], [ 38.77099, 7.67666, 0.0 ], [ 38.77105, 7.6764, 0.0 ], [ 38.77137, 7.67629, 0.0 ], [ 38.77171, 7.67625, 0.0 ], [ 38.77221, 7.6762, 0.0 ], [ 38.77246, 7.67617, 0.0 ], [ 38.77266, 7.67648, 0.0 ], [ 38.77287, 7.67679, 0.0 ], [ 38.77307, 7.67702, 0.0 ], [ 38.7734, 7.67699, 0.0 ], [ 38.77371, 7.67671, 0.0 ], [ 38.7742, 7.67657, 0.0 ], [ 38.7746, 7.67644, 0.0 ], [ 38.77495, 7.67649, 0.0 ], [ 38.7753, 7.67662, 0.0 ], [ 38.77565, 7.67675, 0.0 ], [ 38.776, 7.6768, 0.0 ], [ 38.77634, 7.67684, 0.0 ], [ 38.77693, 7.67678, 0.0 ], [ 38.77734, 7.67674, 0.0 ], [ 38.77776, 7.67669, 0.0 ], [ 38.77818, 7.67665, 0.0 ], [ 38.77853, 7.6767, 0.0 ], [ 38.7789, 7.67691, 0.0 ], [ 38.77926, 7.67704, 0.0 ], [ 38.7797, 7.67717, 0.0 ], [ 38.77998, 7.67731, 0.0 ], [ 38.78027, 7.67753, 0.0 ], [ 38.78048, 7.67784, 0.0 ], [ 38.7807, 7.67816, 0.0 ], [ 38.78092, 7.67848, 0.0 ], [ 38.78153, 7.67969, 0.0 ], [ 38.78171, 7.67976, 0.0 ], [ 38.78207, 7.67989, 0.0 ], [ 38.78244, 7.68003, 0.0 ], [ 38.78282, 7.68025, 0.0 ], [ 38.78311, 7.68047, 0.0 ], [ 38.78342, 7.68079, 0.0 ], [ 38.78373, 7.68118, 0.0 ], [ 38.78385, 7.68142, 0.0 ], [ 38.78399, 7.68184, 0.0 ], [ 38.78403, 7.68209, 0.0 ], [ 38.78408, 7.68243, 0.0 ], [ 38.78403, 7.68269, 0.0 ], [ 38.78383, 7.68306, 0.0 ], [ 38.78371, 7.68343, 0.0 ], [ 38.78368, 7.68378, 0.0 ], [ 38.78374, 7.6842, 0.0 ], [ 38.78369, 7.68447, 0.0 ], [ 38.78365, 7.68482, 0.0 ], [ 38.78363, 7.68526, 0.0 ], [ 38.7835, 7.68554, 0.0 ], [ 38.78335, 7.68574, 0.0 ], [ 38.78364, 7.68596, 0.0 ], [ 38.78411, 7.68625, 0.0 ], [ 38.78417, 7.68669, 0.0 ], [ 38.78414, 7.68704, 0.0 ], [ 38.78393, 7.68742, 0.0 ], [ 38.78361, 7.68755, 0.0 ], [ 38.7834, 7.68793, 0.0 ], [ 38.78322, 7.68848, 0.0 ], [ 38.78332, 7.68934, 0.0 ], [ 38.78309, 7.68954, 0.0 ], [ 38.78287, 7.68976, 0.0 ], [ 38.78247, 7.69, 0.0 ], [ 38.78217, 7.6903, 0.0 ], [ 38.78194, 7.69051, 0.0 ], [ 38.78172, 7.69081, 0.0 ], [ 38.7821, 7.69103, 0.0 ], [ 38.78233, 7.69145, 0.0 ], [ 38.78247, 7.69188, 0.0 ], [ 38.78252, 7.69223, 0.0 ], [ 38.78256, 7.69258, 0.0 ], [ 38.78254, 7.69296, 0.0 ], [ 38.78251, 7.69334, 0.0 ], [ 38.78221, 7.69374, 0.0 ], [ 38.78198, 7.69395, 0.0 ], [ 38.78173, 7.69407, 0.0 ], [ 38.78195, 7.69441, 0.0 ], [ 38.78217, 7.69475, 0.0 ], [ 38.78255, 7.69489, 0.0 ], [ 38.78289, 7.69485, 0.0 ], [ 38.78327, 7.69499, 0.0 ], [ 38.7834, 7.69533, 0.0 ], [ 38.78337, 7.69571, 0.0 ], [ 38.78333, 7.69672, 0.0 ], [ 38.78369, 7.69677, 0.0 ], [ 38.78405, 7.69682, 0.0 ], [ 38.78433, 7.69688, 0.0 ], [ 38.78428, 7.69716, 0.0 ], [ 38.78471, 7.69711, 0.0 ], [ 38.78499, 7.69717, 0.0 ], [ 38.78486, 7.69755, 0.0 ], [ 38.7849, 7.69782, 0.0 ], [ 38.78528, 7.69796, 0.0 ], [ 38.78556, 7.69811, 0.0 ], [ 38.78562, 7.69848, 0.0 ], [ 38.78575, 7.69875, 0.0 ], [ 38.78599, 7.69854, 0.0 ], [ 38.78621, 7.69823, 0.0 ], [ 38.78662, 7.69857, 0.0 ], [ 38.78676, 7.69893, 0.0 ], [ 38.78682, 7.6993, 0.0 ], [ 38.78697, 7.69967, 0.0 ], [ 38.78721, 7.70002, 0.0 ], [ 38.78756, 7.69998, 0.0 ], [ 38.78793, 7.70004, 0.0 ], [ 38.78828, 7.7, 0.0 ], [ 38.78862, 7.70044, 0.0 ], [ 38.78876, 7.70072, 0.0 ], [ 38.78908, 7.70106, 0.0 ], [ 38.7894, 7.70132, 0.0 ], [ 38.78981, 7.70165, 0.0 ], [ 38.79003, 7.70191, 0.0 ], [ 38.79018, 7.70228, 0.0 ], [ 38.79035, 7.70283, 0.0 ], [ 38.79039, 7.70311, 0.0 ], [ 38.79018, 7.70351, 0.0 ], [ 38.78997, 7.70391, 0.0 ], [ 38.78994, 7.70429, 0.0 ], [ 38.78963, 7.70471, 0.0 ], [ 38.78927, 7.70475, 0.0 ], [ 38.78883, 7.70479, 0.0 ], [ 38.7885, 7.70502, 0.0 ], [ 38.78855, 7.7054, 0.0 ], [ 38.78807, 7.70583, 0.0 ], [ 38.78718, 7.70602, 0.0 ], [ 38.78721, 7.70621, 0.0 ], [ 38.78707, 7.70651, 0.0 ], [ 38.78671, 7.70655, 0.0 ], [ 38.78638, 7.70678, 0.0 ], [ 38.78615, 7.70709, 0.0 ], [ 38.78581, 7.70732, 0.0 ], [ 38.78548, 7.70755, 0.0 ], [ 38.78515, 7.70778, 0.0 ], [ 38.7848, 7.70791, 0.0 ], [ 38.7843, 7.70826, 0.0 ], [ 38.78396, 7.70849, 0.0 ], [ 38.78367, 7.70833, 0.0 ], [ 38.78353, 7.70796, 0.0 ], [ 38.78306, 7.70791, 0.0 ], [ 38.78279, 7.70794, 0.0 ], [ 38.78247, 7.70827, 0.0 ], [ 38.78251, 7.70855, 0.0 ], [ 38.78212, 7.7084, 0.0 ], [ 38.78179, 7.70863, 0.0 ], [ 38.78145, 7.70886, 0.0 ], [ 38.78122, 7.70918, 0.0 ], [ 38.78075, 7.70913, 0.0 ], [ 38.78027, 7.70898, 0.0 ], [ 38.77948, 7.70848, 0.0 ], [ 38.77939, 7.70849, 0.0 ], [ 38.77904, 7.70863, 0.0 ], [ 38.7787, 7.70885, 0.0 ], [ 38.77825, 7.7089, 0.0 ], [ 38.77787, 7.70884, 0.0 ], [ 38.77749, 7.70869, 0.0 ], [ 38.77718, 7.70843, 0.0 ], [ 38.7768, 7.70828, 0.0 ], [ 38.77626, 7.70833, 0.0 ], [ 38.77592, 7.70856, 0.0 ], [ 38.77558, 7.70879, 0.0 ], [ 38.77524, 7.70902, 0.0 ], [ 38.7749, 7.70924, 0.0 ], [ 38.77446, 7.70939, 0.0 ], [ 38.7741, 7.70942, 0.0 ], [ 38.77374, 7.70946, 0.0 ], [ 38.7734, 7.70969, 0.0 ], [ 38.77302, 7.70963, 0.0 ], [ 38.77265, 7.70957, 0.0 ], [ 38.7722, 7.70962, 0.0 ], [ 38.77184, 7.70966, 0.0 ], [ 38.77149, 7.70979, 0.0 ], [ 38.77116, 7.71011, 0.0 ], [ 38.77081, 7.71034, 0.0 ], [ 38.77036, 7.71039, 0.0 ], [ 38.77, 7.71043, 0.0 ], [ 38.76877, 7.71007, 0.0 ], [ 38.7684, 7.71001, 0.0 ], [ 38.76803, 7.70995, 0.0 ], [ 38.76767, 7.70999, 0.0 ], [ 38.76722, 7.71003, 0.0 ], [ 38.76686, 7.71007, 0.0 ], [ 38.76649, 7.71011, 0.0 ], [ 38.76595, 7.71017, 0.0 ], [ 38.76574, 7.7099, 0.0 ], [ 38.76526, 7.70966, 0.0 ], [ 38.7649, 7.70969, 0.0 ], [ 38.76456, 7.70992, 0.0 ], [ 38.76411, 7.70997, 0.0 ], [ 38.76389, 7.70961, 0.0 ], [ 38.76351, 7.70945, 0.0 ], [ 38.76315, 7.70949, 0.0 ], [ 38.7627, 7.70954, 0.0 ], [ 38.76234, 7.70957, 0.0 ], [ 38.76177, 7.70925, 0.0 ], [ 38.76139, 7.70909, 0.0 ], [ 38.76119, 7.70892, 0.0 ], [ 38.76107, 7.70855, 0.0 ], [ 38.76103, 7.70807, 0.0 ], [ 38.76063, 7.70763, 0.0 ], [ 38.76041, 7.70718, 0.0 ], [ 38.76029, 7.7069, 0.0 ], [ 38.76025, 7.70643, 0.0 ], [ 38.76023, 7.70615, 0.0 ], [ 38.76019, 7.70568, 0.0 ], [ 38.76024, 7.7052, 0.0 ], [ 38.76034, 7.70434, 0.0 ], [ 38.76032, 7.70406, 0.0 ], [ 38.76029, 7.70369, 0.0 ], [ 38.76017, 7.70332, 0.0 ], [ 38.7598, 7.70327, 0.0 ], [ 38.75976, 7.70281, 0.0 ], [ 38.75982, 7.70243, 0.0 ], [ 38.75979, 7.70206, 0.0 ], [ 38.75968, 7.70179, 0.0 ], [ 38.75947, 7.70144, 0.0 ], [ 38.75917, 7.7011, 0.0 ], [ 38.75906, 7.70083, 0.0 ], [ 38.75877, 7.70058, 0.0 ], [ 38.7584, 7.70044, 0.0 ], [ 38.75836, 7.69998, 0.0 ], [ 38.75842, 7.6996, 0.0 ], [ 38.75848, 7.69923, 0.0 ], [ 38.75854, 7.69885, 0.0 ], [ 38.75859, 7.69848, 0.0 ], [ 38.75844, 7.69781, 0.0 ], [ 38.75838, 7.69735, 0.0 ], [ 38.75832, 7.69688, 0.0 ], [ 38.75799, 7.69569, 0.0 ], [ 38.75755, 7.69508, 0.0 ], [ 38.75745, 7.69425, 0.0 ], [ 38.75707, 7.69336, 0.0 ], [ 38.75692, 7.69292, 0.0 ], [ 38.75658, 7.6923, 0.0 ], [ 38.75611, 7.69143, 0.0 ], [ 38.75615, 7.69039, 0.0 ], [ 38.75569, 7.68952, 0.0 ], [ 38.75538, 7.68846, 0.0 ], [ 38.75497, 7.68732, 0.0 ], [ 38.75496, 7.6865, 0.0 ], [ 38.75477, 7.68571, 0.0 ], [ 38.75531, 7.6844, 0.0 ], [ 38.75572, 7.6841, 0.0 ], [ 38.75629, 7.68378, 0.0 ], [ 38.75671, 7.68294, 0.0 ], [ 38.75729, 7.68262, 0.0 ], [ 38.75666, 7.6825, 0.0 ], [ 38.75581, 7.68206, 0.0 ], [ 38.75533, 7.68167, 0.0 ], [ 38.75494, 7.68135, 0.0 ], [ 38.75486, 7.68066, 0.0 ], [ 38.75481, 7.67954, 0.0 ], [ 38.75462, 7.67869, 0.0 ], [ 38.7546, 7.67783, 0.0 ], [ 38.75415, 7.67701, 0.0 ], [ 38.75389, 7.67626, 0.0 ], [ 38.75362, 7.67552, 0.0 ], [ 38.75345, 7.67477, 0.0 ], [ 38.75303, 7.67421, 0.0 ], [ 38.75295, 7.67354, 0.0 ], [ 38.75242, 7.67334, 0.0 ], [ 38.75192, 7.67348, 0.0 ], [ 38.75136, 7.67379, 0.0 ], [ 38.75137, 7.67464, 0.0 ], [ 38.75113, 7.67552, 0.0 ], [ 38.75087, 7.67623, 0.0 ], [ 38.75065, 7.67729, 0.0 ], [ 38.75021, 7.67802, 0.0 ], [ 38.75021, 7.6788, 0.0 ], [ 38.75067, 7.6798, 0.0 ], [ 38.75087, 7.68073, 0.0 ], [ 38.75127, 7.682, 0.0 ], [ 38.75081, 7.68257, 0.0 ], [ 38.75064, 7.68339, 0.0 ], [ 38.74983, 7.68393, 0.0 ], [ 38.74931, 7.6847, 0.0 ], [ 38.74858, 7.68531, 0.0 ], [ 38.74788, 7.6853, 0.0 ], [ 38.74742, 7.68588, 0.0 ], [ 38.74729, 7.68634, 0.0 ], [ 38.74684, 7.6863, 0.0 ], [ 38.74645, 7.6867, 0.0 ], [ 38.74614, 7.68718, 0.0 ], [ 38.74563, 7.68732, 0.0 ], [ 38.74495, 7.68757, 0.0 ], [ 38.74439, 7.68808, 0.0 ], [ 38.74401, 7.68785, 0.0 ], [ 38.74366, 7.68789, 0.0 ], [ 38.743, 7.68832, 0.0 ], [ 38.74283, 7.68933, 0.0 ], [ 38.74189, 7.6897, 0.0 ], [ 38.74086, 7.68999, 0.0 ], [ 38.73983, 7.69028, 0.0 ], [ 38.73916, 7.69071, 0.0 ], [ 38.73832, 7.69125, 0.0 ], [ 38.73743, 7.69125, 0.0 ], [ 38.73655, 7.69125, 0.0 ], [ 38.73576, 7.69134, 0.0 ], [ 38.73488, 7.69134, 0.0 ], [ 38.73415, 7.69105, 0.0 ], [ 38.73337, 7.69122, 0.0 ], [ 38.73265, 7.69102, 0.0 ], [ 38.73195, 7.69109, 0.0 ], [ 38.73131, 7.6908, 0.0 ], [ 38.73068, 7.69059, 0.0 ], [ 38.73015, 7.69064, 0.0 ], [ 38.7297, 7.69042, 0.0 ], [ 38.72915, 7.69011, 0.0 ], [ 38.72871, 7.69007, 0.0 ], [ 38.72825, 7.68975, 0.0 ], [ 38.72797, 7.68942, 0.0 ], [ 38.72759, 7.68901, 0.0 ], [ 38.72729, 7.68841, 0.0 ], [ 38.72683, 7.68801, 0.0 ], [ 38.72646, 7.68769, 0.0 ], [ 38.7261, 7.68737, 0.0 ], [ 38.72549, 7.68744, 0.0 ], [ 38.7248, 7.68751, 0.0 ], [ 38.72408, 7.68714, 0.0 ], [ 38.7237, 7.68655, 0.0 ], [ 38.72319, 7.68502, 0.0 ], [ 38.72205, 7.68478, 0.0 ], [ 38.72124, 7.68407, 0.0 ], [ 38.72061, 7.68361, 0.0 ], [ 38.72128, 7.68302, 0.0 ], [ 38.72027, 7.68182, 0.0 ], [ 38.71788, 7.67982, 0.0 ] ] ] } },
{ "type": "Feature", "properties": { "waterbody": "Lake Abiyata" }, "geometry": { "type": "Polygon", "coordinates": [ [ [ 38.549, 7.64544, 0.0 ], [ 38.54596, 7.64343, 0.0 ], [ 38.54378, 7.64232, 0.0 ], [ 38.54357, 7.64188, 0.0 ], [ 38.54316, 7.64077, 0.0 ], [ 38.54187, 7.63922, 0.0 ], [ 38.54082, 7.63745, 0.0 ], [ 38.54017, 7.63678, 0.0 ], [ 38.53909, 7.63612, 0.0 ], [ 38.53867, 7.63545, 0.0 ], [ 38.53847, 7.63457, 0.0 ], [ 38.53827, 7.63369, 0.0 ], [ 38.53808, 7.63281, 0.0 ], [ 38.53787, 7.63215, 0.0 ], [ 38.53724, 7.63104, 0.0 ], [ 38.53661, 7.62994, 0.0 ], [ 38.53575, 7.62928, 0.0 ], [ 38.53578, 7.6284, 0.0 ], [ 38.53602, 7.62752, 0.0 ], [ 38.53626, 7.62665, 0.0 ], [ 38.53629, 7.62577, 0.0 ], [ 38.53631, 7.62489, 0.0 ], [ 38.53634, 7.6238, 0.0 ], [ 38.53614, 7.62292, 0.0 ], [ 38.53617, 7.62183, 0.0 ], [ 38.53684, 7.62139, 0.0 ], [ 38.53796, 7.62074, 0.0 ], [ 38.53907, 7.62009, 0.0 ], [ 38.53996, 7.61944, 0.0 ], [ 38.54087, 7.61835, 0.0 ], [ 38.54176, 7.6177, 0.0 ], [ 38.54243, 7.61726, 0.0 ], [ 38.54332, 7.61683, 0.0 ], [ 38.54421, 7.6164, 0.0 ], [ 38.54554, 7.61575, 0.0 ], [ 38.5462, 7.61532, 0.0 ], [ 38.54709, 7.61488, 0.0 ], [ 38.54798, 7.61423, 0.0 ], [ 38.54866, 7.61337, 0.0 ], [ 38.5489, 7.61271, 0.0 ], [ 38.55026, 7.61054, 0.0 ], [ 38.55093, 7.61011, 0.0 ], [ 38.55159, 7.60989, 0.0 ], [ 38.55314, 7.60903, 0.0 ], [ 38.55425, 7.60838, 0.0 ], [ 38.55491, 7.60817, 0.0 ], [ 38.55579, 7.60796, 0.0 ], [ 38.55667, 7.60753, 0.0 ], [ 38.55734, 7.60688, 0.0 ], [ 38.55802, 7.60601, 0.0 ], [ 38.55825, 7.60514, 0.0 ], [ 38.55826, 7.60493, 0.0 ], [ 38.56222, 7.60364, 0.0 ], [ 38.5638, 7.60191, 0.0 ], [ 38.56517, 7.60083, 0.0 ], [ 38.56636, 7.59888, 0.0 ], [ 38.56769, 7.59845, 0.0 ], [ 38.5684, 7.59716, 0.0 ], [ 38.56866, 7.5963, 0.0 ], [ 38.56975, 7.59523, 0.0 ], [ 38.57309, 7.58879, 0.0 ], [ 38.57241, 7.59072, 0.0 ], [ 38.5742, 7.58644, 0.0 ], [ 38.57574, 7.58366, 0.0 ], [ 38.57618, 7.58237, 0.0 ], [ 38.57661, 7.58108, 0.0 ], [ 38.57726, 7.58044, 0.0 ], [ 38.57749, 7.57958, 0.0 ], [ 38.5775, 7.57873, 0.0 ], [ 38.57751, 7.57787, 0.0 ], [ 38.57753, 7.5768, 0.0 ], [ 38.57754, 7.57594, 0.0 ], [ 38.57755, 7.57509, 0.0 ], [ 38.57756, 7.57423, 0.0 ], [ 38.57801, 7.57338, 0.0 ], [ 38.57888, 7.57296, 0.0 ], [ 38.57954, 7.57232, 0.0 ], [ 38.57998, 7.57147, 0.0 ], [ 38.58021, 7.57062, 0.0 ], [ 38.58044, 7.56998, 0.0 ], [ 38.58045, 7.56891, 0.0 ], [ 38.58047, 7.56806, 0.0 ], [ 38.58049, 7.56678, 0.0 ], [ 38.5805, 7.56615, 0.0 ], [ 38.58073, 7.56487, 0.0 ], [ 38.58139, 7.56423, 0.0 ], [ 38.58205, 7.5636, 0.0 ], [ 38.58228, 7.56275, 0.0 ], [ 38.5825, 7.56211, 0.0 ], [ 38.58448, 7.56, 0.0 ], [ 38.58514, 7.55916, 0.0 ], [ 38.58579, 7.55852, 0.0 ], [ 38.58602, 7.55768, 0.0 ], [ 38.58625, 7.55683, 0.0 ], [ 38.58648, 7.55598, 0.0 ], [ 38.58692, 7.55514, 0.0 ], [ 38.58779, 7.55493, 0.0 ], [ 38.58865, 7.55472, 0.0 ], [ 38.58952, 7.55409, 0.0 ], [ 38.58996, 7.55325, 0.0 ], [ 38.59062, 7.55262, 0.0 ], [ 38.59127, 7.55199, 0.0 ], [ 38.59193, 7.55136, 0.0 ], [ 38.59237, 7.55052, 0.0 ], [ 38.59302, 7.54988, 0.0 ], [ 38.59347, 7.54904, 0.0 ], [ 38.59434, 7.54799, 0.0 ], [ 38.59478, 7.54736, 0.0 ], [ 38.59565, 7.54652, 0.0 ], [ 38.59651, 7.54632, 0.0 ], [ 38.59716, 7.54611, 0.0 ], [ 38.59803, 7.54527, 0.0 ], [ 38.59868, 7.54464, 0.0 ], [ 38.59955, 7.54402, 0.0 ], [ 38.60041, 7.5436, 0.0 ], [ 38.60107, 7.54297, 0.0 ], [ 38.60193, 7.54234, 0.0 ], [ 38.60258, 7.54193, 0.0 ], [ 38.60367, 7.54088, 0.0 ], [ 38.60388, 7.54067, 0.0 ], [ 38.6067, 7.53816, 0.0 ], [ 38.60777, 7.53796, 0.0 ], [ 38.60863, 7.53775, 0.0 ], [ 38.60928, 7.53755, 0.0 ], [ 38.61078, 7.53755, 0.0 ], [ 38.61164, 7.53756, 0.0 ], [ 38.61271, 7.53756, 0.0 ], [ 38.61357, 7.53778, 0.0 ], [ 38.61422, 7.53778, 0.0 ], [ 38.6155, 7.53799, 0.0 ], [ 38.61636, 7.53821, 0.0 ], [ 38.61722, 7.53821, 0.0 ], [ 38.61808, 7.53801, 0.0 ], [ 38.61894, 7.53759, 0.0 ], [ 38.6198, 7.53738, 0.0 ], [ 38.62066, 7.53697, 0.0 ], [ 38.62152, 7.53655, 0.0 ], [ 38.62238, 7.53656, 0.0 ], [ 38.62324, 7.53635, 0.0 ], [ 38.6241, 7.53615, 0.0 ], [ 38.62517, 7.53615, 0.0 ], [ 38.62624, 7.53615, 0.0 ], [ 38.6271, 7.53658, 0.0 ], [ 38.62796, 7.53721, 0.0 ], [ 38.62881, 7.53764, 0.0 ], [ 38.62902, 7.53848, 0.0 ], [ 38.62881, 7.53931, 0.0 ], [ 38.62837, 7.54036, 0.0 ], [ 38.62837, 7.54141, 0.0 ], [ 38.62858, 7.54225, 0.0 ], [ 38.62901, 7.5431, 0.0 ], [ 38.62901, 7.54394, 0.0 ], [ 38.629, 7.54478, 0.0 ], [ 38.62943, 7.54562, 0.0 ], [ 38.62986, 7.54647, 0.0 ], [ 38.62986, 7.54731, 0.0 ], [ 38.62985, 7.54858, 0.0 ], [ 38.62985, 7.54984, 0.0 ], [ 38.63028, 7.55047, 0.0 ], [ 38.6307, 7.55153, 0.0 ], [ 38.6307, 7.55259, 0.0 ], [ 38.6307, 7.55343, 0.0 ], [ 38.6307, 7.55449, 0.0 ], [ 38.63134, 7.55492, 0.0 ], [ 38.63198, 7.55598, 0.0 ], [ 38.63134, 7.55682, 0.0 ], [ 38.6324, 7.56319, 0.0 ], [ 38.63198, 7.55894, 0.0 ], [ 38.63197, 7.56, 0.0 ], [ 38.63197, 7.56106, 0.0 ], [ 38.63218, 7.56191, 0.0 ], [ 38.63261, 7.56276, 0.0 ], [ 38.63326, 7.5634, 0.0 ], [ 38.63348, 7.56426, 0.0 ], [ 38.63391, 7.56532, 0.0 ], [ 38.63434, 7.56617, 0.0 ], [ 38.63477, 7.56703, 0.0 ], [ 38.6352, 7.5683, 0.0 ], [ 38.63541, 7.56894, 0.0 ], [ 38.63584, 7.57001, 0.0 ], [ 38.63627, 7.57065, 0.0 ], [ 38.63692, 7.57151, 0.0 ], [ 38.63757, 7.57237, 0.0 ], [ 38.63822, 7.57301, 0.0 ], [ 38.63844, 7.57386, 0.0 ], [ 38.63887, 7.57472, 0.0 ], [ 38.6393, 7.57557, 0.0 ], [ 38.63995, 7.57643, 0.0 ], [ 38.64038, 7.57729, 0.0 ], [ 38.64082, 7.57772, 0.0 ], [ 38.64125, 7.57879, 0.0 ], [ 38.64147, 7.57943, 0.0 ], [ 38.6419, 7.58051, 0.0 ], [ 38.6419, 7.58158, 0.0 ], [ 38.6419, 7.58244, 0.0 ], [ 38.6419, 7.58329, 0.0 ], [ 38.6419, 7.58415, 0.0 ], [ 38.6419, 7.58523, 0.0 ], [ 38.6419, 7.58651, 0.0 ], [ 38.64212, 7.58738, 0.0 ], [ 38.64212, 7.58824, 0.0 ], [ 38.64234, 7.5891, 0.0 ], [ 38.64277, 7.58996, 0.0 ], [ 38.64299, 7.59061, 0.0 ], [ 38.64342, 7.59276, 0.0 ], [ 38.64364, 7.59363, 0.0 ], [ 38.64408, 7.59449, 0.0 ], [ 38.64386, 7.59514, 0.0 ], [ 38.64299, 7.59578, 0.0 ], [ 38.64212, 7.59621, 0.0 ], [ 38.64212, 7.59707, 0.0 ], [ 38.64168, 7.59815, 0.0 ], [ 38.64147, 7.59902, 0.0 ], [ 38.64103, 7.59988, 0.0 ], [ 38.64168, 7.60031, 0.0 ], [ 38.64277, 7.59967, 0.0 ], [ 38.64386, 7.60011, 0.0 ], [ 38.64452, 7.60098, 0.0 ], [ 38.64517, 7.60163, 0.0 ], [ 38.64539, 7.60228, 0.0 ], [ 38.64605, 7.60423, 0.0 ], [ 38.64649, 7.60597, 0.0 ], [ 38.64671, 7.60684, 0.0 ], [ 38.64693, 7.60771, 0.0 ], [ 38.64715, 7.60879, 0.0 ], [ 38.64715, 7.60988, 0.0 ], [ 38.64737, 7.61032, 0.0 ], [ 38.64802, 7.61163, 0.0 ], [ 38.64824, 7.61228, 0.0 ], [ 38.64912, 7.61359, 0.0 ], [ 38.64956, 7.61425, 0.0 ], [ 38.64978, 7.61534, 0.0 ], [ 38.65, 7.61621, 0.0 ], [ 38.65, 7.61708, 0.0 ], [ 38.65001, 7.61774, 0.0 ], [ 38.64979, 7.61905, 0.0 ], [ 38.64935, 7.61992, 0.0 ], [ 38.64935, 7.62079, 0.0 ], [ 38.6498, 7.62276, 0.0 ], [ 38.64849, 7.62626, 0.0 ], [ 38.64783, 7.62911, 0.0 ], [ 38.64608, 7.63174, 0.0 ], [ 38.64432, 7.63327, 0.0 ], [ 38.64168, 7.63568, 0.0 ], [ 38.6386, 7.63787, 0.0 ], [ 38.63573, 7.6394, 0.0 ], [ 38.63154, 7.64159, 0.0 ], [ 38.62867, 7.64291, 0.0 ], [ 38.62514, 7.64444, 0.0 ], [ 38.62227, 7.64487, 0.0 ], [ 38.61984, 7.64619, 0.0 ], [ 38.61762, 7.64773, 0.0 ], [ 38.61496, 7.64905, 0.0 ], [ 38.61186, 7.64992, 0.0 ], [ 38.60854, 7.65146, 0.0 ], [ 38.60345, 7.65233, 0.0 ], [ 38.60212, 7.65277, 0.0 ], [ 38.60145, 7.65298, 0.0 ], [ 38.60034, 7.6532, 0.0 ], [ 38.59946, 7.6532, 0.0 ], [ 38.59835, 7.65319, 0.0 ], [ 38.59725, 7.65319, 0.0 ], [ 38.59614, 7.65318, 0.0 ], [ 38.59504, 7.6534, 0.0 ], [ 38.59415, 7.65384, 0.0 ], [ 38.59326, 7.65406, 0.0 ], [ 38.59237, 7.65406, 0.0 ], [ 38.59149, 7.65405, 0.0 ], [ 38.59061, 7.6536, 0.0 ], [ 38.58973, 7.6536, 0.0 ], [ 38.58862, 7.6536, 0.0 ], [ 38.58773, 7.65404, 0.0 ], [ 38.58684, 7.65426, 0.0 ], [ 38.58596, 7.65447, 0.0 ], [ 38.58506, 7.65492, 0.0 ], [ 38.58418, 7.65513, 0.0 ], [ 38.58329, 7.65513, 0.0 ], [ 38.58084, 7.65623, 0.0 ], [ 38.57907, 7.65645, 0.0 ], [ 38.57575, 7.65621, 0.0 ], [ 38.57265, 7.6562, 0.0 ], [ 38.56956, 7.65596, 0.0 ], [ 38.56691, 7.65573, 0.0 ], [ 38.56383, 7.65483, 0.0 ], [ 38.56031, 7.6537, 0.0 ], [ 38.55249, 7.64723, 0.0 ], [ 38.549, 7.64544, 0.0 ] ] ] } },
{ "type": "Feature", "properties": { "waterbody": "Lake Shalla" }, "geometry": { "type": "Polygon", "coordinates": [ [ [ 38.47404, 7.51784, 0.0 ], [ 38.47374, 7.51812, 0.0 ], [ 38.47226, 7.51866, 0.0 ], [ 38.47137, 7.51921, 0.0 ], [ 38.46991, 7.51917, 0.0 ], [ 38.46873, 7.51914, 0.0 ], [ 38.46757, 7.51853, 0.0 ], [ 38.46672, 7.51764, 0.0 ], [ 38.46556, 7.51674, 0.0 ], [ 38.46468, 7.517, 0.0 ], [ 38.46436, 7.51815, 0.0 ], [ 38.46374, 7.51931, 0.0 ], [ 38.46283, 7.52016, 0.0 ], [ 38.4625, 7.52132, 0.0 ], [ 38.46217, 7.52305, 0.0 ], [ 38.46155, 7.5242, 0.0 ], [ 38.46094, 7.52506, 0.0 ], [ 38.45975, 7.52561, 0.0 ], [ 38.45885, 7.52617, 0.0 ], [ 38.45911, 7.52734, 0.0 ], [ 38.45821, 7.52819, 0.0 ], [ 38.45702, 7.52874, 0.0 ], [ 38.45611, 7.52959, 0.0 ], [ 38.45549, 7.53074, 0.0 ], [ 38.45458, 7.53188, 0.0 ], [ 38.45311, 7.53184, 0.0 ], [ 38.45193, 7.53211, 0.0 ], [ 38.45074, 7.53266, 0.0 ], [ 38.44957, 7.53262, 0.0 ], [ 38.4484, 7.5323, 0.0 ], [ 38.44637, 7.53167, 0.0 ], [ 38.4449, 7.53163, 0.0 ], [ 38.44198, 7.53125, 0.0 ], [ 38.44201, 7.5301, 0.0 ], [ 38.44088, 7.52917, 0.0 ], [ 38.43917, 7.52709, 0.0 ], [ 38.43889, 7.52651, 0.0 ], [ 38.43802, 7.52562, 0.0 ], [ 38.43688, 7.52471, 0.0 ], [ 38.4357, 7.52468, 0.0 ], [ 38.43453, 7.52466, 0.0 ], [ 38.43335, 7.52463, 0.0 ], [ 38.43188, 7.52459, 0.0 ], [ 38.43126, 7.52574, 0.0 ], [ 38.43065, 7.52688, 0.0 ], [ 38.43003, 7.52803, 0.0 ], [ 38.42884, 7.52858, 0.0 ], [ 38.42766, 7.52855, 0.0 ], [ 38.42649, 7.52852, 0.0 ], [ 38.42532, 7.52849, 0.0 ], [ 38.42414, 7.52846, 0.0 ], [ 38.42298, 7.52814, 0.0 ], [ 38.42242, 7.52696, 0.0 ], [ 38.42273, 7.5261, 0.0 ], [ 38.42335, 7.52495, 0.0 ], [ 38.42309, 7.52378, 0.0 ], [ 38.42162, 7.52403, 0.0 ], [ 38.42072, 7.52459, 0.0 ], [ 38.41954, 7.52485, 0.0 ], [ 38.41839, 7.52395, 0.0 ], [ 38.41754, 7.52276, 0.0 ], [ 38.41638, 7.52215, 0.0 ], [ 38.41523, 7.52124, 0.0 ], [ 38.41438, 7.52006, 0.0 ], [ 38.41322, 7.51973, 0.0 ], [ 38.41175, 7.5197, 0.0 ], [ 38.41028, 7.51966, 0.0 ], [ 38.40881, 7.51962, 0.0 ], [ 38.40767, 7.51842, 0.0 ], [ 38.40775, 7.51581, 0.0 ], [ 38.40753, 7.51289, 0.0 ], [ 38.40734, 7.50939, 0.0 ], [ 38.40677, 7.50879, 0.0 ], [ 38.40622, 7.50761, 0.0 ], [ 38.40507, 7.507, 0.0 ], [ 38.40391, 7.50667, 0.0 ], [ 38.40335, 7.50549, 0.0 ], [ 38.40425, 7.50465, 0.0 ], [ 38.40515, 7.5038, 0.0 ], [ 38.40518, 7.50264, 0.0 ], [ 38.40492, 7.50118, 0.0 ], [ 38.40465, 7.50001, 0.0 ], [ 38.40439, 7.49884, 0.0 ], [ 38.40353, 7.49794, 0.0 ], [ 38.40268, 7.49704, 0.0 ], [ 38.40153, 7.49585, 0.0 ], [ 38.40069, 7.49466, 0.0 ], [ 38.40013, 7.49348, 0.0 ], [ 38.39958, 7.49202, 0.0 ], [ 38.39932, 7.49084, 0.0 ], [ 38.39877, 7.48937, 0.0 ], [ 38.3988, 7.4885, 0.0 ], [ 38.39824, 7.48732, 0.0 ], [ 38.39827, 7.48616, 0.0 ], [ 38.39831, 7.48471, 0.0 ], [ 38.39775, 7.48382, 0.0 ], [ 38.3975, 7.48236, 0.0 ], [ 38.39723, 7.48118, 0.0 ], [ 38.39612, 7.47912, 0.0 ], [ 38.39619, 7.4765, 0.0 ], [ 38.3962, 7.47592, 0.0 ], [ 38.39565, 7.47445, 0.0 ], [ 38.39538, 7.47386, 0.0 ], [ 38.39481, 7.47297, 0.0 ], [ 38.39402, 7.46975, 0.0 ], [ 38.39468, 7.46715, 0.0 ], [ 38.39471, 7.46598, 0.0 ], [ 38.39475, 7.46453, 0.0 ], [ 38.39451, 7.46249, 0.0 ], [ 38.39455, 7.46103, 0.0 ], [ 38.39399, 7.45985, 0.0 ], [ 38.39343, 7.45896, 0.0 ], [ 38.39228, 7.45806, 0.0 ], [ 38.39142, 7.45746, 0.0 ], [ 38.39087, 7.45628, 0.0 ], [ 38.39061, 7.45482, 0.0 ], [ 38.39006, 7.45364, 0.0 ], [ 38.38894, 7.45157, 0.0 ], [ 38.38896, 7.4507, 0.0 ], [ 38.389, 7.44924, 0.0 ], [ 38.38932, 7.44809, 0.0 ], [ 38.38993, 7.44723, 0.0 ], [ 38.39055, 7.44608, 0.0 ], [ 38.39059, 7.44463, 0.0 ], [ 38.39032, 7.44375, 0.0 ], [ 38.38915, 7.44342, 0.0 ], [ 38.3886, 7.44225, 0.0 ], [ 38.38804, 7.44107, 0.0 ], [ 38.38808, 7.43961, 0.0 ], [ 38.38841, 7.43817, 0.0 ], [ 38.38903, 7.43731, 0.0 ], [ 38.39021, 7.43705, 0.0 ], [ 38.39111, 7.43649, 0.0 ], [ 38.39115, 7.43533, 0.0 ], [ 38.39059, 7.43415, 0.0 ], [ 38.39004, 7.43297, 0.0 ], [ 38.39036, 7.43182, 0.0 ], [ 38.39155, 7.43098, 0.0 ], [ 38.39393, 7.42987, 0.0 ], [ 38.39482, 7.42961, 0.0 ], [ 38.39572, 7.42876, 0.0 ], [ 38.39691, 7.42821, 0.0 ], [ 38.39752, 7.42706, 0.0 ], [ 38.39814, 7.42591, 0.0 ], [ 38.39933, 7.42536, 0.0 ], [ 38.40051, 7.4251, 0.0 ], [ 38.40228, 7.42486, 0.0 ], [ 38.40375, 7.4249, 0.0 ], [ 38.40494, 7.42435, 0.0 ], [ 38.40614, 7.42351, 0.0 ], [ 38.40705, 7.42237, 0.0 ], [ 38.40795, 7.42152, 0.0 ], [ 38.40885, 7.42096, 0.0 ], [ 38.40946, 7.4201, 0.0 ], [ 38.41121, 7.42044, 0.0 ], [ 38.41268, 7.42048, 0.0 ], [ 38.41444, 7.42053, 0.0 ], [ 38.41562, 7.42027, 0.0 ], [ 38.41681, 7.41972, 0.0 ], [ 38.418, 7.41917, 0.0 ], [ 38.41886, 7.42007, 0.0 ], [ 38.41973, 7.42097, 0.0 ], [ 38.42153, 7.42104, 0.0 ], [ 38.42243, 7.42137, 0.0 ], [ 38.4236, 7.42199, 0.0 ], [ 38.42414, 7.42287, 0.0 ], [ 38.42529, 7.42347, 0.0 ], [ 38.42646, 7.42351, 0.0 ], [ 38.42937, 7.42298, 0.0 ], [ 38.42964, 7.42356, 0.0 ], [ 38.4308, 7.42359, 0.0 ], [ 38.43199, 7.42304, 0.0 ], [ 38.43317, 7.42278, 0.0 ], [ 38.43372, 7.42396, 0.0 ], [ 38.43368, 7.42541, 0.0 ], [ 38.43395, 7.42629, 0.0 ], [ 38.43487, 7.42515, 0.0 ], [ 38.43548, 7.4243, 0.0 ], [ 38.4358, 7.42344, 0.0 ], [ 38.43696, 7.42405, 0.0 ], [ 38.43813, 7.42437, 0.0 ], [ 38.43931, 7.42441, 0.0 ], [ 38.44047, 7.42444, 0.0 ], [ 38.44281, 7.42479, 0.0 ], [ 38.44369, 7.42481, 0.0 ], [ 38.44487, 7.42455, 0.0 ], [ 38.44605, 7.42429, 0.0 ], [ 38.4475, 7.42491, 0.0 ], [ 38.44866, 7.42523, 0.0 ], [ 38.44984, 7.42526, 0.0 ], [ 38.45101, 7.42529, 0.0 ], [ 38.45217, 7.42562, 0.0 ], [ 38.45334, 7.42594, 0.0 ], [ 38.45449, 7.42655, 0.0 ], [ 38.45592, 7.42805, 0.0 ], [ 38.4565, 7.42864, 0.0 ], [ 38.45646, 7.4301, 0.0 ], [ 38.45643, 7.43156, 0.0 ], [ 38.4561, 7.43271, 0.0 ], [ 38.45578, 7.43387, 0.0 ], [ 38.45574, 7.43503, 0.0 ], [ 38.45571, 7.43619, 0.0 ], [ 38.45568, 7.43735, 0.0 ], [ 38.45624, 7.43853, 0.0 ], [ 38.45619, 7.43998, 0.0 ], [ 38.45615, 7.44143, 0.0 ], [ 38.45611, 7.4426, 0.0 ], [ 38.45727, 7.44321, 0.0 ], [ 38.45817, 7.44265, 0.0 ], [ 38.45937, 7.44182, 0.0 ], [ 38.46055, 7.44185, 0.0 ], [ 38.46174, 7.44159, 0.0 ], [ 38.46294, 7.44076, 0.0 ], [ 38.46441, 7.44021, 0.0 ], [ 38.46531, 7.43965, 0.0 ], [ 38.46647, 7.43968, 0.0 ], [ 38.46762, 7.44058, 0.0 ], [ 38.46818, 7.44146, 0.0 ], [ 38.46903, 7.44265, 0.0 ], [ 38.47049, 7.44269, 0.0 ], [ 38.47166, 7.44301, 0.0 ], [ 38.47252, 7.44391, 0.0 ], [ 38.47367, 7.44481, 0.0 ], [ 38.47482, 7.44542, 0.0 ], [ 38.47598, 7.44603, 0.0 ], [ 38.47713, 7.44665, 0.0 ], [ 38.47862, 7.4461, 0.0 ], [ 38.47951, 7.44554, 0.0 ], [ 38.48071, 7.4447, 0.0 ], [ 38.48161, 7.44386, 0.0 ], [ 38.4828, 7.44331, 0.0 ], [ 38.4837, 7.44275, 0.0 ], [ 38.4846, 7.4419, 0.0 ], [ 38.48464, 7.44045, 0.0 ], [ 38.48468, 7.43899, 0.0 ], [ 38.48472, 7.43755, 0.0 ], [ 38.48505, 7.43641, 0.0 ], [ 38.48596, 7.43556, 0.0 ], [ 38.48685, 7.43499, 0.0 ], [ 38.48804, 7.43415, 0.0 ], [ 38.48927, 7.43185, 0.0 ], [ 38.48956, 7.43185, 0.0 ], [ 38.49018, 7.43071, 0.0 ], [ 38.4908, 7.42956, 0.0 ], [ 38.4917, 7.42871, 0.0 ], [ 38.49174, 7.42726, 0.0 ], [ 38.49207, 7.42611, 0.0 ], [ 38.49211, 7.42497, 0.0 ], [ 38.49271, 7.42379, 0.0 ], [ 38.49304, 7.42263, 0.0 ], [ 38.49394, 7.42178, 0.0 ], [ 38.49398, 7.42032, 0.0 ], [ 38.49402, 7.41888, 0.0 ], [ 38.49406, 7.41774, 0.0 ], [ 38.49496, 7.41689, 0.0 ], [ 38.49614, 7.41632, 0.0 ], [ 38.49705, 7.41547, 0.0 ], [ 38.49822, 7.41549, 0.0 ], [ 38.49907, 7.41638, 0.0 ], [ 38.49997, 7.41583, 0.0 ], [ 38.50001, 7.41438, 0.0 ], [ 38.50004, 7.41322, 0.0 ], [ 38.50037, 7.41177, 0.0 ], [ 38.50098, 7.41092, 0.0 ], [ 38.5016, 7.4098, 0.0 ], [ 38.50249, 7.40954, 0.0 ], [ 38.50305, 7.41039, 0.0 ], [ 38.50421, 7.411, 0.0 ], [ 38.50512, 7.40985, 0.0 ], [ 38.50516, 7.40841, 0.0 ], [ 38.5046, 7.40722, 0.0 ], [ 38.50344, 7.40665, 0.0 ], [ 38.50259, 7.40576, 0.0 ], [ 38.50263, 7.4043, 0.0 ], [ 38.50237, 7.40285, 0.0 ], [ 38.50182, 7.40173, 0.0 ], [ 38.50156, 7.40059, 0.0 ], [ 38.50247, 7.39947, 0.0 ], [ 38.50364, 7.3994, 0.0 ], [ 38.50453, 7.39882, 0.0 ], [ 38.50486, 7.39774, 0.0 ], [ 38.50518, 7.39663, 0.0 ], [ 38.50637, 7.39604, 0.0 ], [ 38.50754, 7.39607, 0.0 ], [ 38.50929, 7.39612, 0.0 ], [ 38.51047, 7.39615, 0.0 ], [ 38.51193, 7.39622, 0.0 ], [ 38.51338, 7.39632, 0.0 ], [ 38.51455, 7.39657, 0.0 ], [ 38.51745, 7.39854, 0.0 ], [ 38.51806, 7.39768, 0.0 ], [ 38.51925, 7.39713, 0.0 ], [ 38.51987, 7.39598, 0.0 ], [ 38.52048, 7.39487, 0.0 ], [ 38.52136, 7.39409, 0.0 ], [ 38.52254, 7.39386, 0.0 ], [ 38.52371, 7.39389, 0.0 ], [ 38.52429, 7.39496, 0.0 ], [ 38.52605, 7.39528, 0.0 ], [ 38.52807, 7.3962, 0.0 ], [ 38.52953, 7.39655, 0.0 ], [ 38.53067, 7.39718, 0.0 ], [ 38.53211, 7.39839, 0.0 ], [ 38.53296, 7.39957, 0.0 ], [ 38.5341, 7.39966, 0.0 ], [ 38.53499, 7.40047, 0.0 ], [ 38.53585, 7.40165, 0.0 ], [ 38.53702, 7.40168, 0.0 ], [ 38.53821, 7.40113, 0.0 ], [ 38.53883, 7.39998, 0.0 ], [ 38.53974, 7.39883, 0.0 ], [ 38.54007, 7.39767, 0.0 ], [ 38.54011, 7.39622, 0.0 ], [ 38.54014, 7.39477, 0.0 ], [ 38.54075, 7.39365, 0.0 ], [ 38.54194, 7.3931, 0.0 ], [ 38.54342, 7.39311, 0.0 ], [ 38.54431, 7.39228, 0.0 ], [ 38.54517, 7.39152, 0.0 ], [ 38.54665, 7.39179, 0.0 ], [ 38.54754, 7.39181, 0.0 ], [ 38.54871, 7.39156, 0.0 ], [ 38.54988, 7.39132, 0.0 ], [ 38.55134, 7.39135, 0.0 ], [ 38.55284, 7.39134, 0.0 ], [ 38.55463, 7.39022, 0.0 ], [ 38.55747, 7.39047, 0.0 ], [ 38.55747, 7.39094, 0.0 ], [ 38.55819, 7.39191, 0.0 ], [ 38.55915, 7.39266, 0.0 ], [ 38.56012, 7.39317, 0.0 ], [ 38.56109, 7.39321, 0.0 ], [ 38.56225, 7.39332, 0.0 ], [ 38.56297, 7.39405, 0.0 ], [ 38.5642, 7.39502, 0.0 ], [ 38.56517, 7.39529, 0.0 ], [ 38.56614, 7.39556, 0.0 ], [ 38.5671, 7.39584, 0.0 ], [ 38.56807, 7.39611, 0.0 ], [ 38.56927, 7.3964, 0.0 ], [ 38.57, 7.39714, 0.0 ], [ 38.57004, 7.39803, 0.0 ], [ 38.57026, 7.399, 0.0 ], [ 38.57023, 7.40022, 0.0 ], [ 38.5702, 7.40143, 0.0 ], [ 38.57018, 7.4024, 0.0 ], [ 38.56991, 7.40336, 0.0 ], [ 38.57013, 7.40434, 0.0 ], [ 38.57059, 7.40508, 0.0 ], [ 38.57226, 7.40659, 0.0 ], [ 38.5725, 7.40683, 0.0 ], [ 38.57469, 7.40738, 0.0 ], [ 38.57494, 7.40738, 0.0 ], [ 38.57564, 7.40672, 0.0 ], [ 38.57687, 7.40675, 0.0 ], [ 38.57833, 7.40655, 0.0 ], [ 38.57882, 7.40657, 0.0 ], [ 38.58078, 7.40661, 0.0 ], [ 38.58152, 7.40663, 0.0 ], [ 38.58252, 7.40688, 0.0 ], [ 38.58327, 7.40736, 0.0 ], [ 38.58398, 7.40668, 0.0 ], [ 38.58327, 7.40712, 0.0 ], [ 38.57982, 7.40705, 0.0 ], [ 38.57955, 7.40658, 0.0 ], [ 38.58448, 7.40716, 0.0 ], [ 38.5864, 7.40795, 0.0 ], [ 38.58711, 7.40894, 0.0 ], [ 38.58783, 7.40968, 0.0 ], [ 38.58855, 7.41067, 0.0 ], [ 38.58902, 7.41141, 0.0 ], [ 38.58925, 7.41238, 0.0 ], [ 38.58972, 7.41336, 0.0 ], [ 38.59094, 7.41339, 0.0 ], [ 38.59167, 7.41389, 0.0 ], [ 38.5919, 7.41462, 0.0 ], [ 38.59312, 7.41465, 0.0 ], [ 38.59433, 7.4147, 0.0 ], [ 38.59553, 7.41474, 0.0 ], [ 38.59656, 7.41474, 0.0 ], [ 38.59755, 7.41452, 0.0 ], [ 38.59854, 7.4143, 0.0 ], [ 38.59881, 7.41334, 0.0 ], [ 38.59859, 7.41236, 0.0 ], [ 38.59852, 7.41121, 0.0 ], [ 38.5991, 7.41045, 0.0 ], [ 38.59987, 7.40997, 0.0 ], [ 38.60087, 7.40926, 0.0 ], [ 38.60163, 7.40855, 0.0 ], [ 38.60239, 7.4076, 0.0 ], [ 38.60314, 7.40713, 0.0 ], [ 38.60388, 7.40691, 0.0 ], [ 38.60415, 7.40594, 0.0 ], [ 38.60442, 7.40498, 0.0 ], [ 38.60493, 7.40403, 0.0 ], [ 38.60616, 7.40405, 0.0 ], [ 38.60663, 7.40503, 0.0 ], [ 38.60735, 7.40578, 0.0 ], [ 38.60782, 7.40652, 0.0 ], [ 38.60833, 7.40556, 0.0 ], [ 38.60909, 7.40485, 0.0 ], [ 38.61007, 7.40488, 0.0 ], [ 38.61106, 7.40442, 0.0 ], [ 38.61204, 7.40445, 0.0 ], [ 38.61327, 7.40448, 0.0 ], [ 38.61424, 7.40499, 0.0 ], [ 38.61521, 7.40525, 0.0 ], [ 38.61643, 7.40529, 0.0 ], [ 38.61766, 7.40532, 0.0 ], [ 38.61862, 7.40607, 0.0 ], [ 38.61957, 7.40683, 0.0 ], [ 38.62029, 7.40758, 0.0 ], [ 38.62102, 7.4076, 0.0 ], [ 38.62105, 7.40638, 0.0 ], [ 38.62253, 7.40618, 0.0 ], [ 38.62301, 7.40644, 0.0 ], [ 38.62396, 7.4072, 0.0 ], [ 38.62466, 7.40795, 0.0 ], [ 38.62489, 7.40892, 0.0 ], [ 38.62488, 7.40988, 0.0 ], [ 38.62485, 7.4111, 0.0 ], [ 38.62576, 7.41331, 0.0 ], [ 38.62526, 7.41378, 0.0 ], [ 38.62405, 7.41375, 0.0 ], [ 38.62307, 7.41372, 0.0 ], [ 38.62209, 7.4137, 0.0 ], [ 38.62157, 7.41466, 0.0 ], [ 38.62179, 7.41563, 0.0 ], [ 38.62276, 7.41614, 0.0 ], [ 38.62348, 7.41665, 0.0 ], [ 38.62297, 7.41736, 0.0 ], [ 38.62198, 7.41758, 0.0 ], [ 38.62124, 7.41805, 0.0 ], [ 38.62171, 7.41879, 0.0 ], [ 38.62217, 7.41977, 0.0 ], [ 38.62264, 7.42076, 0.0 ], [ 38.62285, 7.42174, 0.0 ], [ 38.62283, 7.42271, 0.0 ], [ 38.62256, 7.42367, 0.0 ], [ 38.62227, 7.42464, 0.0 ], [ 38.622, 7.42537, 0.0 ], [ 38.61931, 7.42554, 0.0 ], [ 38.61905, 7.42601, 0.0 ], [ 38.61806, 7.42648, 0.0 ], [ 38.61683, 7.42645, 0.0 ], [ 38.61557, 7.42643, 0.0 ], [ 38.61432, 7.42616, 0.0 ], [ 38.61341, 7.42587, 0.0 ], [ 38.61245, 7.4256, 0.0 ], [ 38.6117, 7.42631, 0.0 ], [ 38.61192, 7.42704, 0.0 ], [ 38.61264, 7.42779, 0.0 ], [ 38.61285, 7.42901, 0.0 ], [ 38.61282, 7.42998, 0.0 ], [ 38.61278, 7.43168, 0.0 ], [ 38.61274, 7.4329, 0.0 ], [ 38.61322, 7.43364, 0.0 ], [ 38.61415, 7.4344, 0.0 ], [ 38.61413, 7.43537, 0.0 ], [ 38.61388, 7.43633, 0.0 ], [ 38.61546, 7.43809, 0.0 ], [ 38.6143, 7.43804, 0.0 ], [ 38.61353, 7.43852, 0.0 ], [ 38.61395, 7.43927, 0.0 ], [ 38.61464, 7.43979, 0.0 ], [ 38.61532, 7.44054, 0.0 ], [ 38.61578, 7.44152, 0.0 ], [ 38.61624, 7.44251, 0.0 ], [ 38.6167, 7.44325, 0.0 ], [ 38.61669, 7.4447, 0.0 ], [ 38.61743, 7.44544, 0.0 ], [ 38.61818, 7.44618, 0.0 ], [ 38.61916, 7.44669, 0.0 ], [ 38.61991, 7.44743, 0.0 ], [ 38.61991, 7.44815, 0.0 ], [ 38.62089, 7.44794, 0.0 ], [ 38.62188, 7.4482, 0.0 ], [ 38.62261, 7.44895, 0.0 ], [ 38.6221, 7.44966, 0.0 ], [ 38.62112, 7.44988, 0.0 ], [ 38.62012, 7.45058, 0.0 ], [ 38.6201, 7.45131, 0.0 ], [ 38.62081, 7.45206, 0.0 ], [ 38.62179, 7.45208, 0.0 ], [ 38.62278, 7.45187, 0.0 ], [ 38.62401, 7.4519, 0.0 ], [ 38.62473, 7.45143, 0.0 ], [ 38.62501, 7.45023, 0.0 ], [ 38.62601, 7.44977, 0.0 ], [ 38.62724, 7.4498, 0.0 ], [ 38.62824, 7.44958, 0.0 ], [ 38.62874, 7.44838, 0.0 ], [ 38.62875, 7.44765, 0.0 ], [ 38.62948, 7.44646, 0.0 ], [ 38.62998, 7.44575, 0.0 ], [ 38.63096, 7.44602, 0.0 ], [ 38.63145, 7.44676, 0.0 ], [ 38.63194, 7.44798, 0.0 ], [ 38.63219, 7.44871, 0.0 ], [ 38.63265, 7.44945, 0.0 ], [ 38.63335, 7.45044, 0.0 ], [ 38.63405, 7.45143, 0.0 ], [ 38.63495, 7.45389, 0.0 ], [ 38.63492, 7.45486, 0.0 ], [ 38.63489, 7.45583, 0.0 ], [ 38.63584, 7.45659, 0.0 ], [ 38.63581, 7.4578, 0.0 ], [ 38.63579, 7.45853, 0.0 ], [ 38.63528, 7.45924, 0.0 ], [ 38.63429, 7.45995, 0.0 ], [ 38.63331, 7.4604, 0.0 ], [ 38.63279, 7.46136, 0.0 ], [ 38.63252, 7.46257, 0.0 ], [ 38.63249, 7.46354, 0.0 ], [ 38.63295, 7.46452, 0.0 ], [ 38.63366, 7.46552, 0.0 ], [ 38.63437, 7.46675, 0.0 ], [ 38.63436, 7.46772, 0.0 ], [ 38.63409, 7.46868, 0.0 ], [ 38.63358, 7.46988, 0.0 ], [ 38.63356, 7.47086, 0.0 ], [ 38.63352, 7.47207, 0.0 ], [ 38.63392, 7.475, 0.0 ], [ 38.6339, 7.47548, 0.0 ], [ 38.63387, 7.47645, 0.0 ], [ 38.6336, 7.47742, 0.0 ], [ 38.63309, 7.47838, 0.0 ], [ 38.63212, 7.47884, 0.0 ], [ 38.63136, 7.47955, 0.0 ], [ 38.63085, 7.4805, 0.0 ], [ 38.63057, 7.48147, 0.0 ], [ 38.6303, 7.48268, 0.0 ], [ 38.6293, 7.48338, 0.0 ], [ 38.62927, 7.48435, 0.0 ], [ 38.62925, 7.48532, 0.0 ], [ 38.62922, 7.48629, 0.0 ], [ 38.62895, 7.48726, 0.0 ], [ 38.62817, 7.4887, 0.0 ], [ 38.62667, 7.48987, 0.0 ], [ 38.6264, 7.49108, 0.0 ], [ 38.62613, 7.4918, 0.0 ], [ 38.62513, 7.4925, 0.0 ], [ 38.62461, 7.49322, 0.0 ], [ 38.62382, 7.49416, 0.0 ], [ 38.62281, 7.49462, 0.0 ], [ 38.62133, 7.49482, 0.0 ], [ 38.62036, 7.49455, 0.0 ], [ 38.61941, 7.49405, 0.0 ], [ 38.61846, 7.49354, 0.0 ], [ 38.61775, 7.49304, 0.0 ], [ 38.61753, 7.4923, 0.0 ], [ 38.61798, 7.49328, 0.0 ], [ 38.61817, 7.49426, 0.0 ], [ 38.61813, 7.49522, 0.0 ], [ 38.61811, 7.49619, 0.0 ], [ 38.61807, 7.49741, 0.0 ], [ 38.61781, 7.49837, 0.0 ], [ 38.61683, 7.49884, 0.0 ], [ 38.6161, 7.49931, 0.0 ], [ 38.61533, 7.50026, 0.0 ], [ 38.61458, 7.50096, 0.0 ], [ 38.61382, 7.50167, 0.0 ], [ 38.61352, 7.50263, 0.0 ], [ 38.61298, 7.50358, 0.0 ], [ 38.61061, 7.50354, 0.0 ], [ 38.61034, 7.5045, 0.0 ], [ 38.60959, 7.50497, 0.0 ], [ 38.60863, 7.50446, 0.0 ], [ 38.60764, 7.50443, 0.0 ], [ 38.60688, 7.50465, 0.0 ], [ 38.60582, 7.50533, 0.0 ], [ 38.60462, 7.5053, 0.0 ], [ 38.60397, 7.50433, 0.0 ], [ 38.60326, 7.50359, 0.0 ], [ 38.60179, 7.50355, 0.0 ], [ 38.59979, 7.50422, 0.0 ], [ 38.59899, 7.50418, 0.0 ], [ 38.59797, 7.50487, 0.0 ], [ 38.5972, 7.50557, 0.0 ], [ 38.59618, 7.50675, 0.0 ], [ 38.59568, 7.50723, 0.0 ], [ 38.59493, 7.50794, 0.0 ], [ 38.59397, 7.50841, 0.0 ], [ 38.59304, 7.50865, 0.0 ], [ 38.59233, 7.50889, 0.0 ], [ 38.59155, 7.50959, 0.0 ], [ 38.59006, 7.51028, 0.0 ], [ 38.5891, 7.51026, 0.0 ], [ 38.58788, 7.51023, 0.0 ], [ 38.5869, 7.5102, 0.0 ], [ 38.58591, 7.51066, 0.0 ], [ 38.58516, 7.51113, 0.0 ], [ 38.5844, 7.51183, 0.0 ], [ 38.58363, 7.51253, 0.0 ], [ 38.58043, 7.51293, 0.0 ], [ 38.58042, 7.51366, 0.0 ], [ 38.58014, 7.51462, 0.0 ], [ 38.58051, 7.51555, 0.0 ], [ 38.58048, 7.51652, 0.0 ], [ 38.58025, 7.51751, 0.0 ], [ 38.57979, 7.5185, 0.0 ], [ 38.57975, 7.51947, 0.0 ], [ 38.57923, 7.52042, 0.0 ], [ 38.57872, 7.52138, 0.0 ], [ 38.57818, 7.52281, 0.0 ], [ 38.57767, 7.52328, 0.0 ], [ 38.57691, 7.52398, 0.0 ], [ 38.57597, 7.52398, 0.0 ], [ 38.57499, 7.52421, 0.0 ], [ 38.57446, 7.52516, 0.0 ], [ 38.57416, 7.52609, 0.0 ], [ 38.57339, 7.52679, 0.0 ], [ 38.57246, 7.5268, 0.0 ], [ 38.57168, 7.52749, 0.0 ], [ 38.57091, 7.52818, 0.0 ], [ 38.56968, 7.52814, 0.0 ], [ 38.56923, 7.52718, 0.0 ], [ 38.56854, 7.5262, 0.0 ], [ 38.56784, 7.52546, 0.0 ], [ 38.56713, 7.52472, 0.0 ], [ 38.56616, 7.52421, 0.0 ], [ 38.56571, 7.52324, 0.0 ], [ 38.56474, 7.52272, 0.0 ], [ 38.5622, 7.52307, 0.0 ], [ 38.5617, 7.52305, 0.0 ], [ 38.56104, 7.52235, 0.0 ], [ 38.5601, 7.52187, 0.0 ], [ 38.55912, 7.52184, 0.0 ], [ 38.55833, 7.52226, 0.0 ], [ 38.55753, 7.52292, 0.0 ], [ 38.5563, 7.52288, 0.0 ], [ 38.55533, 7.52261, 0.0 ], [ 38.55434, 7.52258, 0.0 ], [ 38.55309, 7.52251, 0.0 ], [ 38.55242, 7.52181, 0.0 ], [ 38.5515, 7.52135, 0.0 ], [ 38.55079, 7.52161, 0.0 ], [ 38.55051, 7.52256, 0.0 ], [ 38.55023, 7.52352, 0.0 ], [ 38.54972, 7.52423, 0.0 ], [ 38.54877, 7.52423, 0.0 ], [ 38.54779, 7.52446, 0.0 ], [ 38.54556, 7.52512, 0.0 ], [ 38.54483, 7.52485, 0.0 ], [ 38.54385, 7.52457, 0.0 ], [ 38.54314, 7.52384, 0.0 ], [ 38.54241, 7.52307, 0.0 ], [ 38.54172, 7.52211, 0.0 ], [ 38.54101, 7.52136, 0.0 ], [ 38.54055, 7.52063, 0.0 ], [ 38.53953, 7.52105, 0.0 ], [ 38.5383, 7.52101, 0.0 ], [ 38.53735, 7.52053, 0.0 ], [ 38.53639, 7.52027, 0.0 ], [ 38.53542, 7.52001, 0.0 ], [ 38.5347, 7.5195, 0.0 ], [ 38.53398, 7.51876, 0.0 ], [ 38.53301, 7.51849, 0.0 ], [ 38.53202, 7.51871, 0.0 ], [ 38.53102, 7.51915, 0.0 ], [ 38.53052, 7.52013, 0.0 ], [ 38.53073, 7.5211, 0.0 ], [ 38.53095, 7.52207, 0.0 ], [ 38.53117, 7.52305, 0.0 ], [ 38.53163, 7.52403, 0.0 ], [ 38.53259, 7.52478, 0.0 ], [ 38.5333, 7.52552, 0.0 ], [ 38.53376, 7.52649, 0.0 ], [ 38.53422, 7.52747, 0.0 ], [ 38.53419, 7.52843, 0.0 ], [ 38.53415, 7.52964, 0.0 ], [ 38.53388, 7.5306, 0.0 ], [ 38.53336, 7.53155, 0.0 ], [ 38.53237, 7.53201, 0.0 ], [ 38.5314, 7.53199, 0.0 ], [ 38.53041, 7.53247, 0.0 ], [ 38.52966, 7.53345, 0.0 ], [ 38.52916, 7.53442, 0.0 ], [ 38.52961, 7.53539, 0.0 ], [ 38.52935, 7.53636, 0.0 ], [ 38.52931, 7.53732, 0.0 ], [ 38.52904, 7.53801, 0.0 ], [ 38.52804, 7.5387, 0.0 ], [ 38.52752, 7.53939, 0.0 ], [ 38.52653, 7.53985, 0.0 ], [ 38.52531, 7.53983, 0.0 ], [ 38.52434, 7.53982, 0.0 ], [ 38.52337, 7.53958, 0.0 ], [ 38.52241, 7.53909, 0.0 ], [ 38.5209, 7.54049, 0.0 ], [ 38.51945, 7.53998, 0.0 ], [ 38.51874, 7.53874, 0.0 ], [ 38.51853, 7.53753, 0.0 ], [ 38.51782, 7.5365, 0.0 ], [ 38.51709, 7.53568, 0.0 ], [ 38.5164, 7.5345, 0.0 ], [ 38.5157, 7.53356, 0.0 ], [ 38.51498, 7.5328, 0.0 ], [ 38.514, 7.53274, 0.0 ], [ 38.51327, 7.53248, 0.0 ], [ 38.51232, 7.53176, 0.0 ], [ 38.5116, 7.53126, 0.0 ], [ 38.51061, 7.53149, 0.0 ], [ 38.50936, 7.53206, 0.0 ], [ 38.50861, 7.53252, 0.0 ], [ 38.5081, 7.53347, 0.0 ], [ 38.50735, 7.53425, 0.0 ], [ 38.50611, 7.53492, 0.0 ], [ 38.5056, 7.53535, 0.0 ], [ 38.50461, 7.5358, 0.0 ], [ 38.50363, 7.53604, 0.0 ], [ 38.50265, 7.53627, 0.0 ], [ 38.50142, 7.53626, 0.0 ], [ 38.5002, 7.53624, 0.0 ], [ 38.49923, 7.53575, 0.0 ], [ 38.49827, 7.53526, 0.0 ], [ 38.49729, 7.53501, 0.0 ], [ 38.49631, 7.53523, 0.0 ], [ 38.49534, 7.53491, 0.0 ], [ 38.49462, 7.53421, 0.0 ], [ 38.49365, 7.53371, 0.0 ], [ 38.49293, 7.5332, 0.0 ], [ 38.49202, 7.53074, 0.0 ], [ 38.49178, 7.53073, 0.0 ], [ 38.49131, 7.52975, 0.0 ], [ 38.49085, 7.529, 0.0 ], [ 38.49039, 7.528, 0.0 ], [ 38.49114, 7.52706, 0.0 ], [ 38.49213, 7.52661, 0.0 ], [ 38.49313, 7.52593, 0.0 ], [ 38.49315, 7.52495, 0.0 ], [ 38.49367, 7.524, 0.0 ], [ 38.49394, 7.52304, 0.0 ], [ 38.49351, 7.52145, 0.0 ], [ 38.4933, 7.52089, 0.0 ], [ 38.49334, 7.51943, 0.0 ], [ 38.49336, 7.5187, 0.0 ], [ 38.49338, 7.51775, 0.0 ], [ 38.49341, 7.51634, 0.0 ], [ 38.49342, 7.51543, 0.0 ], [ 38.49343, 7.51452, 0.0 ], [ 38.49371, 7.51332, 0.0 ], [ 38.49374, 7.51235, 0.0 ], [ 38.49377, 7.51114, 0.0 ], [ 38.49331, 7.51015, 0.0 ], [ 38.49284, 7.50941, 0.0 ], [ 38.49161, 7.50938, 0.0 ], [ 38.49039, 7.50935, 0.0 ], [ 38.48964, 7.50981, 0.0 ], [ 38.48889, 7.51028, 0.0 ], [ 38.48791, 7.51072, 0.0 ], [ 38.48718, 7.51137, 0.0 ], [ 38.48645, 7.51203, 0.0 ], [ 38.48545, 7.5125, 0.0 ], [ 38.48443, 7.51303, 0.0 ], [ 38.48367, 7.51352, 0.0 ], [ 38.48291, 7.51423, 0.0 ], [ 38.48216, 7.51495, 0.0 ], [ 38.48117, 7.5154, 0.0 ], [ 38.48019, 7.51561, 0.0 ], [ 38.4792, 7.51583, 0.0 ], [ 38.47698, 7.51626, 0.0 ], [ 38.47674, 7.51625, 0.0 ], [ 38.475, 7.51695, 0.0 ], [ 38.47404, 7.51784, 0.0 ] ] ] } },
{ "type": "Feature", "properties": { "waterbody": "Koka Reservoir" }, "geometry": { "type": "Polygon", "coordinates": [ [ [ 39.12904, 8.39, 0.0 ], [ 39.13024, 8.39039, 0.0 ], [ 39.13092, 8.391, 0.0 ], [ 39.1319, 8.39279, 0.0 ], [ 39.13244, 8.39324, 0.0 ], [ 39.13297, 8.39326, 0.0 ], [ 39.13338, 8.39371, 0.0 ], [ 39.13352, 8.39401, 0.0 ], [ 39.13395, 8.39489, 0.0 ], [ 39.13423, 8.39549, 0.0 ], [ 39.13491, 8.3961, 0.0 ], [ 39.13545, 8.39626, 0.0 ], [ 39.13599, 8.39657, 0.0 ], [ 39.1364, 8.39702, 0.0 ], [ 39.13681, 8.39733, 0.0 ], [ 39.13736, 8.39779, 0.0 ], [ 39.13738, 8.39823, 0.0 ], [ 39.13754, 8.39883, 0.0 ], [ 39.13669, 8.39874, 0.0 ], [ 39.13695, 8.4006, 0.0 ], [ 39.1362, 8.4019, 0.0 ], [ 39.13595, 8.40229, 0.0 ], [ 39.13532, 8.40281, 0.0 ], [ 39.1348, 8.40278, 0.0 ], [ 39.13429, 8.40276, 0.0 ], [ 39.13378, 8.40274, 0.0 ], [ 39.13327, 8.40245, 0.0 ], [ 39.13276, 8.40216, 0.0 ], [ 39.13238, 8.40162, 0.0 ], [ 39.132, 8.4012, 0.0 ], [ 39.13175, 8.40067, 0.0 ], [ 39.13124, 8.40025, 0.0 ], [ 39.13074, 8.39983, 0.0 ], [ 39.1301, 8.39967, 0.0 ], [ 39.1296, 8.39939, 0.0 ], [ 39.12896, 8.39936, 0.0 ], [ 39.12857, 8.39973, 0.0 ], [ 39.12844, 8.40025, 0.0 ], [ 39.12818, 8.40078, 0.0 ], [ 39.12755, 8.40076, 0.0 ], [ 39.12704, 8.40074, 0.0 ], [ 39.1269, 8.4014, 0.0 ], [ 39.12702, 8.40194, 0.0 ], [ 39.12753, 8.40236, 0.0 ], [ 39.12803, 8.4025, 0.0 ], [ 39.12828, 8.40291, 0.0 ], [ 39.12827, 8.40358, 0.0 ], [ 39.12827, 8.40413, 0.0 ], [ 39.12865, 8.40469, 0.0 ], [ 39.1289, 8.40523, 0.0 ], [ 39.1289, 8.40577, 0.0 ], [ 39.12889, 8.40632, 0.0 ], [ 39.1285, 8.40685, 0.0 ], [ 39.12837, 8.40739, 0.0 ], [ 39.12798, 8.40793, 0.0 ], [ 39.12797, 8.40848, 0.0 ], [ 39.12784, 8.40916, 0.0 ], [ 39.12809, 8.40958, 0.0 ], [ 39.12847, 8.41015, 0.0 ], [ 39.12886, 8.41003, 0.0 ], [ 39.12951, 8.40978, 0.0 ], [ 39.12991, 8.40952, 0.0 ], [ 39.13042, 8.40927, 0.0 ], [ 39.13094, 8.40929, 0.0 ], [ 39.13146, 8.40917, 0.0 ], [ 39.13185, 8.40905, 0.0 ], [ 39.1325, 8.40866, 0.0 ], [ 39.13288, 8.40813, 0.0 ], [ 39.13327, 8.40759, 0.0 ], [ 39.1334, 8.40705, 0.0 ], [ 39.13365, 8.40651, 0.0 ], [ 39.13403, 8.40597, 0.0 ], [ 39.13455, 8.40586, 0.0 ], [ 39.13493, 8.40641, 0.0 ], [ 39.13493, 8.40709, 0.0 ], [ 39.13468, 8.40749, 0.0 ], [ 39.13429, 8.40802, 0.0 ], [ 39.13404, 8.40843, 0.0 ], [ 39.13391, 8.40898, 0.0 ], [ 39.13366, 8.40994, 0.0 ], [ 39.1334, 8.41076, 0.0 ], [ 39.1334, 8.41145, 0.0 ], [ 39.13288, 8.41185, 0.0 ], [ 39.13262, 8.4124, 0.0 ], [ 39.13275, 8.41394, 0.0 ], [ 39.13275, 8.41479, 0.0 ], [ 39.13275, 8.41521, 0.0 ], [ 39.13301, 8.41594, 0.0 ], [ 39.13301, 8.41636, 0.0 ], [ 39.13327, 8.41707, 0.0 ], [ 39.1334, 8.41735, 0.0 ], [ 39.13366, 8.41793, 0.0 ], [ 39.13419, 8.41881, 0.0 ], [ 39.13472, 8.41924, 0.0 ], [ 39.13498, 8.41982, 0.0 ], [ 39.13511, 8.4204, 0.0 ], [ 39.13512, 8.42112, 0.0 ], [ 39.13538, 8.42171, 0.0 ], [ 39.13591, 8.42202, 0.0 ], [ 39.13644, 8.42217, 0.0 ], [ 39.13697, 8.42248, 0.0 ], [ 39.13724, 8.42263, 0.0 ], [ 39.13778, 8.42338, 0.0 ], [ 39.13779, 8.42398, 0.0 ], [ 39.1378, 8.42488, 0.0 ], [ 39.13779, 8.42557, 0.0 ], [ 39.13778, 8.42623, 0.0 ], [ 39.13739, 8.42668, 0.0 ], [ 39.13687, 8.42685, 0.0 ], [ 39.13634, 8.42699, 0.0 ], [ 39.13594, 8.42757, 0.0 ], [ 39.13568, 8.42774, 0.0 ], [ 39.13569, 8.42922, 0.0 ], [ 39.13596, 8.42967, 0.0 ], [ 39.1365, 8.43013, 0.0 ], [ 39.13703, 8.43029, 0.0 ], [ 39.13757, 8.43044, 0.0 ], [ 39.13811, 8.43092, 0.0 ], [ 39.13851, 8.43092, 0.0 ], [ 39.13919, 8.43139, 0.0 ], [ 39.13961, 8.43188, 0.0 ], [ 39.14002, 8.43219, 0.0 ], [ 39.14084, 8.43283, 0.0 ], [ 39.14059, 8.43347, 0.0 ], [ 39.14033, 8.43407, 0.0 ], [ 39.14048, 8.43484, 0.0 ], [ 39.14116, 8.43501, 0.0 ], [ 39.14183, 8.43474, 0.0 ], [ 39.14251, 8.43476, 0.0 ], [ 39.1432, 8.4354, 0.0 ], [ 39.14347, 8.43541, 0.0 ], [ 39.14354, 8.4372, 0.0 ], [ 39.14355, 8.43781, 0.0 ], [ 39.14356, 8.43829, 0.0 ], [ 39.14381, 8.43879, 0.0 ], [ 39.14394, 8.43952, 0.0 ], [ 39.14408, 8.44014, 0.0 ], [ 39.14371, 8.44025, 0.0 ], [ 39.14322, 8.43962, 0.0 ], [ 39.14273, 8.43972, 0.0 ], [ 39.14237, 8.43995, 0.0 ], [ 39.14189, 8.4403, 0.0 ], [ 39.14153, 8.44065, 0.0 ], [ 39.14154, 8.44126, 0.0 ], [ 39.14154, 8.44163, 0.0 ], [ 39.14192, 8.44226, 0.0 ], [ 39.14205, 8.44276, 0.0 ], [ 39.14242, 8.44315, 0.0 ], [ 39.14278, 8.44377, 0.0 ], [ 39.14303, 8.44427, 0.0 ], [ 39.14304, 8.44477, 0.0 ], [ 39.14318, 8.44528, 0.0 ], [ 39.14356, 8.4458, 0.0 ], [ 39.14394, 8.44606, 0.0 ], [ 39.14444, 8.44658, 0.0 ], [ 39.14493, 8.44685, 0.0 ], [ 39.14543, 8.44712, 0.0 ], [ 39.14569, 8.44751, 0.0 ], [ 39.14619, 8.44791, 0.0 ], [ 39.14657, 8.44842, 0.0 ], [ 39.14658, 8.44893, 0.0 ], [ 39.14661, 8.44957, 0.0 ], [ 39.14663, 8.45009, 0.0 ], [ 39.14652, 8.4506, 0.0 ], [ 39.14653, 8.45111, 0.0 ], [ 39.14654, 8.45162, 0.0 ], [ 39.14656, 8.45239, 0.0 ], [ 39.14658, 8.45304, 0.0 ], [ 39.14671, 8.45343, 0.0 ], [ 39.14609, 8.45354, 0.0 ], [ 39.14573, 8.45404, 0.0 ], [ 39.14561, 8.45455, 0.0 ], [ 39.14549, 8.45519, 0.0 ], [ 39.14575, 8.45571, 0.0 ], [ 39.14626, 8.45624, 0.0 ], [ 39.14641, 8.45768, 0.0 ], [ 39.14679, 8.45821, 0.0 ], [ 39.14706, 8.45874, 0.0 ], [ 39.14721, 8.45942, 0.0 ], [ 39.14723, 8.45996, 0.0 ], [ 39.14737, 8.46037, 0.0 ], [ 39.14752, 8.46105, 0.0 ], [ 39.14791, 8.46158, 0.0 ], [ 39.14829, 8.46198, 0.0 ], [ 39.14869, 8.46254, 0.0 ], [ 39.14933, 8.46295, 0.0 ], [ 39.14985, 8.46337, 0.0 ], [ 39.15013, 8.4638, 0.0 ], [ 39.15054, 8.46437, 0.0 ], [ 39.15108, 8.46481, 0.0 ], [ 39.15162, 8.46526, 0.0 ], [ 39.15228, 8.46556, 0.0 ], [ 39.15294, 8.466, 0.0 ], [ 39.15359, 8.4663, 0.0 ], [ 39.15412, 8.46647, 0.0 ], [ 39.15463, 8.46648, 0.0 ], [ 39.15541, 8.46652, 0.0 ], [ 39.15596, 8.46684, 0.0 ], [ 39.15624, 8.46727, 0.0 ], [ 39.15653, 8.46797, 0.0 ], [ 39.15654, 8.46864, 0.0 ], [ 39.15654, 8.46928, 0.0 ], [ 39.15641, 8.46967, 0.0 ], [ 39.15672, 8.47105, 0.0 ], [ 39.15687, 8.4716, 0.0 ], [ 39.15689, 8.47215, 0.0 ], [ 39.15678, 8.4727, 0.0 ], [ 39.15643, 8.47326, 0.0 ], [ 39.15632, 8.47382, 0.0 ], [ 39.15634, 8.47437, 0.0 ], [ 39.1566, 8.4749, 0.0 ], [ 39.15686, 8.47544, 0.0 ], [ 39.15716, 8.47604, 0.0 ], [ 39.15683, 8.47651, 0.0 ], [ 39.15648, 8.47709, 0.0 ], [ 39.15637, 8.47751, 0.0 ], [ 39.15665, 8.47808, 0.0 ], [ 39.15654, 8.47864, 0.0 ], [ 39.15617, 8.4792, 0.0 ], [ 39.15579, 8.47947, 0.0 ], [ 39.15528, 8.47975, 0.0 ], [ 39.15487, 8.4793, 0.0 ], [ 39.15433, 8.47913, 0.0 ], [ 39.15396, 8.47982, 0.0 ], [ 39.15371, 8.48052, 0.0 ], [ 39.153, 8.47907, 0.0 ], [ 39.15325, 8.47851, 0.0 ], [ 39.15285, 8.47849, 0.0 ], [ 39.15233, 8.47861, 0.0 ], [ 39.15181, 8.47901, 0.0 ], [ 39.15103, 8.47939, 0.0 ], [ 39.15037, 8.4795, 0.0 ], [ 39.15039, 8.48021, 0.0 ], [ 39.15054, 8.48093, 0.0 ], [ 39.15015, 8.48134, 0.0 ], [ 39.14949, 8.48174, 0.0 ], [ 39.14895, 8.48156, 0.0 ], [ 39.14908, 8.48114, 0.0 ], [ 39.14933, 8.48073, 0.0 ], [ 39.14972, 8.4799, 0.0 ], [ 39.15011, 8.47963, 0.0 ], [ 39.15036, 8.47908, 0.0 ], [ 39.15061, 8.47852, 0.0 ], [ 39.151, 8.47841, 0.0 ], [ 39.15152, 8.47828, 0.0 ], [ 39.15205, 8.47831, 0.0 ], [ 39.15258, 8.47806, 0.0 ], [ 39.1531, 8.4778, 0.0 ], [ 39.15321, 8.47724, 0.0 ], [ 39.1532, 8.47668, 0.0 ], [ 39.15305, 8.47611, 0.0 ], [ 39.1525, 8.47552, 0.0 ], [ 39.15209, 8.47508, 0.0 ], [ 39.15155, 8.47463, 0.0 ], [ 39.15101, 8.47432, 0.0 ], [ 39.15049, 8.4743, 0.0 ], [ 39.14997, 8.47414, 0.0 ], [ 39.14957, 8.47385, 0.0 ], [ 39.14903, 8.47341, 0.0 ], [ 39.14863, 8.47284, 0.0 ], [ 39.1481, 8.47254, 0.0 ], [ 39.14757, 8.47196, 0.0 ], [ 39.14717, 8.47153, 0.0 ], [ 39.14663, 8.47095, 0.0 ], [ 39.14623, 8.47052, 0.0 ], [ 39.1457, 8.47021, 0.0 ], [ 39.1453, 8.46978, 0.0 ], [ 39.14491, 8.46922, 0.0 ], [ 39.14451, 8.46879, 0.0 ], [ 39.14412, 8.46837, 0.0 ], [ 39.14386, 8.46808, 0.0 ], [ 39.14333, 8.46751, 0.0 ], [ 39.14281, 8.46708, 0.0 ], [ 39.14228, 8.46678, 0.0 ], [ 39.14189, 8.46663, 0.0 ], [ 39.14124, 8.46632, 0.0 ], [ 39.14072, 8.46603, 0.0 ], [ 39.1402, 8.46573, 0.0 ], [ 39.13981, 8.46531, 0.0 ], [ 39.13877, 8.46418, 0.0 ], [ 39.138, 8.46361, 0.0 ], [ 39.13762, 8.46346, 0.0 ], [ 39.13711, 8.46291, 0.0 ], [ 39.13672, 8.46249, 0.0 ], [ 39.13608, 8.46233, 0.0 ], [ 39.13544, 8.46217, 0.0 ], [ 39.1348, 8.46214, 0.0 ], [ 39.13403, 8.46223, 0.0 ], [ 39.13352, 8.46221, 0.0 ], [ 39.13288, 8.46232, 0.0 ], [ 39.1325, 8.46257, 0.0 ], [ 39.13223, 8.46322, 0.0 ], [ 39.13172, 8.46334, 0.0 ], [ 39.13134, 8.46332, 0.0 ], [ 39.13083, 8.4633, 0.0 ], [ 39.13019, 8.46315, 0.0 ], [ 39.12955, 8.46312, 0.0 ], [ 39.12929, 8.46351, 0.0 ], [ 39.1289, 8.46403, 0.0 ], [ 39.1285, 8.46455, 0.0 ], [ 39.12811, 8.46494, 0.0 ], [ 39.12746, 8.46533, 0.0 ], [ 39.12695, 8.46544, 0.0 ], [ 39.1263, 8.46569, 0.0 ], [ 39.12591, 8.46609, 0.0 ], [ 39.1259, 8.46664, 0.0 ], [ 39.12588, 8.4676, 0.0 ], [ 39.126, 8.46814, 0.0 ], [ 39.12599, 8.46882, 0.0 ], [ 39.12598, 8.46936, 0.0 ], [ 39.12597, 8.46993, 0.0 ], [ 39.12635, 8.47049, 0.0 ], [ 39.12673, 8.47105, 0.0 ], [ 39.12723, 8.47145, 0.0 ], [ 39.12761, 8.47186, 0.0 ], [ 39.12761, 8.47243, 0.0 ], [ 39.12722, 8.47287, 0.0 ], [ 39.1267, 8.47316, 0.0 ], [ 39.12669, 8.47372, 0.0 ], [ 39.12668, 8.47442, 0.0 ], [ 39.12654, 8.47498, 0.0 ], [ 39.12614, 8.47539, 0.0 ], [ 39.12548, 8.47551, 0.0 ], [ 39.12495, 8.47578, 0.0 ], [ 39.12455, 8.47619, 0.0 ], [ 39.12372, 8.47787, 0.0 ], [ 39.12319, 8.47813, 0.0 ], [ 39.12278, 8.47869, 0.0 ], [ 39.12238, 8.47881, 0.0 ], [ 39.1217, 8.4795, 0.0 ], [ 39.12116, 8.47977, 0.0 ], [ 39.12063, 8.47988, 0.0 ], [ 39.11996, 8.48, 0.0 ], [ 39.11943, 8.48012, 0.0 ], [ 39.11877, 8.48009, 0.0 ], [ 39.11824, 8.48007, 0.0 ], [ 39.11798, 8.47963, 0.0 ], [ 39.11787, 8.47905, 0.0 ], [ 39.11749, 8.4786, 0.0 ], [ 39.11669, 8.47856, 0.0 ], [ 39.11603, 8.47853, 0.0 ], [ 39.11631, 8.47812, 0.0 ], [ 39.11674, 8.47742, 0.0 ], [ 39.11689, 8.47672, 0.0 ], [ 39.11692, 8.47587, 0.0 ], [ 39.11695, 8.47516, 0.0 ], [ 39.1167, 8.47459, 0.0 ], [ 39.11659, 8.47402, 0.0 ], [ 39.11662, 8.47332, 0.0 ], [ 39.1169, 8.47277, 0.0 ], [ 39.11692, 8.47221, 0.0 ], [ 39.1172, 8.47166, 0.0 ], [ 39.11748, 8.47112, 0.0 ], [ 39.1175, 8.47056, 0.0 ], [ 39.11712, 8.47013, 0.0 ], [ 39.1166, 8.47025, 0.0 ], [ 39.11619, 8.47065, 0.0 ], [ 39.11591, 8.4712, 0.0 ], [ 39.11563, 8.47174, 0.0 ], [ 39.11523, 8.472, 0.0 ], [ 39.11469, 8.47226, 0.0 ], [ 39.11403, 8.47252, 0.0 ], [ 39.11361, 8.4732, 0.0 ], [ 39.11323, 8.47276, 0.0 ], [ 39.11326, 8.4722, 0.0 ], [ 39.11302, 8.47164, 0.0 ], [ 39.11263, 8.47162, 0.0 ], [ 39.11134, 8.47129, 0.0 ], [ 39.11055, 8.47126, 0.0 ], [ 39.11015, 8.47152, 0.0 ], [ 39.10998, 8.47221, 0.0 ], [ 39.10995, 8.47291, 0.0 ], [ 39.11032, 8.47348, 0.0 ], [ 39.1107, 8.47378, 0.0 ], [ 39.11106, 8.47436, 0.0 ], [ 39.1113, 8.47493, 0.0 ], [ 39.11128, 8.47535, 0.0 ], [ 39.11098, 8.47605, 0.0 ], [ 39.11069, 8.47675, 0.0 ], [ 39.11015, 8.47687, 0.0 ], [ 39.10961, 8.47713, 0.0 ], [ 39.10958, 8.47771, 0.0 ], [ 39.10956, 8.47828, 0.0 ], [ 39.10953, 8.47885, 0.0 ], [ 39.10885, 8.47911, 0.0 ], [ 39.10818, 8.47922, 0.0 ], [ 39.10765, 8.4792, 0.0 ], [ 39.10714, 8.47889, 0.0 ], [ 39.1069, 8.47831, 0.0 ], [ 39.1064, 8.47786, 0.0 ], [ 39.10602, 8.47756, 0.0 ], [ 39.10551, 8.47725, 0.0 ], [ 39.10499, 8.47709, 0.0 ], [ 39.10447, 8.47693, 0.0 ], [ 39.10395, 8.47676, 0.0 ], [ 39.10353, 8.47717, 0.0 ], [ 39.10376, 8.47761, 0.0 ], [ 39.10413, 8.4782, 0.0 ], [ 39.10464, 8.4785, 0.0 ], [ 39.10517, 8.47853, 0.0 ], [ 39.10554, 8.47897, 0.0 ], [ 39.10512, 8.47938, 0.0 ], [ 39.10458, 8.47951, 0.0 ], [ 39.10404, 8.47963, 0.0 ], [ 39.10361, 8.48019, 0.0 ], [ 39.10344, 8.48076, 0.0 ], [ 39.10304, 8.48088, 0.0 ], [ 39.10237, 8.48084, 0.0 ], [ 39.10186, 8.48053, 0.0 ], [ 39.10148, 8.48022, 0.0 ], [ 39.10098, 8.47977, 0.0 ], [ 39.10075, 8.47919, 0.0 ], [ 39.10065, 8.47861, 0.0 ], [ 39.1007, 8.4779, 0.0 ], [ 39.10074, 8.47733, 0.0 ], [ 39.10065, 8.47662, 0.0 ], [ 39.10042, 8.47618, 0.0 ], [ 39.10007, 8.47546, 0.0 ], [ 39.09985, 8.47475, 0.0 ], [ 39.09948, 8.47445, 0.0 ], [ 39.09911, 8.47401, 0.0 ], [ 39.09862, 8.47356, 0.0 ], [ 39.09812, 8.47312, 0.0 ], [ 39.09775, 8.47282, 0.0 ], [ 39.09704, 8.47182, 0.0 ], [ 39.09637, 8.47206, 0.0 ], [ 39.09587, 8.47175, 0.0 ], [ 39.0955, 8.47132, 0.0 ], [ 39.09499, 8.47116, 0.0 ], [ 39.09422, 8.4711, 0.0 ], [ 39.09368, 8.47135, 0.0 ], [ 39.09316, 8.47133, 0.0 ], [ 39.09294, 8.47077, 0.0 ], [ 39.09259, 8.4702, 0.0 ], [ 39.0921, 8.4699, 0.0 ], [ 39.09159, 8.46973, 0.0 ], [ 39.09124, 8.4693, 0.0 ], [ 39.09129, 8.46862, 0.0 ], [ 39.09106, 8.4682, 0.0 ], [ 39.09071, 8.46777, 0.0 ], [ 39.09009, 8.46747, 0.0 ], [ 39.08988, 8.46691, 0.0 ], [ 39.08953, 8.46635, 0.0 ], [ 39.08931, 8.46593, 0.0 ], [ 39.08882, 8.46564, 0.0 ], [ 39.08832, 8.46548, 0.0 ], [ 39.08782, 8.46519, 0.0 ], [ 39.08721, 8.46489, 0.0 ], [ 39.08673, 8.46446, 0.0 ], [ 39.08636, 8.4643, 0.0 ], [ 39.08585, 8.46428, 0.0 ], [ 39.08523, 8.46397, 0.0 ], [ 39.08474, 8.46368, 0.0 ], [ 39.08427, 8.46326, 0.0 ], [ 39.08377, 8.4631, 0.0 ], [ 39.08343, 8.46255, 0.0 ], [ 39.08236, 8.4617, 0.0 ], [ 39.08174, 8.46153, 0.0 ], [ 39.08099, 8.46136, 0.0 ], [ 39.08039, 8.46093, 0.0 ], [ 39.08019, 8.46039, 0.0 ], [ 39.07998, 8.45998, 0.0 ], [ 39.08003, 8.45945, 0.0 ], [ 39.07984, 8.45891, 0.0 ], [ 39.0795, 8.45849, 0.0 ], [ 39.07918, 8.45795, 0.0 ], [ 39.07872, 8.45753, 0.0 ], [ 39.07852, 8.457, 0.0 ], [ 39.07819, 8.45646, 0.0 ], [ 39.07787, 8.45592, 0.0 ], [ 39.07768, 8.45538, 0.0 ], [ 39.07736, 8.45484, 0.0 ], [ 39.07716, 8.45444, 0.0 ], [ 39.07684, 8.4539, 0.0 ], [ 39.07665, 8.45336, 0.0 ], [ 39.07645, 8.45296, 0.0 ], [ 39.07616, 8.45229, 0.0 ], [ 39.07547, 8.45174, 0.0 ], [ 39.075, 8.45146, 0.0 ], [ 39.07454, 8.45118, 0.0 ], [ 39.07407, 8.45078, 0.0 ], [ 39.07395, 8.45077, 0.0 ], [ 39.07367, 8.44987, 0.0 ], [ 39.07319, 8.44972, 0.0 ], [ 39.07299, 8.44932, 0.0 ], [ 39.07305, 8.44881, 0.0 ], [ 39.07274, 8.44829, 0.0 ], [ 39.07216, 8.44788, 0.0 ], [ 39.07182, 8.44761, 0.0 ], [ 39.0711, 8.44745, 0.0 ], [ 39.07063, 8.44717, 0.0 ], [ 39.0707, 8.44667, 0.0 ], [ 39.0706, 8.44642, 0.0 ], [ 39.07011, 8.44538, 0.0 ], [ 39.06963, 8.44524, 0.0 ], [ 39.06902, 8.44521, 0.0 ], [ 39.06884, 8.4447, 0.0 ], [ 39.06851, 8.44431, 0.0 ], [ 39.0679, 8.44428, 0.0 ], [ 39.06756, 8.44401, 0.0 ], [ 39.0675, 8.44351, 0.0 ], [ 39.06757, 8.44301, 0.0 ], [ 39.06808, 8.44291, 0.0 ], [ 39.06851, 8.44255, 0.0 ], [ 39.06893, 8.44219, 0.0 ], [ 39.0691, 8.44183, 0.0 ], [ 39.0692, 8.44108, 0.0 ], [ 39.06925, 8.44071, 0.0 ], [ 39.06934, 8.4401, 0.0 ], [ 39.06941, 8.43961, 0.0 ], [ 39.06949, 8.43899, 0.0 ], [ 39.06956, 8.4385, 0.0 ], [ 39.06963, 8.43801, 0.0 ], [ 39.0697, 8.43752, 0.0 ], [ 39.06978, 8.43692, 0.0 ], [ 39.06986, 8.43631, 0.0 ], [ 39.06951, 8.43618, 0.0 ], [ 39.06866, 8.43614, 0.0 ], [ 39.06793, 8.43611, 0.0 ], [ 39.06744, 8.43609, 0.0 ], [ 39.06753, 8.43464, 0.0 ], [ 39.06746, 8.43427, 0.0 ], [ 39.06777, 8.4338, 0.0 ], [ 39.0682, 8.43334, 0.0 ], [ 39.06829, 8.43274, 0.0 ], [ 39.06833, 8.43238, 0.0 ], [ 39.06843, 8.43167, 0.0 ], [ 39.06852, 8.43108, 0.0 ], [ 39.06881, 8.43073, 0.0 ], [ 39.06891, 8.43002, 0.0 ], [ 39.06896, 8.42967, 0.0 ], [ 39.06893, 8.42908, 0.0 ], [ 39.06863, 8.42859, 0.0 ], [ 39.06834, 8.42811, 0.0 ], [ 39.06801, 8.42786, 0.0 ], [ 39.06784, 8.42738, 0.0 ], [ 39.06803, 8.42692, 0.0 ], [ 39.06811, 8.42634, 0.0 ], [ 39.06806, 8.42587, 0.0 ], [ 39.06763, 8.4255, 0.0 ], [ 39.06733, 8.42514, 0.0 ], [ 39.06687, 8.42501, 0.0 ], [ 39.06643, 8.42476, 0.0 ], [ 39.0657, 8.42403, 0.0 ], [ 39.06524, 8.4239, 0.0 ], [ 39.0648, 8.42365, 0.0 ], [ 39.06434, 8.42351, 0.0 ], [ 39.06406, 8.42304, 0.0 ], [ 39.06398, 8.4228, 0.0 ], [ 39.06384, 8.42211, 0.0 ], [ 39.06356, 8.42164, 0.0 ], [ 39.06353, 8.42107, 0.0 ], [ 39.06348, 8.42061, 0.0 ], [ 39.06356, 8.42004, 0.0 ], [ 39.0634, 8.41958, 0.0 ], [ 39.06306, 8.41945, 0.0 ], [ 39.06253, 8.41909, 0.0 ], [ 39.06246, 8.41875, 0.0 ], [ 39.0624, 8.41841, 0.0 ], [ 39.06249, 8.41785, 0.0 ], [ 39.06256, 8.4174, 0.0 ], [ 39.06266, 8.41673, 0.0 ], [ 39.06285, 8.41629, 0.0 ], [ 39.06292, 8.41584, 0.0 ], [ 39.06309, 8.41552, 0.0 ], [ 39.06329, 8.41497, 0.0 ], [ 39.06334, 8.41464, 0.0 ], [ 39.06345, 8.41398, 0.0 ], [ 39.06357, 8.41321, 0.0 ], [ 39.06364, 8.41277, 0.0 ], [ 39.06334, 8.41242, 0.0 ], [ 39.06303, 8.41219, 0.0 ], [ 39.06282, 8.41207, 0.0 ], [ 39.06173, 8.41159, 0.0 ], [ 39.06127, 8.41157, 0.0 ], [ 39.06081, 8.41155, 0.0 ], [ 39.06052, 8.41187, 0.0 ], [ 39.06032, 8.41241, 0.0 ], [ 39.06023, 8.41296, 0.0 ], [ 39.06014, 8.4135, 0.0 ], [ 39.06006, 8.41394, 0.0 ], [ 39.05989, 8.41427, 0.0 ], [ 39.05945, 8.41481, 0.0 ], [ 39.05904, 8.41524, 0.0 ], [ 39.05845, 8.41521, 0.0 ], [ 39.05787, 8.41519, 0.0 ], [ 39.0574, 8.41517, 0.0 ], [ 39.05696, 8.41504, 0.0 ], [ 39.05649, 8.41502, 0.0 ], [ 39.05609, 8.41467, 0.0 ], [ 39.05566, 8.41443, 0.0 ], [ 39.05468, 8.41444, 0.0 ], [ 39.0546, 8.41527, 0.0 ], [ 39.0541, 8.41537, 0.0 ], [ 39.05361, 8.41547, 0.0 ], [ 39.05287, 8.41556, 0.0 ], [ 39.05235, 8.41589, 0.0 ], [ 39.05172, 8.4161, 0.0 ], [ 39.05112, 8.41608, 0.0 ], [ 39.05064, 8.41606, 0.0 ], [ 39.05017, 8.41592, 0.0 ], [ 39.04986, 8.41543, 0.0 ], [ 39.04993, 8.41484, 0.0 ], [ 39.04943, 8.41494, 0.0 ], [ 39.04894, 8.41503, 0.0 ], [ 39.04886, 8.41467, 0.0 ], [ 39.04732, 8.41437, 0.0 ], [ 39.04661, 8.41422, 0.0 ], [ 39.04615, 8.41409, 0.0 ], [ 39.04571, 8.41371, 0.0 ], [ 39.04553, 8.41323, 0.0 ], [ 39.04523, 8.41274, 0.0 ], [ 39.04493, 8.41226, 0.0 ], [ 39.04451, 8.41177, 0.0 ], [ 39.04393, 8.41163, 0.0 ], [ 39.04335, 8.41149, 0.0 ], [ 39.04277, 8.41135, 0.0 ], [ 39.04244, 8.4111, 0.0 ], [ 39.04213, 8.41073, 0.0 ], [ 39.0417, 8.41036, 0.0 ], [ 39.04115, 8.40999, 0.0 ], [ 39.04062, 8.4095, 0.0 ], [ 39.04019, 8.40913, 0.0 ], [ 39.0394, 8.40794, 0.0 ], [ 39.03909, 8.40758, 0.0 ], [ 39.03871, 8.40768, 0.0 ], [ 39.03828, 8.40824, 0.0 ], [ 39.03777, 8.40845, 0.0 ], [ 39.03728, 8.40855, 0.0 ], [ 39.03683, 8.4083, 0.0 ], [ 39.03647, 8.40828, 0.0 ], [ 39.03583, 8.4086, 0.0 ], [ 39.03544, 8.40882, 0.0 ], [ 39.03491, 8.40915, 0.0 ], [ 39.03452, 8.40936, 0.0 ], [ 39.03401, 8.40957, 0.0 ], [ 39.03352, 8.40967, 0.0 ], [ 39.03304, 8.40965, 0.0 ], [ 39.03253, 8.40986, 0.0 ], [ 39.0321, 8.41031, 0.0 ], [ 39.03175, 8.411, 0.0 ], [ 39.03141, 8.41087, 0.0 ], [ 39.03085, 8.41061, 0.0 ], [ 39.0304, 8.41036, 0.0 ], [ 39.0295, 8.40997, 0.0 ], [ 39.0289, 8.40995, 0.0 ], [ 39.02839, 8.41016, 0.0 ], [ 39.02801, 8.41026, 0.0 ], [ 39.02755, 8.41012, 0.0 ], [ 39.02725, 8.40976, 0.0 ], [ 39.02719, 8.40941, 0.0 ], [ 39.02691, 8.40893, 0.0 ], [ 39.0265, 8.40856, 0.0 ], [ 39.02619, 8.4082, 0.0 ], [ 39.02591, 8.40773, 0.0 ], [ 39.02601, 8.40715, 0.0 ], [ 39.02597, 8.40669, 0.0 ], [ 39.02604, 8.40623, 0.0 ], [ 39.02589, 8.40576, 0.0 ], [ 39.02555, 8.40563, 0.0 ], [ 39.02506, 8.40573, 0.0 ], [ 39.02456, 8.40582, 0.0 ], [ 39.02355, 8.40676, 0.0 ], [ 39.02314, 8.40713, 0.0 ], [ 39.0226, 8.4075, 0.0 ], [ 39.02221, 8.40774, 0.0 ], [ 39.02245, 8.40788, 0.0 ], [ 39.02273, 8.40751, 0.0 ], [ 39.0221, 8.40748, 0.0 ], [ 39.02172, 8.40759, 0.0 ], [ 39.02119, 8.40642, 0.0 ], [ 39.02099, 8.4059, 0.0 ], [ 39.02078, 8.40539, 0.0 ], [ 39.02056, 8.40512, 0.0 ], [ 39.0205, 8.40436, 0.0 ], [ 39.02031, 8.40372, 0.0 ], [ 39.01999, 8.4032, 0.0 ], [ 39.0199, 8.40281, 0.0 ], [ 39.01983, 8.40218, 0.0 ], [ 39.02011, 8.40182, 0.0 ], [ 39.02053, 8.40133, 0.0 ], [ 39.02082, 8.40085, 0.0 ], [ 39.02111, 8.40036, 0.0 ], [ 39.02176, 8.40002, 0.0 ], [ 39.02226, 8.39992, 0.0 ], [ 39.02288, 8.39982, 0.0 ], [ 39.02328, 8.39947, 0.0 ], [ 39.02344, 8.39898, 0.0 ], [ 39.02349, 8.39836, 0.0 ], [ 39.02355, 8.39775, 0.0 ], [ 39.02359, 8.39726, 0.0 ], [ 39.02364, 8.39665, 0.0 ], [ 39.02345, 8.39603, 0.0 ], [ 39.02324, 8.39553, 0.0 ], [ 39.02303, 8.39516, 0.0 ], [ 39.0227, 8.39478, 0.0 ], [ 39.02238, 8.39416, 0.0 ], [ 39.02216, 8.39391, 0.0 ], [ 39.02194, 8.39366, 0.0 ], [ 39.02141, 8.39279, 0.0 ], [ 39.02108, 8.39241, 0.0 ], [ 39.021, 8.39193, 0.0 ], [ 39.02067, 8.39156, 0.0 ], [ 39.01998, 8.39117, 0.0 ], [ 39.01965, 8.3908, 0.0 ], [ 39.01932, 8.39043, 0.0 ], [ 39.019, 8.38994, 0.0 ], [ 39.01888, 8.38993, 0.0 ], [ 39.01801, 8.38895, 0.0 ], [ 39.0178, 8.38858, 0.0 ], [ 39.0175, 8.38798, 0.0 ], [ 39.01705, 8.3876, 0.0 ], [ 39.01673, 8.38724, 0.0 ], [ 39.0164, 8.38687, 0.0 ], [ 39.01619, 8.38663, 0.0 ], [ 39.0159, 8.38591, 0.0 ], [ 39.01558, 8.38543, 0.0 ], [ 39.01526, 8.38507, 0.0 ], [ 39.01495, 8.38459, 0.0 ], [ 39.01451, 8.38422, 0.0 ], [ 39.01405, 8.38408, 0.0 ], [ 39.01335, 8.38405, 0.0 ], [ 39.01289, 8.38391, 0.0 ], [ 39.01243, 8.38378, 0.0 ], [ 39.0121, 8.38353, 0.0 ], [ 39.01176, 8.38329, 0.0 ], [ 39.01122, 8.3828, 0.0 ], [ 39.01076, 8.38267, 0.0 ], [ 39.01028, 8.38265, 0.0 ], [ 39.00969, 8.38262, 0.0 ], [ 39.00898, 8.38259, 0.0 ], [ 39.00852, 8.38246, 0.0 ], [ 39.00804, 8.38244, 0.0 ], [ 39.0078, 8.38243, 0.0 ], [ 39.0071, 8.38136, 0.0 ], [ 39.00704, 8.3809, 0.0 ], [ 39.00672, 8.38054, 0.0 ], [ 39.00641, 8.38018, 0.0 ], [ 39.00611, 8.37971, 0.0 ], [ 39.00593, 8.37925, 0.0 ], [ 39.00562, 8.3789, 0.0 ], [ 39.0052, 8.37854, 0.0 ], [ 39.00489, 8.37818, 0.0 ], [ 39.0046, 8.37772, 0.0 ], [ 39.00454, 8.37726, 0.0 ], [ 39.00552, 8.37606, 0.0 ], [ 39.00581, 8.37563, 0.0 ], [ 39.00631, 8.37542, 0.0 ], [ 39.0068, 8.37522, 0.0 ], [ 39.00721, 8.37479, 0.0 ], [ 39.00771, 8.37459, 0.0 ], [ 39.00807, 8.37449, 0.0 ], [ 39.00866, 8.3744, 0.0 ], [ 39.00916, 8.3742, 0.0 ], [ 39.00965, 8.374, 0.0 ], [ 39.01012, 8.37391, 0.0 ], [ 39.0106, 8.37382, 0.0 ], [ 39.01096, 8.37372, 0.0 ], [ 39.01156, 8.37363, 0.0 ], [ 39.01214, 8.37366, 0.0 ], [ 39.01272, 8.37368, 0.0 ], [ 39.0132, 8.37359, 0.0 ], [ 39.01379, 8.3735, 0.0 ], [ 39.01437, 8.37353, 0.0 ], [ 39.01495, 8.37355, 0.0 ], [ 39.01541, 8.37368, 0.0 ], [ 39.016, 8.3726, 0.0 ], [ 39.01649, 8.3724, 0.0 ], [ 39.01696, 8.37231, 0.0 ], [ 39.01742, 8.37233, 0.0 ], [ 39.01777, 8.37234, 0.0 ], [ 39.01832, 8.37259, 0.0 ], [ 39.01876, 8.37283, 0.0 ], [ 39.0192, 8.37307, 0.0 ], [ 39.01952, 8.37341, 0.0 ], [ 39.01983, 8.37376, 0.0 ], [ 39.02028, 8.374, 0.0 ], [ 39.0206, 8.37423, 0.0 ], [ 39.02106, 8.37436, 0.0 ], [ 39.0214, 8.37449, 0.0 ], [ 39.02197, 8.37462, 0.0 ], [ 39.02255, 8.37465, 0.0 ], [ 39.02302, 8.37467, 0.0 ], [ 39.0235, 8.37458, 0.0 ], [ 39.02377, 8.37426, 0.0 ], [ 39.02392, 8.37382, 0.0 ], [ 39.02396, 8.37338, 0.0 ], [ 39.024, 8.37294, 0.0 ], [ 39.02381, 8.37249, 0.0 ], [ 39.0237, 8.37237, 0.0 ], [ 39.02343, 8.37159, 0.0 ], [ 39.02323, 8.37125, 0.0 ], [ 39.02281, 8.37069, 0.0 ], [ 39.02239, 8.37023, 0.0 ], [ 39.02208, 8.36978, 0.0 ], [ 39.02178, 8.36923, 0.0 ], [ 39.02168, 8.36911, 0.0 ], [ 39.02107, 8.3678, 0.0 ], [ 39.02098, 8.36727, 0.0 ], [ 39.02064, 8.36674, 0.0 ], [ 39.02028, 8.36646, 0.0 ], [ 39.01994, 8.36606, 0.0 ], [ 39.01959, 8.36566, 0.0 ], [ 39.01925, 8.36512, 0.0 ], [ 39.01902, 8.36486, 0.0 ], [ 39.01883, 8.36408, 0.0 ], [ 39.01887, 8.36357, 0.0 ], [ 39.01892, 8.36294, 0.0 ], [ 39.01897, 8.3623, 0.0 ], [ 39.01903, 8.36142, 0.0 ], [ 39.01907, 8.36091, 0.0 ], [ 39.01886, 8.3604, 0.0 ], [ 39.01836, 8.36038, 0.0 ], [ 39.01795, 8.36087, 0.0 ], [ 39.01779, 8.36137, 0.0 ], [ 39.01774, 8.362, 0.0 ], [ 39.01746, 8.36237, 0.0 ], [ 39.01681, 8.36273, 0.0 ], [ 39.01639, 8.36322, 0.0 ], [ 39.01611, 8.36359, 0.0 ], [ 39.0157, 8.36408, 0.0 ], [ 39.01529, 8.36445, 0.0 ], [ 39.01523, 8.36509, 0.0 ], [ 39.01471, 8.36533, 0.0 ], [ 39.01431, 8.36557, 0.0 ], [ 39.01342, 8.36566, 0.0 ], [ 39.01265, 8.36576, 0.0 ], [ 39.01215, 8.36574, 0.0 ], [ 39.01152, 8.36572, 0.0 ], [ 39.011, 8.36595, 0.0 ], [ 39.01049, 8.36606, 0.0 ], [ 39.00986, 8.36603, 0.0 ], [ 39.00937, 8.36588, 0.0 ], [ 39.00874, 8.36586, 0.0 ], [ 39.00825, 8.36571, 0.0 ], [ 39.00776, 8.36556, 0.0 ], [ 39.00714, 8.36553, 0.0 ], [ 39.00663, 8.36551, 0.0 ], [ 39.00613, 8.36549, 0.0 ], [ 39.00562, 8.36559, 0.0 ], [ 39.00499, 8.36557, 0.0 ], [ 39.00448, 8.36567, 0.0 ], [ 39.00372, 8.36576, 0.0 ], [ 39.00322, 8.36574, 0.0 ], [ 39.00262, 8.36546, 0.0 ], [ 39.00229, 8.36493, 0.0 ], [ 39.00183, 8.36453, 0.0 ], [ 39.00163, 8.36401, 0.0 ], [ 39.00141, 8.36375, 0.0 ], [ 39.001, 8.36296, 0.0 ], [ 39.00067, 8.36256, 0.0 ], [ 39.00049, 8.36191, 0.0 ], [ 39.00052, 8.36166, 0.0 ], [ 39.00038, 8.36076, 0.0 ], [ 39.00035, 8.35988, 0.0 ], [ 39.00029, 8.35937, 0.0 ], [ 39.0003, 8.35924, 0.0 ], [ 39.0002, 8.35798, 0.0 ], [ 39.00015, 8.35735, 0.0 ], [ 39.00045, 8.35687, 0.0 ], [ 39.00063, 8.35638, 0.0 ], [ 39.00081, 8.35589, 0.0 ], [ 39.00099, 8.3554, 0.0 ], [ 39.00129, 8.35492, 0.0 ], [ 39.00158, 8.35456, 0.0 ], [ 39.00212, 8.35421, 0.0 ], [ 39.00264, 8.35398, 0.0 ], [ 39.00316, 8.35375, 0.0 ], [ 39.00368, 8.35353, 0.0 ], [ 39.00406, 8.35342, 0.0 ], [ 39.00468, 8.35332, 0.0 ], [ 39.00519, 8.35322, 0.0 ], [ 39.00569, 8.35312, 0.0 ], [ 39.00619, 8.35302, 0.0 ], [ 39.00669, 8.35292, 0.0 ], [ 39.00709, 8.35257, 0.0 ], [ 39.00763, 8.3521, 0.0 ], [ 39.00793, 8.35163, 0.0 ], [ 39.0081, 8.35114, 0.0 ], [ 39.00826, 8.35079, 0.0 ], [ 39.00832, 8.35018, 0.0 ], [ 39.00837, 8.3497, 0.0 ], [ 39.00856, 8.34898, 0.0 ], [ 39.00862, 8.34838, 0.0 ], [ 39.00867, 8.34791, 0.0 ], [ 39.00834, 8.34753, 0.0 ], [ 39.00802, 8.34716, 0.0 ], [ 39.0077, 8.34679, 0.0 ], [ 39.00738, 8.34629, 0.0 ], [ 39.00719, 8.34581, 0.0 ], [ 39.007, 8.34533, 0.0 ], [ 39.00681, 8.34484, 0.0 ], [ 39.00669, 8.34484, 0.0 ], [ 39.00619, 8.34387, 0.0 ], [ 39.006, 8.34339, 0.0 ], [ 39.00541, 8.34325, 0.0 ], [ 39.00505, 8.34324, 0.0 ], [ 39.00447, 8.34309, 0.0 ], [ 39.00415, 8.34273, 0.0 ], [ 39.00382, 8.34236, 0.0 ], [ 39.00349, 8.34211, 0.0 ], [ 39.00291, 8.34197, 0.0 ], [ 39.00231, 8.34195, 0.0 ], [ 39.00172, 8.34192, 0.0 ], [ 39.00124, 8.3419, 0.0 ], [ 39.00076, 8.34188, 0.0 ], [ 39.00029, 8.34186, 0.0 ], [ 38.99984, 8.34161, 0.0 ], [ 38.99939, 8.34135, 0.0 ], [ 38.99896, 8.34098, 0.0 ], [ 38.99863, 8.34074, 0.0 ], [ 38.99833, 8.34026, 0.0 ], [ 38.99802, 8.3399, 0.0 ], [ 38.99769, 8.33965, 0.0 ], [ 38.99725, 8.3394, 0.0 ], [ 38.9968, 8.33915, 0.0 ], [ 38.99662, 8.33868, 0.0 ], [ 38.99668, 8.33822, 0.0 ], [ 38.99665, 8.33753, 0.0 ], [ 38.99659, 8.33706, 0.0 ], [ 38.99667, 8.33649, 0.0 ], [ 38.99636, 8.33614, 0.0 ], [ 38.99581, 8.33577, 0.0 ], [ 38.99564, 8.33531, 0.0 ], [ 38.99583, 8.33475, 0.0 ], [ 38.996, 8.3343, 0.0 ], [ 38.99631, 8.33375, 0.0 ], [ 38.99671, 8.33342, 0.0 ], [ 38.99798, 8.33269, 0.0 ], [ 38.99843, 8.33282, 0.0 ], [ 38.99924, 8.33296, 0.0 ], [ 38.9997, 8.33298, 0.0 ], [ 39.00029, 8.33301, 0.0 ], [ 39.00078, 8.3328, 0.0 ], [ 39.00119, 8.33237, 0.0 ], [ 39.00136, 8.33193, 0.0 ], [ 39.00165, 8.33149, 0.0 ], [ 39.00206, 8.33106, 0.0 ], [ 39.00234, 8.33063, 0.0 ], [ 39.00263, 8.33019, 0.0 ], [ 39.00278, 8.32998, 0.0 ], [ 39.00341, 8.32956, 0.0 ], [ 39.00379, 8.32935, 0.0 ], [ 39.00454, 8.32894, 0.0 ], [ 39.0049, 8.32885, 0.0 ], [ 39.00549, 8.32876, 0.0 ], [ 39.00597, 8.32867, 0.0 ], [ 39.00644, 8.32858, 0.0 ], [ 39.00692, 8.32849, 0.0 ], [ 39.00739, 8.3284, 0.0 ], [ 39.00799, 8.32831, 0.0 ], [ 39.00856, 8.32834, 0.0 ], [ 39.00925, 8.32837, 0.0 ], [ 39.00974, 8.32817, 0.0 ], [ 39.01011, 8.32796, 0.0 ], [ 39.0106, 8.32776, 0.0 ], [ 39.0112, 8.32757, 0.0 ], [ 39.01179, 8.32737, 0.0 ], [ 39.01232, 8.32674, 0.0 ], [ 39.01259, 8.32642, 0.0 ], [ 39.01309, 8.326, 0.0 ], [ 39.0137, 8.3257, 0.0 ], [ 39.01428, 8.32562, 0.0 ], [ 39.01485, 8.3242, 0.0 ], [ 39.01526, 8.32374, 0.0 ], [ 39.01554, 8.32327, 0.0 ], [ 39.01593, 8.32305, 0.0 ], [ 39.01632, 8.32271, 0.0 ], [ 39.0166, 8.32236, 0.0 ], [ 39.01702, 8.32179, 0.0 ], [ 39.0174, 8.32157, 0.0 ], [ 39.01802, 8.32136, 0.0 ], [ 39.01827, 8.32125, 0.0 ], [ 39.0189, 8.32104, 0.0 ], [ 39.01928, 8.32082, 0.0 ], [ 39.01976, 8.32084, 0.0 ], [ 39.02049, 8.32075, 0.0 ], [ 39.02097, 8.32065, 0.0 ], [ 39.02157, 8.32068, 0.0 ], [ 39.02229, 8.32071, 0.0 ], [ 39.02289, 8.32074, 0.0 ], [ 39.02348, 8.32076, 0.0 ], [ 39.02407, 8.3209, 0.0 ], [ 39.02466, 8.32105, 0.0 ], [ 39.02513, 8.32118, 0.0 ], [ 39.02584, 8.32133, 0.0 ], [ 39.02632, 8.32135, 0.0 ], [ 39.02692, 8.32138, 0.0 ], [ 39.02739, 8.32151, 0.0 ], [ 39.02798, 8.32177, 0.0 ], [ 39.02846, 8.32179, 0.0 ], [ 39.02892, 8.32205, 0.0 ], [ 39.02939, 8.32219, 0.0 ], [ 39.02985, 8.32256, 0.0 ], [ 39.03044, 8.32271, 0.0 ], [ 39.0308, 8.32272, 0.0 ], [ 39.0314, 8.32275, 0.0 ], [ 39.0319, 8.32241, 0.0 ], [ 39.03252, 8.3222, 0.0 ], [ 39.03278, 8.32186, 0.0 ], [ 39.03317, 8.3214, 0.0 ], [ 39.03355, 8.32106, 0.0 ], [ 39.03392, 8.32096, 0.0 ], [ 39.03414, 8.32121, 0.0 ], [ 39.03422, 8.3218, 0.0 ], [ 39.03432, 8.32228, 0.0 ], [ 39.03428, 8.32287, 0.0 ], [ 39.03426, 8.32322, 0.0 ], [ 39.03435, 8.3237, 0.0 ], [ 39.03482, 8.32408, 0.0 ], [ 39.03529, 8.32422, 0.0 ], [ 39.03551, 8.32458, 0.0 ], [ 39.03549, 8.32494, 0.0 ], [ 39.03534, 8.32542, 0.0 ], [ 39.0347, 8.32599, 0.0 ], [ 39.03433, 8.32622, 0.0 ], [ 39.03442, 8.3267, 0.0 ], [ 39.0349, 8.32685, 0.0 ], [ 39.03538, 8.32687, 0.0 ], [ 39.0355, 8.32687, 0.0 ], [ 39.03681, 8.32741, 0.0 ], [ 39.03731, 8.32718, 0.0 ], [ 39.0378, 8.3272, 0.0 ], [ 39.038, 8.32793, 0.0 ], [ 39.03835, 8.32831, 0.0 ], [ 39.03895, 8.32857, 0.0 ], [ 39.03917, 8.32907, 0.0 ], [ 39.03951, 8.32945, 0.0 ], [ 39.03986, 8.32995, 0.0 ], [ 39.04046, 8.33009, 0.0 ], [ 39.04107, 8.33023, 0.0 ], [ 39.04179, 8.3305, 0.0 ], [ 39.04203, 8.33051, 0.0 ], [ 39.04276, 8.33055, 0.0 ], [ 39.04348, 8.33083, 0.0 ], [ 39.0441, 8.33086, 0.0 ], [ 39.04447, 8.33051, 0.0 ], [ 39.04509, 8.33042, 0.0 ], [ 39.0457, 8.33045, 0.0 ], [ 39.04607, 8.33047, 0.0 ], [ 39.04668, 8.33025, 0.0 ], [ 39.04682, 8.32977, 0.0 ], [ 39.04671, 8.32927, 0.0 ], [ 39.04661, 8.32878, 0.0 ], [ 39.04638, 8.32829, 0.0 ], [ 39.0464, 8.32781, 0.0 ], [ 39.04641, 8.3272, 0.0 ], [ 39.04679, 8.32685, 0.0 ], [ 39.04728, 8.32651, 0.0 ], [ 39.04766, 8.32616, 0.0 ], [ 39.04803, 8.3257, 0.0 ], [ 39.0484, 8.32535, 0.0 ], [ 39.04877, 8.32501, 0.0 ], [ 39.04927, 8.32455, 0.0 ], [ 39.04975, 8.32421, 0.0 ], [ 39.05048, 8.32425, 0.0 ], [ 39.05096, 8.32427, 0.0 ], [ 39.05144, 8.32465, 0.0 ], [ 39.05192, 8.32468, 0.0 ], [ 39.05241, 8.32446, 0.0 ], [ 39.05266, 8.32423, 0.0 ], [ 39.05411, 8.32358, 0.0 ], [ 39.05448, 8.32324, 0.0 ], [ 39.05496, 8.32291, 0.0 ], [ 39.05533, 8.32257, 0.0 ], [ 39.05557, 8.32211, 0.0 ], [ 39.05605, 8.32177, 0.0 ], [ 39.05666, 8.32145, 0.0 ], [ 39.05702, 8.32111, 0.0 ], [ 39.05738, 8.32066, 0.0 ], [ 39.05786, 8.32056, 0.0 ], [ 39.05834, 8.32035, 0.0 ], [ 39.05882, 8.32014, 0.0 ], [ 39.05894, 8.31967, 0.0 ], [ 39.05918, 8.31922, 0.0 ], [ 39.05942, 8.31876, 0.0 ], [ 39.05978, 8.3182, 0.0 ], [ 39.06025, 8.31776, 0.0 ], [ 39.06072, 8.31743, 0.0 ], [ 39.06132, 8.31711, 0.0 ], [ 39.06191, 8.3169, 0.0 ], [ 39.06226, 8.31669, 0.0 ], [ 39.06286, 8.31648, 0.0 ], [ 39.06357, 8.31651, 0.0 ], [ 39.06404, 8.31653, 0.0 ], [ 39.06475, 8.31645, 0.0 ], [ 39.06533, 8.31647, 0.0 ], [ 39.06569, 8.31672, 0.0 ], [ 39.06593, 8.31719, 0.0 ], [ 39.06594, 8.31788, 0.0 ], [ 39.06595, 8.31846, 0.0 ], [ 39.06691, 8.31931, 0.0 ], [ 39.06692, 8.31989, 0.0 ], [ 39.0668, 8.32012, 0.0 ], [ 39.0667, 8.32082, 0.0 ], [ 39.06658, 8.32116, 0.0 ], [ 39.06647, 8.32174, 0.0 ], [ 39.06623, 8.32232, 0.0 ], [ 39.06624, 8.32279, 0.0 ], [ 39.06624, 8.32326, 0.0 ], [ 39.06625, 8.32374, 0.0 ], [ 39.06625, 8.32409, 0.0 ], [ 39.06638, 8.32469, 0.0 ], [ 39.06662, 8.32518, 0.0 ], [ 39.06687, 8.32555, 0.0 ], [ 39.06735, 8.32592, 0.0 ], [ 39.06783, 8.32617, 0.0 ], [ 39.06831, 8.32631, 0.0 ], [ 39.06879, 8.32633, 0.0 ], [ 39.06928, 8.32647, 0.0 ], [ 39.06977, 8.32674, 0.0 ], [ 39.07025, 8.32688, 0.0 ], [ 39.07074, 8.32702, 0.0 ], [ 39.07123, 8.32728, 0.0 ], [ 39.07148, 8.32777, 0.0 ], [ 39.07161, 8.32826, 0.0 ], [ 39.07185, 8.32874, 0.0 ], [ 39.07246, 8.32877, 0.0 ], [ 39.07294, 8.32891, 0.0 ], [ 39.07307, 8.32939, 0.0 ], [ 39.07307, 8.32951, 0.0 ], [ 39.07274, 8.33059, 0.0 ], [ 39.07251, 8.33119, 0.0 ], [ 39.07241, 8.33168, 0.0 ], [ 39.0723, 8.33217, 0.0 ], [ 39.0722, 8.33278, 0.0 ], [ 39.07196, 8.33326, 0.0 ], [ 39.07173, 8.33375, 0.0 ], [ 39.07162, 8.33424, 0.0 ], [ 39.072, 8.33475, 0.0 ], [ 39.0725, 8.33514, 0.0 ], [ 39.07287, 8.3354, 0.0 ], [ 39.07349, 8.33556, 0.0 ], [ 39.07398, 8.33545, 0.0 ], [ 39.07447, 8.3351, 0.0 ], [ 39.07483, 8.33487, 0.0 ], [ 39.07532, 8.33477, 0.0 ], [ 39.07593, 8.33467, 0.0 ], [ 39.07629, 8.33431, 0.0 ], [ 39.07677, 8.33396, 0.0 ], [ 39.07711, 8.33336, 0.0 ], [ 39.07709, 8.33287, 0.0 ], [ 39.07743, 8.33226, 0.0 ], [ 39.07765, 8.33166, 0.0 ], [ 39.07776, 8.33118, 0.0 ], [ 39.07776, 8.33106, 0.0 ], [ 39.07833, 8.32987, 0.0 ], [ 39.07832, 8.32939, 0.0 ], [ 39.07806, 8.32913, 0.0 ], [ 39.07721, 8.32909, 0.0 ], [ 39.07659, 8.32906, 0.0 ], [ 39.0761, 8.3288, 0.0 ], [ 39.07585, 8.32831, 0.0 ], [ 39.07536, 8.32793, 0.0 ], [ 39.07486, 8.32755, 0.0 ], [ 39.07472, 8.32706, 0.0 ], [ 39.07471, 8.32658, 0.0 ], [ 39.07468, 8.32586, 0.0 ], [ 39.07465, 8.32526, 0.0 ], [ 39.07476, 8.32491, 0.0 ], [ 39.07486, 8.32432, 0.0 ], [ 39.07484, 8.32373, 0.0 ], [ 39.07482, 8.32325, 0.0 ], [ 39.07481, 8.32278, 0.0 ], [ 39.07479, 8.32219, 0.0 ], [ 39.07477, 8.32149, 0.0 ], [ 39.07475, 8.32079, 0.0 ], [ 39.07474, 8.32044, 0.0 ], [ 39.07373, 8.32024, 0.0 ], [ 39.07359, 8.31896, 0.0 ], [ 39.07346, 8.31857, 0.0 ], [ 39.07307, 8.31791, 0.0 ], [ 39.07269, 8.31738, 0.0 ], [ 39.0723, 8.31697, 0.0 ], [ 39.07204, 8.31658, 0.0 ], [ 39.07178, 8.31605, 0.0 ], [ 39.07152, 8.31553, 0.0 ], [ 39.07139, 8.31501, 0.0 ], [ 39.07112, 8.31448, 0.0 ], [ 39.07098, 8.31396, 0.0 ], [ 39.07072, 8.31357, 0.0 ], [ 39.07046, 8.31292, 0.0 ], [ 39.07033, 8.31254, 0.0 ], [ 39.07008, 8.31191, 0.0 ], [ 39.06983, 8.3114, 0.0 ], [ 39.06982, 8.3109, 0.0 ], [ 39.06982, 8.3104, 0.0 ], [ 39.06981, 8.3099, 0.0 ], [ 39.0698, 8.30928, 0.0 ], [ 39.0698, 8.30879, 0.0 ], [ 39.06992, 8.3083, 0.0 ], [ 39.07004, 8.30782, 0.0 ], [ 39.07004, 8.30732, 0.0 ], [ 39.07003, 8.30683, 0.0 ], [ 39.07003, 8.30634, 0.0 ], [ 39.07002, 8.30585, 0.0 ], [ 39.06989, 8.30535, 0.0 ], [ 39.06987, 8.30474, 0.0 ], [ 39.06998, 8.30426, 0.0 ], [ 39.07022, 8.3039, 0.0 ], [ 39.07058, 8.30331, 0.0 ], [ 39.07081, 8.30283, 0.0 ], [ 39.07117, 8.30237, 0.0 ], [ 39.07153, 8.3019, 0.0 ], [ 39.07201, 8.30168, 0.0 ], [ 39.07273, 8.30123, 0.0 ], [ 39.07273, 8.30111, 0.0 ], [ 39.07354, 8.29995, 0.0 ], [ 39.0739, 8.2996, 0.0 ], [ 39.07425, 8.29926, 0.0 ], [ 39.07472, 8.29904, 0.0 ], [ 39.0752, 8.29894, 0.0 ], [ 39.0758, 8.29897, 0.0 ], [ 39.07652, 8.299, 0.0 ], [ 39.077, 8.29902, 0.0 ], [ 39.07773, 8.29905, 0.0 ], [ 39.07821, 8.29919, 0.0 ], [ 39.0787, 8.29944, 0.0 ], [ 39.07884, 8.29993, 0.0 ], [ 39.07898, 8.30041, 0.0 ], [ 39.07911, 8.30078, 0.0 ], [ 39.07925, 8.30138, 0.0 ], [ 39.07939, 8.30187, 0.0 ], [ 39.07952, 8.30235, 0.0 ], [ 39.07978, 8.30284, 0.0 ], [ 39.07991, 8.30333, 0.0 ], [ 39.08005, 8.30382, 0.0 ], [ 39.08007, 8.30443, 0.0 ], [ 39.08032, 8.3048, 0.0 ], [ 39.08069, 8.30506, 0.0 ], [ 39.0813, 8.30544, 0.0 ], [ 39.08193, 8.30584, 0.0 ], [ 39.08243, 8.30599, 0.0 ], [ 39.08293, 8.30601, 0.0 ], [ 39.08342, 8.30591, 0.0 ], [ 39.08389, 8.30557, 0.0 ], [ 39.08439, 8.30559, 0.0 ], [ 39.08488, 8.30561, 0.0 ], [ 39.0855, 8.30564, 0.0 ], [ 39.086, 8.30579, 0.0 ], [ 39.08649, 8.30593, 0.0 ], [ 39.08709, 8.30595, 0.0 ], [ 39.08758, 8.30609, 0.0 ], [ 39.08806, 8.30611, 0.0 ], [ 39.08868, 8.30638, 0.0 ], [ 39.08871, 8.30687, 0.0 ], [ 39.08874, 8.30736, 0.0 ], [ 39.08914, 8.308, 0.0 ], [ 39.08931, 8.30875, 0.0 ], [ 39.08935, 8.30937, 0.0 ], [ 39.08939, 8.30987, 0.0 ], [ 39.08968, 8.31076, 0.0 ], [ 39.09008, 8.3114, 0.0 ], [ 39.09048, 8.31191, 0.0 ], [ 39.09062, 8.31229, 0.0 ], [ 39.09092, 8.31294, 0.0 ], [ 39.09119, 8.31321, 0.0 ], [ 39.0916, 8.31398, 0.0 ], [ 39.09187, 8.31437, 0.0 ], [ 39.09226, 8.31464, 0.0 ], [ 39.09176, 8.31462, 0.0 ], [ 39.09126, 8.3146, 0.0 ], [ 39.09078, 8.31483, 0.0 ], [ 39.0903, 8.31507, 0.0 ], [ 39.09022, 8.3157, 0.0 ], [ 39.09024, 8.31621, 0.0 ], [ 39.09052, 8.31673, 0.0 ], [ 39.0908, 8.31726, 0.0 ], [ 39.09096, 8.31778, 0.0 ], [ 39.09098, 8.31829, 0.0 ], [ 39.0906, 8.31814, 0.0 ], [ 39.09045, 8.31763, 0.0 ], [ 39.09018, 8.31723, 0.0 ], [ 39.08978, 8.3167, 0.0 ], [ 39.08939, 8.31631, 0.0 ], [ 39.08888, 8.31628, 0.0 ], [ 39.08836, 8.31613, 0.0 ], [ 39.08798, 8.31598, 0.0 ], [ 39.08735, 8.31583, 0.0 ], [ 39.08674, 8.31568, 0.0 ], [ 39.08625, 8.31592, 0.0 ], [ 39.08589, 8.31616, 0.0 ], [ 39.08529, 8.31665, 0.0 ], [ 39.08494, 8.31702, 0.0 ], [ 39.08495, 8.3174, 0.0 ], [ 39.08498, 8.31804, 0.0 ], [ 39.08501, 8.31856, 0.0 ], [ 39.08527, 8.31896, 0.0 ], [ 39.0858, 8.31962, 0.0 ], [ 39.08607, 8.32015, 0.0 ], [ 39.08609, 8.32054, 0.0 ], [ 39.08626, 8.32133, 0.0 ], [ 39.08617, 8.32211, 0.0 ], [ 39.0862, 8.32264, 0.0 ], [ 39.08623, 8.32317, 0.0 ], [ 39.08664, 8.32372, 0.0 ], [ 39.08715, 8.32387, 0.0 ], [ 39.08778, 8.3239, 0.0 ], [ 39.08842, 8.32392, 0.0 ], [ 39.08904, 8.32368, 0.0 ], [ 39.08927, 8.3233, 0.0 ], [ 39.08974, 8.32292, 0.0 ], [ 39.09023, 8.32267, 0.0 ], [ 39.09074, 8.3227, 0.0 ], [ 39.09136, 8.32259, 0.0 ], [ 39.09187, 8.32261, 0.0 ], [ 39.09239, 8.3229, 0.0 ], [ 39.09267, 8.3233, 0.0 ], [ 39.09269, 8.3237, 0.0 ], [ 39.09248, 8.32435, 0.0 ], [ 39.09197, 8.32433, 0.0 ], [ 39.09135, 8.32444, 0.0 ], [ 39.09086, 8.32468, 0.0 ], [ 39.0905, 8.32506, 0.0 ], [ 39.09052, 8.32533, 0.0 ], [ 39.09075, 8.3272, 0.0 ], [ 39.09154, 8.32763, 0.0 ], [ 39.09217, 8.32766, 0.0 ], [ 39.0927, 8.32795, 0.0 ], [ 39.09307, 8.32769, 0.0 ], [ 39.09357, 8.32758, 0.0 ], [ 39.09399, 8.32814, 0.0 ], [ 39.09439, 8.32855, 0.0 ], [ 39.09493, 8.32898, 0.0 ], [ 39.09545, 8.329, 0.0 ], [ 39.09568, 8.32861, 0.0 ], [ 39.09613, 8.32783, 0.0 ], [ 39.09609, 8.32716, 0.0 ], [ 39.09604, 8.32649, 0.0 ], [ 39.09598, 8.32569, 0.0 ], [ 39.09608, 8.32529, 0.0 ], [ 39.0963, 8.32477, 0.0 ], [ 39.09652, 8.32425, 0.0 ], [ 39.09673, 8.32374, 0.0 ], [ 39.09669, 8.32308, 0.0 ], [ 39.0969, 8.32256, 0.0 ], [ 39.09685, 8.3219, 0.0 ], [ 39.09683, 8.32151, 0.0 ], [ 39.09677, 8.32073, 0.0 ], [ 39.09726, 8.32062, 0.0 ], [ 39.09731, 8.32127, 0.0 ], [ 39.09736, 8.32193, 0.0 ], [ 39.0974, 8.32245, 0.0 ], [ 39.09745, 8.32311, 0.0 ], [ 39.09761, 8.32364, 0.0 ], [ 39.09788, 8.32404, 0.0 ], [ 39.09807, 8.32472, 0.0 ], [ 39.09964, 8.32473, 0.0 ], [ 39.09987, 8.32543, 0.0 ], [ 39.09993, 8.32598, 0.0 ], [ 39.10028, 8.32585, 0.0 ], [ 39.10061, 8.32558, 0.0 ], [ 39.10127, 8.326, 0.0 ], [ 39.1019, 8.32615, 0.0 ], [ 39.10242, 8.3263, 0.0 ], [ 39.10254, 8.32714, 0.0 ], [ 39.10295, 8.32743, 0.0 ], [ 39.10347, 8.32759, 0.0 ], [ 39.104, 8.32787, 0.0 ], [ 39.10443, 8.32843, 0.0 ], [ 39.10474, 8.32898, 0.0 ], [ 39.10538, 8.32913, 0.0 ], [ 39.10579, 8.32955, 0.0 ], [ 39.10632, 8.32984, 0.0 ], [ 39.10672, 8.32999, 0.0 ], [ 39.10711, 8.33001, 0.0 ], [ 39.10776, 8.33017, 0.0 ], [ 39.10842, 8.33034, 0.0 ], [ 39.10907, 8.33037, 0.0 ], [ 39.10941, 8.32998, 0.0 ], [ 39.10959, 8.32931, 0.0 ], [ 39.11008, 8.32906, 0.0 ], [ 39.11035, 8.32921, 0.0 ], [ 39.11104, 8.33118, 0.0 ], [ 39.11156, 8.33134, 0.0 ], [ 39.11195, 8.33079, 0.0 ], [ 39.11233, 8.33065, 0.0 ], [ 39.11285, 8.33109, 0.0 ], [ 39.11324, 8.3315, 0.0 ], [ 39.11337, 8.33207, 0.0 ], [ 39.11324, 8.33275, 0.0 ], [ 39.11273, 8.33317, 0.0 ], [ 39.11235, 8.33345, 0.0 ], [ 39.1117, 8.33372, 0.0 ], [ 39.11118, 8.33384, 0.0 ], [ 39.11065, 8.33437, 0.0 ], [ 39.11065, 8.33495, 0.0 ], [ 39.11078, 8.33552, 0.0 ], [ 39.11092, 8.3361, 0.0 ], [ 39.11132, 8.33684, 0.0 ], [ 39.11157, 8.33739, 0.0 ], [ 39.11196, 8.3378, 0.0 ], [ 39.11209, 8.33837, 0.0 ], [ 39.11171, 8.33899, 0.0 ], [ 39.11146, 8.33986, 0.0 ], [ 39.11172, 8.34029, 0.0 ], [ 39.11263, 8.34028, 0.0 ], [ 39.11329, 8.34072, 0.0 ], [ 39.11291, 8.34147, 0.0 ], [ 39.11226, 8.34177, 0.0 ], [ 39.11267, 8.34324, 0.0 ], [ 39.11306, 8.34383, 0.0 ], [ 39.11347, 8.34442, 0.0 ], [ 39.11386, 8.34486, 0.0 ], [ 39.11387, 8.34545, 0.0 ], [ 39.11361, 8.34605, 0.0 ], [ 39.11309, 8.34649, 0.0 ], [ 39.11269, 8.34679, 0.0 ], [ 39.11189, 8.34707, 0.0 ], [ 39.11189, 8.34781, 0.0 ], [ 39.11162, 8.34839, 0.0 ], [ 39.11135, 8.34911, 0.0 ], [ 39.11121, 8.34969, 0.0 ], [ 39.11121, 8.35012, 0.0 ], [ 39.1112, 8.35099, 0.0 ], [ 39.11089, 8.35261, 0.0 ], [ 39.111, 8.35323, 0.0 ], [ 39.11123, 8.35372, 0.0 ], [ 39.11123, 8.35422, 0.0 ], [ 39.11122, 8.35485, 0.0 ], [ 39.11109, 8.35534, 0.0 ], [ 39.11096, 8.35583, 0.0 ], [ 39.11071, 8.35632, 0.0 ], [ 39.11033, 8.35668, 0.0 ], [ 39.10995, 8.35704, 0.0 ], [ 39.10946, 8.35714, 0.0 ], [ 39.10896, 8.35737, 0.0 ], [ 39.10834, 8.35734, 0.0 ], [ 39.10798, 8.35696, 0.0 ], [ 39.10749, 8.35656, 0.0 ], [ 39.10723, 8.35691, 0.0 ], [ 39.10673, 8.35739, 0.0 ], [ 39.10648, 8.3575, 0.0 ], [ 39.10573, 8.35747, 0.0 ], [ 39.10524, 8.35745, 0.0 ], [ 39.10547, 8.3581, 0.0 ], [ 39.10596, 8.35836, 0.0 ], [ 39.10645, 8.35851, 0.0 ], [ 39.10694, 8.35878, 0.0 ], [ 39.10718, 8.35917, 0.0 ], [ 39.10705, 8.35955, 0.0 ], [ 39.10642, 8.35992, 0.0 ], [ 39.10592, 8.36029, 0.0 ], [ 39.10653, 8.36082, 0.0 ], [ 39.10677, 8.36121, 0.0 ], [ 39.10689, 8.36147, 0.0 ], [ 39.10712, 8.36251, 0.0 ], [ 39.10759, 8.36395, 0.0 ], [ 39.10821, 8.36397, 0.0 ], [ 39.1087, 8.36424, 0.0 ], [ 39.10907, 8.36477, 0.0 ], [ 39.10944, 8.3653, 0.0 ], [ 39.10968, 8.36583, 0.0 ], [ 39.11018, 8.36612, 0.0 ], [ 39.1103, 8.36665, 0.0 ], [ 39.11056, 8.36654, 0.0 ], [ 39.11107, 8.36577, 0.0 ], [ 39.11158, 8.36553, 0.0 ], [ 39.1122, 8.36581, 0.0 ], [ 39.11245, 8.36608, 0.0 ], [ 39.11319, 8.36662, 0.0 ], [ 39.11319, 8.36715, 0.0 ], [ 39.11343, 8.36794, 0.0 ], [ 39.11368, 8.36874, 0.0 ], [ 39.1138, 8.36901, 0.0 ], [ 39.11367, 8.3702, 0.0 ], [ 39.11404, 8.37074, 0.0 ], [ 39.11429, 8.37115, 0.0 ], [ 39.11429, 8.37141, 0.0 ], [ 39.11428, 8.37233, 0.0 ], [ 39.11427, 8.37272, 0.0 ], [ 39.11427, 8.37352, 0.0 ], [ 39.11414, 8.37392, 0.0 ], [ 39.1135, 8.37432, 0.0 ], [ 39.11337, 8.37498, 0.0 ], [ 39.11323, 8.37565, 0.0 ], [ 39.11322, 8.37646, 0.0 ], [ 39.11322, 8.377, 0.0 ], [ 39.11322, 8.37728, 0.0 ], [ 39.11334, 8.37811, 0.0 ], [ 39.11359, 8.3788, 0.0 ], [ 39.11359, 8.37935, 0.0 ], [ 39.11397, 8.37991, 0.0 ], [ 39.11448, 8.38034, 0.0 ], [ 39.11461, 8.3809, 0.0 ], [ 39.11435, 8.38131, 0.0 ], [ 39.11396, 8.38145, 0.0 ], [ 39.11434, 8.38285, 0.0 ], [ 39.11473, 8.38342, 0.0 ], [ 39.11512, 8.38372, 0.0 ], [ 39.11577, 8.38374, 0.0 ], [ 39.11642, 8.38377, 0.0 ], [ 39.11668, 8.3842, 0.0 ], [ 39.11707, 8.38449, 0.0 ], [ 39.11746, 8.38423, 0.0 ], [ 39.11798, 8.38382, 0.0 ], [ 39.1185, 8.38412, 0.0 ], [ 39.11876, 8.3847, 0.0 ], [ 39.11916, 8.38514, 0.0 ], [ 39.11968, 8.38488, 0.0 ], [ 39.1202, 8.38462, 0.0 ], [ 39.12072, 8.38408, 0.0 ], [ 39.1211, 8.38367, 0.0 ], [ 39.12149, 8.3834, 0.0 ], [ 39.12228, 8.38344, 0.0 ], [ 39.12306, 8.38376, 0.0 ], [ 39.12358, 8.38363, 0.0 ], [ 39.1241, 8.38378, 0.0 ], [ 39.12462, 8.38436, 0.0 ], [ 39.1249, 8.38522, 0.0 ], [ 39.12503, 8.38564, 0.0 ], [ 39.12517, 8.38621, 0.0 ], [ 39.12518, 8.38692, 0.0 ], [ 39.12558, 8.38736, 0.0 ], [ 39.12571, 8.38736, 0.0 ], [ 39.12651, 8.3881, 0.0 ], [ 39.12717, 8.38855, 0.0 ], [ 39.12744, 8.38884, 0.0 ], [ 39.12798, 8.38944, 0.0 ], [ 39.12811, 8.38959, 0.0 ], [ 39.12904, 8.39, 0.0 ] ] ] } },
{ "type": "Feature", "properties": { "waterbody": "Lake Tana" }, "geometry": { "type": "Polygon", "coordinates": [ [ [ 37.15848, 12.25613, 0.0 ], [ 37.1635, 12.26625, 0.0 ], [ 37.1528, 12.27125, 0.0 ], [ 37.13815, 12.26351, 0.0 ], [ 37.1331, 12.2445, 0.0 ], [ 37.1287, 12.23745, 0.0 ], [ 37.11365, 12.24947, 0.0 ], [ 37.09726, 12.2376, 0.0 ], [ 37.0771, 12.22297, 0.0 ], [ 37.06165, 12.20218, 0.0 ], [ 37.04212, 12.16881, 0.0 ], [ 37.03375, 12.13494, 0.0 ], [ 37.03251, 12.111, 0.0 ], [ 37.03115, 12.09365, 0.0 ], [ 37.0219, 12.06868, 0.0 ], [ 37.01627, 12.0465, 0.0 ], [ 37.01555, 12.0269, 0.0 ], [ 37.02199, 12.01722, 0.0 ], [ 37.02327, 12.0028, 0.0 ], [ 37.02483, 11.9763, 0.0 ], [ 37.02087, 11.95716, 0.0 ], [ 37.02348, 11.93708, 0.0 ], [ 36.99614, 11.9114, 0.0 ], [ 36.9967, 11.90036, 0.0 ], [ 36.99682, 11.88611, 0.0 ], [ 37.00962, 11.88209, 0.0 ], [ 37.02141, 11.8859, 0.0 ], [ 37.03587, 11.88494, 0.0 ], [ 37.04261, 11.87742, 0.0 ], [ 37.04933, 11.86224, 0.0 ], [ 37.04195, 11.85016, 0.0 ], [ 37.05928, 11.83127, 0.0 ], [ 37.07622, 11.83215, 0.0 ], [ 37.0835, 11.80593, 0.0 ], [ 37.10356, 11.79762, 0.0 ], [ 37.11364, 11.81261, 0.0 ], [ 37.10552, 11.8258, 0.0 ], [ 37.09722, 11.83026, 0.0 ], [ 37.10322, 11.84036, 0.0 ], [ 37.1191, 11.84905, 0.0 ], [ 37.10912, 11.8647, 0.0 ], [ 37.1074, 11.86823, 0.0 ], [ 37.10381, 11.87421, 0.0 ], [ 37.1021, 11.87774, 0.0 ], [ 37.09976, 11.88464, 0.0 ], [ 37.09821, 11.88924, 0.0 ], [ 37.09727, 11.89046, 0.0 ], [ 37.12218, 11.87708, 0.0 ], [ 37.12955, 11.87384, 0.0 ], [ 37.13372, 11.85683, 0.0 ], [ 37.13441, 11.83155, 0.0 ], [ 37.13483, 11.81945, 0.0 ], [ 37.13259, 11.80445, 0.0 ], [ 37.14904, 11.80211, 0.0 ], [ 37.17823, 11.80237, 0.0 ], [ 37.20081, 11.81118, 0.0 ], [ 37.22653, 11.82611, 0.0 ], [ 37.24125, 11.82729, 0.0 ], [ 37.25186, 11.81594, 0.0 ], [ 37.26468, 11.81192, 0.0 ], [ 37.28782, 11.8097, 0.0 ], [ 37.30089, 11.79252, 0.0 ], [ 37.31554, 11.77839, 0.0 ], [ 37.32191, 11.76872, 0.0 ], [ 37.30598, 11.77428, 0.0 ], [ 37.31229, 11.7493, 0.0 ], [ 37.31143, 11.72864, 0.0 ], [ 37.32, 11.71867, 0.0 ], [ 37.3231, 11.7095, 0.0 ], [ 37.3353, 11.71646, 0.0 ], [ 37.34562, 11.71826, 0.0 ], [ 37.35875, 11.70878, 0.0 ], [ 37.35883, 11.69451, 0.0 ], [ 37.35194, 11.69331, 0.0 ], [ 37.34038, 11.69062, 0.0 ], [ 37.33226, 11.68852, 0.0 ], [ 37.31851, 11.69375, 0.0 ], [ 37.31272, 11.70001, 0.0 ], [ 37.31612, 11.68532, 0.0 ], [ 37.30446, 11.67489, 0.0 ], [ 37.29096, 11.65931, 0.0 ], [ 37.30687, 11.65372, 0.0 ], [ 37.32559, 11.64446, 0.0 ], [ 37.33197, 11.6348, 0.0 ], [ 37.34397, 11.62499, 0.0 ], [ 37.34751, 11.61136, 0.0 ], [ 37.36767, 11.61174, 0.0 ], [ 37.37451, 11.60529, 0.0 ], [ 37.38618, 11.59377, 0.0 ], [ 37.39601, 11.59234, 0.0 ], [ 37.39421, 11.61011, 0.0 ], [ 37.40205, 11.61773, 0.0 ], [ 37.40589, 11.63579, 0.0 ], [ 37.41922, 11.65027, 0.0 ], [ 37.42581, 11.65698, 0.0 ], [ 37.4262, 11.67441, 0.0 ], [ 37.41732, 11.68225, 0.0 ], [ 37.42298, 11.69018, 0.0 ], [ 37.43963, 11.71184, 0.0 ], [ 37.42941, 11.73299, 0.0 ], [ 37.42098, 11.73639, 0.0 ], [ 37.42555, 11.74448, 0.0 ], [ 37.43147, 11.73926, 0.0 ], [ 37.43864, 11.73495, 0.0 ], [ 37.44182, 11.7487, 0.0 ], [ 37.44825, 11.75433, 0.0 ], [ 37.45625, 11.76302, 0.0 ], [ 37.45835, 11.77693, 0.0 ], [ 37.45217, 11.79532, 0.0 ], [ 37.45423, 11.80158, 0.0 ], [ 37.46301, 11.80797, 0.0 ], [ 37.47198, 11.82308, 0.0 ], [ 37.47485, 11.83469, 0.0 ], [ 37.48417, 11.82241, 0.0 ], [ 37.49076, 11.82912, 0.0 ], [ 37.49983, 11.82999, 0.0 ], [ 37.52237, 11.83877, 0.0 ], [ 37.51126, 11.86882, 0.0 ], [ 37.50348, 11.8765, 0.0 ], [ 37.5004, 11.8857, 0.0 ], [ 37.48106, 11.89833, 0.0 ], [ 37.49458, 11.91388, 0.0 ], [ 37.5005, 11.90865, 0.0 ], [ 37.50861, 11.90311, 0.0 ], [ 37.5114, 11.89942, 0.0 ], [ 37.51295, 11.89483, 0.0 ], [ 37.517, 11.89205, 0.0 ], [ 37.52012, 11.89051, 0.0 ], [ 37.52417, 11.88774, 0.0 ], [ 37.5262, 11.88635, 0.0 ], [ 37.53369, 11.88418, 0.0 ], [ 37.53823, 11.88462, 0.0 ], [ 37.53965, 11.8866, 0.0 ], [ 37.5428, 11.89271, 0.0 ], [ 37.54632, 11.90861, 0.0 ], [ 37.54696, 11.9129, 0.0 ], [ 37.54887, 11.91809, 0.0 ], [ 37.55061, 11.92222, 0.0 ], [ 37.5536, 11.92726, 0.0 ], [ 37.55834, 11.93642, 0.0 ], [ 37.55992, 11.93948, 0.0 ], [ 37.56291, 11.94452, 0.0 ], [ 37.56482, 11.94971, 0.0 ], [ 37.56563, 11.95507, 0.0 ], [ 37.5713, 11.96301, 0.0 ], [ 37.57304, 11.96714, 0.0 ], [ 37.57932, 11.97171, 0.0 ], [ 37.57888, 11.97615, 0.0 ], [ 37.57827, 11.97952, 0.0 ], [ 37.57892, 11.98381, 0.0 ], [ 37.58021, 11.99238, 0.0 ], [ 37.58118, 11.99881, 0.0 ], [ 37.58386, 12.00171, 0.0 ], [ 37.58686, 12.00676, 0.0 ], [ 37.59663, 12.01959, 0.0 ], [ 37.60673, 12.03456, 0.0 ], [ 37.61241, 12.04251, 0.0 ], [ 37.61493, 12.04434, 0.0 ], [ 37.61809, 12.05045, 0.0 ], [ 37.61692, 12.07284, 0.0 ], [ 37.61773, 12.07819, 0.0 ], [ 37.61574, 12.08722, 0.0 ], [ 37.61404, 12.09075, 0.0 ], [ 37.61359, 12.09519, 0.0 ], [ 37.61128, 12.10208, 0.0 ], [ 37.61022, 12.10989, 0.0 ], [ 37.60884, 12.11556, 0.0 ], [ 37.60713, 12.11908, 0.0 ], [ 37.60559, 12.12368, 0.0 ], [ 37.60405, 12.12828, 0.0 ], [ 37.60344, 12.13165, 0.0 ], [ 37.60315, 12.13716, 0.0 ], [ 37.60177, 12.14283, 0.0 ], [ 37.59804, 12.14774, 0.0 ], [ 37.59431, 12.15265, 0.0 ], [ 37.59009, 12.15436, 0.0 ], [ 37.5879, 12.15467, 0.0 ], [ 37.58255, 12.14888, 0.0 ], [ 37.57943, 12.15042, 0.0 ], [ 37.57663, 12.15411, 0.0 ], [ 37.57383, 12.1578, 0.0 ], [ 37.57496, 12.16529, 0.0 ], [ 37.57561, 12.16957, 0.0 ], [ 37.57735, 12.17369, 0.0 ], [ 37.5769, 12.17813, 0.0 ], [ 37.5741, 12.18181, 0.0 ], [ 37.56895, 12.18475, 0.0 ], [ 37.56489, 12.18752, 0.0 ], [ 37.56193, 12.19014, 0.0 ], [ 37.56039, 12.19474, 0.0 ], [ 37.5612, 12.20009, 0.0 ], [ 37.56201, 12.20544, 0.0 ], [ 37.56298, 12.21187, 0.0 ], [ 37.56362, 12.21615, 0.0 ], [ 37.56208, 12.22074, 0.0 ], [ 37.55911, 12.22335, 0.0 ], [ 37.55741, 12.22687, 0.0 ], [ 37.55335, 12.22964, 0.0 ], [ 37.55116, 12.22996, 0.0 ], [ 37.53943, 12.23384, 0.0 ], [ 37.53663, 12.23753, 0.0 ], [ 37.5318, 12.24261, 0.0 ], [ 37.52665, 12.24554, 0.0 ], [ 37.52385, 12.24923, 0.0 ], [ 37.52356, 12.25474, 0.0 ], [ 37.52514, 12.25779, 0.0 ], [ 37.52595, 12.26315, 0.0 ], [ 37.5255, 12.26759, 0.0 ], [ 37.52051, 12.27159, 0.0 ], [ 37.51786, 12.27635, 0.0 ], [ 37.516, 12.27881, 0.0 ], [ 37.5121, 12.28266, 0.0 ], [ 37.50727, 12.28773, 0.0 ], [ 37.50337, 12.29158, 0.0 ], [ 37.49963, 12.2965, 0.0 ], [ 37.49524, 12.29714, 0.0 ], [ 37.48867, 12.29809, 0.0 ], [ 37.48271, 12.29567, 0.0 ], [ 37.47816, 12.29523, 0.0 ], [ 37.47268, 12.29602, 0.0 ], [ 37.47094, 12.29189, 0.0 ], [ 37.47123, 12.28637, 0.0 ], [ 37.46762, 12.28471, 0.0 ], [ 37.46433, 12.28518, 0.0 ], [ 37.45776, 12.28612, 0.0 ], [ 37.45228, 12.28691, 0.0 ], [ 37.4468, 12.2877, 0.0 ], [ 37.44132, 12.28849, 0.0 ], [ 37.43771, 12.28682, 0.0 ], [ 37.4352, 12.28499, 0.0 ], [ 37.43078, 12.27797, 0.0 ], [ 37.42263, 12.27586, 0.0 ], [ 37.42073, 12.27066, 0.0 ], [ 37.41602, 12.26915, 0.0 ], [ 37.41071, 12.27101, 0.0 ], [ 37.40413, 12.27196, 0.0 ], [ 37.39646, 12.27306, 0.0 ], [ 37.39207, 12.27369, 0.0 ], [ 37.38721, 12.27111, 0.0 ], [ 37.38453, 12.26821, 0.0 ], [ 37.38076, 12.26547, 0.0 ], [ 37.37622, 12.26503, 0.0 ], [ 37.37057, 12.26475, 0.0 ], [ 37.36619, 12.26538, 0.0 ], [ 37.36055, 12.2651, 0.0 ], [ 37.35884, 12.26863, 0.0 ], [ 37.35712, 12.27216, 0.0 ], [ 37.35306, 12.27493, 0.0 ], [ 37.34899, 12.27771, 0.0 ], [ 37.34493, 12.28048, 0.0 ], [ 37.34196, 12.2831, 0.0 ], [ 37.33757, 12.28373, 0.0 ], [ 37.33286, 12.28222, 0.0 ], [ 37.32909, 12.27948, 0.0 ], [ 37.32516, 12.27567, 0.0 ], [ 37.32233, 12.27169, 0.0 ], [ 37.31949, 12.26772, 0.0 ], [ 37.31572, 12.26498, 0.0 ], [ 37.31101, 12.26347, 0.0 ], [ 37.30537, 12.26319, 0.0 ], [ 37.30162, 12.26043, 0.0 ], [ 37.29881, 12.25643, 0.0 ], [ 37.29931, 12.25196, 0.0 ], [ 37.30207, 12.24831, 0.0 ], [ 37.30452, 12.24251, 0.0 ], [ 37.30749, 12.2399, 0.0 ], [ 37.30763, 12.23331, 0.0 ], [ 37.30699, 12.22902, 0.0 ], [ 37.30322, 12.22628, 0.0 ], [ 37.29851, 12.22477, 0.0 ], [ 37.29491, 12.2231, 0.0 ], [ 37.29334, 12.22004, 0.0 ], [ 37.29237, 12.21362, 0.0 ], [ 37.29157, 12.20826, 0.0 ], [ 37.28873, 12.20429, 0.0 ], [ 37.28403, 12.20278, 0.0 ], [ 37.27916, 12.20019, 0.0 ], [ 37.27446, 12.19868, 0.0 ], [ 37.26975, 12.19716, 0.0 ], [ 37.2652, 12.19672, 0.0 ], [ 37.26082, 12.19735, 0.0 ], [ 37.25565, 12.20028, 0.0 ], [ 37.25504, 12.20365, 0.0 ], [ 37.25147, 12.20963, 0.0 ], [ 37.24707, 12.21026, 0.0 ], [ 37.24236, 12.20875, 0.0 ], [ 37.23765, 12.20724, 0.0 ], [ 37.23358, 12.21001, 0.0 ], [ 37.23203, 12.21461, 0.0 ], [ 37.22661, 12.21536, 0.0 ], [ 37.22118, 12.21612, 0.0 ], [ 37.21715, 12.21236, 0.0 ], [ 37.21248, 12.21083, 0.0 ], [ 37.20983, 12.20791, 0.0 ], [ 37.20484, 12.20424, 0.0 ], [ 37.19971, 12.20063, 0.0 ], [ 37.19622, 12.20005, 0.0 ], [ 37.19071, 12.20084, 0.0 ], [ 37.18522, 12.20163, 0.0 ], [ 37.17973, 12.20242, 0.0 ], [ 37.17769, 12.2038, 0.0 ], [ 37.17268, 12.20781, 0.0 ], [ 37.17128, 12.21348, 0.0 ], [ 37.17176, 12.2167, 0.0 ], [ 37.17272, 12.22312, 0.0 ], [ 37.1734, 12.22739, 0.0 ], [ 37.17517, 12.2315, 0.0 ], [ 37.17584, 12.23577, 0.0 ], [ 37.17253, 12.23626, 0.0 ], [ 37.16479, 12.23738, 0.0 ], [ 37.16435, 12.24182, 0.0 ], [ 37.16519, 12.24715, 0.0 ], [ 37.1657, 12.25035, 0.0 ], [ 37.15848, 12.25613, 0.0 ] ] ] } },
{ "type": "Feature", "properties": { "waterbody": "Lake Turkana" }, "geometry": { "type": "Polygon", "coordinates": [ [ [ 36.00009, 4.72661, 0.0 ], [ 35.91474, 4.47128, 0.0 ], [ 35.89769, 4.28429, 0.0 ], [ 35.91983, 4.12417, 0.0 ], [ 35.84236, 3.93736, 0.0 ], [ 35.82438, 3.7241, 0.0 ], [ 35.8232, 3.62327, 0.0 ], [ 35.87798, 3.54811, 0.0 ], [ 35.88001, 3.49239, 0.0 ], [ 35.91023, 3.45872, 0.0 ], [ 35.92384, 3.47711, 0.0 ], [ 35.92439, 3.50338, 0.0 ], [ 35.91496, 3.5619, 0.0 ], [ 35.93311, 3.55671, 0.0 ], [ 35.94487, 3.49832, 0.0 ], [ 35.9411, 3.44607, 0.0 ], [ 35.93396, 3.3744, 0.0 ], [ 35.95005, 3.32197, 0.0 ], [ 35.97602, 3.33469, 0.0 ], [ 36.01282, 3.29297, 0.0 ], [ 36.02527, 3.24682, 0.0 ], [ 36.13838, 3.18818, 0.0 ], [ 36.14636, 3.16703, 0.0 ], [ 36.13073, 3.14345, 0.0 ], [ 36.1536, 3.10203, 0.0 ], [ 36.16435, 3.07792, 0.0 ], [ 36.10747, 3.04519, 0.0 ], [ 36.17527, 2.98013, 0.0 ], [ 36.24358, 2.9395, 0.0 ], [ 36.27413, 2.89396, 0.0 ], [ 36.3921, 2.85003, 0.0 ], [ 36.39437, 2.79562, 0.0 ], [ 36.43025, 2.74993, 0.0 ], [ 36.44188, 2.71426, 0.0 ], [ 36.43685, 2.69048, 0.0 ], [ 36.4411, 2.63702, 0.0 ], [ 36.45949, 2.60943, 0.0 ], [ 36.52118, 2.54883, 0.0 ], [ 36.53033, 2.52668, 0.0 ], [ 36.52329, 2.44438, 0.0 ], [ 36.55523, 2.38368, 0.0 ], [ 36.59735, 2.41485, 0.0 ], [ 36.64113, 2.41535, 0.0 ], [ 36.67385, 2.45234, 0.0 ], [ 36.70309, 2.46677, 0.0 ], [ 36.71384, 2.62851, 0.0 ], [ 36.68563, 2.70417, 0.0 ], [ 36.7159, 2.82248, 0.0 ], [ 36.6915, 2.8891, 0.0 ], [ 36.64211, 2.90449, 0.0 ], [ 36.53341, 2.89347, 0.0 ], [ 36.39476, 3.0171, 0.0 ], [ 36.38916, 3.11615, 0.0 ], [ 36.29599, 3.21356, 0.0 ], [ 36.23526, 3.32586, 0.0 ], [ 36.24637, 3.36313, 0.0 ], [ 36.20322, 3.58885, 0.0 ], [ 36.21661, 3.68295, 0.0 ], [ 36.30917, 3.7562, 0.0 ], [ 36.24315, 3.8201, 0.0 ], [ 36.23945, 3.86693, 0.0 ], [ 36.18464, 3.95931, 0.0 ], [ 36.21477, 3.97918, 0.0 ], [ 36.23855, 4.04543, 0.0 ], [ 36.19526, 4.08199, 0.0 ], [ 36.23974, 4.12664, 0.0 ], [ 36.22424, 4.18175, 0.0 ], [ 36.22179, 4.29159, 0.0 ], [ 36.18862, 4.3275, 0.0 ], [ 36.2228, 4.37924, 0.0 ], [ 36.21577, 4.42768, 0.0 ], [ 36.21491, 4.46547, 0.0 ], [ 36.22472, 4.49376, 0.0 ], [ 36.21592, 4.53625, 0.0 ], [ 36.19916, 4.57635, 0.0 ], [ 36.20892, 4.60843, 0.0 ], [ 36.18134, 4.6464, 0.0 ], [ 36.11614, 4.67853, 0.0 ], [ 36.09614, 4.70837, 0.0 ], [ 36.05418, 4.74134, 0.0 ], [ 36.00009, 4.72661, 0.0 ] ] ] } },
{ "type": "Feature", "properties": { "waterbody": "GERD/Lake Nigat" }, "geometry": { "type": "MultiPolygon", "coordinates": [ [ [ [ 35.17016, 10.91111, 0.0 ], [ 35.17037, 10.91114, 0.0 ], [ 35.17068, 10.91128, 0.0 ], [ 35.1705, 10.9119, 0.0 ], [ 35.17044, 10.91243, 0.0 ], [ 35.17087, 10.91248, 0.0 ], [ 35.17145, 10.91211, 0.0 ], [ 35.17172, 10.9116, 0.0 ], [ 35.17194, 10.91163, 0.0 ], [ 35.17188, 10.91216, 0.0 ], [ 35.17194, 10.91259, 0.0 ], [ 35.17248, 10.91265, 0.0 ], [ 35.17284, 10.91226, 0.0 ], [ 35.17268, 10.91181, 0.0 ], [ 35.17274, 10.91117, 0.0 ], [ 35.1727, 10.91063, 0.0 ], [ 35.17272, 10.91042, 0.0 ], [ 35.17278, 10.90989, 0.0 ], [ 35.17293, 10.90948, 0.0 ], [ 35.17296, 10.90917, 0.0 ], [ 35.17322, 10.90877, 0.0 ], [ 35.17358, 10.90849, 0.0 ], [ 35.17422, 10.90856, 0.0 ], [ 35.17474, 10.90872, 0.0 ], [ 35.17503, 10.90907, 0.0 ], [ 35.1752, 10.90941, 0.0 ], [ 35.17504, 10.90992, 0.0 ], [ 35.17467, 10.91031, 0.0 ], [ 35.17425, 10.91026, 0.0 ], [ 35.17414, 10.91025, 0.0 ], [ 35.17456, 10.9104, 0.0 ], [ 35.17508, 10.91057, 0.0 ], [ 35.17548, 10.91083, 0.0 ], [ 35.17574, 10.9115, 0.0 ], [ 35.17581, 10.91183, 0.0 ], [ 35.17587, 10.91226, 0.0 ], [ 35.17581, 10.91279, 0.0 ], [ 35.17586, 10.91333, 0.0 ], [ 35.17604, 10.91367, 0.0 ], [ 35.17641, 10.91328, 0.0 ], [ 35.17646, 10.91286, 0.0 ], [ 35.17652, 10.91222, 0.0 ], [ 35.17647, 10.91168, 0.0 ], [ 35.17653, 10.91115, 0.0 ], [ 35.17657, 10.91073, 0.0 ], [ 35.17673, 10.91032, 0.0 ], [ 35.17707, 10.91014, 0.0 ], [ 35.17762, 10.90998, 0.0 ], [ 35.17816, 10.91004, 0.0 ], [ 35.17869, 10.91009, 0.0 ], [ 35.1793, 10.91048, 0.0 ], [ 35.17949, 10.91071, 0.0 ], [ 35.1799, 10.91086, 0.0 ], [ 35.18054, 10.91093, 0.0 ], [ 35.18086, 10.91096, 0.0 ], [ 35.1813, 10.9109, 0.0 ], [ 35.18176, 10.91063, 0.0 ], [ 35.18222, 10.91036, 0.0 ], [ 35.18247, 10.91006, 0.0 ], [ 35.18285, 10.90947, 0.0 ], [ 35.18378, 10.90882, 0.0 ], [ 35.18492, 10.90607, 0.0 ], [ 35.18515, 10.90588, 0.0 ], [ 35.1856, 10.90571, 0.0 ], [ 35.18661, 10.90529, 0.0 ], [ 35.18717, 10.90502, 0.0 ], [ 35.18771, 10.90487, 0.0 ], [ 35.18887, 10.90476, 0.0 ], [ 35.18967, 10.90105, 0.0 ], [ 35.18897, 10.89573, 0.0 ], [ 35.19125, 10.89419, 0.0 ], [ 35.1911, 10.89543, 0.0 ], [ 35.19219, 10.8952, 0.0 ], [ 35.19071, 10.89822, 0.0 ], [ 35.19207, 10.89882, 0.0 ], [ 35.19168, 10.90015, 0.0 ], [ 35.19321, 10.90193, 0.0 ], [ 35.19447, 10.90338, 0.0 ], [ 35.19496, 10.9091, 0.0 ], [ 35.19518, 10.91533, 0.0 ], [ 35.19265, 10.92217, 0.0 ], [ 35.18745, 10.93351, 0.0 ], [ 35.18457, 10.9345, 0.0 ], [ 35.1829, 10.93497, 0.0 ], [ 35.18195, 10.94071, 0.0 ], [ 35.17991, 10.94725, 0.0 ], [ 35.17689, 10.95269, 0.0 ], [ 35.17625, 10.95813, 0.0 ], [ 35.17528, 10.9624, 0.0 ], [ 35.17458, 10.96718, 0.0 ], [ 35.17313, 10.97146, 0.0 ], [ 35.17351, 10.97949, 0.0 ], [ 35.17198, 10.98158, 0.0 ], [ 35.16837, 10.97973, 0.0 ], [ 35.16626, 10.97792, 0.0 ], [ 35.16489, 10.97452, 0.0 ], [ 35.1645, 10.97405, 0.0 ], [ 35.16377, 10.97278, 0.0 ], [ 35.16339, 10.97231, 0.0 ], [ 35.16302, 10.97174, 0.0 ], [ 35.16246, 10.97094, 0.0 ], [ 35.16207, 10.97047, 0.0 ], [ 35.16557, 10.96927, 0.0 ], [ 35.16445, 10.96468, 0.0 ], [ 35.16717, 10.95951, 0.0 ], [ 35.16917, 10.95398, 0.0 ], [ 35.16738, 10.94675, 0.0 ], [ 35.16381, 10.93867, 0.0 ], [ 35.16974, 10.93199, 0.0 ], [ 35.16792, 10.92741, 0.0 ], [ 35.15509, 10.91953, 0.0 ], [ 35.15012, 10.92476, 0.0 ], [ 35.14487, 10.91578, 0.0 ], [ 35.14254, 10.91829, 0.0 ], [ 35.14151, 10.92577, 0.0 ], [ 35.13413, 10.92745, 0.0 ], [ 35.13522, 10.91708, 0.0 ], [ 35.13216, 10.91168, 0.0 ], [ 35.12595, 10.9178, 0.0 ], [ 35.12013, 10.91452, 0.0 ], [ 35.11446, 10.90895, 0.0 ], [ 35.10951, 10.90005, 0.0 ], [ 35.10713, 10.89349, 0.0 ], [ 35.10598, 10.88465, 0.0 ], [ 35.10489, 10.8821, 0.0 ], [ 35.10331, 10.88498, 0.0 ], [ 35.10214, 10.88322, 0.0 ], [ 35.10002, 10.88422, 0.0 ], [ 35.10103, 10.88749, 0.0 ], [ 35.09423, 10.89057, 0.0 ], [ 35.09805, 10.8951, 0.0 ], [ 35.09902, 10.91004, 0.0 ], [ 35.10053, 10.91486, 0.0 ], [ 35.09833, 10.91431, 0.0 ], [ 35.09753, 10.91475, 0.0 ], [ 35.10006, 10.91716, 0.0 ], [ 35.10066, 10.91957, 0.0 ], [ 35.09736, 10.92104, 0.0 ], [ 35.09925, 10.92156, 0.0 ], [ 35.10059, 10.92117, 0.0 ], [ 35.10183, 10.92066, 0.0 ], [ 35.10216, 10.92166, 0.0 ], [ 35.10207, 10.9224, 0.0 ], [ 35.10411, 10.92262, 0.0 ], [ 35.10519, 10.92175, 0.0 ], [ 35.10637, 10.92391, 0.0 ], [ 35.10894, 10.92558, 0.0 ], [ 35.10632, 10.92761, 0.0 ], [ 35.10923, 10.92987, 0.0 ], [ 35.10908, 10.93115, 0.0 ], [ 35.10998, 10.93137, 0.0 ], [ 35.11148, 10.93336, 0.0 ], [ 35.1106, 10.93405, 0.0 ], [ 35.11248, 10.93517, 0.0 ], [ 35.1115, 10.93678, 0.0 ], [ 35.10982, 10.93977, 0.0 ], [ 35.11027, 10.94049, 0.0 ], [ 35.1121, 10.93976, 0.0 ], [ 35.1143, 10.93933, 0.0 ], [ 35.11496, 10.94073, 0.0 ], [ 35.11483, 10.94192, 0.0 ], [ 35.11635, 10.94155, 0.0 ], [ 35.11983, 10.94991, 0.0 ], [ 35.11353, 10.94271, 0.0 ], [ 35.11311, 10.94537, 0.0 ], [ 35.1118, 10.94496, 0.0 ], [ 35.10961, 10.94513, 0.0 ], [ 35.10841, 10.9415, 0.0 ], [ 35.1058, 10.94189, 0.0 ], [ 35.10558, 10.94146, 0.0 ], [ 35.1054, 10.94292, 0.0 ], [ 35.104, 10.94223, 0.0 ], [ 35.10272, 10.94701, 0.0 ], [ 35.10234, 10.94463, 0.0 ], [ 35.10258, 10.94168, 0.0 ], [ 35.10334, 10.93989, 0.0 ], [ 35.10414, 10.93997, 0.0 ], [ 35.10599, 10.93804, 0.0 ], [ 35.10545, 10.93586, 0.0 ], [ 35.10398, 10.93584, 0.0 ], [ 35.10412, 10.93362, 0.0 ], [ 35.10253, 10.93345, 0.0 ], [ 35.10096, 10.93014, 0.0 ], [ 35.09934, 10.93232, 0.0 ], [ 35.09825, 10.93444, 0.0 ], [ 35.09825, 10.93051, 0.0 ], [ 35.09547, 10.93034, 0.0 ], [ 35.0934, 10.9309, 0.0 ], [ 35.09174, 10.93217, 0.0 ], [ 35.09175, 10.93401, 0.0 ], [ 35.09228, 10.93499, 0.0 ], [ 35.09141, 10.93635, 0.0 ], [ 35.09, 10.93593, 0.0 ], [ 35.08983, 10.93433, 0.0 ], [ 35.09045, 10.93098, 0.0 ], [ 35.08822, 10.93337, 0.0 ], [ 35.08681, 10.93467, 0.0 ], [ 35.08318, 10.93376, 0.0 ], [ 35.08083, 10.92996, 0.0 ], [ 35.07999, 10.92442, 0.0 ], [ 35.07826, 10.92449, 0.0 ], [ 35.08008, 10.93474, 0.0 ], [ 35.08112, 10.93845, 0.0 ], [ 35.07913, 10.94254, 0.0 ], [ 35.08282, 10.94146, 0.0 ], [ 35.08456, 10.94341, 0.0 ], [ 35.08376, 10.94604, 0.0 ], [ 35.08177, 10.94747, 0.0 ], [ 35.08032, 10.95062, 0.0 ], [ 35.0783, 10.95292, 0.0 ], [ 35.07088, 10.94533, 0.0 ], [ 35.07035, 10.94869, 0.0 ], [ 35.0737, 10.95156, 0.0 ], [ 35.07728, 10.95601, 0.0 ], [ 35.07869, 10.95673, 0.0 ], [ 35.08219, 10.96034, 0.0 ], [ 35.08288, 10.95563, 0.0 ], [ 35.08455, 10.95456, 0.0 ], [ 35.08516, 10.9542, 0.0 ], [ 35.08621, 10.95362, 0.0 ], [ 35.08681, 10.95327, 0.0 ], [ 35.08698, 10.95301, 0.0 ], [ 35.08769, 10.95685, 0.0 ], [ 35.08958, 10.95621, 0.0 ], [ 35.08928, 10.96127, 0.0 ], [ 35.08904, 10.96509, 0.0 ], [ 35.09056, 10.96413, 0.0 ], [ 35.09129, 10.96807, 0.0 ], [ 35.09187, 10.96483, 0.0 ], [ 35.09322, 10.96199, 0.0 ], [ 35.09459, 10.96326, 0.0 ], [ 35.09454, 10.96582, 0.0 ], [ 35.09537, 10.96807, 0.0 ], [ 35.09623, 10.9646, 0.0 ], [ 35.09867, 10.97076, 0.0 ], [ 35.10069, 10.96808, 0.0 ], [ 35.10304, 10.96835, 0.0 ], [ 35.10465, 10.97141, 0.0 ], [ 35.10225, 10.9726, 0.0 ], [ 35.10445, 10.97432, 0.0 ], [ 35.10306, 10.97534, 0.0 ], [ 35.09957, 10.97956, 0.0 ], [ 35.09839, 10.97987, 0.0 ], [ 35.09688, 10.98283, 0.0 ], [ 35.09811, 10.98448, 0.0 ], [ 35.09887, 10.98531, 0.0 ], [ 35.10011, 10.98216, 0.0 ], [ 35.1024, 10.98211, 0.0 ], [ 35.10467, 10.98475, 0.0 ], [ 35.10497, 10.98963, 0.0 ], [ 35.10728, 10.99433, 0.0 ], [ 35.11093, 10.99563, 0.0 ], [ 35.10903, 11.00026, 0.0 ], [ 35.10824, 11.00455, 0.0 ], [ 35.10969, 11.00833, 0.0 ], [ 35.11529, 11.01001, 0.0 ], [ 35.12048, 11.01178, 0.0 ], [ 35.11706, 11.01386, 0.0 ], [ 35.11621, 11.019, 0.0 ], [ 35.11343, 11.01443, 0.0 ], [ 35.1133, 11.0125, 0.0 ], [ 35.10827, 11.01143, 0.0 ], [ 35.10801, 11.01045, 0.0 ], [ 35.10716, 11.00981, 0.0 ], [ 35.1064, 11.00946, 0.0 ], [ 35.10527, 11.0088, 0.0 ], [ 35.10478, 11.00847, 0.0 ], [ 35.10456, 11.00818, 0.0 ], [ 35.10391, 11.00798, 0.0 ], [ 35.09888, 11.00235, 0.0 ], [ 35.09787, 11.00424, 0.0 ], [ 35.09925, 11.00654, 0.0 ], [ 35.09936, 11.00669, 0.0 ], [ 35.09989, 11.00755, 0.0 ], [ 35.10036, 11.00801, 0.0 ], [ 35.09639, 11.01384, 0.0 ], [ 35.09576, 11.01597, 0.0 ], [ 35.09631, 11.02091, 0.0 ], [ 35.09162, 11.02081, 0.0 ], [ 35.09269, 11.02588, 0.0 ], [ 35.09027, 11.02934, 0.0 ], [ 35.09049, 11.03137, 0.0 ], [ 35.09064, 11.03297, 0.0 ], [ 35.091, 11.03418, 0.0 ], [ 35.09101, 11.0349, 0.0 ], [ 35.09143, 11.03657, 0.0 ], [ 35.08514, 11.03668, 0.0 ], [ 35.08792, 11.03838, 0.0 ], [ 35.08516, 11.04103, 0.0 ], [ 35.08786, 11.04158, 0.0 ], [ 35.0883, 11.04799, 0.0 ], [ 35.08731, 11.05025, 0.0 ], [ 35.09199, 11.0534, 0.0 ], [ 35.09486, 11.05517, 0.0 ], [ 35.09904, 11.05509, 0.0 ], [ 35.10757, 11.0535, 0.0 ], [ 35.10726, 11.05506, 0.0 ], [ 35.09931, 11.05619, 0.0 ], [ 35.0969, 11.05724, 0.0 ], [ 35.09366, 11.05824, 0.0 ], [ 35.09064, 11.05859, 0.0 ], [ 35.08857, 11.06069, 0.0 ], [ 35.09191, 11.06215, 0.0 ], [ 35.08898, 11.0647, 0.0 ], [ 35.08923, 11.0679, 0.0 ], [ 35.09173, 11.06983, 0.0 ], [ 35.09588, 11.06972, 0.0 ], [ 35.098, 11.07036, 0.0 ], [ 35.10042, 11.06965, 0.0 ], [ 35.10369, 11.06986, 0.0 ], [ 35.10683, 11.07006, 0.0 ], [ 35.10857, 11.07176, 0.0 ], [ 35.11285, 11.07292, 0.0 ], [ 35.11725, 11.07283, 0.0 ], [ 35.11953, 11.07216, 0.0 ], [ 35.11993, 11.07355, 0.0 ], [ 35.11537, 11.07487, 0.0 ], [ 35.11474, 11.07582, 0.0 ], [ 35.114, 11.07631, 0.0 ], [ 35.11326, 11.07679, 0.0 ], [ 35.11281, 11.07716, 0.0 ], [ 35.11244, 11.07813, 0.0 ], [ 35.11173, 11.07974, 0.0 ], [ 35.11547, 11.07976, 0.0 ], [ 35.11603, 11.08267, 0.0 ], [ 35.11866, 11.08304, 0.0 ], [ 35.11839, 11.08442, 0.0 ], [ 35.11577, 11.08393, 0.0 ], [ 35.1142, 11.08724, 0.0 ], [ 35.11352, 11.09149, 0.0 ], [ 35.11176, 11.09213, 0.0 ], [ 35.11197, 11.09722, 0.0 ], [ 35.1097, 11.09995, 0.0 ], [ 35.10691, 11.10161, 0.0 ], [ 35.1045, 11.10391, 0.0 ], [ 35.10631, 11.10616, 0.0 ], [ 35.10882, 11.10644, 0.0 ], [ 35.11004, 11.10645, 0.0 ], [ 35.1102, 11.10634, 0.0 ], [ 35.11072, 11.10976, 0.0 ], [ 35.1096, 11.1113, 0.0 ], [ 35.10915, 11.1119, 0.0 ], [ 35.1089, 11.11297, 0.0 ], [ 35.10877, 11.11336, 0.0 ], [ 35.10867, 11.11535, 0.0 ], [ 35.10865, 11.11575, 0.0 ], [ 35.10625, 11.11549, 0.0 ], [ 35.10123, 11.11241, 0.0 ], [ 35.09632, 11.11044, 0.0 ], [ 35.09602, 11.11368, 0.0 ], [ 35.09901, 11.11495, 0.0 ], [ 35.1001, 11.11654, 0.0 ], [ 35.09679, 11.11649, 0.0 ], [ 35.09643, 11.11956, 0.0 ], [ 35.09813, 11.12074, 0.0 ], [ 35.09852, 11.12239, 0.0 ], [ 35.09714, 11.12278, 0.0 ], [ 35.09517, 11.12367, 0.0 ], [ 35.09506, 11.12502, 0.0 ], [ 35.09498, 11.12583, 0.0 ], [ 35.09506, 11.12653, 0.0 ], [ 35.09495, 11.1279, 0.0 ], [ 35.09493, 11.12817, 0.0 ], [ 35.09338, 11.13039, 0.0 ], [ 35.09135, 11.13019, 0.0 ], [ 35.08931, 11.12841, 0.0 ], [ 35.08802, 11.1247, 0.0 ], [ 35.08439, 11.12919, 0.0 ], [ 35.08791, 11.13437, 0.0 ], [ 35.089, 11.139, 0.0 ], [ 35.08915, 11.14048, 0.0 ], [ 35.08646, 11.13967, 0.0 ], [ 35.08668, 11.137, 0.0 ], [ 35.08276, 11.13616, 0.0 ], [ 35.07993, 11.13807, 0.0 ], [ 35.07763, 11.14012, 0.0 ], [ 35.07588, 11.1408, 0.0 ], [ 35.07061, 11.14164, 0.0 ], [ 35.07199, 11.14544, 0.0 ], [ 35.07069, 11.14694, 0.0 ], [ 35.06796, 11.14278, 0.0 ], [ 35.06349, 11.14032, 0.0 ], [ 35.05937, 11.13962, 0.0 ], [ 35.05767, 11.14178, 0.0 ], [ 35.05508, 11.13817, 0.0 ], [ 35.05256, 11.13618, 0.0 ], [ 35.05063, 11.13598, 0.0 ], [ 35.04472, 11.13882, 0.0 ], [ 35.04057, 11.14539, 0.0 ], [ 35.03896, 11.14922, 0.0 ], [ 35.03923, 11.15593, 0.0 ], [ 35.0408, 11.16238, 0.0 ], [ 35.04411, 11.1669, 0.0 ], [ 35.04643, 11.16772, 0.0 ], [ 35.05338, 11.16899, 0.0 ], [ 35.05614, 11.17091, 0.0 ], [ 35.05874, 11.17518, 0.0 ], [ 35.06143, 11.17553, 0.0 ], [ 35.06162, 11.17745, 0.0 ], [ 35.06414, 11.18037, 0.0 ], [ 35.06657, 11.18353, 0.0 ], [ 35.06399, 11.18389, 0.0 ], [ 35.06349, 11.18475, 0.0 ], [ 35.06682, 11.18723, 0.0 ], [ 35.06938, 11.18953, 0.0 ], [ 35.07046, 11.19203, 0.0 ], [ 35.07469, 11.19154, 0.0 ], [ 35.07383, 11.18962, 0.0 ], [ 35.07492, 11.18947, 0.0 ], [ 35.07629, 11.19053, 0.0 ], [ 35.07963, 11.19089, 0.0 ], [ 35.08138, 11.19113, 0.0 ], [ 35.08341, 11.19488, 0.0 ], [ 35.08582, 11.19561, 0.0 ], [ 35.08661, 11.20063, 0.0 ], [ 35.08479, 11.20196, 0.0 ], [ 35.08625, 11.20305, 0.0 ], [ 35.08499, 11.20621, 0.0 ], [ 35.08669, 11.20586, 0.0 ], [ 35.08904, 11.20587, 0.0 ], [ 35.0903, 11.20944, 0.0 ], [ 35.09605, 11.22129, 0.0 ], [ 35.10127, 11.22041, 0.0 ], [ 35.10267, 11.2223, 0.0 ], [ 35.10335, 11.22332, 0.0 ], [ 35.10331, 11.22383, 0.0 ], [ 35.10303, 11.22433, 0.0 ], [ 35.10265, 11.22471, 0.0 ], [ 35.1025, 11.22522, 0.0 ], [ 35.10249, 11.22598, 0.0 ], [ 35.10418, 11.22677, 0.0 ], [ 35.10416, 11.2283, 0.0 ], [ 35.1053, 11.2292, 0.0 ], [ 35.10752, 11.22997, 0.0 ], [ 35.10913, 11.22818, 0.0 ], [ 35.11164, 11.22717, 0.0 ], [ 35.11479, 11.22934, 0.0 ], [ 35.11618, 11.23127, 0.0 ], [ 35.1172, 11.23232, 0.0 ], [ 35.11904, 11.23284, 0.0 ], [ 35.12053, 11.23193, 0.0 ], [ 35.12287, 11.23376, 0.0 ], [ 35.1244, 11.23677, 0.0 ], [ 35.1262, 11.2397, 0.0 ], [ 35.1271, 11.24168, 0.0 ], [ 35.12881, 11.24384, 0.0 ], [ 35.13176, 11.2452, 0.0 ], [ 35.13539, 11.24723, 0.0 ], [ 35.13797, 11.24763, 0.0 ], [ 35.13452, 11.24044, 0.0 ], [ 35.13003, 11.23558, 0.0 ], [ 35.12823, 11.23167, 0.0 ], [ 35.12829, 11.22945, 0.0 ], [ 35.12834, 11.22739, 0.0 ], [ 35.12402, 11.22536, 0.0 ], [ 35.12266, 11.22369, 0.0 ], [ 35.12011, 11.22257, 0.0 ], [ 35.11987, 11.21904, 0.0 ], [ 35.11996, 11.21704, 0.0 ], [ 35.12229, 11.21729, 0.0 ], [ 35.1233, 11.21829, 0.0 ], [ 35.12626, 11.21916, 0.0 ], [ 35.13156, 11.22281, 0.0 ], [ 35.13208, 11.2213, 0.0 ], [ 35.13234, 11.22143, 0.0 ], [ 35.13312, 11.22219, 0.0 ], [ 35.13337, 11.22257, 0.0 ], [ 35.13389, 11.22269, 0.0 ], [ 35.13402, 11.22244, 0.0 ], [ 35.13427, 11.22384, 0.0 ], [ 35.1348, 11.22371, 0.0 ], [ 35.13571, 11.22371, 0.0 ], [ 35.1365, 11.22371, 0.0 ], [ 35.13715, 11.22372, 0.0 ], [ 35.13676, 11.22535, 0.0 ], [ 35.13833, 11.22778, 0.0 ], [ 35.14016, 11.23167, 0.0 ], [ 35.14056, 11.23415, 0.0 ], [ 35.14203, 11.23731, 0.0 ], [ 35.14431, 11.23852, 0.0 ], [ 35.1466, 11.24011, 0.0 ], [ 35.14822, 11.24143, 0.0 ], [ 35.15052, 11.24185, 0.0 ], [ 35.15137, 11.24467, 0.0 ], [ 35.15389, 11.24199, 0.0 ], [ 35.15616, 11.24066, 0.0 ], [ 35.15578, 11.24213, 0.0 ], [ 35.15485, 11.2428, 0.0 ], [ 35.15338, 11.24374, 0.0 ], [ 35.15219, 11.24549, 0.0 ], [ 35.1514, 11.24671, 0.0 ], [ 35.15143, 11.24848, 0.0 ], [ 35.15226, 11.24958, 0.0 ], [ 35.1533, 11.24725, 0.0 ], [ 35.15548, 11.24726, 0.0 ], [ 35.15683, 11.24659, 0.0 ], [ 35.15885, 11.24578, 0.0 ], [ 35.15823, 11.24836, 0.0 ], [ 35.15997, 11.24741, 0.0 ], [ 35.16306, 11.25069, 0.0 ], [ 35.16476, 11.25248, 0.0 ], [ 35.16667, 11.25222, 0.0 ], [ 35.16805, 11.25209, 0.0 ], [ 35.16841, 11.25471, 0.0 ], [ 35.16891, 11.25695, 0.0 ], [ 35.17033, 11.25793, 0.0 ], [ 35.16931, 11.25639, 0.0 ], [ 35.17007, 11.25486, 0.0 ], [ 35.16948, 11.25361, 0.0 ], [ 35.17098, 11.25335, 0.0 ], [ 35.17118, 11.25501, 0.0 ], [ 35.17334, 11.25724, 0.0 ], [ 35.17508, 11.25893, 0.0 ], [ 35.17657, 11.26105, 0.0 ], [ 35.17708, 11.2629, 0.0 ], [ 35.17716, 11.26461, 0.0 ], [ 35.17913, 11.26477, 0.0 ], [ 35.17969, 11.26749, 0.0 ], [ 35.1807, 11.26548, 0.0 ], [ 35.17976, 11.26348, 0.0 ], [ 35.18063, 11.26163, 0.0 ], [ 35.17922, 11.25866, 0.0 ], [ 35.18151, 11.25807, 0.0 ], [ 35.17978, 11.2564, 0.0 ], [ 35.179, 11.25487, 0.0 ], [ 35.18071, 11.25374, 0.0 ], [ 35.1788, 11.25361, 0.0 ], [ 35.17793, 11.25278, 0.0 ], [ 35.1761, 11.25168, 0.0 ], [ 35.17445, 11.25141, 0.0 ], [ 35.17483, 11.24824, 0.0 ], [ 35.17939, 11.24727, 0.0 ], [ 35.18223, 11.24496, 0.0 ], [ 35.18176, 11.24173, 0.0 ], [ 35.17875, 11.23827, 0.0 ], [ 35.18178, 11.23561, 0.0 ], [ 35.18179, 11.22935, 0.0 ], [ 35.18234, 11.22768, 0.0 ], [ 35.18046, 11.22056, 0.0 ], [ 35.17709, 11.21631, 0.0 ], [ 35.17652, 11.21319, 0.0 ], [ 35.17837, 11.21009, 0.0 ], [ 35.18133, 11.20557, 0.0 ], [ 35.18152, 11.19825, 0.0 ], [ 35.17507, 11.2011, 0.0 ], [ 35.17342, 11.19968, 0.0 ], [ 35.1731, 11.19606, 0.0 ], [ 35.17297, 11.1935, 0.0 ], [ 35.1754, 11.19198, 0.0 ], [ 35.18146, 11.18857, 0.0 ], [ 35.18405, 11.18645, 0.0 ], [ 35.18425, 11.18558, 0.0 ], [ 35.18447, 11.18508, 0.0 ], [ 35.1848, 11.18422, 0.0 ], [ 35.1849, 11.18372, 0.0 ], [ 35.18513, 11.18323, 0.0 ], [ 35.18536, 11.18286, 0.0 ], [ 35.18558, 11.18224, 0.0 ], [ 35.18569, 11.182, 0.0 ], [ 35.18604, 11.1815, 0.0 ], [ 35.18638, 11.18077, 0.0 ], [ 35.18662, 11.18052, 0.0 ], [ 35.19269, 11.17943, 0.0 ], [ 35.19387, 11.17651, 0.0 ], [ 35.19641, 11.17176, 0.0 ], [ 35.19474, 11.1639, 0.0 ], [ 35.19255, 11.15859, 0.0 ], [ 35.19194, 11.15512, 0.0 ], [ 35.19166, 11.15472, 0.0 ], [ 35.19125, 11.15419, 0.0 ], [ 35.19106, 11.15349, 0.0 ], [ 35.19102, 11.15305, 0.0 ], [ 35.19084, 11.15249, 0.0 ], [ 35.19057, 11.1517, 0.0 ], [ 35.1982, 11.14971, 0.0 ], [ 35.19943, 11.14356, 0.0 ], [ 35.20163, 11.14252, 0.0 ], [ 35.20003, 11.13941, 0.0 ], [ 35.2015, 11.13702, 0.0 ], [ 35.20495, 11.14184, 0.0 ], [ 35.20826, 11.14199, 0.0 ], [ 35.20404, 11.133, 0.0 ], [ 35.20313, 11.12908, 0.0 ], [ 35.20717, 11.1288, 0.0 ], [ 35.21239, 11.13089, 0.0 ], [ 35.2127, 11.12879, 0.0 ], [ 35.21195, 11.1232, 0.0 ], [ 35.21575, 11.1206, 0.0 ], [ 35.2175, 11.12141, 0.0 ], [ 35.22231, 11.13511, 0.0 ], [ 35.22681, 11.12839, 0.0 ], [ 35.23166, 11.12443, 0.0 ], [ 35.236, 11.11817, 0.0 ], [ 35.23891, 11.11092, 0.0 ], [ 35.23553, 11.10518, 0.0 ], [ 35.23965, 11.10069, 0.0 ], [ 35.23439, 11.09538, 0.0 ], [ 35.2377, 11.09153, 0.0 ], [ 35.24366, 11.08786, 0.0 ], [ 35.24336, 11.08324, 0.0 ], [ 35.24009, 11.07576, 0.0 ], [ 35.2401, 11.06885, 0.0 ], [ 35.23476, 11.06639, 0.0 ], [ 35.23452, 11.06474, 0.0 ], [ 35.23887, 11.06524, 0.0 ], [ 35.23267, 11.05919, 0.0 ], [ 35.23326, 11.05232, 0.0 ], [ 35.22469, 11.04478, 0.0 ], [ 35.22184, 11.05128, 0.0 ], [ 35.21834, 11.05167, 0.0 ], [ 35.21603, 11.04726, 0.0 ], [ 35.21514, 11.04295, 0.0 ], [ 35.21482, 11.03578, 0.0 ], [ 35.20809, 11.03718, 0.0 ], [ 35.20169, 11.03693, 0.0 ], [ 35.2058, 11.0354, 0.0 ], [ 35.20561, 11.03363, 0.0 ], [ 35.20393, 11.03363, 0.0 ], [ 35.19891, 11.03049, 0.0 ], [ 35.2005, 11.02801, 0.0 ], [ 35.19164, 11.02014, 0.0 ], [ 35.19256, 11.01094, 0.0 ], [ 35.19856, 11.00783, 0.0 ], [ 35.2045, 11.00922, 0.0 ], [ 35.20742, 11.00641, 0.0 ], [ 35.21135, 11.00452, 0.0 ], [ 35.21149, 11.00892, 0.0 ], [ 35.21197, 11.0106, 0.0 ], [ 35.21507, 11.00613, 0.0 ], [ 35.21359, 11.00338, 0.0 ], [ 35.21492, 11.00242, 0.0 ], [ 35.21583, 11.00474, 0.0 ], [ 35.21803, 11.00213, 0.0 ], [ 35.22051, 11.00243, 0.0 ], [ 35.21937, 11.00684, 0.0 ], [ 35.22096, 11.00547, 0.0 ], [ 35.22151, 11.00838, 0.0 ], [ 35.22296, 11.00713, 0.0 ], [ 35.22291, 11.00393, 0.0 ], [ 35.22358, 11.00159, 0.0 ], [ 35.22098, 11.00158, 0.0 ], [ 35.21947, 11.00078, 0.0 ], [ 35.22123, 10.99897, 0.0 ], [ 35.22412, 10.99914, 0.0 ], [ 35.22578, 11.002, 0.0 ], [ 35.22818, 10.999, 0.0 ], [ 35.22936, 11.00023, 0.0 ], [ 35.22777, 11.00324, 0.0 ], [ 35.23044, 11.00434, 0.0 ], [ 35.23409, 11.00533, 0.0 ], [ 35.24381, 11.01162, 0.0 ], [ 35.24288, 11.00145, 0.0 ], [ 35.24451, 10.99832, 0.0 ], [ 35.24436, 10.99656, 0.0 ], [ 35.25769, 11.00615, 0.0 ], [ 35.26133, 11.00507, 0.0 ], [ 35.26501, 11.01012, 0.0 ], [ 35.26524, 11.01482, 0.0 ], [ 35.27099, 11.02518, 0.0 ], [ 35.27453, 11.02949, 0.0 ], [ 35.27256, 11.02563, 0.0 ], [ 35.27272, 11.02194, 0.0 ], [ 35.27384, 11.01756, 0.0 ], [ 35.27201, 11.01269, 0.0 ], [ 35.27562, 11.00912, 0.0 ], [ 35.26781, 11.00102, 0.0 ], [ 35.26873, 10.99991, 0.0 ], [ 35.26773, 10.99813, 0.0 ], [ 35.26574, 10.99993, 0.0 ], [ 35.2631, 10.99746, 0.0 ], [ 35.26412, 10.99499, 0.0 ], [ 35.26888, 10.99555, 0.0 ], [ 35.27388, 10.99949, 0.0 ], [ 35.27495, 10.99513, 0.0 ], [ 35.2706, 10.9938, 0.0 ], [ 35.27528, 10.99284, 0.0 ], [ 35.27707, 10.99392, 0.0 ], [ 35.27746, 10.99351, 0.0 ], [ 35.27773, 10.99338, 0.0 ], [ 35.27866, 10.99298, 0.0 ], [ 35.27934, 10.99298, 0.0 ], [ 35.27947, 10.99298, 0.0 ], [ 35.28148, 10.99581, 0.0 ], [ 35.28202, 10.99568, 0.0 ], [ 35.28228, 10.99554, 0.0 ], [ 35.28308, 10.99527, 0.0 ], [ 35.28362, 10.99514, 0.0 ], [ 35.28375, 10.99514, 0.0 ], [ 35.28577, 10.99758, 0.0 ], [ 35.2897, 11.00185, 0.0 ], [ 35.28777, 11.00394, 0.0 ], [ 35.28887, 11.00631, 0.0 ], [ 35.28851, 11.00743, 0.0 ], [ 35.292, 11.00773, 0.0 ], [ 35.28885, 11.01097, 0.0 ], [ 35.29079, 11.01097, 0.0 ], [ 35.29134, 11.01311, 0.0 ], [ 35.29488, 11.0117, 0.0 ], [ 35.29853, 11.01427, 0.0 ], [ 35.29517, 11.01831, 0.0 ], [ 35.2953, 11.02035, 0.0 ], [ 35.29989, 11.01962, 0.0 ], [ 35.30359, 11.01672, 0.0 ], [ 35.30501, 11.01355, 0.0 ], [ 35.30153, 11.01142, 0.0 ], [ 35.30051, 11.00159, 0.0 ], [ 35.30278, 11.00064, 0.0 ], [ 35.30533, 11.00561, 0.0 ], [ 35.30856, 11.00478, 0.0 ], [ 35.31078, 11.00339, 0.0 ], [ 35.31096, 11.00702, 0.0 ], [ 35.31373, 11.00703, 0.0 ], [ 35.31575, 11.01071, 0.0 ], [ 35.31262, 11.01298, 0.0 ], [ 35.30899, 11.01455, 0.0 ], [ 35.31115, 11.01672, 0.0 ], [ 35.30864, 11.0186, 0.0 ], [ 35.31383, 11.02301, 0.0 ], [ 35.30969, 11.02745, 0.0 ], [ 35.31106, 11.03028, 0.0 ], [ 35.31163, 11.03028, 0.0 ], [ 35.31206, 11.03029, 0.0 ], [ 35.31293, 11.0303, 0.0 ], [ 35.31351, 11.0303, 0.0 ], [ 35.31409, 11.03031, 0.0 ], [ 35.31493, 11.0303, 0.0 ], [ 35.31665, 11.03319, 0.0 ], [ 35.31913, 11.03303, 0.0 ], [ 35.32076, 11.03158, 0.0 ], [ 35.32367, 11.03217, 0.0 ], [ 35.32297, 11.03384, 0.0 ], [ 35.32212, 11.03429, 0.0 ], [ 35.32126, 11.03474, 0.0 ], [ 35.32081, 11.03524, 0.0 ], [ 35.32035, 11.03574, 0.0 ], [ 35.31992, 11.03597, 0.0 ], [ 35.31971, 11.03539, 0.0 ], [ 35.3192, 11.03507, 0.0 ], [ 35.31881, 11.03489, 0.0 ], [ 35.31831, 11.03443, 0.0 ], [ 35.31777, 11.03438, 0.0 ], [ 35.31697, 11.03429, 0.0 ], [ 35.31627, 11.03449, 0.0 ], [ 35.31597, 11.03473, 0.0 ], [ 35.31539, 11.03508, 0.0 ], [ 35.31495, 11.03544, 0.0 ], [ 35.31438, 11.03565, 0.0 ], [ 35.31371, 11.03558, 0.0 ], [ 35.31318, 11.03538, 0.0 ], [ 35.31269, 11.03492, 0.0 ], [ 35.31215, 11.03486, 0.0 ], [ 35.31181, 11.0355, 0.0 ], [ 35.31217, 11.03595, 0.0 ], [ 35.31281, 11.0363, 0.0 ], [ 35.3132, 11.03648, 0.0 ], [ 35.31397, 11.03697, 0.0 ], [ 35.31448, 11.0373, 0.0 ], [ 35.31498, 11.03776, 0.0 ], [ 35.31532, 11.03835, 0.0 ], [ 35.31567, 11.03894, 0.0 ], [ 35.31629, 11.03955, 0.0 ], [ 35.31681, 11.03989, 0.0 ], [ 35.31729, 11.04049, 0.0 ], [ 35.31721, 11.04131, 0.0 ], [ 35.31702, 11.04184, 0.0 ], [ 35.31683, 11.04237, 0.0 ], [ 35.31677, 11.04292, 0.0 ], [ 35.31658, 11.04346, 0.0 ], [ 35.3168, 11.04404, 0.0 ], [ 35.31731, 11.04437, 0.0 ], [ 35.31755, 11.04482, 0.0 ], [ 35.31819, 11.04531, 0.0 ], [ 35.31883, 11.0458, 0.0 ], [ 35.31936, 11.046, 0.0 ], [ 35.31987, 11.04647, 0.0 ], [ 35.32025, 11.04679, 0.0 ], [ 35.32033, 11.04737, 0.0 ], [ 35.32055, 11.04796, 0.0 ], [ 35.32054, 11.0481, 0.0 ], [ 35.32084, 11.04925, 0.0 ], [ 35.3208, 11.04967, 0.0 ], [ 35.32114, 11.05056, 0.0 ], [ 35.3211, 11.05098, 0.0 ], [ 35.32131, 11.05171, 0.0 ], [ 35.32124, 11.05242, 0.0 ], [ 35.32146, 11.05302, 0.0 ], [ 35.32181, 11.05377, 0.0 ], [ 35.32188, 11.05449, 0.0 ], [ 35.32326, 11.0562, 0.0 ], [ 35.32336, 11.05507, 0.0 ], [ 35.32341, 11.0545, 0.0 ], [ 35.32373, 11.05411, 0.0 ], [ 35.32393, 11.05342, 0.0 ], [ 35.32439, 11.0529, 0.0 ], [ 35.32484, 11.05252, 0.0 ], [ 35.32553, 11.05259, 0.0 ], [ 35.32624, 11.05238, 0.0 ], [ 35.32693, 11.05245, 0.0 ], [ 35.32775, 11.05254, 0.0 ], [ 35.3283, 11.05259, 0.0 ], [ 35.32885, 11.05265, 0.0 ], [ 35.32954, 11.05272, 0.0 ], [ 35.32994, 11.05291, 0.0 ], [ 35.33033, 11.05323, 0.0 ], [ 35.33094, 11.05429, 0.0 ], [ 35.33171, 11.05509, 0.0 ], [ 35.33465, 11.04764, 0.0 ], [ 35.33626, 11.04808, 0.0 ], [ 35.33828, 11.05023, 0.0 ], [ 35.33961, 11.04343, 0.0 ], [ 35.34109, 11.04371, 0.0 ], [ 35.34228, 11.05054, 0.0 ], [ 35.34632, 11.05711, 0.0 ], [ 35.34302, 11.05861, 0.0 ], [ 35.34124, 11.06233, 0.0 ], [ 35.33797, 11.063, 0.0 ], [ 35.33776, 11.0683, 0.0 ], [ 35.33199, 11.06959, 0.0 ], [ 35.33396, 11.07175, 0.0 ], [ 35.32846, 11.07641, 0.0 ], [ 35.33357, 11.07698, 0.0 ], [ 35.33494, 11.07969, 0.0 ], [ 35.33669, 11.07339, 0.0 ], [ 35.33878, 11.07391, 0.0 ], [ 35.33985, 11.07703, 0.0 ], [ 35.34098, 11.0752, 0.0 ], [ 35.34401, 11.07462, 0.0 ], [ 35.34713, 11.07737, 0.0 ], [ 35.34718, 11.08131, 0.0 ], [ 35.34925, 11.08252, 0.0 ], [ 35.3503, 11.07948, 0.0 ], [ 35.35218, 11.08559, 0.0 ], [ 35.35441, 11.07937, 0.0 ], [ 35.35664, 11.0783, 0.0 ], [ 35.35915, 11.07472, 0.0 ], [ 35.36191, 11.08056, 0.0 ], [ 35.36515, 11.09048, 0.0 ], [ 35.36824, 11.09575, 0.0 ], [ 35.37008, 11.09995, 0.0 ], [ 35.37322, 11.09759, 0.0 ], [ 35.37459, 11.10102, 0.0 ], [ 35.37247, 11.10939, 0.0 ], [ 35.37734, 11.10509, 0.0 ], [ 35.37802, 11.10531, 0.0 ], [ 35.38002, 11.10668, 0.0 ], [ 35.38108, 11.10753, 0.0 ], [ 35.38206, 11.10764, 0.0 ], [ 35.38262, 11.1077, 0.0 ], [ 35.38303, 11.1079, 0.0 ], [ 35.37703, 11.116, 0.0 ], [ 35.37599, 11.11996, 0.0 ], [ 35.36967, 11.12194, 0.0 ], [ 35.37242, 11.12269, 0.0 ], [ 35.37625, 11.12735, 0.0 ], [ 35.37753, 11.12369, 0.0 ], [ 35.37923, 11.11967, 0.0 ], [ 35.38243, 11.11786, 0.0 ], [ 35.38749, 11.11897, 0.0 ], [ 35.38951, 11.1222, 0.0 ], [ 35.3927, 11.12009, 0.0 ], [ 35.39216, 11.11747, 0.0 ], [ 35.39699, 11.11515, 0.0 ], [ 35.39814, 11.11428, 0.0 ], [ 35.39927, 11.11622, 0.0 ], [ 35.40176, 11.11636, 0.0 ], [ 35.40267, 11.11773, 0.0 ], [ 35.40284, 11.12018, 0.0 ], [ 35.40253, 11.12101, 0.0 ], [ 35.40206, 11.12196, 0.0 ], [ 35.40176, 11.1225, 0.0 ], [ 35.40174, 11.12293, 0.0 ], [ 35.3993, 11.12715, 0.0 ], [ 35.40218, 11.12559, 0.0 ], [ 35.40265, 11.12463, 0.0 ], [ 35.40336, 11.127, 0.0 ], [ 35.40432, 11.12466, 0.0 ], [ 35.40631, 11.12372, 0.0 ], [ 35.40793, 11.12475, 0.0 ], [ 35.40872, 11.12598, 0.0 ], [ 35.40901, 11.12543, 0.0 ], [ 35.40945, 11.12475, 0.0 ], [ 35.40975, 11.12435, 0.0 ], [ 35.41005, 11.12367, 0.0 ], [ 35.4102, 11.12339, 0.0 ], [ 35.41186, 11.12328, 0.0 ], [ 35.41535, 11.12279, 0.0 ], [ 35.417, 11.12384, 0.0 ], [ 35.41757, 11.12689, 0.0 ], [ 35.41947, 11.12809, 0.0 ], [ 35.42191, 11.12694, 0.0 ], [ 35.4225, 11.1267, 0.0 ], [ 35.42396, 11.12672, 0.0 ], [ 35.42265, 11.13118, 0.0 ], [ 35.427, 11.12796, 0.0 ], [ 35.42833, 11.12994, 0.0 ], [ 35.42793, 11.13188, 0.0 ], [ 35.42802, 11.13309, 0.0 ], [ 35.42452, 11.13743, 0.0 ], [ 35.42727, 11.14003, 0.0 ], [ 35.42845, 11.13757, 0.0 ], [ 35.4315, 11.13426, 0.0 ], [ 35.43415, 11.13069, 0.0 ], [ 35.43774, 11.13294, 0.0 ], [ 35.43776, 11.13801, 0.0 ], [ 35.43971, 11.13755, 0.0 ], [ 35.44294, 11.13883, 0.0 ], [ 35.44838, 11.13752, 0.0 ], [ 35.4466, 11.13545, 0.0 ], [ 35.44967, 11.13336, 0.0 ], [ 35.4513, 11.13195, 0.0 ], [ 35.4529, 11.13082, 0.0 ], [ 35.45519, 11.13184, 0.0 ], [ 35.45445, 11.13007, 0.0 ], [ 35.45538, 11.12886, 0.0 ], [ 35.45675, 11.12978, 0.0 ], [ 35.4591, 11.12899, 0.0 ], [ 35.46137, 11.12883, 0.0 ], [ 35.4661, 11.1338, 0.0 ], [ 35.46672, 11.1357, 0.0 ], [ 35.4686, 11.13433, 0.0 ], [ 35.47084, 11.13484, 0.0 ], [ 35.46919, 11.13824, 0.0 ], [ 35.47087, 11.13749, 0.0 ], [ 35.47236, 11.13752, 0.0 ], [ 35.47235, 11.13911, 0.0 ], [ 35.47403, 11.13836, 0.0 ], [ 35.47569, 11.13788, 0.0 ], [ 35.47674, 11.13985, 0.0 ], [ 35.47606, 11.14341, 0.0 ], [ 35.47647, 11.14508, 0.0 ], [ 35.47895, 11.14278, 0.0 ], [ 35.48063, 11.1458, 0.0 ], [ 35.4798, 11.14789, 0.0 ], [ 35.47775, 11.14986, 0.0 ], [ 35.47822, 11.15281, 0.0 ], [ 35.4788, 11.15053, 0.0 ], [ 35.48026, 11.14903, 0.0 ], [ 35.48277, 11.14806, 0.0 ], [ 35.48407, 11.14683, 0.0 ], [ 35.4822, 11.14272, 0.0 ], [ 35.48442, 11.1416, 0.0 ], [ 35.48647, 11.14518, 0.0 ], [ 35.48566, 11.14106, 0.0 ], [ 35.48696, 11.13973, 0.0 ], [ 35.48809, 11.13878, 0.0 ], [ 35.49071, 11.13972, 0.0 ], [ 35.49474, 11.13935, 0.0 ], [ 35.49561, 11.14318, 0.0 ], [ 35.50003, 11.1462, 0.0 ], [ 35.50369, 11.14958, 0.0 ], [ 35.50179, 11.14598, 0.0 ], [ 35.49938, 11.14304, 0.0 ], [ 35.49929, 11.13902, 0.0 ], [ 35.49636, 11.13593, 0.0 ], [ 35.49924, 11.13388, 0.0 ], [ 35.50393, 11.13281, 0.0 ], [ 35.50721, 11.13328, 0.0 ], [ 35.5138, 11.13359, 0.0 ], [ 35.52078, 11.13432, 0.0 ], [ 35.52865, 11.13593, 0.0 ], [ 35.52853, 11.13384, 0.0 ], [ 35.52818, 11.1325, 0.0 ], [ 35.52212, 11.1307, 0.0 ], [ 35.51605, 11.12903, 0.0 ], [ 35.51312, 11.12604, 0.0 ], [ 35.50829, 11.12886, 0.0 ], [ 35.50535, 11.12497, 0.0 ], [ 35.50447, 11.12743, 0.0 ], [ 35.49817, 11.12831, 0.0 ], [ 35.49902, 11.12647, 0.0 ], [ 35.49806, 11.12179, 0.0 ], [ 35.49782, 11.12532, 0.0 ], [ 35.49683, 11.12598, 0.0 ], [ 35.49406, 11.13086, 0.0 ], [ 35.48653, 11.1349, 0.0 ], [ 35.48129, 11.13607, 0.0 ], [ 35.48073, 11.13205, 0.0 ], [ 35.47547, 11.12941, 0.0 ], [ 35.47228, 11.12648, 0.0 ], [ 35.47472, 11.11945, 0.0 ], [ 35.46923, 11.11398, 0.0 ], [ 35.4715, 11.12076, 0.0 ], [ 35.47066, 11.12387, 0.0 ], [ 35.46577, 11.12028, 0.0 ], [ 35.46303, 11.11847, 0.0 ], [ 35.4603, 11.12149, 0.0 ], [ 35.45834, 11.12385, 0.0 ], [ 35.45425, 11.12587, 0.0 ], [ 35.45009, 11.12842, 0.0 ], [ 35.44952, 11.12995, 0.0 ], [ 35.44662, 11.12885, 0.0 ], [ 35.44772, 11.12674, 0.0 ], [ 35.44146, 11.127, 0.0 ], [ 35.43575, 11.12535, 0.0 ], [ 35.43395, 11.12205, 0.0 ], [ 35.43539, 11.11963, 0.0 ], [ 35.43712, 11.11968, 0.0 ], [ 35.4339, 11.11375, 0.0 ], [ 35.43273, 11.11099, 0.0 ], [ 35.43279, 11.11013, 0.0 ], [ 35.42905, 11.11211, 0.0 ], [ 35.42783, 11.11349, 0.0 ], [ 35.43066, 11.11594, 0.0 ], [ 35.43045, 11.11809, 0.0 ], [ 35.42799, 11.1177, 0.0 ], [ 35.42522, 11.11334, 0.0 ], [ 35.42489, 11.11129, 0.0 ], [ 35.4223, 11.11196, 0.0 ], [ 35.4213, 11.11084, 0.0 ], [ 35.42491, 11.10592, 0.0 ], [ 35.42621, 11.10153, 0.0 ], [ 35.429, 11.09846, 0.0 ], [ 35.42422, 11.10076, 0.0 ], [ 35.42146, 11.10443, 0.0 ], [ 35.41809, 11.10351, 0.0 ], [ 35.41689, 11.10196, 0.0 ], [ 35.41798, 11.09981, 0.0 ], [ 35.41763, 11.0981, 0.0 ], [ 35.41349, 11.10034, 0.0 ], [ 35.41129, 11.09912, 0.0 ], [ 35.41154, 11.09719, 0.0 ], [ 35.41057, 11.09611, 0.0 ], [ 35.41337, 11.09033, 0.0 ], [ 35.41349, 11.0883, 0.0 ], [ 35.41104, 11.09036, 0.0 ], [ 35.40769, 11.09291, 0.0 ], [ 35.40689, 11.09172, 0.0 ], [ 35.40871, 11.08836, 0.0 ], [ 35.41086, 11.08546, 0.0 ], [ 35.41223, 11.08533, 0.0 ], [ 35.41342, 11.08559, 0.0 ], [ 35.41359, 11.08319, 0.0 ], [ 35.41753, 11.08186, 0.0 ], [ 35.41256, 11.08282, 0.0 ], [ 35.41241, 11.0808, 0.0 ], [ 35.41122, 11.07961, 0.0 ], [ 35.41484, 11.07972, 0.0 ], [ 35.41637, 11.07606, 0.0 ], [ 35.41113, 11.07827, 0.0 ], [ 35.40912, 11.08019, 0.0 ], [ 35.40696, 11.08116, 0.0 ], [ 35.40514, 11.08164, 0.0 ], [ 35.40208, 11.07944, 0.0 ], [ 35.39654, 11.08301, 0.0 ], [ 35.39446, 11.07718, 0.0 ], [ 35.39044, 11.06979, 0.0 ], [ 35.38688, 11.07164, 0.0 ], [ 35.3837, 11.06909, 0.0 ], [ 35.38813, 11.06185, 0.0 ], [ 35.38501, 11.05773, 0.0 ], [ 35.38035, 11.05938, 0.0 ], [ 35.37712, 11.05327, 0.0 ], [ 35.38023, 11.04853, 0.0 ], [ 35.37539, 11.04747, 0.0 ], [ 35.37569, 11.04334, 0.0 ], [ 35.3718, 11.04515, 0.0 ], [ 35.36971, 11.043, 0.0 ], [ 35.3705, 11.03855, 0.0 ], [ 35.36383, 11.04073, 0.0 ], [ 35.36235, 11.03839, 0.0 ], [ 35.36199, 11.03375, 0.0 ], [ 35.36619, 11.03258, 0.0 ], [ 35.36414, 11.02416, 0.0 ], [ 35.36355, 11.01417, 0.0 ], [ 35.37066, 11.00846, 0.0 ], [ 35.37836, 11.00738, 0.0 ], [ 35.37173, 10.99829, 0.0 ], [ 35.36247, 10.98827, 0.0 ], [ 35.35548, 10.97966, 0.0 ], [ 35.34842, 10.97512, 0.0 ], [ 35.33777, 10.98026, 0.0 ], [ 35.33661, 10.96757, 0.0 ], [ 35.34271, 10.95944, 0.0 ], [ 35.33695, 10.9569, 0.0 ], [ 35.33559, 10.95444, 0.0 ], [ 35.34166, 10.94712, 0.0 ], [ 35.33032, 10.94843, 0.0 ], [ 35.32289, 10.95029, 0.0 ], [ 35.30904, 10.94592, 0.0 ], [ 35.30194, 10.93247, 0.0 ], [ 35.29784, 10.93946, 0.0 ], [ 35.29406, 10.94028, 0.0 ], [ 35.2934, 10.93803, 0.0 ], [ 35.29732, 10.93602, 0.0 ], [ 35.29661, 10.93299, 0.0 ], [ 35.2969, 10.92969, 0.0 ], [ 35.2934, 10.92973, 0.0 ], [ 35.29195, 10.92549, 0.0 ], [ 35.2915, 10.92295, 0.0 ], [ 35.28688, 10.92351, 0.0 ], [ 35.27996, 10.92342, 0.0 ], [ 35.26999, 10.92132, 0.0 ], [ 35.27026, 10.91733, 0.0 ], [ 35.26596, 10.91443, 0.0 ], [ 35.25877, 10.90784, 0.0 ], [ 35.26171, 10.90327, 0.0 ], [ 35.26562, 10.90907, 0.0 ], [ 35.26683, 10.90744, 0.0 ], [ 35.26718, 10.90698, 0.0 ], [ 35.26794, 10.90569, 0.0 ], [ 35.26834, 10.9046, 0.0 ], [ 35.26845, 10.90374, 0.0 ], [ 35.26854, 10.90313, 0.0 ], [ 35.26856, 10.90301, 0.0 ], [ 35.26941, 10.91378, 0.0 ], [ 35.27203, 10.9147, 0.0 ], [ 35.27241, 10.91232, 0.0 ], [ 35.27448, 10.91178, 0.0 ], [ 35.27732, 10.91221, 0.0 ], [ 35.28066, 10.91447, 0.0 ], [ 35.28272, 10.91481, 0.0 ], [ 35.286, 10.9158, 0.0 ], [ 35.28676, 10.91511, 0.0 ], [ 35.28513, 10.91177, 0.0 ], [ 35.28643, 10.91103, 0.0 ], [ 35.28295, 10.90703, 0.0 ], [ 35.28305, 10.90554, 0.0 ], [ 35.28479, 10.9061, 0.0 ], [ 35.28777, 10.90716, 0.0 ], [ 35.29689, 10.90124, 0.0 ], [ 35.30668, 10.89067, 0.0 ], [ 35.29979, 10.89079, 0.0 ], [ 35.29953, 10.88426, 0.0 ], [ 35.29985, 10.88167, 0.0 ], [ 35.30381, 10.87999, 0.0 ], [ 35.30426, 10.87456, 0.0 ], [ 35.30559, 10.87279, 0.0 ], [ 35.30871, 10.87285, 0.0 ], [ 35.31222, 10.87854, 0.0 ], [ 35.31403, 10.87273, 0.0 ], [ 35.31571, 10.87116, 0.0 ], [ 35.31942, 10.87183, 0.0 ], [ 35.32027, 10.87625, 0.0 ], [ 35.32179, 10.87601, 0.0 ], [ 35.32263, 10.87582, 0.0 ], [ 35.32318, 10.87575, 0.0 ], [ 35.32332, 10.87576, 0.0 ], [ 35.32464, 10.88249, 0.0 ], [ 35.32813, 10.88591, 0.0 ], [ 35.33187, 10.88132, 0.0 ], [ 35.33225, 10.87738, 0.0 ], [ 35.32943, 10.87846, 0.0 ], [ 35.32869, 10.87496, 0.0 ], [ 35.32788, 10.87231, 0.0 ], [ 35.32564, 10.8718, 0.0 ], [ 35.32383, 10.86986, 0.0 ], [ 35.32336, 10.86794, 0.0 ], [ 35.32362, 10.86439, 0.0 ], [ 35.32112, 10.86519, 0.0 ], [ 35.32018, 10.86403, 0.0 ], [ 35.31935, 10.86315, 0.0 ], [ 35.3183, 10.8641, 0.0 ], [ 35.31843, 10.86082, 0.0 ], [ 35.31817, 10.85741, 0.0 ], [ 35.3167, 10.86077, 0.0 ], [ 35.314, 10.86101, 0.0 ], [ 35.31296, 10.86287, 0.0 ], [ 35.31133, 10.86204, 0.0 ], [ 35.31061, 10.86039, 0.0 ], [ 35.31012, 10.85903, 0.0 ], [ 35.3085, 10.86213, 0.0 ], [ 35.30917, 10.86419, 0.0 ], [ 35.30813, 10.86594, 0.0 ], [ 35.30715, 10.86623, 0.0 ], [ 35.30619, 10.86241, 0.0 ], [ 35.30446, 10.86236, 0.0 ], [ 35.3034, 10.8641, 0.0 ], [ 35.30182, 10.86195, 0.0 ], [ 35.30345, 10.85806, 0.0 ], [ 35.30578, 10.85662, 0.0 ], [ 35.30669, 10.85387, 0.0 ], [ 35.30813, 10.8521, 0.0 ], [ 35.30656, 10.85002, 0.0 ], [ 35.30508, 10.85025, 0.0 ], [ 35.30215, 10.84854, 0.0 ], [ 35.3027, 10.84657, 0.0 ], [ 35.30672, 10.84411, 0.0 ], [ 35.31006, 10.84161, 0.0 ], [ 35.3084, 10.84044, 0.0 ], [ 35.30507, 10.84008, 0.0 ], [ 35.30782, 10.83803, 0.0 ], [ 35.31152, 10.83843, 0.0 ], [ 35.31343, 10.83863, 0.0 ], [ 35.31462, 10.83741, 0.0 ], [ 35.31908, 10.83788, 0.0 ], [ 35.3166, 10.83603, 0.0 ], [ 35.31458, 10.83472, 0.0 ], [ 35.31442, 10.83283, 0.0 ], [ 35.31557, 10.83335, 0.0 ], [ 35.31757, 10.83356, 0.0 ], [ 35.31863, 10.83367, 0.0 ], [ 35.31799, 10.83013, 0.0 ], [ 35.3181, 10.82605, 0.0 ], [ 35.31918, 10.8238, 0.0 ], [ 35.31725, 10.82425, 0.0 ], [ 35.31451, 10.82791, 0.0 ], [ 35.30978, 10.83112, 0.0 ], [ 35.30406, 10.83334, 0.0 ], [ 35.29995, 10.83358, 0.0 ], [ 35.29068, 10.82459, 0.0 ], [ 35.28766, 10.82413, 0.0 ], [ 35.29129, 10.82823, 0.0 ], [ 35.29449, 10.8345, 0.0 ], [ 35.29436, 10.83625, 0.0 ], [ 35.29367, 10.83631, 0.0 ], [ 35.2924, 10.83657, 0.0 ], [ 35.29172, 10.83663, 0.0 ], [ 35.29087, 10.83682, 0.0 ], [ 35.29042, 10.83704, 0.0 ], [ 35.28982, 10.83739, 0.0 ], [ 35.28955, 10.83818, 0.0 ], [ 35.28947, 10.83872, 0.0 ], [ 35.28954, 10.83914, 0.0 ], [ 35.29061, 10.83926, 0.0 ], [ 35.29117, 10.83918, 0.0 ], [ 35.29186, 10.83912, 0.0 ], [ 35.2924, 10.83918, 0.0 ], [ 35.29307, 10.83925, 0.0 ], [ 35.29385, 10.83948, 0.0 ], [ 35.29431, 10.84008, 0.0 ], [ 35.29413, 10.84033, 0.0 ], [ 35.29324, 10.84079, 0.0 ], [ 35.29291, 10.84116, 0.0 ], [ 35.2922, 10.84219, 0.0 ], [ 35.29196, 10.84286, 0.0 ], [ 35.29174, 10.84339, 0.0 ], [ 35.29154, 10.84378, 0.0 ], [ 35.29142, 10.84447, 0.0 ], [ 35.29136, 10.84488, 0.0 ], [ 35.29122, 10.84571, 0.0 ], [ 35.29113, 10.84626, 0.0 ], [ 35.29093, 10.84666, 0.0 ], [ 35.29068, 10.84734, 0.0 ], [ 35.29037, 10.84758, 0.0 ], [ 35.28972, 10.84821, 0.0 ], [ 35.28916, 10.84829, 0.0 ], [ 35.2889, 10.84897, 0.0 ], [ 35.28926, 10.8493, 0.0 ], [ 35.28967, 10.84934, 0.0 ], [ 35.29031, 10.8497, 0.0 ], [ 35.29052, 10.85014, 0.0 ], [ 35.29087, 10.8506, 0.0 ], [ 35.29123, 10.85093, 0.0 ], [ 35.291, 10.85332, 0.0 ], [ 35.29108, 10.85461, 0.0 ], [ 35.29271, 10.85481, 0.0 ], [ 35.2947, 10.85833, 0.0 ], [ 35.29208, 10.85804, 0.0 ], [ 35.29095, 10.85906, 0.0 ], [ 35.29253, 10.86234, 0.0 ], [ 35.28688, 10.86067, 0.0 ], [ 35.2866, 10.86316, 0.0 ], [ 35.28662, 10.8649, 0.0 ], [ 35.28903, 10.86577, 0.0 ], [ 35.29168, 10.86887, 0.0 ], [ 35.29358, 10.87012, 0.0 ], [ 35.29254, 10.86999, 0.0 ], [ 35.29073, 10.87207, 0.0 ], [ 35.28889, 10.87335, 0.0 ], [ 35.2857, 10.87152, 0.0 ], [ 35.28345, 10.86809, 0.0 ], [ 35.28304, 10.86567, 0.0 ], [ 35.28397, 10.86341, 0.0 ], [ 35.28328, 10.86191, 0.0 ], [ 35.28074, 10.8593, 0.0 ], [ 35.27702, 10.85798, 0.0 ], [ 35.27367, 10.85882, 0.0 ], [ 35.27322, 10.85468, 0.0 ], [ 35.27564, 10.85181, 0.0 ], [ 35.27466, 10.84758, 0.0 ], [ 35.27384, 10.84596, 0.0 ], [ 35.27281, 10.84054, 0.0 ], [ 35.27158, 10.84255, 0.0 ], [ 35.2708, 10.84335, 0.0 ], [ 35.26886, 10.84315, 0.0 ], [ 35.27047, 10.84471, 0.0 ], [ 35.26858, 10.84502, 0.0 ], [ 35.26992, 10.8458, 0.0 ], [ 35.27022, 10.84724, 0.0 ], [ 35.27094, 10.84848, 0.0 ], [ 35.26963, 10.84924, 0.0 ], [ 35.26805, 10.8501, 0.0 ], [ 35.26791, 10.85136, 0.0 ], [ 35.26894, 10.85033, 0.0 ], [ 35.27013, 10.85226, 0.0 ], [ 35.26837, 10.85495, 0.0 ], [ 35.26719, 10.85561, 0.0 ], [ 35.26687, 10.85427, 0.0 ], [ 35.26626, 10.85224, 0.0 ], [ 35.26506, 10.85134, 0.0 ], [ 35.2639, 10.8503, 0.0 ], [ 35.25755, 10.85223, 0.0 ], [ 35.25897, 10.84939, 0.0 ], [ 35.25852, 10.84728, 0.0 ], [ 35.25724, 10.84612, 0.0 ], [ 35.26033, 10.84287, 0.0 ], [ 35.26222, 10.83879, 0.0 ], [ 35.25937, 10.83999, 0.0 ], [ 35.255, 10.84155, 0.0 ], [ 35.25553, 10.83795, 0.0 ], [ 35.25415, 10.83969, 0.0 ], [ 35.25342, 10.84074, 0.0 ], [ 35.2514, 10.83801, 0.0 ], [ 35.25266, 10.83627, 0.0 ], [ 35.25308, 10.8332, 0.0 ], [ 35.26001, 10.83234, 0.0 ], [ 35.25615, 10.82996, 0.0 ], [ 35.25456, 10.82723, 0.0 ], [ 35.25367, 10.8258, 0.0 ], [ 35.25329, 10.82709, 0.0 ], [ 35.24953, 10.83048, 0.0 ], [ 35.24557, 10.82871, 0.0 ], [ 35.24681, 10.82729, 0.0 ], [ 35.24821, 10.825, 0.0 ], [ 35.24861, 10.8241, 0.0 ], [ 35.2465, 10.82361, 0.0 ], [ 35.24363, 10.82371, 0.0 ], [ 35.24161, 10.82363, 0.0 ], [ 35.23947, 10.82435, 0.0 ], [ 35.23519, 10.82389, 0.0 ], [ 35.2338, 10.8232, 0.0 ], [ 35.23344, 10.8229, 0.0 ], [ 35.23319, 10.82273, 0.0 ], [ 35.2323, 10.82237, 0.0 ], [ 35.22846, 10.82263, 0.0 ], [ 35.22755, 10.82647, 0.0 ], [ 35.22902, 10.82663, 0.0 ], [ 35.22945, 10.82819, 0.0 ], [ 35.23, 10.83072, 0.0 ], [ 35.22912, 10.83438, 0.0 ], [ 35.22673, 10.8348, 0.0 ], [ 35.22633, 10.83872, 0.0 ], [ 35.22458, 10.83936, 0.0 ], [ 35.2258, 10.84279, 0.0 ], [ 35.22005, 10.84214, 0.0 ], [ 35.22256, 10.83874, 0.0 ], [ 35.22383, 10.83297, 0.0 ], [ 35.22421, 10.83021, 0.0 ], [ 35.22316, 10.82831, 0.0 ], [ 35.22421, 10.82598, 0.0 ], [ 35.2247, 10.82398, 0.0 ], [ 35.22231, 10.82497, 0.0 ], [ 35.22262, 10.82106, 0.0 ], [ 35.22414, 10.81854, 0.0 ], [ 35.2221, 10.81237, 0.0 ], [ 35.22074, 10.81183, 0.0 ], [ 35.2211, 10.81515, 0.0 ], [ 35.21983, 10.81835, 0.0 ], [ 35.21848, 10.82037, 0.0 ], [ 35.21697, 10.81845, 0.0 ], [ 35.21455, 10.81845, 0.0 ], [ 35.2136, 10.82093, 0.0 ], [ 35.21247, 10.82066, 0.0 ], [ 35.21117, 10.82186, 0.0 ], [ 35.21242, 10.82365, 0.0 ], [ 35.21128, 10.82449, 0.0 ], [ 35.21022, 10.82368, 0.0 ], [ 35.20924, 10.82441, 0.0 ], [ 35.20742, 10.82487, 0.0 ], [ 35.20636, 10.82612, 0.0 ], [ 35.20543, 10.82821, 0.0 ], [ 35.20685, 10.82852, 0.0 ], [ 35.20856, 10.82987, 0.0 ], [ 35.20524, 10.83226, 0.0 ], [ 35.20477, 10.82732, 0.0 ], [ 35.20242, 10.82728, 0.0 ], [ 35.20263, 10.82452, 0.0 ], [ 35.20412, 10.82102, 0.0 ], [ 35.20565, 10.82333, 0.0 ], [ 35.20937, 10.81936, 0.0 ], [ 35.20875, 10.81689, 0.0 ], [ 35.20763, 10.81359, 0.0 ], [ 35.20584, 10.80996, 0.0 ], [ 35.2013, 10.80546, 0.0 ], [ 35.19815, 10.80485, 0.0 ], [ 35.19959, 10.80762, 0.0 ], [ 35.19951, 10.80919, 0.0 ], [ 35.19856, 10.80987, 0.0 ], [ 35.19263, 10.80646, 0.0 ], [ 35.19428, 10.80412, 0.0 ], [ 35.19496, 10.80295, 0.0 ], [ 35.19595, 10.80151, 0.0 ], [ 35.1921, 10.80284, 0.0 ], [ 35.19267, 10.80054, 0.0 ], [ 35.19526, 10.79919, 0.0 ], [ 35.19719, 10.79766, 0.0 ], [ 35.19796, 10.79679, 0.0 ], [ 35.19922, 10.79399, 0.0 ], [ 35.19518, 10.794, 0.0 ], [ 35.19552, 10.79231, 0.0 ], [ 35.19825, 10.79192, 0.0 ], [ 35.19825, 10.78955, 0.0 ], [ 35.19739, 10.78893, 0.0 ], [ 35.19613, 10.79051, 0.0 ], [ 35.19106, 10.79156, 0.0 ], [ 35.18966, 10.78867, 0.0 ], [ 35.19295, 10.78494, 0.0 ], [ 35.19505, 10.78055, 0.0 ], [ 35.19656, 10.77778, 0.0 ], [ 35.20019, 10.77817, 0.0 ], [ 35.20313, 10.78128, 0.0 ], [ 35.20413, 10.78304, 0.0 ], [ 35.20346, 10.77826, 0.0 ], [ 35.20574, 10.77888, 0.0 ], [ 35.2058, 10.77348, 0.0 ], [ 35.20863, 10.77869, 0.0 ], [ 35.21367, 10.7767, 0.0 ], [ 35.21613, 10.77974, 0.0 ], [ 35.21705, 10.7811, 0.0 ], [ 35.21727, 10.77558, 0.0 ], [ 35.21873, 10.77225, 0.0 ], [ 35.21564, 10.76798, 0.0 ], [ 35.21653, 10.76672, 0.0 ], [ 35.21859, 10.76793, 0.0 ], [ 35.22045, 10.76558, 0.0 ], [ 35.21835, 10.76486, 0.0 ], [ 35.21863, 10.76311, 0.0 ], [ 35.2174, 10.76208, 0.0 ], [ 35.21656, 10.76253, 0.0 ], [ 35.21546, 10.7643, 0.0 ], [ 35.21179, 10.76458, 0.0 ], [ 35.20854, 10.76194, 0.0 ], [ 35.20787, 10.76457, 0.0 ], [ 35.20656, 10.76672, 0.0 ], [ 35.2088, 10.76878, 0.0 ], [ 35.20702, 10.77022, 0.0 ], [ 35.20568, 10.76991, 0.0 ], [ 35.20375, 10.77137, 0.0 ], [ 35.19962, 10.77278, 0.0 ], [ 35.19736, 10.77212, 0.0 ], [ 35.19904, 10.76603, 0.0 ], [ 35.20012, 10.76143, 0.0 ], [ 35.20157, 10.75813, 0.0 ], [ 35.20482, 10.75778, 0.0 ], [ 35.20548, 10.75666, 0.0 ], [ 35.206, 10.75553, 0.0 ], [ 35.20195, 10.75473, 0.0 ], [ 35.20063, 10.75461, 0.0 ], [ 35.20012, 10.74984, 0.0 ], [ 35.20007, 10.74571, 0.0 ], [ 35.20218, 10.74236, 0.0 ], [ 35.20357, 10.74049, 0.0 ], [ 35.20617, 10.74064, 0.0 ], [ 35.20821, 10.74111, 0.0 ], [ 35.20955, 10.74327, 0.0 ], [ 35.21225, 10.74369, 0.0 ], [ 35.2125, 10.74131, 0.0 ], [ 35.21445, 10.73887, 0.0 ], [ 35.21726, 10.74207, 0.0 ], [ 35.21901, 10.74428, 0.0 ], [ 35.22124, 10.74439, 0.0 ], [ 35.22182, 10.74675, 0.0 ], [ 35.2214, 10.74991, 0.0 ], [ 35.22346, 10.74743, 0.0 ], [ 35.22621, 10.74404, 0.0 ], [ 35.22667, 10.74006, 0.0 ], [ 35.23204, 10.74101, 0.0 ], [ 35.23429, 10.74049, 0.0 ], [ 35.23708, 10.73743, 0.0 ], [ 35.23605, 10.73351, 0.0 ], [ 35.23373, 10.73363, 0.0 ], [ 35.22927, 10.73145, 0.0 ], [ 35.22552, 10.73167, 0.0 ], [ 35.21971, 10.73091, 0.0 ], [ 35.21662, 10.72961, 0.0 ], [ 35.21286, 10.73263, 0.0 ], [ 35.2084, 10.72969, 0.0 ], [ 35.21234, 10.72378, 0.0 ], [ 35.21493, 10.72106, 0.0 ], [ 35.21726, 10.71932, 0.0 ], [ 35.21931, 10.71771, 0.0 ], [ 35.21737, 10.71489, 0.0 ], [ 35.21533, 10.71617, 0.0 ], [ 35.21661, 10.71779, 0.0 ], [ 35.21421, 10.71817, 0.0 ], [ 35.21023, 10.71975, 0.0 ], [ 35.20777, 10.72104, 0.0 ], [ 35.20639, 10.72104, 0.0 ], [ 35.2042, 10.71942, 0.0 ], [ 35.20453, 10.71476, 0.0 ], [ 35.20595, 10.71023, 0.0 ], [ 35.20793, 10.70542, 0.0 ], [ 35.2087, 10.70041, 0.0 ], [ 35.20852, 10.69419, 0.0 ], [ 35.21032, 10.69347, 0.0 ], [ 35.21174, 10.69244, 0.0 ], [ 35.21171, 10.6914, 0.0 ], [ 35.21349, 10.68926, 0.0 ], [ 35.21377, 10.68775, 0.0 ], [ 35.21293, 10.6883, 0.0 ], [ 35.21224, 10.69004, 0.0 ], [ 35.20945, 10.69155, 0.0 ], [ 35.20711, 10.69365, 0.0 ], [ 35.2055, 10.69505, 0.0 ], [ 35.20255, 10.69645, 0.0 ], [ 35.19972, 10.69787, 0.0 ], [ 35.19632, 10.69937, 0.0 ], [ 35.19259, 10.69909, 0.0 ], [ 35.18892, 10.69831, 0.0 ], [ 35.18393, 10.69725, 0.0 ], [ 35.18081, 10.69293, 0.0 ], [ 35.17635, 10.6892, 0.0 ], [ 35.17509, 10.6844, 0.0 ], [ 35.17623, 10.67853, 0.0 ], [ 35.17685, 10.67197, 0.0 ], [ 35.17465, 10.66595, 0.0 ], [ 35.17252, 10.66385, 0.0 ], [ 35.17134, 10.66176, 0.0 ], [ 35.16886, 10.66193, 0.0 ], [ 35.16816, 10.65783, 0.0 ], [ 35.16878, 10.65418, 0.0 ], [ 35.16683, 10.65211, 0.0 ], [ 35.16844, 10.64675, 0.0 ], [ 35.17077, 10.64473, 0.0 ], [ 35.16958, 10.64461, 0.0 ], [ 35.17069, 10.64012, 0.0 ], [ 35.17095, 10.63742, 0.0 ], [ 35.17356, 10.63897, 0.0 ], [ 35.17583, 10.63639, 0.0 ], [ 35.17851, 10.63732, 0.0 ], [ 35.18063, 10.6417, 0.0 ], [ 35.18115, 10.64332, 0.0 ], [ 35.1815, 10.64088, 0.0 ], [ 35.1837, 10.64055, 0.0 ], [ 35.1855, 10.64046, 0.0 ], [ 35.18274, 10.63982, 0.0 ], [ 35.18118, 10.6381, 0.0 ], [ 35.17915, 10.63583, 0.0 ], [ 35.17958, 10.63408, 0.0 ], [ 35.18271, 10.63543, 0.0 ], [ 35.18464, 10.63422, 0.0 ], [ 35.18597, 10.63194, 0.0 ], [ 35.18494, 10.62993, 0.0 ], [ 35.18479, 10.63258, 0.0 ], [ 35.18399, 10.63275, 0.0 ], [ 35.18188, 10.63278, 0.0 ], [ 35.18027, 10.63338, 0.0 ], [ 35.17707, 10.63113, 0.0 ], [ 35.17916, 10.63071, 0.0 ], [ 35.17935, 10.62883, 0.0 ], [ 35.18162, 10.6292, 0.0 ], [ 35.18158, 10.62844, 0.0 ], [ 35.18166, 10.62744, 0.0 ], [ 35.17962, 10.62697, 0.0 ], [ 35.17796, 10.62692, 0.0 ], [ 35.17635, 10.623, 0.0 ], [ 35.17747, 10.61934, 0.0 ], [ 35.17627, 10.61494, 0.0 ], [ 35.17586, 10.61063, 0.0 ], [ 35.17427, 10.60929, 0.0 ], [ 35.17529, 10.6082, 0.0 ], [ 35.17539, 10.60442, 0.0 ], [ 35.1742, 10.60029, 0.0 ], [ 35.17317, 10.5961, 0.0 ], [ 35.17762, 10.59316, 0.0 ], [ 35.17176, 10.59329, 0.0 ], [ 35.17543, 10.59167, 0.0 ], [ 35.17463, 10.58934, 0.0 ], [ 35.17351, 10.59009, 0.0 ], [ 35.17263, 10.58862, 0.0 ], [ 35.1705, 10.59039, 0.0 ], [ 35.17011, 10.5891, 0.0 ], [ 35.17157, 10.58817, 0.0 ], [ 35.17145, 10.58668, 0.0 ], [ 35.17387, 10.58666, 0.0 ], [ 35.17419, 10.5835, 0.0 ], [ 35.17363, 10.57714, 0.0 ], [ 35.1746, 10.57543, 0.0 ], [ 35.17876, 10.57756, 0.0 ], [ 35.18001, 10.57834, 0.0 ], [ 35.1816, 10.57838, 0.0 ], [ 35.18404, 10.57772, 0.0 ], [ 35.18461, 10.5743, 0.0 ], [ 35.18851, 10.57291, 0.0 ], [ 35.19201, 10.5715, 0.0 ], [ 35.19415, 10.5697, 0.0 ], [ 35.1962, 10.56853, 0.0 ], [ 35.19661, 10.57353, 0.0 ], [ 35.19854, 10.57258, 0.0 ], [ 35.19924, 10.57547, 0.0 ], [ 35.19897, 10.57918, 0.0 ], [ 35.1991, 10.58283, 0.0 ], [ 35.19994, 10.5789, 0.0 ], [ 35.20306, 10.57756, 0.0 ], [ 35.2031, 10.57885, 0.0 ], [ 35.20579, 10.57978, 0.0 ], [ 35.20471, 10.57838, 0.0 ], [ 35.20628, 10.57596, 0.0 ], [ 35.20723, 10.57517, 0.0 ], [ 35.20438, 10.57499, 0.0 ], [ 35.20468, 10.57171, 0.0 ], [ 35.20091, 10.57004, 0.0 ], [ 35.20131, 10.56806, 0.0 ], [ 35.20426, 10.56977, 0.0 ], [ 35.20303, 10.56264, 0.0 ], [ 35.20033, 10.55843, 0.0 ], [ 35.19932, 10.56052, 0.0 ], [ 35.19745, 10.56191, 0.0 ], [ 35.19614, 10.56118, 0.0 ], [ 35.19456, 10.56098, 0.0 ], [ 35.19469, 10.5572, 0.0 ], [ 35.19636, 10.55615, 0.0 ], [ 35.2001, 10.55693, 0.0 ], [ 35.19551, 10.554, 0.0 ], [ 35.19671, 10.55309, 0.0 ], [ 35.19748, 10.54667, 0.0 ], [ 35.19932, 10.54826, 0.0 ], [ 35.19948, 10.55044, 0.0 ], [ 35.20099, 10.55162, 0.0 ], [ 35.2039, 10.55028, 0.0 ], [ 35.20403, 10.5531, 0.0 ], [ 35.20655, 10.55337, 0.0 ], [ 35.2101, 10.55542, 0.0 ], [ 35.21266, 10.55853, 0.0 ], [ 35.21369, 10.55864, 0.0 ], [ 35.21234, 10.55501, 0.0 ], [ 35.21473, 10.55283, 0.0 ], [ 35.21416, 10.552, 0.0 ], [ 35.21452, 10.5509, 0.0 ], [ 35.21618, 10.55095, 0.0 ], [ 35.2186, 10.5526, 0.0 ], [ 35.22082, 10.55284, 0.0 ], [ 35.22472, 10.55236, 0.0 ], [ 35.22422, 10.55092, 0.0 ], [ 35.22205, 10.55068, 0.0 ], [ 35.22009, 10.55213, 0.0 ], [ 35.21832, 10.54991, 0.0 ], [ 35.21598, 10.54789, 0.0 ], [ 35.21512, 10.5478, 0.0 ], [ 35.21301, 10.54858, 0.0 ], [ 35.21149, 10.55019, 0.0 ], [ 35.21146, 10.5521, 0.0 ], [ 35.21052, 10.55264, 0.0 ], [ 35.20776, 10.54992, 0.0 ], [ 35.20417, 10.54688, 0.0 ], [ 35.20184, 10.54488, 0.0 ], [ 35.20073, 10.54413, 0.0 ], [ 35.20377, 10.54359, 0.0 ], [ 35.19957, 10.54076, 0.0 ], [ 35.2025, 10.53934, 0.0 ], [ 35.20505, 10.54111, 0.0 ], [ 35.20565, 10.54329, 0.0 ], [ 35.20783, 10.53622, 0.0 ], [ 35.20852, 10.53568, 0.0 ], [ 35.20992, 10.53916, 0.0 ], [ 35.21209, 10.54161, 0.0 ], [ 35.21417, 10.54382, 0.0 ], [ 35.21712, 10.54104, 0.0 ], [ 35.2143, 10.53889, 0.0 ], [ 35.21433, 10.53619, 0.0 ], [ 35.21767, 10.54036, 0.0 ], [ 35.2163, 10.5347, 0.0 ], [ 35.21709, 10.53474, 0.0 ], [ 35.21752, 10.53404, 0.0 ], [ 35.21672, 10.53307, 0.0 ], [ 35.21784, 10.53324, 0.0 ], [ 35.21816, 10.53206, 0.0 ], [ 35.21776, 10.53148, 0.0 ], [ 35.2189, 10.53, 0.0 ], [ 35.21789, 10.52973, 0.0 ], [ 35.22031, 10.52786, 0.0 ], [ 35.22211, 10.52888, 0.0 ], [ 35.22271, 10.52802, 0.0 ], [ 35.22407, 10.52648, 0.0 ], [ 35.22545, 10.52716, 0.0 ], [ 35.22595, 10.52657, 0.0 ], [ 35.22624, 10.52783, 0.0 ], [ 35.22811, 10.52831, 0.0 ], [ 35.22722, 10.52705, 0.0 ], [ 35.22782, 10.52598, 0.0 ], [ 35.22941, 10.52558, 0.0 ], [ 35.2311, 10.52412, 0.0 ], [ 35.23012, 10.52413, 0.0 ], [ 35.22884, 10.52375, 0.0 ], [ 35.22728, 10.52307, 0.0 ], [ 35.22652, 10.52182, 0.0 ], [ 35.2282, 10.52142, 0.0 ], [ 35.22758, 10.51844, 0.0 ], [ 35.22636, 10.51979, 0.0 ], [ 35.22538, 10.51989, 0.0 ], [ 35.2235, 10.52076, 0.0 ], [ 35.22381, 10.51951, 0.0 ], [ 35.22532, 10.51854, 0.0 ], [ 35.22395, 10.51826, 0.0 ], [ 35.22246, 10.51818, 0.0 ], [ 35.22355, 10.51568, 0.0 ], [ 35.22239, 10.51369, 0.0 ], [ 35.2224, 10.51256, 0.0 ], [ 35.22427, 10.51208, 0.0 ], [ 35.22533, 10.51047, 0.0 ], [ 35.22638, 10.5117, 0.0 ], [ 35.2262, 10.51312, 0.0 ], [ 35.22715, 10.51227, 0.0 ], [ 35.22782, 10.51227, 0.0 ], [ 35.2278, 10.51482, 0.0 ], [ 35.22927, 10.51312, 0.0 ], [ 35.23033, 10.51141, 0.0 ], [ 35.23081, 10.51188, 0.0 ], [ 35.23072, 10.51605, 0.0 ], [ 35.2313, 10.51529, 0.0 ], [ 35.23237, 10.5134, 0.0 ], [ 35.23372, 10.51235, 0.0 ], [ 35.2342, 10.5133, 0.0 ], [ 35.23362, 10.51434, 0.0 ], [ 35.23332, 10.51539, 0.0 ], [ 35.23409, 10.51568, 0.0 ], [ 35.23331, 10.51739, 0.0 ], [ 35.23417, 10.51787, 0.0 ], [ 35.23348, 10.51902, 0.0 ], [ 35.23271, 10.51949, 0.0 ], [ 35.23347, 10.51998, 0.0 ], [ 35.23337, 10.52075, 0.0 ], [ 35.23326, 10.52171, 0.0 ], [ 35.2315, 10.52171, 0.0 ], [ 35.23044, 10.52094, 0.0 ], [ 35.23081, 10.52258, 0.0 ], [ 35.23198, 10.52307, 0.0 ], [ 35.23354, 10.52307, 0.0 ], [ 35.23383, 10.52442, 0.0 ], [ 35.23421, 10.52549, 0.0 ], [ 35.23391, 10.52636, 0.0 ], [ 35.2342, 10.52694, 0.0 ], [ 35.23502, 10.52568, 0.0 ], [ 35.23603, 10.52547, 0.0 ], [ 35.23515, 10.52459, 0.0 ], [ 35.2351, 10.52349, 0.0 ], [ 35.23554, 10.5223, 0.0 ], [ 35.23735, 10.52103, 0.0 ], [ 35.239, 10.52123, 0.0 ], [ 35.23897, 10.52328, 0.0 ], [ 35.23955, 10.52339, 0.0 ], [ 35.24014, 10.52368, 0.0 ], [ 35.24171, 10.52369, 0.0 ], [ 35.2426, 10.52379, 0.0 ], [ 35.24251, 10.52446, 0.0 ], [ 35.24249, 10.52516, 0.0 ], [ 35.24218, 10.52575, 0.0 ], [ 35.24214, 10.52734, 0.0 ], [ 35.24387, 10.52448, 0.0 ], [ 35.24494, 10.52567, 0.0 ], [ 35.24571, 10.52715, 0.0 ], [ 35.24595, 10.52516, 0.0 ], [ 35.24449, 10.5233, 0.0 ], [ 35.24748, 10.52297, 0.0 ], [ 35.24878, 10.52258, 0.0 ], [ 35.24899, 10.52169, 0.0 ], [ 35.2478, 10.5217, 0.0 ], [ 35.24605, 10.5208, 0.0 ], [ 35.24472, 10.5221, 0.0 ], [ 35.24359, 10.51994, 0.0 ], [ 35.24323, 10.51866, 0.0 ], [ 35.24316, 10.51768, 0.0 ], [ 35.24134, 10.51877, 0.0 ], [ 35.24076, 10.51788, 0.0 ], [ 35.24076, 10.51767, 0.0 ], [ 35.24281, 10.51591, 0.0 ], [ 35.24214, 10.51363, 0.0 ], [ 35.24188, 10.51134, 0.0 ], [ 35.24098, 10.51115, 0.0 ], [ 35.23993, 10.51274, 0.0 ], [ 35.23969, 10.50945, 0.0 ], [ 35.239, 10.50873, 0.0 ], [ 35.23733, 10.50761, 0.0 ], [ 35.23604, 10.50652, 0.0 ], [ 35.23607, 10.5054, 0.0 ], [ 35.23476, 10.50376, 0.0 ], [ 35.23616, 10.50423, 0.0 ], [ 35.23757, 10.50509, 0.0 ], [ 35.23786, 10.50393, 0.0 ], [ 35.23966, 10.50314, 0.0 ], [ 35.24046, 10.50431, 0.0 ], [ 35.24155, 10.50539, 0.0 ], [ 35.24399, 10.50246, 0.0 ], [ 35.24268, 10.50182, 0.0 ], [ 35.2441, 10.5004, 0.0 ], [ 35.24409, 10.49934, 0.0 ], [ 35.2456, 10.4994, 0.0 ], [ 35.2453, 10.49793, 0.0 ], [ 35.24491, 10.49724, 0.0 ], [ 35.24482, 10.49674, 0.0 ], [ 35.24524, 10.49543, 0.0 ], [ 35.24682, 10.49554, 0.0 ], [ 35.24711, 10.49468, 0.0 ], [ 35.24848, 10.49519, 0.0 ], [ 35.2475, 10.49721, 0.0 ], [ 35.24877, 10.49685, 0.0 ], [ 35.24867, 10.49794, 0.0 ], [ 35.24768, 10.49872, 0.0 ], [ 35.24678, 10.49921, 0.0 ], [ 35.24707, 10.5004, 0.0 ], [ 35.24607, 10.50217, 0.0 ], [ 35.24776, 10.5015, 0.0 ], [ 35.24865, 10.50161, 0.0 ], [ 35.24944, 10.50181, 0.0 ], [ 35.25014, 10.50251, 0.0 ], [ 35.25083, 10.50391, 0.0 ], [ 35.25033, 10.50679, 0.0 ], [ 35.25173, 10.5046, 0.0 ], [ 35.25193, 10.50381, 0.0 ], [ 35.25292, 10.5038, 0.0 ], [ 35.25322, 10.5053, 0.0 ], [ 35.25382, 10.505, 0.0 ], [ 35.25482, 10.50389, 0.0 ], [ 35.25562, 10.50429, 0.0 ], [ 35.25701, 10.50428, 0.0 ], [ 35.25999, 10.50365, 0.0 ], [ 35.25671, 10.50327, 0.0 ], [ 35.25442, 10.50239, 0.0 ], [ 35.25323, 10.50219, 0.0 ], [ 35.25323, 10.5012, 0.0 ], [ 35.25233, 10.50061, 0.0 ], [ 35.25194, 10.49991, 0.0 ], [ 35.25363, 10.4999, 0.0 ], [ 35.25442, 10.49881, 0.0 ], [ 35.25501, 10.49831, 0.0 ], [ 35.25561, 10.4989, 0.0 ], [ 35.25591, 10.49968, 0.0 ], [ 35.2567, 10.4977, 0.0 ], [ 35.25561, 10.49741, 0.0 ], [ 35.25452, 10.49623, 0.0 ], [ 35.25561, 10.49572, 0.0 ], [ 35.25491, 10.49473, 0.0 ], [ 35.25373, 10.49455, 0.0 ], [ 35.25245, 10.49319, 0.0 ], [ 35.25275, 10.4919, 0.0 ], [ 35.25196, 10.49123, 0.0 ], [ 35.25108, 10.48898, 0.0 ], [ 35.25031, 10.48723, 0.0 ], [ 35.24981, 10.48822, 0.0 ], [ 35.24912, 10.48802, 0.0 ], [ 35.24796, 10.48676, 0.0 ], [ 35.24826, 10.48493, 0.0 ], [ 35.24915, 10.48568, 0.0 ], [ 35.25052, 10.48414, 0.0 ], [ 35.25159, 10.4828, 0.0 ], [ 35.25286, 10.48108, 0.0 ], [ 35.25354, 10.48184, 0.0 ], [ 35.25442, 10.48117, 0.0 ], [ 35.25529, 10.4804, 0.0 ], [ 35.25422, 10.48021, 0.0 ], [ 35.25257, 10.48031, 0.0 ], [ 35.2515, 10.48089, 0.0 ], [ 35.25102, 10.47993, 0.0 ], [ 35.25102, 10.47879, 0.0 ], [ 35.2517, 10.47889, 0.0 ], [ 35.25287, 10.4796, 0.0 ], [ 35.25395, 10.47951, 0.0 ], [ 35.2547, 10.4784, 0.0 ], [ 35.25605, 10.47672, 0.0 ], [ 35.25607, 10.47526, 0.0 ], [ 35.25694, 10.47431, 0.0 ], [ 35.25866, 10.47428, 0.0 ], [ 35.25934, 10.47341, 0.0 ], [ 35.26034, 10.47456, 0.0 ], [ 35.25966, 10.47542, 0.0 ], [ 35.26104, 10.47494, 0.0 ], [ 35.26242, 10.47378, 0.0 ], [ 35.26302, 10.47329, 0.0 ], [ 35.26296, 10.4726, 0.0 ], [ 35.26185, 10.47252, 0.0 ], [ 35.26197, 10.47117, 0.0 ], [ 35.2623, 10.46981, 0.0 ], [ 35.26262, 10.46865, 0.0 ], [ 35.26329, 10.46874, 0.0 ], [ 35.26456, 10.46894, 0.0 ], [ 35.26485, 10.46798, 0.0 ], [ 35.26534, 10.46846, 0.0 ], [ 35.26584, 10.46931, 0.0 ], [ 35.26701, 10.4695, 0.0 ], [ 35.26829, 10.46806, 0.0 ], [ 35.26869, 10.46758, 0.0 ], [ 35.2693, 10.46862, 0.0 ], [ 35.2695, 10.46785, 0.0 ], [ 35.27079, 10.46536, 0.0 ], [ 35.27187, 10.46393, 0.0 ], [ 35.27237, 10.46383, 0.0 ], [ 35.27353, 10.46326, 0.0 ], [ 35.27481, 10.46392, 0.0 ], [ 35.27597, 10.46277, 0.0 ], [ 35.27655, 10.46173, 0.0 ], [ 35.27713, 10.46097, 0.0 ], [ 35.2786, 10.46163, 0.0 ], [ 35.28043, 10.46287, 0.0 ], [ 35.28179, 10.46363, 0.0 ], [ 35.28305, 10.46535, 0.0 ], [ 35.28393, 10.4662, 0.0 ], [ 35.28364, 10.46429, 0.0 ], [ 35.28364, 10.46305, 0.0 ], [ 35.28335, 10.46153, 0.0 ], [ 35.28296, 10.46039, 0.0 ], [ 35.28228, 10.45859, 0.0 ], [ 35.28393, 10.45869, 0.0 ], [ 35.28373, 10.45831, 0.0 ], [ 35.28624, 10.45717, 0.0 ], [ 35.28779, 10.4583, 0.0 ], [ 35.28965, 10.46095, 0.0 ], [ 35.29092, 10.46266, 0.0 ], [ 35.2917, 10.46267, 0.0 ], [ 35.29258, 10.46466, 0.0 ], [ 35.29259, 10.46628, 0.0 ], [ 35.29406, 10.46515, 0.0 ], [ 35.29386, 10.466, 0.0 ], [ 35.29553, 10.46572, 0.0 ], [ 35.29671, 10.46725, 0.0 ], [ 35.29652, 10.46821, 0.0 ], [ 35.2975, 10.46745, 0.0 ], [ 35.29839, 10.46831, 0.0 ], [ 35.29829, 10.46917, 0.0 ], [ 35.29937, 10.46889, 0.0 ], [ 35.30055, 10.47003, 0.0 ], [ 35.30255, 10.47111, 0.0 ], [ 35.30412, 10.4714, 0.0 ], [ 35.30527, 10.47109, 0.0 ], [ 35.30388, 10.46975, 0.0 ], [ 35.30404, 10.46877, 0.0 ], [ 35.30244, 10.46995, 0.0 ], [ 35.30076, 10.46899, 0.0 ], [ 35.29876, 10.46696, 0.0 ], [ 35.29727, 10.46533, 0.0 ], [ 35.29551, 10.464, 0.0 ], [ 35.29673, 10.46189, 0.0 ], [ 35.29546, 10.46104, 0.0 ], [ 35.29338, 10.45726, 0.0 ], [ 35.29337, 10.45689, 0.0 ], [ 35.29328, 10.4566, 0.0 ], [ 35.29202, 10.45453, 0.0 ], [ 35.29323, 10.45296, 0.0 ], [ 35.29466, 10.45122, 0.0 ], [ 35.29578, 10.44897, 0.0 ], [ 35.29649, 10.44932, 0.0 ], [ 35.2971, 10.44912, 0.0 ], [ 35.29851, 10.4483, 0.0 ], [ 35.30082, 10.44526, 0.0 ], [ 35.30373, 10.4451, 0.0 ], [ 35.30263, 10.44473, 0.0 ], [ 35.30083, 10.44251, 0.0 ], [ 35.30083, 10.44131, 0.0 ], [ 35.30143, 10.4385, 0.0 ], [ 35.30262, 10.43562, 0.0 ], [ 35.30291, 10.43562, 0.0 ], [ 35.30331, 10.43581, 0.0 ], [ 35.30391, 10.4359, 0.0 ], [ 35.3058, 10.43632, 0.0 ], [ 35.3058, 10.43737, 0.0 ], [ 35.30849, 10.43808, 0.0 ], [ 35.30819, 10.4373, 0.0 ], [ 35.30678, 10.43313, 0.0 ], [ 35.30686, 10.43155, 0.0 ], [ 35.30764, 10.42957, 0.0 ], [ 35.3093, 10.42912, 0.0 ], [ 35.3096, 10.42798, 0.0 ], [ 35.31077, 10.42767, 0.0 ], [ 35.31175, 10.42593, 0.0 ], [ 35.31261, 10.42524, 0.0 ], [ 35.31251, 10.42446, 0.0 ], [ 35.31191, 10.42302, 0.0 ], [ 35.31209, 10.42118, 0.0 ], [ 35.31322, 10.41809, 0.0 ], [ 35.3133, 10.41666, 0.0 ], [ 35.31465, 10.41598, 0.0 ], [ 35.31677, 10.41503, 0.0 ], [ 35.31803, 10.41493, 0.0 ], [ 35.31946, 10.41473, 0.0 ], [ 35.3077, 10.41096, 0.0 ], [ 35.30746, 10.41188, 0.0 ], [ 35.30688, 10.41261, 0.0 ], [ 35.30517, 10.41336, 0.0 ], [ 35.30493, 10.41171, 0.0 ], [ 35.3037, 10.41209, 0.0 ], [ 35.30228, 10.41346, 0.0 ], [ 35.30097, 10.41292, 0.0 ], [ 35.30049, 10.4108, 0.0 ], [ 35.29855, 10.412, 0.0 ], [ 35.29798, 10.41459, 0.0 ], [ 35.29824, 10.41755, 0.0 ], [ 35.297, 10.42028, 0.0 ], [ 35.29711, 10.42365, 0.0 ], [ 35.29411, 10.4184, 0.0 ], [ 35.29265, 10.42027, 0.0 ], [ 35.29239, 10.42404, 0.0 ], [ 35.29148, 10.42669, 0.0 ], [ 35.29061, 10.42641, 0.0 ], [ 35.28913, 10.42584, 0.0 ], [ 35.28677, 10.42632, 0.0 ], [ 35.28608, 10.42216, 0.0 ], [ 35.28503, 10.42216, 0.0 ], [ 35.28361, 10.42263, 0.0 ], [ 35.28303, 10.41991, 0.0 ], [ 35.28273, 10.42225, 0.0 ], [ 35.28209, 10.42339, 0.0 ], [ 35.28132, 10.42377, 0.0 ], [ 35.28001, 10.42179, 0.0 ], [ 35.27866, 10.4217, 0.0 ], [ 35.27879, 10.4232, 0.0 ], [ 35.28066, 10.42443, 0.0 ], [ 35.28119, 10.42575, 0.0 ], [ 35.27995, 10.4269, 0.0 ], [ 35.2793, 10.42861, 0.0 ], [ 35.27988, 10.42861, 0.0 ], [ 35.28076, 10.42842, 0.0 ], [ 35.28179, 10.43014, 0.0 ], [ 35.28246, 10.43302, 0.0 ], [ 35.28243, 10.43554, 0.0 ], [ 35.28187, 10.43737, 0.0 ], [ 35.28491, 10.43708, 0.0 ], [ 35.2864, 10.43689, 0.0 ], [ 35.28566, 10.43816, 0.0 ], [ 35.28472, 10.43943, 0.0 ], [ 35.28325, 10.44011, 0.0 ], [ 35.28277, 10.44079, 0.0 ], [ 35.28279, 10.44158, 0.0 ], [ 35.2815, 10.44187, 0.0 ], [ 35.28044, 10.44237, 0.0 ], [ 35.28134, 10.44257, 0.0 ], [ 35.28358, 10.44254, 0.0 ], [ 35.28487, 10.44178, 0.0 ], [ 35.28578, 10.44247, 0.0 ], [ 35.28511, 10.44373, 0.0 ], [ 35.28307, 10.44386, 0.0 ], [ 35.28128, 10.44366, 0.0 ], [ 35.27922, 10.44386, 0.0 ], [ 35.27741, 10.44307, 0.0 ], [ 35.27627, 10.44148, 0.0 ], [ 35.27644, 10.44386, 0.0 ], [ 35.27392, 10.44237, 0.0 ], [ 35.27205, 10.44236, 0.0 ], [ 35.2705, 10.44404, 0.0 ], [ 35.27197, 10.44534, 0.0 ], [ 35.26967, 10.44647, 0.0 ], [ 35.26751, 10.44749, 0.0 ], [ 35.26606, 10.44721, 0.0 ], [ 35.2654, 10.44768, 0.0 ], [ 35.26544, 10.44908, 0.0 ], [ 35.26449, 10.44964, 0.0 ], [ 35.26278, 10.45162, 0.0 ], [ 35.26089, 10.45049, 0.0 ], [ 35.26021, 10.44928, 0.0 ], [ 35.25963, 10.45106, 0.0 ], [ 35.25893, 10.45181, 0.0 ], [ 35.25745, 10.45115, 0.0 ], [ 35.25821, 10.44918, 0.0 ], [ 35.25869, 10.44694, 0.0 ], [ 35.2598, 10.44647, 0.0 ], [ 35.26058, 10.44732, 0.0 ], [ 35.26051, 10.44545, 0.0 ], [ 35.26062, 10.44331, 0.0 ], [ 35.26081, 10.44138, 0.0 ], [ 35.26168, 10.43873, 0.0 ], [ 35.2587, 10.43936, 0.0 ], [ 35.25662, 10.44147, 0.0 ], [ 35.25427, 10.44212, 0.0 ], [ 35.25226, 10.44001, 0.0 ], [ 35.25111, 10.43717, 0.0 ], [ 35.24962, 10.43808, 0.0 ], [ 35.24799, 10.43781, 0.0 ], [ 35.24706, 10.44083, 0.0 ], [ 35.24492, 10.44315, 0.0 ], [ 35.24508, 10.44789, 0.0 ], [ 35.24444, 10.44892, 0.0 ], [ 35.24328, 10.44864, 0.0 ], [ 35.24325, 10.44789, 0.0 ], [ 35.24252, 10.4465, 0.0 ], [ 35.2419, 10.4452, 0.0 ], [ 35.23999, 10.4451, 0.0 ], [ 35.24089, 10.4465, 0.0 ], [ 35.24057, 10.44827, 0.0 ], [ 35.24206, 10.44967, 0.0 ], [ 35.24094, 10.45117, 0.0 ], [ 35.24118, 10.45259, 0.0 ], [ 35.2403, 10.4523, 0.0 ], [ 35.24008, 10.45477, 0.0 ], [ 35.23842, 10.45477, 0.0 ], [ 35.23749, 10.4524, 0.0 ], [ 35.2367, 10.45155, 0.0 ], [ 35.23631, 10.45156, 0.0 ], [ 35.23507, 10.45203, 0.0 ], [ 35.23451, 10.44865, 0.0 ], [ 35.23389, 10.45165, 0.0 ], [ 35.23537, 10.45278, 0.0 ], [ 35.23533, 10.45534, 0.0 ], [ 35.2343, 10.45753, 0.0 ], [ 35.2349, 10.4582, 0.0 ], [ 35.23615, 10.45753, 0.0 ], [ 35.23754, 10.45829, 0.0 ], [ 35.23797, 10.45973, 0.0 ], [ 35.23975, 10.46059, 0.0 ], [ 35.24222, 10.46203, 0.0 ], [ 35.24147, 10.4631, 0.0 ], [ 35.23982, 10.46339, 0.0 ], [ 35.23781, 10.46117, 0.0 ], [ 35.23652, 10.46069, 0.0 ], [ 35.23505, 10.46078, 0.0 ], [ 35.23578, 10.46329, 0.0 ], [ 35.23444, 10.46531, 0.0 ], [ 35.23547, 10.46726, 0.0 ], [ 35.23706, 10.46727, 0.0 ], [ 35.2384, 10.46914, 0.0 ], [ 35.23761, 10.46942, 0.0 ], [ 35.23597, 10.46943, 0.0 ], [ 35.23513, 10.47083, 0.0 ], [ 35.23635, 10.47358, 0.0 ], [ 35.23659, 10.4769, 0.0 ], [ 35.23248, 10.4743, 0.0 ], [ 35.23462, 10.47941, 0.0 ], [ 35.23079, 10.47667, 0.0 ], [ 35.23069, 10.48057, 0.0 ], [ 35.23239, 10.48459, 0.0 ], [ 35.23285, 10.48753, 0.0 ], [ 35.23558, 10.48834, 0.0 ], [ 35.23799, 10.49085, 0.0 ], [ 35.2353, 10.49172, 0.0 ], [ 35.23586, 10.49466, 0.0 ], [ 35.23316, 10.49551, 0.0 ], [ 35.23076, 10.48864, 0.0 ], [ 35.23007, 10.49241, 0.0 ], [ 35.22729, 10.49243, 0.0 ], [ 35.22568, 10.49426, 0.0 ], [ 35.2275, 10.49524, 0.0 ], [ 35.22728, 10.49735, 0.0 ], [ 35.22552, 10.49778, 0.0 ], [ 35.22324, 10.49947, 0.0 ], [ 35.22577, 10.50216, 0.0 ], [ 35.22421, 10.504, 0.0 ], [ 35.21945, 10.50103, 0.0 ], [ 35.21816, 10.50429, 0.0 ], [ 35.21721, 10.50671, 0.0 ], [ 35.21444, 10.51011, 0.0 ], [ 35.21198, 10.51084, 0.0 ], [ 35.21243, 10.51451, 0.0 ], [ 35.20891, 10.51192, 0.0 ], [ 35.20488, 10.50945, 0.0 ], [ 35.20492, 10.51151, 0.0 ], [ 35.20608, 10.51644, 0.0 ], [ 35.20612, 10.51908, 0.0 ], [ 35.20579, 10.52106, 0.0 ], [ 35.2041, 10.52366, 0.0 ], [ 35.20245, 10.52299, 0.0 ], [ 35.20175, 10.52397, 0.0 ], [ 35.20005, 10.52536, 0.0 ], [ 35.19852, 10.52535, 0.0 ], [ 35.19902, 10.52341, 0.0 ], [ 35.19935, 10.51969, 0.0 ], [ 35.19932, 10.51635, 0.0 ], [ 35.19673, 10.51427, 0.0 ], [ 35.19553, 10.51715, 0.0 ], [ 35.19339, 10.5187, 0.0 ], [ 35.19412, 10.5205, 0.0 ], [ 35.19325, 10.52247, 0.0 ], [ 35.19261, 10.52383, 0.0 ], [ 35.19453, 10.52675, 0.0 ], [ 35.19565, 10.52942, 0.0 ], [ 35.19916, 10.52785, 0.0 ], [ 35.2008, 10.52966, 0.0 ], [ 35.19976, 10.53051, 0.0 ], [ 35.19789, 10.53136, 0.0 ], [ 35.19541, 10.53138, 0.0 ], [ 35.19619, 10.53319, 0.0 ], [ 35.19695, 10.53402, 0.0 ], [ 35.19606, 10.53502, 0.0 ], [ 35.19419, 10.53657, 0.0 ], [ 35.19439, 10.53825, 0.0 ], [ 35.19442, 10.54079, 0.0 ], [ 35.19406, 10.54319, 0.0 ], [ 35.19156, 10.54122, 0.0 ], [ 35.19193, 10.53798, 0.0 ], [ 35.19161, 10.53685, 0.0 ], [ 35.18948, 10.53374, 0.0 ], [ 35.19032, 10.53261, 0.0 ], [ 35.19001, 10.53077, 0.0 ], [ 35.18768, 10.52866, 0.0 ], [ 35.18587, 10.52641, 0.0 ], [ 35.18733, 10.53007, 0.0 ], [ 35.18722, 10.53317, 0.0 ], [ 35.18676, 10.53544, 0.0 ], [ 35.187, 10.53671, 0.0 ], [ 35.18605, 10.53813, 0.0 ], [ 35.18354, 10.53714, 0.0 ], [ 35.18518, 10.53586, 0.0 ], [ 35.18375, 10.53516, 0.0 ], [ 35.18425, 10.53416, 0.0 ], [ 35.18096, 10.53205, 0.0 ], [ 35.17937, 10.52867, 0.0 ], [ 35.18158, 10.52853, 0.0 ], [ 35.18216, 10.52642, 0.0 ], [ 35.18368, 10.52628, 0.0 ], [ 35.18039, 10.52459, 0.0 ], [ 35.18005, 10.52319, 0.0 ], [ 35.18104, 10.52305, 0.0 ], [ 35.18247, 10.52347, 0.0 ], [ 35.17964, 10.52012, 0.0 ], [ 35.17957, 10.52179, 0.0 ], [ 35.17833, 10.52249, 0.0 ], [ 35.17709, 10.51983, 0.0 ], [ 35.17487, 10.52095, 0.0 ], [ 35.17473, 10.51859, 0.0 ], [ 35.17411, 10.51607, 0.0 ], [ 35.17462, 10.5144, 0.0 ], [ 35.17475, 10.51272, 0.0 ], [ 35.17673, 10.51301, 0.0 ], [ 35.17941, 10.5119, 0.0 ], [ 35.1768, 10.50981, 0.0 ], [ 35.1759, 10.50787, 0.0 ], [ 35.17345, 10.50417, 0.0 ], [ 35.17472, 10.50676, 0.0 ], [ 35.17347, 10.50745, 0.0 ], [ 35.17237, 10.50884, 0.0 ], [ 35.17358, 10.51119, 0.0 ], [ 35.17171, 10.51134, 0.0 ], [ 35.17036, 10.50969, 0.0 ], [ 35.16737, 10.50955, 0.0 ], [ 35.16886, 10.51106, 0.0 ], [ 35.16582, 10.5101, 0.0 ], [ 35.16136, 10.5104, 0.0 ], [ 35.16211, 10.51193, 0.0 ], [ 35.16509, 10.51151, 0.0 ], [ 35.16788, 10.51288, 0.0 ], [ 35.17127, 10.51523, 0.0 ], [ 35.16985, 10.51705, 0.0 ], [ 35.17355, 10.52053, 0.0 ], [ 35.17212, 10.52067, 0.0 ], [ 35.1693, 10.51747, 0.0 ], [ 35.16682, 10.51622, 0.0 ], [ 35.16259, 10.51499, 0.0 ], [ 35.16409, 10.51693, 0.0 ], [ 35.16566, 10.52012, 0.0 ], [ 35.16661, 10.52446, 0.0 ], [ 35.16522, 10.52671, 0.0 ], [ 35.16547, 10.53037, 0.0 ], [ 35.16263, 10.53235, 0.0 ], [ 35.16098, 10.53066, 0.0 ], [ 35.16094, 10.52925, 0.0 ], [ 35.15974, 10.52813, 0.0 ], [ 35.15957, 10.5315, 0.0 ], [ 35.15832, 10.53292, 0.0 ], [ 35.15685, 10.53235, 0.0 ], [ 35.15631, 10.53306, 0.0 ], [ 35.15367, 10.53151, 0.0 ], [ 35.1527, 10.5332, 0.0 ], [ 35.1564, 10.53759, 0.0 ], [ 35.1563, 10.53986, 0.0 ], [ 35.15397, 10.53957, 0.0 ], [ 35.15297, 10.54042, 0.0 ], [ 35.15109, 10.54057, 0.0 ], [ 35.15348, 10.54313, 0.0 ], [ 35.15131, 10.54526, 0.0 ], [ 35.15382, 10.54655, 0.0 ], [ 35.15326, 10.54755, 0.0 ], [ 35.15574, 10.54784, 0.0 ], [ 35.15563, 10.54927, 0.0 ], [ 35.15315, 10.54912, 0.0 ], [ 35.15191, 10.55185, 0.0 ], [ 35.15128, 10.55674, 0.0 ], [ 35.14994, 10.55515, 0.0 ], [ 35.14687, 10.55415, 0.0 ], [ 35.14879, 10.54955, 0.0 ], [ 35.14777, 10.54898, 0.0 ], [ 35.14736, 10.55012, 0.0 ], [ 35.14501, 10.5477, 0.0 ], [ 35.14627, 10.54583, 0.0 ], [ 35.14526, 10.5457, 0.0 ], [ 35.14339, 10.5457, 0.0 ], [ 35.14195, 10.5457, 0.0 ], [ 35.14093, 10.54542, 0.0 ], [ 35.13989, 10.54314, 0.0 ], [ 35.14143, 10.54072, 0.0 ], [ 35.14056, 10.54057, 0.0 ], [ 35.13698, 10.54214, 0.0 ], [ 35.1348, 10.54157, 0.0 ], [ 35.13395, 10.54229, 0.0 ], [ 35.1344, 10.54371, 0.0 ], [ 35.13399, 10.54528, 0.0 ], [ 35.13297, 10.54528, 0.0 ], [ 35.13154, 10.54656, 0.0 ], [ 35.13054, 10.54756, 0.0 ], [ 35.12798, 10.54974, 0.0 ], [ 35.12893, 10.54614, 0.0 ], [ 35.13002, 10.54429, 0.0 ], [ 35.13031, 10.54414, 0.0 ], [ 35.13149, 10.54414, 0.0 ], [ 35.1313, 10.54152, 0.0 ], [ 35.13364, 10.54072, 0.0 ], [ 35.13139, 10.53975, 0.0 ], [ 35.12994, 10.53549, 0.0 ], [ 35.12757, 10.53418, 0.0 ], [ 35.12805, 10.53066, 0.0 ], [ 35.12761, 10.53052, 0.0 ], [ 35.1244, 10.52981, 0.0 ], [ 35.12306, 10.52793, 0.0 ], [ 35.11953, 10.52749, 0.0 ], [ 35.1149, 10.52852, 0.0 ], [ 35.11313, 10.52765, 0.0 ], [ 35.11553, 10.52459, 0.0 ], [ 35.11463, 10.52285, 0.0 ], [ 35.11586, 10.52009, 0.0 ], [ 35.11609, 10.51734, 0.0 ], [ 35.11526, 10.51908, 0.0 ], [ 35.11275, 10.5165, 0.0 ], [ 35.11102, 10.51707, 0.0 ], [ 35.11353, 10.51937, 0.0 ], [ 35.11214, 10.52256, 0.0 ], [ 35.11278, 10.52503, 0.0 ], [ 35.11028, 10.5243, 0.0 ], [ 35.10988, 10.52618, 0.0 ], [ 35.10921, 10.52967, 0.0 ], [ 35.11039, 10.53055, 0.0 ], [ 35.11186, 10.5307, 0.0 ], [ 35.11175, 10.53288, 0.0 ], [ 35.11209, 10.53579, 0.0 ], [ 35.11275, 10.53902, 0.0 ], [ 35.11055, 10.53932, 0.0 ], [ 35.10685, 10.53756, 0.0 ], [ 35.10541, 10.53873, 0.0 ], [ 35.10307, 10.53874, 0.0 ], [ 35.10053, 10.53609, 0.0 ], [ 35.10094, 10.53405, 0.0 ], [ 35.09987, 10.53055, 0.0 ], [ 35.10071, 10.52822, 0.0 ], [ 35.10012, 10.52764, 0.0 ], [ 35.09869, 10.52924, 0.0 ], [ 35.09764, 10.52764, 0.0 ], [ 35.09461, 10.52954, 0.0 ], [ 35.09197, 10.52896, 0.0 ], [ 35.09006, 10.52722, 0.0 ], [ 35.09294, 10.5246, 0.0 ], [ 35.09438, 10.52372, 0.0 ], [ 35.09204, 10.52286, 0.0 ], [ 35.09159, 10.52141, 0.0 ], [ 35.09059, 10.52271, 0.0 ], [ 35.08681, 10.52345, 0.0 ], [ 35.08837, 10.51881, 0.0 ], [ 35.08805, 10.51622, 0.0 ], [ 35.08542, 10.51378, 0.0 ], [ 35.08558, 10.51536, 0.0 ], [ 35.08604, 10.51795, 0.0 ], [ 35.08489, 10.51954, 0.0 ], [ 35.08402, 10.52026, 0.0 ], [ 35.08097, 10.52156, 0.0 ], [ 35.08026, 10.52373, 0.0 ], [ 35.07529, 10.52056, 0.0 ], [ 35.07659, 10.51868, 0.0 ], [ 35.07789, 10.51623, 0.0 ], [ 35.07803, 10.5145, 0.0 ], [ 35.07715, 10.51364, 0.0 ], [ 35.07585, 10.51565, 0.0 ], [ 35.07353, 10.51565, 0.0 ], [ 35.07178, 10.51149, 0.0 ], [ 35.06989, 10.50848, 0.0 ], [ 35.06946, 10.51048, 0.0 ], [ 35.06946, 10.5112, 0.0 ], [ 35.06714, 10.51393, 0.0 ], [ 35.06526, 10.51378, 0.0 ], [ 35.06468, 10.51407, 0.0 ], [ 35.06308, 10.51523, 0.0 ], [ 35.06192, 10.51408, 0.0 ], [ 35.06018, 10.51221, 0.0 ], [ 35.06251, 10.50906, 0.0 ], [ 35.05715, 10.50678, 0.0 ], [ 35.06295, 10.5015, 0.0 ], [ 35.05703, 10.4998, 0.0 ], [ 35.05531, 10.49838, 0.0 ], [ 35.05299, 10.50009, 0.0 ], [ 35.053, 10.49724, 0.0 ], [ 35.053, 10.49696, 0.0 ], [ 35.05088, 10.49102, 0.0 ], [ 35.04876, 10.48792, 0.0 ], [ 35.04773, 10.48883, 0.0 ], [ 35.04661, 10.4923, 0.0 ], [ 35.04591, 10.49533, 0.0 ], [ 35.0396, 10.4877, 0.0 ], [ 35.03958, 10.48411, 0.0 ], [ 35.04346, 10.48109, 0.0 ], [ 35.0446, 10.4798, 0.0 ], [ 35.03995, 10.47582, 0.0 ], [ 35.04355, 10.47525, 0.0 ], [ 35.04239, 10.47425, 0.0 ], [ 35.04222, 10.47099, 0.0 ], [ 35.03906, 10.47227, 0.0 ], [ 35.03812, 10.45868, 0.0 ], [ 35.03838, 10.45285, 0.0 ], [ 35.03861, 10.44428, 0.0 ], [ 35.04033, 10.44023, 0.0 ], [ 35.03885, 10.43592, 0.0 ], [ 35.0381, 10.43262, 0.0 ], [ 35.03809, 10.43119, 0.0 ], [ 35.03823, 10.42947, 0.0 ], [ 35.03865, 10.42747, 0.0 ], [ 35.03908, 10.42619, 0.0 ], [ 35.03964, 10.42476, 0.0 ], [ 35.04078, 10.42263, 0.0 ], [ 35.0422, 10.42035, 0.0 ], [ 35.04305, 10.41879, 0.0 ], [ 35.04334, 10.41851, 0.0 ], [ 35.04288, 10.41568, 0.0 ], [ 35.0433, 10.41441, 0.0 ], [ 35.04514, 10.41158, 0.0 ], [ 35.04511, 10.40666, 0.0 ], [ 35.04336, 10.40442, 0.0 ], [ 35.0415, 10.40498, 0.0 ], [ 35.0444, 10.40821, 0.0 ], [ 35.042, 10.41271, 0.0 ], [ 35.04075, 10.41894, 0.0 ], [ 35.03731, 10.42206, 0.0 ], [ 35.03609, 10.42543, 0.0 ], [ 35.03609, 10.42598, 0.0 ], [ 35.0361, 10.42777, 0.0 ], [ 35.03399, 10.43149, 0.0 ], [ 35.03257, 10.43329, 0.0 ], [ 35.03457, 10.43425, 0.0 ], [ 35.03472, 10.43522, 0.0 ], [ 35.03459, 10.43897, 0.0 ], [ 35.03361, 10.44244, 0.0 ], [ 35.02933, 10.44468, 0.0 ], [ 35.03134, 10.44607, 0.0 ], [ 35.03279, 10.45026, 0.0 ], [ 35.03352, 10.45419, 0.0 ], [ 35.03266, 10.45434, 0.0 ], [ 35.02994, 10.45532, 0.0 ], [ 35.03412, 10.45997, 0.0 ], [ 35.03458, 10.46464, 0.0 ], [ 35.03417, 10.46862, 0.0 ], [ 35.03316, 10.47004, 0.0 ], [ 35.03114, 10.4716, 0.0 ], [ 35.03043, 10.47517, 0.0 ], [ 35.03234, 10.48105, 0.0 ], [ 35.02972, 10.4799, 0.0 ], [ 35.02712, 10.48306, 0.0 ], [ 35.02712, 10.48478, 0.0 ], [ 35.03149, 10.48767, 0.0 ], [ 35.02874, 10.48999, 0.0 ], [ 35.02835, 10.49104, 0.0 ], [ 35.02478, 10.48962, 0.0 ], [ 35.02203, 10.48982, 0.0 ], [ 35.02337, 10.49172, 0.0 ], [ 35.0234, 10.49335, 0.0 ], [ 35.02449, 10.49212, 0.0 ], [ 35.02536, 10.49165, 0.0 ], [ 35.02578, 10.49178, 0.0 ], [ 35.02583, 10.49274, 0.0 ], [ 35.0268, 10.4937, 0.0 ], [ 35.0272, 10.49466, 0.0 ], [ 35.02848, 10.49486, 0.0 ], [ 35.02922, 10.49356, 0.0 ], [ 35.03001, 10.49274, 0.0 ], [ 35.03041, 10.49459, 0.0 ], [ 35.03046, 10.49597, 0.0 ], [ 35.03109, 10.49694, 0.0 ], [ 35.0321, 10.49597, 0.0 ], [ 35.03311, 10.49507, 0.0 ], [ 35.03403, 10.49555, 0.0 ], [ 35.03201, 10.49802, 0.0 ], [ 35.03336, 10.49795, 0.0 ], [ 35.03485, 10.49843, 0.0 ], [ 35.03598, 10.4985, 0.0 ], [ 35.03704, 10.4998, 0.0 ], [ 35.03682, 10.50117, 0.0 ], [ 35.03561, 10.50055, 0.0 ], [ 35.03354, 10.50076, 0.0 ], [ 35.03226, 10.50083, 0.0 ], [ 35.03111, 10.50097, 0.0 ], [ 35.02988, 10.50179, 0.0 ], [ 35.03251, 10.50318, 0.0 ], [ 35.03472, 10.50472, 0.0 ], [ 35.03528, 10.50675, 0.0 ], [ 35.03672, 10.50774, 0.0 ], [ 35.0386, 10.50697, 0.0 ], [ 35.04063, 10.50796, 0.0 ], [ 35.04186, 10.50753, 0.0 ], [ 35.0425, 10.50654, 0.0 ], [ 35.04279, 10.50584, 0.0 ], [ 35.04337, 10.5064, 0.0 ], [ 35.04431, 10.50704, 0.0 ], [ 35.0449, 10.50803, 0.0 ], [ 35.04533, 10.50767, 0.0 ], [ 35.04604, 10.50669, 0.0 ], [ 35.04691, 10.5069, 0.0 ], [ 35.04737, 10.50846, 0.0 ], [ 35.04608, 10.50959, 0.0 ], [ 35.045, 10.51038, 0.0 ], [ 35.04649, 10.51232, 0.0 ], [ 35.04392, 10.51138, 0.0 ], [ 35.04129, 10.51145, 0.0 ], [ 35.04042, 10.51311, 0.0 ], [ 35.0405, 10.51449, 0.0 ], [ 35.04043, 10.51493, 0.0 ], [ 35.0405, 10.5158, 0.0 ], [ 35.04249, 10.51669, 0.0 ], [ 35.04636, 10.51927, 0.0 ], [ 35.04192, 10.51955, 0.0 ], [ 35.04282, 10.52157, 0.0 ], [ 35.03985, 10.52389, 0.0 ], [ 35.04463, 10.5239, 0.0 ], [ 35.0476, 10.52732, 0.0 ], [ 35.04598, 10.53, 0.0 ], [ 35.04524, 10.53179, 0.0 ], [ 35.04336, 10.53296, 0.0 ], [ 35.04913, 10.53258, 0.0 ], [ 35.05288, 10.53299, 0.0 ], [ 35.05434, 10.53412, 0.0 ], [ 35.05324, 10.53543, 0.0 ], [ 35.04831, 10.53932, 0.0 ], [ 35.04801, 10.54327, 0.0 ], [ 35.04242, 10.54896, 0.0 ], [ 35.03822, 10.54969, 0.0 ], [ 35.03265, 10.54946, 0.0 ], [ 35.03248, 10.55041, 0.0 ], [ 35.03776, 10.55064, 0.0 ], [ 35.04188, 10.55071, 0.0 ], [ 35.04704, 10.54983, 0.0 ], [ 35.04991, 10.54881, 0.0 ], [ 35.05095, 10.55093, 0.0 ], [ 35.05264, 10.55094, 0.0 ], [ 35.05418, 10.55028, 0.0 ], [ 35.05638, 10.5494, 0.0 ], [ 35.05228, 10.5527, 0.0 ], [ 35.05451, 10.55382, 0.0 ], [ 35.05478, 10.55575, 0.0 ], [ 35.05621, 10.555, 0.0 ], [ 35.05786, 10.55698, 0.0 ], [ 35.05989, 10.55787, 0.0 ], [ 35.0613, 10.55841, 0.0 ], [ 35.06085, 10.55931, 0.0 ], [ 35.05824, 10.55855, 0.0 ], [ 35.05661, 10.55807, 0.0 ], [ 35.05543, 10.56111, 0.0 ], [ 35.05403, 10.56229, 0.0 ], [ 35.05603, 10.56454, 0.0 ], [ 35.05708, 10.56581, 0.0 ], [ 35.05609, 10.5673, 0.0 ], [ 35.05368, 10.56794, 0.0 ], [ 35.05653, 10.56924, 0.0 ], [ 35.0562, 10.57053, 0.0 ], [ 35.05519, 10.5722, 0.0 ], [ 35.05401, 10.57241, 0.0 ], [ 35.05233, 10.57227, 0.0 ], [ 35.05235, 10.57358, 0.0 ], [ 35.05275, 10.57475, 0.0 ], [ 35.05437, 10.57453, 0.0 ], [ 35.05546, 10.57497, 0.0 ], [ 35.05474, 10.57667, 0.0 ], [ 35.05271, 10.57763, 0.0 ], [ 35.05116, 10.57919, 0.0 ], [ 35.05203, 10.58145, 0.0 ], [ 35.05021, 10.58386, 0.0 ], [ 35.05184, 10.58454, 0.0 ], [ 35.0524, 10.58715, 0.0 ], [ 35.0546, 10.58723, 0.0 ], [ 35.05518, 10.58562, 0.0 ], [ 35.05515, 10.58432, 0.0 ], [ 35.05519, 10.58295, 0.0 ], [ 35.056, 10.58099, 0.0 ], [ 35.05701, 10.57972, 0.0 ], [ 35.05751, 10.58069, 0.0 ], [ 35.05841, 10.58032, 0.0 ], [ 35.05846, 10.58092, 0.0 ], [ 35.05873, 10.58228, 0.0 ], [ 35.0594, 10.58236, 0.0 ], [ 35.05879, 10.58296, 0.0 ], [ 35.05986, 10.58486, 0.0 ], [ 35.05997, 10.58654, 0.0 ], [ 35.06123, 10.5841, 0.0 ], [ 35.06325, 10.5847, 0.0 ], [ 35.06192, 10.58349, 0.0 ], [ 35.06112, 10.58235, 0.0 ], [ 35.061, 10.58115, 0.0 ], [ 35.06184, 10.58024, 0.0 ], [ 35.06209, 10.57882, 0.0 ], [ 35.06329, 10.5786, 0.0 ], [ 35.06308, 10.57756, 0.0 ], [ 35.06348, 10.57608, 0.0 ], [ 35.06606, 10.57703, 0.0 ], [ 35.0666, 10.57512, 0.0 ], [ 35.06639, 10.57395, 0.0 ], [ 35.06743, 10.57271, 0.0 ], [ 35.06779, 10.57417, 0.0 ], [ 35.06875, 10.57293, 0.0 ], [ 35.06933, 10.57373, 0.0 ], [ 35.07052, 10.57264, 0.0 ], [ 35.07008, 10.57206, 0.0 ], [ 35.07008, 10.57155, 0.0 ], [ 35.07096, 10.57177, 0.0 ], [ 35.07118, 10.57285, 0.0 ], [ 35.07169, 10.573, 0.0 ], [ 35.07257, 10.573, 0.0 ], [ 35.07404, 10.573, 0.0 ], [ 35.07565, 10.57206, 0.0 ], [ 35.07551, 10.57329, 0.0 ], [ 35.07545, 10.57468, 0.0 ], [ 35.07449, 10.57527, 0.0 ], [ 35.07338, 10.57616, 0.0 ], [ 35.07131, 10.57697, 0.0 ], [ 35.0699, 10.57733, 0.0 ], [ 35.07146, 10.57838, 0.0 ], [ 35.07064, 10.57845, 0.0 ], [ 35.07041, 10.57927, 0.0 ], [ 35.07153, 10.57942, 0.0 ], [ 35.0722, 10.58017, 0.0 ], [ 35.07227, 10.581, 0.0 ], [ 35.0713, 10.58099, 0.0 ], [ 35.07182, 10.5816, 0.0 ], [ 35.071, 10.58174, 0.0 ], [ 35.07055, 10.58272, 0.0 ], [ 35.07107, 10.58272, 0.0 ], [ 35.07189, 10.5822, 0.0 ], [ 35.07242, 10.58243, 0.0 ], [ 35.07242, 10.58303, 0.0 ], [ 35.07347, 10.58273, 0.0 ], [ 35.07354, 10.58213, 0.0 ], [ 35.07391, 10.5825, 0.0 ], [ 35.07444, 10.58273, 0.0 ], [ 35.07503, 10.58138, 0.0 ], [ 35.07653, 10.58198, 0.0 ], [ 35.07781, 10.58281, 0.0 ], [ 35.07721, 10.58319, 0.0 ], [ 35.07565, 10.58425, 0.0 ], [ 35.07467, 10.58563, 0.0 ], [ 35.07407, 10.58648, 0.0 ], [ 35.07287, 10.58577, 0.0 ], [ 35.07106, 10.58669, 0.0 ], [ 35.07204, 10.58754, 0.0 ], [ 35.07166, 10.58793, 0.0 ], [ 35.07279, 10.58902, 0.0 ], [ 35.07302, 10.58972, 0.0 ], [ 35.07226, 10.59011, 0.0 ], [ 35.07074, 10.59065, 0.0 ], [ 35.07173, 10.59058, 0.0 ], [ 35.07317, 10.59137, 0.0 ], [ 35.07266, 10.59203, 0.0 ], [ 35.07214, 10.59264, 0.0 ], [ 35.07061, 10.59388, 0.0 ], [ 35.07288, 10.59402, 0.0 ], [ 35.07271, 10.59513, 0.0 ], [ 35.07359, 10.59687, 0.0 ], [ 35.07364, 10.59785, 0.0 ], [ 35.07485, 10.59562, 0.0 ], [ 35.0745, 10.59527, 0.0 ], [ 35.07451, 10.59471, 0.0 ], [ 35.07524, 10.59402, 0.0 ], [ 35.07559, 10.59458, 0.0 ], [ 35.07644, 10.59485, 0.0 ], [ 35.07674, 10.59416, 0.0 ], [ 35.07761, 10.59375, 0.0 ], [ 35.07889, 10.59382, 0.0 ], [ 35.07829, 10.59534, 0.0 ], [ 35.07863, 10.59638, 0.0 ], [ 35.07811, 10.59743, 0.0 ], [ 35.07617, 10.59757, 0.0 ], [ 35.07823, 10.59848, 0.0 ], [ 35.07714, 10.59897, 0.0 ], [ 35.07944, 10.59947, 0.0 ], [ 35.07892, 10.60017, 0.0 ], [ 35.0781, 10.60138, 0.0 ], [ 35.07835, 10.60337, 0.0 ], [ 35.0788, 10.60245, 0.0 ], [ 35.08071, 10.60124, 0.0 ], [ 35.08238, 10.60159, 0.0 ], [ 35.08367, 10.60252, 0.0 ], [ 35.08439, 10.60374, 0.0 ], [ 35.0846, 10.60525, 0.0 ], [ 35.08401, 10.60597, 0.0 ], [ 35.08599, 10.60568, 0.0 ], [ 35.08592, 10.60338, 0.0 ], [ 35.08564, 10.60195, 0.0 ], [ 35.08501, 10.59897, 0.0 ], [ 35.08371, 10.5989, 0.0 ], [ 35.08312, 10.59926, 0.0 ], [ 35.08292, 10.59778, 0.0 ], [ 35.08387, 10.59715, 0.0 ], [ 35.08509, 10.59757, 0.0 ], [ 35.08703, 10.59785, 0.0 ], [ 35.0866, 10.59736, 0.0 ], [ 35.08545, 10.59666, 0.0 ], [ 35.08532, 10.59541, 0.0 ], [ 35.08599, 10.59521, 0.0 ], [ 35.08736, 10.59469, 0.0 ], [ 35.08755, 10.59351, 0.0 ], [ 35.08639, 10.59301, 0.0 ], [ 35.0863, 10.59198, 0.0 ], [ 35.08655, 10.59111, 0.0 ], [ 35.0875, 10.59155, 0.0 ], [ 35.08783, 10.59046, 0.0 ], [ 35.08713, 10.58953, 0.0 ], [ 35.08675, 10.58823, 0.0 ], [ 35.08836, 10.58816, 0.0 ], [ 35.08938, 10.58774, 0.0 ], [ 35.09031, 10.58817, 0.0 ], [ 35.08966, 10.59025, 0.0 ], [ 35.08967, 10.59403, 0.0 ], [ 35.09053, 10.59639, 0.0 ], [ 35.09155, 10.59476, 0.0 ], [ 35.09236, 10.59491, 0.0 ], [ 35.09287, 10.59264, 0.0 ], [ 35.09413, 10.59242, 0.0 ], [ 35.09434, 10.5901, 0.0 ], [ 35.09489, 10.58895, 0.0 ], [ 35.09593, 10.58866, 0.0 ], [ 35.09516, 10.58723, 0.0 ], [ 35.09503, 10.58617, 0.0 ], [ 35.09568, 10.58411, 0.0 ], [ 35.09763, 10.58418, 0.0 ], [ 35.09759, 10.58595, 0.0 ], [ 35.09711, 10.58759, 0.0 ], [ 35.09751, 10.5885, 0.0 ], [ 35.09776, 10.59007, 0.0 ], [ 35.09858, 10.59164, 0.0 ], [ 35.09791, 10.59316, 0.0 ], [ 35.0992, 10.59601, 0.0 ], [ 35.09922, 10.59811, 0.0 ], [ 35.09648, 10.59797, 0.0 ], [ 35.09566, 10.59678, 0.0 ], [ 35.0954, 10.59818, 0.0 ], [ 35.0961, 10.5991, 0.0 ], [ 35.097, 10.60045, 0.0 ], [ 35.0958, 10.6046, 0.0 ], [ 35.09866, 10.60403, 0.0 ], [ 35.09937, 10.60511, 0.0 ], [ 35.09884, 10.60591, 0.0 ], [ 35.09837, 10.60722, 0.0 ], [ 35.09911, 10.60729, 0.0 ], [ 35.10023, 10.60613, 0.0 ], [ 35.10099, 10.60468, 0.0 ], [ 35.10115, 10.60388, 0.0 ], [ 35.10241, 10.60252, 0.0 ], [ 35.10358, 10.60245, 0.0 ], [ 35.10383, 10.60555, 0.0 ], [ 35.10463, 10.6062, 0.0 ], [ 35.10603, 10.60526, 0.0 ], [ 35.10698, 10.60642, 0.0 ], [ 35.10882, 10.6036, 0.0 ], [ 35.10999, 10.60468, 0.0 ], [ 35.11021, 10.60599, 0.0 ], [ 35.10711, 10.61009, 0.0 ], [ 35.10821, 10.61075, 0.0 ], [ 35.1094, 10.60979, 0.0 ], [ 35.11073, 10.61076, 0.0 ], [ 35.11044, 10.61299, 0.0 ], [ 35.11066, 10.61411, 0.0 ], [ 35.1123, 10.61299, 0.0 ], [ 35.11305, 10.6147, 0.0 ], [ 35.11644, 10.61128, 0.0 ], [ 35.11678, 10.60914, 0.0 ], [ 35.11934, 10.60759, 0.0 ], [ 35.12048, 10.60592, 0.0 ], [ 35.12031, 10.60469, 0.0 ], [ 35.12194, 10.60217, 0.0 ], [ 35.12188, 10.60296, 0.0 ], [ 35.12141, 10.60789, 0.0 ], [ 35.12025, 10.60877, 0.0 ], [ 35.11909, 10.61046, 0.0 ], [ 35.11884, 10.61283, 0.0 ], [ 35.1208, 10.6136, 0.0 ], [ 35.12088, 10.6142, 0.0 ], [ 35.1203, 10.61517, 0.0 ], [ 35.1197, 10.61486, 0.0 ], [ 35.11902, 10.61494, 0.0 ], [ 35.1174, 10.61629, 0.0 ], [ 35.1186, 10.61637, 0.0 ], [ 35.12093, 10.61646, 0.0 ], [ 35.1205, 10.61752, 0.0 ], [ 35.1186, 10.62061, 0.0 ], [ 35.11735, 10.62217, 0.0 ], [ 35.11527, 10.62303, 0.0 ], [ 35.1129, 10.62346, 0.0 ], [ 35.1172, 10.62511, 0.0 ], [ 35.11816, 10.62496, 0.0 ], [ 35.1195, 10.62527, 0.0 ], [ 35.1174, 10.62675, 0.0 ], [ 35.11792, 10.628, 0.0 ], [ 35.11902, 10.62932, 0.0 ], [ 35.11887, 10.63042, 0.0 ], [ 35.12101, 10.63117, 0.0 ], [ 35.12125, 10.63266, 0.0 ], [ 35.11908, 10.63276, 0.0 ], [ 35.11989, 10.63312, 0.0 ], [ 35.11895, 10.63371, 0.0 ], [ 35.11834, 10.63494, 0.0 ], [ 35.11937, 10.63567, 0.0 ], [ 35.11929, 10.63627, 0.0 ], [ 35.11814, 10.63648, 0.0 ], [ 35.11875, 10.63769, 0.0 ], [ 35.11723, 10.63911, 0.0 ], [ 35.11648, 10.63855, 0.0 ], [ 35.11598, 10.63971, 0.0 ], [ 35.11573, 10.64269, 0.0 ], [ 35.11418, 10.64359, 0.0 ], [ 35.11386, 10.64511, 0.0 ], [ 35.11274, 10.64302, 0.0 ], [ 35.11143, 10.6428, 0.0 ], [ 35.111, 10.6417, 0.0 ], [ 35.1104, 10.64188, 0.0 ], [ 35.1107, 10.64428, 0.0 ], [ 35.11013, 10.64422, 0.0 ], [ 35.10821, 10.64295, 0.0 ], [ 35.10672, 10.64336, 0.0 ], [ 35.10679, 10.64394, 0.0 ], [ 35.10899, 10.64451, 0.0 ], [ 35.11084, 10.64569, 0.0 ], [ 35.11169, 10.64677, 0.0 ], [ 35.1115, 10.64807, 0.0 ], [ 35.11085, 10.64908, 0.0 ], [ 35.10996, 10.64815, 0.0 ], [ 35.11017, 10.64677, 0.0 ], [ 35.10835, 10.64707, 0.0 ], [ 35.10668, 10.64747, 0.0 ], [ 35.10812, 10.65036, 0.0 ], [ 35.10835, 10.65231, 0.0 ], [ 35.10808, 10.65361, 0.0 ], [ 35.10984, 10.6513, 0.0 ], [ 35.11061, 10.6513, 0.0 ], [ 35.11103, 10.65377, 0.0 ], [ 35.11015, 10.65577, 0.0 ], [ 35.10904, 10.65767, 0.0 ], [ 35.11045, 10.65665, 0.0 ], [ 35.1121, 10.65649, 0.0 ], [ 35.11253, 10.65586, 0.0 ], [ 35.11337, 10.65536, 0.0 ], [ 35.11563, 10.65569, 0.0 ], [ 35.11529, 10.65691, 0.0 ], [ 35.1148, 10.65796, 0.0 ], [ 35.11323, 10.66061, 0.0 ], [ 35.11563, 10.66432, 0.0 ], [ 35.11701, 10.66884, 0.0 ], [ 35.1139, 10.66656, 0.0 ], [ 35.1128, 10.66774, 0.0 ], [ 35.1131, 10.66982, 0.0 ], [ 35.11147, 10.66956, 0.0 ], [ 35.11243, 10.67098, 0.0 ], [ 35.10996, 10.67294, 0.0 ], [ 35.10707, 10.67362, 0.0 ], [ 35.11003, 10.67485, 0.0 ], [ 35.1109, 10.67652, 0.0 ], [ 35.11353, 10.67655, 0.0 ], [ 35.11531, 10.67649, 0.0 ], [ 35.11546, 10.67792, 0.0 ], [ 35.11268, 10.67904, 0.0 ], [ 35.11268, 10.6803, 0.0 ], [ 35.11458, 10.68194, 0.0 ], [ 35.11251, 10.68146, 0.0 ], [ 35.10975, 10.68353, 0.0 ], [ 35.11264, 10.68435, 0.0 ], [ 35.11726, 10.68493, 0.0 ], [ 35.11921, 10.68574, 0.0 ], [ 35.11811, 10.68698, 0.0 ], [ 35.11578, 10.68775, 0.0 ], [ 35.11639, 10.68961, 0.0 ], [ 35.1153, 10.69078, 0.0 ], [ 35.11349, 10.69032, 0.0 ], [ 35.11598, 10.69236, 0.0 ], [ 35.11615, 10.69507, 0.0 ], [ 35.11681, 10.69302, 0.0 ], [ 35.1184, 10.69189, 0.0 ], [ 35.12096, 10.69273, 0.0 ], [ 35.11926, 10.69499, 0.0 ], [ 35.11986, 10.69653, 0.0 ], [ 35.12139, 10.69694, 0.0 ], [ 35.1228, 10.69873, 0.0 ], [ 35.12016, 10.69837, 0.0 ], [ 35.12024, 10.69994, 0.0 ], [ 35.11883, 10.70037, 0.0 ], [ 35.11938, 10.70225, 0.0 ], [ 35.12019, 10.70243, 0.0 ], [ 35.12072, 10.7039, 0.0 ], [ 35.12012, 10.704, 0.0 ], [ 35.11865, 10.70677, 0.0 ], [ 35.11609, 10.70742, 0.0 ], [ 35.11939, 10.70921, 0.0 ], [ 35.12131, 10.71111, 0.0 ], [ 35.12109, 10.71313, 0.0 ], [ 35.11821, 10.71615, 0.0 ], [ 35.11914, 10.71841, 0.0 ], [ 35.12, 10.71842, 0.0 ], [ 35.1196, 10.71991, 0.0 ], [ 35.1174, 10.72106, 0.0 ], [ 35.11589, 10.72049, 0.0 ], [ 35.11491, 10.72186, 0.0 ], [ 35.11657, 10.72408, 0.0 ], [ 35.114, 10.72537, 0.0 ], [ 35.11257, 10.72481, 0.0 ], [ 35.1137, 10.72666, 0.0 ], [ 35.11166, 10.72727, 0.0 ], [ 35.11373, 10.72908, 0.0 ], [ 35.11021, 10.72936, 0.0 ], [ 35.11229, 10.73117, 0.0 ], [ 35.11128, 10.73367, 0.0 ], [ 35.10993, 10.7347, 0.0 ], [ 35.10835, 10.73538, 0.0 ], [ 35.11084, 10.73649, 0.0 ], [ 35.11421, 10.73525, 0.0 ], [ 35.1174, 10.73064, 0.0 ], [ 35.11765, 10.73343, 0.0 ], [ 35.11862, 10.73437, 0.0 ], [ 35.12103, 10.73657, 0.0 ], [ 35.12248, 10.73833, 0.0 ], [ 35.12382, 10.73333, 0.0 ], [ 35.12557, 10.73368, 0.0 ], [ 35.12785, 10.73075, 0.0 ], [ 35.12794, 10.73385, 0.0 ], [ 35.1314, 10.73229, 0.0 ], [ 35.13302, 10.72848, 0.0 ], [ 35.13937, 10.7285, 0.0 ], [ 35.13464, 10.73785, 0.0 ], [ 35.13353, 10.74104, 0.0 ], [ 35.13888, 10.73814, 0.0 ], [ 35.14129, 10.74077, 0.0 ], [ 35.14246, 10.73827, 0.0 ], [ 35.14517, 10.73636, 0.0 ], [ 35.14772, 10.73287, 0.0 ], [ 35.15213, 10.73434, 0.0 ], [ 35.15393, 10.73722, 0.0 ], [ 35.15291, 10.73794, 0.0 ], [ 35.15331, 10.73891, 0.0 ], [ 35.15423, 10.73986, 0.0 ], [ 35.1554, 10.73855, 0.0 ], [ 35.15576, 10.73994, 0.0 ], [ 35.15521, 10.74183, 0.0 ], [ 35.15364, 10.74208, 0.0 ], [ 35.15375, 10.74422, 0.0 ], [ 35.15458, 10.74449, 0.0 ], [ 35.15514, 10.74481, 0.0 ], [ 35.15671, 10.74463, 0.0 ], [ 35.15814, 10.74487, 0.0 ], [ 35.1603, 10.74552, 0.0 ], [ 35.16201, 10.74648, 0.0 ], [ 35.16417, 10.74723, 0.0 ], [ 35.16289, 10.74803, 0.0 ], [ 35.16332, 10.74886, 0.0 ], [ 35.16438, 10.74949, 0.0 ], [ 35.16573, 10.75066, 0.0 ], [ 35.16631, 10.75013, 0.0 ], [ 35.1674, 10.75042, 0.0 ], [ 35.16859, 10.75235, 0.0 ], [ 35.16994, 10.75086, 0.0 ], [ 35.17266, 10.7484, 0.0 ], [ 35.17428, 10.7496, 0.0 ], [ 35.17431, 10.75088, 0.0 ], [ 35.17647, 10.75019, 0.0 ], [ 35.1783, 10.75099, 0.0 ], [ 35.17668, 10.75337, 0.0 ], [ 35.1765, 10.7559, 0.0 ], [ 35.17469, 10.76109, 0.0 ], [ 35.17305, 10.76291, 0.0 ], [ 35.17361, 10.75945, 0.0 ], [ 35.17248, 10.75979, 0.0 ], [ 35.17225, 10.75905, 0.0 ], [ 35.17074, 10.76193, 0.0 ], [ 35.16869, 10.75834, 0.0 ], [ 35.1686, 10.75664, 0.0 ], [ 35.16843, 10.754, 0.0 ], [ 35.16754, 10.75321, 0.0 ], [ 35.16648, 10.75187, 0.0 ], [ 35.16656, 10.75284, 0.0 ], [ 35.16367, 10.75053, 0.0 ], [ 35.16397, 10.74987, 0.0 ], [ 35.16288, 10.7495, 0.0 ], [ 35.16183, 10.75086, 0.0 ], [ 35.16003, 10.75084, 0.0 ], [ 35.15812, 10.74873, 0.0 ], [ 35.15609, 10.74731, 0.0 ], [ 35.15518, 10.74524, 0.0 ], [ 35.154, 10.74503, 0.0 ], [ 35.15296, 10.74569, 0.0 ], [ 35.15046, 10.7467, 0.0 ], [ 35.14758, 10.74726, 0.0 ], [ 35.14867, 10.7486, 0.0 ], [ 35.14805, 10.74879, 0.0 ], [ 35.14607, 10.74875, 0.0 ], [ 35.14598, 10.74692, 0.0 ], [ 35.14543, 10.74625, 0.0 ], [ 35.14409, 10.74593, 0.0 ], [ 35.14412, 10.74741, 0.0 ], [ 35.1429, 10.74581, 0.0 ], [ 35.14316, 10.74756, 0.0 ], [ 35.14319, 10.75076, 0.0 ], [ 35.1441, 10.75305, 0.0 ], [ 35.14244, 10.75497, 0.0 ], [ 35.14168, 10.75649, 0.0 ], [ 35.13983, 10.75584, 0.0 ], [ 35.13838, 10.75561, 0.0 ], [ 35.13763, 10.75351, 0.0 ], [ 35.13844, 10.75245, 0.0 ], [ 35.13958, 10.74969, 0.0 ], [ 35.13782, 10.75003, 0.0 ], [ 35.13688, 10.75071, 0.0 ], [ 35.13555, 10.75022, 0.0 ], [ 35.13554, 10.74865, 0.0 ], [ 35.1345, 10.74785, 0.0 ], [ 35.1329, 10.74672, 0.0 ], [ 35.13371, 10.74881, 0.0 ], [ 35.13362, 10.74967, 0.0 ], [ 35.13146, 10.74725, 0.0 ], [ 35.13051, 10.74802, 0.0 ], [ 35.13133, 10.75073, 0.0 ], [ 35.13104, 10.75255, 0.0 ], [ 35.13007, 10.75191, 0.0 ], [ 35.12649, 10.74837, 0.0 ], [ 35.12666, 10.75066, 0.0 ], [ 35.12727, 10.75283, 0.0 ], [ 35.1267, 10.75551, 0.0 ], [ 35.12603, 10.75526, 0.0 ], [ 35.12489, 10.75531, 0.0 ], [ 35.12445, 10.75828, 0.0 ], [ 35.1237, 10.75874, 0.0 ], [ 35.12282, 10.7573, 0.0 ], [ 35.12216, 10.75617, 0.0 ], [ 35.12097, 10.75587, 0.0 ], [ 35.11948, 10.75589, 0.0 ], [ 35.11957, 10.75519, 0.0 ], [ 35.11988, 10.75345, 0.0 ], [ 35.11991, 10.75178, 0.0 ], [ 35.11905, 10.74758, 0.0 ], [ 35.11824, 10.74846, 0.0 ], [ 35.11675, 10.75274, 0.0 ], [ 35.11501, 10.75176, 0.0 ], [ 35.11427, 10.75367, 0.0 ], [ 35.11295, 10.75265, 0.0 ], [ 35.11311, 10.75554, 0.0 ], [ 35.11186, 10.75653, 0.0 ], [ 35.1106, 10.75488, 0.0 ], [ 35.10974, 10.75511, 0.0 ], [ 35.10829, 10.75471, 0.0 ], [ 35.10847, 10.75281, 0.0 ], [ 35.10698, 10.75201, 0.0 ], [ 35.1061, 10.75336, 0.0 ], [ 35.10479, 10.75402, 0.0 ], [ 35.1025, 10.75442, 0.0 ], [ 35.10329, 10.75482, 0.0 ], [ 35.1057, 10.75572, 0.0 ], [ 35.10692, 10.75681, 0.0 ], [ 35.10675, 10.75849, 0.0 ], [ 35.10768, 10.75843, 0.0 ], [ 35.10915, 10.75963, 0.0 ], [ 35.10737, 10.76074, 0.0 ], [ 35.10644, 10.76, 0.0 ], [ 35.10603, 10.76158, 0.0 ], [ 35.10527, 10.76077, 0.0 ], [ 35.1045, 10.76101, 0.0 ], [ 35.10582, 10.76286, 0.0 ], [ 35.10778, 10.7643, 0.0 ], [ 35.10955, 10.76334, 0.0 ], [ 35.11121, 10.7627, 0.0 ], [ 35.1121, 10.76304, 0.0 ], [ 35.11223, 10.76428, 0.0 ], [ 35.1112, 10.76458, 0.0 ], [ 35.11011, 10.76627, 0.0 ], [ 35.11093, 10.76743, 0.0 ], [ 35.11235, 10.76759, 0.0 ], [ 35.11272, 10.76903, 0.0 ], [ 35.11293, 10.77146, 0.0 ], [ 35.11124, 10.77053, 0.0 ], [ 35.1094, 10.77025, 0.0 ], [ 35.1075, 10.7703, 0.0 ], [ 35.10692, 10.77199, 0.0 ], [ 35.10533, 10.77148, 0.0 ], [ 35.10538, 10.77057, 0.0 ], [ 35.10457, 10.77132, 0.0 ], [ 35.10313, 10.77142, 0.0 ], [ 35.10124, 10.77197, 0.0 ], [ 35.10115, 10.7733, 0.0 ], [ 35.10278, 10.77297, 0.0 ], [ 35.10293, 10.77332, 0.0 ], [ 35.10299, 10.77509, 0.0 ], [ 35.10162, 10.77537, 0.0 ], [ 35.10192, 10.77608, 0.0 ], [ 35.104, 10.77681, 0.0 ], [ 35.10436, 10.77812, 0.0 ], [ 35.1026, 10.77742, 0.0 ], [ 35.10215, 10.77788, 0.0 ], [ 35.10112, 10.77794, 0.0 ], [ 35.10156, 10.77918, 0.0 ], [ 35.09962, 10.77871, 0.0 ], [ 35.09888, 10.77966, 0.0 ], [ 35.09818, 10.77848, 0.0 ], [ 35.09873, 10.77785, 0.0 ], [ 35.09811, 10.77702, 0.0 ], [ 35.09669, 10.77679, 0.0 ], [ 35.09685, 10.77553, 0.0 ], [ 35.0975, 10.77467, 0.0 ], [ 35.09572, 10.77347, 0.0 ], [ 35.09404, 10.77203, 0.0 ], [ 35.09504, 10.77097, 0.0 ], [ 35.09421, 10.7708, 0.0 ], [ 35.09285, 10.76865, 0.0 ], [ 35.09177, 10.77188, 0.0 ], [ 35.09208, 10.77351, 0.0 ], [ 35.09126, 10.77426, 0.0 ], [ 35.09047, 10.77224, 0.0 ], [ 35.09091, 10.76877, 0.0 ], [ 35.08886, 10.76814, 0.0 ], [ 35.089, 10.76625, 0.0 ], [ 35.08769, 10.76785, 0.0 ], [ 35.08732, 10.76723, 0.0 ], [ 35.08659, 10.76761, 0.0 ], [ 35.08839, 10.76978, 0.0 ], [ 35.08824, 10.77104, 0.0 ], [ 35.08527, 10.76962, 0.0 ], [ 35.08653, 10.77143, 0.0 ], [ 35.08724, 10.77511, 0.0 ], [ 35.0857, 10.77535, 0.0 ], [ 35.08513, 10.774, 0.0 ], [ 35.0841, 10.77349, 0.0 ], [ 35.08334, 10.77357, 0.0 ], [ 35.08118, 10.77414, 0.0 ], [ 35.07897, 10.77512, 0.0 ], [ 35.07772, 10.77265, 0.0 ], [ 35.07698, 10.77249, 0.0 ], [ 35.07809, 10.776, 0.0 ], [ 35.07722, 10.77688, 0.0 ], [ 35.076, 10.77659, 0.0 ], [ 35.07519, 10.77634, 0.0 ], [ 35.07425, 10.77535, 0.0 ], [ 35.07361, 10.77625, 0.0 ], [ 35.07246, 10.77726, 0.0 ], [ 35.07228, 10.77978, 0.0 ], [ 35.07291, 10.78314, 0.0 ], [ 35.0758, 10.78361, 0.0 ], [ 35.07916, 10.78183, 0.0 ], [ 35.08086, 10.78053, 0.0 ], [ 35.07739, 10.77934, 0.0 ], [ 35.07364, 10.77723, 0.0 ], [ 35.07642, 10.77777, 0.0 ], [ 35.07707, 10.77792, 0.0 ], [ 35.07772, 10.77881, 0.0 ], [ 35.07871, 10.77761, 0.0 ], [ 35.07973, 10.77625, 0.0 ], [ 35.08263, 10.77713, 0.0 ], [ 35.08298, 10.7797, 0.0 ], [ 35.08413, 10.77925, 0.0 ], [ 35.08601, 10.77896, 0.0 ], [ 35.08615, 10.77718, 0.0 ], [ 35.08779, 10.77744, 0.0 ], [ 35.08854, 10.77955, 0.0 ], [ 35.08619, 10.78094, 0.0 ], [ 35.0863, 10.7821, 0.0 ], [ 35.08874, 10.78211, 0.0 ], [ 35.08935, 10.78481, 0.0 ], [ 35.09293, 10.78669, 0.0 ], [ 35.0913, 10.78692, 0.0 ], [ 35.08772, 10.78712, 0.0 ], [ 35.08583, 10.78592, 0.0 ], [ 35.08538, 10.78754, 0.0 ], [ 35.08371, 10.78936, 0.0 ], [ 35.08164, 10.78956, 0.0 ], [ 35.07964, 10.79119, 0.0 ], [ 35.07795, 10.79101, 0.0 ], [ 35.0771, 10.7916, 0.0 ], [ 35.07761, 10.793, 0.0 ], [ 35.07983, 10.79366, 0.0 ], [ 35.07982, 10.79518, 0.0 ], [ 35.08051, 10.79373, 0.0 ], [ 35.08227, 10.794, 0.0 ], [ 35.08423, 10.79412, 0.0 ], [ 35.08439, 10.7932, 0.0 ], [ 35.08565, 10.79521, 0.0 ], [ 35.08689, 10.79534, 0.0 ], [ 35.0887, 10.79561, 0.0 ], [ 35.08926, 10.79429, 0.0 ], [ 35.08981, 10.79451, 0.0 ], [ 35.0906, 10.79378, 0.0 ], [ 35.09172, 10.79414, 0.0 ], [ 35.09082, 10.79502, 0.0 ], [ 35.08992, 10.79591, 0.0 ], [ 35.09041, 10.79702, 0.0 ], [ 35.08997, 10.79763, 0.0 ], [ 35.08929, 10.79666, 0.0 ], [ 35.08876, 10.79832, 0.0 ], [ 35.08753, 10.80025, 0.0 ], [ 35.08678, 10.79967, 0.0 ], [ 35.08536, 10.80002, 0.0 ], [ 35.08673, 10.80206, 0.0 ], [ 35.08833, 10.80207, 0.0 ], [ 35.08766, 10.80308, 0.0 ], [ 35.0871, 10.80343, 0.0 ], [ 35.08706, 10.80576, 0.0 ], [ 35.08722, 10.80897, 0.0 ], [ 35.08851, 10.81105, 0.0 ], [ 35.08849, 10.81283, 0.0 ], [ 35.08999, 10.81367, 0.0 ], [ 35.09007, 10.81207, 0.0 ], [ 35.09132, 10.81237, 0.0 ], [ 35.09248, 10.81444, 0.0 ], [ 35.09193, 10.81065, 0.0 ], [ 35.09037, 10.81066, 0.0 ], [ 35.09207, 10.80865, 0.0 ], [ 35.0913, 10.80747, 0.0 ], [ 35.09266, 10.80594, 0.0 ], [ 35.09415, 10.80685, 0.0 ], [ 35.09423, 10.80636, 0.0 ], [ 35.09379, 10.80531, 0.0 ], [ 35.09354, 10.80412, 0.0 ], [ 35.09375, 10.80331, 0.0 ], [ 35.09468, 10.80217, 0.0 ], [ 35.0965, 10.80253, 0.0 ], [ 35.09664, 10.80155, 0.0 ], [ 35.09771, 10.80068, 0.0 ], [ 35.09844, 10.80084, 0.0 ], [ 35.09779, 10.803, 0.0 ], [ 35.09809, 10.80444, 0.0 ], [ 35.09863, 10.80759, 0.0 ], [ 35.09809, 10.80845, 0.0 ], [ 35.09862, 10.81002, 0.0 ], [ 35.10066, 10.80839, 0.0 ], [ 35.1007, 10.8063, 0.0 ], [ 35.10086, 10.80457, 0.0 ], [ 35.10261, 10.80609, 0.0 ], [ 35.10441, 10.80362, 0.0 ], [ 35.10475, 10.80168, 0.0 ], [ 35.10526, 10.80363, 0.0 ], [ 35.10983, 10.80553, 0.0 ], [ 35.11017, 10.80366, 0.0 ], [ 35.11006, 10.80125, 0.0 ], [ 35.11107, 10.80384, 0.0 ], [ 35.11172, 10.80407, 0.0 ], [ 35.11227, 10.80372, 0.0 ], [ 35.11308, 10.80397, 0.0 ], [ 35.11214, 10.80794, 0.0 ], [ 35.11256, 10.80865, 0.0 ], [ 35.11426, 10.80733, 0.0 ], [ 35.11544, 10.80804, 0.0 ], [ 35.1165, 10.80841, 0.0 ], [ 35.11705, 10.8088, 0.0 ], [ 35.11835, 10.80785, 0.0 ], [ 35.11914, 10.80561, 0.0 ], [ 35.11868, 10.80457, 0.0 ], [ 35.11922, 10.80429, 0.0 ], [ 35.1201, 10.80472, 0.0 ], [ 35.1207, 10.80744, 0.0 ], [ 35.12132, 10.80792, 0.0 ], [ 35.12203, 10.80833, 0.0 ], [ 35.12113, 10.80874, 0.0 ], [ 35.12246, 10.81114, 0.0 ], [ 35.11973, 10.80976, 0.0 ], [ 35.11872, 10.80973, 0.0 ], [ 35.11931, 10.81392, 0.0 ], [ 35.11881, 10.81378, 0.0 ], [ 35.11774, 10.8135, 0.0 ], [ 35.1159, 10.81321, 0.0 ], [ 35.11579, 10.81405, 0.0 ], [ 35.11374, 10.81467, 0.0 ], [ 35.11694, 10.81647, 0.0 ], [ 35.11581, 10.81728, 0.0 ], [ 35.11558, 10.81632, 0.0 ], [ 35.114, 10.81598, 0.0 ], [ 35.11231, 10.8158, 0.0 ], [ 35.11371, 10.81825, 0.0 ], [ 35.11471, 10.82051, 0.0 ], [ 35.11555, 10.81931, 0.0 ], [ 35.11623, 10.81938, 0.0 ], [ 35.11658, 10.82002, 0.0 ], [ 35.11794, 10.82017, 0.0 ], [ 35.11666, 10.82072, 0.0 ], [ 35.1166, 10.82192, 0.0 ], [ 35.11757, 10.82246, 0.0 ], [ 35.11706, 10.82378, 0.0 ], [ 35.11591, 10.8247, 0.0 ], [ 35.11604, 10.82575, 0.0 ], [ 35.11772, 10.8269, 0.0 ], [ 35.11604, 10.82785, 0.0 ], [ 35.11624, 10.8289, 0.0 ], [ 35.11732, 10.8288, 0.0 ], [ 35.11944, 10.82882, 0.0 ], [ 35.12084, 10.82802, 0.0 ], [ 35.12299, 10.82666, 0.0 ], [ 35.12264, 10.82547, 0.0 ], [ 35.12492, 10.82434, 0.0 ], [ 35.12463, 10.82494, 0.0 ], [ 35.12385, 10.82665, 0.0 ], [ 35.12252, 10.8283, 0.0 ], [ 35.12216, 10.83155, 0.0 ], [ 35.12325, 10.83284, 0.0 ], [ 35.12217, 10.83293, 0.0 ], [ 35.1213, 10.83379, 0.0 ], [ 35.12131, 10.83647, 0.0 ], [ 35.12226, 10.83732, 0.0 ], [ 35.12264, 10.83929, 0.0 ], [ 35.12402, 10.83944, 0.0 ], [ 35.12288, 10.84125, 0.0 ], [ 35.122, 10.84277, 0.0 ], [ 35.1207, 10.845, 0.0 ], [ 35.11869, 10.84684, 0.0 ], [ 35.11617, 10.84983, 0.0 ], [ 35.11927, 10.848, 0.0 ], [ 35.12143, 10.84888, 0.0 ], [ 35.12305, 10.84829, 0.0 ], [ 35.12508, 10.84689, 0.0 ], [ 35.12556, 10.84976, 0.0 ], [ 35.12767, 10.85107, 0.0 ], [ 35.1307, 10.84986, 0.0 ], [ 35.13212, 10.84514, 0.0 ], [ 35.13438, 10.84225, 0.0 ], [ 35.13551, 10.83798, 0.0 ], [ 35.13509, 10.83474, 0.0 ], [ 35.13759, 10.83608, 0.0 ], [ 35.13661, 10.83863, 0.0 ], [ 35.13762, 10.83907, 0.0 ], [ 35.13881, 10.84145, 0.0 ], [ 35.13788, 10.84199, 0.0 ], [ 35.13886, 10.84349, 0.0 ], [ 35.13879, 10.84574, 0.0 ], [ 35.13982, 10.84284, 0.0 ], [ 35.14169, 10.8411, 0.0 ], [ 35.14447, 10.84215, 0.0 ], [ 35.14441, 10.84107, 0.0 ], [ 35.14272, 10.83982, 0.0 ], [ 35.14238, 10.83914, 0.0 ], [ 35.14197, 10.83814, 0.0 ], [ 35.14343, 10.83691, 0.0 ], [ 35.14725, 10.83923, 0.0 ], [ 35.14793, 10.83898, 0.0 ], [ 35.14787, 10.8378, 0.0 ], [ 35.15143, 10.83786, 0.0 ], [ 35.14724, 10.83593, 0.0 ], [ 35.14757, 10.83426, 0.0 ], [ 35.14705, 10.83251, 0.0 ], [ 35.14553, 10.83097, 0.0 ], [ 35.14855, 10.82854, 0.0 ], [ 35.14909, 10.82681, 0.0 ], [ 35.14918, 10.82535, 0.0 ], [ 35.14744, 10.82548, 0.0 ], [ 35.14708, 10.82492, 0.0 ], [ 35.14686, 10.82343, 0.0 ], [ 35.14648, 10.8214, 0.0 ], [ 35.14833, 10.82191, 0.0 ], [ 35.1515, 10.82476, 0.0 ], [ 35.15307, 10.82587, 0.0 ], [ 35.15391, 10.82691, 0.0 ], [ 35.15522, 10.82663, 0.0 ], [ 35.15679, 10.82616, 0.0 ], [ 35.15552, 10.82509, 0.0 ], [ 35.15414, 10.82327, 0.0 ], [ 35.15444, 10.82173, 0.0 ], [ 35.1552, 10.82254, 0.0 ], [ 35.15701, 10.82347, 0.0 ], [ 35.1573, 10.82287, 0.0 ], [ 35.15837, 10.82288, 0.0 ], [ 35.16003, 10.82327, 0.0 ], [ 35.16086, 10.82346, 0.0 ], [ 35.16183, 10.82335, 0.0 ], [ 35.16239, 10.82404, 0.0 ], [ 35.16277, 10.82534, 0.0 ], [ 35.16411, 10.82485, 0.0 ], [ 35.16451, 10.82604, 0.0 ], [ 35.16509, 10.82464, 0.0 ], [ 35.166, 10.82422, 0.0 ], [ 35.16664, 10.82418, 0.0 ], [ 35.16781, 10.8242, 0.0 ], [ 35.16906, 10.82444, 0.0 ], [ 35.16899, 10.82506, 0.0 ], [ 35.16984, 10.82525, 0.0 ], [ 35.17067, 10.82451, 0.0 ], [ 35.17197, 10.8234, 0.0 ], [ 35.17276, 10.82202, 0.0 ], [ 35.17359, 10.82127, 0.0 ], [ 35.17433, 10.82135, 0.0 ], [ 35.17519, 10.82124, 0.0 ], [ 35.17589, 10.82162, 0.0 ], [ 35.1763, 10.82271, 0.0 ], [ 35.17598, 10.82372, 0.0 ], [ 35.17475, 10.82515, 0.0 ], [ 35.17419, 10.82718, 0.0 ], [ 35.17203, 10.82747, 0.0 ], [ 35.17008, 10.82853, 0.0 ], [ 35.1709, 10.82883, 0.0 ], [ 35.17382, 10.82956, 0.0 ], [ 35.17449, 10.82931, 0.0 ], [ 35.17777, 10.82767, 0.0 ], [ 35.17894, 10.83063, 0.0 ], [ 35.17784, 10.83093, 0.0 ], [ 35.17787, 10.83357, 0.0 ], [ 35.17705, 10.83707, 0.0 ], [ 35.17771, 10.8379, 0.0 ], [ 35.1766, 10.84013, 0.0 ], [ 35.17557, 10.84065, 0.0 ], [ 35.17669, 10.84527, 0.0 ], [ 35.17625, 10.8482, 0.0 ], [ 35.17567, 10.84969, 0.0 ], [ 35.17485, 10.85032, 0.0 ], [ 35.17269, 10.85072, 0.0 ], [ 35.17112, 10.84869, 0.0 ], [ 35.16918, 10.849, 0.0 ], [ 35.17055, 10.84997, 0.0 ], [ 35.17031, 10.85201, 0.0 ], [ 35.16867, 10.85338, 0.0 ], [ 35.16672, 10.85276, 0.0 ], [ 35.16636, 10.85138, 0.0 ], [ 35.16466, 10.85048, 0.0 ], [ 35.16253, 10.85056, 0.0 ], [ 35.16307, 10.85217, 0.0 ], [ 35.16266, 10.85295, 0.0 ], [ 35.16055, 10.85107, 0.0 ], [ 35.1591, 10.85247, 0.0 ], [ 35.15795, 10.85235, 0.0 ], [ 35.15757, 10.85117, 0.0 ], [ 35.15658, 10.85313, 0.0 ], [ 35.15572, 10.85491, 0.0 ], [ 35.15675, 10.8569, 0.0 ], [ 35.158, 10.8562, 0.0 ], [ 35.15867, 10.85679, 0.0 ], [ 35.15938, 10.85801, 0.0 ], [ 35.15973, 10.85962, 0.0 ], [ 35.16011, 10.86081, 0.0 ], [ 35.15877, 10.8613, 0.0 ], [ 35.15732, 10.86177, 0.0 ], [ 35.15665, 10.86118, 0.0 ], [ 35.1544, 10.86125, 0.0 ], [ 35.15521, 10.86155, 0.0 ], [ 35.15396, 10.86393, 0.0 ], [ 35.15325, 10.86628, 0.0 ], [ 35.1542, 10.86818, 0.0 ], [ 35.15763, 10.86878, 0.0 ], [ 35.15622, 10.86989, 0.0 ], [ 35.15465, 10.87131, 0.0 ], [ 35.15547, 10.87312, 0.0 ], [ 35.15532, 10.87504, 0.0 ], [ 35.15392, 10.87612, 0.0 ], [ 35.15306, 10.8746, 0.0 ], [ 35.14876, 10.87027, 0.0 ], [ 35.14874, 10.87047, 0.0 ], [ 35.14875, 10.87118, 0.0 ], [ 35.14899, 10.87172, 0.0 ], [ 35.14932, 10.87236, 0.0 ], [ 35.14958, 10.87279, 0.0 ], [ 35.14965, 10.87311, 0.0 ], [ 35.14915, 10.87788, 0.0 ], [ 35.14718, 10.88418, 0.0 ], [ 35.14201, 10.88873, 0.0 ], [ 35.14277, 10.89511, 0.0 ], [ 35.14512, 10.89769, 0.0 ], [ 35.1471, 10.89305, 0.0 ], [ 35.14733, 10.89634, 0.0 ], [ 35.14977, 10.9053, 0.0 ], [ 35.15296, 10.90479, 0.0 ], [ 35.15626, 10.9061, 0.0 ], [ 35.15607, 10.90491, 0.0 ], [ 35.15604, 10.90427, 0.0 ], [ 35.15607, 10.90406, 0.0 ], [ 35.15634, 10.9027, 0.0 ], [ 35.15644, 10.90187, 0.0 ], [ 35.15736, 10.90038, 0.0 ], [ 35.15936, 10.90165, 0.0 ], [ 35.15934, 10.90186, 0.0 ], [ 35.15948, 10.90251, 0.0 ], [ 35.1595, 10.90326, 0.0 ], [ 35.15944, 10.90378, 0.0 ], [ 35.15953, 10.90486, 0.0 ], [ 35.15962, 10.90497, 0.0 ], [ 35.16335, 10.90729, 0.0 ], [ 35.16334, 10.9008, 0.0 ], [ 35.16306, 10.89486, 0.0 ], [ 35.1652, 10.89962, 0.0 ], [ 35.16715, 10.90046, 0.0 ], [ 35.1675, 10.90018, 0.0 ], [ 35.1679, 10.89948, 0.0 ], [ 35.16828, 10.89899, 0.0 ], [ 35.16856, 10.89839, 0.0 ], [ 35.16889, 10.89832, 0.0 ], [ 35.16931, 10.89836, 0.0 ], [ 35.16948, 10.8988, 0.0 ], [ 35.1697, 10.89967, 0.0 ], [ 35.16986, 10.90022, 0.0 ], [ 35.17009, 10.90098, 0.0 ], [ 35.17012, 10.90172, 0.0 ], [ 35.17026, 10.90237, 0.0 ], [ 35.17041, 10.90292, 0.0 ], [ 35.17036, 10.90345, 0.0 ], [ 35.17041, 10.90398, 0.0 ], [ 35.17043, 10.90377, 0.0 ], [ 35.17053, 10.90283, 0.0 ], [ 35.1707, 10.90232, 0.0 ], [ 35.17112, 10.90236, 0.0 ], [ 35.17118, 10.90279, 0.0 ], [ 35.17157, 10.90315, 0.0 ], [ 35.17194, 10.90373, 0.0 ], [ 35.17243, 10.9042, 0.0 ], [ 35.1727, 10.90466, 0.0 ], [ 35.17264, 10.90519, 0.0 ], [ 35.1726, 10.90561, 0.0 ], [ 35.17221, 10.90621, 0.0 ], [ 35.17182, 10.9068, 0.0 ], [ 35.17135, 10.90718, 0.0 ], [ 35.17129, 10.9077, 0.0 ], [ 35.17124, 10.90813, 0.0 ], [ 35.17141, 10.90857, 0.0 ], [ 35.17166, 10.90925, 0.0 ], [ 35.17161, 10.90967, 0.0 ], [ 35.17157, 10.91009, 0.0 ], [ 35.1712, 10.91048, 0.0 ], [ 35.17073, 10.91085, 0.0 ], [ 35.17005, 10.9111, 0.0 ], [ 35.17016, 10.91111, 0.0 ] ] ], [ [ [ 35.1689, 10.91076, 0.0 ], [ 35.16889, 10.91087, 0.0 ], [ 35.16952, 10.91104, 0.0 ], [ 35.16962, 10.91106, 0.0 ], [ 35.1689, 10.91076, 0.0 ] ] ] ] } }
]
}
