{"type":"FeatureCollection","name":"African major lakes for ED-FLOW cartographic context","interpretive_boundary":"Polygons provide geographic context only and do not create or validate a source node, route, commodity flow or contaminant link.","features":[{"type":"Feature","properties":{"lake_id":"LAKE_LAKE_ALBERT","name":"Lake Albert","source_name":"Lake Albert","scale_rank":0,"min_zoom":1,"feature_class":"Lake","geometry_role":"cartographic waterbody context; not an ED-FLOW node, route or evidence record","source":"Natural Earth 1:10m lakes, version 5.0.0","source_commit":"ca96624a56bd078437bca8184e78163e5039ad19"},"geometry":{"type":"Polygon","coordinates":[[[31.36612,2.27143],[31.36053,2.2623],[31.35817,2.25347],[31.35965,2.20814],[31.36171,2.19931],[31.37466,2.1843],[31.38938,2.16104],[31.39467,2.13749],[31.37848,2.12071],[31.4038,2.05831],[31.40527,2.02475],[31.38555,1.99737],[31.4038,1.95322],[31.40615,1.9388],[31.40615,1.91466],[31.40439,1.90907],[31.40203,1.90494],[31.39997,1.89994],[31.39467,1.86314],[31.38113,1.83783],[31.35965,1.82429],[31.3308,1.83282],[31.32197,1.81222],[31.31578,1.75982],[31.3096,1.73716],[31.29577,1.71184],[31.28193,1.69565],[31.24131,1.66827],[31.18391,1.61441],[31.12356,1.58203],[31.1112,1.57879],[31.09795,1.58055],[31.08648,1.58468],[31.07558,1.58615],[31.06322,1.57879],[31.05645,1.5835],[31.04968,1.58644],[31.03673,1.55612],[31.00817,1.54199],[30.97432,1.53287],[30.94665,1.51756],[30.9287,1.49254],[30.89838,1.43337],[30.73088,1.23968],[30.72058,1.22408],[30.71881,1.20877],[30.71881,1.19288],[30.7144,1.17492],[30.60401,1.05806],[30.60725,1.05217],[30.60666,1.04834],[30.60136,1.04599],[30.59047,1.04452],[30.59989,1.03893],[30.60401,1.03775],[30.60401,1.03157],[30.59106,1.02744],[30.57752,1.02803],[30.56545,1.03363],[30.55603,1.04452],[30.54661,1.03804],[30.5422,1.0298],[30.53955,1.02156],[30.53366,1.0139],[30.53042,1.02421],[30.5313,1.03451],[30.53395,1.0457],[30.53572,1.05806],[30.51747,1.04157],[30.50628,1.03451],[30.49775,1.03451],[30.49186,1.04481],[30.49569,1.05453],[30.50305,1.06395],[30.50775,1.07248],[30.50982,1.09456],[30.5054,1.1084],[30.49716,1.12105],[30.48803,1.14078],[30.49421,1.15991],[30.48744,1.1811],[30.48627,1.19906],[30.50775,1.20907],[30.50775,1.21584],[30.49333,1.22349],[30.46684,1.25057],[30.46566,1.25558],[30.46066,1.26617],[30.45506,1.27147],[30.45241,1.26058],[30.45241,1.22967],[30.448,1.23026],[30.44741,1.23114],[30.4477,1.23291],[30.44623,1.23644],[30.43622,1.22555],[30.43269,1.22261],[30.43034,1.23968],[30.42121,1.25411],[30.40767,1.26117],[30.39236,1.25675],[30.39148,1.26794],[30.39207,1.27854],[30.39442,1.28855],[30.39855,1.29767],[30.38589,1.31033],[30.39295,1.32387],[30.40885,1.33476],[30.42209,1.33947],[30.45241,1.40129],[30.46566,1.42071],[30.47685,1.44162],[30.48479,1.46399],[30.48803,1.48636],[30.49098,1.49666],[30.49863,1.50902],[30.50864,1.51933],[30.51835,1.52374],[30.52601,1.52904],[30.5419,1.55524],[30.54926,1.56525],[30.59636,1.58733],[30.62138,1.60293],[30.63198,1.62383],[30.63845,1.64561],[30.65405,1.66298],[30.725,1.70684],[30.73441,1.71567],[30.74501,1.74569],[30.75149,1.75011],[30.76591,1.75688],[30.81625,1.79868],[30.91251,1.90671],[30.95401,1.92908],[30.98374,1.93232],[30.99493,1.93526],[31.00494,1.94086],[31.012,1.9488],[31.01789,1.95793],[31.02525,1.96647],[31.06705,2.00267],[31.1112,2.03152],[31.12092,2.03505],[31.1427,2.04035],[31.15212,2.04506],[31.16065,2.05477],[31.17537,2.0795],[31.18303,2.08951],[31.20157,2.10658],[31.21129,2.11159],[31.22424,2.11335],[31.2369,2.11689],[31.23954,2.12601],[31.23866,2.1372],[31.24131,2.1475],[31.2943,2.19077],[31.30342,2.20578],[31.30636,2.22639],[31.31431,2.24523],[31.3252,2.2623],[31.36759,2.30999],[31.38643,2.32265],[31.43912,2.34119],[31.4509,2.34826],[31.4612,2.35974],[31.46562,2.37151],[31.46944,2.39771],[31.47474,2.40831],[31.47445,2.35885],[31.46797,2.33589],[31.4506,2.32618],[31.43235,2.32118],[31.41204,2.3094],[31.37848,2.28467],[31.3726,2.27937],[31.36612,2.27143]]]}},{"type":"Feature","properties":{"lake_id":"LAKE_LAKE_MALAWI","name":"Lake Malawi","source_name":"Lake Malawi","scale_rank":0,"min_zoom":1,"feature_class":"Lake","geometry_role":"cartographic waterbody context; not an ED-FLOW node, route or evidence record","source":"Natural Earth 1:10m lakes, version 5.0.0","source_commit":"ca96624a56bd078437bca8184e78163e5039ad19"},"geometry":{"type":"Polygon","coordinates":[[[35.22465,-14.38458],[35.22259,-14.38075],[35.1746,-14.33984],[35.15577,-14.31069],[35.1437,-14.29715],[35.12692,-14.29156],[35.1228,-14.28538],[35.09807,-14.25682],[35.09218,-14.24711],[35.08423,-14.21856],[35.0651,-14.18618],[35.04067,-14.16498],[35.01771,-14.16851],[35.013,-14.16292],[35.00122,-14.15321],[34.99651,-14.14732],[34.96413,-14.15527],[34.94176,-14.1276],[34.93323,-14.08609],[34.94206,-14.05165],[34.92851,-14.0437],[34.90644,-14.02133],[34.89349,-14.01103],[34.86317,-14.00249],[34.84403,-14.01544],[34.84021,-14.04106],[34.8561,-14.06961],[34.86258,-14.09345],[34.84492,-14.117],[34.82196,-14.14143],[34.81224,-14.16851],[34.81666,-14.17764],[34.8246,-14.18794],[34.83079,-14.19795],[34.82902,-14.20619],[34.81784,-14.21326],[34.81371,-14.21797],[34.81224,-14.2265],[34.80577,-14.23799],[34.79016,-14.2477],[34.77191,-14.25447],[34.75749,-14.25712],[34.74159,-14.26212],[34.72511,-14.27095],[34.70921,-14.27478],[34.69479,-14.26477],[34.69273,-14.25005],[34.69803,-14.2371],[34.69862,-14.22415],[34.68184,-14.20943],[34.66418,-14.20325],[34.64887,-14.20178],[34.63415,-14.19766],[34.61678,-14.18529],[34.60913,-14.1747],[34.60118,-14.15968],[34.595,-14.14349],[34.59265,-14.13025],[34.58676,-14.11965],[34.55114,-14.07903],[34.54614,-14.0649],[34.52906,-13.97865],[34.53407,-13.95304],[34.54996,-13.93155],[34.57587,-13.90447],[34.58264,-13.89299],[34.60001,-13.84648],[34.59883,-13.83853],[34.59176,-13.82205],[34.59265,-13.81233],[34.59824,-13.80498],[34.61531,-13.79202],[34.62032,-13.78437],[34.62238,-13.76582],[34.61884,-13.75169],[34.61884,-13.73786],[34.63003,-13.71961],[34.63474,-13.70342],[34.62326,-13.68988],[34.60766,-13.6784],[34.60001,-13.6681],[34.59412,-13.65426],[34.56468,-13.62836],[34.55114,-13.61364],[34.53819,-13.58567],[34.53054,-13.5739],[34.51729,-13.56507],[34.50169,-13.5636],[34.47048,-13.57508],[34.45194,-13.57831],[34.43811,-13.57419],[34.42839,-13.56419],[34.42015,-13.55182],[34.40072,-13.52916],[34.37953,-13.48382],[34.32507,-13.39581],[34.31241,-13.36313],[34.30888,-13.32987],[34.32154,-13.30161],[34.34302,-13.27188],[34.34803,-13.24392],[34.33861,-13.17474],[34.33684,-13.01225],[34.32507,-12.96192],[34.32654,-12.94484],[34.33419,-12.91511],[34.33125,-12.90098],[34.32831,-12.91099],[34.32301,-12.92247],[34.31565,-12.92836],[34.308,-12.92159],[34.30564,-12.90952],[34.31182,-12.88626],[34.31123,-12.87331],[34.30005,-12.85565],[34.26973,-12.82916],[34.26355,-12.80826],[34.27709,-12.75969],[34.27591,-12.7382],[34.23823,-12.72201],[34.22292,-12.70464],[34.20202,-12.66755],[34.18642,-12.62163],[34.18201,-12.59632],[34.18171,-12.57159],[34.18466,-12.54686],[34.18907,-12.53774],[34.19849,-12.52714],[34.20497,-12.51772],[34.20556,-12.50859],[34.20202,-12.48622],[34.17112,-12.39703],[34.14786,-12.38231],[34.12814,-12.38231],[34.10842,-12.38555],[34.08546,-12.38025],[34.08752,-12.3726],[34.08604,-12.36318],[34.08075,-12.35553],[34.06279,-12.34846],[34.05955,-12.33934],[34.05896,-12.32815],[34.05749,-12.31844],[34.03954,-12.27046],[34.03041,-12.2057],[34.03012,-12.18803],[34.04189,-12.13946],[34.04572,-12.10738],[34.05749,-12.05763],[34.0625,-12.01936],[34.06897,-12.002],[34.08163,-11.9858],[34.19525,-11.89985],[34.18289,-11.87954],[34.18289,-11.8504],[34.19084,-11.82037],[34.20202,-11.798],[34.21174,-11.78888],[34.23529,-11.77533],[34.24647,-11.7668],[34.25001,-11.7615],[34.25354,-11.74914],[34.25737,-11.74295],[34.26384,-11.73677],[34.27473,-11.73059],[34.31565,-11.69232],[34.32419,-11.67231],[34.32507,-11.63993],[34.31977,-11.61314],[34.31477,-11.59901],[34.308,-11.589],[34.30329,-11.5787],[34.30358,-11.54956],[34.28415,-11.47861],[34.27738,-11.35351],[34.25737,-11.2967],[34.24853,-11.28698],[34.23941,-11.2808],[34.23234,-11.27227],[34.2294,-11.25637],[34.23205,-11.23135],[34.23176,-11.22105],[34.22616,-11.21163],[34.21498,-11.18572],[34.22204,-11.16041],[34.24971,-11.11213],[34.23558,-11.09329],[34.22911,-11.06032],[34.23293,-10.93434],[34.21586,-10.74182],[34.20202,-10.68766],[34.20261,-10.67206],[34.2088,-10.63762],[34.20909,-10.62555],[34.20085,-10.60877],[34.18907,-10.59346],[34.18319,-10.57786],[34.19143,-10.56049],[34.19849,-10.55402],[34.22263,-10.53989],[34.2294,-10.53282],[34.22881,-10.52546],[34.22498,-10.51752],[34.22263,-10.50898],[34.22086,-10.47748],[34.22646,-10.46836],[34.24324,-10.45423],[34.25177,-10.45099],[34.25854,-10.45246],[34.26472,-10.45129],[34.27091,-10.44069],[34.26884,-10.43774],[34.25737,-10.41272],[34.24706,-10.37799],[34.23911,-10.36415],[34.2035,-10.32382],[34.19261,-10.30822],[34.18789,-10.29321],[34.18113,-10.27908],[34.16493,-10.26495],[34.13344,-10.24199],[34.0778,-10.18665],[33.99538,-10.06891],[33.96624,-10.00179],[33.95505,-9.9335],[33.95505,-9.89935],[33.9527,-9.88964],[33.94652,-9.88669],[33.93857,-9.88581],[33.93091,-9.88198],[33.90737,-9.82723],[33.89971,-9.75806],[33.90442,-9.72538],[33.91186,-9.71796],[33.9283,-9.70028],[33.9283,-9.69346],[33.94308,-9.68385],[33.95134,-9.67362],[33.95486,-9.6606],[33.95558,-9.6423],[33.96261,-9.61213],[33.96447,-9.59466],[33.94587,-9.55001],[33.96075,-9.5249],[33.98431,-9.50557],[33.99651,-9.49182],[34.01273,-9.47746],[34.04746,-9.48996],[34.07849,-9.51019],[34.08932,-9.52221],[34.10317,-9.52986],[34.13707,-9.57058],[34.14461,-9.57492],[34.16187,-9.59362],[34.19025,-9.60646],[34.28807,-9.70845],[34.31794,-9.7192],[34.32424,-9.73243],[34.32672,-9.75031],[34.33168,-9.76922],[34.33747,-9.77718],[34.35969,-9.79992],[34.36424,-9.8024],[34.38233,-9.81966],[34.38346,-9.82379],[34.4833,-9.94616],[34.49467,-9.96673],[34.52475,-10.00879],[34.53642,-10.043],[34.53777,-10.05386],[34.5357,-10.06533],[34.52681,-10.08486],[34.52475,-10.09478],[34.53239,-10.12889],[34.56557,-10.20268],[34.57508,-10.25581],[34.58345,-10.27761],[34.58562,-10.29002],[34.58531,-10.30066],[34.56505,-10.4098],[34.5695,-10.4314],[34.58872,-10.46313],[34.59296,-10.48174],[34.59079,-10.49124],[34.58149,-10.51367],[34.57942,-10.52649],[34.58107,-10.53972],[34.58572,-10.55357],[34.59234,-10.56669],[34.6004,-10.57806],[34.60887,-10.58199],[34.61756,-10.58147],[34.62438,-10.58344],[34.62717,-10.59511],[34.62634,-10.61434],[34.62903,-10.62023],[34.65053,-10.64534],[34.66003,-10.6655],[34.66086,-10.68731],[34.64763,-10.70839],[34.65394,-10.71759],[34.65569,-10.72203],[34.65993,-10.72772],[34.66644,-10.73237],[34.67244,-10.7395],[34.67502,-10.75242],[34.66282,-10.76141],[34.65673,-10.76988],[34.66055,-10.79603],[34.64763,-10.85856],[34.64763,-10.9029],[34.64546,-10.91324],[34.62706,-10.95406],[34.59792,-10.99096],[34.59296,-11.01617],[34.5973,-11.03664],[34.61063,-11.07767],[34.61353,-11.10216],[34.62107,-11.11973],[34.66871,-11.16014],[34.67399,-11.16996],[34.67709,-11.17875],[34.68184,-11.18505],[34.69993,-11.1895],[34.70789,-11.19497],[34.71409,-11.20273],[34.71657,-11.21172],[34.71977,-11.23456],[34.72835,-11.25372],[34.7413,-11.26844],[34.7575,-11.27755],[34.7575,-11.28375],[34.7516,-11.28706],[34.74303,-11.29368],[34.73703,-11.29678],[34.75915,-11.3375],[34.76556,-11.34515],[34.77217,-11.34442],[34.78488,-11.33347],[34.79232,-11.33088],[34.80049,-11.33192],[34.84369,-11.34628],[34.86788,-11.35879],[34.88658,-11.37543],[34.89413,-11.396],[34.8979,-11.40326],[34.91707,-11.41884],[34.92565,-11.44591],[34.93506,-11.45646],[34.94446,-11.46442],[34.9487,-11.47175],[34.95097,-11.47775],[34.95573,-11.48674],[34.96069,-11.49852],[34.96296,-11.51309],[34.96296,-11.56487],[34.96462,-11.57356],[34.96678,-11.67054],[34.95766,-11.71528],[34.9556,-11.73942],[34.95854,-11.78888],[34.95589,-11.8136],[34.90791,-11.91369],[34.8876,-12.00582],[34.86935,-12.04262],[34.82608,-12.05763],[34.81931,-12.06263],[34.81047,-12.08824],[34.80488,-12.09855],[34.79693,-12.10296],[34.77545,-12.11032],[34.76779,-12.11591],[34.75013,-12.13534],[34.71128,-12.1689],[34.69479,-12.18803],[34.71039,-12.20805],[34.71599,-12.2366],[34.71363,-12.26663],[34.70009,-12.31814],[34.70833,-12.37908],[34.70921,-12.40704],[34.70568,-12.41234],[34.69185,-12.42176],[34.68861,-12.42735],[34.69067,-12.435],[34.70009,-12.44737],[34.70568,-12.46974],[34.71981,-12.49299],[34.72305,-12.50212],[34.72688,-12.50918],[34.75366,-12.54421],[34.76544,-12.56658],[34.76926,-12.57807],[34.77368,-12.6078],[34.78163,-12.61839],[34.79046,-12.62781],[34.7987,-12.63988],[34.81224,-12.69493],[34.81872,-12.70111],[34.82313,-12.7067],[34.82549,-12.71495],[34.82402,-12.72024],[34.81813,-12.73761],[34.79635,-12.77823],[34.7881,-12.78765],[34.78398,-12.79795],[34.77751,-12.84594],[34.76043,-12.88185],[34.7569,-12.89362],[34.75484,-12.92188],[34.75661,-12.94308],[34.76338,-12.96339],[34.80635,-13.04846],[34.81577,-13.08467],[34.80871,-13.10969],[34.79723,-13.13647],[34.80106,-13.17268],[34.8093,-13.20918],[34.81224,-13.23626],[34.79458,-13.28071],[34.79164,-13.29808],[34.79458,-13.31574],[34.80194,-13.32869],[34.82608,-13.35313],[34.85934,-13.37403],[34.86287,-13.38286],[34.86228,-13.38904],[34.86022,-13.39434],[34.85934,-13.40052],[34.86611,-13.47028],[34.86464,-13.48883],[34.85492,-13.5215],[34.85257,-13.5374],[34.85934,-13.60275],[34.85227,-13.66692],[34.85728,-13.69312],[34.87994,-13.71608],[34.89878,-13.72491],[34.9135,-13.72667],[35.01712,-13.72344],[35.0548,-13.7305],[35.06893,-13.74934],[35.07423,-13.7776],[35.086,-13.81233],[35.09719,-13.82823],[35.10984,-13.84295],[35.11338,-13.84942],[35.11455,-13.8662],[35.12162,-13.88887],[35.12486,-13.908],[35.12692,-13.94244],[35.13457,-13.971],[35.17019,-14.02487],[35.18137,-14.05165],[35.18079,-14.06725],[35.17755,-14.08374],[35.17666,-14.10052],[35.18491,-14.117],[35.2164,-14.16469],[35.22053,-14.2006],[35.23053,-14.23063],[35.27174,-14.31246],[35.28793,-14.3363],[35.28793,-14.34631],[35.28234,-14.36368],[35.27469,-14.38016],[35.26762,-14.38752],[35.25997,-14.39017],[35.24525,-14.40047],[35.23613,-14.40136],[35.23112,-14.39753],[35.22729,-14.39105],[35.22465,-14.38458]],[[34.71069,-12.06617],[34.70244,-12.07794],[34.70833,-12.08383],[34.71775,-12.0906],[34.72894,-12.09354],[34.73983,-12.08883],[34.74424,-12.07617],[34.74042,-12.06352],[34.74101,-12.05233],[34.7569,-12.04379],[34.72894,-12.03025],[34.71834,-12.03879],[34.71069,-12.06617]]]}},{"type":"Feature","properties":{"lake_id":"LAKE_LAKE_TANGANYIKA","name":"Lake Tanganyika","source_name":"Lake Tanganyika","scale_rank":0,"min_zoom":1,"feature_class":"Lake","geometry_role":"cartographic waterbody context; not an ED-FLOW node, route or evidence record","source":"Natural Earth 1:10m lakes, version 5.0.0","source_commit":"ca96624a56bd078437bca8184e78163e5039ad19"},"geometry":{"type":"Polygon","coordinates":[[[30.80977,-8.58472],[30.80271,-8.57295],[30.79505,-8.5597],[30.77651,-8.55764],[30.75384,-8.55911],[30.73441,-8.55646],[30.72588,-8.54969],[30.72205,-8.54233],[30.7194,-8.53497],[30.7144,-8.5282],[30.70321,-8.52555],[30.69203,-8.52703],[30.6832,-8.52497],[30.67966,-8.51113],[30.68467,-8.492],[30.68437,-8.48434],[30.67613,-8.4811],[30.65435,-8.4814],[30.64522,-8.48317],[30.63816,-8.4867],[30.63786,-8.48846],[30.63198,-8.50112],[30.64434,-8.50495],[30.64964,-8.50436],[30.65788,-8.50112],[30.64346,-8.52408],[30.62432,-8.54322],[30.60342,-8.55823],[30.58341,-8.56941],[30.56133,-8.57825],[30.54808,-8.58178],[30.53189,-8.58296],[30.52954,-8.57795],[30.54102,-8.56677],[30.5575,-8.55499],[30.56987,-8.54881],[30.56516,-8.53909],[30.56221,-8.53527],[30.57399,-8.51584],[30.56692,-8.5023],[30.54985,-8.49759],[30.51217,-8.51407],[30.48744,-8.51672],[30.47037,-8.50848],[30.47361,-8.4867],[30.44623,-8.46668],[30.44211,-8.43342],[30.45183,-8.39603],[30.46684,-8.36454],[30.48685,-8.34128],[30.51452,-8.32333],[30.54396,-8.31037],[30.56987,-8.30302],[30.56074,-8.29065],[30.56133,-8.28006],[30.56604,-8.26858],[30.56987,-8.25474],[30.56987,-8.20293],[30.57458,-8.17762],[30.58252,-8.15848],[30.58429,-8.14023],[30.56987,-8.11757],[30.54897,-8.09814],[30.54249,-8.0896],[30.51482,-8.03897],[30.49745,-8.0269],[30.47449,-8.01836],[30.45241,-8.01513],[30.45683,-8.00482],[30.46007,-8.0007],[30.41856,-7.95979],[30.41444,-7.95243],[30.41297,-7.94595],[30.41032,-7.94124],[30.40149,-7.93918],[30.39354,-7.93889],[30.38618,-7.93741],[30.38088,-7.93447],[30.37146,-7.9068],[30.35321,-7.89002],[30.32878,-7.88178],[30.30288,-7.88472],[30.27639,-7.8494],[30.26873,-7.83615],[30.26608,-7.82379],[30.26579,-7.79641],[30.26137,-7.7817],[30.26696,-7.76521],[30.26373,-7.74519],[30.25549,-7.72753],[30.23223,-7.71105],[30.19956,-7.60096],[30.19867,-7.578],[30.2184,-7.54297],[30.21663,-7.52236],[30.20691,-7.47938],[30.20574,-7.46025],[30.20397,-7.45083],[30.18778,-7.40491],[30.18307,-7.369],[30.17512,-7.34898],[30.15216,-7.30924],[30.12803,-7.2486],[30.1139,-7.23006],[29.97466,-7.11084],[29.95641,-7.10319],[29.9467,-7.10113],[29.92668,-7.09171],[29.91491,-7.08965],[29.90254,-7.08876],[29.88135,-7.08523],[29.82512,-7.06816],[29.78951,-7.04726],[29.76213,-7.02018],[29.7221,-6.95807],[29.67765,-6.91067],[29.64821,-6.85386],[29.6382,-6.83914],[29.62555,-6.82737],[29.54901,-6.77114],[29.49867,-6.70285],[29.49367,-6.68902],[29.49161,-6.66606],[29.47365,-6.60983],[29.49043,-6.56892],[29.48572,-6.54566],[29.48425,-6.52741],[29.48719,-6.51358],[29.44245,-6.51799],[29.41802,-6.48237],[29.39182,-6.38994],[29.36592,-6.33254],[29.3668,-6.32136],[29.3512,-6.31046],[29.34001,-6.28633],[29.33295,-6.25866],[29.32618,-6.20861],[29.32235,-6.1989],[29.31381,-6.18948],[29.3041,-6.18506],[29.29409,-6.18153],[29.28497,-6.17506],[29.27849,-6.16799],[29.27555,-6.16122],[29.27466,-6.15327],[29.27466,-6.14091],[29.2726,-6.1259],[29.26672,-6.11942],[29.25818,-6.11589],[29.21138,-6.09028],[29.19784,-6.07821],[29.19254,-6.05819],[29.18577,-5.9796],[29.18783,-5.94486],[29.18635,-5.93015],[29.179,-5.91778],[29.23551,-5.89011],[29.31175,-5.82682],[29.32058,-5.81593],[29.32912,-5.80092],[29.34619,-5.75941],[29.35679,-5.74646],[29.35002,-5.74794],[29.34502,-5.74764],[29.3406,-5.74676],[29.3353,-5.74646],[29.34943,-5.72733],[29.34443,-5.7079],[29.33619,-5.69024],[29.34207,-5.66522],[29.33118,-5.64285],[29.33207,-5.63372],[29.34413,-5.62577],[29.35149,-5.63019],[29.35885,-5.63696],[29.37004,-5.63725],[29.37269,-5.60958],[29.25789,-5.41059],[29.24876,-5.40412],[29.17723,-5.29196],[29.14485,-5.21131],[29.12719,-5.13006],[29.11777,-5.12182],[29.10747,-5.10269],[29.09952,-5.08208],[29.09628,-5.06795],[29.10158,-5.05235],[29.11129,-5.03233],[29.11777,-5.01202],[29.11365,-4.99613],[29.1057,-4.97935],[29.09893,-4.77035],[29.11276,-4.61463],[29.11895,-4.59785],[29.13808,-4.56842],[29.14367,-4.55046],[29.14868,-4.51337],[29.15839,-4.50012],[29.17399,-4.50071],[29.18959,-4.51161],[29.20137,-4.51602],[29.20608,-4.4963],[29.1999,-4.43743],[29.1999,-4.41682],[29.20402,-4.39857],[29.21756,-4.37002],[29.25936,-4.11922],[29.24052,-4.0471],[29.23404,-4.0471],[29.21344,-4.12569],[29.19283,-4.16926],[29.18135,-4.22784],[29.1684,-4.24933],[29.15809,-4.27111],[29.15162,-4.33057],[29.13808,-4.34853],[29.1266,-4.34764],[29.11306,-4.34058],[29.10069,-4.33116],[29.09333,-4.32439],[29.08392,-4.31938],[29.04182,-4.30702],[29.04859,-4.30702],[29.0536,-4.28406],[29.06831,-4.25963],[29.08598,-4.23991],[29.10011,-4.23196],[29.10482,-4.22401],[29.10629,-4.20664],[29.10364,-4.17662],[29.09952,-4.16955],[29.08627,-4.15807],[29.08274,-4.14983],[29.08392,-4.14188],[29.09392,-4.12687],[29.09628,-4.11863],[29.08863,-4.04092],[29.0901,-4.01972],[29.10217,-3.98705],[29.10482,-3.93877],[29.10275,-3.92553],[29.09628,-3.91728],[29.10482,-3.89845],[29.10511,-3.86754],[29.12424,-3.83045],[29.11777,-3.81278],[29.10482,-3.79512],[29.09628,-3.77334],[29.1004,-3.75538],[29.12483,-3.72153],[29.13042,-3.70034],[29.13366,-3.69504],[29.15162,-3.68003],[29.13455,-3.42687],[29.14249,-3.3839],[29.16516,-3.35063],[29.20608,-3.33444],[29.25317,-3.33297],[29.29674,-3.34063],[29.32912,-3.36211],[29.34325,-3.40332],[29.33677,-3.76274],[29.37004,-3.85517],[29.37328,-3.88726],[29.3774,-3.89727],[29.38682,-3.90669],[29.398,-3.91346],[29.40742,-3.92141],[29.41596,-3.94584],[29.4348,-3.96497],[29.43892,-3.97527],[29.43715,-3.98587],[29.43333,-3.99382],[29.43068,-4.00206],[29.43215,-4.01295],[29.43715,-4.02208],[29.45952,-4.05328],[29.46953,-4.0733],[29.47483,-4.08183],[29.48366,-4.09125],[29.49396,-4.10656],[29.49691,-4.12334],[29.4972,-4.14218],[29.50103,-4.16308],[29.51045,-4.17632],[29.52428,-4.18722],[29.53635,-4.20076],[29.54195,-4.22166],[29.54518,-4.24373],[29.55372,-4.2664],[29.5914,-4.32939],[29.60612,-4.34617],[29.64144,-4.37944],[29.65439,-4.39916],[29.65675,-4.42035],[29.64968,-4.50955],[29.60259,-4.76064],[29.602,-4.83217],[29.60347,-4.84218],[29.60847,-4.85042],[29.61583,-4.85866],[29.62142,-4.86631],[29.62084,-4.87279],[29.59317,-4.89752],[29.59317,-4.90429],[29.61112,-4.91047],[29.64174,-4.91341],[29.65174,-4.91665],[29.6644,-4.92371],[29.67058,-4.93107],[29.675,-4.93902],[29.68265,-4.94844],[29.68972,-4.95227],[29.71621,-4.96345],[29.73593,-4.96905],[29.74565,-4.97758],[29.76184,-4.99907],[29.76566,-5.00084],[29.77126,-5.00054],[29.77685,-5.00113],[29.78156,-5.00643],[29.78185,-5.01232],[29.7795,-5.0185],[29.77538,-5.02645],[29.78156,-5.0447],[29.8057,-5.0759],[29.81629,-5.0971],[29.82248,-5.12035],[29.82306,-5.1436],[29.82071,-5.15508],[29.81688,-5.16097],[29.81306,-5.1648],[29.80952,-5.17039],[29.80717,-5.17186],[29.80334,-5.17186],[29.79922,-5.17275],[29.79569,-5.17716],[29.79569,-5.18364],[29.80069,-5.18452],[29.80658,-5.18423],[29.80952,-5.18776],[29.81129,-5.19895],[29.81394,-5.20631],[29.81364,-5.21278],[29.80599,-5.22191],[29.79981,-5.23339],[29.80658,-5.2537],[29.80246,-5.26665],[29.7951,-5.26253],[29.79186,-5.26194],[29.78892,-5.264],[29.78156,-5.26665],[29.78421,-5.27901],[29.78568,-5.30315],[29.78421,-5.32876],[29.77832,-5.34583],[29.76537,-5.3632],[29.7533,-5.38557],[29.74476,-5.40912],[29.74123,-5.4312],[29.75006,-5.46358],[29.77037,-5.49154],[29.81629,-5.53423],[29.83602,-5.55984],[29.94317,-5.79621],[29.95288,-5.84184],[29.95229,-5.86185],[29.94581,-5.89865],[29.94611,-5.91778],[29.92226,-5.92279],[29.8996,-5.93544],[29.83425,-5.99638],[29.8266,-6.00021],[29.81571,-5.99756],[29.79863,-5.98666],[29.78892,-5.98607],[29.77126,-5.99756],[29.75124,-6.01993],[29.73446,-6.04495],[29.72769,-6.06496],[29.72534,-6.12855],[29.73211,-6.19566],[29.72828,-6.21862],[29.7168,-6.23658],[29.71179,-6.24659],[29.7165,-6.25689],[29.72681,-6.26454],[29.75036,-6.27131],[29.75742,-6.28015],[29.76802,-6.30134],[29.85662,-6.41114],[29.9049,-6.45205],[29.94022,-6.47001],[29.95229,-6.48384],[29.95288,-6.50739],[30.02971,-6.4653],[30.0721,-6.45323],[30.11743,-6.45205],[30.13862,-6.45765],[30.15864,-6.46883],[30.17365,-6.48443],[30.17954,-6.50357],[30.19014,-6.52358],[30.29228,-6.62072],[30.30965,-6.63279],[30.32701,-6.6378],[30.33585,-6.64633],[30.35822,-6.69902],[30.3956,-6.74701],[30.39413,-6.7579],[30.40149,-6.78292],[30.41856,-6.82207],[30.48421,-6.89566],[30.50775,-6.91097],[30.51452,-6.92451],[30.56457,-6.9563],[30.57664,-6.97661],[30.57664,-7.01753],[30.57369,-7.02283],[30.56045,-7.03431],[30.55603,-7.04108],[30.55721,-7.05933],[30.56104,-7.08229],[30.55986,-7.10172],[30.54602,-7.10996],[30.51835,-7.10996],[30.51158,-7.10584],[30.50628,-7.09936],[30.50099,-7.09818],[30.49421,-7.10996],[30.50805,-7.1182],[30.52159,-7.13262],[30.53189,-7.15029],[30.53572,-7.16824],[30.53336,-7.17383],[30.53042,-7.18443],[30.53248,-7.19473],[30.54602,-7.19944],[30.55132,-7.20474],[30.56221,-7.24036],[30.60431,-7.33191],[30.61078,-7.37076],[30.60754,-7.38931],[30.5943,-7.43641],[30.59371,-7.44583],[30.60489,-7.45436],[30.5996,-7.4735],[30.58341,-7.50794],[30.62315,-7.57711],[30.62815,-7.58918],[30.64493,-7.59595],[30.65347,-7.61126],[30.65876,-7.62951],[30.66612,-7.64393],[30.67701,-7.65129],[30.7041,-7.66395],[30.7144,-7.6719],[30.72029,-7.68397],[30.72617,-7.70016],[30.73353,-7.71399],[30.74472,-7.72017],[30.79947,-7.87442],[30.82361,-7.8965],[30.83362,-7.91004],[30.84098,-7.94507],[30.84981,-7.95566],[30.87159,-7.97333],[30.88219,-7.98687],[30.90279,-8.01895],[30.90632,-8.03161],[30.90956,-8.07371],[30.91574,-8.09372],[30.92605,-8.1105],[30.93046,-8.10667],[30.94665,-8.09696],[30.95489,-8.11138],[30.96196,-8.12905],[30.96461,-8.14818],[30.9596,-8.16525],[30.95519,-8.15554],[30.95401,-8.15142],[30.94665,-8.15142],[30.94282,-8.16584],[30.94577,-8.17644],[30.95136,-8.18586],[30.95578,-8.20529],[30.96019,-8.21206],[30.96461,-8.21706],[30.96726,-8.22059],[30.96902,-8.22795],[30.96873,-8.23148],[30.96785,-8.23531],[30.96726,-8.24444],[30.97108,-8.2621],[30.9808,-8.27034],[30.99404,-8.27505],[31.00817,-8.28182],[31.01936,-8.29477],[31.03113,-8.32421],[31.04262,-8.33716],[31.04438,-8.33245],[31.04497,-8.33157],[31.04615,-8.33157],[31.04968,-8.3298],[31.06734,-8.35688],[31.1271,-8.39397],[31.14535,-8.42606],[31.13446,-8.48817],[31.13534,-8.52526],[31.15536,-8.54204],[31.16595,-8.54645],[31.1686,-8.55793],[31.16566,-8.58678],[31.17096,-8.59856],[31.19451,-8.6121],[31.19981,-8.62799],[31.19774,-8.63653],[31.18891,-8.65184],[31.18685,-8.65861],[31.18891,-8.66538],[31.19774,-8.68186],[31.19981,-8.68922],[31.19863,-8.70541],[31.19421,-8.72366],[31.18597,-8.73956],[31.17331,-8.74809],[31.16978,-8.73808],[31.15536,-8.7266],[31.14917,-8.70806],[31.14299,-8.71012],[31.13151,-8.72072],[31.12827,-8.72513],[31.12533,-8.73161],[31.12121,-8.73808],[31.10738,-8.74338],[31.10325,-8.75015],[31.10208,-8.75928],[31.10355,-8.7687],[31.08736,-8.77576],[31.06557,-8.78989],[31.0435,-8.80108],[31.02525,-8.79902],[30.85805,-8.61769],[30.80977,-8.58472]]]}},{"type":"Feature","properties":{"lake_id":"LAKE_LAKE_VICTORIA","name":"Lake Victoria","source_name":"Lake Victoria","scale_rank":0,"min_zoom":1,"feature_class":"Lake","geometry_role":"cartographic waterbody context; not an ED-FLOW node, route or evidence record","source":"Natural Earth 1:10m lakes, version 5.0.0","source_commit":"ca96624a56bd078437bca8184e78163e5039ad19"},"geometry":{"type":"Polygon","coordinates":[[[33.91355,-1.53205],[33.90472,-1.5294],[33.88882,-1.52116],[33.8794,-1.51822],[33.87028,-1.51733],[33.84172,-1.51822],[33.82465,-1.51233],[33.8167,-1.4982],[33.81023,-1.4823],[33.79757,-1.47053],[33.79315,-1.48171],[33.78432,-1.48201],[33.77166,-1.47818],[33.75577,-1.47671],[33.74782,-1.47936],[33.73457,-1.48907],[33.72574,-1.49114],[33.71662,-1.48907],[33.71044,-1.48466],[33.70573,-1.47995],[33.7019,-1.47671],[33.681,-1.46641],[33.66746,-1.46435],[33.65392,-1.47053],[33.64744,-1.4823],[33.65274,-1.49202],[33.66187,-1.50085],[33.66775,-1.51145],[33.68247,-1.5088],[33.686,-1.5191],[33.68129,-1.535],[33.67129,-1.54913],[33.65716,-1.55501],[33.64185,-1.55442],[33.62654,-1.5556],[33.61241,-1.5662],[33.61918,-1.5712],[33.62743,-1.57267],[33.63685,-1.57091],[33.64656,-1.5662],[33.64833,-1.57797],[33.65392,-1.58415],[33.66275,-1.58474],[33.67452,-1.58033],[33.68689,-1.5977],[33.68836,-1.60417],[33.68777,-1.61536],[33.68542,-1.61771],[33.67923,-1.61948],[33.66775,-1.62801],[33.67629,-1.63213],[33.68424,-1.6339],[33.69277,-1.63302],[33.7019,-1.62801],[33.70926,-1.63685],[33.71132,-1.64833],[33.70867,-1.6601],[33.7019,-1.66981],[33.69542,-1.67364],[33.68777,-1.67541],[33.58533,-1.676],[33.54912,-1.67217],[33.54324,-1.67541],[33.5506,-1.69013],[33.55678,-1.69631],[33.57827,-1.71014],[33.58415,-1.71603],[33.58975,-1.72309],[33.59887,-1.73811],[33.60564,-1.73045],[33.61477,-1.7387],[33.64126,-1.75695],[33.64656,-1.76195],[33.64126,-1.7752],[33.62949,-1.77843],[33.61771,-1.77549],[33.61241,-1.76872],[33.58062,-1.76107],[33.57827,-1.75842],[33.56738,-1.76548],[33.56708,-1.77166],[33.56885,-1.77991],[33.56473,-1.79256],[33.55707,-1.80346],[33.55001,-1.80964],[33.54088,-1.81258],[33.52705,-1.81317],[33.52263,-1.81729],[33.51527,-1.82642],[33.50527,-1.83554],[33.49261,-1.83966],[33.47082,-1.84025],[33.45081,-1.83731],[33.44051,-1.82553],[33.44786,-1.79963],[33.3884,-1.79875],[33.36515,-1.80434],[33.33807,-1.82612],[33.3313,-1.83731],[33.32129,-1.86586],[33.31128,-1.88352],[33.3104,-1.89088],[33.31069,-1.9056],[33.30716,-1.90737],[33.28302,-1.92238],[33.31422,-1.94446],[33.35278,-1.92473],[33.39252,-1.89706],[33.42755,-1.895],[33.4302,-1.88499],[33.43785,-1.88028],[33.44904,-1.8797],[33.4617,-1.88146],[33.45522,-1.89353],[33.46082,-1.90148],[33.4823,-1.91561],[33.49025,-1.92679],[33.48849,-1.93239],[33.4617,-1.94975],[33.50438,-1.95358],[33.54412,-1.9633],[33.54236,-1.96742],[33.54177,-1.9683],[33.54059,-1.9683],[33.53676,-1.97006],[33.54442,-1.9733],[33.54707,-1.97536],[33.55001,-1.97448],[33.55796,-1.97006],[33.57326,-1.98714],[33.56914,-2.00156],[33.55707,-2.01481],[33.5506,-2.02894],[33.54265,-2.0257],[33.49643,-2.02541],[33.43138,-1.98125],[33.39988,-1.97213],[33.37221,-1.99803],[33.40018,-2.03895],[33.38605,-2.04277],[33.38251,-2.04601],[33.37957,-2.05337],[33.34042,-2.01893],[33.32423,-2.01658],[33.32453,-2.04572],[33.31775,-2.04572],[33.3104,-2.031],[33.29686,-2.01128],[33.28155,-2.00039],[33.26977,-2.01157],[33.28479,-2.01893],[33.29244,-2.03159],[33.29273,-2.04542],[33.28596,-2.05631],[33.28096,-2.05249],[33.25623,-2.04572],[33.25623,-2.04719],[33.22827,-2.04572],[33.22326,-2.04454],[33.22091,-2.0416],[33.21885,-2.04277],[33.21473,-2.05337],[33.21708,-2.05337],[33.21914,-2.06191],[33.2212,-2.0725],[33.2215,-2.07986],[33.21767,-2.09046],[33.20884,-2.1043],[33.20766,-2.11489],[33.21002,-2.12313],[33.21355,-2.1302],[33.2215,-2.14197],[33.23945,-2.12166],[33.25947,-2.11107],[33.28243,-2.11107],[33.31069,-2.12166],[33.33659,-2.13579],[33.34749,-2.14609],[33.3519,-2.15905],[33.35808,-2.16758],[33.37251,-2.16611],[33.40018,-2.15581],[33.44934,-2.1511],[33.50939,-2.15316],[33.5662,-2.16317],[33.60564,-2.18289],[33.6289,-2.15816],[33.64214,-2.14668],[33.65716,-2.14197],[33.66658,-2.13756],[33.7122,-2.10459],[33.74929,-2.08575],[33.78638,-2.09488],[33.81582,-2.12313],[33.83142,-2.16258],[33.83113,-2.172],[33.82553,-2.1879],[33.82465,-2.19731],[33.827,-2.20055],[33.83172,-2.20467],[33.83642,-2.21056],[33.83848,-2.22057],[33.7805,-2.25884],[33.77019,-2.2606],[33.75989,-2.26973],[33.71544,-2.27915],[33.7019,-2.2868],[33.66775,-2.31329],[33.64862,-2.30829],[33.6339,-2.31889],[33.61241,-2.34744],[33.5974,-2.35656],[33.55737,-2.37217],[33.54059,-2.37482],[33.53235,-2.37864],[33.52234,-2.38718],[33.5138,-2.39748],[33.50997,-2.40543],[33.51145,-2.41426],[33.51498,-2.41838],[33.52057,-2.42103],[33.52705,-2.42604],[33.52999,-2.44016],[33.51527,-2.4487],[33.49349,-2.44841],[33.47583,-2.43575],[33.46553,-2.44429],[33.44257,-2.45223],[33.41696,-2.46725],[33.40754,-2.46725],[33.40754,-2.46784],[33.42078,-2.47725],[33.4564,-2.49374],[33.4617,-2.50169],[33.45875,-2.51611],[33.45081,-2.527],[33.43992,-2.53112],[33.42755,-2.52494],[33.42196,-2.5323],[33.42078,-2.53907],[33.42284,-2.54555],[33.42755,-2.55291],[33.41048,-2.55438],[33.39988,-2.55202],[33.39429,-2.54407],[33.39282,-2.52877],[33.38693,-2.53083],[33.37309,-2.5326],[33.3572,-2.53142],[33.34484,-2.52494],[33.34749,-2.52229],[33.35102,-2.51376],[33.35337,-2.50434],[33.3519,-2.49845],[33.34454,-2.49551],[33.33836,-2.49757],[33.33424,-2.50228],[33.32982,-2.5167],[33.32305,-2.51435],[33.31569,-2.50846],[33.31069,-2.50522],[33.28626,-2.51111],[33.23386,-2.51788],[33.2215,-2.51817],[33.20766,-2.51287],[33.18559,-2.49521],[33.17734,-2.49138],[33.17322,-2.48815],[33.1741,-2.47372],[33.17057,-2.47048],[33.16998,-2.46901],[33.15114,-2.46342],[33.14702,-2.46283],[33.13849,-2.45253],[33.12701,-2.42898],[33.11906,-2.41632],[33.11935,-2.40013],[33.0805,-2.38895],[32.99925,-2.38041],[32.96275,-2.38836],[32.92654,-2.40926],[32.903,-2.4384],[32.90682,-2.47048],[32.8924,-2.46519],[32.88151,-2.46725],[32.87474,-2.47725],[32.87268,-2.49492],[32.87797,-2.50757],[32.90152,-2.5326],[32.90682,-2.54967],[32.90064,-2.55408],[32.87709,-2.58676],[32.87621,-2.59441],[32.86561,-2.60148],[32.86502,-2.61737],[32.86973,-2.63444],[32.87621,-2.64563],[32.89505,-2.65888],[32.89917,-2.6627],[32.90771,-2.67536],[32.90947,-2.67919],[32.90623,-2.68154],[32.89917,-2.69008],[32.89564,-2.68831],[32.88828,-2.68714],[32.88092,-2.69096],[32.87945,-2.7045],[32.88327,-2.70863],[32.90035,-2.72423],[32.90682,-2.731],[32.91094,-2.73865],[32.91654,-2.75337],[32.92036,-2.75896],[32.92596,-2.76249],[32.94244,-2.76956],[32.94774,-2.7725],[32.9548,-2.78634],[32.94803,-2.7937],[32.93567,-2.80223],[32.92713,-2.82048],[32.9601,-2.81872],[32.96864,-2.82048],[32.96952,-2.82402],[32.96805,-2.83726],[32.96864,-2.84109],[32.98247,-2.84845],[32.99189,-2.84963],[33.00043,-2.84609],[33.01014,-2.8455],[33.02339,-2.85463],[33.02781,-2.86111],[33.02928,-2.86876],[33.0281,-2.87612],[33.02339,-2.88259],[33.01132,-2.88377],[32.9916,-2.87818],[32.9339,-2.85169],[32.91771,-2.8405],[32.908,-2.8246],[32.90682,-2.79988],[32.89917,-2.79988],[32.89093,-2.82195],[32.87768,-2.83196],[32.86061,-2.83903],[32.84118,-2.85139],[32.83235,-2.8664],[32.82528,-2.88848],[32.82205,-2.90997],[32.82499,-2.92292],[32.80939,-2.96089],[32.8038,-2.97061],[32.77083,-2.99946],[32.76288,-3.01211],[32.75552,-3.01211],[32.74787,-3.00005],[32.74551,-2.98503],[32.74875,-2.96914],[32.75905,-2.95383],[32.76258,-2.94176],[32.76229,-2.92822],[32.76965,-2.91821],[32.79673,-2.91674],[32.79673,-2.90997],[32.76494,-2.88613],[32.74551,-2.8773],[32.72844,-2.88259],[32.72049,-2.86964],[32.72549,-2.86258],[32.74904,-2.85463],[32.78172,-2.83667],[32.7932,-2.83402],[32.80586,-2.83314],[32.84736,-2.82431],[32.84795,-2.81666],[32.84442,-2.80577],[32.84471,-2.79311],[32.86591,-2.75455],[32.87297,-2.72894],[32.86208,-2.71746],[32.83411,-2.71422],[32.82293,-2.70539],[32.82705,-2.69244],[32.84471,-2.67654],[32.82558,-2.66565],[32.81763,-2.66447],[32.81057,-2.66889],[32.80586,-2.66094],[32.80203,-2.6527],[32.79673,-2.63503],[32.81174,-2.63916],[32.81734,-2.64239],[32.82146,-2.62326],[32.81586,-2.60383],[32.81616,-2.5897],[32.83765,-2.58705],[32.83411,-2.57557],[32.82911,-2.56733],[32.82146,-2.5638],[32.81057,-2.56645],[32.81233,-2.54996],[32.82057,-2.53937],[32.83088,-2.53024],[32.83765,-2.51817],[32.83765,-2.51199],[32.82852,-2.50934],[32.8244,-2.50434],[32.82087,-2.49727],[32.8141,-2.48815],[32.80527,-2.4852],[32.7879,-2.49521],[32.77642,-2.49138],[32.76229,-2.49963],[32.74669,-2.52288],[32.73462,-2.5326],[32.73491,-2.51935],[32.73226,-2.49874],[32.73462,-2.49138],[32.72844,-2.48461],[32.68723,-2.51111],[32.67339,-2.51817],[32.67987,-2.50434],[32.69017,-2.48962],[32.69488,-2.47343],[32.68399,-2.45371],[32.66956,-2.43398],[32.66633,-2.41809],[32.66574,-2.4016],[32.65956,-2.38041],[32.65073,-2.38895],[32.64189,-2.40543],[32.63513,-2.42221],[32.63247,-2.43251],[32.63041,-2.45341],[32.62482,-2.46725],[32.54946,-2.53848],[32.52474,-2.55291],[32.50207,-2.54614],[32.5162,-2.51817],[32.52297,-2.50963],[32.54034,-2.49492],[32.54858,-2.48226],[32.553,-2.46666],[32.55359,-2.45047],[32.55064,-2.43575],[32.54358,-2.43575],[32.53798,-2.44664],[32.51767,-2.45989],[32.50943,-2.47048],[32.5006,-2.46195],[32.49206,-2.45577],[32.48323,-2.45547],[32.47528,-2.46283],[32.46587,-2.45871],[32.45556,-2.45635],[32.44497,-2.45606],[32.43378,-2.45665],[32.43613,-2.45194],[32.43937,-2.44046],[32.44114,-2.43575],[32.39522,-2.43663],[32.37137,-2.43222],[32.35813,-2.41632],[32.36107,-2.40366],[32.33811,-2.37894],[32.32015,-2.35392],[32.32398,-2.3339],[32.33016,-2.33302],[32.33899,-2.33478],[32.34518,-2.33773],[32.34429,-2.34126],[32.35666,-2.3336],[32.36107,-2.3289],[32.35489,-2.32654],[32.33811,-2.3233],[32.32869,-2.31565],[32.30985,-2.27179],[32.30573,-2.2712],[32.29307,-2.27179],[32.28071,-2.27473],[32.27041,-2.28062],[32.25863,-2.28386],[32.24185,-2.27915],[32.23714,-2.27355],[32.23096,-2.25648],[32.22772,-2.25207],[32.21889,-2.25089],[32.21418,-2.25619],[32.21389,-2.26237],[32.21772,-2.26561],[32.2239,-2.27267],[32.22507,-2.28916],[32.22154,-2.32095],[32.203,-2.32154],[32.17739,-2.3704],[32.15943,-2.38836],[32.14619,-2.39101],[32.13294,-2.38865],[32.12293,-2.38188],[32.1191,-2.37099],[32.08201,-2.36952],[32.0776,-2.36746],[32.07053,-2.37511],[32.06641,-2.38571],[32.06435,-2.39866],[32.06376,-2.41279],[32.06788,-2.42456],[32.0773,-2.42957],[32.08879,-2.43192],[32.09791,-2.43575],[32.10233,-2.44193],[32.10439,-2.45429],[32.10792,-2.45989],[32.11498,-2.46401],[32.13,-2.4699],[32.14619,-2.48226],[32.15737,-2.48844],[32.16679,-2.49639],[32.17356,-2.51199],[32.16238,-2.52082],[32.1609,-2.53583],[32.15678,-2.55085],[32.13824,-2.56026],[32.13853,-2.55202],[32.13206,-2.5326],[32.1194,-2.53642],[32.10821,-2.53083],[32.10174,-2.52111],[32.10439,-2.51199],[32.09555,-2.5064],[32.08672,-2.50316],[32.07789,-2.50286],[32.06994,-2.50522],[32.07436,-2.51317],[32.07495,-2.51552],[32.07289,-2.51758],[32.06994,-2.52494],[32.05846,-2.50905],[32.03551,-2.48314],[32.02962,-2.47048],[32.02609,-2.47873],[32.02373,-2.48667],[32.02255,-2.49492],[32.02285,-2.50522],[32.01608,-2.50522],[32.00725,-2.48697],[31.994,-2.49079],[31.98576,-2.50787],[31.99194,-2.52877],[31.99223,-2.53701],[31.98841,-2.56144],[31.99194,-2.56645],[31.99518,-2.5688],[31.99547,-2.57381],[31.99429,-2.5794],[31.99194,-2.58381],[31.98281,-2.59088],[31.97781,-2.59088],[31.97398,-2.58764],[31.96839,-2.58705],[31.95691,-2.58852],[31.94837,-2.58823],[31.94101,-2.58911],[31.93424,-2.59441],[31.93218,-2.60118],[31.93571,-2.60795],[31.94249,-2.61296],[31.95073,-2.61502],[31.95779,-2.61855],[31.96545,-2.62709],[31.97192,-2.63739],[31.97722,-2.65947],[31.9837,-2.66712],[31.99047,-2.67153],[31.99488,-2.67654],[31.99577,-2.6836],[31.99429,-2.70274],[31.99488,-2.71068],[32.00077,-2.71716],[32.01902,-2.73217],[32.02285,-2.74159],[32.01549,-2.76014],[31.999,-2.76838],[31.98075,-2.76573],[31.96839,-2.75219],[31.96515,-2.72982],[31.96545,-2.7098],[31.95985,-2.69567],[31.93719,-2.69008],[31.93719,-2.68066],[31.93866,-2.66182],[31.93189,-2.64858],[31.90628,-2.65593],[31.90657,-2.64122],[31.90451,-2.63474],[31.89951,-2.63503],[31.89333,-2.64092],[31.8945,-2.64445],[31.89804,-2.64858],[31.89951,-2.65593],[31.89921,-2.66771],[31.90245,-2.69979],[31.90628,-2.71068],[31.88803,-2.71245],[31.87213,-2.71746],[31.87449,-2.70244],[31.86831,-2.68743],[31.858,-2.67801],[31.848,-2.67978],[31.83946,-2.68684],[31.8321,-2.69126],[31.82651,-2.69714],[31.82415,-2.70745],[31.82916,-2.72099],[31.83063,-2.72805],[31.82739,-2.731],[31.82886,-2.73806],[31.84211,-2.77339],[31.84476,-2.78634],[31.83828,-2.79988],[31.82533,-2.8143],[31.81002,-2.82667],[31.79648,-2.83402],[31.78294,-2.81489],[31.78235,-2.79075],[31.7903,-2.74159],[31.78942,-2.7257],[31.78647,-2.71863],[31.78088,-2.71716],[31.76234,-2.71746],[31.75969,-2.71598],[31.76086,-2.71127],[31.76351,-2.69273],[31.77588,-2.66889],[31.77558,-2.66477],[31.77352,-2.66005],[31.77352,-2.65417],[31.77941,-2.64563],[31.785,-2.64298],[31.79795,-2.64386],[31.80914,-2.64004],[31.81326,-2.64122],[31.81591,-2.64004],[31.81679,-2.6318],[31.81679,-2.62414],[31.81709,-2.62002],[31.81915,-2.61796],[31.82415,-2.61502],[31.83534,-2.61502],[31.84682,-2.61914],[31.85565,-2.61737],[31.8583,-2.60089],[31.84623,-2.6056],[31.82974,-2.60795],[31.79972,-2.60825],[31.7691,-2.61796],[31.75468,-2.62002],[31.7485,-2.61149],[31.7485,-2.55673],[31.7432,-2.54702],[31.73143,-2.54437],[31.71965,-2.53907],[31.71435,-2.5217],[31.71789,-2.50757],[31.72672,-2.50493],[31.73996,-2.5064],[31.75527,-2.50522],[31.77117,-2.49786],[31.78294,-2.48785],[31.79118,-2.47578],[31.79648,-2.46283],[31.7953,-2.45547],[31.79148,-2.44811],[31.78942,-2.44075],[31.79619,-2.42486],[31.78971,-2.42044],[31.77588,-2.41632],[31.75939,-2.39307],[31.75615,-2.381],[31.75527,-2.36128],[31.77117,-2.36363],[31.77234,-2.35745],[31.76351,-2.34803],[31.7485,-2.34126],[31.75115,-2.33714],[31.75527,-2.32654],[31.72525,-2.32036],[31.70405,-2.33184],[31.68492,-2.34921],[31.65931,-2.36128],[31.64165,-2.36186],[31.6337,-2.35627],[31.63164,-2.34332],[31.63193,-2.3236],[31.63399,-2.31624],[31.639,-2.30858],[31.6493,-2.29622],[31.65283,-2.28827],[31.65224,-2.25884],[31.67226,-2.19937],[31.66932,-2.18995],[31.67491,-2.1826],[31.69375,-2.14197],[31.69169,-2.13491],[31.68168,-2.12372],[31.6805,-2.11489],[31.68433,-2.10547],[31.69787,-2.08781],[31.70081,-2.07662],[31.69846,-2.07162],[31.68845,-2.06367],[31.68639,-2.05955],[31.68786,-2.05455],[31.69287,-2.04719],[31.69551,-2.03365],[31.70699,-2.0048],[31.68933,-2.00598],[31.6805,-2.01186],[31.67432,-2.01952],[31.66608,-2.02541],[31.65666,-2.02776],[31.65106,-2.02747],[31.64518,-2.02629],[31.63517,-2.02541],[31.62928,-2.02864],[31.62604,-2.03571],[31.62133,-2.04071],[31.61103,-2.03895],[31.6125,-2.00362],[31.61839,-1.97419],[31.63075,-1.94799],[31.67373,-1.895],[31.68433,-1.86733],[31.69375,-1.79963],[31.69846,-1.78373],[31.7117,-1.75547],[31.72054,-1.676],[31.73614,-1.64362],[31.75409,-1.61977],[31.76086,-1.59652],[31.74173,-1.5662],[31.75262,-1.53764],[31.74879,-1.49378],[31.75527,-1.46582],[31.79648,-1.48407],[31.80119,-1.47082],[31.80296,-1.45611],[31.80296,-1.42549],[31.80531,-1.41195],[31.81473,-1.38987],[31.82091,-1.34749],[31.84211,-1.30686],[31.85094,-1.27801],[31.85859,-1.18235],[31.8686,-1.1588],[31.87007,-1.14997],[31.86418,-1.13849],[31.85624,-1.12583],[31.85094,-1.11347],[31.85035,-1.09934],[31.85153,-1.08727],[31.85123,-1.0752],[31.84476,-1.05901],[31.85388,-1.05194],[31.86713,-1.03811],[31.8739,-1.02457],[31.86183,-1.01868],[31.85359,-1.02103],[31.84593,-1.02457],[31.84005,-1.02427],[31.83799,-1.01485],[31.83828,-1.00396],[31.8374,-0.99513],[31.83357,-0.98836],[31.82415,-0.98394],[31.82474,-1.00161],[31.82121,-1.02133],[31.81385,-1.03988],[31.80296,-1.04547],[31.78147,-1.05518],[31.76852,-1.04753],[31.76704,-1.02957],[31.785,-0.99866],[31.78795,-0.98865],[31.78647,-0.98041],[31.77234,-0.97335],[31.76999,-0.96452],[31.76616,-0.92007],[31.7691,-0.86384],[31.76057,-0.84648],[31.74085,-0.84265],[31.71818,-0.84353],[31.70081,-0.83941],[31.69699,-0.8244],[31.69905,-0.79938],[31.70611,-0.77524],[31.71759,-0.76464],[31.71789,-0.75699],[31.75527,-0.71637],[31.77882,-0.66927],[31.78647,-0.66162],[31.79501,-0.65926],[31.79825,-0.65249],[31.79707,-0.64484],[31.78559,-0.6257],[31.78471,-0.61628],[31.79295,-0.57596],[31.79648,-0.56565],[31.82768,-0.52268],[31.83475,-0.50855],[31.83799,-0.49383],[31.84682,-0.47146],[31.86831,-0.45674],[31.91305,-0.43584],[31.9263,-0.4223],[31.96132,-0.37785],[31.96839,-0.36343],[31.97752,-0.33811],[31.99783,-0.31456],[32.01902,-0.30602],[32.02962,-0.32575],[32.03727,-0.32575],[32.0358,-0.31132],[32.02962,-0.29455],[32.02079,-0.27865],[32.01284,-0.26746],[32.0099,-0.26099],[32.00872,-0.25304],[32.00607,-0.24656],[31.99871,-0.24421],[31.99017,-0.2445],[31.98428,-0.24421],[31.97958,-0.24038],[31.97457,-0.23037],[31.98016,-0.20476],[31.98046,-0.18946],[31.97133,-0.18269],[31.96132,-0.18357],[31.92659,-0.19564],[31.93542,-0.15531],[31.94013,-0.1403],[31.93454,-0.13912],[31.91982,-0.13412],[31.93984,-0.1247],[31.99488,-0.08584],[32.01196,-0.09261],[32.0517,-0.09497],[32.06994,-0.09938],[32.0617,-0.07583],[32.02579,-0.0673],[32.01608,-0.04463],[32.03109,-0.04875],[32.03727,-0.05228],[32.07672,-0.03639],[32.10439,-0.04551],[32.13206,-0.06317],[32.17003,-0.07259],[32.18828,-0.06847],[32.20035,-0.05758],[32.20624,-0.04198],[32.208,-0.02432],[32.20535,-0.01578],[32.19593,0.00247],[32.19358,0.01366],[32.19564,0.01807],[32.208,0.0372],[32.20683,0.03102],[32.20683,0.02602],[32.20535,0.0216],[32.20035,0.0166],[32.21536,-0.00342],[32.24126,-0.02138],[32.26923,-0.02903],[32.28983,-0.01755],[32.2916,0.00188],[32.27953,0.01895],[32.24833,0.04397],[32.25569,0.05133],[32.28601,0.0375],[32.32428,0.0269],[32.35224,0.00953],[32.35195,-0.02432],[32.37285,-0.0252],[32.37903,-0.02432],[32.36872,-0.00371],[32.37491,0.05398],[32.36549,0.08548],[32.38609,0.09166],[32.40111,0.07783],[32.42112,0.08283],[32.43908,0.09931],[32.44761,0.11904],[32.45909,0.10873],[32.45792,0.09519],[32.44997,0.08165],[32.44114,0.07135],[32.41965,0.05516],[32.422,0.04868],[32.43761,0.03367],[32.45203,0.03014],[32.46292,0.04133],[32.47175,0.05634],[32.48176,0.06782],[32.48412,0.07606],[32.48824,0.08342],[32.49589,0.08548],[32.5006,0.08077],[32.50943,0.05133],[32.51797,0.05663],[32.52385,0.074],[32.53004,0.07812],[32.53975,0.07488],[32.54711,0.06576],[32.55741,0.04397],[32.57007,0.06046],[32.54387,0.10226],[32.55064,0.11904],[32.55947,0.11315],[32.57802,0.1052],[32.58803,0.10785],[32.57154,0.13346],[32.59068,0.13935],[32.59833,0.14023],[32.59833,0.147],[32.5895,0.14994],[32.57154,0.16143],[32.57537,0.17467],[32.563,0.18968],[32.56801,0.19851],[32.5789,0.20146],[32.58803,0.19734],[32.5948,0.19616],[32.59833,0.20852],[32.61599,0.21147],[32.62659,0.24002],[32.63483,0.27328],[32.64543,0.29095],[32.6628,0.28889],[32.66692,0.27682],[32.66338,0.26327],[32.64778,0.24767],[32.64808,0.23089],[32.65661,0.22206],[32.67339,0.23649],[32.68075,0.22206],[32.6575,0.18321],[32.66132,0.17173],[32.69047,0.16731],[32.6993,0.17408],[32.70724,0.18792],[32.7149,0.20852],[32.72491,0.20587],[32.73109,0.19616],[32.73609,0.1838],[32.74168,0.17379],[32.72844,0.16643],[32.71107,0.14465],[32.70401,0.14023],[32.68576,0.14111],[32.68075,0.14023],[32.67045,0.13523],[32.6625,0.13287],[32.65308,0.13346],[32.66073,0.11992],[32.66132,0.09843],[32.66662,0.09166],[32.68222,0.08901],[32.69488,0.0946],[32.70459,0.10226],[32.71107,0.10608],[32.71961,0.10726],[32.73226,0.1105],[32.74404,0.1158],[32.74904,0.12286],[32.75611,0.1261],[32.77171,0.12021],[32.79673,0.10608],[32.79732,0.12492],[32.79908,0.13876],[32.80321,0.15024],[32.81057,0.16143],[32.81734,0.16143],[32.82234,0.14965],[32.83235,0.14965],[32.8453,0.15171],[32.85914,0.147],[32.85531,0.15495],[32.85325,0.16319],[32.85148,0.18115],[32.85914,0.18115],[32.86414,0.16878],[32.87768,0.19057],[32.89299,0.19557],[32.89004,0.19145],[32.88828,0.18851],[32.88563,0.18115],[32.89593,0.18144],[32.89917,0.18115],[32.89093,0.17143],[32.88592,0.16113],[32.88739,0.15259],[32.89917,0.147],[32.88887,0.14317],[32.87768,0.1364],[32.8715,0.12698],[32.87621,0.1158],[32.88798,0.10726],[32.89269,0.10726],[32.89328,0.10491],[32.89299,0.08872],[32.90123,0.07694],[32.92066,0.07783],[32.9863,0.10108],[33.00808,0.11285],[33.07755,0.16614],[33.08491,0.17379],[33.09198,0.18615],[33.10522,0.22206],[33.07167,0.22354],[33.04311,0.22884],[33.07049,0.2465],[33.07873,0.25003],[33.07873,0.2568],[33.07108,0.2568],[33.07108,0.26298],[33.08109,0.26033],[33.09875,0.25179],[33.12377,0.24708],[33.12347,0.23973],[33.11288,0.2256],[33.117,0.21441],[33.12642,0.21706],[33.13554,0.22471],[33.13937,0.22884],[33.14084,0.23413],[33.13937,0.2412],[33.13878,0.24738],[33.1432,0.25003],[33.15085,0.25121],[33.15615,0.25415],[33.16734,0.26298],[33.15644,0.27652],[33.15056,0.29742],[33.15379,0.31626],[33.17057,0.3245],[33.18882,0.32892],[33.22003,0.34746],[33.23857,0.35188],[33.2421,0.35453],[33.26418,0.36778],[33.26977,0.37307],[33.27066,0.38632],[33.26683,0.39044],[33.25918,0.39073],[33.23121,0.39692],[33.21002,0.39839],[33.19295,0.40604],[33.18735,0.42812],[33.2109,0.42282],[33.23592,0.42724],[33.25035,0.44048],[33.24181,0.46168],[33.2739,0.47669],[33.28302,0.48287],[33.29067,0.4396],[33.31864,0.43754],[33.34572,0.45638],[33.3519,0.47522],[33.36603,0.497],[33.38516,0.49082],[33.38929,0.48464],[33.37221,0.46168],[33.34984,0.42194],[33.35484,0.41605],[33.3625,0.41134],[33.36603,0.40722],[33.34925,0.39191],[33.3257,0.38926],[33.3101,0.3819],[33.31775,0.35188],[33.32865,0.35953],[33.36603,0.37307],[33.36986,0.36395],[33.36897,0.35512],[33.36515,0.34658],[33.35926,0.33893],[33.37692,0.34305],[33.39488,0.34128],[33.41195,0.33451],[33.42755,0.3245],[33.42608,0.33304],[33.42431,0.33893],[33.42078,0.34275],[33.41372,0.3457],[33.44198,0.35629],[33.45581,0.35777],[33.46906,0.35188],[33.45493,0.3457],[33.46582,0.33069],[33.48319,0.3245],[33.49467,0.31891],[33.48907,0.30478],[33.50821,0.30036],[33.50791,0.28329],[33.49496,0.27034],[33.47583,0.27741],[33.4823,0.28094],[33.48907,0.28359],[33.47524,0.28977],[33.45905,0.29448],[33.44404,0.29536],[33.43432,0.29095],[33.42638,0.29566],[33.41843,0.29772],[33.40018,0.29772],[33.40548,0.28889],[33.41342,0.28359],[33.43432,0.27741],[33.42078,0.27005],[33.43344,0.26121],[33.43903,0.25856],[33.44786,0.2568],[33.42638,0.24355],[33.43962,0.22736],[33.46553,0.20882],[33.4823,0.18792],[33.48907,0.18792],[33.48643,0.21618],[33.4876,0.23031],[33.49261,0.23649],[33.50114,0.23207],[33.50379,0.22148],[33.50262,0.19557],[33.51115,0.20293],[33.52204,0.21794],[33.53058,0.22206],[33.52911,0.21117],[33.52558,0.20058],[33.51616,0.18115],[33.52528,0.18262],[33.53117,0.18556],[33.5347,0.19174],[33.53676,0.20175],[33.54412,0.20175],[33.54589,0.18586],[33.5556,0.17968],[33.56649,0.1838],[33.5715,0.19851],[33.58003,0.20764],[33.59887,0.21559],[33.61742,0.22707],[33.62625,0.2462],[33.61889,0.29889],[33.61977,0.31096],[33.62949,0.32068],[33.64214,0.32333],[33.65568,0.31979],[33.66775,0.31096],[33.68571,0.32598],[33.69425,0.3301],[33.70867,0.33216],[33.72044,0.33069],[33.73546,0.32598],[33.749,0.3192],[33.75577,0.31096],[33.7334,0.30684],[33.71515,0.2983],[33.7019,0.28418],[33.69513,0.26298],[33.70632,0.26798],[33.71838,0.26887],[33.73075,0.26681],[33.74282,0.26298],[33.74282,0.2568],[33.73369,0.24885],[33.72044,0.23325],[33.70985,0.21529],[33.70867,0.20175],[33.72192,0.19322],[33.76372,0.19086],[33.77696,0.18792],[33.78756,0.19793],[33.78785,0.20852],[33.78609,0.22059],[33.78992,0.23649],[33.80463,0.2203],[33.80787,0.19999],[33.80934,0.17732],[33.81788,0.15377],[33.82347,0.16672],[33.827,0.19351],[33.83142,0.20852],[33.86203,0.18851],[33.89383,0.17379],[33.8953,0.19233],[33.90501,0.1991],[33.9159,0.2044],[33.92091,0.21912],[33.96594,0.25621],[33.97213,0.26298],[33.98037,0.26445],[33.98184,0.26563],[33.98272,0.26445],[33.9892,0.2568],[33.99303,0.2515],[34.00186,0.23296],[34.00362,0.2256],[34.00127,0.21294],[33.99155,0.18115],[33.9892,0.16437],[33.99038,0.13493],[33.98832,0.11904],[33.98243,0.10608],[33.97419,0.10285],[33.96536,0.10579],[33.958,0.10579],[33.95505,0.09519],[33.95623,0.07547],[33.95829,0.06635],[33.96182,0.05751],[33.96889,0.05045],[33.97772,0.04486],[33.98596,0.03809],[33.9892,0.0269],[33.98979,0.01807],[33.99597,-0.01078],[33.99597,-0.04051],[33.9998,-0.04463],[34.01805,-0.04581],[34.02452,-0.04816],[34.03012,-0.05228],[34.03012,-0.05847],[34.0207,-0.07053],[34.02717,-0.07495],[34.03895,-0.07465],[34.04366,-0.07259],[34.05514,-0.0879],[34.05131,-0.08584],[34.05455,-0.09114],[34.05514,-0.09673],[34.0572,-0.10174],[34.06485,-0.10674],[34.06485,-0.09673],[34.06603,-0.08878],[34.06838,-0.08113],[34.07192,-0.07259],[34.06485,-0.07259],[34.07692,-0.06347],[34.09458,-0.05935],[34.12343,-0.05847],[34.13491,-0.06494],[34.13079,-0.07966],[34.11283,-0.10674],[34.12873,-0.10645],[34.13844,-0.11145],[34.13785,-0.11734],[34.12343,-0.12058],[34.11548,-0.12293],[34.09105,-0.13559],[34.08546,-0.1403],[34.09399,-0.16885],[34.12225,-0.18534],[34.15816,-0.19122],[34.18789,-0.18887],[34.18495,-0.20888],[34.19584,-0.22125],[34.2294,-0.23714],[34.24912,-0.25216],[34.25324,-0.26452],[34.23647,-0.29867],[34.25118,-0.29896],[34.25678,-0.30514],[34.25383,-0.31486],[34.24324,-0.32575],[34.25207,-0.32869],[34.26266,-0.33428],[34.27208,-0.34047],[34.27709,-0.34635],[34.27885,-0.35813],[34.2762,-0.36843],[34.27208,-0.37667],[34.27091,-0.38109],[34.28798,-0.39639],[34.30299,-0.39051],[34.31388,-0.37373],[34.3183,-0.35695],[34.32536,-0.34135],[34.37629,-0.3019],[34.38688,-0.28483],[34.38836,-0.2654],[34.38306,-0.24421],[34.37276,-0.22331],[34.35745,-0.2289],[34.34626,-0.21978],[34.34155,-0.20388],[34.34538,-0.18887],[34.3598,-0.17945],[34.37747,-0.17857],[34.4069,-0.18269],[34.44664,-0.16826],[34.46165,-0.16826],[34.49139,-0.17974],[34.50551,-0.18092],[34.52082,-0.1718],[34.53407,-0.15943],[34.54849,-0.14942],[34.56409,-0.14265],[34.6003,-0.13735],[34.62385,-0.12352],[34.64652,-0.11704],[34.65888,-0.1088],[34.66977,-0.09879],[34.67448,-0.08967],[34.72275,-0.09114],[34.73659,-0.08584],[34.73541,-0.10968],[34.731,-0.12381],[34.73129,-0.13794],[34.74336,-0.16208],[34.75013,-0.15443],[34.7569,-0.16561],[34.76809,-0.17915],[34.78163,-0.19063],[34.79517,-0.19564],[34.7987,-0.20624],[34.83285,-0.27129],[34.83667,-0.27247],[34.84698,-0.27953],[34.85463,-0.28748],[34.84933,-0.29131],[34.84639,-0.29455],[34.84315,-0.30161],[34.83785,-0.30897],[34.82902,-0.31221],[34.8093,-0.30632],[34.78281,-0.28689],[34.77074,-0.29131],[34.74954,-0.28719],[34.74836,-0.30073],[34.75425,-0.32045],[34.75366,-0.33576],[34.74042,-0.34017],[34.67831,-0.34635],[34.65829,-0.34488],[34.61296,-0.33193],[34.60471,-0.33281],[34.59588,-0.33546],[34.58676,-0.33576],[34.57587,-0.32899],[34.5691,-0.32221],[34.56233,-0.31839],[34.55438,-0.31898],[34.54408,-0.32575],[34.527,-0.32457],[34.49786,-0.32928],[34.46784,-0.33752],[34.4487,-0.34635],[34.45076,-0.36725],[34.44929,-0.39698],[34.45694,-0.42407],[34.49992,-0.44143],[34.50522,-0.45409],[34.50551,-0.46792],[34.50316,-0.47676],[34.4749,-0.49383],[34.47225,-0.49736],[34.46077,-0.50148],[34.43634,-0.52091],[34.42397,-0.52503],[34.40749,-0.52179],[34.40808,-0.51355],[34.41573,-0.50443],[34.42044,-0.49736],[34.41868,-0.48912],[34.40955,-0.46851],[34.40396,-0.45998],[34.39542,-0.45085],[34.386,-0.44467],[34.37452,-0.44143],[34.35921,-0.44202],[34.36569,-0.45909],[34.36069,-0.47264],[34.34774,-0.47941],[34.33125,-0.47676],[34.32654,-0.47087],[34.3183,-0.4535],[34.31123,-0.44938],[34.30476,-0.45232],[34.30446,-0.46057],[34.3077,-0.46969],[34.31123,-0.47676],[34.28474,-0.46586],[34.24441,-0.42936],[34.21586,-0.42848],[34.21998,-0.41877],[34.22263,-0.41523],[34.18907,-0.4223],[34.17435,-0.45085],[34.16111,-0.51767],[34.15022,-0.53151],[34.13697,-0.53504],[34.10253,-0.5321],[34.10135,-0.53475],[34.08546,-0.55182],[34.0778,-0.55447],[34.06367,-0.55565],[34.05749,-0.55859],[34.06573,-0.5686],[34.07515,-0.57684],[34.08281,-0.58626],[34.08546,-0.59951],[34.08134,-0.60775],[34.0725,-0.61687],[34.0622,-0.62453],[34.05455,-0.62747],[34.04778,-0.64131],[34.03748,-0.7305],[34.05749,-0.72814],[34.0675,-0.74875],[34.07133,-0.77612],[34.07192,-0.79526],[34.07839,-0.79761],[34.1196,-0.82617],[34.16552,-0.84177],[34.17494,-0.84677],[34.18319,-0.8712],[34.16965,-0.88651],[34.15022,-0.89829],[34.13991,-0.91183],[34.12785,-0.95363],[34.12461,-0.97776],[34.13344,-0.99749],[34.13344,-1.00367],[34.11754,-0.99925],[34.07192,-0.97011],[34.06603,-0.99601],[34.05837,-1.0022],[34.03748,-0.99749],[34.04807,-1.01191],[34.06338,-1.01574],[34.07957,-1.01191],[34.09223,-1.00367],[34.09782,-1.01897],[34.08722,-1.0228],[34.0725,-1.02516],[34.06485,-1.03546],[34.0675,-1.044],[34.0725,-1.04606],[34.07545,-1.04841],[34.07192,-1.05901],[34.04071,-1.07961],[34.03365,-1.08226],[34.03041,-1.08874],[34.02806,-1.0958],[34.02335,-1.10051],[34.01628,-1.10169],[33.99273,-1.10051],[33.97566,-1.10522],[33.98007,-1.11582],[33.99038,-1.12848],[33.99273,-1.13819],[33.9633,-1.17263],[33.94828,-1.18323],[33.91561,-1.19883],[33.9006,-1.20884],[33.88617,-1.22326],[33.87322,-1.25594],[33.88588,-1.27772],[33.90884,-1.28567],[33.92768,-1.27801],[33.93386,-1.27801],[33.9318,-1.28272],[33.92974,-1.2892],[33.92768,-1.29244],[33.92768,-1.29862],[33.94652,-1.30363],[33.96683,-1.31628],[33.98272,-1.33306],[33.9892,-1.35013],[33.98861,-1.35985],[33.98567,-1.36986],[33.97948,-1.37604],[33.96889,-1.37427],[33.96742,-1.36986],[33.96918,-1.3622],[33.97242,-1.35543],[33.97566,-1.35367],[33.96182,-1.34013],[33.95417,-1.33689],[33.93386,-1.33453],[33.91561,-1.32394],[33.90531,-1.3207],[33.88293,-1.31952],[33.82141,-1.32629],[33.80434,-1.31952],[33.79256,-1.33424],[33.79904,-1.34866],[33.82465,-1.37427],[33.82053,-1.37751],[33.81994,-1.37928],[33.81965,-1.38193],[33.81788,-1.38781],[33.83201,-1.3831],[33.84378,-1.38752],[33.85291,-1.39753],[33.8588,-1.40842],[33.79757,-1.38781],[33.78138,-1.39753],[33.78138,-1.4096],[33.79109,-1.42137],[33.80434,-1.42902],[33.81258,-1.42961],[33.83024,-1.42755],[33.83848,-1.42902],[33.84732,-1.43344],[33.84996,-1.43727],[33.85173,-1.44198],[33.8588,-1.44992],[33.86733,-1.47082],[33.87116,-1.47053],[33.87587,-1.46935],[33.8794,-1.47053],[33.89088,-1.48024],[33.89441,-1.48613],[33.89383,-1.49761],[33.90913,-1.4876],[33.91855,-1.48407],[33.92768,-1.48407],[33.93592,-1.48996],[33.94004,-1.49908],[33.94269,-1.50762],[33.94475,-1.51145],[33.95299,-1.5138],[33.95594,-1.51851],[33.95299,-1.52351],[33.94475,-1.52557],[33.94004,-1.5244],[33.93298,-1.5188],[33.92768,-1.51822],[33.92709,-1.52028],[33.92326,-1.52528],[33.91826,-1.52999],[33.91355,-1.53205]],[[34.14639,-0.40523],[34.1196,-0.41523],[34.1196,-0.42789],[34.13285,-0.43172],[34.14992,-0.4326],[34.16111,-0.43584],[34.20408,-0.40729],[34.21733,-0.38904],[34.22263,-0.36019],[34.21409,-0.36843],[34.20732,-0.38874],[34.20202,-0.39492],[34.19113,-0.39463],[34.18201,-0.38727],[34.16729,-0.36696],[34.15846,-0.39404],[34.15375,-0.4011],[34.14639,-0.40523]],[[33.94652,-0.4641],[33.94563,-0.47293],[33.95182,-0.47676],[33.97183,-0.48029],[33.99862,-0.49795],[34.01716,-0.50472],[34.02688,-0.49766],[34.04895,-0.49],[34.05749,-0.48294],[34.06191,-0.4744],[34.05926,-0.47057],[34.05396,-0.46734],[34.05131,-0.45998],[34.04513,-0.43731],[34.03041,-0.43231],[33.99597,-0.44202],[33.96418,-0.44496],[33.95505,-0.44938],[33.95093,-0.45497],[33.94652,-0.4641]],[[31.81591,-1.80081],[31.81061,-1.81935],[31.84064,-1.79521],[31.84917,-1.77991],[31.85094,-1.75842],[31.84535,-1.75312],[31.8424,-1.75165],[31.83799,-1.75165],[31.83651,-1.77461],[31.8268,-1.78844],[31.81591,-1.80081]],[[31.7747,-2.13991],[31.78647,-2.14757],[31.79795,-2.15139],[31.80296,-2.14551],[31.82121,-2.13638],[31.82474,-2.13049],[31.80678,-2.12755],[31.79324,-2.12431],[31.785,-2.11489],[31.78147,-2.10194],[31.78265,-2.08752],[31.77588,-2.07986],[31.76881,-2.0937],[31.7644,-2.10724],[31.7641,-2.12107],[31.7691,-2.1352],[31.7747,-2.13991]],[[31.91982,-2.41632],[31.921,-2.39807],[31.91393,-2.38335],[31.90451,-2.36952],[31.89951,-2.3548],[31.90157,-2.33684],[31.90716,-2.32654],[31.90775,-2.32183],[31.89598,-2.32095],[31.86889,-2.31006],[31.86006,-2.28356],[31.85624,-2.25207],[31.84476,-2.2241],[31.84034,-2.21556],[31.82827,-2.20997],[31.81768,-2.20291],[31.81679,-2.18289],[31.81061,-2.18289],[31.79089,-2.23411],[31.78824,-2.25972],[31.81061,-2.25207],[31.80796,-2.26767],[31.80119,-2.28121],[31.7903,-2.28886],[31.77588,-2.28592],[31.78265,-2.32095],[31.80296,-2.31594],[31.82239,-2.31683],[31.83033,-2.32271],[31.81679,-2.3339],[31.82474,-2.34744],[31.84476,-2.36451],[31.85094,-2.37482],[31.85123,-2.38865],[31.84064,-2.41102],[31.83799,-2.42604],[31.84064,-2.44105],[31.84829,-2.45459],[31.86006,-2.46048],[31.87537,-2.45371],[31.91276,-2.42397],[31.91982,-2.41632]],[[31.89951,-1.63508],[31.94013,-1.66216],[31.93748,-1.65127],[31.93336,-1.64391],[31.91982,-1.62801],[31.89627,-1.61506],[31.89244,-1.61094],[31.88832,-1.61035],[31.8583,-1.62124],[31.86801,-1.63626],[31.87184,-1.65304],[31.87213,-1.69013],[31.86713,-1.69071],[31.86595,-1.68895],[31.86595,-1.6863],[31.86536,-1.68277],[31.86536,-1.69955],[31.8583,-1.74488],[31.88862,-1.6913],[31.89774,-1.66275],[31.89951,-1.63508]],[[32.06994,-2.29298],[32.07142,-2.27797],[32.06759,-2.26708],[32.05994,-2.26531],[32.05022,-2.27915],[32.04404,-2.27915],[32.04551,-2.26973],[32.04846,-2.2609],[32.05199,-2.25265],[32.05699,-2.245],[32.05022,-2.25207],[32.0461,-2.24706],[32.04463,-2.24265],[32.04404,-2.23146],[32.02579,-2.23352],[32.0096,-2.24294],[31.99312,-2.25501],[31.97457,-2.26561],[31.96015,-2.27149],[31.95102,-2.27709],[31.9472,-2.28592],[31.95102,-2.29239],[31.97222,-2.28974],[31.98134,-2.29298],[31.98517,-2.30888],[31.97487,-2.32242],[31.96074,-2.33478],[31.95455,-2.34744],[31.96604,-2.34096],[31.96986,-2.34361],[31.97133,-2.35009],[31.97457,-2.3548],[31.97546,-2.35774],[31.97457,-2.36186],[31.97428,-2.36569],[31.97781,-2.36746],[31.98164,-2.36657],[31.98664,-2.36451],[31.98988,-2.36245],[31.9887,-2.36128],[32.00371,-2.36128],[32.02079,-2.35774],[32.03757,-2.35097],[32.05022,-2.34126],[32.06994,-2.29298]],[[32.28277,-0.35312],[32.32398,-0.35401],[32.31898,-0.33752],[32.29719,-0.31427],[32.28983,-0.29867],[32.28071,-0.30308],[32.27718,-0.30897],[32.27806,-0.31692],[32.28307,-0.32575],[32.27335,-0.33016],[32.26423,-0.33075],[32.25598,-0.32693],[32.24833,-0.31839],[32.25569,-0.30544],[32.21271,-0.32133],[32.1874,-0.32751],[32.1662,-0.32575],[32.15296,-0.31162],[32.15619,-0.2916],[32.17356,-0.25745],[32.17238,-0.23979],[32.15737,-0.23449],[32.11174,-0.23714],[32.08613,-0.23155],[32.07377,-0.23037],[32.06435,-0.23508],[32.06553,-0.2448],[32.06465,-0.25451],[32.05022,-0.25745],[32.05022,-0.26393],[32.0773,-0.27306],[32.09173,-0.28042],[32.09791,-0.28807],[32.09938,-0.29572],[32.10233,-0.29808],[32.10674,-0.29984],[32.11174,-0.30544],[32.11174,-0.30926],[32.10586,-0.31633],[32.10439,-0.32221],[32.11646,-0.32987],[32.14413,-0.33811],[32.17238,-0.34076],[32.1874,-0.33193],[32.19358,-0.33193],[32.20241,-0.34135],[32.21801,-0.35018],[32.22831,-0.36048],[32.22154,-0.37373],[32.23126,-0.37814],[32.24126,-0.38609],[32.24804,-0.39669],[32.24833,-0.40846],[32.24215,-0.41347],[32.23332,-0.41317],[32.22507,-0.40905],[32.21654,-0.39875],[32.20594,-0.40787],[32.19711,-0.42142],[32.19711,-0.42848],[32.18563,-0.42907],[32.1768,-0.43113],[32.17062,-0.43555],[32.1662,-0.44202],[32.1662,-0.44938],[32.17091,-0.45821],[32.16767,-0.47146],[32.15266,-0.49736],[32.13588,-0.51532],[32.13235,-0.52533],[32.13824,-0.53828],[32.1662,-0.53828],[32.16561,-0.53121],[32.16709,-0.52327],[32.17356,-0.50472],[32.17827,-0.50649],[32.18916,-0.50914],[32.19358,-0.5109],[32.19034,-0.49736],[32.18975,-0.47823],[32.1874,-0.46999],[32.22537,-0.46263],[32.24185,-0.4638],[32.24185,-0.46999],[32.23626,-0.47705],[32.23862,-0.48353],[32.24715,-0.48853],[32.25893,-0.4903],[32.26305,-0.48706],[32.26599,-0.4797],[32.27188,-0.47234],[32.28307,-0.46999],[32.27482,-0.4329],[32.2707,-0.38668],[32.28277,-0.35312]],[[32.34282,-0.26158],[32.34724,-0.2657],[32.35195,-0.27129],[32.3699,-0.26982],[32.36519,-0.25804],[32.35195,-0.24156],[32.34429,-0.22714],[32.33958,-0.21595],[32.3281,-0.20417],[32.3125,-0.19799],[32.29661,-0.203],[32.30573,-0.20594],[32.31515,-0.21153],[32.32398,-0.21978],[32.33134,-0.23037],[32.32163,-0.23538],[32.31927,-0.24215],[32.3228,-0.2498],[32.33134,-0.25745],[32.33311,-0.25216],[32.33428,-0.25216],[32.33752,-0.2501],[32.33929,-0.25716],[32.34282,-0.26158]],[[32.38845,-0.36784],[32.40052,-0.36607],[32.41347,-0.36696],[32.41347,-0.36019],[32.40022,-0.35695],[32.39463,-0.34841],[32.38992,-0.3387],[32.37903,-0.33193],[32.36931,-0.33428],[32.36872,-0.34429],[32.37314,-0.35695],[32.37903,-0.36696],[32.37255,-0.3649],[32.35842,-0.36254],[32.35195,-0.36019],[32.35401,-0.3702],[32.35666,-0.37491],[32.36078,-0.3755],[32.38845,-0.36784]],[[32.53121,-2.32654],[32.53681,-2.30711],[32.53269,-2.28386],[32.52385,-2.28239],[32.51296,-2.28798],[32.50207,-2.28592],[32.49589,-2.28592],[32.49883,-2.31241],[32.50207,-2.32095],[32.4747,-2.32448],[32.46498,-2.31418],[32.46793,-2.27179],[32.46174,-2.27179],[32.45497,-2.28327],[32.44644,-2.28386],[32.4382,-2.27709],[32.43378,-2.26561],[32.40758,-2.34214],[32.40994,-2.3548],[32.42642,-2.36216],[32.43201,-2.37923],[32.43437,-2.39954],[32.44114,-2.41632],[32.45203,-2.42044],[32.46263,-2.41838],[32.47234,-2.41191],[32.48176,-2.40219],[32.49206,-2.40425],[32.50678,-2.3966],[32.51944,-2.38306],[32.52327,-2.36746],[32.51944,-2.36952],[32.51885,-2.37069],[32.51826,-2.37187],[32.5162,-2.37482],[32.51208,-2.35892],[32.52003,-2.34332],[32.53121,-2.32654]],[[32.53828,-0.39021],[32.54358,-0.37373],[32.52945,-0.37814],[32.52385,-0.38138],[32.5162,-0.38727],[32.50884,-0.38344],[32.50413,-0.38403],[32.50207,-0.3911],[32.50266,-0.40552],[32.50207,-0.40846],[32.48971,-0.41847],[32.46999,-0.42053],[32.45409,-0.42848],[32.47705,-0.44173],[32.47293,-0.46086],[32.45586,-0.47911],[32.44114,-0.4903],[32.44408,-0.49795],[32.4485,-0.50207],[32.45409,-0.50384],[32.46174,-0.50472],[32.47087,-0.49972],[32.48117,-0.49206],[32.48647,-0.48176],[32.48176,-0.46999],[32.49295,-0.46586],[32.5006,-0.45851],[32.52121,-0.42053],[32.52356,-0.40964],[32.52327,-0.39492],[32.53004,-0.39492],[32.53681,-0.40846],[32.5371,-0.39846],[32.53828,-0.39021]],[[32.75375,-0.01843],[32.74963,-0.02726],[32.75346,-0.03992],[32.76288,-0.05228],[32.78231,-0.03668],[32.80321,-0.00901],[32.81086,0.01925],[32.78937,0.0372],[32.78937,0.0166],[32.78319,0.0166],[32.77348,0.02072],[32.767,0.01159],[32.76523,-0.00371],[32.76965,-0.01755],[32.75375,-0.01843]],[[32.8038,-0.10645],[32.81734,-0.08584],[32.80438,-0.07995],[32.7932,-0.08025],[32.78525,-0.08672],[32.78319,-0.09938],[32.77348,-0.09703],[32.76288,-0.0932],[32.76582,-0.07701],[32.75876,-0.05994],[32.74669,-0.04581],[32.73462,-0.03786],[32.73727,-0.04934],[32.74257,-0.06023],[32.75552,-0.07966],[32.75552,-0.08584],[32.74551,-0.08319],[32.73904,-0.0776],[32.7358,-0.06936],[32.73462,-0.05847],[32.7302,-0.06759],[32.72402,-0.0723],[32.71637,-0.07142],[32.70754,-0.06524],[32.7096,-0.07701],[32.71372,-0.08819],[32.71431,-0.09791],[32.70754,-0.10674],[32.69871,-0.10586],[32.69164,-0.09761],[32.68399,-0.09408],[32.67339,-0.10674],[32.65956,-0.09938],[32.66544,-0.11116],[32.67398,-0.11793],[32.68576,-0.12087],[32.70077,-0.12058],[32.71872,-0.12558],[32.7408,-0.11498],[32.75552,-0.12058],[32.74168,-0.12735],[32.74168,-0.13412],[32.76582,-0.13088],[32.78643,-0.12146],[32.8038,-0.10645]],[[33.00573,-1.80522],[33.00926,-1.81935],[32.99543,-1.81935],[32.99866,-1.82642],[33.00249,-1.83819],[33.00367,-1.84908],[32.99925,-1.85409],[32.9969,-1.8588],[33.00485,-1.86969],[33.02339,-1.88823],[33.02722,-1.88941],[33.03046,-1.89],[33.03399,-1.89118],[33.03723,-1.895],[33.07049,-1.86969],[33.08373,-1.85615],[33.08815,-1.85379],[33.0908,-1.84908],[33.09168,-1.83672],[33.08992,-1.8326],[33.08138,-1.82112],[33.07873,-1.81317],[33.08491,-1.81317],[33.09345,-1.8167],[33.09757,-1.81435],[33.09698,-1.80787],[33.09168,-1.79963],[33.08344,-1.79551],[33.07225,-1.7958],[33.05077,-1.79963],[33.01574,-1.80051],[33.00573,-1.80522]],[[33.18676,-2.13197],[33.18735,-2.12461],[33.18617,-2.11666],[33.18294,-2.11607],[33.17852,-2.11725],[33.17352,-2.11489],[33.14379,-2.08781],[33.13466,-2.07398],[33.14702,-2.06691],[33.14702,-2.05955],[33.10934,-2.05131],[33.10051,-2.04336],[33.12024,-2.01128],[33.11759,-1.99597],[33.10993,-1.98125],[33.10522,-1.96683],[33.09728,-1.96535],[33.04694,-1.97742],[33.0437,-1.97566],[33.03575,-1.9733],[33.02722,-1.9733],[33.02339,-1.98066],[33.01897,-1.98184],[32.99248,-1.99126],[32.94097,-1.9633],[32.93155,-1.94799],[32.93597,-1.9368],[32.9448,-1.92562],[32.94774,-1.90943],[32.94303,-1.90442],[32.92478,-1.89647],[32.92036,-1.895],[32.91153,-1.89647],[32.90712,-1.89971],[32.89917,-1.90943],[32.87974,-1.92709],[32.86797,-1.93504],[32.85148,-1.94328],[32.84648,-1.93474],[32.84147,-1.93091],[32.8347,-1.92974],[32.82499,-1.92915],[32.83117,-1.94328],[32.84648,-1.95947],[32.85148,-1.97006],[32.85914,-1.97006],[32.86384,-1.97183],[32.89181,-1.97448],[32.89917,-1.97742],[32.89711,-1.98949],[32.88739,-2.00303],[32.8503,-2.0416],[32.84501,-2.05072],[32.84471,-2.05955],[32.85325,-2.07192],[32.86208,-2.07044],[32.8715,-2.06632],[32.88269,-2.06986],[32.90447,-2.08546],[32.92861,-2.09223],[32.97865,-2.0937],[32.99601,-2.099],[33.04311,-2.1352],[33.05577,-2.1405],[33.06666,-2.13932],[33.07461,-2.13285],[33.07873,-2.12166],[33.10228,-2.13432],[33.12053,-2.15228],[33.14173,-2.1667],[33.17352,-2.16935],[33.16351,-2.15404],[33.16763,-2.14757],[33.17646,-2.14698],[33.18088,-2.14874],[33.18559,-2.13756],[33.18676,-2.13197]],[[33.18411,0.14994],[33.19471,0.16143],[33.17675,0.16143],[33.16586,0.147],[33.1641,0.12551],[33.17352,0.10608],[33.18088,0.11727],[33.18411,0.14994]],[[33.29597,0.03073],[33.30392,0.04397],[33.28302,0.04397],[33.28479,0.04868],[33.28802,0.05958],[33.29038,0.0637],[33.26418,0.05751],[33.25035,0.04957],[33.2477,0.03544],[33.25623,0.01042],[33.28449,0.0219],[33.29597,0.03073]],[[33.38693,0.25121],[33.40018,0.2568],[33.3884,0.2724],[33.38104,0.28741],[33.37103,0.29772],[33.3519,0.29772],[33.3519,0.29095],[33.35956,0.28889],[33.36574,0.28506],[33.37015,0.27858],[33.37221,0.27005],[33.36603,0.27005],[33.3569,0.27446],[33.34984,0.2671],[33.34719,0.25444],[33.3519,0.24267],[33.34336,0.24591],[33.3416,0.24708],[33.33807,0.25003],[33.32923,0.23914],[33.31981,0.24032],[33.31452,0.24797],[33.31775,0.2568],[33.31775,0.26298],[33.29597,0.26327],[33.29391,0.27417],[33.30392,0.2883],[33.31775,0.29772],[33.29833,0.30507],[33.27802,0.30449],[33.23857,0.29772],[33.23327,0.29418],[33.21119,0.26651],[33.20501,0.25592],[33.20884,0.24974],[33.2215,0.24267],[33.25505,0.20794],[33.25918,0.20175],[33.2633,0.19851],[33.26212,0.19145],[33.25623,0.18439],[33.24564,0.18115],[33.23563,0.18174],[33.20766,0.18792],[33.22827,0.15377],[33.23504,0.15377],[33.24681,0.16496],[33.26447,0.15318],[33.27919,0.12993],[33.28302,0.10608],[33.29391,0.10991],[33.30127,0.11757],[33.30451,0.12787],[33.30392,0.14023],[33.31069,0.14023],[33.3101,0.1002],[33.31628,0.08489],[33.33247,0.07812],[33.33924,0.07989],[33.34219,0.08165],[33.34484,0.08548],[33.32453,0.09696],[33.31923,0.11904],[33.32511,0.1417],[33.33807,0.15377],[33.32511,0.16025],[33.31775,0.17143],[33.31687,0.18409],[33.32453,0.19557],[33.31834,0.21088],[33.32482,0.21912],[33.3363,0.21735],[33.34484,0.20175],[33.3522,0.21088],[33.35926,0.21735],[33.36633,0.21912],[33.37221,0.21588],[33.37869,0.22766],[33.38163,0.24032],[33.38693,0.25121]],[[33.72604,-0.1297],[33.72869,-0.1088],[33.71897,-0.09938],[33.70484,-0.10409],[33.67129,-0.12676],[33.65392,-0.13412],[33.65392,-0.1403],[33.6707,-0.13824],[33.68159,-0.13971],[33.68924,-0.14707],[33.69513,-0.16208],[33.7019,-0.15443],[33.71544,-0.16826],[33.72604,-0.1297]],[[33.7696,0.07812],[33.78108,0.07282],[33.81994,0.06487],[33.83142,0.0637],[33.8429,0.06782],[33.85232,0.07312],[33.86351,0.07371],[33.8794,0.0637],[33.88264,0.07871],[33.86674,0.09048],[33.84378,0.09578],[33.82465,0.09166],[33.81229,0.11521],[33.78609,0.1158],[33.76548,0.10079],[33.7696,0.07812]]]}},{"type":"Feature","properties":{"lake_id":"LAKE_LAKE_CHAD","name":"Lake Chad","source_name":"Lake Chad","scale_rank":1,"min_zoom":1.7,"feature_class":"Lake","geometry_role":"cartographic waterbody context; not an ED-FLOW node, route or evidence record","source":"Natural Earth 1:10m lakes, version 5.0.0","source_commit":"ca96624a56bd078437bca8184e78163e5039ad19"},"geometry":{"type":"Polygon","coordinates":[[[14.73366,13.08077],[14.74515,13.07577],[14.76811,13.06988],[14.72071,13.05222],[14.70511,13.04457],[14.69863,13.03897],[14.69069,13.00954],[14.68892,13.00718],[14.68716,13.00424],[14.68127,13.00188],[14.67862,12.99541],[14.68097,12.98952],[14.68392,12.98334],[14.68127,12.97775],[14.66714,12.97451],[14.65271,12.97392],[14.64477,12.97245],[14.63711,12.97303],[14.61945,12.99011],[14.60944,12.99394],[14.59885,12.99629],[14.58825,12.99129],[14.58089,12.98187],[14.57854,12.97421],[14.57147,12.97156],[14.56499,12.97716],[14.56058,12.98452],[14.55086,12.98599],[14.54086,12.98363],[14.50906,12.97804],[14.49552,12.97009],[14.48552,12.95743],[14.47904,12.95243],[14.47668,12.94419],[14.47345,12.93712],[14.46903,12.93918],[14.4652,12.95155],[14.46197,12.95743],[14.45637,12.95125],[14.45255,12.9436],[14.45225,12.933],[14.45049,12.92976],[14.44872,12.92653],[14.44136,12.9333],[14.43253,12.93624],[14.42341,12.93094],[14.41546,12.92329],[14.40604,12.91593],[14.39838,12.9071],[14.41016,12.89444],[14.40663,12.88208],[14.40044,12.88208],[14.39456,12.88325],[14.38749,12.88237],[14.37248,12.87295],[14.36277,12.87413],[14.35364,12.87884],[14.34304,12.87913],[14.31861,12.8703],[14.31331,12.87501],[14.31037,12.88502],[14.30036,12.88767],[14.26886,12.88826],[14.27593,12.89856],[14.288,12.90415],[14.27328,12.9383],[14.28417,12.94124],[14.29359,12.94684],[14.28594,12.96185],[14.27181,12.97392],[14.27033,12.9801],[14.27092,12.98481],[14.26062,12.99394],[14.24737,12.99923],[14.2512,13.00453],[14.25768,13.00983],[14.26327,13.0116],[14.28299,13.01307],[14.29388,13.01955],[14.29418,13.0272],[14.29153,13.03485],[14.29035,13.04221],[14.28535,13.04869],[14.27858,13.05281],[14.27387,13.05811],[14.28505,13.06164],[14.32479,13.05722],[14.32126,13.06988],[14.30595,13.09902],[14.30242,13.10903],[14.29653,13.11816],[14.28476,13.12522],[14.27887,13.13611],[14.30684,13.12669],[14.34599,13.08872],[14.3507,13.08166],[14.36277,13.06782],[14.38072,13.0637],[14.37631,13.07341],[14.37307,13.08342],[14.3713,13.10256],[14.35953,13.11227],[14.34481,13.11875],[14.3033,13.16555],[14.30036,13.17261],[14.3089,13.17173],[14.31802,13.16761],[14.32715,13.16231],[14.33716,13.15907],[14.34658,13.15819],[14.35629,13.15878],[14.36365,13.1629],[14.36689,13.17026],[14.36424,13.18027],[14.37395,13.19381],[14.43753,13.22354],[14.44695,13.22207],[14.45726,13.21647],[14.46903,13.21441],[14.46256,13.22236],[14.46432,13.2306],[14.51319,13.25121],[14.53674,13.25356],[14.54439,13.24885],[14.55057,13.24208],[14.57059,13.22766],[14.59855,13.19911],[14.60768,13.19293],[14.61209,13.19734],[14.61415,13.20264],[14.61121,13.20941],[14.60974,13.21736],[14.63181,13.21235],[14.65124,13.21589],[14.66743,13.20558],[14.67361,13.18851],[14.66773,13.18056],[14.66684,13.17703],[14.67097,13.16437],[14.67538,13.15731],[14.69275,13.14877],[14.70276,13.13494],[14.71865,13.12787],[14.71954,13.12198],[14.71983,13.11639],[14.71718,13.10933],[14.71865,13.09873],[14.72424,13.08901],[14.73366,13.08077]]]}},{"type":"Feature","properties":{"lake_id":"LAKE_LAKE_TANA","name":"Lake Tana","source_name":"Lake Tana","scale_rank":1,"min_zoom":1.7,"feature_class":"Lake","geometry_role":"cartographic waterbody context; not an ED-FLOW node, route or evidence record","source":"Natural Earth 1:10m lakes, version 5.0.0","source_commit":"ca96624a56bd078437bca8184e78163e5039ad19"},"geometry":{"type":"Polygon","coordinates":[[[37.30197,11.74024],[37.29638,11.78616],[37.29226,11.79882],[37.28461,11.80824],[37.27224,11.81648],[37.259,11.82178],[37.22456,11.83031],[37.20984,11.83031],[37.19483,11.82443],[37.18187,11.81618],[37.16745,11.81],[37.14861,11.8103],[37.13213,11.81648],[37.123,11.8259],[37.11976,11.83944],[37.12065,11.85828],[37.10181,11.85033],[37.09504,11.83532],[37.09239,11.81854],[37.0865,11.80353],[37.07237,11.82678],[37.06972,11.83031],[37.06619,11.83208],[37.0444,11.84003],[37.0394,11.84121],[37.03557,11.86152],[37.02615,11.87977],[37.01085,11.88978],[36.99142,11.88536],[36.9873,11.90538],[36.99318,11.92245],[37.00084,11.9354],[37.00143,11.94364],[36.99937,11.95512],[37.01526,12.17089],[37.02439,12.18826],[37.06825,12.24213],[37.0812,12.25214],[37.0968,12.25596],[37.11005,12.26185],[37.123,12.27333],[37.13742,12.28128],[37.15538,12.27657],[37.16745,12.25891],[37.17039,12.2386],[37.17599,12.22005],[37.1963,12.20769],[37.21219,12.22064],[37.22662,12.21946],[37.23986,12.2121],[37.25105,12.20769],[37.26812,12.20916],[37.27578,12.21564],[37.29491,12.26479],[37.30168,12.27451],[37.31287,12.28275],[37.3267,12.28923],[37.33759,12.29099],[37.34789,12.28511],[37.36085,12.26892],[37.37821,12.28511],[37.3947,12.29011],[37.42914,12.28952],[37.44621,12.29541],[37.46181,12.30424],[37.47859,12.30924],[37.49861,12.30395],[37.50509,12.2957],[37.5251,12.25596],[37.53423,12.24478],[37.53835,12.23683],[37.5463,12.20769],[37.55984,12.18031],[37.59192,12.13822],[37.60105,12.11202],[37.60134,12.09318],[37.5981,12.07581],[37.58044,12.01576],[37.57485,12.00634],[37.56896,11.99957],[37.56661,11.99192],[37.57367,11.98103],[37.56072,11.96837],[37.54895,11.93481],[37.53894,11.92009],[37.52569,11.91391],[37.50037,11.91274],[37.49125,11.90597],[37.49331,11.89802],[37.50803,11.86858],[37.51156,11.85828],[37.50567,11.83826],[37.49007,11.82972],[37.47123,11.82354],[37.45681,11.8103],[37.45475,11.80176],[37.45328,11.77998],[37.45033,11.76938],[37.44415,11.76173],[37.42855,11.74642],[37.42914,11.73465],[37.42914,11.72169],[37.42413,11.71227],[37.41177,11.69549],[37.40912,11.69049],[37.40853,11.66871],[37.40618,11.66194],[37.40176,11.65281],[37.38675,11.63191],[37.36997,11.62426],[37.35054,11.62573],[37.3267,11.63221],[37.31551,11.6484],[37.30286,11.65634],[37.29373,11.664],[37.29255,11.68019],[37.29903,11.69755],[37.30786,11.69755],[37.31905,11.69226],[37.33347,11.69373],[37.34407,11.70462],[37.33671,11.71227],[37.31287,11.72169],[37.30521,11.73111],[37.30197,11.74024]]]}},{"type":"Feature","properties":{"lake_id":"LAKE_LAKE_MWERU","name":"Lake Mweru","source_name":"Lac Moeru","scale_rank":3,"min_zoom":3,"feature_class":"Lake","geometry_role":"cartographic waterbody context; not an ED-FLOW node, route or evidence record","source":"Natural Earth 1:10m lakes, version 5.0.0","source_commit":"ca96624a56bd078437bca8184e78163e5039ad19"},"geometry":{"type":"Polygon","coordinates":[[[29.12719,-8.62122],[29.14338,-8.64124],[29.14926,-8.65772],[29.14691,-8.67568],[29.08627,-8.82669],[29.04624,-8.89439],[29.02357,-8.96063],[29.00767,-8.9883],[28.99649,-8.99742],[28.95351,-9.02362],[28.93526,-9.02921],[28.91966,-9.03687],[28.91053,-9.05541],[28.90259,-9.07778],[28.89081,-9.0975],[28.84901,-9.13194],[28.83017,-9.15255],[28.81604,-9.19464],[28.80221,-9.20819],[28.77425,-9.22791],[28.76541,-9.24086],[28.75452,-9.26529],[28.74687,-9.27559],[28.72744,-9.29267],[28.71832,-9.30356],[28.71272,-9.31651],[28.71243,-9.3327],[28.72391,-9.34742],[28.72715,-9.36449],[28.71419,-9.39776],[28.71419,-9.41365],[28.73274,-9.41954],[28.72038,-9.44544],[28.70242,-9.43779],[28.66504,-9.39923],[28.65473,-9.40541],[28.64737,-9.406],[28.6409,-9.40217],[28.63442,-9.39569],[28.625,-9.39099],[28.61617,-9.39275],[28.60763,-9.39687],[28.58026,-9.40364],[28.5414,-9.42219],[28.52109,-9.42631],[28.52668,-9.41041],[28.52433,-9.39187],[28.5155,-9.37833],[28.50049,-9.37803],[28.50049,-9.36449],[28.48312,-9.38657],[28.48253,-9.44456],[28.45898,-9.46752],[28.48076,-9.47341],[28.50696,-9.4737],[28.5261,-9.48136],[28.52786,-9.50902],[28.50372,-9.50343],[28.45456,-9.52374],[28.42483,-9.52934],[28.39716,-9.52786],[28.38421,-9.52492],[28.37332,-9.51903],[28.35742,-9.51462],[28.33005,-9.52845],[28.31504,-9.52198],[28.32917,-9.50902],[28.3224,-9.49578],[28.32593,-9.48754],[28.34624,-9.47076],[28.35213,-9.45781],[28.35242,-9.44338],[28.34889,-9.42307],[28.34006,-9.39805],[28.32387,-9.37921],[28.31504,-9.36125],[28.32917,-9.3377],[28.31886,-9.31681],[28.32622,-9.28501],[28.31504,-9.27559],[28.32799,-9.25852],[28.33947,-9.23291],[28.34506,-9.2073],[28.33947,-9.18964],[28.32563,-9.1708],[28.32092,-9.14872],[28.32298,-9.12547],[28.32917,-9.10369],[28.34182,-9.08249],[28.40129,-9.03951],[28.42307,-9.01243],[28.42837,-9.00861],[28.46634,-8.9883],[28.48694,-8.96445],[28.5208,-8.90617],[28.5414,-8.8785],[28.61382,-8.81315],[28.66592,-8.7478],[28.75717,-8.65537],[28.86903,-8.49494],[28.89081,-8.4811],[28.90906,-8.48317],[28.9385,-8.50819],[28.95616,-8.51466],[28.97971,-8.51967],[29.0012,-8.53174],[29.04182,-8.56235],[29.10658,-8.60209],[29.12719,-8.62122]]]}},{"type":"Feature","properties":{"lake_id":"LAKE_LAKE_TURKANA","name":"Lake Turkana","source_name":"Lake Turkana","scale_rank":3,"min_zoom":3,"feature_class":"Alkaline Lake","geometry_role":"cartographic waterbody context; not an ED-FLOW node, route or evidence record","source":"Natural Earth 1:10m lakes, version 5.0.0","source_commit":"ca96624a56bd078437bca8184e78163e5039ad19"},"geometry":{"type":"Polygon","coordinates":[[[36.69764,2.76949],[36.70971,2.73034],[36.68793,2.71533],[36.69117,2.68354],[36.7,2.64615],[36.69617,2.61436],[36.69617,2.62054],[36.69382,2.54519],[36.70824,2.50839],[36.70235,2.48631],[36.69087,2.46718],[36.63583,2.40889],[36.62788,2.40448],[36.6217,2.4033],[36.59727,2.40684],[36.59373,2.40831],[36.58166,2.40742],[36.57195,2.40507],[36.56459,2.40095],[36.55812,2.39447],[36.53192,2.42273],[36.52573,2.46424],[36.52603,2.51045],[36.51779,2.55166],[36.49453,2.5914],[36.47687,2.61171],[36.44331,2.63055],[36.43654,2.6544],[36.43684,2.72357],[36.43595,2.73034],[36.43124,2.74123],[36.4177,2.7639],[36.41034,2.79127],[36.40034,2.81335],[36.38061,2.84632],[36.35765,2.86634],[36.30261,2.90254],[36.2614,2.93846],[36.25786,2.94258],[36.25139,2.9726],[36.24727,2.98055],[36.23961,2.98202],[36.22313,2.9673],[36.21312,2.96318],[36.20282,2.96583],[36.18957,2.97937],[36.18221,2.98349],[36.14188,2.98232],[36.12658,2.98761],[36.12069,3.00793],[36.14807,3.11655],[36.14807,3.12803],[36.14483,3.1398],[36.136,3.1607],[36.13452,3.17218],[36.13659,3.18219],[36.14571,3.2025],[36.14807,3.2131],[36.14277,3.21987],[36.1304,3.21987],[36.10627,3.21634],[36.07241,3.23047],[36.06476,3.23518],[36.05946,3.23959],[36.05299,3.24283],[36.04151,3.2443],[36.02826,3.25254],[35.99647,3.30582],[35.97675,3.31936],[35.95938,3.32761],[35.9479,3.33938],[35.94319,3.36411],[35.94319,3.52895],[35.93995,3.54073],[35.93289,3.55015],[35.92582,3.55221],[35.92258,3.54249],[35.92553,3.53219],[35.93671,3.50805],[35.93583,3.49745],[35.91817,3.48126],[35.90787,3.49569],[35.90286,3.52248],[35.90168,3.54249],[35.89609,3.56133],[35.88284,3.57517],[35.86695,3.58694],[35.85311,3.60048],[35.84134,3.63021],[35.83427,3.67348],[35.83339,3.7197],[35.84016,3.75826],[35.84487,3.76709],[35.85665,3.7824],[35.86047,3.79241],[35.86077,3.80506],[35.85311,3.83715],[35.854,3.95902],[35.86459,3.9914],[35.91964,4.1059],[35.92258,4.11797],[35.91522,4.42293],[35.91817,4.43706],[35.927,4.46503],[35.932,4.50418],[35.94613,4.55157],[35.94937,4.57689],[35.95555,4.59396],[35.97027,4.61721],[35.98823,4.63517],[36.00412,4.63517],[36.00795,4.6234],[36.00707,4.59102],[36.01384,4.57689],[36.02326,4.566],[36.02944,4.55393],[36.03267,4.54039],[36.03209,4.52537],[36.03797,4.52537],[36.05416,4.54745],[36.05828,4.5604],[36.03856,4.57277],[36.03032,4.58719],[36.02502,4.60338],[36.02473,4.61486],[36.04327,4.63664],[36.07447,4.64341],[36.10656,4.63782],[36.12687,4.62163],[36.12746,4.63046],[36.12246,4.65754],[36.12363,4.66314],[36.15484,4.66402],[36.16749,4.66019],[36.17544,4.64901],[36.18663,4.62457],[36.18545,4.61604],[36.16838,4.61486],[36.19811,4.54716],[36.20311,4.51566],[36.19575,4.47828],[36.20723,4.46238],[36.20841,4.44266],[36.20046,4.38702],[36.19104,4.36701],[36.18898,4.35818],[36.18839,4.33934],[36.21106,4.30136],[36.21489,4.28576],[36.21606,4.26192],[36.2143,4.2419],[36.21489,4.22983],[36.22313,4.21482],[36.22136,4.21011],[36.21813,4.2054],[36.21606,4.19981],[36.2193,4.19304],[36.22607,4.18862],[36.23314,4.18538],[36.23696,4.18273],[36.24167,4.16566],[36.24462,4.14506],[36.24285,4.12357],[36.22489,4.08795],[36.21606,4.03202],[36.1984,3.97933],[36.19252,3.9705],[36.18162,3.96196],[36.18545,3.94283],[36.21901,3.87983],[36.22313,3.86806],[36.2299,3.83185],[36.23373,3.82332],[36.23932,3.81566],[36.24256,3.80889],[36.24403,3.80065],[36.24432,3.78887],[36.24697,3.77946],[36.25345,3.77416],[36.26051,3.77033],[36.26463,3.76503],[36.26581,3.75355],[36.26405,3.74325],[36.24638,3.69438],[36.2405,3.68614],[36.23579,3.68379],[36.23078,3.6829],[36.2196,3.6832],[36.21665,3.68114],[36.21547,3.67054],[36.21312,3.66583],[36.21135,3.65877],[36.20635,3.54014],[36.21606,3.45654],[36.22283,3.43475],[36.2405,3.39384],[36.24432,3.37088],[36.23814,3.34615],[36.22666,3.33408],[36.22254,3.32201],[36.23696,3.29876],[36.27464,3.26343],[36.29172,3.24312],[36.29878,3.22016],[36.29937,3.20898],[36.30143,3.19897],[36.30673,3.1919],[36.32616,3.18661],[36.33145,3.18042],[36.34058,3.16159],[36.3759,3.12302],[36.38061,3.11007],[36.38179,3.09977],[36.38827,3.07622],[36.38679,3.04148],[36.38827,3.03206],[36.40063,3.01058],[36.53221,2.90166],[36.5746,2.8946],[36.6579,2.89872],[36.68911,2.88105],[36.69941,2.85044],[36.69764,2.76949]]]}},{"type":"Feature","properties":{"lake_id":"LAKE_KAINJI_RESERVOIR","name":"Kainji Reservoir","source_name":"Kainji Reservoir","scale_rank":4,"min_zoom":4,"feature_class":"Reservoir","geometry_role":"cartographic waterbody context; not an ED-FLOW node, route or evidence record","source":"Natural Earth 1:10m lakes, version 5.0.0","source_commit":"ca96624a56bd078437bca8184e78163e5039ad19"},"geometry":{"type":"Polygon","coordinates":[[[4.67053,10.39735],[4.67819,10.37468],[4.69467,10.36409],[4.68084,10.33612],[4.66376,10.35055],[4.65729,10.34083],[4.65287,10.29579],[4.62314,10.2325],[4.61902,10.21337],[4.62284,10.21484],[4.63256,10.22014],[4.63374,10.2066],[4.62284,10.19336],[4.60842,10.18864],[4.59841,10.19983],[4.58252,10.18217],[4.57339,10.16274],[4.56309,10.14802],[4.54307,10.14449],[4.54307,10.13831],[4.54925,10.13389],[4.55485,10.12918],[4.55956,10.12359],[4.56368,10.1177],[4.55867,10.10917],[4.55632,10.09975],[4.55897,10.09268],[4.5675,10.08974],[4.57781,10.09327],[4.58311,10.10122],[4.58634,10.11064],[4.59164,10.1177],[4.61402,10.12536],[4.62226,10.11741],[4.6202,10.10769],[4.61137,10.11034],[4.60518,10.11034],[4.60813,10.08473],[4.60577,10.07885],[4.59841,10.08356],[4.59635,10.07031],[4.60577,10.06354],[4.61843,10.05648],[4.62579,10.04205],[4.62373,10.03499],[4.61902,10.02616],[4.60813,10.01173],[4.60607,10.00585],[4.60754,9.99966],[4.61019,9.9926],[4.61137,9.98406],[4.61372,9.97523],[4.62373,9.96581],[4.62579,9.96022],[4.62167,9.95345],[4.60813,9.95109],[4.60518,9.94256],[4.60636,9.92283],[4.61107,9.91165],[4.62167,9.91018],[4.63933,9.91901],[4.64345,9.90076],[4.63815,9.89016],[4.62991,9.88133],[4.62579,9.86749],[4.61902,9.86161],[4.60312,9.85277],[4.58487,9.84512],[4.57104,9.84277],[4.5731,9.84924],[4.57545,9.85454],[4.57928,9.85925],[4.58487,9.86455],[4.58487,9.85719],[4.59105,9.86926],[4.59017,9.88074],[4.58487,9.89075],[4.57722,9.89811],[4.57192,9.89457],[4.5675,9.8934],[4.56309,9.89281],[4.5575,9.89104],[4.5628,9.91047],[4.5625,9.93343],[4.55602,9.94697],[4.54307,9.93902],[4.53925,9.9558],[4.54984,9.96669],[4.56427,9.97729],[4.57104,9.99348],[4.56868,10.00378],[4.56309,10.01144],[4.55661,10.01732],[4.55043,10.02145],[4.54072,10.0344],[4.53454,10.0341],[4.52276,10.02145],[4.51599,10.0291],[4.52777,10.03911],[4.5366,10.05412],[4.5366,10.07002],[4.52276,10.08356],[4.51246,10.08002],[4.50274,10.08356],[4.4945,10.07178],[4.46742,10.04205],[4.47037,10.04941],[4.47478,10.06943],[4.45418,10.0606],[4.4474,10.05559],[4.45859,10.07531],[4.49391,10.09533],[4.49539,10.11034],[4.49038,10.11064],[4.46595,10.12182],[4.46448,10.12447],[4.45035,10.12771],[4.44299,10.12594],[4.43328,10.1177],[4.43975,10.1386],[4.46242,10.1439],[4.48803,10.13801],[4.50274,10.12447],[4.50893,10.12447],[4.51393,10.13625],[4.51687,10.13949],[4.52276,10.14449],[4.51776,10.1545],[4.5157,10.1651],[4.51687,10.17569],[4.52276,10.18541],[4.47713,10.17628],[4.45535,10.17952],[4.4474,10.19983],[4.48332,10.1907],[4.5051,10.20483],[4.5101,10.22838],[4.49539,10.24811],[4.4998,10.26047],[4.48626,10.28696],[4.48184,10.3061],[4.47537,10.31345],[4.44829,10.35437],[4.44417,10.36409],[4.42974,10.37027],[4.40531,10.39794],[4.39295,10.4053],[4.37764,10.40059],[4.36351,10.3894],[4.34879,10.38087],[4.33084,10.38469],[4.34232,10.3897],[4.35438,10.39735],[4.37528,10.4156],[4.38853,10.42208],[4.4006,10.41766],[4.4162,10.4053],[4.42945,10.40206],[4.4424,10.39647],[4.45359,10.39323],[4.46124,10.39823],[4.46124,10.4106],[4.44063,10.45357],[4.44505,10.45122],[4.46124,10.44621],[4.46036,10.45975],[4.46301,10.47241],[4.46801,10.48419],[4.47478,10.49449],[4.46124,10.4992],[4.45123,10.50774],[4.43328,10.52922],[4.44799,10.53276],[4.45565,10.54129],[4.46153,10.55307],[4.47125,10.56661],[4.49156,10.58574],[4.49774,10.59811],[4.48508,10.6037],[4.47419,10.60635],[4.46507,10.61282],[4.4583,10.62136],[4.45447,10.63107],[4.45388,10.6402],[4.45653,10.6452],[4.46183,10.65168],[4.46742,10.66581],[4.48273,10.63578],[4.48862,10.63107],[4.49597,10.63549],[4.50186,10.64609],[4.50893,10.66581],[4.51599,10.66581],[4.51923,10.65256],[4.521,10.63637],[4.52482,10.62313],[4.53306,10.61753],[4.54307,10.61518],[4.55279,10.6087],[4.56015,10.60017],[4.56368,10.59016],[4.57545,10.59722],[4.58193,10.59546],[4.58428,10.58662],[4.58487,10.57338],[4.58752,10.56837],[4.594,10.57073],[4.60077,10.57632],[4.62638,10.6037],[4.63933,10.61253],[4.64463,10.61488],[4.64963,10.61547],[4.65464,10.61341],[4.6567,10.609],[4.65552,10.6037],[4.65199,10.59869],[4.64787,10.59546],[4.64581,10.58986],[4.62432,10.55424],[4.62137,10.54365],[4.62373,10.53158],[4.62579,10.52746],[4.62814,10.52422],[4.63168,10.52187],[4.6358,10.52069],[4.6411,10.52157],[4.6567,10.52657],[4.65993,10.52922],[4.65699,10.5148],[4.64787,10.50626],[4.63815,10.50067],[4.63256,10.49449],[4.63315,10.48124],[4.63903,10.46682],[4.64787,10.45298],[4.6564,10.44268],[4.66553,10.42325],[4.67053,10.39735]]]}},{"type":"Feature","properties":{"lake_id":"LAKE_LAKE_BANGWEULU","name":"Lake Bangweulu","source_name":"Lake Bangweulu","scale_rank":4,"min_zoom":4,"feature_class":"Lake","geometry_role":"cartographic waterbody context; not an ED-FLOW node, route or evidence record","source":"Natural Earth 1:10m lakes, version 5.0.0","source_commit":"ca96624a56bd078437bca8184e78163e5039ad19"},"geometry":{"type":"Polygon","coordinates":[[[30.03677,-10.97614],[30.04089,-10.98497],[30.04237,-10.99939],[30.03883,-11.00675],[30.02117,-11.02677],[30.01499,-11.03707],[30.00057,-11.09535],[29.9882,-11.12302],[29.96671,-11.13951],[29.97967,-11.09771],[29.98261,-11.07916],[29.97672,-11.07122],[29.95935,-11.07651],[29.93492,-11.08947],[29.91137,-11.10713],[29.89813,-11.12597],[29.8996,-11.14598],[29.91167,-11.15982],[29.9258,-11.1713],[29.93227,-11.18425],[29.9358,-11.19985],[29.95023,-11.23105],[29.95288,-11.24931],[29.94787,-11.27639],[29.93639,-11.29081],[29.90166,-11.31407],[29.89518,-11.32231],[29.88988,-11.33349],[29.88606,-11.34497],[29.88459,-11.35498],[29.87958,-11.36146],[29.85044,-11.37235],[29.82365,-11.41945],[29.81276,-11.42681],[29.78715,-11.42151],[29.77008,-11.41121],[29.7533,-11.40532],[29.72769,-11.41327],[29.72328,-11.41709],[29.71385,-11.42887],[29.70708,-11.43446],[29.69884,-11.42916],[29.69296,-11.4274],[29.68707,-11.42916],[29.67912,-11.43446],[29.65439,-11.4221],[29.60435,-11.40915],[29.58345,-11.39973],[29.56549,-11.38412],[29.55343,-11.36558],[29.54754,-11.34203],[29.54872,-11.31083],[29.59876,-11.19073],[29.62084,-11.15658],[29.66499,-11.10595],[29.68353,-11.07769],[29.69943,-11.04325],[29.68795,-11.0615],[29.64144,-11.10889],[29.62613,-11.12773],[29.58963,-11.20162],[29.56638,-11.23488],[29.56314,-11.24607],[29.55872,-11.2549],[29.54754,-11.25519],[29.5028,-11.24283],[29.49279,-11.22605],[29.47984,-11.18101],[29.48984,-11.16924],[29.50191,-11.16335],[29.51339,-11.16453],[29.52163,-11.17365],[29.52252,-11.19132],[29.51074,-11.22075],[29.51398,-11.23577],[29.52958,-11.2128],[29.539,-11.18808],[29.55225,-11.16806],[29.57992,-11.16011],[29.59228,-11.1504],[29.63143,-11.09506],[29.63526,-11.07504],[29.64468,-11.05561],[29.66617,-11.02353],[29.67883,-11.00969],[29.69472,-10.99704],[29.70973,-10.98202],[29.72033,-10.96142],[29.70532,-10.95023],[29.72151,-10.9308],[29.74035,-10.92344],[29.73387,-10.94788],[29.74123,-10.94788],[29.75477,-10.91991],[29.76184,-10.91991],[29.75477,-10.93905],[29.7324,-10.97673],[29.72769,-10.99556],[29.73387,-10.99556],[29.76066,-10.94317],[29.77773,-10.91667],[29.79569,-10.90608],[29.79569,-10.91373],[29.77302,-10.93964],[29.72062,-11.025],[29.71327,-11.0509],[29.72328,-11.03678],[29.76184,-10.99556],[29.78391,-10.93669],[29.79245,-10.92727],[29.80246,-10.9205],[29.81747,-10.90519],[29.83101,-10.88783],[29.8369,-10.87546],[29.84249,-10.87223],[29.88076,-10.87193],[29.89165,-10.86751],[29.91079,-10.84838],[29.9255,-10.84485],[29.92697,-10.85868],[29.93875,-10.87311],[29.96671,-10.89312],[29.99085,-10.92727],[29.99821,-10.92904],[30.00704,-10.93345],[30.01528,-10.93993],[30.02117,-10.94788],[30.01676,-10.95141],[30.01234,-10.95788],[30.00763,-10.96142],[30.01499,-10.98173],[30.02824,-10.97437],[30.03677,-10.97614]]]}},{"type":"Feature","properties":{"lake_id":"LAKE_LAKE_EDWARD","name":"Lake Edward","source_name":"Lake Edward","scale_rank":4,"min_zoom":4,"feature_class":"Lake","geometry_role":"cartographic waterbody context; not an ED-FLOW node, route or evidence record","source":"Natural Earth 1:10m lakes, version 5.0.0","source_commit":"ca96624a56bd078437bca8184e78163e5039ad19"},"geometry":{"type":"Polygon","coordinates":[[[29.47042,-0.61599],[29.45217,-0.60686],[29.43774,-0.60951],[29.43892,-0.62011],[29.42685,-0.6366],[29.41095,-0.66721],[29.398,-0.68163],[29.39682,-0.6781],[29.39182,-0.66927],[29.38064,-0.6831],[29.3774,-0.68958],[29.37004,-0.68958],[29.36945,-0.6784],[29.37033,-0.6675],[29.37328,-0.6572],[29.3774,-0.64808],[29.37769,-0.62335],[29.37563,-0.60981],[29.37004,-0.59951],[29.35561,-0.59332],[29.31852,-0.59391],[29.3091,-0.59274],[29.31116,-0.56654],[29.33413,-0.53887],[29.34443,-0.51443],[29.3091,-0.49736],[29.3197,-0.48176],[29.33059,-0.47587],[29.34266,-0.47205],[29.35679,-0.4638],[29.36621,-0.45262],[29.38005,-0.42995],[29.39182,-0.422],[29.38446,-0.39757],[29.39241,-0.37579],[29.42862,-0.33576],[29.43833,-0.31927],[29.44657,-0.25745],[29.46364,-0.21595],[29.49338,-0.18121],[29.53194,-0.15502],[29.63909,-0.12293],[29.65528,-0.12058],[29.6747,-0.1141],[29.6856,-0.09968],[29.69443,-0.08378],[29.70708,-0.07259],[29.7324,-0.06936],[29.75448,-0.0776],[29.76949,-0.09438],[29.77538,-0.11704],[29.78068,-0.12617],[29.79245,-0.12735],[29.80422,-0.12705],[29.80952,-0.13088],[29.80982,-0.14295],[29.81129,-0.15178],[29.81512,-0.15766],[29.82306,-0.16208],[29.83631,-0.16355],[29.84573,-0.15943],[29.85397,-0.15296],[29.86369,-0.14766],[29.8893,-0.14118],[29.90166,-0.1403],[29.90078,-0.14854],[29.88812,-0.19093],[29.87899,-0.2551],[29.86692,-0.29425],[29.85015,-0.32899],[29.83013,-0.36019],[29.81482,-0.37432],[29.78215,-0.38962],[29.74653,-0.41994],[29.7274,-0.42612],[29.70738,-0.42907],[29.68589,-0.43584],[29.67235,-0.44732],[29.64909,-0.47705],[29.63467,-0.48294],[29.62613,-0.49118],[29.61112,-0.54564],[29.58787,-0.58037],[29.5549,-0.60304],[29.47984,-0.64131],[29.47042,-0.61599]]]}},{"type":"Feature","properties":{"lake_id":"LAKE_LAKE_KIVU","name":"Lake Kivu","source_name":"Lake Kivu","scale_rank":4,"min_zoom":4,"feature_class":"Lake","geometry_role":"cartographic waterbody context; not an ED-FLOW node, route or evidence record","source":"Natural Earth 1:10m lakes, version 5.0.0","source_commit":"ca96624a56bd078437bca8184e78163e5039ad19"},"geometry":{"type":"Polygon","coordinates":[[[29.33324,-2.05131],[29.32588,-2.05661],[29.31558,-2.05955],[29.32,-2.06927],[29.32235,-2.08016],[29.32117,-2.09105],[29.31558,-2.10106],[29.30439,-2.07927],[29.29704,-2.0725],[29.2882,-2.07309],[29.28143,-2.08281],[29.27731,-2.09841],[29.27466,-2.12755],[29.26819,-2.12755],[29.26318,-2.11842],[29.26348,-2.10724],[29.26819,-2.07986],[29.25435,-2.08722],[29.24846,-2.09959],[29.24788,-2.13167],[29.25259,-2.13697],[29.2626,-2.14286],[29.27201,-2.15257],[29.27466,-2.16935],[29.25229,-2.14816],[29.22433,-2.14963],[29.20608,-2.16817],[29.21373,-2.19731],[29.19371,-2.19467],[29.18312,-2.20585],[29.18076,-2.22469],[29.18577,-2.245],[29.19312,-2.24235],[29.1999,-2.23764],[29.19636,-2.25207],[29.18518,-2.25648],[29.17105,-2.25324],[29.15839,-2.245],[29.11688,-2.32654],[29.11895,-2.31477],[29.12336,-2.29828],[29.12424,-2.28592],[29.11688,-2.28592],[29.11365,-2.29799],[29.10894,-2.30652],[29.09628,-2.32095],[29.09746,-2.31594],[29.09304,-2.313],[29.08686,-2.31212],[29.08274,-2.31329],[29.08097,-2.3183],[29.08156,-2.33184],[29.0795,-2.33773],[29.07008,-2.35333],[29.06508,-2.37011],[29.05772,-2.38512],[29.04182,-2.39542],[29.0533,-2.3757],[29.06213,-2.3548],[29.05271,-2.34037],[29.05154,-2.31506],[29.04712,-2.29239],[29.02799,-2.28592],[29.01974,-2.29092],[29.01415,-2.30034],[29.00061,-2.34744],[28.99649,-2.35362],[28.99355,-2.35598],[28.9906,-2.35715],[28.98648,-2.36128],[28.96764,-2.37511],[28.92408,-2.39189],[28.90465,-2.40896],[28.89376,-2.43546],[28.88728,-2.46195],[28.87403,-2.47755],[28.84254,-2.47048],[28.84254,-2.46283],[28.83665,-2.44752],[28.83488,-2.42898],[28.83636,-2.39189],[28.84165,-2.37334],[28.85549,-2.36039],[28.94998,-2.31182],[28.95969,-2.31035],[28.96234,-2.29298],[28.97235,-2.26414],[28.97294,-2.245],[28.9335,-2.29063],[28.91142,-2.31123],[28.88404,-2.32654],[28.91907,-2.27885],[28.92584,-2.25265],[28.91201,-2.2241],[28.90347,-2.22793],[28.89729,-2.23411],[28.89287,-2.24206],[28.89081,-2.25207],[28.88757,-2.24971],[28.87992,-2.24736],[28.87668,-2.245],[28.87345,-2.25059],[28.8705,-2.25354],[28.86756,-2.2556],[28.86344,-2.25884],[28.86373,-2.24029],[28.86579,-2.23205],[28.8705,-2.2241],[28.85961,-2.21763],[28.85814,-2.20703],[28.86461,-2.19467],[28.87668,-2.18289],[28.87168,-2.17995],[28.86903,-2.17641],[28.86697,-2.17288],[28.86344,-2.16935],[28.88905,-2.16464],[28.89788,-2.14992],[28.88816,-2.13815],[28.85667,-2.14197],[28.88345,-2.1146],[28.93144,-2.08575],[28.96705,-2.05337],[28.95616,-2.0151],[28.95204,-2.00686],[28.95086,-1.99626],[28.9491,-1.98743],[28.94233,-1.9839],[28.92525,-1.98066],[28.91996,-1.98331],[28.91819,-1.9945],[28.9073,-2.00686],[28.90494,-2.01481],[28.91495,-2.01864],[28.91672,-2.02364],[28.91053,-2.03483],[28.90023,-2.04689],[28.89081,-2.05337],[28.89111,-2.02894],[28.88905,-2.01893],[28.88404,-2.01157],[28.89464,-2.00009],[28.90141,-1.9889],[28.91201,-1.9633],[28.9282,-1.96771],[28.94645,-1.94387],[28.99384,-1.83348],[29.00414,-1.822],[29.01533,-1.81317],[29.02416,-1.80287],[29.02799,-1.78579],[29.01445,-1.79256],[29.01445,-1.75165],[29.03152,-1.7543],[29.04771,-1.73958],[29.09275,-1.67099],[29.09628,-1.66216],[29.09746,-1.6495],[29.09451,-1.63891],[29.08274,-1.61447],[29.07862,-1.62154],[29.02828,-1.67835],[29.02063,-1.69013],[29.01445,-1.69013],[29.01739,-1.66393],[29.02799,-1.62949],[29.04271,-1.59917],[29.05919,-1.58651],[29.07656,-1.58916],[29.08774,-1.59563],[29.10717,-1.61771],[29.11983,-1.62507],[29.15015,-1.63184],[29.16133,-1.63832],[29.17311,-1.65068],[29.1946,-1.66864],[29.20608,-1.676],[29.2464,-1.69101],[29.25465,-1.6966],[29.25612,-1.70278],[29.25376,-1.70867],[29.24964,-1.71456],[29.24788,-1.72074],[29.25053,-1.72339],[29.26377,-1.72692],[29.26819,-1.73045],[29.27201,-1.74105],[29.27319,-1.7543],[29.27054,-1.76754],[29.26142,-1.77902],[29.27702,-1.79904],[29.27967,-1.84849],[29.2882,-1.86763],[29.27584,-1.88735],[29.28497,-1.90795],[29.3091,-1.93268],[29.31175,-1.92562],[29.31676,-1.93327],[29.32147,-1.94504],[29.32235,-1.94975],[29.33148,-1.97124],[29.33766,-1.97684],[29.34973,-1.97006],[29.34649,-1.9889],[29.35208,-2.00568],[29.35974,-2.02099],[29.36386,-2.03571],[29.36121,-2.05131],[29.35561,-2.05131],[29.35031,-2.04425],[29.34973,-2.03895],[29.34001,-2.04483],[29.33324,-2.05131]],[[29.09952,-1.95564],[29.11688,-1.94328],[29.11512,-1.92797],[29.10688,-1.91885],[29.09687,-1.91855],[29.0901,-1.92915],[29.08568,-1.92562],[29.08186,-1.92385],[29.07862,-1.9212],[29.07597,-1.91561],[29.05095,-1.95152],[29.04418,-1.97154],[29.04182,-1.99803],[29.05742,-1.99126],[29.06184,-2.00039],[29.05595,-2.03218],[29.05036,-2.04925],[29.02799,-2.08752],[29.02858,-2.08958],[29.02239,-2.1143],[29.02063,-2.11813],[29.01945,-2.13432],[29.01739,-2.14168],[29.01445,-2.14874],[29.0062,-2.16052],[28.99561,-2.17259],[28.9856,-2.18613],[28.9803,-2.2035],[28.98678,-2.20114],[29.0009,-2.19908],[29.00767,-2.19731],[29.00444,-2.20585],[29.00414,-2.21174],[29.00738,-2.21674],[29.01445,-2.2241],[29.01768,-2.22086],[29.01974,-2.22027],[29.02269,-2.21969],[29.02799,-2.21733],[29.02004,-2.22528],[29.01533,-2.2347],[29.01386,-2.24559],[29.01445,-2.25884],[29.03623,-2.26207],[29.06861,-2.24588],[29.09392,-2.22027],[29.09333,-2.19349],[29.08951,-2.17406],[29.10953,-2.13403],[29.10717,-2.11813],[29.09834,-2.10518],[29.09392,-2.09252],[29.08804,-2.08163],[29.07597,-2.07309],[29.07597,-2.06691],[29.0848,-2.06632],[29.08892,-2.06397],[29.0901,-2.05896],[29.0901,-2.04954],[29.09304,-2.04542],[29.10805,-2.03895],[29.11365,-2.03571],[29.11512,-2.02688],[29.10629,-2.00009],[29.10217,-1.9789],[29.09893,-1.97301],[29.09598,-1.96712],[29.09628,-1.95711],[29.09952,-1.95564]]]}},{"type":"Feature","properties":{"lake_id":"LAKE_LAC_TUMBA","name":"Lac Tumba","source_name":"Lac Tumba","scale_rank":5,"min_zoom":4.7,"feature_class":"Lake","geometry_role":"cartographic waterbody context; not an ED-FLOW node, route or evidence record","source":"Natural Earth 1:10m lakes, version 5.0.0","source_commit":"ca96624a56bd078437bca8184e78163e5039ad19"},"geometry":{"type":"Polygon","coordinates":[[[18.07735,-0.94156],[18.06057,-0.95156],[18.03349,-0.97688],[18.01641,-0.97247],[18.01229,-0.9604],[18.01612,-0.9448],[18.02259,-0.92919],[18.01141,-0.92772],[18.01053,-0.92301],[18.01229,-0.91654],[18.00905,-0.90859],[18.00817,-0.90476],[18.00905,-0.90005],[18.00935,-0.89623],[18.00582,-0.89446],[17.99198,-0.89534],[17.98845,-0.89446],[17.98168,-0.89151],[17.96696,-0.88975],[17.96107,-0.88769],[17.95636,-0.8818],[17.95077,-0.86649],[17.94753,-0.86031],[17.91898,-0.83176],[17.9128,-0.8194],[17.90897,-0.79791],[17.91427,-0.79173],[17.94753,-0.79879],[17.94076,-0.77524],[17.94017,-0.72255],[17.92634,-0.70253],[17.92398,-0.70901],[17.92045,-0.71342],[17.91662,-0.71755],[17.9128,-0.72314],[17.88807,-0.71607],[17.83538,-0.72402],[17.80977,-0.71637],[17.81713,-0.7096],[17.80683,-0.69517],[17.79917,-0.67898],[17.79858,-0.66279],[17.80977,-0.64808],[17.83185,-0.67663],[17.87276,-0.67486],[17.95489,-0.64131],[17.97167,-0.6366],[17.99963,-0.63277],[18.02583,-0.63395],[18.03731,-0.64484],[18.04202,-0.65691],[18.05291,-0.66044],[18.06616,-0.66014],[18.07735,-0.66162],[18.08971,-0.66839],[18.11885,-0.69576],[18.11885,-0.71637],[18.10884,-0.72226],[18.11208,-0.72785],[18.12032,-0.7355],[18.12503,-0.74698],[18.1215,-0.75434],[18.11208,-0.7564],[18.10119,-0.75464],[18.09148,-0.75052],[18.09501,-0.78849],[18.09854,-0.79879],[18.1059,-0.80556],[18.12709,-0.81792],[18.1318,-0.82617],[18.12974,-0.8403],[18.12209,-0.84383],[18.11267,-0.84383],[18.10531,-0.84677],[18.10325,-0.85237],[18.09854,-0.88416],[18.10266,-0.89063],[18.11179,-0.8977],[18.12091,-0.90653],[18.12503,-0.9186],[18.12474,-0.93243],[18.12503,-0.93537],[18.12798,-0.94067],[18.13681,-0.94686],[18.13857,-0.95274],[18.14358,-0.96128],[18.16271,-0.98012],[18.16271,-0.98394],[18.15653,-0.98659],[18.1424,-0.99955],[18.1318,-1.00367],[18.12474,-0.99013],[18.11444,-0.98718],[18.09148,-0.99072],[18.08441,-0.99278],[18.07794,-0.9969],[18.07293,-0.99719],[18.07117,-0.98718],[18.07323,-0.97688],[18.08264,-0.96069],[18.08471,-0.95274],[18.07735,-0.94156]]]}},{"type":"Feature","properties":{"lake_id":"LAKE_LAKE_ABAYA","name":"Lake Abaya","source_name":"Lake Abaya","scale_rank":5,"min_zoom":4.7,"feature_class":"Alkaline Lake","geometry_role":"cartographic waterbody context; not an ED-FLOW node, route or evidence record","source":"Natural Earth 1:10m lakes, version 5.0.0","source_commit":"ca96624a56bd078437bca8184e78163e5039ad19"},"geometry":{"type":"Polygon","coordinates":[[[37.99991,6.61654],[38.0058,6.61801],[38.0111,6.62213],[38.02434,6.58504],[38.05555,6.5612],[38.07438,6.55472],[38.09175,6.55943],[38.1103,6.58681],[38.13885,6.59446],[38.15004,6.5503],[38.1362,6.51115],[38.10853,6.48702],[38.12237,6.44993],[38.10677,6.4511],[38.0944,6.44993],[38.09146,6.4302],[38.08322,6.40018],[38.03612,6.37045],[38.00727,6.31511],[38.0055,6.28538],[38.00285,6.25565],[37.97254,6.23092],[37.93868,6.2165],[37.92544,6.19589],[37.91425,6.17528],[37.88452,6.14497],[37.86274,6.10994],[37.85921,6.07844],[37.85008,6.04988],[37.83654,6.05901],[37.8333,6.08904],[37.82005,6.07108],[37.81387,6.04429],[37.78532,6.03428],[37.75,6.02222],[37.73999,6.00897],[37.72792,5.99984],[37.71673,6.00544],[37.70555,6.01103],[37.68523,6.01015],[37.68082,6.02663],[37.69318,6.05872],[37.69436,6.09404],[37.70731,6.117],[37.73204,6.13054],[37.74411,6.13731],[37.75559,6.14438],[37.75765,6.15762],[37.76736,6.16763],[37.80416,6.17793],[37.82771,6.20001],[37.82771,6.19442],[37.82771,6.18882],[37.84978,6.18353],[37.84449,6.14438],[37.87569,6.19854],[37.87775,6.26124],[37.89659,6.27566],[37.88334,6.30569],[37.88658,6.34572],[37.87333,6.38193],[37.8542,6.44728],[37.87216,6.51115],[37.9066,6.51557],[37.93603,6.55266],[37.94987,6.57327],[37.964,6.59328],[37.98078,6.60594],[37.99991,6.61654]]]}},{"type":"Feature","properties":{"lake_id":"LAKE_LAKE_ASSAL","name":"Lake Assal","source_name":"Lake Assal","scale_rank":5,"min_zoom":4.7,"feature_class":"Alkaline Lake","geometry_role":"cartographic waterbody context; not an ED-FLOW node, route or evidence record","source":"Natural Earth 1:10m lakes, version 5.0.0","source_commit":"ca96624a56bd078437bca8184e78163e5039ad19"},"geometry":{"type":"Polygon","coordinates":[[[42.42214,11.7111],[42.44893,11.6746],[42.43892,11.65546],[42.41125,11.62455],[42.40007,11.65016],[42.38446,11.69226],[42.42214,11.7111]]]}},{"type":"Feature","properties":{"lake_id":"LAKE_LAKE_KARIBA","name":"Lake Kariba","source_name":"Lake Kariba","scale_rank":5,"min_zoom":4.7,"feature_class":"Reservoir","geometry_role":"cartographic waterbody context; not an ED-FLOW node, route or evidence record","source":"Natural Earth 1:10m lakes, version 5.0.0","source_commit":"ca96624a56bd078437bca8184e78163e5039ad19"},"geometry":{"type":"Polygon","coordinates":[[[28.97471,-16.5979],[28.99149,-16.60408],[29.00061,-16.61468],[28.98854,-16.61527],[28.95646,-16.62381],[28.94615,-16.62881],[28.93585,-16.63705],[28.92967,-16.6453],[28.9335,-16.6503],[28.95234,-16.64942],[28.94027,-16.66148],[28.93055,-16.67503],[28.92467,-16.69121],[28.92496,-16.71212],[28.89199,-16.66796],[28.88051,-16.66237],[28.86491,-16.66884],[28.84931,-16.68327],[28.84401,-16.6974],[28.8602,-16.70417],[28.86903,-16.72065],[28.86403,-16.75362],[28.84254,-16.77717],[28.80221,-16.76598],[28.80604,-16.78394],[28.79985,-16.79424],[28.78926,-16.80249],[28.78102,-16.81396],[28.76306,-16.81014],[28.73804,-16.81132],[28.71596,-16.80778],[28.70654,-16.78983],[28.7033,-16.77864],[28.69594,-16.77423],[28.68858,-16.77069],[28.68535,-16.76245],[28.68888,-16.75274],[28.70595,-16.73419],[28.71272,-16.72448],[28.69035,-16.72359],[28.69064,-16.70799],[28.69329,-16.68857],[28.67858,-16.67679],[28.65444,-16.68268],[28.63766,-16.71594],[28.61735,-16.71212],[28.60763,-16.71977],[28.59203,-16.71741],[28.58173,-16.71918],[28.58909,-16.73831],[28.57555,-16.73449],[28.56377,-16.73537],[28.55436,-16.73449],[28.54876,-16.72448],[28.53463,-16.73125],[28.5414,-16.74567],[28.53728,-16.7492],[28.5258,-16.75656],[28.52109,-16.75862],[28.50108,-16.75656],[28.48371,-16.77334],[28.45898,-16.81396],[28.45309,-16.81632],[28.44691,-16.81426],[28.44191,-16.81396],[28.43896,-16.82074],[28.44073,-16.82751],[28.44603,-16.83398],[28.45192,-16.83928],[28.45574,-16.84134],[28.46369,-16.84841],[28.47311,-16.89521],[28.45692,-16.88461],[28.44985,-16.84899],[28.43543,-16.84134],[28.4216,-16.84016],[28.40217,-16.83663],[28.38451,-16.82927],[28.37685,-16.8172],[28.37568,-16.80984],[28.37067,-16.79954],[28.36949,-16.78983],[28.37362,-16.78512],[28.38215,-16.77776],[28.38951,-16.76893],[28.39069,-16.75862],[28.3795,-16.74862],[28.36508,-16.75303],[28.35301,-16.76746],[28.34889,-16.78659],[28.33388,-16.78188],[28.32357,-16.78865],[28.3168,-16.8019],[28.31504,-16.8172],[28.30738,-16.81956],[28.26087,-16.82751],[28.2597,-16.80749],[28.22673,-16.81161],[28.16521,-16.83428],[28.13194,-16.83987],[28.11663,-16.84605],[28.10398,-16.87225],[28.09397,-16.88697],[28.09191,-16.90021],[28.10986,-16.90934],[28.08838,-16.92053],[28.07513,-16.93171],[28.06748,-16.94731],[28.06159,-16.97086],[28.056,-16.98028],[28.05011,-16.98676],[28.05246,-16.99029],[28.07248,-16.99147],[28.08573,-16.98911],[28.10928,-16.9794],[28.1237,-16.97763],[28.1131,-16.9897],[28.0978,-16.99529],[28.09014,-17.00177],[28.10133,-17.01767],[28.09956,-17.01943],[28.09662,-17.02502],[28.09632,-17.02561],[28.10339,-17.02561],[28.10339,-17.03297],[28.08308,-17.03621],[28.06571,-17.04445],[28.05305,-17.05888],[28.04805,-17.08095],[28.03981,-17.07477],[28.02156,-17.05152],[28.01626,-17.05387],[28.01008,-17.05358],[28.00713,-17.05005],[28.00743,-17.0421],[28.00684,-17.0368],[28.00419,-17.03385],[27.99683,-17.03297],[27.96386,-17.02238],[27.95827,-17.02238],[27.9565,-17.03121],[27.95621,-17.03974],[27.95915,-17.03915],[27.96121,-17.03915],[27.96298,-17.04269],[27.96298,-17.04799],[27.95915,-17.05358],[27.95297,-17.05505],[27.9462,-17.0524],[27.94002,-17.04857],[27.93501,-17.04651],[27.92618,-17.04946],[27.92618,-17.05623],[27.93207,-17.06712],[27.91617,-17.09567],[27.90764,-17.1048],[27.89203,-17.11481],[27.87055,-17.12393],[27.82845,-17.13541],[27.83728,-17.14983],[27.84935,-17.16337],[27.83522,-17.16779],[27.8258,-17.16014],[27.81786,-17.14925],[27.80785,-17.14277],[27.79548,-17.14542],[27.76016,-17.16956],[27.71012,-17.19016],[27.69393,-17.20076],[27.71218,-17.2037],[27.7057,-17.21342],[27.68951,-17.22784],[27.68421,-17.23903],[27.66331,-17.23049],[27.66243,-17.24374],[27.6745,-17.27317],[27.6642,-17.27641],[27.65213,-17.28377],[27.64447,-17.29378],[27.64683,-17.30408],[27.65301,-17.31586],[27.64771,-17.3241],[27.62976,-17.33469],[27.6118,-17.36325],[27.57559,-17.47805],[27.56882,-17.47805],[27.57383,-17.45274],[27.57177,-17.44302],[27.56205,-17.43713],[27.56294,-17.45332],[27.5544,-17.49542],[27.54704,-17.50278],[27.52908,-17.50808],[27.4967,-17.5122],[27.46903,-17.5122],[27.45961,-17.51485],[27.45755,-17.52103],[27.45873,-17.5278],[27.45873,-17.5328],[27.42488,-17.57431],[27.44077,-17.57313],[27.45108,-17.56518],[27.4602,-17.55458],[27.47257,-17.54634],[27.4655,-17.56165],[27.45078,-17.57902],[27.43342,-17.58873],[27.41811,-17.58108],[27.41046,-17.58785],[27.38897,-17.57313],[27.3507,-17.6008],[27.21941,-17.73591],[27.21411,-17.74357],[27.21205,-17.75593],[27.21617,-17.75917],[27.22471,-17.76093],[27.23207,-17.76594],[27.23237,-17.78036],[27.21529,-17.77418],[27.20087,-17.77742],[27.15907,-17.80803],[27.15819,-17.81657],[27.16525,-17.8254],[27.17114,-17.841],[27.15671,-17.86367],[27.09755,-17.91136],[27.09519,-17.93049],[27.0843,-17.9246],[27.07547,-17.92813],[27.06782,-17.93844],[27.06134,-17.95227],[27.07046,-17.95315],[27.07841,-17.95669],[27.0843,-17.96287],[27.08842,-17.97141],[27.07341,-17.96728],[27.06782,-17.96464],[27.06458,-17.96817],[27.05751,-17.97464],[27.05428,-17.97818],[27.03985,-17.97405],[27.02572,-17.98377],[27.02072,-17.97141],[27.02337,-17.94815],[27.05457,-17.91901],[27.06134,-17.89575],[27.07194,-17.90105],[27.08018,-17.90194],[27.08401,-17.89781],[27.08077,-17.89016],[27.08077,-17.8828],[27.09048,-17.87986],[27.0999,-17.87574],[27.10491,-17.86955],[27.10196,-17.8622],[27.11433,-17.85513],[27.12522,-17.8463],[27.13346,-17.83511],[27.13611,-17.82069],[27.12551,-17.82599],[27.11285,-17.83453],[27.1002,-17.841],[27.08842,-17.841],[27.08077,-17.83276],[27.08312,-17.82216],[27.0896,-17.81304],[27.09519,-17.80715],[27.08842,-17.80715],[27.08842,-17.80067],[27.10903,-17.7939],[27.10226,-17.79008],[27.09401,-17.78301],[27.08842,-17.78036],[27.10432,-17.76829],[27.13964,-17.72826],[27.14788,-17.71472],[27.15495,-17.69824],[27.16348,-17.68734],[27.17761,-17.69088],[27.18291,-17.68057],[27.18203,-17.67733],[27.17761,-17.67056],[27.18792,-17.66497],[27.20411,-17.64643],[27.22795,-17.6373],[27.22795,-17.62612],[27.22972,-17.6164],[27.2462,-17.61522],[27.24502,-17.60904],[27.2462,-17.60139],[27.2462,-17.59462],[27.25768,-17.60433],[27.26533,-17.60787],[27.27416,-17.60845],[27.28623,-17.60433],[27.29036,-17.59874],[27.29094,-17.59138],[27.29801,-17.5696],[27.29624,-17.56283],[27.29713,-17.55812],[27.30802,-17.55311],[27.31331,-17.55458],[27.34216,-17.56695],[27.34422,-17.56459],[27.34422,-17.56312],[27.34511,-17.56253],[27.34893,-17.56047],[27.34893,-17.55311],[27.33363,-17.54517],[27.3348,-17.53692],[27.34658,-17.53398],[27.36277,-17.54016],[27.37101,-17.52574],[27.3716,-17.51367],[27.36983,-17.50101],[27.37042,-17.48482],[27.37572,-17.46951],[27.38131,-17.46098],[27.37955,-17.45597],[27.36277,-17.45068],[27.34952,-17.45156],[27.33834,-17.45715],[27.32892,-17.46304],[27.32185,-17.46451],[27.31243,-17.45391],[27.31449,-17.44008],[27.32274,-17.4283],[27.34481,-17.41594],[27.38661,-17.36531],[27.4343,-17.32881],[27.44931,-17.31144],[27.43106,-17.30732],[27.43577,-17.29731],[27.43842,-17.29378],[27.41752,-17.27671],[27.43224,-17.2667],[27.45873,-17.26258],[27.47257,-17.26228],[27.48228,-17.25227],[27.502,-17.2405],[27.51731,-17.2249],[27.51407,-17.2037],[27.5176,-17.19929],[27.51937,-17.19487],[27.52025,-17.18928],[27.52025,-17.18045],[27.52437,-17.17073],[27.5335,-17.16691],[27.54263,-17.16573],[27.54822,-17.16337],[27.55175,-17.15425],[27.55116,-17.14807],[27.5494,-17.14189],[27.54822,-17.13247],[27.55116,-17.13011],[27.5647,-17.12422],[27.56882,-17.12187],[27.57147,-17.11392],[27.57206,-17.10656],[27.57324,-17.0995],[27.57883,-17.09096],[27.58501,-17.08713],[27.59767,-17.0836],[27.60297,-17.08095],[27.62446,-17.05063],[27.63653,-17.03915],[27.6589,-17.06182],[27.66008,-17.07183],[27.65007,-17.08772],[27.66655,-17.08625],[27.68245,-17.07948],[27.71218,-17.05946],[27.68657,-17.03856],[27.67332,-17.03062],[27.65743,-17.02561],[27.67185,-17.01119],[27.71365,-17.00089],[27.73278,-16.98499],[27.7372,-16.96998],[27.73014,-16.95791],[27.71424,-16.95055],[27.69157,-16.95055],[27.69834,-16.94025],[27.71895,-16.92582],[27.72572,-16.91581],[27.73278,-16.91581],[27.74309,-16.93495],[27.77164,-16.93142],[27.82198,-16.90934],[27.84847,-16.90463],[27.86348,-16.89963],[27.86996,-16.89197],[27.86201,-16.88697],[27.81521,-16.87519],[27.80431,-16.86872],[27.77694,-16.84605],[27.77723,-16.84134],[27.78813,-16.83751],[27.78989,-16.82927],[27.78783,-16.82015],[27.78783,-16.81396],[27.79401,-16.80631],[27.79431,-16.80484],[27.79519,-16.80631],[27.86024,-16.8172],[27.86996,-16.81043],[27.87172,-16.78894],[27.86819,-16.781],[27.85612,-16.77217],[27.86849,-16.76863],[27.88144,-16.76834],[27.9041,-16.77217],[27.90764,-16.7704],[27.91323,-16.76687],[27.91971,-16.76422],[27.925,-16.76598],[27.92559,-16.76893],[27.92441,-16.77717],[27.925,-16.77982],[27.92353,-16.78188],[27.91765,-16.80013],[27.93295,-16.79365],[27.94914,-16.78983],[27.96327,-16.79071],[27.97299,-16.80013],[27.97416,-16.81632],[27.96798,-16.82662],[27.96621,-16.83575],[27.97976,-16.84811],[28.00654,-16.8537],[28.0401,-16.84723],[28.07071,-16.83104],[28.08955,-16.8072],[28.0766,-16.80307],[28.07366,-16.80396],[28.06924,-16.8072],[28.06394,-16.7963],[28.06689,-16.79189],[28.07278,-16.78894],[28.07601,-16.78335],[28.07601,-16.76245],[28.08219,-16.7445],[28.09721,-16.74126],[28.11546,-16.74744],[28.13047,-16.75862],[28.1343,-16.75274],[28.13636,-16.74597],[28.13753,-16.72801],[28.14018,-16.71947],[28.14695,-16.71653],[28.15579,-16.71506],[28.16521,-16.71212],[28.18934,-16.69887],[28.20082,-16.68915],[28.20524,-16.67679],[28.1758,-16.69092],[28.17462,-16.67738],[28.17875,-16.65471],[28.16521,-16.64206],[28.16521,-16.63587],[28.18581,-16.63058],[28.19906,-16.63617],[28.21937,-16.66237],[28.22555,-16.64942],[28.24439,-16.65707],[28.24822,-16.6453],[28.24586,-16.62528],[28.24645,-16.60791],[28.26529,-16.61792],[28.27824,-16.61439],[28.29325,-16.60585],[28.31827,-16.60114],[28.32887,-16.59408],[28.32269,-16.57906],[28.30503,-16.56464],[28.28089,-16.56022],[28.28089,-16.55316],[28.29149,-16.55345],[28.29502,-16.55316],[28.29502,-16.54639],[28.28825,-16.5455],[28.27383,-16.53962],[28.29355,-16.53608],[28.31121,-16.53756],[28.32416,-16.54609],[28.32917,-16.56346],[28.33358,-16.56552],[28.35536,-16.55581],[28.36331,-16.55316],[28.37185,-16.55551],[28.37538,-16.56052],[28.37332,-16.5667],[28.36331,-16.57288],[28.37244,-16.58289],[28.39187,-16.59172],[28.39746,-16.60114],[28.40747,-16.59143],[28.43367,-16.55757],[28.43896,-16.54286],[28.44691,-16.53962],[28.46369,-16.53844],[28.48017,-16.53167],[28.48694,-16.51224],[28.5052,-16.52048],[28.50991,-16.53667],[28.50902,-16.55286],[28.51079,-16.56022],[28.52374,-16.55581],[28.53552,-16.54757],[28.54788,-16.54227],[28.5626,-16.54639],[28.56731,-16.54168],[28.57113,-16.53697],[28.57378,-16.53167],[28.57555,-16.52578],[28.56407,-16.52667],[28.55318,-16.52608],[28.54346,-16.52343],[28.53463,-16.51784],[28.5467,-16.51342],[28.62088,-16.50106],[28.64649,-16.48222],[28.6615,-16.4781],[28.68034,-16.48133],[28.68446,-16.49046],[28.68329,-16.50312],[28.68535,-16.51784],[28.6983,-16.53255],[28.71302,-16.53285],[28.72803,-16.53079],[28.7401,-16.53962],[28.75776,-16.53226],[28.78072,-16.5302],[28.84725,-16.53461],[28.86049,-16.54079],[28.87286,-16.54963],[28.89081,-16.56022],[28.88699,-16.56199],[28.8861,-16.56258],[28.8861,-16.56376],[28.88404,-16.56699],[28.87139,-16.56111],[28.85814,-16.55964],[28.84577,-16.5617],[28.83636,-16.56699],[28.86403,-16.57995],[28.87904,-16.58289],[28.89758,-16.58053],[28.9126,-16.57494],[28.95234,-16.55316],[28.95969,-16.56022],[28.94792,-16.57671],[28.93879,-16.59408],[28.95528,-16.59496],[28.97471,-16.5979]]]}},{"type":"Feature","properties":{"lake_id":"LAKE_LAKE_KYOGA","name":"Lake Kyoga","source_name":"Lake Kyoga","scale_rank":5,"min_zoom":4.7,"feature_class":"Lake","geometry_role":"cartographic waterbody context; not an ED-FLOW node, route or evidence record","source":"Natural Earth 1:10m lakes, version 5.0.0","source_commit":"ca96624a56bd078437bca8184e78163e5039ad19"},"geometry":{"type":"Polygon","coordinates":[[[33.4879,1.65886],[33.49643,1.65474],[33.48907,1.65474],[33.49437,1.64502],[33.49585,1.64061],[33.49643,1.63354],[33.48907,1.63354],[33.45434,1.64384],[33.40312,1.64944],[33.3519,1.64178],[33.31775,1.61323],[33.28744,1.62324],[33.26006,1.61176],[33.21473,1.57202],[33.19795,1.57378],[33.17528,1.56466],[33.15556,1.54994],[33.14114,1.52315],[33.12701,1.51874],[33.10993,1.5155],[33.09522,1.50696],[33.09286,1.49225],[33.10817,1.48077],[33.12995,1.47282],[33.14702,1.46899],[33.16998,1.4684],[33.18529,1.47341],[33.20001,1.48165],[33.2215,1.49019],[33.21473,1.47664],[33.25771,1.48636],[33.27625,1.48577],[33.27713,1.46899],[33.26212,1.47635],[33.24976,1.47046],[33.24416,1.45722],[33.24946,1.44191],[33.22062,1.44162],[33.19971,1.43926],[33.1794,1.43102],[33.1532,1.41365],[33.16616,1.4004],[33.18146,1.39893],[33.20001,1.40011],[33.2215,1.39452],[33.2215,1.38716],[33.21502,1.38922],[33.20119,1.39216],[33.19471,1.39452],[33.20295,1.38127],[33.22238,1.37803],[33.24328,1.38304],[33.25623,1.39452],[33.27831,1.38304],[33.28655,1.39187],[33.29038,1.4213],[33.2995,1.42454],[33.31658,1.42601],[33.33247,1.42366],[33.33807,1.41365],[33.32923,1.40364],[33.31569,1.40541],[33.30657,1.40305],[33.31069,1.38039],[33.31452,1.37538],[33.31893,1.37627],[33.32364,1.37803],[33.32835,1.37715],[33.33306,1.37185],[33.3313,1.36891],[33.32688,1.36685],[33.32453,1.36361],[33.32717,1.35448],[33.33424,1.34536],[33.34336,1.33741],[33.3519,1.33182],[33.34189,1.32269],[33.33571,1.31121],[33.32923,1.30474],[33.31775,1.31151],[33.28449,1.29826],[33.26889,1.28943],[33.26241,1.28089],[33.26536,1.2647],[33.27066,1.24851],[33.2739,1.23232],[33.26977,1.21584],[33.26241,1.22378],[33.25682,1.22732],[33.25064,1.22702],[33.24181,1.22261],[33.24063,1.24174],[33.23357,1.26558],[33.22385,1.28884],[33.21473,1.30532],[33.21119,1.30356],[33.20796,1.30268],[33.20472,1.30091],[33.20089,1.29767],[33.18647,1.31151],[33.17469,1.30797],[33.1532,1.28472],[33.15262,1.28707],[33.14467,1.28649],[33.13319,1.28472],[33.13172,1.28354],[33.1273,1.2806],[33.12053,1.27765],[33.11288,1.27736],[33.12995,1.31916],[33.12995,1.32563],[33.12259,1.33035],[33.10258,1.34889],[33.09875,1.35007],[33.09463,1.34771],[33.07549,1.36302],[33.06784,1.36743],[33.06107,1.36508],[33.05459,1.36096],[33.04753,1.3589],[33.04017,1.36361],[33.03428,1.37038],[33.0284,1.37568],[33.02163,1.37921],[33.01279,1.38039],[32.97835,1.39481],[32.94097,1.42278],[32.89946,1.44132],[32.85148,1.42807],[32.85708,1.42601],[32.8612,1.42366],[32.86591,1.42189],[32.87268,1.4213],[32.86679,1.40747],[32.85914,1.39452],[32.85148,1.39452],[32.84972,1.40276],[32.84795,1.406],[32.84442,1.40806],[32.83765,1.41365],[32.84383,1.38421],[32.87974,1.34006],[32.89299,1.31151],[32.88563,1.31151],[32.8821,1.3171],[32.87827,1.32063],[32.87297,1.32299],[32.86532,1.32563],[32.86914,1.31062],[32.87268,1.30444],[32.87945,1.29767],[32.85855,1.30886],[32.84677,1.33682],[32.83117,1.40129],[32.81115,1.39893],[32.78319,1.42101],[32.76288,1.41365],[32.74198,1.4163],[32.72432,1.39923],[32.7199,1.37774],[32.73815,1.36743],[32.74875,1.3639],[32.7567,1.34948],[32.76641,1.34624],[32.77259,1.34183],[32.77613,1.33093],[32.7773,1.31769],[32.77642,1.30532],[32.76671,1.31504],[32.74551,1.34683],[32.73815,1.3536],[32.72049,1.35684],[32.69017,1.37097],[32.67722,1.37421],[32.66662,1.37509],[32.64543,1.38039],[32.61952,1.38039],[32.60068,1.38686],[32.5842,1.39687],[32.57154,1.40865],[32.56418,1.4213],[32.55741,1.42542],[32.55064,1.43102],[32.54564,1.43779],[32.5424,1.44839],[32.53975,1.44927],[32.5374,1.45074],[32.53681,1.45604],[32.53916,1.46016],[32.54858,1.46752],[32.55771,1.49931],[32.55682,1.51403],[32.54358,1.52374],[32.56094,1.5311],[32.57154,1.5208],[32.58243,1.5052],[32.60186,1.49696],[32.6625,1.4893],[32.68075,1.49019],[32.69488,1.49872],[32.73962,1.53817],[32.75758,1.57143],[32.77671,1.5832],[32.79732,1.59204],[32.81057,1.59998],[32.81734,1.59998],[32.81822,1.59027],[32.81763,1.58144],[32.81498,1.5729],[32.81057,1.56525],[32.80586,1.56996],[32.79967,1.57467],[32.79673,1.57879],[32.78878,1.56525],[32.78908,1.55289],[32.79644,1.54317],[32.81057,1.53787],[32.82028,1.5417],[32.83147,1.55053],[32.84206,1.55642],[32.85148,1.55171],[32.87091,1.55877],[32.88592,1.55553],[32.89917,1.55583],[32.91359,1.57202],[32.93567,1.55347],[32.95893,1.55907],[32.97982,1.5679],[32.99543,1.55848],[32.99072,1.55436],[32.98807,1.54994],[32.98247,1.53787],[33.00838,1.54229],[33.0334,1.56024],[33.07108,1.59998],[33.07638,1.60381],[33.08344,1.60764],[33.08933,1.61176],[33.09168,1.61676],[33.09021,1.62648],[33.08815,1.63177],[33.08756,1.6356],[33.09168,1.6409],[33.10758,1.64973],[33.11641,1.64561],[33.11641,1.6359],[33.10522,1.62736],[33.10522,1.62059],[33.11406,1.61529],[33.11935,1.6094],[33.12495,1.60558],[33.13319,1.60616],[33.13701,1.6094],[33.1485,1.62353],[33.15586,1.6303],[33.16056,1.62736],[33.1532,1.62059],[33.17057,1.62706],[33.17469,1.63678],[33.17587,1.64944],[33.18411,1.66504],[33.19206,1.67151],[33.19765,1.67181],[33.20177,1.66975],[33.20766,1.66827],[33.20707,1.66356],[33.21443,1.65562],[33.22385,1.65297],[33.22827,1.66504],[33.23062,1.6668],[33.24063,1.68505],[33.24181,1.68888],[33.25152,1.69212],[33.25712,1.68947],[33.25918,1.68447],[33.25918,1.68211],[33.25093,1.67446],[33.25035,1.65768],[33.25771,1.64119],[33.2736,1.63354],[33.28538,1.63913],[33.31099,1.66533],[33.32453,1.67446],[33.37692,1.68211],[33.39282,1.68888],[33.42049,1.74805],[33.43785,1.77395],[33.45493,1.76394],[33.43992,1.75511],[33.43432,1.73245],[33.43609,1.67063],[33.44227,1.67446],[33.45522,1.68476],[33.47583,1.68888],[33.4723,1.68064],[33.47082,1.6724],[33.46906,1.65474],[33.47583,1.65474],[33.48083,1.65915],[33.48378,1.66033],[33.4879,1.65886]],[[32.86532,1.44191],[32.86532,1.44868],[32.7514,1.44691],[32.74168,1.44868],[32.73698,1.45192],[32.73315,1.45751],[32.72697,1.46163],[32.7149,1.46222],[32.73256,1.44162],[32.7511,1.43131],[32.77377,1.42955],[32.8038,1.43543],[32.82411,1.42513],[32.835,1.42778],[32.8456,1.43602],[32.86532,1.44191]]]}},{"type":"Feature","properties":{"lake_id":"LAKE_LAKE_MANYARA","name":"Lake Manyara","source_name":"Lake Manyara","scale_rank":5,"min_zoom":4.7,"feature_class":"Lake","geometry_role":"cartographic waterbody context; not an ED-FLOW node, route or evidence record","source":"Natural Earth 1:10m lakes, version 5.0.0","source_commit":"ca96624a56bd078437bca8184e78163e5039ad19"},"geometry":{"type":"Polygon","coordinates":[[[35.7389,-3.76127],[35.74361,-3.70593],[35.74714,-3.65265],[35.73713,-3.62439],[35.7389,-3.59437],[35.75274,-3.58053],[35.76657,-3.5667],[35.76716,-3.55021],[35.76657,-3.53343],[35.78453,-3.47368],[35.81131,-3.42776],[35.83898,-3.42157],[35.86224,-3.40421],[35.87784,-3.41215],[35.88343,-3.43894],[35.89491,-3.45896],[35.89403,-3.48045],[35.88785,-3.51224],[35.88167,-3.54197],[35.859,-3.60055],[35.8693,-3.66089],[35.86518,-3.68003],[35.85576,-3.70004],[35.84723,-3.6971],[35.83898,-3.69445],[35.83604,-3.70269],[35.83339,-3.71123],[35.82574,-3.72035],[35.81956,-3.73036],[35.78276,-3.76422],[35.7389,-3.76127]]]}},{"type":"Feature","properties":{"lake_id":"LAKE_LAKE_NASSER","name":"Lake Nasser","source_name":"Lake Nasser","scale_rank":5,"min_zoom":4.7,"feature_class":"Reservoir","geometry_role":"cartographic waterbody context; not an ED-FLOW node, route or evidence record","source":"Natural Earth 1:10m lakes, version 5.0.0","source_commit":"ca96624a56bd078437bca8184e78163e5039ad19"},"geometry":{"type":"Polygon","coordinates":[[[32.22772,22.65143],[32.24185,22.67204],[32.24833,22.67852],[32.21772,22.68617],[32.21124,22.69294],[32.22154,22.70589],[32.20535,22.70795],[32.19328,22.71619],[32.18151,22.72591],[32.1662,22.73327],[32.14883,22.73444],[32.13264,22.73003],[32.09938,22.71001],[32.09438,22.70766],[32.08937,22.70648],[32.08407,22.70589],[32.07701,22.70442],[32.0776,22.70089],[32.07966,22.69618],[32.0776,22.69235],[32.06965,22.69029],[32.06229,22.69058],[32.05582,22.6897],[32.05022,22.6847],[32.04434,22.67086],[32.04728,22.6638],[32.05317,22.65526],[32.05699,22.6376],[32.03668,22.64731],[32.02049,22.65173],[32.0043,22.64849],[31.98517,22.63436],[31.96957,22.61464],[31.96898,22.59992],[31.97575,22.58432],[31.98134,22.56195],[31.9522,22.57961],[31.94396,22.57843],[31.94013,22.56195],[31.94278,22.56489],[31.95455,22.52839],[31.97457,22.49365],[31.95132,22.49719],[31.94131,22.48953],[31.93483,22.47864],[31.92306,22.47334],[31.90363,22.46657],[31.8948,22.45068],[31.89244,22.43037],[31.89244,22.41123],[31.83357,22.42036],[31.81179,22.4183],[31.82415,22.40417],[31.81679,22.39681],[31.83004,22.39063],[31.84093,22.37856],[31.84505,22.36413],[31.83799,22.34971],[31.82239,22.34147],[31.81267,22.34794],[31.80531,22.3606],[31.79648,22.37032],[31.76881,22.3762],[31.74143,22.3712],[31.68639,22.34235],[31.69728,22.32616],[31.69316,22.31821],[31.6805,22.32086],[31.66608,22.33588],[31.66549,22.32822],[31.65931,22.30879],[31.64606,22.32233],[31.64341,22.31174],[31.63782,22.30379],[31.62928,22.2982],[31.6181,22.29496],[31.64842,22.27288],[31.65224,22.26699],[31.65489,22.25463],[31.66166,22.24727],[31.67226,22.24492],[31.68639,22.24668],[31.66784,22.24021],[31.64871,22.24345],[31.62958,22.24992],[31.61133,22.25345],[31.59631,22.24874],[31.54245,22.21254],[31.54509,22.20577],[31.5448,22.20253],[31.54333,22.19929],[31.54245,22.19193],[31.53155,22.19693],[31.51772,22.18958],[31.44001,22.12658],[31.39261,22.05299],[31.38555,22.03504],[31.38261,22.00825],[31.38732,21.95644],[31.38555,21.93201],[31.37819,21.9117],[31.34434,21.85636],[31.33315,21.84605],[31.3308,21.84311],[31.32962,21.83781],[31.32991,21.82427],[31.3308,21.82221],[31.30342,21.79483],[31.29783,21.78483],[31.29753,21.77864],[31.29518,21.77334],[31.28311,21.76687],[31.28017,21.76863],[31.27192,21.77864],[31.26869,21.78129],[31.26309,21.77894],[31.25838,21.77423],[31.25544,21.76922],[31.25514,21.76687],[31.24396,21.76746],[31.2366,21.76952],[31.23013,21.76863],[31.221,21.7601],[31.21541,21.75156],[31.21305,21.74332],[31.21482,21.73478],[31.221,21.72595],[31.20098,21.70564],[31.18185,21.65619],[31.15889,21.64382],[31.13828,21.64088],[31.1215,21.6347],[31.10649,21.6244],[31.0906,21.60909],[31.09737,21.62646],[31.10738,21.64441],[31.12121,21.65854],[31.13828,21.66443],[31.15859,21.6659],[31.16684,21.6712],[31.18097,21.71801],[31.17891,21.73478],[31.17478,21.75068],[31.17331,21.76687],[31.17832,21.78247],[31.18626,21.79601],[31.19156,21.80867],[31.18685,21.82221],[31.20157,21.81691],[31.21129,21.8175],[31.21923,21.82192],[31.22777,21.82898],[31.23248,21.83575],[31.23454,21.85282],[31.23807,21.8593],[31.24308,21.86254],[31.25573,21.86695],[31.26192,21.8699],[31.28134,21.8855],[31.33698,21.96085],[31.34404,21.98764],[31.34434,22.04769],[31.36612,22.10921],[31.36553,22.12158],[31.362,22.13394],[31.35817,22.14365],[31.38113,22.14631],[31.40086,22.16043],[31.41734,22.18192],[31.43029,22.20577],[31.44442,22.22107],[31.51507,22.26022],[31.65931,22.38386],[31.64606,22.39063],[31.65842,22.39651],[31.68668,22.39975],[31.69375,22.40417],[31.67285,22.45951],[31.68904,22.46363],[31.70523,22.45686],[31.72083,22.44773],[31.72996,22.44773],[31.73702,22.45686],[31.7482,22.46657],[31.75586,22.46952],[31.75645,22.4754],[31.75527,22.48158],[31.75292,22.48747],[31.7485,22.49365],[31.78942,22.47511],[31.8112,22.47275],[31.81679,22.49365],[31.80443,22.50278],[31.7382,22.53163],[31.66932,22.59227],[31.65607,22.61405],[31.66019,22.62641],[31.66784,22.63671],[31.66608,22.65143],[31.67461,22.6426],[31.68138,22.63112],[31.69051,22.62082],[31.70376,22.6167],[31.71612,22.61434],[31.73113,22.60934],[31.74526,22.60257],[31.75527,22.59609],[31.77323,22.57137],[31.78294,22.56312],[31.79678,22.56577],[31.81032,22.57195],[31.82415,22.5749],[31.83622,22.57195],[31.84476,22.56195],[31.85624,22.57019],[31.85624,22.57725],[31.84858,22.58226],[31.83799,22.58314],[31.83887,22.60051],[31.84741,22.61317],[31.86154,22.62082],[31.8789,22.62347],[31.8895,22.62877],[31.87861,22.65202],[31.89244,22.65761],[31.93307,22.66262],[31.9575,22.67704],[32.00254,22.7265],[31.99488,22.73327],[32.01637,22.7368],[32.04286,22.73444],[32.06229,22.74033],[32.06376,22.76741],[32.07672,22.75917],[32.09055,22.75417],[32.10409,22.75593],[32.11528,22.768],[32.12823,22.77801],[32.14413,22.77978],[32.15825,22.78566],[32.1662,22.80833],[32.16885,22.79891],[32.17032,22.79037],[32.16915,22.78213],[32.1662,22.77477],[32.20476,22.76741],[32.22566,22.76947],[32.24185,22.78154],[32.25098,22.76918],[32.25804,22.74239],[32.26599,22.72973],[32.27159,22.72532],[32.28454,22.71825],[32.28983,22.71266],[32.28542,22.70354],[32.28365,22.69588],[32.2863,22.68852],[32.29337,22.68352],[32.3075,22.67675],[32.31044,22.67174],[32.30926,22.64878],[32.31044,22.64378],[32.32133,22.63524],[32.33576,22.62965],[32.35106,22.62788],[32.36549,22.63083],[32.38668,22.64672],[32.39934,22.66968],[32.40964,22.69441],[32.42348,22.71649],[32.44644,22.7318],[32.50413,22.75858],[32.5162,22.77477],[32.54593,22.76594],[32.55977,22.78566],[32.56389,22.81716],[32.56418,22.84306],[32.57184,22.88575],[32.57154,22.89782],[32.56742,22.90311],[32.55947,22.90988],[32.5527,22.91901],[32.55064,22.93196],[32.56801,22.92254],[32.58361,22.91931],[32.59921,22.92343],[32.6157,22.9352],[32.62776,22.95051],[32.6363,22.96935],[32.63689,22.98554],[32.62541,22.99407],[32.63012,23.00261],[32.63571,23.01056],[32.64925,23.02469],[32.65102,23.03116],[32.64248,23.04706],[32.64248,23.0556],[32.67221,23.06472],[32.68046,23.0709],[32.65956,23.07591],[32.65956,23.08327],[32.68134,23.08562],[32.6937,23.10152],[32.69606,23.12359],[32.68693,23.14479],[32.69576,23.1545],[32.69812,23.16628],[32.69841,23.17923],[32.70077,23.19248],[32.71961,23.19395],[32.72491,23.19601],[32.72726,23.20189],[32.72049,23.21308],[32.72108,23.21985],[32.76906,23.27813],[32.77995,23.27961],[32.78937,23.26077],[32.80085,23.28314],[32.81027,23.2902],[32.81969,23.28226],[32.83117,23.26077],[32.84265,23.27607],[32.83706,23.28667],[32.82676,23.29668],[32.82499,23.30934],[32.83294,23.31876],[32.85413,23.3217],[32.86532,23.32965],[32.87356,23.31905],[32.88386,23.29344],[32.89299,23.28873],[32.90535,23.29433],[32.90947,23.30639],[32.90859,23.31993],[32.90682,23.32965],[32.89417,23.34967],[32.87032,23.37027],[32.84442,23.3844],[32.82499,23.38499],[32.82882,23.39853],[32.83912,23.41207],[32.86208,23.43562],[32.87003,23.4471],[32.88003,23.46653],[32.88563,23.48654],[32.87945,23.50038],[32.86561,23.50008],[32.83382,23.4786],[32.82116,23.473],[32.80733,23.47919],[32.79732,23.4939],[32.78878,23.51098],[32.77966,23.52481],[32.77642,23.52246],[32.76199,23.5254],[32.74875,23.5307],[32.74904,23.53511],[32.7408,23.53158],[32.72108,23.51422],[32.71755,23.50686],[32.71666,23.49802],[32.7149,23.49008],[32.70783,23.48684],[32.69989,23.48507],[32.69164,23.48095],[32.67722,23.47006],[32.64513,23.45829],[32.61393,23.46918],[32.55741,23.50803],[32.57831,23.51804],[32.62364,23.52481],[32.64602,23.53158],[32.65249,23.536],[32.66073,23.54512],[32.66662,23.54895],[32.67074,23.54836],[32.68134,23.54247],[32.68693,23.54218],[32.73462,23.56072],[32.73933,23.56161],[32.73609,23.56367],[32.72491,23.57309],[32.71607,23.57603],[32.70342,23.57691],[32.69194,23.57927],[32.68693,23.58663],[32.67957,23.60105],[32.66486,23.60076],[32.65426,23.58722],[32.65956,23.56249],[32.63689,23.56396],[32.621,23.57603],[32.61246,23.59517],[32.61187,23.61783],[32.63689,23.61165],[32.65367,23.62931],[32.66486,23.65315],[32.67369,23.66493],[32.68281,23.66846],[32.69223,23.67494],[32.70136,23.67906],[32.71107,23.67582],[32.72638,23.6455],[32.72844,23.63814],[32.72962,23.62578],[32.73315,23.61754],[32.73933,23.61106],[32.74904,23.60341],[32.75611,23.59929],[32.76729,23.59575],[32.77642,23.59045],[32.78407,23.58221],[32.79055,23.5725],[32.7985,23.56455],[32.81057,23.56249],[32.82057,23.56661],[32.82263,23.57427],[32.81851,23.5828],[32.81057,23.59045],[32.82823,23.5987],[32.83617,23.60429],[32.84118,23.61047],[32.84442,23.62136],[32.84471,23.6299],[32.84412,23.63785],[32.84471,23.64491],[32.86443,23.69142],[32.86532,23.70643],[32.85236,23.69643],[32.84147,23.69996],[32.81734,23.72027],[32.85295,23.71615],[32.8715,23.73793],[32.87827,23.77296],[32.87945,23.80887],[32.87709,23.82565],[32.87003,23.84214],[32.85914,23.85685],[32.83706,23.87363],[32.83117,23.886],[32.82499,23.89159],[32.81527,23.89394],[32.79408,23.89483],[32.78319,23.89836],[32.80497,23.90601],[32.82057,23.90013],[32.8347,23.89659],[32.85148,23.9119],[32.85943,23.92927],[32.87003,23.96901],[32.87945,23.98785],[32.88945,23.96695],[32.88828,23.95134],[32.88269,23.93663],[32.87945,23.91867],[32.8821,23.91013],[32.89505,23.89865],[32.89917,23.89159],[32.89858,23.88335],[32.89446,23.87952],[32.89122,23.87481],[32.89299,23.86421],[32.90358,23.84802],[32.92949,23.82124],[32.94038,23.77826],[32.9548,23.76943],[32.97247,23.76501],[32.98924,23.75442],[32.9704,23.75294],[32.97306,23.74029],[32.98748,23.72439],[33.00279,23.7132],[32.99601,23.70967],[32.99013,23.70467],[32.98542,23.69878],[32.98247,23.69289],[32.98454,23.69142],[32.98866,23.68907],[32.99337,23.68612],[32.99543,23.68259],[32.99337,23.67817],[32.98924,23.67641],[32.98483,23.67523],[32.98247,23.67229],[32.97512,23.63726],[32.97512,23.62401],[32.96864,23.62401],[32.9601,23.63785],[32.93302,23.64638],[32.92713,23.65875],[32.91919,23.64491],[32.91006,23.63373],[32.90241,23.62225],[32.89623,23.59045],[32.89917,23.58516],[32.91006,23.5828],[32.91742,23.57956],[32.92419,23.57191],[32.93479,23.55513],[32.95451,23.56926],[32.95215,23.56279],[32.94951,23.54866],[32.94774,23.54218],[32.95245,23.54395],[32.96363,23.54659],[32.96864,23.54895],[32.97306,23.52982],[32.99101,23.51775],[33.01279,23.51451],[33.03016,23.52157],[33.03723,23.51422],[33.01633,23.50303],[32.99366,23.4995],[32.9704,23.50156],[32.94774,23.50803],[32.91006,23.52363],[32.89534,23.52216],[32.89917,23.50038],[32.90594,23.49273],[32.91448,23.48949],[32.92301,23.48743],[32.93096,23.4836],[32.93508,23.47624],[32.92978,23.47183],[32.92242,23.46712],[32.92036,23.45946],[32.93273,23.44357],[32.94921,23.43238],[32.95834,23.42473],[32.94774,23.41855],[32.95421,23.39794],[32.96628,23.38999],[32.97453,23.39441],[32.96864,23.41178],[32.98454,23.41148],[32.99248,23.40324],[33.00279,23.37763],[32.98454,23.37086],[32.97247,23.36291],[32.9704,23.35173],[32.98247,23.33583],[32.99189,23.327],[32.99454,23.32582],[32.99778,23.32818],[33.00985,23.32965],[33.01839,23.32612],[33.01721,23.31817],[33.00926,23.30198],[33.00602,23.29226],[33.00161,23.28373],[32.99808,23.27578],[32.99925,23.26813],[33.00426,23.26195],[33.01044,23.25665],[33.01574,23.24988],[33.01662,23.24046],[33.00808,23.22338],[32.99248,23.22191],[32.95451,23.23398],[32.95716,23.23928],[32.95951,23.25017],[32.96128,23.25458],[32.95039,23.2537],[32.9395,23.25429],[32.92949,23.25635],[32.92036,23.26077],[32.91595,23.25517],[32.91183,23.24811],[32.90859,23.24075],[32.90682,23.23398],[32.92036,23.22868],[32.92802,23.21602],[32.9339,23.20013],[32.94097,23.18512],[32.96393,23.15921],[32.9704,23.14449],[32.95775,23.13802],[32.92596,23.14655],[32.8924,23.16157],[32.86296,23.16834],[32.84471,23.15097],[32.84471,23.13713],[32.8503,23.12242],[32.86532,23.0971],[32.86738,23.08915],[32.86679,23.08238],[32.86738,23.0762],[32.87268,23.06914],[32.88062,23.0659],[32.90064,23.06501],[32.93597,23.04176],[32.94686,23.02999],[32.94421,23.01792],[32.92802,23.00791],[32.92272,23.00202],[32.9239,22.99348],[32.92802,22.98524],[32.93184,22.98053],[32.93773,22.98083],[32.94774,22.98642],[32.95716,22.97141],[32.97335,22.96581],[32.99248,22.96346],[33.00926,22.95904],[33.06431,22.91813],[33.03958,22.91459],[33.00073,22.92048],[32.96275,22.93196],[32.94097,22.9455],[32.93685,22.93226],[32.93714,22.92666],[32.94097,22.91813],[32.92802,22.9249],[32.88563,22.96523],[32.80968,23.01174],[32.8038,23.01792],[32.79967,23.02469],[32.79114,23.02645],[32.78172,23.02645],[32.77642,23.02792],[32.77465,23.03646],[32.77642,23.06914],[32.73992,23.05618],[32.72844,23.04853],[32.74051,23.04323],[32.74698,23.03528],[32.74787,23.02557],[32.74168,23.01438],[32.75552,23.01438],[32.75022,23.00467],[32.74404,23.00025],[32.73698,23.00114],[32.72844,23.00761],[32.73109,22.98907],[32.72873,22.97023],[32.7149,22.93196],[32.7043,22.9508],[32.69253,22.95551],[32.68664,22.94639],[32.6937,22.9249],[32.6834,22.92549],[32.66574,22.93049],[32.65632,22.93196],[32.64955,22.9299],[32.63365,22.92107],[32.62541,22.91813],[32.63247,22.90988],[32.63424,22.904],[32.63247,22.89016],[32.61599,22.91018],[32.61187,22.91813],[32.60304,22.90665],[32.59833,22.89311],[32.59745,22.87839],[32.59833,22.86367],[32.60863,22.86779],[32.61511,22.86514],[32.61835,22.85749],[32.61952,22.8463],[32.6101,22.8413],[32.60274,22.83629],[32.59833,22.83011],[32.59833,22.79508],[32.59627,22.78184],[32.58714,22.77153],[32.58508,22.76064],[32.56595,22.74092],[32.48853,22.71561],[32.48176,22.69853],[32.46351,22.69618],[32.44967,22.68852],[32.42348,22.66115],[32.4173,22.64731],[32.40758,22.61052],[32.39934,22.60286],[32.34341,22.60551],[32.33134,22.60286],[32.32604,22.59079],[32.32163,22.54988],[32.3178,22.53457],[32.33693,22.52868],[32.34429,22.52839],[32.32663,22.51985],[32.31456,22.52545],[32.30279,22.53575],[32.2863,22.54134],[32.27835,22.53781],[32.26452,22.5225],[32.25569,22.52103],[32.25039,22.52662],[32.24627,22.53693],[32.24185,22.55518],[32.26952,22.55812],[32.29337,22.57078],[32.31044,22.59109],[32.3178,22.6167],[32.30779,22.61258],[32.29749,22.61022],[32.28689,22.60963],[32.276,22.61022],[32.27777,22.61493],[32.28042,22.62582],[32.28307,22.63083],[32.26599,22.63436],[32.24244,22.6532],[32.22772,22.65143]]]}},{"type":"Feature","properties":{"lake_id":"LAKE_LAKE_RUKWA","name":"Lake Rukwa","source_name":"Lake Rukwa","scale_rank":5,"min_zoom":4.7,"feature_class":"Lake","geometry_role":"cartographic waterbody context; not an ED-FLOW node, route or evidence record","source":"Natural Earth 1:10m lakes, version 5.0.0","source_commit":"ca96624a56bd078437bca8184e78163e5039ad19"},"geometry":{"type":"MultiPolygon","coordinates":[[[[31.92159,-7.5671],[31.91658,-7.56681],[31.91953,-7.56681],[31.92217,-7.56681],[31.92159,-7.5671]]],[[[32.47205,-8.00011],[32.53298,-8.04957],[32.53887,-8.12228],[32.47322,-8.08489],[32.39433,-8.06134],[32.3596,-8.03455],[32.32487,-8.00777],[32.29425,-7.99747],[32.26099,-7.99452],[32.19034,-7.95625],[32.11351,-7.93477],[32.03727,-7.96155],[31.96662,-8.00276],[31.91305,-7.96597],[31.87302,-7.89885],[31.85977,-7.86559],[31.84564,-7.83262],[31.83828,-7.82379],[31.83063,-7.81466],[31.83298,-7.80583],[31.83887,-7.79995],[31.82562,-7.78552],[31.8112,-7.77228],[31.77852,-7.7034],[31.79648,-7.63687],[31.83004,-7.6145],[31.86683,-7.60007],[31.89392,-7.58388],[31.92159,-7.5671],[31.95897,-7.56946],[31.99547,-7.59654],[32.03492,-7.62244],[32.0723,-7.64982],[32.12558,-7.72017],[32.19064,-7.77757],[32.27159,-7.82821],[32.34017,-7.89414],[32.37137,-7.93153],[32.40258,-7.9695],[32.43496,-7.98805],[32.47205,-8.00011]]]]}},{"type":"Feature","properties":{"lake_id":"LAKE_LAKE_VOLTA","name":"Lake Volta","source_name":"Lake Volta","scale_rank":5,"min_zoom":4.7,"feature_class":"Reservoir","geometry_role":"cartographic waterbody context; not an ED-FLOW node, route or evidence record","source":"Natural Earth 1:10m lakes, version 5.0.0","source_commit":"ca96624a56bd078437bca8184e78163e5039ad19"},"geometry":{"type":"Polygon","coordinates":[[[0.32086,7.51405],[0.30732,7.4802],[0.29452,7.45871],[0.30246,7.44929],[0.30452,7.44341],[0.30158,7.44193],[0.29452,7.44517],[0.28289,7.42633],[0.28951,7.4175],[0.30232,7.41044],[0.30806,7.39719],[0.30158,7.39631],[0.2717,7.36923],[0.26729,7.36245],[0.26729,7.35569],[0.28627,7.35775],[0.28392,7.34891],[0.27317,7.33508],[0.26729,7.32095],[0.27347,7.30829],[0.28701,7.29917],[0.30276,7.29416],[0.31571,7.29416],[0.31968,7.28386],[0.32174,7.28003],[0.30806,7.27532],[0.28863,7.28592],[0.27465,7.28003],[0.26846,7.26796],[0.2664,7.2503],[0.26729,7.21174],[0.27229,7.21204],[0.27347,7.21321],[0.27317,7.21527],[0.27465,7.2191],[0.28156,7.21616],[0.28303,7.21351],[0.28348,7.2138],[0.28774,7.2191],[0.29452,7.2191],[0.29084,7.2088],[0.2851,7.20261],[0.26729,7.19172],[0.26729,7.18436],[0.2873,7.18436],[0.29201,7.17553],[0.28259,7.16788],[0.26037,7.17082],[0.2795,7.15022],[0.27332,7.13285],[0.26243,7.11578],[0.26729,7.09576],[0.27568,7.10636],[0.28686,7.1096],[0.29834,7.11077],[0.30806,7.11607],[0.31306,7.10548],[0.31129,7.09605],[0.30482,7.08811],[0.29452,7.08193],[0.30011,7.07869],[0.3029,7.07545],[0.30496,7.07192],[0.30806,7.0678],[0.29952,7.06544],[0.29525,7.06309],[0.29393,7.05779],[0.29452,7.04719],[0.29069,7.04984],[0.28097,7.05455],[0.27994,7.0469],[0.27612,7.03924],[0.27465,7.03365],[0.26729,7.03365],[0.26729,7.05455],[0.25963,7.03277],[0.26317,7.01157],[0.27067,6.99038],[0.27671,6.9577],[0.28009,6.94711],[0.28097,6.93828],[0.27465,6.93121],[0.26773,6.93298],[0.2611,6.94151],[0.25301,6.95918],[0.22387,6.88087],[0.22004,6.83937],[0.23991,6.82112],[0.23417,6.80375],[0.23653,6.78432],[0.24683,6.74547],[0.24491,6.7281],[0.24035,6.70838],[0.23903,6.69042],[0.24683,6.67747],[0.24021,6.6657],[0.24006,6.65598],[0.24683,6.65009],[0.26037,6.65009],[0.27273,6.65716],[0.28274,6.6707],[0.29452,6.69837],[0.30614,6.76666],[0.31571,6.78668],[0.32174,6.78668],[0.31865,6.76401],[0.31129,6.73693],[0.30909,6.71397],[0.32174,6.70455],[0.31409,6.69484],[0.30982,6.68483],[0.30982,6.67423],[0.31571,6.66364],[0.30806,6.64303],[0.30143,6.64303],[0.30187,6.65333],[0.30143,6.66364],[0.28686,6.65451],[0.27671,6.63802],[0.26684,6.62625],[0.25301,6.63008],[0.25301,6.62272],[0.24683,6.63008],[0.24388,6.62095],[0.23947,6.613],[0.23358,6.60682],[0.22622,6.60211],[0.22681,6.61242],[0.22622,6.61595],[0.21268,6.61242],[0.20297,6.608],[0.1962,6.60064],[0.19163,6.58857],[0.18487,6.60123],[0.16941,6.61654],[0.16485,6.63008],[0.1438,6.60211],[0.15057,6.60182],[0.15528,6.59976],[0.1594,6.59711],[0.16485,6.59475],[0.13688,6.54765],[0.14483,6.53676],[0.15028,6.53176],[0.15734,6.52705],[0.1488,6.51498],[0.13056,6.50556],[0.12378,6.49231],[0.12187,6.4776],[0.12467,6.46818],[0.13026,6.45876],[0.13688,6.44463],[0.14189,6.41195],[0.13556,6.38517],[0.10951,6.3416],[0.10333,6.33836],[0.09582,6.4043],[0.10347,6.40077],[0.10303,6.39341],[0.10333,6.38988],[0.10951,6.38988],[0.10612,6.45581],[0.0942,6.4776],[0.06859,6.46553],[0.07168,6.45405],[0.07124,6.43786],[0.06756,6.42196],[0.06123,6.41048],[0.05608,6.41048],[0.04122,6.41872],[0.03459,6.41725],[0.03209,6.41313],[0.02944,6.40106],[0.00457,6.34925],[-0.01059,6.33895],[-0.02767,6.3625],[-0.03341,6.38958],[-0.03341,6.41254],[-0.03561,6.43256],[-0.04871,6.4514],[-0.08757,6.47495],[-0.10494,6.48937],[-0.11642,6.51292],[-0.14409,6.50586],[-0.17794,6.52234],[-0.21179,6.54442],[-0.24005,6.55443],[-0.23976,6.56944],[-0.24873,6.58327],[-0.26213,6.59446],[-0.27464,6.60211],[-0.27258,6.60712],[-0.27155,6.60712],[-0.26713,6.60918],[-0.26963,6.61271],[-0.27214,6.61506],[-0.2739,6.61801],[-0.27464,6.62272],[-0.29436,6.61683],[-0.34293,6.62419],[-0.35971,6.61919],[-0.37075,6.62301],[-0.38811,6.6392],[-0.42064,6.67776],[-0.44272,6.68924],[-0.48629,6.70455],[-0.49718,6.70573],[-0.53132,6.70455],[-0.54192,6.70779],[-0.5484,6.71515],[-0.55414,6.72398],[-0.56208,6.73193],[-0.56797,6.72074],[-0.58652,6.71427],[-0.59623,6.70455],[-0.60859,6.72839],[-0.60977,6.73193],[-0.61757,6.7331],[-0.62684,6.73222],[-0.6345,6.73399],[-0.63774,6.74252],[-0.63936,6.7437],[-0.64495,6.76372],[-0.64465,6.76666],[-0.64995,6.77638],[-0.65363,6.77932],[-0.66129,6.7805],[-0.66909,6.78256],[-0.67129,6.78727],[-0.67218,6.79168],[-0.67541,6.79404],[-0.67644,6.79521],[-0.69514,6.80022],[-0.69926,6.80081],[-0.70529,6.80964],[-0.71103,6.8223],[-0.71972,6.84908],[-0.70544,6.84173],[-0.7025,6.84526],[-0.70132,6.84879],[-0.70058,6.85262],[-0.69926,6.85527],[-0.69396,6.84143],[-0.68586,6.83584],[-0.67762,6.83849],[-0.67188,6.84908],[-0.66452,6.84908],[-0.66335,6.84408],[-0.66187,6.84173],[-0.66011,6.83966],[-0.65834,6.83495],[-0.63641,6.83613],[-0.61934,6.81464],[-0.60462,6.78786],[-0.58931,6.77343],[-0.58166,6.78668],[-0.57062,6.78167],[-0.55841,6.77755],[-0.5484,6.79404],[-0.5484,6.81582],[-0.55252,6.8379],[-0.55119,6.85674],[-0.53486,6.8691],[-0.53486,6.83142],[-0.53265,6.82024],[-0.52264,6.80787],[-0.52058,6.79728],[-0.5194,6.76019],[-0.51572,6.74517],[-0.50748,6.73193],[-0.49997,6.73193],[-0.48835,6.72957],[-0.46848,6.71809],[-0.44905,6.71574],[-0.4386,6.73929],[-0.43109,6.73929],[-0.42403,6.72339],[-0.41726,6.71544],[-0.4099,6.7125],[-0.40107,6.7122],[-0.39547,6.71868],[-0.39974,6.7334],[-0.41122,6.75636],[-0.41314,6.77167],[-0.41932,6.79463],[-0.41814,6.80817],[-0.41255,6.82053],[-0.38458,6.85527],[-0.36133,6.77726],[-0.35485,6.7334],[-0.35662,6.69101],[-0.34514,6.69719],[-0.33071,6.71456],[-0.31879,6.71809],[-0.30525,6.72045],[-0.29863,6.72516],[-0.29362,6.72987],[-0.28435,6.73193],[-0.27802,6.7281],[-0.27214,6.72045],[-0.26478,6.71338],[-0.25359,6.7122],[-0.24299,6.7175],[-0.23637,6.72751],[-0.23313,6.73987],[-0.23313,6.75312],[-0.22842,6.75077],[-0.21665,6.74753],[-0.21208,6.74547],[-0.21208,6.75989],[-0.20576,6.75989],[-0.1928,6.73517],[-0.18383,6.72869],[-0.17102,6.73193],[-0.16484,6.72516],[-0.15866,6.71309],[-0.1641,6.70808],[-0.17308,6.70367],[-0.17794,6.69484],[-0.17764,6.66216],[-0.17441,6.65745],[-0.15763,6.64067],[-0.15115,6.63626],[-0.14394,6.63361],[-0.13614,6.63184],[-0.12731,6.63214],[-0.11642,6.63626],[-0.11642,6.61595],[-0.112,6.61654],[-0.10935,6.61801],[-0.10347,6.62272],[-0.09846,6.61948],[-0.09655,6.61771],[-0.09449,6.6183],[-0.08904,6.62272],[-0.08698,6.62125],[-0.08418,6.6186],[-0.08227,6.61654],[-0.08286,6.61595],[-0.04577,6.62507],[-0.03399,6.65657],[-0.03444,6.73193],[-0.01898,6.7231],[-0.01398,6.71809],[-0.01825,6.7387],[-0.02016,6.75989],[-0.04695,6.76225],[-0.06431,6.76666],[-0.0755,6.77343],[-0.0836,6.78226],[-0.07447,6.78609],[-0.06078,6.78697],[-0.05489,6.79404],[-0.06181,6.80169],[-0.07403,6.80552],[-0.08536,6.81229],[-0.08904,6.82818],[-0.08286,6.82818],[-0.07535,6.81847],[-0.06343,6.81464],[-0.05092,6.81788],[-0.04135,6.82818],[-0.04709,6.83142],[-0.04989,6.83437],[-0.05166,6.8379],[-0.05489,6.84173],[-0.04135,6.84173],[-0.04135,6.84908],[-0.04871,6.84908],[-0.04871,6.85527],[-0.03885,6.85703],[-0.03385,6.86292],[-0.03267,6.87204],[-0.03444,6.88352],[-0.02767,6.88352],[-0.0206,6.87823],[-0.01869,6.87175],[-0.01781,6.8641],[-0.01398,6.85527],[-0.00353,6.84173],[0.00324,6.83584],[0.01399,6.82818],[0.01399,6.85527],[0.01973,6.85056],[0.02532,6.84702],[0.03194,6.84408],[0.04063,6.84173],[0.03371,6.85556],[0.04122,6.85939],[0.05549,6.85968],[0.06859,6.86292],[0.06947,6.87263],[0.08287,6.88352],[0.09935,6.88912],[0.10951,6.88352],[0.11643,6.88352],[0.12172,6.90855],[0.11952,6.91767],[0.10951,6.92415],[0.09641,6.92621],[0.08507,6.92209],[0.0758,6.91414],[0.06859,6.90384],[0.06329,6.90472],[0.05799,6.90707],[0.05299,6.9112],[0.04813,6.91738],[0.03695,6.9112],[0.02547,6.90707],[0.01325,6.90442],[-0.00029,6.90384],[0.00884,6.91679],[0.01354,6.92739],[0.02061,6.93504],[0.03753,6.93798],[0.0524,6.94387],[0.05461,6.95829],[0.04813,6.99273],[0.10627,6.9683],[0.11643,6.9686],[0.11863,6.95241],[0.12349,6.95712],[0.12849,6.97389],[0.13056,6.99273],[0.12629,6.99126],[0.12555,6.99038],[0.1257,6.9892],[0.12378,6.98567],[0.1126,6.99568],[0.10951,7.00009],[0.10333,6.99273],[0.06579,7.01481],[0.06123,7.01982],[0.06903,7.02688],[0.08257,7.02658],[0.09759,7.02482],[0.10951,7.02688],[0.07536,7.04719],[0.09258,7.04631],[0.10848,7.04366],[0.12172,7.04454],[0.13056,7.05455],[0.09847,7.07398],[0.08905,7.08193],[0.08714,7.07957],[0.08625,7.0781],[0.08537,7.07663],[0.08287,7.07457],[0.08758,7.08634],[0.08846,7.09547],[0.08272,7.10106],[0.06859,7.10253],[0.06859,7.10989],[0.08625,7.1146],[0.09332,7.12019],[0.09582,7.12902],[0.09037,7.13638],[0.08037,7.13903],[0.07492,7.14374],[0.08287,7.15699],[0.07124,7.16199],[0.06079,7.15964],[0.05284,7.15257],[0.04813,7.14345],[0.04033,7.15287],[0.03651,7.16288],[0.03665,7.17377],[0.04063,7.18436],[0.03459,7.18436],[0.02605,7.17259],[0.01605,7.17053],[0.00648,7.17553],[-0.00029,7.18436],[-0.00132,7.19555],[0.00192,7.20968],[0.00766,7.22322],[0.01399,7.23294],[0.01384,7.22234],[0.00648,7.20173],[0.01104,7.19202],[0.02149,7.19231],[0.03297,7.1982],[0.04063,7.20556],[0.04563,7.19997],[0.0474,7.20203],[0.0549,7.20556],[0.05844,7.19908],[0.06506,7.19055],[0.06859,7.18436],[0.07536,7.18436],[0.08243,7.20085],[0.09258,7.20379],[0.10097,7.19526],[0.10333,7.17759],[0.13056,7.22587],[0.13703,7.22381],[0.15087,7.22116],[0.15734,7.2191],[0.15734,7.22587],[0.14763,7.23176],[0.14542,7.24147],[0.15057,7.2662],[0.15955,7.26325],[0.16426,7.25737],[0.16573,7.24913],[0.16485,7.23912],[0.18737,7.2609],[0.19649,7.27415],[0.18825,7.28003],[0.18722,7.28622],[0.16485,7.32095],[0.16205,7.31595],[0.15955,7.31212],[0.15778,7.308],[0.15734,7.30123],[0.15057,7.30123],[0.1463,7.30358],[0.14233,7.30505],[0.13777,7.3027],[0.13056,7.29416],[0.12776,7.31771],[0.12496,7.32978],[0.12011,7.33508],[0.10671,7.3392],[0.09626,7.34891],[0.08287,7.36923],[0.08905,7.37629],[0.07654,7.38954],[0.05255,7.42928],[0.03459,7.43811],[0.06123,7.45253],[0.05049,7.45194],[0.04401,7.454],[0.03945,7.45871],[0.03459,7.46548],[0.04578,7.46695],[0.05299,7.47225],[0.05608,7.48167],[0.0549,7.49345],[0.05122,7.49021],[0.04754,7.48785],[0.04401,7.48491],[0.04063,7.47932],[-0.00338,7.50758],[-0.02016,7.51346],[-0.02546,7.50993],[-0.0287,7.50905],[-0.03282,7.50993],[-0.04135,7.51346],[-0.05004,7.50905],[-0.07447,7.51288],[-0.08904,7.51346],[-0.0496,7.46166],[-0.03606,7.43428],[-0.05489,7.42457],[-0.05534,7.44193],[-0.06682,7.45812],[-0.08183,7.46843],[-0.09257,7.46901],[-0.11156,7.45341],[-0.12289,7.44753],[-0.13349,7.44517],[-0.13805,7.44841],[-0.13128,7.45577],[-0.12127,7.46283],[-0.11642,7.46548],[-0.11936,7.48609],[-0.13349,7.49992],[-0.15204,7.51111],[-0.16793,7.52406],[-0.18118,7.52642],[-0.20075,7.51906],[-0.23313,7.49963],[-0.23475,7.50875],[-0.23784,7.51435],[-0.24402,7.51788],[-0.25359,7.52023],[-0.25359,7.52759],[-0.2452,7.527],[-0.22783,7.52818],[-0.21944,7.52759],[-0.22136,7.53201],[-0.2243,7.54319],[-0.22621,7.54761],[-0.21326,7.54614],[-0.21002,7.54467],[-0.20576,7.54054],[-0.1984,7.54054],[-0.19207,7.56115],[-0.1853,7.56115],[-0.18177,7.54673],[-0.17058,7.54113],[-0.13687,7.54054],[-0.14114,7.54997],[-0.14365,7.55379],[-0.12996,7.56792],[-0.12437,7.55409],[-0.11362,7.54614],[-0.10096,7.54408],[-0.08904,7.54761],[-0.08757,7.5429],[-0.08286,7.53436],[-0.0755,7.53613],[-0.07226,7.53731],[-0.06902,7.53701],[-0.06122,7.53436],[-0.05489,7.54054],[-0.05843,7.54879],[-0.05857,7.55173],[-0.05695,7.55438],[-0.05489,7.56115],[-0.04871,7.56115],[-0.04754,7.5532],[-0.04592,7.54938],[-0.04386,7.54614],[-0.04135,7.54054],[-0.03444,7.55379],[-0.02369,7.53937],[-0.01457,7.53937],[-0.005,7.54467],[0.00648,7.54761],[0.04813,7.53436],[0.03974,7.54879],[0.02547,7.55909],[0.01031,7.56733],[-0.00029,7.57528],[-0.01324,7.60148],[-0.02207,7.61208],[-0.03797,7.61649],[-0.05239,7.61796],[-0.05563,7.62238],[-0.05416,7.62885],[-0.05489,7.6368],[-0.05313,7.63563],[-0.05563,7.64475],[-0.05931,7.65446],[-0.06122,7.65388],[-0.06917,7.66182],[-0.08713,7.6577],[-0.10582,7.6474],[-0.11642,7.6368],[-0.12392,7.6368],[-0.12701,7.64858],[-0.13511,7.65123],[-0.14438,7.64681],[-0.15115,7.6368],[-0.15807,7.63975],[-0.16101,7.64122],[-0.16484,7.64416],[-0.17971,7.63945],[-0.22268,7.65888],[-0.24667,7.65064],[-0.23858,7.65034],[-0.21944,7.64416],[-0.22401,7.63827],[-0.23151,7.6318],[-0.24667,7.62267],[-0.26978,7.63445],[-0.28877,7.62503],[-0.30407,7.61443],[-0.3157,7.62267],[-0.32188,7.62267],[-0.33528,7.61767],[-0.42197,7.61384],[-0.44066,7.60589],[-0.45597,7.59088],[-0.46642,7.56792],[-0.46833,7.57469],[-0.47083,7.58087],[-0.47275,7.58764],[-0.47275,7.59589],[-0.47848,7.59294],[-0.48761,7.5897],[-0.49615,7.58882],[-0.49997,7.59235],[-0.50395,7.60295],[-0.51234,7.6006],[-0.52073,7.59324],[-0.52426,7.58911],[-0.52661,7.58293],[-0.5509,7.55497],[-0.56208,7.54761],[-0.56282,7.55409],[-0.56459,7.5585],[-0.56679,7.56262],[-0.569,7.56792],[-0.57607,7.55909],[-0.58755,7.55497],[-0.62037,7.55379],[-0.6342,7.5479],[-0.64642,7.5376],[-0.65849,7.53171],[-0.67188,7.54054],[-0.65952,7.55938],[-0.63906,7.56733],[-0.57209,7.5688],[-0.56179,7.57234],[-0.55149,7.57881],[-0.54089,7.58911],[-0.54118,7.59147],[-0.54251,7.59559],[-0.5431,7.60177],[-0.54089,7.60884],[-0.53662,7.61325],[-0.53044,7.61737],[-0.52441,7.62238],[-0.52058,7.63003],[-0.51366,7.63003],[-0.50866,7.62532],[-0.50601,7.62385],[-0.50233,7.62532],[-0.49379,7.63003],[-0.48643,7.61885],[-0.47466,7.61737],[-0.46391,7.62267],[-0.45906,7.63356],[-0.4517,7.63356],[-0.43477,7.63592],[-0.41623,7.64151],[-0.40431,7.65064],[-0.40887,7.65535],[-0.41093,7.66094],[-0.41122,7.67772],[-0.40431,7.67772],[-0.37973,7.65388],[-0.36295,7.64799],[-0.34926,7.66359],[-0.31305,7.64887],[-0.28685,7.66123],[-0.26272,7.6839],[-0.23313,7.69891],[-0.23313,7.7051],[-0.24476,7.7051],[-0.2558,7.70833],[-0.26595,7.71363],[-0.27464,7.71952],[-0.26066,7.72246],[-0.23107,7.71952],[-0.21944,7.72629],[-0.21135,7.71864],[-0.19958,7.71187],[-0.18854,7.70716],[-0.18147,7.7051],[-0.17647,7.70156],[-0.17279,7.69538],[-0.16764,7.69244],[-0.15733,7.69891],[-0.17132,7.71451],[-0.16455,7.72305],[-0.1541,7.73129],[-0.15733,7.7466],[-0.112,7.73571],[-0.0914,7.73777],[-0.08286,7.7572],[-0.09566,7.76279],[-0.15674,7.76426],[-0.17794,7.77398],[-0.16793,7.77339],[-0.15969,7.77486],[-0.14365,7.78104],[-0.15042,7.79046],[-0.15925,7.79782],[-0.17794,7.80753],[-0.16101,7.81136],[-0.13879,7.81195],[-0.12407,7.81754],[-0.12996,7.8355],[-0.15042,7.83226],[-0.16837,7.84021],[-0.17397,7.85463],[-0.15733,7.87023],[-0.16484,7.877],[-0.16248,7.90762],[-0.16675,7.92351],[-0.16587,7.92793],[-0.16675,7.93087],[-0.17441,7.93175],[-0.18177,7.9294],[-0.19442,7.91939],[-0.1984,7.91733],[-0.20885,7.92528],[-0.18471,7.96296],[-0.17794,7.98621],[-0.18397,7.98268],[-0.19987,7.9762],[-0.20576,7.97267],[-0.20576,7.98621],[-0.22371,7.98592],[-0.24138,7.99858],[-0.25506,8.018],[-0.26036,8.03802],[-0.26919,8.05186],[-0.31232,8.09189],[-0.32939,8.10308],[-0.32968,8.08806],[-0.32365,8.06598],[-0.32188,8.05156],[-0.34602,7.99946],[-0.34955,7.99622],[-0.34882,7.98297],[-0.35294,7.98003],[-0.36103,7.9815],[-0.36913,7.98621],[-0.37708,7.98621],[-0.4386,7.97267],[-0.4411,7.96943],[-0.44346,7.96355],[-0.44699,7.95884],[-0.45273,7.95854],[-0.45759,7.96296],[-0.4592,7.97032],[-0.4567,7.97709],[-0.44905,7.98003],[-0.43183,7.98297],[-0.40225,7.99622],[-0.38753,7.99946],[-0.36265,8.013],[-0.35824,8.04096],[-0.3678,8.06363],[-0.38458,8.06186],[-0.39812,8.07011],[-0.41314,8.08806],[-0.42491,8.09542],[-0.43845,8.09778],[-0.45449,8.09689],[-0.46951,8.09366],[-0.47952,8.09012],[-0.49997,8.06864],[-0.53309,8.01153],[-0.55458,7.99328],[-0.55016,8.00682],[-0.54545,8.03508],[-0.54089,8.04832],[-0.53486,8.05568],[-0.51734,8.07246],[-0.51366,8.07923],[-0.51381,8.10631],[-0.51719,8.13045],[-0.52926,8.15194],[-0.55458,8.17137],[-0.55075,8.12427],[-0.55914,8.10896],[-0.60138,8.09807],[-0.63994,8.0757],[-0.65834,8.06834],[-0.65834,8.0757],[-0.64745,8.08453],[-0.63582,8.10072],[-0.63273,8.11632],[-0.64774,8.12339],[-0.64995,8.12044],[-0.6788,8.10308],[-0.68807,8.10013],[-0.70676,8.09748],[-0.71604,8.09277],[-0.72398,8.0913],[-0.73193,8.09542],[-0.73782,8.1016],[-0.74018,8.10602],[-0.74326,8.10896],[-0.75004,8.10278],[-0.76078,8.09012],[-0.77432,8.10278],[-0.77064,8.11927],[-0.75695,8.13457],[-0.74018,8.14399],[-0.70897,8.12397],[-0.68586,8.12986],[-0.66246,8.14605],[-0.63038,8.15753],[-0.62184,8.15459],[-0.61566,8.14811],[-0.6083,8.14458],[-0.59623,8.15017],[-0.59652,8.15577],[-0.59181,8.18167],[-0.58931,8.18491],[-0.59932,8.19521],[-0.61477,8.19933],[-0.65084,8.19933],[-0.64922,8.22553],[-0.69749,8.25085],[-0.70544,8.28116],[-0.71471,8.2791],[-0.72001,8.27881],[-0.73281,8.28116],[-0.74209,8.27881],[-0.74312,8.28588],[-0.74253,8.29735],[-0.74709,8.30854],[-0.75695,8.31384],[-0.77064,8.31561],[-0.83231,8.3162],[-0.84821,8.32002],[-0.85012,8.32885],[-0.83776,8.33386],[-0.78801,8.32885],[-0.76667,8.33209],[-0.76019,8.33533],[-0.77432,8.35623],[-0.8017,8.41775],[-0.81288,8.43306],[-0.86867,8.4937],[-0.88103,8.50164],[-0.89781,8.50694],[-0.89368,8.5246],[-0.89898,8.53932],[-0.90723,8.55434],[-0.91488,8.58937],[-0.92356,8.60379],[-0.93475,8.61527],[-0.94623,8.62381],[-0.94991,8.62852],[-0.94991,8.63293],[-0.95226,8.63617],[-0.96301,8.63735],[-0.97257,8.6397],[-0.98877,8.64883],[-0.99715,8.65118],[-1.00554,8.6553],[-1.0157,8.66472],[-1.02865,8.67414],[-1.04528,8.67856],[-1.05941,8.68032],[-1.0706,8.68327],[-1.08355,8.68415],[-1.10342,8.67856],[-1.13477,8.66413],[-1.14684,8.65413],[-1.1517,8.64088],[-1.14507,8.60968],[-1.13462,8.58112],[-1.13418,8.55581],[-1.15788,8.53432],[-1.16023,8.57376],[-1.18452,8.65648],[-1.19276,8.6709],[-1.20998,8.66443],[-1.25472,8.67149],[-1.27121,8.66796],[-1.28166,8.66266],[-1.28681,8.66767],[-1.28872,8.67826],[-1.28887,8.68886],[-1.29329,8.69534],[-1.32302,8.70564],[-1.36364,8.74067],[-1.37026,8.75038],[-1.38145,8.75391],[-1.45283,8.75362],[-1.47226,8.74567],[-1.48506,8.73419],[-1.49213,8.718],[-1.49433,8.69563],[-1.50287,8.68503],[-1.52245,8.67061],[-1.55586,8.65118],[-1.56395,8.65],[-1.56645,8.65206],[-1.56866,8.6556],[-1.57632,8.65795],[-1.61179,8.65736],[-1.64034,8.67149],[-1.65565,8.66737],[-1.69244,8.63381],[-1.70113,8.63058],[-1.71275,8.63058],[-1.6764,8.68121],[-1.65197,8.69592],[-1.61723,8.67856],[-1.60884,8.68386],[-1.58868,8.68003],[-1.57632,8.68533],[-1.53937,8.67502],[-1.51921,8.70063],[-1.50788,8.73596],[-1.49743,8.75362],[-1.48771,8.75686],[-1.46313,8.77128],[-1.4493,8.77452],[-1.41486,8.77599],[-1.40117,8.78158],[-1.39131,8.79454],[-1.38851,8.78924],[-1.38056,8.77982],[-1.37762,8.77452],[-1.37144,8.79218],[-1.37217,8.80867],[-1.37762,8.8434],[-1.36496,8.82898],[-1.36099,8.81691],[-1.35657,8.7807],[-1.34804,8.76275],[-1.33302,8.74479],[-1.31433,8.73478],[-1.29505,8.73978],[-1.27489,8.7077],[-1.26385,8.69445],[-1.24736,8.68533],[-1.22911,8.68121],[-1.20895,8.68003],[-1.06133,8.70476],[-1.05235,8.70917],[-1.04867,8.71594],[-1.04396,8.71653],[-1.01393,8.69269],[-1.01305,8.73066],[-1.01688,8.74597],[-1.02821,8.75362],[-1.01658,8.76392],[-1.02541,8.77452],[-1.04234,8.78335],[-1.05559,8.78835],[-1.06971,8.79159],[-1.16538,8.79777],[-1.18069,8.80425],[-1.1723,8.81573],[-1.15935,8.81632],[-1.09709,8.80867],[-1.11446,8.83516],[-1.1723,8.90433],[-1.18128,8.92759],[-1.18481,8.95349],[-1.18378,8.98057],[-1.17907,9.00736],[-1.1648,8.97321],[-1.14066,9.02591],[-1.13801,9.04533],[-1.13992,9.06741],[-1.14875,9.09832],[-1.1517,9.11657],[-1.12844,9.1048],[-1.11004,9.08213],[-1.09886,9.05328],[-1.09709,9.0209],[-1.10739,8.99912],[-1.14375,8.96262],[-1.1517,8.93524],[-1.14375,8.91758],[-1.10018,8.84958],[-1.08561,8.84428],[-1.06059,8.82103],[-1.04528,8.81573],[-1.03704,8.82368],[-1.0207,8.87755],[-1.02291,8.82545],[-1.01938,8.79925],[-1.00702,8.7807],[-1.00083,8.78835],[-0.992,8.77158],[-0.98803,8.75892],[-0.98715,8.72271],[-0.98479,8.70564],[-0.97846,8.68915],[-0.96978,8.67502],[-0.95992,8.66472],[-0.92783,8.65059],[-0.91164,8.64088],[-0.90472,8.62704],[-0.90149,8.61792],[-0.89413,8.61321],[-0.88692,8.61026],[-0.88368,8.60644],[-0.88235,8.59496],[-0.87911,8.58848],[-0.87485,8.58318],[-0.87058,8.57612],[-0.86631,8.55904],[-0.86322,8.55227],[-0.8563,8.54815],[-0.846,8.54727],[-0.84232,8.55286],[-0.83967,8.56228],[-0.83261,8.57259],[-0.79654,8.59967],[-0.7886,8.61468],[-0.79551,8.63735],[-0.80729,8.64883],[-0.82304,8.65766],[-0.83673,8.66737],[-0.84261,8.68179],[-0.84173,8.69416],[-0.83835,8.70152],[-0.83099,8.70476],[-0.81877,8.70564],[-0.81259,8.70946],[-0.80729,8.7183],[-0.7964,8.75333],[-0.79493,8.76333],[-0.79551,8.77452],[-0.77049,8.7545],[-0.78168,8.72772],[-0.82215,8.68533],[-0.78404,8.68032],[-0.76608,8.65795],[-0.75386,8.63058],[-0.73281,8.60997],[-0.73326,8.62793],[-0.73002,8.64441],[-0.72133,8.65707],[-0.70544,8.66472],[-0.71324,8.63116],[-0.71133,8.61645],[-0.69926,8.60997],[-0.71957,8.59172],[-0.7493,8.58259],[-0.77623,8.57111],[-0.79375,8.53226],[-0.8067,8.52578],[-0.82039,8.52137],[-0.82893,8.5146],[-0.8304,8.49929],[-0.82422,8.48604],[-0.81273,8.47662],[-0.77167,8.46338],[-0.75357,8.44042],[-0.72663,8.39096],[-0.72133,8.38625],[-0.70544,8.37654],[-0.69941,8.37006],[-0.69646,8.36329],[-0.69219,8.35829],[-0.66717,8.3527],[-0.65702,8.34769],[-0.6501,8.35034],[-0.64465,8.36918],[-0.64024,8.35917],[-0.64038,8.33915],[-0.63774,8.32885],[-0.63214,8.32444],[-0.62272,8.31943],[-0.61389,8.31325],[-0.60565,8.29647],[-0.59623,8.29382],[-0.58681,8.2897],[-0.58254,8.27763],[-0.57769,8.26763],[-0.5665,8.26821],[-0.55487,8.27469],[-0.5484,8.28116],[-0.54089,8.28116],[-0.54236,8.26468],[-0.55075,8.25232],[-0.5612,8.24084],[-0.569,8.22583],[-0.53971,8.20404],[-0.52544,8.20286],[-0.51366,8.22583],[-0.51381,8.2008],[-0.51204,8.18903],[-0.50748,8.17814],[-0.48952,8.18579],[-0.48187,8.19345],[-0.47952,8.20551],[-0.46907,8.19904],[-0.44537,8.17814],[-0.43551,8.18403],[-0.42668,8.18579],[-0.42035,8.18196],[-0.41814,8.17137],[-0.39783,8.17843],[-0.39032,8.19197],[-0.38973,8.20787],[-0.39076,8.22259],[-0.394,8.227],[-0.40018,8.23142],[-0.40431,8.23642],[-0.40107,8.24319],[-0.39327,8.24702],[-0.37193,8.25085],[-0.3628,8.25379],[-0.3547,8.24525],[-0.34882,8.23525],[-0.34146,8.22759],[-0.32939,8.22583],[-0.321,8.22965],[-0.31659,8.2373],[-0.31511,8.24761],[-0.3157,8.25997],[-0.30231,8.25349],[-0.28685,8.24967],[-0.26036,8.24643],[-0.25565,8.24466],[-0.24653,8.23701],[-0.24005,8.23348],[-0.24049,8.23642],[-0.23416,8.24084],[-0.22563,8.24437],[-0.21944,8.24643],[-0.2268,8.22789],[-0.18898,8.22023],[-0.17794,8.20228],[-0.18383,8.17578],[-0.21635,8.19609],[-0.23313,8.17814],[-0.25653,8.19374],[-0.26919,8.19698],[-0.27464,8.18844],[-0.28259,8.18108],[-0.30025,8.18226],[-0.31879,8.18903],[-0.32939,8.19933],[-0.33086,8.16695],[-0.33601,8.13663],[-0.32188,8.14399],[-0.3107,8.1334],[-0.30113,8.13369],[-0.29333,8.14046],[-0.28774,8.15017],[-0.28273,8.13516],[-0.27979,8.12191],[-0.27317,8.11279],[-0.25698,8.10926],[-0.248,8.10543],[-0.24329,8.09601],[-0.24285,8.08512],[-0.24667,8.0757],[-0.22607,8.0654],[-0.21591,8.06275],[-0.20208,8.06186],[-0.19384,8.05568],[-0.18854,8.04332],[-0.18147,8.03625],[-0.16793,8.04509],[-0.1513,8.04685],[-0.13423,8.02742],[-0.10965,7.98621],[-0.11524,7.97797],[-0.1123,7.97061],[-0.10288,7.9662],[-0.08904,7.9659],[-0.08904,7.95854],[-0.09493,7.95295],[-0.09508,7.94647],[-0.09095,7.93911],[-0.08286,7.93175],[-0.0914,7.92145],[-0.09051,7.90644],[-0.08404,7.89054],[-0.0755,7.877],[-0.07844,7.87347],[-0.08168,7.87171],[-0.08904,7.87023],[-0.08256,7.86758],[-0.07903,7.86346],[-0.0755,7.84904],[-0.07565,7.84168],[-0.0783,7.83491],[-0.08124,7.82991],[-0.08286,7.82873],[-0.07785,7.81254],[-0.06211,7.78487],[-0.05489,7.76721],[-0.03915,7.78016],[-0.03311,7.78693],[-0.02767,7.79517],[-0.01928,7.79075],[-0.00971,7.79664],[0.00133,7.80665],[0.01399,7.81489],[0.02076,7.80753],[0.01134,7.80312],[0.00354,7.79635],[-0.0025,7.78663],[-0.00662,7.77398],[0.01104,7.77339],[0.0209,7.78075],[0.02723,7.79164],[0.03459,7.80135],[0.03547,7.79075],[0.0393,7.78428],[0.04578,7.7834],[0.0549,7.7884],[0.05799,7.78457],[0.05902,7.78104],[0.05976,7.77721],[0.06123,7.77398],[0.06638,7.77339],[0.08287,7.77398],[0.07095,7.78958],[0.07492,7.79929],[0.08449,7.80636],[0.08905,7.81489],[0.08404,7.82667],[0.07551,7.83579],[0.06889,7.84668],[0.06859,7.86287],[0.05844,7.86081],[0.04784,7.86435],[0.04048,7.872],[0.04063,7.88319],[0.04754,7.89084],[0.05505,7.88878],[0.06241,7.88407],[0.06859,7.88319],[0.07227,7.89408],[0.06417,7.9085],[0.04063,7.93853],[0.05358,7.93293],[0.06079,7.93882],[0.05991,7.94942],[0.04813,7.95854],[0.04813,7.9659],[0.06992,7.9662],[0.09037,7.97385],[0.1048,7.98739],[0.10951,8.00682],[0.10333,8.0183],[0.07271,8.00505],[0.0549,8.00682],[0.0602,8.01153],[0.06992,8.02271],[0.07536,8.02742],[0.05446,8.04155],[0.0396,8.05657],[0.03915,8.07393],[0.06123,8.09542],[0.06315,8.08571],[0.06874,8.07717],[0.07654,8.07393],[0.09023,8.08188],[0.09435,8.08217],[0.09862,8.08159],[0.10333,8.08247],[0.10951,8.10308],[0.12643,8.10602],[0.13953,8.10072],[0.14454,8.08777],[0.13688,8.06834],[0.18251,8.08424],[0.19163,8.09012],[0.1859,8.10043],[0.1438,8.13663],[0.14998,8.14046],[0.15057,8.1434],[0.1438,8.15017],[0.1541,8.15341],[0.15999,8.16107],[0.16293,8.17196],[0.16485,8.18491],[0.15057,8.18079],[0.13468,8.18697],[0.12172,8.19992],[0.11643,8.21611],[0.10642,8.21552],[0.0892,8.22612],[0.08404,8.23583],[0.10951,8.23348],[0.1073,8.23878],[0.10333,8.25379],[0.11142,8.24437],[0.12011,8.24113],[0.12879,8.24437],[0.13688,8.25379],[0.16867,8.24378],[0.1831,8.26645],[0.18295,8.30148],[0.17088,8.32885],[0.18089,8.33651],[0.19119,8.34092],[0.20267,8.34269],[0.21563,8.34328],[0.22858,8.34651],[0.22858,8.35534],[0.22298,8.36741],[0.21945,8.38007],[0.20709,8.38566],[0.13056,8.36918],[0.10318,8.37065],[0.0889,8.38066],[0.08375,8.39803],[0.08287,8.42099],[0.08007,8.43394],[0.07477,8.44189],[0.07168,8.44895],[0.07536,8.45926],[0.08213,8.46367],[0.11643,8.47309],[0.11643,8.47927],[0.10082,8.48369],[0.08905,8.48987],[0.08095,8.49958],[0.07536,8.5146],[0.07845,8.52196],[0.08478,8.53108],[0.08743,8.53873],[0.07242,8.54492],[0.07742,8.5511],[0.08566,8.5561],[0.08905,8.55551],[0.10966,8.59466],[0.11643,8.60261],[0.13041,8.60732],[0.13953,8.6029],[0.14925,8.59496],[0.16485,8.58907],[0.1594,8.60732],[0.14483,8.6241],[0.13335,8.64353],[0.13688,8.6709],[0.14601,8.68209],[0.15734,8.68974],[0.16706,8.69887],[0.17088,8.71594],[0.16882,8.72801],[0.16573,8.73743],[0.16706,8.74391],[0.17795,8.74744],[0.18928,8.75244],[0.20047,8.75362],[0.21062,8.75156],[0.21945,8.74744],[0.20341,8.73007],[0.1984,8.72624],[0.20577,8.71064],[0.19752,8.70211],[0.18457,8.69445],[0.17795,8.68179],[0.17177,8.67532],[0.16043,8.65766],[0.15352,8.63911],[0.16117,8.63058],[0.17971,8.61909],[0.18089,8.59643],[0.16455,8.58053],[0.13056,8.58907],[0.11363,8.55463],[0.10951,8.54168],[0.10877,8.53432],[0.10951,8.51077],[0.11186,8.50164],[0.11746,8.50047],[0.12423,8.50017],[0.13056,8.4934],[0.13438,8.48192],[0.13468,8.47133],[0.13114,8.46132],[0.12378,8.4519],[0.11746,8.45072],[0.09965,8.45248],[0.09582,8.44866],[0.09891,8.43953],[0.10494,8.4307],[0.10907,8.42246],[0.10642,8.41422],[0.10862,8.3995],[0.14145,8.39773],[0.23344,8.40509],[0.24727,8.40215],[0.25301,8.3942],[0.25978,8.36918],[0.26081,8.35476],[0.25301,8.34328],[0.26272,8.3315],[0.27597,8.32826],[0.28789,8.33239],[0.29452,8.34328],[0.30143,8.34328],[0.29819,8.32208],[0.28598,8.31855],[0.26935,8.32061],[0.25301,8.31531],[0.23814,8.32208],[0.22048,8.3265],[0.20356,8.32709],[0.19163,8.32267],[0.19973,8.31855],[0.20738,8.3159],[0.21577,8.31472],[0.22622,8.31531],[0.22107,8.30942],[0.2093,8.3003],[0.20577,8.29471],[0.20473,8.28499],[0.20724,8.2635],[0.20577,8.25379],[0.1937,8.23995],[0.15778,8.22612],[0.1438,8.21287],[0.1619,8.21405],[0.22078,8.20316],[0.21813,8.19815],[0.21018,8.19345],[0.20577,8.19168],[0.18825,8.16107],[0.17736,8.12898],[0.20488,8.11426],[0.26729,8.10926],[0.26935,8.1122],[0.27097,8.11514],[0.2742,8.11691],[0.28097,8.11603],[0.26935,8.0863],[0.2639,8.08247],[0.25301,8.08453],[0.23564,8.09336],[0.22961,8.09542],[0.21327,8.09042],[0.19502,8.06716],[0.1307,8.04891],[0.12378,8.04832],[0.12467,8.03302],[0.13497,8.01388],[0.14969,7.99799],[0.16485,7.99328],[0.15543,7.98239],[0.12923,7.97414],[0.12378,7.96207],[0.1176,7.95825],[0.08669,7.94677],[0.07536,7.94471],[0.11937,7.93853],[0.13056,7.93175],[0.13247,7.92234],[0.1204,7.90232],[0.11643,7.88995],[0.12378,7.88995],[0.13703,7.90291],[0.15793,7.91115],[0.17692,7.90762],[0.18531,7.88672],[0.18236,7.88407],[0.16779,7.8458],[0.1619,7.8355],[0.15734,7.81578],[0.15057,7.80753],[0.15057,7.80135],[0.1675,7.80488],[0.17751,7.8199],[0.18575,7.83756],[0.1984,7.84904],[0.19163,7.86287],[0.19796,7.86611],[0.20091,7.86817],[0.20415,7.86729],[0.21195,7.86287],[0.21018,7.87553],[0.20886,7.87906],[0.20577,7.88319],[0.21165,7.89349],[0.22004,7.89967],[0.23049,7.90291],[0.2433,7.90379],[0.24771,7.9085],[0.25949,7.93117],[0.26729,7.93853],[0.27465,7.91733],[0.26876,7.90791],[0.26155,7.90085],[0.25213,7.89731],[0.23991,7.89761],[0.23991,7.88995],[0.24433,7.88907],[0.24683,7.8876],[0.25301,7.88319],[0.24712,7.88201],[0.23314,7.877],[0.24271,7.877],[0.25095,7.87553],[0.26729,7.87023],[0.26729,7.86287],[0.2483,7.86228],[0.23903,7.8561],[0.24212,7.84992],[0.26037,7.84904],[0.26037,7.84227],[0.2511,7.83785],[0.25066,7.83579],[0.24683,7.82873],[0.23711,7.83226],[0.22917,7.83108],[0.21975,7.82902],[0.20577,7.82873],[0.21798,7.80665],[0.23564,7.80312],[0.25389,7.80194],[0.26729,7.7884],[0.26729,7.79517],[0.27347,7.79017],[0.27641,7.78869],[0.28097,7.7884],[0.27273,7.77928],[0.26876,7.77044],[0.2692,7.7622],[0.27465,7.75425],[0.28097,7.75425],[0.28392,7.75749],[0.28774,7.76044],[0.28907,7.72923],[0.28568,7.71716],[0.27465,7.71187],[0.27774,7.70804],[0.2795,7.7048],[0.28201,7.70186],[0.28774,7.69891],[0.27891,7.69067],[0.27406,7.68096],[0.26729,7.65741],[0.28245,7.65299],[0.28642,7.64269],[0.28583,7.62944],[0.28774,7.61649],[0.27465,7.62267],[0.27465,7.61178],[0.277,7.60295],[0.28333,7.59765],[0.29452,7.59589],[0.28878,7.5897],[0.28392,7.58235],[0.28097,7.57292],[0.28097,7.56115],[0.26876,7.56998],[0.24727,7.59412],[0.23314,7.60266],[0.23932,7.58882],[0.24639,7.5794],[0.25036,7.57116],[0.24683,7.56115],[0.24065,7.55791],[0.20577,7.54761],[0.21165,7.53731],[0.22063,7.52995],[0.2324,7.52789],[0.24683,7.53436],[0.2533,7.51435],[0.24536,7.50139],[0.23476,7.48903],[0.23314,7.47225],[0.24168,7.45783],[0.25124,7.45989],[0.26052,7.47137],[0.26832,7.48638],[0.28495,7.48991],[0.29172,7.50081],[0.29172,7.51464],[0.28774,7.52759],[0.30143,7.52023],[0.30806,7.53907],[0.30806,7.54761],[0.31188,7.54526],[0.32174,7.54054],[0.3216,7.54732],[0.32233,7.56115],[0.32174,7.56792],[0.32925,7.56792],[0.32984,7.54732],[0.32086,7.51405]],[[0.17088,6.69837],[0.1828,6.7228],[0.17765,6.74282],[0.15057,6.7805],[0.14086,6.76755],[0.13836,6.76195],[0.13688,6.75312],[0.13056,6.75989],[0.12908,6.75665],[0.12938,6.75459],[0.12864,6.75342],[0.12378,6.75312],[0.12378,6.76666],[0.10804,6.76195],[0.10333,6.75989],[0.10524,6.76342],[0.10759,6.7699],[0.10951,6.77343],[0.09582,6.77343],[0.09582,6.7805],[0.10568,6.7855],[0.10951,6.79374],[0.10848,6.80375],[0.10333,6.81435],[0.09435,6.81464],[0.08714,6.81376],[0.08095,6.8117],[0.07536,6.80817],[0.08287,6.79404],[0.06859,6.80081],[0.06241,6.78226],[0.06079,6.77255],[0.06123,6.75989],[0.04931,6.76519],[0.04224,6.7749],[0.03945,6.78727],[0.04063,6.80081],[0.03459,6.80081],[0.00604,6.76048],[-0.00309,6.73487],[0.00648,6.70455],[0.02076,6.74547],[0.02767,6.74547],[0.0315,6.73634],[0.03268,6.7281],[0.03135,6.72045],[0.02767,6.7122],[0.03915,6.71691],[0.04902,6.71691],[0.05652,6.7125],[0.06123,6.70455],[0.06123,6.69837],[0.05358,6.69749],[0.0496,6.69543],[0.04622,6.69337],[0.04063,6.69101],[0.04563,6.6913],[0.06123,6.69101],[0.0549,6.67747],[0.06491,6.67364],[0.07271,6.67305],[0.07875,6.67629],[0.08287,6.68483],[0.08905,6.67747],[0.09317,6.67983],[0.09567,6.68218],[0.09847,6.68365],[0.10333,6.68483],[0.09582,6.67776],[0.09096,6.67011],[0.08876,6.66099],[0.08905,6.65009],[0.09582,6.65009],[0.10391,6.67335],[0.12555,6.68306],[0.15116,6.68807],[0.17088,6.69837]]]}},{"type":"Feature","properties":{"lake_id":"LAKE_GERD_LAKE_NIGAT","name":"GERD/Lake Nigat","source_name":"GERD/Lake Nigat","scale_rank":6,"min_zoom":5.5,"feature_class":"Lake or reservoir","geometry_role":"cartographic waterbody context; not an ED-FLOW node, route or evidence record","source":"ED-FLOW audited Ethiopia waterbody polygons","source_commit":"EDFLOW_Patterns_private_engine_v1_0_0_2026-08-29"},"geometry":{"type":"MultiPolygon","coordinates":[[[[35.17016,10.91111,0.0],[35.17037,10.91114,0.0],[35.17068,10.91128,0.0],[35.1705,10.9119,0.0],[35.17044,10.91243,0.0],[35.17087,10.91248,0.0],[35.17145,10.91211,0.0],[35.17172,10.9116,0.0],[35.17194,10.91163,0.0],[35.17188,10.91216,0.0],[35.17194,10.91259,0.0],[35.17248,10.91265,0.0],[35.17284,10.91226,0.0],[35.17268,10.91181,0.0],[35.17274,10.91117,0.0],[35.1727,10.91063,0.0],[35.17272,10.91042,0.0],[35.17278,10.90989,0.0],[35.17293,10.90948,0.0],[35.17296,10.90917,0.0],[35.17322,10.90877,0.0],[35.17358,10.90849,0.0],[35.17422,10.90856,0.0],[35.17474,10.90872,0.0],[35.17503,10.90907,0.0],[35.1752,10.90941,0.0],[35.17504,10.90992,0.0],[35.17467,10.91031,0.0],[35.17425,10.91026,0.0],[35.17414,10.91025,0.0],[35.17456,10.9104,0.0],[35.17508,10.91057,0.0],[35.17548,10.91083,0.0],[35.17574,10.9115,0.0],[35.17581,10.91183,0.0],[35.17587,10.91226,0.0],[35.17581,10.91279,0.0],[35.17586,10.91333,0.0],[35.17604,10.91367,0.0],[35.17641,10.91328,0.0],[35.17646,10.91286,0.0],[35.17652,10.91222,0.0],[35.17647,10.91168,0.0],[35.17653,10.91115,0.0],[35.17657,10.91073,0.0],[35.17673,10.91032,0.0],[35.17707,10.91014,0.0],[35.17762,10.90998,0.0],[35.17816,10.91004,0.0],[35.17869,10.91009,0.0],[35.1793,10.91048,0.0],[35.17949,10.91071,0.0],[35.1799,10.91086,0.0],[35.18054,10.91093,0.0],[35.18086,10.91096,0.0],[35.1813,10.9109,0.0],[35.18176,10.91063,0.0],[35.18222,10.91036,0.0],[35.18247,10.91006,0.0],[35.18285,10.90947,0.0],[35.18378,10.90882,0.0],[35.18492,10.90607,0.0],[35.18515,10.90588,0.0],[35.1856,10.90571,0.0],[35.18661,10.90529,0.0],[35.18717,10.90502,0.0],[35.18771,10.90487,0.0],[35.18887,10.90476,0.0],[35.18967,10.90105,0.0],[35.18897,10.89573,0.0],[35.19125,10.89419,0.0],[35.1911,10.89543,0.0],[35.19219,10.8952,0.0],[35.19071,10.89822,0.0],[35.19207,10.89882,0.0],[35.19168,10.90015,0.0],[35.19321,10.90193,0.0],[35.19447,10.90338,0.0],[35.19496,10.9091,0.0],[35.19518,10.91533,0.0],[35.19265,10.92217,0.0],[35.18745,10.93351,0.0],[35.18457,10.9345,0.0],[35.1829,10.93497,0.0],[35.18195,10.94071,0.0],[35.17991,10.94725,0.0],[35.17689,10.95269,0.0],[35.17625,10.95813,0.0],[35.17528,10.9624,0.0],[35.17458,10.96718,0.0],[35.17313,10.97146,0.0],[35.17351,10.97949,0.0],[35.17198,10.98158,0.0],[35.16837,10.97973,0.0],[35.16626,10.97792,0.0],[35.16489,10.97452,0.0],[35.1645,10.97405,0.0],[35.16377,10.97278,0.0],[35.16339,10.97231,0.0],[35.16302,10.97174,0.0],[35.16246,10.97094,0.0],[35.16207,10.97047,0.0],[35.16557,10.96927,0.0],[35.16445,10.96468,0.0],[35.16717,10.95951,0.0],[35.16917,10.95398,0.0],[35.16738,10.94675,0.0],[35.16381,10.93867,0.0],[35.16974,10.93199,0.0],[35.16792,10.92741,0.0],[35.15509,10.91953,0.0],[35.15012,10.92476,0.0],[35.14487,10.91578,0.0],[35.14254,10.91829,0.0],[35.14151,10.92577,0.0],[35.13413,10.92745,0.0],[35.13522,10.91708,0.0],[35.13216,10.91168,0.0],[35.12595,10.9178,0.0],[35.12013,10.91452,0.0],[35.11446,10.90895,0.0],[35.10951,10.90005,0.0],[35.10713,10.89349,0.0],[35.10598,10.88465,0.0],[35.10489,10.8821,0.0],[35.10331,10.88498,0.0],[35.10214,10.88322,0.0],[35.10002,10.88422,0.0],[35.10103,10.88749,0.0],[35.09423,10.89057,0.0],[35.09805,10.8951,0.0],[35.09902,10.91004,0.0],[35.10053,10.91486,0.0],[35.09833,10.91431,0.0],[35.09753,10.91475,0.0],[35.10006,10.91716,0.0],[35.10066,10.91957,0.0],[35.09736,10.92104,0.0],[35.09925,10.92156,0.0],[35.10059,10.92117,0.0],[35.10183,10.92066,0.0],[35.10216,10.92166,0.0],[35.10207,10.9224,0.0],[35.10411,10.92262,0.0],[35.10519,10.92175,0.0],[35.10637,10.92391,0.0],[35.10894,10.92558,0.0],[35.10632,10.92761,0.0],[35.10923,10.92987,0.0],[35.10908,10.93115,0.0],[35.10998,10.93137,0.0],[35.11148,10.93336,0.0],[35.1106,10.93405,0.0],[35.11248,10.93517,0.0],[35.1115,10.93678,0.0],[35.10982,10.93977,0.0],[35.11027,10.94049,0.0],[35.1121,10.93976,0.0],[35.1143,10.93933,0.0],[35.11496,10.94073,0.0],[35.11483,10.94192,0.0],[35.11635,10.94155,0.0],[35.11983,10.94991,0.0],[35.11353,10.94271,0.0],[35.11311,10.94537,0.0],[35.1118,10.94496,0.0],[35.10961,10.94513,0.0],[35.10841,10.9415,0.0],[35.1058,10.94189,0.0],[35.10558,10.94146,0.0],[35.1054,10.94292,0.0],[35.104,10.94223,0.0],[35.10272,10.94701,0.0],[35.10234,10.94463,0.0],[35.10258,10.94168,0.0],[35.10334,10.93989,0.0],[35.10414,10.93997,0.0],[35.10599,10.93804,0.0],[35.10545,10.93586,0.0],[35.10398,10.93584,0.0],[35.10412,10.93362,0.0],[35.10253,10.93345,0.0],[35.10096,10.93014,0.0],[35.09934,10.93232,0.0],[35.09825,10.93444,0.0],[35.09825,10.93051,0.0],[35.09547,10.93034,0.0],[35.0934,10.9309,0.0],[35.09174,10.93217,0.0],[35.09175,10.93401,0.0],[35.09228,10.93499,0.0],[35.09141,10.93635,0.0],[35.09,10.93593,0.0],[35.08983,10.93433,0.0],[35.09045,10.93098,0.0],[35.08822,10.93337,0.0],[35.08681,10.93467,0.0],[35.08318,10.93376,0.0],[35.08083,10.92996,0.0],[35.07999,10.92442,0.0],[35.07826,10.92449,0.0],[35.08008,10.93474,0.0],[35.08112,10.93845,0.0],[35.07913,10.94254,0.0],[35.08282,10.94146,0.0],[35.08456,10.94341,0.0],[35.08376,10.94604,0.0],[35.08177,10.94747,0.0],[35.08032,10.95062,0.0],[35.0783,10.95292,0.0],[35.07088,10.94533,0.0],[35.07035,10.94869,0.0],[35.0737,10.95156,0.0],[35.07728,10.95601,0.0],[35.07869,10.95673,0.0],[35.08219,10.96034,0.0],[35.08288,10.95563,0.0],[35.08455,10.95456,0.0],[35.08516,10.9542,0.0],[35.08621,10.95362,0.0],[35.08681,10.95327,0.0],[35.08698,10.95301,0.0],[35.08769,10.95685,0.0],[35.08958,10.95621,0.0],[35.08928,10.96127,0.0],[35.08904,10.96509,0.0],[35.09056,10.96413,0.0],[35.09129,10.96807,0.0],[35.09187,10.96483,0.0],[35.09322,10.96199,0.0],[35.09459,10.96326,0.0],[35.09454,10.96582,0.0],[35.09537,10.96807,0.0],[35.09623,10.9646,0.0],[35.09867,10.97076,0.0],[35.10069,10.96808,0.0],[35.10304,10.96835,0.0],[35.10465,10.97141,0.0],[35.10225,10.9726,0.0],[35.10445,10.97432,0.0],[35.10306,10.97534,0.0],[35.09957,10.97956,0.0],[35.09839,10.97987,0.0],[35.09688,10.98283,0.0],[35.09811,10.98448,0.0],[35.09887,10.98531,0.0],[35.10011,10.98216,0.0],[35.1024,10.98211,0.0],[35.10467,10.98475,0.0],[35.10497,10.98963,0.0],[35.10728,10.99433,0.0],[35.11093,10.99563,0.0],[35.10903,11.00026,0.0],[35.10824,11.00455,0.0],[35.10969,11.00833,0.0],[35.11529,11.01001,0.0],[35.12048,11.01178,0.0],[35.11706,11.01386,0.0],[35.11621,11.019,0.0],[35.11343,11.01443,0.0],[35.1133,11.0125,0.0],[35.10827,11.01143,0.0],[35.10801,11.01045,0.0],[35.10716,11.00981,0.0],[35.1064,11.00946,0.0],[35.10527,11.0088,0.0],[35.10478,11.00847,0.0],[35.10456,11.00818,0.0],[35.10391,11.00798,0.0],[35.09888,11.00235,0.0],[35.09787,11.00424,0.0],[35.09925,11.00654,0.0],[35.09936,11.00669,0.0],[35.09989,11.00755,0.0],[35.10036,11.00801,0.0],[35.09639,11.01384,0.0],[35.09576,11.01597,0.0],[35.09631,11.02091,0.0],[35.09162,11.02081,0.0],[35.09269,11.02588,0.0],[35.09027,11.02934,0.0],[35.09049,11.03137,0.0],[35.09064,11.03297,0.0],[35.091,11.03418,0.0],[35.09101,11.0349,0.0],[35.09143,11.03657,0.0],[35.08514,11.03668,0.0],[35.08792,11.03838,0.0],[35.08516,11.04103,0.0],[35.08786,11.04158,0.0],[35.0883,11.04799,0.0],[35.08731,11.05025,0.0],[35.09199,11.0534,0.0],[35.09486,11.05517,0.0],[35.09904,11.05509,0.0],[35.10757,11.0535,0.0],[35.10726,11.05506,0.0],[35.09931,11.05619,0.0],[35.0969,11.05724,0.0],[35.09366,11.05824,0.0],[35.09064,11.05859,0.0],[35.08857,11.06069,0.0],[35.09191,11.06215,0.0],[35.08898,11.0647,0.0],[35.08923,11.0679,0.0],[35.09173,11.06983,0.0],[35.09588,11.06972,0.0],[35.098,11.07036,0.0],[35.10042,11.06965,0.0],[35.10369,11.06986,0.0],[35.10683,11.07006,0.0],[35.10857,11.07176,0.0],[35.11285,11.07292,0.0],[35.11725,11.07283,0.0],[35.11953,11.07216,0.0],[35.11993,11.07355,0.0],[35.11537,11.07487,0.0],[35.11474,11.07582,0.0],[35.114,11.07631,0.0],[35.11326,11.07679,0.0],[35.11281,11.07716,0.0],[35.11244,11.07813,0.0],[35.11173,11.07974,0.0],[35.11547,11.07976,0.0],[35.11603,11.08267,0.0],[35.11866,11.08304,0.0],[35.11839,11.08442,0.0],[35.11577,11.08393,0.0],[35.1142,11.08724,0.0],[35.11352,11.09149,0.0],[35.11176,11.09213,0.0],[35.11197,11.09722,0.0],[35.1097,11.09995,0.0],[35.10691,11.10161,0.0],[35.1045,11.10391,0.0],[35.10631,11.10616,0.0],[35.10882,11.10644,0.0],[35.11004,11.10645,0.0],[35.1102,11.10634,0.0],[35.11072,11.10976,0.0],[35.1096,11.1113,0.0],[35.10915,11.1119,0.0],[35.1089,11.11297,0.0],[35.10877,11.11336,0.0],[35.10867,11.11535,0.0],[35.10865,11.11575,0.0],[35.10625,11.11549,0.0],[35.10123,11.11241,0.0],[35.09632,11.11044,0.0],[35.09602,11.11368,0.0],[35.09901,11.11495,0.0],[35.1001,11.11654,0.0],[35.09679,11.11649,0.0],[35.09643,11.11956,0.0],[35.09813,11.12074,0.0],[35.09852,11.12239,0.0],[35.09714,11.12278,0.0],[35.09517,11.12367,0.0],[35.09506,11.12502,0.0],[35.09498,11.12583,0.0],[35.09506,11.12653,0.0],[35.09495,11.1279,0.0],[35.09493,11.12817,0.0],[35.09338,11.13039,0.0],[35.09135,11.13019,0.0],[35.08931,11.12841,0.0],[35.08802,11.1247,0.0],[35.08439,11.12919,0.0],[35.08791,11.13437,0.0],[35.089,11.139,0.0],[35.08915,11.14048,0.0],[35.08646,11.13967,0.0],[35.08668,11.137,0.0],[35.08276,11.13616,0.0],[35.07993,11.13807,0.0],[35.07763,11.14012,0.0],[35.07588,11.1408,0.0],[35.07061,11.14164,0.0],[35.07199,11.14544,0.0],[35.07069,11.14694,0.0],[35.06796,11.14278,0.0],[35.06349,11.14032,0.0],[35.05937,11.13962,0.0],[35.05767,11.14178,0.0],[35.05508,11.13817,0.0],[35.05256,11.13618,0.0],[35.05063,11.13598,0.0],[35.04472,11.13882,0.0],[35.04057,11.14539,0.0],[35.03896,11.14922,0.0],[35.03923,11.15593,0.0],[35.0408,11.16238,0.0],[35.04411,11.1669,0.0],[35.04643,11.16772,0.0],[35.05338,11.16899,0.0],[35.05614,11.17091,0.0],[35.05874,11.17518,0.0],[35.06143,11.17553,0.0],[35.06162,11.17745,0.0],[35.06414,11.18037,0.0],[35.06657,11.18353,0.0],[35.06399,11.18389,0.0],[35.06349,11.18475,0.0],[35.06682,11.18723,0.0],[35.06938,11.18953,0.0],[35.07046,11.19203,0.0],[35.07469,11.19154,0.0],[35.07383,11.18962,0.0],[35.07492,11.18947,0.0],[35.07629,11.19053,0.0],[35.07963,11.19089,0.0],[35.08138,11.19113,0.0],[35.08341,11.19488,0.0],[35.08582,11.19561,0.0],[35.08661,11.20063,0.0],[35.08479,11.20196,0.0],[35.08625,11.20305,0.0],[35.08499,11.20621,0.0],[35.08669,11.20586,0.0],[35.08904,11.20587,0.0],[35.0903,11.20944,0.0],[35.09605,11.22129,0.0],[35.10127,11.22041,0.0],[35.10267,11.2223,0.0],[35.10335,11.22332,0.0],[35.10331,11.22383,0.0],[35.10303,11.22433,0.0],[35.10265,11.22471,0.0],[35.1025,11.22522,0.0],[35.10249,11.22598,0.0],[35.10418,11.22677,0.0],[35.10416,11.2283,0.0],[35.1053,11.2292,0.0],[35.10752,11.22997,0.0],[35.10913,11.22818,0.0],[35.11164,11.22717,0.0],[35.11479,11.22934,0.0],[35.11618,11.23127,0.0],[35.1172,11.23232,0.0],[35.11904,11.23284,0.0],[35.12053,11.23193,0.0],[35.12287,11.23376,0.0],[35.1244,11.23677,0.0],[35.1262,11.2397,0.0],[35.1271,11.24168,0.0],[35.12881,11.24384,0.0],[35.13176,11.2452,0.0],[35.13539,11.24723,0.0],[35.13797,11.24763,0.0],[35.13452,11.24044,0.0],[35.13003,11.23558,0.0],[35.12823,11.23167,0.0],[35.12829,11.22945,0.0],[35.12834,11.22739,0.0],[35.12402,11.22536,0.0],[35.12266,11.22369,0.0],[35.12011,11.22257,0.0],[35.11987,11.21904,0.0],[35.11996,11.21704,0.0],[35.12229,11.21729,0.0],[35.1233,11.21829,0.0],[35.12626,11.21916,0.0],[35.13156,11.22281,0.0],[35.13208,11.2213,0.0],[35.13234,11.22143,0.0],[35.13312,11.22219,0.0],[35.13337,11.22257,0.0],[35.13389,11.22269,0.0],[35.13402,11.22244,0.0],[35.13427,11.22384,0.0],[35.1348,11.22371,0.0],[35.13571,11.22371,0.0],[35.1365,11.22371,0.0],[35.13715,11.22372,0.0],[35.13676,11.22535,0.0],[35.13833,11.22778,0.0],[35.14016,11.23167,0.0],[35.14056,11.23415,0.0],[35.14203,11.23731,0.0],[35.14431,11.23852,0.0],[35.1466,11.24011,0.0],[35.14822,11.24143,0.0],[35.15052,11.24185,0.0],[35.15137,11.24467,0.0],[35.15389,11.24199,0.0],[35.15616,11.24066,0.0],[35.15578,11.24213,0.0],[35.15485,11.2428,0.0],[35.15338,11.24374,0.0],[35.15219,11.24549,0.0],[35.1514,11.24671,0.0],[35.15143,11.24848,0.0],[35.15226,11.24958,0.0],[35.1533,11.24725,0.0],[35.15548,11.24726,0.0],[35.15683,11.24659,0.0],[35.15885,11.24578,0.0],[35.15823,11.24836,0.0],[35.15997,11.24741,0.0],[35.16306,11.25069,0.0],[35.16476,11.25248,0.0],[35.16667,11.25222,0.0],[35.16805,11.25209,0.0],[35.16841,11.25471,0.0],[35.16891,11.25695,0.0],[35.17033,11.25793,0.0],[35.16931,11.25639,0.0],[35.17007,11.25486,0.0],[35.16948,11.25361,0.0],[35.17098,11.25335,0.0],[35.17118,11.25501,0.0],[35.17334,11.25724,0.0],[35.17508,11.25893,0.0],[35.17657,11.26105,0.0],[35.17708,11.2629,0.0],[35.17716,11.26461,0.0],[35.17913,11.26477,0.0],[35.17969,11.26749,0.0],[35.1807,11.26548,0.0],[35.17976,11.26348,0.0],[35.18063,11.26163,0.0],[35.17922,11.25866,0.0],[35.18151,11.25807,0.0],[35.17978,11.2564,0.0],[35.179,11.25487,0.0],[35.18071,11.25374,0.0],[35.1788,11.25361,0.0],[35.17793,11.25278,0.0],[35.1761,11.25168,0.0],[35.17445,11.25141,0.0],[35.17483,11.24824,0.0],[35.17939,11.24727,0.0],[35.18223,11.24496,0.0],[35.18176,11.24173,0.0],[35.17875,11.23827,0.0],[35.18178,11.23561,0.0],[35.18179,11.22935,0.0],[35.18234,11.22768,0.0],[35.18046,11.22056,0.0],[35.17709,11.21631,0.0],[35.17652,11.21319,0.0],[35.17837,11.21009,0.0],[35.18133,11.20557,0.0],[35.18152,11.19825,0.0],[35.17507,11.2011,0.0],[35.17342,11.19968,0.0],[35.1731,11.19606,0.0],[35.17297,11.1935,0.0],[35.1754,11.19198,0.0],[35.18146,11.18857,0.0],[35.18405,11.18645,0.0],[35.18425,11.18558,0.0],[35.18447,11.18508,0.0],[35.1848,11.18422,0.0],[35.1849,11.18372,0.0],[35.18513,11.18323,0.0],[35.18536,11.18286,0.0],[35.18558,11.18224,0.0],[35.18569,11.182,0.0],[35.18604,11.1815,0.0],[35.18638,11.18077,0.0],[35.18662,11.18052,0.0],[35.19269,11.17943,0.0],[35.19387,11.17651,0.0],[35.19641,11.17176,0.0],[35.19474,11.1639,0.0],[35.19255,11.15859,0.0],[35.19194,11.15512,0.0],[35.19166,11.15472,0.0],[35.19125,11.15419,0.0],[35.19106,11.15349,0.0],[35.19102,11.15305,0.0],[35.19084,11.15249,0.0],[35.19057,11.1517,0.0],[35.1982,11.14971,0.0],[35.19943,11.14356,0.0],[35.20163,11.14252,0.0],[35.20003,11.13941,0.0],[35.2015,11.13702,0.0],[35.20495,11.14184,0.0],[35.20826,11.14199,0.0],[35.20404,11.133,0.0],[35.20313,11.12908,0.0],[35.20717,11.1288,0.0],[35.21239,11.13089,0.0],[35.2127,11.12879,0.0],[35.21195,11.1232,0.0],[35.21575,11.1206,0.0],[35.2175,11.12141,0.0],[35.22231,11.13511,0.0],[35.22681,11.12839,0.0],[35.23166,11.12443,0.0],[35.236,11.11817,0.0],[35.23891,11.11092,0.0],[35.23553,11.10518,0.0],[35.23965,11.10069,0.0],[35.23439,11.09538,0.0],[35.2377,11.09153,0.0],[35.24366,11.08786,0.0],[35.24336,11.08324,0.0],[35.24009,11.07576,0.0],[35.2401,11.06885,0.0],[35.23476,11.06639,0.0],[35.23452,11.06474,0.0],[35.23887,11.06524,0.0],[35.23267,11.05919,0.0],[35.23326,11.05232,0.0],[35.22469,11.04478,0.0],[35.22184,11.05128,0.0],[35.21834,11.05167,0.0],[35.21603,11.04726,0.0],[35.21514,11.04295,0.0],[35.21482,11.03578,0.0],[35.20809,11.03718,0.0],[35.20169,11.03693,0.0],[35.2058,11.0354,0.0],[35.20561,11.03363,0.0],[35.20393,11.03363,0.0],[35.19891,11.03049,0.0],[35.2005,11.02801,0.0],[35.19164,11.02014,0.0],[35.19256,11.01094,0.0],[35.19856,11.00783,0.0],[35.2045,11.00922,0.0],[35.20742,11.00641,0.0],[35.21135,11.00452,0.0],[35.21149,11.00892,0.0],[35.21197,11.0106,0.0],[35.21507,11.00613,0.0],[35.21359,11.00338,0.0],[35.21492,11.00242,0.0],[35.21583,11.00474,0.0],[35.21803,11.00213,0.0],[35.22051,11.00243,0.0],[35.21937,11.00684,0.0],[35.22096,11.00547,0.0],[35.22151,11.00838,0.0],[35.22296,11.00713,0.0],[35.22291,11.00393,0.0],[35.22358,11.00159,0.0],[35.22098,11.00158,0.0],[35.21947,11.00078,0.0],[35.22123,10.99897,0.0],[35.22412,10.99914,0.0],[35.22578,11.002,0.0],[35.22818,10.999,0.0],[35.22936,11.00023,0.0],[35.22777,11.00324,0.0],[35.23044,11.00434,0.0],[35.23409,11.00533,0.0],[35.24381,11.01162,0.0],[35.24288,11.00145,0.0],[35.24451,10.99832,0.0],[35.24436,10.99656,0.0],[35.25769,11.00615,0.0],[35.26133,11.00507,0.0],[35.26501,11.01012,0.0],[35.26524,11.01482,0.0],[35.27099,11.02518,0.0],[35.27453,11.02949,0.0],[35.27256,11.02563,0.0],[35.27272,11.02194,0.0],[35.27384,11.01756,0.0],[35.27201,11.01269,0.0],[35.27562,11.00912,0.0],[35.26781,11.00102,0.0],[35.26873,10.99991,0.0],[35.26773,10.99813,0.0],[35.26574,10.99993,0.0],[35.2631,10.99746,0.0],[35.26412,10.99499,0.0],[35.26888,10.99555,0.0],[35.27388,10.99949,0.0],[35.27495,10.99513,0.0],[35.2706,10.9938,0.0],[35.27528,10.99284,0.0],[35.27707,10.99392,0.0],[35.27746,10.99351,0.0],[35.27773,10.99338,0.0],[35.27866,10.99298,0.0],[35.27934,10.99298,0.0],[35.27947,10.99298,0.0],[35.28148,10.99581,0.0],[35.28202,10.99568,0.0],[35.28228,10.99554,0.0],[35.28308,10.99527,0.0],[35.28362,10.99514,0.0],[35.28375,10.99514,0.0],[35.28577,10.99758,0.0],[35.2897,11.00185,0.0],[35.28777,11.00394,0.0],[35.28887,11.00631,0.0],[35.28851,11.00743,0.0],[35.292,11.00773,0.0],[35.28885,11.01097,0.0],[35.29079,11.01097,0.0],[35.29134,11.01311,0.0],[35.29488,11.0117,0.0],[35.29853,11.01427,0.0],[35.29517,11.01831,0.0],[35.2953,11.02035,0.0],[35.29989,11.01962,0.0],[35.30359,11.01672,0.0],[35.30501,11.01355,0.0],[35.30153,11.01142,0.0],[35.30051,11.00159,0.0],[35.30278,11.00064,0.0],[35.30533,11.00561,0.0],[35.30856,11.00478,0.0],[35.31078,11.00339,0.0],[35.31096,11.00702,0.0],[35.31373,11.00703,0.0],[35.31575,11.01071,0.0],[35.31262,11.01298,0.0],[35.30899,11.01455,0.0],[35.31115,11.01672,0.0],[35.30864,11.0186,0.0],[35.31383,11.02301,0.0],[35.30969,11.02745,0.0],[35.31106,11.03028,0.0],[35.31163,11.03028,0.0],[35.31206,11.03029,0.0],[35.31293,11.0303,0.0],[35.31351,11.0303,0.0],[35.31409,11.03031,0.0],[35.31493,11.0303,0.0],[35.31665,11.03319,0.0],[35.31913,11.03303,0.0],[35.32076,11.03158,0.0],[35.32367,11.03217,0.0],[35.32297,11.03384,0.0],[35.32212,11.03429,0.0],[35.32126,11.03474,0.0],[35.32081,11.03524,0.0],[35.32035,11.03574,0.0],[35.31992,11.03597,0.0],[35.31971,11.03539,0.0],[35.3192,11.03507,0.0],[35.31881,11.03489,0.0],[35.31831,11.03443,0.0],[35.31777,11.03438,0.0],[35.31697,11.03429,0.0],[35.31627,11.03449,0.0],[35.31597,11.03473,0.0],[35.31539,11.03508,0.0],[35.31495,11.03544,0.0],[35.31438,11.03565,0.0],[35.31371,11.03558,0.0],[35.31318,11.03538,0.0],[35.31269,11.03492,0.0],[35.31215,11.03486,0.0],[35.31181,11.0355,0.0],[35.31217,11.03595,0.0],[35.31281,11.0363,0.0],[35.3132,11.03648,0.0],[35.31397,11.03697,0.0],[35.31448,11.0373,0.0],[35.31498,11.03776,0.0],[35.31532,11.03835,0.0],[35.31567,11.03894,0.0],[35.31629,11.03955,0.0],[35.31681,11.03989,0.0],[35.31729,11.04049,0.0],[35.31721,11.04131,0.0],[35.31702,11.04184,0.0],[35.31683,11.04237,0.0],[35.31677,11.04292,0.0],[35.31658,11.04346,0.0],[35.3168,11.04404,0.0],[35.31731,11.04437,0.0],[35.31755,11.04482,0.0],[35.31819,11.04531,0.0],[35.31883,11.0458,0.0],[35.31936,11.046,0.0],[35.31987,11.04647,0.0],[35.32025,11.04679,0.0],[35.32033,11.04737,0.0],[35.32055,11.04796,0.0],[35.32054,11.0481,0.0],[35.32084,11.04925,0.0],[35.3208,11.04967,0.0],[35.32114,11.05056,0.0],[35.3211,11.05098,0.0],[35.32131,11.05171,0.0],[35.32124,11.05242,0.0],[35.32146,11.05302,0.0],[35.32181,11.05377,0.0],[35.32188,11.05449,0.0],[35.32326,11.0562,0.0],[35.32336,11.05507,0.0],[35.32341,11.0545,0.0],[35.32373,11.05411,0.0],[35.32393,11.05342,0.0],[35.32439,11.0529,0.0],[35.32484,11.05252,0.0],[35.32553,11.05259,0.0],[35.32624,11.05238,0.0],[35.32693,11.05245,0.0],[35.32775,11.05254,0.0],[35.3283,11.05259,0.0],[35.32885,11.05265,0.0],[35.32954,11.05272,0.0],[35.32994,11.05291,0.0],[35.33033,11.05323,0.0],[35.33094,11.05429,0.0],[35.33171,11.05509,0.0],[35.33465,11.04764,0.0],[35.33626,11.04808,0.0],[35.33828,11.05023,0.0],[35.33961,11.04343,0.0],[35.34109,11.04371,0.0],[35.34228,11.05054,0.0],[35.34632,11.05711,0.0],[35.34302,11.05861,0.0],[35.34124,11.06233,0.0],[35.33797,11.063,0.0],[35.33776,11.0683,0.0],[35.33199,11.06959,0.0],[35.33396,11.07175,0.0],[35.32846,11.07641,0.0],[35.33357,11.07698,0.0],[35.33494,11.07969,0.0],[35.33669,11.07339,0.0],[35.33878,11.07391,0.0],[35.33985,11.07703,0.0],[35.34098,11.0752,0.0],[35.34401,11.07462,0.0],[35.34713,11.07737,0.0],[35.34718,11.08131,0.0],[35.34925,11.08252,0.0],[35.3503,11.07948,0.0],[35.35218,11.08559,0.0],[35.35441,11.07937,0.0],[35.35664,11.0783,0.0],[35.35915,11.07472,0.0],[35.36191,11.08056,0.0],[35.36515,11.09048,0.0],[35.36824,11.09575,0.0],[35.37008,11.09995,0.0],[35.37322,11.09759,0.0],[35.37459,11.10102,0.0],[35.37247,11.10939,0.0],[35.37734,11.10509,0.0],[35.37802,11.10531,0.0],[35.38002,11.10668,0.0],[35.38108,11.10753,0.0],[35.38206,11.10764,0.0],[35.38262,11.1077,0.0],[35.38303,11.1079,0.0],[35.37703,11.116,0.0],[35.37599,11.11996,0.0],[35.36967,11.12194,0.0],[35.37242,11.12269,0.0],[35.37625,11.12735,0.0],[35.37753,11.12369,0.0],[35.37923,11.11967,0.0],[35.38243,11.11786,0.0],[35.38749,11.11897,0.0],[35.38951,11.1222,0.0],[35.3927,11.12009,0.0],[35.39216,11.11747,0.0],[35.39699,11.11515,0.0],[35.39814,11.11428,0.0],[35.39927,11.11622,0.0],[35.40176,11.11636,0.0],[35.40267,11.11773,0.0],[35.40284,11.12018,0.0],[35.40253,11.12101,0.0],[35.40206,11.12196,0.0],[35.40176,11.1225,0.0],[35.40174,11.12293,0.0],[35.3993,11.12715,0.0],[35.40218,11.12559,0.0],[35.40265,11.12463,0.0],[35.40336,11.127,0.0],[35.40432,11.12466,0.0],[35.40631,11.12372,0.0],[35.40793,11.12475,0.0],[35.40872,11.12598,0.0],[35.40901,11.12543,0.0],[35.40945,11.12475,0.0],[35.40975,11.12435,0.0],[35.41005,11.12367,0.0],[35.4102,11.12339,0.0],[35.41186,11.12328,0.0],[35.41535,11.12279,0.0],[35.417,11.12384,0.0],[35.41757,11.12689,0.0],[35.41947,11.12809,0.0],[35.42191,11.12694,0.0],[35.4225,11.1267,0.0],[35.42396,11.12672,0.0],[35.42265,11.13118,0.0],[35.427,11.12796,0.0],[35.42833,11.12994,0.0],[35.42793,11.13188,0.0],[35.42802,11.13309,0.0],[35.42452,11.13743,0.0],[35.42727,11.14003,0.0],[35.42845,11.13757,0.0],[35.4315,11.13426,0.0],[35.43415,11.13069,0.0],[35.43774,11.13294,0.0],[35.43776,11.13801,0.0],[35.43971,11.13755,0.0],[35.44294,11.13883,0.0],[35.44838,11.13752,0.0],[35.4466,11.13545,0.0],[35.44967,11.13336,0.0],[35.4513,11.13195,0.0],[35.4529,11.13082,0.0],[35.45519,11.13184,0.0],[35.45445,11.13007,0.0],[35.45538,11.12886,0.0],[35.45675,11.12978,0.0],[35.4591,11.12899,0.0],[35.46137,11.12883,0.0],[35.4661,11.1338,0.0],[35.46672,11.1357,0.0],[35.4686,11.13433,0.0],[35.47084,11.13484,0.0],[35.46919,11.13824,0.0],[35.47087,11.13749,0.0],[35.47236,11.13752,0.0],[35.47235,11.13911,0.0],[35.47403,11.13836,0.0],[35.47569,11.13788,0.0],[35.47674,11.13985,0.0],[35.47606,11.14341,0.0],[35.47647,11.14508,0.0],[35.47895,11.14278,0.0],[35.48063,11.1458,0.0],[35.4798,11.14789,0.0],[35.47775,11.14986,0.0],[35.47822,11.15281,0.0],[35.4788,11.15053,0.0],[35.48026,11.14903,0.0],[35.48277,11.14806,0.0],[35.48407,11.14683,0.0],[35.4822,11.14272,0.0],[35.48442,11.1416,0.0],[35.48647,11.14518,0.0],[35.48566,11.14106,0.0],[35.48696,11.13973,0.0],[35.48809,11.13878,0.0],[35.49071,11.13972,0.0],[35.49474,11.13935,0.0],[35.49561,11.14318,0.0],[35.50003,11.1462,0.0],[35.50369,11.14958,0.0],[35.50179,11.14598,0.0],[35.49938,11.14304,0.0],[35.49929,11.13902,0.0],[35.49636,11.13593,0.0],[35.49924,11.13388,0.0],[35.50393,11.13281,0.0],[35.50721,11.13328,0.0],[35.5138,11.13359,0.0],[35.52078,11.13432,0.0],[35.52865,11.13593,0.0],[35.52853,11.13384,0.0],[35.52818,11.1325,0.0],[35.52212,11.1307,0.0],[35.51605,11.12903,0.0],[35.51312,11.12604,0.0],[35.50829,11.12886,0.0],[35.50535,11.12497,0.0],[35.50447,11.12743,0.0],[35.49817,11.12831,0.0],[35.49902,11.12647,0.0],[35.49806,11.12179,0.0],[35.49782,11.12532,0.0],[35.49683,11.12598,0.0],[35.49406,11.13086,0.0],[35.48653,11.1349,0.0],[35.48129,11.13607,0.0],[35.48073,11.13205,0.0],[35.47547,11.12941,0.0],[35.47228,11.12648,0.0],[35.47472,11.11945,0.0],[35.46923,11.11398,0.0],[35.4715,11.12076,0.0],[35.47066,11.12387,0.0],[35.46577,11.12028,0.0],[35.46303,11.11847,0.0],[35.4603,11.12149,0.0],[35.45834,11.12385,0.0],[35.45425,11.12587,0.0],[35.45009,11.12842,0.0],[35.44952,11.12995,0.0],[35.44662,11.12885,0.0],[35.44772,11.12674,0.0],[35.44146,11.127,0.0],[35.43575,11.12535,0.0],[35.43395,11.12205,0.0],[35.43539,11.11963,0.0],[35.43712,11.11968,0.0],[35.4339,11.11375,0.0],[35.43273,11.11099,0.0],[35.43279,11.11013,0.0],[35.42905,11.11211,0.0],[35.42783,11.11349,0.0],[35.43066,11.11594,0.0],[35.43045,11.11809,0.0],[35.42799,11.1177,0.0],[35.42522,11.11334,0.0],[35.42489,11.11129,0.0],[35.4223,11.11196,0.0],[35.4213,11.11084,0.0],[35.42491,11.10592,0.0],[35.42621,11.10153,0.0],[35.429,11.09846,0.0],[35.42422,11.10076,0.0],[35.42146,11.10443,0.0],[35.41809,11.10351,0.0],[35.41689,11.10196,0.0],[35.41798,11.09981,0.0],[35.41763,11.0981,0.0],[35.41349,11.10034,0.0],[35.41129,11.09912,0.0],[35.41154,11.09719,0.0],[35.41057,11.09611,0.0],[35.41337,11.09033,0.0],[35.41349,11.0883,0.0],[35.41104,11.09036,0.0],[35.40769,11.09291,0.0],[35.40689,11.09172,0.0],[35.40871,11.08836,0.0],[35.41086,11.08546,0.0],[35.41223,11.08533,0.0],[35.41342,11.08559,0.0],[35.41359,11.08319,0.0],[35.41753,11.08186,0.0],[35.41256,11.08282,0.0],[35.41241,11.0808,0.0],[35.41122,11.07961,0.0],[35.41484,11.07972,0.0],[35.41637,11.07606,0.0],[35.41113,11.07827,0.0],[35.40912,11.08019,0.0],[35.40696,11.08116,0.0],[35.40514,11.08164,0.0],[35.40208,11.07944,0.0],[35.39654,11.08301,0.0],[35.39446,11.07718,0.0],[35.39044,11.06979,0.0],[35.38688,11.07164,0.0],[35.3837,11.06909,0.0],[35.38813,11.06185,0.0],[35.38501,11.05773,0.0],[35.38035,11.05938,0.0],[35.37712,11.05327,0.0],[35.38023,11.04853,0.0],[35.37539,11.04747,0.0],[35.37569,11.04334,0.0],[35.3718,11.04515,0.0],[35.36971,11.043,0.0],[35.3705,11.03855,0.0],[35.36383,11.04073,0.0],[35.36235,11.03839,0.0],[35.36199,11.03375,0.0],[35.36619,11.03258,0.0],[35.36414,11.02416,0.0],[35.36355,11.01417,0.0],[35.37066,11.00846,0.0],[35.37836,11.00738,0.0],[35.37173,10.99829,0.0],[35.36247,10.98827,0.0],[35.35548,10.97966,0.0],[35.34842,10.97512,0.0],[35.33777,10.98026,0.0],[35.33661,10.96757,0.0],[35.34271,10.95944,0.0],[35.33695,10.9569,0.0],[35.33559,10.95444,0.0],[35.34166,10.94712,0.0],[35.33032,10.94843,0.0],[35.32289,10.95029,0.0],[35.30904,10.94592,0.0],[35.30194,10.93247,0.0],[35.29784,10.93946,0.0],[35.29406,10.94028,0.0],[35.2934,10.93803,0.0],[35.29732,10.93602,0.0],[35.29661,10.93299,0.0],[35.2969,10.92969,0.0],[35.2934,10.92973,0.0],[35.29195,10.92549,0.0],[35.2915,10.92295,0.0],[35.28688,10.92351,0.0],[35.27996,10.92342,0.0],[35.26999,10.92132,0.0],[35.27026,10.91733,0.0],[35.26596,10.91443,0.0],[35.25877,10.90784,0.0],[35.26171,10.90327,0.0],[35.26562,10.90907,0.0],[35.26683,10.90744,0.0],[35.26718,10.90698,0.0],[35.26794,10.90569,0.0],[35.26834,10.9046,0.0],[35.26845,10.90374,0.0],[35.26854,10.90313,0.0],[35.26856,10.90301,0.0],[35.26941,10.91378,0.0],[35.27203,10.9147,0.0],[35.27241,10.91232,0.0],[35.27448,10.91178,0.0],[35.27732,10.91221,0.0],[35.28066,10.91447,0.0],[35.28272,10.91481,0.0],[35.286,10.9158,0.0],[35.28676,10.91511,0.0],[35.28513,10.91177,0.0],[35.28643,10.91103,0.0],[35.28295,10.90703,0.0],[35.28305,10.90554,0.0],[35.28479,10.9061,0.0],[35.28777,10.90716,0.0],[35.29689,10.90124,0.0],[35.30668,10.89067,0.0],[35.29979,10.89079,0.0],[35.29953,10.88426,0.0],[35.29985,10.88167,0.0],[35.30381,10.87999,0.0],[35.30426,10.87456,0.0],[35.30559,10.87279,0.0],[35.30871,10.87285,0.0],[35.31222,10.87854,0.0],[35.31403,10.87273,0.0],[35.31571,10.87116,0.0],[35.31942,10.87183,0.0],[35.32027,10.87625,0.0],[35.32179,10.87601,0.0],[35.32263,10.87582,0.0],[35.32318,10.87575,0.0],[35.32332,10.87576,0.0],[35.32464,10.88249,0.0],[35.32813,10.88591,0.0],[35.33187,10.88132,0.0],[35.33225,10.87738,0.0],[35.32943,10.87846,0.0],[35.32869,10.87496,0.0],[35.32788,10.87231,0.0],[35.32564,10.8718,0.0],[35.32383,10.86986,0.0],[35.32336,10.86794,0.0],[35.32362,10.86439,0.0],[35.32112,10.86519,0.0],[35.32018,10.86403,0.0],[35.31935,10.86315,0.0],[35.3183,10.8641,0.0],[35.31843,10.86082,0.0],[35.31817,10.85741,0.0],[35.3167,10.86077,0.0],[35.314,10.86101,0.0],[35.31296,10.86287,0.0],[35.31133,10.86204,0.0],[35.31061,10.86039,0.0],[35.31012,10.85903,0.0],[35.3085,10.86213,0.0],[35.30917,10.86419,0.0],[35.30813,10.86594,0.0],[35.30715,10.86623,0.0],[35.30619,10.86241,0.0],[35.30446,10.86236,0.0],[35.3034,10.8641,0.0],[35.30182,10.86195,0.0],[35.30345,10.85806,0.0],[35.30578,10.85662,0.0],[35.30669,10.85387,0.0],[35.30813,10.8521,0.0],[35.30656,10.85002,0.0],[35.30508,10.85025,0.0],[35.30215,10.84854,0.0],[35.3027,10.84657,0.0],[35.30672,10.84411,0.0],[35.31006,10.84161,0.0],[35.3084,10.84044,0.0],[35.30507,10.84008,0.0],[35.30782,10.83803,0.0],[35.31152,10.83843,0.0],[35.31343,10.83863,0.0],[35.31462,10.83741,0.0],[35.31908,10.83788,0.0],[35.3166,10.83603,0.0],[35.31458,10.83472,0.0],[35.31442,10.83283,0.0],[35.31557,10.83335,0.0],[35.31757,10.83356,0.0],[35.31863,10.83367,0.0],[35.31799,10.83013,0.0],[35.3181,10.82605,0.0],[35.31918,10.8238,0.0],[35.31725,10.82425,0.0],[35.31451,10.82791,0.0],[35.30978,10.83112,0.0],[35.30406,10.83334,0.0],[35.29995,10.83358,0.0],[35.29068,10.82459,0.0],[35.28766,10.82413,0.0],[35.29129,10.82823,0.0],[35.29449,10.8345,0.0],[35.29436,10.83625,0.0],[35.29367,10.83631,0.0],[35.2924,10.83657,0.0],[35.29172,10.83663,0.0],[35.29087,10.83682,0.0],[35.29042,10.83704,0.0],[35.28982,10.83739,0.0],[35.28955,10.83818,0.0],[35.28947,10.83872,0.0],[35.28954,10.83914,0.0],[35.29061,10.83926,0.0],[35.29117,10.83918,0.0],[35.29186,10.83912,0.0],[35.2924,10.83918,0.0],[35.29307,10.83925,0.0],[35.29385,10.83948,0.0],[35.29431,10.84008,0.0],[35.29413,10.84033,0.0],[35.29324,10.84079,0.0],[35.29291,10.84116,0.0],[35.2922,10.84219,0.0],[35.29196,10.84286,0.0],[35.29174,10.84339,0.0],[35.29154,10.84378,0.0],[35.29142,10.84447,0.0],[35.29136,10.84488,0.0],[35.29122,10.84571,0.0],[35.29113,10.84626,0.0],[35.29093,10.84666,0.0],[35.29068,10.84734,0.0],[35.29037,10.84758,0.0],[35.28972,10.84821,0.0],[35.28916,10.84829,0.0],[35.2889,10.84897,0.0],[35.28926,10.8493,0.0],[35.28967,10.84934,0.0],[35.29031,10.8497,0.0],[35.29052,10.85014,0.0],[35.29087,10.8506,0.0],[35.29123,10.85093,0.0],[35.291,10.85332,0.0],[35.29108,10.85461,0.0],[35.29271,10.85481,0.0],[35.2947,10.85833,0.0],[35.29208,10.85804,0.0],[35.29095,10.85906,0.0],[35.29253,10.86234,0.0],[35.28688,10.86067,0.0],[35.2866,10.86316,0.0],[35.28662,10.8649,0.0],[35.28903,10.86577,0.0],[35.29168,10.86887,0.0],[35.29358,10.87012,0.0],[35.29254,10.86999,0.0],[35.29073,10.87207,0.0],[35.28889,10.87335,0.0],[35.2857,10.87152,0.0],[35.28345,10.86809,0.0],[35.28304,10.86567,0.0],[35.28397,10.86341,0.0],[35.28328,10.86191,0.0],[35.28074,10.8593,0.0],[35.27702,10.85798,0.0],[35.27367,10.85882,0.0],[35.27322,10.85468,0.0],[35.27564,10.85181,0.0],[35.27466,10.84758,0.0],[35.27384,10.84596,0.0],[35.27281,10.84054,0.0],[35.27158,10.84255,0.0],[35.2708,10.84335,0.0],[35.26886,10.84315,0.0],[35.27047,10.84471,0.0],[35.26858,10.84502,0.0],[35.26992,10.8458,0.0],[35.27022,10.84724,0.0],[35.27094,10.84848,0.0],[35.26963,10.84924,0.0],[35.26805,10.8501,0.0],[35.26791,10.85136,0.0],[35.26894,10.85033,0.0],[35.27013,10.85226,0.0],[35.26837,10.85495,0.0],[35.26719,10.85561,0.0],[35.26687,10.85427,0.0],[35.26626,10.85224,0.0],[35.26506,10.85134,0.0],[35.2639,10.8503,0.0],[35.25755,10.85223,0.0],[35.25897,10.84939,0.0],[35.25852,10.84728,0.0],[35.25724,10.84612,0.0],[35.26033,10.84287,0.0],[35.26222,10.83879,0.0],[35.25937,10.83999,0.0],[35.255,10.84155,0.0],[35.25553,10.83795,0.0],[35.25415,10.83969,0.0],[35.25342,10.84074,0.0],[35.2514,10.83801,0.0],[35.25266,10.83627,0.0],[35.25308,10.8332,0.0],[35.26001,10.83234,0.0],[35.25615,10.82996,0.0],[35.25456,10.82723,0.0],[35.25367,10.8258,0.0],[35.25329,10.82709,0.0],[35.24953,10.83048,0.0],[35.24557,10.82871,0.0],[35.24681,10.82729,0.0],[35.24821,10.825,0.0],[35.24861,10.8241,0.0],[35.2465,10.82361,0.0],[35.24363,10.82371,0.0],[35.24161,10.82363,0.0],[35.23947,10.82435,0.0],[35.23519,10.82389,0.0],[35.2338,10.8232,0.0],[35.23344,10.8229,0.0],[35.23319,10.82273,0.0],[35.2323,10.82237,0.0],[35.22846,10.82263,0.0],[35.22755,10.82647,0.0],[35.22902,10.82663,0.0],[35.22945,10.82819,0.0],[35.23,10.83072,0.0],[35.22912,10.83438,0.0],[35.22673,10.8348,0.0],[35.22633,10.83872,0.0],[35.22458,10.83936,0.0],[35.2258,10.84279,0.0],[35.22005,10.84214,0.0],[35.22256,10.83874,0.0],[35.22383,10.83297,0.0],[35.22421,10.83021,0.0],[35.22316,10.82831,0.0],[35.22421,10.82598,0.0],[35.2247,10.82398,0.0],[35.22231,10.82497,0.0],[35.22262,10.82106,0.0],[35.22414,10.81854,0.0],[35.2221,10.81237,0.0],[35.22074,10.81183,0.0],[35.2211,10.81515,0.0],[35.21983,10.81835,0.0],[35.21848,10.82037,0.0],[35.21697,10.81845,0.0],[35.21455,10.81845,0.0],[35.2136,10.82093,0.0],[35.21247,10.82066,0.0],[35.21117,10.82186,0.0],[35.21242,10.82365,0.0],[35.21128,10.82449,0.0],[35.21022,10.82368,0.0],[35.20924,10.82441,0.0],[35.20742,10.82487,0.0],[35.20636,10.82612,0.0],[35.20543,10.82821,0.0],[35.20685,10.82852,0.0],[35.20856,10.82987,0.0],[35.20524,10.83226,0.0],[35.20477,10.82732,0.0],[35.20242,10.82728,0.0],[35.20263,10.82452,0.0],[35.20412,10.82102,0.0],[35.20565,10.82333,0.0],[35.20937,10.81936,0.0],[35.20875,10.81689,0.0],[35.20763,10.81359,0.0],[35.20584,10.80996,0.0],[35.2013,10.80546,0.0],[35.19815,10.80485,0.0],[35.19959,10.80762,0.0],[35.19951,10.80919,0.0],[35.19856,10.80987,0.0],[35.19263,10.80646,0.0],[35.19428,10.80412,0.0],[35.19496,10.80295,0.0],[35.19595,10.80151,0.0],[35.1921,10.80284,0.0],[35.19267,10.80054,0.0],[35.19526,10.79919,0.0],[35.19719,10.79766,0.0],[35.19796,10.79679,0.0],[35.19922,10.79399,0.0],[35.19518,10.794,0.0],[35.19552,10.79231,0.0],[35.19825,10.79192,0.0],[35.19825,10.78955,0.0],[35.19739,10.78893,0.0],[35.19613,10.79051,0.0],[35.19106,10.79156,0.0],[35.18966,10.78867,0.0],[35.19295,10.78494,0.0],[35.19505,10.78055,0.0],[35.19656,10.77778,0.0],[35.20019,10.77817,0.0],[35.20313,10.78128,0.0],[35.20413,10.78304,0.0],[35.20346,10.77826,0.0],[35.20574,10.77888,0.0],[35.2058,10.77348,0.0],[35.20863,10.77869,0.0],[35.21367,10.7767,0.0],[35.21613,10.77974,0.0],[35.21705,10.7811,0.0],[35.21727,10.77558,0.0],[35.21873,10.77225,0.0],[35.21564,10.76798,0.0],[35.21653,10.76672,0.0],[35.21859,10.76793,0.0],[35.22045,10.76558,0.0],[35.21835,10.76486,0.0],[35.21863,10.76311,0.0],[35.2174,10.76208,0.0],[35.21656,10.76253,0.0],[35.21546,10.7643,0.0],[35.21179,10.76458,0.0],[35.20854,10.76194,0.0],[35.20787,10.76457,0.0],[35.20656,10.76672,0.0],[35.2088,10.76878,0.0],[35.20702,10.77022,0.0],[35.20568,10.76991,0.0],[35.20375,10.77137,0.0],[35.19962,10.77278,0.0],[35.19736,10.77212,0.0],[35.19904,10.76603,0.0],[35.20012,10.76143,0.0],[35.20157,10.75813,0.0],[35.20482,10.75778,0.0],[35.20548,10.75666,0.0],[35.206,10.75553,0.0],[35.20195,10.75473,0.0],[35.20063,10.75461,0.0],[35.20012,10.74984,0.0],[35.20007,10.74571,0.0],[35.20218,10.74236,0.0],[35.20357,10.74049,0.0],[35.20617,10.74064,0.0],[35.20821,10.74111,0.0],[35.20955,10.74327,0.0],[35.21225,10.74369,0.0],[35.2125,10.74131,0.0],[35.21445,10.73887,0.0],[35.21726,10.74207,0.0],[35.21901,10.74428,0.0],[35.22124,10.74439,0.0],[35.22182,10.74675,0.0],[35.2214,10.74991,0.0],[35.22346,10.74743,0.0],[35.22621,10.74404,0.0],[35.22667,10.74006,0.0],[35.23204,10.74101,0.0],[35.23429,10.74049,0.0],[35.23708,10.73743,0.0],[35.23605,10.73351,0.0],[35.23373,10.73363,0.0],[35.22927,10.73145,0.0],[35.22552,10.73167,0.0],[35.21971,10.73091,0.0],[35.21662,10.72961,0.0],[35.21286,10.73263,0.0],[35.2084,10.72969,0.0],[35.21234,10.72378,0.0],[35.21493,10.72106,0.0],[35.21726,10.71932,0.0],[35.21931,10.71771,0.0],[35.21737,10.71489,0.0],[35.21533,10.71617,0.0],[35.21661,10.71779,0.0],[35.21421,10.71817,0.0],[35.21023,10.71975,0.0],[35.20777,10.72104,0.0],[35.20639,10.72104,0.0],[35.2042,10.71942,0.0],[35.20453,10.71476,0.0],[35.20595,10.71023,0.0],[35.20793,10.70542,0.0],[35.2087,10.70041,0.0],[35.20852,10.69419,0.0],[35.21032,10.69347,0.0],[35.21174,10.69244,0.0],[35.21171,10.6914,0.0],[35.21349,10.68926,0.0],[35.21377,10.68775,0.0],[35.21293,10.6883,0.0],[35.21224,10.69004,0.0],[35.20945,10.69155,0.0],[35.20711,10.69365,0.0],[35.2055,10.69505,0.0],[35.20255,10.69645,0.0],[35.19972,10.69787,0.0],[35.19632,10.69937,0.0],[35.19259,10.69909,0.0],[35.18892,10.69831,0.0],[35.18393,10.69725,0.0],[35.18081,10.69293,0.0],[35.17635,10.6892,0.0],[35.17509,10.6844,0.0],[35.17623,10.67853,0.0],[35.17685,10.67197,0.0],[35.17465,10.66595,0.0],[35.17252,10.66385,0.0],[35.17134,10.66176,0.0],[35.16886,10.66193,0.0],[35.16816,10.65783,0.0],[35.16878,10.65418,0.0],[35.16683,10.65211,0.0],[35.16844,10.64675,0.0],[35.17077,10.64473,0.0],[35.16958,10.64461,0.0],[35.17069,10.64012,0.0],[35.17095,10.63742,0.0],[35.17356,10.63897,0.0],[35.17583,10.63639,0.0],[35.17851,10.63732,0.0],[35.18063,10.6417,0.0],[35.18115,10.64332,0.0],[35.1815,10.64088,0.0],[35.1837,10.64055,0.0],[35.1855,10.64046,0.0],[35.18274,10.63982,0.0],[35.18118,10.6381,0.0],[35.17915,10.63583,0.0],[35.17958,10.63408,0.0],[35.18271,10.63543,0.0],[35.18464,10.63422,0.0],[35.18597,10.63194,0.0],[35.18494,10.62993,0.0],[35.18479,10.63258,0.0],[35.18399,10.63275,0.0],[35.18188,10.63278,0.0],[35.18027,10.63338,0.0],[35.17707,10.63113,0.0],[35.17916,10.63071,0.0],[35.17935,10.62883,0.0],[35.18162,10.6292,0.0],[35.18158,10.62844,0.0],[35.18166,10.62744,0.0],[35.17962,10.62697,0.0],[35.17796,10.62692,0.0],[35.17635,10.623,0.0],[35.17747,10.61934,0.0],[35.17627,10.61494,0.0],[35.17586,10.61063,0.0],[35.17427,10.60929,0.0],[35.17529,10.6082,0.0],[35.17539,10.60442,0.0],[35.1742,10.60029,0.0],[35.17317,10.5961,0.0],[35.17762,10.59316,0.0],[35.17176,10.59329,0.0],[35.17543,10.59167,0.0],[35.17463,10.58934,0.0],[35.17351,10.59009,0.0],[35.17263,10.58862,0.0],[35.1705,10.59039,0.0],[35.17011,10.5891,0.0],[35.17157,10.58817,0.0],[35.17145,10.58668,0.0],[35.17387,10.58666,0.0],[35.17419,10.5835,0.0],[35.17363,10.57714,0.0],[35.1746,10.57543,0.0],[35.17876,10.57756,0.0],[35.18001,10.57834,0.0],[35.1816,10.57838,0.0],[35.18404,10.57772,0.0],[35.18461,10.5743,0.0],[35.18851,10.57291,0.0],[35.19201,10.5715,0.0],[35.19415,10.5697,0.0],[35.1962,10.56853,0.0],[35.19661,10.57353,0.0],[35.19854,10.57258,0.0],[35.19924,10.57547,0.0],[35.19897,10.57918,0.0],[35.1991,10.58283,0.0],[35.19994,10.5789,0.0],[35.20306,10.57756,0.0],[35.2031,10.57885,0.0],[35.20579,10.57978,0.0],[35.20471,10.57838,0.0],[35.20628,10.57596,0.0],[35.20723,10.57517,0.0],[35.20438,10.57499,0.0],[35.20468,10.57171,0.0],[35.20091,10.57004,0.0],[35.20131,10.56806,0.0],[35.20426,10.56977,0.0],[35.20303,10.56264,0.0],[35.20033,10.55843,0.0],[35.19932,10.56052,0.0],[35.19745,10.56191,0.0],[35.19614,10.56118,0.0],[35.19456,10.56098,0.0],[35.19469,10.5572,0.0],[35.19636,10.55615,0.0],[35.2001,10.55693,0.0],[35.19551,10.554,0.0],[35.19671,10.55309,0.0],[35.19748,10.54667,0.0],[35.19932,10.54826,0.0],[35.19948,10.55044,0.0],[35.20099,10.55162,0.0],[35.2039,10.55028,0.0],[35.20403,10.5531,0.0],[35.20655,10.55337,0.0],[35.2101,10.55542,0.0],[35.21266,10.55853,0.0],[35.21369,10.55864,0.0],[35.21234,10.55501,0.0],[35.21473,10.55283,0.0],[35.21416,10.552,0.0],[35.21452,10.5509,0.0],[35.21618,10.55095,0.0],[35.2186,10.5526,0.0],[35.22082,10.55284,0.0],[35.22472,10.55236,0.0],[35.22422,10.55092,0.0],[35.22205,10.55068,0.0],[35.22009,10.55213,0.0],[35.21832,10.54991,0.0],[35.21598,10.54789,0.0],[35.21512,10.5478,0.0],[35.21301,10.54858,0.0],[35.21149,10.55019,0.0],[35.21146,10.5521,0.0],[35.21052,10.55264,0.0],[35.20776,10.54992,0.0],[35.20417,10.54688,0.0],[35.20184,10.54488,0.0],[35.20073,10.54413,0.0],[35.20377,10.54359,0.0],[35.19957,10.54076,0.0],[35.2025,10.53934,0.0],[35.20505,10.54111,0.0],[35.20565,10.54329,0.0],[35.20783,10.53622,0.0],[35.20852,10.53568,0.0],[35.20992,10.53916,0.0],[35.21209,10.54161,0.0],[35.21417,10.54382,0.0],[35.21712,10.54104,0.0],[35.2143,10.53889,0.0],[35.21433,10.53619,0.0],[35.21767,10.54036,0.0],[35.2163,10.5347,0.0],[35.21709,10.53474,0.0],[35.21752,10.53404,0.0],[35.21672,10.53307,0.0],[35.21784,10.53324,0.0],[35.21816,10.53206,0.0],[35.21776,10.53148,0.0],[35.2189,10.53,0.0],[35.21789,10.52973,0.0],[35.22031,10.52786,0.0],[35.22211,10.52888,0.0],[35.22271,10.52802,0.0],[35.22407,10.52648,0.0],[35.22545,10.52716,0.0],[35.22595,10.52657,0.0],[35.22624,10.52783,0.0],[35.22811,10.52831,0.0],[35.22722,10.52705,0.0],[35.22782,10.52598,0.0],[35.22941,10.52558,0.0],[35.2311,10.52412,0.0],[35.23012,10.52413,0.0],[35.22884,10.52375,0.0],[35.22728,10.52307,0.0],[35.22652,10.52182,0.0],[35.2282,10.52142,0.0],[35.22758,10.51844,0.0],[35.22636,10.51979,0.0],[35.22538,10.51989,0.0],[35.2235,10.52076,0.0],[35.22381,10.51951,0.0],[35.22532,10.51854,0.0],[35.22395,10.51826,0.0],[35.22246,10.51818,0.0],[35.22355,10.51568,0.0],[35.22239,10.51369,0.0],[35.2224,10.51256,0.0],[35.22427,10.51208,0.0],[35.22533,10.51047,0.0],[35.22638,10.5117,0.0],[35.2262,10.51312,0.0],[35.22715,10.51227,0.0],[35.22782,10.51227,0.0],[35.2278,10.51482,0.0],[35.22927,10.51312,0.0],[35.23033,10.51141,0.0],[35.23081,10.51188,0.0],[35.23072,10.51605,0.0],[35.2313,10.51529,0.0],[35.23237,10.5134,0.0],[35.23372,10.51235,0.0],[35.2342,10.5133,0.0],[35.23362,10.51434,0.0],[35.23332,10.51539,0.0],[35.23409,10.51568,0.0],[35.23331,10.51739,0.0],[35.23417,10.51787,0.0],[35.23348,10.51902,0.0],[35.23271,10.51949,0.0],[35.23347,10.51998,0.0],[35.23337,10.52075,0.0],[35.23326,10.52171,0.0],[35.2315,10.52171,0.0],[35.23044,10.52094,0.0],[35.23081,10.52258,0.0],[35.23198,10.52307,0.0],[35.23354,10.52307,0.0],[35.23383,10.52442,0.0],[35.23421,10.52549,0.0],[35.23391,10.52636,0.0],[35.2342,10.52694,0.0],[35.23502,10.52568,0.0],[35.23603,10.52547,0.0],[35.23515,10.52459,0.0],[35.2351,10.52349,0.0],[35.23554,10.5223,0.0],[35.23735,10.52103,0.0],[35.239,10.52123,0.0],[35.23897,10.52328,0.0],[35.23955,10.52339,0.0],[35.24014,10.52368,0.0],[35.24171,10.52369,0.0],[35.2426,10.52379,0.0],[35.24251,10.52446,0.0],[35.24249,10.52516,0.0],[35.24218,10.52575,0.0],[35.24214,10.52734,0.0],[35.24387,10.52448,0.0],[35.24494,10.52567,0.0],[35.24571,10.52715,0.0],[35.24595,10.52516,0.0],[35.24449,10.5233,0.0],[35.24748,10.52297,0.0],[35.24878,10.52258,0.0],[35.24899,10.52169,0.0],[35.2478,10.5217,0.0],[35.24605,10.5208,0.0],[35.24472,10.5221,0.0],[35.24359,10.51994,0.0],[35.24323,10.51866,0.0],[35.24316,10.51768,0.0],[35.24134,10.51877,0.0],[35.24076,10.51788,0.0],[35.24076,10.51767,0.0],[35.24281,10.51591,0.0],[35.24214,10.51363,0.0],[35.24188,10.51134,0.0],[35.24098,10.51115,0.0],[35.23993,10.51274,0.0],[35.23969,10.50945,0.0],[35.239,10.50873,0.0],[35.23733,10.50761,0.0],[35.23604,10.50652,0.0],[35.23607,10.5054,0.0],[35.23476,10.50376,0.0],[35.23616,10.50423,0.0],[35.23757,10.50509,0.0],[35.23786,10.50393,0.0],[35.23966,10.50314,0.0],[35.24046,10.50431,0.0],[35.24155,10.50539,0.0],[35.24399,10.50246,0.0],[35.24268,10.50182,0.0],[35.2441,10.5004,0.0],[35.24409,10.49934,0.0],[35.2456,10.4994,0.0],[35.2453,10.49793,0.0],[35.24491,10.49724,0.0],[35.24482,10.49674,0.0],[35.24524,10.49543,0.0],[35.24682,10.49554,0.0],[35.24711,10.49468,0.0],[35.24848,10.49519,0.0],[35.2475,10.49721,0.0],[35.24877,10.49685,0.0],[35.24867,10.49794,0.0],[35.24768,10.49872,0.0],[35.24678,10.49921,0.0],[35.24707,10.5004,0.0],[35.24607,10.50217,0.0],[35.24776,10.5015,0.0],[35.24865,10.50161,0.0],[35.24944,10.50181,0.0],[35.25014,10.50251,0.0],[35.25083,10.50391,0.0],[35.25033,10.50679,0.0],[35.25173,10.5046,0.0],[35.25193,10.50381,0.0],[35.25292,10.5038,0.0],[35.25322,10.5053,0.0],[35.25382,10.505,0.0],[35.25482,10.50389,0.0],[35.25562,10.50429,0.0],[35.25701,10.50428,0.0],[35.25999,10.50365,0.0],[35.25671,10.50327,0.0],[35.25442,10.50239,0.0],[35.25323,10.50219,0.0],[35.25323,10.5012,0.0],[35.25233,10.50061,0.0],[35.25194,10.49991,0.0],[35.25363,10.4999,0.0],[35.25442,10.49881,0.0],[35.25501,10.49831,0.0],[35.25561,10.4989,0.0],[35.25591,10.49968,0.0],[35.2567,10.4977,0.0],[35.25561,10.49741,0.0],[35.25452,10.49623,0.0],[35.25561,10.49572,0.0],[35.25491,10.49473,0.0],[35.25373,10.49455,0.0],[35.25245,10.49319,0.0],[35.25275,10.4919,0.0],[35.25196,10.49123,0.0],[35.25108,10.48898,0.0],[35.25031,10.48723,0.0],[35.24981,10.48822,0.0],[35.24912,10.48802,0.0],[35.24796,10.48676,0.0],[35.24826,10.48493,0.0],[35.24915,10.48568,0.0],[35.25052,10.48414,0.0],[35.25159,10.4828,0.0],[35.25286,10.48108,0.0],[35.25354,10.48184,0.0],[35.25442,10.48117,0.0],[35.25529,10.4804,0.0],[35.25422,10.48021,0.0],[35.25257,10.48031,0.0],[35.2515,10.48089,0.0],[35.25102,10.47993,0.0],[35.25102,10.47879,0.0],[35.2517,10.47889,0.0],[35.25287,10.4796,0.0],[35.25395,10.47951,0.0],[35.2547,10.4784,0.0],[35.25605,10.47672,0.0],[35.25607,10.47526,0.0],[35.25694,10.47431,0.0],[35.25866,10.47428,0.0],[35.25934,10.47341,0.0],[35.26034,10.47456,0.0],[35.25966,10.47542,0.0],[35.26104,10.47494,0.0],[35.26242,10.47378,0.0],[35.26302,10.47329,0.0],[35.26296,10.4726,0.0],[35.26185,10.47252,0.0],[35.26197,10.47117,0.0],[35.2623,10.46981,0.0],[35.26262,10.46865,0.0],[35.26329,10.46874,0.0],[35.26456,10.46894,0.0],[35.26485,10.46798,0.0],[35.26534,10.46846,0.0],[35.26584,10.46931,0.0],[35.26701,10.4695,0.0],[35.26829,10.46806,0.0],[35.26869,10.46758,0.0],[35.2693,10.46862,0.0],[35.2695,10.46785,0.0],[35.27079,10.46536,0.0],[35.27187,10.46393,0.0],[35.27237,10.46383,0.0],[35.27353,10.46326,0.0],[35.27481,10.46392,0.0],[35.27597,10.46277,0.0],[35.27655,10.46173,0.0],[35.27713,10.46097,0.0],[35.2786,10.46163,0.0],[35.28043,10.46287,0.0],[35.28179,10.46363,0.0],[35.28305,10.46535,0.0],[35.28393,10.4662,0.0],[35.28364,10.46429,0.0],[35.28364,10.46305,0.0],[35.28335,10.46153,0.0],[35.28296,10.46039,0.0],[35.28228,10.45859,0.0],[35.28393,10.45869,0.0],[35.28373,10.45831,0.0],[35.28624,10.45717,0.0],[35.28779,10.4583,0.0],[35.28965,10.46095,0.0],[35.29092,10.46266,0.0],[35.2917,10.46267,0.0],[35.29258,10.46466,0.0],[35.29259,10.46628,0.0],[35.29406,10.46515,0.0],[35.29386,10.466,0.0],[35.29553,10.46572,0.0],[35.29671,10.46725,0.0],[35.29652,10.46821,0.0],[35.2975,10.46745,0.0],[35.29839,10.46831,0.0],[35.29829,10.46917,0.0],[35.29937,10.46889,0.0],[35.30055,10.47003,0.0],[35.30255,10.47111,0.0],[35.30412,10.4714,0.0],[35.30527,10.47109,0.0],[35.30388,10.46975,0.0],[35.30404,10.46877,0.0],[35.30244,10.46995,0.0],[35.30076,10.46899,0.0],[35.29876,10.46696,0.0],[35.29727,10.46533,0.0],[35.29551,10.464,0.0],[35.29673,10.46189,0.0],[35.29546,10.46104,0.0],[35.29338,10.45726,0.0],[35.29337,10.45689,0.0],[35.29328,10.4566,0.0],[35.29202,10.45453,0.0],[35.29323,10.45296,0.0],[35.29466,10.45122,0.0],[35.29578,10.44897,0.0],[35.29649,10.44932,0.0],[35.2971,10.44912,0.0],[35.29851,10.4483,0.0],[35.30082,10.44526,0.0],[35.30373,10.4451,0.0],[35.30263,10.44473,0.0],[35.30083,10.44251,0.0],[35.30083,10.44131,0.0],[35.30143,10.4385,0.0],[35.30262,10.43562,0.0],[35.30291,10.43562,0.0],[35.30331,10.43581,0.0],[35.30391,10.4359,0.0],[35.3058,10.43632,0.0],[35.3058,10.43737,0.0],[35.30849,10.43808,0.0],[35.30819,10.4373,0.0],[35.30678,10.43313,0.0],[35.30686,10.43155,0.0],[35.30764,10.42957,0.0],[35.3093,10.42912,0.0],[35.3096,10.42798,0.0],[35.31077,10.42767,0.0],[35.31175,10.42593,0.0],[35.31261,10.42524,0.0],[35.31251,10.42446,0.0],[35.31191,10.42302,0.0],[35.31209,10.42118,0.0],[35.31322,10.41809,0.0],[35.3133,10.41666,0.0],[35.31465,10.41598,0.0],[35.31677,10.41503,0.0],[35.31803,10.41493,0.0],[35.31946,10.41473,0.0],[35.3077,10.41096,0.0],[35.30746,10.41188,0.0],[35.30688,10.41261,0.0],[35.30517,10.41336,0.0],[35.30493,10.41171,0.0],[35.3037,10.41209,0.0],[35.30228,10.41346,0.0],[35.30097,10.41292,0.0],[35.30049,10.4108,0.0],[35.29855,10.412,0.0],[35.29798,10.41459,0.0],[35.29824,10.41755,0.0],[35.297,10.42028,0.0],[35.29711,10.42365,0.0],[35.29411,10.4184,0.0],[35.29265,10.42027,0.0],[35.29239,10.42404,0.0],[35.29148,10.42669,0.0],[35.29061,10.42641,0.0],[35.28913,10.42584,0.0],[35.28677,10.42632,0.0],[35.28608,10.42216,0.0],[35.28503,10.42216,0.0],[35.28361,10.42263,0.0],[35.28303,10.41991,0.0],[35.28273,10.42225,0.0],[35.28209,10.42339,0.0],[35.28132,10.42377,0.0],[35.28001,10.42179,0.0],[35.27866,10.4217,0.0],[35.27879,10.4232,0.0],[35.28066,10.42443,0.0],[35.28119,10.42575,0.0],[35.27995,10.4269,0.0],[35.2793,10.42861,0.0],[35.27988,10.42861,0.0],[35.28076,10.42842,0.0],[35.28179,10.43014,0.0],[35.28246,10.43302,0.0],[35.28243,10.43554,0.0],[35.28187,10.43737,0.0],[35.28491,10.43708,0.0],[35.2864,10.43689,0.0],[35.28566,10.43816,0.0],[35.28472,10.43943,0.0],[35.28325,10.44011,0.0],[35.28277,10.44079,0.0],[35.28279,10.44158,0.0],[35.2815,10.44187,0.0],[35.28044,10.44237,0.0],[35.28134,10.44257,0.0],[35.28358,10.44254,0.0],[35.28487,10.44178,0.0],[35.28578,10.44247,0.0],[35.28511,10.44373,0.0],[35.28307,10.44386,0.0],[35.28128,10.44366,0.0],[35.27922,10.44386,0.0],[35.27741,10.44307,0.0],[35.27627,10.44148,0.0],[35.27644,10.44386,0.0],[35.27392,10.44237,0.0],[35.27205,10.44236,0.0],[35.2705,10.44404,0.0],[35.27197,10.44534,0.0],[35.26967,10.44647,0.0],[35.26751,10.44749,0.0],[35.26606,10.44721,0.0],[35.2654,10.44768,0.0],[35.26544,10.44908,0.0],[35.26449,10.44964,0.0],[35.26278,10.45162,0.0],[35.26089,10.45049,0.0],[35.26021,10.44928,0.0],[35.25963,10.45106,0.0],[35.25893,10.45181,0.0],[35.25745,10.45115,0.0],[35.25821,10.44918,0.0],[35.25869,10.44694,0.0],[35.2598,10.44647,0.0],[35.26058,10.44732,0.0],[35.26051,10.44545,0.0],[35.26062,10.44331,0.0],[35.26081,10.44138,0.0],[35.26168,10.43873,0.0],[35.2587,10.43936,0.0],[35.25662,10.44147,0.0],[35.25427,10.44212,0.0],[35.25226,10.44001,0.0],[35.25111,10.43717,0.0],[35.24962,10.43808,0.0],[35.24799,10.43781,0.0],[35.24706,10.44083,0.0],[35.24492,10.44315,0.0],[35.24508,10.44789,0.0],[35.24444,10.44892,0.0],[35.24328,10.44864,0.0],[35.24325,10.44789,0.0],[35.24252,10.4465,0.0],[35.2419,10.4452,0.0],[35.23999,10.4451,0.0],[35.24089,10.4465,0.0],[35.24057,10.44827,0.0],[35.24206,10.44967,0.0],[35.24094,10.45117,0.0],[35.24118,10.45259,0.0],[35.2403,10.4523,0.0],[35.24008,10.45477,0.0],[35.23842,10.45477,0.0],[35.23749,10.4524,0.0],[35.2367,10.45155,0.0],[35.23631,10.45156,0.0],[35.23507,10.45203,0.0],[35.23451,10.44865,0.0],[35.23389,10.45165,0.0],[35.23537,10.45278,0.0],[35.23533,10.45534,0.0],[35.2343,10.45753,0.0],[35.2349,10.4582,0.0],[35.23615,10.45753,0.0],[35.23754,10.45829,0.0],[35.23797,10.45973,0.0],[35.23975,10.46059,0.0],[35.24222,10.46203,0.0],[35.24147,10.4631,0.0],[35.23982,10.46339,0.0],[35.23781,10.46117,0.0],[35.23652,10.46069,0.0],[35.23505,10.46078,0.0],[35.23578,10.46329,0.0],[35.23444,10.46531,0.0],[35.23547,10.46726,0.0],[35.23706,10.46727,0.0],[35.2384,10.46914,0.0],[35.23761,10.46942,0.0],[35.23597,10.46943,0.0],[35.23513,10.47083,0.0],[35.23635,10.47358,0.0],[35.23659,10.4769,0.0],[35.23248,10.4743,0.0],[35.23462,10.47941,0.0],[35.23079,10.47667,0.0],[35.23069,10.48057,0.0],[35.23239,10.48459,0.0],[35.23285,10.48753,0.0],[35.23558,10.48834,0.0],[35.23799,10.49085,0.0],[35.2353,10.49172,0.0],[35.23586,10.49466,0.0],[35.23316,10.49551,0.0],[35.23076,10.48864,0.0],[35.23007,10.49241,0.0],[35.22729,10.49243,0.0],[35.22568,10.49426,0.0],[35.2275,10.49524,0.0],[35.22728,10.49735,0.0],[35.22552,10.49778,0.0],[35.22324,10.49947,0.0],[35.22577,10.50216,0.0],[35.22421,10.504,0.0],[35.21945,10.50103,0.0],[35.21816,10.50429,0.0],[35.21721,10.50671,0.0],[35.21444,10.51011,0.0],[35.21198,10.51084,0.0],[35.21243,10.51451,0.0],[35.20891,10.51192,0.0],[35.20488,10.50945,0.0],[35.20492,10.51151,0.0],[35.20608,10.51644,0.0],[35.20612,10.51908,0.0],[35.20579,10.52106,0.0],[35.2041,10.52366,0.0],[35.20245,10.52299,0.0],[35.20175,10.52397,0.0],[35.20005,10.52536,0.0],[35.19852,10.52535,0.0],[35.19902,10.52341,0.0],[35.19935,10.51969,0.0],[35.19932,10.51635,0.0],[35.19673,10.51427,0.0],[35.19553,10.51715,0.0],[35.19339,10.5187,0.0],[35.19412,10.5205,0.0],[35.19325,10.52247,0.0],[35.19261,10.52383,0.0],[35.19453,10.52675,0.0],[35.19565,10.52942,0.0],[35.19916,10.52785,0.0],[35.2008,10.52966,0.0],[35.19976,10.53051,0.0],[35.19789,10.53136,0.0],[35.19541,10.53138,0.0],[35.19619,10.53319,0.0],[35.19695,10.53402,0.0],[35.19606,10.53502,0.0],[35.19419,10.53657,0.0],[35.19439,10.53825,0.0],[35.19442,10.54079,0.0],[35.19406,10.54319,0.0],[35.19156,10.54122,0.0],[35.19193,10.53798,0.0],[35.19161,10.53685,0.0],[35.18948,10.53374,0.0],[35.19032,10.53261,0.0],[35.19001,10.53077,0.0],[35.18768,10.52866,0.0],[35.18587,10.52641,0.0],[35.18733,10.53007,0.0],[35.18722,10.53317,0.0],[35.18676,10.53544,0.0],[35.187,10.53671,0.0],[35.18605,10.53813,0.0],[35.18354,10.53714,0.0],[35.18518,10.53586,0.0],[35.18375,10.53516,0.0],[35.18425,10.53416,0.0],[35.18096,10.53205,0.0],[35.17937,10.52867,0.0],[35.18158,10.52853,0.0],[35.18216,10.52642,0.0],[35.18368,10.52628,0.0],[35.18039,10.52459,0.0],[35.18005,10.52319,0.0],[35.18104,10.52305,0.0],[35.18247,10.52347,0.0],[35.17964,10.52012,0.0],[35.17957,10.52179,0.0],[35.17833,10.52249,0.0],[35.17709,10.51983,0.0],[35.17487,10.52095,0.0],[35.17473,10.51859,0.0],[35.17411,10.51607,0.0],[35.17462,10.5144,0.0],[35.17475,10.51272,0.0],[35.17673,10.51301,0.0],[35.17941,10.5119,0.0],[35.1768,10.50981,0.0],[35.1759,10.50787,0.0],[35.17345,10.50417,0.0],[35.17472,10.50676,0.0],[35.17347,10.50745,0.0],[35.17237,10.50884,0.0],[35.17358,10.51119,0.0],[35.17171,10.51134,0.0],[35.17036,10.50969,0.0],[35.16737,10.50955,0.0],[35.16886,10.51106,0.0],[35.16582,10.5101,0.0],[35.16136,10.5104,0.0],[35.16211,10.51193,0.0],[35.16509,10.51151,0.0],[35.16788,10.51288,0.0],[35.17127,10.51523,0.0],[35.16985,10.51705,0.0],[35.17355,10.52053,0.0],[35.17212,10.52067,0.0],[35.1693,10.51747,0.0],[35.16682,10.51622,0.0],[35.16259,10.51499,0.0],[35.16409,10.51693,0.0],[35.16566,10.52012,0.0],[35.16661,10.52446,0.0],[35.16522,10.52671,0.0],[35.16547,10.53037,0.0],[35.16263,10.53235,0.0],[35.16098,10.53066,0.0],[35.16094,10.52925,0.0],[35.15974,10.52813,0.0],[35.15957,10.5315,0.0],[35.15832,10.53292,0.0],[35.15685,10.53235,0.0],[35.15631,10.53306,0.0],[35.15367,10.53151,0.0],[35.1527,10.5332,0.0],[35.1564,10.53759,0.0],[35.1563,10.53986,0.0],[35.15397,10.53957,0.0],[35.15297,10.54042,0.0],[35.15109,10.54057,0.0],[35.15348,10.54313,0.0],[35.15131,10.54526,0.0],[35.15382,10.54655,0.0],[35.15326,10.54755,0.0],[35.15574,10.54784,0.0],[35.15563,10.54927,0.0],[35.15315,10.54912,0.0],[35.15191,10.55185,0.0],[35.15128,10.55674,0.0],[35.14994,10.55515,0.0],[35.14687,10.55415,0.0],[35.14879,10.54955,0.0],[35.14777,10.54898,0.0],[35.14736,10.55012,0.0],[35.14501,10.5477,0.0],[35.14627,10.54583,0.0],[35.14526,10.5457,0.0],[35.14339,10.5457,0.0],[35.14195,10.5457,0.0],[35.14093,10.54542,0.0],[35.13989,10.54314,0.0],[35.14143,10.54072,0.0],[35.14056,10.54057,0.0],[35.13698,10.54214,0.0],[35.1348,10.54157,0.0],[35.13395,10.54229,0.0],[35.1344,10.54371,0.0],[35.13399,10.54528,0.0],[35.13297,10.54528,0.0],[35.13154,10.54656,0.0],[35.13054,10.54756,0.0],[35.12798,10.54974,0.0],[35.12893,10.54614,0.0],[35.13002,10.54429,0.0],[35.13031,10.54414,0.0],[35.13149,10.54414,0.0],[35.1313,10.54152,0.0],[35.13364,10.54072,0.0],[35.13139,10.53975,0.0],[35.12994,10.53549,0.0],[35.12757,10.53418,0.0],[35.12805,10.53066,0.0],[35.12761,10.53052,0.0],[35.1244,10.52981,0.0],[35.12306,10.52793,0.0],[35.11953,10.52749,0.0],[35.1149,10.52852,0.0],[35.11313,10.52765,0.0],[35.11553,10.52459,0.0],[35.11463,10.52285,0.0],[35.11586,10.52009,0.0],[35.11609,10.51734,0.0],[35.11526,10.51908,0.0],[35.11275,10.5165,0.0],[35.11102,10.51707,0.0],[35.11353,10.51937,0.0],[35.11214,10.52256,0.0],[35.11278,10.52503,0.0],[35.11028,10.5243,0.0],[35.10988,10.52618,0.0],[35.10921,10.52967,0.0],[35.11039,10.53055,0.0],[35.11186,10.5307,0.0],[35.11175,10.53288,0.0],[35.11209,10.53579,0.0],[35.11275,10.53902,0.0],[35.11055,10.53932,0.0],[35.10685,10.53756,0.0],[35.10541,10.53873,0.0],[35.10307,10.53874,0.0],[35.10053,10.53609,0.0],[35.10094,10.53405,0.0],[35.09987,10.53055,0.0],[35.10071,10.52822,0.0],[35.10012,10.52764,0.0],[35.09869,10.52924,0.0],[35.09764,10.52764,0.0],[35.09461,10.52954,0.0],[35.09197,10.52896,0.0],[35.09006,10.52722,0.0],[35.09294,10.5246,0.0],[35.09438,10.52372,0.0],[35.09204,10.52286,0.0],[35.09159,10.52141,0.0],[35.09059,10.52271,0.0],[35.08681,10.52345,0.0],[35.08837,10.51881,0.0],[35.08805,10.51622,0.0],[35.08542,10.51378,0.0],[35.08558,10.51536,0.0],[35.08604,10.51795,0.0],[35.08489,10.51954,0.0],[35.08402,10.52026,0.0],[35.08097,10.52156,0.0],[35.08026,10.52373,0.0],[35.07529,10.52056,0.0],[35.07659,10.51868,0.0],[35.07789,10.51623,0.0],[35.07803,10.5145,0.0],[35.07715,10.51364,0.0],[35.07585,10.51565,0.0],[35.07353,10.51565,0.0],[35.07178,10.51149,0.0],[35.06989,10.50848,0.0],[35.06946,10.51048,0.0],[35.06946,10.5112,0.0],[35.06714,10.51393,0.0],[35.06526,10.51378,0.0],[35.06468,10.51407,0.0],[35.06308,10.51523,0.0],[35.06192,10.51408,0.0],[35.06018,10.51221,0.0],[35.06251,10.50906,0.0],[35.05715,10.50678,0.0],[35.06295,10.5015,0.0],[35.05703,10.4998,0.0],[35.05531,10.49838,0.0],[35.05299,10.50009,0.0],[35.053,10.49724,0.0],[35.053,10.49696,0.0],[35.05088,10.49102,0.0],[35.04876,10.48792,0.0],[35.04773,10.48883,0.0],[35.04661,10.4923,0.0],[35.04591,10.49533,0.0],[35.0396,10.4877,0.0],[35.03958,10.48411,0.0],[35.04346,10.48109,0.0],[35.0446,10.4798,0.0],[35.03995,10.47582,0.0],[35.04355,10.47525,0.0],[35.04239,10.47425,0.0],[35.04222,10.47099,0.0],[35.03906,10.47227,0.0],[35.03812,10.45868,0.0],[35.03838,10.45285,0.0],[35.03861,10.44428,0.0],[35.04033,10.44023,0.0],[35.03885,10.43592,0.0],[35.0381,10.43262,0.0],[35.03809,10.43119,0.0],[35.03823,10.42947,0.0],[35.03865,10.42747,0.0],[35.03908,10.42619,0.0],[35.03964,10.42476,0.0],[35.04078,10.42263,0.0],[35.0422,10.42035,0.0],[35.04305,10.41879,0.0],[35.04334,10.41851,0.0],[35.04288,10.41568,0.0],[35.0433,10.41441,0.0],[35.04514,10.41158,0.0],[35.04511,10.40666,0.0],[35.04336,10.40442,0.0],[35.0415,10.40498,0.0],[35.0444,10.40821,0.0],[35.042,10.41271,0.0],[35.04075,10.41894,0.0],[35.03731,10.42206,0.0],[35.03609,10.42543,0.0],[35.03609,10.42598,0.0],[35.0361,10.42777,0.0],[35.03399,10.43149,0.0],[35.03257,10.43329,0.0],[35.03457,10.43425,0.0],[35.03472,10.43522,0.0],[35.03459,10.43897,0.0],[35.03361,10.44244,0.0],[35.02933,10.44468,0.0],[35.03134,10.44607,0.0],[35.03279,10.45026,0.0],[35.03352,10.45419,0.0],[35.03266,10.45434,0.0],[35.02994,10.45532,0.0],[35.03412,10.45997,0.0],[35.03458,10.46464,0.0],[35.03417,10.46862,0.0],[35.03316,10.47004,0.0],[35.03114,10.4716,0.0],[35.03043,10.47517,0.0],[35.03234,10.48105,0.0],[35.02972,10.4799,0.0],[35.02712,10.48306,0.0],[35.02712,10.48478,0.0],[35.03149,10.48767,0.0],[35.02874,10.48999,0.0],[35.02835,10.49104,0.0],[35.02478,10.48962,0.0],[35.02203,10.48982,0.0],[35.02337,10.49172,0.0],[35.0234,10.49335,0.0],[35.02449,10.49212,0.0],[35.02536,10.49165,0.0],[35.02578,10.49178,0.0],[35.02583,10.49274,0.0],[35.0268,10.4937,0.0],[35.0272,10.49466,0.0],[35.02848,10.49486,0.0],[35.02922,10.49356,0.0],[35.03001,10.49274,0.0],[35.03041,10.49459,0.0],[35.03046,10.49597,0.0],[35.03109,10.49694,0.0],[35.0321,10.49597,0.0],[35.03311,10.49507,0.0],[35.03403,10.49555,0.0],[35.03201,10.49802,0.0],[35.03336,10.49795,0.0],[35.03485,10.49843,0.0],[35.03598,10.4985,0.0],[35.03704,10.4998,0.0],[35.03682,10.50117,0.0],[35.03561,10.50055,0.0],[35.03354,10.50076,0.0],[35.03226,10.50083,0.0],[35.03111,10.50097,0.0],[35.02988,10.50179,0.0],[35.03251,10.50318,0.0],[35.03472,10.50472,0.0],[35.03528,10.50675,0.0],[35.03672,10.50774,0.0],[35.0386,10.50697,0.0],[35.04063,10.50796,0.0],[35.04186,10.50753,0.0],[35.0425,10.50654,0.0],[35.04279,10.50584,0.0],[35.04337,10.5064,0.0],[35.04431,10.50704,0.0],[35.0449,10.50803,0.0],[35.04533,10.50767,0.0],[35.04604,10.50669,0.0],[35.04691,10.5069,0.0],[35.04737,10.50846,0.0],[35.04608,10.50959,0.0],[35.045,10.51038,0.0],[35.04649,10.51232,0.0],[35.04392,10.51138,0.0],[35.04129,10.51145,0.0],[35.04042,10.51311,0.0],[35.0405,10.51449,0.0],[35.04043,10.51493,0.0],[35.0405,10.5158,0.0],[35.04249,10.51669,0.0],[35.04636,10.51927,0.0],[35.04192,10.51955,0.0],[35.04282,10.52157,0.0],[35.03985,10.52389,0.0],[35.04463,10.5239,0.0],[35.0476,10.52732,0.0],[35.04598,10.53,0.0],[35.04524,10.53179,0.0],[35.04336,10.53296,0.0],[35.04913,10.53258,0.0],[35.05288,10.53299,0.0],[35.05434,10.53412,0.0],[35.05324,10.53543,0.0],[35.04831,10.53932,0.0],[35.04801,10.54327,0.0],[35.04242,10.54896,0.0],[35.03822,10.54969,0.0],[35.03265,10.54946,0.0],[35.03248,10.55041,0.0],[35.03776,10.55064,0.0],[35.04188,10.55071,0.0],[35.04704,10.54983,0.0],[35.04991,10.54881,0.0],[35.05095,10.55093,0.0],[35.05264,10.55094,0.0],[35.05418,10.55028,0.0],[35.05638,10.5494,0.0],[35.05228,10.5527,0.0],[35.05451,10.55382,0.0],[35.05478,10.55575,0.0],[35.05621,10.555,0.0],[35.05786,10.55698,0.0],[35.05989,10.55787,0.0],[35.0613,10.55841,0.0],[35.06085,10.55931,0.0],[35.05824,10.55855,0.0],[35.05661,10.55807,0.0],[35.05543,10.56111,0.0],[35.05403,10.56229,0.0],[35.05603,10.56454,0.0],[35.05708,10.56581,0.0],[35.05609,10.5673,0.0],[35.05368,10.56794,0.0],[35.05653,10.56924,0.0],[35.0562,10.57053,0.0],[35.05519,10.5722,0.0],[35.05401,10.57241,0.0],[35.05233,10.57227,0.0],[35.05235,10.57358,0.0],[35.05275,10.57475,0.0],[35.05437,10.57453,0.0],[35.05546,10.57497,0.0],[35.05474,10.57667,0.0],[35.05271,10.57763,0.0],[35.05116,10.57919,0.0],[35.05203,10.58145,0.0],[35.05021,10.58386,0.0],[35.05184,10.58454,0.0],[35.0524,10.58715,0.0],[35.0546,10.58723,0.0],[35.05518,10.58562,0.0],[35.05515,10.58432,0.0],[35.05519,10.58295,0.0],[35.056,10.58099,0.0],[35.05701,10.57972,0.0],[35.05751,10.58069,0.0],[35.05841,10.58032,0.0],[35.05846,10.58092,0.0],[35.05873,10.58228,0.0],[35.0594,10.58236,0.0],[35.05879,10.58296,0.0],[35.05986,10.58486,0.0],[35.05997,10.58654,0.0],[35.06123,10.5841,0.0],[35.06325,10.5847,0.0],[35.06192,10.58349,0.0],[35.06112,10.58235,0.0],[35.061,10.58115,0.0],[35.06184,10.58024,0.0],[35.06209,10.57882,0.0],[35.06329,10.5786,0.0],[35.06308,10.57756,0.0],[35.06348,10.57608,0.0],[35.06606,10.57703,0.0],[35.0666,10.57512,0.0],[35.06639,10.57395,0.0],[35.06743,10.57271,0.0],[35.06779,10.57417,0.0],[35.06875,10.57293,0.0],[35.06933,10.57373,0.0],[35.07052,10.57264,0.0],[35.07008,10.57206,0.0],[35.07008,10.57155,0.0],[35.07096,10.57177,0.0],[35.07118,10.57285,0.0],[35.07169,10.573,0.0],[35.07257,10.573,0.0],[35.07404,10.573,0.0],[35.07565,10.57206,0.0],[35.07551,10.57329,0.0],[35.07545,10.57468,0.0],[35.07449,10.57527,0.0],[35.07338,10.57616,0.0],[35.07131,10.57697,0.0],[35.0699,10.57733,0.0],[35.07146,10.57838,0.0],[35.07064,10.57845,0.0],[35.07041,10.57927,0.0],[35.07153,10.57942,0.0],[35.0722,10.58017,0.0],[35.07227,10.581,0.0],[35.0713,10.58099,0.0],[35.07182,10.5816,0.0],[35.071,10.58174,0.0],[35.07055,10.58272,0.0],[35.07107,10.58272,0.0],[35.07189,10.5822,0.0],[35.07242,10.58243,0.0],[35.07242,10.58303,0.0],[35.07347,10.58273,0.0],[35.07354,10.58213,0.0],[35.07391,10.5825,0.0],[35.07444,10.58273,0.0],[35.07503,10.58138,0.0],[35.07653,10.58198,0.0],[35.07781,10.58281,0.0],[35.07721,10.58319,0.0],[35.07565,10.58425,0.0],[35.07467,10.58563,0.0],[35.07407,10.58648,0.0],[35.07287,10.58577,0.0],[35.07106,10.58669,0.0],[35.07204,10.58754,0.0],[35.07166,10.58793,0.0],[35.07279,10.58902,0.0],[35.07302,10.58972,0.0],[35.07226,10.59011,0.0],[35.07074,10.59065,0.0],[35.07173,10.59058,0.0],[35.07317,10.59137,0.0],[35.07266,10.59203,0.0],[35.07214,10.59264,0.0],[35.07061,10.59388,0.0],[35.07288,10.59402,0.0],[35.07271,10.59513,0.0],[35.07359,10.59687,0.0],[35.07364,10.59785,0.0],[35.07485,10.59562,0.0],[35.0745,10.59527,0.0],[35.07451,10.59471,0.0],[35.07524,10.59402,0.0],[35.07559,10.59458,0.0],[35.07644,10.59485,0.0],[35.07674,10.59416,0.0],[35.07761,10.59375,0.0],[35.07889,10.59382,0.0],[35.07829,10.59534,0.0],[35.07863,10.59638,0.0],[35.07811,10.59743,0.0],[35.07617,10.59757,0.0],[35.07823,10.59848,0.0],[35.07714,10.59897,0.0],[35.07944,10.59947,0.0],[35.07892,10.60017,0.0],[35.0781,10.60138,0.0],[35.07835,10.60337,0.0],[35.0788,10.60245,0.0],[35.08071,10.60124,0.0],[35.08238,10.60159,0.0],[35.08367,10.60252,0.0],[35.08439,10.60374,0.0],[35.0846,10.60525,0.0],[35.08401,10.60597,0.0],[35.08599,10.60568,0.0],[35.08592,10.60338,0.0],[35.08564,10.60195,0.0],[35.08501,10.59897,0.0],[35.08371,10.5989,0.0],[35.08312,10.59926,0.0],[35.08292,10.59778,0.0],[35.08387,10.59715,0.0],[35.08509,10.59757,0.0],[35.08703,10.59785,0.0],[35.0866,10.59736,0.0],[35.08545,10.59666,0.0],[35.08532,10.59541,0.0],[35.08599,10.59521,0.0],[35.08736,10.59469,0.0],[35.08755,10.59351,0.0],[35.08639,10.59301,0.0],[35.0863,10.59198,0.0],[35.08655,10.59111,0.0],[35.0875,10.59155,0.0],[35.08783,10.59046,0.0],[35.08713,10.58953,0.0],[35.08675,10.58823,0.0],[35.08836,10.58816,0.0],[35.08938,10.58774,0.0],[35.09031,10.58817,0.0],[35.08966,10.59025,0.0],[35.08967,10.59403,0.0],[35.09053,10.59639,0.0],[35.09155,10.59476,0.0],[35.09236,10.59491,0.0],[35.09287,10.59264,0.0],[35.09413,10.59242,0.0],[35.09434,10.5901,0.0],[35.09489,10.58895,0.0],[35.09593,10.58866,0.0],[35.09516,10.58723,0.0],[35.09503,10.58617,0.0],[35.09568,10.58411,0.0],[35.09763,10.58418,0.0],[35.09759,10.58595,0.0],[35.09711,10.58759,0.0],[35.09751,10.5885,0.0],[35.09776,10.59007,0.0],[35.09858,10.59164,0.0],[35.09791,10.59316,0.0],[35.0992,10.59601,0.0],[35.09922,10.59811,0.0],[35.09648,10.59797,0.0],[35.09566,10.59678,0.0],[35.0954,10.59818,0.0],[35.0961,10.5991,0.0],[35.097,10.60045,0.0],[35.0958,10.6046,0.0],[35.09866,10.60403,0.0],[35.09937,10.60511,0.0],[35.09884,10.60591,0.0],[35.09837,10.60722,0.0],[35.09911,10.60729,0.0],[35.10023,10.60613,0.0],[35.10099,10.60468,0.0],[35.10115,10.60388,0.0],[35.10241,10.60252,0.0],[35.10358,10.60245,0.0],[35.10383,10.60555,0.0],[35.10463,10.6062,0.0],[35.10603,10.60526,0.0],[35.10698,10.60642,0.0],[35.10882,10.6036,0.0],[35.10999,10.60468,0.0],[35.11021,10.60599,0.0],[35.10711,10.61009,0.0],[35.10821,10.61075,0.0],[35.1094,10.60979,0.0],[35.11073,10.61076,0.0],[35.11044,10.61299,0.0],[35.11066,10.61411,0.0],[35.1123,10.61299,0.0],[35.11305,10.6147,0.0],[35.11644,10.61128,0.0],[35.11678,10.60914,0.0],[35.11934,10.60759,0.0],[35.12048,10.60592,0.0],[35.12031,10.60469,0.0],[35.12194,10.60217,0.0],[35.12188,10.60296,0.0],[35.12141,10.60789,0.0],[35.12025,10.60877,0.0],[35.11909,10.61046,0.0],[35.11884,10.61283,0.0],[35.1208,10.6136,0.0],[35.12088,10.6142,0.0],[35.1203,10.61517,0.0],[35.1197,10.61486,0.0],[35.11902,10.61494,0.0],[35.1174,10.61629,0.0],[35.1186,10.61637,0.0],[35.12093,10.61646,0.0],[35.1205,10.61752,0.0],[35.1186,10.62061,0.0],[35.11735,10.62217,0.0],[35.11527,10.62303,0.0],[35.1129,10.62346,0.0],[35.1172,10.62511,0.0],[35.11816,10.62496,0.0],[35.1195,10.62527,0.0],[35.1174,10.62675,0.0],[35.11792,10.628,0.0],[35.11902,10.62932,0.0],[35.11887,10.63042,0.0],[35.12101,10.63117,0.0],[35.12125,10.63266,0.0],[35.11908,10.63276,0.0],[35.11989,10.63312,0.0],[35.11895,10.63371,0.0],[35.11834,10.63494,0.0],[35.11937,10.63567,0.0],[35.11929,10.63627,0.0],[35.11814,10.63648,0.0],[35.11875,10.63769,0.0],[35.11723,10.63911,0.0],[35.11648,10.63855,0.0],[35.11598,10.63971,0.0],[35.11573,10.64269,0.0],[35.11418,10.64359,0.0],[35.11386,10.64511,0.0],[35.11274,10.64302,0.0],[35.11143,10.6428,0.0],[35.111,10.6417,0.0],[35.1104,10.64188,0.0],[35.1107,10.64428,0.0],[35.11013,10.64422,0.0],[35.10821,10.64295,0.0],[35.10672,10.64336,0.0],[35.10679,10.64394,0.0],[35.10899,10.64451,0.0],[35.11084,10.64569,0.0],[35.11169,10.64677,0.0],[35.1115,10.64807,0.0],[35.11085,10.64908,0.0],[35.10996,10.64815,0.0],[35.11017,10.64677,0.0],[35.10835,10.64707,0.0],[35.10668,10.64747,0.0],[35.10812,10.65036,0.0],[35.10835,10.65231,0.0],[35.10808,10.65361,0.0],[35.10984,10.6513,0.0],[35.11061,10.6513,0.0],[35.11103,10.65377,0.0],[35.11015,10.65577,0.0],[35.10904,10.65767,0.0],[35.11045,10.65665,0.0],[35.1121,10.65649,0.0],[35.11253,10.65586,0.0],[35.11337,10.65536,0.0],[35.11563,10.65569,0.0],[35.11529,10.65691,0.0],[35.1148,10.65796,0.0],[35.11323,10.66061,0.0],[35.11563,10.66432,0.0],[35.11701,10.66884,0.0],[35.1139,10.66656,0.0],[35.1128,10.66774,0.0],[35.1131,10.66982,0.0],[35.11147,10.66956,0.0],[35.11243,10.67098,0.0],[35.10996,10.67294,0.0],[35.10707,10.67362,0.0],[35.11003,10.67485,0.0],[35.1109,10.67652,0.0],[35.11353,10.67655,0.0],[35.11531,10.67649,0.0],[35.11546,10.67792,0.0],[35.11268,10.67904,0.0],[35.11268,10.6803,0.0],[35.11458,10.68194,0.0],[35.11251,10.68146,0.0],[35.10975,10.68353,0.0],[35.11264,10.68435,0.0],[35.11726,10.68493,0.0],[35.11921,10.68574,0.0],[35.11811,10.68698,0.0],[35.11578,10.68775,0.0],[35.11639,10.68961,0.0],[35.1153,10.69078,0.0],[35.11349,10.69032,0.0],[35.11598,10.69236,0.0],[35.11615,10.69507,0.0],[35.11681,10.69302,0.0],[35.1184,10.69189,0.0],[35.12096,10.69273,0.0],[35.11926,10.69499,0.0],[35.11986,10.69653,0.0],[35.12139,10.69694,0.0],[35.1228,10.69873,0.0],[35.12016,10.69837,0.0],[35.12024,10.69994,0.0],[35.11883,10.70037,0.0],[35.11938,10.70225,0.0],[35.12019,10.70243,0.0],[35.12072,10.7039,0.0],[35.12012,10.704,0.0],[35.11865,10.70677,0.0],[35.11609,10.70742,0.0],[35.11939,10.70921,0.0],[35.12131,10.71111,0.0],[35.12109,10.71313,0.0],[35.11821,10.71615,0.0],[35.11914,10.71841,0.0],[35.12,10.71842,0.0],[35.1196,10.71991,0.0],[35.1174,10.72106,0.0],[35.11589,10.72049,0.0],[35.11491,10.72186,0.0],[35.11657,10.72408,0.0],[35.114,10.72537,0.0],[35.11257,10.72481,0.0],[35.1137,10.72666,0.0],[35.11166,10.72727,0.0],[35.11373,10.72908,0.0],[35.11021,10.72936,0.0],[35.11229,10.73117,0.0],[35.11128,10.73367,0.0],[35.10993,10.7347,0.0],[35.10835,10.73538,0.0],[35.11084,10.73649,0.0],[35.11421,10.73525,0.0],[35.1174,10.73064,0.0],[35.11765,10.73343,0.0],[35.11862,10.73437,0.0],[35.12103,10.73657,0.0],[35.12248,10.73833,0.0],[35.12382,10.73333,0.0],[35.12557,10.73368,0.0],[35.12785,10.73075,0.0],[35.12794,10.73385,0.0],[35.1314,10.73229,0.0],[35.13302,10.72848,0.0],[35.13937,10.7285,0.0],[35.13464,10.73785,0.0],[35.13353,10.74104,0.0],[35.13888,10.73814,0.0],[35.14129,10.74077,0.0],[35.14246,10.73827,0.0],[35.14517,10.73636,0.0],[35.14772,10.73287,0.0],[35.15213,10.73434,0.0],[35.15393,10.73722,0.0],[35.15291,10.73794,0.0],[35.15331,10.73891,0.0],[35.15423,10.73986,0.0],[35.1554,10.73855,0.0],[35.15576,10.73994,0.0],[35.15521,10.74183,0.0],[35.15364,10.74208,0.0],[35.15375,10.74422,0.0],[35.15458,10.74449,0.0],[35.15514,10.74481,0.0],[35.15671,10.74463,0.0],[35.15814,10.74487,0.0],[35.1603,10.74552,0.0],[35.16201,10.74648,0.0],[35.16417,10.74723,0.0],[35.16289,10.74803,0.0],[35.16332,10.74886,0.0],[35.16438,10.74949,0.0],[35.16573,10.75066,0.0],[35.16631,10.75013,0.0],[35.1674,10.75042,0.0],[35.16859,10.75235,0.0],[35.16994,10.75086,0.0],[35.17266,10.7484,0.0],[35.17428,10.7496,0.0],[35.17431,10.75088,0.0],[35.17647,10.75019,0.0],[35.1783,10.75099,0.0],[35.17668,10.75337,0.0],[35.1765,10.7559,0.0],[35.17469,10.76109,0.0],[35.17305,10.76291,0.0],[35.17361,10.75945,0.0],[35.17248,10.75979,0.0],[35.17225,10.75905,0.0],[35.17074,10.76193,0.0],[35.16869,10.75834,0.0],[35.1686,10.75664,0.0],[35.16843,10.754,0.0],[35.16754,10.75321,0.0],[35.16648,10.75187,0.0],[35.16656,10.75284,0.0],[35.16367,10.75053,0.0],[35.16397,10.74987,0.0],[35.16288,10.7495,0.0],[35.16183,10.75086,0.0],[35.16003,10.75084,0.0],[35.15812,10.74873,0.0],[35.15609,10.74731,0.0],[35.15518,10.74524,0.0],[35.154,10.74503,0.0],[35.15296,10.74569,0.0],[35.15046,10.7467,0.0],[35.14758,10.74726,0.0],[35.14867,10.7486,0.0],[35.14805,10.74879,0.0],[35.14607,10.74875,0.0],[35.14598,10.74692,0.0],[35.14543,10.74625,0.0],[35.14409,10.74593,0.0],[35.14412,10.74741,0.0],[35.1429,10.74581,0.0],[35.14316,10.74756,0.0],[35.14319,10.75076,0.0],[35.1441,10.75305,0.0],[35.14244,10.75497,0.0],[35.14168,10.75649,0.0],[35.13983,10.75584,0.0],[35.13838,10.75561,0.0],[35.13763,10.75351,0.0],[35.13844,10.75245,0.0],[35.13958,10.74969,0.0],[35.13782,10.75003,0.0],[35.13688,10.75071,0.0],[35.13555,10.75022,0.0],[35.13554,10.74865,0.0],[35.1345,10.74785,0.0],[35.1329,10.74672,0.0],[35.13371,10.74881,0.0],[35.13362,10.74967,0.0],[35.13146,10.74725,0.0],[35.13051,10.74802,0.0],[35.13133,10.75073,0.0],[35.13104,10.75255,0.0],[35.13007,10.75191,0.0],[35.12649,10.74837,0.0],[35.12666,10.75066,0.0],[35.12727,10.75283,0.0],[35.1267,10.75551,0.0],[35.12603,10.75526,0.0],[35.12489,10.75531,0.0],[35.12445,10.75828,0.0],[35.1237,10.75874,0.0],[35.12282,10.7573,0.0],[35.12216,10.75617,0.0],[35.12097,10.75587,0.0],[35.11948,10.75589,0.0],[35.11957,10.75519,0.0],[35.11988,10.75345,0.0],[35.11991,10.75178,0.0],[35.11905,10.74758,0.0],[35.11824,10.74846,0.0],[35.11675,10.75274,0.0],[35.11501,10.75176,0.0],[35.11427,10.75367,0.0],[35.11295,10.75265,0.0],[35.11311,10.75554,0.0],[35.11186,10.75653,0.0],[35.1106,10.75488,0.0],[35.10974,10.75511,0.0],[35.10829,10.75471,0.0],[35.10847,10.75281,0.0],[35.10698,10.75201,0.0],[35.1061,10.75336,0.0],[35.10479,10.75402,0.0],[35.1025,10.75442,0.0],[35.10329,10.75482,0.0],[35.1057,10.75572,0.0],[35.10692,10.75681,0.0],[35.10675,10.75849,0.0],[35.10768,10.75843,0.0],[35.10915,10.75963,0.0],[35.10737,10.76074,0.0],[35.10644,10.76,0.0],[35.10603,10.76158,0.0],[35.10527,10.76077,0.0],[35.1045,10.76101,0.0],[35.10582,10.76286,0.0],[35.10778,10.7643,0.0],[35.10955,10.76334,0.0],[35.11121,10.7627,0.0],[35.1121,10.76304,0.0],[35.11223,10.76428,0.0],[35.1112,10.76458,0.0],[35.11011,10.76627,0.0],[35.11093,10.76743,0.0],[35.11235,10.76759,0.0],[35.11272,10.76903,0.0],[35.11293,10.77146,0.0],[35.11124,10.77053,0.0],[35.1094,10.77025,0.0],[35.1075,10.7703,0.0],[35.10692,10.77199,0.0],[35.10533,10.77148,0.0],[35.10538,10.77057,0.0],[35.10457,10.77132,0.0],[35.10313,10.77142,0.0],[35.10124,10.77197,0.0],[35.10115,10.7733,0.0],[35.10278,10.77297,0.0],[35.10293,10.77332,0.0],[35.10299,10.77509,0.0],[35.10162,10.77537,0.0],[35.10192,10.77608,0.0],[35.104,10.77681,0.0],[35.10436,10.77812,0.0],[35.1026,10.77742,0.0],[35.10215,10.77788,0.0],[35.10112,10.77794,0.0],[35.10156,10.77918,0.0],[35.09962,10.77871,0.0],[35.09888,10.77966,0.0],[35.09818,10.77848,0.0],[35.09873,10.77785,0.0],[35.09811,10.77702,0.0],[35.09669,10.77679,0.0],[35.09685,10.77553,0.0],[35.0975,10.77467,0.0],[35.09572,10.77347,0.0],[35.09404,10.77203,0.0],[35.09504,10.77097,0.0],[35.09421,10.7708,0.0],[35.09285,10.76865,0.0],[35.09177,10.77188,0.0],[35.09208,10.77351,0.0],[35.09126,10.77426,0.0],[35.09047,10.77224,0.0],[35.09091,10.76877,0.0],[35.08886,10.76814,0.0],[35.089,10.76625,0.0],[35.08769,10.76785,0.0],[35.08732,10.76723,0.0],[35.08659,10.76761,0.0],[35.08839,10.76978,0.0],[35.08824,10.77104,0.0],[35.08527,10.76962,0.0],[35.08653,10.77143,0.0],[35.08724,10.77511,0.0],[35.0857,10.77535,0.0],[35.08513,10.774,0.0],[35.0841,10.77349,0.0],[35.08334,10.77357,0.0],[35.08118,10.77414,0.0],[35.07897,10.77512,0.0],[35.07772,10.77265,0.0],[35.07698,10.77249,0.0],[35.07809,10.776,0.0],[35.07722,10.77688,0.0],[35.076,10.77659,0.0],[35.07519,10.77634,0.0],[35.07425,10.77535,0.0],[35.07361,10.77625,0.0],[35.07246,10.77726,0.0],[35.07228,10.77978,0.0],[35.07291,10.78314,0.0],[35.0758,10.78361,0.0],[35.07916,10.78183,0.0],[35.08086,10.78053,0.0],[35.07739,10.77934,0.0],[35.07364,10.77723,0.0],[35.07642,10.77777,0.0],[35.07707,10.77792,0.0],[35.07772,10.77881,0.0],[35.07871,10.77761,0.0],[35.07973,10.77625,0.0],[35.08263,10.77713,0.0],[35.08298,10.7797,0.0],[35.08413,10.77925,0.0],[35.08601,10.77896,0.0],[35.08615,10.77718,0.0],[35.08779,10.77744,0.0],[35.08854,10.77955,0.0],[35.08619,10.78094,0.0],[35.0863,10.7821,0.0],[35.08874,10.78211,0.0],[35.08935,10.78481,0.0],[35.09293,10.78669,0.0],[35.0913,10.78692,0.0],[35.08772,10.78712,0.0],[35.08583,10.78592,0.0],[35.08538,10.78754,0.0],[35.08371,10.78936,0.0],[35.08164,10.78956,0.0],[35.07964,10.79119,0.0],[35.07795,10.79101,0.0],[35.0771,10.7916,0.0],[35.07761,10.793,0.0],[35.07983,10.79366,0.0],[35.07982,10.79518,0.0],[35.08051,10.79373,0.0],[35.08227,10.794,0.0],[35.08423,10.79412,0.0],[35.08439,10.7932,0.0],[35.08565,10.79521,0.0],[35.08689,10.79534,0.0],[35.0887,10.79561,0.0],[35.08926,10.79429,0.0],[35.08981,10.79451,0.0],[35.0906,10.79378,0.0],[35.09172,10.79414,0.0],[35.09082,10.79502,0.0],[35.08992,10.79591,0.0],[35.09041,10.79702,0.0],[35.08997,10.79763,0.0],[35.08929,10.79666,0.0],[35.08876,10.79832,0.0],[35.08753,10.80025,0.0],[35.08678,10.79967,0.0],[35.08536,10.80002,0.0],[35.08673,10.80206,0.0],[35.08833,10.80207,0.0],[35.08766,10.80308,0.0],[35.0871,10.80343,0.0],[35.08706,10.80576,0.0],[35.08722,10.80897,0.0],[35.08851,10.81105,0.0],[35.08849,10.81283,0.0],[35.08999,10.81367,0.0],[35.09007,10.81207,0.0],[35.09132,10.81237,0.0],[35.09248,10.81444,0.0],[35.09193,10.81065,0.0],[35.09037,10.81066,0.0],[35.09207,10.80865,0.0],[35.0913,10.80747,0.0],[35.09266,10.80594,0.0],[35.09415,10.80685,0.0],[35.09423,10.80636,0.0],[35.09379,10.80531,0.0],[35.09354,10.80412,0.0],[35.09375,10.80331,0.0],[35.09468,10.80217,0.0],[35.0965,10.80253,0.0],[35.09664,10.80155,0.0],[35.09771,10.80068,0.0],[35.09844,10.80084,0.0],[35.09779,10.803,0.0],[35.09809,10.80444,0.0],[35.09863,10.80759,0.0],[35.09809,10.80845,0.0],[35.09862,10.81002,0.0],[35.10066,10.80839,0.0],[35.1007,10.8063,0.0],[35.10086,10.80457,0.0],[35.10261,10.80609,0.0],[35.10441,10.80362,0.0],[35.10475,10.80168,0.0],[35.10526,10.80363,0.0],[35.10983,10.80553,0.0],[35.11017,10.80366,0.0],[35.11006,10.80125,0.0],[35.11107,10.80384,0.0],[35.11172,10.80407,0.0],[35.11227,10.80372,0.0],[35.11308,10.80397,0.0],[35.11214,10.80794,0.0],[35.11256,10.80865,0.0],[35.11426,10.80733,0.0],[35.11544,10.80804,0.0],[35.1165,10.80841,0.0],[35.11705,10.8088,0.0],[35.11835,10.80785,0.0],[35.11914,10.80561,0.0],[35.11868,10.80457,0.0],[35.11922,10.80429,0.0],[35.1201,10.80472,0.0],[35.1207,10.80744,0.0],[35.12132,10.80792,0.0],[35.12203,10.80833,0.0],[35.12113,10.80874,0.0],[35.12246,10.81114,0.0],[35.11973,10.80976,0.0],[35.11872,10.80973,0.0],[35.11931,10.81392,0.0],[35.11881,10.81378,0.0],[35.11774,10.8135,0.0],[35.1159,10.81321,0.0],[35.11579,10.81405,0.0],[35.11374,10.81467,0.0],[35.11694,10.81647,0.0],[35.11581,10.81728,0.0],[35.11558,10.81632,0.0],[35.114,10.81598,0.0],[35.11231,10.8158,0.0],[35.11371,10.81825,0.0],[35.11471,10.82051,0.0],[35.11555,10.81931,0.0],[35.11623,10.81938,0.0],[35.11658,10.82002,0.0],[35.11794,10.82017,0.0],[35.11666,10.82072,0.0],[35.1166,10.82192,0.0],[35.11757,10.82246,0.0],[35.11706,10.82378,0.0],[35.11591,10.8247,0.0],[35.11604,10.82575,0.0],[35.11772,10.8269,0.0],[35.11604,10.82785,0.0],[35.11624,10.8289,0.0],[35.11732,10.8288,0.0],[35.11944,10.82882,0.0],[35.12084,10.82802,0.0],[35.12299,10.82666,0.0],[35.12264,10.82547,0.0],[35.12492,10.82434,0.0],[35.12463,10.82494,0.0],[35.12385,10.82665,0.0],[35.12252,10.8283,0.0],[35.12216,10.83155,0.0],[35.12325,10.83284,0.0],[35.12217,10.83293,0.0],[35.1213,10.83379,0.0],[35.12131,10.83647,0.0],[35.12226,10.83732,0.0],[35.12264,10.83929,0.0],[35.12402,10.83944,0.0],[35.12288,10.84125,0.0],[35.122,10.84277,0.0],[35.1207,10.845,0.0],[35.11869,10.84684,0.0],[35.11617,10.84983,0.0],[35.11927,10.848,0.0],[35.12143,10.84888,0.0],[35.12305,10.84829,0.0],[35.12508,10.84689,0.0],[35.12556,10.84976,0.0],[35.12767,10.85107,0.0],[35.1307,10.84986,0.0],[35.13212,10.84514,0.0],[35.13438,10.84225,0.0],[35.13551,10.83798,0.0],[35.13509,10.83474,0.0],[35.13759,10.83608,0.0],[35.13661,10.83863,0.0],[35.13762,10.83907,0.0],[35.13881,10.84145,0.0],[35.13788,10.84199,0.0],[35.13886,10.84349,0.0],[35.13879,10.84574,0.0],[35.13982,10.84284,0.0],[35.14169,10.8411,0.0],[35.14447,10.84215,0.0],[35.14441,10.84107,0.0],[35.14272,10.83982,0.0],[35.14238,10.83914,0.0],[35.14197,10.83814,0.0],[35.14343,10.83691,0.0],[35.14725,10.83923,0.0],[35.14793,10.83898,0.0],[35.14787,10.8378,0.0],[35.15143,10.83786,0.0],[35.14724,10.83593,0.0],[35.14757,10.83426,0.0],[35.14705,10.83251,0.0],[35.14553,10.83097,0.0],[35.14855,10.82854,0.0],[35.14909,10.82681,0.0],[35.14918,10.82535,0.0],[35.14744,10.82548,0.0],[35.14708,10.82492,0.0],[35.14686,10.82343,0.0],[35.14648,10.8214,0.0],[35.14833,10.82191,0.0],[35.1515,10.82476,0.0],[35.15307,10.82587,0.0],[35.15391,10.82691,0.0],[35.15522,10.82663,0.0],[35.15679,10.82616,0.0],[35.15552,10.82509,0.0],[35.15414,10.82327,0.0],[35.15444,10.82173,0.0],[35.1552,10.82254,0.0],[35.15701,10.82347,0.0],[35.1573,10.82287,0.0],[35.15837,10.82288,0.0],[35.16003,10.82327,0.0],[35.16086,10.82346,0.0],[35.16183,10.82335,0.0],[35.16239,10.82404,0.0],[35.16277,10.82534,0.0],[35.16411,10.82485,0.0],[35.16451,10.82604,0.0],[35.16509,10.82464,0.0],[35.166,10.82422,0.0],[35.16664,10.82418,0.0],[35.16781,10.8242,0.0],[35.16906,10.82444,0.0],[35.16899,10.82506,0.0],[35.16984,10.82525,0.0],[35.17067,10.82451,0.0],[35.17197,10.8234,0.0],[35.17276,10.82202,0.0],[35.17359,10.82127,0.0],[35.17433,10.82135,0.0],[35.17519,10.82124,0.0],[35.17589,10.82162,0.0],[35.1763,10.82271,0.0],[35.17598,10.82372,0.0],[35.17475,10.82515,0.0],[35.17419,10.82718,0.0],[35.17203,10.82747,0.0],[35.17008,10.82853,0.0],[35.1709,10.82883,0.0],[35.17382,10.82956,0.0],[35.17449,10.82931,0.0],[35.17777,10.82767,0.0],[35.17894,10.83063,0.0],[35.17784,10.83093,0.0],[35.17787,10.83357,0.0],[35.17705,10.83707,0.0],[35.17771,10.8379,0.0],[35.1766,10.84013,0.0],[35.17557,10.84065,0.0],[35.17669,10.84527,0.0],[35.17625,10.8482,0.0],[35.17567,10.84969,0.0],[35.17485,10.85032,0.0],[35.17269,10.85072,0.0],[35.17112,10.84869,0.0],[35.16918,10.849,0.0],[35.17055,10.84997,0.0],[35.17031,10.85201,0.0],[35.16867,10.85338,0.0],[35.16672,10.85276,0.0],[35.16636,10.85138,0.0],[35.16466,10.85048,0.0],[35.16253,10.85056,0.0],[35.16307,10.85217,0.0],[35.16266,10.85295,0.0],[35.16055,10.85107,0.0],[35.1591,10.85247,0.0],[35.15795,10.85235,0.0],[35.15757,10.85117,0.0],[35.15658,10.85313,0.0],[35.15572,10.85491,0.0],[35.15675,10.8569,0.0],[35.158,10.8562,0.0],[35.15867,10.85679,0.0],[35.15938,10.85801,0.0],[35.15973,10.85962,0.0],[35.16011,10.86081,0.0],[35.15877,10.8613,0.0],[35.15732,10.86177,0.0],[35.15665,10.86118,0.0],[35.1544,10.86125,0.0],[35.15521,10.86155,0.0],[35.15396,10.86393,0.0],[35.15325,10.86628,0.0],[35.1542,10.86818,0.0],[35.15763,10.86878,0.0],[35.15622,10.86989,0.0],[35.15465,10.87131,0.0],[35.15547,10.87312,0.0],[35.15532,10.87504,0.0],[35.15392,10.87612,0.0],[35.15306,10.8746,0.0],[35.14876,10.87027,0.0],[35.14874,10.87047,0.0],[35.14875,10.87118,0.0],[35.14899,10.87172,0.0],[35.14932,10.87236,0.0],[35.14958,10.87279,0.0],[35.14965,10.87311,0.0],[35.14915,10.87788,0.0],[35.14718,10.88418,0.0],[35.14201,10.88873,0.0],[35.14277,10.89511,0.0],[35.14512,10.89769,0.0],[35.1471,10.89305,0.0],[35.14733,10.89634,0.0],[35.14977,10.9053,0.0],[35.15296,10.90479,0.0],[35.15626,10.9061,0.0],[35.15607,10.90491,0.0],[35.15604,10.90427,0.0],[35.15607,10.90406,0.0],[35.15634,10.9027,0.0],[35.15644,10.90187,0.0],[35.15736,10.90038,0.0],[35.15936,10.90165,0.0],[35.15934,10.90186,0.0],[35.15948,10.90251,0.0],[35.1595,10.90326,0.0],[35.15944,10.90378,0.0],[35.15953,10.90486,0.0],[35.15962,10.90497,0.0],[35.16335,10.90729,0.0],[35.16334,10.9008,0.0],[35.16306,10.89486,0.0],[35.1652,10.89962,0.0],[35.16715,10.90046,0.0],[35.1675,10.90018,0.0],[35.1679,10.89948,0.0],[35.16828,10.89899,0.0],[35.16856,10.89839,0.0],[35.16889,10.89832,0.0],[35.16931,10.89836,0.0],[35.16948,10.8988,0.0],[35.1697,10.89967,0.0],[35.16986,10.90022,0.0],[35.17009,10.90098,0.0],[35.17012,10.90172,0.0],[35.17026,10.90237,0.0],[35.17041,10.90292,0.0],[35.17036,10.90345,0.0],[35.17041,10.90398,0.0],[35.17043,10.90377,0.0],[35.17053,10.90283,0.0],[35.1707,10.90232,0.0],[35.17112,10.90236,0.0],[35.17118,10.90279,0.0],[35.17157,10.90315,0.0],[35.17194,10.90373,0.0],[35.17243,10.9042,0.0],[35.1727,10.90466,0.0],[35.17264,10.90519,0.0],[35.1726,10.90561,0.0],[35.17221,10.90621,0.0],[35.17182,10.9068,0.0],[35.17135,10.90718,0.0],[35.17129,10.9077,0.0],[35.17124,10.90813,0.0],[35.17141,10.90857,0.0],[35.17166,10.90925,0.0],[35.17161,10.90967,0.0],[35.17157,10.91009,0.0],[35.1712,10.91048,0.0],[35.17073,10.91085,0.0],[35.17005,10.9111,0.0],[35.17016,10.91111,0.0]]],[[[35.1689,10.91076,0.0],[35.16889,10.91087,0.0],[35.16952,10.91104,0.0],[35.16962,10.91106,0.0],[35.1689,10.91076,0.0]]]]}},{"type":"Feature","properties":{"lake_id":"LAKE_KOKA_RESERVOIR","name":"Koka Reservoir","source_name":"Koka Reservoir","scale_rank":6,"min_zoom":5.5,"feature_class":"Lake or reservoir","geometry_role":"cartographic waterbody context; not an ED-FLOW node, route or evidence record","source":"ED-FLOW audited Ethiopia waterbody polygons","source_commit":"EDFLOW_Patterns_private_engine_v1_0_0_2026-08-29"},"geometry":{"type":"Polygon","coordinates":[[[39.12904,8.39,0.0],[39.13024,8.39039,0.0],[39.13092,8.391,0.0],[39.1319,8.39279,0.0],[39.13244,8.39324,0.0],[39.13297,8.39326,0.0],[39.13338,8.39371,0.0],[39.13352,8.39401,0.0],[39.13395,8.39489,0.0],[39.13423,8.39549,0.0],[39.13491,8.3961,0.0],[39.13545,8.39626,0.0],[39.13599,8.39657,0.0],[39.1364,8.39702,0.0],[39.13681,8.39733,0.0],[39.13736,8.39779,0.0],[39.13738,8.39823,0.0],[39.13754,8.39883,0.0],[39.13669,8.39874,0.0],[39.13695,8.4006,0.0],[39.1362,8.4019,0.0],[39.13595,8.40229,0.0],[39.13532,8.40281,0.0],[39.1348,8.40278,0.0],[39.13429,8.40276,0.0],[39.13378,8.40274,0.0],[39.13327,8.40245,0.0],[39.13276,8.40216,0.0],[39.13238,8.40162,0.0],[39.132,8.4012,0.0],[39.13175,8.40067,0.0],[39.13124,8.40025,0.0],[39.13074,8.39983,0.0],[39.1301,8.39967,0.0],[39.1296,8.39939,0.0],[39.12896,8.39936,0.0],[39.12857,8.39973,0.0],[39.12844,8.40025,0.0],[39.12818,8.40078,0.0],[39.12755,8.40076,0.0],[39.12704,8.40074,0.0],[39.1269,8.4014,0.0],[39.12702,8.40194,0.0],[39.12753,8.40236,0.0],[39.12803,8.4025,0.0],[39.12828,8.40291,0.0],[39.12827,8.40358,0.0],[39.12827,8.40413,0.0],[39.12865,8.40469,0.0],[39.1289,8.40523,0.0],[39.1289,8.40577,0.0],[39.12889,8.40632,0.0],[39.1285,8.40685,0.0],[39.12837,8.40739,0.0],[39.12798,8.40793,0.0],[39.12797,8.40848,0.0],[39.12784,8.40916,0.0],[39.12809,8.40958,0.0],[39.12847,8.41015,0.0],[39.12886,8.41003,0.0],[39.12951,8.40978,0.0],[39.12991,8.40952,0.0],[39.13042,8.40927,0.0],[39.13094,8.40929,0.0],[39.13146,8.40917,0.0],[39.13185,8.40905,0.0],[39.1325,8.40866,0.0],[39.13288,8.40813,0.0],[39.13327,8.40759,0.0],[39.1334,8.40705,0.0],[39.13365,8.40651,0.0],[39.13403,8.40597,0.0],[39.13455,8.40586,0.0],[39.13493,8.40641,0.0],[39.13493,8.40709,0.0],[39.13468,8.40749,0.0],[39.13429,8.40802,0.0],[39.13404,8.40843,0.0],[39.13391,8.40898,0.0],[39.13366,8.40994,0.0],[39.1334,8.41076,0.0],[39.1334,8.41145,0.0],[39.13288,8.41185,0.0],[39.13262,8.4124,0.0],[39.13275,8.41394,0.0],[39.13275,8.41479,0.0],[39.13275,8.41521,0.0],[39.13301,8.41594,0.0],[39.13301,8.41636,0.0],[39.13327,8.41707,0.0],[39.1334,8.41735,0.0],[39.13366,8.41793,0.0],[39.13419,8.41881,0.0],[39.13472,8.41924,0.0],[39.13498,8.41982,0.0],[39.13511,8.4204,0.0],[39.13512,8.42112,0.0],[39.13538,8.42171,0.0],[39.13591,8.42202,0.0],[39.13644,8.42217,0.0],[39.13697,8.42248,0.0],[39.13724,8.42263,0.0],[39.13778,8.42338,0.0],[39.13779,8.42398,0.0],[39.1378,8.42488,0.0],[39.13779,8.42557,0.0],[39.13778,8.42623,0.0],[39.13739,8.42668,0.0],[39.13687,8.42685,0.0],[39.13634,8.42699,0.0],[39.13594,8.42757,0.0],[39.13568,8.42774,0.0],[39.13569,8.42922,0.0],[39.13596,8.42967,0.0],[39.1365,8.43013,0.0],[39.13703,8.43029,0.0],[39.13757,8.43044,0.0],[39.13811,8.43092,0.0],[39.13851,8.43092,0.0],[39.13919,8.43139,0.0],[39.13961,8.43188,0.0],[39.14002,8.43219,0.0],[39.14084,8.43283,0.0],[39.14059,8.43347,0.0],[39.14033,8.43407,0.0],[39.14048,8.43484,0.0],[39.14116,8.43501,0.0],[39.14183,8.43474,0.0],[39.14251,8.43476,0.0],[39.1432,8.4354,0.0],[39.14347,8.43541,0.0],[39.14354,8.4372,0.0],[39.14355,8.43781,0.0],[39.14356,8.43829,0.0],[39.14381,8.43879,0.0],[39.14394,8.43952,0.0],[39.14408,8.44014,0.0],[39.14371,8.44025,0.0],[39.14322,8.43962,0.0],[39.14273,8.43972,0.0],[39.14237,8.43995,0.0],[39.14189,8.4403,0.0],[39.14153,8.44065,0.0],[39.14154,8.44126,0.0],[39.14154,8.44163,0.0],[39.14192,8.44226,0.0],[39.14205,8.44276,0.0],[39.14242,8.44315,0.0],[39.14278,8.44377,0.0],[39.14303,8.44427,0.0],[39.14304,8.44477,0.0],[39.14318,8.44528,0.0],[39.14356,8.4458,0.0],[39.14394,8.44606,0.0],[39.14444,8.44658,0.0],[39.14493,8.44685,0.0],[39.14543,8.44712,0.0],[39.14569,8.44751,0.0],[39.14619,8.44791,0.0],[39.14657,8.44842,0.0],[39.14658,8.44893,0.0],[39.14661,8.44957,0.0],[39.14663,8.45009,0.0],[39.14652,8.4506,0.0],[39.14653,8.45111,0.0],[39.14654,8.45162,0.0],[39.14656,8.45239,0.0],[39.14658,8.45304,0.0],[39.14671,8.45343,0.0],[39.14609,8.45354,0.0],[39.14573,8.45404,0.0],[39.14561,8.45455,0.0],[39.14549,8.45519,0.0],[39.14575,8.45571,0.0],[39.14626,8.45624,0.0],[39.14641,8.45768,0.0],[39.14679,8.45821,0.0],[39.14706,8.45874,0.0],[39.14721,8.45942,0.0],[39.14723,8.45996,0.0],[39.14737,8.46037,0.0],[39.14752,8.46105,0.0],[39.14791,8.46158,0.0],[39.14829,8.46198,0.0],[39.14869,8.46254,0.0],[39.14933,8.46295,0.0],[39.14985,8.46337,0.0],[39.15013,8.4638,0.0],[39.15054,8.46437,0.0],[39.15108,8.46481,0.0],[39.15162,8.46526,0.0],[39.15228,8.46556,0.0],[39.15294,8.466,0.0],[39.15359,8.4663,0.0],[39.15412,8.46647,0.0],[39.15463,8.46648,0.0],[39.15541,8.46652,0.0],[39.15596,8.46684,0.0],[39.15624,8.46727,0.0],[39.15653,8.46797,0.0],[39.15654,8.46864,0.0],[39.15654,8.46928,0.0],[39.15641,8.46967,0.0],[39.15672,8.47105,0.0],[39.15687,8.4716,0.0],[39.15689,8.47215,0.0],[39.15678,8.4727,0.0],[39.15643,8.47326,0.0],[39.15632,8.47382,0.0],[39.15634,8.47437,0.0],[39.1566,8.4749,0.0],[39.15686,8.47544,0.0],[39.15716,8.47604,0.0],[39.15683,8.47651,0.0],[39.15648,8.47709,0.0],[39.15637,8.47751,0.0],[39.15665,8.47808,0.0],[39.15654,8.47864,0.0],[39.15617,8.4792,0.0],[39.15579,8.47947,0.0],[39.15528,8.47975,0.0],[39.15487,8.4793,0.0],[39.15433,8.47913,0.0],[39.15396,8.47982,0.0],[39.15371,8.48052,0.0],[39.153,8.47907,0.0],[39.15325,8.47851,0.0],[39.15285,8.47849,0.0],[39.15233,8.47861,0.0],[39.15181,8.47901,0.0],[39.15103,8.47939,0.0],[39.15037,8.4795,0.0],[39.15039,8.48021,0.0],[39.15054,8.48093,0.0],[39.15015,8.48134,0.0],[39.14949,8.48174,0.0],[39.14895,8.48156,0.0],[39.14908,8.48114,0.0],[39.14933,8.48073,0.0],[39.14972,8.4799,0.0],[39.15011,8.47963,0.0],[39.15036,8.47908,0.0],[39.15061,8.47852,0.0],[39.151,8.47841,0.0],[39.15152,8.47828,0.0],[39.15205,8.47831,0.0],[39.15258,8.47806,0.0],[39.1531,8.4778,0.0],[39.15321,8.47724,0.0],[39.1532,8.47668,0.0],[39.15305,8.47611,0.0],[39.1525,8.47552,0.0],[39.15209,8.47508,0.0],[39.15155,8.47463,0.0],[39.15101,8.47432,0.0],[39.15049,8.4743,0.0],[39.14997,8.47414,0.0],[39.14957,8.47385,0.0],[39.14903,8.47341,0.0],[39.14863,8.47284,0.0],[39.1481,8.47254,0.0],[39.14757,8.47196,0.0],[39.14717,8.47153,0.0],[39.14663,8.47095,0.0],[39.14623,8.47052,0.0],[39.1457,8.47021,0.0],[39.1453,8.46978,0.0],[39.14491,8.46922,0.0],[39.14451,8.46879,0.0],[39.14412,8.46837,0.0],[39.14386,8.46808,0.0],[39.14333,8.46751,0.0],[39.14281,8.46708,0.0],[39.14228,8.46678,0.0],[39.14189,8.46663,0.0],[39.14124,8.46632,0.0],[39.14072,8.46603,0.0],[39.1402,8.46573,0.0],[39.13981,8.46531,0.0],[39.13877,8.46418,0.0],[39.138,8.46361,0.0],[39.13762,8.46346,0.0],[39.13711,8.46291,0.0],[39.13672,8.46249,0.0],[39.13608,8.46233,0.0],[39.13544,8.46217,0.0],[39.1348,8.46214,0.0],[39.13403,8.46223,0.0],[39.13352,8.46221,0.0],[39.13288,8.46232,0.0],[39.1325,8.46257,0.0],[39.13223,8.46322,0.0],[39.13172,8.46334,0.0],[39.13134,8.46332,0.0],[39.13083,8.4633,0.0],[39.13019,8.46315,0.0],[39.12955,8.46312,0.0],[39.12929,8.46351,0.0],[39.1289,8.46403,0.0],[39.1285,8.46455,0.0],[39.12811,8.46494,0.0],[39.12746,8.46533,0.0],[39.12695,8.46544,0.0],[39.1263,8.46569,0.0],[39.12591,8.46609,0.0],[39.1259,8.46664,0.0],[39.12588,8.4676,0.0],[39.126,8.46814,0.0],[39.12599,8.46882,0.0],[39.12598,8.46936,0.0],[39.12597,8.46993,0.0],[39.12635,8.47049,0.0],[39.12673,8.47105,0.0],[39.12723,8.47145,0.0],[39.12761,8.47186,0.0],[39.12761,8.47243,0.0],[39.12722,8.47287,0.0],[39.1267,8.47316,0.0],[39.12669,8.47372,0.0],[39.12668,8.47442,0.0],[39.12654,8.47498,0.0],[39.12614,8.47539,0.0],[39.12548,8.47551,0.0],[39.12495,8.47578,0.0],[39.12455,8.47619,0.0],[39.12372,8.47787,0.0],[39.12319,8.47813,0.0],[39.12278,8.47869,0.0],[39.12238,8.47881,0.0],[39.1217,8.4795,0.0],[39.12116,8.47977,0.0],[39.12063,8.47988,0.0],[39.11996,8.48,0.0],[39.11943,8.48012,0.0],[39.11877,8.48009,0.0],[39.11824,8.48007,0.0],[39.11798,8.47963,0.0],[39.11787,8.47905,0.0],[39.11749,8.4786,0.0],[39.11669,8.47856,0.0],[39.11603,8.47853,0.0],[39.11631,8.47812,0.0],[39.11674,8.47742,0.0],[39.11689,8.47672,0.0],[39.11692,8.47587,0.0],[39.11695,8.47516,0.0],[39.1167,8.47459,0.0],[39.11659,8.47402,0.0],[39.11662,8.47332,0.0],[39.1169,8.47277,0.0],[39.11692,8.47221,0.0],[39.1172,8.47166,0.0],[39.11748,8.47112,0.0],[39.1175,8.47056,0.0],[39.11712,8.47013,0.0],[39.1166,8.47025,0.0],[39.11619,8.47065,0.0],[39.11591,8.4712,0.0],[39.11563,8.47174,0.0],[39.11523,8.472,0.0],[39.11469,8.47226,0.0],[39.11403,8.47252,0.0],[39.11361,8.4732,0.0],[39.11323,8.47276,0.0],[39.11326,8.4722,0.0],[39.11302,8.47164,0.0],[39.11263,8.47162,0.0],[39.11134,8.47129,0.0],[39.11055,8.47126,0.0],[39.11015,8.47152,0.0],[39.10998,8.47221,0.0],[39.10995,8.47291,0.0],[39.11032,8.47348,0.0],[39.1107,8.47378,0.0],[39.11106,8.47436,0.0],[39.1113,8.47493,0.0],[39.11128,8.47535,0.0],[39.11098,8.47605,0.0],[39.11069,8.47675,0.0],[39.11015,8.47687,0.0],[39.10961,8.47713,0.0],[39.10958,8.47771,0.0],[39.10956,8.47828,0.0],[39.10953,8.47885,0.0],[39.10885,8.47911,0.0],[39.10818,8.47922,0.0],[39.10765,8.4792,0.0],[39.10714,8.47889,0.0],[39.1069,8.47831,0.0],[39.1064,8.47786,0.0],[39.10602,8.47756,0.0],[39.10551,8.47725,0.0],[39.10499,8.47709,0.0],[39.10447,8.47693,0.0],[39.10395,8.47676,0.0],[39.10353,8.47717,0.0],[39.10376,8.47761,0.0],[39.10413,8.4782,0.0],[39.10464,8.4785,0.0],[39.10517,8.47853,0.0],[39.10554,8.47897,0.0],[39.10512,8.47938,0.0],[39.10458,8.47951,0.0],[39.10404,8.47963,0.0],[39.10361,8.48019,0.0],[39.10344,8.48076,0.0],[39.10304,8.48088,0.0],[39.10237,8.48084,0.0],[39.10186,8.48053,0.0],[39.10148,8.48022,0.0],[39.10098,8.47977,0.0],[39.10075,8.47919,0.0],[39.10065,8.47861,0.0],[39.1007,8.4779,0.0],[39.10074,8.47733,0.0],[39.10065,8.47662,0.0],[39.10042,8.47618,0.0],[39.10007,8.47546,0.0],[39.09985,8.47475,0.0],[39.09948,8.47445,0.0],[39.09911,8.47401,0.0],[39.09862,8.47356,0.0],[39.09812,8.47312,0.0],[39.09775,8.47282,0.0],[39.09704,8.47182,0.0],[39.09637,8.47206,0.0],[39.09587,8.47175,0.0],[39.0955,8.47132,0.0],[39.09499,8.47116,0.0],[39.09422,8.4711,0.0],[39.09368,8.47135,0.0],[39.09316,8.47133,0.0],[39.09294,8.47077,0.0],[39.09259,8.4702,0.0],[39.0921,8.4699,0.0],[39.09159,8.46973,0.0],[39.09124,8.4693,0.0],[39.09129,8.46862,0.0],[39.09106,8.4682,0.0],[39.09071,8.46777,0.0],[39.09009,8.46747,0.0],[39.08988,8.46691,0.0],[39.08953,8.46635,0.0],[39.08931,8.46593,0.0],[39.08882,8.46564,0.0],[39.08832,8.46548,0.0],[39.08782,8.46519,0.0],[39.08721,8.46489,0.0],[39.08673,8.46446,0.0],[39.08636,8.4643,0.0],[39.08585,8.46428,0.0],[39.08523,8.46397,0.0],[39.08474,8.46368,0.0],[39.08427,8.46326,0.0],[39.08377,8.4631,0.0],[39.08343,8.46255,0.0],[39.08236,8.4617,0.0],[39.08174,8.46153,0.0],[39.08099,8.46136,0.0],[39.08039,8.46093,0.0],[39.08019,8.46039,0.0],[39.07998,8.45998,0.0],[39.08003,8.45945,0.0],[39.07984,8.45891,0.0],[39.0795,8.45849,0.0],[39.07918,8.45795,0.0],[39.07872,8.45753,0.0],[39.07852,8.457,0.0],[39.07819,8.45646,0.0],[39.07787,8.45592,0.0],[39.07768,8.45538,0.0],[39.07736,8.45484,0.0],[39.07716,8.45444,0.0],[39.07684,8.4539,0.0],[39.07665,8.45336,0.0],[39.07645,8.45296,0.0],[39.07616,8.45229,0.0],[39.07547,8.45174,0.0],[39.075,8.45146,0.0],[39.07454,8.45118,0.0],[39.07407,8.45078,0.0],[39.07395,8.45077,0.0],[39.07367,8.44987,0.0],[39.07319,8.44972,0.0],[39.07299,8.44932,0.0],[39.07305,8.44881,0.0],[39.07274,8.44829,0.0],[39.07216,8.44788,0.0],[39.07182,8.44761,0.0],[39.0711,8.44745,0.0],[39.07063,8.44717,0.0],[39.0707,8.44667,0.0],[39.0706,8.44642,0.0],[39.07011,8.44538,0.0],[39.06963,8.44524,0.0],[39.06902,8.44521,0.0],[39.06884,8.4447,0.0],[39.06851,8.44431,0.0],[39.0679,8.44428,0.0],[39.06756,8.44401,0.0],[39.0675,8.44351,0.0],[39.06757,8.44301,0.0],[39.06808,8.44291,0.0],[39.06851,8.44255,0.0],[39.06893,8.44219,0.0],[39.0691,8.44183,0.0],[39.0692,8.44108,0.0],[39.06925,8.44071,0.0],[39.06934,8.4401,0.0],[39.06941,8.43961,0.0],[39.06949,8.43899,0.0],[39.06956,8.4385,0.0],[39.06963,8.43801,0.0],[39.0697,8.43752,0.0],[39.06978,8.43692,0.0],[39.06986,8.43631,0.0],[39.06951,8.43618,0.0],[39.06866,8.43614,0.0],[39.06793,8.43611,0.0],[39.06744,8.43609,0.0],[39.06753,8.43464,0.0],[39.06746,8.43427,0.0],[39.06777,8.4338,0.0],[39.0682,8.43334,0.0],[39.06829,8.43274,0.0],[39.06833,8.43238,0.0],[39.06843,8.43167,0.0],[39.06852,8.43108,0.0],[39.06881,8.43073,0.0],[39.06891,8.43002,0.0],[39.06896,8.42967,0.0],[39.06893,8.42908,0.0],[39.06863,8.42859,0.0],[39.06834,8.42811,0.0],[39.06801,8.42786,0.0],[39.06784,8.42738,0.0],[39.06803,8.42692,0.0],[39.06811,8.42634,0.0],[39.06806,8.42587,0.0],[39.06763,8.4255,0.0],[39.06733,8.42514,0.0],[39.06687,8.42501,0.0],[39.06643,8.42476,0.0],[39.0657,8.42403,0.0],[39.06524,8.4239,0.0],[39.0648,8.42365,0.0],[39.06434,8.42351,0.0],[39.06406,8.42304,0.0],[39.06398,8.4228,0.0],[39.06384,8.42211,0.0],[39.06356,8.42164,0.0],[39.06353,8.42107,0.0],[39.06348,8.42061,0.0],[39.06356,8.42004,0.0],[39.0634,8.41958,0.0],[39.06306,8.41945,0.0],[39.06253,8.41909,0.0],[39.06246,8.41875,0.0],[39.0624,8.41841,0.0],[39.06249,8.41785,0.0],[39.06256,8.4174,0.0],[39.06266,8.41673,0.0],[39.06285,8.41629,0.0],[39.06292,8.41584,0.0],[39.06309,8.41552,0.0],[39.06329,8.41497,0.0],[39.06334,8.41464,0.0],[39.06345,8.41398,0.0],[39.06357,8.41321,0.0],[39.06364,8.41277,0.0],[39.06334,8.41242,0.0],[39.06303,8.41219,0.0],[39.06282,8.41207,0.0],[39.06173,8.41159,0.0],[39.06127,8.41157,0.0],[39.06081,8.41155,0.0],[39.06052,8.41187,0.0],[39.06032,8.41241,0.0],[39.06023,8.41296,0.0],[39.06014,8.4135,0.0],[39.06006,8.41394,0.0],[39.05989,8.41427,0.0],[39.05945,8.41481,0.0],[39.05904,8.41524,0.0],[39.05845,8.41521,0.0],[39.05787,8.41519,0.0],[39.0574,8.41517,0.0],[39.05696,8.41504,0.0],[39.05649,8.41502,0.0],[39.05609,8.41467,0.0],[39.05566,8.41443,0.0],[39.05468,8.41444,0.0],[39.0546,8.41527,0.0],[39.0541,8.41537,0.0],[39.05361,8.41547,0.0],[39.05287,8.41556,0.0],[39.05235,8.41589,0.0],[39.05172,8.4161,0.0],[39.05112,8.41608,0.0],[39.05064,8.41606,0.0],[39.05017,8.41592,0.0],[39.04986,8.41543,0.0],[39.04993,8.41484,0.0],[39.04943,8.41494,0.0],[39.04894,8.41503,0.0],[39.04886,8.41467,0.0],[39.04732,8.41437,0.0],[39.04661,8.41422,0.0],[39.04615,8.41409,0.0],[39.04571,8.41371,0.0],[39.04553,8.41323,0.0],[39.04523,8.41274,0.0],[39.04493,8.41226,0.0],[39.04451,8.41177,0.0],[39.04393,8.41163,0.0],[39.04335,8.41149,0.0],[39.04277,8.41135,0.0],[39.04244,8.4111,0.0],[39.04213,8.41073,0.0],[39.0417,8.41036,0.0],[39.04115,8.40999,0.0],[39.04062,8.4095,0.0],[39.04019,8.40913,0.0],[39.0394,8.40794,0.0],[39.03909,8.40758,0.0],[39.03871,8.40768,0.0],[39.03828,8.40824,0.0],[39.03777,8.40845,0.0],[39.03728,8.40855,0.0],[39.03683,8.4083,0.0],[39.03647,8.40828,0.0],[39.03583,8.4086,0.0],[39.03544,8.40882,0.0],[39.03491,8.40915,0.0],[39.03452,8.40936,0.0],[39.03401,8.40957,0.0],[39.03352,8.40967,0.0],[39.03304,8.40965,0.0],[39.03253,8.40986,0.0],[39.0321,8.41031,0.0],[39.03175,8.411,0.0],[39.03141,8.41087,0.0],[39.03085,8.41061,0.0],[39.0304,8.41036,0.0],[39.0295,8.40997,0.0],[39.0289,8.40995,0.0],[39.02839,8.41016,0.0],[39.02801,8.41026,0.0],[39.02755,8.41012,0.0],[39.02725,8.40976,0.0],[39.02719,8.40941,0.0],[39.02691,8.40893,0.0],[39.0265,8.40856,0.0],[39.02619,8.4082,0.0],[39.02591,8.40773,0.0],[39.02601,8.40715,0.0],[39.02597,8.40669,0.0],[39.02604,8.40623,0.0],[39.02589,8.40576,0.0],[39.02555,8.40563,0.0],[39.02506,8.40573,0.0],[39.02456,8.40582,0.0],[39.02355,8.40676,0.0],[39.02314,8.40713,0.0],[39.0226,8.4075,0.0],[39.02221,8.40774,0.0],[39.02245,8.40788,0.0],[39.02273,8.40751,0.0],[39.0221,8.40748,0.0],[39.02172,8.40759,0.0],[39.02119,8.40642,0.0],[39.02099,8.4059,0.0],[39.02078,8.40539,0.0],[39.02056,8.40512,0.0],[39.0205,8.40436,0.0],[39.02031,8.40372,0.0],[39.01999,8.4032,0.0],[39.0199,8.40281,0.0],[39.01983,8.40218,0.0],[39.02011,8.40182,0.0],[39.02053,8.40133,0.0],[39.02082,8.40085,0.0],[39.02111,8.40036,0.0],[39.02176,8.40002,0.0],[39.02226,8.39992,0.0],[39.02288,8.39982,0.0],[39.02328,8.39947,0.0],[39.02344,8.39898,0.0],[39.02349,8.39836,0.0],[39.02355,8.39775,0.0],[39.02359,8.39726,0.0],[39.02364,8.39665,0.0],[39.02345,8.39603,0.0],[39.02324,8.39553,0.0],[39.02303,8.39516,0.0],[39.0227,8.39478,0.0],[39.02238,8.39416,0.0],[39.02216,8.39391,0.0],[39.02194,8.39366,0.0],[39.02141,8.39279,0.0],[39.02108,8.39241,0.0],[39.021,8.39193,0.0],[39.02067,8.39156,0.0],[39.01998,8.39117,0.0],[39.01965,8.3908,0.0],[39.01932,8.39043,0.0],[39.019,8.38994,0.0],[39.01888,8.38993,0.0],[39.01801,8.38895,0.0],[39.0178,8.38858,0.0],[39.0175,8.38798,0.0],[39.01705,8.3876,0.0],[39.01673,8.38724,0.0],[39.0164,8.38687,0.0],[39.01619,8.38663,0.0],[39.0159,8.38591,0.0],[39.01558,8.38543,0.0],[39.01526,8.38507,0.0],[39.01495,8.38459,0.0],[39.01451,8.38422,0.0],[39.01405,8.38408,0.0],[39.01335,8.38405,0.0],[39.01289,8.38391,0.0],[39.01243,8.38378,0.0],[39.0121,8.38353,0.0],[39.01176,8.38329,0.0],[39.01122,8.3828,0.0],[39.01076,8.38267,0.0],[39.01028,8.38265,0.0],[39.00969,8.38262,0.0],[39.00898,8.38259,0.0],[39.00852,8.38246,0.0],[39.00804,8.38244,0.0],[39.0078,8.38243,0.0],[39.0071,8.38136,0.0],[39.00704,8.3809,0.0],[39.00672,8.38054,0.0],[39.00641,8.38018,0.0],[39.00611,8.37971,0.0],[39.00593,8.37925,0.0],[39.00562,8.3789,0.0],[39.0052,8.37854,0.0],[39.00489,8.37818,0.0],[39.0046,8.37772,0.0],[39.00454,8.37726,0.0],[39.00552,8.37606,0.0],[39.00581,8.37563,0.0],[39.00631,8.37542,0.0],[39.0068,8.37522,0.0],[39.00721,8.37479,0.0],[39.00771,8.37459,0.0],[39.00807,8.37449,0.0],[39.00866,8.3744,0.0],[39.00916,8.3742,0.0],[39.00965,8.374,0.0],[39.01012,8.37391,0.0],[39.0106,8.37382,0.0],[39.01096,8.37372,0.0],[39.01156,8.37363,0.0],[39.01214,8.37366,0.0],[39.01272,8.37368,0.0],[39.0132,8.37359,0.0],[39.01379,8.3735,0.0],[39.01437,8.37353,0.0],[39.01495,8.37355,0.0],[39.01541,8.37368,0.0],[39.016,8.3726,0.0],[39.01649,8.3724,0.0],[39.01696,8.37231,0.0],[39.01742,8.37233,0.0],[39.01777,8.37234,0.0],[39.01832,8.37259,0.0],[39.01876,8.37283,0.0],[39.0192,8.37307,0.0],[39.01952,8.37341,0.0],[39.01983,8.37376,0.0],[39.02028,8.374,0.0],[39.0206,8.37423,0.0],[39.02106,8.37436,0.0],[39.0214,8.37449,0.0],[39.02197,8.37462,0.0],[39.02255,8.37465,0.0],[39.02302,8.37467,0.0],[39.0235,8.37458,0.0],[39.02377,8.37426,0.0],[39.02392,8.37382,0.0],[39.02396,8.37338,0.0],[39.024,8.37294,0.0],[39.02381,8.37249,0.0],[39.0237,8.37237,0.0],[39.02343,8.37159,0.0],[39.02323,8.37125,0.0],[39.02281,8.37069,0.0],[39.02239,8.37023,0.0],[39.02208,8.36978,0.0],[39.02178,8.36923,0.0],[39.02168,8.36911,0.0],[39.02107,8.3678,0.0],[39.02098,8.36727,0.0],[39.02064,8.36674,0.0],[39.02028,8.36646,0.0],[39.01994,8.36606,0.0],[39.01959,8.36566,0.0],[39.01925,8.36512,0.0],[39.01902,8.36486,0.0],[39.01883,8.36408,0.0],[39.01887,8.36357,0.0],[39.01892,8.36294,0.0],[39.01897,8.3623,0.0],[39.01903,8.36142,0.0],[39.01907,8.36091,0.0],[39.01886,8.3604,0.0],[39.01836,8.36038,0.0],[39.01795,8.36087,0.0],[39.01779,8.36137,0.0],[39.01774,8.362,0.0],[39.01746,8.36237,0.0],[39.01681,8.36273,0.0],[39.01639,8.36322,0.0],[39.01611,8.36359,0.0],[39.0157,8.36408,0.0],[39.01529,8.36445,0.0],[39.01523,8.36509,0.0],[39.01471,8.36533,0.0],[39.01431,8.36557,0.0],[39.01342,8.36566,0.0],[39.01265,8.36576,0.0],[39.01215,8.36574,0.0],[39.01152,8.36572,0.0],[39.011,8.36595,0.0],[39.01049,8.36606,0.0],[39.00986,8.36603,0.0],[39.00937,8.36588,0.0],[39.00874,8.36586,0.0],[39.00825,8.36571,0.0],[39.00776,8.36556,0.0],[39.00714,8.36553,0.0],[39.00663,8.36551,0.0],[39.00613,8.36549,0.0],[39.00562,8.36559,0.0],[39.00499,8.36557,0.0],[39.00448,8.36567,0.0],[39.00372,8.36576,0.0],[39.00322,8.36574,0.0],[39.00262,8.36546,0.0],[39.00229,8.36493,0.0],[39.00183,8.36453,0.0],[39.00163,8.36401,0.0],[39.00141,8.36375,0.0],[39.001,8.36296,0.0],[39.00067,8.36256,0.0],[39.00049,8.36191,0.0],[39.00052,8.36166,0.0],[39.00038,8.36076,0.0],[39.00035,8.35988,0.0],[39.00029,8.35937,0.0],[39.0003,8.35924,0.0],[39.0002,8.35798,0.0],[39.00015,8.35735,0.0],[39.00045,8.35687,0.0],[39.00063,8.35638,0.0],[39.00081,8.35589,0.0],[39.00099,8.3554,0.0],[39.00129,8.35492,0.0],[39.00158,8.35456,0.0],[39.00212,8.35421,0.0],[39.00264,8.35398,0.0],[39.00316,8.35375,0.0],[39.00368,8.35353,0.0],[39.00406,8.35342,0.0],[39.00468,8.35332,0.0],[39.00519,8.35322,0.0],[39.00569,8.35312,0.0],[39.00619,8.35302,0.0],[39.00669,8.35292,0.0],[39.00709,8.35257,0.0],[39.00763,8.3521,0.0],[39.00793,8.35163,0.0],[39.0081,8.35114,0.0],[39.00826,8.35079,0.0],[39.00832,8.35018,0.0],[39.00837,8.3497,0.0],[39.00856,8.34898,0.0],[39.00862,8.34838,0.0],[39.00867,8.34791,0.0],[39.00834,8.34753,0.0],[39.00802,8.34716,0.0],[39.0077,8.34679,0.0],[39.00738,8.34629,0.0],[39.00719,8.34581,0.0],[39.007,8.34533,0.0],[39.00681,8.34484,0.0],[39.00669,8.34484,0.0],[39.00619,8.34387,0.0],[39.006,8.34339,0.0],[39.00541,8.34325,0.0],[39.00505,8.34324,0.0],[39.00447,8.34309,0.0],[39.00415,8.34273,0.0],[39.00382,8.34236,0.0],[39.00349,8.34211,0.0],[39.00291,8.34197,0.0],[39.00231,8.34195,0.0],[39.00172,8.34192,0.0],[39.00124,8.3419,0.0],[39.00076,8.34188,0.0],[39.00029,8.34186,0.0],[38.99984,8.34161,0.0],[38.99939,8.34135,0.0],[38.99896,8.34098,0.0],[38.99863,8.34074,0.0],[38.99833,8.34026,0.0],[38.99802,8.3399,0.0],[38.99769,8.33965,0.0],[38.99725,8.3394,0.0],[38.9968,8.33915,0.0],[38.99662,8.33868,0.0],[38.99668,8.33822,0.0],[38.99665,8.33753,0.0],[38.99659,8.33706,0.0],[38.99667,8.33649,0.0],[38.99636,8.33614,0.0],[38.99581,8.33577,0.0],[38.99564,8.33531,0.0],[38.99583,8.33475,0.0],[38.996,8.3343,0.0],[38.99631,8.33375,0.0],[38.99671,8.33342,0.0],[38.99798,8.33269,0.0],[38.99843,8.33282,0.0],[38.99924,8.33296,0.0],[38.9997,8.33298,0.0],[39.00029,8.33301,0.0],[39.00078,8.3328,0.0],[39.00119,8.33237,0.0],[39.00136,8.33193,0.0],[39.00165,8.33149,0.0],[39.00206,8.33106,0.0],[39.00234,8.33063,0.0],[39.00263,8.33019,0.0],[39.00278,8.32998,0.0],[39.00341,8.32956,0.0],[39.00379,8.32935,0.0],[39.00454,8.32894,0.0],[39.0049,8.32885,0.0],[39.00549,8.32876,0.0],[39.00597,8.32867,0.0],[39.00644,8.32858,0.0],[39.00692,8.32849,0.0],[39.00739,8.3284,0.0],[39.00799,8.32831,0.0],[39.00856,8.32834,0.0],[39.00925,8.32837,0.0],[39.00974,8.32817,0.0],[39.01011,8.32796,0.0],[39.0106,8.32776,0.0],[39.0112,8.32757,0.0],[39.01179,8.32737,0.0],[39.01232,8.32674,0.0],[39.01259,8.32642,0.0],[39.01309,8.326,0.0],[39.0137,8.3257,0.0],[39.01428,8.32562,0.0],[39.01485,8.3242,0.0],[39.01526,8.32374,0.0],[39.01554,8.32327,0.0],[39.01593,8.32305,0.0],[39.01632,8.32271,0.0],[39.0166,8.32236,0.0],[39.01702,8.32179,0.0],[39.0174,8.32157,0.0],[39.01802,8.32136,0.0],[39.01827,8.32125,0.0],[39.0189,8.32104,0.0],[39.01928,8.32082,0.0],[39.01976,8.32084,0.0],[39.02049,8.32075,0.0],[39.02097,8.32065,0.0],[39.02157,8.32068,0.0],[39.02229,8.32071,0.0],[39.02289,8.32074,0.0],[39.02348,8.32076,0.0],[39.02407,8.3209,0.0],[39.02466,8.32105,0.0],[39.02513,8.32118,0.0],[39.02584,8.32133,0.0],[39.02632,8.32135,0.0],[39.02692,8.32138,0.0],[39.02739,8.32151,0.0],[39.02798,8.32177,0.0],[39.02846,8.32179,0.0],[39.02892,8.32205,0.0],[39.02939,8.32219,0.0],[39.02985,8.32256,0.0],[39.03044,8.32271,0.0],[39.0308,8.32272,0.0],[39.0314,8.32275,0.0],[39.0319,8.32241,0.0],[39.03252,8.3222,0.0],[39.03278,8.32186,0.0],[39.03317,8.3214,0.0],[39.03355,8.32106,0.0],[39.03392,8.32096,0.0],[39.03414,8.32121,0.0],[39.03422,8.3218,0.0],[39.03432,8.32228,0.0],[39.03428,8.32287,0.0],[39.03426,8.32322,0.0],[39.03435,8.3237,0.0],[39.03482,8.32408,0.0],[39.03529,8.32422,0.0],[39.03551,8.32458,0.0],[39.03549,8.32494,0.0],[39.03534,8.32542,0.0],[39.0347,8.32599,0.0],[39.03433,8.32622,0.0],[39.03442,8.3267,0.0],[39.0349,8.32685,0.0],[39.03538,8.32687,0.0],[39.0355,8.32687,0.0],[39.03681,8.32741,0.0],[39.03731,8.32718,0.0],[39.0378,8.3272,0.0],[39.038,8.32793,0.0],[39.03835,8.32831,0.0],[39.03895,8.32857,0.0],[39.03917,8.32907,0.0],[39.03951,8.32945,0.0],[39.03986,8.32995,0.0],[39.04046,8.33009,0.0],[39.04107,8.33023,0.0],[39.04179,8.3305,0.0],[39.04203,8.33051,0.0],[39.04276,8.33055,0.0],[39.04348,8.33083,0.0],[39.0441,8.33086,0.0],[39.04447,8.33051,0.0],[39.04509,8.33042,0.0],[39.0457,8.33045,0.0],[39.04607,8.33047,0.0],[39.04668,8.33025,0.0],[39.04682,8.32977,0.0],[39.04671,8.32927,0.0],[39.04661,8.32878,0.0],[39.04638,8.32829,0.0],[39.0464,8.32781,0.0],[39.04641,8.3272,0.0],[39.04679,8.32685,0.0],[39.04728,8.32651,0.0],[39.04766,8.32616,0.0],[39.04803,8.3257,0.0],[39.0484,8.32535,0.0],[39.04877,8.32501,0.0],[39.04927,8.32455,0.0],[39.04975,8.32421,0.0],[39.05048,8.32425,0.0],[39.05096,8.32427,0.0],[39.05144,8.32465,0.0],[39.05192,8.32468,0.0],[39.05241,8.32446,0.0],[39.05266,8.32423,0.0],[39.05411,8.32358,0.0],[39.05448,8.32324,0.0],[39.05496,8.32291,0.0],[39.05533,8.32257,0.0],[39.05557,8.32211,0.0],[39.05605,8.32177,0.0],[39.05666,8.32145,0.0],[39.05702,8.32111,0.0],[39.05738,8.32066,0.0],[39.05786,8.32056,0.0],[39.05834,8.32035,0.0],[39.05882,8.32014,0.0],[39.05894,8.31967,0.0],[39.05918,8.31922,0.0],[39.05942,8.31876,0.0],[39.05978,8.3182,0.0],[39.06025,8.31776,0.0],[39.06072,8.31743,0.0],[39.06132,8.31711,0.0],[39.06191,8.3169,0.0],[39.06226,8.31669,0.0],[39.06286,8.31648,0.0],[39.06357,8.31651,0.0],[39.06404,8.31653,0.0],[39.06475,8.31645,0.0],[39.06533,8.31647,0.0],[39.06569,8.31672,0.0],[39.06593,8.31719,0.0],[39.06594,8.31788,0.0],[39.06595,8.31846,0.0],[39.06691,8.31931,0.0],[39.06692,8.31989,0.0],[39.0668,8.32012,0.0],[39.0667,8.32082,0.0],[39.06658,8.32116,0.0],[39.06647,8.32174,0.0],[39.06623,8.32232,0.0],[39.06624,8.32279,0.0],[39.06624,8.32326,0.0],[39.06625,8.32374,0.0],[39.06625,8.32409,0.0],[39.06638,8.32469,0.0],[39.06662,8.32518,0.0],[39.06687,8.32555,0.0],[39.06735,8.32592,0.0],[39.06783,8.32617,0.0],[39.06831,8.32631,0.0],[39.06879,8.32633,0.0],[39.06928,8.32647,0.0],[39.06977,8.32674,0.0],[39.07025,8.32688,0.0],[39.07074,8.32702,0.0],[39.07123,8.32728,0.0],[39.07148,8.32777,0.0],[39.07161,8.32826,0.0],[39.07185,8.32874,0.0],[39.07246,8.32877,0.0],[39.07294,8.32891,0.0],[39.07307,8.32939,0.0],[39.07307,8.32951,0.0],[39.07274,8.33059,0.0],[39.07251,8.33119,0.0],[39.07241,8.33168,0.0],[39.0723,8.33217,0.0],[39.0722,8.33278,0.0],[39.07196,8.33326,0.0],[39.07173,8.33375,0.0],[39.07162,8.33424,0.0],[39.072,8.33475,0.0],[39.0725,8.33514,0.0],[39.07287,8.3354,0.0],[39.07349,8.33556,0.0],[39.07398,8.33545,0.0],[39.07447,8.3351,0.0],[39.07483,8.33487,0.0],[39.07532,8.33477,0.0],[39.07593,8.33467,0.0],[39.07629,8.33431,0.0],[39.07677,8.33396,0.0],[39.07711,8.33336,0.0],[39.07709,8.33287,0.0],[39.07743,8.33226,0.0],[39.07765,8.33166,0.0],[39.07776,8.33118,0.0],[39.07776,8.33106,0.0],[39.07833,8.32987,0.0],[39.07832,8.32939,0.0],[39.07806,8.32913,0.0],[39.07721,8.32909,0.0],[39.07659,8.32906,0.0],[39.0761,8.3288,0.0],[39.07585,8.32831,0.0],[39.07536,8.32793,0.0],[39.07486,8.32755,0.0],[39.07472,8.32706,0.0],[39.07471,8.32658,0.0],[39.07468,8.32586,0.0],[39.07465,8.32526,0.0],[39.07476,8.32491,0.0],[39.07486,8.32432,0.0],[39.07484,8.32373,0.0],[39.07482,8.32325,0.0],[39.07481,8.32278,0.0],[39.07479,8.32219,0.0],[39.07477,8.32149,0.0],[39.07475,8.32079,0.0],[39.07474,8.32044,0.0],[39.07373,8.32024,0.0],[39.07359,8.31896,0.0],[39.07346,8.31857,0.0],[39.07307,8.31791,0.0],[39.07269,8.31738,0.0],[39.0723,8.31697,0.0],[39.07204,8.31658,0.0],[39.07178,8.31605,0.0],[39.07152,8.31553,0.0],[39.07139,8.31501,0.0],[39.07112,8.31448,0.0],[39.07098,8.31396,0.0],[39.07072,8.31357,0.0],[39.07046,8.31292,0.0],[39.07033,8.31254,0.0],[39.07008,8.31191,0.0],[39.06983,8.3114,0.0],[39.06982,8.3109,0.0],[39.06982,8.3104,0.0],[39.06981,8.3099,0.0],[39.0698,8.30928,0.0],[39.0698,8.30879,0.0],[39.06992,8.3083,0.0],[39.07004,8.30782,0.0],[39.07004,8.30732,0.0],[39.07003,8.30683,0.0],[39.07003,8.30634,0.0],[39.07002,8.30585,0.0],[39.06989,8.30535,0.0],[39.06987,8.30474,0.0],[39.06998,8.30426,0.0],[39.07022,8.3039,0.0],[39.07058,8.30331,0.0],[39.07081,8.30283,0.0],[39.07117,8.30237,0.0],[39.07153,8.3019,0.0],[39.07201,8.30168,0.0],[39.07273,8.30123,0.0],[39.07273,8.30111,0.0],[39.07354,8.29995,0.0],[39.0739,8.2996,0.0],[39.07425,8.29926,0.0],[39.07472,8.29904,0.0],[39.0752,8.29894,0.0],[39.0758,8.29897,0.0],[39.07652,8.299,0.0],[39.077,8.29902,0.0],[39.07773,8.29905,0.0],[39.07821,8.29919,0.0],[39.0787,8.29944,0.0],[39.07884,8.29993,0.0],[39.07898,8.30041,0.0],[39.07911,8.30078,0.0],[39.07925,8.30138,0.0],[39.07939,8.30187,0.0],[39.07952,8.30235,0.0],[39.07978,8.30284,0.0],[39.07991,8.30333,0.0],[39.08005,8.30382,0.0],[39.08007,8.30443,0.0],[39.08032,8.3048,0.0],[39.08069,8.30506,0.0],[39.0813,8.30544,0.0],[39.08193,8.30584,0.0],[39.08243,8.30599,0.0],[39.08293,8.30601,0.0],[39.08342,8.30591,0.0],[39.08389,8.30557,0.0],[39.08439,8.30559,0.0],[39.08488,8.30561,0.0],[39.0855,8.30564,0.0],[39.086,8.30579,0.0],[39.08649,8.30593,0.0],[39.08709,8.30595,0.0],[39.08758,8.30609,0.0],[39.08806,8.30611,0.0],[39.08868,8.30638,0.0],[39.08871,8.30687,0.0],[39.08874,8.30736,0.0],[39.08914,8.308,0.0],[39.08931,8.30875,0.0],[39.08935,8.30937,0.0],[39.08939,8.30987,0.0],[39.08968,8.31076,0.0],[39.09008,8.3114,0.0],[39.09048,8.31191,0.0],[39.09062,8.31229,0.0],[39.09092,8.31294,0.0],[39.09119,8.31321,0.0],[39.0916,8.31398,0.0],[39.09187,8.31437,0.0],[39.09226,8.31464,0.0],[39.09176,8.31462,0.0],[39.09126,8.3146,0.0],[39.09078,8.31483,0.0],[39.0903,8.31507,0.0],[39.09022,8.3157,0.0],[39.09024,8.31621,0.0],[39.09052,8.31673,0.0],[39.0908,8.31726,0.0],[39.09096,8.31778,0.0],[39.09098,8.31829,0.0],[39.0906,8.31814,0.0],[39.09045,8.31763,0.0],[39.09018,8.31723,0.0],[39.08978,8.3167,0.0],[39.08939,8.31631,0.0],[39.08888,8.31628,0.0],[39.08836,8.31613,0.0],[39.08798,8.31598,0.0],[39.08735,8.31583,0.0],[39.08674,8.31568,0.0],[39.08625,8.31592,0.0],[39.08589,8.31616,0.0],[39.08529,8.31665,0.0],[39.08494,8.31702,0.0],[39.08495,8.3174,0.0],[39.08498,8.31804,0.0],[39.08501,8.31856,0.0],[39.08527,8.31896,0.0],[39.0858,8.31962,0.0],[39.08607,8.32015,0.0],[39.08609,8.32054,0.0],[39.08626,8.32133,0.0],[39.08617,8.32211,0.0],[39.0862,8.32264,0.0],[39.08623,8.32317,0.0],[39.08664,8.32372,0.0],[39.08715,8.32387,0.0],[39.08778,8.3239,0.0],[39.08842,8.32392,0.0],[39.08904,8.32368,0.0],[39.08927,8.3233,0.0],[39.08974,8.32292,0.0],[39.09023,8.32267,0.0],[39.09074,8.3227,0.0],[39.09136,8.32259,0.0],[39.09187,8.32261,0.0],[39.09239,8.3229,0.0],[39.09267,8.3233,0.0],[39.09269,8.3237,0.0],[39.09248,8.32435,0.0],[39.09197,8.32433,0.0],[39.09135,8.32444,0.0],[39.09086,8.32468,0.0],[39.0905,8.32506,0.0],[39.09052,8.32533,0.0],[39.09075,8.3272,0.0],[39.09154,8.32763,0.0],[39.09217,8.32766,0.0],[39.0927,8.32795,0.0],[39.09307,8.32769,0.0],[39.09357,8.32758,0.0],[39.09399,8.32814,0.0],[39.09439,8.32855,0.0],[39.09493,8.32898,0.0],[39.09545,8.329,0.0],[39.09568,8.32861,0.0],[39.09613,8.32783,0.0],[39.09609,8.32716,0.0],[39.09604,8.32649,0.0],[39.09598,8.32569,0.0],[39.09608,8.32529,0.0],[39.0963,8.32477,0.0],[39.09652,8.32425,0.0],[39.09673,8.32374,0.0],[39.09669,8.32308,0.0],[39.0969,8.32256,0.0],[39.09685,8.3219,0.0],[39.09683,8.32151,0.0],[39.09677,8.32073,0.0],[39.09726,8.32062,0.0],[39.09731,8.32127,0.0],[39.09736,8.32193,0.0],[39.0974,8.32245,0.0],[39.09745,8.32311,0.0],[39.09761,8.32364,0.0],[39.09788,8.32404,0.0],[39.09807,8.32472,0.0],[39.09964,8.32473,0.0],[39.09987,8.32543,0.0],[39.09993,8.32598,0.0],[39.10028,8.32585,0.0],[39.10061,8.32558,0.0],[39.10127,8.326,0.0],[39.1019,8.32615,0.0],[39.10242,8.3263,0.0],[39.10254,8.32714,0.0],[39.10295,8.32743,0.0],[39.10347,8.32759,0.0],[39.104,8.32787,0.0],[39.10443,8.32843,0.0],[39.10474,8.32898,0.0],[39.10538,8.32913,0.0],[39.10579,8.32955,0.0],[39.10632,8.32984,0.0],[39.10672,8.32999,0.0],[39.10711,8.33001,0.0],[39.10776,8.33017,0.0],[39.10842,8.33034,0.0],[39.10907,8.33037,0.0],[39.10941,8.32998,0.0],[39.10959,8.32931,0.0],[39.11008,8.32906,0.0],[39.11035,8.32921,0.0],[39.11104,8.33118,0.0],[39.11156,8.33134,0.0],[39.11195,8.33079,0.0],[39.11233,8.33065,0.0],[39.11285,8.33109,0.0],[39.11324,8.3315,0.0],[39.11337,8.33207,0.0],[39.11324,8.33275,0.0],[39.11273,8.33317,0.0],[39.11235,8.33345,0.0],[39.1117,8.33372,0.0],[39.11118,8.33384,0.0],[39.11065,8.33437,0.0],[39.11065,8.33495,0.0],[39.11078,8.33552,0.0],[39.11092,8.3361,0.0],[39.11132,8.33684,0.0],[39.11157,8.33739,0.0],[39.11196,8.3378,0.0],[39.11209,8.33837,0.0],[39.11171,8.33899,0.0],[39.11146,8.33986,0.0],[39.11172,8.34029,0.0],[39.11263,8.34028,0.0],[39.11329,8.34072,0.0],[39.11291,8.34147,0.0],[39.11226,8.34177,0.0],[39.11267,8.34324,0.0],[39.11306,8.34383,0.0],[39.11347,8.34442,0.0],[39.11386,8.34486,0.0],[39.11387,8.34545,0.0],[39.11361,8.34605,0.0],[39.11309,8.34649,0.0],[39.11269,8.34679,0.0],[39.11189,8.34707,0.0],[39.11189,8.34781,0.0],[39.11162,8.34839,0.0],[39.11135,8.34911,0.0],[39.11121,8.34969,0.0],[39.11121,8.35012,0.0],[39.1112,8.35099,0.0],[39.11089,8.35261,0.0],[39.111,8.35323,0.0],[39.11123,8.35372,0.0],[39.11123,8.35422,0.0],[39.11122,8.35485,0.0],[39.11109,8.35534,0.0],[39.11096,8.35583,0.0],[39.11071,8.35632,0.0],[39.11033,8.35668,0.0],[39.10995,8.35704,0.0],[39.10946,8.35714,0.0],[39.10896,8.35737,0.0],[39.10834,8.35734,0.0],[39.10798,8.35696,0.0],[39.10749,8.35656,0.0],[39.10723,8.35691,0.0],[39.10673,8.35739,0.0],[39.10648,8.3575,0.0],[39.10573,8.35747,0.0],[39.10524,8.35745,0.0],[39.10547,8.3581,0.0],[39.10596,8.35836,0.0],[39.10645,8.35851,0.0],[39.10694,8.35878,0.0],[39.10718,8.35917,0.0],[39.10705,8.35955,0.0],[39.10642,8.35992,0.0],[39.10592,8.36029,0.0],[39.10653,8.36082,0.0],[39.10677,8.36121,0.0],[39.10689,8.36147,0.0],[39.10712,8.36251,0.0],[39.10759,8.36395,0.0],[39.10821,8.36397,0.0],[39.1087,8.36424,0.0],[39.10907,8.36477,0.0],[39.10944,8.3653,0.0],[39.10968,8.36583,0.0],[39.11018,8.36612,0.0],[39.1103,8.36665,0.0],[39.11056,8.36654,0.0],[39.11107,8.36577,0.0],[39.11158,8.36553,0.0],[39.1122,8.36581,0.0],[39.11245,8.36608,0.0],[39.11319,8.36662,0.0],[39.11319,8.36715,0.0],[39.11343,8.36794,0.0],[39.11368,8.36874,0.0],[39.1138,8.36901,0.0],[39.11367,8.3702,0.0],[39.11404,8.37074,0.0],[39.11429,8.37115,0.0],[39.11429,8.37141,0.0],[39.11428,8.37233,0.0],[39.11427,8.37272,0.0],[39.11427,8.37352,0.0],[39.11414,8.37392,0.0],[39.1135,8.37432,0.0],[39.11337,8.37498,0.0],[39.11323,8.37565,0.0],[39.11322,8.37646,0.0],[39.11322,8.377,0.0],[39.11322,8.37728,0.0],[39.11334,8.37811,0.0],[39.11359,8.3788,0.0],[39.11359,8.37935,0.0],[39.11397,8.37991,0.0],[39.11448,8.38034,0.0],[39.11461,8.3809,0.0],[39.11435,8.38131,0.0],[39.11396,8.38145,0.0],[39.11434,8.38285,0.0],[39.11473,8.38342,0.0],[39.11512,8.38372,0.0],[39.11577,8.38374,0.0],[39.11642,8.38377,0.0],[39.11668,8.3842,0.0],[39.11707,8.38449,0.0],[39.11746,8.38423,0.0],[39.11798,8.38382,0.0],[39.1185,8.38412,0.0],[39.11876,8.3847,0.0],[39.11916,8.38514,0.0],[39.11968,8.38488,0.0],[39.1202,8.38462,0.0],[39.12072,8.38408,0.0],[39.1211,8.38367,0.0],[39.12149,8.3834,0.0],[39.12228,8.38344,0.0],[39.12306,8.38376,0.0],[39.12358,8.38363,0.0],[39.1241,8.38378,0.0],[39.12462,8.38436,0.0],[39.1249,8.38522,0.0],[39.12503,8.38564,0.0],[39.12517,8.38621,0.0],[39.12518,8.38692,0.0],[39.12558,8.38736,0.0],[39.12571,8.38736,0.0],[39.12651,8.3881,0.0],[39.12717,8.38855,0.0],[39.12744,8.38884,0.0],[39.12798,8.38944,0.0],[39.12811,8.38959,0.0],[39.12904,8.39,0.0]]]}},{"type":"Feature","properties":{"lake_id":"LAKE_LAKE_ABIYATA","name":"Lake Abiyata","source_name":"Lake Abiyata","scale_rank":6,"min_zoom":5.5,"feature_class":"Lake or reservoir","geometry_role":"cartographic waterbody context; not an ED-FLOW node, route or evidence record","source":"ED-FLOW audited Ethiopia waterbody polygons","source_commit":"EDFLOW_Patterns_private_engine_v1_0_0_2026-08-29"},"geometry":{"type":"Polygon","coordinates":[[[38.549,7.64544,0.0],[38.54596,7.64343,0.0],[38.54378,7.64232,0.0],[38.54357,7.64188,0.0],[38.54316,7.64077,0.0],[38.54187,7.63922,0.0],[38.54082,7.63745,0.0],[38.54017,7.63678,0.0],[38.53909,7.63612,0.0],[38.53867,7.63545,0.0],[38.53847,7.63457,0.0],[38.53827,7.63369,0.0],[38.53808,7.63281,0.0],[38.53787,7.63215,0.0],[38.53724,7.63104,0.0],[38.53661,7.62994,0.0],[38.53575,7.62928,0.0],[38.53578,7.6284,0.0],[38.53602,7.62752,0.0],[38.53626,7.62665,0.0],[38.53629,7.62577,0.0],[38.53631,7.62489,0.0],[38.53634,7.6238,0.0],[38.53614,7.62292,0.0],[38.53617,7.62183,0.0],[38.53684,7.62139,0.0],[38.53796,7.62074,0.0],[38.53907,7.62009,0.0],[38.53996,7.61944,0.0],[38.54087,7.61835,0.0],[38.54176,7.6177,0.0],[38.54243,7.61726,0.0],[38.54332,7.61683,0.0],[38.54421,7.6164,0.0],[38.54554,7.61575,0.0],[38.5462,7.61532,0.0],[38.54709,7.61488,0.0],[38.54798,7.61423,0.0],[38.54866,7.61337,0.0],[38.5489,7.61271,0.0],[38.55026,7.61054,0.0],[38.55093,7.61011,0.0],[38.55159,7.60989,0.0],[38.55314,7.60903,0.0],[38.55425,7.60838,0.0],[38.55491,7.60817,0.0],[38.55579,7.60796,0.0],[38.55667,7.60753,0.0],[38.55734,7.60688,0.0],[38.55802,7.60601,0.0],[38.55825,7.60514,0.0],[38.55826,7.60493,0.0],[38.56222,7.60364,0.0],[38.5638,7.60191,0.0],[38.56517,7.60083,0.0],[38.56636,7.59888,0.0],[38.56769,7.59845,0.0],[38.5684,7.59716,0.0],[38.56866,7.5963,0.0],[38.56975,7.59523,0.0],[38.57309,7.58879,0.0],[38.57241,7.59072,0.0],[38.5742,7.58644,0.0],[38.57574,7.58366,0.0],[38.57618,7.58237,0.0],[38.57661,7.58108,0.0],[38.57726,7.58044,0.0],[38.57749,7.57958,0.0],[38.5775,7.57873,0.0],[38.57751,7.57787,0.0],[38.57753,7.5768,0.0],[38.57754,7.57594,0.0],[38.57755,7.57509,0.0],[38.57756,7.57423,0.0],[38.57801,7.57338,0.0],[38.57888,7.57296,0.0],[38.57954,7.57232,0.0],[38.57998,7.57147,0.0],[38.58021,7.57062,0.0],[38.58044,7.56998,0.0],[38.58045,7.56891,0.0],[38.58047,7.56806,0.0],[38.58049,7.56678,0.0],[38.5805,7.56615,0.0],[38.58073,7.56487,0.0],[38.58139,7.56423,0.0],[38.58205,7.5636,0.0],[38.58228,7.56275,0.0],[38.5825,7.56211,0.0],[38.58448,7.56,0.0],[38.58514,7.55916,0.0],[38.58579,7.55852,0.0],[38.58602,7.55768,0.0],[38.58625,7.55683,0.0],[38.58648,7.55598,0.0],[38.58692,7.55514,0.0],[38.58779,7.55493,0.0],[38.58865,7.55472,0.0],[38.58952,7.55409,0.0],[38.58996,7.55325,0.0],[38.59062,7.55262,0.0],[38.59127,7.55199,0.0],[38.59193,7.55136,0.0],[38.59237,7.55052,0.0],[38.59302,7.54988,0.0],[38.59347,7.54904,0.0],[38.59434,7.54799,0.0],[38.59478,7.54736,0.0],[38.59565,7.54652,0.0],[38.59651,7.54632,0.0],[38.59716,7.54611,0.0],[38.59803,7.54527,0.0],[38.59868,7.54464,0.0],[38.59955,7.54402,0.0],[38.60041,7.5436,0.0],[38.60107,7.54297,0.0],[38.60193,7.54234,0.0],[38.60258,7.54193,0.0],[38.60367,7.54088,0.0],[38.60388,7.54067,0.0],[38.6067,7.53816,0.0],[38.60777,7.53796,0.0],[38.60863,7.53775,0.0],[38.60928,7.53755,0.0],[38.61078,7.53755,0.0],[38.61164,7.53756,0.0],[38.61271,7.53756,0.0],[38.61357,7.53778,0.0],[38.61422,7.53778,0.0],[38.6155,7.53799,0.0],[38.61636,7.53821,0.0],[38.61722,7.53821,0.0],[38.61808,7.53801,0.0],[38.61894,7.53759,0.0],[38.6198,7.53738,0.0],[38.62066,7.53697,0.0],[38.62152,7.53655,0.0],[38.62238,7.53656,0.0],[38.62324,7.53635,0.0],[38.6241,7.53615,0.0],[38.62517,7.53615,0.0],[38.62624,7.53615,0.0],[38.6271,7.53658,0.0],[38.62796,7.53721,0.0],[38.62881,7.53764,0.0],[38.62902,7.53848,0.0],[38.62881,7.53931,0.0],[38.62837,7.54036,0.0],[38.62837,7.54141,0.0],[38.62858,7.54225,0.0],[38.62901,7.5431,0.0],[38.62901,7.54394,0.0],[38.629,7.54478,0.0],[38.62943,7.54562,0.0],[38.62986,7.54647,0.0],[38.62986,7.54731,0.0],[38.62985,7.54858,0.0],[38.62985,7.54984,0.0],[38.63028,7.55047,0.0],[38.6307,7.55153,0.0],[38.6307,7.55259,0.0],[38.6307,7.55343,0.0],[38.6307,7.55449,0.0],[38.63134,7.55492,0.0],[38.63198,7.55598,0.0],[38.63134,7.55682,0.0],[38.6324,7.56319,0.0],[38.63198,7.55894,0.0],[38.63197,7.56,0.0],[38.63197,7.56106,0.0],[38.63218,7.56191,0.0],[38.63261,7.56276,0.0],[38.63326,7.5634,0.0],[38.63348,7.56426,0.0],[38.63391,7.56532,0.0],[38.63434,7.56617,0.0],[38.63477,7.56703,0.0],[38.6352,7.5683,0.0],[38.63541,7.56894,0.0],[38.63584,7.57001,0.0],[38.63627,7.57065,0.0],[38.63692,7.57151,0.0],[38.63757,7.57237,0.0],[38.63822,7.57301,0.0],[38.63844,7.57386,0.0],[38.63887,7.57472,0.0],[38.6393,7.57557,0.0],[38.63995,7.57643,0.0],[38.64038,7.57729,0.0],[38.64082,7.57772,0.0],[38.64125,7.57879,0.0],[38.64147,7.57943,0.0],[38.6419,7.58051,0.0],[38.6419,7.58158,0.0],[38.6419,7.58244,0.0],[38.6419,7.58329,0.0],[38.6419,7.58415,0.0],[38.6419,7.58523,0.0],[38.6419,7.58651,0.0],[38.64212,7.58738,0.0],[38.64212,7.58824,0.0],[38.64234,7.5891,0.0],[38.64277,7.58996,0.0],[38.64299,7.59061,0.0],[38.64342,7.59276,0.0],[38.64364,7.59363,0.0],[38.64408,7.59449,0.0],[38.64386,7.59514,0.0],[38.64299,7.59578,0.0],[38.64212,7.59621,0.0],[38.64212,7.59707,0.0],[38.64168,7.59815,0.0],[38.64147,7.59902,0.0],[38.64103,7.59988,0.0],[38.64168,7.60031,0.0],[38.64277,7.59967,0.0],[38.64386,7.60011,0.0],[38.64452,7.60098,0.0],[38.64517,7.60163,0.0],[38.64539,7.60228,0.0],[38.64605,7.60423,0.0],[38.64649,7.60597,0.0],[38.64671,7.60684,0.0],[38.64693,7.60771,0.0],[38.64715,7.60879,0.0],[38.64715,7.60988,0.0],[38.64737,7.61032,0.0],[38.64802,7.61163,0.0],[38.64824,7.61228,0.0],[38.64912,7.61359,0.0],[38.64956,7.61425,0.0],[38.64978,7.61534,0.0],[38.65,7.61621,0.0],[38.65,7.61708,0.0],[38.65001,7.61774,0.0],[38.64979,7.61905,0.0],[38.64935,7.61992,0.0],[38.64935,7.62079,0.0],[38.6498,7.62276,0.0],[38.64849,7.62626,0.0],[38.64783,7.62911,0.0],[38.64608,7.63174,0.0],[38.64432,7.63327,0.0],[38.64168,7.63568,0.0],[38.6386,7.63787,0.0],[38.63573,7.6394,0.0],[38.63154,7.64159,0.0],[38.62867,7.64291,0.0],[38.62514,7.64444,0.0],[38.62227,7.64487,0.0],[38.61984,7.64619,0.0],[38.61762,7.64773,0.0],[38.61496,7.64905,0.0],[38.61186,7.64992,0.0],[38.60854,7.65146,0.0],[38.60345,7.65233,0.0],[38.60212,7.65277,0.0],[38.60145,7.65298,0.0],[38.60034,7.6532,0.0],[38.59946,7.6532,0.0],[38.59835,7.65319,0.0],[38.59725,7.65319,0.0],[38.59614,7.65318,0.0],[38.59504,7.6534,0.0],[38.59415,7.65384,0.0],[38.59326,7.65406,0.0],[38.59237,7.65406,0.0],[38.59149,7.65405,0.0],[38.59061,7.6536,0.0],[38.58973,7.6536,0.0],[38.58862,7.6536,0.0],[38.58773,7.65404,0.0],[38.58684,7.65426,0.0],[38.58596,7.65447,0.0],[38.58506,7.65492,0.0],[38.58418,7.65513,0.0],[38.58329,7.65513,0.0],[38.58084,7.65623,0.0],[38.57907,7.65645,0.0],[38.57575,7.65621,0.0],[38.57265,7.6562,0.0],[38.56956,7.65596,0.0],[38.56691,7.65573,0.0],[38.56383,7.65483,0.0],[38.56031,7.6537,0.0],[38.55249,7.64723,0.0],[38.549,7.64544,0.0]]]}},{"type":"Feature","properties":{"lake_id":"LAKE_LAKE_CHAMO","name":"Lake Chamo","source_name":"Lake Chamo","scale_rank":6,"min_zoom":5.5,"feature_class":"Lake or reservoir","geometry_role":"cartographic waterbody context; not an ED-FLOW node, route or evidence record","source":"ED-FLOW audited Ethiopia waterbody polygons","source_commit":"EDFLOW_Patterns_private_engine_v1_0_0_2026-08-29"},"geometry":{"type":"Polygon","coordinates":[[[37.4656,5.76572,0.0],[37.46934,5.76464,0.0],[37.46993,5.76398,0.0],[37.47079,5.76307,0.0],[37.4713,5.76207,0.0],[37.47155,5.76057,0.0],[37.4719,5.75978,0.0],[37.47181,5.75871,0.0],[37.47151,5.75751,0.0],[37.47163,5.75659,0.0],[37.47173,5.75532,0.0],[37.47165,5.75426,0.0],[37.47197,5.75314,0.0],[37.47167,5.75195,0.0],[37.47158,5.7509,0.0],[37.4719,5.74979,0.0],[37.47265,5.74896,0.0],[37.47359,5.74792,0.0],[37.47415,5.7473,0.0],[37.47486,5.74614,0.0],[37.47651,5.74396,0.0],[37.4774,5.7426,0.0],[37.4793,5.74126,0.0],[37.47981,5.74032,0.0],[37.47972,5.73932,0.0],[37.47977,5.73779,0.0],[37.47971,5.73713,0.0],[37.47978,5.73594,0.0],[37.47967,5.73495,0.0],[37.47978,5.73409,0.0],[37.47969,5.73311,0.0],[37.47938,5.73199,0.0],[37.47947,5.73082,0.0],[37.47937,5.72985,0.0],[37.47946,5.72868,0.0],[37.47933,5.72739,0.0],[37.47923,5.72642,0.0],[37.47913,5.72546,0.0],[37.47904,5.7245,0.0],[37.47856,5.7236,0.0],[37.47878,5.72195,0.0],[37.47924,5.72076,0.0],[37.47939,5.72025,0.0],[37.47932,5.71962,0.0],[37.47902,5.71855,0.0],[37.47944,5.71706,0.0],[37.47938,5.71643,0.0],[37.47966,5.71544,0.0],[37.47995,5.71446,0.0],[37.4804,5.7133,0.0],[37.48048,5.7122,0.0],[37.48117,5.71148,0.0],[37.48248,5.71115,0.0],[37.48361,5.71101,0.0],[37.48491,5.71068,0.0],[37.48576,5.7098,0.0],[37.48621,5.70866,0.0],[37.48689,5.70796,0.0],[37.48754,5.70696,0.0],[37.48842,5.7064,0.0],[37.4893,5.70583,0.0],[37.48997,5.70514,0.0],[37.49064,5.70446,0.0],[37.49134,5.70407,0.0],[37.49249,5.70423,0.0],[37.494,5.70435,0.0],[37.4946,5.70473,0.0],[37.49559,5.70536,0.0],[37.49828,5.70622,0.0],[37.49923,5.70655,0.0],[37.50007,5.70735,0.0],[37.50034,5.70807,0.0],[37.50135,5.7087,0.0],[37.50199,5.70937,0.0],[37.50246,5.71022,0.0],[37.50294,5.71107,0.0],[37.50321,5.7118,0.0],[37.50316,5.71287,0.0],[37.50417,5.71351,0.0],[37.50502,5.71431,0.0],[37.50604,5.71495,0.0],[37.50669,5.71563,0.0],[37.50717,5.71649,0.0],[37.50765,5.71735,0.0],[37.50794,5.71809,0.0],[37.50844,5.71895,0.0],[37.50985,5.71984,0.0],[37.51082,5.72017,0.0],[37.5121,5.72013,0.0],[37.51319,5.71998,0.0],[37.51443,5.71964,0.0],[37.51564,5.7204,0.0],[37.51645,5.7209,0.0],[37.51725,5.72141,0.0],[37.51758,5.72245,0.0],[37.51787,5.72319,0.0],[37.51889,5.72382,0.0],[37.51989,5.72446,0.0],[37.52095,5.7254,0.0],[37.5218,5.72621,0.0],[37.5221,5.72695,0.0],[37.52372,5.72797,0.0],[37.52392,5.72809,0.0],[37.52407,5.72902,0.0],[37.52402,5.72983,0.0],[37.52534,5.7301,0.0],[37.52634,5.72961,0.0],[37.52735,5.72913,0.0],[37.52816,5.72853,0.0],[37.52927,5.72867,0.0],[37.52977,5.72954,0.0],[37.53078,5.73017,0.0],[37.53179,5.7308,0.0],[37.53274,5.73112,0.0],[37.53355,5.73163,0.0],[37.53451,5.73195,0.0],[37.53546,5.73227,0.0],[37.53626,5.73277,0.0],[37.53692,5.73346,0.0],[37.53743,5.73433,0.0],[37.53781,5.73539,0.0],[37.53847,5.73608,0.0],[37.53928,5.73659,0.0],[37.54029,5.73722,0.0],[37.5413,5.73785,0.0],[37.54231,5.73848,0.0],[37.54327,5.7388,0.0],[37.54428,5.73943,0.0],[37.54549,5.74019,0.0],[37.54615,5.74088,0.0],[37.54695,5.74139,0.0],[37.54775,5.7419,0.0],[37.54848,5.74291,0.0],[37.54894,5.74348,0.0],[37.54975,5.74398,0.0],[37.55075,5.74462,0.0],[37.5517,5.74493,0.0],[37.55285,5.74537,0.0],[37.5536,5.74556,0.0],[37.55454,5.74588,0.0],[37.55521,5.74657,0.0],[37.55588,5.74727,0.0],[37.55641,5.74816,0.0],[37.55781,5.75071,0.0],[37.55767,5.7509,0.0],[37.55772,5.75206,0.0],[37.55791,5.75303,0.0],[37.55811,5.754,0.0],[37.5581,5.75484,0.0],[37.55912,5.75548,0.0],[37.56014,5.75527,0.0],[37.56123,5.75539,0.0],[37.56232,5.7555,0.0],[37.56327,5.75582,0.0],[37.56435,5.75593,0.0],[37.5653,5.75624,0.0],[37.56611,5.75675,0.0],[37.56693,5.75725,0.0],[37.56734,5.75835,0.0],[37.56775,5.75945,0.0],[37.56864,5.76029,0.0],[37.56952,5.76113,0.0],[37.5704,5.76196,0.0],[37.57108,5.76268,0.0],[37.57096,5.76373,0.0],[37.57084,5.76479,0.0],[37.5703,5.7656,0.0],[37.56991,5.76707,0.0],[37.56951,5.76768,0.0],[37.56952,5.76855,0.0],[37.57021,5.76927,0.0],[37.57145,5.77005,0.0],[37.57193,5.77064,0.0],[37.5729,5.77182,0.0],[37.57333,5.77296,0.0],[37.57334,5.77384,0.0],[37.5735,5.77541,0.0],[37.57338,5.7765,0.0],[37.57347,5.77774,0.0],[37.5737,5.77876,0.0],[37.57434,5.78005,0.0],[37.57496,5.78044,0.0],[37.57553,5.78139,0.0],[37.57644,5.78226,0.0],[37.57855,5.78447,0.0],[37.57939,5.78499,0.0],[37.58043,5.78565,0.0],[37.58148,5.7863,0.0],[37.58245,5.78661,0.0],[37.58375,5.78683,0.0],[37.58438,5.78722,0.0],[37.58542,5.78787,0.0],[37.58647,5.78853,0.0],[37.5873,5.78906,0.0],[37.5886,5.78928,0.0],[37.59002,5.78928,0.0],[37.5909,5.78924,0.0],[37.59253,5.78938,0.0],[37.59319,5.7892,0.0],[37.59415,5.78951,0.0],[37.59543,5.78973,0.0],[37.59638,5.79004,0.0],[37.59754,5.79047,0.0],[37.59829,5.79065,0.0],[37.59936,5.79073,0.0],[37.60055,5.79061,0.0],[37.60141,5.79057,0.0],[37.60251,5.7901,0.0],[37.60348,5.78984,0.0],[37.60478,5.7895,0.0],[37.60563,5.78946,0.0],[37.6068,5.78934,0.0],[37.60765,5.78929,0.0],[37.60882,5.78917,0.0],[37.60966,5.78913,0.0],[37.61083,5.789,0.0],[37.61198,5.78888,0.0],[37.61303,5.78897,0.0],[37.61355,5.78901,0.0],[37.61457,5.78965,0.0],[37.6157,5.79008,0.0],[37.61642,5.79025,0.0],[37.61744,5.79089,0.0],[37.61856,5.79132,0.0],[37.61938,5.79182,0.0],[37.62019,5.79233,0.0],[37.621,5.79283,0.0],[37.62202,5.79347,0.0],[37.62283,5.79397,0.0],[37.62364,5.79448,0.0],[37.62435,5.79521,0.0],[37.62495,5.79615,0.0],[37.62565,5.79688,0.0],[37.62636,5.79761,0.0],[37.62707,5.79834,0.0],[37.62777,5.79963,0.0],[37.62837,5.80058,0.0],[37.62887,5.80173,0.0],[37.62946,5.80323,0.0],[37.63016,5.80452,0.0],[37.63076,5.80604,0.0],[37.63106,5.80709,0.0],[37.63146,5.80849,0.0],[37.63175,5.80955,0.0],[37.63194,5.81141,0.0],[37.63203,5.81293,0.0],[37.63233,5.814,0.0],[37.63316,5.81511,0.0],[37.63397,5.81858,0.0],[37.63428,5.81967,0.0],[37.63427,5.82087,0.0],[37.63447,5.8222,0.0],[37.63467,5.82352,0.0],[37.63487,5.82483,0.0],[37.63507,5.82617,0.0],[37.63538,5.82728,0.0],[37.63612,5.82805,0.0],[37.63718,5.82871,0.0],[37.63792,5.82948,0.0],[37.63834,5.83035,0.0],[37.63813,5.83144,0.0],[37.63802,5.8323,0.0],[37.63813,5.83391,0.0],[37.63845,5.83504,0.0],[37.63866,5.83642,0.0],[37.63855,5.83791,0.0],[37.63834,5.83903,0.0],[37.63823,5.84053,0.0],[37.63823,5.84115,0.0],[37.63823,5.84243,0.0],[37.63812,5.84394,0.0],[37.63757,5.84457,0.0],[37.63702,5.84579,0.0],[37.63581,5.84792,0.0],[37.63548,5.84868,0.0],[37.63503,5.84969,0.0],[37.63458,5.8507,0.0],[37.63413,5.85171,0.0],[37.63345,5.85325,0.0],[37.63289,5.85389,0.0],[37.632,5.85468,0.0],[37.63177,5.85589,0.0],[37.63121,5.85723,0.0],[37.63152,5.85911,0.0],[37.63128,5.86027,0.0],[37.6308,5.86196,0.0],[37.63056,5.86316,0.0],[37.63065,5.86491,0.0],[37.6303,5.86576,0.0],[37.63018,5.86744,0.0],[37.63039,5.86897,0.0],[37.63106,5.87008,0.0],[37.63195,5.87131,0.0],[37.63216,5.87212,0.0],[37.6318,5.87363,0.0],[37.63133,5.87473,0.0],[37.63063,5.8757,0.0],[37.62937,5.87599,0.0],[37.62833,5.87642,0.0],[37.62751,5.87697,0.0],[37.62807,5.87839,0.0],[37.62895,5.88185,0.0],[37.62871,5.88243,0.0],[37.62939,5.88359,0.0],[37.63007,5.88472,0.0],[37.63052,5.8857,0.0],[37.63028,5.88709,0.0],[37.63097,5.88823,0.0],[37.63153,5.88963,0.0],[37.63175,5.89125,0.0],[37.63219,5.89298,0.0],[37.63253,5.89431,0.0],[37.63311,5.89579,0.0],[37.63345,5.89712,0.0],[37.63392,5.89895,0.0],[37.63473,5.90057,0.0],[37.63519,5.90161,0.0],[37.63519,5.90318,0.0],[37.63555,5.90456,0.0],[37.6359,5.90593,0.0],[37.63684,5.90647,0.0],[37.638,5.90709,0.0],[37.63802,5.90874,0.0],[37.63826,5.91045,0.0],[37.63873,5.9115,0.0],[37.63861,5.91335,0.0],[37.63813,5.91461,0.0],[37.63765,5.91588,0.0],[37.63787,5.91749,0.0],[37.63738,5.91872,0.0],[37.63704,5.92057,0.0],[37.63656,5.92191,0.0],[37.63643,5.92302,0.0],[37.63715,5.92425,0.0],[37.63787,5.92546,0.0],[37.63823,5.92848,0.0],[37.63811,5.92882,0.0],[37.63811,5.93045,0.0],[37.63811,5.93208,0.0],[37.63784,5.93343,0.0],[37.63721,5.93417,0.0],[37.636,5.93519,0.0],[37.63502,5.9363,0.0],[37.63452,5.93767,0.0],[37.63537,5.93853,0.0],[37.63474,5.94025,0.0],[37.63486,5.94155,0.0],[37.63423,5.94329,0.0],[37.63347,5.94453,0.0],[37.63209,5.94492,0.0],[37.63083,5.94499,0.0],[37.62957,5.94505,0.0],[37.62856,5.94528,0.0],[37.62741,5.94588,0.0],[37.62628,5.9456,0.0],[37.62501,5.94566,0.0],[37.62486,5.94686,0.0],[37.62573,5.94783,0.0],[37.62622,5.94899,0.0],[37.62555,5.95071,0.0],[37.62413,5.95107,0.0],[37.62287,5.95034,0.0],[37.62199,5.94939,0.0],[37.62072,5.9486,0.0],[37.61967,5.94967,0.0],[37.61837,5.94971,0.0],[37.61736,5.94912,0.0],[37.6162,5.94883,0.0],[37.61465,5.94872,0.0],[37.6121,5.94715,0.0],[37.61157,5.94769,0.0],[37.61063,5.94843,0.0],[37.60943,5.94901,0.0],[37.60834,5.95011,0.0],[37.6079,5.95118,0.0],[37.60863,5.95237,0.0],[37.60805,5.95363,0.0],[37.60673,5.95374,0.0],[37.6054,5.95385,0.0],[37.60407,5.95396,0.0],[37.60274,5.95406,0.0],[37.60171,5.95348,0.0],[37.60041,5.95279,0.0],[37.59933,5.95303,0.0],[37.59857,5.95473,0.0],[37.59759,5.95556,0.0],[37.59724,5.95699,0.0],[37.59599,5.95777,0.0],[37.59631,5.95934,0.0],[37.59663,5.96092,0.0],[37.59722,5.96257,0.0],[37.59807,5.96431,0.0],[37.59824,5.96636,0.0],[37.59872,5.96749,0.0],[37.59793,5.96982,0.0],[37.59677,5.97102,0.0],[37.59566,5.97123,0.0],[37.59429,5.97126,0.0],[37.59296,5.97039,0.0],[37.59164,5.96953,0.0],[37.59073,5.96848,0.0],[37.59057,5.96657,0.0],[37.58951,5.9659,0.0],[37.58846,5.96523,0.0],[37.5873,5.96399,0.0],[37.5864,5.96294,0.0],[37.58567,5.96156,0.0],[37.58493,5.96018,0.0],[37.58235,5.95767,0.0],[37.58209,5.95751,0.0],[37.58077,5.9567,0.0],[37.57971,5.95605,0.0],[37.57866,5.95536,0.0],[37.57793,5.954,0.0],[37.57672,5.95365,0.0],[37.5755,5.9533,0.0],[37.5741,5.95343,0.0],[37.57287,5.95314,0.0],[37.57156,5.95229,0.0],[37.57127,5.95074,0.0],[37.57221,5.94946,0.0],[37.57246,5.9482,0.0],[37.57201,5.94696,0.0],[37.57269,5.94551,0.0],[37.57336,5.94408,0.0],[37.57423,5.94212,0.0],[37.57437,5.94038,0.0],[37.57436,5.93892,0.0],[37.57407,5.9375,0.0],[37.57395,5.93565,0.0],[37.57308,5.93467,0.0],[37.57171,5.93472,0.0],[37.56886,5.93296,0.0],[37.56817,5.93163,0.0],[37.56688,5.93218,0.0],[37.56568,5.93188,0.0],[37.56413,5.9309,0.0],[37.56378,5.92886,0.0],[37.5636,5.92785,0.0],[37.56223,5.92789,0.0],[37.56094,5.92843,0.0],[37.55973,5.92812,0.0],[37.55844,5.92731,0.0],[37.55905,5.92543,0.0],[37.55974,5.92406,0.0],[37.56043,5.9227,0.0],[37.55975,5.92138,0.0],[37.5595,5.91988,0.0],[37.55933,5.91755,0.0],[37.55849,5.91657,0.0],[37.55721,5.91577,0.0],[37.55429,5.91616,0.0],[37.55325,5.91685,0.0],[37.55178,5.91771,0.0],[37.55081,5.9189,0.0],[37.5501,5.92026,0.0],[37.54982,5.92145,0.0],[37.55005,5.92296,0.0],[37.54915,5.92468,0.0],[37.54817,5.92591,0.0],[37.54684,5.92646,0.0],[37.54527,5.92549,0.0],[37.5443,5.92535,0.0],[37.54315,5.92556,0.0],[37.54207,5.92628,0.0],[37.54083,5.92599,0.0],[37.53959,5.92569,0.0],[37.53831,5.92677,0.0],[37.53782,5.92834,0.0],[37.53868,5.92935,0.0],[37.54,5.93017,0.0],[37.54113,5.93134,0.0],[37.54065,5.93292,0.0],[37.5399,5.93431,0.0],[37.53888,5.93555,0.0],[37.53752,5.93613,0.0],[37.53645,5.93548,0.0],[37.53538,5.93482,0.0],[37.53432,5.93415,0.0],[37.53298,5.93336,0.0],[37.53192,5.93268,0.0],[37.53105,5.93166,0.0],[37.53037,5.93029,0.0],[37.52904,5.92947,0.0],[37.52771,5.92865,0.0],[37.52632,5.92729,0.0],[37.52499,5.92646,0.0],[37.52201,5.9241,0.0],[37.52188,5.92307,0.0],[37.52082,5.9224,0.0],[37.51977,5.92173,0.0],[37.51911,5.92036,0.0],[37.51919,5.91899,0.0],[37.51946,5.91727,0.0],[37.52046,5.91555,0.0],[37.52046,5.91368,0.0],[37.51982,5.91234,0.0],[37.51878,5.91166,0.0],[37.51739,5.9122,0.0],[37.51628,5.91104,0.0],[37.51683,5.9095,0.0],[37.51789,5.9083,0.0],[37.5192,5.90729,0.0],[37.52057,5.90678,0.0],[37.52162,5.90559,0.0],[37.52266,5.90441,0.0],[37.5237,5.90324,0.0],[37.52499,5.90225,0.0],[37.52627,5.90126,0.0],[37.52786,5.90092,0.0],[37.52888,5.89977,0.0],[37.52963,5.89847,0.0],[37.53057,5.89685,0.0],[37.53158,5.89571,0.0],[37.5329,5.89522,0.0],[37.53339,5.89378,0.0],[37.53237,5.89314,0.0],[37.53117,5.89283,0.0],[37.52985,5.89331,0.0],[37.52885,5.89444,0.0],[37.52778,5.89508,0.0],[37.52695,5.89411,0.0],[37.5272,5.89251,0.0],[37.5277,5.89107,0.0],[37.52656,5.88948,0.0],[37.52555,5.88884,0.0],[37.52384,5.88646,0.0],[37.52334,5.88614,0.0],[37.52214,5.88582,0.0],[37.52075,5.88581,0.0],[37.52056,5.88439,0.0],[37.52107,5.88299,0.0],[37.52088,5.88159,0.0],[37.52089,5.87987,0.0],[37.52115,5.87832,0.0],[37.52166,5.87693,0.0],[37.52191,5.8754,0.0],[37.52104,5.874,0.0],[37.52004,5.87338,0.0],[37.51867,5.87336,0.0],[37.5171,5.87365,0.0],[37.5161,5.87302,0.0],[37.51568,5.87148,0.0],[37.51589,5.8695,0.0],[37.51684,5.868,0.0],[37.51741,5.8671,0.0],[37.51816,5.86591,0.0],[37.51842,5.86441,0.0],[37.51763,5.86349,0.0],[37.51665,5.86286,0.0],[37.51544,5.86045,0.0],[37.51495,5.86014,0.0],[37.5134,5.86039,0.0],[37.51228,5.86051,0.0],[37.51091,5.86048,0.0],[37.50992,5.85986,0.0],[37.50893,5.85925,0.0],[37.50789,5.85818,0.0],[37.50753,5.85714,0.0],[37.50737,5.85581,0.0],[37.50678,5.85461,0.0],[37.50618,5.85341,0.0],[37.5054,5.8525,0.0],[37.505,5.85102,0.0],[37.50485,5.8497,0.0],[37.50537,5.84841,0.0],[37.50634,5.84699,0.0],[37.50691,5.84614,0.0],[37.50792,5.84517,0.0],[37.50892,5.8442,0.0],[37.50996,5.84367,0.0],[37.5112,5.84286,0.0],[37.51104,5.84157,0.0],[37.50984,5.84081,0.0],[37.50864,5.84005,0.0],[37.50711,5.84028,0.0],[37.5048,5.83962,0.0],[37.50456,5.83946,0.0],[37.5034,5.83913,0.0],[37.5022,5.83838,0.0],[37.50181,5.83695,0.0],[37.50166,5.83568,0.0],[37.50218,5.83444,0.0],[37.5027,5.8332,0.0],[37.50341,5.8317,0.0],[37.50398,5.83089,0.0],[37.50474,5.82981,0.0],[37.50416,5.82868,0.0],[37.50321,5.82808,0.0],[37.50288,5.8271,0.0],[37.50363,5.82604,0.0],[37.50415,5.82483,0.0],[37.50443,5.82348,0.0],[37.50325,5.82274,0.0],[37.50211,5.82241,0.0],[37.50093,5.82167,0.0],[37.49979,5.82134,0.0],[37.49846,5.82127,0.0],[37.49737,5.82135,0.0],[37.49613,5.8221,0.0],[37.49484,5.82244,0.0],[37.4935,5.82237,0.0],[37.49237,5.82202,0.0],[37.49038,5.82,0.0],[37.48951,5.82023,0.0],[37.48876,5.81937,0.0],[37.48843,5.8184,0.0],[37.48724,5.81766,0.0],[37.48603,5.81692,0.0],[37.48488,5.81659,0.0],[37.4833,5.81635,0.0],[37.48239,5.81616,0.0],[37.48105,5.81608,0.0],[37.47986,5.81533,0.0],[37.47887,5.81432,0.0],[37.47831,5.81321,0.0],[37.47756,5.81235,0.0],[37.47681,5.8115,0.0],[37.47606,5.81064,0.0],[37.47615,5.80917,0.0],[37.47648,5.80786,0.0],[37.47704,5.80669,0.0],[37.47629,5.80585,0.0],[37.47492,5.80536,0.0],[37.47404,5.80556,0.0],[37.4728,5.80668,0.0],[37.47173,5.80714,0.0],[37.47078,5.80654,0.0],[37.47003,5.80569,0.0],[37.46949,5.80459,0.0],[37.46795,5.80209,0.0],[37.46812,5.80144,0.0],[37.46869,5.80029,0.0],[37.46925,5.79875,0.0],[37.47026,5.79751,0.0],[37.47126,5.79628,0.0],[37.47226,5.79505,0.0],[37.47306,5.79408,0.0],[37.4734,5.79281,0.0],[37.47288,5.79174,0.0],[37.4732,5.79048,0.0],[37.47311,5.78932,0.0],[37.47184,5.79,0.0],[37.47104,5.79096,0.0],[37.46984,5.79242,0.0],[37.46832,5.79295,0.0],[37.46738,5.79237,0.0],[37.46621,5.79164,0.0],[37.46486,5.79154,0.0],[37.4638,5.79237,0.0],[37.46364,5.79341,0.0],[37.46331,5.79508,0.0],[37.46271,5.79622,0.0],[37.46188,5.79721,0.0],[37.46036,5.79816,0.0],[37.45905,5.79887,0.0],[37.4577,5.79918,0.0],[37.45675,5.79858,0.0],[37.45601,5.79773,0.0],[37.45639,5.79643,0.0],[37.45676,5.79514,0.0],[37.45779,5.7935,0.0],[37.45818,5.79262,0.0],[37.45855,5.79134,0.0],[37.45939,5.79036,0.0],[37.46022,5.78939,0.0],[37.46105,5.78842,0.0],[37.46188,5.78745,0.0],[37.46291,5.78625,0.0],[37.46286,5.78548,0.0],[37.46413,5.78403,0.0],[37.46517,5.78322,0.0],[37.46641,5.7818,0.0],[37.467,5.78071,0.0],[37.46758,5.77962,0.0],[37.46817,5.77893,0.0],[37.46923,5.77774,0.0],[37.4705,5.7771,0.0],[37.47157,5.77669,0.0],[37.47271,5.7757,0.0],[37.47305,5.77488,0.0],[37.47182,5.77474,0.0],[37.47133,5.77371,0.0],[37.47062,5.77291,0.0],[37.46968,5.77235,0.0],[37.46839,5.77262,0.0],[37.46834,5.77394,0.0],[37.46871,5.77517,0.0],[37.46809,5.77625,0.0],[37.46701,5.77705,0.0],[37.4661,5.7761,0.0],[37.46628,5.7751,0.0],[37.46641,5.77375,0.0],[37.46604,5.77251,0.0],[37.46491,5.7718,0.0],[37.46401,5.77122,0.0],[37.4639,5.77013,0.0],[37.46384,5.76902,0.0],[37.46366,5.76794,0.0],[37.46399,5.76677,0.0],[37.46678,5.76439,0.0],[37.4656,5.76572,0.0]]]}},{"type":"Feature","properties":{"lake_id":"LAKE_LAKE_LANGANO","name":"Lake Langano","source_name":"Lake Langano","scale_rank":6,"min_zoom":5.5,"feature_class":"Lake or reservoir","geometry_role":"cartographic waterbody context; not an ED-FLOW node, route or evidence record","source":"ED-FLOW audited Ethiopia waterbody polygons","source_commit":"EDFLOW_Patterns_private_engine_v1_0_0_2026-08-29"},"geometry":{"type":"Polygon","coordinates":[[[38.71788,7.67982,0.0],[38.71683,7.67933,0.0],[38.71595,7.67857,0.0],[38.71568,7.67808,0.0],[38.7155,7.67776,0.0],[38.71523,7.67728,0.0],[38.71496,7.67697,0.0],[38.71488,7.67689,0.0],[38.71461,7.67658,0.0],[38.71436,7.67653,0.0],[38.71401,7.67614,0.0],[38.71375,7.67591,0.0],[38.7134,7.6757,0.0],[38.71297,7.67549,0.0],[38.71271,7.67501,0.0],[38.71226,7.67479,0.0],[38.71182,7.67448,0.0],[38.71164,7.67423,0.0],[38.71127,7.67356,0.0],[38.71099,7.67297,0.0],[38.71081,7.67273,0.0],[38.71062,7.67239,0.0],[38.71044,7.67206,0.0],[38.71034,7.67172,0.0],[38.71024,7.67138,0.0],[38.71006,7.67105,0.0],[38.71005,7.6707,0.0],[38.71003,7.67027,0.0],[38.71011,7.66991,0.0],[38.71018,7.66955,0.0],[38.71026,7.6692,0.0],[38.71033,7.66885,0.0],[38.71031,7.66841,0.0],[38.7103,7.66807,0.0],[38.71029,7.66755,0.0],[38.71027,7.66721,0.0],[38.71008,7.66637,0.0],[38.70989,7.66571,0.0],[38.70949,7.66308,0.0],[38.70832,7.65968,0.0],[38.70822,7.6594,0.0],[38.70818,7.65853,0.0],[38.70813,7.65767,0.0],[38.70828,7.65689,0.0],[38.70682,7.65276,0.0],[38.7063,7.64927,0.0],[38.70593,7.64623,0.0],[38.7073,7.64202,0.0],[38.70624,7.63786,0.0],[38.7064,7.634,0.0],[38.70644,7.63208,0.0],[38.70636,7.63068,0.0],[38.706,7.62763,0.0],[38.70462,7.6251,0.0],[38.70437,7.62231,0.0],[38.70216,7.61879,0.0],[38.70218,7.61596,0.0],[38.70286,7.61423,0.0],[38.70283,7.61206,0.0],[38.70163,7.6085,0.0],[38.70157,7.60723,0.0],[38.70055,7.6054,0.0],[38.69913,7.60372,0.0],[38.69839,7.60214,0.0],[38.6976,7.60108,0.0],[38.69661,7.60126,0.0],[38.69584,7.60069,0.0],[38.69509,7.59967,0.0],[38.69419,7.59779,0.0],[38.69393,7.59585,0.0],[38.69404,7.59419,0.0],[38.69352,7.59241,0.0],[38.6927,7.59201,0.0],[38.69152,7.59175,0.0],[38.691,7.58961,0.0],[38.68999,7.58595,0.0],[38.69005,7.58253,0.0],[38.69005,7.58244,0.0],[38.69004,7.58198,0.0],[38.69003,7.58171,0.0],[38.69002,7.58134,0.0],[38.69,7.58089,0.0],[38.69016,7.58051,0.0],[38.6905,7.58011,0.0],[38.69118,7.57968,0.0],[38.69135,7.57948,0.0],[38.69178,7.57926,0.0],[38.69195,7.57915,0.0],[38.69229,7.57893,0.0],[38.69245,7.57855,0.0],[38.69243,7.5781,0.0],[38.69242,7.57765,0.0],[38.69241,7.5773,0.0],[38.69248,7.57693,0.0],[38.69264,7.57655,0.0],[38.69263,7.57611,0.0],[38.6927,7.57574,0.0],[38.69268,7.5753,0.0],[38.69267,7.57485,0.0],[38.69274,7.5744,0.0],[38.69281,7.57404,0.0],[38.6928,7.57378,0.0],[38.69279,7.57334,0.0],[38.69269,7.573,0.0],[38.69258,7.57248,0.0],[38.69256,7.57187,0.0],[38.69255,7.57152,0.0],[38.69236,7.57111,0.0],[38.69233,7.57068,0.0],[38.69221,7.57009,0.0],[38.69219,7.56967,0.0],[38.69215,7.56916,0.0],[38.68947,7.56272,0.0],[38.68726,7.5582,0.0],[38.68707,7.55802,0.0],[38.68688,7.55766,0.0],[38.68643,7.55722,0.0],[38.68622,7.55668,0.0],[38.68593,7.55596,0.0],[38.68573,7.55551,0.0],[38.68564,7.55543,0.0],[38.6852,7.55518,0.0],[38.68475,7.55475,0.0],[38.68448,7.55449,0.0],[38.68385,7.55389,0.0],[38.68376,7.55372,0.0],[38.68349,7.55346,0.0],[38.68322,7.55302,0.0],[38.68295,7.55277,0.0],[38.68266,7.55206,0.0],[38.68239,7.55163,0.0],[38.68236,7.55118,0.0],[38.68234,7.55073,0.0],[38.6825,7.55045,0.0],[38.68256,7.55009,0.0],[38.68288,7.54971,0.0],[38.68354,7.5494,0.0],[38.68422,7.54888,0.0],[38.68465,7.54865,0.0],[38.68508,7.54842,0.0],[38.68524,7.54814,0.0],[38.68576,7.54583,0.0],[38.68478,7.54053,0.0],[38.68786,7.53667,0.0],[38.69209,7.53469,0.0],[38.69242,7.53457,0.0],[38.69283,7.53436,0.0],[38.69341,7.53413,0.0],[38.69383,7.534,0.0],[38.69415,7.5338,0.0],[38.69448,7.5336,0.0],[38.69489,7.53338,0.0],[38.6953,7.53309,0.0],[38.69563,7.53297,0.0],[38.69604,7.53276,0.0],[38.69645,7.53263,0.0],[38.69695,7.53249,0.0],[38.69712,7.53239,0.0],[38.6977,7.53225,0.0],[38.69821,7.5322,0.0],[38.70008,7.53226,0.0],[38.70185,7.5343,0.0],[38.70555,7.53729,0.0],[38.70889,7.53877,0.0],[38.71032,7.54012,0.0],[38.71228,7.54214,0.0],[38.71249,7.54078,0.0],[38.70983,7.53597,0.0],[38.70959,7.53094,0.0],[38.70855,7.5247,0.0],[38.71285,7.52099,0.0],[38.7231,7.51743,0.0],[38.72541,7.51661,0.0],[38.72566,7.51659,0.0],[38.72607,7.51646,0.0],[38.72631,7.51628,0.0],[38.72671,7.51608,0.0],[38.72712,7.51595,0.0],[38.72753,7.51583,0.0],[38.72785,7.51572,0.0],[38.72825,7.51551,0.0],[38.7285,7.51541,0.0],[38.72891,7.51537,0.0],[38.72924,7.51549,0.0],[38.72966,7.51561,0.0],[38.72992,7.5159,0.0],[38.73027,7.51619,0.0],[38.73069,7.51639,0.0],[38.73102,7.51635,0.0],[38.73135,7.51632,0.0],[38.73176,7.51627,0.0],[38.73209,7.51624,0.0],[38.73242,7.51621,0.0],[38.73324,7.5162,0.0],[38.73366,7.51624,0.0],[38.73433,7.51633,0.0],[38.73466,7.5163,0.0],[38.73752,7.5156,0.0],[38.73786,7.5158,0.0],[38.73812,7.51602,0.0],[38.73846,7.51606,0.0],[38.73888,7.51618,0.0],[38.7393,7.51622,0.0],[38.73972,7.51633,0.0],[38.74006,7.51638,0.0],[38.74048,7.51642,0.0],[38.74081,7.51638,0.0],[38.7413,7.51633,0.0],[38.74163,7.5163,0.0],[38.74187,7.51619,0.0],[38.74219,7.51592,0.0],[38.74241,7.51557,0.0],[38.74272,7.5153,0.0],[38.74303,7.51502,0.0],[38.74335,7.51491,0.0],[38.74376,7.51479,0.0],[38.74416,7.51458,0.0],[38.7443,7.51425,0.0],[38.74444,7.51391,0.0],[38.7445,7.51367,0.0],[38.74499,7.51362,0.0],[38.74516,7.5136,0.0],[38.74556,7.51348,0.0],[38.74597,7.51344,0.0],[38.74629,7.51332,0.0],[38.74661,7.51321,0.0],[38.74924,7.51567,0.0],[38.74967,7.51579,0.0],[38.75017,7.51582,0.0],[38.75058,7.51577,0.0],[38.75092,7.51582,0.0],[38.75159,7.51583,0.0],[38.75277,7.51587,0.0],[38.75378,7.5152,0.0],[38.7539,7.5147,0.0],[38.74803,7.5133,0.0],[38.74812,7.51337,0.0],[38.74865,7.51372,0.0],[38.74882,7.51378,0.0],[38.74926,7.51413,0.0],[38.74943,7.51412,0.0],[38.7498,7.51448,0.0],[38.74989,7.51463,0.0],[38.75034,7.51491,0.0],[38.75432,7.51474,0.0],[38.75497,7.51459,0.0],[38.75494,7.51427,0.0],[38.7549,7.51395,0.0],[38.75487,7.51363,0.0],[38.755,7.5133,0.0],[38.75531,7.51311,0.0],[38.75563,7.51299,0.0],[38.75596,7.51296,0.0],[38.75629,7.51292,0.0],[38.75662,7.51289,0.0],[38.75695,7.51286,0.0],[38.7573,7.51306,0.0],[38.7577,7.51366,0.0],[38.75783,7.51405,0.0],[38.75794,7.51428,0.0],[38.75814,7.51458,0.0],[38.75858,7.51478,0.0],[38.75893,7.51491,0.0],[38.75945,7.51501,0.0],[38.76003,7.51495,0.0],[38.7602,7.51502,0.0],[38.76054,7.51506,0.0],[38.76088,7.51511,0.0],[38.76113,7.51508,0.0],[38.76156,7.5152,0.0],[38.76192,7.51541,0.0],[38.7626,7.5155,0.0],[38.76279,7.51564,0.0],[38.76306,7.51578,0.0],[38.76336,7.51615,0.0],[38.76377,7.51677,0.0],[38.76409,7.51731,0.0],[38.76442,7.51793,0.0],[38.76456,7.51833,0.0],[38.76474,7.51847,0.0],[38.76495,7.51878,0.0],[38.76529,7.51941,0.0],[38.76559,7.5198,0.0],[38.76618,7.5204,0.0],[38.76651,7.52095,0.0],[38.76722,7.52188,0.0],[38.76746,7.52236,0.0],[38.76777,7.52275,0.0],[38.76789,7.52307,0.0],[38.76926,7.52392,0.0],[38.76935,7.52416,0.0],[38.76937,7.52448,0.0],[38.76939,7.52488,0.0],[38.76941,7.5252,0.0],[38.76951,7.52543,0.0],[38.76953,7.52575,0.0],[38.76955,7.52623,0.0],[38.76958,7.52664,0.0],[38.7696,7.52696,0.0],[38.76962,7.52737,0.0],[38.76971,7.5276,0.0],[38.76998,7.52782,0.0],[38.7703,7.5277,0.0],[38.77061,7.52743,0.0],[38.77094,7.52731,0.0],[38.77126,7.52719,0.0],[38.77167,7.52715,0.0],[38.77201,7.5272,0.0],[38.77234,7.52716,0.0],[38.77275,7.5272,0.0],[38.77309,7.52725,0.0],[38.7735,7.52729,0.0],[38.77393,7.52741,0.0],[38.77435,7.52753,0.0],[38.77487,7.52788,0.0],[38.77505,7.52803,0.0],[38.7754,7.52824,0.0],[38.77574,7.52837,0.0],[38.776,7.5285,0.0],[38.77633,7.52855,0.0],[38.77666,7.52852,0.0],[38.77715,7.52838,0.0],[38.77748,7.52835,0.0],[38.77797,7.52822,0.0],[38.77853,7.52799,0.0],[38.77877,7.5278,0.0],[38.77901,7.5277,0.0],[38.77966,7.52755,0.0],[38.7803,7.52723,0.0],[38.7807,7.52711,0.0],[38.78128,7.52705,0.0],[38.78145,7.52703,0.0],[38.78177,7.527,0.0],[38.78235,7.52694,0.0],[38.78293,7.52696,0.0],[38.78311,7.52702,0.0],[38.78371,7.52729,0.0],[38.78398,7.52751,0.0],[38.78617,7.5286,0.0],[38.78625,7.52859,0.0],[38.78652,7.52881,0.0],[38.78686,7.52886,0.0],[38.78728,7.52881,0.0],[38.78785,7.52875,0.0],[38.78828,7.52879,0.0],[38.78877,7.52874,0.0],[38.78894,7.52872,0.0],[38.78928,7.52877,0.0],[38.78962,7.5289,0.0],[38.7899,7.52912,0.0],[38.7901,7.52943,0.0],[38.7903,7.52974,0.0],[38.79067,7.53004,0.0],[38.79105,7.53041,0.0],[38.79133,7.53072,0.0],[38.7916,7.53086,0.0],[38.79192,7.53074,0.0],[38.79228,7.53096,0.0],[38.79261,7.53159,0.0],[38.79274,7.532,0.0],[38.79287,7.53241,0.0],[38.79292,7.53283,0.0],[38.79305,7.53324,0.0],[38.79309,7.53357,0.0],[38.79331,7.53406,0.0],[38.79344,7.53447,0.0],[38.7936,7.53506,0.0],[38.79392,7.53562,0.0],[38.79404,7.53595,0.0],[38.79416,7.53629,0.0],[38.79429,7.53662,0.0],[38.79451,7.53703,0.0],[38.79475,7.53761,0.0],[38.79505,7.53801,0.0],[38.79552,7.53909,0.0],[38.79575,7.53959,0.0],[38.79595,7.53984,0.0],[38.79626,7.54024,0.0],[38.79669,7.54099,0.0],[38.79697,7.54114,0.0],[38.79718,7.54147,0.0],[38.79751,7.54197,0.0],[38.79775,7.54256,0.0],[38.79899,7.54378,0.0],[38.799,7.54386,0.0],[38.79905,7.54416,0.0],[38.79909,7.54447,0.0],[38.79913,7.54477,0.0],[38.79927,7.54515,0.0],[38.79931,7.54545,0.0],[38.79956,7.54605,0.0],[38.79978,7.5465,0.0],[38.8,7.54687,0.0],[38.80032,7.54738,0.0],[38.8006,7.54767,0.0],[38.80088,7.54788,0.0],[38.80119,7.54832,0.0],[38.80141,7.54869,0.0],[38.80166,7.5493,0.0],[38.8019,7.54983,0.0],[38.80192,7.54999,0.0],[38.80198,7.55038,0.0],[38.80203,7.55069,0.0],[38.80208,7.55109,0.0],[38.80229,7.55139,0.0],[38.80241,7.55162,0.0],[38.80276,7.55174,0.0],[38.80308,7.55171,0.0],[38.80341,7.55167,0.0],[38.80362,7.55141,0.0],[38.80365,7.55109,0.0],[38.8036,7.55077,0.0],[38.80363,7.55037,0.0],[38.80358,7.55005,0.0],[38.80349,7.54943,0.0],[38.80343,7.54904,0.0],[38.80347,7.54879,0.0],[38.80376,7.54852,0.0],[38.80398,7.54834,0.0],[38.80429,7.54823,0.0],[38.80461,7.5482,0.0],[38.80494,7.54817,0.0],[38.80534,7.54812,0.0],[38.80566,7.54809,0.0],[38.80609,7.5482,0.0],[38.80667,7.54822,0.0],[38.80684,7.54828,0.0],[38.80737,7.54847,0.0],[38.80766,7.54875,0.0],[38.80793,7.54889,0.0],[38.80821,7.54909,0.0],[38.80842,7.54939,0.0],[38.80866,7.54985,0.0],[38.80877,7.54999,0.0],[38.80882,7.55031,0.0],[38.80904,7.55069,0.0],[38.80935,7.55106,0.0],[38.80957,7.55135,0.0],[38.80993,7.55156,0.0],[38.81027,7.5516,0.0],[38.81068,7.55156,0.0],[38.81094,7.55162,0.0],[38.81136,7.55165,0.0],[38.81162,7.55171,0.0],[38.81232,7.55196,0.0],[38.81264,7.55233,0.0],[38.813,7.55253,0.0],[38.81314,7.55284,0.0],[38.81339,7.55331,0.0],[38.81354,7.5537,0.0],[38.81427,7.55452,0.0],[38.81461,7.55457,0.0],[38.81487,7.55511,0.0],[38.8149,7.55528,0.0],[38.81488,7.55561,0.0],[38.81485,7.55594,0.0],[38.81466,7.55629,0.0],[38.81446,7.55656,0.0],[38.81427,7.55691,0.0],[38.81416,7.55726,0.0],[38.81421,7.55758,0.0],[38.81426,7.55783,0.0],[38.81456,7.55813,0.0],[38.81491,7.55818,0.0],[38.81524,7.55814,0.0],[38.81582,7.55808,0.0],[38.81599,7.55806,0.0],[38.8164,7.55802,0.0],[38.81716,7.55803,0.0],[38.81742,7.55808,0.0],[38.81784,7.55804,0.0],[38.81818,7.55808,0.0],[38.81861,7.55812,0.0],[38.81888,7.55818,0.0],[38.81932,7.5583,0.0],[38.81967,7.55835,0.0],[38.8201,7.55839,0.0],[38.82043,7.55835,0.0],[38.82085,7.55831,0.0],[38.82119,7.55836,0.0],[38.82156,7.55848,0.0],[38.82195,7.55878,0.0],[38.8221,7.5591,0.0],[38.82222,7.55976,0.0],[38.82225,7.55993,0.0],[38.82233,7.56034,0.0],[38.82238,7.56059,0.0],[38.82245,7.561,0.0],[38.82255,7.5615,0.0],[38.82277,7.56267,0.0],[38.82285,7.56266,0.0],[38.82322,7.5628,0.0],[38.82358,7.56293,0.0],[38.82412,7.56304,0.0],[38.8244,7.56318,0.0],[38.82482,7.56357,0.0],[38.825,7.56407,0.0],[38.82505,7.56432,0.0],[38.82522,7.56473,0.0],[38.8253,7.56516,0.0],[38.82555,7.56556,0.0],[38.82575,7.56615,0.0],[38.82583,7.56658,0.0],[38.82594,7.56717,0.0],[38.82603,7.5676,0.0],[38.82606,7.56777,0.0],[38.82613,7.56812,0.0],[38.82621,7.56855,0.0],[38.82633,7.56915,0.0],[38.82632,7.56959,0.0],[38.82629,7.56986,0.0],[38.826,7.57016,0.0],[38.82588,7.57044,0.0],[38.82564,7.57099,0.0],[38.82517,7.57175,0.0],[38.82441,7.57237,0.0],[38.82464,7.57405,0.0],[38.82429,7.57409,0.0],[38.824,7.57439,0.0],[38.8237,7.57469,0.0],[38.82356,7.57489,0.0],[38.82327,7.57519,0.0],[38.82306,7.57548,0.0],[38.82303,7.57585,0.0],[38.8231,7.5762,0.0],[38.82335,7.57663,0.0],[38.82363,7.57715,0.0],[38.82394,7.57739,0.0],[38.82422,7.578,0.0],[38.82426,7.57818,0.0],[38.82432,7.57854,0.0],[38.82439,7.5789,0.0],[38.82439,7.57936,0.0],[38.82443,7.58009,0.0],[38.82441,7.58047,0.0],[38.8243,7.58085,0.0],[38.8242,7.58123,0.0],[38.8245,7.58194,0.0],[38.82485,7.58237,0.0],[38.82499,7.58264,0.0],[38.8256,7.58304,0.0],[38.82592,7.58329,0.0],[38.82616,7.58364,0.0],[38.82632,7.584,0.0],[38.82647,7.58436,0.0],[38.82654,7.58473,0.0],[38.82654,7.5852,0.0],[38.82651,7.58549,0.0],[38.82638,7.58579,0.0],[38.82608,7.5861,0.0],[38.82585,7.58632,0.0],[38.82574,7.58671,0.0],[38.82572,7.58709,0.0],[38.82552,7.5875,0.0],[38.82559,7.58787,0.0],[38.82581,7.58967,0.0],[38.826,7.58981,0.0],[38.82649,7.59021,0.0],[38.8268,7.59049,0.0],[38.82702,7.59077,0.0],[38.82708,7.59107,0.0],[38.82714,7.59137,0.0],[38.82721,7.59168,0.0],[38.82729,7.59205,0.0],[38.82738,7.59251,0.0],[38.82745,7.59281,0.0],[38.82767,7.59349,0.0],[38.82775,7.59387,0.0],[38.82782,7.59417,0.0],[38.8279,7.59455,0.0],[38.82793,7.59471,0.0],[38.82857,7.59582,0.0],[38.82849,7.59583,0.0],[38.82827,7.59632,0.0],[38.82817,7.59665,0.0],[38.82808,7.59697,0.0],[38.82798,7.5973,0.0],[38.82803,7.59793,0.0],[38.82814,7.59847,0.0],[38.82808,7.59896,0.0],[38.82805,7.5992,0.0],[38.82787,7.59954,0.0],[38.82769,7.59988,0.0],[38.82751,7.60022,0.0],[38.8274,7.60047,0.0],[38.82724,7.60089,0.0],[38.82721,7.60114,0.0],[38.82711,7.60147,0.0],[38.82693,7.60181,0.0],[38.82683,7.60215,0.0],[38.82644,7.60227,0.0],[38.82611,7.6023,0.0],[38.8259,7.60249,0.0],[38.82578,7.60274,0.0],[38.82568,7.60308,0.0],[38.82567,7.6034,0.0],[38.82566,7.60381,0.0],[38.82571,7.60446,0.0],[38.82568,7.60471,0.0],[38.82558,7.60505,0.0],[38.82517,7.60509,0.0],[38.82474,7.60505,0.0],[38.82441,7.60509,0.0],[38.82408,7.60512,0.0],[38.82367,7.60516,0.0],[38.82329,7.60537,0.0],[38.82299,7.60556,0.0],[38.82288,7.60582,0.0],[38.82286,7.60615,0.0],[38.82284,7.60649,0.0],[38.82264,7.60675,0.0],[38.82234,7.60695,0.0],[38.82196,7.60716,0.0],[38.82167,7.60743,0.0],[38.82155,7.6077,0.0],[38.82113,7.60815,0.0],[38.82107,7.60824,0.0],[38.82105,7.60858,0.0],[38.82111,7.60891,0.0],[38.82117,7.60923,0.0],[38.82123,7.60956,0.0],[38.82175,7.61009,0.0],[38.82197,7.61032,0.0],[38.82228,7.61063,0.0],[38.82261,7.61101,0.0],[38.82265,7.61126,0.0],[38.82263,7.6116,0.0],[38.82289,7.6125,0.0],[38.82291,7.61259,0.0],[38.82299,7.613,0.0],[38.82307,7.61342,0.0],[38.82321,7.61375,0.0],[38.82356,7.61422,0.0],[38.82373,7.61463,0.0],[38.82384,7.61522,0.0],[38.82395,7.61581,0.0],[38.82403,7.61624,0.0],[38.82401,7.61658,0.0],[38.82426,7.61699,0.0],[38.82433,7.61733,0.0],[38.82448,7.61766,0.0],[38.82454,7.618,0.0],[38.82461,7.61835,0.0],[38.82469,7.61877,0.0],[38.82476,7.61912,0.0],[38.82465,7.61948,0.0],[38.82455,7.61984,0.0],[38.82429,7.62031,0.0],[38.8241,7.62068,0.0],[38.82389,7.62096,0.0],[38.8236,7.62126,0.0],[38.8235,7.62162,0.0],[38.82331,7.622,0.0],[38.82329,7.62235,0.0],[38.82327,7.62271,0.0],[38.82306,7.623,0.0],[38.82272,7.62304,0.0],[38.82236,7.62299,0.0],[38.82201,7.62302,0.0],[38.82167,7.62306,0.0],[38.82096,7.62251,0.0],[38.82111,7.62281,0.0],[38.82069,7.62277,0.0],[38.82034,7.62273,0.0],[38.81993,7.62277,0.0],[38.81956,7.62297,0.0],[38.81921,7.62334,0.0],[38.81907,7.62343,0.0],[38.81844,7.62366,0.0],[38.81803,7.6237,0.0],[38.81764,7.62383,0.0],[38.81724,7.62395,0.0],[38.8171,7.62405,0.0],[38.8169,7.62431,0.0],[38.81721,7.62461,0.0],[38.81774,7.62513,0.0],[38.81793,7.62527,0.0],[38.81843,7.62563,0.0],[38.81858,7.62595,0.0],[38.81862,7.62619,0.0],[38.81871,7.6266,0.0],[38.81877,7.62692,0.0],[38.81884,7.62725,0.0],[38.81892,7.62765,0.0],[38.81879,7.62783,0.0],[38.81843,7.62812,0.0],[38.81828,7.62822,0.0],[38.818,7.6285,0.0],[38.8178,7.62877,0.0],[38.8176,7.62905,0.0],[38.81731,7.62933,0.0],[38.81713,7.62968,0.0],[38.81705,7.63011,0.0],[38.81711,7.63044,0.0],[38.81701,7.63079,0.0],[38.81709,7.6312,0.0],[38.81708,7.63154,0.0],[38.81714,7.63188,0.0],[38.81782,7.63348,0.0],[38.81808,7.634,0.0],[38.8183,7.63423,0.0],[38.81853,7.63455,0.0],[38.8186,7.63489,0.0],[38.81867,7.63522,0.0],[38.81875,7.63565,0.0],[38.8188,7.6359,0.0],[38.81912,7.63621,0.0],[38.81955,7.6366,0.0],[38.8197,7.63693,0.0],[38.81989,7.63744,0.0],[38.81994,7.63769,0.0],[38.82003,7.63812,0.0],[38.82013,7.63863,0.0],[38.82011,7.63899,0.0],[38.8201,7.63934,0.0],[38.82019,7.63977,0.0],[38.82015,7.64004,0.0],[38.82005,7.6404,0.0],[38.82045,7.64062,0.0],[38.8207,7.6406,0.0],[38.8208,7.64023,0.0],[38.82111,7.64002,0.0],[38.8215,7.64025,0.0],[38.82181,7.64048,0.0],[38.82203,7.64072,0.0],[38.8224,7.64122,0.0],[38.82257,7.64164,0.0],[38.82266,7.64208,0.0],[38.82273,7.64243,0.0],[38.82281,7.64277,0.0],[38.82288,7.64312,0.0],[38.82268,7.64341,0.0],[38.82249,7.64379,0.0],[38.8224,7.64476,0.0],[38.82176,7.64536,0.0],[38.82073,7.64641,0.0],[38.81973,7.64675,0.0],[38.81949,7.64686,0.0],[38.81923,7.64734,0.0],[38.81888,7.64782,0.0],[38.81818,7.64835,0.0],[38.81794,7.64846,0.0],[38.81769,7.64903,0.0],[38.81771,7.64867,0.0],[38.8172,7.64926,0.0],[38.81716,7.64954,0.0],[38.81686,7.64984,0.0],[38.81646,7.65007,0.0],[38.81622,7.65018,0.0],[38.81632,7.65026,0.0],[38.81608,7.65092,0.0],[38.81599,7.65093,0.0],[38.81592,7.65103,0.0],[38.81568,7.65115,0.0],[38.81556,7.65098,0.0],[38.81575,7.6516,0.0],[38.81564,7.65197,0.0],[38.81524,7.6522,0.0],[38.8153,7.65256,0.0],[38.81515,7.65276,0.0],[38.81489,7.65278,0.0],[38.8147,7.65271,0.0],[38.8145,7.65255,0.0],[38.81465,7.6529,0.0],[38.8143,7.65349,0.0],[38.81405,7.65361,0.0],[38.81385,7.654,0.0],[38.81353,7.65422,0.0],[38.81343,7.65469,0.0],[38.81301,7.65483,0.0],[38.81317,7.65472,0.0],[38.81293,7.65483,0.0],[38.81261,7.65505,0.0],[38.8124,7.65545,0.0],[38.81233,7.65555,0.0],[38.81215,7.65556,0.0],[38.81169,7.65599,0.0],[38.81142,7.65657,0.0],[38.81106,7.65708,0.0],[38.81053,7.65713,0.0],[38.81036,7.65659,0.0],[38.81014,7.65689,0.0],[38.80998,7.657,0.0],[38.80971,7.65703,0.0],[38.80948,7.65724,0.0],[38.80932,7.65735,0.0],[38.80916,7.65747,0.0],[38.80904,7.65785,0.0],[38.80858,7.65781,0.0],[38.80803,7.65768,0.0],[38.80777,7.65771,0.0],[38.80735,7.65794,0.0],[38.80703,7.65816,0.0],[38.80689,7.6578,0.0],[38.80623,7.65759,0.0],[38.80618,7.65722,0.0],[38.80647,7.65682,0.0],[38.80637,7.65674,0.0],[38.80642,7.65645,0.0],[38.80634,7.6559,0.0],[38.80637,7.65553,0.0],[38.80628,7.6561,0.0],[38.80629,7.65498,0.0],[38.80607,7.65516,0.0],[38.8063,7.65423,0.0],[38.80639,7.65422,0.0],[38.80651,7.65382,0.0],[38.80684,7.65359,0.0],[38.80717,7.65336,0.0],[38.8074,7.65314,0.0],[38.80773,7.65291,0.0],[38.80785,7.6525,0.0],[38.80787,7.65211,0.0],[38.80799,7.65171,0.0],[38.8084,7.65164,0.0],[38.80869,7.65082,0.0],[38.80875,7.65066,0.0],[38.80898,7.65008,0.0],[38.8091,7.64964,0.0],[38.80926,7.64924,0.0],[38.80929,7.64887,0.0],[38.80948,7.6484,0.0],[38.80966,7.64806,0.0],[38.80973,7.6476,0.0],[38.80994,7.64721,0.0],[38.81,7.64692,0.0],[38.81005,7.6465,0.0],[38.81007,7.64604,0.0],[38.81006,7.64577,0.0],[38.81026,7.64541,0.0],[38.81049,7.64526,0.0],[38.81059,7.645,0.0],[38.81075,7.64472,0.0],[38.81082,7.64426,0.0],[38.81071,7.64385,0.0],[38.8106,7.64356,0.0],[38.81058,7.64319,0.0],[38.81087,7.64275,0.0],[38.81092,7.64235,0.0],[38.81133,7.64202,0.0],[38.81136,7.64138,0.0],[38.81122,7.64079,0.0],[38.81109,7.64043,0.0],[38.8112,7.64001,0.0],[38.81115,7.63975,0.0],[38.8114,7.63938,0.0],[38.81153,7.63908,0.0],[38.81162,7.63871,0.0],[38.81156,7.63846,0.0],[38.81164,7.63814,0.0],[38.81157,7.63777,0.0],[38.81167,7.63753,0.0],[38.81146,7.63711,0.0],[38.81137,7.63668,0.0],[38.8114,7.63635,0.0],[38.81126,7.63591,0.0],[38.8105,7.63502,0.0],[38.81078,7.63523,0.0],[38.81104,7.63566,0.0],[38.81009,7.6347,0.0],[38.81005,7.63441,0.0],[38.81007,7.63398,0.0],[38.80985,7.63359,0.0],[38.8095,7.63362,0.0],[38.80917,7.63375,0.0],[38.80898,7.63413,0.0],[38.80896,7.63449,0.0],[38.80923,7.63471,0.0],[38.80938,7.63498,0.0],[38.80884,7.63532,0.0],[38.80929,7.63569,0.0],[38.80949,7.63599,0.0],[38.80946,7.63643,0.0],[38.8097,7.63691,0.0],[38.80996,7.63745,0.0],[38.81005,7.63777,0.0],[38.81016,7.63816,0.0],[38.80987,7.63858,0.0],[38.80962,7.63925,0.0],[38.80968,7.63961,0.0],[38.80957,7.63999,0.0],[38.80971,7.64028,0.0],[38.81002,7.64066,0.0],[38.81048,7.64093,0.0],[38.81054,7.64127,0.0],[38.81054,7.64165,0.0],[38.81034,7.64184,0.0],[38.8102,7.64217,0.0],[38.80981,7.64245,0.0],[38.80942,7.64285,0.0],[38.80917,7.64319,0.0],[38.80887,7.64351,0.0],[38.80849,7.64376,0.0],[38.8084,7.6441,0.0],[38.80804,7.6443,0.0],[38.80772,7.64452,0.0],[38.80719,7.6446,0.0],[38.80602,7.64428,0.0],[38.80564,7.64413,0.0],[38.80533,7.64388,0.0],[38.80502,7.64364,0.0],[38.80467,7.64367,0.0],[38.8047,7.64407,0.0],[38.80452,7.64422,0.0],[38.80407,7.64439,0.0],[38.80385,7.6447,0.0],[38.80363,7.645,0.0],[38.80331,7.64523,0.0],[38.80239,7.64674,0.0],[38.8024,7.64682,0.0],[38.80213,7.64725,0.0],[38.80198,7.64743,0.0],[38.80176,7.64761,0.0],[38.80157,7.64795,0.0],[38.80161,7.64827,0.0],[38.8015,7.6486,0.0],[38.80122,7.64887,0.0],[38.8011,7.64913,0.0],[38.80091,7.64947,0.0],[38.80018,7.65051,0.0],[38.80008,7.65093,0.0],[38.79988,7.6512,0.0],[38.79967,7.65146,0.0],[38.79948,7.65181,0.0],[38.79905,7.65209,0.0],[38.79889,7.65211,0.0],[38.79861,7.65238,0.0],[38.79849,7.65264,0.0],[38.79837,7.65298,0.0],[38.79825,7.65324,0.0],[38.79797,7.65352,0.0],[38.79793,7.65385,0.0],[38.79757,7.65413,0.0],[38.79728,7.65433,0.0],[38.79699,7.65452,0.0],[38.79678,7.65479,0.0],[38.79666,7.65513,0.0],[38.79631,7.6555,0.0],[38.79579,7.6558,0.0],[38.79511,7.65637,0.0],[38.79467,7.65675,0.0],[38.79444,7.65694,0.0],[38.79424,7.65729,0.0],[38.79412,7.65755,0.0],[38.79375,7.65792,0.0],[38.79354,7.6582,0.0],[38.79359,7.65852,0.0],[38.79366,7.65894,0.0],[38.79373,7.65935,0.0],[38.79377,7.65959,0.0],[38.79382,7.65992,0.0],[38.79387,7.66025,0.0],[38.79393,7.66058,0.0],[38.79398,7.66092,0.0],[38.79405,7.66133,0.0],[38.79375,7.66161,0.0],[38.79345,7.6619,0.0],[38.79316,7.66218,0.0],[38.79322,7.6626,0.0],[38.79329,7.66302,0.0],[38.79335,7.66343,0.0],[38.79342,7.66385,0.0],[38.79339,7.66428,0.0],[38.79319,7.66464,0.0],[38.79289,7.66484,0.0],[38.79248,7.66497,0.0],[38.79223,7.665,0.0],[38.79189,7.66504,0.0],[38.79167,7.66531,0.0],[38.79136,7.66552,0.0],[38.78963,7.66552,0.0],[38.78947,7.66563,0.0],[38.78916,7.66583,0.0],[38.78882,7.66586,0.0],[38.78848,7.6659,0.0],[38.78818,7.66619,0.0],[38.78814,7.66653,0.0],[38.78793,7.66681,0.0],[38.78759,7.66685,0.0],[38.78726,7.66697,0.0],[38.78704,7.66725,0.0],[38.78674,7.66754,0.0],[38.7866,7.66781,0.0],[38.78626,7.66785,0.0],[38.78581,7.66772,0.0],[38.78553,7.66758,0.0],[38.7854,7.66725,0.0],[38.78517,7.66684,0.0],[38.78488,7.66661,0.0],[38.78474,7.66629,0.0],[38.78467,7.66578,0.0],[38.78447,7.66554,0.0],[38.7841,7.66541,0.0],[38.78387,7.66501,0.0],[38.78392,7.66475,0.0],[38.78379,7.66442,0.0],[38.78352,7.66437,0.0],[38.78324,7.66414,0.0],[38.7831,7.66381,0.0],[38.78235,7.6633,0.0],[38.78217,7.66324,0.0],[38.78187,7.66293,0.0],[38.78181,7.66251,0.0],[38.78168,7.66219,0.0],[38.78155,7.66187,0.0],[38.78151,7.66154,0.0],[38.78138,7.66121,0.0],[38.78118,7.66098,0.0],[38.78085,7.6611,0.0],[38.78064,7.66138,0.0],[38.78042,7.66165,0.0],[38.7802,7.66193,0.0],[38.77989,7.66213,0.0],[38.77966,7.66232,0.0],[38.77954,7.66267,0.0],[38.7794,7.66294,0.0],[38.77937,7.66328,0.0],[38.77933,7.66362,0.0],[38.77919,7.66389,0.0],[38.77889,7.66418,0.0],[38.77859,7.66447,0.0],[38.77828,7.66475,0.0],[38.77833,7.66509,0.0],[38.77793,7.6653,0.0],[38.77751,7.66535,0.0],[38.7772,7.66564,0.0],[38.77696,7.66575,0.0],[38.77654,7.66579,0.0],[38.77612,7.66584,0.0],[38.77578,7.66588,0.0],[38.77544,7.66591,0.0],[38.77502,7.66596,0.0],[38.77476,7.66599,0.0],[38.77441,7.66585,0.0],[38.77412,7.66563,0.0],[38.774,7.6653,0.0],[38.77394,7.66488,0.0],[38.77365,7.66457,0.0],[38.77338,7.66443,0.0],[38.77304,7.66447,0.0],[38.77272,7.66467,0.0],[38.77246,7.66462,0.0],[38.77192,7.66442,0.0],[38.77166,7.66436,0.0],[38.77129,7.66415,0.0],[38.77101,7.66393,0.0],[38.77073,7.6637,0.0],[38.77069,7.66337,0.0],[38.77072,7.66294,0.0],[38.7707,7.66269,0.0],[38.77066,7.66236,0.0],[38.77046,7.66213,0.0],[38.77011,7.66208,0.0],[38.76991,7.66177,0.0],[38.76962,7.66146,0.0],[38.76865,7.66213,0.0],[38.76867,7.66228,0.0],[38.76853,7.66253,0.0],[38.76806,7.66266,0.0],[38.7681,7.66305,0.0],[38.7683,7.66334,0.0],[38.76851,7.66379,0.0],[38.76867,7.66449,0.0],[38.76871,7.6648,0.0],[38.76866,7.66512,0.0],[38.76838,7.66555,0.0],[38.76818,7.66597,0.0],[38.76812,7.66621,0.0],[38.76817,7.6666,0.0],[38.76819,7.66684,0.0],[38.76806,7.66709,0.0],[38.76765,7.66714,0.0],[38.76732,7.66717,0.0],[38.76707,7.66712,0.0],[38.76674,7.66715,0.0],[38.76639,7.66702,0.0],[38.76605,7.6669,0.0],[38.76582,7.66708,0.0],[38.7656,7.66735,0.0],[38.7653,7.66762,0.0],[38.7649,7.66774,0.0],[38.76465,7.66776,0.0],[38.76433,7.66788,0.0],[38.76402,7.66807,0.0],[38.7638,7.66841,0.0],[38.76367,7.66874,0.0],[38.76336,7.66894,0.0],[38.76223,7.66929,0.0],[38.76199,7.6694,0.0],[38.76175,7.6695,0.0],[38.76152,7.66969,0.0],[38.76155,7.67001,0.0],[38.76158,7.67033,0.0],[38.76161,7.67065,0.0],[38.76156,7.67098,0.0],[38.76151,7.67131,0.0],[38.76154,7.67163,0.0],[38.76157,7.67195,0.0],[38.76125,7.67215,0.0],[38.76095,7.67251,0.0],[38.76064,7.67279,0.0],[38.7606,7.6732,0.0],[38.76038,7.67355,0.0],[38.76033,7.67388,0.0],[38.76027,7.67422,0.0],[38.76014,7.67456,0.0],[38.76,7.67491,0.0],[38.75986,7.67525,0.0],[38.75972,7.6756,0.0],[38.75941,7.67588,0.0],[38.75919,7.67623,0.0],[38.75913,7.67657,0.0],[38.75932,7.6768,0.0],[38.75964,7.6766,0.0],[38.75997,7.67648,0.0],[38.7603,7.67636,0.0],[38.76133,7.67642,0.0],[38.762,7.67634,0.0],[38.76227,7.67648,0.0],[38.76261,7.67652,0.0],[38.76298,7.67681,0.0],[38.763,7.67706,0.0],[38.7632,7.67737,0.0],[38.76348,7.67768,0.0],[38.76368,7.67799,0.0],[38.76396,7.67822,0.0],[38.76429,7.67818,0.0],[38.76461,7.67798,0.0],[38.76503,7.67794,0.0],[38.76543,7.67773,0.0],[38.76587,7.67786,0.0],[38.76623,7.67807,0.0],[38.76635,7.6784,0.0],[38.7667,7.67853,0.0],[38.76704,7.6785,0.0],[38.76746,7.67846,0.0],[38.7678,7.67842,0.0],[38.76816,7.67864,0.0],[38.76849,7.67852,0.0],[38.76862,7.67817,0.0],[38.76858,7.67775,0.0],[38.76871,7.6774,0.0],[38.76901,7.67712,0.0],[38.76935,7.67709,0.0],[38.76968,7.67705,0.0],[38.77001,7.67693,0.0],[38.77034,7.6769,0.0],[38.7706,7.67695,0.0],[38.77081,7.67727,0.0],[38.771,7.67741,0.0],[38.77094,7.67692,0.0],[38.77099,7.67666,0.0],[38.77105,7.6764,0.0],[38.77137,7.67629,0.0],[38.77171,7.67625,0.0],[38.77221,7.6762,0.0],[38.77246,7.67617,0.0],[38.77266,7.67648,0.0],[38.77287,7.67679,0.0],[38.77307,7.67702,0.0],[38.7734,7.67699,0.0],[38.77371,7.67671,0.0],[38.7742,7.67657,0.0],[38.7746,7.67644,0.0],[38.77495,7.67649,0.0],[38.7753,7.67662,0.0],[38.77565,7.67675,0.0],[38.776,7.6768,0.0],[38.77634,7.67684,0.0],[38.77693,7.67678,0.0],[38.77734,7.67674,0.0],[38.77776,7.67669,0.0],[38.77818,7.67665,0.0],[38.77853,7.6767,0.0],[38.7789,7.67691,0.0],[38.77926,7.67704,0.0],[38.7797,7.67717,0.0],[38.77998,7.67731,0.0],[38.78027,7.67753,0.0],[38.78048,7.67784,0.0],[38.7807,7.67816,0.0],[38.78092,7.67848,0.0],[38.78153,7.67969,0.0],[38.78171,7.67976,0.0],[38.78207,7.67989,0.0],[38.78244,7.68003,0.0],[38.78282,7.68025,0.0],[38.78311,7.68047,0.0],[38.78342,7.68079,0.0],[38.78373,7.68118,0.0],[38.78385,7.68142,0.0],[38.78399,7.68184,0.0],[38.78403,7.68209,0.0],[38.78408,7.68243,0.0],[38.78403,7.68269,0.0],[38.78383,7.68306,0.0],[38.78371,7.68343,0.0],[38.78368,7.68378,0.0],[38.78374,7.6842,0.0],[38.78369,7.68447,0.0],[38.78365,7.68482,0.0],[38.78363,7.68526,0.0],[38.7835,7.68554,0.0],[38.78335,7.68574,0.0],[38.78364,7.68596,0.0],[38.78411,7.68625,0.0],[38.78417,7.68669,0.0],[38.78414,7.68704,0.0],[38.78393,7.68742,0.0],[38.78361,7.68755,0.0],[38.7834,7.68793,0.0],[38.78322,7.68848,0.0],[38.78332,7.68934,0.0],[38.78309,7.68954,0.0],[38.78287,7.68976,0.0],[38.78247,7.69,0.0],[38.78217,7.6903,0.0],[38.78194,7.69051,0.0],[38.78172,7.69081,0.0],[38.7821,7.69103,0.0],[38.78233,7.69145,0.0],[38.78247,7.69188,0.0],[38.78252,7.69223,0.0],[38.78256,7.69258,0.0],[38.78254,7.69296,0.0],[38.78251,7.69334,0.0],[38.78221,7.69374,0.0],[38.78198,7.69395,0.0],[38.78173,7.69407,0.0],[38.78195,7.69441,0.0],[38.78217,7.69475,0.0],[38.78255,7.69489,0.0],[38.78289,7.69485,0.0],[38.78327,7.69499,0.0],[38.7834,7.69533,0.0],[38.78337,7.69571,0.0],[38.78333,7.69672,0.0],[38.78369,7.69677,0.0],[38.78405,7.69682,0.0],[38.78433,7.69688,0.0],[38.78428,7.69716,0.0],[38.78471,7.69711,0.0],[38.78499,7.69717,0.0],[38.78486,7.69755,0.0],[38.7849,7.69782,0.0],[38.78528,7.69796,0.0],[38.78556,7.69811,0.0],[38.78562,7.69848,0.0],[38.78575,7.69875,0.0],[38.78599,7.69854,0.0],[38.78621,7.69823,0.0],[38.78662,7.69857,0.0],[38.78676,7.69893,0.0],[38.78682,7.6993,0.0],[38.78697,7.69967,0.0],[38.78721,7.70002,0.0],[38.78756,7.69998,0.0],[38.78793,7.70004,0.0],[38.78828,7.7,0.0],[38.78862,7.70044,0.0],[38.78876,7.70072,0.0],[38.78908,7.70106,0.0],[38.7894,7.70132,0.0],[38.78981,7.70165,0.0],[38.79003,7.70191,0.0],[38.79018,7.70228,0.0],[38.79035,7.70283,0.0],[38.79039,7.70311,0.0],[38.79018,7.70351,0.0],[38.78997,7.70391,0.0],[38.78994,7.70429,0.0],[38.78963,7.70471,0.0],[38.78927,7.70475,0.0],[38.78883,7.70479,0.0],[38.7885,7.70502,0.0],[38.78855,7.7054,0.0],[38.78807,7.70583,0.0],[38.78718,7.70602,0.0],[38.78721,7.70621,0.0],[38.78707,7.70651,0.0],[38.78671,7.70655,0.0],[38.78638,7.70678,0.0],[38.78615,7.70709,0.0],[38.78581,7.70732,0.0],[38.78548,7.70755,0.0],[38.78515,7.70778,0.0],[38.7848,7.70791,0.0],[38.7843,7.70826,0.0],[38.78396,7.70849,0.0],[38.78367,7.70833,0.0],[38.78353,7.70796,0.0],[38.78306,7.70791,0.0],[38.78279,7.70794,0.0],[38.78247,7.70827,0.0],[38.78251,7.70855,0.0],[38.78212,7.7084,0.0],[38.78179,7.70863,0.0],[38.78145,7.70886,0.0],[38.78122,7.70918,0.0],[38.78075,7.70913,0.0],[38.78027,7.70898,0.0],[38.77948,7.70848,0.0],[38.77939,7.70849,0.0],[38.77904,7.70863,0.0],[38.7787,7.70885,0.0],[38.77825,7.7089,0.0],[38.77787,7.70884,0.0],[38.77749,7.70869,0.0],[38.77718,7.70843,0.0],[38.7768,7.70828,0.0],[38.77626,7.70833,0.0],[38.77592,7.70856,0.0],[38.77558,7.70879,0.0],[38.77524,7.70902,0.0],[38.7749,7.70924,0.0],[38.77446,7.70939,0.0],[38.7741,7.70942,0.0],[38.77374,7.70946,0.0],[38.7734,7.70969,0.0],[38.77302,7.70963,0.0],[38.77265,7.70957,0.0],[38.7722,7.70962,0.0],[38.77184,7.70966,0.0],[38.77149,7.70979,0.0],[38.77116,7.71011,0.0],[38.77081,7.71034,0.0],[38.77036,7.71039,0.0],[38.77,7.71043,0.0],[38.76877,7.71007,0.0],[38.7684,7.71001,0.0],[38.76803,7.70995,0.0],[38.76767,7.70999,0.0],[38.76722,7.71003,0.0],[38.76686,7.71007,0.0],[38.76649,7.71011,0.0],[38.76595,7.71017,0.0],[38.76574,7.7099,0.0],[38.76526,7.70966,0.0],[38.7649,7.70969,0.0],[38.76456,7.70992,0.0],[38.76411,7.70997,0.0],[38.76389,7.70961,0.0],[38.76351,7.70945,0.0],[38.76315,7.70949,0.0],[38.7627,7.70954,0.0],[38.76234,7.70957,0.0],[38.76177,7.70925,0.0],[38.76139,7.70909,0.0],[38.76119,7.70892,0.0],[38.76107,7.70855,0.0],[38.76103,7.70807,0.0],[38.76063,7.70763,0.0],[38.76041,7.70718,0.0],[38.76029,7.7069,0.0],[38.76025,7.70643,0.0],[38.76023,7.70615,0.0],[38.76019,7.70568,0.0],[38.76024,7.7052,0.0],[38.76034,7.70434,0.0],[38.76032,7.70406,0.0],[38.76029,7.70369,0.0],[38.76017,7.70332,0.0],[38.7598,7.70327,0.0],[38.75976,7.70281,0.0],[38.75982,7.70243,0.0],[38.75979,7.70206,0.0],[38.75968,7.70179,0.0],[38.75947,7.70144,0.0],[38.75917,7.7011,0.0],[38.75906,7.70083,0.0],[38.75877,7.70058,0.0],[38.7584,7.70044,0.0],[38.75836,7.69998,0.0],[38.75842,7.6996,0.0],[38.75848,7.69923,0.0],[38.75854,7.69885,0.0],[38.75859,7.69848,0.0],[38.75844,7.69781,0.0],[38.75838,7.69735,0.0],[38.75832,7.69688,0.0],[38.75799,7.69569,0.0],[38.75755,7.69508,0.0],[38.75745,7.69425,0.0],[38.75707,7.69336,0.0],[38.75692,7.69292,0.0],[38.75658,7.6923,0.0],[38.75611,7.69143,0.0],[38.75615,7.69039,0.0],[38.75569,7.68952,0.0],[38.75538,7.68846,0.0],[38.75497,7.68732,0.0],[38.75496,7.6865,0.0],[38.75477,7.68571,0.0],[38.75531,7.6844,0.0],[38.75572,7.6841,0.0],[38.75629,7.68378,0.0],[38.75671,7.68294,0.0],[38.75729,7.68262,0.0],[38.75666,7.6825,0.0],[38.75581,7.68206,0.0],[38.75533,7.68167,0.0],[38.75494,7.68135,0.0],[38.75486,7.68066,0.0],[38.75481,7.67954,0.0],[38.75462,7.67869,0.0],[38.7546,7.67783,0.0],[38.75415,7.67701,0.0],[38.75389,7.67626,0.0],[38.75362,7.67552,0.0],[38.75345,7.67477,0.0],[38.75303,7.67421,0.0],[38.75295,7.67354,0.0],[38.75242,7.67334,0.0],[38.75192,7.67348,0.0],[38.75136,7.67379,0.0],[38.75137,7.67464,0.0],[38.75113,7.67552,0.0],[38.75087,7.67623,0.0],[38.75065,7.67729,0.0],[38.75021,7.67802,0.0],[38.75021,7.6788,0.0],[38.75067,7.6798,0.0],[38.75087,7.68073,0.0],[38.75127,7.682,0.0],[38.75081,7.68257,0.0],[38.75064,7.68339,0.0],[38.74983,7.68393,0.0],[38.74931,7.6847,0.0],[38.74858,7.68531,0.0],[38.74788,7.6853,0.0],[38.74742,7.68588,0.0],[38.74729,7.68634,0.0],[38.74684,7.6863,0.0],[38.74645,7.6867,0.0],[38.74614,7.68718,0.0],[38.74563,7.68732,0.0],[38.74495,7.68757,0.0],[38.74439,7.68808,0.0],[38.74401,7.68785,0.0],[38.74366,7.68789,0.0],[38.743,7.68832,0.0],[38.74283,7.68933,0.0],[38.74189,7.6897,0.0],[38.74086,7.68999,0.0],[38.73983,7.69028,0.0],[38.73916,7.69071,0.0],[38.73832,7.69125,0.0],[38.73743,7.69125,0.0],[38.73655,7.69125,0.0],[38.73576,7.69134,0.0],[38.73488,7.69134,0.0],[38.73415,7.69105,0.0],[38.73337,7.69122,0.0],[38.73265,7.69102,0.0],[38.73195,7.69109,0.0],[38.73131,7.6908,0.0],[38.73068,7.69059,0.0],[38.73015,7.69064,0.0],[38.7297,7.69042,0.0],[38.72915,7.69011,0.0],[38.72871,7.69007,0.0],[38.72825,7.68975,0.0],[38.72797,7.68942,0.0],[38.72759,7.68901,0.0],[38.72729,7.68841,0.0],[38.72683,7.68801,0.0],[38.72646,7.68769,0.0],[38.7261,7.68737,0.0],[38.72549,7.68744,0.0],[38.7248,7.68751,0.0],[38.72408,7.68714,0.0],[38.7237,7.68655,0.0],[38.72319,7.68502,0.0],[38.72205,7.68478,0.0],[38.72124,7.68407,0.0],[38.72061,7.68361,0.0],[38.72128,7.68302,0.0],[38.72027,7.68182,0.0],[38.71788,7.67982,0.0]]]}},{"type":"Feature","properties":{"lake_id":"LAKE_LAKE_SHALLA","name":"Lake Shalla","source_name":"Lake Shalla","scale_rank":6,"min_zoom":5.5,"feature_class":"Lake or reservoir","geometry_role":"cartographic waterbody context; not an ED-FLOW node, route or evidence record","source":"ED-FLOW audited Ethiopia waterbody polygons","source_commit":"EDFLOW_Patterns_private_engine_v1_0_0_2026-08-29"},"geometry":{"type":"Polygon","coordinates":[[[38.47404,7.51784,0.0],[38.47374,7.51812,0.0],[38.47226,7.51866,0.0],[38.47137,7.51921,0.0],[38.46991,7.51917,0.0],[38.46873,7.51914,0.0],[38.46757,7.51853,0.0],[38.46672,7.51764,0.0],[38.46556,7.51674,0.0],[38.46468,7.517,0.0],[38.46436,7.51815,0.0],[38.46374,7.51931,0.0],[38.46283,7.52016,0.0],[38.4625,7.52132,0.0],[38.46217,7.52305,0.0],[38.46155,7.5242,0.0],[38.46094,7.52506,0.0],[38.45975,7.52561,0.0],[38.45885,7.52617,0.0],[38.45911,7.52734,0.0],[38.45821,7.52819,0.0],[38.45702,7.52874,0.0],[38.45611,7.52959,0.0],[38.45549,7.53074,0.0],[38.45458,7.53188,0.0],[38.45311,7.53184,0.0],[38.45193,7.53211,0.0],[38.45074,7.53266,0.0],[38.44957,7.53262,0.0],[38.4484,7.5323,0.0],[38.44637,7.53167,0.0],[38.4449,7.53163,0.0],[38.44198,7.53125,0.0],[38.44201,7.5301,0.0],[38.44088,7.52917,0.0],[38.43917,7.52709,0.0],[38.43889,7.52651,0.0],[38.43802,7.52562,0.0],[38.43688,7.52471,0.0],[38.4357,7.52468,0.0],[38.43453,7.52466,0.0],[38.43335,7.52463,0.0],[38.43188,7.52459,0.0],[38.43126,7.52574,0.0],[38.43065,7.52688,0.0],[38.43003,7.52803,0.0],[38.42884,7.52858,0.0],[38.42766,7.52855,0.0],[38.42649,7.52852,0.0],[38.42532,7.52849,0.0],[38.42414,7.52846,0.0],[38.42298,7.52814,0.0],[38.42242,7.52696,0.0],[38.42273,7.5261,0.0],[38.42335,7.52495,0.0],[38.42309,7.52378,0.0],[38.42162,7.52403,0.0],[38.42072,7.52459,0.0],[38.41954,7.52485,0.0],[38.41839,7.52395,0.0],[38.41754,7.52276,0.0],[38.41638,7.52215,0.0],[38.41523,7.52124,0.0],[38.41438,7.52006,0.0],[38.41322,7.51973,0.0],[38.41175,7.5197,0.0],[38.41028,7.51966,0.0],[38.40881,7.51962,0.0],[38.40767,7.51842,0.0],[38.40775,7.51581,0.0],[38.40753,7.51289,0.0],[38.40734,7.50939,0.0],[38.40677,7.50879,0.0],[38.40622,7.50761,0.0],[38.40507,7.507,0.0],[38.40391,7.50667,0.0],[38.40335,7.50549,0.0],[38.40425,7.50465,0.0],[38.40515,7.5038,0.0],[38.40518,7.50264,0.0],[38.40492,7.50118,0.0],[38.40465,7.50001,0.0],[38.40439,7.49884,0.0],[38.40353,7.49794,0.0],[38.40268,7.49704,0.0],[38.40153,7.49585,0.0],[38.40069,7.49466,0.0],[38.40013,7.49348,0.0],[38.39958,7.49202,0.0],[38.39932,7.49084,0.0],[38.39877,7.48937,0.0],[38.3988,7.4885,0.0],[38.39824,7.48732,0.0],[38.39827,7.48616,0.0],[38.39831,7.48471,0.0],[38.39775,7.48382,0.0],[38.3975,7.48236,0.0],[38.39723,7.48118,0.0],[38.39612,7.47912,0.0],[38.39619,7.4765,0.0],[38.3962,7.47592,0.0],[38.39565,7.47445,0.0],[38.39538,7.47386,0.0],[38.39481,7.47297,0.0],[38.39402,7.46975,0.0],[38.39468,7.46715,0.0],[38.39471,7.46598,0.0],[38.39475,7.46453,0.0],[38.39451,7.46249,0.0],[38.39455,7.46103,0.0],[38.39399,7.45985,0.0],[38.39343,7.45896,0.0],[38.39228,7.45806,0.0],[38.39142,7.45746,0.0],[38.39087,7.45628,0.0],[38.39061,7.45482,0.0],[38.39006,7.45364,0.0],[38.38894,7.45157,0.0],[38.38896,7.4507,0.0],[38.389,7.44924,0.0],[38.38932,7.44809,0.0],[38.38993,7.44723,0.0],[38.39055,7.44608,0.0],[38.39059,7.44463,0.0],[38.39032,7.44375,0.0],[38.38915,7.44342,0.0],[38.3886,7.44225,0.0],[38.38804,7.44107,0.0],[38.38808,7.43961,0.0],[38.38841,7.43817,0.0],[38.38903,7.43731,0.0],[38.39021,7.43705,0.0],[38.39111,7.43649,0.0],[38.39115,7.43533,0.0],[38.39059,7.43415,0.0],[38.39004,7.43297,0.0],[38.39036,7.43182,0.0],[38.39155,7.43098,0.0],[38.39393,7.42987,0.0],[38.39482,7.42961,0.0],[38.39572,7.42876,0.0],[38.39691,7.42821,0.0],[38.39752,7.42706,0.0],[38.39814,7.42591,0.0],[38.39933,7.42536,0.0],[38.40051,7.4251,0.0],[38.40228,7.42486,0.0],[38.40375,7.4249,0.0],[38.40494,7.42435,0.0],[38.40614,7.42351,0.0],[38.40705,7.42237,0.0],[38.40795,7.42152,0.0],[38.40885,7.42096,0.0],[38.40946,7.4201,0.0],[38.41121,7.42044,0.0],[38.41268,7.42048,0.0],[38.41444,7.42053,0.0],[38.41562,7.42027,0.0],[38.41681,7.41972,0.0],[38.418,7.41917,0.0],[38.41886,7.42007,0.0],[38.41973,7.42097,0.0],[38.42153,7.42104,0.0],[38.42243,7.42137,0.0],[38.4236,7.42199,0.0],[38.42414,7.42287,0.0],[38.42529,7.42347,0.0],[38.42646,7.42351,0.0],[38.42937,7.42298,0.0],[38.42964,7.42356,0.0],[38.4308,7.42359,0.0],[38.43199,7.42304,0.0],[38.43317,7.42278,0.0],[38.43372,7.42396,0.0],[38.43368,7.42541,0.0],[38.43395,7.42629,0.0],[38.43487,7.42515,0.0],[38.43548,7.4243,0.0],[38.4358,7.42344,0.0],[38.43696,7.42405,0.0],[38.43813,7.42437,0.0],[38.43931,7.42441,0.0],[38.44047,7.42444,0.0],[38.44281,7.42479,0.0],[38.44369,7.42481,0.0],[38.44487,7.42455,0.0],[38.44605,7.42429,0.0],[38.4475,7.42491,0.0],[38.44866,7.42523,0.0],[38.44984,7.42526,0.0],[38.45101,7.42529,0.0],[38.45217,7.42562,0.0],[38.45334,7.42594,0.0],[38.45449,7.42655,0.0],[38.45592,7.42805,0.0],[38.4565,7.42864,0.0],[38.45646,7.4301,0.0],[38.45643,7.43156,0.0],[38.4561,7.43271,0.0],[38.45578,7.43387,0.0],[38.45574,7.43503,0.0],[38.45571,7.43619,0.0],[38.45568,7.43735,0.0],[38.45624,7.43853,0.0],[38.45619,7.43998,0.0],[38.45615,7.44143,0.0],[38.45611,7.4426,0.0],[38.45727,7.44321,0.0],[38.45817,7.44265,0.0],[38.45937,7.44182,0.0],[38.46055,7.44185,0.0],[38.46174,7.44159,0.0],[38.46294,7.44076,0.0],[38.46441,7.44021,0.0],[38.46531,7.43965,0.0],[38.46647,7.43968,0.0],[38.46762,7.44058,0.0],[38.46818,7.44146,0.0],[38.46903,7.44265,0.0],[38.47049,7.44269,0.0],[38.47166,7.44301,0.0],[38.47252,7.44391,0.0],[38.47367,7.44481,0.0],[38.47482,7.44542,0.0],[38.47598,7.44603,0.0],[38.47713,7.44665,0.0],[38.47862,7.4461,0.0],[38.47951,7.44554,0.0],[38.48071,7.4447,0.0],[38.48161,7.44386,0.0],[38.4828,7.44331,0.0],[38.4837,7.44275,0.0],[38.4846,7.4419,0.0],[38.48464,7.44045,0.0],[38.48468,7.43899,0.0],[38.48472,7.43755,0.0],[38.48505,7.43641,0.0],[38.48596,7.43556,0.0],[38.48685,7.43499,0.0],[38.48804,7.43415,0.0],[38.48927,7.43185,0.0],[38.48956,7.43185,0.0],[38.49018,7.43071,0.0],[38.4908,7.42956,0.0],[38.4917,7.42871,0.0],[38.49174,7.42726,0.0],[38.49207,7.42611,0.0],[38.49211,7.42497,0.0],[38.49271,7.42379,0.0],[38.49304,7.42263,0.0],[38.49394,7.42178,0.0],[38.49398,7.42032,0.0],[38.49402,7.41888,0.0],[38.49406,7.41774,0.0],[38.49496,7.41689,0.0],[38.49614,7.41632,0.0],[38.49705,7.41547,0.0],[38.49822,7.41549,0.0],[38.49907,7.41638,0.0],[38.49997,7.41583,0.0],[38.50001,7.41438,0.0],[38.50004,7.41322,0.0],[38.50037,7.41177,0.0],[38.50098,7.41092,0.0],[38.5016,7.4098,0.0],[38.50249,7.40954,0.0],[38.50305,7.41039,0.0],[38.50421,7.411,0.0],[38.50512,7.40985,0.0],[38.50516,7.40841,0.0],[38.5046,7.40722,0.0],[38.50344,7.40665,0.0],[38.50259,7.40576,0.0],[38.50263,7.4043,0.0],[38.50237,7.40285,0.0],[38.50182,7.40173,0.0],[38.50156,7.40059,0.0],[38.50247,7.39947,0.0],[38.50364,7.3994,0.0],[38.50453,7.39882,0.0],[38.50486,7.39774,0.0],[38.50518,7.39663,0.0],[38.50637,7.39604,0.0],[38.50754,7.39607,0.0],[38.50929,7.39612,0.0],[38.51047,7.39615,0.0],[38.51193,7.39622,0.0],[38.51338,7.39632,0.0],[38.51455,7.39657,0.0],[38.51745,7.39854,0.0],[38.51806,7.39768,0.0],[38.51925,7.39713,0.0],[38.51987,7.39598,0.0],[38.52048,7.39487,0.0],[38.52136,7.39409,0.0],[38.52254,7.39386,0.0],[38.52371,7.39389,0.0],[38.52429,7.39496,0.0],[38.52605,7.39528,0.0],[38.52807,7.3962,0.0],[38.52953,7.39655,0.0],[38.53067,7.39718,0.0],[38.53211,7.39839,0.0],[38.53296,7.39957,0.0],[38.5341,7.39966,0.0],[38.53499,7.40047,0.0],[38.53585,7.40165,0.0],[38.53702,7.40168,0.0],[38.53821,7.40113,0.0],[38.53883,7.39998,0.0],[38.53974,7.39883,0.0],[38.54007,7.39767,0.0],[38.54011,7.39622,0.0],[38.54014,7.39477,0.0],[38.54075,7.39365,0.0],[38.54194,7.3931,0.0],[38.54342,7.39311,0.0],[38.54431,7.39228,0.0],[38.54517,7.39152,0.0],[38.54665,7.39179,0.0],[38.54754,7.39181,0.0],[38.54871,7.39156,0.0],[38.54988,7.39132,0.0],[38.55134,7.39135,0.0],[38.55284,7.39134,0.0],[38.55463,7.39022,0.0],[38.55747,7.39047,0.0],[38.55747,7.39094,0.0],[38.55819,7.39191,0.0],[38.55915,7.39266,0.0],[38.56012,7.39317,0.0],[38.56109,7.39321,0.0],[38.56225,7.39332,0.0],[38.56297,7.39405,0.0],[38.5642,7.39502,0.0],[38.56517,7.39529,0.0],[38.56614,7.39556,0.0],[38.5671,7.39584,0.0],[38.56807,7.39611,0.0],[38.56927,7.3964,0.0],[38.57,7.39714,0.0],[38.57004,7.39803,0.0],[38.57026,7.399,0.0],[38.57023,7.40022,0.0],[38.5702,7.40143,0.0],[38.57018,7.4024,0.0],[38.56991,7.40336,0.0],[38.57013,7.40434,0.0],[38.57059,7.40508,0.0],[38.57226,7.40659,0.0],[38.5725,7.40683,0.0],[38.57469,7.40738,0.0],[38.57494,7.40738,0.0],[38.57564,7.40672,0.0],[38.57687,7.40675,0.0],[38.57833,7.40655,0.0],[38.57882,7.40657,0.0],[38.58078,7.40661,0.0],[38.58152,7.40663,0.0],[38.58252,7.40688,0.0],[38.58327,7.40736,0.0],[38.58398,7.40668,0.0],[38.58327,7.40712,0.0],[38.57982,7.40705,0.0],[38.57955,7.40658,0.0],[38.58448,7.40716,0.0],[38.5864,7.40795,0.0],[38.58711,7.40894,0.0],[38.58783,7.40968,0.0],[38.58855,7.41067,0.0],[38.58902,7.41141,0.0],[38.58925,7.41238,0.0],[38.58972,7.41336,0.0],[38.59094,7.41339,0.0],[38.59167,7.41389,0.0],[38.5919,7.41462,0.0],[38.59312,7.41465,0.0],[38.59433,7.4147,0.0],[38.59553,7.41474,0.0],[38.59656,7.41474,0.0],[38.59755,7.41452,0.0],[38.59854,7.4143,0.0],[38.59881,7.41334,0.0],[38.59859,7.41236,0.0],[38.59852,7.41121,0.0],[38.5991,7.41045,0.0],[38.59987,7.40997,0.0],[38.60087,7.40926,0.0],[38.60163,7.40855,0.0],[38.60239,7.4076,0.0],[38.60314,7.40713,0.0],[38.60388,7.40691,0.0],[38.60415,7.40594,0.0],[38.60442,7.40498,0.0],[38.60493,7.40403,0.0],[38.60616,7.40405,0.0],[38.60663,7.40503,0.0],[38.60735,7.40578,0.0],[38.60782,7.40652,0.0],[38.60833,7.40556,0.0],[38.60909,7.40485,0.0],[38.61007,7.40488,0.0],[38.61106,7.40442,0.0],[38.61204,7.40445,0.0],[38.61327,7.40448,0.0],[38.61424,7.40499,0.0],[38.61521,7.40525,0.0],[38.61643,7.40529,0.0],[38.61766,7.40532,0.0],[38.61862,7.40607,0.0],[38.61957,7.40683,0.0],[38.62029,7.40758,0.0],[38.62102,7.4076,0.0],[38.62105,7.40638,0.0],[38.62253,7.40618,0.0],[38.62301,7.40644,0.0],[38.62396,7.4072,0.0],[38.62466,7.40795,0.0],[38.62489,7.40892,0.0],[38.62488,7.40988,0.0],[38.62485,7.4111,0.0],[38.62576,7.41331,0.0],[38.62526,7.41378,0.0],[38.62405,7.41375,0.0],[38.62307,7.41372,0.0],[38.62209,7.4137,0.0],[38.62157,7.41466,0.0],[38.62179,7.41563,0.0],[38.62276,7.41614,0.0],[38.62348,7.41665,0.0],[38.62297,7.41736,0.0],[38.62198,7.41758,0.0],[38.62124,7.41805,0.0],[38.62171,7.41879,0.0],[38.62217,7.41977,0.0],[38.62264,7.42076,0.0],[38.62285,7.42174,0.0],[38.62283,7.42271,0.0],[38.62256,7.42367,0.0],[38.62227,7.42464,0.0],[38.622,7.42537,0.0],[38.61931,7.42554,0.0],[38.61905,7.42601,0.0],[38.61806,7.42648,0.0],[38.61683,7.42645,0.0],[38.61557,7.42643,0.0],[38.61432,7.42616,0.0],[38.61341,7.42587,0.0],[38.61245,7.4256,0.0],[38.6117,7.42631,0.0],[38.61192,7.42704,0.0],[38.61264,7.42779,0.0],[38.61285,7.42901,0.0],[38.61282,7.42998,0.0],[38.61278,7.43168,0.0],[38.61274,7.4329,0.0],[38.61322,7.43364,0.0],[38.61415,7.4344,0.0],[38.61413,7.43537,0.0],[38.61388,7.43633,0.0],[38.61546,7.43809,0.0],[38.6143,7.43804,0.0],[38.61353,7.43852,0.0],[38.61395,7.43927,0.0],[38.61464,7.43979,0.0],[38.61532,7.44054,0.0],[38.61578,7.44152,0.0],[38.61624,7.44251,0.0],[38.6167,7.44325,0.0],[38.61669,7.4447,0.0],[38.61743,7.44544,0.0],[38.61818,7.44618,0.0],[38.61916,7.44669,0.0],[38.61991,7.44743,0.0],[38.61991,7.44815,0.0],[38.62089,7.44794,0.0],[38.62188,7.4482,0.0],[38.62261,7.44895,0.0],[38.6221,7.44966,0.0],[38.62112,7.44988,0.0],[38.62012,7.45058,0.0],[38.6201,7.45131,0.0],[38.62081,7.45206,0.0],[38.62179,7.45208,0.0],[38.62278,7.45187,0.0],[38.62401,7.4519,0.0],[38.62473,7.45143,0.0],[38.62501,7.45023,0.0],[38.62601,7.44977,0.0],[38.62724,7.4498,0.0],[38.62824,7.44958,0.0],[38.62874,7.44838,0.0],[38.62875,7.44765,0.0],[38.62948,7.44646,0.0],[38.62998,7.44575,0.0],[38.63096,7.44602,0.0],[38.63145,7.44676,0.0],[38.63194,7.44798,0.0],[38.63219,7.44871,0.0],[38.63265,7.44945,0.0],[38.63335,7.45044,0.0],[38.63405,7.45143,0.0],[38.63495,7.45389,0.0],[38.63492,7.45486,0.0],[38.63489,7.45583,0.0],[38.63584,7.45659,0.0],[38.63581,7.4578,0.0],[38.63579,7.45853,0.0],[38.63528,7.45924,0.0],[38.63429,7.45995,0.0],[38.63331,7.4604,0.0],[38.63279,7.46136,0.0],[38.63252,7.46257,0.0],[38.63249,7.46354,0.0],[38.63295,7.46452,0.0],[38.63366,7.46552,0.0],[38.63437,7.46675,0.0],[38.63436,7.46772,0.0],[38.63409,7.46868,0.0],[38.63358,7.46988,0.0],[38.63356,7.47086,0.0],[38.63352,7.47207,0.0],[38.63392,7.475,0.0],[38.6339,7.47548,0.0],[38.63387,7.47645,0.0],[38.6336,7.47742,0.0],[38.63309,7.47838,0.0],[38.63212,7.47884,0.0],[38.63136,7.47955,0.0],[38.63085,7.4805,0.0],[38.63057,7.48147,0.0],[38.6303,7.48268,0.0],[38.6293,7.48338,0.0],[38.62927,7.48435,0.0],[38.62925,7.48532,0.0],[38.62922,7.48629,0.0],[38.62895,7.48726,0.0],[38.62817,7.4887,0.0],[38.62667,7.48987,0.0],[38.6264,7.49108,0.0],[38.62613,7.4918,0.0],[38.62513,7.4925,0.0],[38.62461,7.49322,0.0],[38.62382,7.49416,0.0],[38.62281,7.49462,0.0],[38.62133,7.49482,0.0],[38.62036,7.49455,0.0],[38.61941,7.49405,0.0],[38.61846,7.49354,0.0],[38.61775,7.49304,0.0],[38.61753,7.4923,0.0],[38.61798,7.49328,0.0],[38.61817,7.49426,0.0],[38.61813,7.49522,0.0],[38.61811,7.49619,0.0],[38.61807,7.49741,0.0],[38.61781,7.49837,0.0],[38.61683,7.49884,0.0],[38.6161,7.49931,0.0],[38.61533,7.50026,0.0],[38.61458,7.50096,0.0],[38.61382,7.50167,0.0],[38.61352,7.50263,0.0],[38.61298,7.50358,0.0],[38.61061,7.50354,0.0],[38.61034,7.5045,0.0],[38.60959,7.50497,0.0],[38.60863,7.50446,0.0],[38.60764,7.50443,0.0],[38.60688,7.50465,0.0],[38.60582,7.50533,0.0],[38.60462,7.5053,0.0],[38.60397,7.50433,0.0],[38.60326,7.50359,0.0],[38.60179,7.50355,0.0],[38.59979,7.50422,0.0],[38.59899,7.50418,0.0],[38.59797,7.50487,0.0],[38.5972,7.50557,0.0],[38.59618,7.50675,0.0],[38.59568,7.50723,0.0],[38.59493,7.50794,0.0],[38.59397,7.50841,0.0],[38.59304,7.50865,0.0],[38.59233,7.50889,0.0],[38.59155,7.50959,0.0],[38.59006,7.51028,0.0],[38.5891,7.51026,0.0],[38.58788,7.51023,0.0],[38.5869,7.5102,0.0],[38.58591,7.51066,0.0],[38.58516,7.51113,0.0],[38.5844,7.51183,0.0],[38.58363,7.51253,0.0],[38.58043,7.51293,0.0],[38.58042,7.51366,0.0],[38.58014,7.51462,0.0],[38.58051,7.51555,0.0],[38.58048,7.51652,0.0],[38.58025,7.51751,0.0],[38.57979,7.5185,0.0],[38.57975,7.51947,0.0],[38.57923,7.52042,0.0],[38.57872,7.52138,0.0],[38.57818,7.52281,0.0],[38.57767,7.52328,0.0],[38.57691,7.52398,0.0],[38.57597,7.52398,0.0],[38.57499,7.52421,0.0],[38.57446,7.52516,0.0],[38.57416,7.52609,0.0],[38.57339,7.52679,0.0],[38.57246,7.5268,0.0],[38.57168,7.52749,0.0],[38.57091,7.52818,0.0],[38.56968,7.52814,0.0],[38.56923,7.52718,0.0],[38.56854,7.5262,0.0],[38.56784,7.52546,0.0],[38.56713,7.52472,0.0],[38.56616,7.52421,0.0],[38.56571,7.52324,0.0],[38.56474,7.52272,0.0],[38.5622,7.52307,0.0],[38.5617,7.52305,0.0],[38.56104,7.52235,0.0],[38.5601,7.52187,0.0],[38.55912,7.52184,0.0],[38.55833,7.52226,0.0],[38.55753,7.52292,0.0],[38.5563,7.52288,0.0],[38.55533,7.52261,0.0],[38.55434,7.52258,0.0],[38.55309,7.52251,0.0],[38.55242,7.52181,0.0],[38.5515,7.52135,0.0],[38.55079,7.52161,0.0],[38.55051,7.52256,0.0],[38.55023,7.52352,0.0],[38.54972,7.52423,0.0],[38.54877,7.52423,0.0],[38.54779,7.52446,0.0],[38.54556,7.52512,0.0],[38.54483,7.52485,0.0],[38.54385,7.52457,0.0],[38.54314,7.52384,0.0],[38.54241,7.52307,0.0],[38.54172,7.52211,0.0],[38.54101,7.52136,0.0],[38.54055,7.52063,0.0],[38.53953,7.52105,0.0],[38.5383,7.52101,0.0],[38.53735,7.52053,0.0],[38.53639,7.52027,0.0],[38.53542,7.52001,0.0],[38.5347,7.5195,0.0],[38.53398,7.51876,0.0],[38.53301,7.51849,0.0],[38.53202,7.51871,0.0],[38.53102,7.51915,0.0],[38.53052,7.52013,0.0],[38.53073,7.5211,0.0],[38.53095,7.52207,0.0],[38.53117,7.52305,0.0],[38.53163,7.52403,0.0],[38.53259,7.52478,0.0],[38.5333,7.52552,0.0],[38.53376,7.52649,0.0],[38.53422,7.52747,0.0],[38.53419,7.52843,0.0],[38.53415,7.52964,0.0],[38.53388,7.5306,0.0],[38.53336,7.53155,0.0],[38.53237,7.53201,0.0],[38.5314,7.53199,0.0],[38.53041,7.53247,0.0],[38.52966,7.53345,0.0],[38.52916,7.53442,0.0],[38.52961,7.53539,0.0],[38.52935,7.53636,0.0],[38.52931,7.53732,0.0],[38.52904,7.53801,0.0],[38.52804,7.5387,0.0],[38.52752,7.53939,0.0],[38.52653,7.53985,0.0],[38.52531,7.53983,0.0],[38.52434,7.53982,0.0],[38.52337,7.53958,0.0],[38.52241,7.53909,0.0],[38.5209,7.54049,0.0],[38.51945,7.53998,0.0],[38.51874,7.53874,0.0],[38.51853,7.53753,0.0],[38.51782,7.5365,0.0],[38.51709,7.53568,0.0],[38.5164,7.5345,0.0],[38.5157,7.53356,0.0],[38.51498,7.5328,0.0],[38.514,7.53274,0.0],[38.51327,7.53248,0.0],[38.51232,7.53176,0.0],[38.5116,7.53126,0.0],[38.51061,7.53149,0.0],[38.50936,7.53206,0.0],[38.50861,7.53252,0.0],[38.5081,7.53347,0.0],[38.50735,7.53425,0.0],[38.50611,7.53492,0.0],[38.5056,7.53535,0.0],[38.50461,7.5358,0.0],[38.50363,7.53604,0.0],[38.50265,7.53627,0.0],[38.50142,7.53626,0.0],[38.5002,7.53624,0.0],[38.49923,7.53575,0.0],[38.49827,7.53526,0.0],[38.49729,7.53501,0.0],[38.49631,7.53523,0.0],[38.49534,7.53491,0.0],[38.49462,7.53421,0.0],[38.49365,7.53371,0.0],[38.49293,7.5332,0.0],[38.49202,7.53074,0.0],[38.49178,7.53073,0.0],[38.49131,7.52975,0.0],[38.49085,7.529,0.0],[38.49039,7.528,0.0],[38.49114,7.52706,0.0],[38.49213,7.52661,0.0],[38.49313,7.52593,0.0],[38.49315,7.52495,0.0],[38.49367,7.524,0.0],[38.49394,7.52304,0.0],[38.49351,7.52145,0.0],[38.4933,7.52089,0.0],[38.49334,7.51943,0.0],[38.49336,7.5187,0.0],[38.49338,7.51775,0.0],[38.49341,7.51634,0.0],[38.49342,7.51543,0.0],[38.49343,7.51452,0.0],[38.49371,7.51332,0.0],[38.49374,7.51235,0.0],[38.49377,7.51114,0.0],[38.49331,7.51015,0.0],[38.49284,7.50941,0.0],[38.49161,7.50938,0.0],[38.49039,7.50935,0.0],[38.48964,7.50981,0.0],[38.48889,7.51028,0.0],[38.48791,7.51072,0.0],[38.48718,7.51137,0.0],[38.48645,7.51203,0.0],[38.48545,7.5125,0.0],[38.48443,7.51303,0.0],[38.48367,7.51352,0.0],[38.48291,7.51423,0.0],[38.48216,7.51495,0.0],[38.48117,7.5154,0.0],[38.48019,7.51561,0.0],[38.4792,7.51583,0.0],[38.47698,7.51626,0.0],[38.47674,7.51625,0.0],[38.475,7.51695,0.0],[38.47404,7.51784,0.0]]]}},{"type":"Feature","properties":{"lake_id":"LAKE_LAKE_ZIWAY","name":"Lake Ziway","source_name":"Lake Ziway","scale_rank":6,"min_zoom":5.5,"feature_class":"Lake or reservoir","geometry_role":"cartographic waterbody context; not an ED-FLOW node, route or evidence record","source":"ED-FLOW audited Ethiopia waterbody polygons","source_commit":"EDFLOW_Patterns_private_engine_v1_0_0_2026-08-29"},"geometry":{"type":"Polygon","coordinates":[[[38.72825,7.95636,0.0],[38.72817,7.95619,0.0],[38.72921,7.95439,0.0],[38.7293,7.9537,0.0],[38.7293,7.95241,0.0],[38.72904,7.95189,0.0],[38.72878,7.95137,0.0],[38.72844,7.95068,0.0],[38.72783,7.94991,0.0],[38.72697,7.95034,0.0],[38.72618,7.95094,0.0],[38.72558,7.95103,0.0],[38.72506,7.95042,0.0],[38.72463,7.94956,0.0],[38.72506,7.9487,0.0],[38.72558,7.94801,0.0],[38.72584,7.94724,0.0],[38.7255,7.94569,0.0],[38.72637,7.94397,0.0],[38.72628,7.9438,0.0],[38.72629,7.94294,0.0],[38.72594,7.94225,0.0],[38.7256,7.94156,0.0],[38.72525,7.94087,0.0],[38.72491,7.94019,0.0],[38.72491,7.93933,0.0],[38.725,7.93864,0.0],[38.72552,7.93752,0.0],[38.72579,7.93675,0.0],[38.72666,7.93632,0.0],[38.72726,7.93581,0.0],[38.7277,7.93538,0.0],[38.72848,7.93478,0.0],[38.72909,7.93383,0.0],[38.72901,7.9328,0.0],[38.72909,7.93211,0.0],[38.72909,7.93125,0.0],[38.7291,7.93039,0.0],[38.7291,7.92953,0.0],[38.7291,7.92867,0.0],[38.72919,7.92755,0.0],[38.72902,7.92678,0.0],[38.72902,7.92592,0.0],[38.72876,7.92497,0.0],[38.72842,7.92385,0.0],[38.72808,7.92317,0.0],[38.7279,7.92239,0.0],[38.72765,7.92145,0.0],[38.72782,7.9205,0.0],[38.72835,7.91939,0.0],[38.72853,7.91888,0.0],[38.72913,7.91836,0.0],[38.72992,7.91819,0.0],[38.73078,7.91819,0.0],[38.73148,7.91871,0.0],[38.73226,7.91897,0.0],[38.73313,7.91854,0.0],[38.73469,7.91648,0.0],[38.73452,7.9157,0.0],[38.73521,7.91536,0.0],[38.73574,7.91467,0.0],[38.73712,7.91397,0.0],[38.7373,7.91346,0.0],[38.73835,7.91252,0.0],[38.73861,7.91218,0.0],[38.7387,7.9115,0.0],[38.73827,7.91064,0.0],[38.73809,7.90943,0.0],[38.73809,7.909,0.0],[38.73835,7.90822,0.0],[38.73853,7.90727,0.0],[38.73879,7.9065,0.0],[38.7394,7.90512,0.0],[38.73975,7.90452,0.0],[38.74062,7.90409,0.0],[38.74088,7.90333,0.0],[38.74115,7.90256,0.0],[38.74167,7.90187,0.0],[38.74228,7.90093,0.0],[38.7428,7.90024,0.0],[38.74307,7.89946,0.0],[38.74359,7.89878,0.0],[38.74455,7.89853,0.0],[38.74506,7.89912,0.0],[38.7455,7.89998,0.0],[38.74636,7.89998,0.0],[38.74706,7.89964,0.0],[38.74784,7.89947,0.0],[38.74879,7.89921,0.0],[38.7494,7.89913,0.0],[38.7514,7.89836,0.0],[38.75227,7.89837,0.0],[38.75314,7.89794,0.0],[38.75401,7.89751,0.0],[38.75471,7.8976,0.0],[38.75505,7.89829,0.0],[38.75557,7.8989,0.0],[38.75592,7.89959,0.0],[38.75653,7.89994,0.0],[38.75722,7.90046,0.0],[38.75791,7.90097,0.0],[38.75861,7.90148,0.0],[38.75939,7.90174,0.0],[38.76008,7.90141,0.0],[38.76077,7.90105,0.0],[38.76121,7.90061,0.0],[38.76148,7.89987,0.0],[38.76131,7.89909,0.0],[38.76113,7.89831,0.0],[38.76096,7.89753,0.0],[38.76053,7.89667,0.0],[38.76018,7.89598,0.0],[38.76018,7.89512,0.0],[38.76027,7.89443,0.0],[38.7607,7.89356,0.0],[38.76131,7.89305,0.0],[38.76201,7.89272,0.0],[38.76271,7.89238,0.0],[38.76349,7.89221,0.0],[38.76427,7.89205,0.0],[38.76532,7.89154,0.0],[38.76584,7.89128,0.0],[38.76601,7.89033,0.0],[38.7661,7.88964,0.0],[38.76697,7.88921,0.0],[38.76784,7.88878,0.0],[38.76853,7.88843,0.0],[38.7694,7.88802,0.0],[38.7701,7.88769,0.0],[38.7708,7.88736,0.0],[38.77149,7.88698,0.0],[38.77236,7.88697,0.0],[38.7734,7.88731,0.0],[38.77518,7.88814,0.0],[38.77536,7.88805,0.0],[38.77607,7.88729,0.0],[38.77651,7.88686,0.0],[38.77713,7.88592,0.0],[38.77731,7.88541,0.0],[38.77733,7.88456,0.0],[38.77778,7.8837,0.0],[38.77848,7.88336,0.0],[38.77924,7.88319,0.0],[38.78009,7.88275,0.0],[38.78077,7.8824,0.0],[38.78129,7.88171,0.0],[38.78154,7.88093,0.0],[38.78154,7.88007,0.0],[38.78172,7.87912,0.0],[38.78242,7.87878,0.0],[38.78287,7.87793,0.0],[38.78349,7.87742,0.0],[38.7841,7.87691,0.0],[38.78489,7.87631,0.0],[38.78524,7.87571,0.0],[38.78576,7.87503,0.0],[38.78654,7.87486,0.0],[38.78724,7.87451,0.0],[38.78949,7.87383,0.0],[38.79001,7.874,0.0],[38.79078,7.87382,0.0],[38.79079,7.87297,0.0],[38.79071,7.87194,0.0],[38.79158,7.87151,0.0],[38.79235,7.87133,0.0],[38.79339,7.87125,0.0],[38.79418,7.87065,0.0],[38.79444,7.86987,0.0],[38.79401,7.86902,0.0],[38.79358,7.86816,0.0],[38.79358,7.8673,0.0],[38.79385,7.8661,0.0],[38.79472,7.86567,0.0],[38.79559,7.86567,0.0],[38.79663,7.86559,0.0],[38.7975,7.86516,0.0],[38.79794,7.8643,0.0],[38.79846,7.86362,0.0],[38.79864,7.86267,0.0],[38.79933,7.86233,0.0],[38.80029,7.86207,0.0],[38.80098,7.86173,0.0],[38.80176,7.86156,0.0],[38.80254,7.86138,0.0],[38.80331,7.86164,0.0],[38.8041,7.86147,0.0],[38.80496,7.8619,0.0],[38.80592,7.86207,0.0],[38.80679,7.86208,0.0],[38.80757,7.86191,0.0],[38.80844,7.86192,0.0],[38.80896,7.86252,0.0],[38.80965,7.86303,0.0],[38.81043,7.86329,0.0],[38.81139,7.86346,0.0],[38.81347,7.86329,0.0],[38.81382,7.86269,0.0],[38.81382,7.8614,0.0],[38.81408,7.86063,0.0],[38.81435,7.85986,0.0],[38.814,7.85917,0.0],[38.81392,7.85857,0.0],[38.81461,7.85822,0.0],[38.81548,7.85823,0.0],[38.81652,7.85771,0.0],[38.81739,7.85772,0.0],[38.81826,7.85772,0.0],[38.81895,7.85737,0.0],[38.81965,7.85703,0.0],[38.82052,7.8566,0.0],[38.82139,7.85618,0.0],[38.82226,7.85576,0.0],[38.82305,7.85559,0.0],[38.824,7.85534,0.0],[38.82496,7.85508,0.0],[38.82557,7.855,0.0],[38.82652,7.85474,0.0],[38.82739,7.85474,0.0],[38.82826,7.85475,0.0],[38.82887,7.85509,0.0],[38.82947,7.85544,0.0],[38.83025,7.85569,0.0],[38.83112,7.8557,0.0],[38.83199,7.85527,0.0],[38.83286,7.85527,0.0],[38.83373,7.85528,0.0],[38.83459,7.85528,0.0],[38.83546,7.85571,0.0],[38.83624,7.85597,0.0],[38.83711,7.85597,0.0],[38.83815,7.85588,0.0],[38.83884,7.85597,0.0],[38.83928,7.85683,0.0],[38.84023,7.85743,0.0],[38.8411,7.857,0.0],[38.84327,7.85744,0.0],[38.84335,7.85761,0.0],[38.84413,7.85787,0.0],[38.84492,7.8577,0.0],[38.84578,7.8577,0.0],[38.84648,7.85779,0.0],[38.84743,7.85796,0.0],[38.8483,7.85797,0.0],[38.84926,7.85814,0.0],[38.84977,7.85874,0.0],[38.85064,7.85918,0.0],[38.85142,7.85944,0.0],[38.85186,7.85987,0.0],[38.85264,7.86013,0.0],[38.85333,7.86064,0.0],[38.85402,7.86116,0.0],[38.85472,7.86167,0.0],[38.85549,7.86236,0.0],[38.8561,7.8627,0.0],[38.85671,7.86305,0.0],[38.85749,7.86331,0.0],[38.85818,7.86383,0.0],[38.85853,7.86452,0.0],[38.85914,7.86529,0.0],[38.85948,7.86598,0.0],[38.85991,7.86684,0.0],[38.86043,7.86787,0.0],[38.86086,7.86874,0.0],[38.86138,7.86977,0.0],[38.86147,7.87037,0.0],[38.86216,7.87175,0.0],[38.86216,7.87218,0.0],[38.86259,7.87348,0.0],[38.86268,7.87451,0.0],[38.86241,7.87528,0.0],[38.86284,7.877,0.0],[38.86345,7.87821,0.0],[38.8644,7.88011,0.0],[38.86414,7.88088,0.0],[38.86353,7.88139,0.0],[38.86327,7.88217,0.0],[38.86396,7.88268,0.0],[38.86491,7.88286,0.0],[38.86552,7.88363,0.0],[38.86526,7.88483,0.0],[38.865,7.8856,0.0],[38.8656,7.88637,0.0],[38.86603,7.88681,0.0],[38.86638,7.8875,0.0],[38.86673,7.88819,0.0],[38.86716,7.88906,0.0],[38.86768,7.89009,0.0],[38.86776,7.89112,0.0],[38.86785,7.89172,0.0],[38.86645,7.89414,0.0],[38.86619,7.89448,0.0],[38.86584,7.89594,0.0],[38.86619,7.89706,0.0],[38.8674,7.89861,0.0],[38.86705,7.89878,0.0],[38.86653,7.89946,0.0],[38.86592,7.89997,0.0],[38.86523,7.90031,0.0],[38.86496,7.90108,0.0],[38.86548,7.90168,0.0],[38.86583,7.90237,0.0],[38.86565,7.90331,0.0],[38.86609,7.90375,0.0],[38.86696,7.90332,0.0],[38.86713,7.90237,0.0],[38.86765,7.90169,0.0],[38.86826,7.90118,0.0],[38.86878,7.90049,0.0],[38.86939,7.89998,0.0],[38.87008,7.90008,0.0],[38.87095,7.90052,0.0],[38.87155,7.90129,0.0],[38.8719,7.90199,0.0],[38.87268,7.90225,0.0],[38.87293,7.9032,0.0],[38.87285,7.90388,0.0],[38.8725,7.90533,0.0],[38.87241,7.90602,0.0],[38.87241,7.90645,0.0],[38.87319,7.90671,0.0],[38.87405,7.90715,0.0],[38.87387,7.90809,0.0],[38.87396,7.90869,0.0],[38.87431,7.90937,0.0],[38.87466,7.91005,0.0],[38.87466,7.9109,0.0],[38.8751,7.91176,0.0],[38.87527,7.91254,0.0],[38.87561,7.91323,0.0],[38.87605,7.91409,0.0],[38.87656,7.91469,0.0],[38.87708,7.9153,0.0],[38.87786,7.91556,0.0],[38.87838,7.91616,0.0],[38.87838,7.91702,0.0],[38.87855,7.91779,0.0],[38.87846,7.91848,0.0],[38.87889,7.91934,0.0],[38.87924,7.92003,0.0],[38.87967,7.92089,0.0],[38.87984,7.92166,0.0],[38.87984,7.92252,0.0],[38.87967,7.92347,0.0],[38.87915,7.92458,0.0],[38.87914,7.92501,0.0],[38.87845,7.92664,0.0],[38.87828,7.92759,0.0],[38.87836,7.92819,0.0],[38.87941,7.92996,0.0],[38.87915,7.93072,0.0],[38.87949,7.93141,0.0],[38.88001,7.93201,0.0],[38.88053,7.93261,0.0],[38.8814,7.93305,0.0],[38.88175,7.93374,0.0],[38.88175,7.9346,0.0],[38.88192,7.93538,0.0],[38.88253,7.93616,0.0],[38.88305,7.93676,0.0],[38.88357,7.93737,0.0],[38.88409,7.93841,0.0],[38.88452,7.93927,0.0],[38.88486,7.94039,0.0],[38.88503,7.94159,0.0],[38.88495,7.94228,0.0],[38.88503,7.94331,0.0],[38.88451,7.94399,0.0],[38.88407,7.94484,0.0],[38.88424,7.94561,0.0],[38.8845,7.94655,0.0],[38.88493,7.9474,0.0],[38.88484,7.9481,0.0],[38.88484,7.94896,0.0],[38.88501,7.94974,0.0],[38.88553,7.95035,0.0],[38.88683,7.95164,0.0],[38.88753,7.95216,0.0],[38.88831,7.95242,0.0],[38.88918,7.95285,0.0],[38.88996,7.95354,0.0],[38.89056,7.95432,0.0],[38.89091,7.955,0.0],[38.89108,7.95578,0.0],[38.89056,7.95646,0.0],[38.88977,7.95706,0.0],[38.89012,7.95774,0.0],[38.89046,7.95843,0.0],[38.89168,7.95912,0.0],[38.89229,7.95904,0.0],[38.89298,7.9587,0.0],[38.89385,7.95913,0.0],[38.89446,7.95991,0.0],[38.89515,7.96043,0.0],[38.89593,7.96197,0.0],[38.89628,7.9618,0.0],[38.89715,7.96181,0.0],[38.89801,7.96181,0.0],[38.89897,7.96199,0.0],[38.89966,7.96251,0.0],[38.9001,7.96294,0.0],[38.90079,7.96303,0.0],[38.90166,7.96346,0.0],[38.90218,7.96407,0.0],[38.90218,7.96492,0.0],[38.90235,7.96569,0.0],[38.9033,7.9663,0.0],[38.90399,7.96681,0.0],[38.90486,7.96638,0.0],[38.90539,7.96613,0.0],[38.90478,7.96664,0.0],[38.90451,7.96741,0.0],[38.90521,7.96793,0.0],[38.90599,7.96819,0.0],[38.90668,7.96827,0.0],[38.90764,7.96845,0.0],[38.90842,7.96828,0.0],[38.9092,7.96811,0.0],[38.91007,7.96812,0.0],[38.91094,7.96855,0.0],[38.91154,7.96889,0.0],[38.91232,7.96915,0.0],[38.91328,7.96933,0.0],[38.91406,7.96959,0.0],[38.91467,7.97036,0.0],[38.91545,7.97062,0.0],[38.91623,7.97046,0.0],[38.91735,7.97141,0.0],[38.91805,7.97192,0.0],[38.91848,7.97278,0.0],[38.91926,7.97261,0.0],[38.9203,7.97296,0.0],[38.92056,7.97348,0.0],[38.92091,7.97416,0.0],[38.92125,7.97485,0.0],[38.92203,7.97554,0.0],[38.92238,7.97623,0.0],[38.92281,7.97709,0.0],[38.92324,7.97795,0.0],[38.92307,7.97889,0.0],[38.92324,7.97967,0.0],[38.92359,7.98036,0.0],[38.92428,7.98088,0.0],[38.92514,7.98088,0.0],[38.92584,7.9814,0.0],[38.92618,7.98209,0.0],[38.92635,7.98286,0.0],[38.92653,7.98364,0.0],[38.92705,7.98424,0.0],[38.92774,7.98476,0.0],[38.92826,7.98536,0.0],[38.92869,7.98622,0.0],[38.92895,7.98673,0.0],[38.9293,7.98742,0.0],[38.92956,7.98836,0.0],[38.92948,7.98904,0.0],[38.92991,7.9899,0.0],[38.93043,7.99051,0.0],[38.93104,7.99128,0.0],[38.93173,7.9918,0.0],[38.93242,7.99232,0.0],[38.93329,7.99275,0.0],[38.9339,7.99309,0.0],[38.93459,7.99361,0.0],[38.93494,7.9943,0.0],[38.93511,7.99507,0.0],[38.93493,7.99602,0.0],[38.93459,7.99662,0.0],[38.93441,7.99756,0.0],[38.93424,7.99937,0.0],[38.93441,7.99971,0.0],[38.93475,8.0004,0.0],[38.93475,8.00126,0.0],[38.93475,8.00212,0.0],[38.93492,8.0029,0.0],[38.93509,8.00367,0.0],[38.93527,8.00445,0.0],[38.93527,8.0053,0.0],[38.93569,8.00617,0.0],[38.93604,8.00686,0.0],[38.93647,8.00772,0.0],[38.93665,8.00849,0.0],[38.93699,8.00918,0.0],[38.93717,8.00995,0.0],[38.93751,8.01107,0.0],[38.93716,8.01167,0.0],[38.9369,8.01288,0.0],[38.9369,8.01374,0.0],[38.9369,8.01459,0.0],[38.93663,8.0158,0.0],[38.93629,8.01683,0.0],[38.93594,8.01743,0.0],[38.93594,8.01829,0.0],[38.93602,8.01932,0.0],[38.9361,8.02036,0.0],[38.93618,8.02096,0.0],[38.93609,8.02208,0.0],[38.93592,8.02259,0.0],[38.93549,8.02345,0.0],[38.93522,8.02422,0.0],[38.93505,8.02517,0.0],[38.9353,8.02611,0.0],[38.93539,8.02715,0.0],[38.93504,8.02775,0.0],[38.93452,8.02843,0.0],[38.93417,8.02904,0.0],[38.93417,8.02989,0.0],[38.934,8.03084,0.0],[38.93347,8.03153,0.0],[38.93313,8.03213,0.0],[38.93321,8.03402,0.0],[38.93295,8.03479,0.0],[38.93217,8.03496,0.0],[38.9313,8.03496,0.0],[38.9306,8.03487,0.0],[38.93,8.03539,0.0],[38.92947,8.03608,0.0],[38.92895,8.03676,0.0],[38.92817,8.03736,0.0],[38.92764,8.03762,0.0],[38.92695,8.03796,0.0],[38.92643,8.03865,0.0],[38.92616,8.03942,0.0],[38.9266,8.04028,0.0],[38.92651,8.04097,0.0],[38.92573,8.04114,0.0],[38.92486,8.04157,0.0],[38.92416,8.04191,0.0],[38.92312,8.04243,0.0],[38.92295,8.04294,0.0],[38.92329,8.04363,0.0],[38.92381,8.04423,0.0],[38.92468,8.04424,0.0],[38.92555,8.04467,0.0],[38.92641,8.0451,0.0],[38.9272,8.04536,0.0],[38.92763,8.04579,0.0],[38.9285,8.04579,0.0],[38.92902,8.0451,0.0],[38.93023,8.04536,0.0],[38.93075,8.04597,0.0],[38.93128,8.04657,0.0],[38.9318,8.04717,0.0],[38.9324,8.04752,0.0],[38.9331,8.04803,0.0],[38.93387,8.04829,0.0],[38.93439,8.0489,0.0],[38.93509,8.04941,0.0],[38.93561,8.05002,0.0],[38.93613,8.05062,0.0],[38.93665,8.05122,0.0],[38.937,8.05191,0.0],[38.93735,8.0526,0.0],[38.93787,8.0532,0.0],[38.93856,8.05372,0.0],[38.93934,8.05398,0.0],[38.94012,8.05467,0.0],[38.94047,8.05536,0.0],[38.9409,8.05622,0.0],[38.94133,8.05708,0.0],[38.94107,8.05785,0.0],[38.94107,8.05871,0.0],[38.9415,8.05957,0.0],[38.94193,8.06043,0.0],[38.94237,8.0613,0.0],[38.94254,8.06207,0.0],[38.94228,8.06284,0.0],[38.94201,8.06362,0.0],[38.94132,8.06396,0.0],[38.94063,8.06431,0.0],[38.94063,8.06516,0.0],[38.94071,8.0662,0.0],[38.9408,8.0668,0.0],[38.94079,8.06766,0.0],[38.93958,8.06912,0.0],[38.93923,8.06929,0.0],[38.93853,8.06963,0.0],[38.93827,8.07084,0.0],[38.93775,8.07152,0.0],[38.93757,8.07247,0.0],[38.93722,8.07307,0.0],[38.93679,8.07393,0.0],[38.93635,8.07479,0.0],[38.93626,8.07548,0.0],[38.93661,8.07617,0.0],[38.93678,8.07694,0.0],[38.9367,8.07763,0.0],[38.93617,8.07832,0.0],[38.936,8.07926,0.0],[38.93573,8.08004,0.0],[38.93608,8.08072,0.0],[38.93686,8.08098,0.0],[38.93756,8.0815,0.0],[38.93825,8.08202,0.0],[38.93912,8.08245,0.0],[38.93999,8.08289,0.0],[38.94034,8.08358,0.0],[38.94086,8.08418,0.0],[38.94164,8.08444,0.0],[38.94242,8.08469,0.0],[38.94337,8.08486,0.0],[38.94406,8.08538,0.0],[38.9445,8.08624,0.0],[38.94449,8.0871,0.0],[38.94493,8.08796,0.0],[38.94518,8.08891,0.0],[38.9451,8.09003,0.0],[38.94484,8.0908,0.0],[38.94449,8.09184,0.0],[38.94422,8.09261,0.0],[38.94466,8.09347,0.0],[38.94509,8.09433,0.0],[38.94474,8.09536,0.0],[38.94422,8.09562,0.0],[38.94361,8.09613,0.0],[38.94317,8.09699,0.0],[38.94291,8.09777,0.0],[38.94274,8.09872,0.0],[38.94222,8.09941,0.0],[38.94161,8.09992,0.0],[38.94065,8.10061,0.0],[38.94031,8.10078,0.0],[38.94004,8.10156,0.0],[38.93952,8.10224,0.0],[38.939,8.10292,0.0],[38.93839,8.10344,0.0],[38.93761,8.10405,0.0],[38.937,8.10456,0.0],[38.93525,8.10627,0.0],[38.93438,8.1067,0.0],[38.9336,8.1073,0.0],[38.93299,8.10781,0.0],[38.93239,8.10834,0.0],[38.93178,8.10885,0.0],[38.93116,8.10979,0.0],[38.9303,8.11022,0.0],[38.92943,8.11065,0.0],[38.92873,8.111,0.0],[38.92804,8.11134,0.0],[38.92734,8.11168,0.0],[38.92656,8.11185,0.0],[38.92551,8.11237,0.0],[38.92473,8.11254,0.0],[38.92421,8.11279,0.0],[38.92299,8.11296,0.0],[38.92212,8.11296,0.0],[38.92134,8.1127,0.0],[38.92056,8.11243,0.0],[38.92039,8.11166,0.0],[38.91943,8.11105,0.0],[38.9183,8.1101,0.0],[38.91622,8.10941,0.0],[38.91613,8.10924,0.0],[38.91518,8.10906,0.0],[38.9144,8.10923,0.0],[38.9137,8.10957,0.0],[38.91283,8.10957,0.0],[38.91214,8.10949,0.0],[38.91127,8.10907,0.0],[38.91066,8.10872,0.0],[38.90971,8.10854,0.0],[38.90953,8.10777,0.0],[38.90945,8.10673,0.0],[38.90824,8.10517,0.0],[38.90789,8.10534,0.0],[38.90702,8.10491,0.0],[38.90659,8.10405,0.0],[38.90607,8.10345,0.0],[38.90537,8.10293,0.0],[38.90477,8.10258,0.0],[38.9039,8.10215,0.0],[38.9032,8.10163,0.0],[38.90286,8.10095,0.0],[38.90286,8.10008,0.0],[38.90286,8.09922,0.0],[38.90269,8.09845,0.0],[38.90304,8.09656,0.0],[38.90313,8.0963,0.0],[38.90365,8.09561,0.0],[38.90365,8.09476,0.0],[38.90313,8.09415,0.0],[38.90261,8.09355,0.0],[38.90183,8.09329,0.0],[38.90114,8.09277,0.0],[38.90071,8.09191,0.0],[38.90019,8.09088,0.0],[38.89975,8.09002,0.0],[38.89932,8.08916,0.0],[38.89872,8.08752,0.0],[38.89889,8.08744,0.0],[38.89915,8.08667,0.0],[38.89898,8.08589,0.0],[38.89855,8.08503,0.0],[38.89812,8.08417,0.0],[38.89733,8.08391,0.0],[38.89664,8.0834,0.0],[38.89612,8.08279,0.0],[38.89551,8.08202,0.0],[38.89517,8.08133,0.0],[38.89473,8.08047,0.0],[38.89448,8.07996,0.0],[38.89413,8.07927,0.0],[38.89378,8.07858,0.0],[38.89283,8.07798,0.0],[38.89162,8.076,0.0],[38.89144,8.07608,0.0],[38.89049,8.07591,0.0],[38.88988,8.07556,0.0],[38.88936,8.07496,0.0],[38.88875,8.07461,0.0],[38.88806,8.0741,0.0],[38.88737,8.07358,0.0],[38.88667,8.07306,0.0],[38.88615,8.07246,0.0],[38.88529,8.07159,0.0],[38.88451,8.0709,0.0],[38.88399,8.0703,0.0],[38.8832,8.06961,0.0],[38.88251,8.0691,0.0],[38.88173,8.06927,0.0],[38.88103,8.06875,0.0],[38.88069,8.06806,0.0],[38.87991,8.06737,0.0],[38.87965,8.06685,0.0],[38.8793,8.06617,0.0],[38.87896,8.06548,0.0],[38.87835,8.06513,0.0],[38.87765,8.06462,0.0],[38.87743,8.06243,0.0],[38.87709,8.0626,0.0],[38.8763,8.0632,0.0],[38.87578,8.06346,0.0],[38.87491,8.06389,0.0],[38.87387,8.0644,0.0],[38.87309,8.06457,0.0],[38.87239,8.06406,0.0],[38.87178,8.06371,0.0],[38.87092,8.06328,0.0],[38.87022,8.06276,0.0],[38.86961,8.06242,0.0],[38.86701,8.06069,0.0],[38.86649,8.06009,0.0],[38.86588,8.05931,0.0],[38.86536,8.05871,0.0],[38.8645,8.05828,0.0],[38.86371,8.05802,0.0],[38.86293,8.05776,0.0],[38.86215,8.05707,0.0],[38.86007,8.05595,0.0],[38.8599,8.05603,0.0],[38.8592,8.05551,0.0],[38.85833,8.05508,0.0],[38.85747,8.05465,0.0],[38.85651,8.05491,0.0],[38.85581,8.05525,0.0],[38.85495,8.05525,0.0],[38.85416,8.05542,0.0],[38.85242,8.0567,0.0],[38.85208,8.05731,0.0],[38.85199,8.05799,0.0],[38.85199,8.05885,0.0],[38.85216,8.05963,0.0],[38.85233,8.0604,0.0],[38.85189,8.06126,0.0],[38.85172,8.06221,0.0],[38.85137,8.06281,0.0],[38.85119,8.06375,0.0],[38.85084,8.06478,0.0],[38.85049,8.06539,0.0],[38.8498,8.06616,0.0],[38.8491,8.0665,0.0],[38.84832,8.06667,0.0],[38.84736,8.06693,0.0],[38.84658,8.0671,0.0],[38.84579,8.06726,0.0],[38.84501,8.06743,0.0],[38.84415,8.06743,0.0],[38.84345,8.06692,0.0],[38.84258,8.06648,0.0],[38.84198,8.06614,0.0],[38.84111,8.06571,0.0],[38.84068,8.06571,0.0],[38.84085,8.06648,0.0],[38.84059,8.06726,0.0],[38.84015,8.06811,0.0],[38.83928,8.06854,0.0],[38.83815,8.06888,0.0],[38.83772,8.06888,0.0],[38.83693,8.06905,0.0],[38.83667,8.06983,0.0],[38.83562,8.07163,0.0],[38.83554,8.07232,0.0],[38.83597,8.07318,0.0],[38.83571,8.07395,0.0],[38.8351,8.07446,0.0],[38.83449,8.07498,0.0],[38.83362,8.07541,0.0],[38.83275,8.07584,0.0],[38.83188,8.07626,0.0],[38.8311,8.07601,0.0],[38.83023,8.076,0.0],[38.82962,8.07652,0.0],[38.82997,8.07721,0.0],[38.83058,8.07755,0.0],[38.83153,8.07773,0.0],[38.83205,8.07833,0.0],[38.83205,8.07919,0.0],[38.83222,8.07996,0.0],[38.83213,8.08065,0.0],[38.83213,8.08151,0.0],[38.83213,8.08237,0.0],[38.83187,8.08315,0.0],[38.83169,8.08409,0.0],[38.83212,8.08495,0.0],[38.83212,8.08581,0.0],[38.8316,8.08649,0.0],[38.83055,8.08701,0.0],[38.82968,8.08744,0.0],[38.82908,8.08795,0.0],[38.82838,8.08872,0.0],[38.82768,8.08907,0.0],[38.82725,8.0895,0.0],[38.82664,8.09001,0.0],[38.82525,8.09155,0.0],[38.82481,8.09198,0.0],[38.82429,8.09267,0.0],[38.82377,8.09336,0.0],[38.82272,8.09387,0.0],[38.8222,8.09413,0.0],[38.82151,8.09447,0.0],[38.82081,8.09482,0.0],[38.82012,8.09516,0.0],[38.81942,8.0955,0.0],[38.81855,8.09593,0.0],[38.81794,8.09645,0.0],[38.81725,8.09722,0.0],[38.81681,8.09765,0.0],[38.8162,8.09817,0.0],[38.81559,8.09868,0.0],[38.81481,8.09928,0.0],[38.81411,8.09962,0.0],[38.81342,8.09997,0.0],[38.81272,8.10031,0.0],[38.81081,8.10082,0.0],[38.81064,8.10091,0.0],[38.80994,8.10125,0.0],[38.8089,8.1009,0.0],[38.80838,8.10073,0.0],[38.80733,8.10125,0.0],[38.80646,8.10167,0.0],[38.80559,8.1021,0.0],[38.80472,8.10253,0.0],[38.80368,8.10304,0.0],[38.80316,8.10329,0.0],[38.80229,8.10329,0.0],[38.80142,8.10329,0.0],[38.80073,8.10363,0.0],[38.80012,8.10415,0.0],[38.79959,8.10484,0.0],[38.7989,8.10518,0.0],[38.79803,8.10561,0.0],[38.79716,8.10561,0.0],[38.79673,8.10475,0.0],[38.7963,8.10388,0.0],[38.79586,8.10302,0.0],[38.79543,8.10216,0.0],[38.79482,8.10182,0.0],[38.79404,8.10156,0.0],[38.79317,8.10112,0.0],[38.79239,8.10086,0.0],[38.79153,8.10043,0.0],[38.79109,8.09957,0.0],[38.79075,8.09888,0.0],[38.79005,8.09837,0.0],[38.78919,8.09793,0.0],[38.78849,8.09785,0.0],[38.78847,8.09605,0.0],[38.78838,8.09588,0.0],[38.7876,8.09562,0.0],[38.78664,8.09544,0.0],[38.78586,8.09518,0.0],[38.78517,8.09466,0.0],[38.78465,8.09405,0.0],[38.7843,8.09336,0.0],[38.78395,8.09267,0.0],[38.78361,8.09198,0.0],[38.78317,8.09111,0.0],[38.78274,8.09068,0.0],[38.78187,8.09067,0.0],[38.78118,8.09016,0.0],[38.77953,8.08731,0.0],[38.77936,8.08697,0.0],[38.77902,8.08628,0.0],[38.77867,8.08559,0.0],[38.7785,8.08482,0.0],[38.77833,8.08404,0.0],[38.77807,8.0831,0.0],[38.77859,8.08241,0.0],[38.77929,8.08207,0.0],[38.78015,8.08207,0.0],[38.78102,8.08164,0.0],[38.78163,8.08113,0.0],[38.78207,8.08027,0.0],[38.78242,8.07967,0.0],[38.78338,8.07985,0.0],[38.78433,8.07959,0.0],[38.78485,8.0789,0.0],[38.78538,8.07822,0.0],[38.78529,8.07761,0.0],[38.78468,8.0777,0.0],[38.78295,8.07726,0.0],[38.78251,8.07726,0.0],[38.78164,8.07769,0.0],[38.78095,8.07803,0.0],[38.78025,8.07794,0.0],[38.77938,8.07794,0.0],[38.77843,8.07777,0.0],[38.77738,8.07785,0.0],[38.77669,8.07819,0.0],[38.77617,8.07845,0.0],[38.77564,8.07914,0.0],[38.77556,8.07983,0.0],[38.77495,8.08034,0.0],[38.77408,8.07991,0.0],[38.77373,8.07922,0.0],[38.77382,8.07853,0.0],[38.774,8.07759,0.0],[38.774,8.07672,0.0],[38.77365,8.07604,0.0],[38.77331,8.07535,0.0],[38.77253,8.07509,0.0],[38.77183,8.075,0.0],[38.77114,8.07448,0.0],[38.76966,8.07327,0.0],[38.76914,8.07224,0.0],[38.76984,8.0719,0.0],[38.76984,8.07017,0.0],[38.76993,8.06992,0.0],[38.77054,8.0694,0.0],[38.77011,8.06854,0.0],[38.77028,8.06759,0.0],[38.77081,8.0669,0.0],[38.77124,8.06605,0.0],[38.77125,8.06519,0.0],[38.77107,8.06441,0.0],[38.77108,8.06355,0.0],[38.77151,8.06269,0.0],[38.77151,8.06183,0.0],[38.77152,8.06097,0.0],[38.7716,8.06029,0.0],[38.77178,8.05934,0.0],[38.77204,8.05857,0.0],[38.77187,8.05779,0.0],[38.7717,8.05702,0.0],[38.77196,8.05624,0.0],[38.77136,8.0546,0.0],[38.77179,8.05417,0.0],[38.77231,8.05349,0.0],[38.77258,8.05228,0.0],[38.77232,8.05177,0.0],[38.77163,8.05125,0.0],[38.77145,8.05048,0.0],[38.7712,8.04953,0.0],[38.77059,8.04918,0.0],[38.76972,8.04918,0.0],[38.76894,8.04935,0.0],[38.76816,8.04909,0.0],[38.76729,8.04909,0.0],[38.76642,8.04909,0.0],[38.76546,8.04934,0.0],[38.76486,8.04943,0.0],[38.76425,8.04908,0.0],[38.76329,8.04848,0.0],[38.76208,8.04693,0.0],[38.762,8.04676,0.0],[38.7613,8.04624,0.0],[38.76113,8.04547,0.0],[38.76113,8.04461,0.0],[38.76044,8.04409,0.0],[38.76027,8.04331,0.0],[38.76044,8.04237,0.0],[38.76062,8.04142,0.0],[38.76045,8.04065,0.0],[38.76027,8.03987,0.0],[38.75984,8.03901,0.0],[38.7595,8.03832,0.0],[38.75854,8.03815,0.0],[38.75767,8.03815,0.0],[38.7568,8.03815,0.0],[38.75602,8.03746,0.0],[38.75585,8.03668,0.0],[38.75585,8.03582,0.0],[38.75473,8.03401,0.0],[38.75447,8.03349,0.0],[38.75447,8.03263,0.0],[38.75395,8.03203,0.0],[38.75326,8.03151,0.0],[38.75248,8.03082,0.0],[38.75205,8.02996,0.0],[38.75144,8.02876,0.0],[38.75101,8.02832,0.0],[38.75075,8.02781,0.0],[38.75041,8.02712,0.0],[38.74945,8.02694,0.0],[38.74876,8.02643,0.0],[38.74833,8.02557,0.0],[38.74764,8.02333,0.0],[38.7479,8.02299,0.0],[38.74825,8.02238,0.0],[38.74807,8.02161,0.0],[38.74868,8.0211,0.0],[38.75007,8.02041,0.0],[38.75042,8.02024,0.0],[38.75086,8.01981,0.0],[38.75164,8.01921,0.0],[38.7526,8.01853,0.0],[38.75303,8.01767,0.0],[38.75286,8.01689,0.0],[38.75234,8.01586,0.0],[38.75173,8.01552,0.0],[38.75087,8.01551,0.0],[38.75008,8.01525,0.0],[38.74939,8.01474,0.0],[38.74896,8.0143,0.0],[38.74835,8.01439,0.0],[38.74809,8.01516,0.0],[38.74739,8.0155,0.0],[38.74644,8.01533,0.0],[38.74574,8.01481,0.0],[38.74522,8.01421,0.0],[38.74462,8.01386,0.0],[38.74392,8.01421,0.0],[38.74219,8.01334,0.0],[38.74184,8.01308,0.0],[38.74149,8.0124,0.0],[38.74132,8.01162,0.0],[38.7408,8.01102,0.0],[38.73976,8.0111,0.0],[38.73933,8.0111,0.0],[38.74046,8.0099,0.0],[38.74107,8.00938,0.0],[38.74133,8.00861,0.0],[38.74107,8.00766,0.0],[38.74116,8.00698,0.0],[38.74134,8.00603,0.0],[38.74134,8.00517,0.0],[38.74117,8.0044,0.0],[38.74099,8.00362,0.0],[38.741,8.00276,0.0],[38.74143,8.0019,0.0],[38.74152,8.00122,0.0],[38.74135,8.00044,0.0],[38.74092,7.99958,0.0],[38.73892,7.9982,0.0],[38.73858,7.99665,0.0],[38.73737,7.99596,0.0],[38.73755,7.99416,0.0],[38.73954,7.99382,0.0],[38.7411,7.99391,0.0],[38.74267,7.99443,0.0],[38.74319,7.99374,0.0],[38.7438,7.99279,0.0],[38.74441,7.99185,0.0],[38.74476,7.99125,0.0],[38.74493,7.9903,0.0],[38.74546,7.98962,0.0],[38.7458,7.98902,0.0],[38.74641,7.98893,0.0],[38.74728,7.98893,0.0],[38.74798,7.98859,0.0],[38.74841,7.98773,0.0],[38.74842,7.98687,0.0],[38.74807,7.98618,0.0],[38.74772,7.98549,0.0],[38.74738,7.98481,0.0],[38.7479,7.98412,0.0],[38.74877,7.98369,0.0],[38.74964,7.98326,0.0],[38.74999,7.98266,0.0],[38.75043,7.98137,0.0],[38.7506,7.98086,0.0],[38.74991,7.98034,0.0],[38.74895,7.98017,0.0],[38.74835,7.97982,0.0],[38.74765,7.9793,0.0],[38.74618,7.97724,0.0],[38.74593,7.97672,0.0],[38.74636,7.97586,0.0],[38.74645,7.97517,0.0],[38.74671,7.9744,0.0],[38.74654,7.97363,0.0],[38.74619,7.97294,0.0],[38.74559,7.97216,0.0],[38.74489,7.97164,0.0],[38.74446,7.97121,0.0],[38.74368,7.97052,0.0],[38.7429,7.97026,0.0],[38.74246,7.9694,0.0],[38.74264,7.96802,0.0],[38.74247,7.96725,0.0],[38.74186,7.96648,0.0],[38.74091,7.9663,0.0],[38.74056,7.96561,0.0],[38.74013,7.96475,0.0],[38.73979,7.96407,0.0],[38.73901,7.96338,0.0],[38.73823,7.96269,0.0],[38.73728,7.96251,0.0],[38.73658,7.96242,0.0],[38.7358,7.96259,0.0],[38.73493,7.96259,0.0],[38.73414,7.96233,0.0],[38.73336,7.96207,0.0],[38.73223,7.96198,0.0],[38.73189,7.96129,0.0],[38.73189,7.96043,0.0],[38.73181,7.9594,0.0],[38.7312,7.95905,0.0],[38.73024,7.95888,0.0],[38.72956,7.95837,0.0],[38.72921,7.95768,0.0],[38.72825,7.95636,0.0]]]}}]}
