node_id,country,iso3,node_name,ascii_name,longitude,latitude,feature_code,node_role,food_domains,coordinate_source,coordinate_source_id,coordinate_source_modified,evidence_class,claim_boundary,origin_release
GEO_AGO_2240449,Angola,AGO,Luanda,Luanda,13.23432,-8.83682,PPLC,major national hub,fish|vegetable,GeoNames cities5000 dump; CC BY 4.0,2240449,2024-03-26,geolocated national model-support node,"place and coordinate are external records; node role, sink weight and any later flow are model inputs or estimates, not observed shipments",NF_EDFLOW_geolocated_network_expansion_v1_2_0_2026-08-31
GEO_AGO_8307074,Angola,AGO,Mulenvos,Mulenvos,13.3344,-8.86695,PPLA2,major national hub,fish|vegetable,GeoNames cities5000 dump; CC BY 4.0,8307074,2026-05-12,geolocated national model-support node,"place and coordinate are external records; node role, sink weight and any later flow are model inputs or estimates, not observed shipments",NF_EDFLOW_geolocated_network_expansion_v1_2_0_2026-08-31
GEO_AGO_2236500,Angola,AGO,Viana,Viana,13.37499,-8.90553,PPLA2,major national hub,fish|vegetable,GeoNames cities5000 dump; CC BY 4.0,2236500,2026-05-12,geolocated national model-support node,"place and coordinate are external records; node role, sink weight and any later flow are model inputs or estimates, not observed shipments",NF_EDFLOW_geolocated_network_expansion_v1_2_0_2026-08-31
GEO_AGO_7758790,Angola,AGO,Kikolo,Kikolo,13.33384,-8.7815,PPLA3,major national hub,fish|vegetable,GeoNames cities5000 dump; CC BY 4.0,7758790,2026-05-12,geolocated national model-support node,"place and coordinate are external records; node role, sink weight and any later flow are model inputs or estimates, not observed shipments",NF_EDFLOW_geolocated_network_expansion_v1_2_0_2026-08-31
GEO_AGO_2239888,Angola,AGO,Maianga,Maianga,13.23698,-8.84693,PPLA2,major national hub,fish|vegetable,GeoNames cities5000 dump; CC BY 4.0,2239888,2026-05-12,geolocated national model-support node,"place and coordinate are external records; node role, sink weight and any later flow are model inputs or estimates, not observed shipments",NF_EDFLOW_geolocated_network_expansion_v1_2_0_2026-08-31
GEO_AGO_2591957,Angola,AGO,Camama,Camama,13.26518,-8.93611,PPLA2,candidate consumer or transit catchment,fish|vegetable,GeoNames cities5000 dump; CC BY 4.0,2591957,2026-05-12,geolocated national model-support node,"place and coordinate are external records; node role, sink weight and any later flow are model inputs or estimates, not observed shipments",NF_EDFLOW_geolocated_network_expansion_v1_2_0_2026-08-31
GEO_AGO_2591953,Angola,AGO,Golfe,Golfe,13.26173,-8.86639,PPLA2,candidate consumer or transit catchment,fish|vegetable,GeoNames cities5000 dump; CC BY 4.0,2591953,2026-05-12,geolocated national model-support node,"place and coordinate are external records; node role, sink weight and any later flow are model inputs or estimates, not observed shipments",NF_EDFLOW_geolocated_network_expansion_v1_2_0_2026-08-31
GEO_AGO_2242906,Angola,AGO,Calumbo,Calumbo,13.41936,-9.14692,PPLA2,candidate consumer or transit catchment,fish|vegetable,GeoNames cities5000 dump; CC BY 4.0,2242906,2026-05-12,geolocated national model-support node,"place and coordinate are external records; node role, sink weight and any later flow are model inputs or estimates, not observed shipments",NF_EDFLOW_geolocated_network_expansion_v1_2_0_2026-08-31
GEO_AGO_13631351,Angola,AGO,Hoji ya Henda,Hoji ya Henda,13.2897,-8.80523,PPLA2,candidate consumer or transit catchment,fish|vegetable,GeoNames cities5000 dump; CC BY 4.0,13631351,2026-05-12,geolocated national model-support node,"place and coordinate are external records; node role, sink weight and any later flow are model inputs or estimates, not observed shipments",NF_EDFLOW_geolocated_network_expansion_v1_2_0_2026-08-31
GEO_AGO_3347762,Angola,AGO,Lubango,Lubango,13.4925,-14.91717,PPLA,candidate consumer or transit catchment,fish|vegetable,GeoNames cities5000 dump; CC BY 4.0,3347762,2026-05-08,geolocated national model-support node,"place and coordinate are external records; node role, sink weight and any later flow are model inputs or estimates, not observed shipments",NF_EDFLOW_geolocated_network_expansion_v1_2_0_2026-08-31
GEO_AGO_3348313,Angola,AGO,Huambo,Huambo,15.73917,-12.77611,PPLA,candidate consumer or transit catchment,fish|vegetable,GeoNames cities5000 dump; CC BY 4.0,3348313,2026-05-02,geolocated national model-support node,"place and coordinate are external records; node role, sink weight and any later flow are model inputs or estimates, not observed shipments",NF_EDFLOW_geolocated_network_expansion_v1_2_0_2026-08-31
GEO_AGO_3351663,Angola,AGO,Benguela,Benguela,13.40268,-12.57674,PPLA,candidate consumer or transit catchment,fish|vegetable,GeoNames cities5000 dump; CC BY 4.0,3351663,2026-05-05,geolocated national model-support node,"place and coordinate are external records; node role, sink weight and any later flow are model inputs or estimates, not observed shipments",NF_EDFLOW_geolocated_network_expansion_v1_2_0_2026-08-31
GEO_AGO_2243271,Angola,AGO,Cabinda,Cabinda,12.19476,-5.56198,PPLA,candidate consumer or transit catchment,fish|vegetable,GeoNames cities5000 dump; CC BY 4.0,2243271,2026-04-13,geolocated national model-support node,"place and coordinate are external records; node role, sink weight and any later flow are model inputs or estimates, not observed shipments",NF_EDFLOW_geolocated_network_expansion_v1_2_0_2026-08-31
GEO_AGO_2591976,Angola,AGO,Talatona,Talatona,13.18562,-8.91783,PPLA3,candidate consumer or transit catchment,fish|vegetable,GeoNames cities5000 dump; CC BY 4.0,2591976,2026-04-22,geolocated national model-support node,"place and coordinate are external records; node role, sink weight and any later flow are model inputs or estimates, not observed shipments",NF_EDFLOW_geolocated_network_expansion_v1_2_0_2026-08-31
GEO_AGO_11592397,Angola,AGO,Nova Vida,Nova Vida,13.22213,-8.90552,PPLA3,candidate consumer or transit catchment,fish|vegetable,GeoNames cities5000 dump; CC BY 4.0,11592397,2026-05-12,geolocated national model-support node,"place and coordinate are external records; node role, sink weight and any later flow are model inputs or estimates, not observed shipments",NF_EDFLOW_geolocated_network_expansion_v1_2_0_2026-08-31
GEO_AGO_2239862,Angola,AGO,Malanje,Malanje,16.34096,-9.54015,PPLA,candidate consumer or transit catchment,fish|vegetable,GeoNames cities5000 dump; CC BY 4.0,2239862,2026-04-26,geolocated national model-support node,"place and coordinate are external records; node role, sink weight and any later flow are model inputs or estimates, not observed shipments",NF_EDFLOW_geolocated_network_expansion_v1_2_0_2026-08-31
GEO_AGO_13608165,Angola,AGO,Kima Kieza,Kima Kieza,13.29517,-8.83411,PPLA3,candidate consumer or transit catchment,fish|vegetable,GeoNames cities5000 dump; CC BY 4.0,13608165,2026-05-12,geolocated national model-support node,"place and coordinate are external records; node role, sink weight and any later flow are model inputs or estimates, not observed shipments",NF_EDFLOW_geolocated_network_expansion_v1_2_0_2026-08-31
GEO_AGO_2591949,Angola,AGO,Cazenga,Cazenga,13.28399,-8.83796,PPLA2,candidate consumer or transit catchment,fish|vegetable,GeoNames cities5000 dump; CC BY 4.0,2591949,2026-08-30,geolocated national model-support node,"place and coordinate are external records; node role, sink weight and any later flow are model inputs or estimates, not observed shipments",NF_EDFLOW_geolocated_network_expansion_v1_2_0_2026-08-31
GEO_AGO_145531,Angola,AGO,Saurimo,Saurimo,20.39155,-9.66078,PPLA,candidate consumer or transit catchment,fish|vegetable,GeoNames cities5000 dump; CC BY 4.0,145531,2026-04-29,geolocated national model-support node,"place and coordinate are external records; node role, sink weight and any later flow are model inputs or estimates, not observed shipments",NF_EDFLOW_geolocated_network_expansion_v1_2_0_2026-08-31
GEO_AGO_13546342,Angola,AGO,Samba,Samba,13.19617,-8.88001,PPLA3,candidate consumer or transit catchment,fish|vegetable,GeoNames cities5000 dump; CC BY 4.0,13546342,2026-08-30,geolocated national model-support node,"place and coordinate are external records; node role, sink weight and any later flow are model inputs or estimates, not observed shipments",NF_EDFLOW_geolocated_network_expansion_v1_2_0_2026-08-31
GEO_AGO_3348078,Angola,AGO,Cuíto,Cuito,16.93333,-12.38333,PPLA,candidate consumer or transit catchment,fish|vegetable,GeoNames cities5000 dump; CC BY 4.0,3348078,2026-05-01,geolocated national model-support node,"place and coordinate are external records; node role, sink weight and any later flow are model inputs or estimates, not observed shipments",NF_EDFLOW_geolocated_network_expansion_v1_2_0_2026-08-31
GEO_AGO_13631350,Angola,AGO,Ramiros,Ramiros,13.0456,-9.06259,PPLA3,candidate consumer or transit catchment,fish|vegetable,GeoNames cities5000 dump; CC BY 4.0,13631350,2026-05-12,geolocated national model-support node,"place and coordinate are external records; node role, sink weight and any later flow are model inputs or estimates, not observed shipments",NF_EDFLOW_geolocated_network_expansion_v1_2_0_2026-08-31
GEO_AGO_2236568,Angola,AGO,Uíge,Uige,15.06131,-7.60874,PPLA,candidate consumer or transit catchment,fish|vegetable,GeoNames cities5000 dump; CC BY 4.0,2236568,2026-04-13,geolocated national model-support node,"place and coordinate are external records; node role, sink weight and any later flow are model inputs or estimates, not observed shipments",NF_EDFLOW_geolocated_network_expansion_v1_2_0_2026-08-31
GEO_AGO_3347719,Angola,AGO,Luena,Luena,19.91667,-11.78333,PPLA,candidate consumer or transit catchment,fish|vegetable,GeoNames cities5000 dump; CC BY 4.0,3347719,2026-05-01,geolocated national model-support node,"place and coordinate are external records; node role, sink weight and any later flow are model inputs or estimates, not observed shipments",NF_EDFLOW_geolocated_network_expansion_v1_2_0_2026-08-31
GEO_AGO_12170526,Angola,AGO,Vila Flor,Vila Flor,13.30781,-8.98007,PPLA3,candidate consumer or transit catchment,fish|vegetable,GeoNames cities5000 dump; CC BY 4.0,12170526,2026-05-12,geolocated national model-support node,"place and coordinate are external records; node role, sink weight and any later flow are model inputs or estimates, not observed shipments",NF_EDFLOW_geolocated_network_expansion_v1_2_0_2026-08-31
GEO_AGO_3347019,Angola,AGO,Mossamedes,Mossamedes,12.15222,-15.19611,PPLA,candidate consumer or transit catchment,fish|vegetable,GeoNames cities5000 dump; CC BY 4.0,3347019,2026-05-07,geolocated national model-support node,"place and coordinate are external records; node role, sink weight and any later flow are model inputs or estimates, not observed shipments",NF_EDFLOW_geolocated_network_expansion_v1_2_0_2026-08-31
GEO_AGO_3347353,Angola,AGO,Menongue,Menongue,17.69099,-14.6585,PPLA,candidate consumer or transit catchment,fish|vegetable,GeoNames cities5000 dump; CC BY 4.0,3347353,2026-06-01,geolocated national model-support node,"place and coordinate are external records; node role, sink weight and any later flow are model inputs or estimates, not observed shipments",NF_EDFLOW_geolocated_network_expansion_v1_2_0_2026-08-31
GEO_AGO_13607978,Angola,AGO,Navegantes,Navegantes,13.39123,-12.58997,PPLA2,candidate consumer or transit catchment,fish|vegetable,GeoNames cities5000 dump; CC BY 4.0,13607978,2026-05-13,geolocated national model-support node,"place and coordinate are external records; node role, sink weight and any later flow are model inputs or estimates, not observed shipments",NF_EDFLOW_geolocated_network_expansion_v1_2_0_2026-08-31
GEO_AGO_10402606,Angola,AGO,Kilamba,Kilamba,13.275,-8.84861,PPLA2,candidate consumer or transit catchment,fish|vegetable,GeoNames cities5000 dump; CC BY 4.0,10402606,2026-05-12,geolocated national model-support node,"place and coordinate are external records; node role, sink weight and any later flow are model inputs or estimates, not observed shipments",NF_EDFLOW_geolocated_network_expansion_v1_2_0_2026-08-31
GEO_AGO_3346015,Angola,AGO,Sumbe,Sumbe,13.84371,-11.20605,PPLA,candidate consumer or transit catchment,fish|vegetable,GeoNames cities5000 dump; CC BY 4.0,3346015,2026-04-23,geolocated national model-support node,"place and coordinate are external records; node role, sink weight and any later flow are model inputs or estimates, not observed shipments",NF_EDFLOW_geolocated_network_expansion_v1_2_0_2026-08-31
GEO_BDI_425378,Burundi,BDI,Bujumbura,Bujumbura,29.36142,-3.38193,PPLA,major national hub,fish|vegetable,GeoNames cities5000 dump; CC BY 4.0,425378,2026-04-13,geolocated national model-support node,"place and coordinate are external records; node role, sink weight and any later flow are model inputs or estimates, not observed shipments",NF_EDFLOW_geolocated_network_expansion_v1_2_0_2026-08-31
GEO_BDI_426272,Burundi,BDI,Gitega,Gitega,29.92463,-3.42708,PPLC,major national hub,fish|vegetable,GeoNames cities5000 dump; CC BY 4.0,426272,2023-11-29,geolocated national model-support node,"place and coordinate are external records; node role, sink weight and any later flow are model inputs or estimates, not observed shipments",NF_EDFLOW_geolocated_network_expansion_v1_2_0_2026-08-31
GEO_BDI_430569,Burundi,BDI,Ngozi,Ngozi,29.8306,-2.9075,PPLA,major national hub,fish|vegetable,GeoNames cities5000 dump; CC BY 4.0,430569,2026-04-13,geolocated national model-support node,"place and coordinate are external records; node role, sink weight and any later flow are model inputs or estimates, not observed shipments",NF_EDFLOW_geolocated_network_expansion_v1_2_0_2026-08-31
GEO_BDI_423549,Burundi,BDI,Rumonge,Rumonge,29.4386,-3.9736,PPLA,major national hub,fish|vegetable,GeoNames cities5000 dump; CC BY 4.0,423549,2026-04-13,geolocated national model-support node,"place and coordinate are external records; node role, sink weight and any later flow are model inputs or estimates, not observed shipments",NF_EDFLOW_geolocated_network_expansion_v1_2_0_2026-08-31
GEO_BDI_430021,Burundi,BDI,Cibitoke,Cibitoke,29.1248,-2.8869,PPLA,major national hub,fish|vegetable,GeoNames cities5000 dump; CC BY 4.0,430021,2026-04-13,geolocated national model-support node,"place and coordinate are external records; node role, sink weight and any later flow are model inputs or estimates, not observed shipments",NF_EDFLOW_geolocated_network_expansion_v1_2_0_2026-08-31
GEO_BDI_430952,Burundi,BDI,Kayanza,Kayanza,29.6293,-2.9221,PPLA,candidate consumer or transit catchment,fish|vegetable,GeoNames cities5000 dump; CC BY 4.0,430952,2026-04-13,geolocated national model-support node,"place and coordinate are external records; node role, sink weight and any later flow are model inputs or estimates, not observed shipments",NF_EDFLOW_geolocated_network_expansion_v1_2_0_2026-08-31
GEO_BDI_428515,Burundi,BDI,Bubanza,Bubanza,29.391,-3.0804,PPLA,candidate consumer or transit catchment,fish|vegetable,GeoNames cities5000 dump; CC BY 4.0,428515,2026-04-13,geolocated national model-support node,"place and coordinate are external records; node role, sink weight and any later flow are model inputs or estimates, not observed shipments",NF_EDFLOW_geolocated_network_expansion_v1_2_0_2026-08-31
GEO_BDI_428219,Burundi,BDI,Karusi,Karusi,30.16278,-3.10139,PPLA2,candidate consumer or transit catchment,fish|vegetable,GeoNames cities5000 dump; CC BY 4.0,428219,2026-01-19,geolocated national model-support node,"place and coordinate are external records; node role, sink weight and any later flow are model inputs or estimates, not observed shipments",NF_EDFLOW_geolocated_network_expansion_v1_2_0_2026-08-31
GEO_BDI_432456,Burundi,BDI,Kirundo,Kirundo,30.0959,-2.5845,PPLA,candidate consumer or transit catchment,fish|vegetable,GeoNames cities5000 dump; CC BY 4.0,432456,2026-04-13,geolocated national model-support node,"place and coordinate are external records; node role, sink weight and any later flow are model inputs or estimates, not observed shipments",NF_EDFLOW_geolocated_network_expansion_v1_2_0_2026-08-31
GEO_BDI_431748,Burundi,BDI,Muyinga,Muyinga,30.3414,-2.8451,PPLA,candidate consumer or transit catchment,fish|vegetable,GeoNames cities5000 dump; CC BY 4.0,431748,2026-04-13,geolocated national model-support node,"place and coordinate are external records; node role, sink weight and any later flow are model inputs or estimates, not observed shipments",NF_EDFLOW_geolocated_network_expansion_v1_2_0_2026-08-31
GEO_BDI_422232,Burundi,BDI,Makamba,Makamba,29.804,-4.1348,PPLA,candidate consumer or transit catchment,fish|vegetable,GeoNames cities5000 dump; CC BY 4.0,422232,2026-04-13,geolocated national model-support node,"place and coordinate are external records; node role, sink weight and any later flow are model inputs or estimates, not observed shipments",NF_EDFLOW_geolocated_network_expansion_v1_2_0_2026-08-31
GEO_BDI_426700,Burundi,BDI,Ruyigi,Ruyigi,30.24861,-3.47639,PPLA,candidate consumer or transit catchment,fish|vegetable,GeoNames cities5000 dump; CC BY 4.0,426700,2026-04-13,geolocated national model-support node,"place and coordinate are external records; node role, sink weight and any later flow are model inputs or estimates, not observed shipments",NF_EDFLOW_geolocated_network_expansion_v1_2_0_2026-08-31
GEO_BDI_433635,Burundi,BDI,Rutana,Rutana,29.992,-3.9279,PPLA,candidate consumer or transit catchment,fish|vegetable,GeoNames cities5000 dump; CC BY 4.0,433635,2026-04-13,geolocated national model-support node,"place and coordinate are external records; node role, sink weight and any later flow are model inputs or estimates, not observed shipments",NF_EDFLOW_geolocated_network_expansion_v1_2_0_2026-08-31
GEO_BDI_425551,Burundi,BDI,Muramvya,Muramvya,29.6162,-3.26776,PPLA2,candidate consumer or transit catchment,fish|vegetable,GeoNames cities5000 dump; CC BY 4.0,425551,2025-10-14,geolocated national model-support node,"place and coordinate are external records; node role, sink weight and any later flow are model inputs or estimates, not observed shipments",NF_EDFLOW_geolocated_network_expansion_v1_2_0_2026-08-31
GEO_BDI_425336,Burundi,BDI,Isale,Isale,29.4839,-3.3489,PPLA,candidate consumer or transit catchment,fish|vegetable,GeoNames cities5000 dump; CC BY 4.0,425336,2026-04-13,geolocated national model-support node,"place and coordinate are external records; node role, sink weight and any later flow are model inputs or estimates, not observed shipments",NF_EDFLOW_geolocated_network_expansion_v1_2_0_2026-08-31
GEO_BDI_423328,Burundi,BDI,Bururi,Bururi,29.62438,-3.94877,PPLA,candidate consumer or transit catchment,fish|vegetable,GeoNames cities5000 dump; CC BY 4.0,423328,2026-04-13,geolocated national model-support node,"place and coordinate are external records; node role, sink weight and any later flow are model inputs or estimates, not observed shipments",NF_EDFLOW_geolocated_network_expansion_v1_2_0_2026-08-31
GEO_BDI_427701,Burundi,BDI,Cankuzo,Cankuzo,30.5528,-3.2186,PPLA,candidate consumer or transit catchment,fish|vegetable,GeoNames cities5000 dump; CC BY 4.0,427701,2026-04-13,geolocated national model-support node,"place and coordinate are external records; node role, sink weight and any later flow are model inputs or estimates, not observed shipments",NF_EDFLOW_geolocated_network_expansion_v1_2_0_2026-08-31
GEO_BDI_428632,Burundi,BDI,Mpanda,Mpanda,29.4026,-3.1703,PPL,candidate consumer or transit catchment,fish|vegetable,GeoNames cities5000 dump; CC BY 4.0,428632,2025-12-19,geolocated national model-support node,"place and coordinate are external records; node role, sink weight and any later flow are model inputs or estimates, not observed shipments",NF_EDFLOW_geolocated_network_expansion_v1_2_0_2026-08-31
GEO_BDI_427204,Burundi,BDI,Cendajuru,Cendajuru,30.6011,-3.289,PPL,candidate consumer or transit catchment,fish|vegetable,GeoNames cities5000 dump; CC BY 4.0,427204,2025-12-19,geolocated national model-support node,"place and coordinate are external records; node role, sink weight and any later flow are model inputs or estimates, not observed shipments",NF_EDFLOW_geolocated_network_expansion_v1_2_0_2026-08-31
GEO_BDI_421930,Burundi,BDI,Vyanda,Vyanda,29.606,-4.1024,PPL,candidate consumer or transit catchment,fish|vegetable,GeoNames cities5000 dump; CC BY 4.0,421930,2026-08-30,geolocated national model-support node,"place and coordinate are external records; node role, sink weight and any later flow are model inputs or estimates, not observed shipments",NF_EDFLOW_geolocated_network_expansion_v1_2_0_2026-08-31
GEO_BDI_426423,Burundi,BDI,Zanandore,Zanandore,30.11404,-3.2548,PPL,candidate consumer or transit catchment,fish|vegetable,GeoNames cities5000 dump; CC BY 4.0,426423,2025-12-15,geolocated national model-support node,"place and coordinate are external records; node role, sink weight and any later flow are model inputs or estimates, not observed shipments",NF_EDFLOW_geolocated_network_expansion_v1_2_0_2026-08-31
GEO_BDI_425309,Burundi,BDI,Gatumba,Gatumba,29.25,-3.33333,PPL,candidate consumer or transit catchment,fish|vegetable,GeoNames cities5000 dump; CC BY 4.0,425309,2023-11-29,geolocated national model-support node,"place and coordinate are external records; node role, sink weight and any later flow are model inputs or estimates, not observed shipments",NF_EDFLOW_geolocated_network_expansion_v1_2_0_2026-08-31
GEO_BDI_425418,Burundi,BDI,Kanyosha,Kanyosha,29.4082,-3.4148,PPLL,candidate consumer or transit catchment,fish|vegetable,GeoNames cities5000 dump; CC BY 4.0,425418,2023-11-29,geolocated national model-support node,"place and coordinate are external records; node role, sink weight and any later flow are model inputs or estimates, not observed shipments",NF_EDFLOW_geolocated_network_expansion_v1_2_0_2026-08-31
GEO_BDI_431417,Burundi,BDI,Bwambarangwe,Bwambarangwe,30.33284,-2.58314,PPL,candidate consumer or transit catchment,fish|vegetable,GeoNames cities5000 dump; CC BY 4.0,431417,2023-11-29,geolocated national model-support node,"place and coordinate are external records; node role, sink weight and any later flow are model inputs or estimates, not observed shipments",NF_EDFLOW_geolocated_network_expansion_v1_2_0_2026-08-31
GEO_BDI_422357,Burundi,BDI,Kayogoro,Kayogoro,29.7662,-4.2298,PPL,candidate consumer or transit catchment,fish|vegetable,GeoNames cities5000 dump; CC BY 4.0,422357,2023-11-29,geolocated national model-support node,"place and coordinate are external records; node role, sink weight and any later flow are model inputs or estimates, not observed shipments",NF_EDFLOW_geolocated_network_expansion_v1_2_0_2026-08-31
GEO_BDI_421722,Burundi,BDI,Mabanda,Mabanda,29.7749,-4.2743,PPL,candidate consumer or transit catchment,fish|vegetable,GeoNames cities5000 dump; CC BY 4.0,421722,2023-11-29,geolocated national model-support node,"place and coordinate are external records; node role, sink weight and any later flow are model inputs or estimates, not observed shipments",NF_EDFLOW_geolocated_network_expansion_v1_2_0_2026-08-31
GEO_BEN_2392087,Benin,BEN,Porto-Novo,Porto-Novo,2.60359,6.49646,PPLC,major national hub,fish|vegetable,GeoNames cities5000 dump; CC BY 4.0,2392087,2023-11-29,geolocated national model-support node,"place and coordinate are external records; node role, sink weight and any later flow are model inputs or estimates, not observed shipments",NF_EDFLOW_geolocated_network_expansion_v1_2_0_2026-08-31
GEO_BEN_2392204,Benin,BEN,Parakou,Parakou,2.63031,9.33716,PPLA,major national hub,fish|vegetable,GeoNames cities5000 dump; CC BY 4.0,2392204,2026-04-13,geolocated national model-support node,"place and coordinate are external records; node role, sink weight and any later flow are model inputs or estimates, not observed shipments",NF_EDFLOW_geolocated_network_expansion_v1_2_0_2026-08-31
GEO_BEN_2395915,Benin,BEN,Abomey,Abomey,1.99119,7.18286,PPLA,major national hub,fish|vegetable,GeoNames cities5000 dump; CC BY 4.0,2395915,2026-04-13,geolocated national model-support node,"place and coordinate are external records; node role, sink weight and any later flow are model inputs or estimates, not observed shipments",NF_EDFLOW_geolocated_network_expansion_v1_2_0_2026-08-31
GEO_BEN_2394560,Benin,BEN,Djougou,Djougou,1.66598,9.70853,PPLA,major national hub,fish|vegetable,GeoNames cities5000 dump; CC BY 4.0,2394560,2026-04-13,geolocated national model-support node,"place and coordinate are external records; node role, sink weight and any later flow are model inputs or estimates, not observed shipments",NF_EDFLOW_geolocated_network_expansion_v1_2_0_2026-08-31
GEO_BEN_2395049,Benin,BEN,Bohicon,Bohicon,2.0667,7.17826,PPLA2,major national hub,fish|vegetable,GeoNames cities5000 dump; CC BY 4.0,2395049,2023-11-29,geolocated national model-support node,"place and coordinate are external records; node role, sink weight and any later flow are model inputs or estimates, not observed shipments",NF_EDFLOW_geolocated_network_expansion_v1_2_0_2026-08-31
GEO_BEN_2392837,Benin,BEN,Malanville,Malanville,3.38327,11.86819,PPLA3,candidate consumer or transit catchment,fish|vegetable,GeoNames cities5000 dump; CC BY 4.0,2392837,2023-11-29,geolocated national model-support node,"place and coordinate are external records; node role, sink weight and any later flow are model inputs or estimates, not observed shipments",NF_EDFLOW_geolocated_network_expansion_v1_2_0_2026-08-31
GEO_BEN_2393693,Benin,BEN,Kandi,Kandi,2.93861,11.13417,PPLA,candidate consumer or transit catchment,fish|vegetable,GeoNames cities5000 dump; CC BY 4.0,2393693,2026-04-13,geolocated national model-support node,"place and coordinate are external records; node role, sink weight and any later flow are model inputs or estimates, not observed shipments",NF_EDFLOW_geolocated_network_expansion_v1_2_0_2026-08-31
GEO_BEN_2392601,Benin,BEN,Natitingou,Natitingou,1.37962,10.30416,PPLA,candidate consumer or transit catchment,fish|vegetable,GeoNames cities5000 dump; CC BY 4.0,2392601,2026-04-13,geolocated national model-support node,"place and coordinate are external records; node role, sink weight and any later flow are model inputs or estimates, not observed shipments",NF_EDFLOW_geolocated_network_expansion_v1_2_0_2026-08-31
GEO_BEN_2392108,Benin,BEN,Pobé,Pobe,2.6649,6.98008,PPLA2,candidate consumer or transit catchment,fish|vegetable,GeoNames cities5000 dump; CC BY 4.0,2392108,2023-11-29,geolocated national model-support node,"place and coordinate are external records; node role, sink weight and any later flow are model inputs or estimates, not observed shipments",NF_EDFLOW_geolocated_network_expansion_v1_2_0_2026-08-31
GEO_BEN_2392897,Benin,BEN,Lokossa,Lokossa,1.71674,6.63869,PPLA,candidate consumer or transit catchment,fish|vegetable,GeoNames cities5000 dump; CC BY 4.0,2392897,2026-04-13,geolocated national model-support node,"place and coordinate are external records; node role, sink weight and any later flow are model inputs or estimates, not observed shipments",NF_EDFLOW_geolocated_network_expansion_v1_2_0_2026-08-31
GEO_BEN_2394545,Benin,BEN,Dogbo,Dogbo,1.78073,6.79911,PPLA2,candidate consumer or transit catchment,fish|vegetable,GeoNames cities5000 dump; CC BY 4.0,2394545,2025-04-19,geolocated national model-support node,"place and coordinate are external records; node role, sink weight and any later flow are model inputs or estimates, not observed shipments",NF_EDFLOW_geolocated_network_expansion_v1_2_0_2026-08-31
GEO_BEN_2395325,Benin,BEN,Banigbé,Banigbe,2.70695,6.64756,PPLA3,candidate consumer or transit catchment,fish|vegetable,GeoNames cities5000 dump; CC BY 4.0,2395325,2023-11-29,geolocated national model-support node,"place and coordinate are external records; node role, sink weight and any later flow are model inputs or estimates, not observed shipments",NF_EDFLOW_geolocated_network_expansion_v1_2_0_2026-08-31
GEO_BEN_2394711,Benin,BEN,Dassa-Zoumè,Dassa-Zoume,2.18333,7.75,PPLA,candidate consumer or transit catchment,fish|vegetable,GeoNames cities5000 dump; CC BY 4.0,2394711,2026-04-13,geolocated national model-support node,"place and coordinate are external records; node role, sink weight and any later flow are model inputs or estimates, not observed shipments",NF_EDFLOW_geolocated_network_expansion_v1_2_0_2026-08-31
GEO_BEN_2395568,Benin,BEN,Aplahoué,Aplahoue,1.68333,6.93333,PPLA,candidate consumer or transit catchment,fish|vegetable,GeoNames cities5000 dump; CC BY 4.0,2395568,2026-04-13,geolocated national model-support node,"place and coordinate are external records; node role, sink weight and any later flow are model inputs or estimates, not observed shipments",NF_EDFLOW_geolocated_network_expansion_v1_2_0_2026-08-31
GEO_BEN_2391833,Benin,BEN,Semi,Semi,2.61667,6.36667,PPLA2,candidate consumer or transit catchment,fish|vegetable,GeoNames cities5000 dump; CC BY 4.0,2391833,2023-11-29,geolocated national model-support node,"place and coordinate are external records; node role, sink weight and any later flow are model inputs or estimates, not observed shipments",NF_EDFLOW_geolocated_network_expansion_v1_2_0_2026-08-31
GEO_BEN_2395635,Benin,BEN,Allada,Allada,2.15138,6.66547,PPLA,candidate consumer or transit catchment,fish|vegetable,GeoNames cities5000 dump; CC BY 4.0,2395635,2026-04-13,geolocated national model-support node,"place and coordinate are external records; node role, sink weight and any later flow are model inputs or estimates, not observed shipments",NF_EDFLOW_geolocated_network_expansion_v1_2_0_2026-08-31
GEO_BEN_2392303,Benin,BEN,Ouinhi,Ouinhi,2.48343,7.08411,PPLA2,candidate consumer or transit catchment,fish|vegetable,GeoNames cities5000 dump; CC BY 4.0,2392303,2023-11-29,geolocated national model-support node,"place and coordinate are external records; node role, sink weight and any later flow are model inputs or estimates, not observed shipments",NF_EDFLOW_geolocated_network_expansion_v1_2_0_2026-08-31
GEO_BEN_2395510,Benin,BEN,Athiémé,Athieme,1.6696,6.5808,PPLA2,candidate consumer or transit catchment,fish|vegetable,GeoNames cities5000 dump; CC BY 4.0,2395510,2023-11-29,geolocated national model-support node,"place and coordinate are external records; node role, sink weight and any later flow are model inputs or estimates, not observed shipments",NF_EDFLOW_geolocated_network_expansion_v1_2_0_2026-08-31
GEO_BEN_2394819,Benin,BEN,Cotonou,Cotonou,2.41833,6.36536,PPLG,candidate consumer or transit catchment,fish|vegetable,GeoNames cities5000 dump; CC BY 4.0,2394819,2023-11-29,geolocated national model-support node,"place and coordinate are external records; node role, sink weight and any later flow are model inputs or estimates, not observed shipments",NF_EDFLOW_geolocated_network_expansion_v1_2_0_2026-08-31
GEO_BEN_2395914,Benin,BEN,Abomey-Calavi,Abomey-Calavi,2.35566,6.44852,PPL,candidate consumer or transit catchment,fish|vegetable,GeoNames cities5000 dump; CC BY 4.0,2395914,2025-09-03,geolocated national model-support node,"place and coordinate are external records; node role, sink weight and any later flow are model inputs or estimates, not observed shipments",NF_EDFLOW_geolocated_network_expansion_v1_2_0_2026-08-31
GEO_BEN_2394092,Benin,BEN,Godomè,Godome,2.34581,6.38948,PPL,candidate consumer or transit catchment,fish|vegetable,GeoNames cities5000 dump; CC BY 4.0,2394092,2023-11-29,geolocated national model-support node,"place and coordinate are external records; node role, sink weight and any later flow are model inputs or estimates, not observed shipments",NF_EDFLOW_geolocated_network_expansion_v1_2_0_2026-08-31
GEO_BEN_2394427,Benin,BEN,Ekpé,Ekpe,2.53725,6.39209,PPL,candidate consumer or transit catchment,fish|vegetable,GeoNames cities5000 dump; CC BY 4.0,2394427,2023-11-29,geolocated national model-support node,"place and coordinate are external records; node role, sink weight and any later flow are model inputs or estimates, not observed shipments",NF_EDFLOW_geolocated_network_expansion_v1_2_0_2026-08-31
GEO_BEN_2392505,Benin,BEN,Nikki,Nikki,3.21075,9.94009,PPL,candidate consumer or transit catchment,fish|vegetable,GeoNames cities5000 dump; CC BY 4.0,2392505,2023-11-29,geolocated national model-support node,"place and coordinate are external records; node role, sink weight and any later flow are model inputs or estimates, not observed shipments",NF_EDFLOW_geolocated_network_expansion_v1_2_0_2026-08-31
GEO_BEN_2393561,Benin,BEN,Kérou,Kerou,2.10479,10.82578,PPL,candidate consumer or transit catchment,fish|vegetable,GeoNames cities5000 dump; CC BY 4.0,2393561,2023-11-29,geolocated national model-support node,"place and coordinate are external records; node role, sink weight and any later flow are model inputs or estimates, not observed shipments",NF_EDFLOW_geolocated_network_expansion_v1_2_0_2026-08-31
GEO_BEN_2392308,Benin,BEN,Ouidah,Ouidah,2.08506,6.36307,PPL,candidate consumer or transit catchment,fish|vegetable,GeoNames cities5000 dump; CC BY 4.0,2392308,2025-04-15,geolocated national model-support node,"place and coordinate are external records; node role, sink weight and any later flow are model inputs or estimates, not observed shipments",NF_EDFLOW_geolocated_network_expansion_v1_2_0_2026-08-31
GEO_BEN_2395261,Benin,BEN,Bassila,Bassila,1.6654,9.00814,PPL,candidate consumer or transit catchment,fish|vegetable,GeoNames cities5000 dump; CC BY 4.0,2395261,2023-11-29,geolocated national model-support node,"place and coordinate are external records; node role, sink weight and any later flow are model inputs or estimates, not observed shipments",NF_EDFLOW_geolocated_network_expansion_v1_2_0_2026-08-31
GEO_BEN_2391377,Benin,BEN,Tchaourou,Tchaourou,2.59753,8.88649,PPL,candidate consumer or transit catchment,fish|vegetable,GeoNames cities5000 dump; CC BY 4.0,2391377,2023-11-29,geolocated national model-support node,"place and coordinate are external records; node role, sink weight and any later flow are model inputs or estimates, not observed shipments",NF_EDFLOW_geolocated_network_expansion_v1_2_0_2026-08-31
GEO_BEN_2394814,Benin,BEN,Cové,Cove,2.34017,7.22097,PPL,candidate consumer or transit catchment,fish|vegetable,GeoNames cities5000 dump; CC BY 4.0,2394814,2022-01-09,geolocated national model-support node,"place and coordinate are external records; node role, sink weight and any later flow are model inputs or estimates, not observed shipments",NF_EDFLOW_geolocated_network_expansion_v1_2_0_2026-08-31
GEO_BEN_2392009,Benin,BEN,Sakété,Sakete,2.65866,6.73618,PPL,candidate consumer or transit catchment,fish|vegetable,GeoNames cities5000 dump; CC BY 4.0,2392009,2025-04-15,geolocated national model-support node,"place and coordinate are external records; node role, sink weight and any later flow are model inputs or estimates, not observed shipments",NF_EDFLOW_geolocated_network_expansion_v1_2_0_2026-08-31
GEO_BEN_2394824,Benin,BEN,Comé,Come,1.88198,6.40764,PPL,candidate consumer or transit catchment,fish|vegetable,GeoNames cities5000 dump; CC BY 4.0,2394824,2023-11-29,geolocated national model-support node,"place and coordinate are external records; node role, sink weight and any later flow are model inputs or estimates, not observed shipments",NF_EDFLOW_geolocated_network_expansion_v1_2_0_2026-08-31
GEO_BEN_2392746,Benin,BEN,Missérété,Misserete,2.59063,6.55872,PPL,candidate consumer or transit catchment,fish|vegetable,GeoNames cities5000 dump; CC BY 4.0,2392746,2023-11-29,geolocated national model-support node,"place and coordinate are external records; node role, sink weight and any later flow are model inputs or estimates, not observed shipments",NF_EDFLOW_geolocated_network_expansion_v1_2_0_2026-08-31
GEO_BEN_2393551,Benin,BEN,Kétou,Ketou,2.59978,7.36332,PPL,candidate consumer or transit catchment,fish|vegetable,GeoNames cities5000 dump; CC BY 4.0,2393551,2023-11-29,geolocated national model-support node,"place and coordinate are external records; node role, sink weight and any later flow are model inputs or estimates, not observed shipments",NF_EDFLOW_geolocated_network_expansion_v1_2_0_2026-08-31
GEO_BEN_2391895,Benin,BEN,Savalou,Savalou,1.97558,7.92807,PPL,candidate consumer or transit catchment,fish|vegetable,GeoNames cities5000 dump; CC BY 4.0,2391895,2025-04-15,geolocated national model-support node,"place and coordinate are external records; node role, sink weight and any later flow are model inputs or estimates, not observed shipments",NF_EDFLOW_geolocated_network_expansion_v1_2_0_2026-08-31
GEO_BEN_2395317,Benin,BEN,Banikoara,Banikoara,2.43856,11.29845,PPL,candidate consumer or transit catchment,fish|vegetable,GeoNames cities5000 dump; CC BY 4.0,2395317,2023-11-29,geolocated national model-support node,"place and coordinate are external records; node role, sink weight and any later flow are model inputs or estimates, not observed shipments",NF_EDFLOW_geolocated_network_expansion_v1_2_0_2026-08-31
GEO_BEN_2392164,Benin,BEN,Péhonko,Pehonko,2.00192,10.22746,PPL,candidate consumer or transit catchment,fish|vegetable,GeoNames cities5000 dump; CC BY 4.0,2392164,2023-11-29,geolocated national model-support node,"place and coordinate are external records; node role, sink weight and any later flow are model inputs or estimates, not observed shipments",NF_EDFLOW_geolocated_network_expansion_v1_2_0_2026-08-31
GEO_BEN_2393722,Benin,BEN,Kalalé,Kalale,3.38367,10.29275,PPL,candidate consumer or transit catchment,fish|vegetable,GeoNames cities5000 dump; CC BY 4.0,2393722,2023-11-29,geolocated national model-support node,"place and coordinate are external records; node role, sink weight and any later flow are model inputs or estimates, not observed shipments",NF_EDFLOW_geolocated_network_expansion_v1_2_0_2026-08-31
GEO_BEN_2391739,Benin,BEN,Sinendé,Sinende,2.37906,10.34963,PPL,candidate consumer or transit catchment,fish|vegetable,GeoNames cities5000 dump; CC BY 4.0,2391739,2023-11-29,geolocated national model-support node,"place and coordinate are external records; node role, sink weight and any later flow are model inputs or estimates, not observed shipments",NF_EDFLOW_geolocated_network_expansion_v1_2_0_2026-08-31
GEO_BEN_2391893,Benin,BEN,Savé,Save,2.4866,8.03424,PPL,candidate consumer or transit catchment,fish|vegetable,GeoNames cities5000 dump; CC BY 4.0,2391893,2023-11-29,geolocated national model-support node,"place and coordinate are external records; node role, sink weight and any later flow are model inputs or estimates, not observed shipments",NF_EDFLOW_geolocated_network_expansion_v1_2_0_2026-08-31
GEO_BEN_2395182,Benin,BEN,Bembèrèkè,Bembereke,2.66335,10.22827,PPL,candidate consumer or transit catchment,fish|vegetable,GeoNames cities5000 dump; CC BY 4.0,2395182,2023-11-29,geolocated national model-support node,"place and coordinate are external records; node role, sink weight and any later flow are model inputs or estimates, not observed shipments",NF_EDFLOW_geolocated_network_expansion_v1_2_0_2026-08-31
GEO_BEN_2394822,Benin,BEN,Kopargo,Kopargo,1.54231,9.84108,PPL,candidate consumer or transit catchment,fish|vegetable,GeoNames cities5000 dump; CC BY 4.0,2394822,2023-11-29,geolocated national model-support node,"place and coordinate are external records; node role, sink weight and any later flow are model inputs or estimates, not observed shipments",NF_EDFLOW_geolocated_network_expansion_v1_2_0_2026-08-31
GEO_BEN_2393287,Benin,BEN,Kouandé,Kouande,2.06667,6.4,PPL,candidate consumer or transit catchment,fish|vegetable,GeoNames cities5000 dump; CC BY 4.0,2393287,2023-11-29,geolocated national model-support node,"place and coordinate are external records; node role, sink weight and any later flow are model inputs or estimates, not observed shipments",NF_EDFLOW_geolocated_network_expansion_v1_2_0_2026-08-31
GEO_BEN_2391455,Benin,BEN,Tanguiéta,Tanguieta,1.26651,10.62118,PPL,candidate consumer or transit catchment,fish|vegetable,GeoNames cities5000 dump; CC BY 4.0,2391455,2023-11-29,geolocated national model-support node,"place and coordinate are external records; node role, sink weight and any later flow are model inputs or estimates, not observed shipments",NF_EDFLOW_geolocated_network_expansion_v1_2_0_2026-08-31
GEO_BEN_11427410,Benin,BEN,Kpozoun,Kpozoun,2.21317,7.22868,PPL,candidate consumer or transit catchment,fish|vegetable,GeoNames cities5000 dump; CC BY 4.0,11427410,2023-11-29,geolocated national model-support node,"place and coordinate are external records; node role, sink weight and any later flow are model inputs or estimates, not observed shipments",NF_EDFLOW_geolocated_network_expansion_v1_2_0_2026-08-31
GEO_BEN_2391881,Benin,BEN,Sé,Se,1.82831,6.51115,PPL,candidate consumer or transit catchment,fish|vegetable,GeoNames cities5000 dump; CC BY 4.0,2391881,2023-11-29,geolocated national model-support node,"place and coordinate are external records; node role, sink weight and any later flow are model inputs or estimates, not observed shipments",NF_EDFLOW_geolocated_network_expansion_v1_2_0_2026-08-31
GEO_BEN_2391871,Benin,BEN,Ségbana,Segbana,3.69429,10.92821,PPL,candidate consumer or transit catchment,fish|vegetable,GeoNames cities5000 dump; CC BY 4.0,2391871,2023-11-29,geolocated national model-support node,"place and coordinate are external records; node role, sink weight and any later flow are model inputs or estimates, not observed shipments",NF_EDFLOW_geolocated_network_expansion_v1_2_0_2026-08-31
GEO_BEN_10339095,Benin,BEN,Cobly,Cobly,0.99972,10.49222,PPL,candidate consumer or transit catchment,fish|vegetable,GeoNames cities5000 dump; CC BY 4.0,10339095,2023-11-29,geolocated national model-support node,"place and coordinate are external records; node role, sink weight and any later flow are model inputs or estimates, not observed shipments",NF_EDFLOW_geolocated_network_expansion_v1_2_0_2026-08-31
GEO_BEN_2392781,Benin,BEN,Matéri,Materi,1.06307,10.69623,PPL,candidate consumer or transit catchment,fish|vegetable,GeoNames cities5000 dump; CC BY 4.0,2392781,2023-11-29,geolocated national model-support node,"place and coordinate are external records; node role, sink weight and any later flow are model inputs or estimates, not observed shipments",NF_EDFLOW_geolocated_network_expansion_v1_2_0_2026-08-31
GEO_BEN_2395870,Benin,BEN,Adjarra,Adjarra,2.66833,6.53445,PPL,candidate consumer or transit catchment,fish|vegetable,GeoNames cities5000 dump; CC BY 4.0,2395870,2023-11-29,geolocated national model-support node,"place and coordinate are external records; node role, sink weight and any later flow are model inputs or estimates, not observed shipments",NF_EDFLOW_geolocated_network_expansion_v1_2_0_2026-08-31
GEO_BEN_2394576,Benin,BEN,Djidja,Djidja,1.93447,7.34436,PPL,candidate consumer or transit catchment,fish|vegetable,GeoNames cities5000 dump; CC BY 4.0,2394576,2023-11-29,geolocated national model-support node,"place and coordinate are external records; node role, sink weight and any later flow are model inputs or estimates, not observed shipments",NF_EDFLOW_geolocated_network_expansion_v1_2_0_2026-08-31
GEO_BEN_10339148,Benin,BEN,Klouékanmè,Klouekanme,1.84222,6.98028,PPL,candidate consumer or transit catchment,fish|vegetable,GeoNames cities5000 dump; CC BY 4.0,10339148,2023-11-29,geolocated national model-support node,"place and coordinate are external records; node role, sink weight and any later flow are model inputs or estimates, not observed shipments",NF_EDFLOW_geolocated_network_expansion_v1_2_0_2026-08-31
GEO_BEN_2392595,Benin,BEN,Ndali,Ndali,2.72094,9.8636,PPL,candidate consumer or transit catchment,fish|vegetable,GeoNames cities5000 dump; CC BY 4.0,2392595,2023-11-29,geolocated national model-support node,"place and coordinate are external records; node role, sink weight and any later flow are model inputs or estimates, not observed shipments",NF_EDFLOW_geolocated_network_expansion_v1_2_0_2026-08-31
GEO_BEN_2394914,Benin,BEN,Boukoumbé,Boukoumbe,1.10621,10.17711,PPL,candidate consumer or transit catchment,fish|vegetable,GeoNames cities5000 dump; CC BY 4.0,2394914,2023-11-29,geolocated national model-support node,"place and coordinate are external records; node role, sink weight and any later flow are model inputs or estimates, not observed shipments",NF_EDFLOW_geolocated_network_expansion_v1_2_0_2026-08-31
GEO_BEN_2395874,Benin,BEN,Adjaouèrè,Adjaouere,2.60591,7.00228,PPL,candidate consumer or transit catchment,fish|vegetable,GeoNames cities5000 dump; CC BY 4.0,2395874,2023-11-29,geolocated national model-support node,"place and coordinate are external records; node role, sink weight and any later flow are model inputs or estimates, not observed shipments",NF_EDFLOW_geolocated_network_expansion_v1_2_0_2026-08-31
GEO_BEN_2391034,Benin,BEN,Toviklin,Toviklin,1.83722,6.88935,PPL,candidate consumer or transit catchment,fish|vegetable,GeoNames cities5000 dump; CC BY 4.0,2391034,2023-11-29,geolocated national model-support node,"place and coordinate are external records; node role, sink weight and any later flow are model inputs or estimates, not observed shipments",NF_EDFLOW_geolocated_network_expansion_v1_2_0_2026-08-31
GEO_BEN_2395477,Benin,BEN,Avrankou,Avrankou,2.65123,6.55591,PPL,candidate consumer or transit catchment,fish|vegetable,GeoNames cities5000 dump; CC BY 4.0,2395477,2023-11-29,geolocated national model-support node,"place and coordinate are external records; node role, sink weight and any later flow are model inputs or estimates, not observed shipments",NF_EDFLOW_geolocated_network_expansion_v1_2_0_2026-08-31
GEO_BEN_2394111,Benin,BEN,Glazoué,Glazoue,2.22176,7.97252,PPL,candidate consumer or transit catchment,fish|vegetable,GeoNames cities5000 dump; CC BY 4.0,2394111,2023-11-29,geolocated national model-support node,"place and coordinate are external records; node role, sink weight and any later flow are model inputs or estimates, not observed shipments",NF_EDFLOW_geolocated_network_expansion_v1_2_0_2026-08-31
GEO_BEN_2394227,Benin,BEN,Ganvié,Ganvie,2.39288,6.46441,PPL,candidate consumer or transit catchment,fish|vegetable,GeoNames cities5000 dump; CC BY 4.0,2394227,2025-09-20,geolocated national model-support node,"place and coordinate are external records; node role, sink weight and any later flow are model inputs or estimates, not observed shipments",NF_EDFLOW_geolocated_network_expansion_v1_2_0_2026-08-31
GEO_BEN_2394597,Benin,BEN,Djakotomé,Djakotome,1.71618,6.8991,PPL,candidate consumer or transit catchment,fish|vegetable,GeoNames cities5000 dump; CC BY 4.0,2394597,2023-11-29,geolocated national model-support node,"place and coordinate are external records; node role, sink weight and any later flow are model inputs or estimates, not observed shipments",NF_EDFLOW_geolocated_network_expansion_v1_2_0_2026-08-31
GEO_BEN_2390731,Benin,BEN,Zinvié,Zinvie,2.35776,6.61738,PPL,candidate consumer or transit catchment,fish|vegetable,GeoNames cities5000 dump; CC BY 4.0,2390731,2023-11-29,geolocated national model-support node,"place and coordinate are external records; node role, sink weight and any later flow are model inputs or estimates, not observed shipments",NF_EDFLOW_geolocated_network_expansion_v1_2_0_2026-08-31
GEO_BEN_2395301,Benin,BEN,Banté,Bante,1.88969,8.41221,PPL,candidate consumer or transit catchment,fish|vegetable,GeoNames cities5000 dump; CC BY 4.0,2395301,2023-11-29,geolocated national model-support node,"place and coordinate are external records; node role, sink weight and any later flow are model inputs or estimates, not observed shipments",NF_EDFLOW_geolocated_network_expansion_v1_2_0_2026-08-31
GEO_BEN_2596746,Benin,BEN,Ouaké,Ouake,1.38472,9.66167,PPL,candidate consumer or transit catchment,fish|vegetable,GeoNames cities5000 dump; CC BY 4.0,2596746,2023-11-29,geolocated national model-support node,"place and coordinate are external records; node role, sink weight and any later flow are model inputs or estimates, not observed shipments",NF_EDFLOW_geolocated_network_expansion_v1_2_0_2026-08-31
GEO_BEN_2391170,Benin,BEN,Tobré,Tobre,2.12999,10.19499,PPL,candidate consumer or transit catchment,fish|vegetable,GeoNames cities5000 dump; CC BY 4.0,2391170,2025-12-11,geolocated national model-support node,"place and coordinate are external records; node role, sink weight and any later flow are model inputs or estimates, not observed shipments",NF_EDFLOW_geolocated_network_expansion_v1_2_0_2026-08-31
GEO_BEN_2390740,Benin,BEN,Zé,Ze,2.3,6.78333,PPL,candidate consumer or transit catchment,fish|vegetable,GeoNames cities5000 dump; CC BY 4.0,2390740,2023-11-29,geolocated national model-support node,"place and coordinate are external records; node role, sink weight and any later flow are model inputs or estimates, not observed shipments",NF_EDFLOW_geolocated_network_expansion_v1_2_0_2026-08-31
GEO_BEN_2391067,Benin,BEN,Toukountouna,Toukountouna,1.37437,10.50279,PPL,candidate consumer or transit catchment,fish|vegetable,GeoNames cities5000 dump; CC BY 4.0,2391067,2023-11-29,geolocated national model-support node,"place and coordinate are external records; node role, sink weight and any later flow are model inputs or estimates, not observed shipments",NF_EDFLOW_geolocated_network_expansion_v1_2_0_2026-08-31
GEO_BEN_2392134,Benin,BEN,Pèrèrè,Perere,2.98403,9.79721,PPL,candidate consumer or transit catchment,fish|vegetable,GeoNames cities5000 dump; CC BY 4.0,2392134,2023-11-29,geolocated national model-support node,"place and coordinate are external records; node role, sink weight and any later flow are model inputs or estimates, not observed shipments",NF_EDFLOW_geolocated_network_expansion_v1_2_0_2026-08-31
GEO_BEN_2392319,Benin,BEN,Ouessé,Ouesse,2.42872,8.48639,PPL,candidate consumer or transit catchment,fish|vegetable,GeoNames cities5000 dump; CC BY 4.0,2392319,2023-11-29,geolocated national model-support node,"place and coordinate are external records; node role, sink weight and any later flow are model inputs or estimates, not observed shipments",NF_EDFLOW_geolocated_network_expansion_v1_2_0_2026-08-31
GEO_BEN_2391101,Benin,BEN,Tori-Bossito,Tori-Bossito,2.1441,6.50302,PPL,candidate consumer or transit catchment,fish|vegetable,GeoNames cities5000 dump; CC BY 4.0,2391101,2023-11-29,geolocated national model-support node,"place and coordinate are external records; node role, sink weight and any later flow are model inputs or estimates, not observed shipments",NF_EDFLOW_geolocated_network_expansion_v1_2_0_2026-08-31
GEO_BEN_2394087,Benin,BEN,Gogounou,Gogounou,2.83174,10.8399,PPL,candidate consumer or transit catchment,fish|vegetable,GeoNames cities5000 dump; CC BY 4.0,2394087,2023-11-29,geolocated national model-support node,"place and coordinate are external records; node role, sink weight and any later flow are model inputs or estimates, not observed shipments",NF_EDFLOW_geolocated_network_expansion_v1_2_0_2026-08-31
GEO_BEN_2392963,Benin,BEN,Lalo,Lalo,1.88994,6.92869,PPL,candidate consumer or transit catchment,fish|vegetable,GeoNames cities5000 dump; CC BY 4.0,2392963,2023-11-29,geolocated national model-support node,"place and coordinate are external records; node role, sink weight and any later flow are model inputs or estimates, not observed shipments",NF_EDFLOW_geolocated_network_expansion_v1_2_0_2026-08-31
GEO_BEN_2393887,Benin,BEN,Hévié,Hevie,2.25,6.41667,PPL,candidate consumer or transit catchment,fish|vegetable,GeoNames cities5000 dump; CC BY 4.0,2393887,2018-02-26,geolocated national model-support node,"place and coordinate are external records; node role, sink weight and any later flow are model inputs or estimates, not observed shipments",NF_EDFLOW_geolocated_network_expansion_v1_2_0_2026-08-31
GEO_BEN_2395127,Benin,BEN,Bétérou,Beterou,2.25855,9.19916,PPL,candidate consumer or transit catchment,fish|vegetable,GeoNames cities5000 dump; CC BY 4.0,2395127,2018-03-26,geolocated national model-support node,"place and coordinate are external records; node role, sink weight and any later flow are model inputs or estimates, not observed shipments",NF_EDFLOW_geolocated_network_expansion_v1_2_0_2026-08-31
GEO_BEN_2391990,Benin,BEN,Sam,Sam,2.73282,11.03287,PPL,candidate consumer or transit catchment,fish|vegetable,GeoNames cities5000 dump; CC BY 4.0,2391990,2026-01-16,geolocated national model-support node,"place and coordinate are external records; node role, sink weight and any later flow are model inputs or estimates, not observed shipments",NF_EDFLOW_geolocated_network_expansion_v1_2_0_2026-08-31
GEO_BEN_2393947,Benin,BEN,Grand-Popo,Grand-Popo,1.82251,6.28036,PPL,candidate consumer or transit catchment,fish|vegetable,GeoNames cities5000 dump; CC BY 4.0,2393947,2017-12-28,geolocated national model-support node,"place and coordinate are external records; node role, sink weight and any later flow are model inputs or estimates, not observed shipments",NF_EDFLOW_geolocated_network_expansion_v1_2_0_2026-08-31
GEO_BEN_2390701,Benin,BEN,Zounké,Zounke,2.52836,6.61621,PPL,candidate consumer or transit catchment,fish|vegetable,GeoNames cities5000 dump; CC BY 4.0,2390701,2025-12-11,geolocated national model-support node,"place and coordinate are external records; node role, sink weight and any later flow are model inputs or estimates, not observed shipments",NF_EDFLOW_geolocated_network_expansion_v1_2_0_2026-08-31
GEO_BEN_2393917,Benin,BEN,Guilmaro,Guilmaro,1.72444,10.56583,PPL,candidate consumer or transit catchment,fish|vegetable,GeoNames cities5000 dump; CC BY 4.0,2393917,2018-02-26,geolocated national model-support node,"place and coordinate are external records; node role, sink weight and any later flow are model inputs or estimates, not observed shipments",NF_EDFLOW_geolocated_network_expansion_v1_2_0_2026-08-31
GEO_BEN_2395752,Benin,BEN,Agoué,Agoue,1.67624,6.2463,PPL,candidate consumer or transit catchment,fish|vegetable,GeoNames cities5000 dump; CC BY 4.0,2395752,2025-11-02,geolocated national model-support node,"place and coordinate are external records; node role, sink weight and any later flow are model inputs or estimates, not observed shipments",NF_EDFLOW_geolocated_network_expansion_v1_2_0_2026-08-31
GEO_BFA_2357048,Burkina Faso,BFA,Ouagadougou,Ouagadougou,-1.53388,12.36566,PPLC,major national hub,fish|vegetable,GeoNames cities5000 dump; CC BY 4.0,2357048,2025-06-20,geolocated national model-support node,"place and coordinate are external records; node role, sink weight and any later flow are model inputs or estimates, not observed shipments",NF_EDFLOW_geolocated_network_expansion_v1_2_0_2026-08-31
GEO_BFA_2362344,Burkina Faso,BFA,Bobo-Dioulasso,Bobo-Dioulasso,-4.29489,11.18064,PPLA,major national hub,fish|vegetable,GeoNames cities5000 dump; CC BY 4.0,2362344,2026-04-13,geolocated national model-support node,"place and coordinate are external records; node role, sink weight and any later flow are model inputs or estimates, not observed shipments",NF_EDFLOW_geolocated_network_expansion_v1_2_0_2026-08-31
GEO_BFA_2358946,Burkina Faso,BFA,Koudougou,Koudougou,-2.36694,12.25188,PPLA,major national hub,fish|vegetable,GeoNames cities5000 dump; CC BY 4.0,2358946,2026-04-13,geolocated national model-support node,"place and coordinate are external records; node role, sink weight and any later flow are model inputs or estimates, not observed shipments",NF_EDFLOW_geolocated_network_expansion_v1_2_0_2026-08-31
GEO_BFA_2356157,Burkina Faso,BFA,Saaba,Saaba,-1.41468,12.37136,PPLA3,major national hub,fish|vegetable,GeoNames cities5000 dump; CC BY 4.0,2356157,2023-11-29,geolocated national model-support node,"place and coordinate are external records; node role, sink weight and any later flow are model inputs or estimates, not observed shipments",NF_EDFLOW_geolocated_network_expansion_v1_2_0_2026-08-31
GEO_BFA_2357043,Burkina Faso,BFA,Ouahigouya,Ouahigouya,-2.41786,13.5769,PPLA,major national hub,fish|vegetable,GeoNames cities5000 dump; CC BY 4.0,2357043,2026-04-13,geolocated national model-support node,"place and coordinate are external records; node role, sink weight and any later flow are model inputs or estimates, not observed shipments",NF_EDFLOW_geolocated_network_expansion_v1_2_0_2026-08-31
GEO_BFA_2359608,Burkina Faso,BFA,Kaya,Kaya,-1.08368,13.0883,PPLA,candidate consumer or transit catchment,fish|vegetable,GeoNames cities5000 dump; CC BY 4.0,2359608,2026-04-13,geolocated national model-support node,"place and coordinate are external records; node role, sink weight and any later flow are model inputs or estimates, not observed shipments",NF_EDFLOW_geolocated_network_expansion_v1_2_0_2026-08-31
GEO_BFA_2362909,Burkina Faso,BFA,Banfora,Banfora,-4.75285,10.64064,PPLA,candidate consumer or transit catchment,fish|vegetable,GeoNames cities5000 dump; CC BY 4.0,2362909,2026-04-13,geolocated national model-support node,"place and coordinate are external records; node role, sink weight and any later flow are model inputs or estimates, not observed shipments",NF_EDFLOW_geolocated_network_expansion_v1_2_0_2026-08-31
GEO_BFA_2360073,Burkina Faso,BFA,Houndé,Hounde,-3.51667,11.5,PPLA2,candidate consumer or transit catchment,fish|vegetable,GeoNames cities5000 dump; CC BY 4.0,2360073,2026-04-16,geolocated national model-support node,"place and coordinate are external records; node role, sink weight and any later flow are model inputs or estimates, not observed shipments",NF_EDFLOW_geolocated_network_expansion_v1_2_0_2026-08-31
GEO_BFA_2360886,Burkina Faso,BFA,Fada N'gourma,Fada N'gourma,0.35843,12.06157,PPLA,candidate consumer or transit catchment,fish|vegetable,GeoNames cities5000 dump; CC BY 4.0,2360886,2026-04-13,geolocated national model-support node,"place and coordinate are external records; node role, sink weight and any later flow are model inputs or estimates, not observed shipments",NF_EDFLOW_geolocated_network_expansion_v1_2_0_2026-08-31
GEO_BFA_2361477,Burkina Faso,BFA,Dédougou,Dedougou,-3.46075,12.4636,PPLA,candidate consumer or transit catchment,fish|vegetable,GeoNames cities5000 dump; CC BY 4.0,2361477,2026-04-13,geolocated national model-support node,"place and coordinate are external records; node role, sink weight and any later flow are model inputs or estimates, not observed shipments",NF_EDFLOW_geolocated_network_expansion_v1_2_0_2026-08-31
GEO_BFA_2354675,Burkina Faso,BFA,Tenkodogo,Tenkodogo,-0.37184,11.78442,PPLA,candidate consumer or transit catchment,fish|vegetable,GeoNames cities5000 dump; CC BY 4.0,2354675,2026-04-13,geolocated national model-support node,"place and coordinate are external records; node role, sink weight and any later flow are model inputs or estimates, not observed shipments",NF_EDFLOW_geolocated_network_expansion_v1_2_0_2026-08-31
GEO_BFA_2361177,Burkina Faso,BFA,Djibo,Djibo,-1.62665,14.09864,PPLA2,candidate consumer or transit catchment,fish|vegetable,GeoNames cities5000 dump; CC BY 4.0,2361177,2026-04-16,geolocated national model-support node,"place and coordinate are external records; node role, sink weight and any later flow are model inputs or estimates, not observed shipments",NF_EDFLOW_geolocated_network_expansion_v1_2_0_2026-08-31
GEO_BFA_2359142,Burkina Faso,BFA,Kongoussi,Kongoussi,-1.53472,13.32583,PPLA2,candidate consumer or transit catchment,fish|vegetable,GeoNames cities5000 dump; CC BY 4.0,2359142,2026-04-16,geolocated national model-support node,"place and coordinate are external records; node role, sink weight and any later flow are model inputs or estimates, not observed shipments",NF_EDFLOW_geolocated_network_expansion_v1_2_0_2026-08-31
GEO_BFA_2358382,Burkina Faso,BFA,Léo,Leo,-2.10654,11.10033,PPLA2,candidate consumer or transit catchment,fish|vegetable,GeoNames cities5000 dump; CC BY 4.0,2358382,2026-04-16,geolocated national model-support node,"place and coordinate are external records; node role, sink weight and any later flow are model inputs or estimates, not observed shipments",NF_EDFLOW_geolocated_network_expansion_v1_2_0_2026-08-31
GEO_BFA_2358738,Burkina Faso,BFA,Koupéla,Koupela,-0.35103,12.17864,PPLA2,candidate consumer or transit catchment,fish|vegetable,GeoNames cities5000 dump; CC BY 4.0,2358738,2026-04-16,geolocated national model-support node,"place and coordinate are external records; node role, sink weight and any later flow are model inputs or estimates, not observed shipments",NF_EDFLOW_geolocated_network_expansion_v1_2_0_2026-08-31
GEO_BFA_2354349,Burkina Faso,BFA,Titao,Titao,-2.06667,13.76667,PPLA2,candidate consumer or transit catchment,fish|vegetable,GeoNames cities5000 dump; CC BY 4.0,2354349,2026-04-16,geolocated national model-support node,"place and coordinate are external records; node role, sink weight and any later flow are model inputs or estimates, not observed shipments",NF_EDFLOW_geolocated_network_expansion_v1_2_0_2026-08-31
GEO_BFA_2361082,Burkina Faso,BFA,Dori,Dori,-0.03333,14.03326,PPLA,candidate consumer or transit catchment,fish|vegetable,GeoNames cities5000 dump; CC BY 4.0,2361082,2026-04-13,geolocated national model-support node,"place and coordinate are external records; node role, sink weight and any later flow are model inputs or estimates, not observed shipments",NF_EDFLOW_geolocated_network_expansion_v1_2_0_2026-08-31
GEO_BFA_2360238,Burkina Faso,BFA,Gourcy,Gourcy,-2.35893,13.20776,PPLA2,candidate consumer or transit catchment,fish|vegetable,GeoNames cities5000 dump; CC BY 4.0,2360238,2026-04-16,geolocated national model-support node,"place and coordinate are external records; node role, sink weight and any later flow are model inputs or estimates, not observed shipments",NF_EDFLOW_geolocated_network_expansion_v1_2_0_2026-08-31
GEO_BFA_2353688,Burkina Faso,BFA,Yako,Yako,-2.26075,12.9591,PPLA2,candidate consumer or transit catchment,fish|vegetable,GeoNames cities5000 dump; CC BY 4.0,2353688,2026-04-16,geolocated national model-support node,"place and coordinate are external records; node role, sink weight and any later flow are model inputs or estimates, not observed shipments",NF_EDFLOW_geolocated_network_expansion_v1_2_0_2026-08-31
GEO_BFA_2353197,Burkina Faso,BFA,Zorgo,Zorgo,-0.61527,12.24922,PPLA2,candidate consumer or transit catchment,fish|vegetable,GeoNames cities5000 dump; CC BY 4.0,2353197,2026-04-16,geolocated national model-support node,"place and coordinate are external records; node role, sink weight and any later flow are model inputs or estimates, not observed shipments",NF_EDFLOW_geolocated_network_expansion_v1_2_0_2026-08-31
GEO_BFA_2356228,Burkina Faso,BFA,Réo,Reo,-2.47094,12.31963,PPLA2,candidate consumer or transit catchment,fish|vegetable,GeoNames cities5000 dump; CC BY 4.0,2356228,2026-04-16,geolocated national model-support node,"place and coordinate are external records; node role, sink weight and any later flow are model inputs or estimates, not observed shipments",NF_EDFLOW_geolocated_network_expansion_v1_2_0_2026-08-31
GEO_BFA_2353257,Burkina Faso,BFA,Ziniaré,Ziniare,-1.29753,12.58236,PPLA,candidate consumer or transit catchment,fish|vegetable,GeoNames cities5000 dump; CC BY 4.0,2353257,2026-04-13,geolocated national model-support node,"place and coordinate are external records; node role, sink weight and any later flow are model inputs or estimates, not observed shipments",NF_EDFLOW_geolocated_network_expansion_v1_2_0_2026-08-31
GEO_BFA_2357163,Burkina Faso,BFA,Nouna,Nouna,-3.86305,12.72939,PPLA2,candidate consumer or transit catchment,fish|vegetable,GeoNames cities5000 dump; CC BY 4.0,2357163,2026-04-16,geolocated national model-support node,"place and coordinate are external records; node role, sink weight and any later flow are model inputs or estimates, not observed shipments",NF_EDFLOW_geolocated_network_expansion_v1_2_0_2026-08-31
GEO_BFA_2359227,Burkina Faso,BFA,Kombissiri,Kombissiri,-1.33644,12.06884,PPLA2,candidate consumer or transit catchment,fish|vegetable,GeoNames cities5000 dump; CC BY 4.0,2359227,2026-04-16,geolocated national model-support node,"place and coordinate are external records; node role, sink weight and any later flow are model inputs or estimates, not observed shipments",NF_EDFLOW_geolocated_network_expansion_v1_2_0_2026-08-31
GEO_BFA_2358100,Burkina Faso,BFA,Manga,Manga,-1.06977,11.66496,PPLA,candidate consumer or transit catchment,fish|vegetable,GeoNames cities5000 dump; CC BY 4.0,2358100,2026-04-13,geolocated national model-support node,"place and coordinate are external records; node role, sink weight and any later flow are model inputs or estimates, not observed shipments",NF_EDFLOW_geolocated_network_expansion_v1_2_0_2026-08-31
GEO_BFA_2356454,Burkina Faso,BFA,Pô,Po,-1.145,11.16972,PPLA2,candidate consumer or transit catchment,fish|vegetable,GeoNames cities5000 dump; CC BY 4.0,2356454,2026-04-16,geolocated national model-support node,"place and coordinate are external records; node role, sink weight and any later flow are model inputs or estimates, not observed shipments",NF_EDFLOW_geolocated_network_expansion_v1_2_0_2026-08-31
GEO_BFA_2354176,Burkina Faso,BFA,Tougan,Tougan,-3.06939,13.07237,PPLA2,candidate consumer or transit catchment,fish|vegetable,GeoNames cities5000 dump; CC BY 4.0,2354176,2026-04-16,geolocated national model-support node,"place and coordinate are external records; node role, sink weight and any later flow are model inputs or estimates, not observed shipments",NF_EDFLOW_geolocated_network_expansion_v1_2_0_2026-08-31
GEO_BFA_2355869,Burkina Faso,BFA,Sapouy,Sapouy,-1.77361,11.55444,PPLA2,candidate consumer or transit catchment,fish|vegetable,GeoNames cities5000 dump; CC BY 4.0,2355869,2026-04-16,geolocated national model-support node,"place and coordinate are external records; node role, sink weight and any later flow are model inputs or estimates, not observed shipments",NF_EDFLOW_geolocated_network_expansion_v1_2_0_2026-08-31
GEO_BFA_2359317,Burkina Faso,BFA,Kokologo,Kokologo,-1.87687,12.19392,PPLA3,candidate consumer or transit catchment,fish|vegetable,GeoNames cities5000 dump; CC BY 4.0,2359317,2018-08-07,geolocated national model-support node,"place and coordinate are external records; node role, sink weight and any later flow are model inputs or estimates, not observed shipments",NF_EDFLOW_geolocated_network_expansion_v1_2_0_2026-08-31
GEO_BFA_2361586,Burkina Faso,BFA,Dano,Dano,-3.05784,11.1464,PPLA2,candidate consumer or transit catchment,fish|vegetable,GeoNames cities5000 dump; CC BY 4.0,2361586,2026-04-16,geolocated national model-support node,"place and coordinate are external records; node role, sink weight and any later flow are model inputs or estimates, not observed shipments",NF_EDFLOW_geolocated_network_expansion_v1_2_0_2026-08-31
GEO_BFA_2361342,Burkina Faso,BFA,Diébougou,Diebougou,-3.24967,10.96209,PPLA2,candidate consumer or transit catchment,fish|vegetable,GeoNames cities5000 dump; CC BY 4.0,2361342,2026-04-16,geolocated national model-support node,"place and coordinate are external records; node role, sink weight and any later flow are model inputs or estimates, not observed shipments",NF_EDFLOW_geolocated_network_expansion_v1_2_0_2026-08-31
GEO_BFA_2361845,Burkina Faso,BFA,Boussé,Bousse,-1.89515,12.66121,PPLA2,candidate consumer or transit catchment,fish|vegetable,GeoNames cities5000 dump; CC BY 4.0,2361845,2026-04-16,geolocated national model-support node,"place and coordinate are external records; node role, sink weight and any later flow are model inputs or estimates, not observed shipments",NF_EDFLOW_geolocated_network_expansion_v1_2_0_2026-08-31
GEO_BFA_2355404,Burkina Faso,BFA,Solenzo,Solenzo,-4.08477,12.17423,PPLA2,candidate consumer or transit catchment,fish|vegetable,GeoNames cities5000 dump; CC BY 4.0,2355404,2026-04-16,geolocated national model-support node,"place and coordinate are external records; node role, sink weight and any later flow are model inputs or estimates, not observed shipments",NF_EDFLOW_geolocated_network_expansion_v1_2_0_2026-08-31
GEO_BFA_2361946,Burkina Faso,BFA,Boulsa,Boulsa,-0.57469,12.66664,PPLA2,candidate consumer or transit catchment,fish|vegetable,GeoNames cities5000 dump; CC BY 4.0,2361946,2026-04-16,geolocated national model-support node,"place and coordinate are external records; node role, sink weight and any later flow are model inputs or estimates, not observed shipments",NF_EDFLOW_geolocated_network_expansion_v1_2_0_2026-08-31
GEO_BFA_2362323,Burkina Faso,BFA,Bogandé,Bogande,-0.14661,12.97711,PPLA2,candidate consumer or transit catchment,fish|vegetable,GeoNames cities5000 dump; CC BY 4.0,2362323,2026-04-16,geolocated national model-support node,"place and coordinate are external records; node role, sink weight and any later flow are model inputs or estimates, not observed shipments",NF_EDFLOW_geolocated_network_expansion_v1_2_0_2026-08-31
GEO_BFA_2362150,Burkina Faso,BFA,Boromo,Boromo,-2.93006,11.74542,PPLA2,candidate consumer or transit catchment,fish|vegetable,GeoNames cities5000 dump; CC BY 4.0,2362150,2026-04-16,geolocated national model-support node,"place and coordinate are external records; node role, sink weight and any later flow are model inputs or estimates, not observed shipments",NF_EDFLOW_geolocated_network_expansion_v1_2_0_2026-08-31
GEO_BFA_2359042,Burkina Faso,BFA,Korsimoro,Korsimoro,-1.06737,12.82506,PPLA3,candidate consumer or transit catchment,fish|vegetable,GeoNames cities5000 dump; CC BY 4.0,2359042,2023-11-29,geolocated national model-support node,"place and coordinate are external records; node role, sink weight and any later flow are model inputs or estimates, not observed shipments",NF_EDFLOW_geolocated_network_expansion_v1_2_0_2026-08-31
GEO_BFA_2362669,Burkina Faso,BFA,Batié,Batie,-2.91667,9.88333,PPLA2,candidate consumer or transit catchment,fish|vegetable,GeoNames cities5000 dump; CC BY 4.0,2362669,2026-04-16,geolocated national model-support node,"place and coordinate are external records; node role, sink weight and any later flow are model inputs or estimates, not observed shipments",NF_EDFLOW_geolocated_network_expansion_v1_2_0_2026-08-31
GEO_BFA_2354265,Burkina Faso,BFA,Toma,Toma,-2.89879,12.75844,PPLA2,candidate consumer or transit catchment,fish|vegetable,GeoNames cities5000 dump; CC BY 4.0,2354265,2026-04-16,geolocated national model-support node,"place and coordinate are external records; node role, sink weight and any later flow are model inputs or estimates, not observed shipments",NF_EDFLOW_geolocated_network_expansion_v1_2_0_2026-08-31
GEO_BFA_2361373,Burkina Faso,BFA,Diapaga,Diapaga,1.78835,12.0729,PPLA2,candidate consumer or transit catchment,fish|vegetable,GeoNames cities5000 dump; CC BY 4.0,2361373,2026-04-16,geolocated national model-support node,"place and coordinate are external records; node role, sink weight and any later flow are model inputs or estimates, not observed shipments",NF_EDFLOW_geolocated_network_expansion_v1_2_0_2026-08-31
GEO_BFA_2360541,Burkina Faso,BFA,Gayéri,Gayeri,0.49314,12.64824,PPLA2,candidate consumer or transit catchment,fish|vegetable,GeoNames cities5000 dump; CC BY 4.0,2360541,2026-04-16,geolocated national model-support node,"place and coordinate are external records; node role, sink weight and any later flow are model inputs or estimates, not observed shipments",NF_EDFLOW_geolocated_network_expansion_v1_2_0_2026-08-31
GEO_BFA_10342754,Burkina Faso,BFA,Mani,Mani,-0.21306,13.25833,PPLA3,candidate consumer or transit catchment,fish|vegetable,GeoNames cities5000 dump; CC BY 4.0,10342754,2023-11-29,geolocated national model-support node,"place and coordinate are external records; node role, sink weight and any later flow are model inputs or estimates, not observed shipments",NF_EDFLOW_geolocated_network_expansion_v1_2_0_2026-08-31
GEO_BFA_12640344,Burkina Faso,BFA,Kompienga,Kompienga,0.72365,11.08169,PPLA2,candidate consumer or transit catchment,fish|vegetable,GeoNames cities5000 dump; CC BY 4.0,12640344,2026-04-16,geolocated national model-support node,"place and coordinate are external records; node role, sink weight and any later flow are model inputs or estimates, not observed shipments",NF_EDFLOW_geolocated_network_expansion_v1_2_0_2026-08-31
GEO_BFA_2356738,Burkina Faso,BFA,Pama,Pama,0.7075,11.24972,PPLA2,candidate consumer or transit catchment,fish|vegetable,GeoNames cities5000 dump; CC BY 4.0,2356738,2026-04-16,geolocated national model-support node,"place and coordinate are external records; node role, sink weight and any later flow are model inputs or estimates, not observed shipments",NF_EDFLOW_geolocated_network_expansion_v1_2_0_2026-08-31
GEO_BFA_2357012,Burkina Faso,BFA,Ouargaye,Ouargaye,0.05886,11.50202,PPLA2,candidate consumer or transit catchment,fish|vegetable,GeoNames cities5000 dump; CC BY 4.0,2357012,2026-04-16,geolocated national model-support node,"place and coordinate are external records; node role, sink weight and any later flow are model inputs or estimates, not observed shipments",NF_EDFLOW_geolocated_network_expansion_v1_2_0_2026-08-31
GEO_BFA_2355803,Burkina Faso,BFA,Sebba,Sebba,0.53044,13.43641,PPLA2,candidate consumer or transit catchment,fish|vegetable,GeoNames cities5000 dump; CC BY 4.0,2355803,2026-04-16,geolocated national model-support node,"place and coordinate are external records; node role, sink weight and any later flow are model inputs or estimates, not observed shipments",NF_EDFLOW_geolocated_network_expansion_v1_2_0_2026-08-31
GEO_BFA_2360372,Burkina Faso,BFA,Gorom-Gorom,Gorom-Gorom,-0.23468,14.4429,PPLA2,candidate consumer or transit catchment,fish|vegetable,GeoNames cities5000 dump; CC BY 4.0,2360372,2026-04-16,geolocated national model-support node,"place and coordinate are external records; node role, sink weight and any later flow are model inputs or estimates, not observed shipments",NF_EDFLOW_geolocated_network_expansion_v1_2_0_2026-08-31
GEO_BFA_2355548,Burkina Faso,BFA,Sindou,Sindou,-5.16667,10.66667,PPLA2,candidate consumer or transit catchment,fish|vegetable,GeoNames cities5000 dump; CC BY 4.0,2355548,2026-04-16,geolocated national model-support node,"place and coordinate are external records; node role, sink weight and any later flow are model inputs or estimates, not observed shipments",NF_EDFLOW_geolocated_network_expansion_v1_2_0_2026-08-31
GEO_BFA_2356300,Burkina Faso,BFA,Pouytenga,Pouytenga,-0.42565,12.25162,PPL,candidate consumer or transit catchment,fish|vegetable,GeoNames cities5000 dump; CC BY 4.0,2356300,2023-11-29,geolocated national model-support node,"place and coordinate are external records; node role, sink weight and any later flow are model inputs or estimates, not observed shipments",NF_EDFLOW_geolocated_network_expansion_v1_2_0_2026-08-31
GEO_BFA_2357109,Burkina Faso,BFA,Nioko I,Nioko I,-1.43861,12.39501,PPL,candidate consumer or transit catchment,fish|vegetable,GeoNames cities5000 dump; CC BY 4.0,2357109,2023-11-29,geolocated national model-support node,"place and coordinate are external records; node role, sink weight and any later flow are model inputs or estimates, not observed shipments",NF_EDFLOW_geolocated_network_expansion_v1_2_0_2026-08-31
GEO_BFA_2355886,Burkina Faso,BFA,Saonré,Saonre,-1.57692,12.2751,PPL,candidate consumer or transit catchment,fish|vegetable,GeoNames cities5000 dump; CC BY 4.0,2355886,2023-11-29,geolocated national model-support node,"place and coordinate are external records; node role, sink weight and any later flow are model inputs or estimates, not observed shipments",NF_EDFLOW_geolocated_network_expansion_v1_2_0_2026-08-31
GEO_BFA_2363174,Burkina Faso,BFA,Aribinda,Aribinda,-0.86537,14.22963,PPL,candidate consumer or transit catchment,fish|vegetable,GeoNames cities5000 dump; CC BY 4.0,2363174,2023-11-29,geolocated national model-support node,"place and coordinate are external records; node role, sink weight and any later flow are model inputs or estimates, not observed shipments",NF_EDFLOW_geolocated_network_expansion_v1_2_0_2026-08-31
GEO_BFA_2360620,Burkina Faso,BFA,Gaoua,Gaoua,-3.18202,10.33137,PPL,candidate consumer or transit catchment,fish|vegetable,GeoNames cities5000 dump; CC BY 4.0,2360620,2024-11-12,geolocated national model-support node,"place and coordinate are external records; node role, sink weight and any later flow are model inputs or estimates, not observed shipments",NF_EDFLOW_geolocated_network_expansion_v1_2_0_2026-08-31
GEO_BFA_2360615,Burkina Faso,BFA,Garango,Garango,-0.55056,11.8,PPL,candidate consumer or transit catchment,fish|vegetable,GeoNames cities5000 dump; CC BY 4.0,2360615,2023-11-29,geolocated national model-support node,"place and coordinate are external records; node role, sink weight and any later flow are model inputs or estimates, not observed shipments",NF_EDFLOW_geolocated_network_expansion_v1_2_0_2026-08-31
GEO_BFA_2357062,Burkina Faso,BFA,Orodara,Orodara,-4.91885,10.98115,PPL,candidate consumer or transit catchment,fish|vegetable,GeoNames cities5000 dump; CC BY 4.0,2357062,2023-11-29,geolocated national model-support node,"place and coordinate are external records; node role, sink weight and any later flow are model inputs or estimates, not observed shipments",NF_EDFLOW_geolocated_network_expansion_v1_2_0_2026-08-31
GEO_BFA_2357371,Burkina Faso,BFA,Niangoloko,Niangoloko,-4.91667,10.28333,PPL,candidate consumer or transit catchment,fish|vegetable,GeoNames cities5000 dump; CC BY 4.0,2357371,2023-11-29,geolocated national model-support node,"place and coordinate are external records; node role, sink weight and any later flow are model inputs or estimates, not observed shipments",NF_EDFLOW_geolocated_network_expansion_v1_2_0_2026-08-31
GEO_BFA_2362970,Burkina Faso,BFA,Bama,Bama,-4.3987,12.0357,PPL,candidate consumer or transit catchment,fish|vegetable,GeoNames cities5000 dump; CC BY 4.0,2362970,2023-11-29,geolocated national model-support node,"place and coordinate are external records; node role, sink weight and any later flow are model inputs or estimates, not observed shipments",NF_EDFLOW_geolocated_network_expansion_v1_2_0_2026-08-31
GEO_BFA_2362376,Burkina Faso,BFA,Bittou,Bittou,-0.30611,11.25806,PPL,candidate consumer or transit catchment,fish|vegetable,GeoNames cities5000 dump; CC BY 4.0,2362376,2023-11-29,geolocated national model-support node,"place and coordinate are external records; node role, sink weight and any later flow are model inputs or estimates, not observed shipments",NF_EDFLOW_geolocated_network_expansion_v1_2_0_2026-08-31
GEO_BFA_2361853,Burkina Faso,BFA,Bourzanga,Bourzanga,-1.54611,13.67806,PPL,candidate consumer or transit catchment,fish|vegetable,GeoNames cities5000 dump; CC BY 4.0,2361853,2023-11-29,geolocated national model-support node,"place and coordinate are external records; node role, sink weight and any later flow are model inputs or estimates, not observed shipments",NF_EDFLOW_geolocated_network_expansion_v1_2_0_2026-08-31
GEO_BFA_2362740,Burkina Faso,BFA,Barogo,Barogo,-0.96667,12.55,PPL,candidate consumer or transit catchment,fish|vegetable,GeoNames cities5000 dump; CC BY 4.0,2362740,2023-11-29,geolocated national model-support node,"place and coordinate are external records; node role, sink weight and any later flow are model inputs or estimates, not observed shipments",NF_EDFLOW_geolocated_network_expansion_v1_2_0_2026-08-31
GEO_BFA_2360626,Burkina Faso,BFA,Gao,Gao,-2.17777,11.64967,PPL,candidate consumer or transit catchment,fish|vegetable,GeoNames cities5000 dump; CC BY 4.0,2360626,2025-12-19,geolocated national model-support node,"place and coordinate are external records; node role, sink weight and any later flow are model inputs or estimates, not observed shipments",NF_EDFLOW_geolocated_network_expansion_v1_2_0_2026-08-31
GEO_BFA_2353670,Burkina Faso,BFA,Yalgo,Yalgo,-0.85,12.93333,PPL,candidate consumer or transit catchment,fish|vegetable,GeoNames cities5000 dump; CC BY 4.0,2353670,2023-11-29,geolocated national model-support node,"place and coordinate are external records; node role, sink weight and any later flow are model inputs or estimates, not observed shipments",NF_EDFLOW_geolocated_network_expansion_v1_2_0_2026-08-31
GEO_BFA_2357931,Burkina Faso,BFA,Mogtédo,Mogtedo,-0.83722,12.28444,PPL,candidate consumer or transit catchment,fish|vegetable,GeoNames cities5000 dump; CC BY 4.0,2357931,2023-11-29,geolocated national model-support node,"place and coordinate are external records; node role, sink weight and any later flow are model inputs or estimates, not observed shipments",NF_EDFLOW_geolocated_network_expansion_v1_2_0_2026-08-31
GEO_BFA_2356467,Burkina Faso,BFA,Pissila,Pissila,-0.8225,13.16417,PPL,candidate consumer or transit catchment,fish|vegetable,GeoNames cities5000 dump; CC BY 4.0,2356467,2023-11-29,geolocated national model-support node,"place and coordinate are external records; node role, sink weight and any later flow are model inputs or estimates, not observed shipments",NF_EDFLOW_geolocated_network_expansion_v1_2_0_2026-08-31
GEO_BFA_2362626,Burkina Faso,BFA,Béguédo,Beguedo,-0.73389,11.78083,PPL,candidate consumer or transit catchment,fish|vegetable,GeoNames cities5000 dump; CC BY 4.0,2362626,2023-11-29,geolocated national model-support node,"place and coordinate are external records; node role, sink weight and any later flow are model inputs or estimates, not observed shipments",NF_EDFLOW_geolocated_network_expansion_v1_2_0_2026-08-31
GEO_BFA_2353436,Burkina Faso,BFA,Zabré,Zabre,-0.63222,11.1825,PPL,candidate consumer or transit catchment,fish|vegetable,GeoNames cities5000 dump; CC BY 4.0,2353436,2023-11-29,geolocated national model-support node,"place and coordinate are external records; node role, sink weight and any later flow are model inputs or estimates, not observed shipments",NF_EDFLOW_geolocated_network_expansion_v1_2_0_2026-08-31
GEO_BFA_2360855,Burkina Faso,BFA,Fara Department,Fara Department,-2.76797,11.52941,PPL,candidate consumer or transit catchment,fish|vegetable,GeoNames cities5000 dump; CC BY 4.0,2360855,2023-11-29,geolocated national model-support node,"place and coordinate are external records; node role, sink weight and any later flow are model inputs or estimates, not observed shipments",NF_EDFLOW_geolocated_network_expansion_v1_2_0_2026-08-31
GEO_BFA_12640343,Burkina Faso,BFA,Cinkansé,Cinkanse,0.00993,11.11857,PPL,candidate consumer or transit catchment,fish|vegetable,GeoNames cities5000 dump; CC BY 4.0,12640343,2023-11-29,geolocated national model-support node,"place and coordinate are external records; node role, sink weight and any later flow are model inputs or estimates, not observed shipments",NF_EDFLOW_geolocated_network_expansion_v1_2_0_2026-08-31
GEO_BFA_2353332,Burkina Faso,BFA,Zinguédéssé,Zinguedesse,-1.58402,12.24661,PPL,candidate consumer or transit catchment,fish|vegetable,GeoNames cities5000 dump; CC BY 4.0,2353332,2023-11-29,geolocated national model-support node,"place and coordinate are external records; node role, sink weight and any later flow are model inputs or estimates, not observed shipments",NF_EDFLOW_geolocated_network_expansion_v1_2_0_2026-08-31
GEO_BFA_2358898,Burkina Faso,BFA,Kouka,Kouka,-1.61361,13.4345,PPL,candidate consumer or transit catchment,fish|vegetable,GeoNames cities5000 dump; CC BY 4.0,2358898,2023-11-29,geolocated national model-support node,"place and coordinate are external records; node role, sink weight and any later flow are model inputs or estimates, not observed shipments",NF_EDFLOW_geolocated_network_expansion_v1_2_0_2026-08-31
GEO_BFA_2357487,Burkina Faso,BFA,Natiaboani,Natiaboani,0.50611,11.69917,PPL,candidate consumer or transit catchment,fish|vegetable,GeoNames cities5000 dump; CC BY 4.0,2357487,2023-11-29,geolocated national model-support node,"place and coordinate are external records; node role, sink weight and any later flow are model inputs or estimates, not observed shipments",NF_EDFLOW_geolocated_network_expansion_v1_2_0_2026-08-31
GEO_BFA_2354351,Burkina Faso,BFA,Tita,Tita,-2.51536,11.92092,PPL,candidate consumer or transit catchment,fish|vegetable,GeoNames cities5000 dump; CC BY 4.0,2354351,2023-11-29,geolocated national model-support node,"place and coordinate are external records; node role, sink weight and any later flow are model inputs or estimates, not observed shipments",NF_EDFLOW_geolocated_network_expansion_v1_2_0_2026-08-31
GEO_BFA_2359495,Burkina Faso,BFA,Kindi,Kindi,-2.03279,12.4386,PPL,candidate consumer or transit catchment,fish|vegetable,GeoNames cities5000 dump; CC BY 4.0,2359495,2023-12-01,geolocated national model-support node,"place and coordinate are external records; node role, sink weight and any later flow are model inputs or estimates, not observed shipments",NF_EDFLOW_geolocated_network_expansion_v1_2_0_2026-08-31
GEO_BFA_12217144,Burkina Faso,BFA,Namponkoré,Namponkore,1.77718,11.73748,PPL,candidate consumer or transit catchment,fish|vegetable,GeoNames cities5000 dump; CC BY 4.0,12217144,2023-11-29,geolocated national model-support node,"place and coordinate are external records; node role, sink weight and any later flow are model inputs or estimates, not observed shipments",NF_EDFLOW_geolocated_network_expansion_v1_2_0_2026-08-31
GEO_BFA_2354340,Burkina Faso,BFA,Tô,To,-2.22548,11.44379,PPL,candidate consumer or transit catchment,fish|vegetable,GeoNames cities5000 dump; CC BY 4.0,2354340,2023-11-29,geolocated national model-support node,"place and coordinate are external records; node role, sink weight and any later flow are model inputs or estimates, not observed shipments",NF_EDFLOW_geolocated_network_expansion_v1_2_0_2026-08-31
GEO_BFA_2359695,Burkina Faso,BFA,Karankasso,Karankasso,-4.64423,11.22191,PPL,candidate consumer or transit catchment,fish|vegetable,GeoNames cities5000 dump; CC BY 4.0,2359695,2023-11-29,geolocated national model-support node,"place and coordinate are external records; node role, sink weight and any later flow are model inputs or estimates, not observed shipments",NF_EDFLOW_geolocated_network_expansion_v1_2_0_2026-08-31
GEO_BFA_2361778,Burkina Faso,BFA,Gomboussougou,Gomboussougou,-0.77278,11.42611,PPL,candidate consumer or transit catchment,fish|vegetable,GeoNames cities5000 dump; CC BY 4.0,2361778,2023-11-29,geolocated national model-support node,"place and coordinate are external records; node role, sink weight and any later flow are model inputs or estimates, not observed shipments",NF_EDFLOW_geolocated_network_expansion_v1_2_0_2026-08-31
GEO_BFA_2356765,Burkina Faso,BFA,Pa,Pa,-3.95,12.66667,PPL,candidate consumer or transit catchment,fish|vegetable,GeoNames cities5000 dump; CC BY 4.0,2356765,2023-11-29,geolocated national model-support node,"place and coordinate are external records; node role, sink weight and any later flow are model inputs or estimates, not observed shipments",NF_EDFLOW_geolocated_network_expansion_v1_2_0_2026-08-31
GEO_BFA_2356136,Burkina Faso,BFA,Sabou,Sabou,-2.23333,12.06667,PPL,candidate consumer or transit catchment,fish|vegetable,GeoNames cities5000 dump; CC BY 4.0,2356136,2023-11-29,geolocated national model-support node,"place and coordinate are external records; node role, sink weight and any later flow are model inputs or estimates, not observed shipments",NF_EDFLOW_geolocated_network_expansion_v1_2_0_2026-08-31
GEO_BFA_2357560,Burkina Faso,BFA,Nanoro,Nanoro,-2.19375,12.68662,PPL,candidate consumer or transit catchment,fish|vegetable,GeoNames cities5000 dump; CC BY 4.0,2357560,2026-01-19,geolocated national model-support node,"place and coordinate are external records; node role, sink weight and any later flow are model inputs or estimates, not observed shipments",NF_EDFLOW_geolocated_network_expansion_v1_2_0_2026-08-31
GEO_BWA_933773,Botswana,BWA,Gaborone,Gaborone,25.90859,-24.65451,PPLC,major national hub,fish|vegetable,GeoNames cities5000 dump; CC BY 4.0,933773,2023-11-29,geolocated national model-support node,"place and coordinate are external records; node role, sink weight and any later flow are model inputs or estimates, not observed shipments",NF_EDFLOW_geolocated_network_expansion_v1_2_0_2026-08-31
GEO_BWA_933778,Botswana,BWA,Francistown,Francistown,27.50778,-21.17,PPLA,major national hub,fish|vegetable,GeoNames cities5000 dump; CC BY 4.0,933778,2026-04-13,geolocated national model-support node,"place and coordinate are external records; node role, sink weight and any later flow are model inputs or estimates, not observed shipments",NF_EDFLOW_geolocated_network_expansion_v1_2_0_2026-08-31
GEO_BWA_933366,Botswana,BWA,Maun,Maun,23.41667,-19.98333,PPLA,major national hub,fish|vegetable,GeoNames cities5000 dump; CC BY 4.0,933366,2026-04-13,geolocated national model-support node,"place and coordinate are external records; node role, sink weight and any later flow are model inputs or estimates, not observed shipments",NF_EDFLOW_geolocated_network_expansion_v1_2_0_2026-08-31
GEO_BWA_933305,Botswana,BWA,Molepolole,Molepolole,25.49508,-24.40659,PPLA,major national hub,fish|vegetable,GeoNames cities5000 dump; CC BY 4.0,933305,2026-04-13,geolocated national model-support node,"place and coordinate are external records; node role, sink weight and any later flow are model inputs or estimates, not observed shipments",NF_EDFLOW_geolocated_network_expansion_v1_2_0_2026-08-31
GEO_BWA_933088,Botswana,BWA,Serowe,Serowe,26.71077,-22.38754,PPLA,major national hub,fish|vegetable,GeoNames cities5000 dump; CC BY 4.0,933088,2026-04-13,geolocated national model-support node,"place and coordinate are external records; node role, sink weight and any later flow are model inputs or estimates, not observed shipments",NF_EDFLOW_geolocated_network_expansion_v1_2_0_2026-08-31
GEO_BWA_933340,Botswana,BWA,Mochudi,Mochudi,26.15,-24.41667,PPLA,candidate consumer or transit catchment,fish|vegetable,GeoNames cities5000 dump; CC BY 4.0,933340,2026-04-13,geolocated national model-support node,"place and coordinate are external records; node role, sink weight and any later flow are model inputs or estimates, not observed shipments",NF_EDFLOW_geolocated_network_expansion_v1_2_0_2026-08-31
GEO_BWA_933685,Botswana,BWA,Kanye,Kanye,25.33273,-24.96675,PPLA,candidate consumer or transit catchment,fish|vegetable,GeoNames cities5000 dump; CC BY 4.0,933685,2026-04-13,geolocated national model-support node,"place and coordinate are external records; node role, sink weight and any later flow are model inputs or estimates, not observed shipments",NF_EDFLOW_geolocated_network_expansion_v1_2_0_2026-08-31
GEO_BWA_933141,Botswana,BWA,Ramotswa,Ramotswa,25.86989,-24.87158,PPLA,candidate consumer or transit catchment,fish|vegetable,GeoNames cities5000 dump; CC BY 4.0,933141,2026-04-13,geolocated national model-support node,"place and coordinate are external records; node role, sink weight and any later flow are model inputs or estimates, not observed shipments",NF_EDFLOW_geolocated_network_expansion_v1_2_0_2026-08-31
GEO_BWA_933759,Botswana,BWA,Ghanzi,Ghanzi,21.64581,-21.69785,PPLA,candidate consumer or transit catchment,fish|vegetable,GeoNames cities5000 dump; CC BY 4.0,933759,2026-04-13,geolocated national model-support node,"place and coordinate are external records; node role, sink weight and any later flow are model inputs or estimates, not observed shipments",NF_EDFLOW_geolocated_network_expansion_v1_2_0_2026-08-31
GEO_BWA_8308627,Botswana,BWA,Jwaneng,Jwaneng,24.72806,-24.60167,PPLA,candidate consumer or transit catchment,fish|vegetable,GeoNames cities5000 dump; CC BY 4.0,8308627,2026-04-13,geolocated national model-support node,"place and coordinate are external records; node role, sink weight and any later flow are model inputs or estimates, not observed shipments",NF_EDFLOW_geolocated_network_expansion_v1_2_0_2026-08-31
GEO_BWA_932987,Botswana,BWA,Tshabong,Tshabong,22.45,-26.05,PPLA,candidate consumer or transit catchment,fish|vegetable,GeoNames cities5000 dump; CC BY 4.0,932987,2026-04-13,geolocated national model-support node,"place and coordinate are external records; node role, sink weight and any later flow are model inputs or estimates, not observed shipments",NF_EDFLOW_geolocated_network_expansion_v1_2_0_2026-08-31
GEO_BWA_933677,Botswana,BWA,Kasane,Kasane,25.16024,-17.80165,PPLA,candidate consumer or transit catchment,fish|vegetable,GeoNames cities5000 dump; CC BY 4.0,933677,2026-04-13,geolocated national model-support node,"place and coordinate are external records; node role, sink weight and any later flow are model inputs or estimates, not observed shipments",NF_EDFLOW_geolocated_network_expansion_v1_2_0_2026-08-31
GEO_BWA_933390,Botswana,BWA,Masunga,Masunga,27.44875,-20.62455,PPLA2,candidate consumer or transit catchment,fish|vegetable,GeoNames cities5000 dump; CC BY 4.0,933390,2023-11-29,geolocated national model-support node,"place and coordinate are external records; node role, sink weight and any later flow are model inputs or estimates, not observed shipments",NF_EDFLOW_geolocated_network_expansion_v1_2_0_2026-08-31
GEO_BWA_933331,Botswana,BWA,Mogoditshane,Mogoditshane,25.86556,-24.62694,PPL,candidate consumer or transit catchment,fish|vegetable,GeoNames cities5000 dump; CC BY 4.0,933331,2023-11-29,geolocated national model-support node,"place and coordinate are external records; node role, sink weight and any later flow are model inputs or estimates, not observed shipments",NF_EDFLOW_geolocated_network_expansion_v1_2_0_2026-08-31
GEO_BWA_933004,Botswana,BWA,Tlokweng,Tlokweng,25.97111,-24.66861,PPL,candidate consumer or transit catchment,fish|vegetable,GeoNames cities5000 dump; CC BY 4.0,933004,2023-11-29,geolocated national model-support node,"place and coordinate are external records; node role, sink weight and any later flow are model inputs or estimates, not observed shipments",NF_EDFLOW_geolocated_network_expansion_v1_2_0_2026-08-31
GEO_BWA_933182,Botswana,BWA,Palapye,Palapye,27.12507,-22.54605,PPL,candidate consumer or transit catchment,fish|vegetable,GeoNames cities5000 dump; CC BY 4.0,933182,2023-11-29,geolocated national model-support node,"place and coordinate are external records; node role, sink weight and any later flow are model inputs or estimates, not observed shipments",NF_EDFLOW_geolocated_network_expansion_v1_2_0_2026-08-31
GEO_BWA_933471,Botswana,BWA,Mahalapye,Mahalapye,26.81421,-23.10407,PPL,candidate consumer or transit catchment,fish|vegetable,GeoNames cities5000 dump; CC BY 4.0,933471,2023-11-29,geolocated national model-support node,"place and coordinate are external records; node role, sink weight and any later flow are model inputs or estimates, not observed shipments",NF_EDFLOW_geolocated_network_expansion_v1_2_0_2026-08-31
GEO_BWA_933099,Botswana,BWA,Selebi-Phikwe,Selebi-Phikwe,27.84296,-21.97895,PPL,candidate consumer or transit catchment,fish|vegetable,GeoNames cities5000 dump; CC BY 4.0,933099,2023-11-29,geolocated national model-support node,"place and coordinate are external records; node role, sink weight and any later flow are model inputs or estimates, not observed shipments",NF_EDFLOW_geolocated_network_expansion_v1_2_0_2026-08-31
GEO_BWA_933535,Botswana,BWA,Letlhakane,Letlhakane,25.59263,-21.41494,PPL,candidate consumer or transit catchment,fish|vegetable,GeoNames cities5000 dump; CC BY 4.0,933535,2023-11-29,geolocated national model-support node,"place and coordinate are external records; node role, sink weight and any later flow are model inputs or estimates, not observed shipments",NF_EDFLOW_geolocated_network_expansion_v1_2_0_2026-08-31
GEO_BWA_933521,Botswana,BWA,Lobatse,Lobatse,25.67728,-25.22435,PPL,candidate consumer or transit catchment,fish|vegetable,GeoNames cities5000 dump; CC BY 4.0,933521,2023-11-29,geolocated national model-support node,"place and coordinate are external records; node role, sink weight and any later flow are model inputs or estimates, not observed shipments",NF_EDFLOW_geolocated_network_expansion_v1_2_0_2026-08-31
GEO_BWA_1106213,Botswana,BWA,Mmopone,Mmopone,25.87417,-24.56694,PPL,candidate consumer or transit catchment,fish|vegetable,GeoNames cities5000 dump; CC BY 4.0,1106213,2023-11-29,geolocated national model-support node,"place and coordinate are external records; node role, sink weight and any later flow are model inputs or estimates, not observed shipments",NF_EDFLOW_geolocated_network_expansion_v1_2_0_2026-08-31
GEO_BWA_933018,Botswana,BWA,Thamaga,Thamaga,25.53975,-24.67014,PPL,candidate consumer or transit catchment,fish|vegetable,GeoNames cities5000 dump; CC BY 4.0,933018,2023-11-29,geolocated national model-support node,"place and coordinate are external records; node role, sink weight and any later flow are model inputs or estimates, not observed shipments",NF_EDFLOW_geolocated_network_expansion_v1_2_0_2026-08-31
GEO_BWA_933271,Botswana,BWA,Mosopa,Mosopa,25.42156,-24.7718,PPL,candidate consumer or transit catchment,fish|vegetable,GeoNames cities5000 dump; CC BY 4.0,933271,2023-11-29,geolocated national model-support node,"place and coordinate are external records; node role, sink weight and any later flow are model inputs or estimates, not observed shipments",NF_EDFLOW_geolocated_network_expansion_v1_2_0_2026-08-31
GEO_BWA_933000,Botswana,BWA,Tonota,Tonota,27.46153,-21.44236,PPL,candidate consumer or transit catchment,fish|vegetable,GeoNames cities5000 dump; CC BY 4.0,933000,2023-11-29,geolocated national model-support node,"place and coordinate are external records; node role, sink weight and any later flow are model inputs or estimates, not observed shipments",NF_EDFLOW_geolocated_network_expansion_v1_2_0_2026-08-31
GEO_BWA_933885,Botswana,BWA,Bobonong,Bobonong,28.43625,-21.96554,PPL,candidate consumer or transit catchment,fish|vegetable,GeoNames cities5000 dump; CC BY 4.0,933885,2023-11-29,geolocated national model-support node,"place and coordinate are external records; node role, sink weight and any later flow are model inputs or estimates, not observed shipments",NF_EDFLOW_geolocated_network_expansion_v1_2_0_2026-08-31
GEO_BWA_933777,Botswana,BWA,Gabane,Gabane,25.78222,-24.66667,PPL,candidate consumer or transit catchment,fish|vegetable,GeoNames cities5000 dump; CC BY 4.0,933777,2023-11-29,geolocated national model-support node,"place and coordinate are external records; node role, sink weight and any later flow are model inputs or estimates, not observed shipments",NF_EDFLOW_geolocated_network_expansion_v1_2_0_2026-08-31
GEO_BWA_7573818,Botswana,BWA,Tutume,Tutume,27.03479,-20.4943,PPL,candidate consumer or transit catchment,fish|vegetable,GeoNames cities5000 dump; CC BY 4.0,7573818,2023-11-29,geolocated national model-support node,"place and coordinate are external records; node role, sink weight and any later flow are model inputs or estimates, not observed shipments",NF_EDFLOW_geolocated_network_expansion_v1_2_0_2026-08-31
GEO_BWA_933719,Botswana,BWA,Janeng,Janeng,25.55,-25.41667,PPL,candidate consumer or transit catchment,fish|vegetable,GeoNames cities5000 dump; CC BY 4.0,933719,2018-12-05,geolocated national model-support node,"place and coordinate are external records; node role, sink weight and any later flow are model inputs or estimates, not observed shipments",NF_EDFLOW_geolocated_network_expansion_v1_2_0_2026-08-31
GEO_BWA_933596,Botswana,BWA,Kopong,Kopong,25.88333,-24.48333,PPL,candidate consumer or transit catchment,fish|vegetable,GeoNames cities5000 dump; CC BY 4.0,933596,2023-11-29,geolocated national model-support node,"place and coordinate are external records; node role, sink weight and any later flow are model inputs or estimates, not observed shipments",NF_EDFLOW_geolocated_network_expansion_v1_2_0_2026-08-31
GEO_BWA_12640340,Botswana,BWA,Mmadinare,Mmadinare,27.7518,-21.8765,PPL,candidate consumer or transit catchment,fish|vegetable,GeoNames cities5000 dump; CC BY 4.0,12640340,2024-07-25,geolocated national model-support node,"place and coordinate are external records; node role, sink weight and any later flow are model inputs or estimates, not observed shipments",NF_EDFLOW_geolocated_network_expansion_v1_2_0_2026-08-31
GEO_CAF_2389853,Central African Republic,CAF,Bangui,Bangui,18.55496,4.36122,PPLC,major national hub,fish|vegetable,GeoNames cities5000 dump; CC BY 4.0,2389853,2023-11-29,geolocated national model-support node,"place and coordinate are external records; node role, sink weight and any later flow are model inputs or estimates, not observed shipments",NF_EDFLOW_geolocated_network_expansion_v1_2_0_2026-08-31
GEO_CAF_2388873,Central African Republic,CAF,Bimbo,Bimbo,18.41583,4.25671,PPLA,major national hub,fish|vegetable,GeoNames cities5000 dump; CC BY 4.0,2388873,2026-04-13,geolocated national model-support node,"place and coordinate are external records; node role, sink weight and any later flow are model inputs or estimates, not observed shipments",NF_EDFLOW_geolocated_network_expansion_v1_2_0_2026-08-31
GEO_CAF_2387495,Central African Republic,CAF,Carnot,Carnot,15.87735,4.94273,PPLA,major national hub,fish|vegetable,GeoNames cities5000 dump; CC BY 4.0,2387495,2026-04-13,geolocated national model-support node,"place and coordinate are external records; node role, sink weight and any later flow are model inputs or estimates, not observed shipments",NF_EDFLOW_geolocated_network_expansion_v1_2_0_2026-08-31
GEO_CAF_2389086,Central African Republic,CAF,Berbérati,Berberati,15.79216,4.26116,PPLA,major national hub,fish|vegetable,GeoNames cities5000 dump; CC BY 4.0,2389086,2026-04-13,geolocated national model-support node,"place and coordinate are external records; node role, sink weight and any later flow are model inputs or estimates, not observed shipments",NF_EDFLOW_geolocated_network_expansion_v1_2_0_2026-08-31
GEO_CAF_240604,Central African Republic,CAF,Bambari,Bambari,20.67565,5.76795,PPLA,major national hub,fish|vegetable,GeoNames cities5000 dump; CC BY 4.0,240604,2026-04-13,geolocated national model-support node,"place and coordinate are external records; node role, sink weight and any later flow are model inputs or estimates, not observed shipments",NF_EDFLOW_geolocated_network_expansion_v1_2_0_2026-08-31
GEO_CAF_2387926,Central African Republic,CAF,Bouar,Bouar,15.59599,5.93404,PPLA,candidate consumer or transit catchment,fish|vegetable,GeoNames cities5000 dump; CC BY 4.0,2387926,2026-04-13,geolocated national model-support node,"place and coordinate are external records; node role, sink weight and any later flow are model inputs or estimates, not observed shipments",NF_EDFLOW_geolocated_network_expansion_v1_2_0_2026-08-31
GEO_CAF_2388036,Central African Republic,CAF,Bossangoa,Bossangoa,17.45518,6.49263,PPLA,candidate consumer or transit catchment,fish|vegetable,GeoNames cities5000 dump; CC BY 4.0,2388036,2026-04-13,geolocated national model-support node,"place and coordinate are external records; node role, sink weight and any later flow are model inputs or estimates, not observed shipments",NF_EDFLOW_geolocated_network_expansion_v1_2_0_2026-08-31
GEO_CAF_2386012,Central African Republic,CAF,Kaga-Bandoro,Kaga-Bandoro,19.18744,6.98961,PPLA,candidate consumer or transit catchment,fish|vegetable,GeoNames cities5000 dump; CC BY 4.0,2386012,2026-04-13,geolocated national model-support node,"place and coordinate are external records; node role, sink weight and any later flow are model inputs or estimates, not observed shipments",NF_EDFLOW_geolocated_network_expansion_v1_2_0_2026-08-31
GEO_CAF_240498,Central African Republic,CAF,Bangassou,Bangassou,22.81838,4.74132,PPLA,candidate consumer or transit catchment,fish|vegetable,GeoNames cities5000 dump; CC BY 4.0,240498,2026-04-13,geolocated national model-support node,"place and coordinate are external records; node role, sink weight and any later flow are model inputs or estimates, not observed shipments",NF_EDFLOW_geolocated_network_expansion_v1_2_0_2026-08-31
GEO_CAF_2383523,Central African Republic,CAF,Paoua,Paoua,16.44059,7.24269,PPLA,candidate consumer or transit catchment,fish|vegetable,GeoNames cities5000 dump; CC BY 4.0,2383523,2026-04-13,geolocated national model-support node,"place and coordinate are external records; node role, sink weight and any later flow are model inputs or estimates, not observed shipments",NF_EDFLOW_geolocated_network_expansion_v1_2_0_2026-08-31
GEO_CAF_239899,Central African Republic,CAF,Bria,Bria,21.98633,6.54233,PPLA,candidate consumer or transit catchment,fish|vegetable,GeoNames cities5000 dump; CC BY 4.0,239899,2026-04-13,geolocated national model-support node,"place and coordinate are external records; node role, sink weight and any later flow are model inputs or estimates, not observed shipments",NF_EDFLOW_geolocated_network_expansion_v1_2_0_2026-08-31
GEO_CAF_2383119,Central African Republic,CAF,Sibut,Sibut,19.07389,5.71801,PPLA,candidate consumer or transit catchment,fish|vegetable,GeoNames cities5000 dump; CC BY 4.0,2383119,2026-04-13,geolocated national model-support node,"place and coordinate are external records; node role, sink weight and any later flow are model inputs or estimates, not observed shipments",NF_EDFLOW_geolocated_network_expansion_v1_2_0_2026-08-31
GEO_CAF_2383827,Central African Republic,CAF,Nola,Nola,16.04583,3.52494,PPLA,candidate consumer or transit catchment,fish|vegetable,GeoNames cities5000 dump; CC BY 4.0,2383827,2026-04-13,geolocated national model-support node,"place and coordinate are external records; node role, sink weight and any later flow are model inputs or estimates, not observed shipments",NF_EDFLOW_geolocated_network_expansion_v1_2_0_2026-08-31
GEO_CAF_237379,Central African Republic,CAF,Ndélé,Ndele,20.64728,8.41091,PPLA,candidate consumer or transit catchment,fish|vegetable,GeoNames cities5000 dump; CC BY 4.0,237379,2026-04-13,geolocated national model-support node,"place and coordinate are external records; node role, sink weight and any later flow are model inputs or estimates, not observed shipments",NF_EDFLOW_geolocated_network_expansion_v1_2_0_2026-08-31
GEO_CAF_2389691,Central African Republic,CAF,Batangafo,Batangafo,18.2833,7.30082,PPLA,candidate consumer or transit catchment,fish|vegetable,GeoNames cities5000 dump; CC BY 4.0,2389691,2026-04-13,geolocated national model-support node,"place and coordinate are external records; node role, sink weight and any later flow are model inputs or estimates, not observed shipments",NF_EDFLOW_geolocated_network_expansion_v1_2_0_2026-08-31
GEO_CAF_2384770,Central African Republic,CAF,Mbaïki,Mbaiki,17.98923,3.86781,PPLA,candidate consumer or transit catchment,fish|vegetable,GeoNames cities5000 dump; CC BY 4.0,2384770,2026-04-13,geolocated national model-support node,"place and coordinate are external records; node role, sink weight and any later flow are model inputs or estimates, not observed shipments",NF_EDFLOW_geolocated_network_expansion_v1_2_0_2026-08-31
GEO_CAF_2387546,Central African Republic,CAF,Bozoum,Bozoum,16.37992,6.31933,PPLA,candidate consumer or transit catchment,fish|vegetable,GeoNames cities5000 dump; CC BY 4.0,2387546,2026-04-13,geolocated national model-support node,"place and coordinate are external records; node role, sink weight and any later flow are model inputs or estimates, not observed shipments",NF_EDFLOW_geolocated_network_expansion_v1_2_0_2026-08-31
GEO_CAF_236950,Central African Republic,CAF,Obo,Obo,26.49211,5.39586,PPLA,candidate consumer or transit catchment,fish|vegetable,GeoNames cities5000 dump; CC BY 4.0,236950,2026-04-13,geolocated national model-support node,"place and coordinate are external records; node role, sink weight and any later flow are model inputs or estimates, not observed shipments",NF_EDFLOW_geolocated_network_expansion_v1_2_0_2026-08-31
GEO_CAF_240210,Central African Republic,CAF,Birao,Birao,22.78818,10.28488,PPLA,candidate consumer or transit catchment,fish|vegetable,GeoNames cities5000 dump; CC BY 4.0,240210,2026-04-13,geolocated national model-support node,"place and coordinate are external records; node role, sink weight and any later flow are model inputs or estimates, not observed shipments",NF_EDFLOW_geolocated_network_expansion_v1_2_0_2026-08-31
GEO_CAF_237478,Central African Republic,CAF,Mobaye,Mobaye,21.17861,4.31902,PPLA,candidate consumer or transit catchment,fish|vegetable,GeoNames cities5000 dump; CC BY 4.0,237478,2026-04-13,geolocated national model-support node,"place and coordinate are external records; node role, sink weight and any later flow are model inputs or estimates, not observed shipments",NF_EDFLOW_geolocated_network_expansion_v1_2_0_2026-08-31
GEO_CAF_2389422,Central African Republic,CAF,Bégoua,Begoua,18.53475,4.45437,PPL,candidate consumer or transit catchment,fish|vegetable,GeoNames cities5000 dump; CC BY 4.0,2389422,2023-11-29,geolocated national model-support node,"place and coordinate are external records; node role, sink weight and any later flow are model inputs or estimates, not observed shipments",NF_EDFLOW_geolocated_network_expansion_v1_2_0_2026-08-31
GEO_CAF_2385535,Central African Republic,CAF,Kouango,Kouango,19.96186,4.99337,PPL,candidate consumer or transit catchment,fish|vegetable,GeoNames cities5000 dump; CC BY 4.0,2385535,2023-11-29,geolocated national model-support node,"place and coordinate are external records; node role, sink weight and any later flow are model inputs or estimates, not observed shipments",NF_EDFLOW_geolocated_network_expansion_v1_2_0_2026-08-31
GEO_CAF_2388625,Central African Republic,CAF,Bocaranga,Bocaranga,15.64062,6.98533,PPL,candidate consumer or transit catchment,fish|vegetable,GeoNames cities5000 dump; CC BY 4.0,2388625,2023-11-29,geolocated national model-support node,"place and coordinate are external records; node role, sink weight and any later flow are model inputs or estimates, not observed shipments",NF_EDFLOW_geolocated_network_expansion_v1_2_0_2026-08-31
GEO_CAF_2390513,Central African Republic,CAF,Baboua,Baboua,14.82799,5.79565,PPL,candidate consumer or transit catchment,fish|vegetable,GeoNames cities5000 dump; CC BY 4.0,2390513,2023-11-29,geolocated national model-support node,"place and coordinate are external records; node role, sink weight and any later flow are model inputs or estimates, not observed shipments",NF_EDFLOW_geolocated_network_expansion_v1_2_0_2026-08-31
GEO_CAF_240999,Central African Republic,CAF,Alindao,Alindao,21.20876,5.02667,PPL,candidate consumer or transit catchment,fish|vegetable,GeoNames cities5000 dump; CC BY 4.0,240999,2023-11-29,geolocated national model-support node,"place and coordinate are external records; node role, sink weight and any later flow are model inputs or estimates, not observed shipments",NF_EDFLOW_geolocated_network_expansion_v1_2_0_2026-08-31
GEO_CAF_238566,Central African Republic,CAF,Ippy,Ippy,21.22468,6.26793,PPL,candidate consumer or transit catchment,fish|vegetable,GeoNames cities5000 dump; CC BY 4.0,238566,2023-11-29,geolocated national model-support node,"place and coordinate are external records; node role, sink weight and any later flow are model inputs or estimates, not observed shipments",NF_EDFLOW_geolocated_network_expansion_v1_2_0_2026-08-31
GEO_CAF_2382505,Central African Republic,CAF,Yaloké,Yaloke,17.10114,5.31953,PPL,candidate consumer or transit catchment,fish|vegetable,GeoNames cities5000 dump; CC BY 4.0,2382505,2023-11-29,geolocated national model-support node,"place and coordinate are external records; node role, sink weight and any later flow are model inputs or estimates, not observed shipments",NF_EDFLOW_geolocated_network_expansion_v1_2_0_2026-08-31
GEO_CAF_2390694,Central African Republic,CAF,Abba,Abba,15.15199,5.33354,PPL,candidate consumer or transit catchment,fish|vegetable,GeoNames cities5000 dump; CC BY 4.0,2390694,2026-06-26,geolocated national model-support node,"place and coordinate are external records; node role, sink weight and any later flow are model inputs or estimates, not observed shipments",NF_EDFLOW_geolocated_network_expansion_v1_2_0_2026-08-31
GEO_CAF_2387319,Central African Republic,CAF,Dekoa,Dekoa,19.07922,6.32229,PPL,candidate consumer or transit catchment,fish|vegetable,GeoNames cities5000 dump; CC BY 4.0,2387319,2023-11-29,geolocated national model-support node,"place and coordinate are external records; node role, sink weight and any later flow are model inputs or estimates, not observed shipments",NF_EDFLOW_geolocated_network_expansion_v1_2_0_2026-08-31
GEO_CAF_2387890,Central African Republic,CAF,Bouca,Bouca,18.2767,6.50734,PPL,candidate consumer or transit catchment,fish|vegetable,GeoNames cities5000 dump; CC BY 4.0,2387890,2024-06-03,geolocated national model-support node,"place and coordinate are external records; node role, sink weight and any later flow are model inputs or estimates, not observed shipments",NF_EDFLOW_geolocated_network_expansion_v1_2_0_2026-08-31
GEO_CIV_2293538,Côte d’Ivoire,CIV,Abidjan,Abidjan,-4.00167,5.35444,PPLA,major national hub,fish|vegetable,GeoNames cities5000 dump; CC BY 4.0,2293538,2026-04-13,geolocated national model-support node,"place and coordinate are external records; node role, sink weight and any later flow are model inputs or estimates, not observed shipments",NF_EDFLOW_geolocated_network_expansion_v1_2_0_2026-08-31
GEO_CIV_2290956,Côte d’Ivoire,CIV,Bouaké,Bouake,-5.03031,7.69385,PPLA,major national hub,fish|vegetable,GeoNames cities5000 dump; CC BY 4.0,2290956,2026-04-13,geolocated national model-support node,"place and coordinate are external records; node role, sink weight and any later flow are model inputs or estimates, not observed shipments",NF_EDFLOW_geolocated_network_expansion_v1_2_0_2026-08-31
GEO_CIV_2286304,Côte d’Ivoire,CIV,Korhogo,Korhogo,-5.62961,9.45803,PPLA,major national hub,fish|vegetable,GeoNames cities5000 dump; CC BY 4.0,2286304,2026-04-13,geolocated national model-support node,"place and coordinate are external records; node role, sink weight and any later flow are model inputs or estimates, not observed shipments",NF_EDFLOW_geolocated_network_expansion_v1_2_0_2026-08-31
GEO_CIV_2290486,Côte d’Ivoire,CIV,Daloa,Daloa,-6.45022,6.87735,PPLA,major national hub,fish|vegetable,GeoNames cities5000 dump; CC BY 4.0,2290486,2026-04-13,geolocated national model-support node,"place and coordinate are external records; node role, sink weight and any later flow are model inputs or estimates, not observed shipments",NF_EDFLOW_geolocated_network_expansion_v1_2_0_2026-08-31
GEO_CIV_2282006,Côte d’Ivoire,CIV,San-Pédro,San-Pedro,-6.6363,4.74851,PPLA,major national hub,fish|vegetable,GeoNames cities5000 dump; CC BY 4.0,2282006,2026-04-13,geolocated national model-support node,"place and coordinate are external records; node role, sink weight and any later flow are model inputs or estimates, not observed shipments",NF_EDFLOW_geolocated_network_expansion_v1_2_0_2026-08-31
GEO_CIV_2288829,Côte d’Ivoire,CIV,Gagnoa,Gagnoa,-5.9506,6.13193,PPLA,candidate consumer or transit catchment,fish|vegetable,GeoNames cities5000 dump; CC BY 4.0,2288829,2026-04-13,geolocated national model-support node,"place and coordinate are external records; node role, sink weight and any later flow are model inputs or estimates, not observed shipments",NF_EDFLOW_geolocated_network_expansion_v1_2_0_2026-08-31
GEO_CIV_2279755,Côte d’Ivoire,CIV,Yamoussoukro,Yamoussoukro,-5.27674,6.82055,PPLC,candidate consumer or transit catchment,fish|vegetable,GeoNames cities5000 dump; CC BY 4.0,2279755,2024-01-05,geolocated national model-support node,"place and coordinate are external records; node role, sink weight and any later flow are model inputs or estimates, not observed shipments",NF_EDFLOW_geolocated_network_expansion_v1_2_0_2026-08-31
GEO_CIV_2284647,Côte d’Ivoire,CIV,Man,Man,-7.55383,7.41251,PPLA,candidate consumer or transit catchment,fish|vegetable,GeoNames cities5000 dump; CC BY 4.0,2284647,2026-04-13,geolocated national model-support node,"place and coordinate are external records; node role, sink weight and any later flow are model inputs or estimates, not observed shipments",NF_EDFLOW_geolocated_network_expansion_v1_2_0_2026-08-31
GEO_CIV_2291136,Côte d’Ivoire,CIV,Bondoukou,Bondoukou,-2.80003,8.0402,PPLA,candidate consumer or transit catchment,fish|vegetable,GeoNames cities5000 dump; CC BY 4.0,2291136,2026-04-13,geolocated national model-support node,"place and coordinate are external records; node role, sink weight and any later flow are model inputs or estimates, not observed shipments",NF_EDFLOW_geolocated_network_expansion_v1_2_0_2026-08-31
GEO_CIV_2289887,Côte d’Ivoire,CIV,Divo,Divo,-5.35723,5.83739,PPLA2,candidate consumer or transit catchment,fish|vegetable,GeoNames cities5000 dump; CC BY 4.0,2289887,2023-12-22,geolocated national model-support node,"place and coordinate are external records; node role, sink weight and any later flow are model inputs or estimates, not observed shipments",NF_EDFLOW_geolocated_network_expansion_v1_2_0_2026-08-31
GEO_CIV_2292852,Côte d’Ivoire,CIV,Anyama,Anyama,-4.05183,5.49462,PPLA4,candidate consumer or transit catchment,fish|vegetable,GeoNames cities5000 dump; CC BY 4.0,2292852,2023-12-21,geolocated national model-support node,"place and coordinate are external records; node role, sink weight and any later flow are model inputs or estimates, not observed shipments",NF_EDFLOW_geolocated_network_expansion_v1_2_0_2026-08-31
GEO_CIV_2596935,Côte d’Ivoire,CIV,Soubré,Soubre,-6.59388,5.78377,PPLA2,candidate consumer or transit catchment,fish|vegetable,GeoNames cities5000 dump; CC BY 4.0,2596935,2023-12-21,geolocated national model-support node,"place and coordinate are external records; node role, sink weight and any later flow are model inputs or estimates, not observed shipments",NF_EDFLOW_geolocated_network_expansion_v1_2_0_2026-08-31
GEO_CIV_2293549,Côte d’Ivoire,CIV,Abengourou,Abengourou,-3.49639,6.72972,PPLA,candidate consumer or transit catchment,fish|vegetable,GeoNames cities5000 dump; CC BY 4.0,2293549,2026-04-13,geolocated national model-support node,"place and coordinate are external records; node role, sink weight and any later flow are model inputs or estimates, not observed shipments",NF_EDFLOW_geolocated_network_expansion_v1_2_0_2026-08-31
GEO_CIV_2289549,Côte d’Ivoire,CIV,Duekoué,Duekoue,-7.34918,6.74202,PPLA2,candidate consumer or transit catchment,fish|vegetable,GeoNames cities5000 dump; CC BY 4.0,2289549,2023-12-22,geolocated national model-support node,"place and coordinate are external records; node role, sink weight and any later flow are model inputs or estimates, not observed shipments",NF_EDFLOW_geolocated_network_expansion_v1_2_0_2026-08-31
GEO_CIV_2290964,Côte d’Ivoire,CIV,Bouaflé,Bouafle,-5.7442,6.99041,PPLA2,candidate consumer or transit catchment,fish|vegetable,GeoNames cities5000 dump; CC BY 4.0,2290964,2023-12-22,geolocated national model-support node,"place and coordinate are external records; node role, sink weight and any later flow are model inputs or estimates, not observed shipments",NF_EDFLOW_geolocated_network_expansion_v1_2_0_2026-08-31
GEO_CIV_2596934,Côte d’Ivoire,CIV,Séguéla,Seguela,-6.67306,7.96111,PPLA,candidate consumer or transit catchment,fish|vegetable,GeoNames cities5000 dump; CC BY 4.0,2596934,2026-04-13,geolocated national model-support node,"place and coordinate are external records; node role, sink weight and any later flow are model inputs or estimates, not observed shipments",NF_EDFLOW_geolocated_network_expansion_v1_2_0_2026-08-31
GEO_CIV_2288115,Côte d’Ivoire,CIV,Grand-Bassam,Grand-Bassam,-3.73884,5.2118,PPLA3,candidate consumer or transit catchment,fish|vegetable,GeoNames cities5000 dump; CC BY 4.0,2288115,2023-12-21,geolocated national model-support node,"place and coordinate are external records; node role, sink weight and any later flow are model inputs or estimates, not observed shipments",NF_EDFLOW_geolocated_network_expansion_v1_2_0_2026-08-31
GEO_CIV_2280045,Côte d’Ivoire,CIV,Vavoua,Vavoua,-6.47778,7.38194,PPLA3,candidate consumer or transit catchment,fish|vegetable,GeoNames cities5000 dump; CC BY 4.0,2280045,2023-12-22,geolocated national model-support node,"place and coordinate are external records; node role, sink weight and any later flow are model inputs or estimates, not observed shipments",NF_EDFLOW_geolocated_network_expansion_v1_2_0_2026-08-31
GEO_CIV_2291580,Côte d’Ivoire,CIV,Bingerville,Bingerville,-3.88537,5.35581,PPLA4,candidate consumer or transit catchment,fish|vegetable,GeoNames cities5000 dump; CC BY 4.0,2291580,2023-12-21,geolocated national model-support node,"place and coordinate are external records; node role, sink weight and any later flow are model inputs or estimates, not observed shipments",NF_EDFLOW_geolocated_network_expansion_v1_2_0_2026-08-31
GEO_CIV_2293268,Côte d’Ivoire,CIV,Agboville,Agboville,-4.21319,5.92801,PPLA2,candidate consumer or transit catchment,fish|vegetable,GeoNames cities5000 dump; CC BY 4.0,2293268,2016-05-18,geolocated national model-support node,"place and coordinate are external records; node role, sink weight and any later flow are model inputs or estimates, not observed shipments",NF_EDFLOW_geolocated_network_expansion_v1_2_0_2026-08-31
GEO_CIV_2290462,Côte d’Ivoire,CIV,Danané,Danane,-8.15498,7.25957,PPLA3,candidate consumer or transit catchment,fish|vegetable,GeoNames cities5000 dump; CC BY 4.0,2290462,2023-12-22,geolocated national model-support node,"place and coordinate are external records; node role, sink weight and any later flow are model inputs or estimates, not observed shipments",NF_EDFLOW_geolocated_network_expansion_v1_2_0_2026-08-31
GEO_CIV_2293342,Côte d’Ivoire,CIV,Adzopé,Adzope,-3.86194,6.10694,PPLA2,candidate consumer or transit catchment,fish|vegetable,GeoNames cities5000 dump; CC BY 4.0,2293342,2023-12-22,geolocated national model-support node,"place and coordinate are external records; node role, sink weight and any later flow are model inputs or estimates, not observed shipments",NF_EDFLOW_geolocated_network_expansion_v1_2_0_2026-08-31
GEO_CIV_2289049,Côte d’Ivoire,CIV,Ferkessédougou,Ferkessedougou,-5.19449,9.5928,PPLA2,candidate consumer or transit catchment,fish|vegetable,GeoNames cities5000 dump; CC BY 4.0,2289049,2023-12-23,geolocated national model-support node,"place and coordinate are external records; node role, sink weight and any later flow are model inputs or estimates, not observed shipments",NF_EDFLOW_geolocated_network_expansion_v1_2_0_2026-08-31
GEO_CIV_2289983,Côte d’Ivoire,CIV,Dimbokro,Dimbokro,-4.70519,6.64678,PPLA,candidate consumer or transit catchment,fish|vegetable,GeoNames cities5000 dump; CC BY 4.0,2289983,2026-04-13,geolocated national model-support node,"place and coordinate are external records; node role, sink weight and any later flow are model inputs or estimates, not observed shipments",NF_EDFLOW_geolocated_network_expansion_v1_2_0_2026-08-31
GEO_CIV_2287790,Côte d’Ivoire,CIV,Issia,Issia,-6.58558,6.49224,PPLA3,candidate consumer or transit catchment,fish|vegetable,GeoNames cities5000 dump; CC BY 4.0,2287790,2024-10-17,geolocated national model-support node,"place and coordinate are external records; node role, sink weight and any later flow are model inputs or estimates, not observed shipments",NF_EDFLOW_geolocated_network_expansion_v1_2_0_2026-08-31
GEO_CIV_2287958,Côte d’Ivoire,CIV,Guiglo,Guiglo,-7.4935,6.54368,PPLA2,candidate consumer or transit catchment,fish|vegetable,GeoNames cities5000 dump; CC BY 4.0,2287958,2023-12-22,geolocated national model-support node,"place and coordinate are external records; node role, sink weight and any later flow are model inputs or estimates, not observed shipments",NF_EDFLOW_geolocated_network_expansion_v1_2_0_2026-08-31
GEO_CIV_2293260,Côte d’Ivoire,CIV,Agnibilékrou,Agnibilekrou,-3.20415,7.13113,PPLA3,candidate consumer or transit catchment,fish|vegetable,GeoNames cities5000 dump; CC BY 4.0,2293260,2023-12-21,geolocated national model-support node,"place and coordinate are external records; node role, sink weight and any later flow are model inputs or estimates, not observed shipments",NF_EDFLOW_geolocated_network_expansion_v1_2_0_2026-08-31
GEO_CIV_2287298,Côte d’Ivoire,CIV,Katiola,Katiola,-5.10095,8.13728,PPLA2,candidate consumer or transit catchment,fish|vegetable,GeoNames cities5000 dump; CC BY 4.0,2287298,2016-12-18,geolocated national model-support node,"place and coordinate are external records; node role, sink weight and any later flow are model inputs or estimates, not observed shipments",NF_EDFLOW_geolocated_network_expansion_v1_2_0_2026-08-31
GEO_CIV_2293507,Côte d’Ivoire,CIV,Aboisso,Aboisso,-3.20711,5.46779,PPLA2,candidate consumer or transit catchment,fish|vegetable,GeoNames cities5000 dump; CC BY 4.0,2293507,2023-12-21,geolocated national model-support node,"place and coordinate are external records; node role, sink weight and any later flow are model inputs or estimates, not observed shipments",NF_EDFLOW_geolocated_network_expansion_v1_2_0_2026-08-31
GEO_CIV_2282827,Côte d’Ivoire,CIV,Oumé,Oume,-5.41759,6.38309,PPLA3,candidate consumer or transit catchment,fish|vegetable,GeoNames cities5000 dump; CC BY 4.0,2282827,2023-12-22,geolocated national model-support node,"place and coordinate are external records; node role, sink weight and any later flow are model inputs or estimates, not observed shipments",NF_EDFLOW_geolocated_network_expansion_v1_2_0_2026-08-31
GEO_CIV_2280316,Côte d’Ivoire,CIV,Toumodi,Toumodi,-5.01769,6.55799,PPLA3,candidate consumer or transit catchment,fish|vegetable,GeoNames cities5000 dump; CC BY 4.0,2280316,2023-12-22,geolocated national model-support node,"place and coordinate are external records; node role, sink weight and any later flow are model inputs or estimates, not observed shipments",NF_EDFLOW_geolocated_network_expansion_v1_2_0_2026-08-31
GEO_CIV_2283016,Côte d’Ivoire,CIV,Odienné,Odienne,-7.56433,9.50511,PPLA,candidate consumer or transit catchment,fish|vegetable,GeoNames cities5000 dump; CC BY 4.0,2283016,2026-04-13,geolocated national model-support node,"place and coordinate are external records; node role, sink weight and any later flow are model inputs or estimates, not observed shipments",NF_EDFLOW_geolocated_network_expansion_v1_2_0_2026-08-31
GEO_CIV_2280589,Côte d’Ivoire,CIV,Tengréla,Tengrela,-6.40694,10.48115,PPLA3,candidate consumer or transit catchment,fish|vegetable,GeoNames cities5000 dump; CC BY 4.0,2280589,2023-12-23,geolocated national model-support node,"place and coordinate are external records; node role, sink weight and any later flow are model inputs or estimates, not observed shipments",NF_EDFLOW_geolocated_network_expansion_v1_2_0_2026-08-31
GEO_CIV_2290836,Côte d’Ivoire,CIV,Boundiali,Boundiali,-6.48694,9.52167,PPLA2,candidate consumer or transit catchment,fish|vegetable,GeoNames cities5000 dump; CC BY 4.0,2290836,2023-12-23,geolocated national model-support node,"place and coordinate are external records; node role, sink weight and any later flow are model inputs or estimates, not observed shipments",NF_EDFLOW_geolocated_network_expansion_v1_2_0_2026-08-31
GEO_CIV_2291087,Côte d’Ivoire,CIV,Bonoua,Bonoua,-3.59625,5.27247,PPLA4,candidate consumer or transit catchment,fish|vegetable,GeoNames cities5000 dump; CC BY 4.0,2291087,2023-12-21,geolocated national model-support node,"place and coordinate are external records; node role, sink weight and any later flow are model inputs or estimates, not observed shipments",NF_EDFLOW_geolocated_network_expansion_v1_2_0_2026-08-31
GEO_CIV_2282907,Côte d’Ivoire,CIV,Ouangolodougou,Ouangolodougou,-5.14882,9.96837,PPLA3,candidate consumer or transit catchment,fish|vegetable,GeoNames cities5000 dump; CC BY 4.0,2282907,2023-12-23,geolocated national model-support node,"place and coordinate are external records; node role, sink weight and any later flow are model inputs or estimates, not observed shipments",NF_EDFLOW_geolocated_network_expansion_v1_2_0_2026-08-31
GEO_CIV_2289724,Côte d’Ivoire,CIV,Doropo,Doropo,-3.34577,9.80955,PPLA3,candidate consumer or transit catchment,fish|vegetable,GeoNames cities5000 dump; CC BY 4.0,2289724,2022-12-16,geolocated national model-support node,"place and coordinate are external records; node role, sink weight and any later flow are model inputs or estimates, not observed shipments",NF_EDFLOW_geolocated_network_expansion_v1_2_0_2026-08-31
GEO_CIV_2279172,Côte d’Ivoire,CIV,Zuénoula,Zuenoula,-6.05054,7.43027,PPLA3,candidate consumer or transit catchment,fish|vegetable,GeoNames cities5000 dump; CC BY 4.0,2279172,2023-12-22,geolocated national model-support node,"place and coordinate are external records; node role, sink weight and any later flow are model inputs or estimates, not observed shipments",NF_EDFLOW_geolocated_network_expansion_v1_2_0_2026-08-31
GEO_CIV_2291451,Côte d’Ivoire,CIV,Bloléquin,Blolequin,-8.00253,6.56913,PPLA3,candidate consumer or transit catchment,fish|vegetable,GeoNames cities5000 dump; CC BY 4.0,2291451,2023-12-22,geolocated national model-support node,"place and coordinate are external records; node role, sink weight and any later flow are model inputs or estimates, not observed shipments",NF_EDFLOW_geolocated_network_expansion_v1_2_0_2026-08-31
GEO_CIV_2292755,Côte d’Ivoire,CIV,Arrah,Arrah,-3.96938,6.67342,PPLA3,candidate consumer or transit catchment,fish|vegetable,GeoNames cities5000 dump; CC BY 4.0,2292755,2025-02-18,geolocated national model-support node,"place and coordinate are external records; node role, sink weight and any later flow are model inputs or estimates, not observed shipments",NF_EDFLOW_geolocated_network_expansion_v1_2_0_2026-08-31
GEO_CIV_2288105,Côte d’Ivoire,CIV,Grand-Lahou,Grand-Lahou,-5.02123,5.13825,PPLA3,candidate consumer or transit catchment,fish|vegetable,GeoNames cities5000 dump; CC BY 4.0,2288105,2023-12-22,geolocated national model-support node,"place and coordinate are external records; node role, sink weight and any later flow are model inputs or estimates, not observed shipments",NF_EDFLOW_geolocated_network_expansion_v1_2_0_2026-08-31
GEO_CIV_2291113,Côte d’Ivoire,CIV,Bongouanou,Bongouanou,-4.20406,6.65175,PPLA2,candidate consumer or transit catchment,fish|vegetable,GeoNames cities5000 dump; CC BY 4.0,2291113,2025-02-18,geolocated national model-support node,"place and coordinate are external records; node role, sink weight and any later flow are model inputs or estimates, not observed shipments",NF_EDFLOW_geolocated_network_expansion_v1_2_0_2026-08-31
GEO_CIV_2293107,Côte d’Ivoire,CIV,Akoupé,Akoupe,-3.88759,6.38423,PPLA3,candidate consumer or transit catchment,fish|vegetable,GeoNames cities5000 dump; CC BY 4.0,2293107,2020-06-10,geolocated national model-support node,"place and coordinate are external records; node role, sink weight and any later flow are model inputs or estimates, not observed shipments",NF_EDFLOW_geolocated_network_expansion_v1_2_0_2026-08-31
GEO_CIV_2280995,Côte d’Ivoire,CIV,Tanda,Tanda,-3.16832,7.80335,PPLA3,candidate consumer or transit catchment,fish|vegetable,GeoNames cities5000 dump; CC BY 4.0,2280995,2024-01-05,geolocated national model-support node,"place and coordinate are external records; node role, sink weight and any later flow are model inputs or estimates, not observed shipments",NF_EDFLOW_geolocated_network_expansion_v1_2_0_2026-08-31
GEO_CIV_2280761,Côte d’Ivoire,CIV,Tiassalé,Tiassale,-4.82293,5.89839,PPLA3,candidate consumer or transit catchment,fish|vegetable,GeoNames cities5000 dump; CC BY 4.0,2280761,2016-12-03,geolocated national model-support node,"place and coordinate are external records; node role, sink weight and any later flow are model inputs or estimates, not observed shipments",NF_EDFLOW_geolocated_network_expansion_v1_2_0_2026-08-31
GEO_CIV_2289515,Côte d’Ivoire,CIV,Dianra,Dianra,-6.2549,8.94333,PPLA3,candidate consumer or transit catchment,fish|vegetable,GeoNames cities5000 dump; CC BY 4.0,2289515,2023-12-23,geolocated national model-support node,"place and coordinate are external records; node role, sink weight and any later flow are model inputs or estimates, not observed shipments",NF_EDFLOW_geolocated_network_expansion_v1_2_0_2026-08-31
GEO_CIV_2291779,Côte d’Ivoire,CIV,Béoumi,Beoumi,-5.58085,7.67395,PPLA3,candidate consumer or transit catchment,fish|vegetable,GeoNames cities5000 dump; CC BY 4.0,2291779,2023-12-23,geolocated national model-support node,"place and coordinate are external records; node role, sink weight and any later flow are model inputs or estimates, not observed shipments",NF_EDFLOW_geolocated_network_expansion_v1_2_0_2026-08-31
GEO_CIV_2290648,Côte d’Ivoire,CIV,Buyo,Buyo,-6.99704,6.27534,PPLA3,candidate consumer or transit catchment,fish|vegetable,GeoNames cities5000 dump; CC BY 4.0,2290648,2023-12-20,geolocated national model-support node,"place and coordinate are external records; node role, sink weight and any later flow are model inputs or estimates, not observed shipments",NF_EDFLOW_geolocated_network_expansion_v1_2_0_2026-08-31
GEO_CIV_2285449,Côte d’Ivoire,CIV,Lakota,Lakota,-5.682,5.84752,PPLA3,candidate consumer or transit catchment,fish|vegetable,GeoNames cities5000 dump; CC BY 4.0,2285449,2023-12-22,geolocated national model-support node,"place and coordinate are external records; node role, sink weight and any later flow are model inputs or estimates, not observed shipments",NF_EDFLOW_geolocated_network_expansion_v1_2_0_2026-08-31
GEO_CIV_2279235,Côte d’Ivoire,CIV,Zouan-Hounien,Zouan-Hounien,-8.2065,6.91937,PPLA3,candidate consumer or transit catchment,fish|vegetable,GeoNames cities5000 dump; CC BY 4.0,2279235,2023-12-22,geolocated national model-support node,"place and coordinate are external records; node role, sink weight and any later flow are model inputs or estimates, not observed shipments",NF_EDFLOW_geolocated_network_expansion_v1_2_0_2026-08-31
GEO_CIV_2281120,Côte d’Ivoire,CIV,Tabou,Tabou,-7.3528,4.42295,PPLA3,candidate consumer or transit catchment,fish|vegetable,GeoNames cities5000 dump; CC BY 4.0,2281120,2023-12-21,geolocated national model-support node,"place and coordinate are external records; node role, sink weight and any later flow are model inputs or estimates, not observed shipments",NF_EDFLOW_geolocated_network_expansion_v1_2_0_2026-08-31
GEO_CIV_2280376,Côte d’Ivoire,CIV,Touba,Touba,-7.68333,8.28333,PPLA2,candidate consumer or transit catchment,fish|vegetable,GeoNames cities5000 dump; CC BY 4.0,2280376,2023-12-23,geolocated national model-support node,"place and coordinate are external records; node role, sink weight and any later flow are model inputs or estimates, not observed shipments",NF_EDFLOW_geolocated_network_expansion_v1_2_0_2026-08-31
GEO_CIV_2284460,Côte d’Ivoire,CIV,M’Bengué,M'Bengue,-5.90037,10.00244,PPLA3,candidate consumer or transit catchment,fish|vegetable,GeoNames cities5000 dump; CC BY 4.0,2284460,2023-12-23,geolocated national model-support node,"place and coordinate are external records; node role, sink weight and any later flow are model inputs or estimates, not observed shipments",NF_EDFLOW_geolocated_network_expansion_v1_2_0_2026-08-31
GEO_CIV_2293428,Côte d’Ivoire,CIV,Adiaké,Adiake,-3.30403,5.28634,PPLA3,candidate consumer or transit catchment,fish|vegetable,GeoNames cities5000 dump; CC BY 4.0,2293428,2023-12-21,geolocated national model-support node,"place and coordinate are external records; node role, sink weight and any later flow are model inputs or estimates, not observed shipments",NF_EDFLOW_geolocated_network_expansion_v1_2_0_2026-08-31
GEO_CIV_2280743,Côte d’Ivoire,CIV,Tiébissou,Tiebissou,-5.2248,7.15772,PPLA3,candidate consumer or transit catchment,fish|vegetable,GeoNames cities5000 dump; CC BY 4.0,2280743,2023-12-22,geolocated national model-support node,"place and coordinate are external records; node role, sink weight and any later flow are model inputs or estimates, not observed shipments",NF_EDFLOW_geolocated_network_expansion_v1_2_0_2026-08-31
GEO_CIV_2290849,Côte d’Ivoire,CIV,Bouna,Bouna,-2.9951,9.26927,PPLA2,candidate consumer or transit catchment,fish|vegetable,GeoNames cities5000 dump; CC BY 4.0,2290849,2024-01-05,geolocated national model-support node,"place and coordinate are external records; node role, sink weight and any later flow are model inputs or estimates, not observed shipments",NF_EDFLOW_geolocated_network_expansion_v1_2_0_2026-08-31
GEO_CIV_2284477,Côte d’Ivoire,CIV,M’Batto,M'Batto,-4.35781,6.47197,PPLA3,candidate consumer or transit catchment,fish|vegetable,GeoNames cities5000 dump; CC BY 4.0,2284477,2025-02-18,geolocated national model-support node,"place and coordinate are external records; node role, sink weight and any later flow are model inputs or estimates, not observed shipments",NF_EDFLOW_geolocated_network_expansion_v1_2_0_2026-08-31
GEO_CIV_2291666,Côte d’Ivoire,CIV,Biankouma,Biankouma,-7.61377,7.73909,PPLA3,candidate consumer or transit catchment,fish|vegetable,GeoNames cities5000 dump; CC BY 4.0,2291666,2023-12-22,geolocated national model-support node,"place and coordinate are external records; node role, sink weight and any later flow are model inputs or estimates, not observed shipments",NF_EDFLOW_geolocated_network_expansion_v1_2_0_2026-08-31
GEO_CIV_2292179,Côte d’Ivoire,CIV,Bangolo,Bangolo,-7.48639,7.01232,PPLA3,candidate consumer or transit catchment,fish|vegetable,GeoNames cities5000 dump; CC BY 4.0,2292179,2023-12-22,geolocated national model-support node,"place and coordinate are external records; node role, sink weight and any later flow are model inputs or estimates, not observed shipments",NF_EDFLOW_geolocated_network_expansion_v1_2_0_2026-08-31
GEO_CIV_2283616,Côte d’Ivoire,CIV,Niakaramandougou,Niakaramandougou,-5.29109,8.65759,PPLA3,candidate consumer or transit catchment,fish|vegetable,GeoNames cities5000 dump; CC BY 4.0,2283616,2023-12-23,geolocated national model-support node,"place and coordinate are external records; node role, sink weight and any later flow are model inputs or estimates, not observed shipments",NF_EDFLOW_geolocated_network_expansion_v1_2_0_2026-08-31
GEO_CIV_2284589,Côte d’Ivoire,CIV,Mankono,Mankono,-6.18972,8.05861,PPLA2,candidate consumer or transit catchment,fish|vegetable,GeoNames cities5000 dump; CC BY 4.0,2284589,2023-12-23,geolocated national model-support node,"place and coordinate are external records; node role, sink weight and any later flow are model inputs or estimates, not observed shipments",NF_EDFLOW_geolocated_network_expansion_v1_2_0_2026-08-31
GEO_CIV_2284489,Côte d’Ivoire,CIV,M’Bahiakro,M'Bahiakro,-4.33993,7.45728,PPLA3,candidate consumer or transit catchment,fish|vegetable,GeoNames cities5000 dump; CC BY 4.0,2284489,2023-12-22,geolocated national model-support node,"place and coordinate are external records; node role, sink weight and any later flow are model inputs or estimates, not observed shipments",NF_EDFLOW_geolocated_network_expansion_v1_2_0_2026-08-31
GEO_CIV_2290609,Côte d’Ivoire,CIV,Dabakala,Dabakala,-4.42863,8.36321,PPLA3,candidate consumer or transit catchment,fish|vegetable,GeoNames cities5000 dump; CC BY 4.0,2290609,2023-12-23,geolocated national model-support node,"place and coordinate are external records; node role, sink weight and any later flow are model inputs or estimates, not observed shipments",NF_EDFLOW_geolocated_network_expansion_v1_2_0_2026-08-31
GEO_CIV_2290000,Côte d’Ivoire,CIV,Dikodougou,Dikodougou,-5.77222,9.06757,PPLA3,candidate consumer or transit catchment,fish|vegetable,GeoNames cities5000 dump; CC BY 4.0,2290000,2023-12-23,geolocated national model-support node,"place and coordinate are external records; node role, sink weight and any later flow are model inputs or estimates, not observed shipments",NF_EDFLOW_geolocated_network_expansion_v1_2_0_2026-08-31
GEO_CIV_2292531,Côte d’Ivoire,CIV,Azaguié,Azaguie,-4.08204,5.62984,PPLA4,candidate consumer or transit catchment,fish|vegetable,GeoNames cities5000 dump; CC BY 4.0,2292531,2023-12-22,geolocated national model-support node,"place and coordinate are external records; node role, sink weight and any later flow are model inputs or estimates, not observed shipments",NF_EDFLOW_geolocated_network_expansion_v1_2_0_2026-08-31
GEO_CIV_2282178,Côte d’Ivoire,CIV,Sakassou,Sakassou,-5.29263,7.45462,PPLA3,candidate consumer or transit catchment,fish|vegetable,GeoNames cities5000 dump; CC BY 4.0,2282178,2023-12-23,geolocated national model-support node,"place and coordinate are external records; node role, sink weight and any later flow are model inputs or estimates, not observed shipments",NF_EDFLOW_geolocated_network_expansion_v1_2_0_2026-08-31
GEO_CIV_2284744,Côte d’Ivoire,CIV,Maféré,Mafere,-3.03006,5.4151,PPLA4,candidate consumer or transit catchment,fish|vegetable,GeoNames cities5000 dump; CC BY 4.0,2284744,2023-12-21,geolocated national model-support node,"place and coordinate are external records; node role, sink weight and any later flow are model inputs or estimates, not observed shipments",NF_EDFLOW_geolocated_network_expansion_v1_2_0_2026-08-31
GEO_CIV_2279214,Côte d’Ivoire,CIV,Zoukougbeu,Zoukougbeu,-6.8638,6.76229,PPLA3,candidate consumer or transit catchment,fish|vegetable,GeoNames cities5000 dump; CC BY 4.0,2279214,2023-12-22,geolocated national model-support node,"place and coordinate are external records; node role, sink weight and any later flow are model inputs or estimates, not observed shipments",NF_EDFLOW_geolocated_network_expansion_v1_2_0_2026-08-31
GEO_CIV_2285905,Côte d’Ivoire,CIV,Kouibly,Kouibly,-7.23508,7.25597,PPLA3,candidate consumer or transit catchment,fish|vegetable,GeoNames cities5000 dump; CC BY 4.0,2285905,2023-12-22,geolocated national model-support node,"place and coordinate are external records; node role, sink weight and any later flow are model inputs or estimates, not observed shipments",NF_EDFLOW_geolocated_network_expansion_v1_2_0_2026-08-31
GEO_CIV_2286458,Côte d’Ivoire,CIV,Kong,Kong,-4.60982,9.14943,PPLA3,candidate consumer or transit catchment,fish|vegetable,GeoNames cities5000 dump; CC BY 4.0,2286458,2023-12-23,geolocated national model-support node,"place and coordinate are external records; node role, sink weight and any later flow are model inputs or estimates, not observed shipments",NF_EDFLOW_geolocated_network_expansion_v1_2_0_2026-08-31
GEO_CIV_2287987,Côte d’Ivoire,CIV,Guéyo,Gueyo,-6.0712,5.6882,PPLA3,candidate consumer or transit catchment,fish|vegetable,GeoNames cities5000 dump; CC BY 4.0,2287987,2023-12-21,geolocated national model-support node,"place and coordinate are external records; node role, sink weight and any later flow are model inputs or estimates, not observed shipments",NF_EDFLOW_geolocated_network_expansion_v1_2_0_2026-08-31
GEO_CIV_8536562,Côte d’Ivoire,CIV,Songon,Songon,-4.25415,5.3196,PPLA4,candidate consumer or transit catchment,fish|vegetable,GeoNames cities5000 dump; CC BY 4.0,8536562,2023-12-21,geolocated national model-support node,"place and coordinate are external records; node role, sink weight and any later flow are model inputs or estimates, not observed shipments",NF_EDFLOW_geolocated_network_expansion_v1_2_0_2026-08-31
GEO_CIV_2279795,Côte d’Ivoire,CIV,Yakassé-Attobrou,Yakasse-Attobrou,-3.65111,6.18174,PPLA3,candidate consumer or transit catchment,fish|vegetable,GeoNames cities5000 dump; CC BY 4.0,2279795,2023-12-22,geolocated national model-support node,"place and coordinate are external records; node role, sink weight and any later flow are model inputs or estimates, not observed shipments",NF_EDFLOW_geolocated_network_expansion_v1_2_0_2026-08-31
GEO_CIV_2287927,Côte d’Ivoire,CIV,Guitry,Guitry,-5.24038,5.51952,PPLA3,candidate consumer or transit catchment,fish|vegetable,GeoNames cities5000 dump; CC BY 4.0,2287927,2023-12-22,geolocated national model-support node,"place and coordinate are external records; node role, sink weight and any later flow are model inputs or estimates, not observed shipments",NF_EDFLOW_geolocated_network_expansion_v1_2_0_2026-08-31
GEO_CIV_2287778,Côte d’Ivoire,CIV,Jacqueville,Jacqueville,-4.4146,5.20515,PPLA3,candidate consumer or transit catchment,fish|vegetable,GeoNames cities5000 dump; CC BY 4.0,2287778,2023-12-22,geolocated national model-support node,"place and coordinate are external records; node role, sink weight and any later flow are model inputs or estimates, not observed shipments",NF_EDFLOW_geolocated_network_expansion_v1_2_0_2026-08-31
GEO_CIV_2285707,Côte d’Ivoire,CIV,Kouto,Kouto,-6.40921,9.89029,PPLA3,candidate consumer or transit catchment,fish|vegetable,GeoNames cities5000 dump; CC BY 4.0,2285707,2023-12-23,geolocated national model-support node,"place and coordinate are external records; node role, sink weight and any later flow are model inputs or estimates, not observed shipments",NF_EDFLOW_geolocated_network_expansion_v1_2_0_2026-08-31
GEO_CIV_2291383,Côte d’Ivoire,CIV,Bocanda,Bocanda,-4.49948,7.06264,PPLA3,candidate consumer or transit catchment,fish|vegetable,GeoNames cities5000 dump; CC BY 4.0,2291383,2023-12-22,geolocated national model-support node,"place and coordinate are external records; node role, sink weight and any later flow are model inputs or estimates, not observed shipments",NF_EDFLOW_geolocated_network_expansion_v1_2_0_2026-08-31
GEO_CIV_2290985,Côte d’Ivoire,CIV,Botro,Botro,-5.31063,7.85249,PPLA3,candidate consumer or transit catchment,fish|vegetable,GeoNames cities5000 dump; CC BY 4.0,2290985,2016-12-03,geolocated national model-support node,"place and coordinate are external records; node role, sink weight and any later flow are model inputs or estimates, not observed shipments",NF_EDFLOW_geolocated_network_expansion_v1_2_0_2026-08-31
GEO_CIV_2281609,Côte d’Ivoire,CIV,Sinématiali,Sinematiali,-5.38476,9.5841,PPLA3,candidate consumer or transit catchment,fish|vegetable,GeoNames cities5000 dump; CC BY 4.0,2281609,2023-12-23,geolocated national model-support node,"place and coordinate are external records; node role, sink weight and any later flow are model inputs or estimates, not observed shipments",NF_EDFLOW_geolocated_network_expansion_v1_2_0_2026-08-31
GEO_CIV_2293045,Côte d’Ivoire,CIV,Alépé,Alepe,-3.66308,5.5004,PPLA3,candidate consumer or transit catchment,fish|vegetable,GeoNames cities5000 dump; CC BY 4.0,2293045,2023-12-22,geolocated national model-support node,"place and coordinate are external records; node role, sink weight and any later flow are model inputs or estimates, not observed shipments",NF_EDFLOW_geolocated_network_expansion_v1_2_0_2026-08-31
GEO_CMR_2232593,Cameroon,CMR,Douala,Douala,9.70428,4.04827,PPLA,major national hub,fish|vegetable,GeoNames cities5000 dump; CC BY 4.0,2232593,2026-04-13,geolocated national model-support node,"place and coordinate are external records; node role, sink weight and any later flow are model inputs or estimates, not observed shipments",NF_EDFLOW_geolocated_network_expansion_v1_2_0_2026-08-31
GEO_CMR_2220957,Cameroon,CMR,Yaoundé,Yaounde,11.51667,3.86667,PPLC,major national hub,fish|vegetable,GeoNames cities5000 dump; CC BY 4.0,2220957,2024-07-20,geolocated national model-support node,"place and coordinate are external records; node role, sink weight and any later flow are model inputs or estimates, not observed shipments",NF_EDFLOW_geolocated_network_expansion_v1_2_0_2026-08-31
GEO_CMR_2234974,Cameroon,CMR,Bamenda,Bamenda,10.14597,5.9597,PPLA,major national hub,fish|vegetable,GeoNames cities5000 dump; CC BY 4.0,2234974,2026-04-13,geolocated national model-support node,"place and coordinate are external records; node role, sink weight and any later flow are model inputs or estimates, not observed shipments",NF_EDFLOW_geolocated_network_expansion_v1_2_0_2026-08-31
GEO_CMR_2235189,Cameroon,CMR,Bafoussam,Bafoussam,10.41759,5.47775,PPLA,major national hub,fish|vegetable,GeoNames cities5000 dump; CC BY 4.0,2235189,2026-04-13,geolocated national model-support node,"place and coordinate are external records; node role, sink weight and any later flow are model inputs or estimates, not observed shipments",NF_EDFLOW_geolocated_network_expansion_v1_2_0_2026-08-31
GEO_CMR_2228373,Cameroon,CMR,Maroua,Maroua,14.31593,10.59095,PPLA,major national hub,fish|vegetable,GeoNames cities5000 dump; CC BY 4.0,2228373,2026-04-13,geolocated national model-support node,"place and coordinate are external records; node role, sink weight and any later flow are model inputs or estimates, not observed shipments",NF_EDFLOW_geolocated_network_expansion_v1_2_0_2026-08-31
GEO_CMR_2224827,Cameroon,CMR,Ngaoundéré,Ngaoundere,13.58472,7.32765,PPLA,candidate consumer or transit catchment,fish|vegetable,GeoNames cities5000 dump; CC BY 4.0,2224827,2026-04-13,geolocated national model-support node,"place and coordinate are external records; node role, sink weight and any later flow are model inputs or estimates, not observed shipments",NF_EDFLOW_geolocated_network_expansion_v1_2_0_2026-08-31
GEO_CMR_2233410,Cameroon,CMR,Buea,Buea,9.24231,4.15342,PPLA,candidate consumer or transit catchment,fish|vegetable,GeoNames cities5000 dump; CC BY 4.0,2233410,2026-04-13,geolocated national model-support node,"place and coordinate are external records; node role, sink weight and any later flow are model inputs or estimates, not observed shipments",NF_EDFLOW_geolocated_network_expansion_v1_2_0_2026-08-31
GEO_CMR_2234359,Cameroon,CMR,Bertoua,Bertoua,13.68459,4.57728,PPLA,candidate consumer or transit catchment,fish|vegetable,GeoNames cities5000 dump; CC BY 4.0,2234359,2026-04-13,geolocated national model-support node,"place and coordinate are external records; node role, sink weight and any later flow are model inputs or estimates, not observed shipments",NF_EDFLOW_geolocated_network_expansion_v1_2_0_2026-08-31
GEO_CMR_2232283,Cameroon,CMR,Ébolowa,Ebolowa,11.15,2.9,PPLA,candidate consumer or transit catchment,fish|vegetable,GeoNames cities5000 dump; CC BY 4.0,2232283,2026-04-13,geolocated national model-support node,"place and coordinate are external records; node role, sink weight and any later flow are model inputs or estimates, not observed shipments",NF_EDFLOW_geolocated_network_expansion_v1_2_0_2026-08-31
GEO_CMR_2229761,Cameroon,CMR,Kribi,Kribi,9.90765,2.93725,PPLA2,candidate consumer or transit catchment,fish|vegetable,GeoNames cities5000 dump; CC BY 4.0,2229761,2024-11-09,geolocated national model-support node,"place and coordinate are external records; node role, sink weight and any later flow are model inputs or estimates, not observed shipments",NF_EDFLOW_geolocated_network_expansion_v1_2_0_2026-08-31
GEO_CMR_2231320,Cameroon,CMR,Garoua,Garoua,13.39771,9.30143,PPLA,candidate consumer or transit catchment,fish|vegetable,GeoNames cities5000 dump; CC BY 4.0,2231320,2026-04-13,geolocated national model-support node,"place and coordinate are external records; node role, sink weight and any later flow are model inputs or estimates, not observed shipments",NF_EDFLOW_geolocated_network_expansion_v1_2_0_2026-08-31
GEO_CMR_2229752,Cameroon,CMR,Kumba,Kumba,9.4469,4.6363,PPL,candidate consumer or transit catchment,fish|vegetable,GeoNames cities5000 dump; CC BY 4.0,2229752,2023-11-29,geolocated national model-support node,"place and coordinate are external records; node role, sink weight and any later flow are model inputs or estimates, not observed shipments",NF_EDFLOW_geolocated_network_expansion_v1_2_0_2026-08-31
GEO_CMR_2223763,Cameroon,CMR,Nkongsamba,Nkongsamba,9.9404,4.9547,PPL,candidate consumer or transit catchment,fish|vegetable,GeoNames cities5000 dump; CC BY 4.0,2223763,2023-11-29,geolocated national model-support node,"place and coordinate are external records; node role, sink weight and any later flow are model inputs or estimates, not observed shipments",NF_EDFLOW_geolocated_network_expansion_v1_2_0_2026-08-31
GEO_CMR_2229798,Cameroon,CMR,Kousséri,Kousseri,15.03063,12.07689,PPL,candidate consumer or transit catchment,fish|vegetable,GeoNames cities5000 dump; CC BY 4.0,2229798,2023-11-29,geolocated national model-support node,"place and coordinate are external records; node role, sink weight and any later flow are model inputs or estimates, not observed shipments",NF_EDFLOW_geolocated_network_expansion_v1_2_0_2026-08-31
GEO_CMR_2229411,Cameroon,CMR,Limbe,Limbe,9.20607,4.02356,PPL,candidate consumer or transit catchment,fish|vegetable,GeoNames cities5000 dump; CC BY 4.0,2229411,2023-11-29,geolocated national model-support node,"place and coordinate are external records; node role, sink weight and any later flow are model inputs or estimates, not observed shipments",NF_EDFLOW_geolocated_network_expansion_v1_2_0_2026-08-31
GEO_CMR_2231506,Cameroon,CMR,Foumban,Foumban,10.89865,5.72662,PPL,candidate consumer or transit catchment,fish|vegetable,GeoNames cities5000 dump; CC BY 4.0,2231506,2023-11-29,geolocated national model-support node,"place and coordinate are external records; node role, sink weight and any later flow are model inputs or estimates, not observed shipments",NF_EDFLOW_geolocated_network_expansion_v1_2_0_2026-08-31
GEO_CMR_2229748,Cameroon,CMR,Kumbo,Kumbo,10.66667,6.2,PPL,candidate consumer or transit catchment,fish|vegetable,GeoNames cities5000 dump; CC BY 4.0,2229748,2023-11-29,geolocated national model-support node,"place and coordinate are external records; node role, sink weight and any later flow are model inputs or estimates, not observed shipments",NF_EDFLOW_geolocated_network_expansion_v1_2_0_2026-08-31
GEO_CMR_2232239,Cameroon,CMR,Edéa,Edea,10.13333,3.8,PPL,candidate consumer or transit catchment,fish|vegetable,GeoNames cities5000 dump; CC BY 4.0,2232239,2023-11-29,geolocated national model-support node,"place and coordinate are external records; node role, sink weight and any later flow are model inputs or estimates, not observed shipments",NF_EDFLOW_geolocated_network_expansion_v1_2_0_2026-08-31
GEO_CMR_2232444,Cameroon,CMR,Dschang,Dschang,10.05332,5.44397,PPL,candidate consumer or transit catchment,fish|vegetable,GeoNames cities5000 dump; CC BY 4.0,2232444,2023-11-29,geolocated national model-support node,"place and coordinate are external records; node role, sink weight and any later flow are model inputs or estimates, not observed shipments",NF_EDFLOW_geolocated_network_expansion_v1_2_0_2026-08-31
GEO_CMR_2221504,Cameroon,CMR,Tiko,Tiko,9.36005,4.075,PPL,candidate consumer or transit catchment,fish|vegetable,GeoNames cities5000 dump; CC BY 4.0,2221504,2023-11-29,geolocated national model-support node,"place and coordinate are external records; node role, sink weight and any later flow are model inputs or estimates, not observed shipments",NF_EDFLOW_geolocated_network_expansion_v1_2_0_2026-08-31
GEO_CMR_2228079,Cameroon,CMR,Mbalmayo,Mbalmayo,11.5,3.51667,PPL,candidate consumer or transit catchment,fish|vegetable,GeoNames cities5000 dump; CC BY 4.0,2228079,2023-11-29,geolocated national model-support node,"place and coordinate are external records; node role, sink weight and any later flow are model inputs or estimates, not observed shipments",NF_EDFLOW_geolocated_network_expansion_v1_2_0_2026-08-31
GEO_CMR_2230876,Cameroon,CMR,Guider,Guider,13.94671,9.9333,PPL,candidate consumer or transit catchment,fish|vegetable,GeoNames cities5000 dump; CC BY 4.0,2230876,2023-11-29,geolocated national model-support node,"place and coordinate are external records; node role, sink weight and any later flow are model inputs or estimates, not observed shipments",NF_EDFLOW_geolocated_network_expansion_v1_2_0_2026-08-31
GEO_CMR_2222230,Cameroon,CMR,Sangmélima,Sangmelima,11.98333,2.93333,PPL,candidate consumer or transit catchment,fish|vegetable,GeoNames cities5000 dump; CC BY 4.0,2222230,2023-11-29,geolocated national model-support node,"place and coordinate are external records; node role, sink weight and any later flow are model inputs or estimates, not observed shipments",NF_EDFLOW_geolocated_network_expansion_v1_2_0_2026-08-31
GEO_CMR_2227230,Cameroon,CMR,Melong,Melong,9.96143,5.12181,PPL,candidate consumer or transit catchment,fish|vegetable,GeoNames cities5000 dump; CC BY 4.0,2227230,2023-11-29,geolocated national model-support node,"place and coordinate are external records; node role, sink weight and any later flow are model inputs or estimates, not observed shipments",NF_EDFLOW_geolocated_network_expansion_v1_2_0_2026-08-31
GEO_CMR_2231504,Cameroon,CMR,Foumbot,Foumbot,10.6325,5.50803,PPL,candidate consumer or transit catchment,fish|vegetable,GeoNames cities5000 dump; CC BY 4.0,2231504,2023-11-29,geolocated national model-support node,"place and coordinate are external records; node role, sink weight and any later flow are model inputs or estimates, not observed shipments",NF_EDFLOW_geolocated_network_expansion_v1_2_0_2026-08-31
GEO_CMR_2235194,Cameroon,CMR,Bafia,Bafia,11.23333,4.75,PPL,candidate consumer or transit catchment,fish|vegetable,GeoNames cities5000 dump; CC BY 4.0,2235194,2023-11-29,geolocated national model-support node,"place and coordinate are external records; node role, sink weight and any later flow are model inputs or estimates, not observed shipments",NF_EDFLOW_geolocated_network_expansion_v1_2_0_2026-08-31
GEO_CMR_2227613,Cameroon,CMR,Mbouda,Mbouda,10.25421,5.62611,PPL,candidate consumer or transit catchment,fish|vegetable,GeoNames cities5000 dump; CC BY 4.0,2227613,2023-11-29,geolocated national model-support node,"place and coordinate are external records; node role, sink weight and any later flow are model inputs or estimates, not observed shipments",NF_EDFLOW_geolocated_network_expansion_v1_2_0_2026-08-31
GEO_CMR_2225728,Cameroon,CMR,Mutengene,Mutengene,9.3144,4.0913,PPL,candidate consumer or transit catchment,fish|vegetable,GeoNames cities5000 dump; CC BY 4.0,2225728,2023-11-29,geolocated national model-support node,"place and coordinate are external records; node role, sink weight and any later flow are model inputs or estimates, not observed shipments",NF_EDFLOW_geolocated_network_expansion_v1_2_0_2026-08-31
GEO_CMR_2225991,Cameroon,CMR,Mora,Mora,14.14011,11.04611,PPL,candidate consumer or transit catchment,fish|vegetable,GeoNames cities5000 dump; CC BY 4.0,2225991,2023-11-29,geolocated national model-support node,"place and coordinate are external records; node role, sink weight and any later flow are model inputs or estimates, not observed shipments",NF_EDFLOW_geolocated_network_expansion_v1_2_0_2026-08-31
GEO_CMR_2227402,Cameroon,CMR,Meïganga,Meiganga,14.3,6.51667,PPL,candidate consumer or transit catchment,fish|vegetable,GeoNames cities5000 dump; CC BY 4.0,2227402,2023-11-29,geolocated national model-support node,"place and coordinate are external records; node role, sink weight and any later flow are model inputs or estimates, not observed shipments",NF_EDFLOW_geolocated_network_expansion_v1_2_0_2026-08-31
GEO_COD_2314302,Democratic Republic of the Congo,COD,Kinshasa,Kinshasa,15.31357,-4.32758,PPLC,major national hub,fish|vegetable,GeoNames cities5000 dump; CC BY 4.0,2314302,2023-11-29,geolocated national model-support node,"place and coordinate are external records; node role, sink weight and any later flow are model inputs or estimates, not observed shipments",NF_EDFLOW_geolocated_network_expansion_v1_2_0_2026-08-31
GEO_COD_922704,Democratic Republic of the Congo,COD,Lubumbashi,Lubumbashi,27.47938,-11.66089,PPLA,major national hub,fish|vegetable,GeoNames cities5000 dump; CC BY 4.0,922704,2026-04-13,geolocated national model-support node,"place and coordinate are external records; node role, sink weight and any later flow are model inputs or estimates, not observed shipments",NF_EDFLOW_geolocated_network_expansion_v1_2_0_2026-08-31
GEO_COD_209228,Democratic Republic of the Congo,COD,Mbuji-Mayi,Mbuji-Mayi,23.58979,-6.13603,PPLA,major national hub,fish|vegetable,GeoNames cities5000 dump; CC BY 4.0,209228,2026-05-25,geolocated national model-support node,"place and coordinate are external records; node role, sink weight and any later flow are model inputs or estimates, not observed shipments",NF_EDFLOW_geolocated_network_expansion_v1_2_0_2026-08-31
GEO_COD_214481,Democratic Republic of the Congo,COD,Kananga,Kananga,22.41659,-5.89624,PPLA,major national hub,fish|vegetable,GeoNames cities5000 dump; CC BY 4.0,214481,2026-07-24,geolocated national model-support node,"place and coordinate are external records; node role, sink weight and any later flow are model inputs or estimates, not observed shipments",NF_EDFLOW_geolocated_network_expansion_v1_2_0_2026-08-31
GEO_COD_212730,Democratic Republic of the Congo,COD,Kisangani,Kisangani,25.19099,0.51528,PPLA,major national hub,fish|vegetable,GeoNames cities5000 dump; CC BY 4.0,212730,2026-04-13,geolocated national model-support node,"place and coordinate are external records; node role, sink weight and any later flow are model inputs or estimates, not observed shipments",NF_EDFLOW_geolocated_network_expansion_v1_2_0_2026-08-31
GEO_COD_217831,Democratic Republic of the Congo,COD,Bukavu,Bukavu,28.84281,-2.49077,PPLA,candidate consumer or transit catchment,fish|vegetable,GeoNames cities5000 dump; CC BY 4.0,217831,2026-04-13,geolocated national model-support node,"place and coordinate are external records; node role, sink weight and any later flow are model inputs or estimates, not observed shipments",NF_EDFLOW_geolocated_network_expansion_v1_2_0_2026-08-31
GEO_COD_922773,Democratic Republic of the Congo,COD,Kolwezi,Kolwezi,25.46674,-10.71484,PPLA2,candidate consumer or transit catchment,fish|vegetable,GeoNames cities5000 dump; CC BY 4.0,922773,2026-08-30,geolocated national model-support node,"place and coordinate are external records; node role, sink weight and any later flow are model inputs or estimates, not observed shipments",NF_EDFLOW_geolocated_network_expansion_v1_2_0_2026-08-31
GEO_COD_204953,Democratic Republic of the Congo,COD,Tshikapa,Tshikapa,20.79995,-6.41621,PPLA2,candidate consumer or transit catchment,fish|vegetable,GeoNames cities5000 dump; CC BY 4.0,204953,2023-11-29,geolocated national model-support node,"place and coordinate are external records; node role, sink weight and any later flow are model inputs or estimates, not observed shipments",NF_EDFLOW_geolocated_network_expansion_v1_2_0_2026-08-31
GEO_COD_2312895,Democratic Republic of the Congo,COD,Mbandaka,Mbandaka,18.26034,0.04865,PPLA,candidate consumer or transit catchment,fish|vegetable,GeoNames cities5000 dump; CC BY 4.0,2312895,2026-04-13,geolocated national model-support node,"place and coordinate are external records; node role, sink weight and any later flow are model inputs or estimates, not observed shipments",NF_EDFLOW_geolocated_network_expansion_v1_2_0_2026-08-31
GEO_COD_216281,Democratic Republic of the Congo,COD,Goma,Goma,29.22845,-1.67409,PPLA,candidate consumer or transit catchment,fish|vegetable,GeoNames cities5000 dump; CC BY 4.0,216281,2026-04-13,geolocated national model-support node,"place and coordinate are external records; node role, sink weight and any later flow are model inputs or estimates, not observed shipments",NF_EDFLOW_geolocated_network_expansion_v1_2_0_2026-08-31
GEO_COD_2313002,Democratic Republic of the Congo,COD,Matadi,Matadi,13.46306,-5.83861,PPLA,candidate consumer or transit catchment,fish|vegetable,GeoNames cities5000 dump; CC BY 4.0,2313002,2026-04-13,geolocated national model-support node,"place and coordinate are external records; node role, sink weight and any later flow are model inputs or estimates, not observed shipments",NF_EDFLOW_geolocated_network_expansion_v1_2_0_2026-08-31
GEO_COD_217695,Democratic Republic of the Congo,COD,Bunia,Bunia,30.25224,1.55941,PPLA,candidate consumer or transit catchment,fish|vegetable,GeoNames cities5000 dump; CC BY 4.0,217695,2026-04-13,geolocated national model-support node,"place and coordinate are external records; node role, sink weight and any later flow are model inputs or estimates, not observed shipments",NF_EDFLOW_geolocated_network_expansion_v1_2_0_2026-08-31
GEO_COD_217562,Democratic Republic of the Congo,COD,Butembo,Butembo,29.29117,0.14164,PPLA3,candidate consumer or transit catchment,fish|vegetable,GeoNames cities5000 dump; CC BY 4.0,217562,2023-11-29,geolocated national model-support node,"place and coordinate are external records; node role, sink weight and any later flow are model inputs or estimates, not observed shipments",NF_EDFLOW_geolocated_network_expansion_v1_2_0_2026-08-31
GEO_COD_215771,Democratic Republic of the Congo,COD,Isiro,Isiro,27.61603,2.77391,PPLA,candidate consumer or transit catchment,fish|vegetable,GeoNames cities5000 dump; CC BY 4.0,215771,2026-04-13,geolocated national model-support node,"place and coordinate are external records; node role, sink weight and any later flow are model inputs or estimates, not observed shipments",NF_EDFLOW_geolocated_network_expansion_v1_2_0_2026-08-31
GEO_COD_212902,Democratic Republic of the Congo,COD,Kindu,Kindu,25.92237,-2.94373,PPLA,candidate consumer or transit catchment,fish|vegetable,GeoNames cities5000 dump; CC BY 4.0,212902,2026-04-13,geolocated national model-support node,"place and coordinate are external records; node role, sink weight and any later flow are model inputs or estimates, not observed shipments",NF_EDFLOW_geolocated_network_expansion_v1_2_0_2026-08-31
GEO_COD_2317397,Democratic Republic of the Congo,COD,Bandundu Province,Bandundu Province,17.38063,-3.31687,PPLA,candidate consumer or transit catchment,fish|vegetable,GeoNames cities5000 dump; CC BY 4.0,2317397,2026-04-13,geolocated national model-support node,"place and coordinate are external records; node role, sink weight and any later flow are model inputs or estimates, not observed shipments",NF_EDFLOW_geolocated_network_expansion_v1_2_0_2026-08-31
GEO_COD_214614,Democratic Republic of the Congo,COD,Kamina,Kamina,24.99798,-8.73508,PPLA,candidate consumer or transit catchment,fish|vegetable,GeoNames cities5000 dump; CC BY 4.0,214614,2026-04-13,geolocated national model-support node,"place and coordinate are external records; node role, sink weight and any later flow are model inputs or estimates, not observed shipments",NF_EDFLOW_geolocated_network_expansion_v1_2_0_2026-08-31
GEO_COD_2315728,Democratic Republic of the Congo,COD,Gemena,Gemena,19.77234,3.25651,PPLA,candidate consumer or transit catchment,fish|vegetable,GeoNames cities5000 dump; CC BY 4.0,2315728,2026-04-13,geolocated national model-support node,"place and coordinate are external records; node role, sink weight and any later flow are model inputs or estimates, not observed shipments",NF_EDFLOW_geolocated_network_expansion_v1_2_0_2026-08-31
GEO_COD_217570,Democratic Republic of the Congo,COD,Buta,Buta,24.72997,2.78582,PPLA,candidate consumer or transit catchment,fish|vegetable,GeoNames cities5000 dump; CC BY 4.0,217570,2026-04-13,geolocated national model-support node,"place and coordinate are external records; node role, sink weight and any later flow are model inputs or estimates, not observed shipments",NF_EDFLOW_geolocated_network_expansion_v1_2_0_2026-08-31
GEO_COD_216404,Democratic Republic of the Congo,COD,Gbadolite,Gbadolite,21.00284,4.279,PPLA,candidate consumer or transit catchment,fish|vegetable,GeoNames cities5000 dump; CC BY 4.0,216404,2026-04-13,geolocated national model-support node,"place and coordinate are external records; node role, sink weight and any later flow are model inputs or estimates, not observed shipments",NF_EDFLOW_geolocated_network_expansion_v1_2_0_2026-08-31
GEO_COD_2315417,Democratic Republic of the Congo,COD,Inongo,Inongo,18.2881,-1.9275,PPLA,candidate consumer or transit catchment,fish|vegetable,GeoNames cities5000 dump; CC BY 4.0,2315417,2026-04-13,geolocated national model-support node,"place and coordinate are external records; node role, sink weight and any later flow are model inputs or estimates, not observed shipments",NF_EDFLOW_geolocated_network_expansion_v1_2_0_2026-08-31
GEO_COD_218680,Democratic Republic of the Congo,COD,Boende,Boende,20.88053,-0.28163,PPLA,candidate consumer or transit catchment,fish|vegetable,GeoNames cities5000 dump; CC BY 4.0,218680,2026-04-13,geolocated national model-support node,"place and coordinate are external records; node role, sink weight and any later flow are model inputs or estimates, not observed shipments",NF_EDFLOW_geolocated_network_expansion_v1_2_0_2026-08-31
GEO_COD_210379,Democratic Republic of the Congo,COD,Lusambo,Lusambo,23.44391,-4.97503,PPLA,candidate consumer or transit catchment,fish|vegetable,GeoNames cities5000 dump; CC BY 4.0,210379,2026-04-13,geolocated national model-support node,"place and coordinate are external records; node role, sink weight and any later flow are model inputs or estimates, not observed shipments",NF_EDFLOW_geolocated_network_expansion_v1_2_0_2026-08-31
GEO_COD_922741,Democratic Republic of the Congo,COD,Likasi,Likasi,26.7384,-10.98303,PPL,candidate consumer or transit catchment,fish|vegetable,GeoNames cities5000 dump; CC BY 4.0,922741,2023-11-29,geolocated national model-support node,"place and coordinate are external records; node role, sink weight and any later flow are model inputs or estimates, not observed shipments",NF_EDFLOW_geolocated_network_expansion_v1_2_0_2026-08-31
GEO_COD_2314705,Democratic Republic of the Congo,COD,Kikwit,Kikwit,18.81619,-5.04098,PPL,candidate consumer or transit catchment,fish|vegetable,GeoNames cities5000 dump; CC BY 4.0,2314705,2023-11-29,geolocated national model-support node,"place and coordinate are external records; node role, sink weight and any later flow are model inputs or estimates, not observed shipments",NF_EDFLOW_geolocated_network_expansion_v1_2_0_2026-08-31
GEO_COD_2593460,Democratic Republic of the Congo,COD,Masina,Masina,15.39139,-4.38361,PPL,candidate consumer or transit catchment,fish|vegetable,GeoNames cities5000 dump; CC BY 4.0,2593460,2021-09-10,geolocated national model-support node,"place and coordinate are external records; node role, sink weight and any later flow are model inputs or estimates, not observed shipments",NF_EDFLOW_geolocated_network_expansion_v1_2_0_2026-08-31
GEO_COD_204405,Democratic Republic of the Congo,COD,Uvira,Uvira,29.13779,-3.39534,PPL,candidate consumer or transit catchment,fish|vegetable,GeoNames cities5000 dump; CC BY 4.0,204405,2023-11-29,geolocated national model-support node,"place and coordinate are external records; node role, sink weight and any later flow are model inputs or estimates, not observed shipments",NF_EDFLOW_geolocated_network_expansion_v1_2_0_2026-08-31
GEO_COD_2316702,Democratic Republic of the Congo,COD,Boma,Boma,13.05364,-5.85098,PPL,candidate consumer or transit catchment,fish|vegetable,GeoNames cities5000 dump; CC BY 4.0,2316702,2023-11-29,geolocated national model-support node,"place and coordinate are external records; node role, sink weight and any later flow are model inputs or estimates, not observed shipments",NF_EDFLOW_geolocated_network_expansion_v1_2_0_2026-08-31
GEO_COD_8461573,Democratic Republic of the Congo,COD,Mwene,Mwene,22.87023,-9.81697,PPL,candidate consumer or transit catchment,fish|vegetable,GeoNames cities5000 dump; CC BY 4.0,8461573,2023-11-29,geolocated national model-support node,"place and coordinate are external records; node role, sink weight and any later flow are model inputs or estimates, not observed shipments",NF_EDFLOW_geolocated_network_expansion_v1_2_0_2026-08-31
GEO_COD_215527,Democratic Republic of the Congo,COD,Kabinda,Kabinda,24.48179,-6.13791,PPL,candidate consumer or transit catchment,fish|vegetable,GeoNames cities5000 dump; CC BY 4.0,215527,2023-11-29,geolocated national model-support node,"place and coordinate are external records; node role, sink weight and any later flow are model inputs or estimates, not observed shipments",NF_EDFLOW_geolocated_network_expansion_v1_2_0_2026-08-31
GEO_COD_216449,Democratic Republic of the Congo,COD,Gandajika,Gandajika,23.95328,-6.74504,PPL,candidate consumer or transit catchment,fish|vegetable,GeoNames cities5000 dump; CC BY 4.0,216449,2023-11-29,geolocated national model-support node,"place and coordinate are external records; node role, sink weight and any later flow are model inputs or estimates, not observed shipments",NF_EDFLOW_geolocated_network_expansion_v1_2_0_2026-08-31
GEO_COD_207570,Democratic Republic of the Congo,COD,Mwene-Ditu,Mwene-Ditu,23.45278,-7.00906,PPL,candidate consumer or transit catchment,fish|vegetable,GeoNames cities5000 dump; CC BY 4.0,207570,2021-09-10,geolocated national model-support node,"place and coordinate are external records; node role, sink weight and any later flow are model inputs or estimates, not observed shipments",NF_EDFLOW_geolocated_network_expansion_v1_2_0_2026-08-31
GEO_COD_922806,Democratic Republic of the Congo,COD,Kipushi,Kipushi,27.25135,-11.76097,PPL,candidate consumer or transit catchment,fish|vegetable,GeoNames cities5000 dump; CC BY 4.0,922806,2023-11-29,geolocated national model-support node,"place and coordinate are external records; node role, sink weight and any later flow are model inputs or estimates, not observed shipments",NF_EDFLOW_geolocated_network_expansion_v1_2_0_2026-08-31
GEO_COD_214974,Democratic Republic of the Congo,COD,Kalemie,Kalemie,29.19471,-5.94749,PPL,candidate consumer or transit catchment,fish|vegetable,GeoNames cities5000 dump; CC BY 4.0,214974,2023-11-29,geolocated national model-support node,"place and coordinate are external records; node role, sink weight and any later flow are model inputs or estimates, not observed shipments",NF_EDFLOW_geolocated_network_expansion_v1_2_0_2026-08-31
GEO_COD_217745,Democratic Republic of the Congo,COD,Bumba,Bumba,22.46827,2.18771,PPL,candidate consumer or transit catchment,fish|vegetable,GeoNames cities5000 dump; CC BY 4.0,217745,2023-11-29,geolocated national model-support node,"place and coordinate are external records; node role, sink weight and any later flow are model inputs or estimates, not observed shipments",NF_EDFLOW_geolocated_network_expansion_v1_2_0_2026-08-31
GEO_COD_2312888,Democratic Republic of the Congo,COD,Mbanza-Ngungu,Mbanza-Ngungu,14.85838,-5.25837,PPL,candidate consumer or transit catchment,fish|vegetable,GeoNames cities5000 dump; CC BY 4.0,2312888,2023-11-29,geolocated national model-support node,"place and coordinate are external records; node role, sink weight and any later flow are model inputs or estimates, not observed shipments",NF_EDFLOW_geolocated_network_expansion_v1_2_0_2026-08-31
GEO_COD_219057,Democratic Republic of the Congo,COD,Beni,Beni,29.47306,0.49113,PPL,candidate consumer or transit catchment,fish|vegetable,GeoNames cities5000 dump; CC BY 4.0,219057,2023-11-29,geolocated national model-support node,"place and coordinate are external records; node role, sink weight and any later flow are model inputs or estimates, not observed shipments",NF_EDFLOW_geolocated_network_expansion_v1_2_0_2026-08-31
GEO_COD_2312393,Democratic Republic of the Congo,COD,Moanda,Moanda,12.37148,-5.92753,PPL,candidate consumer or transit catchment,fish|vegetable,GeoNames cities5000 dump; CC BY 4.0,2312393,2023-11-29,geolocated national model-support node,"place and coordinate are external records; node role, sink weight and any later flow are model inputs or estimates, not observed shipments",NF_EDFLOW_geolocated_network_expansion_v1_2_0_2026-08-31
GEO_COD_211734,Democratic Republic of the Congo,COD,Lisala,Lisala,21.51672,2.15127,PPL,candidate consumer or transit catchment,fish|vegetable,GeoNames cities5000 dump; CC BY 4.0,211734,2023-11-29,geolocated national model-support node,"place and coordinate are external records; node role, sink weight and any later flow are model inputs or estimates, not observed shipments",NF_EDFLOW_geolocated_network_expansion_v1_2_0_2026-08-31
GEO_COD_215976,Democratic Republic of the Congo,COD,Ilebo,Ilebo,20.58638,-4.33111,PPL,candidate consumer or transit catchment,fish|vegetable,GeoNames cities5000 dump; CC BY 4.0,215976,2023-11-29,geolocated national model-support node,"place and coordinate are external records; node role, sink weight and any later flow are model inputs or estimates, not observed shipments",NF_EDFLOW_geolocated_network_expansion_v1_2_0_2026-08-31
GEO_COD_922083,Democratic Republic of the Congo,COD,Tshilenge,Tshilenge,22.9,-10.96667,PPL,candidate consumer or transit catchment,fish|vegetable,GeoNames cities5000 dump; CC BY 4.0,922083,2023-11-29,geolocated national model-support node,"place and coordinate are external records; node role, sink weight and any later flow are model inputs or estimates, not observed shipments",NF_EDFLOW_geolocated_network_expansion_v1_2_0_2026-08-31
GEO_COD_2315419,Democratic Republic of the Congo,COD,Inkisi,Inkisi,15.0541,-5.13122,PPL,candidate consumer or transit catchment,fish|vegetable,GeoNames cities5000 dump; CC BY 4.0,2315419,2023-11-29,geolocated national model-support node,"place and coordinate are external records; node role, sink weight and any later flow are model inputs or estimates, not observed shipments",NF_EDFLOW_geolocated_network_expansion_v1_2_0_2026-08-31
GEO_COD_217834,Democratic Republic of the Congo,COD,Bukama,Bukama,25.85475,-9.20443,PPL,candidate consumer or transit catchment,fish|vegetable,GeoNames cities5000 dump; CC BY 4.0,217834,2023-11-29,geolocated national model-support node,"place and coordinate are external records; node role, sink weight and any later flow are model inputs or estimates, not observed shipments",NF_EDFLOW_geolocated_network_expansion_v1_2_0_2026-08-31
GEO_COD_220075,Democratic Republic of the Congo,COD,Bakwa,Bakwa,27.39527,4.1263,PPL,candidate consumer or transit catchment,fish|vegetable,GeoNames cities5000 dump; CC BY 4.0,220075,2023-11-29,geolocated national model-support node,"place and coordinate are external records; node role, sink weight and any later flow are model inputs or estimates, not observed shipments",NF_EDFLOW_geolocated_network_expansion_v1_2_0_2026-08-31
GEO_COD_923058,Democratic Republic of the Congo,COD,Kambove,Kambove,26.59746,-10.87352,PPL,candidate consumer or transit catchment,fish|vegetable,GeoNames cities5000 dump; CC BY 4.0,923058,2023-11-29,geolocated national model-support node,"place and coordinate are external records; node role, sink weight and any later flow are model inputs or estimates, not observed shipments",NF_EDFLOW_geolocated_network_expansion_v1_2_0_2026-08-31
GEO_COD_218855,Democratic Republic of the Congo,COD,Binga,Binga,20.49769,2.37351,PPL,candidate consumer or transit catchment,fish|vegetable,GeoNames cities5000 dump; CC BY 4.0,218855,2023-11-29,geolocated national model-support node,"place and coordinate are external records; node role, sink weight and any later flow are model inputs or estimates, not observed shipments",NF_EDFLOW_geolocated_network_expansion_v1_2_0_2026-08-31
GEO_COD_211647,Democratic Republic of the Congo,COD,Lodja,Lodja,23.6005,-3.52105,PPL,candidate consumer or transit catchment,fish|vegetable,GeoNames cities5000 dump; CC BY 4.0,211647,2023-11-29,geolocated national model-support node,"place and coordinate are external records; node role, sink weight and any later flow are model inputs or estimates, not observed shipments",NF_EDFLOW_geolocated_network_expansion_v1_2_0_2026-08-31
GEO_COD_213666,Democratic Republic of the Congo,COD,Katwa,Katwa,29.30858,0.08928,PPL,candidate consumer or transit catchment,fish|vegetable,GeoNames cities5000 dump; CC BY 4.0,213666,2023-11-29,geolocated national model-support node,"place and coordinate are external records; node role, sink weight and any later flow are model inputs or estimates, not observed shipments",NF_EDFLOW_geolocated_network_expansion_v1_2_0_2026-08-31
GEO_COD_208182,Democratic Republic of the Congo,COD,Mulongo,Mulongo,26.99852,-7.83486,PPL,candidate consumer or transit catchment,fish|vegetable,GeoNames cities5000 dump; CC BY 4.0,208182,2023-11-29,geolocated national model-support node,"place and coordinate are external records; node role, sink weight and any later flow are model inputs or estimates, not observed shipments",NF_EDFLOW_geolocated_network_expansion_v1_2_0_2026-08-31
GEO_COD_2315579,Democratic Republic of the Congo,COD,Idiofa,Idiofa,19.59151,-4.96589,PPL,candidate consumer or transit catchment,fish|vegetable,GeoNames cities5000 dump; CC BY 4.0,2315579,2023-11-29,geolocated national model-support node,"place and coordinate are external records; node role, sink weight and any later flow are model inputs or estimates, not observed shipments",NF_EDFLOW_geolocated_network_expansion_v1_2_0_2026-08-31
GEO_COD_212360,Democratic Republic of the Congo,COD,Kongolo,Kongolo,27.00029,-5.38532,PPL,candidate consumer or transit catchment,fish|vegetable,GeoNames cities5000 dump; CC BY 4.0,212360,2023-11-29,geolocated national model-support node,"place and coordinate are external records; node role, sink weight and any later flow are model inputs or estimates, not observed shipments",NF_EDFLOW_geolocated_network_expansion_v1_2_0_2026-08-31
GEO_COD_206047,Democratic Republic of the Congo,COD,Rutshuru,Rutshuru,29.44669,-1.18666,PPL,candidate consumer or transit catchment,fish|vegetable,GeoNames cities5000 dump; CC BY 4.0,206047,2023-11-29,geolocated national model-support node,"place and coordinate are external records; node role, sink weight and any later flow are model inputs or estimates, not observed shipments",NF_EDFLOW_geolocated_network_expansion_v1_2_0_2026-08-31
GEO_COD_209598,Democratic Republic of the Congo,COD,Manono,Manono,27.39894,-7.29862,PPL,candidate consumer or transit catchment,fish|vegetable,GeoNames cities5000 dump; CC BY 4.0,209598,2023-11-29,geolocated national model-support node,"place and coordinate are external records; node role, sink weight and any later flow are model inputs or estimates, not observed shipments",NF_EDFLOW_geolocated_network_expansion_v1_2_0_2026-08-31
GEO_COD_220121,Democratic Republic of the Congo,COD,Babamba,Babamba,27.48333,0.18333,PPL,candidate consumer or transit catchment,fish|vegetable,GeoNames cities5000 dump; CC BY 4.0,220121,2023-11-29,geolocated national model-support node,"place and coordinate are external records; node role, sink weight and any later flow are model inputs or estimates, not observed shipments",NF_EDFLOW_geolocated_network_expansion_v1_2_0_2026-08-31
GEO_COD_213940,Democratic Republic of the Congo,COD,Kasongo,Kasongo,26.66656,-4.42741,PPL,candidate consumer or transit catchment,fish|vegetable,GeoNames cities5000 dump; CC BY 4.0,213940,2023-11-29,geolocated national model-support node,"place and coordinate are external records; node role, sink weight and any later flow are model inputs or estimates, not observed shipments",NF_EDFLOW_geolocated_network_expansion_v1_2_0_2026-08-31
GEO_COD_2316259,Democratic Republic of the Congo,COD,Bulungu,Bulungu,18.60364,-4.54437,PPL,candidate consumer or transit catchment,fish|vegetable,GeoNames cities5000 dump; CC BY 4.0,2316259,2023-11-29,geolocated national model-support node,"place and coordinate are external records; node role, sink weight and any later flow are model inputs or estimates, not observed shipments",NF_EDFLOW_geolocated_network_expansion_v1_2_0_2026-08-31
GEO_COD_207596,Democratic Republic of the Congo,COD,Mweka,Mweka,21.5595,-4.85187,PPL,candidate consumer or transit catchment,fish|vegetable,GeoNames cities5000 dump; CC BY 4.0,207596,2023-11-29,geolocated national model-support node,"place and coordinate are external records; node role, sink weight and any later flow are model inputs or estimates, not observed shipments",NF_EDFLOW_geolocated_network_expansion_v1_2_0_2026-08-31
GEO_COD_215668,Democratic Republic of the Congo,COD,Kabalo,Kabalo,26.9143,-6.05255,PPL,candidate consumer or transit catchment,fish|vegetable,GeoNames cities5000 dump; CC BY 4.0,215668,2023-11-29,geolocated national model-support node,"place and coordinate are external records; node role, sink weight and any later flow are model inputs or estimates, not observed shipments",NF_EDFLOW_geolocated_network_expansion_v1_2_0_2026-08-31
GEO_COD_209000,Democratic Republic of the Congo,COD,Baudhuinville,Baudhuinville,29.73681,-7.08408,PPL,candidate consumer or transit catchment,fish|vegetable,GeoNames cities5000 dump; CC BY 4.0,209000,2023-11-29,geolocated national model-support node,"place and coordinate are external records; node role, sink weight and any later flow are model inputs or estimates, not observed shipments",NF_EDFLOW_geolocated_network_expansion_v1_2_0_2026-08-31
GEO_COD_214390,Democratic Republic of the Congo,COD,Kanyama,Kanyama,24.17404,-7.51668,PPL,candidate consumer or transit catchment,fish|vegetable,GeoNames cities5000 dump; CC BY 4.0,214390,2023-11-29,geolocated national model-support node,"place and coordinate are external records; node role, sink weight and any later flow are model inputs or estimates, not observed shipments",NF_EDFLOW_geolocated_network_expansion_v1_2_0_2026-08-31
GEO_COD_209161,Democratic Republic of the Congo,COD,Miabi,Miabi,23.39254,-6.22149,PPL,candidate consumer or transit catchment,fish|vegetable,GeoNames cities5000 dump; CC BY 4.0,209161,2023-11-29,geolocated national model-support node,"place and coordinate are external records; node role, sink weight and any later flow are model inputs or estimates, not observed shipments",NF_EDFLOW_geolocated_network_expansion_v1_2_0_2026-08-31
GEO_COD_2316770,Democratic Republic of the Congo,COD,Bolenge,Bolenge,18.21667,0.0,PPL,candidate consumer or transit catchment,fish|vegetable,GeoNames cities5000 dump; CC BY 4.0,2316770,2025-10-22,geolocated national model-support node,"place and coordinate are external records; node role, sink weight and any later flow are model inputs or estimates, not observed shipments",NF_EDFLOW_geolocated_network_expansion_v1_2_0_2026-08-31
GEO_COD_2314523,Democratic Republic of the Congo,COD,Kimpese,Kimpese,14.43159,-5.5615,PPL,candidate consumer or transit catchment,fish|vegetable,GeoNames cities5000 dump; CC BY 4.0,2314523,2023-11-29,geolocated national model-support node,"place and coordinate are external records; node role, sink weight and any later flow are model inputs or estimates, not observed shipments",NF_EDFLOW_geolocated_network_expansion_v1_2_0_2026-08-31
GEO_COD_219414,Democratic Republic of the Congo,COD,Basoko,Basoko,23.61598,1.23909,PPL,candidate consumer or transit catchment,fish|vegetable,GeoNames cities5000 dump; CC BY 4.0,219414,2023-11-29,geolocated national model-support node,"place and coordinate are external records; node role, sink weight and any later flow are model inputs or estimates, not observed shipments",NF_EDFLOW_geolocated_network_expansion_v1_2_0_2026-08-31
GEO_COD_8329635,Democratic Republic of the Congo,COD,Hyosha,Hyosha,29.51863,0.69781,PPL,candidate consumer or transit catchment,fish|vegetable,GeoNames cities5000 dump; CC BY 4.0,8329635,2023-11-29,geolocated national model-support node,"place and coordinate are external records; node role, sink weight and any later flow are model inputs or estimates, not observed shipments",NF_EDFLOW_geolocated_network_expansion_v1_2_0_2026-08-31
GEO_COD_214925,Democratic Republic of the Congo,COD,Kalima,Kalima,28.21601,-5.4854,PPL,candidate consumer or transit catchment,fish|vegetable,GeoNames cities5000 dump; CC BY 4.0,214925,2023-11-29,geolocated national model-support node,"place and coordinate are external records; node role, sink weight and any later flow are model inputs or estimates, not observed shipments",NF_EDFLOW_geolocated_network_expansion_v1_2_0_2026-08-31
GEO_COD_9946557,Democratic Republic of the Congo,COD,Kituku,Kituku,30.20604,-7.58157,PPL,candidate consumer or transit catchment,fish|vegetable,GeoNames cities5000 dump; CC BY 4.0,9946557,2023-11-29,geolocated national model-support node,"place and coordinate are external records; node role, sink weight and any later flow are model inputs or estimates, not observed shipments",NF_EDFLOW_geolocated_network_expansion_v1_2_0_2026-08-31
GEO_COD_2311127,Democratic Republic of the Congo,COD,Tshela,Tshela,12.9484,-4.99707,PPL,candidate consumer or transit catchment,fish|vegetable,GeoNames cities5000 dump; CC BY 4.0,2311127,2023-11-29,geolocated national model-support node,"place and coordinate are external records; node role, sink weight and any later flow are model inputs or estimates, not observed shipments",NF_EDFLOW_geolocated_network_expansion_v1_2_0_2026-08-31
GEO_COD_2313084,Democratic Republic of the Congo,COD,Mangai,Mangai,19.53385,-4.02328,PPL,candidate consumer or transit catchment,fish|vegetable,GeoNames cities5000 dump; CC BY 4.0,2313084,2023-11-29,geolocated national model-support node,"place and coordinate are external records; node role, sink weight and any later flow are model inputs or estimates, not observed shipments",NF_EDFLOW_geolocated_network_expansion_v1_2_0_2026-08-31
GEO_COD_2314935,Democratic Republic of the Congo,COD,Kenge,Kenge,13.65711,-5.76521,PPL,candidate consumer or transit catchment,fish|vegetable,GeoNames cities5000 dump; CC BY 4.0,2314935,2023-11-29,geolocated national model-support node,"place and coordinate are external records; node role, sink weight and any later flow are model inputs or estimates, not observed shipments",NF_EDFLOW_geolocated_network_expansion_v1_2_0_2026-08-31
GEO_COD_206847,Democratic Republic of the Congo,COD,Nyunzu,Nyunzu,28.01649,-5.95609,PPL,candidate consumer or transit catchment,fish|vegetable,GeoNames cities5000 dump; CC BY 4.0,206847,2023-11-29,geolocated national model-support node,"place and coordinate are external records; node role, sink weight and any later flow are model inputs or estimates, not observed shipments",NF_EDFLOW_geolocated_network_expansion_v1_2_0_2026-08-31
GEO_COD_2311968,Democratic Republic of the Congo,COD,Nioki,Nioki,17.69001,-2.72037,PPL,candidate consumer or transit catchment,fish|vegetable,GeoNames cities5000 dump; CC BY 4.0,2311968,2026-08-30,geolocated national model-support node,"place and coordinate are external records; node role, sink weight and any later flow are model inputs or estimates, not observed shipments",NF_EDFLOW_geolocated_network_expansion_v1_2_0_2026-08-31
GEO_COD_203717,Democratic Republic of the Congo,COD,Yangambi,Yangambi,24.43973,0.76755,PPL,candidate consumer or transit catchment,fish|vegetable,GeoNames cities5000 dump; CC BY 4.0,203717,2023-11-29,geolocated national model-support node,"place and coordinate are external records; node role, sink weight and any later flow are model inputs or estimates, not observed shipments",NF_EDFLOW_geolocated_network_expansion_v1_2_0_2026-08-31
GEO_COD_220448,Democratic Republic of the Congo,COD,Aketi,Aketi,23.78326,2.73877,PPL,candidate consumer or transit catchment,fish|vegetable,GeoNames cities5000 dump; CC BY 4.0,220448,2023-11-29,geolocated national model-support node,"place and coordinate are external records; node role, sink weight and any later flow are model inputs or estimates, not observed shipments",NF_EDFLOW_geolocated_network_expansion_v1_2_0_2026-08-31
GEO_COD_2312249,Democratic Republic of the Congo,COD,Mushie,Mushie,16.92238,-3.01728,PPL,candidate consumer or transit catchment,fish|vegetable,GeoNames cities5000 dump; CC BY 4.0,2312249,2023-11-29,geolocated national model-support node,"place and coordinate are external records; node role, sink weight and any later flow are model inputs or estimates, not observed shipments",NF_EDFLOW_geolocated_network_expansion_v1_2_0_2026-08-31
GEO_COD_2313874,Democratic Republic of the Congo,COD,Kutu,Kutu,18.14756,-2.7249,PPL,candidate consumer or transit catchment,fish|vegetable,GeoNames cities5000 dump; CC BY 4.0,2313874,2023-11-29,geolocated national model-support node,"place and coordinate are external records; node role, sink weight and any later flow are model inputs or estimates, not observed shipments",NF_EDFLOW_geolocated_network_expansion_v1_2_0_2026-08-31
GEO_COD_2316091,Democratic Republic of the Congo,COD,Dibaya-Lubwe,Dibaya-Lubwe,19.8619,-4.15869,PPL,candidate consumer or transit catchment,fish|vegetable,GeoNames cities5000 dump; CC BY 4.0,2316091,2023-11-29,geolocated national model-support node,"place and coordinate are external records; node role, sink weight and any later flow are model inputs or estimates, not observed shipments",NF_EDFLOW_geolocated_network_expansion_v1_2_0_2026-08-31
GEO_COD_11905965,Democratic Republic of the Congo,COD,Mangina,Mangina,29.31004,0.60419,PPL,candidate consumer or transit catchment,fish|vegetable,GeoNames cities5000 dump; CC BY 4.0,11905965,2023-11-29,geolocated national model-support node,"place and coordinate are external records; node role, sink weight and any later flow are model inputs or estimates, not observed shipments",NF_EDFLOW_geolocated_network_expansion_v1_2_0_2026-08-31
GEO_COD_210399,Democratic Republic of the Congo,COD,Luputa,Luputa,23.70057,-7.16177,PPL,candidate consumer or transit catchment,fish|vegetable,GeoNames cities5000 dump; CC BY 4.0,210399,2023-11-29,geolocated national model-support node,"place and coordinate are external records; node role, sink weight and any later flow are model inputs or estimates, not observed shipments",NF_EDFLOW_geolocated_network_expansion_v1_2_0_2026-08-31
GEO_COD_212760,Democratic Republic of the Congo,COD,Kirumba,Kirumba,29.2925,-1.09056,PPL,candidate consumer or transit catchment,fish|vegetable,GeoNames cities5000 dump; CC BY 4.0,212760,2023-11-29,geolocated national model-support node,"place and coordinate are external records; node role, sink weight and any later flow are model inputs or estimates, not observed shipments",NF_EDFLOW_geolocated_network_expansion_v1_2_0_2026-08-31
GEO_COD_213576,Democratic Republic of the Congo,COD,Kayna,Kayna,29.17249,-0.60927,PPL,candidate consumer or transit catchment,fish|vegetable,GeoNames cities5000 dump; CC BY 4.0,213576,2023-11-29,geolocated national model-support node,"place and coordinate are external records; node role, sink weight and any later flow are model inputs or estimates, not observed shipments",NF_EDFLOW_geolocated_network_expansion_v1_2_0_2026-08-31
GEO_COD_923186,Democratic Republic of the Congo,COD,Fungurume,Fungurume,26.32107,-10.61771,PPL,candidate consumer or transit catchment,fish|vegetable,GeoNames cities5000 dump; CC BY 4.0,923186,2023-11-29,geolocated national model-support node,"place and coordinate are external records; node role, sink weight and any later flow are model inputs or estimates, not observed shipments",NF_EDFLOW_geolocated_network_expansion_v1_2_0_2026-08-31
GEO_COD_2310763,Democratic Republic of the Congo,COD,Zongo,Zongo,18.59447,4.34283,PPL,candidate consumer or transit catchment,fish|vegetable,GeoNames cities5000 dump; CC BY 4.0,2310763,2023-11-29,geolocated national model-support node,"place and coordinate are external records; node role, sink weight and any later flow are model inputs or estimates, not observed shipments",NF_EDFLOW_geolocated_network_expansion_v1_2_0_2026-08-31
GEO_COD_217637,Democratic Republic of the Congo,COD,Businga,Businga,20.88577,3.33863,PPL,candidate consumer or transit catchment,fish|vegetable,GeoNames cities5000 dump; CC BY 4.0,217637,2023-11-29,geolocated national model-support node,"place and coordinate are external records; node role, sink weight and any later flow are model inputs or estimates, not observed shipments",NF_EDFLOW_geolocated_network_expansion_v1_2_0_2026-08-31
GEO_COD_204283,Democratic Republic of the Congo,COD,Watsa,Watsa,29.53551,3.03716,PPL,candidate consumer or transit catchment,fish|vegetable,GeoNames cities5000 dump; CC BY 4.0,204283,2023-11-29,geolocated national model-support node,"place and coordinate are external records; node role, sink weight and any later flow are model inputs or estimates, not observed shipments",NF_EDFLOW_geolocated_network_expansion_v1_2_0_2026-08-31
GEO_COD_2316748,Democratic Republic of the Congo,COD,Bolobo,Bolobo,16.23249,-2.158,PPL,candidate consumer or transit catchment,fish|vegetable,GeoNames cities5000 dump; CC BY 4.0,2316748,2023-11-29,geolocated national model-support node,"place and coordinate are external records; node role, sink weight and any later flow are model inputs or estimates, not observed shipments",NF_EDFLOW_geolocated_network_expansion_v1_2_0_2026-08-31
GEO_COD_210674,Democratic Republic of the Congo,COD,Lukula,Lukula,23.88348,-3.86881,PPL,candidate consumer or transit catchment,fish|vegetable,GeoNames cities5000 dump; CC BY 4.0,210674,2023-11-29,geolocated national model-support node,"place and coordinate are external records; node role, sink weight and any later flow are model inputs or estimates, not observed shipments",NF_EDFLOW_geolocated_network_expansion_v1_2_0_2026-08-31
GEO_COD_212795,Democratic Republic of the Congo,COD,Kipamba,Kipamba,26.42036,-8.20591,PPL,candidate consumer or transit catchment,fish|vegetable,GeoNames cities5000 dump; CC BY 4.0,212795,2024-04-20,geolocated national model-support node,"place and coordinate are external records; node role, sink weight and any later flow are model inputs or estimates, not observed shipments",NF_EDFLOW_geolocated_network_expansion_v1_2_0_2026-08-31
GEO_COD_2313011,Democratic Republic of the Congo,COD,Masi-Manimba,Masi-Manimba,17.89095,-4.77549,PPL,candidate consumer or transit catchment,fish|vegetable,GeoNames cities5000 dump; CC BY 4.0,2313011,2023-11-29,geolocated national model-support node,"place and coordinate are external records; node role, sink weight and any later flow are model inputs or estimates, not observed shipments",NF_EDFLOW_geolocated_network_expansion_v1_2_0_2026-08-31
GEO_COD_220223,Democratic Republic of the Congo,COD,Aru,Aru,30.84138,2.86218,PPL,candidate consumer or transit catchment,fish|vegetable,GeoNames cities5000 dump; CC BY 4.0,220223,2023-11-29,geolocated national model-support node,"place and coordinate are external records; node role, sink weight and any later flow are model inputs or estimates, not observed shipments",NF_EDFLOW_geolocated_network_expansion_v1_2_0_2026-08-31
GEO_COD_210939,Democratic Republic of the Congo,COD,Luebo,Luebo,21.42192,-5.35218,PPL,candidate consumer or transit catchment,fish|vegetable,GeoNames cities5000 dump; CC BY 4.0,210939,2024-02-08,geolocated national model-support node,"place and coordinate are external records; node role, sink weight and any later flow are model inputs or estimates, not observed shipments",NF_EDFLOW_geolocated_network_expansion_v1_2_0_2026-08-31
GEO_COD_2315057,Democratic Republic of the Congo,COD,Kasangulu,Kasangulu,15.16554,-4.5833,PPL,candidate consumer or transit catchment,fish|vegetable,GeoNames cities5000 dump; CC BY 4.0,2315057,2023-11-29,geolocated national model-support node,"place and coordinate are external records; node role, sink weight and any later flow are model inputs or estimates, not observed shipments",NF_EDFLOW_geolocated_network_expansion_v1_2_0_2026-08-31
GEO_COD_208725,Democratic Republic of the Congo,COD,Mangbwalu,Mangbwalu,30.03861,1.94468,PPL,candidate consumer or transit catchment,fish|vegetable,GeoNames cities5000 dump; CC BY 4.0,208725,2023-11-29,geolocated national model-support node,"place and coordinate are external records; node role, sink weight and any later flow are model inputs or estimates, not observed shipments",NF_EDFLOW_geolocated_network_expansion_v1_2_0_2026-08-31
GEO_COD_214297,Democratic Republic of the Congo,COD,Kanyobagonga,Kanyobagonga,29.17181,-0.69978,PPL,candidate consumer or transit catchment,fish|vegetable,GeoNames cities5000 dump; CC BY 4.0,214297,2023-11-29,geolocated national model-support node,"place and coordinate are external records; node role, sink weight and any later flow are model inputs or estimates, not observed shipments",NF_EDFLOW_geolocated_network_expansion_v1_2_0_2026-08-31
GEO_COD_215558,Democratic Republic of the Congo,COD,Kabeya-Kamwanga,Kabeya-Kamwanga,23.25386,-5.9988,PPL,candidate consumer or transit catchment,fish|vegetable,GeoNames cities5000 dump; CC BY 4.0,215558,2023-11-29,geolocated national model-support node,"place and coordinate are external records; node role, sink weight and any later flow are model inputs or estimates, not observed shipments",NF_EDFLOW_geolocated_network_expansion_v1_2_0_2026-08-31
GEO_COD_922597,Democratic Republic of the Congo,COD,Malemba,Malemba,24.54516,-10.37812,PPL,candidate consumer or transit catchment,fish|vegetable,GeoNames cities5000 dump; CC BY 4.0,922597,2023-11-29,geolocated national model-support node,"place and coordinate are external records; node role, sink weight and any later flow are model inputs or estimates, not observed shipments",NF_EDFLOW_geolocated_network_expansion_v1_2_0_2026-08-31
GEO_COD_213851,Democratic Republic of the Congo,COD,Katanda,Katanda,29.36451,-0.82535,PPL,candidate consumer or transit catchment,fish|vegetable,GeoNames cities5000 dump; CC BY 4.0,213851,2023-11-29,geolocated national model-support node,"place and coordinate are external records; node role, sink weight and any later flow are model inputs or estimates, not observed shipments",NF_EDFLOW_geolocated_network_expansion_v1_2_0_2026-08-31
GEO_COD_211069,Democratic Republic of the Congo,COD,Lubero,Lubero,29.23859,-0.15837,PPL,candidate consumer or transit catchment,fish|vegetable,GeoNames cities5000 dump; CC BY 4.0,211069,2023-11-29,geolocated national model-support node,"place and coordinate are external records; node role, sink weight and any later flow are model inputs or estimates, not observed shipments",NF_EDFLOW_geolocated_network_expansion_v1_2_0_2026-08-31
GEO_COD_217100,Democratic Republic of the Congo,COD,Djugu,Djugu,30.50257,1.91932,PPL,candidate consumer or transit catchment,fish|vegetable,GeoNames cities5000 dump; CC BY 4.0,217100,2023-11-29,geolocated national model-support node,"place and coordinate are external records; node role, sink weight and any later flow are model inputs or estimates, not observed shipments",NF_EDFLOW_geolocated_network_expansion_v1_2_0_2026-08-31
GEO_COD_2317285,Democratic Republic of the Congo,COD,Basankusu,Basankusu,19.80205,1.22095,PPL,candidate consumer or transit catchment,fish|vegetable,GeoNames cities5000 dump; CC BY 4.0,2317285,2023-11-29,geolocated national model-support node,"place and coordinate are external records; node role, sink weight and any later flow are model inputs or estimates, not observed shipments",NF_EDFLOW_geolocated_network_expansion_v1_2_0_2026-08-31
GEO_COD_2315961,Democratic Republic of the Congo,COD,Dungu,Dungu,18.84943,-3.62437,PPL,candidate consumer or transit catchment,fish|vegetable,GeoNames cities5000 dump; CC BY 4.0,2315961,2023-11-29,geolocated national model-support node,"place and coordinate are external records; node role, sink weight and any later flow are model inputs or estimates, not observed shipments",NF_EDFLOW_geolocated_network_expansion_v1_2_0_2026-08-31
GEO_COD_206113,Democratic Republic of the Congo,COD,Pweto,Pweto,28.90079,-8.46604,PPL,candidate consumer or transit catchment,fish|vegetable,GeoNames cities5000 dump; CC BY 4.0,206113,2023-11-29,geolocated national model-support node,"place and coordinate are external records; node role, sink weight and any later flow are model inputs or estimates, not observed shipments",NF_EDFLOW_geolocated_network_expansion_v1_2_0_2026-08-31
GEO_COD_211098,Democratic Republic of the Congo,COD,Lubao,Lubao,25.74885,-5.38771,PPL,candidate consumer or transit catchment,fish|vegetable,GeoNames cities5000 dump; CC BY 4.0,211098,2023-11-29,geolocated national model-support node,"place and coordinate are external records; node role, sink weight and any later flow are model inputs or estimates, not observed shipments",NF_EDFLOW_geolocated_network_expansion_v1_2_0_2026-08-31
GEO_COD_2313762,Democratic Republic of the Congo,COD,Libenge,Libenge,18.63566,3.65332,PPL,candidate consumer or transit catchment,fish|vegetable,GeoNames cities5000 dump; CC BY 4.0,2313762,2023-11-29,geolocated national model-support node,"place and coordinate are external records; node role, sink weight and any later flow are model inputs or estimates, not observed shipments",NF_EDFLOW_geolocated_network_expansion_v1_2_0_2026-08-31
GEO_COD_214575,Democratic Republic of the Congo,COD,Kampene,Kampene,26.66715,-3.59678,PPL,candidate consumer or transit catchment,fish|vegetable,GeoNames cities5000 dump; CC BY 4.0,214575,2021-09-10,geolocated national model-support node,"place and coordinate are external records; node role, sink weight and any later flow are model inputs or estimates, not observed shipments",NF_EDFLOW_geolocated_network_expansion_v1_2_0_2026-08-31
GEO_COD_215605,Democratic Republic of the Congo,COD,Kabare,Kabare,28.79081,-2.49682,PPL,candidate consumer or transit catchment,fish|vegetable,GeoNames cities5000 dump; CC BY 4.0,215605,2021-09-10,geolocated national model-support node,"place and coordinate are external records; node role, sink weight and any later flow are model inputs or estimates, not observed shipments",NF_EDFLOW_geolocated_network_expansion_v1_2_0_2026-08-31
GEO_COD_922559,Democratic Republic of the Congo,COD,Mokambo,Mokambo,28.34684,-12.42765,PPL,candidate consumer or transit catchment,fish|vegetable,GeoNames cities5000 dump; CC BY 4.0,922559,2023-11-29,geolocated national model-support node,"place and coordinate are external records; node role, sink weight and any later flow are model inputs or estimates, not observed shipments",NF_EDFLOW_geolocated_network_expansion_v1_2_0_2026-08-31
GEO_COD_209856,Democratic Republic of the Congo,COD,Malemba-Nkulu,Malemba-Nkulu,26.79625,-8.04475,PPL,candidate consumer or transit catchment,fish|vegetable,GeoNames cities5000 dump; CC BY 4.0,209856,2024-04-08,geolocated national model-support node,"place and coordinate are external records; node role, sink weight and any later flow are model inputs or estimates, not observed shipments",NF_EDFLOW_geolocated_network_expansion_v1_2_0_2026-08-31
GEO_COD_206289,Democratic Republic of the Congo,COD,Pepa,Pepa,29.7772,-7.69811,PPL,candidate consumer or transit catchment,fish|vegetable,GeoNames cities5000 dump; CC BY 4.0,206289,2026-02-09,geolocated national model-support node,"place and coordinate are external records; node role, sink weight and any later flow are model inputs or estimates, not observed shipments",NF_EDFLOW_geolocated_network_expansion_v1_2_0_2026-08-31
GEO_COD_217389,Democratic Republic of the Congo,COD,Demba,Demba,22.26962,-5.49573,PPL,candidate consumer or transit catchment,fish|vegetable,GeoNames cities5000 dump; CC BY 4.0,217389,2021-09-10,geolocated national model-support node,"place and coordinate are external records; node role, sink weight and any later flow are model inputs or estimates, not observed shipments",NF_EDFLOW_geolocated_network_expansion_v1_2_0_2026-08-31
GEO_COD_2315026,Democratic Republic of the Congo,COD,Kasongo-Lunda,Kasongo-Lunda,16.81735,-6.47833,PPL,candidate consumer or transit catchment,fish|vegetable,GeoNames cities5000 dump; CC BY 4.0,2315026,2021-09-10,geolocated national model-support node,"place and coordinate are external records; node role, sink weight and any later flow are model inputs or estimates, not observed shipments",NF_EDFLOW_geolocated_network_expansion_v1_2_0_2026-08-31
GEO_COD_218253,Democratic Republic of the Congo,COD,Bondo,Bondo,23.68665,3.81461,PPL,candidate consumer or transit catchment,fish|vegetable,GeoNames cities5000 dump; CC BY 4.0,218253,2023-01-20,geolocated national model-support node,"place and coordinate are external records; node role, sink weight and any later flow are model inputs or estimates, not observed shipments",NF_EDFLOW_geolocated_network_expansion_v1_2_0_2026-08-31
GEO_COD_204318,Democratic Republic of the Congo,COD,Wamba,Wamba,27.99466,2.14838,PPL,candidate consumer or transit catchment,fish|vegetable,GeoNames cities5000 dump; CC BY 4.0,204318,2021-09-10,geolocated national model-support node,"place and coordinate are external records; node role, sink weight and any later flow are model inputs or estimates, not observed shipments",NF_EDFLOW_geolocated_network_expansion_v1_2_0_2026-08-31
GEO_COD_205970,Democratic Republic of the Congo,COD,Sake,Sake,29.04339,-1.57386,PPL,candidate consumer or transit catchment,fish|vegetable,GeoNames cities5000 dump; CC BY 4.0,205970,2021-09-10,geolocated national model-support node,"place and coordinate are external records; node role, sink weight and any later flow are model inputs or estimates, not observed shipments",NF_EDFLOW_geolocated_network_expansion_v1_2_0_2026-08-31
GEO_COD_2313371,Democratic Republic of the Congo,COD,Lukolela,Lukolela,17.1821,-1.06046,PPL,candidate consumer or transit catchment,fish|vegetable,GeoNames cities5000 dump; CC BY 4.0,2313371,2021-09-10,geolocated national model-support node,"place and coordinate are external records; node role, sink weight and any later flow are model inputs or estimates, not observed shipments",NF_EDFLOW_geolocated_network_expansion_v1_2_0_2026-08-31
GEO_COD_2316473,Democratic Republic of the Congo,COD,Bosobolo,Bosobolo,19.8833,4.1898,PPL,candidate consumer or transit catchment,fish|vegetable,GeoNames cities5000 dump; CC BY 4.0,2316473,2021-09-10,geolocated national model-support node,"place and coordinate are external records; node role, sink weight and any later flow are model inputs or estimates, not observed shipments",NF_EDFLOW_geolocated_network_expansion_v1_2_0_2026-08-31
GEO_COD_215814,Democratic Republic of the Congo,COD,Isamba,Isamba,21.98333,-4.03333,PPL,candidate consumer or transit catchment,fish|vegetable,GeoNames cities5000 dump; CC BY 4.0,215814,2023-08-17,geolocated national model-support node,"place and coordinate are external records; node role, sink weight and any later flow are model inputs or estimates, not observed shipments",NF_EDFLOW_geolocated_network_expansion_v1_2_0_2026-08-31
GEO_COG_2260535,Republic of the Congo,COG,Brazzaville,Brazzaville,15.28318,-4.26613,PPLC,major national hub,fish|vegetable,GeoNames cities5000 dump; CC BY 4.0,2260535,2025-10-31,geolocated national model-support node,"place and coordinate are external records; node role, sink weight and any later flow are model inputs or estimates, not observed shipments",NF_EDFLOW_geolocated_network_expansion_v1_2_0_2026-08-31
GEO_COG_2255414,Republic of the Congo,COG,Pointe-Noire,Pointe-Noire,11.86352,-4.77609,PPLA,major national hub,fish|vegetable,GeoNames cities5000 dump; CC BY 4.0,2255414,2026-04-13,geolocated national model-support node,"place and coordinate are external records; node role, sink weight and any later flow are model inputs or estimates, not observed shipments",NF_EDFLOW_geolocated_network_expansion_v1_2_0_2026-08-31
GEO_COG_2258261,Republic of the Congo,COG,Dolisie,Dolisie,12.66664,-4.19834,PPLA,major national hub,fish|vegetable,GeoNames cities5000 dump; CC BY 4.0,2258261,2026-04-13,geolocated national model-support node,"place and coordinate are external records; node role, sink weight and any later flow are model inputs or estimates, not observed shipments",NF_EDFLOW_geolocated_network_expansion_v1_2_0_2026-08-31
GEO_COG_8521334,Republic of the Congo,COG,Nkayi,Nkayi,13.2859,-4.18396,PPLA2,major national hub,fish|vegetable,GeoNames cities5000 dump; CC BY 4.0,8521334,2023-11-29,geolocated national model-support node,"place and coordinate are external records; node role, sink weight and any later flow are model inputs or estimates, not observed shipments",NF_EDFLOW_geolocated_network_expansion_v1_2_0_2026-08-31
GEO_COG_2259655,Republic of the Congo,COG,Impfondo,Impfondo,18.05981,1.61804,PPLA,major national hub,fish|vegetable,GeoNames cities5000 dump; CC BY 4.0,2259655,2026-04-13,geolocated national model-support node,"place and coordinate are external records; node role, sink weight and any later flow are model inputs or estimates, not observed shipments",NF_EDFLOW_geolocated_network_expansion_v1_2_0_2026-08-31
GEO_COG_2255564,Republic of the Congo,COG,Ouesso,Ouesso,16.05167,1.61361,PPLA,candidate consumer or transit catchment,fish|vegetable,GeoNames cities5000 dump; CC BY 4.0,2255564,2026-08-11,geolocated national model-support node,"place and coordinate are external records; node role, sink weight and any later flow are model inputs or estimates, not observed shipments",NF_EDFLOW_geolocated_network_expansion_v1_2_0_2026-08-31
GEO_COG_2255542,Republic of the Congo,COG,Owando,Owando,15.89988,-0.48193,PPLA,candidate consumer or transit catchment,fish|vegetable,GeoNames cities5000 dump; CC BY 4.0,2255542,2026-04-13,geolocated national model-support node,"place and coordinate are external records; node role, sink weight and any later flow are model inputs or estimates, not observed shipments",NF_EDFLOW_geolocated_network_expansion_v1_2_0_2026-08-31
GEO_COG_2255285,Republic of the Congo,COG,Sibiti,Sibiti,13.34985,-3.68192,PPLA,candidate consumer or transit catchment,fish|vegetable,GeoNames cities5000 dump; CC BY 4.0,2255285,2026-04-13,geolocated national model-support node,"place and coordinate are external records; node role, sink weight and any later flow are model inputs or estimates, not observed shipments",NF_EDFLOW_geolocated_network_expansion_v1_2_0_2026-08-31
GEO_COG_2260401,Republic of the Congo,COG,Djambala,Djambala,14.75333,-2.54472,PPLA,candidate consumer or transit catchment,fish|vegetable,GeoNames cities5000 dump; CC BY 4.0,2260401,2026-08-11,geolocated national model-support node,"place and coordinate are external records; node role, sink weight and any later flow are model inputs or estimates, not observed shipments",NF_EDFLOW_geolocated_network_expansion_v1_2_0_2026-08-31
GEO_COG_2258984,Republic of the Congo,COG,Kinkala,Kinkala,14.76465,-4.35859,PPLA,candidate consumer or transit catchment,fish|vegetable,GeoNames cities5000 dump; CC BY 4.0,2258984,2026-08-11,geolocated national model-support node,"place and coordinate are external records; node role, sink weight and any later flow are model inputs or estimates, not observed shipments",NF_EDFLOW_geolocated_network_expansion_v1_2_0_2026-08-31
GEO_COG_2260009,Republic of the Congo,COG,Ewo,Ewo,14.81648,-0.87465,PPLA,candidate consumer or transit catchment,fish|vegetable,GeoNames cities5000 dump; CC BY 4.0,2260009,2026-08-11,geolocated national model-support node,"place and coordinate are external records; node role, sink weight and any later flow are model inputs or estimates, not observed shipments",NF_EDFLOW_geolocated_network_expansion_v1_2_0_2026-08-31
GEO_COG_2260409,Republic of the Congo,COG,Divenié,Divenie,12.0297,-2.70669,PPLA2,candidate consumer or transit catchment,fish|vegetable,GeoNames cities5000 dump; CC BY 4.0,2260409,2026-08-11,geolocated national model-support node,"place and coordinate are external records; node role, sink weight and any later flow are model inputs or estimates, not observed shipments",NF_EDFLOW_geolocated_network_expansion_v1_2_0_2026-08-31
GEO_COG_2257990,Republic of the Congo,COG,Madingou,Madingou,13.55,-4.15361,PPLA,candidate consumer or transit catchment,fish|vegetable,GeoNames cities5000 dump; CC BY 4.0,2257990,2026-08-11,geolocated national model-support node,"place and coordinate are external records; node role, sink weight and any later flow are model inputs or estimates, not observed shipments",NF_EDFLOW_geolocated_network_expansion_v1_2_0_2026-08-31
GEO_COG_2258375,Republic of the Congo,COG,Loango,Loango,11.81032,-4.65602,PPLA,candidate consumer or transit catchment,fish|vegetable,GeoNames cities5000 dump; CC BY 4.0,2258375,2026-04-13,geolocated national model-support node,"place and coordinate are external records; node role, sink weight and any later flow are model inputs or estimates, not observed shipments",NF_EDFLOW_geolocated_network_expansion_v1_2_0_2026-08-31
GEO_COG_2259383,Republic of the Congo,COG,Kayes,Kayes,13.28608,-4.20493,PPL,candidate consumer or transit catchment,fish|vegetable,GeoNames cities5000 dump; CC BY 4.0,2259383,2013-04-13,geolocated national model-support node,"place and coordinate are external records; node role, sink weight and any later flow are model inputs or estimates, not observed shipments",NF_EDFLOW_geolocated_network_expansion_v1_2_0_2026-08-31
GEO_COG_2258080,Republic of the Congo,COG,Loutété,Loutete,13.85083,-4.29611,PPL,candidate consumer or transit catchment,fish|vegetable,GeoNames cities5000 dump; CC BY 4.0,2258080,2023-11-29,geolocated national model-support node,"place and coordinate are external records; node role, sink weight and any later flow are model inputs or estimates, not observed shipments",NF_EDFLOW_geolocated_network_expansion_v1_2_0_2026-08-31
GEO_COG_2258604,Republic of the Congo,COG,Bouansa,Bouansa,13.76167,-4.21861,PPL,candidate consumer or transit catchment,fish|vegetable,GeoNames cities5000 dump; CC BY 4.0,2258604,2023-11-29,geolocated national model-support node,"place and coordinate are external records; node role, sink weight and any later flow are model inputs or estimates, not observed shipments",NF_EDFLOW_geolocated_network_expansion_v1_2_0_2026-08-31
GEO_COG_2259947,Republic of the Congo,COG,Gamboma,Gamboma,15.86444,-1.87639,PPL,candidate consumer or transit catchment,fish|vegetable,GeoNames cities5000 dump; CC BY 4.0,2259947,2025-10-14,geolocated national model-support node,"place and coordinate are external records; node role, sink weight and any later flow are model inputs or estimates, not observed shipments",NF_EDFLOW_geolocated_network_expansion_v1_2_0_2026-08-31
GEO_COG_2258378,Republic of the Congo,COG,Loandjili,Loandjili,11.85778,-4.75611,PPL,candidate consumer or transit catchment,fish|vegetable,GeoNames cities5000 dump; CC BY 4.0,2258378,2019-01-09,geolocated national model-support node,"place and coordinate are external records; node role, sink weight and any later flow are model inputs or estimates, not observed shipments",NF_EDFLOW_geolocated_network_expansion_v1_2_0_2026-08-31
GEO_COG_2256900,Republic of the Congo,COG,Mossaka,Mossaka,16.79921,-1.21982,PPL,candidate consumer or transit catchment,fish|vegetable,GeoNames cities5000 dump; CC BY 4.0,2256900,2023-11-29,geolocated national model-support node,"place and coordinate are external records; node role, sink weight and any later flow are model inputs or estimates, not observed shipments",NF_EDFLOW_geolocated_network_expansion_v1_2_0_2026-08-31
GEO_COG_2565524,Republic of the Congo,COG,Mindouli,Mindouli,18.51111,3.10278,PPL,candidate consumer or transit catchment,fish|vegetable,GeoNames cities5000 dump; CC BY 4.0,2565524,2023-11-29,geolocated national model-support node,"place and coordinate are external records; node role, sink weight and any later flow are model inputs or estimates, not observed shipments",NF_EDFLOW_geolocated_network_expansion_v1_2_0_2026-08-31
GEO_COG_2569660,Republic of the Congo,COG,Oyo,Oyo,15.97,-1.165,PPL,candidate consumer or transit catchment,fish|vegetable,GeoNames cities5000 dump; CC BY 4.0,2569660,2023-11-29,geolocated national model-support node,"place and coordinate are external records; node role, sink weight and any later flow are model inputs or estimates, not observed shipments",NF_EDFLOW_geolocated_network_expansion_v1_2_0_2026-08-31
GEO_COG_2257879,Republic of the Congo,COG,Makoua,Makoua,15.63333,0.00694,PPL,candidate consumer or transit catchment,fish|vegetable,GeoNames cities5000 dump; CC BY 4.0,2257879,2023-11-29,geolocated national model-support node,"place and coordinate are external records; node role, sink weight and any later flow are model inputs or estimates, not observed shipments",NF_EDFLOW_geolocated_network_expansion_v1_2_0_2026-08-31
GEO_COG_2258248,Republic of the Congo,COG,Loudima,Loudima,13.06755,-4.11616,PPL,candidate consumer or transit catchment,fish|vegetable,GeoNames cities5000 dump; CC BY 4.0,2258248,2023-11-29,geolocated national model-support node,"place and coordinate are external records; node role, sink weight and any later flow are model inputs or estimates, not observed shipments",NF_EDFLOW_geolocated_network_expansion_v1_2_0_2026-08-31
GEO_COG_2256895,Republic of the Congo,COG,Mossendjo,Mossendjo,12.70423,-2.94968,PPL,candidate consumer or transit catchment,fish|vegetable,GeoNames cities5000 dump; CC BY 4.0,2256895,2023-11-29,geolocated national model-support node,"place and coordinate are external records; node role, sink weight and any later flow are model inputs or estimates, not observed shipments",NF_EDFLOW_geolocated_network_expansion_v1_2_0_2026-08-31
GEO_COG_2257329,Republic of the Congo,COG,Mouyondzi,Mouyondzi,13.92719,-3.99437,PPL,candidate consumer or transit catchment,fish|vegetable,GeoNames cities5000 dump; CC BY 4.0,2257329,2023-11-29,geolocated national model-support node,"place and coordinate are external records; node role, sink weight and any later flow are model inputs or estimates, not observed shipments",NF_EDFLOW_geolocated_network_expansion_v1_2_0_2026-08-31
GEO_COG_2260945,Republic of the Congo,COG,Bétou,Betou,18.51722,3.055,PPL,candidate consumer or transit catchment,fish|vegetable,GeoNames cities5000 dump; CC BY 4.0,2260945,2023-11-29,geolocated national model-support node,"place and coordinate are external records; node role, sink weight and any later flow are model inputs or estimates, not observed shipments",NF_EDFLOW_geolocated_network_expansion_v1_2_0_2026-08-31
GEO_COG_2565574,Republic of the Congo,COG,Pokola,Pokola,16.31833,1.405,PPL,candidate consumer or transit catchment,fish|vegetable,GeoNames cities5000 dump; CC BY 4.0,2565574,2023-11-29,geolocated national model-support node,"place and coordinate are external records; node role, sink weight and any later flow are model inputs or estimates, not observed shipments",NF_EDFLOW_geolocated_network_expansion_v1_2_0_2026-08-31
GEO_COG_2256294,Republic of the Congo,COG,Ngo,Ngo,15.75556,-2.48722,PPL,candidate consumer or transit catchment,fish|vegetable,GeoNames cities5000 dump; CC BY 4.0,2256294,2023-11-29,geolocated national model-support node,"place and coordinate are external records; node role, sink weight and any later flow are model inputs or estimates, not observed shipments",NF_EDFLOW_geolocated_network_expansion_v1_2_0_2026-08-31
GEO_COG_2257925,Republic of the Congo,COG,Makabana,Makabana,12.60556,-3.46333,PPL,candidate consumer or transit catchment,fish|vegetable,GeoNames cities5000 dump; CC BY 4.0,2257925,2023-11-29,geolocated national model-support node,"place and coordinate are external records; node role, sink weight and any later flow are model inputs or estimates, not observed shipments",NF_EDFLOW_geolocated_network_expansion_v1_2_0_2026-08-31
GEO_COM_921772,Comoros,COM,Moroni,Moroni,43.25506,-11.70216,PPLC,major national hub,fish|vegetable,GeoNames cities5000 dump; CC BY 4.0,921772,2023-11-29,geolocated national model-support node,"place and coordinate are external records; node role, sink weight and any later flow are model inputs or estimates, not observed shipments",NF_EDFLOW_geolocated_network_expansion_v1_2_0_2026-08-31
GEO_COM_921753,Comoros,COM,Moutsamoudou,Moutsamoudou,44.39944,-12.16672,PPLA,major national hub,fish|vegetable,GeoNames cities5000 dump; CC BY 4.0,921753,2026-04-14,geolocated national model-support node,"place and coordinate are external records; node role, sink weight and any later flow are model inputs or estimates, not observed shipments",NF_EDFLOW_geolocated_network_expansion_v1_2_0_2026-08-31
GEO_COM_921889,Comoros,COM,Fomboni,Fomboni,43.74344,-12.28759,PPLA,major national hub,fish|vegetable,GeoNames cities5000 dump; CC BY 4.0,921889,2026-04-14,geolocated national model-support node,"place and coordinate are external records; node role, sink weight and any later flow are model inputs or estimates, not observed shipments",NF_EDFLOW_geolocated_network_expansion_v1_2_0_2026-08-31
GEO_COM_921664,Comoros,COM,Tsimbeo,Tsimbeo,44.46472,-12.20583,PPL,major national hub,fish|vegetable,GeoNames cities5000 dump; CC BY 4.0,921664,2026-08-30,geolocated national model-support node,"place and coordinate are external records; node role, sink weight and any later flow are model inputs or estimates, not observed shipments",NF_EDFLOW_geolocated_network_expansion_v1_2_0_2026-08-31
GEO_COM_921906,Comoros,COM,Domoni,Domoni,44.52947,-12.26067,PPL,major national hub,fish|vegetable,GeoNames cities5000 dump; CC BY 4.0,921906,2026-08-30,geolocated national model-support node,"place and coordinate are external records; node role, sink weight and any later flow are model inputs or estimates, not observed shipments",NF_EDFLOW_geolocated_network_expansion_v1_2_0_2026-08-31
GEO_COM_1091117,Comoros,COM,Mirontsi,Mirontsi,44.40986,-12.1604,PPL,candidate consumer or transit catchment,fish|vegetable,GeoNames cities5000 dump; CC BY 4.0,1091117,2023-11-29,geolocated national model-support node,"place and coordinate are external records; node role, sink weight and any later flow are model inputs or estimates, not observed shipments",NF_EDFLOW_geolocated_network_expansion_v1_2_0_2026-08-31
GEO_COM_1091401,Comoros,COM,Adda-Douéni,Adda-Doueni,44.49722,-12.2925,PPL,candidate consumer or transit catchment,fish|vegetable,GeoNames cities5000 dump; CC BY 4.0,1091401,2020-06-14,geolocated national model-support node,"place and coordinate are external records; node role, sink weight and any later flow are model inputs or estimates, not observed shipments",NF_EDFLOW_geolocated_network_expansion_v1_2_0_2026-08-31
GEO_COM_921721,Comoros,COM,Ouani,Ouani,44.42493,-12.13554,PPL,candidate consumer or transit catchment,fish|vegetable,GeoNames cities5000 dump; CC BY 4.0,921721,2023-11-29,geolocated national model-support node,"place and coordinate are external records; node role, sink weight and any later flow are model inputs or estimates, not observed shipments",NF_EDFLOW_geolocated_network_expansion_v1_2_0_2026-08-31
GEO_COM_1091669,Comoros,COM,Nkourani,Nkourani,43.28806,-11.38972,PPL,candidate consumer or transit catchment,fish|vegetable,GeoNames cities5000 dump; CC BY 4.0,1091669,2026-01-13,geolocated national model-support node,"place and coordinate are external records; node role, sink weight and any later flow are model inputs or estimates, not observed shipments",NF_EDFLOW_geolocated_network_expansion_v1_2_0_2026-08-31
GEO_COM_921675,Comoros,COM,Sima,Sima,44.27667,-12.19556,PPL,candidate consumer or transit catchment,fish|vegetable,GeoNames cities5000 dump; CC BY 4.0,921675,2023-11-29,geolocated national model-support node,"place and coordinate are external records; node role, sink weight and any later flow are model inputs or estimates, not observed shipments",NF_EDFLOW_geolocated_network_expansion_v1_2_0_2026-08-31
GEO_COM_921834,Comoros,COM,Koni-Djodjo,Koni-Djodjo,44.48167,-12.22972,PPL,candidate consumer or transit catchment,fish|vegetable,GeoNames cities5000 dump; CC BY 4.0,921834,2020-06-14,geolocated national model-support node,"place and coordinate are external records; node role, sink weight and any later flow are model inputs or estimates, not observed shipments",NF_EDFLOW_geolocated_network_expansion_v1_2_0_2026-08-31
GEO_COM_921764,Comoros,COM,Moya,Moya,44.43685,-12.30967,PPL,candidate consumer or transit catchment,fish|vegetable,GeoNames cities5000 dump; CC BY 4.0,921764,2019-08-07,geolocated national model-support node,"place and coordinate are external records; node role, sink weight and any later flow are model inputs or estimates, not observed shipments",NF_EDFLOW_geolocated_network_expansion_v1_2_0_2026-08-31
GEO_COM_1091088,Comoros,COM,Barakani,Barakani,44.43026,-12.13861,PPLX,candidate consumer or transit catchment,fish|vegetable,GeoNames cities5000 dump; CC BY 4.0,1091088,2013-10-12,geolocated national model-support node,"place and coordinate are external records; node role, sink weight and any later flow are model inputs or estimates, not observed shipments",NF_EDFLOW_geolocated_network_expansion_v1_2_0_2026-08-31
GEO_COM_921946,Comoros,COM,Chandra,Chandra,44.46472,-12.195,PPL,candidate consumer or transit catchment,fish|vegetable,GeoNames cities5000 dump; CC BY 4.0,921946,2012-01-18,geolocated national model-support node,"place and coordinate are external records; node role, sink weight and any later flow are model inputs or estimates, not observed shipments",NF_EDFLOW_geolocated_network_expansion_v1_2_0_2026-08-31
GEO_COM_921719,Comoros,COM,Ouellah,Ouellah,43.33194,-11.39028,PPL,candidate consumer or transit catchment,fish|vegetable,GeoNames cities5000 dump; CC BY 4.0,921719,2017-08-09,geolocated national model-support node,"place and coordinate are external records; node role, sink weight and any later flow are model inputs or estimates, not observed shipments",NF_EDFLOW_geolocated_network_expansion_v1_2_0_2026-08-31
GEO_COM_1092369,Comoros,COM,Ikoni,Ikoni,43.2371,-11.74487,PPL,candidate consumer or transit catchment,fish|vegetable,GeoNames cities5000 dump; CC BY 4.0,1092369,2023-12-02,geolocated national model-support node,"place and coordinate are external records; node role, sink weight and any later flow are model inputs or estimates, not observed shipments",NF_EDFLOW_geolocated_network_expansion_v1_2_0_2026-08-31
GEO_COM_921762,Comoros,COM,Mrémani,Mremani,44.49861,-12.30833,PPL,candidate consumer or transit catchment,fish|vegetable,GeoNames cities5000 dump; CC BY 4.0,921762,2023-11-29,geolocated national model-support node,"place and coordinate are external records; node role, sink weight and any later flow are model inputs or estimates, not observed shipments",NF_EDFLOW_geolocated_network_expansion_v1_2_0_2026-08-31
GEO_COM_921806,Comoros,COM,Mbéni,Mbeni,43.3775,-11.50139,PPL,candidate consumer or transit catchment,fish|vegetable,GeoNames cities5000 dump; CC BY 4.0,921806,2023-11-29,geolocated national model-support node,"place and coordinate are external records; node role, sink weight and any later flow are model inputs or estimates, not observed shipments",NF_EDFLOW_geolocated_network_expansion_v1_2_0_2026-08-31
GEO_COM_921763,Comoros,COM,Mramani,Mramani,44.52861,-12.34639,PPL,candidate consumer or transit catchment,fish|vegetable,GeoNames cities5000 dump; CC BY 4.0,921763,2026-08-30,geolocated national model-support node,"place and coordinate are external records; node role, sink weight and any later flow are model inputs or estimates, not observed shipments",NF_EDFLOW_geolocated_network_expansion_v1_2_0_2026-08-31
GEO_CPV_3374333,Cabo Verde,CPV,Praia,Praia,-23.51254,14.93152,PPLC,major national hub,fish|vegetable,GeoNames cities5000 dump; CC BY 4.0,3374333,2026-07-01,geolocated national model-support node,"place and coordinate are external records; node role, sink weight and any later flow are model inputs or estimates, not observed shipments",NF_EDFLOW_geolocated_network_expansion_v1_2_0_2026-08-31
GEO_CPV_3374462,Cabo Verde,CPV,Mindelo,Mindelo,-24.98042,16.89014,PPLA,major national hub,fish|vegetable,GeoNames cities5000 dump; CC BY 4.0,3374462,2026-06-24,geolocated national model-support node,"place and coordinate are external records; node role, sink weight and any later flow are model inputs or estimates, not observed shipments",NF_EDFLOW_geolocated_network_expansion_v1_2_0_2026-08-31
GEO_CPV_8521418,Cabo Verde,CPV,Espargos,Espargos,-22.9446,16.75524,PPLA,major national hub,fish|vegetable,GeoNames cities5000 dump; CC BY 4.0,8521418,2026-06-18,geolocated national model-support node,"place and coordinate are external records; node role, sink weight and any later flow are model inputs or estimates, not observed shipments",NF_EDFLOW_geolocated_network_expansion_v1_2_0_2026-08-31
GEO_CPV_3374888,Cabo Verde,CPV,Assomada,Assomada,-23.68333,15.1,PPLA,major national hub,fish|vegetable,GeoNames cities5000 dump; CC BY 4.0,3374888,2026-07-01,geolocated national model-support node,"place and coordinate are external records; node role, sink weight and any later flow are model inputs or estimates, not observed shipments",NF_EDFLOW_geolocated_network_expansion_v1_2_0_2026-08-31
GEO_CPV_3374166,Cabo Verde,CPV,Tarrafal,Tarrafal,-23.75192,15.27881,PPLA,major national hub,fish|vegetable,GeoNames cities5000 dump; CC BY 4.0,3374166,2026-06-15,geolocated national model-support node,"place and coordinate are external records; node role, sink weight and any later flow are model inputs or estimates, not observed shipments",NF_EDFLOW_geolocated_network_expansion_v1_2_0_2026-08-31
GEO_CPV_3374336,Cabo Verde,CPV,Porto Novo,Porto Novo,-25.06471,17.01969,PPLA,candidate consumer or transit catchment,fish|vegetable,GeoNames cities5000 dump; CC BY 4.0,3374336,2026-04-13,geolocated national model-support node,"place and coordinate are external records; node role, sink weight and any later flow are model inputs or estimates, not observed shipments",NF_EDFLOW_geolocated_network_expansion_v1_2_0_2026-08-31
GEO_CPV_3374235,Cabo Verde,CPV,Sal Rei,Sal Rei,-22.91722,16.17611,PPLA,candidate consumer or transit catchment,fish|vegetable,GeoNames cities5000 dump; CC BY 4.0,3374235,2026-04-13,geolocated national model-support node,"place and coordinate are external records; node role, sink weight and any later flow are model inputs or estimates, not observed shipments",NF_EDFLOW_geolocated_network_expansion_v1_2_0_2026-08-31
GEO_CPV_3374210,Cabo Verde,CPV,São Filipe,Sao Filipe,-24.49556,14.8961,PPLA,candidate consumer or transit catchment,fish|vegetable,GeoNames cities5000 dump; CC BY 4.0,3374210,2026-04-13,geolocated national model-support node,"place and coordinate are external records; node role, sink weight and any later flow are model inputs or estimates, not observed shipments",NF_EDFLOW_geolocated_network_expansion_v1_2_0_2026-08-31
GEO_CPV_8441169,Cabo Verde,CPV,Pedra Badejo,Pedra Badejo,-23.53083,15.1375,PPLA,candidate consumer or transit catchment,fish|vegetable,GeoNames cities5000 dump; CC BY 4.0,8441169,2026-04-13,geolocated national model-support node,"place and coordinate are external records; node role, sink weight and any later flow are model inputs or estimates, not observed shipments",NF_EDFLOW_geolocated_network_expansion_v1_2_0_2026-08-31
GEO_CPV_3374794,Cabo Verde,CPV,Calheta de São Miguel,Calheta de Sao Miguel,-23.59228,15.18613,PPLA,candidate consumer or transit catchment,fish|vegetable,GeoNames cities5000 dump; CC BY 4.0,3374794,2026-07-01,geolocated national model-support node,"place and coordinate are external records; node role, sink weight and any later flow are model inputs or estimates, not observed shipments",NF_EDFLOW_geolocated_network_expansion_v1_2_0_2026-08-31
GEO_CPV_3374120,Cabo Verde,CPV,Vila do Maio,Vila do Maio,-23.21158,15.13823,PPLA,candidate consumer or transit catchment,fish|vegetable,GeoNames cities5000 dump; CC BY 4.0,3374120,2026-06-24,geolocated national model-support node,"place and coordinate are external records; node role, sink weight and any later flow are model inputs or estimates, not observed shipments",NF_EDFLOW_geolocated_network_expansion_v1_2_0_2026-08-31
GEO_CPV_3374165,Cabo Verde,CPV,Tarrafal de São Nicolau,Tarrafal de Sao Nicolau,-24.35793,16.56622,PPLA,candidate consumer or transit catchment,fish|vegetable,GeoNames cities5000 dump; CC BY 4.0,3374165,2026-04-13,geolocated national model-support node,"place and coordinate are external records; node role, sink weight and any later flow are model inputs or estimates, not observed shipments",NF_EDFLOW_geolocated_network_expansion_v1_2_0_2026-08-31
GEO_CPV_3374555,Cabo Verde,CPV,Igreja,Igreja,-24.33333,15.03333,PPLA,candidate consumer or transit catchment,fish|vegetable,GeoNames cities5000 dump; CC BY 4.0,3374555,2026-07-01,geolocated national model-support node,"place and coordinate are external records; node role, sink weight and any later flow are model inputs or estimates, not observed shipments",NF_EDFLOW_geolocated_network_expansion_v1_2_0_2026-08-31
GEO_CPV_3374725,Cabo Verde,CPV,Cidade Velha,Cidade Velha,-23.60527,14.91531,PPLA,candidate consumer or transit catchment,fish|vegetable,GeoNames cities5000 dump; CC BY 4.0,3374725,2026-06-30,geolocated national model-support node,"place and coordinate are external records; node role, sink weight and any later flow are model inputs or estimates, not observed shipments",NF_EDFLOW_geolocated_network_expansion_v1_2_0_2026-08-31
GEO_CPV_3374211,Cabo Verde,CPV,São Domingos,Sao Domingos,-23.5625,15.02438,PPLA,candidate consumer or transit catchment,fish|vegetable,GeoNames cities5000 dump; CC BY 4.0,3374211,2026-07-04,geolocated national model-support node,"place and coordinate are external records; node role, sink weight and any later flow are model inputs or estimates, not observed shipments",NF_EDFLOW_geolocated_network_expansion_v1_2_0_2026-08-31
GEO_CPV_3374121,Cabo Verde,CPV,Ribeira Brava,Ribeira Brava,-24.29833,16.61583,PPLA,candidate consumer or transit catchment,fish|vegetable,GeoNames cities5000 dump; CC BY 4.0,3374121,2026-06-30,geolocated national model-support node,"place and coordinate are external records; node role, sink weight and any later flow are model inputs or estimates, not observed shipments",NF_EDFLOW_geolocated_network_expansion_v1_2_0_2026-08-31
GEO_CPV_3374117,Cabo Verde,CPV,Nova Sintra,Nova Sintra,-24.69556,14.87139,PPLA,candidate consumer or transit catchment,fish|vegetable,GeoNames cities5000 dump; CC BY 4.0,3374117,2026-07-01,geolocated national model-support node,"place and coordinate are external records; node role, sink weight and any later flow are model inputs or estimates, not observed shipments",NF_EDFLOW_geolocated_network_expansion_v1_2_0_2026-08-31
GEO_CPV_3374360,Cabo Verde,CPV,Picos,Picos,-23.63236,15.0836,PPLA,candidate consumer or transit catchment,fish|vegetable,GeoNames cities5000 dump; CC BY 4.0,3374360,2026-06-28,geolocated national model-support node,"place and coordinate are external records; node role, sink weight and any later flow are model inputs or estimates, not observed shipments",NF_EDFLOW_geolocated_network_expansion_v1_2_0_2026-08-31
GEO_CPV_3374351,Cabo Verde,CPV,Pombas,Pombas,-25.02007,17.15026,PPLA,candidate consumer or transit catchment,fish|vegetable,GeoNames cities5000 dump; CC BY 4.0,3374351,2026-04-13,geolocated national model-support node,"place and coordinate are external records; node role, sink weight and any later flow are model inputs or estimates, not observed shipments",NF_EDFLOW_geolocated_network_expansion_v1_2_0_2026-08-31
GEO_CPV_3374707,Cabo Verde,CPV,Cova Figueira,Cova Figueira,-24.29343,14.89054,PPLA,candidate consumer or transit catchment,fish|vegetable,GeoNames cities5000 dump; CC BY 4.0,3374707,2026-07-01,geolocated national model-support node,"place and coordinate are external records; node role, sink weight and any later flow are model inputs or estimates, not observed shipments",NF_EDFLOW_geolocated_network_expansion_v1_2_0_2026-08-31
GEO_CPV_8441167,Cabo Verde,CPV,João Teves,Joao Teves,-23.58917,15.06694,PPLA,candidate consumer or transit catchment,fish|vegetable,GeoNames cities5000 dump; CC BY 4.0,8441167,2026-04-13,geolocated national model-support node,"place and coordinate are external records; node role, sink weight and any later flow are model inputs or estimates, not observed shipments",NF_EDFLOW_geolocated_network_expansion_v1_2_0_2026-08-31
GEO_CPV_11204800,Cabo Verde,CPV,Palmarejo,Palmarejo,-23.53053,14.9098,PPLX,candidate consumer or transit catchment,fish|vegetable,GeoNames cities5000 dump; CC BY 4.0,11204800,2026-06-12,geolocated national model-support node,"place and coordinate are external records; node role, sink weight and any later flow are model inputs or estimates, not observed shipments",NF_EDFLOW_geolocated_network_expansion_v1_2_0_2026-08-31
GEO_CPV_11205082,Cabo Verde,CPV,Achada Santo Antonio,Achada Santo Antonio,-23.51749,14.91034,PPLX,candidate consumer or transit catchment,fish|vegetable,GeoNames cities5000 dump; CC BY 4.0,11205082,2026-06-18,geolocated national model-support node,"place and coordinate are external records; node role, sink weight and any later flow are model inputs or estimates, not observed shipments",NF_EDFLOW_geolocated_network_expansion_v1_2_0_2026-08-31
GEO_CPV_3374221,Cabo Verde,CPV,Santa Cruz,Santa Cruz,-23.55945,15.13403,PPL,candidate consumer or transit catchment,fish|vegetable,GeoNames cities5000 dump; CC BY 4.0,3374221,2026-06-26,geolocated national model-support node,"place and coordinate are external records; node role, sink weight and any later flow are model inputs or estimates, not observed shipments",NF_EDFLOW_geolocated_network_expansion_v1_2_0_2026-08-31
GEO_CPV_11204761,Cabo Verde,CPV,Ponta de Água,Ponta de Agua,-23.51126,14.9359,PPLX,candidate consumer or transit catchment,fish|vegetable,GeoNames cities5000 dump; CC BY 4.0,11204761,2026-06-12,geolocated national model-support node,"place and coordinate are external records; node role, sink weight and any later flow are model inputs or estimates, not observed shipments",NF_EDFLOW_geolocated_network_expansion_v1_2_0_2026-08-31
GEO_CPV_3374218,Cabo Verde,CPV,Santa Maria,Santa Maria,-22.90509,16.59796,PPL,candidate consumer or transit catchment,fish|vegetable,GeoNames cities5000 dump; CC BY 4.0,3374218,2023-11-29,geolocated national model-support node,"place and coordinate are external records; node role, sink weight and any later flow are model inputs or estimates, not observed shipments",NF_EDFLOW_geolocated_network_expansion_v1_2_0_2026-08-31
GEO_CPV_11428100,Cabo Verde,CPV,Ribeirinha,Ribeirinha,-24.97553,16.88814,PPLX,candidate consumer or transit catchment,fish|vegetable,GeoNames cities5000 dump; CC BY 4.0,11428100,2026-06-18,geolocated national model-support node,"place and coordinate are external records; node role, sink weight and any later flow are model inputs or estimates, not observed shipments",NF_EDFLOW_geolocated_network_expansion_v1_2_0_2026-08-31
GEO_CPV_13403356,Cabo Verde,CPV,São Filipe Praia,Sao Filipe Praia,-23.51585,14.95606,PPLX,candidate consumer or transit catchment,fish|vegetable,GeoNames cities5000 dump; CC BY 4.0,13403356,2026-06-12,geolocated national model-support node,"place and coordinate are external records; node role, sink weight and any later flow are model inputs or estimates, not observed shipments",NF_EDFLOW_geolocated_network_expansion_v1_2_0_2026-08-31
GEO_CPV_13458955,Cabo Verde,CPV,Achadinha,Achadinha,-23.51171,14.92833,PPLX,candidate consumer or transit catchment,fish|vegetable,GeoNames cities5000 dump; CC BY 4.0,13458955,2026-06-20,geolocated national model-support node,"place and coordinate are external records; node role, sink weight and any later flow are model inputs or estimates, not observed shipments",NF_EDFLOW_geolocated_network_expansion_v1_2_0_2026-08-31
GEO_CPV_11204898,Cabo Verde,CPV,Terra Branca,Terra Branca,-23.52258,14.92069,PPLX,candidate consumer or transit catchment,fish|vegetable,GeoNames cities5000 dump; CC BY 4.0,11204898,2026-06-12,geolocated national model-support node,"place and coordinate are external records; node role, sink weight and any later flow are model inputs or estimates, not observed shipments",NF_EDFLOW_geolocated_network_expansion_v1_2_0_2026-08-31
GEO_DJI_223817,Djibouti,DJI,Djibouti,Djibouti,43.14503,11.58901,PPLC,major national hub,fish|vegetable,GeoNames cities5000 dump; CC BY 4.0,223817,2023-11-29,geolocated national model-support node,"place and coordinate are external records; node role, sink weight and any later flow are model inputs or estimates, not observed shipments",NF_EDFLOW_geolocated_network_expansion_v1_2_0_2026-08-31
GEO_DJI_225284,Djibouti,DJI,Ali Sabih,Ali Sabih,42.7125,11.15583,PPLA,major national hub,fish|vegetable,GeoNames cities5000 dump; CC BY 4.0,225284,2026-04-13,geolocated national model-support node,"place and coordinate are external records; node role, sink weight and any later flow are model inputs or estimates, not observed shipments",NF_EDFLOW_geolocated_network_expansion_v1_2_0_2026-08-31
GEO_DJI_223890,Djibouti,DJI,Dikhil,Dikhil,42.36971,11.10454,PPLA,major national hub,fish|vegetable,GeoNames cities5000 dump; CC BY 4.0,223890,2026-04-13,geolocated national model-support node,"place and coordinate are external records; node role, sink weight and any later flow are model inputs or estimates, not observed shipments",NF_EDFLOW_geolocated_network_expansion_v1_2_0_2026-08-31
GEO_DJI_220782,Djibouti,DJI,Tadjoura,Tadjoura,42.88222,11.78778,PPLA,major national hub,fish|vegetable,GeoNames cities5000 dump; CC BY 4.0,220782,2026-04-13,geolocated national model-support node,"place and coordinate are external records; node role, sink weight and any later flow are model inputs or estimates, not observed shipments",NF_EDFLOW_geolocated_network_expansion_v1_2_0_2026-08-31
GEO_DJI_225037,Djibouti,DJI,Arta,Arta,42.85194,11.52639,PPLA,major national hub,fish|vegetable,GeoNames cities5000 dump; CC BY 4.0,225037,2026-04-13,geolocated national model-support node,"place and coordinate are external records; node role, sink weight and any later flow are model inputs or estimates, not observed shipments",NF_EDFLOW_geolocated_network_expansion_v1_2_0_2026-08-31
GEO_DJI_221527,Djibouti,DJI,Obock,Obock,43.28835,11.96693,PPLA,candidate consumer or transit catchment,fish|vegetable,GeoNames cities5000 dump; CC BY 4.0,221527,2026-04-13,geolocated national model-support node,"place and coordinate are external records; node role, sink weight and any later flow are model inputs or estimates, not observed shipments",NF_EDFLOW_geolocated_network_expansion_v1_2_0_2026-08-31
GEO_DJI_7648070,Djibouti,DJI,Balbala,Balbala,43.10666,11.56194,PPL,candidate consumer or transit catchment,fish|vegetable,GeoNames cities5000 dump; CC BY 4.0,7648070,2026-07-08,geolocated national model-support node,"place and coordinate are external records; node role, sink weight and any later flow are model inputs or estimates, not observed shipments",NF_EDFLOW_geolocated_network_expansion_v1_2_0_2026-08-31
GEO_DJI_224906,Djibouti,DJI,‘As ‘Êla,'As 'Ela,42.1025,11.00361,PPL,candidate consumer or transit catchment,fish|vegetable,GeoNames cities5000 dump; CC BY 4.0,224906,2025-07-14,geolocated national model-support node,"place and coordinate are external records; node role, sink weight and any later flow are model inputs or estimates, not observed shipments",NF_EDFLOW_geolocated_network_expansion_v1_2_0_2026-08-31
GEO_DJI_404197,Djibouti,DJI,Damêrdjôg,Damerdjog,43.18722,11.48556,PPL,candidate consumer or transit catchment,fish|vegetable,GeoNames cities5000 dump; CC BY 4.0,404197,2025-07-14,geolocated national model-support node,"place and coordinate are external records; node role, sink weight and any later flow are model inputs or estimates, not observed shipments",NF_EDFLOW_geolocated_network_expansion_v1_2_0_2026-08-31
GEO_DZA_2507480,Algeria,DZA,Algiers,Algiers,3.08746,36.73225,PPLC,major national hub,fish|vegetable,GeoNames cities5000 dump; CC BY 4.0,2507480,2024-08-05,geolocated national model-support node,"place and coordinate are external records; node role, sink weight and any later flow are model inputs or estimates, not observed shipments",NF_EDFLOW_geolocated_network_expansion_v1_2_0_2026-08-31
GEO_DZA_2485926,Algeria,DZA,Oran,Oran,-0.63588,35.69906,PPLA,major national hub,fish|vegetable,GeoNames cities5000 dump; CC BY 4.0,2485926,2026-04-13,geolocated national model-support node,"place and coordinate are external records; node role, sink weight and any later flow are model inputs or estimates, not observed shipments",NF_EDFLOW_geolocated_network_expansion_v1_2_0_2026-08-31
GEO_DZA_2501152,Algeria,DZA,Constantine,Constantine,6.61472,36.365,PPLA,major national hub,fish|vegetable,GeoNames cities5000 dump; CC BY 4.0,2501152,2026-04-13,geolocated national model-support node,"place and coordinate are external records; node role, sink weight and any later flow are model inputs or estimates, not observed shipments",NF_EDFLOW_geolocated_network_expansion_v1_2_0_2026-08-31
GEO_DZA_2506999,Algeria,DZA,Annaba,Annaba,7.76667,36.9,PPLA,major national hub,fish|vegetable,GeoNames cities5000 dump; CC BY 4.0,2506999,2026-04-13,geolocated national model-support node,"place and coordinate are external records; node role, sink weight and any later flow are model inputs or estimates, not observed shipments",NF_EDFLOW_geolocated_network_expansion_v1_2_0_2026-08-31
GEO_DZA_2503769,Algeria,DZA,Blida,Blida,2.8277,36.47004,PPLA,major national hub,fish|vegetable,GeoNames cities5000 dump; CC BY 4.0,2503769,2026-04-13,geolocated national model-support node,"place and coordinate are external records; node role, sink weight and any later flow are model inputs or estimates, not observed shipments",NF_EDFLOW_geolocated_network_expansion_v1_2_0_2026-08-31
GEO_DZA_2505572,Algeria,DZA,Batna,Batna,6.17414,35.55597,PPLA,candidate consumer or transit catchment,fish|vegetable,GeoNames cities5000 dump; CC BY 4.0,2505572,2026-04-15,geolocated national model-support node,"place and coordinate are external records; node role, sink weight and any later flow are model inputs or estimates, not observed shipments",NF_EDFLOW_geolocated_network_expansion_v1_2_0_2026-08-31
GEO_DZA_2500017,Algeria,DZA,Djelfa,Djelfa,3.263,34.67279,PPLA,candidate consumer or transit catchment,fish|vegetable,GeoNames cities5000 dump; CC BY 4.0,2500017,2026-04-13,geolocated national model-support node,"place and coordinate are external records; node role, sink weight and any later flow are model inputs or estimates, not observed shipments",NF_EDFLOW_geolocated_network_expansion_v1_2_0_2026-08-31
GEO_DZA_2481700,Algeria,DZA,Sétif,Setif,5.41373,36.19112,PPLA,candidate consumer or transit catchment,fish|vegetable,GeoNames cities5000 dump; CC BY 4.0,2481700,2026-04-13,geolocated national model-support node,"place and coordinate are external records; node role, sink weight and any later flow are model inputs or estimates, not observed shipments",NF_EDFLOW_geolocated_network_expansion_v1_2_0_2026-08-31
GEO_DZA_2481007,Algeria,DZA,Sidi Bel Abbes,Sidi Bel Abbes,-0.63085,35.18994,PPLA,candidate consumer or transit catchment,fish|vegetable,GeoNames cities5000 dump; CC BY 4.0,2481007,2026-04-13,geolocated national model-support node,"place and coordinate are external records; node role, sink weight and any later flow are model inputs or estimates, not observed shipments",NF_EDFLOW_geolocated_network_expansion_v1_2_0_2026-08-31
GEO_DZA_2503826,Algeria,DZA,Biskra,Biskra,5.72805,34.85038,PPLA,candidate consumer or transit catchment,fish|vegetable,GeoNames cities5000 dump; CC BY 4.0,2503826,2026-04-13,geolocated national model-support node,"place and coordinate are external records; node role, sink weight and any later flow are model inputs or estimates, not observed shipments",NF_EDFLOW_geolocated_network_expansion_v1_2_0_2026-08-31
GEO_DZA_2477461,Algeria,DZA,Tébessa,Tebessa,8.12417,35.40417,PPLA,candidate consumer or transit catchment,fish|vegetable,GeoNames cities5000 dump; CC BY 4.0,2477461,2026-04-13,geolocated national model-support node,"place and coordinate are external records; node role, sink weight and any later flow are model inputs or estimates, not observed shipments",NF_EDFLOW_geolocated_network_expansion_v1_2_0_2026-08-31
GEO_DZA_2497411,Algeria,DZA,El Oued,El Oued,6.86319,33.35608,PPLA,candidate consumer or transit catchment,fish|vegetable,GeoNames cities5000 dump; CC BY 4.0,2497411,2026-04-13,geolocated national model-support node,"place and coordinate are external records; node role, sink weight and any later flow are model inputs or estimates, not observed shipments",NF_EDFLOW_geolocated_network_expansion_v1_2_0_2026-08-31
GEO_DZA_2479536,Algeria,DZA,Skikda,Skikda,6.90921,36.87617,PPLA,candidate consumer or transit catchment,fish|vegetable,GeoNames cities5000 dump; CC BY 4.0,2479536,2026-04-13,geolocated national model-support node,"place and coordinate are external records; node role, sink weight and any later flow are model inputs or estimates, not observed shipments",NF_EDFLOW_geolocated_network_expansion_v1_2_0_2026-08-31
GEO_DZA_2476897,Algeria,DZA,Tiaret,Tiaret,1.31699,35.37103,PPLA,candidate consumer or transit catchment,fish|vegetable,GeoNames cities5000 dump; CC BY 4.0,2476897,2026-04-13,geolocated national model-support node,"place and coordinate are external records; node role, sink weight and any later flow are model inputs or estimates, not observed shipments",NF_EDFLOW_geolocated_network_expansion_v1_2_0_2026-08-31
GEO_DZA_2498611,Algeria,DZA,Chlef,Chlef,1.33452,36.16525,PPLA,candidate consumer or transit catchment,fish|vegetable,GeoNames cities5000 dump; CC BY 4.0,2498611,2026-04-13,geolocated national model-support node,"place and coordinate are external records; node role, sink weight and any later flow are model inputs or estimates, not observed shipments",NF_EDFLOW_geolocated_network_expansion_v1_2_0_2026-08-31
GEO_DZA_2505329,Algeria,DZA,Béjaïa,Bejaia,5.08433,36.75587,PPLA,candidate consumer or transit catchment,fish|vegetable,GeoNames cities5000 dump; CC BY 4.0,2505329,2026-04-13,geolocated national model-support node,"place and coordinate are external records; node role, sink weight and any later flow are model inputs or estimates, not observed shipments",NF_EDFLOW_geolocated_network_expansion_v1_2_0_2026-08-31
GEO_DZA_2475687,Algeria,DZA,Tlemcen,Tlemcen,-1.315,34.87833,PPLA,candidate consumer or transit catchment,fish|vegetable,GeoNames cities5000 dump; CC BY 4.0,2475687,2026-04-13,geolocated national model-support node,"place and coordinate are external records; node role, sink weight and any later flow are model inputs or estimates, not observed shipments",NF_EDFLOW_geolocated_network_expansion_v1_2_0_2026-08-31
GEO_DZA_2485801,Algeria,DZA,Ouargla,Ouargla,5.32502,31.94932,PPLA,candidate consumer or transit catchment,fish|vegetable,GeoNames cities5000 dump; CC BY 4.0,2485801,2026-04-13,geolocated national model-support node,"place and coordinate are external records; node role, sink weight and any later flow are model inputs or estimates, not observed shipments",NF_EDFLOW_geolocated_network_expansion_v1_2_0_2026-08-31
GEO_DZA_2505530,Algeria,DZA,Béchar,Bechar,-2.21667,31.61667,PPLA,candidate consumer or transit catchment,fish|vegetable,GeoNames cities5000 dump; CC BY 4.0,2505530,2026-04-13,geolocated national model-support node,"place and coordinate are external records; node role, sink weight and any later flow are model inputs or estimates, not observed shipments",NF_EDFLOW_geolocated_network_expansion_v1_2_0_2026-08-31
GEO_DZA_2487134,Algeria,DZA,Mostaganem,Mostaganem,0.08918,35.93115,PPLA,candidate consumer or transit catchment,fish|vegetable,GeoNames cities5000 dump; CC BY 4.0,2487134,2026-04-13,geolocated national model-support node,"place and coordinate are external records; node role, sink weight and any later flow are model inputs or estimates, not observed shipments",NF_EDFLOW_geolocated_network_expansion_v1_2_0_2026-08-31
GEO_DZA_2503701,Algeria,DZA,Bordj Bou Arreridj,Bordj Bou Arreridj,4.76139,36.07389,PPLA,candidate consumer or transit catchment,fish|vegetable,GeoNames cities5000 dump; CC BY 4.0,2503701,2026-04-13,geolocated national model-support node,"place and coordinate are external records; node role, sink weight and any later flow are model inputs or estimates, not observed shipments",NF_EDFLOW_geolocated_network_expansion_v1_2_0_2026-08-31
GEO_DZA_2479215,Algeria,DZA,Souk Ahras,Souk Ahras,7.95111,36.28639,PPLA,candidate consumer or transit catchment,fish|vegetable,GeoNames cities5000 dump; CC BY 4.0,2479215,2026-04-13,geolocated national model-support node,"place and coordinate are external records; node role, sink weight and any later flow are model inputs or estimates, not observed shipments",NF_EDFLOW_geolocated_network_expansion_v1_2_0_2026-08-31
GEO_DZA_2488835,Algeria,DZA,Médéa,Medea,2.75393,36.26417,PPLA,candidate consumer or transit catchment,fish|vegetable,GeoNames cities5000 dump; CC BY 4.0,2488835,2026-04-13,geolocated national model-support node,"place and coordinate are external records; node role, sink weight and any later flow are model inputs or estimates, not observed shipments",NF_EDFLOW_geolocated_network_expansion_v1_2_0_2026-08-31
GEO_DZA_2475475,Algeria,DZA,Touggourt,Touggourt,6.07,33.11083,PPLA,candidate consumer or transit catchment,fish|vegetable,GeoNames cities5000 dump; CC BY 4.0,2475475,2026-04-13,geolocated national model-support node,"place and coordinate are external records; node role, sink weight and any later flow are model inputs or estimates, not observed shipments",NF_EDFLOW_geolocated_network_expansion_v1_2_0_2026-08-31
GEO_DZA_2496049,Algeria,DZA,Ghardaïa,Ghardaia,3.67347,32.49094,PPLA,candidate consumer or transit catchment,fish|vegetable,GeoNames cities5000 dump; CC BY 4.0,2496049,2026-04-13,geolocated national model-support node,"place and coordinate are external records; node role, sink weight and any later flow are model inputs or estimates, not observed shipments",NF_EDFLOW_geolocated_network_expansion_v1_2_0_2026-08-31
GEO_DZA_2482572,Algeria,DZA,Saïda,Saida,0.15171,34.83033,PPLA,candidate consumer or transit catchment,fish|vegetable,GeoNames cities5000 dump; CC BY 4.0,2482572,2026-04-13,geolocated national model-support node,"place and coordinate are external records; node role, sink weight and any later flow are model inputs or estimates, not observed shipments",NF_EDFLOW_geolocated_network_expansion_v1_2_0_2026-08-31
GEO_DZA_2491191,Algeria,DZA,Laghouat,Laghouat,2.86514,33.8,PPLA,candidate consumer or transit catchment,fish|vegetable,GeoNames cities5000 dump; CC BY 4.0,2491191,2026-04-13,geolocated national model-support node,"place and coordinate are external records; node role, sink weight and any later flow are model inputs or estimates, not observed shipments",NF_EDFLOW_geolocated_network_expansion_v1_2_0_2026-08-31
GEO_DZA_2486690,Algeria,DZA,M'Sila,M'Sila,4.53722,35.70889,PPLA,candidate consumer or transit catchment,fish|vegetable,GeoNames cities5000 dump; CC BY 4.0,2486690,2026-04-13,geolocated national model-support node,"place and coordinate are external records; node role, sink weight and any later flow are model inputs or estimates, not observed shipments",NF_EDFLOW_geolocated_network_expansion_v1_2_0_2026-08-31
GEO_DZA_2492913,Algeria,DZA,Jijel,Jijel,5.76352,36.821,PPLA,candidate consumer or transit catchment,fish|vegetable,GeoNames cities5000 dump; CC BY 4.0,2492913,2026-04-13,geolocated national model-support node,"place and coordinate are external records; node role, sink weight and any later flow are model inputs or estimates, not observed shipments",NF_EDFLOW_geolocated_network_expansion_v1_2_0_2026-08-31
GEO_DZA_2483668,Algeria,DZA,Relizane,Relizane,0.55599,35.73734,PPLA,candidate consumer or transit catchment,fish|vegetable,GeoNames cities5000 dump; CC BY 4.0,2483668,2026-04-13,geolocated national model-support node,"place and coordinate are external records; node role, sink weight and any later flow are model inputs or estimates, not observed shipments",NF_EDFLOW_geolocated_network_expansion_v1_2_0_2026-08-31
GEO_EGY_360630,Egypt,EGY,Cairo,Cairo,31.24967,30.06263,PPLC,major national hub,fish|vegetable,GeoNames cities5000 dump; CC BY 4.0,360630,2026-08-29,geolocated national model-support node,"place and coordinate are external records; node role, sink weight and any later flow are model inputs or estimates, not observed shipments",NF_EDFLOW_geolocated_network_expansion_v1_2_0_2026-08-31
GEO_EGY_361058,Egypt,EGY,Alexandria,Alexandria,29.91582,31.20176,PPLA,major national hub,fish|vegetable,GeoNames cities5000 dump; CC BY 4.0,361058,2026-02-23,geolocated national model-support node,"place and coordinate are external records; node role, sink weight and any later flow are model inputs or estimates, not observed shipments",NF_EDFLOW_geolocated_network_expansion_v1_2_0_2026-08-31
GEO_EGY_360995,Egypt,EGY,Giza,Giza,31.20861,30.00944,PPLA,major national hub,fish|vegetable,GeoNames cities5000 dump; CC BY 4.0,360995,2024-04-01,geolocated national model-support node,"place and coordinate are external records; node role, sink weight and any later flow are model inputs or estimates, not observed shipments",NF_EDFLOW_geolocated_network_expansion_v1_2_0_2026-08-31
GEO_EGY_349076,Egypt,EGY,Shubrā al Khaymah,Shubra al Khaymah,31.25053,30.12511,PPLA2,major national hub,fish|vegetable,GeoNames cities5000 dump; CC BY 4.0,349076,2023-11-29,geolocated national model-support node,"place and coordinate are external records; node role, sink weight and any later flow are model inputs or estimates, not observed shipments",NF_EDFLOW_geolocated_network_expansion_v1_2_0_2026-08-31
GEO_EGY_358619,Egypt,EGY,Port Said,Port Said,32.3019,31.26531,PPLA,major national hub,fish|vegetable,GeoNames cities5000 dump; CC BY 4.0,358619,2026-02-23,geolocated national model-support node,"place and coordinate are external records; node role, sink weight and any later flow are model inputs or estimates, not observed shipments",NF_EDFLOW_geolocated_network_expansion_v1_2_0_2026-08-31
GEO_EGY_359796,Egypt,EGY,Suez,Suez,32.52627,29.97371,PPLA,candidate consumer or transit catchment,fish|vegetable,GeoNames cities5000 dump; CC BY 4.0,359796,2022-04-18,geolocated national model-support node,"place and coordinate are external records; node role, sink weight and any later flow are model inputs or estimates, not observed shipments",NF_EDFLOW_geolocated_network_expansion_v1_2_0_2026-08-31
GEO_EGY_360761,Egypt,EGY,Al Mansurah,Al Mansurah,31.38069,31.03637,PPLA,candidate consumer or transit catchment,fish|vegetable,GeoNames cities5000 dump; CC BY 4.0,360761,2023-11-29,geolocated national model-support node,"place and coordinate are external records; node role, sink weight and any later flow are model inputs or estimates, not observed shipments",NF_EDFLOW_geolocated_network_expansion_v1_2_0_2026-08-31
GEO_EGY_347497,Egypt,EGY,Tanta,Tanta,31.00192,30.78847,PPLA,candidate consumer or transit catchment,fish|vegetable,GeoNames cities5000 dump; CC BY 4.0,347497,2023-11-29,geolocated national model-support node,"place and coordinate are external records; node role, sink weight and any later flow are model inputs or estimates, not observed shipments",NF_EDFLOW_geolocated_network_expansion_v1_2_0_2026-08-31
GEO_EGY_359783,Egypt,EGY,Assiut,Assiut,31.18368,27.18096,PPLA,candidate consumer or transit catchment,fish|vegetable,GeoNames cities5000 dump; CC BY 4.0,359783,2024-07-08,geolocated national model-support node,"place and coordinate are external records; node role, sink weight and any later flow are model inputs or estimates, not observed shipments",NF_EDFLOW_geolocated_network_expansion_v1_2_0_2026-08-31
GEO_EGY_361320,Egypt,EGY,Al Fayyum,Al Fayyum,30.8418,29.30995,PPLA,candidate consumer or transit catchment,fish|vegetable,GeoNames cities5000 dump; CC BY 4.0,361320,2023-11-29,geolocated national model-support node,"place and coordinate are external records; node role, sink weight and any later flow are model inputs or estimates, not observed shipments",NF_EDFLOW_geolocated_network_expansion_v1_2_0_2026-08-31
GEO_EGY_360890,Egypt,EGY,Al Khuşūş,Al Khusus,31.31501,30.15293,PPLA2,candidate consumer or transit catchment,fish|vegetable,GeoNames cities5000 dump; CC BY 4.0,360890,2022-04-18,geolocated national model-support node,"place and coordinate are external records; node role, sink weight and any later flow are model inputs or estimates, not observed shipments",NF_EDFLOW_geolocated_network_expansion_v1_2_0_2026-08-31
GEO_EGY_359493,Egypt,EGY,Zagazig,Zagazig,31.502,30.58768,PPLA,candidate consumer or transit catchment,fish|vegetable,GeoNames cities5000 dump; CC BY 4.0,359493,2022-04-18,geolocated national model-support node,"place and coordinate are external records; node role, sink weight and any later flow are model inputs or estimates, not observed shipments",NF_EDFLOW_geolocated_network_expansion_v1_2_0_2026-08-31
GEO_EGY_361055,Egypt,EGY,Ismailia,Ismailia,32.27225,30.60427,PPLA,candidate consumer or transit catchment,fish|vegetable,GeoNames cities5000 dump; CC BY 4.0,361055,2024-10-23,geolocated national model-support node,"place and coordinate are external records; node role, sink weight and any later flow are model inputs or estimates, not observed shipments",NF_EDFLOW_geolocated_network_expansion_v1_2_0_2026-08-31
GEO_EGY_360502,Egypt,EGY,Luxor,Luxor,32.6421,25.69893,PPLA,candidate consumer or transit catchment,fish|vegetable,GeoNames cities5000 dump; CC BY 4.0,360502,2019-09-05,geolocated national model-support node,"place and coordinate are external records; node role, sink weight and any later flow are model inputs or estimates, not observed shipments",NF_EDFLOW_geolocated_network_expansion_v1_2_0_2026-08-31
GEO_EGY_359792,Egypt,EGY,Aswān,Aswan,32.89942,24.09082,PPLA,candidate consumer or transit catchment,fish|vegetable,GeoNames cities5000 dump; CC BY 4.0,359792,2024-07-14,geolocated national model-support node,"place and coordinate are external records; node role, sink weight and any later flow are model inputs or estimates, not observed shipments",NF_EDFLOW_geolocated_network_expansion_v1_2_0_2026-08-31
GEO_EGY_358448,Egypt,EGY,Damanhur,Damanhur,30.46823,31.03408,PPLA,candidate consumer or transit catchment,fish|vegetable,GeoNames cities5000 dump; CC BY 4.0,358448,2023-11-29,geolocated national model-support node,"place and coordinate are external records; node role, sink weight and any later flow are model inputs or estimates, not observed shipments",NF_EDFLOW_geolocated_network_expansion_v1_2_0_2026-08-31
GEO_EGY_358048,Egypt,EGY,Damietta,Damietta,31.81332,31.41648,PPLA,candidate consumer or transit catchment,fish|vegetable,GeoNames cities5000 dump; CC BY 4.0,358048,2024-07-14,geolocated national model-support node,"place and coordinate are external records; node role, sink weight and any later flow are model inputs or estimates, not observed shipments",NF_EDFLOW_geolocated_network_expansion_v1_2_0_2026-08-31
GEO_EGY_360686,Egypt,EGY,Minya,Minya,30.75813,28.09193,PPLA,candidate consumer or transit catchment,fish|vegetable,GeoNames cities5000 dump; CC BY 4.0,360686,2023-11-29,geolocated national model-support node,"place and coordinate are external records; node role, sink weight and any later flow are model inputs or estimates, not observed shipments",NF_EDFLOW_geolocated_network_expansion_v1_2_0_2026-08-31
GEO_EGY_359173,Egypt,EGY,Banī Suwayf,Bani Suwayf,31.09785,29.07441,PPLA,candidate consumer or transit catchment,fish|vegetable,GeoNames cities5000 dump; CC BY 4.0,359173,2023-11-29,geolocated national model-support node,"place and coordinate are external records; node role, sink weight and any later flow are model inputs or estimates, not observed shipments",NF_EDFLOW_geolocated_network_expansion_v1_2_0_2026-08-31
GEO_EGY_349158,Egypt,EGY,Shibīn al Kawm,Shibin al Kawm,31.00904,30.55258,PPLA,candidate consumer or transit catchment,fish|vegetable,GeoNames cities5000 dump; CC BY 4.0,349158,2023-11-29,geolocated national model-support node,"place and coordinate are external records; node role, sink weight and any later flow are model inputs or estimates, not observed shipments",NF_EDFLOW_geolocated_network_expansion_v1_2_0_2026-08-31
GEO_EGY_347796,Egypt,EGY,Sohag,Sohag,31.69478,26.55695,PPLA,candidate consumer or transit catchment,fish|vegetable,GeoNames cities5000 dump; CC BY 4.0,347796,2023-11-29,geolocated national model-support node,"place and coordinate are external records; node role, sink weight and any later flow are model inputs or estimates, not observed shipments",NF_EDFLOW_geolocated_network_expansion_v1_2_0_2026-08-31
GEO_EGY_350550,Egypt,EGY,Qina,Qina,32.72671,26.16418,PPLA,candidate consumer or transit catchment,fish|vegetable,GeoNames cities5000 dump; CC BY 4.0,350550,2024-07-14,geolocated national model-support node,"place and coordinate are external records; node role, sink weight and any later flow are model inputs or estimates, not observed shipments",NF_EDFLOW_geolocated_network_expansion_v1_2_0_2026-08-31
GEO_EGY_361291,Egypt,EGY,Hurghada,Hurghada,33.81291,27.25738,PPLA,candidate consumer or transit catchment,fish|vegetable,GeoNames cities5000 dump; CC BY 4.0,361291,2023-11-29,geolocated national model-support node,"place and coordinate are external records; node role, sink weight and any later flow are model inputs or estimates, not observed shipments",NF_EDFLOW_geolocated_network_expansion_v1_2_0_2026-08-31
GEO_EGY_361546,Egypt,EGY,Arīsh,Arish,33.79844,31.13159,PPLA,candidate consumer or transit catchment,fish|vegetable,GeoNames cities5000 dump; CC BY 4.0,361546,2024-07-14,geolocated national model-support node,"place and coordinate are external records; node role, sink weight and any later flow are model inputs or estimates, not observed shipments",NF_EDFLOW_geolocated_network_expansion_v1_2_0_2026-08-31
GEO_EGY_354502,Egypt,EGY,Kafr ash Shaykh,Kafr ash Shaykh,30.93991,31.11174,PPLA,candidate consumer or transit catchment,fish|vegetable,GeoNames cities5000 dump; CC BY 4.0,354502,2023-11-29,geolocated national model-support node,"place and coordinate are external records; node role, sink weight and any later flow are model inputs or estimates, not observed shipments",NF_EDFLOW_geolocated_network_expansion_v1_2_0_2026-08-31
GEO_EGY_359280,Egypt,EGY,Banhā,Banha,31.1842,30.45977,PPLA,candidate consumer or transit catchment,fish|vegetable,GeoNames cities5000 dump; CC BY 4.0,359280,2023-11-29,geolocated national model-support node,"place and coordinate are external records; node role, sink weight and any later flow are model inputs or estimates, not observed shipments",NF_EDFLOW_geolocated_network_expansion_v1_2_0_2026-08-31
GEO_EGY_355628,Egypt,EGY,Idkū,Idku,30.2981,31.3073,PPLA2,candidate consumer or transit catchment,fish|vegetable,GeoNames cities5000 dump; CC BY 4.0,355628,2023-11-29,geolocated national model-support node,"place and coordinate are external records; node role, sink weight and any later flow are model inputs or estimates, not observed shipments",NF_EDFLOW_geolocated_network_expansion_v1_2_0_2026-08-31
GEO_EGY_352733,Egypt,EGY,Marsá Maţrūḩ,Marsa Matruh,27.23725,31.3529,PPLA,candidate consumer or transit catchment,fish|vegetable,GeoNames cities5000 dump; CC BY 4.0,352733,2023-11-29,geolocated national model-support node,"place and coordinate are external records; node role, sink weight and any later flow are model inputs or estimates, not observed shipments",NF_EDFLOW_geolocated_network_expansion_v1_2_0_2026-08-31
GEO_EGY_12451089,Egypt,EGY,Al-'Ubūr,Al-'Ubur,31.48149,30.22886,PPLA2,candidate consumer or transit catchment,fish|vegetable,GeoNames cities5000 dump; CC BY 4.0,12451089,2023-11-29,geolocated national model-support node,"place and coordinate are external records; node role, sink weight and any later flow are model inputs or estimates, not observed shipments",NF_EDFLOW_geolocated_network_expansion_v1_2_0_2026-08-31
GEO_EGY_360923,Egypt,EGY,Al Khārjah,Al Kharjah,30.54653,25.45101,PPLA,candidate consumer or transit catchment,fish|vegetable,GeoNames cities5000 dump; CC BY 4.0,360923,2023-11-29,geolocated national model-support node,"place and coordinate are external records; node role, sink weight and any later flow are model inputs or estimates, not observed shipments",NF_EDFLOW_geolocated_network_expansion_v1_2_0_2026-08-31
GEO_ERI_343300,Eritrea,ERI,Asmara,Asmara,38.93184,15.33805,PPLC,major national hub,fish|vegetable,GeoNames cities5000 dump; CC BY 4.0,343300,2021-03-10,geolocated national model-support node,"place and coordinate are external records; node role, sink weight and any later flow are model inputs or estimates, not observed shipments",NF_EDFLOW_geolocated_network_expansion_v1_2_0_2026-08-31
GEO_ERI_333287,Eritrea,ERI,Keren,Keren,38.45107,15.77792,PPLA,major national hub,fish|vegetable,GeoNames cities5000 dump; CC BY 4.0,333287,2021-03-10,geolocated national model-support node,"place and coordinate are external records; node role, sink weight and any later flow are model inputs or estimates, not observed shipments",NF_EDFLOW_geolocated_network_expansion_v1_2_0_2026-08-31
GEO_ERI_330546,Eritrea,ERI,Massawa,Massawa,39.47455,15.60811,PPLA,major national hub,fish|vegetable,GeoNames cities5000 dump; CC BY 4.0,330546,2022-04-18,geolocated national model-support node,"place and coordinate are external records; node role, sink weight and any later flow are model inputs or estimates, not observed shipments",NF_EDFLOW_geolocated_network_expansion_v1_2_0_2026-08-31
GEO_ERI_343386,Eritrea,ERI,Assab,Assab,42.73944,13.00917,PPLA,major national hub,fish|vegetable,GeoNames cities5000 dump; CC BY 4.0,343386,2026-03-31,geolocated national model-support node,"place and coordinate are external records; node role, sink weight and any later flow are model inputs or estimates, not observed shipments",NF_EDFLOW_geolocated_network_expansion_v1_2_0_2026-08-31
GEO_ERI_344901,Eritrea,ERI,Mendefera,Mendefera,38.81528,14.88722,PPLA,major national hub,fish|vegetable,GeoNames cities5000 dump; CC BY 4.0,344901,2021-03-10,geolocated national model-support node,"place and coordinate are external records; node role, sink weight and any later flow are model inputs or estimates, not observed shipments",NF_EDFLOW_geolocated_network_expansion_v1_2_0_2026-08-31
GEO_ERI_342711,Eritrea,ERI,Barentu,Barentu,37.59067,15.10582,PPLA,candidate consumer or transit catchment,fish|vegetable,GeoNames cities5000 dump; CC BY 4.0,342711,2026-04-07,geolocated national model-support node,"place and coordinate are external records; node role, sink weight and any later flow are model inputs or estimates, not observed shipments",NF_EDFLOW_geolocated_network_expansion_v1_2_0_2026-08-31
GEO_ERI_334717,Eritrea,ERI,Himora,Himora,36.60601,14.30427,PPL,candidate consumer or transit catchment,fish|vegetable,GeoNames cities5000 dump; CC BY 4.0,334717,2023-11-30,geolocated national model-support node,"place and coordinate are external records; node role, sink weight and any later flow are model inputs or estimates, not observed shipments",NF_EDFLOW_geolocated_network_expansion_v1_2_0_2026-08-31
GEO_ERI_344783,Eritrea,ERI,Af’abet,Af'abet,38.68729,16.18834,PPL,candidate consumer or transit catchment,fish|vegetable,GeoNames cities5000 dump; CC BY 4.0,344783,2026-08-24,geolocated national model-support node,"place and coordinate are external records; node role, sink weight and any later flow are model inputs or estimates, not observed shipments",NF_EDFLOW_geolocated_network_expansion_v1_2_0_2026-08-31
GEO_ERI_345046,Eritrea,ERI,Adi Keyh,Adi Keyh,39.37722,14.84444,PPL,candidate consumer or transit catchment,fish|vegetable,GeoNames cities5000 dump; CC BY 4.0,345046,2021-03-10,geolocated national model-support node,"place and coordinate are external records; node role, sink weight and any later flow are model inputs or estimates, not observed shipments",NF_EDFLOW_geolocated_network_expansion_v1_2_0_2026-08-31
GEO_ERI_338345,Eritrea,ERI,Edd,Edd,41.6938,13.93088,PPL,candidate consumer or transit catchment,fish|vegetable,GeoNames cities5000 dump; CC BY 4.0,338345,2021-03-10,geolocated national model-support node,"place and coordinate are external records; node role, sink weight and any later flow are model inputs or estimates, not observed shipments",NF_EDFLOW_geolocated_network_expansion_v1_2_0_2026-08-31
GEO_ERI_339537,Eritrea,ERI,Dek’emhāre,Dek'emhare,39.0475,15.07,PPL,candidate consumer or transit catchment,fish|vegetable,GeoNames cities5000 dump; CC BY 4.0,339537,2021-03-10,geolocated national model-support node,"place and coordinate are external records; node role, sink weight and any later flow are model inputs or estimates, not observed shipments",NF_EDFLOW_geolocated_network_expansion_v1_2_0_2026-08-31
GEO_ERI_344426,Eritrea,ERI,Ak’ordat,Ak'ordat,37.88291,15.54798,PPL,candidate consumer or transit catchment,fish|vegetable,GeoNames cities5000 dump; CC BY 4.0,344426,2021-03-10,geolocated national model-support node,"place and coordinate are external records; node role, sink weight and any later flow are model inputs or estimates, not observed shipments",NF_EDFLOW_geolocated_network_expansion_v1_2_0_2026-08-31
GEO_ETH_344979,Ethiopia,ETH,Addis Ababa,Addis Ababa,38.74689,9.02497,PPLC,major national hub,fish|vegetable,GeoNames cities5000 dump; CC BY 4.0,344979,2026-02-23,geolocated national model-support node,"place and coordinate are external records; node role, sink weight and any later flow are model inputs or estimates, not observed shipments",NF_EDFLOW_geolocated_network_expansion_v1_2_0_2026-08-31
GEO_ETH_333795,Ethiopia,ETH,Jijiga,Jijiga,42.8,9.35,PPLA,major national hub,fish|vegetable,GeoNames cities5000 dump; CC BY 4.0,333795,2023-02-13,geolocated national model-support node,"place and coordinate are external records; node role, sink weight and any later flow are model inputs or estimates, not observed shipments",NF_EDFLOW_geolocated_network_expansion_v1_2_0_2026-08-31
GEO_ETH_331180,Ethiopia,ETH,Mek'ele,Mek'ele,39.47528,13.49667,PPLA,major national hub,fish|vegetable,GeoNames cities5000 dump; CC BY 4.0,331180,2025-11-22,geolocated national model-support node,"place and coordinate are external records; node role, sink weight and any later flow are model inputs or estimates, not observed shipments",NF_EDFLOW_geolocated_network_expansion_v1_2_0_2026-08-31
GEO_ETH_343137,Ethiopia,ETH,Awasa,Awasa,38.47635,7.06205,PPLA,major national hub,fish|vegetable,GeoNames cities5000 dump; CC BY 4.0,343137,2025-07-19,geolocated national model-support node,"place and coordinate are external records; node role, sink weight and any later flow are model inputs or estimates, not observed shipments",NF_EDFLOW_geolocated_network_expansion_v1_2_0_2026-08-31
GEO_ETH_342884,Ethiopia,ETH,Bahir Dar,Bahir Dar,37.39077,11.59364,PPLA,major national hub,fish|vegetable,GeoNames cities5000 dump; CC BY 4.0,342884,2023-11-30,geolocated national model-support node,"place and coordinate are external records; node role, sink weight and any later flow are model inputs or estimates, not observed shipments",NF_EDFLOW_geolocated_network_expansion_v1_2_0_2026-08-31
GEO_ETH_338832,Ethiopia,ETH,Dire Dawa,Dire Dawa,41.86611,9.59306,PPLA,candidate consumer or transit catchment,fish|vegetable,GeoNames cities5000 dump; CC BY 4.0,338832,2023-11-30,geolocated national model-support node,"place and coordinate are external records; node role, sink weight and any later flow are model inputs or estimates, not observed shipments",NF_EDFLOW_geolocated_network_expansion_v1_2_0_2026-08-31
GEO_ETH_7910079,Ethiopia,ETH,Sodo,Sodo,37.76159,6.86,PPLA,candidate consumer or transit catchment,fish|vegetable,GeoNames cities5000 dump; CC BY 4.0,7910079,2025-05-01,geolocated national model-support node,"place and coordinate are external records; node role, sink weight and any later flow are model inputs or estimates, not observed shipments",NF_EDFLOW_geolocated_network_expansion_v1_2_0_2026-08-31
GEO_ETH_334609,Ethiopia,ETH,Hosa’ina,Hosa'ina,37.85374,7.54978,PPLA,candidate consumer or transit catchment,fish|vegetable,GeoNames cities5000 dump; CC BY 4.0,334609,2024-06-03,geolocated national model-support node,"place and coordinate are external records; node role, sink weight and any later flow are model inputs or estimates, not observed shipments",NF_EDFLOW_geolocated_network_expansion_v1_2_0_2026-08-31
GEO_ETH_335035,Ethiopia,ETH,Harar,Harar,42.11815,9.31387,PPLA,candidate consumer or transit catchment,fish|vegetable,GeoNames cities5000 dump; CC BY 4.0,335035,2023-11-30,geolocated national model-support node,"place and coordinate are external records; node role, sink weight and any later flow are model inputs or estimates, not observed shipments",NF_EDFLOW_geolocated_network_expansion_v1_2_0_2026-08-31
GEO_ETH_8643798,Ethiopia,ETH,Arsi Negele,Arsi Negele,38.67465,7.3547,PPLA3,candidate consumer or transit catchment,fish|vegetable,GeoNames cities5000 dump; CC BY 4.0,8643798,2026-02-16,geolocated national model-support node,"place and coordinate are external records; node role, sink weight and any later flow are model inputs or estimates, not observed shipments",NF_EDFLOW_geolocated_network_expansion_v1_2_0_2026-08-31
GEO_ETH_337405,Ethiopia,ETH,Gambēla,Gambela,34.58333,8.25,PPLA,candidate consumer or transit catchment,fish|vegetable,GeoNames cities5000 dump; CC BY 4.0,337405,2023-11-30,geolocated national model-support node,"place and coordinate are external records; node role, sink weight and any later flow are model inputs or estimates, not observed shipments",NF_EDFLOW_geolocated_network_expansion_v1_2_0_2026-08-31
GEO_ETH_13308376,Ethiopia,ETH,Gununo,Gununo,37.65263,6.92471,PPLA3,candidate consumer or transit catchment,fish|vegetable,GeoNames cities5000 dump; CC BY 4.0,13308376,2025-07-19,geolocated national model-support node,"place and coordinate are external records; node role, sink weight and any later flow are model inputs or estimates, not observed shipments",NF_EDFLOW_geolocated_network_expansion_v1_2_0_2026-08-31
GEO_ETH_343292,Ethiopia,ETH,Āsosa,Asosa,34.53333,10.06667,PPLA,candidate consumer or transit catchment,fish|vegetable,GeoNames cities5000 dump; CC BY 4.0,343292,2023-11-30,geolocated national model-support node,"place and coordinate are external records; node role, sink weight and any later flow are model inputs or estimates, not observed shipments",NF_EDFLOW_geolocated_network_expansion_v1_2_0_2026-08-31
GEO_ETH_341742,Ethiopia,ETH,Bonga,Bonga,36.24167,7.28889,PPLA,candidate consumer or transit catchment,fish|vegetable,GeoNames cities5000 dump; CC BY 4.0,341742,2024-06-10,geolocated national model-support node,"place and coordinate are external records; node role, sink weight and any later flow are model inputs or estimates, not observed shipments",NF_EDFLOW_geolocated_network_expansion_v1_2_0_2026-08-31
GEO_ETH_6913519,Ethiopia,ETH,Samara,Samara,41.00578,11.79342,PPLA,candidate consumer or transit catchment,fish|vegetable,GeoNames cities5000 dump; CC BY 4.0,6913519,2025-12-11,geolocated national model-support node,"place and coordinate are external records; node role, sink weight and any later flow are model inputs or estimates, not observed shipments",NF_EDFLOW_geolocated_network_expansion_v1_2_0_2026-08-31
GEO_ETH_13308374,Ethiopia,ETH,Badessa,Badessa,37.93619,6.8773,PPLA3,candidate consumer or transit catchment,fish|vegetable,GeoNames cities5000 dump; CC BY 4.0,13308374,2025-07-19,geolocated national model-support node,"place and coordinate are external records; node role, sink weight and any later flow are model inputs or estimates, not observed shipments",NF_EDFLOW_geolocated_network_expansion_v1_2_0_2026-08-31
GEO_ETH_342445,Ethiopia,ETH,Bale Hawassa,Bale Hawassa,37.529,6.919,PPLA3,candidate consumer or transit catchment,fish|vegetable,GeoNames cities5000 dump; CC BY 4.0,342445,2025-07-19,geolocated national model-support node,"place and coordinate are external records; node role, sink weight and any later flow are model inputs or estimates, not observed shipments",NF_EDFLOW_geolocated_network_expansion_v1_2_0_2026-08-31
GEO_ETH_336760,Ethiopia,ETH,Gasuba,Gasuba,37.56667,6.71667,PPLA3,candidate consumer or transit catchment,fish|vegetable,GeoNames cities5000 dump; CC BY 4.0,336760,2025-07-19,geolocated national model-support node,"place and coordinate are external records; node role, sink weight and any later flow are model inputs or estimates, not observed shipments",NF_EDFLOW_geolocated_network_expansion_v1_2_0_2026-08-31
GEO_ETH_13308373,Ethiopia,ETH,Dimtu,Dimtu,38.12513,6.92969,PPLA3,candidate consumer or transit catchment,fish|vegetable,GeoNames cities5000 dump; CC BY 4.0,13308373,2025-07-19,geolocated national model-support node,"place and coordinate are external records; node role, sink weight and any later flow are model inputs or estimates, not observed shipments",NF_EDFLOW_geolocated_network_expansion_v1_2_0_2026-08-31
GEO_ETH_13308383,Ethiopia,ETH,Tebela,Tebela,37.76966,6.70608,PPLA3,candidate consumer or transit catchment,fish|vegetable,GeoNames cities5000 dump; CC BY 4.0,13308383,2026-02-10,geolocated national model-support node,"place and coordinate are external records; node role, sink weight and any later flow are model inputs or estimates, not observed shipments",NF_EDFLOW_geolocated_network_expansion_v1_2_0_2026-08-31
GEO_ETH_13308387,Ethiopia,ETH,Shanto,Shanto,37.86084,7.02355,PPLA3,candidate consumer or transit catchment,fish|vegetable,GeoNames cities5000 dump; CC BY 4.0,13308387,2025-05-01,geolocated national model-support node,"place and coordinate are external records; node role, sink weight and any later flow are model inputs or estimates, not observed shipments",NF_EDFLOW_geolocated_network_expansion_v1_2_0_2026-08-31
GEO_ETH_13308375,Ethiopia,ETH,Bombe,Bombe,37.58195,7.13799,PPLA3,candidate consumer or transit catchment,fish|vegetable,GeoNames cities5000 dump; CC BY 4.0,13308375,2025-07-19,geolocated national model-support node,"place and coordinate are external records; node role, sink weight and any later flow are model inputs or estimates, not observed shipments",NF_EDFLOW_geolocated_network_expansion_v1_2_0_2026-08-31
GEO_ETH_336014,Ethiopia,ETH,Gonder,Gonder,37.46667,12.6,PPL,candidate consumer or transit catchment,fish|vegetable,GeoNames cities5000 dump; CC BY 4.0,336014,2023-11-30,geolocated national model-support node,"place and coordinate are external records; node role, sink weight and any later flow are model inputs or estimates, not observed shipments",NF_EDFLOW_geolocated_network_expansion_v1_2_0_2026-08-31
GEO_ETH_330186,Ethiopia,ETH,Nazrēt,Nazret,39.26667,8.55,PPL,candidate consumer or transit catchment,fish|vegetable,GeoNames cities5000 dump; CC BY 4.0,330186,2023-11-30,geolocated national model-support node,"place and coordinate are external records; node role, sink weight and any later flow are model inputs or estimates, not observed shipments",NF_EDFLOW_geolocated_network_expansion_v1_2_0_2026-08-31
GEO_ETH_326282,Ethiopia,ETH,Warder,Warder,45.34083,6.97444,PPL,candidate consumer or transit catchment,fish|vegetable,GeoNames cities5000 dump; CC BY 4.0,326282,2025-12-11,geolocated national model-support node,"place and coordinate are external records; node role, sink weight and any later flow are model inputs or estimates, not observed shipments",NF_EDFLOW_geolocated_network_expansion_v1_2_0_2026-08-31
GEO_ETH_339219,Ethiopia,ETH,Dessie,Dessie,39.63333,11.13333,PPL,candidate consumer or transit catchment,fish|vegetable,GeoNames cities5000 dump; CC BY 4.0,339219,2023-11-30,geolocated national model-support node,"place and coordinate are external records; node role, sink weight and any later flow are model inputs or estimates, not observed shipments",NF_EDFLOW_geolocated_network_expansion_v1_2_0_2026-08-31
GEO_ETH_333772,Ethiopia,ETH,Jimma,Jimma,36.83441,7.67344,PPL,candidate consumer or transit catchment,fish|vegetable,GeoNames cities5000 dump; CC BY 4.0,333772,2023-11-30,geolocated national model-support node,"place and coordinate are external records; node role, sink weight and any later flow are model inputs or estimates, not observed shipments",NF_EDFLOW_geolocated_network_expansion_v1_2_0_2026-08-31
GEO_ETH_328689,Ethiopia,ETH,Shashamane,Shashamane,38.6,7.2,PPL,candidate consumer or transit catchment,fish|vegetable,GeoNames cities5000 dump; CC BY 4.0,328689,2023-11-30,geolocated national model-support node,"place and coordinate are external records; node role, sink weight and any later flow are model inputs or estimates, not observed shipments",NF_EDFLOW_geolocated_network_expansion_v1_2_0_2026-08-31
GEO_ETH_339666,Ethiopia,ETH,Bishoftu,Bishoftu,38.97846,8.75225,PPL,candidate consumer or transit catchment,fish|vegetable,GeoNames cities5000 dump; CC BY 4.0,339666,2023-11-30,geolocated national model-support node,"place and coordinate are external records; node role, sink weight and any later flow are model inputs or estimates, not observed shipments",NF_EDFLOW_geolocated_network_expansion_v1_2_0_2026-08-31
GEO_ETH_343663,Ethiopia,ETH,Arba Minch,Arba Minch,37.55,6.03333,PPL,candidate consumer or transit catchment,fish|vegetable,GeoNames cities5000 dump; CC BY 4.0,343663,2026-02-10,geolocated national model-support node,"place and coordinate are external records; node role, sink weight and any later flow are model inputs or estimates, not observed shipments",NF_EDFLOW_geolocated_network_expansion_v1_2_0_2026-08-31
GEO_ETH_338998,Ethiopia,ETH,Dīla,Dila,38.31667,6.41667,PPL,candidate consumer or transit catchment,fish|vegetable,GeoNames cities5000 dump; CC BY 4.0,338998,2024-06-06,geolocated national model-support node,"place and coordinate are external records; node role, sink weight and any later flow are model inputs or estimates, not observed shipments",NF_EDFLOW_geolocated_network_expansion_v1_2_0_2026-08-31
GEO_ETH_330118,Ethiopia,ETH,Nek’emtē,Nek'emte,36.55,9.08333,PPL,candidate consumer or transit catchment,fish|vegetable,GeoNames cities5000 dump; CC BY 4.0,330118,2023-11-30,geolocated national model-support node,"place and coordinate are external records; node role, sink weight and any later flow are model inputs or estimates, not observed shipments",NF_EDFLOW_geolocated_network_expansion_v1_2_0_2026-08-31
GEO_ETH_343749,Ethiopia,ETH,Ārabī,Arabi,42.49278,9.96278,PPL,candidate consumer or transit catchment,fish|vegetable,GeoNames cities5000 dump; CC BY 4.0,343749,2023-10-29,geolocated national model-support node,"place and coordinate are external records; node role, sink weight and any later flow are model inputs or estimates, not observed shipments",NF_EDFLOW_geolocated_network_expansion_v1_2_0_2026-08-31
GEO_ETH_339734,Ethiopia,ETH,Debre Birhan,Debre Birhan,39.53262,9.67954,PPL,candidate consumer or transit catchment,fish|vegetable,GeoNames cities5000 dump; CC BY 4.0,339734,2023-11-30,geolocated national model-support node,"place and coordinate are external records; node role, sink weight and any later flow are model inputs or estimates, not observed shipments",NF_EDFLOW_geolocated_network_expansion_v1_2_0_2026-08-31
GEO_ETH_339708,Ethiopia,ETH,Debre Mark’os,Debre Mark'os,37.73333,10.35,PPL,candidate consumer or transit catchment,fish|vegetable,GeoNames cities5000 dump; CC BY 4.0,339708,2023-11-30,geolocated national model-support node,"place and coordinate are external records; node role, sink weight and any later flow are model inputs or estimates, not observed shipments",NF_EDFLOW_geolocated_network_expansion_v1_2_0_2026-08-31
GEO_ETH_343370,Ethiopia,ETH,Āsela,Asela,39.13333,7.95,PPL,candidate consumer or transit catchment,fish|vegetable,GeoNames cities5000 dump; CC BY 4.0,343370,2023-11-30,geolocated national model-support node,"place and coordinate are external records; node role, sink weight and any later flow are model inputs or estimates, not observed shipments",NF_EDFLOW_geolocated_network_expansion_v1_2_0_2026-08-31
GEO_ETH_333373,Ethiopia,ETH,Kombolcha,Kombolcha,39.74339,11.08155,PPL,candidate consumer or transit catchment,fish|vegetable,GeoNames cities5000 dump; CC BY 4.0,333373,2023-11-30,geolocated national model-support node,"place and coordinate are external records; node role, sink weight and any later flow are model inputs or estimates, not observed shipments",NF_EDFLOW_geolocated_network_expansion_v1_2_0_2026-08-31
GEO_ETH_339686,Ethiopia,ETH,Debre Tabor,Debre Tabor,38.01667,11.85,PPL,candidate consumer or transit catchment,fish|vegetable,GeoNames cities5000 dump; CC BY 4.0,339686,2023-11-30,geolocated national model-support node,"place and coordinate are external records; node role, sink weight and any later flow are model inputs or estimates, not observed shipments",NF_EDFLOW_geolocated_network_expansion_v1_2_0_2026-08-31
GEO_ETH_345149,Ethiopia,ETH,Ādīgrat,Adigrat,39.462,14.277,PPL,candidate consumer or transit catchment,fish|vegetable,GeoNames cities5000 dump; CC BY 4.0,345149,2023-11-30,geolocated national model-support node,"place and coordinate are external records; node role, sink weight and any later flow are model inputs or estimates, not observed shipments",NF_EDFLOW_geolocated_network_expansion_v1_2_0_2026-08-31
GEO_ETH_326406,Ethiopia,ETH,Weldiya,Weldiya,39.59164,11.8277,PPL,candidate consumer or transit catchment,fish|vegetable,GeoNames cities5000 dump; CC BY 4.0,326406,2023-11-30,geolocated national model-support node,"place and coordinate are external records; node role, sink weight and any later flow are model inputs or estimates, not observed shipments",NF_EDFLOW_geolocated_network_expansion_v1_2_0_2026-08-31
GEO_ETH_329114,Ethiopia,ETH,Sebeta,Sebeta,38.61667,8.91667,PPL,candidate consumer or transit catchment,fish|vegetable,GeoNames cities5000 dump; CC BY 4.0,329114,2023-11-30,geolocated national model-support node,"place and coordinate are external records; node role, sink weight and any later flow are model inputs or estimates, not observed shipments",NF_EDFLOW_geolocated_network_expansion_v1_2_0_2026-08-31
GEO_ETH_12640444,Ethiopia,ETH,Burayu,Burayu,38.66083,9.03528,PPL,candidate consumer or transit catchment,fish|vegetable,GeoNames cities5000 dump; CC BY 4.0,12640444,2023-11-30,geolocated national model-support node,"place and coordinate are external records; node role, sink weight and any later flow are model inputs or estimates, not observed shipments",NF_EDFLOW_geolocated_network_expansion_v1_2_0_2026-08-31
GEO_ETH_334227,Ethiopia,ETH,Inda Silasē,Inda Silase,38.28289,14.10307,PPL,candidate consumer or transit catchment,fish|vegetable,GeoNames cities5000 dump; CC BY 4.0,334227,2023-11-30,geolocated national model-support node,"place and coordinate are external records; node role, sink weight and any later flow are model inputs or estimates, not observed shipments",NF_EDFLOW_geolocated_network_expansion_v1_2_0_2026-08-31
GEO_ETH_335288,Ethiopia,ETH,Hāgere Hiywet,Hagere Hiywet,37.85,8.98333,PPL,candidate consumer or transit catchment,fish|vegetable,GeoNames cities5000 dump; CC BY 4.0,335288,2023-11-30,geolocated national model-support node,"place and coordinate are external records; node role, sink weight and any later flow are model inputs or estimates, not observed shipments",NF_EDFLOW_geolocated_network_expansion_v1_2_0_2026-08-31
GEO_ETH_344420,Ethiopia,ETH,Aksum,Aksum,38.72337,14.12109,PPL,candidate consumer or transit catchment,fish|vegetable,GeoNames cities5000 dump; CC BY 4.0,344420,2026-08-30,geolocated national model-support node,"place and coordinate are external records; node role, sink weight and any later flow are model inputs or estimates, not observed shipments",NF_EDFLOW_geolocated_network_expansion_v1_2_0_2026-08-31
GEO_ETH_325579,Ethiopia,ETH,Ziway,Ziway,38.71667,7.93333,PPL,candidate consumer or transit catchment,fish|vegetable,GeoNames cities5000 dump; CC BY 4.0,325579,2023-11-30,geolocated national model-support node,"place and coordinate are external records; node role, sink weight and any later flow are model inputs or estimates, not observed shipments",NF_EDFLOW_geolocated_network_expansion_v1_2_0_2026-08-31
GEO_ETH_341297,Ethiopia,ETH,Butajīra,Butajira,38.36667,8.11667,PPL,candidate consumer or transit catchment,fish|vegetable,GeoNames cities5000 dump; CC BY 4.0,341297,2024-06-06,geolocated national model-support node,"place and coordinate are external records; node role, sink weight and any later flow are model inputs or estimates, not observed shipments",NF_EDFLOW_geolocated_network_expansion_v1_2_0_2026-08-31
GEO_ETH_344797,Ethiopia,ETH,Adwa,Adwa,38.89924,14.16347,PPL,candidate consumer or transit catchment,fish|vegetable,GeoNames cities5000 dump; CC BY 4.0,344797,2023-11-30,geolocated national model-support node,"place and coordinate are external records; node role, sink weight and any later flow are model inputs or estimates, not observed shipments",NF_EDFLOW_geolocated_network_expansion_v1_2_0_2026-08-31
GEO_ETH_343593,Ethiopia,ETH,Āreka,Areka,37.7,7.06667,PPL,candidate consumer or transit catchment,fish|vegetable,GeoNames cities5000 dump; CC BY 4.0,343593,2025-05-01,geolocated national model-support node,"place and coordinate are external records; node role, sink weight and any later flow are model inputs or estimates, not observed shipments",NF_EDFLOW_geolocated_network_expansion_v1_2_0_2026-08-31
GEO_ETH_325780,Ethiopia,ETH,Yirga ‘Alem,Yirga 'Alem,38.41667,6.75,PPL,candidate consumer or transit catchment,fish|vegetable,GeoNames cities5000 dump; CC BY 4.0,325780,2024-06-06,geolocated national model-support node,"place and coordinate are external records; node role, sink weight and any later flow are model inputs or estimates, not observed shipments",NF_EDFLOW_geolocated_network_expansion_v1_2_0_2026-08-31
GEO_ETH_336372,Ethiopia,ETH,Waliso,Waliso,37.96515,8.53417,PPL,candidate consumer or transit catchment,fish|vegetable,GeoNames cities5000 dump; CC BY 4.0,336372,2023-11-30,geolocated national model-support node,"place and coordinate are external records; node role, sink weight and any later flow are model inputs or estimates, not observed shipments",NF_EDFLOW_geolocated_network_expansion_v1_2_0_2026-08-31
GEO_ETH_326355,Ethiopia,ETH,Welk’īt’ē,Welk'it'e,37.78333,8.28333,PPL,candidate consumer or transit catchment,fish|vegetable,GeoNames cities5000 dump; CC BY 4.0,326355,2024-06-06,geolocated national model-support node,"place and coordinate are external records; node role, sink weight and any later flow are model inputs or estimates, not observed shipments",NF_EDFLOW_geolocated_network_expansion_v1_2_0_2026-08-31
GEO_ETH_331163,Ethiopia,ETH,Mek’ī,Mek'i,38.81667,8.15,PPL,candidate consumer or transit catchment,fish|vegetable,GeoNames cities5000 dump; CC BY 4.0,331163,2023-11-30,geolocated national model-support node,"place and coordinate are external records; node role, sink weight and any later flow are model inputs or estimates, not observed shipments",NF_EDFLOW_geolocated_network_expansion_v1_2_0_2026-08-31
GEO_ETH_330134,Ethiopia,ETH,Negēlē,Negele,39.58333,5.31667,PPL,candidate consumer or transit catchment,fish|vegetable,GeoNames cities5000 dump; CC BY 4.0,330134,2023-11-30,geolocated national model-support node,"place and coordinate are external records; node role, sink weight and any later flow are model inputs or estimates, not observed shipments",NF_EDFLOW_geolocated_network_expansion_v1_2_0_2026-08-31
GEO_ETH_332880,Ethiopia,ETH,K’olīto,K'olito,38.08333,7.31667,PPL,candidate consumer or transit catchment,fish|vegetable,GeoNames cities5000 dump; CC BY 4.0,332880,2024-06-06,geolocated national model-support node,"place and coordinate are external records; node role, sink weight and any later flow are model inputs or estimates, not observed shipments",NF_EDFLOW_geolocated_network_expansion_v1_2_0_2026-08-31
GEO_ETH_344357,Ethiopia,ETH,Alamata,Alamata,39.55971,12.416,PPL,candidate consumer or transit catchment,fish|vegetable,GeoNames cities5000 dump; CC BY 4.0,344357,2023-11-30,geolocated national model-support node,"place and coordinate are external records; node role, sink weight and any later flow are model inputs or estimates, not observed shipments",NF_EDFLOW_geolocated_network_expansion_v1_2_0_2026-08-31
GEO_ETH_340573,Ethiopia,ETH,Ciro,Ciro,38.23333,7.83333,PPL,candidate consumer or transit catchment,fish|vegetable,GeoNames cities5000 dump; CC BY 4.0,340573,2024-06-06,geolocated national model-support node,"place and coordinate are external records; node role, sink weight and any later flow are model inputs or estimates, not observed shipments",NF_EDFLOW_geolocated_network_expansion_v1_2_0_2026-08-31
GEO_ETH_336259,Ethiopia,ETH,Gode,Gode,43.55186,5.95056,PPL,candidate consumer or transit catchment,fish|vegetable,GeoNames cities5000 dump; CC BY 4.0,336259,2023-11-30,geolocated national model-support node,"place and coordinate are external records; node role, sink weight and any later flow are model inputs or estimates, not observed shipments",NF_EDFLOW_geolocated_network_expansion_v1_2_0_2026-08-31
GEO_ETH_327694,Ethiopia,ETH,Tēpī,Tepi,35.45,7.2,PPL,candidate consumer or transit catchment,fish|vegetable,GeoNames cities5000 dump; CC BY 4.0,327694,2024-06-06,geolocated national model-support node,"place and coordinate are external records; node role, sink weight and any later flow are model inputs or estimates, not observed shipments",NF_EDFLOW_geolocated_network_expansion_v1_2_0_2026-08-31
GEO_ETH_336350,Ethiopia,ETH,Goba,Goba,39.98333,7.01667,PPL,candidate consumer or transit catchment,fish|vegetable,GeoNames cities5000 dump; CC BY 4.0,336350,2023-11-30,geolocated national model-support node,"place and coordinate are external records; node role, sink weight and any later flow are model inputs or estimates, not observed shipments",NF_EDFLOW_geolocated_network_expansion_v1_2_0_2026-08-31
GEO_ETH_338404,Ethiopia,ETH,Duramē,Durame,37.88333,7.23333,PPL,candidate consumer or transit catchment,fish|vegetable,GeoNames cities5000 dump; CC BY 4.0,338404,2024-06-06,geolocated national model-support node,"place and coordinate are external records; node role, sink weight and any later flow are model inputs or estimates, not observed shipments",NF_EDFLOW_geolocated_network_expansion_v1_2_0_2026-08-31
GEO_ETH_341877,Ethiopia,ETH,Bodītī,Boditi,37.86667,6.96667,PPL,candidate consumer or transit catchment,fish|vegetable,GeoNames cities5000 dump; CC BY 4.0,341877,2025-05-01,geolocated national model-support node,"place and coordinate are external records; node role, sink weight and any later flow are model inputs or estimates, not observed shipments",NF_EDFLOW_geolocated_network_expansion_v1_2_0_2026-08-31
GEO_ETH_336496,Ethiopia,ETH,Gimbi,Gimbi,35.83491,9.17031,PPL,candidate consumer or transit catchment,fish|vegetable,GeoNames cities5000 dump; CC BY 4.0,336496,2023-11-30,geolocated national model-support node,"place and coordinate are external records; node role, sink weight and any later flow are model inputs or estimates, not observed shipments",NF_EDFLOW_geolocated_network_expansion_v1_2_0_2026-08-31
GEO_ETH_326116,Ethiopia,ETH,Wik’ro,Wik'ro,39.60303,13.79525,PPL,candidate consumer or transit catchment,fish|vegetable,GeoNames cities5000 dump; CC BY 4.0,326116,2023-11-30,geolocated national model-support node,"place and coordinate are external records; node role, sink weight and any later flow are model inputs or estimates, not observed shipments",NF_EDFLOW_geolocated_network_expansion_v1_2_0_2026-08-31
GEO_ETH_344282,Ethiopia,ETH,‘Alemaya,'Alemaya,42.00967,9.39334,PPL,candidate consumer or transit catchment,fish|vegetable,GeoNames cities5000 dump; CC BY 4.0,344282,2023-11-30,geolocated national model-support node,"place and coordinate are external records; node role, sink weight and any later flow are model inputs or estimates, not observed shipments",NF_EDFLOW_geolocated_network_expansion_v1_2_0_2026-08-31
GEO_ETH_330534,Ethiopia,ETH,Mīzan Teferī,Mizan Teferi,35.58879,6.99865,PPL,candidate consumer or transit catchment,fish|vegetable,GeoNames cities5000 dump; CC BY 4.0,330534,2024-06-06,geolocated national model-support node,"place and coordinate are external records; node role, sink weight and any later flow are model inputs or estimates, not observed shipments",NF_EDFLOW_geolocated_network_expansion_v1_2_0_2026-08-31
GEO_ETH_330491,Ethiopia,ETH,Mojo,Mojo,39.12111,8.58679,PPL,candidate consumer or transit catchment,fish|vegetable,GeoNames cities5000 dump; CC BY 4.0,330491,2023-11-30,geolocated national model-support node,"place and coordinate are external records; node role, sink weight and any later flow are model inputs or estimates, not observed shipments",NF_EDFLOW_geolocated_network_expansion_v1_2_0_2026-08-31
GEO_ETH_339448,Ethiopia,ETH,Dembī Dolo,Dembi Dolo,34.8,8.53333,PPL,candidate consumer or transit catchment,fish|vegetable,GeoNames cities5000 dump; CC BY 4.0,339448,2023-11-30,geolocated national model-support node,"place and coordinate are external records; node role, sink weight and any later flow are model inputs or estimates, not observed shipments",NF_EDFLOW_geolocated_network_expansion_v1_2_0_2026-08-31
GEO_ETH_337853,Ethiopia,ETH,Felege Neway,Felege Neway,36.88333,6.3,PPL,candidate consumer or transit catchment,fish|vegetable,GeoNames cities5000 dump; CC BY 4.0,337853,2024-06-06,geolocated national model-support node,"place and coordinate are external records; node role, sink weight and any later flow are model inputs or estimates, not observed shipments",NF_EDFLOW_geolocated_network_expansion_v1_2_0_2026-08-31
GEO_ETH_330764,Ethiopia,ETH,Metu,Metu,35.58333,8.3,PPL,candidate consumer or transit catchment,fish|vegetable,GeoNames cities5000 dump; CC BY 4.0,330764,2023-11-30,geolocated national model-support node,"place and coordinate are external records; node role, sink weight and any later flow are model inputs or estimates, not observed shipments",NF_EDFLOW_geolocated_network_expansion_v1_2_0_2026-08-31
GEO_ETH_326321,Ethiopia,ETH,Wendo,Wendo,38.41667,6.6,PPL,candidate consumer or transit catchment,fish|vegetable,GeoNames cities5000 dump; CC BY 4.0,326321,2024-06-06,geolocated national model-support node,"place and coordinate are external records; node role, sink weight and any later flow are model inputs or estimates, not observed shipments",NF_EDFLOW_geolocated_network_expansion_v1_2_0_2026-08-31
GEO_ETH_330425,Ethiopia,ETH,Mot’a,Mot'a,37.86667,11.08333,PPL,candidate consumer or transit catchment,fish|vegetable,GeoNames cities5000 dump; CC BY 4.0,330425,2023-11-30,geolocated national model-support node,"place and coordinate are external records; node role, sink weight and any later flow are model inputs or estimates, not observed shipments",NF_EDFLOW_geolocated_network_expansion_v1_2_0_2026-08-31
GEO_ETH_337712,Ethiopia,ETH,Finote Selam,Finote Selam,37.26667,10.7,PPL,candidate consumer or transit catchment,fish|vegetable,GeoNames cities5000 dump; CC BY 4.0,337712,2023-11-30,geolocated national model-support node,"place and coordinate are external records; node role, sink weight and any later flow are model inputs or estimates, not observed shipments",NF_EDFLOW_geolocated_network_expansion_v1_2_0_2026-08-31
GEO_ETH_344620,Ethiopia,ETH,Hagere Maryam,Hagere Maryam,38.23603,5.63418,PPL,candidate consumer or transit catchment,fish|vegetable,GeoNames cities5000 dump; CC BY 4.0,344620,2023-11-30,geolocated national model-support node,"place and coordinate are external records; node role, sink weight and any later flow are model inputs or estimates, not observed shipments",NF_EDFLOW_geolocated_network_expansion_v1_2_0_2026-08-31
GEO_ETH_337771,Ethiopia,ETH,Fichē,Fiche,38.73333,9.8,PPL,candidate consumer or transit catchment,fish|vegetable,GeoNames cities5000 dump; CC BY 4.0,337771,2023-11-30,geolocated national model-support node,"place and coordinate are external records; node role, sink weight and any later flow are model inputs or estimates, not observed shipments",NF_EDFLOW_geolocated_network_expansion_v1_2_0_2026-08-31
GEO_ETH_8620932,Ethiopia,ETH,Kobo,Kobo,39.8528,10.02798,PPL,candidate consumer or transit catchment,fish|vegetable,GeoNames cities5000 dump; CC BY 4.0,8620932,2023-11-30,geolocated national model-support node,"place and coordinate are external records; node role, sink weight and any later flow are model inputs or estimates, not observed shipments",NF_EDFLOW_geolocated_network_expansion_v1_2_0_2026-08-31
GEO_ETH_340008,Ethiopia,ETH,Dangila,Dangila,36.83333,11.26667,PPL,candidate consumer or transit catchment,fish|vegetable,GeoNames cities5000 dump; CC BY 4.0,340008,2023-11-30,geolocated national model-support node,"place and coordinate are external records; node role, sink weight and any later flow are model inputs or estimates, not observed shipments",NF_EDFLOW_geolocated_network_expansion_v1_2_0_2026-08-31
GEO_ETH_333750,Ethiopia,ETH,Jinka,Jinka,36.65,5.65,PPL,candidate consumer or transit catchment,fish|vegetable,GeoNames cities5000 dump; CC BY 4.0,333750,2024-06-06,geolocated national model-support node,"place and coordinate are external records; node role, sink weight and any later flow are model inputs or estimates, not observed shipments",NF_EDFLOW_geolocated_network_expansion_v1_2_0_2026-08-31
GEO_ETH_344661,Ethiopia,ETH,Āgaro,Agaro,36.65,7.85,PPL,candidate consumer or transit catchment,fish|vegetable,GeoNames cities5000 dump; CC BY 4.0,344661,2023-11-30,geolocated national model-support node,"place and coordinate are external records; node role, sink weight and any later flow are model inputs or estimates, not observed shipments",NF_EDFLOW_geolocated_network_expansion_v1_2_0_2026-08-31
GEO_ETH_11048860,Ethiopia,ETH,Chagni,Chagni,36.50456,10.95627,PPLL,candidate consumer or transit catchment,fish|vegetable,GeoNames cities5000 dump; CC BY 4.0,11048860,2023-11-30,geolocated national model-support node,"place and coordinate are external records; node role, sink weight and any later flow are model inputs or estimates, not observed shipments",NF_EDFLOW_geolocated_network_expansion_v1_2_0_2026-08-31
GEO_GAB_2399697,Gabon,GAB,Libreville,Libreville,9.45356,0.39241,PPLC,major national hub,fish|vegetable,GeoNames cities5000 dump; CC BY 4.0,2399697,2023-12-01,geolocated national model-support node,"place and coordinate are external records; node role, sink weight and any later flow are model inputs or estimates, not observed shipments",NF_EDFLOW_geolocated_network_expansion_v1_2_0_2026-08-31
GEO_GAB_2396518,Gabon,GAB,Port-Gentil,Port-Gentil,8.78151,-0.71933,PPLA,major national hub,fish|vegetable,GeoNames cities5000 dump; CC BY 4.0,2396518,2023-12-01,geolocated national model-support node,"place and coordinate are external records; node role, sink weight and any later flow are model inputs or estimates, not observed shipments",NF_EDFLOW_geolocated_network_expansion_v1_2_0_2026-08-31
GEO_GAB_2400555,Gabon,GAB,Franceville,Franceville,13.58357,-1.63333,PPLA,major national hub,fish|vegetable,GeoNames cities5000 dump; CC BY 4.0,2400555,2023-12-01,geolocated national model-support node,"place and coordinate are external records; node role, sink weight and any later flow are model inputs or estimates, not observed shipments",NF_EDFLOW_geolocated_network_expansion_v1_2_0_2026-08-31
GEO_GAB_2396646,Gabon,GAB,Oyem,Oyem,11.57933,1.5995,PPLA,major national hub,fish|vegetable,GeoNames cities5000 dump; CC BY 4.0,2396646,2025-12-16,geolocated national model-support node,"place and coordinate are external records; node role, sink weight and any later flow are model inputs or estimates, not observed shipments",NF_EDFLOW_geolocated_network_expansion_v1_2_0_2026-08-31
GEO_GAB_2399888,Gabon,GAB,Lambaréné,Lambarene,10.24055,-0.7001,PPLA,major national hub,fish|vegetable,GeoNames cities5000 dump; CC BY 4.0,2399888,2023-12-01,geolocated national model-support node,"place and coordinate are external records; node role, sink weight and any later flow are model inputs or estimates, not observed shipments",NF_EDFLOW_geolocated_network_expansion_v1_2_0_2026-08-31
GEO_GAB_2398073,Gabon,GAB,Mouila,Mouila,11.05594,-1.86846,PPLA,candidate consumer or transit catchment,fish|vegetable,GeoNames cities5000 dump; CC BY 4.0,2398073,2023-12-01,geolocated national model-support node,"place and coordinate are external records; node role, sink weight and any later flow are model inputs or estimates, not observed shipments",NF_EDFLOW_geolocated_network_expansion_v1_2_0_2026-08-31
GEO_GAB_2396253,Gabon,GAB,Tchibanga,Tchibanga,10.98178,-2.93323,PPLA,candidate consumer or transit catchment,fish|vegetable,GeoNames cities5000 dump; CC BY 4.0,2396253,2023-12-01,geolocated national model-support node,"place and coordinate are external records; node role, sink weight and any later flow are model inputs or estimates, not observed shipments",NF_EDFLOW_geolocated_network_expansion_v1_2_0_2026-08-31
GEO_GAB_2399959,Gabon,GAB,Koulamoutou,Koulamoutou,12.46399,-1.13667,PPLA,candidate consumer or transit catchment,fish|vegetable,GeoNames cities5000 dump; CC BY 4.0,2399959,2026-08-30,geolocated national model-support node,"place and coordinate are external records; node role, sink weight and any later flow are model inputs or estimates, not observed shipments",NF_EDFLOW_geolocated_network_expansion_v1_2_0_2026-08-31
GEO_GAB_2399371,Gabon,GAB,Makokou,Makokou,12.86419,0.57381,PPLA,candidate consumer or transit catchment,fish|vegetable,GeoNames cities5000 dump; CC BY 4.0,2399371,2026-08-30,geolocated national model-support node,"place and coordinate are external records; node role, sink weight and any later flow are model inputs or estimates, not observed shipments",NF_EDFLOW_geolocated_network_expansion_v1_2_0_2026-08-31
GEO_GAB_2396657,Gabon,GAB,Owendo,Owendo,9.50465,0.29123,PPL,candidate consumer or transit catchment,fish|vegetable,GeoNames cities5000 dump; CC BY 4.0,2396657,2023-12-01,geolocated national model-support node,"place and coordinate are external records; node role, sink weight and any later flow are model inputs or estimates, not observed shipments",NF_EDFLOW_geolocated_network_expansion_v1_2_0_2026-08-31
GEO_GAB_2398269,Gabon,GAB,Moanda,Moanda,13.1987,-1.56652,PPL,candidate consumer or transit catchment,fish|vegetable,GeoNames cities5000 dump; CC BY 4.0,2398269,2023-12-01,geolocated national model-support node,"place and coordinate are external records; node role, sink weight and any later flow are model inputs or estimates, not observed shipments",NF_EDFLOW_geolocated_network_expansion_v1_2_0_2026-08-31
GEO_GAB_2397169,Gabon,GAB,Ntoum,Ntoum,9.76096,0.39051,PPL,candidate consumer or transit catchment,fish|vegetable,GeoNames cities5000 dump; CC BY 4.0,2397169,2023-12-01,geolocated national model-support node,"place and coordinate are external records; node role, sink weight and any later flow are model inputs or estimates, not observed shipments",NF_EDFLOW_geolocated_network_expansion_v1_2_0_2026-08-31
GEO_GAB_12640495,Gabon,GAB,Akanda,Akanda,9.32933,0.60732,PPL,candidate consumer or transit catchment,fish|vegetable,GeoNames cities5000 dump; CC BY 4.0,12640495,2023-12-01,geolocated national model-support node,"place and coordinate are external records; node role, sink weight and any later flow are model inputs or estimates, not observed shipments",NF_EDFLOW_geolocated_network_expansion_v1_2_0_2026-08-31
GEO_GAB_2401578,Gabon,GAB,Bitam,Bitam,11.50065,2.07597,PPL,candidate consumer or transit catchment,fish|vegetable,GeoNames cities5000 dump; CC BY 4.0,2401578,2023-12-01,geolocated national model-support node,"place and coordinate are external records; node role, sink weight and any later flow are model inputs or estimates, not observed shipments",NF_EDFLOW_geolocated_network_expansion_v1_2_0_2026-08-31
GEO_GAB_2396651,Gabon,GAB,Oyam,Oyam,10.68333,-0.2,PPL,candidate consumer or transit catchment,fish|vegetable,GeoNames cities5000 dump; CC BY 4.0,2396651,2025-11-01,geolocated national model-support node,"place and coordinate are external records; node role, sink weight and any later flow are model inputs or estimates, not observed shipments",NF_EDFLOW_geolocated_network_expansion_v1_2_0_2026-08-31
GEO_GAB_2399870,Gabon,GAB,Lastoursville,Lastoursville,12.70818,-0.81742,PPL,candidate consumer or transit catchment,fish|vegetable,GeoNames cities5000 dump; CC BY 4.0,2399870,2023-12-01,geolocated national model-support node,"place and coordinate are external records; node role, sink weight and any later flow are model inputs or estimates, not observed shipments",NF_EDFLOW_geolocated_network_expansion_v1_2_0_2026-08-31
GEO_GAB_2396145,Gabon,GAB,Tsogni,Tsogni,10.16058,-2.80365,PPL,candidate consumer or transit catchment,fish|vegetable,GeoNames cities5000 dump; CC BY 4.0,2396145,2025-11-01,geolocated national model-support node,"place and coordinate are external records; node role, sink weight and any later flow are model inputs or estimates, not observed shipments",NF_EDFLOW_geolocated_network_expansion_v1_2_0_2026-08-31
GEO_GAB_2396898,Gabon,GAB,Okondja,Okondja,13.67533,-0.65487,PPL,candidate consumer or transit catchment,fish|vegetable,GeoNames cities5000 dump; CC BY 4.0,2396898,2023-12-01,geolocated national model-support node,"place and coordinate are external records; node role, sink weight and any later flow are model inputs or estimates, not observed shipments",NF_EDFLOW_geolocated_network_expansion_v1_2_0_2026-08-31
GEO_GAB_2400547,Gabon,GAB,Gamba,Gamba,10.0,-2.65,PPL,candidate consumer or transit catchment,fish|vegetable,GeoNames cities5000 dump; CC BY 4.0,2400547,2023-12-01,geolocated national model-support node,"place and coordinate are external records; node role, sink weight and any later flow are model inputs or estimates, not observed shipments",NF_EDFLOW_geolocated_network_expansion_v1_2_0_2026-08-31
GEO_GAB_2398283,Gabon,GAB,Mitzic,Mitzic,11.54904,0.78205,PPL,candidate consumer or transit catchment,fish|vegetable,GeoNames cities5000 dump; CC BY 4.0,2398283,2023-12-01,geolocated national model-support node,"place and coordinate are external records; node role, sink weight and any later flow are model inputs or estimates, not observed shipments",NF_EDFLOW_geolocated_network_expansion_v1_2_0_2026-08-31
GEO_GAB_2399857,Gabon,GAB,Lébamba,Lebamba,11.46978,-2.21213,PPL,candidate consumer or transit catchment,fish|vegetable,GeoNames cities5000 dump; CC BY 4.0,2399857,2023-12-01,geolocated national model-support node,"place and coordinate are external records; node role, sink weight and any later flow are model inputs or estimates, not observed shipments",NF_EDFLOW_geolocated_network_expansion_v1_2_0_2026-08-31
GEO_GAB_2399831,Gabon,GAB,Lékoni,Lekoni,14.25905,-1.58431,PPL,candidate consumer or transit catchment,fish|vegetable,GeoNames cities5000 dump; CC BY 4.0,2399831,2023-12-01,geolocated national model-support node,"place and coordinate are external records; node role, sink weight and any later flow are model inputs or estimates, not observed shipments",NF_EDFLOW_geolocated_network_expansion_v1_2_0_2026-08-31
GEO_GAB_2397978,Gabon,GAB,Mounana,Mounana,13.15857,-1.4085,PPL,candidate consumer or transit catchment,fish|vegetable,GeoNames cities5000 dump; CC BY 4.0,2397978,2012-01-18,geolocated national model-support node,"place and coordinate are external records; node role, sink weight and any later flow are model inputs or estimates, not observed shipments",NF_EDFLOW_geolocated_network_expansion_v1_2_0_2026-08-31
GEO_GAB_2400578,Gabon,GAB,Fougamou,Fougamou,10.58378,-1.21544,PPL,candidate consumer or transit catchment,fish|vegetable,GeoNames cities5000 dump; CC BY 4.0,2400578,2023-12-01,geolocated national model-support node,"place and coordinate are external records; node role, sink weight and any later flow are model inputs or estimates, not observed shipments",NF_EDFLOW_geolocated_network_expansion_v1_2_0_2026-08-31
GEO_GAB_2397674,Gabon,GAB,Ndjolé,Ndjole,10.76488,-0.17827,PPL,candidate consumer or transit catchment,fish|vegetable,GeoNames cities5000 dump; CC BY 4.0,2397674,2023-12-01,geolocated national model-support node,"place and coordinate are external records; node role, sink weight and any later flow are model inputs or estimates, not observed shipments",NF_EDFLOW_geolocated_network_expansion_v1_2_0_2026-08-31
GEO_GAB_2402493,Gabon,GAB,Akiéni,Akieni,13.87562,-1.17454,PPL,candidate consumer or transit catchment,fish|vegetable,GeoNames cities5000 dump; CC BY 4.0,2402493,2023-12-01,geolocated national model-support node,"place and coordinate are external records; node role, sink weight and any later flow are model inputs or estimates, not observed shipments",NF_EDFLOW_geolocated_network_expansion_v1_2_0_2026-08-31
GEO_GAB_2398764,Gabon,GAB,Mékambo,Mekambo,13.95938,1.00652,PPL,candidate consumer or transit catchment,fish|vegetable,GeoNames cities5000 dump; CC BY 4.0,2398764,2023-12-01,geolocated national model-support node,"place and coordinate are external records; node role, sink weight and any later flow are model inputs or estimates, not observed shipments",NF_EDFLOW_geolocated_network_expansion_v1_2_0_2026-08-31
GEO_GAB_2401495,Gabon,GAB,Booué,Booue,11.93846,-0.09207,PPL,candidate consumer or transit catchment,fish|vegetable,GeoNames cities5000 dump; CC BY 4.0,2401495,2023-12-01,geolocated national model-support node,"place and coordinate are external records; node role, sink weight and any later flow are model inputs or estimates, not observed shipments",NF_EDFLOW_geolocated_network_expansion_v1_2_0_2026-08-31
GEO_GAB_2397614,Gabon,GAB,Ndendé,Ndende,11.35813,-2.40077,PPL,candidate consumer or transit catchment,fish|vegetable,GeoNames cities5000 dump; CC BY 4.0,2397614,2023-12-01,geolocated national model-support node,"place and coordinate are external records; node role, sink weight and any later flow are model inputs or estimates, not observed shipments",NF_EDFLOW_geolocated_network_expansion_v1_2_0_2026-08-31
GEO_GAB_2398929,Gabon,GAB,Mbigou,Mbigou,11.906,-1.90046,PPL,candidate consumer or transit catchment,fish|vegetable,GeoNames cities5000 dump; CC BY 4.0,2398929,2023-12-01,geolocated national model-support node,"place and coordinate are external records; node role, sink weight and any later flow are model inputs or estimates, not observed shipments",NF_EDFLOW_geolocated_network_expansion_v1_2_0_2026-08-31
GEO_GHA_2298890,Ghana,GHA,Kumasi,Kumasi,-1.62443,6.68848,PPLA,major national hub,fish|vegetable,GeoNames cities5000 dump; CC BY 4.0,2298890,2024-06-22,geolocated national model-support node,"place and coordinate are external records; node role, sink weight and any later flow are model inputs or estimates, not observed shipments",NF_EDFLOW_geolocated_network_expansion_v1_2_0_2026-08-31
GEO_GHA_2306104,Ghana,GHA,Accra,Accra,-0.1969,5.55602,PPLC,major national hub,fish|vegetable,GeoNames cities5000 dump; CC BY 4.0,2306104,2026-04-29,geolocated national model-support node,"place and coordinate are external records; node role, sink weight and any later flow are model inputs or estimates, not observed shipments",NF_EDFLOW_geolocated_network_expansion_v1_2_0_2026-08-31
GEO_GHA_2294877,Ghana,GHA,Tamale,Tamale,-0.8393,9.40079,PPLA,major national hub,fish|vegetable,GeoNames cities5000 dump; CC BY 4.0,2294877,2023-12-01,geolocated national model-support node,"place and coordinate are external records; node role, sink weight and any later flow are model inputs or estimates, not observed shipments",NF_EDFLOW_geolocated_network_expansion_v1_2_0_2026-08-31
GEO_GHA_11808941,Ghana,GHA,Sekondi,Sekondi,-1.71454,4.93422,PPLA2,major national hub,fish|vegetable,GeoNames cities5000 dump; CC BY 4.0,11808941,2023-12-01,geolocated national model-support node,"place and coordinate are external records; node role, sink weight and any later flow are model inputs or estimates, not observed shipments",NF_EDFLOW_geolocated_network_expansion_v1_2_0_2026-08-31
GEO_GHA_2302357,Ghana,GHA,Cape Coast,Cape Coast,-1.2466,5.10535,PPLA,major national hub,fish|vegetable,GeoNames cities5000 dump; CC BY 4.0,2302357,2023-12-01,geolocated national model-support node,"place and coordinate are external records; node role, sink weight and any later flow are model inputs or estimates, not observed shipments",NF_EDFLOW_geolocated_network_expansion_v1_2_0_2026-08-31
GEO_GHA_2299522,Ghana,GHA,Koforidua,Koforidua,-0.25913,6.09408,PPLA,candidate consumer or transit catchment,fish|vegetable,GeoNames cities5000 dump; CC BY 4.0,2299522,2023-12-01,geolocated national model-support node,"place and coordinate are external records; node role, sink weight and any later flow are model inputs or estimates, not observed shipments",NF_EDFLOW_geolocated_network_expansion_v1_2_0_2026-08-31
GEO_GHA_2295458,Ghana,GHA,Sekondi-Takoradi,Sekondi-Takoradi,-1.75773,4.92678,PPLA,candidate consumer or transit catchment,fish|vegetable,GeoNames cities5000 dump; CC BY 4.0,2295458,2019-12-06,geolocated national model-support node,"place and coordinate are external records; node role, sink weight and any later flow are model inputs or estimates, not observed shipments",NF_EDFLOW_geolocated_network_expansion_v1_2_0_2026-08-31
GEO_GHA_2300379,Ghana,GHA,Ho,Ho,0.4713,6.60084,PPLA,candidate consumer or transit catchment,fish|vegetable,GeoNames cities5000 dump; CC BY 4.0,2300379,2023-12-01,geolocated national model-support node,"place and coordinate are external records; node role, sink weight and any later flow are model inputs or estimates, not observed shipments",NF_EDFLOW_geolocated_network_expansion_v1_2_0_2026-08-31
GEO_GHA_2300182,Ghana,GHA,Japekrom,Japekrom,-2.78516,7.5758,PPLA2,candidate consumer or transit catchment,fish|vegetable,GeoNames cities5000 dump; CC BY 4.0,2300182,2019-12-08,geolocated national model-support node,"place and coordinate are external records; node role, sink weight and any later flow are model inputs or estimates, not observed shipments",NF_EDFLOW_geolocated_network_expansion_v1_2_0_2026-08-31
GEO_GHA_2295021,Ghana,GHA,Sunyani,Sunyani,-2.32676,7.33991,PPLA,candidate consumer or transit catchment,fish|vegetable,GeoNames cities5000 dump; CC BY 4.0,2295021,2023-12-01,geolocated national model-support node,"place and coordinate are external records; node role, sink weight and any later flow are model inputs or estimates, not observed shipments",NF_EDFLOW_geolocated_network_expansion_v1_2_0_2026-08-31
GEO_GHA_2300372,Ghana,GHA,Hohoe,Hohoe,0.47362,7.15181,PPLA2,candidate consumer or transit catchment,fish|vegetable,GeoNames cities5000 dump; CC BY 4.0,2300372,2023-12-01,geolocated national model-support node,"place and coordinate are external records; node role, sink weight and any later flow are model inputs or estimates, not observed shipments",NF_EDFLOW_geolocated_network_expansion_v1_2_0_2026-08-31
GEO_GHA_2294727,Ghana,GHA,Techiman,Techiman,-1.93947,7.59054,PPLA,candidate consumer or transit catchment,fish|vegetable,GeoNames cities5000 dump; CC BY 4.0,2294727,2023-12-01,geolocated national model-support node,"place and coordinate are external records; node role, sink weight and any later flow are model inputs or estimates, not observed shipments",NF_EDFLOW_geolocated_network_expansion_v1_2_0_2026-08-31
GEO_GHA_2302821,Ghana,GHA,Bolgatanga,Bolgatanga,-0.85139,10.78556,PPLA,candidate consumer or transit catchment,fish|vegetable,GeoNames cities5000 dump; CC BY 4.0,2302821,2023-12-01,geolocated national model-support node,"place and coordinate are external records; node role, sink weight and any later flow are model inputs or estimates, not observed shipments",NF_EDFLOW_geolocated_network_expansion_v1_2_0_2026-08-31
GEO_GHA_2294206,Ghana,GHA,Wa,Wa,-2.50192,10.06069,PPLA,candidate consumer or transit catchment,fish|vegetable,GeoNames cities5000 dump; CC BY 4.0,2294206,2019-12-08,geolocated national model-support node,"place and coordinate are external records; node role, sink weight and any later flow are model inputs or estimates, not observed shipments",NF_EDFLOW_geolocated_network_expansion_v1_2_0_2026-08-31
GEO_GHA_12640506,Ghana,GHA,Nkawkaw,Nkawkaw,-0.76264,6.54584,PPLA2,candidate consumer or transit catchment,fish|vegetable,GeoNames cities5000 dump; CC BY 4.0,12640506,2025-12-23,geolocated national model-support node,"place and coordinate are external records; node role, sink weight and any later flow are model inputs or estimates, not observed shipments",NF_EDFLOW_geolocated_network_expansion_v1_2_0_2026-08-31
GEO_GHA_2302002,Ghana,GHA,Damongo,Damongo,-1.81884,9.08296,PPLA,candidate consumer or transit catchment,fish|vegetable,GeoNames cities5000 dump; CC BY 4.0,2302002,2023-12-01,geolocated national model-support node,"place and coordinate are external records; node role, sink weight and any later flow are model inputs or estimates, not observed shipments",NF_EDFLOW_geolocated_network_expansion_v1_2_0_2026-08-31
GEO_GHA_2301424,Ghana,GHA,Dambai,Dambai,0.17947,8.06616,PPLA,candidate consumer or transit catchment,fish|vegetable,GeoNames cities5000 dump; CC BY 4.0,2301424,2023-12-01,geolocated national model-support node,"place and coordinate are external records; node role, sink weight and any later flow are model inputs or estimates, not observed shipments",NF_EDFLOW_geolocated_network_expansion_v1_2_0_2026-08-31
GEO_GHA_2300749,Ghana,GHA,Goaso,Goaso,-2.5172,6.80355,PPLA,candidate consumer or transit catchment,fish|vegetable,GeoNames cities5000 dump; CC BY 4.0,2300749,2023-12-01,geolocated national model-support node,"place and coordinate are external records; node role, sink weight and any later flow are model inputs or estimates, not observed shipments",NF_EDFLOW_geolocated_network_expansion_v1_2_0_2026-08-31
GEO_GHA_2297661,Ghana,GHA,Nalerigu,Nalerigu,-0.36982,10.52726,PPLA,candidate consumer or transit catchment,fish|vegetable,GeoNames cities5000 dump; CC BY 4.0,2297661,2023-12-01,geolocated national model-support node,"place and coordinate are external records; node role, sink weight and any later flow are model inputs or estimates, not observed shipments",NF_EDFLOW_geolocated_network_expansion_v1_2_0_2026-08-31
GEO_GHA_2303258,Ghana,GHA,Bechem,Bechem,-2.02498,7.09034,PPLA2,candidate consumer or transit catchment,fish|vegetable,GeoNames cities5000 dump; CC BY 4.0,2303258,2019-12-08,geolocated national model-support node,"place and coordinate are external records; node role, sink weight and any later flow are model inputs or estimates, not observed shipments",NF_EDFLOW_geolocated_network_expansion_v1_2_0_2026-08-31
GEO_GHA_2305027,Ghana,GHA,Akropong,Akropong,-0.08542,5.97462,PPLA2,candidate consumer or transit catchment,fish|vegetable,GeoNames cities5000 dump; CC BY 4.0,2305027,2019-12-05,geolocated national model-support node,"place and coordinate are external records; node role, sink weight and any later flow are model inputs or estimates, not observed shipments",NF_EDFLOW_geolocated_network_expansion_v1_2_0_2026-08-31
GEO_GHA_2299642,Ghana,GHA,Kete Krachi,Kete Krachi,-0.0498,7.79391,PPLA2,candidate consumer or transit catchment,fish|vegetable,GeoNames cities5000 dump; CC BY 4.0,2299642,2023-06-21,geolocated national model-support node,"place and coordinate are external records; node role, sink weight and any later flow are model inputs or estimates, not observed shipments",NF_EDFLOW_geolocated_network_expansion_v1_2_0_2026-08-31
GEO_GHA_2305164,Ghana,GHA,Akim Swedru,Akim Swedru,-1.01636,5.8938,PPLA2,candidate consumer or transit catchment,fish|vegetable,GeoNames cities5000 dump; CC BY 4.0,2305164,2019-12-05,geolocated national model-support node,"place and coordinate are external records; node role, sink weight and any later flow are model inputs or estimates, not observed shipments",NF_EDFLOW_geolocated_network_expansion_v1_2_0_2026-08-31
GEO_GHA_2299636,Ghana,GHA,Kibi,Kibi,-0.55376,6.16494,PPLA2,candidate consumer or transit catchment,fish|vegetable,GeoNames cities5000 dump; CC BY 4.0,2299636,2019-12-05,geolocated national model-support node,"place and coordinate are external records; node role, sink weight and any later flow are model inputs or estimates, not observed shipments",NF_EDFLOW_geolocated_network_expansion_v1_2_0_2026-08-31
GEO_GHA_2297834,Ghana,GHA,Mpraeso,Mpraeso,-0.73462,6.59321,PPLA2,candidate consumer or transit catchment,fish|vegetable,GeoNames cities5000 dump; CC BY 4.0,2297834,2019-12-05,geolocated national model-support node,"place and coordinate are external records; node role, sink weight and any later flow are model inputs or estimates, not observed shipments",NF_EDFLOW_geolocated_network_expansion_v1_2_0_2026-08-31
GEO_GHA_2299236,Ghana,GHA,Kpandae,Kpandae,-0.01127,8.46885,PPLA2,candidate consumer or transit catchment,fish|vegetable,GeoNames cities5000 dump; CC BY 4.0,2299236,2019-12-05,geolocated national model-support node,"place and coordinate are external records; node role, sink weight and any later flow are model inputs or estimates, not observed shipments",NF_EDFLOW_geolocated_network_expansion_v1_2_0_2026-08-31
GEO_GHA_2294056,Ghana,GHA,Sefwi Wiawso,Sefwi Wiawso,-2.48944,6.20583,PPLA,candidate consumer or transit catchment,fish|vegetable,GeoNames cities5000 dump; CC BY 4.0,2294056,2019-12-08,geolocated national model-support node,"place and coordinate are external records; node role, sink weight and any later flow are model inputs or estimates, not observed shipments",NF_EDFLOW_geolocated_network_expansion_v1_2_0_2026-08-31
GEO_GHA_2294915,Ghana,GHA,Takoradi,Takoradi,-1.76029,4.89816,PPL,candidate consumer or transit catchment,fish|vegetable,GeoNames cities5000 dump; CC BY 4.0,2294915,2023-12-01,geolocated national model-support node,"place and coordinate are external records; node role, sink weight and any later flow are model inputs or estimates, not observed shipments",NF_EDFLOW_geolocated_network_expansion_v1_2_0_2026-08-31
GEO_GHA_2306079,Ghana,GHA,Atsiaman,Atsiaman,-0.32824,5.69775,PPL,candidate consumer or transit catchment,fish|vegetable,GeoNames cities5000 dump; CC BY 4.0,2306079,2026-08-30,geolocated national model-support node,"place and coordinate are external records; node role, sink weight and any later flow are model inputs or estimates, not observed shipments",NF_EDFLOW_geolocated_network_expansion_v1_2_0_2026-08-31
GEO_GHA_2304121,Ghana,GHA,Ashaiman,Ashaiman,-0.03484,5.69951,PPL,candidate consumer or transit catchment,fish|vegetable,GeoNames cities5000 dump; CC BY 4.0,2304121,2023-12-01,geolocated national model-support node,"place and coordinate are external records; node role, sink weight and any later flow are model inputs or estimates, not observed shipments",NF_EDFLOW_geolocated_network_expansion_v1_2_0_2026-08-31
GEO_GHA_2296606,Ghana,GHA,Obuase,Obuase,-1.66796,6.20228,PPL,candidate consumer or transit catchment,fish|vegetable,GeoNames cities5000 dump; CC BY 4.0,2296606,2023-12-01,geolocated national model-support node,"place and coordinate are external records; node role, sink weight and any later flow are model inputs or estimates, not observed shipments",NF_EDFLOW_geolocated_network_expansion_v1_2_0_2026-08-31
GEO_GHA_2294700,Ghana,GHA,Tema,Tema,-0.01657,5.6698,PPL,candidate consumer or transit catchment,fish|vegetable,GeoNames cities5000 dump; CC BY 4.0,2294700,2019-12-05,geolocated national model-support node,"place and coordinate are external records; node role, sink weight and any later flow are model inputs or estimates, not observed shipments",NF_EDFLOW_geolocated_network_expansion_v1_2_0_2026-08-31
GEO_GHA_2294665,Ghana,GHA,Teshi Old Town,Teshi Old Town,-0.10722,5.58365,PPLX,candidate consumer or transit catchment,fish|vegetable,GeoNames cities5000 dump; CC BY 4.0,2294665,2019-12-05,geolocated national model-support node,"place and coordinate are external records; node role, sink weight and any later flow are model inputs or estimates, not observed shipments",NF_EDFLOW_geolocated_network_expansion_v1_2_0_2026-08-31
GEO_GHA_2304848,Ghana,GHA,Amanfrom,Amanfrom,-0.39827,5.53532,PPL,candidate consumer or transit catchment,fish|vegetable,GeoNames cities5000 dump; CC BY 4.0,2304848,2023-12-01,geolocated national model-support node,"place and coordinate are external records; node role, sink weight and any later flow are model inputs or estimates, not observed shipments",NF_EDFLOW_geolocated_network_expansion_v1_2_0_2026-08-31
GEO_GHA_2298330,Ghana,GHA,Medina Estates,Medina Estates,-0.16307,5.6658,PPL,candidate consumer or transit catchment,fish|vegetable,GeoNames cities5000 dump; CC BY 4.0,2298330,2019-12-05,geolocated national model-support node,"place and coordinate are external records; node role, sink weight and any later flow are model inputs or estimates, not observed shipments",NF_EDFLOW_geolocated_network_expansion_v1_2_0_2026-08-31
GEO_GHA_2294308,Ghana,GHA,Twifu Praso,Twifu Praso,-1.5502,5.61411,PPL,candidate consumer or transit catchment,fish|vegetable,GeoNames cities5000 dump; CC BY 4.0,2294308,2024-10-06,geolocated national model-support node,"place and coordinate are external records; node role, sink weight and any later flow are model inputs or estimates, not observed shipments",NF_EDFLOW_geolocated_network_expansion_v1_2_0_2026-08-31
GEO_GHA_11205476,Ghana,GHA,Tema New Town,Tema New Town,0.0264,5.65396,PPL,candidate consumer or transit catchment,fish|vegetable,GeoNames cities5000 dump; CC BY 4.0,11205476,2023-12-01,geolocated national model-support node,"place and coordinate are external records; node role, sink weight and any later flow are model inputs or estimates, not observed shipments",NF_EDFLOW_geolocated_network_expansion_v1_2_0_2026-08-31
GEO_GHA_2300068,Ghana,GHA,Jirapa,Jirapa,-2.70155,10.53689,PPL,candidate consumer or transit catchment,fish|vegetable,GeoNames cities5000 dump; CC BY 4.0,2300068,2025-07-04,geolocated national model-support node,"place and coordinate are external records; node role, sink weight and any later flow are model inputs or estimates, not observed shipments",NF_EDFLOW_geolocated_network_expansion_v1_2_0_2026-08-31
GEO_GHA_2296458,Ghana,GHA,Kasoa,Kasoa,-0.41679,5.53449,PPL,candidate consumer or transit catchment,fish|vegetable,GeoNames cities5000 dump; CC BY 4.0,2296458,2023-12-01,geolocated national model-support node,"place and coordinate are external records; node role, sink weight and any later flow are model inputs or estimates, not observed shipments",NF_EDFLOW_geolocated_network_expansion_v1_2_0_2026-08-31
GEO_GHA_2300721,Ghana,GHA,Gbawe,Gbawe,-0.31038,5.57692,PPL,candidate consumer or transit catchment,fish|vegetable,GeoNames cities5000 dump; CC BY 4.0,2300721,2023-12-01,geolocated national model-support node,"place and coordinate are external records; node role, sink weight and any later flow are model inputs or estimates, not observed shipments",NF_EDFLOW_geolocated_network_expansion_v1_2_0_2026-08-31
GEO_GHA_12640505,Ghana,GHA,Mandela,Mandela,-0.33912,5.55221,PPL,candidate consumer or transit catchment,fish|vegetable,GeoNames cities5000 dump; CC BY 4.0,12640505,2023-12-01,geolocated national model-support node,"place and coordinate are external records; node role, sink weight and any later flow are model inputs or estimates, not observed shipments",NF_EDFLOW_geolocated_network_expansion_v1_2_0_2026-08-31
GEO_GHA_2303287,Ghana,GHA,Bawku,Bawku,-0.24249,11.05926,PPL,candidate consumer or transit catchment,fish|vegetable,GeoNames cities5000 dump; CC BY 4.0,2303287,2025-04-15,geolocated national model-support node,"place and coordinate are external records; node role, sink weight and any later flow are model inputs or estimates, not observed shipments",NF_EDFLOW_geolocated_network_expansion_v1_2_0_2026-08-31
GEO_GHA_2294034,Ghana,GHA,Winneba,Winneba,-0.62313,5.35113,PPL,candidate consumer or transit catchment,fish|vegetable,GeoNames cities5000 dump; CC BY 4.0,2294034,2023-12-01,geolocated national model-support node,"place and coordinate are external records; node role, sink weight and any later flow are model inputs or estimates, not observed shipments",NF_EDFLOW_geolocated_network_expansion_v1_2_0_2026-08-31
GEO_GHA_2301217,Ghana,GHA,Ejura,Ejura,-1.35617,7.38558,PPL,candidate consumer or transit catchment,fish|vegetable,GeoNames cities5000 dump; CC BY 4.0,2301217,2019-12-06,geolocated national model-support node,"place and coordinate are external records; node role, sink weight and any later flow are model inputs or estimates, not observed shipments",NF_EDFLOW_geolocated_network_expansion_v1_2_0_2026-08-31
GEO_GHA_2303125,Ghana,GHA,Berekum,Berekum,-2.58404,7.4534,PPL,candidate consumer or transit catchment,fish|vegetable,GeoNames cities5000 dump; CC BY 4.0,2303125,2023-12-01,geolocated national model-support node,"place and coordinate are external records; node role, sink weight and any later flow are model inputs or estimates, not observed shipments",NF_EDFLOW_geolocated_network_expansion_v1_2_0_2026-08-31
GEO_GHA_2296969,Ghana,GHA,Nungua,Nungua,-0.07713,5.60105,PPLX,candidate consumer or transit catchment,fish|vegetable,GeoNames cities5000 dump; CC BY 4.0,2296969,2023-06-21,geolocated national model-support node,"place and coordinate are external records; node role, sink weight and any later flow are model inputs or estimates, not observed shipments",NF_EDFLOW_geolocated_network_expansion_v1_2_0_2026-08-31
GEO_GHA_2305677,Ghana,GHA,Aflao,Aflao,1.19012,6.11982,PPL,candidate consumer or transit catchment,fish|vegetable,GeoNames cities5000 dump; CC BY 4.0,2305677,2019-12-06,geolocated national model-support node,"place and coordinate are external records; node role, sink weight and any later flow are model inputs or estimates, not observed shipments",NF_EDFLOW_geolocated_network_expansion_v1_2_0_2026-08-31
GEO_GHA_2293801,Ghana,GHA,Yendi,Yendi,-0.00991,9.44272,PPL,candidate consumer or transit catchment,fish|vegetable,GeoNames cities5000 dump; CC BY 4.0,2293801,2023-12-01,geolocated national model-support node,"place and coordinate are external records; node role, sink weight and any later flow are model inputs or estimates, not observed shipments",NF_EDFLOW_geolocated_network_expansion_v1_2_0_2026-08-31
GEO_GHA_2302541,Ghana,GHA,Buduburam,Buduburam,-0.47718,5.52314,PPL,candidate consumer or transit catchment,fish|vegetable,GeoNames cities5000 dump; CC BY 4.0,2302541,2023-12-01,geolocated national model-support node,"place and coordinate are external records; node role, sink weight and any later flow are model inputs or estimates, not observed shipments",NF_EDFLOW_geolocated_network_expansion_v1_2_0_2026-08-31
GEO_GHA_2296564,Ghana,GHA,Akim Oda,Akim Oda,-0.98577,5.92665,PPL,candidate consumer or transit catchment,fish|vegetable,GeoNames cities5000 dump; CC BY 4.0,2296564,2019-12-06,geolocated national model-support node,"place and coordinate are external records; node role, sink weight and any later flow are model inputs or estimates, not observed shipments",NF_EDFLOW_geolocated_network_expansion_v1_2_0_2026-08-31
GEO_GHA_2294962,Ghana,GHA,Swedru,Swedru,-0.69984,5.53711,PPL,candidate consumer or transit catchment,fish|vegetable,GeoNames cities5000 dump; CC BY 4.0,2294962,2023-12-01,geolocated national model-support node,"place and coordinate are external records; node role, sink weight and any later flow are model inputs or estimates, not observed shipments",NF_EDFLOW_geolocated_network_expansion_v1_2_0_2026-08-31
GEO_GHA_2299625,Ghana,GHA,Kintampo,Kintampo,-1.73058,8.05627,PPL,candidate consumer or transit catchment,fish|vegetable,GeoNames cities5000 dump; CC BY 4.0,2299625,2023-12-01,geolocated national model-support node,"place and coordinate are external records; node role, sink weight and any later flow are model inputs or estimates, not observed shipments",NF_EDFLOW_geolocated_network_expansion_v1_2_0_2026-08-31
GEO_GHA_2298264,Ghana,GHA,Mampong,Mampong,-1.4001,7.06273,PPL,candidate consumer or transit catchment,fish|vegetable,GeoNames cities5000 dump; CC BY 4.0,2298264,2023-12-01,geolocated national model-support node,"place and coordinate are external records; node role, sink weight and any later flow are model inputs or estimates, not observed shipments",NF_EDFLOW_geolocated_network_expansion_v1_2_0_2026-08-31
GEO_GHA_7648641,Ghana,GHA,Adenta,Adenta,-0.15418,5.71417,PPL,candidate consumer or transit catchment,fish|vegetable,GeoNames cities5000 dump; CC BY 4.0,7648641,2023-12-01,geolocated national model-support node,"place and coordinate are external records; node role, sink weight and any later flow are model inputs or estimates, not observed shipments",NF_EDFLOW_geolocated_network_expansion_v1_2_0_2026-08-31
GEO_GHA_2295065,Ghana,GHA,Suhum,Suhum,-0.45004,6.04089,PPL,candidate consumer or transit catchment,fish|vegetable,GeoNames cities5000 dump; CC BY 4.0,2295065,2026-08-30,geolocated national model-support node,"place and coordinate are external records; node role, sink weight and any later flow are model inputs or estimates, not observed shipments",NF_EDFLOW_geolocated_network_expansion_v1_2_0_2026-08-31
GEO_GHA_2294938,Ghana,GHA,Tafo,Tafo,-1.6137,6.73156,PPL,candidate consumer or transit catchment,fish|vegetable,GeoNames cities5000 dump; CC BY 4.0,2294938,2019-12-06,geolocated national model-support node,"place and coordinate are external records; node role, sink weight and any later flow are model inputs or estimates, not observed shipments",NF_EDFLOW_geolocated_network_expansion_v1_2_0_2026-08-31
GEO_GHA_2294768,Ghana,GHA,Tarkwa,Tarkwa,-1.98956,5.30383,PPL,candidate consumer or transit catchment,fish|vegetable,GeoNames cities5000 dump; CC BY 4.0,2294768,2023-12-01,geolocated national model-support node,"place and coordinate are external records; node role, sink weight and any later flow are model inputs or estimates, not observed shipments",NF_EDFLOW_geolocated_network_expansion_v1_2_0_2026-08-31
GEO_GHA_11428216,Ghana,GHA,Lashibi,Lashibi,-0.04011,5.68476,PPL,candidate consumer or transit catchment,fish|vegetable,GeoNames cities5000 dump; CC BY 4.0,11428216,2023-12-01,geolocated national model-support node,"place and coordinate are external records; node role, sink weight and any later flow are model inputs or estimates, not observed shipments",NF_EDFLOW_geolocated_network_expansion_v1_2_0_2026-08-31
GEO_GHA_2297141,Ghana,GHA,Nsawam,Nsawam,-0.35026,5.80893,PPL,candidate consumer or transit catchment,fish|vegetable,GeoNames cities5000 dump; CC BY 4.0,2297141,2023-12-01,geolocated national model-support node,"place and coordinate are external records; node role, sink weight and any later flow are model inputs or estimates, not observed shipments",NF_EDFLOW_geolocated_network_expansion_v1_2_0_2026-08-31
GEO_GHA_2301639,Ghana,GHA,Dome,Dome,-0.2361,5.65003,PPL,candidate consumer or transit catchment,fish|vegetable,GeoNames cities5000 dump; CC BY 4.0,2301639,2023-12-01,geolocated national model-support node,"place and coordinate are external records; node role, sink weight and any later flow are model inputs or estimates, not observed shipments",NF_EDFLOW_geolocated_network_expansion_v1_2_0_2026-08-31
GEO_GHA_2305537,Ghana,GHA,Agogo,Agogo,-1.08193,6.80004,PPL,candidate consumer or transit catchment,fish|vegetable,GeoNames cities5000 dump; CC BY 4.0,2305537,2023-12-01,geolocated national model-support node,"place and coordinate are external records; node role, sink weight and any later flow are model inputs or estimates, not observed shipments",NF_EDFLOW_geolocated_network_expansion_v1_2_0_2026-08-31
GEO_GHA_2304220,Ghana,GHA,Asamankese,Asamankese,-0.6635,5.86006,PPL,candidate consumer or transit catchment,fish|vegetable,GeoNames cities5000 dump; CC BY 4.0,2304220,2026-08-30,geolocated national model-support node,"place and coordinate are external records; node role, sink weight and any later flow are model inputs or estimates, not observed shipments",NF_EDFLOW_geolocated_network_expansion_v1_2_0_2026-08-31
GEO_GHA_2294086,Ghana,GHA,Wankyi,Wankyi,-2.1036,7.73855,PPL,candidate consumer or transit catchment,fish|vegetable,GeoNames cities5000 dump; CC BY 4.0,2294086,2023-12-01,geolocated national model-support node,"place and coordinate are external records; node role, sink weight and any later flow are model inputs or estimates, not observed shipments",NF_EDFLOW_geolocated_network_expansion_v1_2_0_2026-08-31
GEO_GHA_8456972,Ghana,GHA,Osu,Osu,-0.1864,5.55728,PPLX,candidate consumer or transit catchment,fish|vegetable,GeoNames cities5000 dump; CC BY 4.0,8456972,2024-10-27,geolocated national model-support node,"place and coordinate are external records; node role, sink weight and any later flow are model inputs or estimates, not observed shipments",NF_EDFLOW_geolocated_network_expansion_v1_2_0_2026-08-31
GEO_GHA_2299349,Ghana,GHA,Konongo,Konongo,-1.21667,6.61667,PPL,candidate consumer or transit catchment,fish|vegetable,GeoNames cities5000 dump; CC BY 4.0,2299349,2023-12-01,geolocated national model-support node,"place and coordinate are external records; node role, sink weight and any later flow are model inputs or estimates, not observed shipments",NF_EDFLOW_geolocated_network_expansion_v1_2_0_2026-08-31
GEO_GHA_2301400,Ghana,GHA,Dunkwa,Dunkwa,-1.77792,5.95996,PPL,candidate consumer or transit catchment,fish|vegetable,GeoNames cities5000 dump; CC BY 4.0,2301400,2023-12-01,geolocated national model-support node,"place and coordinate are external records; node role, sink weight and any later flow are model inputs or estimates, not observed shipments",NF_EDFLOW_geolocated_network_expansion_v1_2_0_2026-08-31
GEO_GHA_12640508,Ghana,GHA,Taifa,Taifa,-0.25223,5.65825,PPL,candidate consumer or transit catchment,fish|vegetable,GeoNames cities5000 dump; CC BY 4.0,12640508,2023-12-01,geolocated national model-support node,"place and coordinate are external records; node role, sink weight and any later flow are model inputs or estimates, not observed shipments",NF_EDFLOW_geolocated_network_expansion_v1_2_0_2026-08-31
GEO_GHA_2298205,Ghana,GHA,Mankesim,Mankesim,-1.0152,5.2717,PPL,candidate consumer or transit catchment,fish|vegetable,GeoNames cities5000 dump; CC BY 4.0,2298205,2023-12-01,geolocated national model-support node,"place and coordinate are external records; node role, sink weight and any later flow are model inputs or estimates, not observed shipments",NF_EDFLOW_geolocated_network_expansion_v1_2_0_2026-08-31
GEO_GHA_2295517,Ghana,GHA,Savelugu,Savelugu,-0.82705,9.62376,PPL,candidate consumer or transit catchment,fish|vegetable,GeoNames cities5000 dump; CC BY 4.0,2295517,2026-08-30,geolocated national model-support node,"place and coordinate are external records; node role, sink weight and any later flow are model inputs or estimates, not observed shipments",NF_EDFLOW_geolocated_network_expansion_v1_2_0_2026-08-31
GEO_GHA_2301529,Ghana,GHA,Domaa-Ahenkro,Domaa-Ahenkro,-2.87348,7.27386,PPL,candidate consumer or transit catchment,fish|vegetable,GeoNames cities5000 dump; CC BY 4.0,2301529,2023-12-01,geolocated national model-support node,"place and coordinate are external records; node role, sink weight and any later flow are model inputs or estimates, not observed shipments",NF_EDFLOW_geolocated_network_expansion_v1_2_0_2026-08-31
GEO_GHA_11467879,Ghana,GHA,Assin Foso,Assin Foso,-1.65,5.7,PPL,candidate consumer or transit catchment,fish|vegetable,GeoNames cities5000 dump; CC BY 4.0,11467879,2023-12-01,geolocated national model-support node,"place and coordinate are external records; node role, sink weight and any later flow are model inputs or estimates, not observed shipments",NF_EDFLOW_geolocated_network_expansion_v1_2_0_2026-08-31
GEO_GHA_8541923,Ghana,GHA,New Achimota,New Achimota,-0.25807,5.62657,PPLX,candidate consumer or transit catchment,fish|vegetable,GeoNames cities5000 dump; CC BY 4.0,8541923,2023-12-01,geolocated national model-support node,"place and coordinate are external records; node role, sink weight and any later flow are model inputs or estimates, not observed shipments",NF_EDFLOW_geolocated_network_expansion_v1_2_0_2026-08-31
GEO_GHA_2303060,Ghana,GHA,Bibiani,Bibiani,-2.31635,6.45196,PPL,candidate consumer or transit catchment,fish|vegetable,GeoNames cities5000 dump; CC BY 4.0,2303060,2023-12-01,geolocated national model-support node,"place and coordinate are external records; node role, sink weight and any later flow are model inputs or estimates, not observed shipments",NF_EDFLOW_geolocated_network_expansion_v1_2_0_2026-08-31
GEO_GHA_2298005,Ghana,GHA,Mim,Mim,-2.56114,6.90412,PPL,candidate consumer or transit catchment,fish|vegetable,GeoNames cities5000 dump; CC BY 4.0,2298005,2023-12-01,geolocated national model-support node,"place and coordinate are external records; node role, sink weight and any later flow are model inputs or estimates, not observed shipments",NF_EDFLOW_geolocated_network_expansion_v1_2_0_2026-08-31
GEO_GHA_2295840,Ghana,GHA,Prestea,Prestea,-2.14295,5.43385,PPL,candidate consumer or transit catchment,fish|vegetable,GeoNames cities5000 dump; CC BY 4.0,2295840,2026-08-30,geolocated national model-support node,"place and coordinate are external records; node role, sink weight and any later flow are model inputs or estimates, not observed shipments",NF_EDFLOW_geolocated_network_expansion_v1_2_0_2026-08-31
GEO_GHA_2303611,Ghana,GHA,Esim,Esim,-2.24181,4.86641,PPL,candidate consumer or transit catchment,fish|vegetable,GeoNames cities5000 dump; CC BY 4.0,2303611,2023-12-01,geolocated national model-support node,"place and coordinate are external records; node role, sink weight and any later flow are model inputs or estimates, not observed shipments",NF_EDFLOW_geolocated_network_expansion_v1_2_0_2026-08-31
GEO_GHA_2297289,Ghana,GHA,Nkoranza,Nkoranza,-1.7087,7.57127,PPL,candidate consumer or transit catchment,fish|vegetable,GeoNames cities5000 dump; CC BY 4.0,2297289,2023-12-01,geolocated national model-support node,"place and coordinate are external records; node role, sink weight and any later flow are model inputs or estimates, not observed shipments",NF_EDFLOW_geolocated_network_expansion_v1_2_0_2026-08-31
GEO_GHA_2301190,Ghana,GHA,Elmina,Elmina,-1.35093,5.0847,PPL,candidate consumer or transit catchment,fish|vegetable,GeoNames cities5000 dump; CC BY 4.0,2301190,2023-12-01,geolocated national model-support node,"place and coordinate are external records; node role, sink weight and any later flow are model inputs or estimates, not observed shipments",NF_EDFLOW_geolocated_network_expansion_v1_2_0_2026-08-31
GEO_GHA_2303026,Ghana,GHA,Bimbila,Bimbila,0.05922,8.85488,PPL,candidate consumer or transit catchment,fish|vegetable,GeoNames cities5000 dump; CC BY 4.0,2303026,2023-12-01,geolocated national model-support node,"place and coordinate are external records; node role, sink weight and any later flow are model inputs or estimates, not observed shipments",NF_EDFLOW_geolocated_network_expansion_v1_2_0_2026-08-31
GEO_GHA_2304548,Ghana,GHA,Anloga,Anloga,0.89728,5.79473,PPL,candidate consumer or transit catchment,fish|vegetable,GeoNames cities5000 dump; CC BY 4.0,2304548,2026-08-30,geolocated national model-support node,"place and coordinate are external records; node role, sink weight and any later flow are model inputs or estimates, not observed shipments",NF_EDFLOW_geolocated_network_expansion_v1_2_0_2026-08-31
GEO_GIN_2422465,Guinea,GIN,Conakry,Conakry,-13.67729,9.53795,PPLC,major national hub,fish|vegetable,GeoNames cities5000 dump; CC BY 4.0,2422465,2023-12-20,geolocated national model-support node,"place and coordinate are external records; node role, sink weight and any later flow are model inputs or estimates, not observed shipments",NF_EDFLOW_geolocated_network_expansion_v1_2_0_2026-08-31
GEO_GIN_2416969,Guinea,GIN,Nzérékoré,Nzerekore,-8.8179,7.75624,PPLA,major national hub,fish|vegetable,GeoNames cities5000 dump; CC BY 4.0,2416969,2023-12-20,geolocated national model-support node,"place and coordinate are external records; node role, sink weight and any later flow are model inputs or estimates, not observed shipments",NF_EDFLOW_geolocated_network_expansion_v1_2_0_2026-08-31
GEO_GIN_2419992,Guinea,GIN,Kankan,Kankan,-9.30568,10.38542,PPLA,major national hub,fish|vegetable,GeoNames cities5000 dump; CC BY 4.0,2419992,2023-12-20,geolocated national model-support node,"place and coordinate are external records; node role, sink weight and any later flow are model inputs or estimates, not observed shipments",NF_EDFLOW_geolocated_network_expansion_v1_2_0_2026-08-31
GEO_GIN_2421535,Guinea,GIN,Dubréka,Dubreka,-13.52333,9.79111,PPLA2,major national hub,fish|vegetable,GeoNames cities5000 dump; CC BY 4.0,2421535,2023-12-20,geolocated national model-support node,"place and coordinate are external records; node role, sink weight and any later flow are model inputs or estimates, not observed shipments",NF_EDFLOW_geolocated_network_expansion_v1_2_0_2026-08-31
GEO_GIN_2419533,Guinea,GIN,Kindia,Kindia,-12.86576,10.05692,PPLA,major national hub,fish|vegetable,GeoNames cities5000 dump; CC BY 4.0,2419533,2023-12-20,geolocated national model-support node,"place and coordinate are external records; node role, sink weight and any later flow are model inputs or estimates, not observed shipments",NF_EDFLOW_geolocated_network_expansion_v1_2_0_2026-08-31
GEO_GIN_2415703,Guinea,GIN,Siguiri,Siguiri,-9.16852,11.42282,PPLA2,candidate consumer or transit catchment,fish|vegetable,GeoNames cities5000 dump; CC BY 4.0,2415703,2023-12-20,geolocated national model-support node,"place and coordinate are external records; node role, sink weight and any later flow are model inputs or estimates, not observed shipments",NF_EDFLOW_geolocated_network_expansion_v1_2_0_2026-08-31
GEO_GIN_2419472,Guinea,GIN,Kissidougou,Kissidougou,-10.09987,9.1848,PPLA2,candidate consumer or transit catchment,fish|vegetable,GeoNames cities5000 dump; CC BY 4.0,2419472,2023-12-20,geolocated national model-support node,"place and coordinate are external records; node role, sink weight and any later flow are model inputs or estimates, not observed shipments",NF_EDFLOW_geolocated_network_expansion_v1_2_0_2026-08-31
GEO_GIN_2418362,Guinea,GIN,Labé,Labe,-12.28332,11.31823,PPLA2,candidate consumer or transit catchment,fish|vegetable,GeoNames cities5000 dump; CC BY 4.0,2418362,2023-12-20,geolocated national model-support node,"place and coordinate are external records; node role, sink weight and any later flow are model inputs or estimates, not observed shipments",NF_EDFLOW_geolocated_network_expansion_v1_2_0_2026-08-31
GEO_GIN_2420562,Guinea,GIN,Gueckedou,Gueckedou,-10.1336,8.56744,PPLA2,candidate consumer or transit catchment,fish|vegetable,GeoNames cities5000 dump; CC BY 4.0,2420562,2012-06-19,geolocated national model-support node,"place and coordinate are external records; node role, sink weight and any later flow are model inputs or estimates, not observed shipments",NF_EDFLOW_geolocated_network_expansion_v1_2_0_2026-08-31
GEO_GIN_2417833,Guinea,GIN,Mamou,Mamou,-12.09148,10.37546,PPLA,candidate consumer or transit catchment,fish|vegetable,GeoNames cities5000 dump; CC BY 4.0,2417833,2023-12-20,geolocated national model-support node,"place and coordinate are external records; node role, sink weight and any later flow are model inputs or estimates, not observed shipments",NF_EDFLOW_geolocated_network_expansion_v1_2_0_2026-08-31
GEO_GIN_2422457,Guinea,GIN,Coyah,Coyah,-13.38465,9.70643,PPLA2,candidate consumer or transit catchment,fish|vegetable,GeoNames cities5000 dump; CC BY 4.0,2422457,2015-03-06,geolocated national model-support node,"place and coordinate are external records; node role, sink weight and any later flow are model inputs or estimates, not observed shipments",NF_EDFLOW_geolocated_network_expansion_v1_2_0_2026-08-31
GEO_GIN_2421273,Guinea,GIN,Faranah,Faranah,-10.74343,10.04036,PPLA,candidate consumer or transit catchment,fish|vegetable,GeoNames cities5000 dump; CC BY 4.0,2421273,2023-12-20,geolocated national model-support node,"place and coordinate are external records; node role, sink weight and any later flow are model inputs or estimates, not observed shipments",NF_EDFLOW_geolocated_network_expansion_v1_2_0_2026-08-31
GEO_GIN_2417988,Guinea,GIN,Macenta,Macenta,-9.47099,8.54351,PPLA2,candidate consumer or transit catchment,fish|vegetable,GeoNames cities5000 dump; CC BY 4.0,2417988,2023-12-20,geolocated national model-support node,"place and coordinate are external records; node role, sink weight and any later flow are model inputs or estimates, not observed shipments",NF_EDFLOW_geolocated_network_expansion_v1_2_0_2026-08-31
GEO_GIN_2420884,Guinea,GIN,Fria,Fria,-13.58253,10.36676,PPLA2,candidate consumer or transit catchment,fish|vegetable,GeoNames cities5000 dump; CC BY 4.0,2420884,2023-12-20,geolocated national model-support node,"place and coordinate are external records; node role, sink weight and any later flow are model inputs or estimates, not observed shipments",NF_EDFLOW_geolocated_network_expansion_v1_2_0_2026-08-31
GEO_GIN_2422924,Guinea,GIN,Boké,Boke,-14.29055,10.93217,PPLA,candidate consumer or transit catchment,fish|vegetable,GeoNames cities5000 dump; CC BY 4.0,2422924,2023-12-20,geolocated national model-support node,"place and coordinate are external records; node role, sink weight and any later flow are model inputs or estimates, not observed shipments",NF_EDFLOW_geolocated_network_expansion_v1_2_0_2026-08-31
GEO_GIN_2418437,Guinea,GIN,Kouroussa,Kouroussa,-9.88333,10.65,PPLA2,candidate consumer or transit catchment,fish|vegetable,GeoNames cities5000 dump; CC BY 4.0,2418437,2023-12-20,geolocated national model-support node,"place and coordinate are external records; node role, sink weight and any later flow are model inputs or estimates, not observed shipments",NF_EDFLOW_geolocated_network_expansion_v1_2_0_2026-08-31
GEO_GIN_2418092,Guinea,GIN,Lola,Lola,-8.53333,7.8,PPLA2,candidate consumer or transit catchment,fish|vegetable,GeoNames cities5000 dump; CC BY 4.0,2418092,2023-12-20,geolocated national model-support node,"place and coordinate are external records; node role, sink weight and any later flow are model inputs or estimates, not observed shipments",NF_EDFLOW_geolocated_network_expansion_v1_2_0_2026-08-31
GEO_GIN_2414926,Guinea,GIN,Télimélé,Telimele,-13.03333,10.9,PPLA2,candidate consumer or transit catchment,fish|vegetable,GeoNames cities5000 dump; CC BY 4.0,2414926,2012-07-07,geolocated national model-support node,"place and coordinate are external records; node role, sink weight and any later flow are model inputs or estimates, not observed shipments",NF_EDFLOW_geolocated_network_expansion_v1_2_0_2026-08-31
GEO_GIN_2422442,Guinea,GIN,Dabola,Dabola,-11.10778,10.7433,PPLA2,candidate consumer or transit catchment,fish|vegetable,GeoNames cities5000 dump; CC BY 4.0,2422442,2023-12-20,geolocated national model-support node,"place and coordinate are external records; node role, sink weight and any later flow are model inputs or estimates, not observed shipments",NF_EDFLOW_geolocated_network_expansion_v1_2_0_2026-08-31
GEO_GIN_2419498,Guinea,GIN,Kintinian,Kintinian,-9.38333,11.6,PPLA3,candidate consumer or transit catchment,fish|vegetable,GeoNames cities5000 dump; CC BY 4.0,2419498,2023-04-02,geolocated national model-support node,"place and coordinate are external records; node role, sink weight and any later flow are model inputs or estimates, not observed shipments",NF_EDFLOW_geolocated_network_expansion_v1_2_0_2026-08-31
GEO_GIN_2419622,Guinea,GIN,Kérouané,Kerouane,-9.01667,9.26667,PPLA2,candidate consumer or transit catchment,fish|vegetable,GeoNames cities5000 dump; CC BY 4.0,2419622,2023-12-20,geolocated national model-support node,"place and coordinate are external records; node role, sink weight and any later flow are model inputs or estimates, not observed shipments",NF_EDFLOW_geolocated_network_expansion_v1_2_0_2026-08-31
GEO_GIN_2414545,Guinea,GIN,Tougué,Tougue,-11.66422,11.44503,PPLA2,candidate consumer or transit catchment,fish|vegetable,GeoNames cities5000 dump; CC BY 4.0,2414545,2015-03-05,geolocated national model-support node,"place and coordinate are external records; node role, sink weight and any later flow are model inputs or estimates, not observed shipments",NF_EDFLOW_geolocated_network_expansion_v1_2_0_2026-08-31
GEO_GIN_2416443,Guinea,GIN,Pita,Pita,-12.39498,11.05915,PPLA2,candidate consumer or transit catchment,fish|vegetable,GeoNames cities5000 dump; CC BY 4.0,2416443,2023-12-20,geolocated national model-support node,"place and coordinate are external records; node role, sink weight and any later flow are model inputs or estimates, not observed shipments",NF_EDFLOW_geolocated_network_expansion_v1_2_0_2026-08-31
GEO_GIN_2420985,Guinea,GIN,Forécariah,Forecariah,-13.08806,9.43056,PPLA2,candidate consumer or transit catchment,fish|vegetable,GeoNames cities5000 dump; CC BY 4.0,2420985,2023-12-20,geolocated national model-support node,"place and coordinate are external records; node role, sink weight and any later flow are model inputs or estimates, not observed shipments",NF_EDFLOW_geolocated_network_expansion_v1_2_0_2026-08-31
GEO_GIN_2418596,Guinea,GIN,Koundara,Koundara,-13.3,12.48333,PPLA2,candidate consumer or transit catchment,fish|vegetable,GeoNames cities5000 dump; CC BY 4.0,2418596,2023-12-20,geolocated national model-support node,"place and coordinate are external records; node role, sink weight and any later flow are model inputs or estimates, not observed shipments",NF_EDFLOW_geolocated_network_expansion_v1_2_0_2026-08-31
GEO_GIN_2421903,Guinea,GIN,Dinguiraye,Dinguiraye,-10.7121,11.29062,PPLA2,candidate consumer or transit catchment,fish|vegetable,GeoNames cities5000 dump; CC BY 4.0,2421903,2023-12-20,geolocated national model-support node,"place and coordinate are external records; node role, sink weight and any later flow are model inputs or estimates, not observed shipments",NF_EDFLOW_geolocated_network_expansion_v1_2_0_2026-08-31
GEO_GIN_2423126,Guinea,GIN,Beyla,Beyla,-8.64869,8.69011,PPLA2,candidate consumer or transit catchment,fish|vegetable,GeoNames cities5000 dump; CC BY 4.0,2423126,2023-12-20,geolocated national model-support node,"place and coordinate are external records; node role, sink weight and any later flow are model inputs or estimates, not observed shipments",NF_EDFLOW_geolocated_network_expansion_v1_2_0_2026-08-31
GEO_GIN_2417795,Guinea,GIN,Mandiana,Mandiana,-8.69413,10.62577,PPLA2,candidate consumer or transit catchment,fish|vegetable,GeoNames cities5000 dump; CC BY 4.0,2417795,2023-12-20,geolocated national model-support node,"place and coordinate are external records; node role, sink weight and any later flow are model inputs or estimates, not observed shipments",NF_EDFLOW_geolocated_network_expansion_v1_2_0_2026-08-31
GEO_GIN_2414635,Guinea,GIN,Tomba-kanssa,Tomba-kanssa,-10.18899,11.72321,PPLA3,candidate consumer or transit catchment,fish|vegetable,GeoNames cities5000 dump; CC BY 4.0,2414635,2024-04-20,geolocated national model-support node,"place and coordinate are external records; node role, sink weight and any later flow are model inputs or estimates, not observed shipments",NF_EDFLOW_geolocated_network_expansion_v1_2_0_2026-08-31
GEO_GIN_2422968,Guinea,GIN,Boffa,Boffa,-14.03333,10.16667,PPLA2,candidate consumer or transit catchment,fish|vegetable,GeoNames cities5000 dump; CC BY 4.0,2422968,2023-12-20,geolocated national model-support node,"place and coordinate are external records; node role, sink weight and any later flow are model inputs or estimates, not observed shipments",NF_EDFLOW_geolocated_network_expansion_v1_2_0_2026-08-31
GEO_GMB_2413753,Gambia,GMB,Brikama,Brikama,-16.64944,13.27136,PPLA,major national hub,fish|vegetable,GeoNames cities5000 dump; CC BY 4.0,2413753,2023-12-01,geolocated national model-support node,"place and coordinate are external records; node role, sink weight and any later flow are model inputs or estimates, not observed shipments",NF_EDFLOW_geolocated_network_expansion_v1_2_0_2026-08-31
GEO_GMB_2413876,Gambia,GMB,Banjul,Banjul,-16.57803,13.45274,PPLC,major national hub,fish|vegetable,GeoNames cities5000 dump; CC BY 4.0,2413876,2023-12-01,geolocated national model-support node,"place and coordinate are external records; node role, sink weight and any later flow are model inputs or estimates, not observed shipments",NF_EDFLOW_geolocated_network_expansion_v1_2_0_2026-08-31
GEO_GMB_2413818,Gambia,GMB,Basse Santa Su,Basse Santa Su,-14.21373,13.30995,PPLA,major national hub,fish|vegetable,GeoNames cities5000 dump; CC BY 4.0,2413818,2011-02-02,geolocated national model-support node,"place and coordinate are external records; node role, sink weight and any later flow are model inputs or estimates, not observed shipments",NF_EDFLOW_geolocated_network_expansion_v1_2_0_2026-08-31
GEO_GMB_2412992,Gambia,GMB,Kerewan,Kerewan,-16.08879,13.4898,PPLA,major national hub,fish|vegetable,GeoNames cities5000 dump; CC BY 4.0,2412992,2023-12-01,geolocated national model-support node,"place and coordinate are external records; node role, sink weight and any later flow are model inputs or estimates, not observed shipments",NF_EDFLOW_geolocated_network_expansion_v1_2_0_2026-08-31
GEO_GMB_2413437,Gambia,GMB,Janjanbureh,Janjanbureh,-14.76374,13.54039,PPLA,major national hub,fish|vegetable,GeoNames cities5000 dump; CC BY 4.0,2413437,2023-12-01,geolocated national model-support node,"place and coordinate are external records; node role, sink weight and any later flow are model inputs or estimates, not observed shipments",NF_EDFLOW_geolocated_network_expansion_v1_2_0_2026-08-31
GEO_GMB_2412605,Gambia,GMB,Mansa Konko,Mansa Konko,-15.5357,13.44325,PPLA,candidate consumer or transit catchment,fish|vegetable,GeoNames cities5000 dump; CC BY 4.0,2412605,2025-11-05,geolocated national model-support node,"place and coordinate are external records; node role, sink weight and any later flow are model inputs or estimates, not observed shipments",NF_EDFLOW_geolocated_network_expansion_v1_2_0_2026-08-31
GEO_GMB_2411989,Gambia,GMB,Serekunda,Serekunda,-16.67806,13.43833,PPL,candidate consumer or transit catchment,fish|vegetable,GeoNames cities5000 dump; CC BY 4.0,2411989,2017-11-20,geolocated national model-support node,"place and coordinate are external records; node role, sink weight and any later flow are model inputs or estimates, not observed shipments",NF_EDFLOW_geolocated_network_expansion_v1_2_0_2026-08-31
GEO_GMB_2413709,Gambia,GMB,Bununka Kunda,Bununka Kunda,-16.68528,13.42722,PPLX,candidate consumer or transit catchment,fish|vegetable,GeoNames cities5000 dump; CC BY 4.0,2413709,2023-12-01,geolocated national model-support node,"place and coordinate are external records; node role, sink weight and any later flow are model inputs or estimates, not observed shipments",NF_EDFLOW_geolocated_network_expansion_v1_2_0_2026-08-31
GEO_GMB_2411880,Gambia,GMB,Sukuta,Sukuta,-16.70815,13.41033,PPL,candidate consumer or transit catchment,fish|vegetable,GeoNames cities5000 dump; CC BY 4.0,2411880,2023-12-01,geolocated national model-support node,"place and coordinate are external records; node role, sink weight and any later flow are model inputs or estimates, not observed shipments",NF_EDFLOW_geolocated_network_expansion_v1_2_0_2026-08-31
GEO_GMB_12640502,Gambia,GMB,Talinding,Talinding,-16.67261,13.42558,PPL,candidate consumer or transit catchment,fish|vegetable,GeoNames cities5000 dump; CC BY 4.0,12640502,2023-12-02,geolocated national model-support node,"place and coordinate are external records; node role, sink weight and any later flow are model inputs or estimates, not observed shipments",NF_EDFLOW_geolocated_network_expansion_v1_2_0_2026-08-31
GEO_GMB_2413525,Gambia,GMB,Faji Kunda,Faji Kunda,-16.66667,13.41778,PPL,candidate consumer or transit catchment,fish|vegetable,GeoNames cities5000 dump; CC BY 4.0,2413525,2023-12-01,geolocated national model-support node,"place and coordinate are external records; node role, sink weight and any later flow are model inputs or estimates, not observed shipments",NF_EDFLOW_geolocated_network_expansion_v1_2_0_2026-08-31
GEO_GMB_2413920,Gambia,GMB,Bakau,Bakau,-16.68194,13.47806,PPL,candidate consumer or transit catchment,fish|vegetable,GeoNames cities5000 dump; CC BY 4.0,2413920,2012-01-18,geolocated national model-support node,"place and coordinate are external records; node role, sink weight and any later flow are model inputs or estimates, not observed shipments",NF_EDFLOW_geolocated_network_expansion_v1_2_0_2026-08-31
GEO_GMB_2412452,Gambia,GMB,Nema Kunku,Nema Kunku,-15.88333,13.25,PPL,candidate consumer or transit catchment,fish|vegetable,GeoNames cities5000 dump; CC BY 4.0,2412452,2023-12-01,geolocated national model-support node,"place and coordinate are external records; node role, sink weight and any later flow are model inputs or estimates, not observed shipments",NF_EDFLOW_geolocated_network_expansion_v1_2_0_2026-08-31
GEO_GMB_2413515,Gambia,GMB,Farafenni,Farafenni,-15.6,13.56667,PPL,candidate consumer or transit catchment,fish|vegetable,GeoNames cities5000 dump; CC BY 4.0,2413515,2023-12-01,geolocated national model-support node,"place and coordinate are external records; node role, sink weight and any later flow are model inputs or estimates, not observed shipments",NF_EDFLOW_geolocated_network_expansion_v1_2_0_2026-08-31
GEO_GMB_12640499,Gambia,GMB,Bakau New Town,Bakau New Town,-16.68514,13.47297,PPLX,candidate consumer or transit catchment,fish|vegetable,GeoNames cities5000 dump; CC BY 4.0,12640499,2023-12-02,geolocated national model-support node,"place and coordinate are external records; node role, sink weight and any later flow are model inputs or estimates, not observed shipments",NF_EDFLOW_geolocated_network_expansion_v1_2_0_2026-08-31
GEO_GMB_2413696,Gambia,GMB,Busumbala,Busumbala,-16.6875,13.33917,PPL,candidate consumer or transit catchment,fish|vegetable,GeoNames cities5000 dump; CC BY 4.0,2413696,2023-12-01,geolocated national model-support node,"place and coordinate are external records; node role, sink weight and any later flow are model inputs or estimates, not observed shipments",NF_EDFLOW_geolocated_network_expansion_v1_2_0_2026-08-31
GEO_GMB_2412749,Gambia,GMB,Lamin,Lamin,-16.43389,13.35222,PPL,candidate consumer or transit catchment,fish|vegetable,GeoNames cities5000 dump; CC BY 4.0,2412749,2023-12-01,geolocated national model-support node,"place and coordinate are external records; node role, sink weight and any later flow are model inputs or estimates, not observed shipments",NF_EDFLOW_geolocated_network_expansion_v1_2_0_2026-08-31
GEO_GMB_2411700,Gambia,GMB,Welingara,Welingara,-16.67361,13.40361,PPL,candidate consumer or transit catchment,fish|vegetable,GeoNames cities5000 dump; CC BY 4.0,2411700,2023-12-01,geolocated national model-support node,"place and coordinate are external records; node role, sink weight and any later flow are model inputs or estimates, not observed shipments",NF_EDFLOW_geolocated_network_expansion_v1_2_0_2026-08-31
GEO_GMB_2413745,Gambia,GMB,Brufut,Brufut,-16.75139,13.38417,PPL,candidate consumer or transit catchment,fish|vegetable,GeoNames cities5000 dump; CC BY 4.0,2413745,2023-12-01,geolocated national model-support node,"place and coordinate are external records; node role, sink weight and any later flow are model inputs or estimates, not observed shipments",NF_EDFLOW_geolocated_network_expansion_v1_2_0_2026-08-31
GEO_GMB_2413393,Gambia,GMB,Ibo Town,Ibo Town,-16.67639,13.43528,PPLX,candidate consumer or transit catchment,fish|vegetable,GeoNames cities5000 dump; CC BY 4.0,2413393,2023-12-01,geolocated national model-support node,"place and coordinate are external records; node role, sink weight and any later flow are model inputs or estimates, not observed shipments",NF_EDFLOW_geolocated_network_expansion_v1_2_0_2026-08-31
GEO_GMB_2412186,Gambia,GMB,Sanchaba,Sanchaba,-16.70972,13.42222,PPL,candidate consumer or transit catchment,fish|vegetable,GeoNames cities5000 dump; CC BY 4.0,2412186,2023-12-01,geolocated national model-support node,"place and coordinate are external records; node role, sink weight and any later flow are model inputs or estimates, not observed shipments",NF_EDFLOW_geolocated_network_expansion_v1_2_0_2026-08-31
GEO_GMB_2412738,Gambia,GMB,Latri Kunda,Latri Kunda,-16.68528,13.44861,PPLX,candidate consumer or transit catchment,fish|vegetable,GeoNames cities5000 dump; CC BY 4.0,2412738,2023-12-01,geolocated national model-support node,"place and coordinate are external records; node role, sink weight and any later flow are model inputs or estimates, not observed shipments",NF_EDFLOW_geolocated_network_expansion_v1_2_0_2026-08-31
GEO_GMB_2413419,Gambia,GMB,Gunjur,Gunjur,-16.73389,13.20194,PPL,candidate consumer or transit catchment,fish|vegetable,GeoNames cities5000 dump; CC BY 4.0,2413419,2023-12-01,geolocated national model-support node,"place and coordinate are external records; node role, sink weight and any later flow are model inputs or estimates, not observed shipments",NF_EDFLOW_geolocated_network_expansion_v1_2_0_2026-08-31
GEO_GMB_2412609,Gambia,GMB,Manjai Kunda,Manjai Kunda,-16.70278,13.44528,PPL,candidate consumer or transit catchment,fish|vegetable,GeoNames cities5000 dump; CC BY 4.0,2412609,2023-12-01,geolocated national model-support node,"place and coordinate are external records; node role, sink weight and any later flow are model inputs or estimates, not observed shipments",NF_EDFLOW_geolocated_network_expansion_v1_2_0_2026-08-31
GEO_GMB_2413565,Gambia,GMB,Dippa Kunda,Dippa Kunda,-16.68694,13.44028,PPL,candidate consumer or transit catchment,fish|vegetable,GeoNames cities5000 dump; CC BY 4.0,2413565,2023-12-01,geolocated national model-support node,"place and coordinate are external records; node role, sink weight and any later flow are model inputs or estimates, not observed shipments",NF_EDFLOW_geolocated_network_expansion_v1_2_0_2026-08-31
GEO_GMB_12640501,Gambia,GMB,New Jeshwang,New Jeshwang,-16.665,13.44735,PPL,candidate consumer or transit catchment,fish|vegetable,GeoNames cities5000 dump; CC BY 4.0,12640501,2023-12-02,geolocated national model-support node,"place and coordinate are external records; node role, sink weight and any later flow are model inputs or estimates, not observed shipments",NF_EDFLOW_geolocated_network_expansion_v1_2_0_2026-08-31
GEO_GMB_2413915,Gambia,GMB,Bakoti,Bakoti,-16.69833,13.43,PPL,candidate consumer or transit catchment,fish|vegetable,GeoNames cities5000 dump; CC BY 4.0,2413915,2023-12-01,geolocated national model-support node,"place and coordinate are external records; node role, sink weight and any later flow are model inputs or estimates, not observed shipments",NF_EDFLOW_geolocated_network_expansion_v1_2_0_2026-08-31
GEO_GMB_2412786,Gambia,GMB,Kunkujang,Kunkujang,-16.67278,13.38972,PPL,candidate consumer or transit catchment,fish|vegetable,GeoNames cities5000 dump; CC BY 4.0,2412786,2023-12-11,geolocated national model-support node,"place and coordinate are external records; node role, sink weight and any later flow are model inputs or estimates, not observed shipments",NF_EDFLOW_geolocated_network_expansion_v1_2_0_2026-08-31
GEO_GMB_12640503,Gambia,GMB,Sinchu Alagi,Sinchu Alagi,-16.67841,13.37491,PPL,candidate consumer or transit catchment,fish|vegetable,GeoNames cities5000 dump; CC BY 4.0,12640503,2023-12-01,geolocated national model-support node,"place and coordinate are external records; node role, sink weight and any later flow are model inputs or estimates, not observed shipments",NF_EDFLOW_geolocated_network_expansion_v1_2_0_2026-08-31
GEO_GMB_2412833,Gambia,GMB,Kotu,Kotu,-16.70528,13.45944,PPL,candidate consumer or transit catchment,fish|vegetable,GeoNames cities5000 dump; CC BY 4.0,2412833,2023-12-01,geolocated national model-support node,"place and coordinate are external records; node role, sink weight and any later flow are model inputs or estimates, not observed shipments",NF_EDFLOW_geolocated_network_expansion_v1_2_0_2026-08-31
GEO_GNB_2374775,Guinea-Bissau,GNB,Bissau,Bissau,-15.59767,11.86357,PPLC,major national hub,fish|vegetable,GeoNames cities5000 dump; CC BY 4.0,2374775,2024-09-05,geolocated national model-support node,"place and coordinate are external records; node role, sink weight and any later flow are model inputs or estimates, not observed shipments",NF_EDFLOW_geolocated_network_expansion_v1_2_0_2026-08-31
GEO_GNB_2372532,Guinea-Bissau,GNB,Gabú,Gabu,-14.22222,12.28,PPLA,major national hub,fish|vegetable,GeoNames cities5000 dump; CC BY 4.0,2372532,2023-12-20,geolocated national model-support node,"place and coordinate are external records; node role, sink weight and any later flow are model inputs or estimates, not observed shipments",NF_EDFLOW_geolocated_network_expansion_v1_2_0_2026-08-31
GEO_GNB_2375254,Guinea-Bissau,GNB,Bafatá,Bafata,-14.66167,12.16583,PPLA,major national hub,fish|vegetable,GeoNames cities5000 dump; CC BY 4.0,2375254,2023-12-20,geolocated national model-support node,"place and coordinate are external records; node role, sink weight and any later flow are model inputs or estimates, not observed shipments",NF_EDFLOW_geolocated_network_expansion_v1_2_0_2026-08-31
GEO_GNB_2374688,Guinea-Bissau,GNB,Bolama,Bolama,-15.47611,11.57694,PPLA,major national hub,fish|vegetable,GeoNames cities5000 dump; CC BY 4.0,2374688,2015-04-08,geolocated national model-support node,"place and coordinate are external records; node role, sink weight and any later flow are model inputs or estimates, not observed shipments",NF_EDFLOW_geolocated_network_expansion_v1_2_0_2026-08-31
GEO_GNB_2374311,Guinea-Bissau,GNB,Cacheu,Cacheu,-16.16528,12.27444,PPLA,major national hub,fish|vegetable,GeoNames cities5000 dump; CC BY 4.0,2374311,2015-04-08,geolocated national model-support node,"place and coordinate are external records; node role, sink weight and any later flow are model inputs or estimates, not observed shipments",NF_EDFLOW_geolocated_network_expansion_v1_2_0_2026-08-31
GEO_GNB_2372647,Guinea-Bissau,GNB,Farim,Farim,-15.22167,12.48389,PPLA,candidate consumer or transit catchment,fish|vegetable,GeoNames cities5000 dump; CC BY 4.0,2372647,2023-12-20,geolocated national model-support node,"place and coordinate are external records; node role, sink weight and any later flow are model inputs or estimates, not observed shipments",NF_EDFLOW_geolocated_network_expansion_v1_2_0_2026-08-31
GEO_GNB_2373526,Guinea-Bissau,GNB,Catió,Catio,-15.25472,11.2825,PPLA,candidate consumer or transit catchment,fish|vegetable,GeoNames cities5000 dump; CC BY 4.0,2373526,2015-04-08,geolocated national model-support node,"place and coordinate are external records; node role, sink weight and any later flow are model inputs or estimates, not observed shipments",NF_EDFLOW_geolocated_network_expansion_v1_2_0_2026-08-31
GEO_GNB_2374588,Guinea-Bissau,GNB,Buba,Buba,-14.99583,11.58889,PPLA,candidate consumer or transit catchment,fish|vegetable,GeoNames cities5000 dump; CC BY 4.0,2374588,2023-12-20,geolocated national model-support node,"place and coordinate are external records; node role, sink weight and any later flow are model inputs or estimates, not observed shipments",NF_EDFLOW_geolocated_network_expansion_v1_2_0_2026-08-31
GEO_GNB_2370358,Guinea-Bissau,GNB,Quinhámel,Quinhamel,-15.85556,11.88694,PPLA,candidate consumer or transit catchment,fish|vegetable,GeoNames cities5000 dump; CC BY 4.0,2370358,2023-12-20,geolocated national model-support node,"place and coordinate are external records; node role, sink weight and any later flow are model inputs or estimates, not observed shipments",NF_EDFLOW_geolocated_network_expansion_v1_2_0_2026-08-31
GEO_GNB_2370776,Guinea-Bissau,GNB,Pitche,Pitche,-13.95343,12.32344,PPLA2,candidate consumer or transit catchment,fish|vegetable,GeoNames cities5000 dump; CC BY 4.0,2370776,2023-12-20,geolocated national model-support node,"place and coordinate are external records; node role, sink weight and any later flow are model inputs or estimates, not observed shipments",NF_EDFLOW_geolocated_network_expansion_v1_2_0_2026-08-31
GEO_GNB_13645741,Guinea-Bissau,GNB,Bairro Militar,Bairro Militar,-15.6158,11.8746,PPLX,candidate consumer or transit catchment,fish|vegetable,GeoNames cities5000 dump; CC BY 4.0,13645741,2026-06-14,geolocated national model-support node,"place and coordinate are external records; node role, sink weight and any later flow are model inputs or estimates, not observed shipments",NF_EDFLOW_geolocated_network_expansion_v1_2_0_2026-08-31
GEO_GNB_2373235,Guinea-Bissau,GNB,Contumo,Contumo,-15.61667,11.85,PPL,candidate consumer or transit catchment,fish|vegetable,GeoNames cities5000 dump; CC BY 4.0,2373235,2026-06-29,geolocated national model-support node,"place and coordinate are external records; node role, sink weight and any later flow are model inputs or estimates, not observed shipments",NF_EDFLOW_geolocated_network_expansion_v1_2_0_2026-08-31
GEO_GNB_2370317,Guinea-Bissau,GNB,Reino de Bandim,Reino de Bandim,-15.6,11.85,PPL,candidate consumer or transit catchment,fish|vegetable,GeoNames cities5000 dump; CC BY 4.0,2370317,2026-06-29,geolocated national model-support node,"place and coordinate are external records; node role, sink weight and any later flow are model inputs or estimates, not observed shipments",NF_EDFLOW_geolocated_network_expansion_v1_2_0_2026-08-31
GEO_GNB_13645745,Guinea-Bissau,GNB,Missira,Missira,-15.60679,11.86145,PPLX,candidate consumer or transit catchment,fish|vegetable,GeoNames cities5000 dump; CC BY 4.0,13645745,2026-06-14,geolocated national model-support node,"place and coordinate are external records; node role, sink weight and any later flow are model inputs or estimates, not observed shipments",NF_EDFLOW_geolocated_network_expansion_v1_2_0_2026-08-31
GEO_GNB_2370318,Guinea-Bissau,GNB,Reino de Antula,Reino de Antula,-15.58333,11.9,PPL,candidate consumer or transit catchment,fish|vegetable,GeoNames cities5000 dump; CC BY 4.0,2370318,2026-06-29,geolocated national model-support node,"place and coordinate are external records; node role, sink weight and any later flow are model inputs or estimates, not observed shipments",NF_EDFLOW_geolocated_network_expansion_v1_2_0_2026-08-31
GEO_GNB_2370458,Guinea-Bissau,GNB,Quelele,Quelele,-15.63333,11.86667,PPL,candidate consumer or transit catchment,fish|vegetable,GeoNames cities5000 dump; CC BY 4.0,2370458,2026-06-29,geolocated national model-support node,"place and coordinate are external records; node role, sink weight and any later flow are model inputs or estimates, not observed shipments",NF_EDFLOW_geolocated_network_expansion_v1_2_0_2026-08-31
GEO_GNB_2370740,Guinea-Bissau,GNB,Plaque,Plaque,-15.61667,11.88333,PPL,candidate consumer or transit catchment,fish|vegetable,GeoNames cities5000 dump; CC BY 4.0,2370740,2026-06-29,geolocated national model-support node,"place and coordinate are external records; node role, sink weight and any later flow are model inputs or estimates, not observed shipments",NF_EDFLOW_geolocated_network_expansion_v1_2_0_2026-08-31
GEO_GNB_13645744,Guinea-Bissau,GNB,Luanda,Luanda,-15.60047,11.8787,PPLX,candidate consumer or transit catchment,fish|vegetable,GeoNames cities5000 dump; CC BY 4.0,13645744,2026-06-14,geolocated national model-support node,"place and coordinate are external records; node role, sink weight and any later flow are model inputs or estimates, not observed shipments",NF_EDFLOW_geolocated_network_expansion_v1_2_0_2026-08-31
GEO_GNB_13645746,Guinea-Bissau,GNB,Sintra-Nema,Sintra-Nema,-15.59736,11.86236,PPLX,candidate consumer or transit catchment,fish|vegetable,GeoNames cities5000 dump; CC BY 4.0,13645746,2026-06-14,geolocated national model-support node,"place and coordinate are external records; node role, sink weight and any later flow are model inputs or estimates, not observed shipments",NF_EDFLOW_geolocated_network_expansion_v1_2_0_2026-08-31
GEO_GNB_2368657,Guinea-Bissau,GNB,Xitole,Xitole,-14.81667,11.73333,PPL,candidate consumer or transit catchment,fish|vegetable,GeoNames cities5000 dump; CC BY 4.0,2368657,2025-11-02,geolocated national model-support node,"place and coordinate are external records; node role, sink weight and any later flow are model inputs or estimates, not observed shipments",NF_EDFLOW_geolocated_network_expansion_v1_2_0_2026-08-31
GEO_GNB_13645742,Guinea-Bissau,GNB,Belem,Belem,-15.60297,11.85336,PPLX,candidate consumer or transit catchment,fish|vegetable,GeoNames cities5000 dump; CC BY 4.0,13645742,2026-06-14,geolocated national model-support node,"place and coordinate are external records; node role, sink weight and any later flow are model inputs or estimates, not observed shipments",NF_EDFLOW_geolocated_network_expansion_v1_2_0_2026-08-31
GEO_GNB_13645747,Guinea-Bissau,GNB,Santa-Luzia,Santa-Luzia,-15.59003,11.88798,PPLX,candidate consumer or transit catchment,fish|vegetable,GeoNames cities5000 dump; CC BY 4.0,13645747,2026-06-14,geolocated national model-support node,"place and coordinate are external records; node role, sink weight and any later flow are model inputs or estimates, not observed shipments",NF_EDFLOW_geolocated_network_expansion_v1_2_0_2026-08-31
GEO_GNB_13645743,Guinea-Bissau,GNB,CIM,CIM,-15.57808,11.86068,PPLX,candidate consumer or transit catchment,fish|vegetable,GeoNames cities5000 dump; CC BY 4.0,13645743,2026-06-14,geolocated national model-support node,"place and coordinate are external records; node role, sink weight and any later flow are model inputs or estimates, not observed shipments",NF_EDFLOW_geolocated_network_expansion_v1_2_0_2026-08-31
GEO_GNB_2370839,Guinea-Bissau,GNB,Pefiné,Pefine,-15.5945,11.87244,PPL,candidate consumer or transit catchment,fish|vegetable,GeoNames cities5000 dump; CC BY 4.0,2370839,2026-06-14,geolocated national model-support node,"place and coordinate are external records; node role, sink weight and any later flow are model inputs or estimates, not observed shipments",NF_EDFLOW_geolocated_network_expansion_v1_2_0_2026-08-31
GEO_GNB_2373950,Guinea-Bissau,GNB,Canchungo,Canchungo,-16.08333,12.43333,PPL,candidate consumer or transit catchment,fish|vegetable,GeoNames cities5000 dump; CC BY 4.0,2373950,2023-12-21,geolocated national model-support node,"place and coordinate are external records; node role, sink weight and any later flow are model inputs or estimates, not observed shipments",NF_EDFLOW_geolocated_network_expansion_v1_2_0_2026-08-31
GEO_GNB_2374759,Guinea-Bissau,GNB,Bissorã,Bissora,-15.4475,12.22306,PPL,candidate consumer or transit catchment,fish|vegetable,GeoNames cities5000 dump; CC BY 4.0,2374759,2020-06-10,geolocated national model-support node,"place and coordinate are external records; node role, sink weight and any later flow are model inputs or estimates, not observed shipments",NF_EDFLOW_geolocated_network_expansion_v1_2_0_2026-08-31
GEO_GNB_2372015,Guinea-Bissau,GNB,Jabicunda,Jabicunda,-14.55,12.31667,PPL,candidate consumer or transit catchment,fish|vegetable,GeoNames cities5000 dump; CC BY 4.0,2372015,2024-10-16,geolocated national model-support node,"place and coordinate are external records; node role, sink weight and any later flow are model inputs or estimates, not observed shipments",NF_EDFLOW_geolocated_network_expansion_v1_2_0_2026-08-31
GEO_GNB_2374760,Guinea-Bissau,GNB,Bissorã,Bissora,-15.42806,12.04,PPL,candidate consumer or transit catchment,fish|vegetable,GeoNames cities5000 dump; CC BY 4.0,2374760,2026-02-05,geolocated national model-support node,"place and coordinate are external records; node role, sink weight and any later flow are model inputs or estimates, not observed shipments",NF_EDFLOW_geolocated_network_expansion_v1_2_0_2026-08-31
GEO_GNB_2371663,Guinea-Bissau,GNB,Madina do Boé,Madina do Boe,-14.2113,11.74765,PPL,candidate consumer or transit catchment,fish|vegetable,GeoNames cities5000 dump; CC BY 4.0,2371663,2024-10-06,geolocated national model-support node,"place and coordinate are external records; node role, sink weight and any later flow are model inputs or estimates, not observed shipments",NF_EDFLOW_geolocated_network_expansion_v1_2_0_2026-08-31
GEO_GNB_13645740,Guinea-Bissau,GNB,Ajuda,Ajuda,-15.61351,11.86035,PPLX,candidate consumer or transit catchment,fish|vegetable,GeoNames cities5000 dump; CC BY 4.0,13645740,2026-06-14,geolocated national model-support node,"place and coordinate are external records; node role, sink weight and any later flow are model inputs or estimates, not observed shipments",NF_EDFLOW_geolocated_network_expansion_v1_2_0_2026-08-31
GEO_GNB_2374519,Guinea-Bissau,GNB,Bula,Bula,-15.70806,12.10389,PPL,candidate consumer or transit catchment,fish|vegetable,GeoNames cities5000 dump; CC BY 4.0,2374519,2023-12-20,geolocated national model-support node,"place and coordinate are external records; node role, sink weight and any later flow are model inputs or estimates, not observed shipments",NF_EDFLOW_geolocated_network_expansion_v1_2_0_2026-08-31
GEO_GNB_2371467,Guinea-Bissau,GNB,Mansôa,Mansoa,-15.31889,12.07333,PPL,candidate consumer or transit catchment,fish|vegetable,GeoNames cities5000 dump; CC BY 4.0,2371467,2023-12-20,geolocated national model-support node,"place and coordinate are external records; node role, sink weight and any later flow are model inputs or estimates, not observed shipments",NF_EDFLOW_geolocated_network_expansion_v1_2_0_2026-08-31
GEO_GNB_2374583,Guinea-Bissau,GNB,Bubaque,Bubaque,-15.83333,11.28333,PPL,candidate consumer or transit catchment,fish|vegetable,GeoNames cities5000 dump; CC BY 4.0,2374583,2014-08-19,geolocated national model-support node,"place and coordinate are external records; node role, sink weight and any later flow are model inputs or estimates, not observed shipments",NF_EDFLOW_geolocated_network_expansion_v1_2_0_2026-08-31
GEO_GNB_2372095,Guinea-Bissau,GNB,Ingoré,Ingore,-15.7975,12.40528,PPL,candidate consumer or transit catchment,fish|vegetable,GeoNames cities5000 dump; CC BY 4.0,2372095,2023-12-20,geolocated national model-support node,"place and coordinate are external records; node role, sink weight and any later flow are model inputs or estimates, not observed shipments",NF_EDFLOW_geolocated_network_expansion_v1_2_0_2026-08-31
GEO_GNB_2375181,Guinea-Bissau,GNB,Bambadinca,Bambadinca,-14.86119,12.02342,PPL,candidate consumer or transit catchment,fish|vegetable,GeoNames cities5000 dump; CC BY 4.0,2375181,2023-12-21,geolocated national model-support node,"place and coordinate are external records; node role, sink weight and any later flow are model inputs or estimates, not observed shipments",NF_EDFLOW_geolocated_network_expansion_v1_2_0_2026-08-31
GEO_GNB_2370473,Guinea-Bissau,GNB,Quebo,Quebo,-14.93333,11.33333,PPL,candidate consumer or transit catchment,fish|vegetable,GeoNames cities5000 dump; CC BY 4.0,2370473,2013-08-17,geolocated national model-support node,"place and coordinate are external records; node role, sink weight and any later flow are model inputs or estimates, not observed shipments",NF_EDFLOW_geolocated_network_expansion_v1_2_0_2026-08-31
GEO_GNB_2373951,Guinea-Bissau,GNB,Canchungo,Canchungo,-16.03333,12.06722,PPL,candidate consumer or transit catchment,fish|vegetable,GeoNames cities5000 dump; CC BY 4.0,2373951,2012-01-18,geolocated national model-support node,"place and coordinate are external records; node role, sink weight and any later flow are model inputs or estimates, not observed shipments",NF_EDFLOW_geolocated_network_expansion_v1_2_0_2026-08-31
GEO_GNB_2370045,Guinea-Bissau,GNB,São Domingos,Sao Domingos,-16.20056,12.40194,PPL,candidate consumer or transit catchment,fish|vegetable,GeoNames cities5000 dump; CC BY 4.0,2370045,2023-12-20,geolocated national model-support node,"place and coordinate are external records; node role, sink weight and any later flow are model inputs or estimates, not observed shipments",NF_EDFLOW_geolocated_network_expansion_v1_2_0_2026-08-31
GEO_GNB_2371491,Guinea-Bissau,GNB,Mansabá,Mansaba,-15.18278,12.29194,PPL,candidate consumer or transit catchment,fish|vegetable,GeoNames cities5000 dump; CC BY 4.0,2371491,2023-12-20,geolocated national model-support node,"place and coordinate are external records; node role, sink weight and any later flow are model inputs or estimates, not observed shipments",NF_EDFLOW_geolocated_network_expansion_v1_2_0_2026-08-31
GEO_GNQ_2310046,Equatorial Guinea,GNQ,Bata,Bata,9.76582,1.86391,PPLA,major national hub,fish|vegetable,GeoNames cities5000 dump; CC BY 4.0,2310046,2019-09-05,geolocated national model-support node,"place and coordinate are external records; node role, sink weight and any later flow are model inputs or estimates, not observed shipments",NF_EDFLOW_geolocated_network_expansion_v1_2_0_2026-08-31
GEO_GNQ_2309527,Equatorial Guinea,GNQ,Malabo,Malabo,8.78166,3.75578,PPLA,major national hub,fish|vegetable,GeoNames cities5000 dump; CC BY 4.0,2309527,2026-01-18,geolocated national model-support node,"place and coordinate are external records; node role, sink weight and any later flow are model inputs or estimates, not observed shipments",NF_EDFLOW_geolocated_network_expansion_v1_2_0_2026-08-31
GEO_GNQ_2309332,Equatorial Guinea,GNQ,Ebebiyin,Ebebiyin,11.33013,2.15218,PPLA,major national hub,fish|vegetable,GeoNames cities5000 dump; CC BY 4.0,2309332,2023-01-19,geolocated national model-support node,"place and coordinate are external records; node role, sink weight and any later flow are model inputs or estimates, not observed shipments",NF_EDFLOW_geolocated_network_expansion_v1_2_0_2026-08-31
GEO_GNQ_2309528,Equatorial Guinea,GNQ,Luba,Luba,8.55465,3.45683,PPLA,major national hub,fish|vegetable,GeoNames cities5000 dump; CC BY 4.0,2309528,2012-01-18,geolocated national model-support node,"place and coordinate are external records; node role, sink weight and any later flow are model inputs or estimates, not observed shipments",NF_EDFLOW_geolocated_network_expansion_v1_2_0_2026-08-31
GEO_GNQ_2308994,Equatorial Guinea,GNQ,Evinayong,Evinayong,10.55124,1.43677,PPLA,major national hub,fish|vegetable,GeoNames cities5000 dump; CC BY 4.0,2308994,2012-01-18,geolocated national model-support node,"place and coordinate are external records; node role, sink weight and any later flow are model inputs or estimates, not observed shipments",NF_EDFLOW_geolocated_network_expansion_v1_2_0_2026-08-31
GEO_GNQ_2307795,Equatorial Guinea,GNQ,Mongomo,Mongomo,11.31346,1.62742,PPLA,candidate consumer or transit catchment,fish|vegetable,GeoNames cities5000 dump; CC BY 4.0,2307795,2015-11-29,geolocated national model-support node,"place and coordinate are external records; node role, sink weight and any later flow are model inputs or estimates, not observed shipments",NF_EDFLOW_geolocated_network_expansion_v1_2_0_2026-08-31
GEO_GNQ_2306774,Equatorial Guinea,GNQ,San Antonio de Palé,San Antonio de Pale,5.63198,-1.4068,PPLA,candidate consumer or transit catchment,fish|vegetable,GeoNames cities5000 dump; CC BY 4.0,2306774,2025-04-03,geolocated national model-support node,"place and coordinate are external records; node role, sink weight and any later flow are model inputs or estimates, not observed shipments",NF_EDFLOW_geolocated_network_expansion_v1_2_0_2026-08-31
GEO_GNQ_12226438,Equatorial Guinea,GNQ,Ciudad de la Paz,Ciudad de la Paz,10.82361,1.5925,PPLC,candidate consumer or transit catchment,fish|vegetable,GeoNames cities5000 dump; CC BY 4.0,12226438,2026-01-18,geolocated national model-support node,"place and coordinate are external records; node role, sink weight and any later flow are model inputs or estimates, not observed shipments",NF_EDFLOW_geolocated_network_expansion_v1_2_0_2026-08-31
GEO_GNQ_2310547,Equatorial Guinea,GNQ,Aconibe,Aconibe,10.93691,1.29683,PPL,candidate consumer or transit catchment,fish|vegetable,GeoNames cities5000 dump; CC BY 4.0,2310547,2026-01-07,geolocated national model-support node,"place and coordinate are external records; node role, sink weight and any later flow are model inputs or estimates, not observed shipments",NF_EDFLOW_geolocated_network_expansion_v1_2_0_2026-08-31
GEO_GNQ_2310309,Equatorial Guinea,GNQ,Añisoc,Anisoc,10.76892,1.8658,PPL,candidate consumer or transit catchment,fish|vegetable,GeoNames cities5000 dump; CC BY 4.0,2310309,2013-06-07,geolocated national model-support node,"place and coordinate are external records; node role, sink weight and any later flow are model inputs or estimates, not observed shipments",NF_EDFLOW_geolocated_network_expansion_v1_2_0_2026-08-31
GEO_GNQ_2306737,Equatorial Guinea,GNQ,Aual,Aual,5.62722,-1.44556,PPL,candidate consumer or transit catchment,fish|vegetable,GeoNames cities5000 dump; CC BY 4.0,2306737,2024-04-22,geolocated national model-support node,"place and coordinate are external records; node role, sink weight and any later flow are model inputs or estimates, not observed shipments",NF_EDFLOW_geolocated_network_expansion_v1_2_0_2026-08-31
GEO_GNQ_2307970,Equatorial Guinea,GNQ,Mikomeseng,Mikomeseng,10.61322,2.13609,PPL,candidate consumer or transit catchment,fish|vegetable,GeoNames cities5000 dump; CC BY 4.0,2307970,2013-06-07,geolocated national model-support node,"place and coordinate are external records; node role, sink weight and any later flow are model inputs or estimates, not observed shipments",NF_EDFLOW_geolocated_network_expansion_v1_2_0_2026-08-31
GEO_GNQ_2306824,Equatorial Guinea,GNQ,Rebola,Rebola,8.83333,3.71667,PPL,candidate consumer or transit catchment,fish|vegetable,GeoNames cities5000 dump; CC BY 4.0,2306824,2013-06-07,geolocated national model-support node,"place and coordinate are external records; node role, sink weight and any later flow are model inputs or estimates, not observed shipments",NF_EDFLOW_geolocated_network_expansion_v1_2_0_2026-08-31
GEO_KEN_184745,Kenya,KEN,Nairobi,Nairobi,36.81667,-1.28333,PPLC,major national hub,fish|vegetable,GeoNames cities5000 dump; CC BY 4.0,184745,2023-12-21,geolocated national model-support node,"place and coordinate are external records; node role, sink weight and any later flow are model inputs or estimates, not observed shipments",NF_EDFLOW_geolocated_network_expansion_v1_2_0_2026-08-31
GEO_KEN_195272,Kenya,KEN,Kakamega,Kakamega,34.75229,0.28422,PPLA,major national hub,fish|vegetable,GeoNames cities5000 dump; CC BY 4.0,195272,2022-09-26,geolocated national model-support node,"place and coordinate are external records; node role, sink weight and any later flow are model inputs or estimates, not observed shipments",NF_EDFLOW_geolocated_network_expansion_v1_2_0_2026-08-31
GEO_KEN_186301,Kenya,KEN,Mombasa,Mombasa,39.66359,-4.05466,PPLA,major national hub,fish|vegetable,GeoNames cities5000 dump; CC BY 4.0,186301,2022-09-26,geolocated national model-support node,"place and coordinate are external records; node role, sink weight and any later flow are model inputs or estimates, not observed shipments",NF_EDFLOW_geolocated_network_expansion_v1_2_0_2026-08-31
GEO_KEN_184622,Kenya,KEN,Nakuru,Nakuru,36.07225,-0.30719,PPLA,major national hub,fish|vegetable,GeoNames cities5000 dump; CC BY 4.0,184622,2023-12-21,geolocated national model-support node,"place and coordinate are external records; node role, sink weight and any later flow are model inputs or estimates, not observed shipments",NF_EDFLOW_geolocated_network_expansion_v1_2_0_2026-08-31
GEO_KEN_198629,Kenya,KEN,Eldoret,Eldoret,35.26993,0.52036,PPLA,major national hub,fish|vegetable,GeoNames cities5000 dump; CC BY 4.0,198629,2022-09-26,geolocated national model-support node,"place and coordinate are external records; node role, sink weight and any later flow are model inputs or estimates, not observed shipments",NF_EDFLOW_geolocated_network_expansion_v1_2_0_2026-08-31
GEO_KEN_191245,Kenya,KEN,Kisumu,Kisumu,34.76171,-0.10221,PPLA,candidate consumer or transit catchment,fish|vegetable,GeoNames cities5000 dump; CC BY 4.0,191245,2023-12-21,geolocated national model-support node,"place and coordinate are external records; node role, sink weight and any later flow are model inputs or estimates, not observed shipments",NF_EDFLOW_geolocated_network_expansion_v1_2_0_2026-08-31
GEO_KEN_197745,Kenya,KEN,Garissa,Garissa,39.64601,-0.45275,PPLA,candidate consumer or transit catchment,fish|vegetable,GeoNames cities5000 dump; CC BY 4.0,197745,2023-12-21,geolocated national model-support node,"place and coordinate are external records; node role, sink weight and any later flow are model inputs or estimates, not observed shipments",NF_EDFLOW_geolocated_network_expansion_v1_2_0_2026-08-31
GEO_KEN_191220,Kenya,KEN,Kitale,Kitale,35.00622,1.01572,PPLA,candidate consumer or transit catchment,fish|vegetable,GeoNames cities5000 dump; CC BY 4.0,191220,2022-09-26,geolocated national model-support node,"place and coordinate are external records; node role, sink weight and any later flow are model inputs or estimates, not observed shipments",NF_EDFLOW_geolocated_network_expansion_v1_2_0_2026-08-31
GEO_KEN_192710,Kenya,KEN,Kiambu,Kiambu,36.83556,-1.17139,PPLA,candidate consumer or transit catchment,fish|vegetable,GeoNames cities5000 dump; CC BY 4.0,192710,2023-12-21,geolocated national model-support node,"place and coordinate are external records; node role, sink weight and any later flow are model inputs or estimates, not observed shipments",NF_EDFLOW_geolocated_network_expansion_v1_2_0_2026-08-31
GEO_KEN_187896,Kenya,KEN,Mandera,Mandera,41.85688,3.93726,PPLA,candidate consumer or transit catchment,fish|vegetable,GeoNames cities5000 dump; CC BY 4.0,187896,2025-05-08,geolocated national model-support node,"place and coordinate are external records; node role, sink weight and any later flow are model inputs or estimates, not observed shipments",NF_EDFLOW_geolocated_network_expansion_v1_2_0_2026-08-31
GEO_KEN_191299,Kenya,KEN,Kisii,Kisii,34.76666,-0.68174,PPLA,candidate consumer or transit catchment,fish|vegetable,GeoNames cities5000 dump; CC BY 4.0,191299,2022-09-26,geolocated national model-support node,"place and coordinate are external records; node role, sink weight and any later flow are model inputs or estimates, not observed shipments",NF_EDFLOW_geolocated_network_expansion_v1_2_0_2026-08-31
GEO_KEN_178443,Kenya,KEN,Wajir,Wajir,40.05732,1.7471,PPLA,candidate consumer or transit catchment,fish|vegetable,GeoNames cities5000 dump; CC BY 4.0,178443,2022-09-26,geolocated national model-support node,"place and coordinate are external records; node role, sink weight and any later flow are model inputs or estimates, not observed shipments",NF_EDFLOW_geolocated_network_expansion_v1_2_0_2026-08-31
GEO_KEN_189280,Kenya,KEN,Lodwar,Lodwar,35.59642,3.11988,PPLA,candidate consumer or transit catchment,fish|vegetable,GeoNames cities5000 dump; CC BY 4.0,189280,2022-09-26,geolocated national model-support node,"place and coordinate are external records; node role, sink weight and any later flow are model inputs or estimates, not observed shipments",NF_EDFLOW_geolocated_network_expansion_v1_2_0_2026-08-31
GEO_KEN_186827,Kenya,KEN,Meru,Meru,37.65587,0.04626,PPLA,candidate consumer or transit catchment,fish|vegetable,GeoNames cities5000 dump; CC BY 4.0,186827,2023-12-21,geolocated national model-support node,"place and coordinate are external records; node role, sink weight and any later flow are model inputs or estimates, not observed shipments",NF_EDFLOW_geolocated_network_expansion_v1_2_0_2026-08-31
GEO_KEN_182701,Kenya,KEN,Nyeri,Nyeri,36.94759,-0.42013,PPLA,candidate consumer or transit catchment,fish|vegetable,GeoNames cities5000 dump; CC BY 4.0,182701,2023-12-21,geolocated national model-support node,"place and coordinate are external records; node role, sink weight and any later flow are model inputs or estimates, not observed shipments",NF_EDFLOW_geolocated_network_expansion_v1_2_0_2026-08-31
GEO_KEN_196231,Kenya,KEN,Isiolo,Isiolo,37.58218,0.35462,PPLA,candidate consumer or transit catchment,fish|vegetable,GeoNames cities5000 dump; CC BY 4.0,196231,2023-12-21,geolocated national model-support node,"place and coordinate are external records; node role, sink weight and any later flow are model inputs or estimates, not observed shipments",NF_EDFLOW_geolocated_network_expansion_v1_2_0_2026-08-31
GEO_KEN_192067,Kenya,KEN,Kilifi,Kilifi,39.84992,-3.63045,PPLA,candidate consumer or transit catchment,fish|vegetable,GeoNames cities5000 dump; CC BY 4.0,192067,2023-12-21,geolocated national model-support node,"place and coordinate are external records; node role, sink weight and any later flow are model inputs or estimates, not observed shipments",NF_EDFLOW_geolocated_network_expansion_v1_2_0_2026-08-31
GEO_KEN_199989,Kenya,KEN,Busia,Busia,34.11169,0.46005,PPLA,candidate consumer or transit catchment,fish|vegetable,GeoNames cities5000 dump; CC BY 4.0,199989,2024-01-18,geolocated national model-support node,"place and coordinate are external records; node role, sink weight and any later flow are model inputs or estimates, not observed shipments",NF_EDFLOW_geolocated_network_expansion_v1_2_0_2026-08-31
GEO_KEN_186731,Kenya,KEN,Migori,Migori,34.47313,-1.06343,PPLA,candidate consumer or transit catchment,fish|vegetable,GeoNames cities5000 dump; CC BY 4.0,186731,2023-12-21,geolocated national model-support node,"place and coordinate are external records; node role, sink weight and any later flow are model inputs or estimates, not observed shipments",NF_EDFLOW_geolocated_network_expansion_v1_2_0_2026-08-31
GEO_KEN_200067,Kenya,KEN,Bungoma,Bungoma,34.56055,0.5635,PPLA,candidate consumer or transit catchment,fish|vegetable,GeoNames cities5000 dump; CC BY 4.0,200067,2026-04-14,geolocated national model-support node,"place and coordinate are external records; node role, sink weight and any later flow are model inputs or estimates, not observed shipments",NF_EDFLOW_geolocated_network_expansion_v1_2_0_2026-08-31
GEO_KEN_184379,Kenya,KEN,Narok,Narok,35.87111,-1.08083,PPLA,candidate consumer or transit catchment,fish|vegetable,GeoNames cities5000 dump; CC BY 4.0,184379,2023-12-21,geolocated national model-support node,"place and coordinate are external records; node role, sink weight and any later flow are model inputs or estimates, not observed shipments",NF_EDFLOW_geolocated_network_expansion_v1_2_0_2026-08-31
GEO_KEN_198476,Kenya,KEN,Embu,Embu,37.45743,-0.53987,PPLA,candidate consumer or transit catchment,fish|vegetable,GeoNames cities5000 dump; CC BY 4.0,198476,2022-09-26,geolocated national model-support node,"place and coordinate are external records; node role, sink weight and any later flow are model inputs or estimates, not observed shipments",NF_EDFLOW_geolocated_network_expansion_v1_2_0_2026-08-31
GEO_KEN_188492,Kenya,KEN,Machakos,Machakos,37.26521,-1.52233,PPLA,candidate consumer or transit catchment,fish|vegetable,GeoNames cities5000 dump; CC BY 4.0,188492,2023-12-21,geolocated national model-support node,"place and coordinate are external records; node role, sink weight and any later flow are model inputs or estimates, not observed shipments",NF_EDFLOW_geolocated_network_expansion_v1_2_0_2026-08-31
GEO_KEN_187113,Kenya,KEN,Mbale,Mbale,34.72139,0.08213,PPLA,candidate consumer or transit catchment,fish|vegetable,GeoNames cities5000 dump; CC BY 4.0,187113,2023-10-06,geolocated national model-support node,"place and coordinate are external records; node role, sink weight and any later flow are model inputs or estimates, not observed shipments",NF_EDFLOW_geolocated_network_expansion_v1_2_0_2026-08-31
GEO_KEN_194160,Kenya,KEN,Kapenguria,Kapenguria,35.11194,1.23889,PPLA,candidate consumer or transit catchment,fish|vegetable,GeoNames cities5000 dump; CC BY 4.0,194160,2017-11-07,geolocated national model-support node,"place and coordinate are external records; node role, sink weight and any later flow are model inputs or estimates, not observed shipments",NF_EDFLOW_geolocated_network_expansion_v1_2_0_2026-08-31
GEO_KEN_192900,Kenya,KEN,Kericho,Kericho,35.28314,-0.36774,PPLA,candidate consumer or transit catchment,fish|vegetable,GeoNames cities5000 dump; CC BY 4.0,192900,2023-12-21,geolocated national model-support node,"place and coordinate are external records; node role, sink weight and any later flow are model inputs or estimates, not observed shipments",NF_EDFLOW_geolocated_network_expansion_v1_2_0_2026-08-31
GEO_KEN_7931933,Kenya,KEN,Ol Kalou,Ol Kalou,36.37917,-0.27088,PPLA,candidate consumer or transit catchment,fish|vegetable,GeoNames cities5000 dump; CC BY 4.0,7931933,2026-04-14,geolocated national model-support node,"place and coordinate are external records; node role, sink weight and any later flow are model inputs or estimates, not observed shipments",NF_EDFLOW_geolocated_network_expansion_v1_2_0_2026-08-31
GEO_KEN_196742,Kenya,KEN,Homa Bay,Homa Bay,34.45714,-0.52731,PPLA,candidate consumer or transit catchment,fish|vegetable,GeoNames cities5000 dump; CC BY 4.0,196742,2022-09-26,geolocated national model-support node,"place and coordinate are external records; node role, sink weight and any later flow are model inputs or estimates, not observed shipments",NF_EDFLOW_geolocated_network_expansion_v1_2_0_2026-08-31
GEO_KEN_185579,Kenya,KEN,Murang’a,Murang'a,37.15259,-0.72104,PPLA,candidate consumer or transit catchment,fish|vegetable,GeoNames cities5000 dump; CC BY 4.0,185579,2023-12-21,geolocated national model-support node,"place and coordinate are external records; node role, sink weight and any later flow are model inputs or estimates, not observed shipments",NF_EDFLOW_geolocated_network_expansion_v1_2_0_2026-08-31
GEO_KEN_196185,Kenya,KEN,Iten,Iten,35.50806,0.67028,PPLA,candidate consumer or transit catchment,fish|vegetable,GeoNames cities5000 dump; CC BY 4.0,196185,2017-12-07,geolocated national model-support node,"place and coordinate are external records; node role, sink weight and any later flow are model inputs or estimates, not observed shipments",NF_EDFLOW_geolocated_network_expansion_v1_2_0_2026-08-31
GEO_KEN_194038,Kenya,KEN,Kapsabet,Kapsabet,35.105,0.20387,PPLA,candidate consumer or transit catchment,fish|vegetable,GeoNames cities5000 dump; CC BY 4.0,194038,2023-12-21,geolocated national model-support node,"place and coordinate are external records; node role, sink weight and any later flow are model inputs or estimates, not observed shipments",NF_EDFLOW_geolocated_network_expansion_v1_2_0_2026-08-31
GEO_KEN_187585,Kenya,KEN,Marsabit,Marsabit,37.99086,2.33468,PPLA,candidate consumer or transit catchment,fish|vegetable,GeoNames cities5000 dump; CC BY 4.0,187585,2023-12-21,geolocated national model-support node,"place and coordinate are external records; node role, sink weight and any later flow are model inputs or estimates, not observed shipments",NF_EDFLOW_geolocated_network_expansion_v1_2_0_2026-08-31
GEO_KEN_383388,Kenya,KEN,Siaya,Siaya,34.28806,0.0607,PPLA,candidate consumer or transit catchment,fish|vegetable,GeoNames cities5000 dump; CC BY 4.0,383388,2026-04-14,geolocated national model-support node,"place and coordinate are external records; node role, sink weight and any later flow are model inputs or estimates, not observed shipments",NF_EDFLOW_geolocated_network_expansion_v1_2_0_2026-08-31
GEO_KEN_187725,Kenya,KEN,Maralal,Maralal,36.69806,1.09667,PPLA,candidate consumer or transit catchment,fish|vegetable,GeoNames cities5000 dump; CC BY 4.0,187725,2023-12-21,geolocated national model-support node,"place and coordinate are external records; node role, sink weight and any later flow are model inputs or estimates, not observed shipments",NF_EDFLOW_geolocated_network_expansion_v1_2_0_2026-08-31
GEO_KEN_192859,Kenya,KEN,Kerugoya,Kerugoya,37.28031,-0.49887,PPLA,candidate consumer or transit catchment,fish|vegetable,GeoNames cities5000 dump; CC BY 4.0,192859,2023-12-21,geolocated national model-support node,"place and coordinate are external records; node role, sink weight and any later flow are model inputs or estimates, not observed shipments",NF_EDFLOW_geolocated_network_expansion_v1_2_0_2026-08-31
GEO_KEN_191038,Kenya,KEN,Kitui,Kitui,38.01055,-1.36696,PPLA,candidate consumer or transit catchment,fish|vegetable,GeoNames cities5000 dump; CC BY 4.0,191038,2022-09-26,geolocated national model-support node,"place and coordinate are external records; node role, sink weight and any later flow are model inputs or estimates, not observed shipments",NF_EDFLOW_geolocated_network_expansion_v1_2_0_2026-08-31
GEO_KEN_189741,Kenya,KEN,Lamu,Lamu,40.90201,-2.27169,PPLA,candidate consumer or transit catchment,fish|vegetable,GeoNames cities5000 dump; CC BY 4.0,189741,2023-12-21,geolocated national model-support node,"place and coordinate are external records; node role, sink weight and any later flow are model inputs or estimates, not observed shipments",NF_EDFLOW_geolocated_network_expansion_v1_2_0_2026-08-31
GEO_KEN_195298,Kenya,KEN,Kajiado,Kajiado,36.77683,-1.85238,PPLA,candidate consumer or transit catchment,fish|vegetable,GeoNames cities5000 dump; CC BY 4.0,195298,2022-09-26,geolocated national model-support node,"place and coordinate are external records; node role, sink weight and any later flow are model inputs or estimates, not observed shipments",NF_EDFLOW_geolocated_network_expansion_v1_2_0_2026-08-31
GEO_KEN_195821,Kenya,KEN,Kabarnet,Kabarnet,35.74303,0.49194,PPLA,candidate consumer or transit catchment,fish|vegetable,GeoNames cities5000 dump; CC BY 4.0,195821,2013-07-03,geolocated national model-support node,"place and coordinate are external records; node role, sink weight and any later flow are model inputs or estimates, not observed shipments",NF_EDFLOW_geolocated_network_expansion_v1_2_0_2026-08-31
GEO_KEN_182880,Kenya,KEN,Nyamira,Nyamira,34.93583,-0.56333,PPLA,candidate consumer or transit catchment,fish|vegetable,GeoNames cities5000 dump; CC BY 4.0,182880,2023-12-21,geolocated national model-support node,"place and coordinate are external records; node role, sink weight and any later flow are model inputs or estimates, not observed shipments",NF_EDFLOW_geolocated_network_expansion_v1_2_0_2026-08-31
GEO_KEN_199284,Kenya,KEN,Chuka,Chuka,37.64587,-0.33316,PPLA2,candidate consumer or transit catchment,fish|vegetable,GeoNames cities5000 dump; CC BY 4.0,199284,2023-12-21,geolocated national model-support node,"place and coordinate are external records; node role, sink weight and any later flow are model inputs or estimates, not observed shipments",NF_EDFLOW_geolocated_network_expansion_v1_2_0_2026-08-31
GEO_KEN_196752,Kenya,KEN,Hola,Hola,40.03341,-1.48256,PPLA,candidate consumer or transit catchment,fish|vegetable,GeoNames cities5000 dump; CC BY 4.0,196752,2023-12-21,geolocated national model-support node,"place and coordinate are external records; node role, sink weight and any later flow are model inputs or estimates, not observed shipments",NF_EDFLOW_geolocated_network_expansion_v1_2_0_2026-08-31
GEO_KEN_178077,Kenya,KEN,Wote,Wote,37.62882,-1.78079,PPLA,candidate consumer or transit catchment,fish|vegetable,GeoNames cities5000 dump; CC BY 4.0,178077,2023-12-21,geolocated national model-support node,"place and coordinate are external records; node role, sink weight and any later flow are model inputs or estimates, not observed shipments",NF_EDFLOW_geolocated_network_expansion_v1_2_0_2026-08-31
GEO_KEN_180992,Kenya,KEN,Rumuruti,Rumuruti,36.53806,0.2725,PPLA,candidate consumer or transit catchment,fish|vegetable,GeoNames cities5000 dump; CC BY 4.0,180992,2024-01-18,geolocated national model-support node,"place and coordinate are external records; node role, sink weight and any later flow are model inputs or estimates, not observed shipments",NF_EDFLOW_geolocated_network_expansion_v1_2_0_2026-08-31
GEO_KEN_200308,Kenya,KEN,Bomet,Bomet,35.34156,-0.78129,PPLA,candidate consumer or transit catchment,fish|vegetable,GeoNames cities5000 dump; CC BY 4.0,200308,2026-04-14,geolocated national model-support node,"place and coordinate are external records; node role, sink weight and any later flow are model inputs or estimates, not observed shipments",NF_EDFLOW_geolocated_network_expansion_v1_2_0_2026-08-31
GEO_KEN_190108,Kenya,KEN,Kwale,Kwale,39.45206,-4.17375,PPLA,candidate consumer or transit catchment,fish|vegetable,GeoNames cities5000 dump; CC BY 4.0,190108,2022-09-26,geolocated national model-support node,"place and coordinate are external records; node role, sink weight and any later flow are model inputs or estimates, not observed shipments",NF_EDFLOW_geolocated_network_expansion_v1_2_0_2026-08-31
GEO_KEN_185014,Kenya,KEN,Mwatate,Mwatate,38.37722,-3.505,PPLA,candidate consumer or transit catchment,fish|vegetable,GeoNames cities5000 dump; CC BY 4.0,185014,2024-01-18,geolocated national model-support node,"place and coordinate are external records; node role, sink weight and any later flow are model inputs or estimates, not observed shipments",NF_EDFLOW_geolocated_network_expansion_v1_2_0_2026-08-31
GEO_KEN_11764747,Kenya,KEN,Kathwana,Kathwana,37.86861,-0.33139,PPLA,candidate consumer or transit catchment,fish|vegetable,GeoNames cities5000 dump; CC BY 4.0,11764747,2026-04-18,geolocated national model-support node,"place and coordinate are external records; node role, sink weight and any later flow are model inputs or estimates, not observed shipments",NF_EDFLOW_geolocated_network_expansion_v1_2_0_2026-08-31
GEO_KEN_181032,Kenya,KEN,Ruiru,Ruiru,36.96087,-1.14665,PPL,candidate consumer or transit catchment,fish|vegetable,GeoNames cities5000 dump; CC BY 4.0,181032,2021-12-12,geolocated national model-support node,"place and coordinate are external records; node role, sink weight and any later flow are model inputs or estimates, not observed shipments",NF_EDFLOW_geolocated_network_expansion_v1_2_0_2026-08-31
GEO_KEN_192126,Kenya,KEN,Kikuyu,Kikuyu,36.66291,-1.24627,PPL,candidate consumer or transit catchment,fish|vegetable,GeoNames cities5000 dump; CC BY 4.0,192126,2021-12-13,geolocated national model-support node,"place and coordinate are external records; node role, sink weight and any later flow are model inputs or estimates, not observed shipments",NF_EDFLOW_geolocated_network_expansion_v1_2_0_2026-08-31
GEO_KEN_179330,Kenya,KEN,Thika,Thika,37.06933,-1.03326,PPL,candidate consumer or transit catchment,fish|vegetable,GeoNames cities5000 dump; CC BY 4.0,179330,2023-12-21,geolocated national model-support node,"place and coordinate are external records; node role, sink weight and any later flow are model inputs or estimates, not observed shipments",NF_EDFLOW_geolocated_network_expansion_v1_2_0_2026-08-31
GEO_KEN_184707,Kenya,KEN,Naivasha,Naivasha,36.43261,-0.71383,PPL,candidate consumer or transit catchment,fish|vegetable,GeoNames cities5000 dump; CC BY 4.0,184707,2023-12-21,geolocated national model-support node,"place and coordinate are external records; node role, sink weight and any later flow are model inputs or estimates, not observed shipments",NF_EDFLOW_geolocated_network_expansion_v1_2_0_2026-08-31
GEO_KEN_193624,Kenya,KEN,Karuri,Karuri,36.7564,-1.17641,PPL,candidate consumer or transit catchment,fish|vegetable,GeoNames cities5000 dump; CC BY 4.0,193624,2024-01-18,geolocated national model-support node,"place and coordinate are external records; node role, sink weight and any later flow are model inputs or estimates, not observed shipments",NF_EDFLOW_geolocated_network_expansion_v1_2_0_2026-08-31
GEO_KEN_193627,Kenya,KEN,Karuri,Karuri,37.18333,-0.7,PPL,candidate consumer or transit catchment,fish|vegetable,GeoNames cities5000 dump; CC BY 4.0,193627,2023-12-21,geolocated national model-support node,"place and coordinate are external records; node role, sink weight and any later flow are model inputs or estimates, not observed shipments",NF_EDFLOW_geolocated_network_expansion_v1_2_0_2026-08-31
GEO_KEN_187269,Kenya,KEN,Matuga,Matuga,39.57068,-4.168,PPL,candidate consumer or transit catchment,fish|vegetable,GeoNames cities5000 dump; CC BY 4.0,187269,2026-02-16,geolocated national model-support node,"place and coordinate are external records; node role, sink weight and any later flow are model inputs or estimates, not observed shipments",NF_EDFLOW_geolocated_network_expansion_v1_2_0_2026-08-31
GEO_KEN_185131,Kenya,KEN,Mwala,Mwala,37.45482,-1.35255,PPL,candidate consumer or transit catchment,fish|vegetable,GeoNames cities5000 dump; CC BY 4.0,185131,2026-02-16,geolocated national model-support node,"place and coordinate are external records; node role, sink weight and any later flow are model inputs or estimates, not observed shipments",NF_EDFLOW_geolocated_network_expansion_v1_2_0_2026-08-31
GEO_KEN_189723,Kenya,KEN,Ongata Rongai,Ongata Rongai,36.764,-1.3953,PPL,candidate consumer or transit catchment,fish|vegetable,GeoNames cities5000 dump; CC BY 4.0,189723,2023-12-21,geolocated national model-support node,"place and coordinate are external records; node role, sink weight and any later flow are model inputs or estimates, not observed shipments",NF_EDFLOW_geolocated_network_expansion_v1_2_0_2026-08-31
GEO_KEN_8449763,Kenya,KEN,Lang'ata,Lang'ata,36.73324,-1.3666,PPLX,candidate consumer or transit catchment,fish|vegetable,GeoNames cities5000 dump; CC BY 4.0,8449763,2024-01-29,geolocated national model-support node,"place and coordinate are external records; node role, sink weight and any later flow are model inputs or estimates, not observed shipments",NF_EDFLOW_geolocated_network_expansion_v1_2_0_2026-08-31
GEO_KEN_195915,Kenya,KEN,Jomvu,Jomvu,39.6082,-3.98623,PPL,candidate consumer or transit catchment,fish|vegetable,GeoNames cities5000 dump; CC BY 4.0,195915,2026-02-16,geolocated national model-support node,"place and coordinate are external records; node role, sink weight and any later flow are model inputs or estimates, not observed shipments",NF_EDFLOW_geolocated_network_expansion_v1_2_0_2026-08-31
GEO_KEN_189386,Kenya,KEN,Limuru,Limuru,36.64205,-1.1136,PPL,candidate consumer or transit catchment,fish|vegetable,GeoNames cities5000 dump; CC BY 4.0,189386,2021-12-12,geolocated national model-support node,"place and coordinate are external records; node role, sink weight and any later flow are model inputs or estimates, not observed shipments",NF_EDFLOW_geolocated_network_expansion_v1_2_0_2026-08-31
GEO_KEN_8299780,Kenya,KEN,Juja,Juja,37.0132,-1.10148,PPL,candidate consumer or transit catchment,fish|vegetable,GeoNames cities5000 dump; CC BY 4.0,8299780,2024-01-29,geolocated national model-support node,"place and coordinate are external records; node role, sink weight and any later flow are model inputs or estimates, not observed shipments",NF_EDFLOW_geolocated_network_expansion_v1_2_0_2026-08-31
GEO_KEN_7931934,Kenya,KEN,Kitengela,Kitengela,36.96144,-1.47612,PPL,candidate consumer or transit catchment,fish|vegetable,GeoNames cities5000 dump; CC BY 4.0,7931934,2023-12-21,geolocated national model-support node,"place and coordinate are external records; node role, sink weight and any later flow are model inputs or estimates, not observed shipments",NF_EDFLOW_geolocated_network_expansion_v1_2_0_2026-08-31
GEO_KEN_9166066,Kenya,KEN,Mlolongo,Mlolongo,36.94028,-1.39639,PPL,candidate consumer or transit catchment,fish|vegetable,GeoNames cities5000 dump; CC BY 4.0,9166066,2023-12-21,geolocated national model-support node,"place and coordinate are external records; node role, sink weight and any later flow are model inputs or estimates, not observed shipments",NF_EDFLOW_geolocated_network_expansion_v1_2_0_2026-08-31
GEO_KEN_187968,Kenya,KEN,Malindi,Malindi,40.11692,-3.21799,PPL,candidate consumer or transit catchment,fish|vegetable,GeoNames cities5000 dump; CC BY 4.0,187968,2023-12-21,geolocated national model-support node,"place and coordinate are external records; node role, sink weight and any later flow are model inputs or estimates, not observed shipments",NF_EDFLOW_geolocated_network_expansion_v1_2_0_2026-08-31
GEO_KEN_192785,Kenya,KEN,Khwisero,Khwisero,34.59466,0.17124,PPL,candidate consumer or transit catchment,fish|vegetable,GeoNames cities5000 dump; CC BY 4.0,192785,2024-04-17,geolocated national model-support node,"place and coordinate are external records; node role, sink weight and any later flow are model inputs or estimates, not observed shipments",NF_EDFLOW_geolocated_network_expansion_v1_2_0_2026-08-31
GEO_KEN_183595,Kenya,KEN,Ngong,Ngong,36.6699,-1.3527,PPL,candidate consumer or transit catchment,fish|vegetable,GeoNames cities5000 dump; CC BY 4.0,183595,2023-12-21,geolocated national model-support node,"place and coordinate are external records; node role, sink weight and any later flow are model inputs or estimates, not observed shipments",NF_EDFLOW_geolocated_network_expansion_v1_2_0_2026-08-31
GEO_KEN_11002530,Kenya,KEN,Mtwapa,Mtwapa,39.74877,-3.93938,PPL,candidate consumer or transit catchment,fish|vegetable,GeoNames cities5000 dump; CC BY 4.0,11002530,2023-12-21,geolocated national model-support node,"place and coordinate are external records; node role, sink weight and any later flow are model inputs or estimates, not observed shipments",NF_EDFLOW_geolocated_network_expansion_v1_2_0_2026-08-31
GEO_KEN_200787,Kenya,KEN,Athi River,Athi River,36.97826,-1.4563,PPL,candidate consumer or transit catchment,fish|vegetable,GeoNames cities5000 dump; CC BY 4.0,200787,2023-12-21,geolocated national model-support node,"place and coordinate are external records; node role, sink weight and any later flow are model inputs or estimates, not observed shipments",NF_EDFLOW_geolocated_network_expansion_v1_2_0_2026-08-31
GEO_KEN_178792,Kenya,KEN,Ukunda,Ukunda,39.56404,-4.2929,PPL,candidate consumer or transit catchment,fish|vegetable,GeoNames cities5000 dump; CC BY 4.0,178792,2023-12-21,geolocated national model-support node,"place and coordinate are external records; node role, sink weight and any later flow are model inputs or estimates, not observed shipments",NF_EDFLOW_geolocated_network_expansion_v1_2_0_2026-08-31
GEO_KEN_191318,Kenya,KEN,Kiserian,Kiserian,36.6865,-1.4275,PPL,candidate consumer or transit catchment,fish|vegetable,GeoNames cities5000 dump; CC BY 4.0,191318,2023-12-21,geolocated national model-support node,"place and coordinate are external records; node role, sink weight and any later flow are model inputs or estimates, not observed shipments",NF_EDFLOW_geolocated_network_expansion_v1_2_0_2026-08-31
GEO_KEN_184433,Kenya,KEN,Nanyuki,Nanyuki,37.07398,0.00624,PPL,candidate consumer or transit catchment,fish|vegetable,GeoNames cities5000 dump; CC BY 4.0,184433,2023-12-21,geolocated national model-support node,"place and coordinate are external records; node role, sink weight and any later flow are model inputs or estimates, not observed shipments",NF_EDFLOW_geolocated_network_expansion_v1_2_0_2026-08-31
GEO_KEN_197226,Kenya,KEN,Githunguri,Githunguri,36.77625,-1.05754,PPL,candidate consumer or transit catchment,fish|vegetable,GeoNames cities5000 dump; CC BY 4.0,197226,2023-12-21,geolocated national model-support node,"place and coordinate are external records; node role, sink weight and any later flow are model inputs or estimates, not observed shipments",NF_EDFLOW_geolocated_network_expansion_v1_2_0_2026-08-31
GEO_KEN_12718630,Kenya,KEN,Githunguri,Githunguri,36.99047,-1.29996,PPL,candidate consumer or transit catchment,fish|vegetable,GeoNames cities5000 dump; CC BY 4.0,12718630,2024-01-18,geolocated national model-support node,"place and coordinate are external records; node role, sink weight and any later flow are model inputs or estimates, not observed shipments",NF_EDFLOW_geolocated_network_expansion_v1_2_0_2026-08-31
GEO_KEN_198547,Kenya,KEN,El Wak,El Wak,40.92885,2.80922,PPL,candidate consumer or transit catchment,fish|vegetable,GeoNames cities5000 dump; CC BY 4.0,198547,2023-12-21,geolocated national model-support node,"place and coordinate are external records; node role, sink weight and any later flow are model inputs or estimates, not observed shipments",NF_EDFLOW_geolocated_network_expansion_v1_2_0_2026-08-31
GEO_KEN_197335,Kenya,KEN,Upper Gilgil,Upper Gilgil,36.27248,-0.21209,PPL,candidate consumer or transit catchment,fish|vegetable,GeoNames cities5000 dump; CC BY 4.0,197335,2023-12-21,geolocated national model-support node,"place and coordinate are external records; node role, sink weight and any later flow are model inputs or estimates, not observed shipments",NF_EDFLOW_geolocated_network_expansion_v1_2_0_2026-08-31
GEO_KEN_197334,Kenya,KEN,Gilgil,Gilgil,36.31845,-0.50397,PPL,candidate consumer or transit catchment,fish|vegetable,GeoNames cities5000 dump; CC BY 4.0,197334,2024-01-18,geolocated national model-support node,"place and coordinate are external records; node role, sink weight and any later flow are model inputs or estimates, not observed shipments",NF_EDFLOW_geolocated_network_expansion_v1_2_0_2026-08-31
GEO_KEN_191919,Kenya,KEN,Kimilili,Kimilili,34.71562,0.78775,PPL,candidate consumer or transit catchment,fish|vegetable,GeoNames cities5000 dump; CC BY 4.0,191919,2024-01-18,geolocated national model-support node,"place and coordinate are external records; node role, sink weight and any later flow are model inputs or estimates, not observed shipments",NF_EDFLOW_geolocated_network_expansion_v1_2_0_2026-08-31
GEO_KEN_178522,Kenya,KEN,Voi,Voi,38.55609,-3.39605,PPL,candidate consumer or transit catchment,fish|vegetable,GeoNames cities5000 dump; CC BY 4.0,178522,2023-12-21,geolocated national model-support node,"place and coordinate are external records; node role, sink weight and any later flow are model inputs or estimates, not observed shipments",NF_EDFLOW_geolocated_network_expansion_v1_2_0_2026-08-31
GEO_KEN_8477754,Kenya,KEN,Imara Daima Estate,Imara Daima Estate,36.88021,-1.32323,PPL,candidate consumer or transit catchment,fish|vegetable,GeoNames cities5000 dump; CC BY 4.0,8477754,2024-08-03,geolocated national model-support node,"place and coordinate are external records; node role, sink weight and any later flow are model inputs or estimates, not observed shipments",NF_EDFLOW_geolocated_network_expansion_v1_2_0_2026-08-31
GEO_KEN_178323,Kenya,KEN,Wanguru,Wanguru,37.35701,-0.68393,PPL,candidate consumer or transit catchment,fish|vegetable,GeoNames cities5000 dump; CC BY 4.0,178323,2023-12-21,geolocated national model-support node,"place and coordinate are external records; node role, sink weight and any later flow are model inputs or estimates, not observed shipments",NF_EDFLOW_geolocated_network_expansion_v1_2_0_2026-08-31
GEO_KEN_196936,Kenya,KEN,Habaswein,Habaswein,39.49122,1.01659,PPL,candidate consumer or transit catchment,fish|vegetable,GeoNames cities5000 dump; CC BY 4.0,196936,2023-12-21,geolocated national model-support node,"place and coordinate are external records; node role, sink weight and any later flow are model inputs or estimates, not observed shipments",NF_EDFLOW_geolocated_network_expansion_v1_2_0_2026-08-31
GEO_KEN_186315,Kenya,KEN,Molo,Molo,35.73194,-0.24849,PPL,candidate consumer or transit catchment,fish|vegetable,GeoNames cities5000 dump; CC BY 4.0,186315,2023-12-21,geolocated national model-support node,"place and coordinate are external records; node role, sink weight and any later flow are model inputs or estimates, not observed shipments",NF_EDFLOW_geolocated_network_expansion_v1_2_0_2026-08-31
GEO_KEN_186180,Kenya,KEN,Moyale,Moyale,39.0561,3.52661,PPL,candidate consumer or transit catchment,fish|vegetable,GeoNames cities5000 dump; CC BY 4.0,186180,2025-11-03,geolocated national model-support node,"place and coordinate are external records; node role, sink weight and any later flow are model inputs or estimates, not observed shipments",NF_EDFLOW_geolocated_network_expansion_v1_2_0_2026-08-31
GEO_KEN_185702,Kenya,KEN,Mumias,Mumias,34.48796,0.33474,PPL,candidate consumer or transit catchment,fish|vegetable,GeoNames cities5000 dump; CC BY 4.0,185702,2026-08-30,geolocated national model-support node,"place and coordinate are external records; node role, sink weight and any later flow are model inputs or estimates, not observed shipments",NF_EDFLOW_geolocated_network_expansion_v1_2_0_2026-08-31
GEO_KEN_191797,Kenya,KEN,Kinoi,Kinoi,37.37454,-1.6558,PPL,candidate consumer or transit catchment,fish|vegetable,GeoNames cities5000 dump; CC BY 4.0,191797,2023-12-21,geolocated national model-support node,"place and coordinate are external records; node role, sink weight and any later flow are model inputs or estimates, not observed shipments",NF_EDFLOW_geolocated_network_expansion_v1_2_0_2026-08-31
GEO_KEN_12718626,Kenya,KEN,Kenol,Kenol,37.12275,-0.9373,PPL,candidate consumer or transit catchment,fish|vegetable,GeoNames cities5000 dump; CC BY 4.0,12718626,2024-01-18,geolocated national model-support node,"place and coordinate are external records; node role, sink weight and any later flow are model inputs or estimates, not observed shipments",NF_EDFLOW_geolocated_network_expansion_v1_2_0_2026-08-31
GEO_KEN_187532,Kenya,KEN,Masalani,Masalani,40.17015,-1.69405,PPL,candidate consumer or transit catchment,fish|vegetable,GeoNames cities5000 dump; CC BY 4.0,187532,2024-09-21,geolocated national model-support node,"place and coordinate are external records; node role, sink weight and any later flow are model inputs or estimates, not observed shipments",NF_EDFLOW_geolocated_network_expansion_v1_2_0_2026-08-31
GEO_KEN_178202,Kenya,KEN,Webuye,Webuye,34.77119,0.6004,PPL,candidate consumer or transit catchment,fish|vegetable,GeoNames cities5000 dump; CC BY 4.0,178202,2024-01-18,geolocated national model-support node,"place and coordinate are external records; node role, sink weight and any later flow are model inputs or estimates, not observed shipments",NF_EDFLOW_geolocated_network_expansion_v1_2_0_2026-08-31
GEO_KEN_183334,Kenya,KEN,Njoro,Njoro,35.94445,-0.33024,PPL,candidate consumer or transit catchment,fish|vegetable,GeoNames cities5000 dump; CC BY 4.0,183334,2023-12-21,geolocated national model-support node,"place and coordinate are external records; node role, sink weight and any later flow are model inputs or estimates, not observed shipments",NF_EDFLOW_geolocated_network_expansion_v1_2_0_2026-08-31
GEO_KEN_188657,Kenya,KEN,Lugulu,Lugulu,34.30399,0.39337,PPL,candidate consumer or transit catchment,fish|vegetable,GeoNames cities5000 dump; CC BY 4.0,188657,2018-09-05,geolocated national model-support node,"place and coordinate are external records; node role, sink weight and any later flow are model inputs or estimates, not observed shipments",NF_EDFLOW_geolocated_network_expansion_v1_2_0_2026-08-31
GEO_KEN_179438,Kenya,KEN,Tetu,Tetu,36.91681,-0.43419,PPL,candidate consumer or transit catchment,fish|vegetable,GeoNames cities5000 dump; CC BY 4.0,179438,2025-12-25,geolocated national model-support node,"place and coordinate are external records; node role, sink weight and any later flow are model inputs or estimates, not observed shipments",NF_EDFLOW_geolocated_network_expansion_v1_2_0_2026-08-31
GEO_KEN_183027,Kenya,KEN,Nyahururu,Nyahururu,36.36339,0.03813,PPL,candidate consumer or transit catchment,fish|vegetable,GeoNames cities5000 dump; CC BY 4.0,183027,2023-12-21,geolocated national model-support node,"place and coordinate are external records; node role, sink weight and any later flow are model inputs or estimates, not observed shipments",NF_EDFLOW_geolocated_network_expansion_v1_2_0_2026-08-31
GEO_KEN_181374,Kenya,KEN,Ramu,Ramu,41.22295,3.93147,PPL,candidate consumer or transit catchment,fish|vegetable,GeoNames cities5000 dump; CC BY 4.0,181374,2023-12-21,geolocated national model-support node,"place and coordinate are external records; node role, sink weight and any later flow are model inputs or estimates, not observed shipments",NF_EDFLOW_geolocated_network_expansion_v1_2_0_2026-08-31
GEO_KEN_187661,Kenya,KEN,Mariakani,Mariakani,39.47458,-3.86261,PPL,candidate consumer or transit catchment,fish|vegetable,GeoNames cities5000 dump; CC BY 4.0,187661,2026-08-30,geolocated national model-support node,"place and coordinate are external records; node role, sink weight and any later flow are model inputs or estimates, not observed shipments",NF_EDFLOW_geolocated_network_expansion_v1_2_0_2026-08-31
GEO_KEN_12687281,Kenya,KEN,Mairo Inya,Mairo Inya,36.40865,0.02538,PPL,candidate consumer or transit catchment,fish|vegetable,GeoNames cities5000 dump; CC BY 4.0,12687281,2023-12-21,geolocated national model-support node,"place and coordinate are external records; node role, sink weight and any later flow are model inputs or estimates, not observed shipments",NF_EDFLOW_geolocated_network_expansion_v1_2_0_2026-08-31
GEO_KEN_181135,Kenya,KEN,Rongai,Rongai,35.86313,-0.17344,PPL,candidate consumer or transit catchment,fish|vegetable,GeoNames cities5000 dump; CC BY 4.0,181135,2018-11-06,geolocated national model-support node,"place and coordinate are external records; node role, sink weight and any later flow are model inputs or estimates, not observed shipments",NF_EDFLOW_geolocated_network_expansion_v1_2_0_2026-08-31
GEO_KEN_181501,Kenya,KEN,Pumwani,Pumwani,36.84725,-1.28316,PPLX,candidate consumer or transit catchment,fish|vegetable,GeoNames cities5000 dump; CC BY 4.0,181501,2024-06-10,geolocated national model-support node,"place and coordinate are external records; node role, sink weight and any later flow are model inputs or estimates, not observed shipments",NF_EDFLOW_geolocated_network_expansion_v1_2_0_2026-08-31
GEO_KEN_188045,Kenya,KEN,Makutano,Makutano,35.09569,1.25881,PPL,candidate consumer or transit catchment,fish|vegetable,GeoNames cities5000 dump; CC BY 4.0,188045,2023-12-21,geolocated national model-support node,"place and coordinate are external records; node role, sink weight and any later flow are model inputs or estimates, not observed shipments",NF_EDFLOW_geolocated_network_expansion_v1_2_0_2026-08-31
GEO_KEN_198644,Kenya,KEN,Elburgon,Elburgon,35.80935,-0.30037,PPL,candidate consumer or transit catchment,fish|vegetable,GeoNames cities5000 dump; CC BY 4.0,198644,2023-12-21,geolocated national model-support node,"place and coordinate are external records; node role, sink weight and any later flow are model inputs or estimates, not observed shipments",NF_EDFLOW_geolocated_network_expansion_v1_2_0_2026-08-31
GEO_KEN_178245,Kenya,KEN,Watamu,Watamu,40.02095,-3.35335,PPL,candidate consumer or transit catchment,fish|vegetable,GeoNames cities5000 dump; CC BY 4.0,178245,2023-12-21,geolocated national model-support node,"place and coordinate are external records; node role, sink weight and any later flow are model inputs or estimates, not observed shipments",NF_EDFLOW_geolocated_network_expansion_v1_2_0_2026-08-31
GEO_KEN_196251,Kenya,KEN,Isebania,Isebania,34.46385,-1.22511,PPL,candidate consumer or transit catchment,fish|vegetable,GeoNames cities5000 dump; CC BY 4.0,196251,2023-12-21,geolocated national model-support node,"place and coordinate are external records; node role, sink weight and any later flow are model inputs or estimates, not observed shipments",NF_EDFLOW_geolocated_network_expansion_v1_2_0_2026-08-31
GEO_KEN_193827,Kenya,KEN,Karatina,Karatina,37.12662,-0.4841,PPL,candidate consumer or transit catchment,fish|vegetable,GeoNames cities5000 dump; CC BY 4.0,193827,2023-12-21,geolocated national model-support node,"place and coordinate are external records; node role, sink weight and any later flow are model inputs or estimates, not observed shipments",NF_EDFLOW_geolocated_network_expansion_v1_2_0_2026-08-31
GEO_KEN_195197,Kenya,KEN,Kakuma,Kakuma,34.8572,3.71363,PPL,candidate consumer or transit catchment,fish|vegetable,GeoNames cities5000 dump; CC BY 4.0,195197,2023-12-21,geolocated national model-support node,"place and coordinate are external records; node role, sink weight and any later flow are model inputs or estimates, not observed shipments",NF_EDFLOW_geolocated_network_expansion_v1_2_0_2026-08-31
GEO_KEN_9406963,Kenya,KEN,Lafey,Lafey,41.18577,3.15106,PPL,candidate consumer or transit catchment,fish|vegetable,GeoNames cities5000 dump; CC BY 4.0,9406963,2023-12-21,geolocated national model-support node,"place and coordinate are external records; node role, sink weight and any later flow are model inputs or estimates, not observed shipments",NF_EDFLOW_geolocated_network_expansion_v1_2_0_2026-08-31
GEO_KEN_200305,Kenya,KEN,Bondo,Bondo,34.27322,-0.0962,PPL,candidate consumer or transit catchment,fish|vegetable,GeoNames cities5000 dump; CC BY 4.0,200305,2023-12-21,geolocated national model-support node,"place and coordinate are external records; node role, sink weight and any later flow are model inputs or estimates, not observed shipments",NF_EDFLOW_geolocated_network_expansion_v1_2_0_2026-08-31
GEO_KEN_191837,Kenya,KEN,Kihancha,Kihancha,34.61967,-1.19347,PPL,candidate consumer or transit catchment,fish|vegetable,GeoNames cities5000 dump; CC BY 4.0,191837,2023-12-21,geolocated national model-support node,"place and coordinate are external records; node role, sink weight and any later flow are model inputs or estimates, not observed shipments",NF_EDFLOW_geolocated_network_expansion_v1_2_0_2026-08-31
GEO_KEN_187231,Kenya,KEN,Maua,Maua,37.94086,0.2332,PPL,candidate consumer or transit catchment,fish|vegetable,GeoNames cities5000 dump; CC BY 4.0,187231,2023-12-21,geolocated national model-support node,"place and coordinate are external records; node role, sink weight and any later flow are model inputs or estimates, not observed shipments",NF_EDFLOW_geolocated_network_expansion_v1_2_0_2026-08-31
GEO_KEN_179525,Kenya,KEN,Taveta,Taveta,37.68336,-3.39879,PPL,candidate consumer or transit catchment,fish|vegetable,GeoNames cities5000 dump; CC BY 4.0,179525,2023-12-21,geolocated national model-support node,"place and coordinate are external records; node role, sink weight and any later flow are model inputs or estimates, not observed shipments",NF_EDFLOW_geolocated_network_expansion_v1_2_0_2026-08-31
GEO_KEN_444987,Kenya,KEN,Takaba,Takaba,40.22278,3.35528,PPL,candidate consumer or transit catchment,fish|vegetable,GeoNames cities5000 dump; CC BY 4.0,444987,2023-12-21,geolocated national model-support node,"place and coordinate are external records; node role, sink weight and any later flow are model inputs or estimates, not observed shipments",NF_EDFLOW_geolocated_network_expansion_v1_2_0_2026-08-31
GEO_KEN_198636,Kenya,KEN,Eldama Ravine,Eldama Ravine,35.72734,0.05196,PPL,candidate consumer or transit catchment,fish|vegetable,GeoNames cities5000 dump; CC BY 4.0,198636,2023-12-21,geolocated national model-support node,"place and coordinate are external records; node role, sink weight and any later flow are model inputs or estimates, not observed shipments",NF_EDFLOW_geolocated_network_expansion_v1_2_0_2026-08-31
GEO_KEN_12718647,Kenya,KEN,Mai,Mai,36.58642,-0.98169,PPL,candidate consumer or transit catchment,fish|vegetable,GeoNames cities5000 dump; CC BY 4.0,12718647,2024-01-18,geolocated national model-support node,"place and coordinate are external records; node role, sink weight and any later flow are model inputs or estimates, not observed shipments",NF_EDFLOW_geolocated_network_expansion_v1_2_0_2026-08-31
GEO_KEN_11834214,Kenya,KEN,Maai Mahiu,Maai Mahiu,36.58537,-0.98855,PPL,candidate consumer or transit catchment,fish|vegetable,GeoNames cities5000 dump; CC BY 4.0,11834214,2023-12-21,geolocated national model-support node,"place and coordinate are external records; node role, sink weight and any later flow are model inputs or estimates, not observed shipments",NF_EDFLOW_geolocated_network_expansion_v1_2_0_2026-08-31
GEO_KEN_181122,Kenya,KEN,Rongo,Rongo,34.59833,-0.75675,PPL,candidate consumer or transit catchment,fish|vegetable,GeoNames cities5000 dump; CC BY 4.0,181122,2023-12-21,geolocated national model-support node,"place and coordinate are external records; node role, sink weight and any later flow are model inputs or estimates, not observed shipments",NF_EDFLOW_geolocated_network_expansion_v1_2_0_2026-08-31
GEO_KEN_188080,Kenya,KEN,Makueni Boma,Makueni Boma,37.62405,-1.80388,PPL,candidate consumer or transit catchment,fish|vegetable,GeoNames cities5000 dump; CC BY 4.0,188080,2018-05-09,geolocated national model-support node,"place and coordinate are external records; node role, sink weight and any later flow are model inputs or estimates, not observed shipments",NF_EDFLOW_geolocated_network_expansion_v1_2_0_2026-08-31
GEO_KEN_182498,Kenya,KEN,Ogembo,Ogembo,34.72579,-0.80116,PPL,candidate consumer or transit catchment,fish|vegetable,GeoNames cities5000 dump; CC BY 4.0,182498,2021-12-13,geolocated national model-support node,"place and coordinate are external records; node role, sink weight and any later flow are model inputs or estimates, not observed shipments",NF_EDFLOW_geolocated_network_expansion_v1_2_0_2026-08-31
GEO_KEN_181702,Kenya,KEN,Oyugis,Oyugis,34.73067,-0.50974,PPL,candidate consumer or transit catchment,fish|vegetable,GeoNames cities5000 dump; CC BY 4.0,181702,2023-12-21,geolocated national model-support node,"place and coordinate are external records; node role, sink weight and any later flow are model inputs or estimates, not observed shipments",NF_EDFLOW_geolocated_network_expansion_v1_2_0_2026-08-31
GEO_KEN_198537,Kenya,KEN,Emali,Emali,37.47202,-2.08033,PPL,candidate consumer or transit catchment,fish|vegetable,GeoNames cities5000 dump; CC BY 4.0,198537,2023-12-21,geolocated national model-support node,"place and coordinate are external records; node role, sink weight and any later flow are model inputs or estimates, not observed shipments",NF_EDFLOW_geolocated_network_expansion_v1_2_0_2026-08-31
GEO_KEN_197768,Kenya,KEN,Garba Tula,Garba Tula,38.51878,0.53392,PPL,candidate consumer or transit catchment,fish|vegetable,GeoNames cities5000 dump; CC BY 4.0,197768,2023-12-21,geolocated national model-support node,"place and coordinate are external records; node role, sink weight and any later flow are model inputs or estimates, not observed shipments",NF_EDFLOW_geolocated_network_expansion_v1_2_0_2026-08-31
GEO_KEN_184921,Kenya,KEN,Mwingi,Mwingi,38.05955,-0.93605,PPL,candidate consumer or transit catchment,fish|vegetable,GeoNames cities5000 dump; CC BY 4.0,184921,2023-12-21,geolocated national model-support node,"place and coordinate are external records; node role, sink weight and any later flow are model inputs or estimates, not observed shipments",NF_EDFLOW_geolocated_network_expansion_v1_2_0_2026-08-31
GEO_KEN_200755,Kenya,KEN,Awendo,Awendo,34.52895,-0.90711,PPL,candidate consumer or transit catchment,fish|vegetable,GeoNames cities5000 dump; CC BY 4.0,200755,2024-01-18,geolocated national model-support node,"place and coordinate are external records; node role, sink weight and any later flow are model inputs or estimates, not observed shipments",NF_EDFLOW_geolocated_network_expansion_v1_2_0_2026-08-31
GEO_KEN_11003038,Kenya,KEN,Awendo,Awendo,34.4,-0.5,PPL,candidate consumer or transit catchment,fish|vegetable,GeoNames cities5000 dump; CC BY 4.0,11003038,2023-12-21,geolocated national model-support node,"place and coordinate are external records; node role, sink weight and any later flow are model inputs or estimates, not observed shipments",NF_EDFLOW_geolocated_network_expansion_v1_2_0_2026-08-31
GEO_KEN_191908,Kenya,KEN,Kiminini,Kiminini,34.92468,0.89284,PPL,candidate consumer or transit catchment,fish|vegetable,GeoNames cities5000 dump; CC BY 4.0,191908,2023-12-21,geolocated national model-support node,"place and coordinate are external records; node role, sink weight and any later flow are model inputs or estimates, not observed shipments",NF_EDFLOW_geolocated_network_expansion_v1_2_0_2026-08-31
GEO_KEN_196761,Kenya,KEN,Moi‘s Bridge,Moi's Bridge,35.12213,0.87178,PPL,candidate consumer or transit catchment,fish|vegetable,GeoNames cities5000 dump; CC BY 4.0,196761,2023-12-21,geolocated national model-support node,"place and coordinate are external records; node role, sink weight and any later flow are model inputs or estimates, not observed shipments",NF_EDFLOW_geolocated_network_expansion_v1_2_0_2026-08-31
GEO_KEN_187150,Kenya,KEN,Mazeras,Mazeras,39.5498,-3.96426,PPL,candidate consumer or transit catchment,fish|vegetable,GeoNames cities5000 dump; CC BY 4.0,187150,2023-12-21,geolocated national model-support node,"place and coordinate are external records; node role, sink weight and any later flow are model inputs or estimates, not observed shipments",NF_EDFLOW_geolocated_network_expansion_v1_2_0_2026-08-31
GEO_KEN_188025,Kenya,KEN,Malaba,Malaba,34.28165,0.63513,PPL,candidate consumer or transit catchment,fish|vegetable,GeoNames cities5000 dump; CC BY 4.0,188025,2024-01-18,geolocated national model-support node,"place and coordinate are external records; node role, sink weight and any later flow are model inputs or estimates, not observed shipments",NF_EDFLOW_geolocated_network_expansion_v1_2_0_2026-08-31
GEO_KEN_185939,Kenya,KEN,Muhoroni,Muhoroni,35.19645,-0.15816,PPL,candidate consumer or transit catchment,fish|vegetable,GeoNames cities5000 dump; CC BY 4.0,185939,2018-11-06,geolocated national model-support node,"place and coordinate are external records; node role, sink weight and any later flow are model inputs or estimates, not observed shipments",NF_EDFLOW_geolocated_network_expansion_v1_2_0_2026-08-31
GEO_KEN_188123,Kenya,KEN,Makindu,Makindu,37.81867,-2.27808,PPL,candidate consumer or transit catchment,fish|vegetable,GeoNames cities5000 dump; CC BY 4.0,188123,2023-12-21,geolocated national model-support node,"place and coordinate are external records; node role, sink weight and any later flow are model inputs or estimates, not observed shipments",NF_EDFLOW_geolocated_network_expansion_v1_2_0_2026-08-31
GEO_KEN_10230091,Kenya,KEN,Banissa,Banissa,40.34248,3.94102,PPL,candidate consumer or transit catchment,fish|vegetable,GeoNames cities5000 dump; CC BY 4.0,10230091,2023-12-21,geolocated national model-support node,"place and coordinate are external records; node role, sink weight and any later flow are model inputs or estimates, not observed shipments",NF_EDFLOW_geolocated_network_expansion_v1_2_0_2026-08-31
GEO_KEN_186139,Kenya,KEN,Msambweni,Msambweni,39.48265,-4.4619,PPL,candidate consumer or transit catchment,fish|vegetable,GeoNames cities5000 dump; CC BY 4.0,186139,2023-12-21,geolocated national model-support node,"place and coordinate are external records; node role, sink weight and any later flow are model inputs or estimates, not observed shipments",NF_EDFLOW_geolocated_network_expansion_v1_2_0_2026-08-31
GEO_KEN_187028,Kenya,KEN,Mbita,Mbita,34.20736,-0.42492,PPL,candidate consumer or transit catchment,fish|vegetable,GeoNames cities5000 dump; CC BY 4.0,187028,2023-12-21,geolocated national model-support node,"place and coordinate are external records; node role, sink weight and any later flow are model inputs or estimates, not observed shipments",NF_EDFLOW_geolocated_network_expansion_v1_2_0_2026-08-31
GEO_KEN_188408,Kenya,KEN,Magadi,Magadi,36.287,-1.90122,PPL,candidate consumer or transit catchment,fish|vegetable,GeoNames cities5000 dump; CC BY 4.0,188408,2013-09-06,geolocated national model-support node,"place and coordinate are external records; node role, sink weight and any later flow are model inputs or estimates, not observed shipments",NF_EDFLOW_geolocated_network_expansion_v1_2_0_2026-08-31
GEO_KEN_196234,Kenya,KEN,Isinya,Isinya,36.85056,-1.6792,PPL,candidate consumer or transit catchment,fish|vegetable,GeoNames cities5000 dump; CC BY 4.0,196234,2024-01-18,geolocated national model-support node,"place and coordinate are external records; node role, sink weight and any later flow are model inputs or estimates, not observed shipments",NF_EDFLOW_geolocated_network_expansion_v1_2_0_2026-08-31
GEO_KEN_12718632,Kenya,KEN,Bute,Bute,39.41968,3.35875,PPL,candidate consumer or transit catchment,fish|vegetable,GeoNames cities5000 dump; CC BY 4.0,12718632,2024-01-18,geolocated national model-support node,"place and coordinate are external records; node role, sink weight and any later flow are model inputs or estimates, not observed shipments",NF_EDFLOW_geolocated_network_expansion_v1_2_0_2026-08-31
GEO_KEN_11428093,Kenya,KEN,Kawaida,Kawaida,36.7598,-1.14639,PPL,candidate consumer or transit catchment,fish|vegetable,GeoNames cities5000 dump; CC BY 4.0,11428093,2024-01-18,geolocated national model-support node,"place and coordinate are external records; node role, sink weight and any later flow are model inputs or estimates, not observed shipments",NF_EDFLOW_geolocated_network_expansion_v1_2_0_2026-08-31
GEO_KEN_195539,Kenya,KEN,Kagio,Kagio,37.25551,-0.62482,PPL,candidate consumer or transit catchment,fish|vegetable,GeoNames cities5000 dump; CC BY 4.0,195539,2024-01-18,geolocated national model-support node,"place and coordinate are external records; node role, sink weight and any later flow are model inputs or estimates, not observed shipments",NF_EDFLOW_geolocated_network_expansion_v1_2_0_2026-08-31
GEO_KEN_12718628,Kenya,KEN,Bura Tana,Bura Tana,39.84049,-1.19326,PPL,candidate consumer or transit catchment,fish|vegetable,GeoNames cities5000 dump; CC BY 4.0,12718628,2024-09-21,geolocated national model-support node,"place and coordinate are external records; node role, sink weight and any later flow are model inputs or estimates, not observed shipments",NF_EDFLOW_geolocated_network_expansion_v1_2_0_2026-08-31
GEO_KEN_182894,Kenya,KEN,Nyambunwa,Nyambunwa,34.70722,-0.67783,PPL,candidate consumer or transit catchment,fish|vegetable,GeoNames cities5000 dump; CC BY 4.0,182894,2024-01-18,geolocated national model-support node,"place and coordinate are external records; node role, sink weight and any later flow are model inputs or estimates, not observed shipments",NF_EDFLOW_geolocated_network_expansion_v1_2_0_2026-08-31
GEO_KEN_189367,Kenya,KEN,Litein,Litein,35.18969,-0.58249,PPL,candidate consumer or transit catchment,fish|vegetable,GeoNames cities5000 dump; CC BY 4.0,189367,2024-01-18,geolocated national model-support node,"place and coordinate are external records; node role, sink weight and any later flow are model inputs or estimates, not observed shipments",NF_EDFLOW_geolocated_network_expansion_v1_2_0_2026-08-31
GEO_KEN_186369,Kenya,KEN,Mogotio,Mogotio,35.96124,-0.02236,PPL,candidate consumer or transit catchment,fish|vegetable,GeoNames cities5000 dump; CC BY 4.0,186369,2024-01-18,geolocated national model-support node,"place and coordinate are external records; node role, sink weight and any later flow are model inputs or estimates, not observed shipments",NF_EDFLOW_geolocated_network_expansion_v1_2_0_2026-08-31
GEO_KEN_188715,Kenya,KEN,Luanda,Luanda,34.58661,0.02333,PPL,candidate consumer or transit catchment,fish|vegetable,GeoNames cities5000 dump; CC BY 4.0,188715,2024-01-18,geolocated national model-support node,"place and coordinate are external records; node role, sink weight and any later flow are model inputs or estimates, not observed shipments",NF_EDFLOW_geolocated_network_expansion_v1_2_0_2026-08-31
GEO_LBR_2274895,Liberia,LBR,Monrovia,Monrovia,-10.7969,6.30054,PPLC,major national hub,fish|vegetable,GeoNames cities5000 dump; CC BY 4.0,2274895,2025-12-15,geolocated national model-support node,"place and coordinate are external records; node role, sink weight and any later flow are model inputs or estimates, not observed shipments",NF_EDFLOW_geolocated_network_expansion_v1_2_0_2026-08-31
GEO_LBR_2277060,Liberia,LBR,Gbarnga,Gbarnga,-9.47122,6.99543,PPLA,major national hub,fish|vegetable,GeoNames cities5000 dump; CC BY 4.0,2277060,2026-04-14,geolocated national model-support node,"place and coordinate are external records; node role, sink weight and any later flow are model inputs or estimates, not observed shipments",NF_EDFLOW_geolocated_network_expansion_v1_2_0_2026-08-31
GEO_LBR_2278158,Liberia,LBR,Buchanan,Buchanan,-10.04964,5.87693,PPLA,major national hub,fish|vegetable,GeoNames cities5000 dump; CC BY 4.0,2278158,2026-04-14,geolocated national model-support node,"place and coordinate are external records; node role, sink weight and any later flow are model inputs or estimates, not observed shipments",NF_EDFLOW_geolocated_network_expansion_v1_2_0_2026-08-31
GEO_LBR_2276086,Liberia,LBR,Kakata,Kakata,-10.35368,6.53104,PPLA,major national hub,fish|vegetable,GeoNames cities5000 dump; CC BY 4.0,2276086,2026-04-14,geolocated national model-support node,"place and coordinate are external records; node role, sink weight and any later flow are model inputs or estimates, not observed shipments",NF_EDFLOW_geolocated_network_expansion_v1_2_0_2026-08-31
GEO_LBR_2272491,Liberia,LBR,Zwedru,Zwedru,-8.13559,6.06846,PPLA,major national hub,fish|vegetable,GeoNames cities5000 dump; CC BY 4.0,2272491,2026-04-14,geolocated national model-support node,"place and coordinate are external records; node role, sink weight and any later flow are model inputs or estimates, not observed shipments",NF_EDFLOW_geolocated_network_expansion_v1_2_0_2026-08-31
GEO_LBR_2276492,Liberia,LBR,Harper,Harper,-7.71081,4.3782,PPLA,candidate consumer or transit catchment,fish|vegetable,GeoNames cities5000 dump; CC BY 4.0,2276492,2026-04-14,geolocated national model-support node,"place and coordinate are external records; node role, sink weight and any later flow are model inputs or estimates, not observed shipments",NF_EDFLOW_geolocated_network_expansion_v1_2_0_2026-08-31
GEO_LBR_2273312,Liberia,LBR,Voinjama,Voinjama,-9.74778,8.42194,PPLA,candidate consumer or transit catchment,fish|vegetable,GeoNames cities5000 dump; CC BY 4.0,2273312,2026-04-14,geolocated national model-support node,"place and coordinate are external records; node role, sink weight and any later flow are model inputs or estimates, not observed shipments",NF_EDFLOW_geolocated_network_expansion_v1_2_0_2026-08-31
GEO_LBR_2273435,Liberia,LBR,Tubmanburg,Tubmanburg,-10.8211,6.87064,PPLA,candidate consumer or transit catchment,fish|vegetable,GeoNames cities5000 dump; CC BY 4.0,2273435,2026-04-14,geolocated national model-support node,"place and coordinate are external records; node role, sink weight and any later flow are model inputs or estimates, not observed shipments",NF_EDFLOW_geolocated_network_expansion_v1_2_0_2026-08-31
GEO_LBR_2276600,Liberia,LBR,Greenville,Greenville,-9.0388,5.01133,PPLA,candidate consumer or transit catchment,fish|vegetable,GeoNames cities5000 dump; CC BY 4.0,2276600,2026-04-14,geolocated national model-support node,"place and coordinate are external records; node role, sink weight and any later flow are model inputs or estimates, not observed shipments",NF_EDFLOW_geolocated_network_expansion_v1_2_0_2026-08-31
GEO_LBR_2274129,Liberia,LBR,Sanniquellie,Sanniquellie,-8.71326,7.36215,PPLA,candidate consumer or transit catchment,fish|vegetable,GeoNames cities5000 dump; CC BY 4.0,2274129,2026-04-14,geolocated national model-support node,"place and coordinate are external records; node role, sink weight and any later flow are model inputs or estimates, not observed shipments",NF_EDFLOW_geolocated_network_expansion_v1_2_0_2026-08-31
GEO_LBR_2273638,Liberia,LBR,Fish Town,Fish Town,-7.87579,5.19739,PPLA,candidate consumer or transit catchment,fish|vegetable,GeoNames cities5000 dump; CC BY 4.0,2273638,2026-04-14,geolocated national model-support node,"place and coordinate are external records; node role, sink weight and any later flow are model inputs or estimates, not observed shipments",NF_EDFLOW_geolocated_network_expansion_v1_2_0_2026-08-31
GEO_LBR_2274275,Liberia,LBR,Robertsport,Robertsport,-11.3671,6.75329,PPLA,candidate consumer or transit catchment,fish|vegetable,GeoNames cities5000 dump; CC BY 4.0,2274275,2026-04-14,geolocated national model-support node,"place and coordinate are external records; node role, sink weight and any later flow are model inputs or estimates, not observed shipments",NF_EDFLOW_geolocated_network_expansion_v1_2_0_2026-08-31
GEO_LBR_2278889,Liberia,LBR,Barclayville,Barclayville,-8.23306,4.67443,PPLA,candidate consumer or transit catchment,fish|vegetable,GeoNames cities5000 dump; CC BY 4.0,2278889,2026-04-14,geolocated national model-support node,"place and coordinate are external records; node role, sink weight and any later flow are model inputs or estimates, not observed shipments",NF_EDFLOW_geolocated_network_expansion_v1_2_0_2026-08-31
GEO_LBR_2278248,Liberia,LBR,Bopolu,Bopolu,-10.4875,7.06667,PPLA,candidate consumer or transit catchment,fish|vegetable,GeoNames cities5000 dump; CC BY 4.0,2278248,2026-04-14,geolocated national model-support node,"place and coordinate are external records; node role, sink weight and any later flow are model inputs or estimates, not observed shipments",NF_EDFLOW_geolocated_network_expansion_v1_2_0_2026-08-31
GEO_LBR_2274288,Liberia,LBR,River Cess,River Cess,-9.58167,5.45683,PPLA,candidate consumer or transit catchment,fish|vegetable,GeoNames cities5000 dump; CC BY 4.0,2274288,2026-04-14,geolocated national model-support node,"place and coordinate are external records; node role, sink weight and any later flow are model inputs or estimates, not observed shipments",NF_EDFLOW_geolocated_network_expansion_v1_2_0_2026-08-31
GEO_LBR_2278682,Liberia,LBR,Bensonville,Bensonville,-10.61283,6.44716,PPLA,candidate consumer or transit catchment,fish|vegetable,GeoNames cities5000 dump; CC BY 4.0,2278682,2026-04-14,geolocated national model-support node,"place and coordinate are external records; node role, sink weight and any later flow are model inputs or estimates, not observed shipments",NF_EDFLOW_geolocated_network_expansion_v1_2_0_2026-08-31
GEO_LBR_2277241,Liberia,LBR,Ganta,Ganta,-8.98444,7.235,PPL,candidate consumer or transit catchment,fish|vegetable,GeoNames cities5000 dump; CC BY 4.0,2277241,2024-01-18,geolocated national model-support node,"place and coordinate are external records; node role, sink weight and any later flow are model inputs or estimates, not observed shipments",NF_EDFLOW_geolocated_network_expansion_v1_2_0_2026-08-31
GEO_LBR_2276506,Liberia,LBR,Harbel,Harbel,-10.35642,6.24683,PPL,candidate consumer or transit catchment,fish|vegetable,GeoNames cities5000 dump; CC BY 4.0,2276506,2023-12-21,geolocated national model-support node,"place and coordinate are external records; node role, sink weight and any later flow are model inputs or estimates, not observed shipments",NF_EDFLOW_geolocated_network_expansion_v1_2_0_2026-08-31
GEO_LBR_2274372,Liberia,LBR,Pleebo City,Pleebo City,-7.67218,4.58953,PPL,candidate consumer or transit catchment,fish|vegetable,GeoNames cities5000 dump; CC BY 4.0,2274372,2023-12-21,geolocated national model-support node,"place and coordinate are external records; node role, sink weight and any later flow are model inputs or estimates, not observed shipments",NF_EDFLOW_geolocated_network_expansion_v1_2_0_2026-08-31
GEO_LBR_2277301,Liberia,LBR,Foya Kamara,Foya Kamara,-10.20639,8.36028,PPL,candidate consumer or transit catchment,fish|vegetable,GeoNames cities5000 dump; CC BY 4.0,2277301,2024-01-18,geolocated national model-support node,"place and coordinate are external records; node role, sink weight and any later flow are model inputs or estimates, not observed shipments",NF_EDFLOW_geolocated_network_expansion_v1_2_0_2026-08-31
GEO_LBR_2272790,Liberia,LBR,New Yekepa,New Yekepa,-8.53778,7.57944,PPL,candidate consumer or transit catchment,fish|vegetable,GeoNames cities5000 dump; CC BY 4.0,2272790,2012-01-17,geolocated national model-support node,"place and coordinate are external records; node role, sink weight and any later flow are model inputs or estimates, not observed shipments",NF_EDFLOW_geolocated_network_expansion_v1_2_0_2026-08-31
GEO_LBR_2274222,Liberia,LBR,Saclepea,Saclepea,-8.84056,6.9625,PPL,candidate consumer or transit catchment,fish|vegetable,GeoNames cities5000 dump; CC BY 4.0,2274222,2024-01-18,geolocated national model-support node,"place and coordinate are external records; node role, sink weight and any later flow are model inputs or estimates, not observed shipments",NF_EDFLOW_geolocated_network_expansion_v1_2_0_2026-08-31
GEO_LBR_2277197,Liberia,LBR,Ganta,Ganta,-8.53083,7.30222,PPL,candidate consumer or transit catchment,fish|vegetable,GeoNames cities5000 dump; CC BY 4.0,2277197,2019-01-09,geolocated national model-support node,"place and coordinate are external records; node role, sink weight and any later flow are model inputs or estimates, not observed shipments",NF_EDFLOW_geolocated_network_expansion_v1_2_0_2026-08-31
GEO_LBR_2276103,Liberia,LBR,Karnplay,Karnplay,-8.50389,7.26972,PPL,candidate consumer or transit catchment,fish|vegetable,GeoNames cities5000 dump; CC BY 4.0,2276103,2023-12-21,geolocated national model-support node,"place and coordinate are external records; node role, sink weight and any later flow are model inputs or estimates, not observed shipments",NF_EDFLOW_geolocated_network_expansion_v1_2_0_2026-08-31
GEO_LBR_2272534,Liberia,LBR,Zorzor,Zorzor,-9.43028,7.77944,PPL,candidate consumer or transit catchment,fish|vegetable,GeoNames cities5000 dump; CC BY 4.0,2272534,2023-12-21,geolocated national model-support node,"place and coordinate are external records; node role, sink weight and any later flow are model inputs or estimates, not observed shipments",NF_EDFLOW_geolocated_network_expansion_v1_2_0_2026-08-31
GEO_LBR_2274286,Liberia,LBR,River Gbeh,River Gbeh,-7.66806,5.21194,PPL,candidate consumer or transit catchment,fish|vegetable,GeoNames cities5000 dump; CC BY 4.0,2274286,2025-04-21,geolocated national model-support node,"place and coordinate are external records; node role, sink weight and any later flow are model inputs or estimates, not observed shipments",NF_EDFLOW_geolocated_network_expansion_v1_2_0_2026-08-31
GEO_LBY_2210247,Libya,LBY,Tripoli,Tripoli,13.18733,32.88743,PPLC,major national hub,fish|vegetable,GeoNames cities5000 dump; CC BY 4.0,2210247,2026-07-08,geolocated national model-support node,"place and coordinate are external records; node role, sink weight and any later flow are model inputs or estimates, not observed shipments",NF_EDFLOW_geolocated_network_expansion_v1_2_0_2026-08-31
GEO_LBY_88319,Libya,LBY,Benghazi,Benghazi,20.06859,32.11486,PPLA,major national hub,fish|vegetable,GeoNames cities5000 dump; CC BY 4.0,88319,2026-07-08,geolocated national model-support node,"place and coordinate are external records; node role, sink weight and any later flow are model inputs or estimates, not observed shipments",NF_EDFLOW_geolocated_network_expansion_v1_2_0_2026-08-31
GEO_LBY_2214846,Libya,LBY,Misratah,Misratah,15.09254,32.37535,PPLA,major national hub,fish|vegetable,GeoNames cities5000 dump; CC BY 4.0,2214846,2026-04-14,geolocated national model-support node,"place and coordinate are external records; node role, sink weight and any later flow are model inputs or estimates, not observed shipments",NF_EDFLOW_geolocated_network_expansion_v1_2_0_2026-08-31
GEO_LBY_2219905,Libya,LBY,Al Khums,Al Khums,14.26191,32.64861,PPLA,major national hub,fish|vegetable,GeoNames cities5000 dump; CC BY 4.0,2219905,2026-07-08,geolocated national model-support node,"place and coordinate are external records; node role, sink weight and any later flow are model inputs or estimates, not observed shipments",NF_EDFLOW_geolocated_network_expansion_v1_2_0_2026-08-31
GEO_LBY_2218970,Libya,LBY,Az Zāwīyah,Az Zawiyah,12.72764,32.7571,PPLA,major national hub,fish|vegetable,GeoNames cities5000 dump; CC BY 4.0,2218970,2026-07-08,geolocated national model-support node,"place and coordinate are external records; node role, sink weight and any later flow are model inputs or estimates, not observed shipments",NF_EDFLOW_geolocated_network_expansion_v1_2_0_2026-08-31
GEO_LBY_2212775,Libya,LBY,Sabha,Sabha,14.42832,27.03766,PPLA,candidate consumer or transit catchment,fish|vegetable,GeoNames cities5000 dump; CC BY 4.0,2212775,2026-08-13,geolocated national model-support node,"place and coordinate are external records; node role, sink weight and any later flow are model inputs or estimates, not observed shipments",NF_EDFLOW_geolocated_network_expansion_v1_2_0_2026-08-31
GEO_LBY_81302,Libya,LBY,Tobruk,Tobruk,23.95385,32.08963,PPLA,candidate consumer or transit catchment,fish|vegetable,GeoNames cities5000 dump; CC BY 4.0,81302,2026-04-14,geolocated national model-support node,"place and coordinate are external records; node role, sink weight and any later flow are model inputs or estimates, not observed shipments",NF_EDFLOW_geolocated_network_expansion_v1_2_0_2026-08-31
GEO_LBY_89113,Libya,LBY,Ajdabiya,Ajdabiya,20.22625,30.75545,PPLA,candidate consumer or transit catchment,fish|vegetable,GeoNames cities5000 dump; CC BY 4.0,89113,2026-07-08,geolocated national model-support node,"place and coordinate are external records; node role, sink weight and any later flow are model inputs or estimates, not observed shipments",NF_EDFLOW_geolocated_network_expansion_v1_2_0_2026-08-31
GEO_LBY_89055,Libya,LBY,Al Bayḑā’,Al Bayda',21.75506,32.76272,PPLA,candidate consumer or transit catchment,fish|vegetable,GeoNames cities5000 dump; CC BY 4.0,89055,2026-07-08,geolocated national model-support node,"place and coordinate are external records; node role, sink weight and any later flow are model inputs or estimates, not observed shipments",NF_EDFLOW_geolocated_network_expansion_v1_2_0_2026-08-31
GEO_LBY_2210554,Libya,LBY,Sirte,Sirte,16.58866,31.20892,PPLA,candidate consumer or transit catchment,fish|vegetable,GeoNames cities5000 dump; CC BY 4.0,2210554,2026-07-08,geolocated national model-support node,"place and coordinate are external records; node role, sink weight and any later flow are model inputs or estimates, not observed shipments",NF_EDFLOW_geolocated_network_expansion_v1_2_0_2026-08-31
GEO_LBY_87205,Libya,LBY,Darnah,Darnah,22.63669,32.76704,PPLA,candidate consumer or transit catchment,fish|vegetable,GeoNames cities5000 dump; CC BY 4.0,87205,2026-07-08,geolocated national model-support node,"place and coordinate are external records; node role, sink weight and any later flow are model inputs or estimates, not observed shipments",NF_EDFLOW_geolocated_network_expansion_v1_2_0_2026-08-31
GEO_LBY_88903,Libya,LBY,Al Marj,Al Marj,20.82909,32.49257,PPLA,candidate consumer or transit catchment,fish|vegetable,GeoNames cities5000 dump; CC BY 4.0,88903,2026-07-08,geolocated national model-support node,"place and coordinate are external records; node role, sink weight and any later flow are model inputs or estimates, not observed shipments",NF_EDFLOW_geolocated_network_expansion_v1_2_0_2026-08-31
GEO_LBY_2220139,Libya,LBY,Al ‘Azīzīyah,Al 'Aziziyah,13.0175,32.53194,PPLA,candidate consumer or transit catchment,fish|vegetable,GeoNames cities5000 dump; CC BY 4.0,2220139,2026-04-14,geolocated national model-support node,"place and coordinate are external records; node role, sink weight and any later flow are model inputs or estimates, not observed shipments",NF_EDFLOW_geolocated_network_expansion_v1_2_0_2026-08-31
GEO_LBY_2217362,Libya,LBY,Gharyan,Gharyan,13.02028,32.17222,PPLA,candidate consumer or transit catchment,fish|vegetable,GeoNames cities5000 dump; CC BY 4.0,2217362,2026-07-08,geolocated national model-support node,"place and coordinate are external records; node role, sink weight and any later flow are model inputs or estimates, not observed shipments",NF_EDFLOW_geolocated_network_expansion_v1_2_0_2026-08-31
GEO_LBY_2208425,Libya,LBY,Zuwarah,Zuwarah,12.08199,32.9312,PPLA,candidate consumer or transit catchment,fish|vegetable,GeoNames cities5000 dump; CC BY 4.0,2208425,2026-07-08,geolocated national model-support node,"place and coordinate are external records; node role, sink weight and any later flow are model inputs or estimates, not observed shipments",NF_EDFLOW_geolocated_network_expansion_v1_2_0_2026-08-31
GEO_LBY_2219235,Libya,LBY,Ubari,Ubari,12.77511,26.59034,PPLA,candidate consumer or transit catchment,fish|vegetable,GeoNames cities5000 dump; CC BY 4.0,2219235,2026-04-14,geolocated national model-support node,"place and coordinate are external records; node role, sink weight and any later flow are model inputs or estimates, not observed shipments",NF_EDFLOW_geolocated_network_expansion_v1_2_0_2026-08-31
GEO_LBY_2214603,Libya,LBY,Murzuk,Murzuk,13.91839,25.91552,PPLA,candidate consumer or transit catchment,fish|vegetable,GeoNames cities5000 dump; CC BY 4.0,2214603,2026-04-14,geolocated national model-support node,"place and coordinate are external records; node role, sink weight and any later flow are model inputs or estimates, not observed shipments",NF_EDFLOW_geolocated_network_expansion_v1_2_0_2026-08-31
GEO_LBY_2214433,Libya,LBY,Nālūt,Nalut,10.9812,31.86848,PPLA,candidate consumer or transit catchment,fish|vegetable,GeoNames cities5000 dump; CC BY 4.0,2214433,2026-07-08,geolocated national model-support node,"place and coordinate are external records; node role, sink weight and any later flow are model inputs or estimates, not observed shipments",NF_EDFLOW_geolocated_network_expansion_v1_2_0_2026-08-31
GEO_LBY_2216645,Libya,LBY,Hūn,Hun,15.94772,29.12684,PPLA,candidate consumer or transit catchment,fish|vegetable,GeoNames cities5000 dump; CC BY 4.0,2216645,2026-07-08,geolocated national model-support node,"place and coordinate are external records; node role, sink weight and any later flow are model inputs or estimates, not observed shipments",NF_EDFLOW_geolocated_network_expansion_v1_2_0_2026-08-31
GEO_LBY_2217351,Libya,LBY,Ghat,Ghat,10.18003,24.96334,PPLA,candidate consumer or transit catchment,fish|vegetable,GeoNames cities5000 dump; CC BY 4.0,2217351,2026-04-14,geolocated national model-support node,"place and coordinate are external records; node role, sink weight and any later flow are model inputs or estimates, not observed shipments",NF_EDFLOW_geolocated_network_expansion_v1_2_0_2026-08-31
GEO_LBY_2220309,Libya,LBY,Idrī,Idri,13.05173,27.44707,PPLA,candidate consumer or transit catchment,fish|vegetable,GeoNames cities5000 dump; CC BY 4.0,2220309,2026-07-08,geolocated national model-support node,"place and coordinate are external records; node role, sink weight and any later flow are model inputs or estimates, not observed shipments",NF_EDFLOW_geolocated_network_expansion_v1_2_0_2026-08-31
GEO_LBY_2208485,Libya,LBY,Zliten,Zliten,14.56874,32.46739,PPL,candidate consumer or transit catchment,fish|vegetable,GeoNames cities5000 dump; CC BY 4.0,2208485,2026-07-08,geolocated national model-support node,"place and coordinate are external records; node role, sink weight and any later flow are model inputs or estimates, not observed shipments",NF_EDFLOW_geolocated_network_expansion_v1_2_0_2026-08-31
GEO_LBY_2216885,Libya,LBY,Zawiya,Zawiya,12.72778,32.75222,PPL,candidate consumer or transit catchment,fish|vegetable,GeoNames cities5000 dump; CC BY 4.0,2216885,2020-07-16,geolocated national model-support node,"place and coordinate are external records; node role, sink weight and any later flow are model inputs or estimates, not observed shipments",NF_EDFLOW_geolocated_network_expansion_v1_2_0_2026-08-31
GEO_LBY_2216349,Libya,LBY,Janzūr,Janzur,13.01727,32.81868,PPL,candidate consumer or transit catchment,fish|vegetable,GeoNames cities5000 dump; CC BY 4.0,2216349,2026-07-08,geolocated national model-support node,"place and coordinate are external records; node role, sink weight and any later flow are model inputs or estimates, not observed shipments",NF_EDFLOW_geolocated_network_expansion_v1_2_0_2026-08-31
GEO_LBY_2219701,Libya,LBY,Al Ajaylat,Al Ajaylat,12.37633,32.75718,PPL,candidate consumer or transit catchment,fish|vegetable,GeoNames cities5000 dump; CC BY 4.0,2219701,2026-07-08,geolocated national model-support node,"place and coordinate are external records; node role, sink weight and any later flow are model inputs or estimates, not observed shipments",NF_EDFLOW_geolocated_network_expansion_v1_2_0_2026-08-31
GEO_LBY_2219960,Libya,LBY,Al Jadīd,Al Jadid,14.4,27.05,PPL,candidate consumer or transit catchment,fish|vegetable,GeoNames cities5000 dump; CC BY 4.0,2219960,2026-07-08,geolocated national model-support node,"place and coordinate are external records; node role, sink weight and any later flow are model inputs or estimates, not observed shipments",NF_EDFLOW_geolocated_network_expansion_v1_2_0_2026-08-31
GEO_LBY_2219936,Libya,LBY,Al Jumayl,Al Jumayl,12.0612,32.85286,PPL,candidate consumer or transit catchment,fish|vegetable,GeoNames cities5000 dump; CC BY 4.0,2219936,2026-07-08,geolocated national model-support node,"place and coordinate are external records; node role, sink weight and any later flow are model inputs or estimates, not observed shipments",NF_EDFLOW_geolocated_network_expansion_v1_2_0_2026-08-31
GEO_LBY_2213618,Libya,LBY,Qaşr Bin Ghashīr,Qasr Bin Ghashir,13.18333,32.68333,PPL,candidate consumer or transit catchment,fish|vegetable,GeoNames cities5000 dump; CC BY 4.0,2213618,2023-12-21,geolocated national model-support node,"place and coordinate are external records; node role, sink weight and any later flow are model inputs or estimates, not observed shipments",NF_EDFLOW_geolocated_network_expansion_v1_2_0_2026-08-31
GEO_LBY_2210394,Libya,LBY,Tājūrā’,Tajura',13.35056,32.88167,PPL,candidate consumer or transit catchment,fish|vegetable,GeoNames cities5000 dump; CC BY 4.0,2210394,2020-07-08,geolocated national model-support node,"place and coordinate are external records; node role, sink weight and any later flow are model inputs or estimates, not observed shipments",NF_EDFLOW_geolocated_network_expansion_v1_2_0_2026-08-31
GEO_LBY_2212771,Libya,LBY,Şabrātah,Sabratah,12.48845,32.79335,PPL,candidate consumer or transit catchment,fish|vegetable,GeoNames cities5000 dump; CC BY 4.0,2212771,2026-07-08,geolocated national model-support node,"place and coordinate are external records; node role, sink weight and any later flow are model inputs or estimates, not observed shipments",NF_EDFLOW_geolocated_network_expansion_v1_2_0_2026-08-31
GEO_LSO_932505,Lesotho,LSO,Maseru,Maseru,27.48333,-29.31667,PPLC,major national hub,fish|vegetable,GeoNames cities5000 dump; CC BY 4.0,932505,2023-12-21,geolocated national model-support node,"place and coordinate are external records; node role, sink weight and any later flow are model inputs or estimates, not observed shipments",NF_EDFLOW_geolocated_network_expansion_v1_2_0_2026-08-31
GEO_LSO_932438,Lesotho,LSO,Mohale's Hoek,Mohale's Hoek,27.47691,-30.15137,PPLA,major national hub,fish|vegetable,GeoNames cities5000 dump; CC BY 4.0,932438,2026-04-14,geolocated national model-support node,"place and coordinate are external records; node role, sink weight and any later flow are model inputs or estimates, not observed shipments",NF_EDFLOW_geolocated_network_expansion_v1_2_0_2026-08-31
GEO_LSO_932614,Lesotho,LSO,Mafeteng,Mafeteng,27.23744,-29.82299,PPLA,major national hub,fish|vegetable,GeoNames cities5000 dump; CC BY 4.0,932614,2026-04-14,geolocated national model-support node,"place and coordinate are external records; node role, sink weight and any later flow are model inputs or estimates, not observed shipments",NF_EDFLOW_geolocated_network_expansion_v1_2_0_2026-08-31
GEO_LSO_932698,Lesotho,LSO,Hlotse,Hlotse,28.04501,-28.87185,PPLA,major national hub,fish|vegetable,GeoNames cities5000 dump; CC BY 4.0,932698,2026-04-14,geolocated national model-support node,"place and coordinate are external records; node role, sink weight and any later flow are model inputs or estimates, not observed shipments",NF_EDFLOW_geolocated_network_expansion_v1_2_0_2026-08-31
GEO_LSO_932886,Lesotho,LSO,Butha-Buthe,Butha-Buthe,28.24937,-28.76659,PPLA,major national hub,fish|vegetable,GeoNames cities5000 dump; CC BY 4.0,932886,2026-04-14,geolocated national model-support node,"place and coordinate are external records; node role, sink weight and any later flow are model inputs or estimates, not observed shipments",NF_EDFLOW_geolocated_network_expansion_v1_2_0_2026-08-31
GEO_LSO_932183,Lesotho,LSO,Quthing,Quthing,27.70027,-30.40001,PPLA,candidate consumer or transit catchment,fish|vegetable,GeoNames cities5000 dump; CC BY 4.0,932183,2026-04-14,geolocated national model-support node,"place and coordinate are external records; node role, sink weight and any later flow are model inputs or estimates, not observed shipments",NF_EDFLOW_geolocated_network_expansion_v1_2_0_2026-08-31
GEO_LSO_932035,Lesotho,LSO,Teyateyaneng,Teyateyaneng,27.74895,-29.14719,PPLA,candidate consumer or transit catchment,fish|vegetable,GeoNames cities5000 dump; CC BY 4.0,932035,2026-04-14,geolocated national model-support node,"place and coordinate are external records; node role, sink weight and any later flow are model inputs or estimates, not observed shipments",NF_EDFLOW_geolocated_network_expansion_v1_2_0_2026-08-31
GEO_LSO_1106835,Lesotho,LSO,Thaba-Tseka,Thaba-Tseka,28.6084,-29.52204,PPLA,candidate consumer or transit catchment,fish|vegetable,GeoNames cities5000 dump; CC BY 4.0,1106835,2026-04-14,geolocated national model-support node,"place and coordinate are external records; node role, sink weight and any later flow are model inputs or estimates, not observed shipments",NF_EDFLOW_geolocated_network_expansion_v1_2_0_2026-08-31
GEO_LSO_932416,Lesotho,LSO,Mokhotlong,Mokhotlong,29.06751,-29.28939,PPLA,candidate consumer or transit catchment,fish|vegetable,GeoNames cities5000 dump; CC BY 4.0,932416,2026-04-14,geolocated national model-support node,"place and coordinate are external records; node role, sink weight and any later flow are model inputs or estimates, not observed shipments",NF_EDFLOW_geolocated_network_expansion_v1_2_0_2026-08-31
GEO_LSO_932525,Lesotho,LSO,Mapoteng,Mapoteng,27.9741,-29.10979,PPLA2,candidate consumer or transit catchment,fish|vegetable,GeoNames cities5000 dump; CC BY 4.0,932525,2023-12-21,geolocated national model-support node,"place and coordinate are external records; node role, sink weight and any later flow are model inputs or estimates, not observed shipments",NF_EDFLOW_geolocated_network_expansion_v1_2_0_2026-08-31
GEO_LSO_932521,Lesotho,LSO,Maputsoe,Maputsoe,27.89915,-28.8866,PPL,candidate consumer or transit catchment,fish|vegetable,GeoNames cities5000 dump; CC BY 4.0,932521,2023-12-21,geolocated national model-support node,"place and coordinate are external records; node role, sink weight and any later flow are model inputs or estimates, not observed shipments",NF_EDFLOW_geolocated_network_expansion_v1_2_0_2026-08-31
GEO_LSO_11237575,Lesotho,LSO,Mabote,Mabote,27.52417,-29.27861,PPL,candidate consumer or transit catchment,fish|vegetable,GeoNames cities5000 dump; CC BY 4.0,11237575,2025-11-01,geolocated national model-support node,"place and coordinate are external records; node role, sink weight and any later flow are model inputs or estimates, not observed shipments",NF_EDFLOW_geolocated_network_expansion_v1_2_0_2026-08-31
GEO_LSO_932218,Lesotho,LSO,Qacha’s Nek,Qacha's Nek,28.68936,-30.11537,PPL,candidate consumer or transit catchment,fish|vegetable,GeoNames cities5000 dump; CC BY 4.0,932218,2024-04-11,geolocated national model-support node,"place and coordinate are external records; node role, sink weight and any later flow are model inputs or estimates, not observed shipments",NF_EDFLOW_geolocated_network_expansion_v1_2_0_2026-08-31
GEO_LSO_932151,Lesotho,LSO,Roma,Roma,27.70806,-29.44667,PPL,candidate consumer or transit catchment,fish|vegetable,GeoNames cities5000 dump; CC BY 4.0,932151,2023-12-30,geolocated national model-support node,"place and coordinate are external records; node role, sink weight and any later flow are model inputs or estimates, not observed shipments",NF_EDFLOW_geolocated_network_expansion_v1_2_0_2026-08-31
GEO_LSO_932320,Lesotho,LSO,Nako,Nako,27.76667,-29.61667,PPL,candidate consumer or transit catchment,fish|vegetable,GeoNames cities5000 dump; CC BY 4.0,932320,2013-08-18,geolocated national model-support node,"place and coordinate are external records; node role, sink weight and any later flow are model inputs or estimates, not observed shipments",NF_EDFLOW_geolocated_network_expansion_v1_2_0_2026-08-31
GEO_LSO_932466,Lesotho,LSO,Mazenod,Mazenod,27.56893,-29.41896,PPL,candidate consumer or transit catchment,fish|vegetable,GeoNames cities5000 dump; CC BY 4.0,932466,2023-12-21,geolocated national model-support node,"place and coordinate are external records; node role, sink weight and any later flow are model inputs or estimates, not observed shipments",NF_EDFLOW_geolocated_network_expansion_v1_2_0_2026-08-31
GEO_LSO_932537,Lesotho,LSO,Mantsebo,Mantsebo,27.51667,-29.48333,PPL,candidate consumer or transit catchment,fish|vegetable,GeoNames cities5000 dump; CC BY 4.0,932537,2023-12-21,geolocated national model-support node,"place and coordinate are external records; node role, sink weight and any later flow are model inputs or estimates, not observed shipments",NF_EDFLOW_geolocated_network_expansion_v1_2_0_2026-08-31
GEO_LSO_12687284,Lesotho,LSO,Semonkong,Semonkong,28.0504,-29.8433,PPL,candidate consumer or transit catchment,fish|vegetable,GeoNames cities5000 dump; CC BY 4.0,12687284,2023-12-21,geolocated national model-support node,"place and coordinate are external records; node role, sink weight and any later flow are model inputs or estimates, not observed shipments",NF_EDFLOW_geolocated_network_expansion_v1_2_0_2026-08-31
GEO_LSO_932269,Lesotho,LSO,Phamong,Phamong,27.8014,-30.24809,PPL,candidate consumer or transit catchment,fish|vegetable,GeoNames cities5000 dump; CC BY 4.0,932269,2024-05-01,geolocated national model-support node,"place and coordinate are external records; node role, sink weight and any later flow are model inputs or estimates, not observed shipments",NF_EDFLOW_geolocated_network_expansion_v1_2_0_2026-08-31
GEO_LSO_932547,Lesotho,LSO,Mamathes,Mamathes,27.83363,-29.12636,PPL,candidate consumer or transit catchment,fish|vegetable,GeoNames cities5000 dump; CC BY 4.0,932547,2023-12-21,geolocated national model-support node,"place and coordinate are external records; node role, sink weight and any later flow are model inputs or estimates, not observed shipments",NF_EDFLOW_geolocated_network_expansion_v1_2_0_2026-08-31
GEO_LSO_932341,Lesotho,LSO,Mount Moorosi,Mount Moorosi,27.87076,-30.2731,PPL,candidate consumer or transit catchment,fish|vegetable,GeoNames cities5000 dump; CC BY 4.0,932341,2023-12-21,geolocated national model-support node,"place and coordinate are external records; node role, sink weight and any later flow are model inputs or estimates, not observed shipments",NF_EDFLOW_geolocated_network_expansion_v1_2_0_2026-08-31
GEO_LSO_932248,Lesotho,LSO,Pitseng,Pitseng,28.21328,-29.00699,PPL,candidate consumer or transit catchment,fish|vegetable,GeoNames cities5000 dump; CC BY 4.0,932248,2023-12-21,geolocated national model-support node,"place and coordinate are external records; node role, sink weight and any later flow are model inputs or estimates, not observed shipments",NF_EDFLOW_geolocated_network_expansion_v1_2_0_2026-08-31
GEO_LSO_932025,Lesotho,LSO,Thabana Morena,Thabana Morena,27.42044,-29.96008,PPL,candidate consumer or transit catchment,fish|vegetable,GeoNames cities5000 dump; CC BY 4.0,932025,2024-01-18,geolocated national model-support node,"place and coordinate are external records; node role, sink weight and any later flow are model inputs or estimates, not observed shipments",NF_EDFLOW_geolocated_network_expansion_v1_2_0_2026-08-31
GEO_LSO_7729880,Lesotho,LSO,Mantsonyane,Mantsonyane,28.26991,-29.53317,PPL,candidate consumer or transit catchment,fish|vegetable,GeoNames cities5000 dump; CC BY 4.0,7729880,2023-12-21,geolocated national model-support node,"place and coordinate are external records; node role, sink weight and any later flow are model inputs or estimates, not observed shipments",NF_EDFLOW_geolocated_network_expansion_v1_2_0_2026-08-31
GEO_LSO_932276,Lesotho,LSO,Peka,Peka,27.76258,-28.96883,PPL,candidate consumer or transit catchment,fish|vegetable,GeoNames cities5000 dump; CC BY 4.0,932276,2023-12-21,geolocated national model-support node,"place and coordinate are external records; node role, sink weight and any later flow are model inputs or estimates, not observed shipments",NF_EDFLOW_geolocated_network_expansion_v1_2_0_2026-08-31
GEO_LSO_12687288,Lesotho,LSO,Kolo,Kolo,27.68751,-29.68884,PPL,candidate consumer or transit catchment,fish|vegetable,GeoNames cities5000 dump; CC BY 4.0,12687288,2023-12-21,geolocated national model-support node,"place and coordinate are external records; node role, sink weight and any later flow are model inputs or estimates, not observed shipments",NF_EDFLOW_geolocated_network_expansion_v1_2_0_2026-08-31
GEO_LSO_932371,Lesotho,LSO,Morija,Morija,27.51351,-29.62982,PPL,candidate consumer or transit catchment,fish|vegetable,GeoNames cities5000 dump; CC BY 4.0,932371,2023-12-21,geolocated national model-support node,"place and coordinate are external records; node role, sink weight and any later flow are model inputs or estimates, not observed shipments",NF_EDFLOW_geolocated_network_expansion_v1_2_0_2026-08-31
GEO_LSO_932112,Lesotho,LSO,Sefikeng,Sefikeng,27.80765,-29.27894,PPL,candidate consumer or transit catchment,fish|vegetable,GeoNames cities5000 dump; CC BY 4.0,932112,2023-12-21,geolocated national model-support node,"place and coordinate are external records; node role, sink weight and any later flow are model inputs or estimates, not observed shipments",NF_EDFLOW_geolocated_network_expansion_v1_2_0_2026-08-31
GEO_MAR_2553604,Morocco,MAR,Casablanca,Casablanca,-7.61138,33.58831,PPLA,major national hub,fish|vegetable,GeoNames cities5000 dump; CC BY 4.0,2553604,2026-04-14,geolocated national model-support node,"place and coordinate are external records; node role, sink weight and any later flow are model inputs or estimates, not observed shipments",NF_EDFLOW_geolocated_network_expansion_v1_2_0_2026-08-31
GEO_MAR_2538475,Morocco,MAR,Rabat,Rabat,-6.83255,34.01325,PPLC,major national hub,fish|vegetable,GeoNames cities5000 dump; CC BY 4.0,2538475,2019-09-05,geolocated national model-support node,"place and coordinate are external records; node role, sink weight and any later flow are model inputs or estimates, not observed shipments",NF_EDFLOW_geolocated_network_expansion_v1_2_0_2026-08-31
GEO_MAR_2548885,Morocco,MAR,Fes,Fes,-5.00028,34.03313,PPLA,major national hub,fish|vegetable,GeoNames cities5000 dump; CC BY 4.0,2548885,2026-04-14,geolocated national model-support node,"place and coordinate are external records; node role, sink weight and any later flow are model inputs or estimates, not observed shipments",NF_EDFLOW_geolocated_network_expansion_v1_2_0_2026-08-31
GEO_MAR_2530335,Morocco,MAR,Tangier,Tangier,-5.79975,35.76727,PPLA,major national hub,fish|vegetable,GeoNames cities5000 dump; CC BY 4.0,2530335,2026-04-14,geolocated national model-support node,"place and coordinate are external records; node role, sink weight and any later flow are model inputs or estimates, not observed shipments",NF_EDFLOW_geolocated_network_expansion_v1_2_0_2026-08-31
GEO_MAR_2542997,Morocco,MAR,Marrakesh,Marrakesh,-7.99994,31.63416,PPLA,major national hub,fish|vegetable,GeoNames cities5000 dump; CC BY 4.0,2542997,2026-04-14,geolocated national model-support node,"place and coordinate are external records; node role, sink weight and any later flow are model inputs or estimates, not observed shipments",NF_EDFLOW_geolocated_network_expansion_v1_2_0_2026-08-31
GEO_MAR_2561668,Morocco,MAR,Agadir,Agadir,-9.59815,30.42018,PPLA,candidate consumer or transit catchment,fish|vegetable,GeoNames cities5000 dump; CC BY 4.0,2561668,2026-04-14,geolocated national model-support node,"place and coordinate are external records; node role, sink weight and any later flow are model inputs or estimates, not observed shipments",NF_EDFLOW_geolocated_network_expansion_v1_2_0_2026-08-31
GEO_MAR_2542715,Morocco,MAR,Meknes,Meknes,-5.54727,33.89352,PPLA2,candidate consumer or transit catchment,fish|vegetable,GeoNames cities5000 dump; CC BY 4.0,2542715,2024-01-18,geolocated national model-support node,"place and coordinate are external records; node role, sink weight and any later flow are model inputs or estimates, not observed shipments",NF_EDFLOW_geolocated_network_expansion_v1_2_0_2026-08-31
GEO_MAR_2540483,Morocco,MAR,Oujda,Oujda,-1.90858,34.68139,PPLA,candidate consumer or transit catchment,fish|vegetable,GeoNames cities5000 dump; CC BY 4.0,2540483,2026-04-14,geolocated national model-support node,"place and coordinate are external records; node role, sink weight and any later flow are model inputs or estimates, not observed shipments",NF_EDFLOW_geolocated_network_expansion_v1_2_0_2026-08-31
GEO_MAR_2544571,Morocco,MAR,Kenitra,Kenitra,-6.5802,34.26101,PPLA,candidate consumer or transit catchment,fish|vegetable,GeoNames cities5000 dump; CC BY 4.0,2544571,2026-04-14,geolocated national model-support node,"place and coordinate are external records; node role, sink weight and any later flow are model inputs or estimates, not observed shipments",NF_EDFLOW_geolocated_network_expansion_v1_2_0_2026-08-31
GEO_MAR_2528910,Morocco,MAR,Tétouan,Tetouan,-5.36837,35.57845,PPLA2,candidate consumer or transit catchment,fish|vegetable,GeoNames cities5000 dump; CC BY 4.0,2528910,2024-01-18,geolocated national model-support node,"place and coordinate are external records; node role, sink weight and any later flow are model inputs or estimates, not observed shipments",NF_EDFLOW_geolocated_network_expansion_v1_2_0_2026-08-31
GEO_MAR_2558545,Morocco,MAR,Al Hoceïma,Al Hoceima,-3.93723,35.25165,PPLA2,candidate consumer or transit catchment,fish|vegetable,GeoNames cities5000 dump; CC BY 4.0,2558545,2016-11-03,geolocated national model-support node,"place and coordinate are external records; node role, sink weight and any later flow are model inputs or estimates, not observed shipments",NF_EDFLOW_geolocated_network_expansion_v1_2_0_2026-08-31
GEO_MAR_2529013,Morocco,MAR,Temara,Temara,-6.90656,33.92866,PPLA3,candidate consumer or transit catchment,fish|vegetable,GeoNames cities5000 dump; CC BY 4.0,2529013,2024-01-18,geolocated national model-support node,"place and coordinate are external records; node role, sink weight and any later flow are model inputs or estimates, not observed shipments",NF_EDFLOW_geolocated_network_expansion_v1_2_0_2026-08-31
GEO_MAR_2537881,Morocco,MAR,Safi,Safi,-9.23718,32.29939,PPLA2,candidate consumer or transit catchment,fish|vegetable,GeoNames cities5000 dump; CC BY 4.0,2537881,2024-01-18,geolocated national model-support node,"place and coordinate are external records; node role, sink weight and any later flow are model inputs or estimates, not observed shipments",NF_EDFLOW_geolocated_network_expansion_v1_2_0_2026-08-31
GEO_MAR_2542051,Morocco,MAR,Mohammedia,Mohammedia,-7.38298,33.68607,PPLA3,candidate consumer or transit catchment,fish|vegetable,GeoNames cities5000 dump; CC BY 4.0,2542051,2024-01-18,geolocated national model-support node,"place and coordinate are external records; node role, sink weight and any later flow are model inputs or estimates, not observed shipments",NF_EDFLOW_geolocated_network_expansion_v1_2_0_2026-08-31
GEO_MAR_2544248,Morocco,MAR,Khouribga,Khouribga,-6.9063,32.88108,PPLA3,candidate consumer or transit catchment,fish|vegetable,GeoNames cities5000 dump; CC BY 4.0,2544248,2024-01-18,geolocated national model-support node,"place and coordinate are external records; node role, sink weight and any later flow are model inputs or estimates, not observed shipments",NF_EDFLOW_geolocated_network_expansion_v1_2_0_2026-08-31
GEO_MAR_2555745,Morocco,MAR,Beni Mellal,Beni Mellal,-6.34983,32.33725,PPLA,candidate consumer or transit catchment,fish|vegetable,GeoNames cities5000 dump; CC BY 4.0,2555745,2026-04-14,geolocated national model-support node,"place and coordinate are external records; node role, sink weight and any later flow are model inputs or estimates, not observed shipments",NF_EDFLOW_geolocated_network_expansion_v1_2_0_2026-08-31
GEO_MAR_2541479,Morocco,MAR,Nador,Nador,-2.93352,35.16813,PPLA3,candidate consumer or transit catchment,fish|vegetable,GeoNames cities5000 dump; CC BY 4.0,2541479,2025-08-27,geolocated national model-support node,"place and coordinate are external records; node role, sink weight and any later flow are model inputs or estimates, not observed shipments",NF_EDFLOW_geolocated_network_expansion_v1_2_0_2026-08-31
GEO_MAR_2552615,Morocco,MAR,Dar Bouazza,Dar Bouazza,-7.81677,33.51535,PPLA3,candidate consumer or transit catchment,fish|vegetable,GeoNames cities5000 dump; CC BY 4.0,2552615,2024-01-18,geolocated national model-support node,"place and coordinate are external records; node role, sink weight and any later flow are model inputs or estimates, not observed shipments",NF_EDFLOW_geolocated_network_expansion_v1_2_0_2026-08-31
GEO_MAR_2529317,Morocco,MAR,Taza,Taza,-4.01,34.21,PPLA2,candidate consumer or transit catchment,fish|vegetable,GeoNames cities5000 dump; CC BY 4.0,2529317,2024-01-18,geolocated national model-support node,"place and coordinate are external records; node role, sink weight and any later flow are model inputs or estimates, not observed shipments",NF_EDFLOW_geolocated_network_expansion_v1_2_0_2026-08-31
GEO_MAR_2537406,Morocco,MAR,Settat,Settat,-7.61662,33.00103,PPLA2,candidate consumer or transit catchment,fish|vegetable,GeoNames cities5000 dump; CC BY 4.0,2537406,2024-01-18,geolocated national model-support node,"place and coordinate are external records; node role, sink weight and any later flow are model inputs or estimates, not observed shipments",NF_EDFLOW_geolocated_network_expansion_v1_2_0_2026-08-31
GEO_MAR_2556272,Morocco,MAR,Berrechid,Berrechid,-7.58754,33.26553,PPLA3,candidate consumer or transit catchment,fish|vegetable,GeoNames cities5000 dump; CC BY 4.0,2556272,2024-01-18,geolocated national model-support node,"place and coordinate are external records; node role, sink weight and any later flow are model inputs or estimates, not observed shipments",NF_EDFLOW_geolocated_network_expansion_v1_2_0_2026-08-31
GEO_MAR_2558470,Morocco,MAR,Khemisset,Khemisset,-6.06627,33.82404,PPLA3,candidate consumer or transit catchment,fish|vegetable,GeoNames cities5000 dump; CC BY 4.0,2558470,2024-01-18,geolocated national model-support node,"place and coordinate are external records; node role, sink weight and any later flow are model inputs or estimates, not observed shipments",NF_EDFLOW_geolocated_network_expansion_v1_2_0_2026-08-31
GEO_MAR_2545957,Morocco,MAR,Inezgane,Inezgane,-9.53639,30.35535,PPLA3,candidate consumer or transit catchment,fish|vegetable,GeoNames cities5000 dump; CC BY 4.0,2545957,2024-01-18,geolocated national model-support node,"place and coordinate are external records; node role, sink weight and any later flow are model inputs or estimates, not observed shipments",NF_EDFLOW_geolocated_network_expansion_v1_2_0_2026-08-31
GEO_MAR_2543549,Morocco,MAR,Larache,Larache,-6.15572,35.19321,PPLA3,candidate consumer or transit catchment,fish|vegetable,GeoNames cities5000 dump; CC BY 4.0,2543549,2024-01-18,geolocated national model-support node,"place and coordinate are external records; node role, sink weight and any later flow are model inputs or estimates, not observed shipments",NF_EDFLOW_geolocated_network_expansion_v1_2_0_2026-08-31
GEO_MAR_2548526,Morocco,MAR,Guelmim,Guelmim,-10.05738,28.98696,PPLA,candidate consumer or transit catchment,fish|vegetable,GeoNames cities5000 dump; CC BY 4.0,2548526,2026-04-14,geolocated national model-support node,"place and coordinate are external records; node role, sink weight and any later flow are model inputs or estimates, not observed shipments",NF_EDFLOW_geolocated_network_expansion_v1_2_0_2026-08-31
GEO_MAR_2544333,Morocco,MAR,Khenifra,Khenifra,-5.66167,32.93492,PPLA3,candidate consumer or transit catchment,fish|vegetable,GeoNames cities5000 dump; CC BY 4.0,2544333,2024-01-18,geolocated national model-support node,"place and coordinate are external records; node role, sink weight and any later flow are model inputs or estimates, not observed shipments",NF_EDFLOW_geolocated_network_expansion_v1_2_0_2026-08-31
GEO_MAR_2555467,Morocco,MAR,Berkane,Berkane,-2.32,34.92,PPLA3,candidate consumer or transit catchment,fish|vegetable,GeoNames cities5000 dump; CC BY 4.0,2555467,2025-08-27,geolocated national model-support node,"place and coordinate are external records; node role, sink weight and any later flow are model inputs or estimates, not observed shipments",NF_EDFLOW_geolocated_network_expansion_v1_2_0_2026-08-31
GEO_MAR_2530048,Morocco,MAR,Taourirt,Taourirt,-2.89732,34.40731,PPLA3,candidate consumer or transit catchment,fish|vegetable,GeoNames cities5000 dump; CC BY 4.0,2530048,2024-01-18,geolocated national model-support node,"place and coordinate are external records; node role, sink weight and any later flow are model inputs or estimates, not observed shipments",NF_EDFLOW_geolocated_network_expansion_v1_2_0_2026-08-31
GEO_MAR_2554006,Morocco,MAR,Bouskoura,Bouskoura,-7.65239,33.44976,PPLA3,candidate consumer or transit catchment,fish|vegetable,GeoNames cities5000 dump; CC BY 4.0,2554006,2024-01-18,geolocated national model-support node,"place and coordinate are external records; node role, sink weight and any later flow are model inputs or estimates, not observed shipments",NF_EDFLOW_geolocated_network_expansion_v1_2_0_2026-08-31
GEO_MAR_2540689,Morocco,MAR,Oued Zem,Oued Zem,-6.57359,32.8627,PPLA3,candidate consumer or transit catchment,fish|vegetable,GeoNames cities5000 dump; CC BY 4.0,2540689,2024-01-18,geolocated national model-support node,"place and coordinate are external records; node role, sink weight and any later flow are model inputs or estimates, not observed shipments",NF_EDFLOW_geolocated_network_expansion_v1_2_0_2026-08-31
GEO_MDG_1070940,Madagascar,MDG,Antananarivo,Antananarivo,47.53613,-18.91368,PPLC,major national hub,fish|vegetable,GeoNames cities5000 dump; CC BY 4.0,1070940,2025-05-18,geolocated national model-support node,"place and coordinate are external records; node role, sink weight and any later flow are model inputs or estimates, not observed shipments",NF_EDFLOW_geolocated_network_expansion_v1_2_0_2026-08-31
GEO_MDG_1053384,Madagascar,MDG,Toamasina,Toamasina,49.40234,-18.1492,PPLA,major national hub,fish|vegetable,GeoNames cities5000 dump; CC BY 4.0,1053384,2026-04-21,geolocated national model-support node,"place and coordinate are external records; node role, sink weight and any later flow are model inputs or estimates, not observed shipments",NF_EDFLOW_geolocated_network_expansion_v1_2_0_2026-08-31
GEO_MDG_1069166,Madagascar,MDG,Antsirabe,Antsirabe,47.03333,-19.86586,PPLA,major national hub,fish|vegetable,GeoNames cities5000 dump; CC BY 4.0,1069166,2026-04-14,geolocated national model-support node,"place and coordinate are external records; node role, sink weight and any later flow are model inputs or estimates, not observed shipments",NF_EDFLOW_geolocated_network_expansion_v1_2_0_2026-08-31
GEO_MDG_1062663,Madagascar,MDG,Mahajanga,Mahajanga,46.31667,-15.71667,PPLA,major national hub,fish|vegetable,GeoNames cities5000 dump; CC BY 4.0,1062663,2026-04-14,geolocated national model-support node,"place and coordinate are external records; node role, sink weight and any later flow are model inputs or estimates, not observed shipments",NF_EDFLOW_geolocated_network_expansion_v1_2_0_2026-08-31
GEO_MDG_1064890,Madagascar,MDG,Fianarantsoa,Fianarantsoa,47.08569,-21.45267,PPLA,major national hub,fish|vegetable,GeoNames cities5000 dump; CC BY 4.0,1064890,2026-04-14,geolocated national model-support node,"place and coordinate are external records; node role, sink weight and any later flow are model inputs or estimates, not observed shipments",NF_EDFLOW_geolocated_network_expansion_v1_2_0_2026-08-31
GEO_MDG_1055429,Madagascar,MDG,Toliara,Toliara,43.66667,-23.35,PPLA,candidate consumer or transit catchment,fish|vegetable,GeoNames cities5000 dump; CC BY 4.0,1055429,2026-04-14,geolocated national model-support node,"place and coordinate are external records; node role, sink weight and any later flow are model inputs or estimates, not observed shipments",NF_EDFLOW_geolocated_network_expansion_v1_2_0_2026-08-31
GEO_MDG_1069129,Madagascar,MDG,Antsiranana,Antsiranana,49.29188,-12.31732,PPLA,candidate consumer or transit catchment,fish|vegetable,GeoNames cities5000 dump; CC BY 4.0,1069129,2026-04-21,geolocated national model-support node,"place and coordinate are external records; node role, sink weight and any later flow are model inputs or estimates, not observed shipments",NF_EDFLOW_geolocated_network_expansion_v1_2_0_2026-08-31
GEO_MDG_1056899,Madagascar,MDG,Sambava,Sambava,50.16667,-14.26667,PPLA,candidate consumer or transit catchment,fish|vegetable,GeoNames cities5000 dump; CC BY 4.0,1056899,2026-04-14,geolocated national model-support node,"place and coordinate are external records; node role, sink weight and any later flow are model inputs or estimates, not observed shipments",NF_EDFLOW_geolocated_network_expansion_v1_2_0_2026-08-31
GEO_MDG_1055433,Madagascar,MDG,Tôlanaro,Tolanaro,46.98329,-25.03249,PPLA,candidate consumer or transit catchment,fish|vegetable,GeoNames cities5000 dump; CC BY 4.0,1055433,2026-04-21,geolocated national model-support node,"place and coordinate are external records; node role, sink weight and any later flow are model inputs or estimates, not observed shipments",NF_EDFLOW_geolocated_network_expansion_v1_2_0_2026-08-31
GEO_MDG_1079048,Madagascar,MDG,Ambovombe,Ambovombe,46.08722,-25.17838,PPLA,candidate consumer or transit catchment,fish|vegetable,GeoNames cities5000 dump; CC BY 4.0,1079048,2026-04-14,geolocated national model-support node,"place and coordinate are external records; node role, sink weight and any later flow are model inputs or estimates, not observed shipments",NF_EDFLOW_geolocated_network_expansion_v1_2_0_2026-08-31
GEO_MDG_1082243,Madagascar,MDG,Ambilobe,Ambilobe,49.05,-13.2,PPLA2,candidate consumer or transit catchment,fish|vegetable,GeoNames cities5000 dump; CC BY 4.0,1082243,2023-12-21,geolocated national model-support node,"place and coordinate are external records; node role, sink weight and any later flow are model inputs or estimates, not observed shipments",NF_EDFLOW_geolocated_network_expansion_v1_2_0_2026-08-31
GEO_MDG_1058381,Madagascar,MDG,Morondava,Morondava,44.31782,-20.28869,PPLA,candidate consumer or transit catchment,fish|vegetable,GeoNames cities5000 dump; CC BY 4.0,1058381,2026-04-14,geolocated national model-support node,"place and coordinate are external records; node role, sink weight and any later flow are model inputs or estimates, not observed shipments",NF_EDFLOW_geolocated_network_expansion_v1_2_0_2026-08-31
GEO_MDG_1082639,Madagascar,MDG,Ambatondrazaka,Ambatondrazaka,48.41667,-17.83333,PPLA,candidate consumer or transit catchment,fish|vegetable,GeoNames cities5000 dump; CC BY 4.0,1082639,2026-04-14,geolocated national model-support node,"place and coordinate are external records; node role, sink weight and any later flow are model inputs or estimates, not observed shipments",NF_EDFLOW_geolocated_network_expansion_v1_2_0_2026-08-31
GEO_MDG_1054463,Madagascar,MDG,Tsiroanomandidy,Tsiroanomandidy,46.04653,-18.76969,PPLA,candidate consumer or transit catchment,fish|vegetable,GeoNames cities5000 dump; CC BY 4.0,1054463,2026-04-14,geolocated national model-support node,"place and coordinate are external records; node role, sink weight and any later flow are model inputs or estimates, not observed shipments",NF_EDFLOW_geolocated_network_expansion_v1_2_0_2026-08-31
GEO_MDG_1061605,Madagascar,MDG,Manakara,Manakara,48.01055,-22.14862,PPLA,candidate consumer or transit catchment,fish|vegetable,GeoNames cities5000 dump; CC BY 4.0,1061605,2026-04-14,geolocated national model-support node,"place and coordinate are external records; node role, sink weight and any later flow are model inputs or estimates, not observed shipments",NF_EDFLOW_geolocated_network_expansion_v1_2_0_2026-08-31
GEO_MDG_1064980,Madagascar,MDG,Fenoarivo Atsinanana,Fenoarivo Atsinanana,49.40826,-17.38095,PPLA,candidate consumer or transit catchment,fish|vegetable,GeoNames cities5000 dump; CC BY 4.0,1064980,2026-04-14,geolocated national model-support node,"place and coordinate are external records; node role, sink weight and any later flow are model inputs or estimates, not observed shipments",NF_EDFLOW_geolocated_network_expansion_v1_2_0_2026-08-31
GEO_MDG_1079088,Madagascar,MDG,Ambositra,Ambositra,47.24344,-20.53034,PPLA,candidate consumer or transit catchment,fish|vegetable,GeoNames cities5000 dump; CC BY 4.0,1079088,2026-04-14,geolocated national model-support node,"place and coordinate are external records; node role, sink weight and any later flow are model inputs or estimates, not observed shipments",NF_EDFLOW_geolocated_network_expansion_v1_2_0_2026-08-31
GEO_MDG_1064275,Madagascar,MDG,Ihosy,Ihosy,46.12576,-22.40293,PPLA,candidate consumer or transit catchment,fish|vegetable,GeoNames cities5000 dump; CC BY 4.0,1064275,2026-04-14,geolocated national model-support node,"place and coordinate are external records; node role, sink weight and any later flow are model inputs or estimates, not observed shipments",NF_EDFLOW_geolocated_network_expansion_v1_2_0_2026-08-31
GEO_MDG_1068971,Madagascar,MDG,Antsohihy,Antsohihy,47.98751,-14.87959,PPLA,candidate consumer or transit catchment,fish|vegetable,GeoNames cities5000 dump; CC BY 4.0,1068971,2026-04-14,geolocated national model-support node,"place and coordinate are external records; node role, sink weight and any later flow are model inputs or estimates, not observed shipments",NF_EDFLOW_geolocated_network_expansion_v1_2_0_2026-08-31
GEO_MDG_1078553,Madagascar,MDG,Ampanihy,Ampanihy,44.74581,-24.6937,PPLA2,candidate consumer or transit catchment,fish|vegetable,GeoNames cities5000 dump; CC BY 4.0,1078553,2023-12-21,geolocated national model-support node,"place and coordinate are external records; node role, sink weight and any later flow are model inputs or estimates, not observed shipments",NF_EDFLOW_geolocated_network_expansion_v1_2_0_2026-08-31
GEO_MDG_1083239,Madagascar,MDG,Ambatofinandrahana,Ambatofinandrahana,46.80365,-20.55284,PPLA2,candidate consumer or transit catchment,fish|vegetable,GeoNames cities5000 dump; CC BY 4.0,1083239,2023-12-21,geolocated national model-support node,"place and coordinate are external records; node role, sink weight and any later flow are model inputs or estimates, not observed shipments",NF_EDFLOW_geolocated_network_expansion_v1_2_0_2026-08-31
GEO_MDG_1076194,Madagascar,MDG,Andilamena,Andilamena,48.57313,-17.01009,PPLA2,candidate consumer or transit catchment,fish|vegetable,GeoNames cities5000 dump; CC BY 4.0,1076194,2023-12-21,geolocated national model-support node,"place and coordinate are external records; node role, sink weight and any later flow are model inputs or estimates, not observed shipments",NF_EDFLOW_geolocated_network_expansion_v1_2_0_2026-08-31
GEO_MDG_1065158,Madagascar,MDG,Farafangana,Farafangana,47.82615,-22.82223,PPLA,candidate consumer or transit catchment,fish|vegetable,GeoNames cities5000 dump; CC BY 4.0,1065158,2026-04-14,geolocated national model-support node,"place and coordinate are external records; node role, sink weight and any later flow are model inputs or estimates, not observed shipments",NF_EDFLOW_geolocated_network_expansion_v1_2_0_2026-08-31
GEO_MDG_1078446,Madagascar,MDG,Amparafaravola,Amparafaravola,48.22391,-17.5876,PPLA2,candidate consumer or transit catchment,fish|vegetable,GeoNames cities5000 dump; CC BY 4.0,1078446,2023-12-21,geolocated national model-support node,"place and coordinate are external records; node role, sink weight and any later flow are model inputs or estimates, not observed shipments",NF_EDFLOW_geolocated_network_expansion_v1_2_0_2026-08-31
GEO_MDG_1062842,Madagascar,MDG,Maevatanana,Maevatanana,46.83333,-16.95,PPLA,candidate consumer or transit catchment,fish|vegetable,GeoNames cities5000 dump; CC BY 4.0,1062842,2026-04-14,geolocated national model-support node,"place and coordinate are external records; node role, sink weight and any later flow are model inputs or estimates, not observed shipments",NF_EDFLOW_geolocated_network_expansion_v1_2_0_2026-08-31
GEO_MDG_1061912,Madagascar,MDG,Maintirano,Maintirano,44.02951,-18.06354,PPLA,candidate consumer or transit catchment,fish|vegetable,GeoNames cities5000 dump; CC BY 4.0,1061912,2026-04-14,geolocated national model-support node,"place and coordinate are external records; node role, sink weight and any later flow are model inputs or estimates, not observed shipments",NF_EDFLOW_geolocated_network_expansion_v1_2_0_2026-08-31
GEO_MDG_1059011,Madagascar,MDG,Miarinarivo,Miarinarivo,46.90553,-18.95873,PPLA,candidate consumer or transit catchment,fish|vegetable,GeoNames cities5000 dump; CC BY 4.0,1059011,2026-04-14,geolocated national model-support node,"place and coordinate are external records; node role, sink weight and any later flow are model inputs or estimates, not observed shipments",NF_EDFLOW_geolocated_network_expansion_v1_2_0_2026-08-31
GEO_MDG_1064121,Madagascar,MDG,Imerintsiatosika,Imerintsiatosika,47.31667,-18.98333,PPL,candidate consumer or transit catchment,fish|vegetable,GeoNames cities5000 dump; CC BY 4.0,1064121,2023-12-21,geolocated national model-support node,"place and coordinate are external records; node role, sink weight and any later flow are model inputs or estimates, not observed shipments",NF_EDFLOW_geolocated_network_expansion_v1_2_0_2026-08-31
GEO_MDG_1071296,Madagascar,MDG,Antalaha,Antalaha,50.27876,-14.90033,PPL,candidate consumer or transit catchment,fish|vegetable,GeoNames cities5000 dump; CC BY 4.0,1071296,2023-12-21,geolocated national model-support node,"place and coordinate are external records; node role, sink weight and any later flow are model inputs or estimates, not observed shipments",NF_EDFLOW_geolocated_network_expansion_v1_2_0_2026-08-31
GEO_MDG_1070661,Madagascar,MDG,Antanifotsy,Antanifotsy,47.31667,-19.65,PPL,candidate consumer or transit catchment,fish|vegetable,GeoNames cities5000 dump; CC BY 4.0,1070661,2023-06-30,geolocated national model-support node,"place and coordinate are external records; node role, sink weight and any later flow are model inputs or estimates, not observed shipments",NF_EDFLOW_geolocated_network_expansion_v1_2_0_2026-08-31
GEO_MLI_2460596,Mali,MLI,Bamako,Bamako,-7.97522,12.60915,PPLC,major national hub,fish|vegetable,GeoNames cities5000 dump; CC BY 4.0,2460596,2025-02-18,geolocated national model-support node,"place and coordinate are external records; node role, sink weight and any later flow are model inputs or estimates, not observed shipments",NF_EDFLOW_geolocated_network_expansion_v1_2_0_2026-08-31
GEO_MLI_2451185,Mali,MLI,Sikasso,Sikasso,-5.66654,11.31755,PPLA,major national hub,fish|vegetable,GeoNames cities5000 dump; CC BY 4.0,2451185,2026-04-14,geolocated national model-support node,"place and coordinate are external records; node role, sink weight and any later flow are model inputs or estimates, not observed shipments",NF_EDFLOW_geolocated_network_expansion_v1_2_0_2026-08-31
GEO_MLI_2454268,Mali,MLI,Koutiala,Koutiala,-5.46507,12.38723,PPLA2,major national hub,fish|vegetable,GeoNames cities5000 dump; CC BY 4.0,2454268,2025-02-18,geolocated national model-support node,"place and coordinate are external records; node role, sink weight and any later flow are model inputs or estimates, not observed shipments",NF_EDFLOW_geolocated_network_expansion_v1_2_0_2026-08-31
GEO_MLI_2451478,Mali,MLI,Ségou,Segou,-6.25947,13.44032,PPLA,major national hub,fish|vegetable,GeoNames cities5000 dump; CC BY 4.0,2451478,2026-04-14,geolocated national model-support node,"place and coordinate are external records; node role, sink weight and any later flow are model inputs or estimates, not observed shipments",NF_EDFLOW_geolocated_network_expansion_v1_2_0_2026-08-31
GEO_MLI_2455518,Mali,MLI,Kayes,Kayes,-11.44393,14.44776,PPLA,major national hub,fish|vegetable,GeoNames cities5000 dump; CC BY 4.0,2455518,2026-04-14,geolocated national model-support node,"place and coordinate are external records; node role, sink weight and any later flow are model inputs or estimates, not observed shipments",NF_EDFLOW_geolocated_network_expansion_v1_2_0_2026-08-31
GEO_MLI_2453348,Mali,MLI,Mopti,Mopti,-4.18296,14.4843,PPLA,candidate consumer or transit catchment,fish|vegetable,GeoNames cities5000 dump; CC BY 4.0,2453348,2026-04-14,geolocated national model-support node,"place and coordinate are external records; node role, sink weight and any later flow are model inputs or estimates, not observed shipments",NF_EDFLOW_geolocated_network_expansion_v1_2_0_2026-08-31
GEO_MLI_2457163,Mali,MLI,Gao,Gao,-0.04472,16.27167,PPLA,candidate consumer or transit catchment,fish|vegetable,GeoNames cities5000 dump; CC BY 4.0,2457163,2026-04-14,geolocated national model-support node,"place and coordinate are external records; node role, sink weight and any later flow are model inputs or estimates, not observed shipments",NF_EDFLOW_geolocated_network_expansion_v1_2_0_2026-08-31
GEO_MLI_2455558,Mali,MLI,Kati,Kati,-8.07257,12.74409,PPLA2,candidate consumer or transit catchment,fish|vegetable,GeoNames cities5000 dump; CC BY 4.0,2455558,2024-01-18,geolocated national model-support node,"place and coordinate are external records; node role, sink weight and any later flow are model inputs or estimates, not observed shipments",NF_EDFLOW_geolocated_network_expansion_v1_2_0_2026-08-31
GEO_MLI_2451778,Mali,MLI,San,San,-4.89627,13.29701,PPLA2,candidate consumer or transit catchment,fish|vegetable,GeoNames cities5000 dump; CC BY 4.0,2451778,2025-02-18,geolocated national model-support node,"place and coordinate are external records; node role, sink weight and any later flow are model inputs or estimates, not observed shipments",NF_EDFLOW_geolocated_network_expansion_v1_2_0_2026-08-31
GEO_MLI_2449067,Mali,MLI,Timbuktu,Timbuktu,-3.00742,16.77348,PPLA,candidate consumer or transit catchment,fish|vegetable,GeoNames cities5000 dump; CC BY 4.0,2449067,2026-04-14,geolocated national model-support node,"place and coordinate are external records; node role, sink weight and any later flow are model inputs or estimates, not observed shipments",NF_EDFLOW_geolocated_network_expansion_v1_2_0_2026-08-31
GEO_MLI_2455216,Mali,MLI,Kita,Kita,-9.48817,13.03885,PPLA2,candidate consumer or transit catchment,fish|vegetable,GeoNames cities5000 dump; CC BY 4.0,2455216,2025-02-18,geolocated national model-support node,"place and coordinate are external records; node role, sink weight and any later flow are model inputs or estimates, not observed shipments",NF_EDFLOW_geolocated_network_expansion_v1_2_0_2026-08-31
GEO_MLI_2454530,Mali,MLI,Koulikoro,Koulikoro,-7.55985,12.86273,PPLA,candidate consumer or transit catchment,fish|vegetable,GeoNames cities5000 dump; CC BY 4.0,2454530,2026-04-14,geolocated national model-support node,"place and coordinate are external records; node role, sink weight and any later flow are model inputs or estimates, not observed shipments",NF_EDFLOW_geolocated_network_expansion_v1_2_0_2026-08-31
GEO_MLI_2452655,Mali,MLI,Niono,Niono,-5.98679,14.25054,PPLA2,candidate consumer or transit catchment,fish|vegetable,GeoNames cities5000 dump; CC BY 4.0,2452655,2024-01-18,geolocated national model-support node,"place and coordinate are external records; node role, sink weight and any later flow are model inputs or estimates, not observed shipments",NF_EDFLOW_geolocated_network_expansion_v1_2_0_2026-08-31
GEO_MLI_2452651,Mali,MLI,Nioro,Nioro,-9.59356,15.23074,PPLA2,candidate consumer or transit catchment,fish|vegetable,GeoNames cities5000 dump; CC BY 4.0,2452651,2025-02-18,geolocated national model-support node,"place and coordinate are external records; node role, sink weight and any later flow are model inputs or estimates, not observed shipments",NF_EDFLOW_geolocated_network_expansion_v1_2_0_2026-08-31
GEO_MLI_2454955,Mali,MLI,Kolokani,Kolokani,-8.03267,13.57388,PPLA2,candidate consumer or transit catchment,fish|vegetable,GeoNames cities5000 dump; CC BY 4.0,2454955,2026-06-17,geolocated national model-support node,"place and coordinate are external records; node role, sink weight and any later flow are model inputs or estimates, not observed shipments",NF_EDFLOW_geolocated_network_expansion_v1_2_0_2026-08-31
GEO_MLI_2459657,Mali,MLI,Bourem,Bourem,-0.34861,16.955,PPLA2,candidate consumer or transit catchment,fish|vegetable,GeoNames cities5000 dump; CC BY 4.0,2459657,2024-01-18,geolocated national model-support node,"place and coordinate are external records; node role, sink weight and any later flow are model inputs or estimates, not observed shipments",NF_EDFLOW_geolocated_network_expansion_v1_2_0_2026-08-31
GEO_MLI_2455290,Mali,MLI,Kidal,Kidal,1.40921,18.44345,PPLA,candidate consumer or transit catchment,fish|vegetable,GeoNames cities5000 dump; CC BY 4.0,2455290,2026-04-14,geolocated national model-support node,"place and coordinate are external records; node role, sink weight and any later flow are model inputs or estimates, not observed shipments",NF_EDFLOW_geolocated_network_expansion_v1_2_0_2026-08-31
GEO_MLI_2455974,Mali,MLI,Kadiolo,Kadiolo,-5.76667,10.55,PPLA2,candidate consumer or transit catchment,fish|vegetable,GeoNames cities5000 dump; CC BY 4.0,2455974,2024-01-18,geolocated national model-support node,"place and coordinate are external records; node role, sink weight and any later flow are model inputs or estimates, not observed shipments",NF_EDFLOW_geolocated_network_expansion_v1_2_0_2026-08-31
GEO_MLI_2458334,Mali,MLI,Douentza,Douentza,-2.9517,15.00605,PPLA2,candidate consumer or transit catchment,fish|vegetable,GeoNames cities5000 dump; CC BY 4.0,2458334,2025-02-18,geolocated national model-support node,"place and coordinate are external records; node role, sink weight and any later flow are model inputs or estimates, not observed shipments",NF_EDFLOW_geolocated_network_expansion_v1_2_0_2026-08-31
GEO_MLI_2460013,Mali,MLI,Bla,Bla,-5.75557,12.95083,PPLA2,candidate consumer or transit catchment,fish|vegetable,GeoNames cities5000 dump; CC BY 4.0,2460013,2026-06-17,geolocated national model-support node,"place and coordinate are external records; node role, sink weight and any later flow are model inputs or estimates, not observed shipments",NF_EDFLOW_geolocated_network_expansion_v1_2_0_2026-08-31
GEO_MLI_2458623,Mali,MLI,Diré,Dire,-3.40126,16.25705,PPLA2,candidate consumer or transit catchment,fish|vegetable,GeoNames cities5000 dump; CC BY 4.0,2458623,2024-01-18,geolocated national model-support node,"place and coordinate are external records; node role, sink weight and any later flow are model inputs or estimates, not observed shipments",NF_EDFLOW_geolocated_network_expansion_v1_2_0_2026-08-31
GEO_MLI_2458881,Mali,MLI,Diéma,Diema,-9.1921,14.54,PPLA2,candidate consumer or transit catchment,fish|vegetable,GeoNames cities5000 dump; CC BY 4.0,2458881,2024-04-11,geolocated national model-support node,"place and coordinate are external records; node role, sink weight and any later flow are model inputs or estimates, not observed shipments",NF_EDFLOW_geolocated_network_expansion_v1_2_0_2026-08-31
GEO_MLI_2460546,Mali,MLI,Banamba,Banamba,-7.44808,13.54773,PPLA2,candidate consumer or transit catchment,fish|vegetable,GeoNames cities5000 dump; CC BY 4.0,2460546,2021-03-08,geolocated national model-support node,"place and coordinate are external records; node role, sink weight and any later flow are model inputs or estimates, not observed shipments",NF_EDFLOW_geolocated_network_expansion_v1_2_0_2026-08-31
GEO_MLI_2460401,Mali,MLI,Bankass,Bankass,-3.51594,14.0775,PPLA2,candidate consumer or transit catchment,fish|vegetable,GeoNames cities5000 dump; CC BY 4.0,2460401,2025-09-07,geolocated national model-support node,"place and coordinate are external records; node role, sink weight and any later flow are model inputs or estimates, not observed shipments",NF_EDFLOW_geolocated_network_expansion_v1_2_0_2026-08-31
GEO_MLI_2460755,Mali,MLI,Bafoulabé,Bafoulabe,-10.83344,13.80843,PPLA2,candidate consumer or transit catchment,fish|vegetable,GeoNames cities5000 dump; CC BY 4.0,2460755,2026-04-17,geolocated national model-support node,"place and coordinate are external records; node role, sink weight and any later flow are model inputs or estimates, not observed shipments",NF_EDFLOW_geolocated_network_expansion_v1_2_0_2026-08-31
GEO_MLI_2454674,Mali,MLI,Koro,Koro,-3.07539,14.064,PPLA2,candidate consumer or transit catchment,fish|vegetable,GeoNames cities5000 dump; CC BY 4.0,2454674,2024-01-18,geolocated national model-support node,"place and coordinate are external records; node role, sink weight and any later flow are model inputs or estimates, not observed shipments",NF_EDFLOW_geolocated_network_expansion_v1_2_0_2026-08-31
GEO_MLI_2448518,Mali,MLI,Yanfolila,Yanfolila,-8.15,11.18333,PPLA2,candidate consumer or transit catchment,fish|vegetable,GeoNames cities5000 dump; CC BY 4.0,2448518,2024-01-18,geolocated national model-support node,"place and coordinate are external records; node role, sink weight and any later flow are model inputs or estimates, not observed shipments",NF_EDFLOW_geolocated_network_expansion_v1_2_0_2026-08-31
GEO_MLI_2453079,Mali,MLI,Nara,Nara,-7.28985,15.16931,PPLA2,candidate consumer or transit catchment,fish|vegetable,GeoNames cities5000 dump; CC BY 4.0,2453079,2025-02-18,geolocated national model-support node,"place and coordinate are external records; node role, sink weight and any later flow are model inputs or estimates, not observed shipments",NF_EDFLOW_geolocated_network_expansion_v1_2_0_2026-08-31
GEO_MLI_2458747,Mali,MLI,Dioïla,Dioila,-6.80313,12.48735,PPLA2,candidate consumer or transit catchment,fish|vegetable,GeoNames cities5000 dump; CC BY 4.0,2458747,2025-02-18,geolocated national model-support node,"place and coordinate are external records; node role, sink weight and any later flow are model inputs or estimates, not observed shipments",NF_EDFLOW_geolocated_network_expansion_v1_2_0_2026-08-31
GEO_MLI_2456917,Mali,MLI,Goundam,Goundam,-3.67075,16.41453,PPLA2,candidate consumer or transit catchment,fish|vegetable,GeoNames cities5000 dump; CC BY 4.0,2456917,2024-01-18,geolocated national model-support node,"place and coordinate are external records; node role, sink weight and any later flow are model inputs or estimates, not observed shipments",NF_EDFLOW_geolocated_network_expansion_v1_2_0_2026-08-31
GEO_MLI_2448442,Mali,MLI,Yorosso,Yorosso,-4.77688,12.35811,PPLA2,candidate consumer or transit catchment,fish|vegetable,GeoNames cities5000 dump; CC BY 4.0,2448442,2021-03-10,geolocated national model-support node,"place and coordinate are external records; node role, sink weight and any later flow are model inputs or estimates, not observed shipments",NF_EDFLOW_geolocated_network_expansion_v1_2_0_2026-08-31
GEO_MLI_2455735,Mali,MLI,Kangaba,Kangaba,-8.41667,11.93333,PPLA2,candidate consumer or transit catchment,fish|vegetable,GeoNames cities5000 dump; CC BY 4.0,2455735,2013-11-09,geolocated national model-support node,"place and coordinate are external records; node role, sink weight and any later flow are model inputs or estimates, not observed shipments",NF_EDFLOW_geolocated_network_expansion_v1_2_0_2026-08-31
GEO_MLI_2455465,Mali,MLI,Ké-Macina,Ke-Macina,-5.35791,13.9641,PPLA2,candidate consumer or transit catchment,fish|vegetable,GeoNames cities5000 dump; CC BY 4.0,2455465,2021-04-09,geolocated national model-support node,"place and coordinate are external records; node role, sink weight and any later flow are model inputs or estimates, not observed shipments",NF_EDFLOW_geolocated_network_expansion_v1_2_0_2026-08-31
GEO_MLI_2453514,Mali,MLI,Ménaka,Menaka,2.39609,15.91985,PPLA,candidate consumer or transit catchment,fish|vegetable,GeoNames cities5000 dump; CC BY 4.0,2453514,2026-04-14,geolocated national model-support node,"place and coordinate are external records; node role, sink weight and any later flow are model inputs or estimates, not observed shipments",NF_EDFLOW_geolocated_network_expansion_v1_2_0_2026-08-31
GEO_MLI_2454934,Mali,MLI,Kolondiéba,Kolondieba,-6.8929,11.08943,PPLA2,candidate consumer or transit catchment,fish|vegetable,GeoNames cities5000 dump; CC BY 4.0,2454934,2021-03-09,geolocated national model-support node,"place and coordinate are external records; node role, sink weight and any later flow are model inputs or estimates, not observed shipments",NF_EDFLOW_geolocated_network_expansion_v1_2_0_2026-08-31
GEO_MLI_2449938,Mali,MLI,Ténenkou,Tenenkou,-4.9169,14.45722,PPLA2,candidate consumer or transit catchment,fish|vegetable,GeoNames cities5000 dump; CC BY 4.0,2449938,2021-03-10,geolocated national model-support node,"place and coordinate are external records; node role, sink weight and any later flow are model inputs or estimates, not observed shipments",NF_EDFLOW_geolocated_network_expansion_v1_2_0_2026-08-31
GEO_MLI_2452830,Mali,MLI,Niafunké,Niafunke,-3.9906,15.9322,PPLA2,candidate consumer or transit catchment,fish|vegetable,GeoNames cities5000 dump; CC BY 4.0,2452830,2021-03-09,geolocated national model-support node,"place and coordinate are external records; node role, sink weight and any later flow are model inputs or estimates, not observed shipments",NF_EDFLOW_geolocated_network_expansion_v1_2_0_2026-08-31
GEO_MLI_2450173,Mali,MLI,Taoudenni,Taoudenni,-3.97922,22.67691,PPLA,candidate consumer or transit catchment,fish|vegetable,GeoNames cities5000 dump; CC BY 4.0,2450173,2026-04-14,geolocated national model-support node,"place and coordinate are external records; node role, sink weight and any later flow are model inputs or estimates, not observed shipments",NF_EDFLOW_geolocated_network_expansion_v1_2_0_2026-08-31
GEO_MLI_2455914,Mali,MLI,Kalaban Koro,Kalaban Koro,-8.02907,12.57329,PPL,candidate consumer or transit catchment,fish|vegetable,GeoNames cities5000 dump; CC BY 4.0,2455914,2024-01-18,geolocated national model-support node,"place and coordinate are external records; node role, sink weight and any later flow are model inputs or estimates, not observed shipments",NF_EDFLOW_geolocated_network_expansion_v1_2_0_2026-08-31
GEO_MLI_2459775,Mali,MLI,Bougouni,Bougouni,-7.48323,11.41769,PPL,candidate consumer or transit catchment,fish|vegetable,GeoNames cities5000 dump; CC BY 4.0,2459775,2024-01-18,geolocated national model-support node,"place and coordinate are external records; node role, sink weight and any later flow are model inputs or estimates, not observed shipments",NF_EDFLOW_geolocated_network_expansion_v1_2_0_2026-08-31
GEO_MLI_2594078,Mali,MLI,Dialakorodji,Dialakorodji,-7.96463,12.70354,PPL,candidate consumer or transit catchment,fish|vegetable,GeoNames cities5000 dump; CC BY 4.0,2594078,2024-01-18,geolocated national model-support node,"place and coordinate are external records; node role, sink weight and any later flow are model inputs or estimates, not observed shipments",NF_EDFLOW_geolocated_network_expansion_v1_2_0_2026-08-31
GEO_MLI_2457763,Mali,MLI,Fana,Fana,-6.9564,12.7787,PPL,candidate consumer or transit catchment,fish|vegetable,GeoNames cities5000 dump; CC BY 4.0,2457763,2024-01-18,geolocated national model-support node,"place and coordinate are external records; node role, sink weight and any later flow are model inputs or estimates, not observed shipments",NF_EDFLOW_geolocated_network_expansion_v1_2_0_2026-08-31
GEO_MLI_2453662,Mali,MLI,Markala,Markala,-6.07352,13.68427,PPL,candidate consumer or transit catchment,fish|vegetable,GeoNames cities5000 dump; CC BY 4.0,2453662,2021-03-09,geolocated national model-support node,"place and coordinate are external records; node role, sink weight and any later flow are model inputs or estimates, not observed shipments",NF_EDFLOW_geolocated_network_expansion_v1_2_0_2026-08-31
GEO_MLI_2457410,Mali,MLI,Pèlèngana,Pelengana,-6.222,13.4274,PPL,candidate consumer or transit catchment,fish|vegetable,GeoNames cities5000 dump; CC BY 4.0,2457410,2024-01-18,geolocated national model-support node,"place and coordinate are external records; node role, sink weight and any later flow are model inputs or estimates, not observed shipments",NF_EDFLOW_geolocated_network_expansion_v1_2_0_2026-08-31
GEO_MLI_12718651,Mali,MLI,Sangarébougou,Sangarebougou,-7.90268,12.70581,PPL,candidate consumer or transit catchment,fish|vegetable,GeoNames cities5000 dump; CC BY 4.0,12718651,2024-01-18,geolocated national model-support node,"place and coordinate are external records; node role, sink weight and any later flow are model inputs or estimates, not observed shipments",NF_EDFLOW_geolocated_network_expansion_v1_2_0_2026-08-31
GEO_MLI_12718650,Mali,MLI,Massiogo,Massiogo,-6.10972,10.30635,PPL,candidate consumer or transit catchment,fish|vegetable,GeoNames cities5000 dump; CC BY 4.0,12718650,2024-01-18,geolocated national model-support node,"place and coordinate are external records; node role, sink weight and any later flow are model inputs or estimates, not observed shipments",NF_EDFLOW_geolocated_network_expansion_v1_2_0_2026-08-31
GEO_MLI_2458589,Mali,MLI,Djenné,Djenne,-4.55332,13.90608,PPL,candidate consumer or transit catchment,fish|vegetable,GeoNames cities5000 dump; CC BY 4.0,2458589,2026-08-30,geolocated national model-support node,"place and coordinate are external records; node role, sink weight and any later flow are model inputs or estimates, not observed shipments",NF_EDFLOW_geolocated_network_expansion_v1_2_0_2026-08-31
GEO_MLI_2453776,Mali,MLI,Moninnpébougou,Moninnpebougou,-5.5209,14.1508,PPL,candidate consumer or transit catchment,fish|vegetable,GeoNames cities5000 dump; CC BY 4.0,2453776,2025-05-06,geolocated national model-support node,"place and coordinate are external records; node role, sink weight and any later flow are model inputs or estimates, not observed shipments",NF_EDFLOW_geolocated_network_expansion_v1_2_0_2026-08-31
GEO_MLI_2448322,Mali,MLI,Zégoua,Zegoua,-5.64943,10.48804,PPL,candidate consumer or transit catchment,fish|vegetable,GeoNames cities5000 dump; CC BY 4.0,2448322,2024-01-29,geolocated national model-support node,"place and coordinate are external records; node role, sink weight and any later flow are model inputs or estimates, not observed shipments",NF_EDFLOW_geolocated_network_expansion_v1_2_0_2026-08-31
GEO_MLI_2460584,Mali,MLI,Bamba,Bamba,-7.15,10.38333,PPL,candidate consumer or transit catchment,fish|vegetable,GeoNames cities5000 dump; CC BY 4.0,2460584,2026-02-17,geolocated national model-support node,"place and coordinate are external records; node role, sink weight and any later flow are model inputs or estimates, not observed shipments",NF_EDFLOW_geolocated_network_expansion_v1_2_0_2026-08-31
GEO_MLI_2453927,Mali,MLI,Mahina,Mahina,-10.0986,13.9044,PPL,candidate consumer or transit catchment,fish|vegetable,GeoNames cities5000 dump; CC BY 4.0,2453927,2025-10-07,geolocated national model-support node,"place and coordinate are external records; node role, sink weight and any later flow are model inputs or estimates, not observed shipments",NF_EDFLOW_geolocated_network_expansion_v1_2_0_2026-08-31
GEO_MLI_2451241,Mali,MLI,Sibi,Sibi,-8.33487,12.37549,PPL,candidate consumer or transit catchment,fish|vegetable,GeoNames cities5000 dump; CC BY 4.0,2451241,2026-02-17,geolocated national model-support node,"place and coordinate are external records; node role, sink weight and any later flow are model inputs or estimates, not observed shipments",NF_EDFLOW_geolocated_network_expansion_v1_2_0_2026-08-31
GEO_MLI_2458634,Mali,MLI,Diourou,Diourou,-5.83203,13.68719,PPL,candidate consumer or transit catchment,fish|vegetable,GeoNames cities5000 dump; CC BY 4.0,2458634,2024-01-18,geolocated national model-support node,"place and coordinate are external records; node role, sink weight and any later flow are model inputs or estimates, not observed shipments",NF_EDFLOW_geolocated_network_expansion_v1_2_0_2026-08-31
GEO_MLI_2460489,Mali,MLI,Bandiagara,Bandiagara,-3.61038,14.35005,PPL,candidate consumer or transit catchment,fish|vegetable,GeoNames cities5000 dump; CC BY 4.0,2460489,2024-01-18,geolocated national model-support node,"place and coordinate are external records; node role, sink weight and any later flow are model inputs or estimates, not observed shipments",NF_EDFLOW_geolocated_network_expansion_v1_2_0_2026-08-31
GEO_MLI_2458359,Mali,MLI,Dougabougou,Dougabougou,-6.12057,13.82049,PPL,candidate consumer or transit catchment,fish|vegetable,GeoNames cities5000 dump; CC BY 4.0,2458359,2024-01-18,geolocated national model-support node,"place and coordinate are external records; node role, sink weight and any later flow are model inputs or estimates, not observed shipments",NF_EDFLOW_geolocated_network_expansion_v1_2_0_2026-08-31
GEO_MLI_2450972,Mali,MLI,Siribala Coro,Siribala Coro,-6.1067,14.0432,PPL,candidate consumer or transit catchment,fish|vegetable,GeoNames cities5000 dump; CC BY 4.0,2450972,2024-01-18,geolocated national model-support node,"place and coordinate are external records; node role, sink weight and any later flow are model inputs or estimates, not observed shipments",NF_EDFLOW_geolocated_network_expansion_v1_2_0_2026-08-31
GEO_MLI_2456018,Mali,MLI,Kabala,Kabala,-8.03927,12.52549,PPL,candidate consumer or transit catchment,fish|vegetable,GeoNames cities5000 dump; CC BY 4.0,2456018,2024-01-18,geolocated national model-support node,"place and coordinate are external records; node role, sink weight and any later flow are model inputs or estimates, not observed shipments",NF_EDFLOW_geolocated_network_expansion_v1_2_0_2026-08-31
GEO_MLI_2457430,Mali,MLI,Finnkolo,Finnkolo,-5.51054,11.26822,PPL,candidate consumer or transit catchment,fish|vegetable,GeoNames cities5000 dump; CC BY 4.0,2457430,2026-02-17,geolocated national model-support node,"place and coordinate are external records; node role, sink weight and any later flow are model inputs or estimates, not observed shipments",NF_EDFLOW_geolocated_network_expansion_v1_2_0_2026-08-31
GEO_MLI_2453681,Mali,MLI,Moribabougou,Moribabougou,-7.86378,12.68672,PPL,candidate consumer or transit catchment,fish|vegetable,GeoNames cities5000 dump; CC BY 4.0,2453681,2024-01-18,geolocated national model-support node,"place and coordinate are external records; node role, sink weight and any later flow are model inputs or estimates, not observed shipments",NF_EDFLOW_geolocated_network_expansion_v1_2_0_2026-08-31
GEO_MLI_2454285,Mali,MLI,Kouri,Kouri,-4.80284,12.18396,PPL,candidate consumer or transit catchment,fish|vegetable,GeoNames cities5000 dump; CC BY 4.0,2454285,2024-01-18,geolocated national model-support node,"place and coordinate are external records; node role, sink weight and any later flow are model inputs or estimates, not observed shipments",NF_EDFLOW_geolocated_network_expansion_v1_2_0_2026-08-31
GEO_MLI_2451029,Mali,MLI,Sirakoro Méguétana,Sirakoro Meguetana,-7.91551,12.56439,PPL,candidate consumer or transit catchment,fish|vegetable,GeoNames cities5000 dump; CC BY 4.0,2451029,2024-01-18,geolocated national model-support node,"place and coordinate are external records; node role, sink weight and any later flow are model inputs or estimates, not observed shipments",NF_EDFLOW_geolocated_network_expansion_v1_2_0_2026-08-31
GEO_MLI_2596484,Mali,MLI,I-n-Tillit,I-n-Tillit,-0.46056,15.54611,PPL,candidate consumer or transit catchment,fish|vegetable,GeoNames cities5000 dump; CC BY 4.0,2596484,2026-02-17,geolocated national model-support node,"place and coordinate are external records; node role, sink weight and any later flow are model inputs or estimates, not observed shipments",NF_EDFLOW_geolocated_network_expansion_v1_2_0_2026-08-31
GEO_MLI_2448955,Mali,MLI,Toubakoura,Toubakoura,-7.38278,13.4637,PPL,candidate consumer or transit catchment,fish|vegetable,GeoNames cities5000 dump; CC BY 4.0,2448955,2024-01-18,geolocated national model-support node,"place and coordinate are external records; node role, sink weight and any later flow are model inputs or estimates, not observed shipments",NF_EDFLOW_geolocated_network_expansion_v1_2_0_2026-08-31
GEO_MLI_2461034,Mali,MLI,Andéranboukan,Anderanboukan,3.0175,15.4275,PPL,candidate consumer or transit catchment,fish|vegetable,GeoNames cities5000 dump; CC BY 4.0,2461034,2026-04-30,geolocated national model-support node,"place and coordinate are external records; node role, sink weight and any later flow are model inputs or estimates, not observed shipments",NF_EDFLOW_geolocated_network_expansion_v1_2_0_2026-08-31
GEO_MLI_2451935,Mali,MLI,Sagalo,Sagalo,-10.7,12.2,PPL,candidate consumer or transit catchment,fish|vegetable,GeoNames cities5000 dump; CC BY 4.0,2451935,2013-10-30,geolocated national model-support node,"place and coordinate are external records; node role, sink weight and any later flow are model inputs or estimates, not observed shipments",NF_EDFLOW_geolocated_network_expansion_v1_2_0_2026-08-31
GEO_MLI_10343856,Mali,MLI,Tessit,Tessit,-0.3,15.21667,PPL,candidate consumer or transit catchment,fish|vegetable,GeoNames cities5000 dump; CC BY 4.0,10343856,2026-02-17,geolocated national model-support node,"place and coordinate are external records; node role, sink weight and any later flow are model inputs or estimates, not observed shipments",NF_EDFLOW_geolocated_network_expansion_v1_2_0_2026-08-31
GEO_MLI_2455055,Mali,MLI,Kokofata,Kokofata,-9.95,12.88333,PPL,candidate consumer or transit catchment,fish|vegetable,GeoNames cities5000 dump; CC BY 4.0,2455055,2018-02-16,geolocated national model-support node,"place and coordinate are external records; node role, sink weight and any later flow are model inputs or estimates, not observed shipments",NF_EDFLOW_geolocated_network_expansion_v1_2_0_2026-08-31
GEO_MLI_2597438,Mali,MLI,Abdel Begrou,Abdel Begrou,-6.95056,15.4975,PPL,candidate consumer or transit catchment,fish|vegetable,GeoNames cities5000 dump; CC BY 4.0,2597438,2026-05-16,geolocated national model-support node,"place and coordinate are external records; node role, sink weight and any later flow are model inputs or estimates, not observed shipments",NF_EDFLOW_geolocated_network_expansion_v1_2_0_2026-08-31
GEO_MLI_2596483,Mali,MLI,Inékar,Inekar,3.14111,15.95944,PPL,candidate consumer or transit catchment,fish|vegetable,GeoNames cities5000 dump; CC BY 4.0,2596483,2025-04-15,geolocated national model-support node,"place and coordinate are external records; node role, sink weight and any later flow are model inputs or estimates, not observed shipments",NF_EDFLOW_geolocated_network_expansion_v1_2_0_2026-08-31
GEO_MLI_2452510,Mali,MLI,Ntossoni,Ntossoni,-5.77003,12.5304,PPL,candidate consumer or transit catchment,fish|vegetable,GeoNames cities5000 dump; CC BY 4.0,2452510,2016-07-03,geolocated national model-support node,"place and coordinate are external records; node role, sink weight and any later flow are model inputs or estimates, not observed shipments",NF_EDFLOW_geolocated_network_expansion_v1_2_0_2026-08-31
GEO_MLI_2461247,Mali,MLI,Aguelhok,Aguelhok,0.85889,19.46139,PPL,candidate consumer or transit catchment,fish|vegetable,GeoNames cities5000 dump; CC BY 4.0,2461247,2026-06-24,geolocated national model-support node,"place and coordinate are external records; node role, sink weight and any later flow are model inputs or estimates, not observed shipments",NF_EDFLOW_geolocated_network_expansion_v1_2_0_2026-08-31
GEO_MLI_2455456,Mali,MLI,Kinmparana,Kinmparana,-4.9245,12.84217,PPL,candidate consumer or transit catchment,fish|vegetable,GeoNames cities5000 dump; CC BY 4.0,2455456,2013-02-08,geolocated national model-support node,"place and coordinate are external records; node role, sink weight and any later flow are model inputs or estimates, not observed shipments",NF_EDFLOW_geolocated_network_expansion_v1_2_0_2026-08-31
GEO_MOZ_1040652,Mozambique,MOZ,Maputo,Maputo,32.58322,-25.96553,PPLC,major national hub,fish|vegetable,GeoNames cities5000 dump; CC BY 4.0,1040652,2024-01-18,geolocated national model-support node,"place and coordinate are external records; node role, sink weight and any later flow are model inputs or estimates, not observed shipments",NF_EDFLOW_geolocated_network_expansion_v1_2_0_2026-08-31
GEO_MOZ_1039854,Mozambique,MOZ,Matola,Matola,32.45889,-25.96222,PPLA,major national hub,fish|vegetable,GeoNames cities5000 dump; CC BY 4.0,1039854,2026-04-14,geolocated national model-support node,"place and coordinate are external records; node role, sink weight and any later flow are model inputs or estimates, not observed shipments",NF_EDFLOW_geolocated_network_expansion_v1_2_0_2026-08-31
GEO_MOZ_1033356,Mozambique,MOZ,Nampula,Nampula,39.2666,-15.11646,PPLA,major national hub,fish|vegetable,GeoNames cities5000 dump; CC BY 4.0,1033356,2026-04-14,geolocated national model-support node,"place and coordinate are external records; node role, sink weight and any later flow are model inputs or estimates, not observed shipments",NF_EDFLOW_geolocated_network_expansion_v1_2_0_2026-08-31
GEO_MOZ_1052373,Mozambique,MOZ,Beira,Beira,34.83889,-19.84361,PPLA,major national hub,fish|vegetable,GeoNames cities5000 dump; CC BY 4.0,1052373,2026-04-14,geolocated national model-support node,"place and coordinate are external records; node role, sink weight and any later flow are model inputs or estimates, not observed shipments",NF_EDFLOW_geolocated_network_expansion_v1_2_0_2026-08-31
GEO_MOZ_1049261,Mozambique,MOZ,Chimoio,Chimoio,33.48333,-19.11639,PPLA,major national hub,fish|vegetable,GeoNames cities5000 dump; CC BY 4.0,1049261,2026-04-14,geolocated national model-support node,"place and coordinate are external records; node role, sink weight and any later flow are model inputs or estimates, not observed shipments",NF_EDFLOW_geolocated_network_expansion_v1_2_0_2026-08-31
GEO_MOZ_1026014,Mozambique,MOZ,Tete,Tete,33.58667,-16.15639,PPLA,candidate consumer or transit catchment,fish|vegetable,GeoNames cities5000 dump; CC BY 4.0,1026014,2026-04-14,geolocated national model-support node,"place and coordinate are external records; node role, sink weight and any later flow are model inputs or estimates, not observed shipments",NF_EDFLOW_geolocated_network_expansion_v1_2_0_2026-08-31
GEO_MOZ_1028434,Mozambique,MOZ,Quelimane,Quelimane,36.88833,-17.87861,PPLA,candidate consumer or transit catchment,fish|vegetable,GeoNames cities5000 dump; CC BY 4.0,1028434,2026-04-14,geolocated national model-support node,"place and coordinate are external records; node role, sink weight and any later flow are model inputs or estimates, not observed shipments",NF_EDFLOW_geolocated_network_expansion_v1_2_0_2026-08-31
GEO_MOZ_1043893,Mozambique,MOZ,Lichinga,Lichinga,35.24056,-13.31278,PPLA,candidate consumer or transit catchment,fish|vegetable,GeoNames cities5000 dump; CC BY 4.0,1043893,2026-04-14,geolocated national model-support node,"place and coordinate are external records; node role, sink weight and any later flow are model inputs or estimates, not observed shipments",NF_EDFLOW_geolocated_network_expansion_v1_2_0_2026-08-31
GEO_MOZ_1028918,Mozambique,MOZ,Pemba,Pemba,40.51775,-12.97395,PPLA,candidate consumer or transit catchment,fish|vegetable,GeoNames cities5000 dump; CC BY 4.0,1028918,2026-04-14,geolocated national model-support node,"place and coordinate are external records; node role, sink weight and any later flow are model inputs or estimates, not observed shipments",NF_EDFLOW_geolocated_network_expansion_v1_2_0_2026-08-31
GEO_MOZ_1024552,Mozambique,MOZ,Xai-Xai,Xai-Xai,33.64417,-25.05194,PPLA,candidate consumer or transit catchment,fish|vegetable,GeoNames cities5000 dump; CC BY 4.0,1024552,2026-04-14,geolocated national model-support node,"place and coordinate are external records; node role, sink weight and any later flow are model inputs or estimates, not observed shipments",NF_EDFLOW_geolocated_network_expansion_v1_2_0_2026-08-31
GEO_MOZ_1045114,Mozambique,MOZ,Inhambane,Inhambane,35.38333,-23.865,PPLA,candidate consumer or transit catchment,fish|vegetable,GeoNames cities5000 dump; CC BY 4.0,1045114,2026-04-14,geolocated national model-support node,"place and coordinate are external records; node role, sink weight and any later flow are model inputs or estimates, not observed shipments",NF_EDFLOW_geolocated_network_expansion_v1_2_0_2026-08-31
GEO_MOZ_1040989,Mozambique,MOZ,Manhiça,Manhica,32.80722,-25.40222,PPLA2,candidate consumer or transit catchment,fish|vegetable,GeoNames cities5000 dump; CC BY 4.0,1040989,2024-01-18,geolocated national model-support node,"place and coordinate are external records; node role, sink weight and any later flow are model inputs or estimates, not observed shipments",NF_EDFLOW_geolocated_network_expansion_v1_2_0_2026-08-31
GEO_MOZ_1048364,Mozambique,MOZ,Chokwé,Chokwe,32.98333,-24.53333,PPLA2,candidate consumer or transit catchment,fish|vegetable,GeoNames cities5000 dump; CC BY 4.0,1048364,2017-04-25,geolocated national model-support node,"place and coordinate are external records; node role, sink weight and any later flow are model inputs or estimates, not observed shipments",NF_EDFLOW_geolocated_network_expansion_v1_2_0_2026-08-31
GEO_MOZ_1035025,Mozambique,MOZ,Nacala,Nacala,40.68538,-14.56257,PPL,candidate consumer or transit catchment,fish|vegetable,GeoNames cities5000 dump; CC BY 4.0,1035025,2024-01-18,geolocated national model-support node,"place and coordinate are external records; node role, sink weight and any later flow are model inputs or estimates, not observed shipments",NF_EDFLOW_geolocated_network_expansion_v1_2_0_2026-08-31
GEO_MOZ_1024694,Mozambique,MOZ,Mocuba,Mocuba,36.98556,-16.8375,PPL,candidate consumer or transit catchment,fish|vegetable,GeoNames cities5000 dump; CC BY 4.0,1024694,2024-01-18,geolocated national model-support node,"place and coordinate are external records; node role, sink weight and any later flow are model inputs or estimates, not observed shipments",NF_EDFLOW_geolocated_network_expansion_v1_2_0_2026-08-31
GEO_MOZ_1045512,Mozambique,MOZ,Gurúè,Gurue,36.97778,-15.46694,PPL,candidate consumer or transit catchment,fish|vegetable,GeoNames cities5000 dump; CC BY 4.0,1045512,2024-01-18,geolocated national model-support node,"place and coordinate are external records; node role, sink weight and any later flow are model inputs or estimates, not observed shipments",NF_EDFLOW_geolocated_network_expansion_v1_2_0_2026-08-31
GEO_MOZ_1039536,Mozambique,MOZ,Maxixe,Maxixe,35.34722,-23.85972,PPL,candidate consumer or transit catchment,fish|vegetable,GeoNames cities5000 dump; CC BY 4.0,1039536,2024-01-18,geolocated national model-support node,"place and coordinate are external records; node role, sink weight and any later flow are model inputs or estimates, not observed shipments",NF_EDFLOW_geolocated_network_expansion_v1_2_0_2026-08-31
GEO_MOZ_1041190,Mozambique,MOZ,Mandimba,Mandimba,35.65056,-14.3525,PPL,candidate consumer or transit catchment,fish|vegetable,GeoNames cities5000 dump; CC BY 4.0,1041190,2018-11-24,geolocated national model-support node,"place and coordinate are external records; node role, sink weight and any later flow are model inputs or estimates, not observed shipments",NF_EDFLOW_geolocated_network_expansion_v1_2_0_2026-08-31
GEO_MOZ_1028079,Mozambique,MOZ,Ressano Garcia,Ressano Garcia,31.99528,-25.44278,PPL,candidate consumer or transit catchment,fish|vegetable,GeoNames cities5000 dump; CC BY 4.0,1028079,2013-05-05,geolocated national model-support node,"place and coordinate are external records; node role, sink weight and any later flow are model inputs or estimates, not observed shipments",NF_EDFLOW_geolocated_network_expansion_v1_2_0_2026-08-31
GEO_MOZ_1052944,Mozambique,MOZ,Angoche,Angoche,39.90861,-16.2325,PPL,candidate consumer or transit catchment,fish|vegetable,GeoNames cities5000 dump; CC BY 4.0,1052944,2024-01-18,geolocated national model-support node,"place and coordinate are external records; node role, sink weight and any later flow are model inputs or estimates, not observed shipments",NF_EDFLOW_geolocated_network_expansion_v1_2_0_2026-08-31
GEO_MOZ_1047660,Mozambique,MOZ,Cuamba,Cuamba,36.53722,-14.80306,PPL,candidate consumer or transit catchment,fish|vegetable,GeoNames cities5000 dump; CC BY 4.0,1047660,2024-01-18,geolocated national model-support node,"place and coordinate are external records; node role, sink weight and any later flow are model inputs or estimates, not observed shipments",NF_EDFLOW_geolocated_network_expansion_v1_2_0_2026-08-31
GEO_MOZ_1037125,Mozambique,MOZ,Montepuez,Montepuez,38.99972,-13.12556,PPL,candidate consumer or transit catchment,fish|vegetable,GeoNames cities5000 dump; CC BY 4.0,1037125,2024-01-18,geolocated national model-support node,"place and coordinate are external records; node role, sink weight and any later flow are model inputs or estimates, not observed shipments",NF_EDFLOW_geolocated_network_expansion_v1_2_0_2026-08-31
GEO_MOZ_1024696,Mozambique,MOZ,Dondo,Dondo,34.74306,-19.60944,PPL,candidate consumer or transit catchment,fish|vegetable,GeoNames cities5000 dump; CC BY 4.0,1024696,2024-01-18,geolocated national model-support node,"place and coordinate are external records; node role, sink weight and any later flow are model inputs or estimates, not observed shipments",NF_EDFLOW_geolocated_network_expansion_v1_2_0_2026-08-31
GEO_MOZ_1049861,Mozambique,MOZ,Chibuto,Chibuto,33.53056,-24.68667,PPL,candidate consumer or transit catchment,fish|vegetable,GeoNames cities5000 dump; CC BY 4.0,1049861,2024-01-18,geolocated national model-support node,"place and coordinate are external records; node role, sink weight and any later flow are model inputs or estimates, not observed shipments",NF_EDFLOW_geolocated_network_expansion_v1_2_0_2026-08-31
GEO_MOZ_1037390,Mozambique,MOZ,Mozambique,Mozambique,40.73447,-15.03466,PPL,candidate consumer or transit catchment,fish|vegetable,GeoNames cities5000 dump; CC BY 4.0,1037390,2024-01-18,geolocated national model-support node,"place and coordinate are external records; node role, sink weight and any later flow are model inputs or estimates, not observed shipments",NF_EDFLOW_geolocated_network_expansion_v1_2_0_2026-08-31
GEO_MOZ_1033827,Mozambique,MOZ,Nametil,Nametil,39.3425,-15.72028,PPL,candidate consumer or transit catchment,fish|vegetable,GeoNames cities5000 dump; CC BY 4.0,1033827,2024-01-18,geolocated national model-support node,"place and coordinate are external records; node role, sink weight and any later flow are model inputs or estimates, not observed shipments",NF_EDFLOW_geolocated_network_expansion_v1_2_0_2026-08-31
GEO_MOZ_1037180,Mozambique,MOZ,Monapo,Monapo,40.30222,-14.91694,PPL,candidate consumer or transit catchment,fish|vegetable,GeoNames cities5000 dump; CC BY 4.0,1037180,2024-01-18,geolocated national model-support node,"place and coordinate are external records; node role, sink weight and any later flow are model inputs or estimates, not observed shipments",NF_EDFLOW_geolocated_network_expansion_v1_2_0_2026-08-31
GEO_MOZ_1053143,Mozambique,MOZ,Alto Molocue,Alto Molocue,37.68833,-15.63556,PPL,candidate consumer or transit catchment,fish|vegetable,GeoNames cities5000 dump; CC BY 4.0,1053143,2024-01-18,geolocated national model-support node,"place and coordinate are external records; node role, sink weight and any later flow are model inputs or estimates, not observed shipments",NF_EDFLOW_geolocated_network_expansion_v1_2_0_2026-08-31
GEO_MOZ_1040397,Mozambique,MOZ,Marromeu,Marromeu,35.94528,-18.29083,PPL,candidate consumer or transit catchment,fish|vegetable,GeoNames cities5000 dump; CC BY 4.0,1040397,2024-01-18,geolocated national model-support node,"place and coordinate are external records; node role, sink weight and any later flow are model inputs or estimates, not observed shipments",NF_EDFLOW_geolocated_network_expansion_v1_2_0_2026-08-31
GEO_MOZ_1024699,Mozambique,MOZ,Mocímboa da Praia,Mocimboa da Praia,40.35158,-11.35172,PPL,candidate consumer or transit catchment,fish|vegetable,GeoNames cities5000 dump; CC BY 4.0,1024699,2024-01-18,geolocated national model-support node,"place and coordinate are external records; node role, sink weight and any later flow are model inputs or estimates, not observed shipments",NF_EDFLOW_geolocated_network_expansion_v1_2_0_2026-08-31
GEO_MRT_2377450,Mauritania,MRT,Nouakchott,Nouakchott,-15.9785,18.08581,PPLC,major national hub,fish|vegetable,GeoNames cities5000 dump; CC BY 4.0,2377450,2024-01-18,geolocated national model-support node,"place and coordinate are external records; node role, sink weight and any later flow are model inputs or estimates, not observed shipments",NF_EDFLOW_geolocated_network_expansion_v1_2_0_2026-08-31
GEO_MRT_2377457,Mauritania,MRT,Nouadhibou,Nouadhibou,-17.03842,20.94188,PPLA,major national hub,fish|vegetable,GeoNames cities5000 dump; CC BY 4.0,2377457,2026-04-14,geolocated national model-support node,"place and coordinate are external records; node role, sink weight and any later flow are model inputs or estimates, not observed shipments",NF_EDFLOW_geolocated_network_expansion_v1_2_0_2026-08-31
GEO_MRT_2378538,Mauritania,MRT,Kiffa,Kiffa,-11.40208,16.62073,PPLA,major national hub,fish|vegetable,GeoNames cities5000 dump; CC BY 4.0,2378538,2026-04-14,geolocated national model-support node,"place and coordinate are external records; node role, sink weight and any later flow are model inputs or estimates, not observed shipments",NF_EDFLOW_geolocated_network_expansion_v1_2_0_2026-08-31
GEO_MRT_11496397,Mauritania,MRT,Dar Naim,Dar Naim,-15.92666,18.10808,PPLA,major national hub,fish|vegetable,GeoNames cities5000 dump; CC BY 4.0,11496397,2026-04-14,geolocated national model-support node,"place and coordinate are external records; node role, sink weight and any later flow are model inputs or estimates, not observed shipments",NF_EDFLOW_geolocated_network_expansion_v1_2_0_2026-08-31
GEO_MRT_2377539,Mauritania,MRT,Néma,Nema,-7.25649,16.61702,PPLA,major national hub,fish|vegetable,GeoNames cities5000 dump; CC BY 4.0,2377539,2026-04-14,geolocated national model-support node,"place and coordinate are external records; node role, sink weight and any later flow are model inputs or estimates, not observed shipments",NF_EDFLOW_geolocated_network_expansion_v1_2_0_2026-08-31
GEO_MRT_2378736,Mauritania,MRT,Kaédi,Kaedi,-13.50582,16.15071,PPLA,candidate consumer or transit catchment,fish|vegetable,GeoNames cities5000 dump; CC BY 4.0,2378736,2026-04-14,geolocated national model-support node,"place and coordinate are external records; node role, sink weight and any later flow are model inputs or estimates, not observed shipments",NF_EDFLOW_geolocated_network_expansion_v1_2_0_2026-08-31
GEO_MRT_2375558,Mauritania,MRT,Zouérat,Zouerat,-12.47134,22.73542,PPLA,candidate consumer or transit catchment,fish|vegetable,GeoNames cities5000 dump; CC BY 4.0,2375558,2026-04-14,geolocated national model-support node,"place and coordinate are external records; node role, sink weight and any later flow are model inputs or estimates, not observed shipments",NF_EDFLOW_geolocated_network_expansion_v1_2_0_2026-08-31
GEO_MRT_11009418,Mauritania,MRT,Tevragh Zeina,Tevragh Zeina,-15.98848,18.09894,PPLA,candidate consumer or transit catchment,fish|vegetable,GeoNames cities5000 dump; CC BY 4.0,11009418,2026-04-14,geolocated national model-support node,"place and coordinate are external records; node role, sink weight and any later flow are model inputs or estimates, not observed shipments",NF_EDFLOW_geolocated_network_expansion_v1_2_0_2026-08-31
GEO_MRT_2376719,Mauritania,MRT,Sélibaby,Selibaby,-12.1843,15.15846,PPLA,candidate consumer or transit catchment,fish|vegetable,GeoNames cities5000 dump; CC BY 4.0,2376719,2026-04-14,geolocated national model-support node,"place and coordinate are external records; node role, sink weight and any later flow are model inputs or estimates, not observed shipments",NF_EDFLOW_geolocated_network_expansion_v1_2_0_2026-08-31
GEO_MRT_2381334,Mauritania,MRT,Atar,Atar,-13.04637,20.51875,PPLA,candidate consumer or transit catchment,fish|vegetable,GeoNames cities5000 dump; CC BY 4.0,2381334,2026-04-14,geolocated national model-support node,"place and coordinate are external records; node role, sink weight and any later flow are model inputs or estimates, not observed shipments",NF_EDFLOW_geolocated_network_expansion_v1_2_0_2026-08-31
GEO_MRT_2381291,Mauritania,MRT,Ayoun El Atrous,Ayoun El Atrous,-9.6149,16.6614,PPLA,candidate consumer or transit catchment,fish|vegetable,GeoNames cities5000 dump; CC BY 4.0,2381291,2026-04-14,geolocated national model-support node,"place and coordinate are external records; node role, sink weight and any later flow are model inputs or estimates, not observed shipments",NF_EDFLOW_geolocated_network_expansion_v1_2_0_2026-08-31
GEO_MRT_2381659,Mauritania,MRT,Aleg,Aleg,-13.91312,17.05314,PPLA,candidate consumer or transit catchment,fish|vegetable,GeoNames cities5000 dump; CC BY 4.0,2381659,2026-04-14,geolocated national model-support node,"place and coordinate are external records; node role, sink weight and any later flow are model inputs or estimates, not observed shipments",NF_EDFLOW_geolocated_network_expansion_v1_2_0_2026-08-31
GEO_MRT_2376898,Mauritania,MRT,Rosso,Rosso,-15.80503,16.51378,PPLA,candidate consumer or transit catchment,fish|vegetable,GeoNames cities5000 dump; CC BY 4.0,2376898,2026-04-14,geolocated national model-support node,"place and coordinate are external records; node role, sink weight and any later flow are model inputs or estimates, not observed shipments",NF_EDFLOW_geolocated_network_expansion_v1_2_0_2026-08-31
GEO_MRT_2381690,Mauritania,MRT,Akjoujt,Akjoujt,-14.38534,19.74163,PPLA,candidate consumer or transit catchment,fish|vegetable,GeoNames cities5000 dump; CC BY 4.0,2381690,2026-04-14,geolocated national model-support node,"place and coordinate are external records; node role, sink weight and any later flow are model inputs or estimates, not observed shipments",NF_EDFLOW_geolocated_network_expansion_v1_2_0_2026-08-31
GEO_MRT_2376193,Mauritania,MRT,Tidjikja,Tidjikja,-11.42715,18.55644,PPLA,candidate consumer or transit catchment,fish|vegetable,GeoNames cities5000 dump; CC BY 4.0,2376193,2026-04-14,geolocated national model-support node,"place and coordinate are external records; node role, sink weight and any later flow are model inputs or estimates, not observed shipments",NF_EDFLOW_geolocated_network_expansion_v1_2_0_2026-08-31
GEO_MRT_2378000,Mauritania,MRT,Mederdra,Mederdra,-15.65646,16.92256,PPLA2,candidate consumer or transit catchment,fish|vegetable,GeoNames cities5000 dump; CC BY 4.0,2378000,2024-01-30,geolocated national model-support node,"place and coordinate are external records; node role, sink weight and any later flow are model inputs or estimates, not observed shipments",NF_EDFLOW_geolocated_network_expansion_v1_2_0_2026-08-31
GEO_MRT_9222766,Mauritania,MRT,Arafat,Arafat,-15.97194,18.04639,PPLA,candidate consumer or transit catchment,fish|vegetable,GeoNames cities5000 dump; CC BY 4.0,9222766,2026-04-14,geolocated national model-support node,"place and coordinate are external records; node role, sink weight and any later flow are model inputs or estimates, not observed shipments",NF_EDFLOW_geolocated_network_expansion_v1_2_0_2026-08-31
GEO_MRT_12718654,Mauritania,MRT,Mbera,Mbera,-5.79067,15.85615,PPL,candidate consumer or transit catchment,fish|vegetable,GeoNames cities5000 dump; CC BY 4.0,12718654,2024-01-18,geolocated national model-support node,"place and coordinate are external records; node role, sink weight and any later flow are model inputs or estimates, not observed shipments",NF_EDFLOW_geolocated_network_expansion_v1_2_0_2026-08-31
GEO_MRT_2595352,Mauritania,MRT,Ksar,Ksar,-15.9574,18.0995,PPL,candidate consumer or transit catchment,fish|vegetable,GeoNames cities5000 dump; CC BY 4.0,2595352,2026-01-13,geolocated national model-support node,"place and coordinate are external records; node role, sink weight and any later flow are model inputs or estimates, not observed shipments",NF_EDFLOW_geolocated_network_expansion_v1_2_0_2026-08-31
GEO_MRT_2380817,Mauritania,MRT,Bougadoum,Bougadoum,-7.36924,15.86702,PPL,candidate consumer or transit catchment,fish|vegetable,GeoNames cities5000 dump; CC BY 4.0,2380817,2026-02-04,geolocated national model-support node,"place and coordinate are external records; node role, sink weight and any later flow are model inputs or estimates, not observed shipments",NF_EDFLOW_geolocated_network_expansion_v1_2_0_2026-08-31
GEO_MRT_12718653,Mauritania,MRT,Guerou,Guerou,-12.03869,17.07754,PPL,candidate consumer or transit catchment,fish|vegetable,GeoNames cities5000 dump; CC BY 4.0,12718653,2024-01-18,geolocated national model-support node,"place and coordinate are external records; node role, sink weight and any later flow are model inputs or estimates, not observed shipments",NF_EDFLOW_geolocated_network_expansion_v1_2_0_2026-08-31
GEO_MRT_2380670,Mauritania,MRT,Boutilimitt,Boutilimitt,-14.69777,17.54584,PPL,candidate consumer or transit catchment,fish|vegetable,GeoNames cities5000 dump; CC BY 4.0,2380670,2025-09-09,geolocated national model-support node,"place and coordinate are external records; node role, sink weight and any later flow are model inputs or estimates, not observed shipments",NF_EDFLOW_geolocated_network_expansion_v1_2_0_2026-08-31
GEO_MRT_2380066,Mauritania,MRT,El ’Ayoûn,El 'Ayoun,-11.18004,15.55791,PPL,candidate consumer or transit catchment,fish|vegetable,GeoNames cities5000 dump; CC BY 4.0,2380066,2026-02-04,geolocated national model-support node,"place and coordinate are external records; node role, sink weight and any later flow are model inputs or estimates, not observed shipments",NF_EDFLOW_geolocated_network_expansion_v1_2_0_2026-08-31
GEO_MRT_2376189,Mauritania,MRT,Tékane,Tekane,-15.34866,16.60175,PPL,candidate consumer or transit catchment,fish|vegetable,GeoNames cities5000 dump; CC BY 4.0,2376189,2019-04-27,geolocated national model-support node,"place and coordinate are external records; node role, sink weight and any later flow are model inputs or estimates, not observed shipments",NF_EDFLOW_geolocated_network_expansion_v1_2_0_2026-08-31
GEO_MRT_2380954,Mauritania,MRT,Bogué,Bogue,-14.26309,16.59153,PPL,candidate consumer or transit catchment,fish|vegetable,GeoNames cities5000 dump; CC BY 4.0,2380954,2024-01-18,geolocated national model-support node,"place and coordinate are external records; node role, sink weight and any later flow are model inputs or estimates, not observed shipments",NF_EDFLOW_geolocated_network_expansion_v1_2_0_2026-08-31
GEO_MRT_2376115,Mauritania,MRT,Tembedgha,Tembedgha,-8.17321,16.24137,PPL,candidate consumer or transit catchment,fish|vegetable,GeoNames cities5000 dump; CC BY 4.0,2376115,2025-06-12,geolocated national model-support node,"place and coordinate are external records; node role, sink weight and any later flow are model inputs or estimates, not observed shipments",NF_EDFLOW_geolocated_network_expansion_v1_2_0_2026-08-31
GEO_MRT_6911696,Mauritania,MRT,Ṭinṭâne,Tintane,-10.1737,16.3946,PPL,candidate consumer or transit catchment,fish|vegetable,GeoNames cities5000 dump; CC BY 4.0,6911696,2024-01-18,geolocated national model-support node,"place and coordinate are external records; node role, sink weight and any later flow are model inputs or estimates, not observed shipments",NF_EDFLOW_geolocated_network_expansion_v1_2_0_2026-08-31
GEO_MRT_2376976,Mauritania,MRT,Elghabra,Elghabra,-12.67113,16.64713,PPL,candidate consumer or transit catchment,fish|vegetable,GeoNames cities5000 dump; CC BY 4.0,2376976,2026-01-13,geolocated national model-support node,"place and coordinate are external records; node role, sink weight and any later flow are model inputs or estimates, not observed shipments",NF_EDFLOW_geolocated_network_expansion_v1_2_0_2026-08-31
GEO_MRT_2378160,Mauritania,MRT,Magṭa‘ Laḥjar,Magta' Lahjar,-13.0927,17.506,PPL,candidate consumer or transit catchment,fish|vegetable,GeoNames cities5000 dump; CC BY 4.0,2378160,2024-01-18,geolocated national model-support node,"place and coordinate are external records; node role, sink weight and any later flow are model inputs or estimates, not observed shipments",NF_EDFLOW_geolocated_network_expansion_v1_2_0_2026-08-31
GEO_MRT_2380764,Mauritania,MRT,Bouly,Bouly,-11.80095,15.31753,PPL,candidate consumer or transit catchment,fish|vegetable,GeoNames cities5000 dump; CC BY 4.0,2380764,2026-02-04,geolocated national model-support node,"place and coordinate are external records; node role, sink weight and any later flow are model inputs or estimates, not observed shipments",NF_EDFLOW_geolocated_network_expansion_v1_2_0_2026-08-31
GEO_MUS_934154,Mauritius,MUS,Port Louis,Port Louis,57.49889,-20.16194,PPLC,major national hub,fish|vegetable,GeoNames cities5000 dump; CC BY 4.0,934154,2019-09-05,geolocated national model-support node,"place and coordinate are external records; node role, sink weight and any later flow are model inputs or estimates, not observed shipments",NF_EDFLOW_geolocated_network_expansion_v1_2_0_2026-08-31
GEO_MUS_934765,Mauritius,MUS,Beau Bassin-Rose Hill,Beau Bassin-Rose Hill,57.46609,-20.23325,PPLA,major national hub,fish|vegetable,GeoNames cities5000 dump; CC BY 4.0,934765,2026-04-14,geolocated national model-support node,"place and coordinate are external records; node role, sink weight and any later flow are model inputs or estimates, not observed shipments",NF_EDFLOW_geolocated_network_expansion_v1_2_0_2026-08-31
GEO_MUS_934631,Mauritius,MUS,Centre de Flacq,Centre de Flacq,57.71444,-20.18972,PPLA,major national hub,fish|vegetable,GeoNames cities5000 dump; CC BY 4.0,934631,2026-04-14,geolocated national model-support node,"place and coordinate are external records; node role, sink weight and any later flow are model inputs or estimates, not observed shipments",NF_EDFLOW_geolocated_network_expansion_v1_2_0_2026-08-31
GEO_MUS_934072,Mauritius,MUS,Rose Belle,Rose Belle,57.59667,-20.40028,PPLA,major national hub,fish|vegetable,GeoNames cities5000 dump; CC BY 4.0,934072,2026-04-14,geolocated national model-support node,"place and coordinate are external records; node role, sink weight and any later flow are model inputs or estimates, not observed shipments",NF_EDFLOW_geolocated_network_expansion_v1_2_0_2026-08-31
GEO_MUS_934091,Mauritius,MUS,Rivière du Rempart,Riviere du Rempart,57.68472,-20.10306,PPLA,major national hub,fish|vegetable,GeoNames cities5000 dump; CC BY 4.0,934091,2026-04-14,geolocated national model-support node,"place and coordinate are external records; node role, sink weight and any later flow are model inputs or estimates, not observed shipments",NF_EDFLOW_geolocated_network_expansion_v1_2_0_2026-08-31
GEO_MUS_934213,Mauritius,MUS,Pamplemousses,Pamplemousses,57.57028,-20.10389,PPLA,candidate consumer or transit catchment,fish|vegetable,GeoNames cities5000 dump; CC BY 4.0,934213,2026-04-14,geolocated national model-support node,"place and coordinate are external records; node role, sink weight and any later flow are model inputs or estimates, not observed shipments",NF_EDFLOW_geolocated_network_expansion_v1_2_0_2026-08-31
GEO_MUS_1545752,Mauritius,MUS,Port Mathurin,Port Mathurin,63.41667,-19.68333,PPLA,candidate consumer or transit catchment,fish|vegetable,GeoNames cities5000 dump; CC BY 4.0,1545752,2026-04-14,geolocated national model-support node,"place and coordinate are external records; node role, sink weight and any later flow are model inputs or estimates, not observed shipments",NF_EDFLOW_geolocated_network_expansion_v1_2_0_2026-08-31
GEO_MUS_934133,Mauritius,MUS,Quartier Militaire,Quartier Militaire,57.59737,-20.2479,PPLA,candidate consumer or transit catchment,fish|vegetable,GeoNames cities5000 dump; CC BY 4.0,934133,2026-04-14,geolocated national model-support node,"place and coordinate are external records; node role, sink weight and any later flow are model inputs or estimates, not observed shipments",NF_EDFLOW_geolocated_network_expansion_v1_2_0_2026-08-31
GEO_MUS_933995,Mauritius,MUS,Souillac,Souillac,57.51667,-20.51667,PPLA,candidate consumer or transit catchment,fish|vegetable,GeoNames cities5000 dump; CC BY 4.0,933995,2026-04-14,geolocated national model-support node,"place and coordinate are external records; node role, sink weight and any later flow are model inputs or estimates, not observed shipments",NF_EDFLOW_geolocated_network_expansion_v1_2_0_2026-08-31
GEO_MUS_933982,Mauritius,MUS,Tamarin,Tamarin,57.37056,-20.32556,PPLA,candidate consumer or transit catchment,fish|vegetable,GeoNames cities5000 dump; CC BY 4.0,933982,2026-04-14,geolocated national model-support node,"place and coordinate are external records; node role, sink weight and any later flow are model inputs or estimates, not observed shipments",NF_EDFLOW_geolocated_network_expansion_v1_2_0_2026-08-31
GEO_MUS_12022106,Mauritius,MUS,Vingt Cinq,Vingt Cinq,56.61795,-10.38803,PPLA,candidate consumer or transit catchment,fish|vegetable,GeoNames cities5000 dump; CC BY 4.0,12022106,2026-04-14,geolocated national model-support node,"place and coordinate are external records; node role, sink weight and any later flow are model inputs or estimates, not observed shipments",NF_EDFLOW_geolocated_network_expansion_v1_2_0_2026-08-31
GEO_MUS_8199111,Mauritius,MUS,Cargados Carajos,Cargados Carajos,59.65851,-16.60329,PPLA,candidate consumer or transit catchment,fish|vegetable,GeoNames cities5000 dump; CC BY 4.0,8199111,2026-04-14,geolocated national model-support node,"place and coordinate are external records; node role, sink weight and any later flow are model inputs or estimates, not observed shipments",NF_EDFLOW_geolocated_network_expansion_v1_2_0_2026-08-31
GEO_MUS_933945,Mauritius,MUS,Vacoas,Vacoas,57.47833,-20.29806,PPL,candidate consumer or transit catchment,fish|vegetable,GeoNames cities5000 dump; CC BY 4.0,933945,2023-02-01,geolocated national model-support node,"place and coordinate are external records; node role, sink weight and any later flow are model inputs or estimates, not observed shipments",NF_EDFLOW_geolocated_network_expansion_v1_2_0_2026-08-31
GEO_MUS_934570,Mauritius,MUS,Curepipe,Curepipe,57.52594,-20.31628,PPL,candidate consumer or transit catchment,fish|vegetable,GeoNames cities5000 dump; CC BY 4.0,934570,2023-02-01,geolocated national model-support node,"place and coordinate are external records; node role, sink weight and any later flow are model inputs or estimates, not observed shipments",NF_EDFLOW_geolocated_network_expansion_v1_2_0_2026-08-31
GEO_MUS_934131,Mauritius,MUS,Quatre Bornes,Quatre Bornes,57.4791,-20.26381,PPL,candidate consumer or transit catchment,fish|vegetable,GeoNames cities5000 dump; CC BY 4.0,934131,2023-02-01,geolocated national model-support node,"place and coordinate are external records; node role, sink weight and any later flow are model inputs or estimates, not observed shipments",NF_EDFLOW_geolocated_network_expansion_v1_2_0_2026-08-31
GEO_MUS_933959,Mauritius,MUS,Triolet,Triolet,57.55025,-20.0576,PPL,candidate consumer or transit catchment,fish|vegetable,GeoNames cities5000 dump; CC BY 4.0,933959,2024-01-18,geolocated national model-support node,"place and coordinate are external records; node role, sink weight and any later flow are model inputs or estimates, not observed shipments",NF_EDFLOW_geolocated_network_expansion_v1_2_0_2026-08-31
GEO_MUS_934488,Mauritius,MUS,Goodlands,Goodlands,57.65055,-20.03841,PPL,candidate consumer or transit catchment,fish|vegetable,GeoNames cities5000 dump; CC BY 4.0,934488,2026-08-30,geolocated national model-support node,"place and coordinate are external records; node role, sink weight and any later flow are model inputs or estimates, not observed shipments",NF_EDFLOW_geolocated_network_expansion_v1_2_0_2026-08-31
GEO_MUS_934750,Mauritius,MUS,Bel Air Rivière Sèche,Bel Air Riviere Seche,57.74976,-20.25777,PPL,candidate consumer or transit catchment,fish|vegetable,GeoNames cities5000 dump; CC BY 4.0,934750,2024-01-18,geolocated national model-support node,"place and coordinate are external records; node role, sink weight and any later flow are model inputs or estimates, not observed shipments",NF_EDFLOW_geolocated_network_expansion_v1_2_0_2026-08-31
GEO_MUS_934778,Mauritius,MUS,Bambous,Bambous,57.40611,-20.25667,PPL,candidate consumer or transit catchment,fish|vegetable,GeoNames cities5000 dump; CC BY 4.0,934778,2026-08-30,geolocated national model-support node,"place and coordinate are external records; node role, sink weight and any later flow are model inputs or estimates, not observed shipments",NF_EDFLOW_geolocated_network_expansion_v1_2_0_2026-08-31
GEO_MUS_934322,Mauritius,MUS,Mahébourg,Mahebourg,57.7,-20.40806,PPL,candidate consumer or transit catchment,fish|vegetable,GeoNames cities5000 dump; CC BY 4.0,934322,2012-01-18,geolocated national model-support node,"place and coordinate are external records; node role, sink weight and any later flow are model inputs or estimates, not observed shipments",NF_EDFLOW_geolocated_network_expansion_v1_2_0_2026-08-31
GEO_MUS_934032,Mauritius,MUS,Saint Pierre,Saint Pierre,57.53431,-20.2215,PPL,candidate consumer or transit catchment,fish|vegetable,GeoNames cities5000 dump; CC BY 4.0,934032,2024-01-18,geolocated national model-support node,"place and coordinate are external records; node role, sink weight and any later flow are model inputs or estimates, not observed shipments",NF_EDFLOW_geolocated_network_expansion_v1_2_0_2026-08-31
GEO_MUS_1106809,Mauritius,MUS,Le Hochet,Le Hochet,57.53013,-20.13859,PPL,candidate consumer or transit catchment,fish|vegetable,GeoNames cities5000 dump; CC BY 4.0,1106809,2024-01-18,geolocated national model-support node,"place and coordinate are external records; node role, sink weight and any later flow are model inputs or estimates, not observed shipments",NF_EDFLOW_geolocated_network_expansion_v1_2_0_2026-08-31
GEO_MUS_1106616,Mauritius,MUS,Baie du Tombeau,Baie du Tombeau,57.49139,-20.11944,PPL,candidate consumer or transit catchment,fish|vegetable,GeoNames cities5000 dump; CC BY 4.0,1106616,2024-01-18,geolocated national model-support node,"place and coordinate are external records; node role, sink weight and any later flow are model inputs or estimates, not observed shipments",NF_EDFLOW_geolocated_network_expansion_v1_2_0_2026-08-31
GEO_MUS_933953,Mauritius,MUS,Trou aux Biches,Trou aux Biches,57.55033,-20.03301,PPL,candidate consumer or transit catchment,fish|vegetable,GeoNames cities5000 dump; CC BY 4.0,933953,2025-07-01,geolocated national model-support node,"place and coordinate are external records; node role, sink weight and any later flow are model inputs or estimates, not observed shipments",NF_EDFLOW_geolocated_network_expansion_v1_2_0_2026-08-31
GEO_MUS_934614,Mauritius,MUS,Chemin Grenier,Chemin Grenier,57.46556,-20.48722,PPL,candidate consumer or transit catchment,fish|vegetable,GeoNames cities5000 dump; CC BY 4.0,934614,2013-08-24,geolocated national model-support node,"place and coordinate are external records; node role, sink weight and any later flow are model inputs or estimates, not observed shipments",NF_EDFLOW_geolocated_network_expansion_v1_2_0_2026-08-31
GEO_MUS_934482,Mauritius,MUS,Grand Baie,Grand Baie,57.58015,-20.01816,PPL,candidate consumer or transit catchment,fish|vegetable,GeoNames cities5000 dump; CC BY 4.0,934482,2024-01-18,geolocated national model-support node,"place and coordinate are external records; node role, sink weight and any later flow are model inputs or estimates, not observed shipments",NF_EDFLOW_geolocated_network_expansion_v1_2_0_2026-08-31
GEO_MUS_11205637,Mauritius,MUS,Lallmatie,Lallmatie,57.58017,-20.01839,PPL,candidate consumer or transit catchment,fish|vegetable,GeoNames cities5000 dump; CC BY 4.0,11205637,2025-07-01,geolocated national model-support node,"place and coordinate are external records; node role, sink weight and any later flow are model inputs or estimates, not observed shipments",NF_EDFLOW_geolocated_network_expansion_v1_2_0_2026-08-31
GEO_MUS_933974,Mauritius,MUS,Terre Rouge,Terre Rouge,57.53116,-20.1283,PPL,candidate consumer or transit catchment,fish|vegetable,GeoNames cities5000 dump; CC BY 4.0,933974,2024-01-18,geolocated national model-support node,"place and coordinate are external records; node role, sink weight and any later flow are model inputs or estimates, not observed shipments",NF_EDFLOW_geolocated_network_expansion_v1_2_0_2026-08-31
GEO_MUS_934240,Mauritius,MUS,New Grove,New Grove,57.61361,-20.40861,PPL,candidate consumer or transit catchment,fish|vegetable,GeoNames cities5000 dump; CC BY 4.0,934240,2024-01-18,geolocated national model-support node,"place and coordinate are external records; node role, sink weight and any later flow are model inputs or estimates, not observed shipments",NF_EDFLOW_geolocated_network_expansion_v1_2_0_2026-08-31
GEO_MUS_934169,Mauritius,MUS,Plaine Magnien,Plaine Magnien,57.66968,-20.42967,PPL,candidate consumer or transit catchment,fish|vegetable,GeoNames cities5000 dump; CC BY 4.0,934169,2014-08-18,geolocated national model-support node,"place and coordinate are external records; node role, sink weight and any later flow are model inputs or estimates, not observed shipments",NF_EDFLOW_geolocated_network_expansion_v1_2_0_2026-08-31
GEO_MWI_927967,Malawi,MWI,Lilongwe,Lilongwe,33.78725,-13.96692,PPLC,major national hub,fish|vegetable,GeoNames cities5000 dump; CC BY 4.0,927967,2024-01-18,geolocated national model-support node,"place and coordinate are external records; node role, sink weight and any later flow are model inputs or estimates, not observed shipments",NF_EDFLOW_geolocated_network_expansion_v1_2_0_2026-08-31
GEO_MWI_931755,Malawi,MWI,Blantyre,Blantyre,35.00854,-15.78499,PPLA,major national hub,fish|vegetable,GeoNames cities5000 dump; CC BY 4.0,931755,2026-04-14,geolocated national model-support node,"place and coordinate are external records; node role, sink weight and any later flow are model inputs or estimates, not observed shipments",NF_EDFLOW_geolocated_network_expansion_v1_2_0_2026-08-31
GEO_MWI_925475,Malawi,MWI,Mzuzu,Mzuzu,34.02071,-11.46556,PPLA,major national hub,fish|vegetable,GeoNames cities5000 dump; CC BY 4.0,925475,2026-04-14,geolocated national model-support node,"place and coordinate are external records; node role, sink weight and any later flow are model inputs or estimates, not observed shipments",NF_EDFLOW_geolocated_network_expansion_v1_2_0_2026-08-31
GEO_MWI_923295,Malawi,MWI,Zomba,Zomba,35.3188,-15.38596,PPLA2,major national hub,fish|vegetable,GeoNames cities5000 dump; CC BY 4.0,923295,2024-01-18,geolocated national model-support node,"place and coordinate are external records; node role, sink weight and any later flow are model inputs or estimates, not observed shipments",NF_EDFLOW_geolocated_network_expansion_v1_2_0_2026-08-31
GEO_MWI_235715,Malawi,MWI,Karonga,Karonga,33.93333,-9.93333,PPLA2,major national hub,fish|vegetable,GeoNames cities5000 dump; CC BY 4.0,235715,2024-01-18,geolocated national model-support node,"place and coordinate are external records; node role, sink weight and any later flow are model inputs or estimates, not observed shipments",NF_EDFLOW_geolocated_network_expansion_v1_2_0_2026-08-31
GEO_MWI_928534,Malawi,MWI,Kasungu,Kasungu,33.48333,-13.03333,PPLA2,candidate consumer or transit catchment,fish|vegetable,GeoNames cities5000 dump; CC BY 4.0,928534,2024-01-18,geolocated national model-support node,"place and coordinate are external records; node role, sink weight and any later flow are model inputs or estimates, not observed shipments",NF_EDFLOW_geolocated_network_expansion_v1_2_0_2026-08-31
GEO_MWI_927246,Malawi,MWI,Mangochi,Mangochi,35.26448,-14.47815,PPLA2,candidate consumer or transit catchment,fish|vegetable,GeoNames cities5000 dump; CC BY 4.0,927246,2026-08-17,geolocated national model-support node,"place and coordinate are external records; node role, sink weight and any later flow are model inputs or estimates, not observed shipments",NF_EDFLOW_geolocated_network_expansion_v1_2_0_2026-08-31
GEO_MWI_924055,Malawi,MWI,Salima,Salima,34.4587,-13.7804,PPLA2,candidate consumer or transit catchment,fish|vegetable,GeoNames cities5000 dump; CC BY 4.0,924055,2024-01-18,geolocated national model-support node,"place and coordinate are external records; node role, sink weight and any later flow are model inputs or estimates, not observed shipments",NF_EDFLOW_geolocated_network_expansion_v1_2_0_2026-08-31
GEO_MWI_931865,Malawi,MWI,Balaka,Balaka,34.95575,-14.97928,PPLA2,candidate consumer or transit catchment,fish|vegetable,GeoNames cities5000 dump; CC BY 4.0,931865,2024-01-18,geolocated national model-support node,"place and coordinate are external records; node role, sink weight and any later flow are model inputs or estimates, not observed shipments",NF_EDFLOW_geolocated_network_expansion_v1_2_0_2026-08-31
GEO_MWI_930025,Malawi,MWI,Dedza,Dedza,34.33322,-14.3779,PPLA2,candidate consumer or transit catchment,fish|vegetable,GeoNames cities5000 dump; CC BY 4.0,930025,2024-01-18,geolocated national model-support node,"place and coordinate are external records; node role, sink weight and any later flow are model inputs or estimates, not observed shipments",NF_EDFLOW_geolocated_network_expansion_v1_2_0_2026-08-31
GEO_MWI_924705,Malawi,MWI,Nkhotakota,Nkhotakota,34.29614,-12.92744,PPLA2,candidate consumer or transit catchment,fish|vegetable,GeoNames cities5000 dump; CC BY 4.0,924705,2024-01-18,geolocated national model-support node,"place and coordinate are external records; node role, sink weight and any later flow are model inputs or estimates, not observed shipments",NF_EDFLOW_geolocated_network_expansion_v1_2_0_2026-08-31
GEO_MWI_926747,Malawi,MWI,Mchinji,Mchinji,32.88019,-13.79841,PPLA2,candidate consumer or transit catchment,fish|vegetable,GeoNames cities5000 dump; CC BY 4.0,926747,2024-01-18,geolocated national model-support node,"place and coordinate are external records; node role, sink weight and any later flow are model inputs or estimates, not observed shipments",NF_EDFLOW_geolocated_network_expansion_v1_2_0_2026-08-31
GEO_MWI_924572,Malawi,MWI,Nsanje,Nsanje,35.26199,-16.91995,PPLA2,candidate consumer or transit catchment,fish|vegetable,GeoNames cities5000 dump; CC BY 4.0,924572,2024-01-18,geolocated national model-support node,"place and coordinate are external records; node role, sink weight and any later flow are model inputs or estimates, not observed shipments",NF_EDFLOW_geolocated_network_expansion_v1_2_0_2026-08-31
GEO_MWI_925498,Malawi,MWI,Mzimba,Mzimba,33.6,-11.9,PPLA2,candidate consumer or transit catchment,fish|vegetable,GeoNames cities5000 dump; CC BY 4.0,925498,2024-01-18,geolocated national model-support node,"place and coordinate are external records; node role, sink weight and any later flow are model inputs or estimates, not observed shipments",NF_EDFLOW_geolocated_network_expansion_v1_2_0_2026-08-31
GEO_MWI_924102,Malawi,MWI,Rumphi,Rumphi,33.85746,-11.01863,PPLA2,candidate consumer or transit catchment,fish|vegetable,GeoNames cities5000 dump; CC BY 4.0,924102,2024-01-18,geolocated national model-support node,"place and coordinate are external records; node role, sink weight and any later flow are model inputs or estimates, not observed shipments",NF_EDFLOW_geolocated_network_expansion_v1_2_0_2026-08-31
GEO_MWI_924492,Malawi,MWI,Ntcheu,Ntcheu,34.63586,-14.82027,PPLA2,candidate consumer or transit catchment,fish|vegetable,GeoNames cities5000 dump; CC BY 4.0,924492,2024-01-18,geolocated national model-support node,"place and coordinate are external records; node role, sink weight and any later flow are model inputs or estimates, not observed shipments",NF_EDFLOW_geolocated_network_expansion_v1_2_0_2026-08-31
GEO_MWI_925596,Malawi,MWI,Mwanza,Mwanza,34.52479,-15.60262,PPLA2,candidate consumer or transit catchment,fish|vegetable,GeoNames cities5000 dump; CC BY 4.0,925596,2024-01-18,geolocated national model-support node,"place and coordinate are external records; node role, sink weight and any later flow are model inputs or estimates, not observed shipments",NF_EDFLOW_geolocated_network_expansion_v1_2_0_2026-08-31
GEO_MWI_235751,Malawi,MWI,Chitipa,Chitipa,33.26969,-9.70237,PPLA2,candidate consumer or transit catchment,fish|vegetable,GeoNames cities5000 dump; CC BY 4.0,235751,2024-01-18,geolocated national model-support node,"place and coordinate are external records; node role, sink weight and any later flow are model inputs or estimates, not observed shipments",NF_EDFLOW_geolocated_network_expansion_v1_2_0_2026-08-31
GEO_MWI_925789,Malawi,MWI,Mulanje,Mulanje,35.5,-16.03163,PPLA2,candidate consumer or transit catchment,fish|vegetable,GeoNames cities5000 dump; CC BY 4.0,925789,2024-01-18,geolocated national model-support node,"place and coordinate are external records; node role, sink weight and any later flow are model inputs or estimates, not observed shipments",NF_EDFLOW_geolocated_network_expansion_v1_2_0_2026-08-31
GEO_MWI_924732,Malawi,MWI,Nkhata Bay,Nkhata Bay,34.29073,-11.60659,PPLA2,candidate consumer or transit catchment,fish|vegetable,GeoNames cities5000 dump; CC BY 4.0,924732,2024-01-18,geolocated national model-support node,"place and coordinate are external records; node role, sink weight and any later flow are model inputs or estimates, not observed shipments",NF_EDFLOW_geolocated_network_expansion_v1_2_0_2026-08-31
GEO_MWI_923652,Malawi,MWI,Thyolo,Thyolo,35.14046,-16.06775,PPLA2,candidate consumer or transit catchment,fish|vegetable,GeoNames cities5000 dump; CC BY 4.0,923652,2024-01-18,geolocated national model-support node,"place and coordinate are external records; node role, sink weight and any later flow are model inputs or estimates, not observed shipments",NF_EDFLOW_geolocated_network_expansion_v1_2_0_2026-08-31
GEO_MWI_929977,Malawi,MWI,Dowa,Dowa,33.93754,-13.65399,PPLA2,candidate consumer or transit catchment,fish|vegetable,GeoNames cities5000 dump; CC BY 4.0,929977,2024-01-18,geolocated national model-support node,"place and coordinate are external records; node role, sink weight and any later flow are model inputs or estimates, not observed shipments",NF_EDFLOW_geolocated_network_expansion_v1_2_0_2026-08-31
GEO_MWI_924491,Malawi,MWI,Ntchisi,Ntchisi,33.9149,-13.52775,PPLA2,candidate consumer or transit catchment,fish|vegetable,GeoNames cities5000 dump; CC BY 4.0,924491,2011-06-02,geolocated national model-support node,"place and coordinate are external records; node role, sink weight and any later flow are model inputs or estimates, not observed shipments",NF_EDFLOW_geolocated_network_expansion_v1_2_0_2026-08-31
GEO_MWI_924944,Malawi,MWI,Likoma,Likoma,34.73333,-12.06667,PPLA2,candidate consumer or transit catchment,fish|vegetable,GeoNames cities5000 dump; CC BY 4.0,924944,2026-04-12,geolocated national model-support node,"place and coordinate are external records; node role, sink weight and any later flow are model inputs or estimates, not observed shipments",NF_EDFLOW_geolocated_network_expansion_v1_2_0_2026-08-31
GEO_MWI_924206,Malawi,MWI,Phalombe,Phalombe,35.65067,-15.80635,PPLA2,candidate consumer or transit catchment,fish|vegetable,GeoNames cities5000 dump; CC BY 4.0,924206,2024-01-18,geolocated national model-support node,"place and coordinate are external records; node role, sink weight and any later flow are model inputs or estimates, not observed shipments",NF_EDFLOW_geolocated_network_expansion_v1_2_0_2026-08-31
GEO_MWI_931070,Malawi,MWI,Chikwawa,Chikwawa,34.80091,-16.03352,PPLA2,candidate consumer or transit catchment,fish|vegetable,GeoNames cities5000 dump; CC BY 4.0,931070,2011-11-09,geolocated national model-support node,"place and coordinate are external records; node role, sink weight and any later flow are model inputs or estimates, not observed shipments",NF_EDFLOW_geolocated_network_expansion_v1_2_0_2026-08-31
GEO_MWI_927834,Malawi,MWI,Liwonde,Liwonde,35.22543,-15.06665,PPL,candidate consumer or transit catchment,fish|vegetable,GeoNames cities5000 dump; CC BY 4.0,927834,2024-01-18,geolocated national model-support node,"place and coordinate are external records; node role, sink weight and any later flow are model inputs or estimates, not observed shipments",NF_EDFLOW_geolocated_network_expansion_v1_2_0_2026-08-31
GEO_MWI_926087,Malawi,MWI,Mponela,Mponela,33.73933,-13.53099,PPL,candidate consumer or transit catchment,fish|vegetable,GeoNames cities5000 dump; CC BY 4.0,926087,2026-08-30,geolocated national model-support node,"place and coordinate are external records; node role, sink weight and any later flow are model inputs or estimates, not observed shipments",NF_EDFLOW_geolocated_network_expansion_v1_2_0_2026-08-31
GEO_MWI_926308,Malawi,MWI,Monkey Bay,Monkey Bay,34.91652,-14.08239,PPL,candidate consumer or transit catchment,fish|vegetable,GeoNames cities5000 dump; CC BY 4.0,926308,2024-01-18,geolocated national model-support node,"place and coordinate are external records; node role, sink weight and any later flow are model inputs or estimates, not observed shipments",NF_EDFLOW_geolocated_network_expansion_v1_2_0_2026-08-31
GEO_MWI_927792,Malawi,MWI,Luchenza,Luchenza,35.30947,-16.00693,PPL,candidate consumer or transit catchment,fish|vegetable,GeoNames cities5000 dump; CC BY 4.0,927792,2024-01-18,geolocated national model-support node,"place and coordinate are external records; node role, sink weight and any later flow are model inputs or estimates, not observed shipments",NF_EDFLOW_geolocated_network_expansion_v1_2_0_2026-08-31
GEO_MWI_12183605,Malawi,MWI,Chipeni,Chipeni,33.90928,-13.40237,PPL,candidate consumer or transit catchment,fish|vegetable,GeoNames cities5000 dump; CC BY 4.0,12183605,2024-01-18,geolocated national model-support node,"place and coordinate are external records; node role, sink weight and any later flow are model inputs or estimates, not observed shipments",NF_EDFLOW_geolocated_network_expansion_v1_2_0_2026-08-31
GEO_MWI_924959,Malawi,MWI,Ngabu,Ngabu,34.91147,-16.49428,PPL,candidate consumer or transit catchment,fish|vegetable,GeoNames cities5000 dump; CC BY 4.0,924959,2024-01-18,geolocated national model-support node,"place and coordinate are external records; node role, sink weight and any later flow are model inputs or estimates, not observed shipments",NF_EDFLOW_geolocated_network_expansion_v1_2_0_2026-08-31
GEO_MWI_930629,Malawi,MWI,Chipoka,Chipoka,34.51566,-13.99329,PPL,candidate consumer or transit catchment,fish|vegetable,GeoNames cities5000 dump; CC BY 4.0,930629,2024-01-18,geolocated national model-support node,"place and coordinate are external records; node role, sink weight and any later flow are model inputs or estimates, not observed shipments",NF_EDFLOW_geolocated_network_expansion_v1_2_0_2026-08-31
GEO_MWI_927856,Malawi,MWI,Livingstonia,Livingstonia,34.10788,-10.60603,PPL,candidate consumer or transit catchment,fish|vegetable,GeoNames cities5000 dump; CC BY 4.0,927856,2020-09-10,geolocated national model-support node,"place and coordinate are external records; node role, sink weight and any later flow are model inputs or estimates, not observed shipments",NF_EDFLOW_geolocated_network_expansion_v1_2_0_2026-08-31
GEO_NAM_3352136,Namibia,NAM,Windhoek,Windhoek,17.08323,-22.55941,PPLC,major national hub,fish|vegetable,GeoNames cities5000 dump; CC BY 4.0,3352136,2024-01-18,geolocated national model-support node,"place and coordinate are external records; node role, sink weight and any later flow are model inputs or estimates, not observed shipments",NF_EDFLOW_geolocated_network_expansion_v1_2_0_2026-08-31
GEO_NAM_3353383,Namibia,NAM,Rundu,Rundu,19.77314,-17.91796,PPLA,major national hub,fish|vegetable,GeoNames cities5000 dump; CC BY 4.0,3353383,2026-04-14,geolocated national model-support node,"place and coordinate are external records; node role, sink weight and any later flow are model inputs or estimates, not observed shipments",NF_EDFLOW_geolocated_network_expansion_v1_2_0_2026-08-31
GEO_NAM_3352844,Namibia,NAM,Swakopmund,Swakopmund,14.52663,-22.67842,PPLA,major national hub,fish|vegetable,GeoNames cities5000 dump; CC BY 4.0,3352844,2026-04-14,geolocated national model-support node,"place and coordinate are external records; node role, sink weight and any later flow are model inputs or estimates, not observed shipments",NF_EDFLOW_geolocated_network_expansion_v1_2_0_2026-08-31
GEO_NAM_3354021,Namibia,NAM,Oshakati,Oshakati,15.70436,-17.78833,PPLA,major national hub,fish|vegetable,GeoNames cities5000 dump; CC BY 4.0,3354021,2026-04-14,geolocated national model-support node,"place and coordinate are external records; node role, sink weight and any later flow are model inputs or estimates, not observed shipments",NF_EDFLOW_geolocated_network_expansion_v1_2_0_2026-08-31
GEO_NAM_877178,Namibia,NAM,Katima Mulilo,Katima Mulilo,24.27574,-17.50467,PPLA,major national hub,fish|vegetable,GeoNames cities5000 dump; CC BY 4.0,877178,2026-04-14,geolocated national model-support node,"place and coordinate are external records; node role, sink weight and any later flow are model inputs or estimates, not observed shipments",NF_EDFLOW_geolocated_network_expansion_v1_2_0_2026-08-31
GEO_NAM_3353811,Namibia,NAM,Otjiwarongo,Otjiwarongo,16.64772,-20.46369,PPLA,candidate consumer or transit catchment,fish|vegetable,GeoNames cities5000 dump; CC BY 4.0,3353811,2026-04-14,geolocated national model-support node,"place and coordinate are external records; node role, sink weight and any later flow are model inputs or estimates, not observed shipments",NF_EDFLOW_geolocated_network_expansion_v1_2_0_2026-08-31
GEO_NAM_3356264,Namibia,NAM,Keetmanshoop,Keetmanshoop,18.13359,-26.57654,PPLA,candidate consumer or transit catchment,fish|vegetable,GeoNames cities5000 dump; CC BY 4.0,3356264,2026-04-14,geolocated national model-support node,"place and coordinate are external records; node role, sink weight and any later flow are model inputs or estimates, not observed shipments",NF_EDFLOW_geolocated_network_expansion_v1_2_0_2026-08-31
GEO_NAM_3357247,Namibia,NAM,Gobabis,Gobabis,18.97159,-22.45338,PPLA,candidate consumer or transit catchment,fish|vegetable,GeoNames cities5000 dump; CC BY 4.0,3357247,2026-08-11,geolocated national model-support node,"place and coordinate are external records; node role, sink weight and any later flow are model inputs or estimates, not observed shipments",NF_EDFLOW_geolocated_network_expansion_v1_2_0_2026-08-31
GEO_NAM_3355595,Namibia,NAM,Mariental,Mariental,17.96471,-24.62705,PPLA,candidate consumer or transit catchment,fish|vegetable,GeoNames cities5000 dump; CC BY 4.0,3355595,2026-04-14,geolocated national model-support node,"place and coordinate are external records; node role, sink weight and any later flow are model inputs or estimates, not observed shipments",NF_EDFLOW_geolocated_network_expansion_v1_2_0_2026-08-31
GEO_NAM_3354077,Namibia,NAM,Opuwo,Opuwo,13.83998,-18.06068,PPLA,candidate consumer or transit catchment,fish|vegetable,GeoNames cities5000 dump; CC BY 4.0,3354077,2026-04-14,geolocated national model-support node,"place and coordinate are external records; node role, sink weight and any later flow are model inputs or estimates, not observed shipments",NF_EDFLOW_geolocated_network_expansion_v1_2_0_2026-08-31
GEO_NAM_3371197,Namibia,NAM,Outapi,Outapi,14.98383,-17.50375,PPLA,candidate consumer or transit catchment,fish|vegetable,GeoNames cities5000 dump; CC BY 4.0,3371197,2026-04-14,geolocated national model-support node,"place and coordinate are external records; node role, sink weight and any later flow are model inputs or estimates, not observed shipments",NF_EDFLOW_geolocated_network_expansion_v1_2_0_2026-08-31
GEO_NAM_3354897,Namibia,NAM,Okahao,Okahao,15.06677,-17.88758,PPLA2,candidate consumer or transit catchment,fish|vegetable,GeoNames cities5000 dump; CC BY 4.0,3354897,2018-11-26,geolocated national model-support node,"place and coordinate are external records; node role, sink weight and any later flow are model inputs or estimates, not observed shipments",NF_EDFLOW_geolocated_network_expansion_v1_2_0_2026-08-31
GEO_NAM_3357804,Namibia,NAM,Eenhana,Eenhana,16.3294,-17.48535,PPLA,candidate consumer or transit catchment,fish|vegetable,GeoNames cities5000 dump; CC BY 4.0,3357804,2026-04-14,geolocated national model-support node,"place and coordinate are external records; node role, sink weight and any later flow are model inputs or estimates, not observed shipments",NF_EDFLOW_geolocated_network_expansion_v1_2_0_2026-08-31
GEO_NAM_3354367,Namibia,NAM,Omuthiya,Omuthiya,16.58146,-18.36463,PPLA,candidate consumer or transit catchment,fish|vegetable,GeoNames cities5000 dump; CC BY 4.0,3354367,2026-04-14,geolocated national model-support node,"place and coordinate are external records; node role, sink weight and any later flow are model inputs or estimates, not observed shipments",NF_EDFLOW_geolocated_network_expansion_v1_2_0_2026-08-31
GEO_NAM_3355137,Namibia,NAM,Nkurenkuru,Nkurenkuru,18.61966,-17.64182,PPLA,candidate consumer or transit catchment,fish|vegetable,GeoNames cities5000 dump; CC BY 4.0,3355137,2026-04-14,geolocated national model-support node,"place and coordinate are external records; node role, sink weight and any later flow are model inputs or estimates, not observed shipments",NF_EDFLOW_geolocated_network_expansion_v1_2_0_2026-08-31
GEO_NAM_3359638,Namibia,NAM,Walvis Bay,Walvis Bay,14.50528,-22.9575,PPL,candidate consumer or transit catchment,fish|vegetable,GeoNames cities5000 dump; CC BY 4.0,3359638,2024-01-18,geolocated national model-support node,"place and coordinate are external records; node role, sink weight and any later flow are model inputs or estimates, not observed shipments",NF_EDFLOW_geolocated_network_expansion_v1_2_0_2026-08-31
GEO_NAM_3353540,Namibia,NAM,Rehoboth,Rehoboth,17.09,-23.317,PPL,candidate consumer or transit catchment,fish|vegetable,GeoNames cities5000 dump; CC BY 4.0,3353540,2024-01-18,geolocated national model-support node,"place and coordinate are external records; node role, sink weight and any later flow are model inputs or estimates, not observed shipments",NF_EDFLOW_geolocated_network_expansion_v1_2_0_2026-08-31
GEO_NAM_3354247,Namibia,NAM,Ondangwa,Ondangwa,15.98037,-17.90824,PPL,candidate consumer or transit catchment,fish|vegetable,GeoNames cities5000 dump; CC BY 4.0,3354247,2024-06-09,geolocated national model-support node,"place and coordinate are external records; node role, sink weight and any later flow are model inputs or estimates, not observed shipments",NF_EDFLOW_geolocated_network_expansion_v1_2_0_2026-08-31
GEO_NAM_3354898,Namibia,NAM,Okahandja,Okahandja,16.9029,-21.98141,PPL,candidate consumer or transit catchment,fish|vegetable,GeoNames cities5000 dump; CC BY 4.0,3354898,2024-02-08,geolocated national model-support node,"place and coordinate are external records; node role, sink weight and any later flow are model inputs or estimates, not observed shipments",NF_EDFLOW_geolocated_network_expansion_v1_2_0_2026-08-31
GEO_NAM_3357114,Namibia,NAM,Grootfontein,Grootfontein,18.1003,-19.57328,PPL,candidate consumer or transit catchment,fish|vegetable,GeoNames cities5000 dump; CC BY 4.0,3357114,2024-04-20,geolocated national model-support node,"place and coordinate are external records; node role, sink weight and any later flow are model inputs or estimates, not observed shipments",NF_EDFLOW_geolocated_network_expansion_v1_2_0_2026-08-31
GEO_NAM_3354147,Namibia,NAM,Ongwediva,Ongwediva,15.76564,-17.77198,PPL,candidate consumer or transit catchment,fish|vegetable,GeoNames cities5000 dump; CC BY 4.0,3354147,2024-06-09,geolocated national model-support node,"place and coordinate are external records; node role, sink weight and any later flow are model inputs or estimates, not observed shipments",NF_EDFLOW_geolocated_network_expansion_v1_2_0_2026-08-31
GEO_NAM_12718704,Namibia,NAM,Helao Nafidi,Helao Nafidi,15.89107,-17.39321,PPL,candidate consumer or transit catchment,fish|vegetable,GeoNames cities5000 dump; CC BY 4.0,12718704,2024-01-18,geolocated national model-support node,"place and coordinate are external records; node role, sink weight and any later flow are model inputs or estimates, not observed shipments",NF_EDFLOW_geolocated_network_expansion_v1_2_0_2026-08-31
GEO_NAM_3352593,Namibia,NAM,Tsumeb,Tsumeb,17.71345,-19.24842,PPL,candidate consumer or transit catchment,fish|vegetable,GeoNames cities5000 dump; CC BY 4.0,3352593,2024-05-14,geolocated national model-support node,"place and coordinate are external records; node role, sink weight and any later flow are model inputs or estimates, not observed shipments",NF_EDFLOW_geolocated_network_expansion_v1_2_0_2026-08-31
GEO_NAM_3356294,Namibia,NAM,Katutura,Katutura,17.06028,-22.52306,PPLX,candidate consumer or transit catchment,fish|vegetable,GeoNames cities5000 dump; CC BY 4.0,3356294,2018-02-25,geolocated national model-support node,"place and coordinate are external records; node role, sink weight and any later flow are model inputs or estimates, not observed shipments",NF_EDFLOW_geolocated_network_expansion_v1_2_0_2026-08-31
GEO_NAM_876961,Namibia,NAM,Ndiyona,Ndiyona,20.70058,-18.03892,PPL,candidate consumer or transit catchment,fish|vegetable,GeoNames cities5000 dump; CC BY 4.0,876961,2026-01-13,geolocated national model-support node,"place and coordinate are external records; node role, sink weight and any later flow are model inputs or estimates, not observed shipments",NF_EDFLOW_geolocated_network_expansion_v1_2_0_2026-08-31
GEO_NAM_3355672,Namibia,NAM,Lüderitz,Luderitz,15.15383,-26.64807,PPL,candidate consumer or transit catchment,fish|vegetable,GeoNames cities5000 dump; CC BY 4.0,3355672,2018-01-29,geolocated national model-support node,"place and coordinate are external records; node role, sink weight and any later flow are model inputs or estimates, not observed shipments",NF_EDFLOW_geolocated_network_expansion_v1_2_0_2026-08-31
GEO_NAM_3356213,Namibia,NAM,Khorixas,Khorixas,14.96203,-20.37711,PPL,candidate consumer or transit catchment,fish|vegetable,GeoNames cities5000 dump; CC BY 4.0,3356213,2024-04-20,geolocated national model-support node,"place and coordinate are external records; node role, sink weight and any later flow are model inputs or estimates, not observed shipments",NF_EDFLOW_geolocated_network_expansion_v1_2_0_2026-08-31
GEO_NAM_3354540,Namibia,NAM,Omaruru,Omaruru,15.94611,-21.42403,PPL,candidate consumer or transit catchment,fish|vegetable,GeoNames cities5000 dump; CC BY 4.0,3354540,2024-02-08,geolocated national model-support node,"place and coordinate are external records; node role, sink weight and any later flow are model inputs or estimates, not observed shipments",NF_EDFLOW_geolocated_network_expansion_v1_2_0_2026-08-31
GEO_NAM_3358416,Namibia,NAM,Bethanie,Bethanie,17.1599,-26.49958,PPL,candidate consumer or transit catchment,fish|vegetable,GeoNames cities5000 dump; CC BY 4.0,3358416,2023-09-06,geolocated national model-support node,"place and coordinate are external records; node role, sink weight and any later flow are model inputs or estimates, not observed shipments",NF_EDFLOW_geolocated_network_expansion_v1_2_0_2026-08-31
GEO_NAM_3353715,Namibia,NAM,Outjo,Outjo,16.15415,-20.10691,PPL,candidate consumer or transit catchment,fish|vegetable,GeoNames cities5000 dump; CC BY 4.0,3353715,2024-04-20,geolocated national model-support node,"place and coordinate are external records; node role, sink weight and any later flow are model inputs or estimates, not observed shipments",NF_EDFLOW_geolocated_network_expansion_v1_2_0_2026-08-31
GEO_NER_2440485,Niger,NER,Niamey,Niamey,2.1098,13.51366,PPLC,major national hub,fish|vegetable,GeoNames cities5000 dump; CC BY 4.0,2440485,2024-01-18,geolocated national model-support node,"place and coordinate are external records; node role, sink weight and any later flow are model inputs or estimates, not observed shipments",NF_EDFLOW_geolocated_network_expansion_v1_2_0_2026-08-31
GEO_NER_2441291,Niger,NER,Maradi,Maradi,7.10174,13.5,PPLA,major national hub,fish|vegetable,GeoNames cities5000 dump; CC BY 4.0,2441291,2026-04-14,geolocated national model-support node,"place and coordinate are external records; node role, sink weight and any later flow are model inputs or estimates, not observed shipments",NF_EDFLOW_geolocated_network_expansion_v1_2_0_2026-08-31
GEO_NER_2437798,Niger,NER,Zinder,Zinder,8.9881,13.80716,PPLA,major national hub,fish|vegetable,GeoNames cities5000 dump; CC BY 4.0,2437798,2026-04-14,geolocated national model-support node,"place and coordinate are external records; node role, sink weight and any later flow are model inputs or estimates, not observed shipments",NF_EDFLOW_geolocated_network_expansion_v1_2_0_2026-08-31
GEO_NER_2439376,Niger,NER,Tahoua,Tahoua,5.2692,14.8888,PPLA,major national hub,fish|vegetable,GeoNames cities5000 dump; CC BY 4.0,2439376,2026-04-14,geolocated national model-support node,"place and coordinate are external records; node role, sink weight and any later flow are model inputs or estimates, not observed shipments",NF_EDFLOW_geolocated_network_expansion_v1_2_0_2026-08-31
GEO_NER_2448085,Niger,NER,Agadez,Agadez,7.99111,16.97333,PPLA,major national hub,fish|vegetable,GeoNames cities5000 dump; CC BY 4.0,2448085,2026-04-14,geolocated national model-support node,"place and coordinate are external records; node role, sink weight and any later flow are model inputs or estimates, not observed shipments",NF_EDFLOW_geolocated_network_expansion_v1_2_0_2026-08-31
GEO_NER_2447513,Niger,NER,Arlit,Arlit,7.38528,18.73694,PPLA2,candidate consumer or transit catchment,fish|vegetable,GeoNames cities5000 dump; CC BY 4.0,2447513,2024-01-18,geolocated national model-support node,"place and coordinate are external records; node role, sink weight and any later flow are model inputs or estimates, not observed shipments",NF_EDFLOW_geolocated_network_expansion_v1_2_0_2026-08-31
GEO_NER_2445488,Niger,NER,Dosso,Dosso,3.1937,13.049,PPLA,candidate consumer or transit catchment,fish|vegetable,GeoNames cities5000 dump; CC BY 4.0,2445488,2026-04-14,geolocated national model-support node,"place and coordinate are external records; node role, sink weight and any later flow are model inputs or estimates, not observed shipments",NF_EDFLOW_geolocated_network_expansion_v1_2_0_2026-08-31
GEO_NER_2444489,Niger,NER,Gaya,Gaya,3.44919,11.88435,PPLA2,candidate consumer or transit catchment,fish|vegetable,GeoNames cities5000 dump; CC BY 4.0,2444489,2024-01-18,geolocated national model-support node,"place and coordinate are external records; node role, sink weight and any later flow are model inputs or estimates, not observed shipments",NF_EDFLOW_geolocated_network_expansion_v1_2_0_2026-08-31
GEO_NER_2438823,Niger,NER,Tessaoua,Tessaoua,7.9874,13.75737,PPLA2,candidate consumer or transit catchment,fish|vegetable,GeoNames cities5000 dump; CC BY 4.0,2438823,2024-01-18,geolocated national model-support node,"place and coordinate are external records; node role, sink weight and any later flow are model inputs or estimates, not observed shipments",NF_EDFLOW_geolocated_network_expansion_v1_2_0_2026-08-31
GEO_NER_2445704,Niger,NER,Diffa,Diffa,12.61135,13.31536,PPLA,candidate consumer or transit catchment,fish|vegetable,GeoNames cities5000 dump; CC BY 4.0,2445704,2026-04-14,geolocated national model-support node,"place and coordinate are external records; node role, sink weight and any later flow are model inputs or estimates, not observed shipments",NF_EDFLOW_geolocated_network_expansion_v1_2_0_2026-08-31
GEO_NER_2445553,Niger,NER,Dogondoutchi,Dogondoutchi,4.02649,13.6403,PPLA2,candidate consumer or transit catchment,fish|vegetable,GeoNames cities5000 dump; CC BY 4.0,2445553,2024-01-18,geolocated national model-support node,"place and coordinate are external records; node role, sink weight and any later flow are model inputs or estimates, not observed shipments",NF_EDFLOW_geolocated_network_expansion_v1_2_0_2026-08-31
GEO_NER_2446267,Niger,NER,Dakoro,Dakoro,6.765,14.51056,PPLA2,candidate consumer or transit catchment,fish|vegetable,GeoNames cities5000 dump; CC BY 4.0,2446267,2024-01-18,geolocated national model-support node,"place and coordinate are external records; node role, sink weight and any later flow are model inputs or estimates, not observed shipments",NF_EDFLOW_geolocated_network_expansion_v1_2_0_2026-08-31
GEO_NER_2438855,Niger,NER,Téra,Tera,0.75306,14.00776,PPLA2,candidate consumer or transit catchment,fish|vegetable,GeoNames cities5000 dump; CC BY 4.0,2438855,2024-01-18,geolocated national model-support node,"place and coordinate are external records; node role, sink weight and any later flow are model inputs or estimates, not observed shipments",NF_EDFLOW_geolocated_network_expansion_v1_2_0_2026-08-31
GEO_NER_2440921,Niger,NER,Mirriah,Mirriah,9.15013,13.70727,PPLA2,candidate consumer or transit catchment,fish|vegetable,GeoNames cities5000 dump; CC BY 4.0,2440921,2024-01-18,geolocated national model-support node,"place and coordinate are external records; node role, sink weight and any later flow are model inputs or estimates, not observed shipments",NF_EDFLOW_geolocated_network_expansion_v1_2_0_2026-08-31
GEO_NER_2441530,Niger,NER,Madaoua,Madaoua,5.96,14.073,PPLA2,candidate consumer or transit catchment,fish|vegetable,GeoNames cities5000 dump; CC BY 4.0,2441530,2024-01-18,geolocated national model-support node,"place and coordinate are external records; node role, sink weight and any later flow are model inputs or estimates, not observed shipments",NF_EDFLOW_geolocated_network_expansion_v1_2_0_2026-08-31
GEO_NER_2441482,Niger,NER,Magaria,Magaria,8.90991,12.99826,PPLA2,candidate consumer or transit catchment,fish|vegetable,GeoNames cities5000 dump; CC BY 4.0,2441482,2024-01-18,geolocated national model-support node,"place and coordinate are external records; node role, sink weight and any later flow are model inputs or estimates, not observed shipments",NF_EDFLOW_geolocated_network_expansion_v1_2_0_2026-08-31
GEO_NER_2440495,Niger,NER,Nguigmi,Nguigmi,13.10921,14.24953,PPLA2,candidate consumer or transit catchment,fish|vegetable,GeoNames cities5000 dump; CC BY 4.0,2440495,2024-01-18,geolocated national model-support node,"place and coordinate are external records; node role, sink weight and any later flow are model inputs or estimates, not observed shipments",NF_EDFLOW_geolocated_network_expansion_v1_2_0_2026-08-31
GEO_NER_2438678,Niger,NER,Tillabéri,Tillaberi,1.45418,14.20711,PPLA,candidate consumer or transit catchment,fish|vegetable,GeoNames cities5000 dump; CC BY 4.0,2438678,2026-04-14,geolocated national model-support node,"place and coordinate are external records; node role, sink weight and any later flow are model inputs or estimates, not observed shipments",NF_EDFLOW_geolocated_network_expansion_v1_2_0_2026-08-31
GEO_NER_2443304,Niger,NER,Illéla,Illela,5.2437,14.4605,PPLA2,candidate consumer or transit catchment,fish|vegetable,GeoNames cities5000 dump; CC BY 4.0,2443304,2024-01-18,geolocated national model-support node,"place and coordinate are external records; node role, sink weight and any later flow are model inputs or estimates, not observed shipments",NF_EDFLOW_geolocated_network_expansion_v1_2_0_2026-08-31
GEO_NER_2448245,Niger,NER,Abalak,Abalak,6.2793,15.4509,PPLA2,candidate consumer or transit catchment,fish|vegetable,GeoNames cities5000 dump; CC BY 4.0,2448245,2024-01-18,geolocated national model-support node,"place and coordinate are external records; node role, sink weight and any later flow are model inputs or estimates, not observed shipments",NF_EDFLOW_geolocated_network_expansion_v1_2_0_2026-08-31
GEO_NER_2439155,Niger,NER,Tanout,Tanout,8.88786,14.97089,PPLA2,candidate consumer or transit catchment,fish|vegetable,GeoNames cities5000 dump; CC BY 4.0,2439155,2024-01-18,geolocated national model-support node,"place and coordinate are external records; node role, sink weight and any later flow are model inputs or estimates, not observed shipments",NF_EDFLOW_geolocated_network_expansion_v1_2_0_2026-08-31
GEO_NER_2444219,Niger,NER,Gouré,Goure,10.27035,13.9835,PPLA2,candidate consumer or transit catchment,fish|vegetable,GeoNames cities5000 dump; CC BY 4.0,2444219,2024-01-18,geolocated national model-support node,"place and coordinate are external records; node role, sink weight and any later flow are model inputs or estimates, not observed shipments",NF_EDFLOW_geolocated_network_expansion_v1_2_0_2026-08-31
GEO_NER_2443623,Niger,NER,Guidan Roumdji,Guidan Roumdji,6.69567,13.6576,PPLA2,candidate consumer or transit catchment,fish|vegetable,GeoNames cities5000 dump; CC BY 4.0,2443623,2024-01-18,geolocated national model-support node,"place and coordinate are external records; node role, sink weight and any later flow are model inputs or estimates, not observed shipments",NF_EDFLOW_geolocated_network_expansion_v1_2_0_2026-08-31
GEO_NER_2448024,Niger,NER,Aguié,Aguie,7.77863,13.50601,PPLA2,candidate consumer or transit catchment,fish|vegetable,GeoNames cities5000 dump; CC BY 4.0,2448024,2024-01-18,geolocated national model-support node,"place and coordinate are external records; node role, sink weight and any later flow are model inputs or estimates, not observed shipments",NF_EDFLOW_geolocated_network_expansion_v1_2_0_2026-08-31
GEO_NER_2441194,Niger,NER,Mayahi,Mayahi,7.67122,13.95532,PPLA2,candidate consumer or transit catchment,fish|vegetable,GeoNames cities5000 dump; CC BY 4.0,2441194,2013-10-06,geolocated national model-support node,"place and coordinate are external records; node role, sink weight and any later flow are model inputs or estimates, not observed shipments",NF_EDFLOW_geolocated_network_expansion_v1_2_0_2026-08-31
GEO_NER_2438974,Niger,NER,Tchin Tabaradèn,Tchin Tabaraden,5.7985,15.8969,PPLA2,candidate consumer or transit catchment,fish|vegetable,GeoNames cities5000 dump; CC BY 4.0,2438974,2024-01-18,geolocated national model-support node,"place and coordinate are external records; node role, sink weight and any later flow are model inputs or estimates, not observed shipments",NF_EDFLOW_geolocated_network_expansion_v1_2_0_2026-08-31
GEO_NER_2442248,Niger,NER,Kollo,Kollo,2.339,13.3043,PPLA2,candidate consumer or transit catchment,fish|vegetable,GeoNames cities5000 dump; CC BY 4.0,2442248,2024-01-18,geolocated national model-support node,"place and coordinate are external records; node role, sink weight and any later flow are model inputs or estimates, not observed shipments",NF_EDFLOW_geolocated_network_expansion_v1_2_0_2026-08-31
GEO_NER_2437731,Niger,NER,Birnin Gaouré,Birnin Gaoure,2.91099,13.08173,PPLA2,candidate consumer or transit catchment,fish|vegetable,GeoNames cities5000 dump; CC BY 4.0,2437731,2024-01-18,geolocated national model-support node,"place and coordinate are external records; node role, sink weight and any later flow are model inputs or estimates, not observed shipments",NF_EDFLOW_geolocated_network_expansion_v1_2_0_2026-08-31
GEO_NER_2439812,Niger,NER,Say,Say,2.3689,13.1007,PPLA2,candidate consumer or transit catchment,fish|vegetable,GeoNames cities5000 dump; CC BY 4.0,2439812,2024-01-18,geolocated national model-support node,"place and coordinate are external records; node role, sink weight and any later flow are model inputs or estimates, not observed shipments",NF_EDFLOW_geolocated_network_expansion_v1_2_0_2026-08-31
GEO_NER_2441447,Niger,NER,Maïné Soroa,Maine Soroa,12.0241,13.21139,PPLA2,candidate consumer or transit catchment,fish|vegetable,GeoNames cities5000 dump; CC BY 4.0,2441447,2024-01-18,geolocated national model-support node,"place and coordinate are external records; node role, sink weight and any later flow are model inputs or estimates, not observed shipments",NF_EDFLOW_geolocated_network_expansion_v1_2_0_2026-08-31
GEO_NER_2444995,Niger,NER,Filingué,Filingue,3.3168,14.3521,PPLA2,candidate consumer or transit catchment,fish|vegetable,GeoNames cities5000 dump; CC BY 4.0,2444995,2024-01-18,geolocated national model-support node,"place and coordinate are external records; node role, sink weight and any later flow are model inputs or estimates, not observed shipments",NF_EDFLOW_geolocated_network_expansion_v1_2_0_2026-08-31
GEO_NER_2441526,Niger,NER,Madarounfa,Madarounfa,7.15602,13.30867,PPLA2,candidate consumer or transit catchment,fish|vegetable,GeoNames cities5000 dump; CC BY 4.0,2441526,2024-01-18,geolocated national model-support node,"place and coordinate are external records; node role, sink weight and any later flow are model inputs or estimates, not observed shipments",NF_EDFLOW_geolocated_network_expansion_v1_2_0_2026-08-31
GEO_NER_2440371,Niger,NER,Ouallam,Ouallam,2.08597,14.31641,PPLA2,candidate consumer or transit catchment,fish|vegetable,GeoNames cities5000 dump; CC BY 4.0,2440371,2024-01-18,geolocated national model-support node,"place and coordinate are external records; node role, sink weight and any later flow are model inputs or estimates, not observed shipments",NF_EDFLOW_geolocated_network_expansion_v1_2_0_2026-08-31
GEO_NER_2446466,Niger,NER,Bouza,Bouza,6.04278,14.42293,PPLA2,candidate consumer or transit catchment,fish|vegetable,GeoNames cities5000 dump; CC BY 4.0,2446466,2024-01-18,geolocated national model-support node,"place and coordinate are external records; node role, sink weight and any later flow are model inputs or estimates, not observed shipments",NF_EDFLOW_geolocated_network_expansion_v1_2_0_2026-08-31
GEO_NER_2442478,Niger,NER,Keïta,Keita,5.7749,14.7551,PPLA2,candidate consumer or transit catchment,fish|vegetable,GeoNames cities5000 dump; CC BY 4.0,2442478,2024-01-18,geolocated national model-support node,"place and coordinate are external records; node role, sink weight and any later flow are model inputs or estimates, not observed shipments",NF_EDFLOW_geolocated_network_expansion_v1_2_0_2026-08-31
GEO_NER_8624379,Niger,NER,Tchirozérine,Tchirozerine,7.7614,17.22096,PPLA2,candidate consumer or transit catchment,fish|vegetable,GeoNames cities5000 dump; CC BY 4.0,8624379,2024-01-18,geolocated national model-support node,"place and coordinate are external records; node role, sink weight and any later flow are model inputs or estimates, not observed shipments",NF_EDFLOW_geolocated_network_expansion_v1_2_0_2026-08-31
GEO_NER_2441632,Niger,NER,Loga,Loga,3.2358,13.6132,PPLA2,candidate consumer or transit catchment,fish|vegetable,GeoNames cities5000 dump; CC BY 4.0,2441632,2024-01-18,geolocated national model-support node,"place and coordinate are external records; node role, sink weight and any later flow are model inputs or estimates, not observed shipments",NF_EDFLOW_geolocated_network_expansion_v1_2_0_2026-08-31
GEO_NER_2446796,Niger,NER,Bilma,Bilma,12.91643,18.68532,PPLA2,candidate consumer or transit catchment,fish|vegetable,GeoNames cities5000 dump; CC BY 4.0,2446796,2024-01-18,geolocated national model-support node,"place and coordinate are external records; node role, sink weight and any later flow are model inputs or estimates, not observed shipments",NF_EDFLOW_geolocated_network_expansion_v1_2_0_2026-08-31
GEO_NER_2447938,Niger,NER,Alaghsas,Alaghsas,8.0168,17.0187,PPL,candidate consumer or transit catchment,fish|vegetable,GeoNames cities5000 dump; CC BY 4.0,2447938,2012-01-18,geolocated national model-support node,"place and coordinate are external records; node role, sink weight and any later flow are model inputs or estimates, not observed shipments",NF_EDFLOW_geolocated_network_expansion_v1_2_0_2026-08-31
GEO_NER_2437732,Niger,NER,Birni N Konni,Birni N Konni,5.25026,13.79599,PPL,candidate consumer or transit catchment,fish|vegetable,GeoNames cities5000 dump; CC BY 4.0,2437732,2024-01-18,geolocated national model-support node,"place and coordinate are external records; node role, sink weight and any later flow are model inputs or estimates, not observed shipments",NF_EDFLOW_geolocated_network_expansion_v1_2_0_2026-08-31
GEO_NER_2440977,Niger,NER,Méhana,Mehana,1.13384,14.39389,PPL,candidate consumer or transit catchment,fish|vegetable,GeoNames cities5000 dump; CC BY 4.0,2440977,2025-12-11,geolocated national model-support node,"place and coordinate are external records; node role, sink weight and any later flow are model inputs or estimates, not observed shipments",NF_EDFLOW_geolocated_network_expansion_v1_2_0_2026-08-31
GEO_NER_2441217,Niger,NER,Matamey,Matamey,8.47485,13.42309,PPL,candidate consumer or transit catchment,fish|vegetable,GeoNames cities5000 dump; CC BY 4.0,2441217,2024-01-18,geolocated national model-support node,"place and coordinate are external records; node role, sink weight and any later flow are model inputs or estimates, not observed shipments",NF_EDFLOW_geolocated_network_expansion_v1_2_0_2026-08-31
GEO_NER_2438774,Niger,NER,Tibiri,Tibiri,7.04848,13.56271,PPL,candidate consumer or transit catchment,fish|vegetable,GeoNames cities5000 dump; CC BY 4.0,2438774,2024-01-18,geolocated national model-support node,"place and coordinate are external records; node role, sink weight and any later flow are model inputs or estimates, not observed shipments",NF_EDFLOW_geolocated_network_expansion_v1_2_0_2026-08-31
GEO_NER_2437934,Niger,NER,Youri Kourtéré,Youri Kourtere,2.2475,13.3342,PPL,candidate consumer or transit catchment,fish|vegetable,GeoNames cities5000 dump; CC BY 4.0,2437934,2025-10-30,geolocated national model-support node,"place and coordinate are external records; node role, sink weight and any later flow are model inputs or estimates, not observed shipments",NF_EDFLOW_geolocated_network_expansion_v1_2_0_2026-08-31
GEO_NER_2447416,Niger,NER,Ayorou,Ayorou,0.91739,14.73075,PPL,candidate consumer or transit catchment,fish|vegetable,GeoNames cities5000 dump; CC BY 4.0,2447416,2012-01-18,geolocated national model-support node,"place and coordinate are external records; node role, sink weight and any later flow are model inputs or estimates, not observed shipments",NF_EDFLOW_geolocated_network_expansion_v1_2_0_2026-08-31
GEO_NER_2447223,Niger,NER,Baléyara,Baleyara,2.9523,13.7838,PPL,candidate consumer or transit catchment,fish|vegetable,GeoNames cities5000 dump; CC BY 4.0,2447223,2024-01-18,geolocated national model-support node,"place and coordinate are external records; node role, sink weight and any later flow are model inputs or estimates, not observed shipments",NF_EDFLOW_geolocated_network_expansion_v1_2_0_2026-08-31
GEO_NER_2444479,Niger,NER,Gazaoua,Gazaoua,7.91398,13.52578,PPL,candidate consumer or transit catchment,fish|vegetable,GeoNames cities5000 dump; CC BY 4.0,2444479,2024-01-18,geolocated national model-support node,"place and coordinate are external records; node role, sink weight and any later flow are model inputs or estimates, not observed shipments",NF_EDFLOW_geolocated_network_expansion_v1_2_0_2026-08-31
GEO_NER_2438409,Niger,NER,Torodi,Torodi,1.79869,13.11915,PPL,candidate consumer or transit catchment,fish|vegetable,GeoNames cities5000 dump; CC BY 4.0,2438409,2024-01-18,geolocated national model-support node,"place and coordinate are external records; node role, sink weight and any later flow are model inputs or estimates, not observed shipments",NF_EDFLOW_geolocated_network_expansion_v1_2_0_2026-08-31
GEO_NER_2448246,Niger,NER,Abala,Abala,3.4336,14.9369,PPL,candidate consumer or transit catchment,fish|vegetable,GeoNames cities5000 dump; CC BY 4.0,2448246,2024-01-18,geolocated national model-support node,"place and coordinate are external records; node role, sink weight and any later flow are model inputs or estimates, not observed shipments",NF_EDFLOW_geolocated_network_expansion_v1_2_0_2026-08-31
GEO_NER_2445399,Niger,NER,Dungas,Dungas,9.34342,13.06153,PPL,candidate consumer or transit catchment,fish|vegetable,GeoNames cities5000 dump; CC BY 4.0,2445399,2024-01-18,geolocated national model-support node,"place and coordinate are external records; node role, sink weight and any later flow are model inputs or estimates, not observed shipments",NF_EDFLOW_geolocated_network_expansion_v1_2_0_2026-08-31
GEO_NER_2447291,Niger,NER,Bagaroua,Bagaroua,4.34896,14.63616,PPL,candidate consumer or transit catchment,fish|vegetable,GeoNames cities5000 dump; CC BY 4.0,2447291,2024-01-18,geolocated national model-support node,"place and coordinate are external records; node role, sink weight and any later flow are model inputs or estimates, not observed shipments",NF_EDFLOW_geolocated_network_expansion_v1_2_0_2026-08-31
GEO_NER_2441375,Niger,NER,Malbaza,Malbaza,5.52032,13.92706,PPL,candidate consumer or transit catchment,fish|vegetable,GeoNames cities5000 dump; CC BY 4.0,2441375,2024-01-18,geolocated national model-support node,"place and coordinate are external records; node role, sink weight and any later flow are model inputs or estimates, not observed shipments",NF_EDFLOW_geolocated_network_expansion_v1_2_0_2026-08-31
GEO_NER_2439310,Niger,NER,Takiéta,Takieta,8.52904,13.68066,PPL,candidate consumer or transit catchment,fish|vegetable,GeoNames cities5000 dump; CC BY 4.0,2439310,2024-01-18,geolocated national model-support node,"place and coordinate are external records; node role, sink weight and any later flow are model inputs or estimates, not observed shipments",NF_EDFLOW_geolocated_network_expansion_v1_2_0_2026-08-31
GEO_NER_2443192,Niger,NER,I-n-Gall,I-n-Gall,6.93417,16.78778,PPL,candidate consumer or transit catchment,fish|vegetable,GeoNames cities5000 dump; CC BY 4.0,2443192,2024-01-18,geolocated national model-support node,"place and coordinate are external records; node role, sink weight and any later flow are model inputs or estimates, not observed shipments",NF_EDFLOW_geolocated_network_expansion_v1_2_0_2026-08-31
GEO_NER_2444329,Niger,NER,Gothèye,Gotheye,1.56707,13.8559,PPL,candidate consumer or transit catchment,fish|vegetable,GeoNames cities5000 dump; CC BY 4.0,2444329,2024-01-18,geolocated national model-support node,"place and coordinate are external records; node role, sink weight and any later flow are model inputs or estimates, not observed shipments",NF_EDFLOW_geolocated_network_expansion_v1_2_0_2026-08-31
GEO_NER_2447132,Niger,NER,Bani Bangou,Bani Bangou,2.7037,15.0416,PPL,candidate consumer or transit catchment,fish|vegetable,GeoNames cities5000 dump; CC BY 4.0,2447132,2024-01-18,geolocated national model-support node,"place and coordinate are external records; node role, sink weight and any later flow are model inputs or estimates, not observed shipments",NF_EDFLOW_geolocated_network_expansion_v1_2_0_2026-08-31
GEO_NER_2438775,Niger,NER,Tibiri,Tibiri,3.99774,13.10575,PPL,candidate consumer or transit catchment,fish|vegetable,GeoNames cities5000 dump; CC BY 4.0,2438775,2024-01-18,geolocated national model-support node,"place and coordinate are external records; node role, sink weight and any later flow are model inputs or estimates, not observed shipments",NF_EDFLOW_geolocated_network_expansion_v1_2_0_2026-08-31
GEO_NER_2445148,Niger,NER,Falmey,Falmey,2.85112,12.59539,PPL,candidate consumer or transit catchment,fish|vegetable,GeoNames cities5000 dump; CC BY 4.0,2445148,2024-01-18,geolocated national model-support node,"place and coordinate are external records; node role, sink weight and any later flow are model inputs or estimates, not observed shipments",NF_EDFLOW_geolocated_network_expansion_v1_2_0_2026-08-31
GEO_NER_2446878,Niger,NER,Bélbéji,Belbeji,7.98282,14.6769,PPL,candidate consumer or transit catchment,fish|vegetable,GeoNames cities5000 dump; CC BY 4.0,2446878,2024-01-18,geolocated national model-support node,"place and coordinate are external records; node role, sink weight and any later flow are model inputs or estimates, not observed shipments",NF_EDFLOW_geolocated_network_expansion_v1_2_0_2026-08-31
GEO_NER_2445645,Niger,NER,Dioundiou,Dioundiou,3.54427,12.61677,PPL,candidate consumer or transit catchment,fish|vegetable,GeoNames cities5000 dump; CC BY 4.0,2445645,2024-01-18,geolocated national model-support node,"place and coordinate are external records; node role, sink weight and any later flow are model inputs or estimates, not observed shipments",NF_EDFLOW_geolocated_network_expansion_v1_2_0_2026-08-31
GEO_NER_2446613,Niger,NER,Bosso,Bosso,13.30951,13.69869,PPL,candidate consumer or transit catchment,fish|vegetable,GeoNames cities5000 dump; CC BY 4.0,2446613,2024-01-18,geolocated national model-support node,"place and coordinate are external records; node role, sink weight and any later flow are model inputs or estimates, not observed shipments",NF_EDFLOW_geolocated_network_expansion_v1_2_0_2026-08-31
GEO_NER_2448150,Niger,NER,Adérbissinat,Aderbissinat,7.8945,15.6275,PPL,candidate consumer or transit catchment,fish|vegetable,GeoNames cities5000 dump; CC BY 4.0,2448150,2024-01-18,geolocated national model-support node,"place and coordinate are external records; node role, sink weight and any later flow are model inputs or estimates, not observed shipments",NF_EDFLOW_geolocated_network_expansion_v1_2_0_2026-08-31
GEO_NER_2444298,Niger,NER,Goudoumaria,Goudoumaria,11.1885,13.7109,PPL,candidate consumer or transit catchment,fish|vegetable,GeoNames cities5000 dump; CC BY 4.0,2444298,2024-01-18,geolocated national model-support node,"place and coordinate are external records; node role, sink weight and any later flow are model inputs or estimates, not observed shipments",NF_EDFLOW_geolocated_network_expansion_v1_2_0_2026-08-31
GEO_NER_2447078,Niger,NER,Bankilaré,Bankilare,0.72669,14.57653,PPL,candidate consumer or transit catchment,fish|vegetable,GeoNames cities5000 dump; CC BY 4.0,2447078,2024-01-18,geolocated national model-support node,"place and coordinate are external records; node role, sink weight and any later flow are model inputs or estimates, not observed shipments",NF_EDFLOW_geolocated_network_expansion_v1_2_0_2026-08-31
GEO_NGA_2332459,Nigeria,NGA,Lagos,Lagos,3.39467,6.45407,PPLA2,major national hub,fish|vegetable,GeoNames cities5000 dump; CC BY 4.0,2332459,2023-10-25,geolocated national model-support node,"place and coordinate are external records; node role, sink weight and any later flow are model inputs or estimates, not observed shipments",NF_EDFLOW_geolocated_network_expansion_v1_2_0_2026-08-31
GEO_NGA_2335204,Nigeria,NGA,Kano,Kano,8.51672,12.00012,PPLA,major national hub,fish|vegetable,GeoNames cities5000 dump; CC BY 4.0,2335204,2026-04-14,geolocated national model-support node,"place and coordinate are external records; node role, sink weight and any later flow are model inputs or estimates, not observed shipments",NF_EDFLOW_geolocated_network_expansion_v1_2_0_2026-08-31
GEO_NGA_2339354,Nigeria,NGA,Ibadan,Ibadan,3.90591,7.37756,PPLA,major national hub,fish|vegetable,GeoNames cities5000 dump; CC BY 4.0,2339354,2026-04-14,geolocated national model-support node,"place and coordinate are external records; node role, sink weight and any later flow are model inputs or estimates, not observed shipments",NF_EDFLOW_geolocated_network_expansion_v1_2_0_2026-08-31
GEO_NGA_2352778,Nigeria,NGA,Abuja,Abuja,7.49508,9.05785,PPLC,major national hub,fish|vegetable,GeoNames cities5000 dump; CC BY 4.0,2352778,2024-04-06,geolocated national model-support node,"place and coordinate are external records; node role, sink weight and any later flow are model inputs or estimates, not observed shipments",NF_EDFLOW_geolocated_network_expansion_v1_2_0_2026-08-31
GEO_NGA_2324774,Nigeria,NGA,Port Harcourt,Port Harcourt,7.0134,4.77742,PPLA,major national hub,fish|vegetable,GeoNames cities5000 dump; CC BY 4.0,2324774,2026-04-14,geolocated national model-support node,"place and coordinate are external records; node role, sink weight and any later flow are model inputs or estimates, not observed shipments",NF_EDFLOW_geolocated_network_expansion_v1_2_0_2026-08-31
GEO_NGA_2335727,Nigeria,NGA,Kaduna,Kaduna,7.43879,10.52641,PPLA,candidate consumer or transit catchment,fish|vegetable,GeoNames cities5000 dump; CC BY 4.0,2335727,2026-04-14,geolocated national model-support node,"place and coordinate are external records; node role, sink weight and any later flow are model inputs or estimates, not observed shipments",NF_EDFLOW_geolocated_network_expansion_v1_2_0_2026-08-31
GEO_NGA_2347283,Nigeria,NGA,Benin City,Benin City,5.62575,6.33815,PPLA,candidate consumer or transit catchment,fish|vegetable,GeoNames cities5000 dump; CC BY 4.0,2347283,2026-04-14,geolocated national model-support node,"place and coordinate are external records; node role, sink weight and any later flow are model inputs or estimates, not observed shipments",NF_EDFLOW_geolocated_network_expansion_v1_2_0_2026-08-31
GEO_NGA_2326016,Nigeria,NGA,Onitsha,Onitsha,6.78569,6.14978,PPLA2,candidate consumer or transit catchment,fish|vegetable,GeoNames cities5000 dump; CC BY 4.0,2326016,2022-09-23,geolocated national model-support node,"place and coordinate are external records; node role, sink weight and any later flow are model inputs or estimates, not observed shipments",NF_EDFLOW_geolocated_network_expansion_v1_2_0_2026-08-31
GEO_NGA_2353151,Nigeria,NGA,Aba,Aba,7.36667,5.10658,PPLA2,candidate consumer or transit catchment,fish|vegetable,GeoNames cities5000 dump; CC BY 4.0,2353151,2024-01-18,geolocated national model-support node,"place and coordinate are external records; node role, sink weight and any later flow are model inputs or estimates, not observed shipments",NF_EDFLOW_geolocated_network_expansion_v1_2_0_2026-08-31
GEO_NGA_2331447,Nigeria,NGA,Maiduguri,Maiduguri,13.15712,11.84692,PPLA,candidate consumer or transit catchment,fish|vegetable,GeoNames cities5000 dump; CC BY 4.0,2331447,2026-04-14,geolocated national model-support node,"place and coordinate are external records; node role, sink weight and any later flow are model inputs or estimates, not observed shipments",NF_EDFLOW_geolocated_network_expansion_v1_2_0_2026-08-31
GEO_NGA_2337639,Nigeria,NGA,Ilorin,Ilorin,4.54214,8.49664,PPLA,candidate consumer or transit catchment,fish|vegetable,GeoNames cities5000 dump; CC BY 4.0,2337639,2026-04-14,geolocated national model-support node,"place and coordinate are external records; node role, sink weight and any later flow are model inputs or estimates, not observed shipments",NF_EDFLOW_geolocated_network_expansion_v1_2_0_2026-08-31
GEO_NGA_2322911,Nigeria,NGA,Sokoto,Sokoto,5.24322,13.06269,PPLA,candidate consumer or transit catchment,fish|vegetable,GeoNames cities5000 dump; CC BY 4.0,2322911,2026-04-14,geolocated national model-support node,"place and coordinate are external records; node role, sink weight and any later flow are model inputs or estimates, not observed shipments",NF_EDFLOW_geolocated_network_expansion_v1_2_0_2026-08-31
GEO_NGA_2335953,Nigeria,NGA,Jos,Jos,8.89212,9.92849,PPLA,candidate consumer or transit catchment,fish|vegetable,GeoNames cities5000 dump; CC BY 4.0,2335953,2026-04-14,geolocated national model-support node,"place and coordinate are external records; node role, sink weight and any later flow are model inputs or estimates, not observed shipments",NF_EDFLOW_geolocated_network_expansion_v1_2_0_2026-08-31
GEO_NGA_2343279,Nigeria,NGA,Enugu,Enugu,7.49883,6.44132,PPLA,candidate consumer or transit catchment,fish|vegetable,GeoNames cities5000 dump; CC BY 4.0,2343279,2026-04-14,geolocated national model-support node,"place and coordinate are external records; node role, sink weight and any later flow are model inputs or estimates, not observed shipments",NF_EDFLOW_geolocated_network_expansion_v1_2_0_2026-08-31
GEO_NGA_2319133,Nigeria,NGA,Warri,Warri,5.75006,5.51737,PPLA2,candidate consumer or transit catchment,fish|vegetable,GeoNames cities5000 dump; CC BY 4.0,2319133,2024-01-18,geolocated national model-support node,"place and coordinate are external records; node role, sink weight and any later flow are model inputs or estimates, not observed shipments",NF_EDFLOW_geolocated_network_expansion_v1_2_0_2026-08-31
GEO_NGA_2325200,Nigeria,NGA,Oyo,Oyo,3.93235,7.85367,PPLA2,candidate consumer or transit catchment,fish|vegetable,GeoNames cities5000 dump; CC BY 4.0,2325200,2022-06-18,geolocated national model-support node,"place and coordinate are external records; node role, sink weight and any later flow are model inputs or estimates, not observed shipments",NF_EDFLOW_geolocated_network_expansion_v1_2_0_2026-08-31
GEO_NGA_2352947,Nigeria,NGA,Abeokuta,Abeokuta,3.34509,7.15571,PPLA,candidate consumer or transit catchment,fish|vegetable,GeoNames cities5000 dump; CC BY 4.0,2352947,2026-04-14,geolocated national model-support node,"place and coordinate are external records; node role, sink weight and any later flow are model inputs or estimates, not observed shipments",NF_EDFLOW_geolocated_network_expansion_v1_2_0_2026-08-31
GEO_NGA_2350841,Nigeria,NGA,Akure,Akure,5.19312,7.25256,PPLA,candidate consumer or transit catchment,fish|vegetable,GeoNames cities5000 dump; CC BY 4.0,2350841,2026-04-14,geolocated national model-support node,"place and coordinate are external records; node role, sink weight and any later flow are model inputs or estimates, not observed shipments",NF_EDFLOW_geolocated_network_expansion_v1_2_0_2026-08-31
GEO_NGA_2347470,Nigeria,NGA,Bauchi,Bauchi,9.84388,10.31032,PPLA,candidate consumer or transit catchment,fish|vegetable,GeoNames cities5000 dump; CC BY 4.0,2347470,2026-04-14,geolocated national model-support node,"place and coordinate are external records; node role, sink weight and any later flow are model inputs or estimates, not observed shipments",NF_EDFLOW_geolocated_network_expansion_v1_2_0_2026-08-31
GEO_NGA_2351943,Nigeria,NGA,Agege,Agege,3.33337,6.61563,PPLA2,candidate consumer or transit catchment,fish|vegetable,GeoNames cities5000 dump; CC BY 4.0,2351943,2026-06-20,geolocated national model-support node,"place and coordinate are external records; node role, sink weight and any later flow are model inputs or estimates, not observed shipments",NF_EDFLOW_geolocated_network_expansion_v1_2_0_2026-08-31
GEO_NGA_2334802,Nigeria,NGA,Katsina,Katsina,7.60177,12.99082,PPLA,candidate consumer or transit catchment,fish|vegetable,GeoNames cities5000 dump; CC BY 4.0,2334802,2026-04-14,geolocated national model-support node,"place and coordinate are external records; node role, sink weight and any later flow are model inputs or estimates, not observed shipments",NF_EDFLOW_geolocated_network_expansion_v1_2_0_2026-08-31
GEO_NGA_2325590,Nigeria,NGA,Osogbo,Osogbo,4.55698,7.77104,PPLA,candidate consumer or transit catchment,fish|vegetable,GeoNames cities5000 dump; CC BY 4.0,2325590,2026-04-14,geolocated national model-support node,"place and coordinate are external records; node role, sink weight and any later flow are model inputs or estimates, not observed shipments",NF_EDFLOW_geolocated_network_expansion_v1_2_0_2026-08-31
GEO_NGA_2338900,Nigeria,NGA,Ile-Ife,Ile-Ife,4.56032,7.4824,PPLA2,candidate consumer or transit catchment,fish|vegetable,GeoNames cities5000 dump; CC BY 4.0,2338900,2024-01-18,geolocated national model-support node,"place and coordinate are external records; node role, sink weight and any later flow are model inputs or estimates, not observed shipments",NF_EDFLOW_geolocated_network_expansion_v1_2_0_2026-08-31
GEO_NGA_2340451,Nigeria,NGA,Gombe,Gombe,11.16729,10.28969,PPLA,candidate consumer or transit catchment,fish|vegetable,GeoNames cities5000 dump; CC BY 4.0,2340451,2026-04-14,geolocated national model-support node,"place and coordinate are external records; node role, sink weight and any later flow are model inputs or estimates, not observed shipments",NF_EDFLOW_geolocated_network_expansion_v1_2_0_2026-08-31
GEO_NGA_2566636,Nigeria,NGA,Ajegunle,Ajegunle,3.33115,6.45197,PPLA2,candidate consumer or transit catchment,fish|vegetable,GeoNames cities5000 dump; CC BY 4.0,2566636,2024-04-16,geolocated national model-support node,"place and coordinate are external records; node role, sink weight and any later flow are model inputs or estimates, not observed shipments",NF_EDFLOW_geolocated_network_expansion_v1_2_0_2026-08-31
GEO_NGA_2325330,Nigeria,NGA,Owerri,Owerri,7.03325,5.48363,PPLA,candidate consumer or transit catchment,fish|vegetable,GeoNames cities5000 dump; CC BY 4.0,2325330,2026-04-14,geolocated national model-support node,"place and coordinate are external records; node role, sink weight and any later flow are model inputs or estimates, not observed shipments",NF_EDFLOW_geolocated_network_expansion_v1_2_0_2026-08-31
GEO_NGA_2346229,Nigeria,NGA,Calabar,Calabar,8.32695,4.95893,PPLA,candidate consumer or transit catchment,fish|vegetable,GeoNames cities5000 dump; CC BY 4.0,2346229,2026-04-14,geolocated national model-support node,"place and coordinate are external records; node role, sink weight and any later flow are model inputs or estimates, not observed shipments",NF_EDFLOW_geolocated_network_expansion_v1_2_0_2026-08-31
GEO_NGA_2327220,Nigeria,NGA,Okene,Okene,6.23589,7.55122,PPLA2,candidate consumer or transit catchment,fish|vegetable,GeoNames cities5000 dump; CC BY 4.0,2327220,2016-01-30,geolocated national model-support node,"place and coordinate are external records; node role, sink weight and any later flow are model inputs or estimates, not observed shipments",NF_EDFLOW_geolocated_network_expansion_v1_2_0_2026-08-31
GEO_NGA_2338325,Nigeria,NGA,Ikare,Ikare,5.75342,7.52591,PPLA2,candidate consumer or transit catchment,fish|vegetable,GeoNames cities5000 dump; CC BY 4.0,2338325,2024-01-18,geolocated national model-support node,"place and coordinate are external records; node role, sink weight and any later flow are model inputs or estimates, not observed shipments",NF_EDFLOW_geolocated_network_expansion_v1_2_0_2026-08-31
GEO_NGA_2318044,Nigeria,NGA,Yola,Yola,12.48146,9.20839,PPLA,candidate consumer or transit catchment,fish|vegetable,GeoNames cities5000 dump; CC BY 4.0,2318044,2026-04-14,geolocated national model-support node,"place and coordinate are external records; node role, sink weight and any later flow are model inputs or estimates, not observed shipments",NF_EDFLOW_geolocated_network_expansion_v1_2_0_2026-08-31
GEO_NGA_2319480,Nigeria,NGA,Uyo,Uyo,7.9335,5.05127,PPLA,candidate consumer or transit catchment,fish|vegetable,GeoNames cities5000 dump; CC BY 4.0,2319480,2026-04-14,geolocated national model-support node,"place and coordinate are external records; node role, sink weight and any later flow are model inputs or estimates, not observed shipments",NF_EDFLOW_geolocated_network_expansion_v1_2_0_2026-08-31
GEO_NGA_2352379,Nigeria,NGA,Ado-Ekiti,Ado-Ekiti,5.22087,7.62329,PPLA,candidate consumer or transit catchment,fish|vegetable,GeoNames cities5000 dump; CC BY 4.0,2352379,2026-04-14,geolocated national model-support node,"place and coordinate are external records; node role, sink weight and any later flow are model inputs or estimates, not observed shipments",NF_EDFLOW_geolocated_network_expansion_v1_2_0_2026-08-31
GEO_NGA_2327735,Nigeria,NGA,Ogbomoso,Ogbomoso,4.24014,8.13373,PPLA2,candidate consumer or transit catchment,fish|vegetable,GeoNames cities5000 dump; CC BY 4.0,2327735,2024-01-18,geolocated national model-support node,"place and coordinate are external records; node role, sink weight and any later flow are model inputs or estimates, not observed shipments",NF_EDFLOW_geolocated_network_expansion_v1_2_0_2026-08-31
GEO_NGA_2330100,Nigeria,NGA,Minna,Minna,6.54776,9.61524,PPLA,candidate consumer or transit catchment,fish|vegetable,GeoNames cities5000 dump; CC BY 4.0,2330100,2026-04-14,geolocated national model-support node,"place and coordinate are external records; node role, sink weight and any later flow are model inputs or estimates, not observed shipments",NF_EDFLOW_geolocated_network_expansion_v1_2_0_2026-08-31
GEO_NGA_2347209,Nigeria,NGA,Bida,Bida,6.0099,9.08044,PPLA2,candidate consumer or transit catchment,fish|vegetable,GeoNames cities5000 dump; CC BY 4.0,2347209,2024-01-18,geolocated national model-support node,"place and coordinate are external records; node role, sink weight and any later flow are model inputs or estimates, not observed shipments",NF_EDFLOW_geolocated_network_expansion_v1_2_0_2026-08-31
GEO_NGA_2331140,Nigeria,NGA,Makurdi,Makurdi,8.52139,7.73375,PPLA,candidate consumer or transit catchment,fish|vegetable,GeoNames cities5000 dump; CC BY 4.0,2331140,2026-04-14,geolocated national model-support node,"place and coordinate are external records; node role, sink weight and any later flow are model inputs or estimates, not observed shipments",NF_EDFLOW_geolocated_network_expansion_v1_2_0_2026-08-31
GEO_NGA_2326171,Nigeria,NGA,Ondo,Ondo,4.83528,7.09316,PPLA2,candidate consumer or transit catchment,fish|vegetable,GeoNames cities5000 dump; CC BY 4.0,2326171,2024-01-18,geolocated national model-support node,"place and coordinate are external records; node role, sink weight and any later flow are model inputs or estimates, not observed shipments",NF_EDFLOW_geolocated_network_expansion_v1_2_0_2026-08-31
GEO_NGA_2320576,Nigeria,NGA,Umuahia,Umuahia,7.49461,5.52491,PPLA,candidate consumer or transit catchment,fish|vegetable,GeoNames cities5000 dump; CC BY 4.0,2320576,2026-04-14,geolocated national model-support node,"place and coordinate are external records; node role, sink weight and any later flow are model inputs or estimates, not observed shipments",NF_EDFLOW_geolocated_network_expansion_v1_2_0_2026-08-31
GEO_NGA_2337181,Nigeria,NGA,Iseyin,Iseyin,3.59626,7.97022,PPLA2,candidate consumer or transit catchment,fish|vegetable,GeoNames cities5000 dump; CC BY 4.0,2337181,2024-11-15,geolocated national model-support node,"place and coordinate are external records; node role, sink weight and any later flow are model inputs or estimates, not observed shipments",NF_EDFLOW_geolocated_network_expansion_v1_2_0_2026-08-31
GEO_NGA_2318123,Nigeria,NGA,Yenagoa,Yenagoa,6.26764,4.92675,PPLA,candidate consumer or transit catchment,fish|vegetable,GeoNames cities5000 dump; CC BY 4.0,2318123,2026-04-14,geolocated national model-support node,"place and coordinate are external records; node role, sink weight and any later flow are model inputs or estimates, not observed shipments",NF_EDFLOW_geolocated_network_expansion_v1_2_0_2026-08-31
GEO_NGA_2341374,Nigeria,NGA,Gboko,Gboko,9.00108,7.32275,PPLA2,candidate consumer or transit catchment,fish|vegetable,GeoNames cities5000 dump; CC BY 4.0,2341374,2024-01-18,geolocated national model-support node,"place and coordinate are external records; node role, sink weight and any later flow are model inputs or estimates, not observed shipments",NF_EDFLOW_geolocated_network_expansion_v1_2_0_2026-08-31
GEO_NGA_2338400,Nigeria,NGA,Ijebu Ode,Ijebu Ode,3.91731,6.81944,PPLA2,candidate consumer or transit catchment,fish|vegetable,GeoNames cities5000 dump; CC BY 4.0,2338400,2024-01-18,geolocated national model-support node,"place and coordinate are external records; node role, sink weight and any later flow are model inputs or estimates, not observed shipments",NF_EDFLOW_geolocated_network_expansion_v1_2_0_2026-08-31
GEO_NGA_2337704,Nigeria,NGA,Ilesa,Ilesa,4.74161,7.62789,PPLA2,candidate consumer or transit catchment,fish|vegetable,GeoNames cities5000 dump; CC BY 4.0,2337704,2024-01-18,geolocated national model-support node,"place and coordinate are external records; node role, sink weight and any later flow are model inputs or estimates, not observed shipments",NF_EDFLOW_geolocated_network_expansion_v1_2_0_2026-08-31
GEO_NGA_2338313,Nigeria,NGA,Ikeja,Ikeja,3.34205,6.59651,PPLA,candidate consumer or transit catchment,fish|vegetable,GeoNames cities5000 dump; CC BY 4.0,2338313,2026-04-14,geolocated national model-support node,"place and coordinate are external records; node role, sink weight and any later flow are model inputs or estimates, not observed shipments",NF_EDFLOW_geolocated_network_expansion_v1_2_0_2026-08-31
GEO_NGA_2323675,Nigeria,NGA,Sapele,Sapele,5.67666,5.89405,PPLA2,candidate consumer or transit catchment,fish|vegetable,GeoNames cities5000 dump; CC BY 4.0,2323675,2024-01-18,geolocated national model-support node,"place and coordinate are external records; node role, sink weight and any later flow are model inputs or estimates, not observed shipments",NF_EDFLOW_geolocated_network_expansion_v1_2_0_2026-08-31
GEO_NGA_2343983,Nigeria,NGA,Efon-Alaaye,Efon-Alaaye,4.92235,7.65649,PPLA2,candidate consumer or transit catchment,fish|vegetable,GeoNames cities5000 dump; CC BY 4.0,2343983,2018-03-22,geolocated national model-support node,"place and coordinate are external records; node role, sink weight and any later flow are model inputs or estimates, not observed shipments",NF_EDFLOW_geolocated_network_expansion_v1_2_0_2026-08-31
GEO_NGA_2325314,Nigeria,NGA,Owo,Owo,5.58681,7.1962,PPLA2,candidate consumer or transit catchment,fish|vegetable,GeoNames cities5000 dump; CC BY 4.0,2325314,2016-01-30,geolocated national model-support node,"place and coordinate are external records; node role, sink weight and any later flow are model inputs or estimates, not observed shipments",NF_EDFLOW_geolocated_network_expansion_v1_2_0_2026-08-31
GEO_NGA_2338106,Nigeria,NGA,Ikot Ekpene,Ikot Ekpene,7.71481,5.18194,PPLA2,candidate consumer or transit catchment,fish|vegetable,GeoNames cities5000 dump; CC BY 4.0,2338106,2016-01-30,geolocated national model-support node,"place and coordinate are external records; node role, sink weight and any later flow are model inputs or estimates, not observed shipments",NF_EDFLOW_geolocated_network_expansion_v1_2_0_2026-08-31
GEO_NGA_2325457,Nigeria,NGA,Ota,Ota,3.23202,6.68867,PPLA2,candidate consumer or transit catchment,fish|vegetable,GeoNames cities5000 dump; CC BY 4.0,2325457,2026-06-20,geolocated national model-support node,"place and coordinate are external records; node role, sink weight and any later flow are model inputs or estimates, not observed shipments",NF_EDFLOW_geolocated_network_expansion_v1_2_0_2026-08-31
GEO_NGA_2336905,Nigeria,NGA,Iwo,Iwo,4.18156,7.63527,PPLA2,candidate consumer or transit catchment,fish|vegetable,GeoNames cities5000 dump; CC BY 4.0,2336905,2016-01-30,geolocated national model-support node,"place and coordinate are external records; node role, sink weight and any later flow are model inputs or estimates, not observed shipments",NF_EDFLOW_geolocated_network_expansion_v1_2_0_2026-08-31
GEO_NGA_2336056,Nigeria,NGA,Jimeta,Jimeta,12.45819,9.27949,PPLA2,candidate consumer or transit catchment,fish|vegetable,GeoNames cities5000 dump; CC BY 4.0,2336056,2016-01-30,geolocated national model-support node,"place and coordinate are external records; node role, sink weight and any later flow are model inputs or estimates, not observed shipments",NF_EDFLOW_geolocated_network_expansion_v1_2_0_2026-08-31
GEO_NGA_2349019,Nigeria,NGA,Atani,Atani,6.74768,6.01277,PPLA2,candidate consumer or transit catchment,fish|vegetable,GeoNames cities5000 dump; CC BY 4.0,2349019,2017-12-06,geolocated national model-support node,"place and coordinate are external records; node role, sink weight and any later flow are model inputs or estimates, not observed shipments",NF_EDFLOW_geolocated_network_expansion_v1_2_0_2026-08-31
GEO_NGA_2339937,Nigeria,NGA,Gusau,Gusau,6.66412,12.17024,PPLA,candidate consumer or transit catchment,fish|vegetable,GeoNames cities5000 dump; CC BY 4.0,2339937,2026-04-14,geolocated national model-support node,"place and coordinate are external records; node role, sink weight and any later flow are model inputs or estimates, not observed shipments",NF_EDFLOW_geolocated_network_expansion_v1_2_0_2026-08-31
GEO_NGA_2329821,Nigeria,NGA,Mubi,Mubi,13.26701,10.26858,PPLA2,candidate consumer or transit catchment,fish|vegetable,GeoNames cities5000 dump; CC BY 4.0,2329821,2016-01-30,geolocated national model-support node,"place and coordinate are external records; node role, sink weight and any later flow are model inputs or estimates, not observed shipments",NF_EDFLOW_geolocated_network_expansion_v1_2_0_2026-08-31
GEO_NGA_2338273,Nigeria,NGA,Ikire,Ikire,4.1863,7.36983,PPLA2,candidate consumer or transit catchment,fish|vegetable,GeoNames cities5000 dump; CC BY 4.0,2338273,2019-08-07,geolocated national model-support node,"place and coordinate are external records; node role, sink weight and any later flow are model inputs or estimates, not observed shipments",NF_EDFLOW_geolocated_network_expansion_v1_2_0_2026-08-31
GEO_NGA_2323411,Nigeria,NGA,Shagamu,Shagamu,3.64633,6.8485,PPLA2,candidate consumer or transit catchment,fish|vegetable,GeoNames cities5000 dump; CC BY 4.0,2323411,2026-06-20,geolocated national model-support node,"place and coordinate are external records; node role, sink weight and any later flow are model inputs or estimates, not observed shipments",NF_EDFLOW_geolocated_network_expansion_v1_2_0_2026-08-31
GEO_NGA_2320831,Nigeria,NGA,Ugep,Ugep,8.08098,5.80865,PPLA2,candidate consumer or transit catchment,fish|vegetable,GeoNames cities5000 dump; CC BY 4.0,2320831,2016-01-30,geolocated national model-support node,"place and coordinate are external records; node role, sink weight and any later flow are model inputs or estimates, not observed shipments",NF_EDFLOW_geolocated_network_expansion_v1_2_0_2026-08-31
GEO_NGA_2329660,Nigeria,NGA,Mushin,Mushin,3.35411,6.52799,PPLA2,candidate consumer or transit catchment,fish|vegetable,GeoNames cities5000 dump; CC BY 4.0,2329660,2024-04-16,geolocated national model-support node,"place and coordinate are external records; node role, sink weight and any later flow are model inputs or estimates, not observed shipments",NF_EDFLOW_geolocated_network_expansion_v1_2_0_2026-08-31
GEO_NGA_2328765,Nigeria,NGA,Nnewi,Nnewi,6.91729,6.01962,PPLA2,candidate consumer or transit catchment,fish|vegetable,GeoNames cities5000 dump; CC BY 4.0,2328765,2016-01-30,geolocated national model-support node,"place and coordinate are external records; node role, sink weight and any later flow are model inputs or estimates, not observed shipments",NF_EDFLOW_geolocated_network_expansion_v1_2_0_2026-08-31
GEO_NGA_2322733,Nigeria,NGA,Surulere,Surulere,3.35808,6.50153,PPLA2,candidate consumer or transit catchment,fish|vegetable,GeoNames cities5000 dump; CC BY 4.0,2322733,2024-04-16,geolocated national model-support node,"place and coordinate are external records; node role, sink weight and any later flow are model inputs or estimates, not observed shipments",NF_EDFLOW_geolocated_network_expansion_v1_2_0_2026-08-31
GEO_NGA_2337207,Nigeria,NGA,Ise-Ekiti,Ise-Ekiti,5.42333,7.46478,PPLA2,candidate consumer or transit catchment,fish|vegetable,GeoNames cities5000 dump; CC BY 4.0,2337207,2016-01-30,geolocated national model-support node,"place and coordinate are external records; node role, sink weight and any later flow are model inputs or estimates, not observed shipments",NF_EDFLOW_geolocated_network_expansion_v1_2_0_2026-08-31
GEO_NGA_2337765,Nigeria,NGA,Ila Orangun,Ila Orangun,4.90421,8.01714,PPLA2,candidate consumer or transit catchment,fish|vegetable,GeoNames cities5000 dump; CC BY 4.0,2337765,2016-01-30,geolocated national model-support node,"place and coordinate are external records; node role, sink weight and any later flow are model inputs or estimates, not observed shipments",NF_EDFLOW_geolocated_network_expansion_v1_2_0_2026-08-31
GEO_NGA_2323390,Nigeria,NGA,Saki,Saki,3.39393,8.66762,PPLA2,candidate consumer or transit catchment,fish|vegetable,GeoNames cities5000 dump; CC BY 4.0,2323390,2016-01-30,geolocated national model-support node,"place and coordinate are external records; node role, sink weight and any later flow are model inputs or estimates, not observed shipments",NF_EDFLOW_geolocated_network_expansion_v1_2_0_2026-08-31
GEO_NGA_2325592,Nigeria,NGA,Oshodi,Oshodi,3.34363,6.55504,PPLA2,candidate consumer or transit catchment,fish|vegetable,GeoNames cities5000 dump; CC BY 4.0,2325592,2024-04-16,geolocated national model-support node,"place and coordinate are external records; node role, sink weight and any later flow are model inputs or estimates, not observed shipments",NF_EDFLOW_geolocated_network_expansion_v1_2_0_2026-08-31
GEO_NGA_2348773,Nigeria,NGA,Awka,Awka,7.07199,6.21269,PPLA,candidate consumer or transit catchment,fish|vegetable,GeoNames cities5000 dump; CC BY 4.0,2348773,2026-04-14,geolocated national model-support node,"place and coordinate are external records; node role, sink weight and any later flow are model inputs or estimates, not observed shipments",NF_EDFLOW_geolocated_network_expansion_v1_2_0_2026-08-31
GEO_NGA_2338385,Nigeria,NGA,Ijero-Ekiti,Ijero-Ekiti,5.06716,7.81514,PPLA2,candidate consumer or transit catchment,fish|vegetable,GeoNames cities5000 dump; CC BY 4.0,2338385,2016-01-30,geolocated national model-support node,"place and coordinate are external records; node role, sink weight and any later flow are model inputs or estimates, not observed shipments",NF_EDFLOW_geolocated_network_expansion_v1_2_0_2026-08-31
GEO_NGA_2322794,Nigeria,NGA,Suleja,Suleja,7.17939,9.18059,PPLA2,candidate consumer or transit catchment,fish|vegetable,GeoNames cities5000 dump; CC BY 4.0,2322794,2016-01-30,geolocated national model-support node,"place and coordinate are external records; node role, sink weight and any later flow are model inputs or estimates, not observed shipments",NF_EDFLOW_geolocated_network_expansion_v1_2_0_2026-08-31
GEO_NGA_2344053,Nigeria,NGA,Ede,Ede,4.43536,7.73635,PPLA2,candidate consumer or transit catchment,fish|vegetable,GeoNames cities5000 dump; CC BY 4.0,2344053,2025-12-25,geolocated national model-support node,"place and coordinate are external records; node role, sink weight and any later flow are model inputs or estimates, not observed shipments",NF_EDFLOW_geolocated_network_expansion_v1_2_0_2026-08-31
GEO_NGA_2334327,Nigeria,NGA,Kisi,Kisi,3.85196,9.08297,PPLA2,candidate consumer or transit catchment,fish|vegetable,GeoNames cities5000 dump; CC BY 4.0,2334327,2016-01-30,geolocated national model-support node,"place and coordinate are external records; node role, sink weight and any later flow are model inputs or estimates, not observed shipments",NF_EDFLOW_geolocated_network_expansion_v1_2_0_2026-08-31
GEO_NGA_2323090,Nigeria,NGA,Shomolu,Shomolu,3.3742,6.53891,PPLA2,candidate consumer or transit catchment,fish|vegetable,GeoNames cities5000 dump; CC BY 4.0,2323090,2024-04-16,geolocated national model-support node,"place and coordinate are external records; node role, sink weight and any later flow are model inputs or estimates, not observed shipments",NF_EDFLOW_geolocated_network_expansion_v1_2_0_2026-08-31
GEO_NGA_2341355,Nigeria,NGA,Gbongan,Gbongan,4.35351,7.47734,PPLA2,candidate consumer or transit catchment,fish|vegetable,GeoNames cities5000 dump; CC BY 4.0,2341355,2016-01-30,geolocated national model-support node,"place and coordinate are external records; node role, sink weight and any later flow are model inputs or estimates, not observed shipments",NF_EDFLOW_geolocated_network_expansion_v1_2_0_2026-08-31
GEO_NGA_2343784,Nigeria,NGA,Ejigbo,Ejigbo,4.31364,7.90303,PPLA2,candidate consumer or transit catchment,fish|vegetable,GeoNames cities5000 dump; CC BY 4.0,2343784,2026-01-05,geolocated national model-support node,"place and coordinate are external records; node role, sink weight and any later flow are model inputs or estimates, not observed shipments",NF_EDFLOW_geolocated_network_expansion_v1_2_0_2026-08-31
GEO_NGA_2342490,Nigeria,NGA,Funtua,Funtua,7.31174,11.52351,PPLA2,candidate consumer or transit catchment,fish|vegetable,GeoNames cities5000 dump; CC BY 4.0,2342490,2016-06-22,geolocated national model-support node,"place and coordinate are external records; node role, sink weight and any later flow are model inputs or estimates, not observed shipments",NF_EDFLOW_geolocated_network_expansion_v1_2_0_2026-08-31
GEO_NGA_2338711,Nigeria,NGA,Igboho,Igboho,3.75628,8.83784,PPLA2,candidate consumer or transit catchment,fish|vegetable,GeoNames cities5000 dump; CC BY 4.0,2338711,2016-01-30,geolocated national model-support node,"place and coordinate are external records; node role, sink weight and any later flow are model inputs or estimates, not observed shipments",NF_EDFLOW_geolocated_network_expansion_v1_2_0_2026-08-31
GEO_NGA_2346615,Nigeria,NGA,Buguma,Buguma,6.86236,4.73614,PPLA2,candidate consumer or transit catchment,fish|vegetable,GeoNames cities5000 dump; CC BY 4.0,2346615,2016-01-30,geolocated national model-support node,"place and coordinate are external records; node role, sink weight and any later flow are model inputs or estimates, not observed shipments",NF_EDFLOW_geolocated_network_expansion_v1_2_0_2026-08-31
GEO_NGA_2338269,Nigeria,NGA,Ikirun,Ikirun,4.66741,7.91283,PPLA2,candidate consumer or transit catchment,fish|vegetable,GeoNames cities5000 dump; CC BY 4.0,2338269,2016-01-30,geolocated national model-support node,"place and coordinate are external records; node role, sink weight and any later flow are model inputs or estimates, not observed shipments",NF_EDFLOW_geolocated_network_expansion_v1_2_0_2026-08-31
GEO_NGA_2353099,Nigeria,NGA,Abakaliki,Abakaliki,8.11368,6.32485,PPLA,candidate consumer or transit catchment,fish|vegetable,GeoNames cities5000 dump; CC BY 4.0,2353099,2026-04-14,geolocated national model-support node,"place and coordinate are external records; node role, sink weight and any later flow are model inputs or estimates, not observed shipments",NF_EDFLOW_geolocated_network_expansion_v1_2_0_2026-08-31
GEO_NGA_2326899,Nigeria,NGA,Okrika,Okrika,7.08368,4.74215,PPLA2,candidate consumer or transit catchment,fish|vegetable,GeoNames cities5000 dump; CC BY 4.0,2326899,2016-01-30,geolocated national model-support node,"place and coordinate are external records; node role, sink weight and any later flow are model inputs or estimates, not observed shipments",NF_EDFLOW_geolocated_network_expansion_v1_2_0_2026-08-31
GEO_NGA_2332515,Nigeria,NGA,Lafia,Lafia,8.51532,8.4939,PPLA,candidate consumer or transit catchment,fish|vegetable,GeoNames cities5000 dump; CC BY 4.0,2332515,2026-04-14,geolocated national model-support node,"place and coordinate are external records; node role, sink weight and any later flow are model inputs or estimates, not observed shipments",NF_EDFLOW_geolocated_network_expansion_v1_2_0_2026-08-31
GEO_NGA_2341656,Nigeria,NGA,Gashua,Gashua,11.04057,12.87398,PPLA2,candidate consumer or transit catchment,fish|vegetable,GeoNames cities5000 dump; CC BY 4.0,2341656,2016-06-22,geolocated national model-support node,"place and coordinate are external records; node role, sink weight and any later flow are model inputs or estimates, not observed shipments",NF_EDFLOW_geolocated_network_expansion_v1_2_0_2026-08-31
GEO_NGA_2347954,Nigeria,NGA,Bama,Bama,13.68952,11.52134,PPLA2,candidate consumer or transit catchment,fish|vegetable,GeoNames cities5000 dump; CC BY 4.0,2347954,2016-06-22,geolocated national model-support node,"place and coordinate are external records; node role, sink weight and any later flow are model inputs or estimates, not observed shipments",NF_EDFLOW_geolocated_network_expansion_v1_2_0_2026-08-31
GEO_NGA_2337659,Nigeria,NGA,Ilobu,Ilobu,4.48672,7.83879,PPLA2,candidate consumer or transit catchment,fish|vegetable,GeoNames cities5000 dump; CC BY 4.0,2337659,2022-06-18,geolocated national model-support node,"place and coordinate are external records; node role, sink weight and any later flow are model inputs or estimates, not observed shipments",NF_EDFLOW_geolocated_network_expansion_v1_2_0_2026-08-31
GEO_NGA_2336589,Nigeria,NGA,Jalingo,Jalingo,11.3596,8.89367,PPLA,candidate consumer or transit catchment,fish|vegetable,GeoNames cities5000 dump; CC BY 4.0,2336589,2026-04-14,geolocated national model-support node,"place and coordinate are external records; node role, sink weight and any later flow are model inputs or estimates, not observed shipments",NF_EDFLOW_geolocated_network_expansion_v1_2_0_2026-08-31
GEO_NGA_2327143,Nigeria,NGA,Okigwe,Okigwe,7.35056,5.82917,PPLA2,candidate consumer or transit catchment,fish|vegetable,GeoNames cities5000 dump; CC BY 4.0,2327143,2016-01-30,geolocated national model-support node,"place and coordinate are external records; node role, sink weight and any later flow are model inputs or estimates, not observed shipments",NF_EDFLOW_geolocated_network_expansion_v1_2_0_2026-08-31
GEO_NGA_2327879,Nigeria,NGA,Offa,Offa,4.72074,8.14911,PPLA2,candidate consumer or transit catchment,fish|vegetable,GeoNames cities5000 dump; CC BY 4.0,2327879,2016-01-30,geolocated national model-support node,"place and coordinate are external records; node role, sink weight and any later flow are model inputs or estimates, not observed shipments",NF_EDFLOW_geolocated_network_expansion_v1_2_0_2026-08-31
GEO_NGA_2328952,Nigeria,NGA,Nguru,Nguru,10.45536,12.87695,PPLA2,candidate consumer or transit catchment,fish|vegetable,GeoNames cities5000 dump; CC BY 4.0,2328952,2016-06-22,geolocated national model-support node,"place and coordinate are external records; node role, sink weight and any later flow are model inputs or estimates, not observed shipments",NF_EDFLOW_geolocated_network_expansion_v1_2_0_2026-08-31
GEO_NGA_2339631,Nigeria,NGA,Hadejia,Hadejia,10.04115,12.45347,PPLA2,candidate consumer or transit catchment,fish|vegetable,GeoNames cities5000 dump; CC BY 4.0,2339631,2016-06-22,geolocated national model-support node,"place and coordinate are external records; node role, sink weight and any later flow are model inputs or estimates, not observed shipments",NF_EDFLOW_geolocated_network_expansion_v1_2_0_2026-08-31
GEO_NGA_2338403,Nigeria,NGA,Ijebu-Igbo,Ijebu-Igbo,3.99938,6.97198,PPLA2,candidate consumer or transit catchment,fish|vegetable,GeoNames cities5000 dump; CC BY 4.0,2338403,2016-01-30,geolocated national model-support node,"place and coordinate are external records; node role, sink weight and any later flow are model inputs or estimates, not observed shipments",NF_EDFLOW_geolocated_network_expansion_v1_2_0_2026-08-31
GEO_NGA_2347059,Nigeria,NGA,Birnin Kebbi,Birnin Kebbi,4.1975,12.45389,PPLA,candidate consumer or transit catchment,fish|vegetable,GeoNames cities5000 dump; CC BY 4.0,2347059,2026-04-14,geolocated national model-support node,"place and coordinate are external records; node role, sink weight and any later flow are model inputs or estimates, not observed shipments",NF_EDFLOW_geolocated_network_expansion_v1_2_0_2026-08-31
GEO_NGA_2348595,Nigeria,NGA,Azare,Azare,10.19069,11.67478,PPLA2,candidate consumer or transit catchment,fish|vegetable,GeoNames cities5000 dump; CC BY 4.0,2348595,2016-06-22,geolocated national model-support node,"place and coordinate are external records; node role, sink weight and any later flow are model inputs or estimates, not observed shipments",NF_EDFLOW_geolocated_network_expansion_v1_2_0_2026-08-31
GEO_NGA_2338287,Nigeria,NGA,Ikere-Ekiti,Ikere-Ekiti,5.23041,7.49748,PPLA2,candidate consumer or transit catchment,fish|vegetable,GeoNames cities5000 dump; CC BY 4.0,2338287,2016-01-30,geolocated national model-support node,"place and coordinate are external records; node role, sink weight and any later flow are model inputs or estimates, not observed shipments",NF_EDFLOW_geolocated_network_expansion_v1_2_0_2026-08-31
GEO_NGA_2332504,Nigeria,NGA,Lafiagi,Lafiagi,5.41641,8.85299,PPLA2,candidate consumer or transit catchment,fish|vegetable,GeoNames cities5000 dump; CC BY 4.0,2332504,2016-01-30,geolocated national model-support node,"place and coordinate are external records; node role, sink weight and any later flow are model inputs or estimates, not observed shipments",NF_EDFLOW_geolocated_network_expansion_v1_2_0_2026-08-31
GEO_NGA_2334008,Nigeria,NGA,Kontagora,Kontagora,5.4708,10.40319,PPLA2,candidate consumer or transit catchment,fish|vegetable,GeoNames cities5000 dump; CC BY 4.0,2334008,2016-01-30,geolocated national model-support node,"place and coordinate are external records; node role, sink weight and any later flow are model inputs or estimates, not observed shipments",NF_EDFLOW_geolocated_network_expansion_v1_2_0_2026-08-31
GEO_NGA_2333604,Nigeria,NGA,Kuje,Kuje,7.22756,8.87952,PPLA2,candidate consumer or transit catchment,fish|vegetable,GeoNames cities5000 dump; CC BY 4.0,2333604,2016-01-30,geolocated national model-support node,"place and coordinate are external records; node role, sink weight and any later flow are model inputs or estimates, not observed shipments",NF_EDFLOW_geolocated_network_expansion_v1_2_0_2026-08-31
GEO_NGA_2346995,Nigeria,NGA,Biu,Biu,12.19458,10.61285,PPLA2,candidate consumer or transit catchment,fish|vegetable,GeoNames cities5000 dump; CC BY 4.0,2346995,2016-06-22,geolocated national model-support node,"place and coordinate are external records; node role, sink weight and any later flow are model inputs or estimates, not observed shipments",NF_EDFLOW_geolocated_network_expansion_v1_2_0_2026-08-31
GEO_NGA_2318921,Nigeria,NGA,Wukari,Wukari,9.77786,7.87139,PPLA2,candidate consumer or transit catchment,fish|vegetable,GeoNames cities5000 dump; CC BY 4.0,2318921,2016-01-30,geolocated national model-support node,"place and coordinate are external records; node role, sink weight and any later flow are model inputs or estimates, not observed shipments",NF_EDFLOW_geolocated_network_expansion_v1_2_0_2026-08-31
GEO_NGA_2338669,Nigeria,NGA,Igbo-Ora,Igbo-Ora,3.28788,7.43383,PPLA2,candidate consumer or transit catchment,fish|vegetable,GeoNames cities5000 dump; CC BY 4.0,2338669,2016-01-30,geolocated national model-support node,"place and coordinate are external records; node role, sink weight and any later flow are model inputs or estimates, not observed shipments",NF_EDFLOW_geolocated_network_expansion_v1_2_0_2026-08-31
GEO_NGA_2343299,Nigeria,NGA,Emure-Ekiti,Emure-Ekiti,5.45925,7.43636,PPLA2,candidate consumer or transit catchment,fish|vegetable,GeoNames cities5000 dump; CC BY 4.0,2343299,2016-01-30,geolocated national model-support node,"place and coordinate are external records; node role, sink weight and any later flow are model inputs or estimates, not observed shipments",NF_EDFLOW_geolocated_network_expansion_v1_2_0_2026-08-31
GEO_NGA_2338876,Nigeria,NGA,Ifo,Ifo,3.19518,6.81491,PPLA2,candidate consumer or transit catchment,fish|vegetable,GeoNames cities5000 dump; CC BY 4.0,2338876,2026-06-20,geolocated national model-support node,"place and coordinate are external records; node role, sink weight and any later flow are model inputs or estimates, not observed shipments",NF_EDFLOW_geolocated_network_expansion_v1_2_0_2026-08-31
GEO_NGA_2338630,Nigeria,NGA,Igede-Ekiti,Igede-Ekiti,5.12627,7.6685,PPLA2,candidate consumer or transit catchment,fish|vegetable,GeoNames cities5000 dump; CC BY 4.0,2338630,2016-01-30,geolocated national model-support node,"place and coordinate are external records; node role, sink weight and any later flow are model inputs or estimates, not observed shipments",NF_EDFLOW_geolocated_network_expansion_v1_2_0_2026-08-31
GEO_NGA_2324767,Nigeria,NGA,Potiskum,Potiskum,11.08108,11.71391,PPLA2,candidate consumer or transit catchment,fish|vegetable,GeoNames cities5000 dump; CC BY 4.0,2324767,2016-06-22,geolocated national model-support node,"place and coordinate are external records; node role, sink weight and any later flow are model inputs or estimates, not observed shipments",NF_EDFLOW_geolocated_network_expansion_v1_2_0_2026-08-31
GEO_NGA_2334652,Nigeria,NGA,Keffi,Keffi,7.87354,8.84651,PPLA2,candidate consumer or transit catchment,fish|vegetable,GeoNames cities5000 dump; CC BY 4.0,2334652,2016-01-30,geolocated national model-support node,"place and coordinate are external records; node role, sink weight and any later flow are model inputs or estimates, not observed shipments",NF_EDFLOW_geolocated_network_expansion_v1_2_0_2026-08-31
GEO_NGA_2342192,Nigeria,NGA,Gamboru,Gamboru,14.2069,12.37299,PPLA2,candidate consumer or transit catchment,fish|vegetable,GeoNames cities5000 dump; CC BY 4.0,2342192,2016-06-22,geolocated national model-support node,"place and coordinate are external records; node role, sink weight and any later flow are model inputs or estimates, not observed shipments",NF_EDFLOW_geolocated_network_expansion_v1_2_0_2026-08-31
GEO_NGA_2327827,Nigeria,NGA,Ogaminana,Ogaminana,6.21798,7.59383,PPLA2,candidate consumer or transit catchment,fish|vegetable,GeoNames cities5000 dump; CC BY 4.0,2327827,2016-01-30,geolocated national model-support node,"place and coordinate are external records; node role, sink weight and any later flow are model inputs or estimates, not observed shipments",NF_EDFLOW_geolocated_network_expansion_v1_2_0_2026-08-31
GEO_NGA_2338497,Nigeria,NGA,Ihiala,Ihiala,6.85944,5.85475,PPLA2,candidate consumer or transit catchment,fish|vegetable,GeoNames cities5000 dump; CC BY 4.0,2338497,2016-01-30,geolocated national model-support node,"place and coordinate are external records; node role, sink weight and any later flow are model inputs or estimates, not observed shipments",NF_EDFLOW_geolocated_network_expansion_v1_2_0_2026-08-31
GEO_NGA_2320829,Nigeria,NGA,Ughelli,Ughelli,6.00407,5.48956,PPLA2,candidate consumer or transit catchment,fish|vegetable,GeoNames cities5000 dump; CC BY 4.0,2320829,2016-01-30,geolocated national model-support node,"place and coordinate are external records; node role, sink weight and any later flow are model inputs or estimates, not observed shipments",NF_EDFLOW_geolocated_network_expansion_v1_2_0_2026-08-31
GEO_NGA_2347303,Nigeria,NGA,Bende,Bende,7.63359,5.55874,PPLA2,candidate consumer or transit catchment,fish|vegetable,GeoNames cities5000 dump; CC BY 4.0,2347303,2016-01-30,geolocated national model-support node,"place and coordinate are external records; node role, sink weight and any later flow are model inputs or estimates, not observed shipments",NF_EDFLOW_geolocated_network_expansion_v1_2_0_2026-08-31
GEO_NGA_2335713,Nigeria,NGA,Kafanchan,Kafanchan,8.2926,9.58126,PPLA2,candidate consumer or transit catchment,fish|vegetable,GeoNames cities5000 dump; CC BY 4.0,2335713,2016-06-22,geolocated national model-support node,"place and coordinate are external records; node role, sink weight and any later flow are model inputs or estimates, not observed shipments",NF_EDFLOW_geolocated_network_expansion_v1_2_0_2026-08-31
GEO_NGA_2328617,Nigeria,NGA,Numan,Numan,12.03062,9.46374,PPLA2,candidate consumer or transit catchment,fish|vegetable,GeoNames cities5000 dump; CC BY 4.0,2328617,2016-01-30,geolocated national model-support node,"place and coordinate are external records; node role, sink weight and any later flow are model inputs or estimates, not observed shipments",NF_EDFLOW_geolocated_network_expansion_v1_2_0_2026-08-31
GEO_NGA_2349529,Nigeria,NGA,Aramoko-Ekiti,Aramoko-Ekiti,5.04054,7.70483,PPLA2,candidate consumer or transit catchment,fish|vegetable,GeoNames cities5000 dump; CC BY 4.0,2349529,2016-01-30,geolocated national model-support node,"place and coordinate are external records; node role, sink weight and any later flow are model inputs or estimates, not observed shipments",NF_EDFLOW_geolocated_network_expansion_v1_2_0_2026-08-31
GEO_NGA_2325161,Nigeria,NGA,Ozubulu,Ozubulu,6.85305,5.95753,PPLA2,candidate consumer or transit catchment,fish|vegetable,GeoNames cities5000 dump; CC BY 4.0,2325161,2016-01-30,geolocated national model-support node,"place and coordinate are external records; node role, sink weight and any later flow are model inputs or estimates, not observed shipments",NF_EDFLOW_geolocated_network_expansion_v1_2_0_2026-08-31
GEO_NGA_2336237,Nigeria,NGA,Jega,Jega,4.37971,12.22336,PPLA2,candidate consumer or transit catchment,fish|vegetable,GeoNames cities5000 dump; CC BY 4.0,2336237,2018-05-09,geolocated national model-support node,"place and coordinate are external records; node role, sink weight and any later flow are model inputs or estimates, not observed shipments",NF_EDFLOW_geolocated_network_expansion_v1_2_0_2026-08-31
GEO_NGA_2349276,Nigeria,NGA,Asaba,Asaba,6.73187,6.19824,PPLA,candidate consumer or transit catchment,fish|vegetable,GeoNames cities5000 dump; CC BY 4.0,2349276,2026-04-14,geolocated national model-support node,"place and coordinate are external records; node role, sink weight and any later flow are model inputs or estimates, not observed shipments",NF_EDFLOW_geolocated_network_expansion_v1_2_0_2026-08-31
GEO_NGA_2352250,Nigeria,NGA,Afikpo,Afikpo,7.93534,5.89258,PPLA2,candidate consumer or transit catchment,fish|vegetable,GeoNames cities5000 dump; CC BY 4.0,2352250,2016-01-30,geolocated national model-support node,"place and coordinate are external records; node role, sink weight and any later flow are model inputs or estimates, not observed shipments",NF_EDFLOW_geolocated_network_expansion_v1_2_0_2026-08-31
GEO_NGA_2349558,Nigeria,NGA,Apomu,Apomu,4.18335,7.35156,PPLA2,candidate consumer or transit catchment,fish|vegetable,GeoNames cities5000 dump; CC BY 4.0,2349558,2016-01-30,geolocated national model-support node,"place and coordinate are external records; node role, sink weight and any later flow are model inputs or estimates, not observed shipments",NF_EDFLOW_geolocated_network_expansion_v1_2_0_2026-08-31
GEO_NGA_2331005,Nigeria,NGA,Malumfashi,Malumfashi,7.62061,11.78935,PPLA2,candidate consumer or transit catchment,fish|vegetable,GeoNames cities5000 dump; CC BY 4.0,2331005,2016-06-22,geolocated national model-support node,"place and coordinate are external records; node role, sink weight and any later flow are model inputs or estimates, not observed shipments",NF_EDFLOW_geolocated_network_expansion_v1_2_0_2026-08-31
GEO_NGA_2334756,Nigeria,NGA,Kaura Namoda,Kaura Namoda,6.58648,12.59371,PPLA2,candidate consumer or transit catchment,fish|vegetable,GeoNames cities5000 dump; CC BY 4.0,2334756,2016-06-22,geolocated national model-support node,"place and coordinate are external records; node role, sink weight and any later flow are model inputs or estimates, not observed shipments",NF_EDFLOW_geolocated_network_expansion_v1_2_0_2026-08-31
GEO_NGA_2339156,Nigeria,NGA,Idah,Idah,6.73866,7.11345,PPLA2,candidate consumer or transit catchment,fish|vegetable,GeoNames cities5000 dump; CC BY 4.0,2339156,2016-01-30,geolocated national model-support node,"place and coordinate are external records; node role, sink weight and any later flow are model inputs or estimates, not observed shipments",NF_EDFLOW_geolocated_network_expansion_v1_2_0_2026-08-31
GEO_NGA_2351979,Nigeria,NGA,Agbor,Agbor,6.1942,6.25375,PPLA2,candidate consumer or transit catchment,fish|vegetable,GeoNames cities5000 dump; CC BY 4.0,2351979,2016-01-30,geolocated national model-support node,"place and coordinate are external records; node role, sink weight and any later flow are model inputs or estimates, not observed shipments",NF_EDFLOW_geolocated_network_expansion_v1_2_0_2026-08-31
GEO_NGA_2328790,Nigeria,NGA,Nkwerre,Nkwerre,7.10384,5.75917,PPLA2,candidate consumer or transit catchment,fish|vegetable,GeoNames cities5000 dump; CC BY 4.0,2328790,2016-01-30,geolocated national model-support node,"place and coordinate are external records; node role, sink weight and any later flow are model inputs or estimates, not observed shipments",NF_EDFLOW_geolocated_network_expansion_v1_2_0_2026-08-31
GEO_NGA_2348892,Nigeria,NGA,Auchi,Auchi,6.2636,7.06756,PPLA2,candidate consumer or transit catchment,fish|vegetable,GeoNames cities5000 dump; CC BY 4.0,2348892,2016-01-30,geolocated national model-support node,"place and coordinate are external records; node role, sink weight and any later flow are model inputs or estimates, not observed shipments",NF_EDFLOW_geolocated_network_expansion_v1_2_0_2026-08-31
GEO_NGA_2331939,Nigeria,NGA,Lokoja,Lokoja,6.74048,7.79688,PPLA,candidate consumer or transit catchment,fish|vegetable,GeoNames cities5000 dump; CC BY 4.0,2331939,2026-04-14,geolocated national model-support node,"place and coordinate are external records; node role, sink weight and any later flow are model inputs or estimates, not observed shipments",NF_EDFLOW_geolocated_network_expansion_v1_2_0_2026-08-31
GEO_NGA_2343641,Nigeria,NGA,Ekpoma,Ekpoma,6.14029,6.743,PPLA2,candidate consumer or transit catchment,fish|vegetable,GeoNames cities5000 dump; CC BY 4.0,2343641,2016-01-30,geolocated national model-support node,"place and coordinate are external records; node role, sink weight and any later flow are model inputs or estimates, not observed shipments",NF_EDFLOW_geolocated_network_expansion_v1_2_0_2026-08-31
GEO_NGA_2338401,Nigeria,NGA,Ijebu-Jesa,Ijebu-Jesa,4.81769,7.68287,PPLA2,candidate consumer or transit catchment,fish|vegetable,GeoNames cities5000 dump; CC BY 4.0,2338401,2019-08-07,geolocated national model-support node,"place and coordinate are external records; node role, sink weight and any later flow are model inputs or estimates, not observed shipments",NF_EDFLOW_geolocated_network_expansion_v1_2_0_2026-08-31
GEO_NGA_2335843,Nigeria,NGA,Kabba,Kabba,6.07502,7.82719,PPLA2,candidate consumer or transit catchment,fish|vegetable,GeoNames cities5000 dump; CC BY 4.0,2335843,2016-01-30,geolocated national model-support node,"place and coordinate are external records; node role, sink weight and any later flow are model inputs or estimates, not observed shipments",NF_EDFLOW_geolocated_network_expansion_v1_2_0_2026-08-31
GEO_NGA_2337759,Nigeria,NGA,Ilaro,Ilaro,3.01416,6.88901,PPLA2,candidate consumer or transit catchment,fish|vegetable,GeoNames cities5000 dump; CC BY 4.0,2337759,2016-01-30,geolocated national model-support node,"place and coordinate are external records; node role, sink weight and any later flow are model inputs or estimates, not observed shipments",NF_EDFLOW_geolocated_network_expansion_v1_2_0_2026-08-31
GEO_NGA_2345521,Nigeria,NGA,Damaturu,Damaturu,11.96083,11.74697,PPLA,candidate consumer or transit catchment,fish|vegetable,GeoNames cities5000 dump; CC BY 4.0,2345521,2026-04-14,geolocated national model-support node,"place and coordinate are external records; node role, sink weight and any later flow are model inputs or estimates, not observed shipments",NF_EDFLOW_geolocated_network_expansion_v1_2_0_2026-08-31
GEO_NGA_2349431,Nigeria,NGA,Argungu,Argungu,4.52514,12.74482,PPLA2,candidate consumer or transit catchment,fish|vegetable,GeoNames cities5000 dump; CC BY 4.0,2349431,2016-06-22,geolocated national model-support node,"place and coordinate are external records; node role, sink weight and any later flow are model inputs or estimates, not observed shipments",NF_EDFLOW_geolocated_network_expansion_v1_2_0_2026-08-31
GEO_NGA_2340091,Nigeria,NGA,Gumel,Gumel,9.38807,12.6269,PPLA2,candidate consumer or transit catchment,fish|vegetable,GeoNames cities5000 dump; CC BY 4.0,2340091,2016-06-22,geolocated national model-support node,"place and coordinate are external records; node role, sink weight and any later flow are model inputs or estimates, not observed shipments",NF_EDFLOW_geolocated_network_expansion_v1_2_0_2026-08-31
GEO_NGA_2341294,Nigeria,NGA,Geidam,Geidam,11.92649,12.89439,PPLA2,candidate consumer or transit catchment,fish|vegetable,GeoNames cities5000 dump; CC BY 4.0,2341294,2016-06-22,geolocated national model-support node,"place and coordinate are external records; node role, sink weight and any later flow are model inputs or estimates, not observed shipments",NF_EDFLOW_geolocated_network_expansion_v1_2_0_2026-08-31
GEO_NGA_2322529,Nigeria,NGA,Talata Mafara,Talata Mafara,6.06225,12.56841,PPLA2,candidate consumer or transit catchment,fish|vegetable,GeoNames cities5000 dump; CC BY 4.0,2322529,2016-06-22,geolocated national model-support node,"place and coordinate are external records; node role, sink weight and any later flow are model inputs or estimates, not observed shipments",NF_EDFLOW_geolocated_network_expansion_v1_2_0_2026-08-31
GEO_NGA_2340086,Nigeria,NGA,Gummi,Gummi,5.11776,12.14484,PPLA2,candidate consumer or transit catchment,fish|vegetable,GeoNames cities5000 dump; CC BY 4.0,2340086,2016-06-22,geolocated national model-support node,"place and coordinate are external records; node role, sink weight and any later flow are model inputs or estimates, not observed shipments",NF_EDFLOW_geolocated_network_expansion_v1_2_0_2026-08-31
GEO_NGA_2325506,Nigeria,NGA,Otan Ayegbaju,Otan Ayegbaju,4.78836,7.94783,PPLA2,candidate consumer or transit catchment,fish|vegetable,GeoNames cities5000 dump; CC BY 4.0,2325506,2019-08-07,geolocated national model-support node,"place and coordinate are external records; node role, sink weight and any later flow are model inputs or estimates, not observed shipments",NF_EDFLOW_geolocated_network_expansion_v1_2_0_2026-08-31
GEO_NGA_2327650,Nigeria,NGA,Ogoja,Ogoja,8.79923,6.6584,PPLA2,candidate consumer or transit catchment,fish|vegetable,GeoNames cities5000 dump; CC BY 4.0,2327650,2016-01-30,geolocated national model-support node,"place and coordinate are external records; node role, sink weight and any later flow are model inputs or estimates, not observed shipments",NF_EDFLOW_geolocated_network_expansion_v1_2_0_2026-08-31
GEO_NGA_2334801,Nigeria,NGA,Katsina-Ala,Katsina-Ala,9.28465,7.16938,PPLA2,candidate consumer or transit catchment,fish|vegetable,GeoNames cities5000 dump; CC BY 4.0,2334801,2016-05-23,geolocated national model-support node,"place and coordinate are external records; node role, sink weight and any later flow are model inputs or estimates, not observed shipments",NF_EDFLOW_geolocated_network_expansion_v1_2_0_2026-08-31
GEO_NGA_2336985,Nigeria,NGA,Itu,Itu,7.98373,5.20131,PPLA2,candidate consumer or transit catchment,fish|vegetable,GeoNames cities5000 dump; CC BY 4.0,2336985,2016-01-30,geolocated national model-support node,"place and coordinate are external records; node role, sink weight and any later flow are model inputs or estimates, not observed shipments",NF_EDFLOW_geolocated_network_expansion_v1_2_0_2026-08-31
GEO_NGA_2333451,Nigeria,NGA,Kumo,Kumo,11.21055,10.04807,PPLA2,candidate consumer or transit catchment,fish|vegetable,GeoNames cities5000 dump; CC BY 4.0,2333451,2016-01-30,geolocated national model-support node,"place and coordinate are external records; node role, sink weight and any later flow are model inputs or estimates, not observed shipments",NF_EDFLOW_geolocated_network_expansion_v1_2_0_2026-08-31
GEO_NGA_2343144,Nigeria,NGA,Eruwa,Eruwa,3.42453,7.53906,PPLA2,candidate consumer or transit catchment,fish|vegetable,GeoNames cities5000 dump; CC BY 4.0,2343144,2025-12-17,geolocated national model-support node,"place and coordinate are external records; node role, sink weight and any later flow are model inputs or estimates, not observed shipments",NF_EDFLOW_geolocated_network_expansion_v1_2_0_2026-08-31
GEO_NGA_2325060,Nigeria,NGA,Pankshin,Pankshin,9.4352,9.32541,PPLA2,candidate consumer or transit catchment,fish|vegetable,GeoNames cities5000 dump; CC BY 4.0,2325060,2016-01-30,geolocated national model-support node,"place and coordinate are external records; node role, sink weight and any later flow are model inputs or estimates, not observed shipments",NF_EDFLOW_geolocated_network_expansion_v1_2_0_2026-08-31
GEO_NGA_2329451,Nigeria,NGA,Nasarawa,Nasarawa,7.70821,8.53895,PPLA2,candidate consumer or transit catchment,fish|vegetable,GeoNames cities5000 dump; CC BY 4.0,2329451,2016-01-30,geolocated national model-support node,"place and coordinate are external records; node role, sink weight and any later flow are model inputs or estimates, not observed shipments",NF_EDFLOW_geolocated_network_expansion_v1_2_0_2026-08-31
GEO_RWA_202061,Rwanda,RWA,Kigali,Kigali,30.05885,-1.94995,PPLC,major national hub,fish|vegetable,GeoNames cities5000 dump; CC BY 4.0,202061,2021-11-09,geolocated national model-support node,"place and coordinate are external records; node role, sink weight and any later flow are model inputs or estimates, not observed shipments",NF_EDFLOW_geolocated_network_expansion_v1_2_0_2026-08-31
GEO_RWA_202905,Rwanda,RWA,Gisenyi,Gisenyi,29.25639,-1.70278,PPLA2,major national hub,fish|vegetable,GeoNames cities5000 dump; CC BY 4.0,202905,2026-04-07,geolocated national model-support node,"place and coordinate are external records; node role, sink weight and any later flow are model inputs or estimates, not observed shipments",NF_EDFLOW_geolocated_network_expansion_v1_2_0_2026-08-31
GEO_RWA_202217,Rwanda,RWA,Gitarama,Gitarama,29.75667,-2.07444,PPLA2,major national hub,fish|vegetable,GeoNames cities5000 dump; CC BY 4.0,202217,2016-07-06,geolocated national model-support node,"place and coordinate are external records; node role, sink weight and any later flow are model inputs or estimates, not observed shipments",NF_EDFLOW_geolocated_network_expansion_v1_2_0_2026-08-31
GEO_RWA_202065,Rwanda,RWA,Kibuye,Kibuye,29.34778,-2.06028,PPLA,major national hub,fish|vegetable,GeoNames cities5000 dump; CC BY 4.0,202065,2026-04-14,geolocated national model-support node,"place and coordinate are external records; node role, sink weight and any later flow are model inputs or estimates, not observed shipments",NF_EDFLOW_geolocated_network_expansion_v1_2_0_2026-08-31
GEO_RWA_201463,Rwanda,RWA,Rwamagana,Rwamagana,30.4347,-1.9487,PPLA,major national hub,fish|vegetable,GeoNames cities5000 dump; CC BY 4.0,201463,2026-04-14,geolocated national model-support node,"place and coordinate are external records; node role, sink weight and any later flow are model inputs or estimates, not observed shipments",NF_EDFLOW_geolocated_network_expansion_v1_2_0_2026-08-31
GEO_RWA_203104,Rwanda,RWA,Byumba,Byumba,30.0675,-1.5763,PPLA,candidate consumer or transit catchment,fish|vegetable,GeoNames cities5000 dump; CC BY 4.0,203104,2026-04-14,geolocated national model-support node,"place and coordinate are external records; node role, sink weight and any later flow are model inputs or estimates, not observed shipments",NF_EDFLOW_geolocated_network_expansion_v1_2_0_2026-08-31
GEO_RWA_7062967,Rwanda,RWA,Nyanza,Nyanza,29.75089,-2.35187,PPLA,candidate consumer or transit catchment,fish|vegetable,GeoNames cities5000 dump; CC BY 4.0,7062967,2026-04-14,geolocated national model-support node,"place and coordinate are external records; node role, sink weight and any later flow are model inputs or estimates, not observed shipments",NF_EDFLOW_geolocated_network_expansion_v1_2_0_2026-08-31
GEO_RWA_202239,Rwanda,RWA,Gikongoro,Gikongoro,29.57389,-2.46397,PPLA2,candidate consumer or transit catchment,fish|vegetable,GeoNames cities5000 dump; CC BY 4.0,202239,2024-01-18,geolocated national model-support node,"place and coordinate are external records; node role, sink weight and any later flow are model inputs or estimates, not observed shipments",NF_EDFLOW_geolocated_network_expansion_v1_2_0_2026-08-31
GEO_RWA_201521,Rwanda,RWA,Musanze,Musanze,29.63497,-1.49984,PPL,candidate consumer or transit catchment,fish|vegetable,GeoNames cities5000 dump; CC BY 4.0,201521,2025-11-01,geolocated national model-support node,"place and coordinate are external records; node role, sink weight and any later flow are model inputs or estimates, not observed shipments",NF_EDFLOW_geolocated_network_expansion_v1_2_0_2026-08-31
GEO_RWA_201650,Rwanda,RWA,Nyagatare,Nyagatare,30.3226,-1.2952,PPL,candidate consumer or transit catchment,fish|vegetable,GeoNames cities5000 dump; CC BY 4.0,201650,2025-07-14,geolocated national model-support node,"place and coordinate are external records; node role, sink weight and any later flow are model inputs or estimates, not observed shipments",NF_EDFLOW_geolocated_network_expansion_v1_2_0_2026-08-31
GEO_RWA_201830,Rwanda,RWA,Muhanga,Muhanga,29.70691,-2.02269,PPLL,candidate consumer or transit catchment,fish|vegetable,GeoNames cities5000 dump; CC BY 4.0,201830,2025-05-06,geolocated national model-support node,"place and coordinate are external records; node role, sink weight and any later flow are model inputs or estimates, not observed shipments",NF_EDFLOW_geolocated_network_expansion_v1_2_0_2026-08-31
GEO_RWA_203112,Rwanda,RWA,Butare,Butare,29.73944,-2.59667,PPL,candidate consumer or transit catchment,fish|vegetable,GeoNames cities5000 dump; CC BY 4.0,203112,2025-11-01,geolocated national model-support node,"place and coordinate are external records; node role, sink weight and any later flow are model inputs or estimates, not observed shipments",NF_EDFLOW_geolocated_network_expansion_v1_2_0_2026-08-31
GEO_RWA_202068,Rwanda,RWA,Kibungo,Kibungo,30.5427,-2.1597,PPL,candidate consumer or transit catchment,fish|vegetable,GeoNames cities5000 dump; CC BY 4.0,202068,2016-07-06,geolocated national model-support node,"place and coordinate are external records; node role, sink weight and any later flow are model inputs or estimates, not observed shipments",NF_EDFLOW_geolocated_network_expansion_v1_2_0_2026-08-31
GEO_RWA_202326,Rwanda,RWA,Cyangugu,Cyangugu,28.9075,-2.4846,PPL,candidate consumer or transit catchment,fish|vegetable,GeoNames cities5000 dump; CC BY 4.0,202326,2025-11-01,geolocated national model-support node,"place and coordinate are external records; node role, sink weight and any later flow are model inputs or estimates, not observed shipments",NF_EDFLOW_geolocated_network_expansion_v1_2_0_2026-08-31
GEO_RWA_202345,Rwanda,RWA,Shyorongi,Shyorongi,29.96238,-1.85439,PPL,candidate consumer or transit catchment,fish|vegetable,GeoNames cities5000 dump; CC BY 4.0,202345,2026-04-07,geolocated national model-support node,"place and coordinate are external records; node role, sink weight and any later flow are model inputs or estimates, not observed shipments",NF_EDFLOW_geolocated_network_expansion_v1_2_0_2026-08-31
GEO_RWA_202572,Rwanda,RWA,Ndera,Ndera,30.1697,-1.9495,PPL,candidate consumer or transit catchment,fish|vegetable,GeoNames cities5000 dump; CC BY 4.0,202572,2026-04-19,geolocated national model-support node,"place and coordinate are external records; node role, sink weight and any later flow are model inputs or estimates, not observed shipments",NF_EDFLOW_geolocated_network_expansion_v1_2_0_2026-08-31
GEO_RWA_202769,Rwanda,RWA,Kirambo,Kirambo,29.1415,-2.3155,PPL,candidate consumer or transit catchment,fish|vegetable,GeoNames cities5000 dump; CC BY 4.0,202769,2026-04-07,geolocated national model-support node,"place and coordinate are external records; node role, sink weight and any later flow are model inputs or estimates, not observed shipments",NF_EDFLOW_geolocated_network_expansion_v1_2_0_2026-08-31
GEO_RWA_7021400,Rwanda,RWA,Kagano,Kagano,29.0912,-2.3429,PPL,candidate consumer or transit catchment,fish|vegetable,GeoNames cities5000 dump; CC BY 4.0,7021400,2024-05-13,geolocated national model-support node,"place and coordinate are external records; node role, sink weight and any later flow are model inputs or estimates, not observed shipments",NF_EDFLOW_geolocated_network_expansion_v1_2_0_2026-08-31
GEO_RWA_202557,Rwanda,RWA,Ngororero,Ngororero,29.62541,-1.8628,PPL,candidate consumer or transit catchment,fish|vegetable,GeoNames cities5000 dump; CC BY 4.0,202557,2026-04-07,geolocated national model-support node,"place and coordinate are external records; node role, sink weight and any later flow are model inputs or estimates, not observed shipments",NF_EDFLOW_geolocated_network_expansion_v1_2_0_2026-08-31
GEO_RWA_201865,Rwanda,RWA,Nzega,Nzega,29.5564,-2.479,PPL,candidate consumer or transit catchment,fish|vegetable,GeoNames cities5000 dump; CC BY 4.0,201865,2026-04-19,geolocated national model-support node,"place and coordinate are external records; node role, sink weight and any later flow are model inputs or estimates, not observed shipments",NF_EDFLOW_geolocated_network_expansion_v1_2_0_2026-08-31
GEO_RWA_7021270,Rwanda,RWA,Macuba,Macuba,29.1877,-2.2933,PPL,candidate consumer or transit catchment,fish|vegetable,GeoNames cities5000 dump; CC BY 4.0,7021270,2024-05-13,geolocated national model-support node,"place and coordinate are external records; node role, sink weight and any later flow are model inputs or estimates, not observed shipments",NF_EDFLOW_geolocated_network_expansion_v1_2_0_2026-08-31
GEO_RWA_202865,Rwanda,RWA,Karengera,Karengera,29.0326,-2.5169,PPL,candidate consumer or transit catchment,fish|vegetable,GeoNames cities5000 dump; CC BY 4.0,202865,2026-04-19,geolocated national model-support node,"place and coordinate are external records; node role, sink weight and any later flow are model inputs or estimates, not observed shipments",NF_EDFLOW_geolocated_network_expansion_v1_2_0_2026-08-31
GEO_RWA_203141,Rwanda,RWA,Bugarama,Bugarama,29.0077,-2.6924,PPL,candidate consumer or transit catchment,fish|vegetable,GeoNames cities5000 dump; CC BY 4.0,203141,2024-01-18,geolocated national model-support node,"place and coordinate are external records; node role, sink weight and any later flow are model inputs or estimates, not observed shipments",NF_EDFLOW_geolocated_network_expansion_v1_2_0_2026-08-31
GEO_RWA_7662752,Rwanda,RWA,Gihombo,Gihombo,29.2343,-2.21896,PPL,candidate consumer or transit catchment,fish|vegetable,GeoNames cities5000 dump; CC BY 4.0,7662752,2024-05-13,geolocated national model-support node,"place and coordinate are external records; node role, sink weight and any later flow are model inputs or estimates, not observed shipments",NF_EDFLOW_geolocated_network_expansion_v1_2_0_2026-08-31
GEO_RWA_7021332,Rwanda,RWA,Karambi,Karambi,29.24413,-2.31695,PPL,candidate consumer or transit catchment,fish|vegetable,GeoNames cities5000 dump; CC BY 4.0,7021332,2024-05-13,geolocated national model-support node,"place and coordinate are external records; node role, sink weight and any later flow are model inputs or estimates, not observed shipments",NF_EDFLOW_geolocated_network_expansion_v1_2_0_2026-08-31
GEO_RWA_203046,Rwanda,RWA,Bushekeri,Bushekeri,29.0908,-2.4195,PPL,candidate consumer or transit catchment,fish|vegetable,GeoNames cities5000 dump; CC BY 4.0,203046,2026-04-07,geolocated national model-support node,"place and coordinate are external records; node role, sink weight and any later flow are model inputs or estimates, not observed shipments",NF_EDFLOW_geolocated_network_expansion_v1_2_0_2026-08-31
GEO_RWA_7021426,Rwanda,RWA,Nyabitekeli,Nyabitekeli,29.0298,-2.3541,PPL,candidate consumer or transit catchment,fish|vegetable,GeoNames cities5000 dump; CC BY 4.0,7021426,2024-05-13,geolocated national model-support node,"place and coordinate are external records; node role, sink weight and any later flow are model inputs or estimates, not observed shipments",NF_EDFLOW_geolocated_network_expansion_v1_2_0_2026-08-31
GEO_RWA_203119,Rwanda,RWA,Busogo,Busogo,29.5434,-1.5584,PPL,candidate consumer or transit catchment,fish|vegetable,GeoNames cities5000 dump; CC BY 4.0,203119,2025-07-14,geolocated national model-support node,"place and coordinate are external records; node role, sink weight and any later flow are model inputs or estimates, not observed shipments",NF_EDFLOW_geolocated_network_expansion_v1_2_0_2026-08-31
GEO_RWA_202352,Rwanda,RWA,Shangi,Shangi,29.0059,-2.4036,PPL,candidate consumer or transit catchment,fish|vegetable,GeoNames cities5000 dump; CC BY 4.0,202352,2026-04-07,geolocated national model-support node,"place and coordinate are external records; node role, sink weight and any later flow are model inputs or estimates, not observed shipments",NF_EDFLOW_geolocated_network_expansion_v1_2_0_2026-08-31
GEO_RWA_384535,Rwanda,RWA,Kayonza,Kayonza,30.5205,-1.9509,PPL,candidate consumer or transit catchment,fish|vegetable,GeoNames cities5000 dump; CC BY 4.0,384535,2024-01-18,geolocated national model-support node,"place and coordinate are external records; node role, sink weight and any later flow are model inputs or estimates, not observed shipments",NF_EDFLOW_geolocated_network_expansion_v1_2_0_2026-08-31
GEO_SDN_379252,Sudan,SDN,Khartoum,Khartoum,32.53241,15.55177,PPLC,major national hub,fish|vegetable,GeoNames cities5000 dump; CC BY 4.0,379252,2025-11-03,geolocated national model-support node,"place and coordinate are external records; node role, sink weight and any later flow are model inputs or estimates, not observed shipments",NF_EDFLOW_geolocated_network_expansion_v1_2_0_2026-08-31
GEO_SDN_369004,Sudan,SDN,Nyala,Nyala,24.88069,12.04888,PPLA,major national hub,fish|vegetable,GeoNames cities5000 dump; CC BY 4.0,369004,2026-04-14,geolocated national model-support node,"place and coordinate are external records; node role, sink weight and any later flow are model inputs or estimates, not observed shipments",NF_EDFLOW_geolocated_network_expansion_v1_2_0_2026-08-31
GEO_SDN_377039,Sudan,SDN,Port Sudan,Port Sudan,37.21644,19.61745,PPLA,major national hub,fish|vegetable,GeoNames cities5000 dump; CC BY 4.0,377039,2026-04-14,geolocated national model-support node,"place and coordinate are external records; node role, sink weight and any later flow are model inputs or estimates, not observed shipments",NF_EDFLOW_geolocated_network_expansion_v1_2_0_2026-08-31
GEO_SDN_372753,Sudan,SDN,Kassala,Kassala,36.39998,15.45099,PPLA,major national hub,fish|vegetable,GeoNames cities5000 dump; CC BY 4.0,372753,2026-04-14,geolocated national model-support node,"place and coordinate are external records; node role, sink weight and any later flow are model inputs or estimates, not observed shipments",NF_EDFLOW_geolocated_network_expansion_v1_2_0_2026-08-31
GEO_SDN_379003,Sudan,SDN,El Obeid,El Obeid,30.21669,13.18421,PPLA,major national hub,fish|vegetable,GeoNames cities5000 dump; CC BY 4.0,379003,2026-04-14,geolocated national model-support node,"place and coordinate are external records; node role, sink weight and any later flow are model inputs or estimates, not observed shipments",NF_EDFLOW_geolocated_network_expansion_v1_2_0_2026-08-31
GEO_SDN_379062,Sudan,SDN,Al Qadarif,Al Qadarif,35.38344,14.03493,PPLA,candidate consumer or transit catchment,fish|vegetable,GeoNames cities5000 dump; CC BY 4.0,379062,2026-04-14,geolocated national model-support node,"place and coordinate are external records; node role, sink weight and any later flow are model inputs or estimates, not observed shipments",NF_EDFLOW_geolocated_network_expansion_v1_2_0_2026-08-31
GEO_SDN_364103,Sudan,SDN,Wad Medani,Wad Medani,33.51989,14.40118,PPLA,candidate consumer or transit catchment,fish|vegetable,GeoNames cities5000 dump; CC BY 4.0,364103,2026-04-14,geolocated national model-support node,"place and coordinate are external records; node role, sink weight and any later flow are model inputs or estimates, not observed shipments",NF_EDFLOW_geolocated_network_expansion_v1_2_0_2026-08-31
GEO_SDN_380148,Sudan,SDN,El Daein,El Daein,26.12583,11.46186,PPLA,candidate consumer or transit catchment,fish|vegetable,GeoNames cities5000 dump; CC BY 4.0,380148,2026-04-14,geolocated national model-support node,"place and coordinate are external records; node role, sink weight and any later flow are model inputs or estimates, not observed shipments",NF_EDFLOW_geolocated_network_expansion_v1_2_0_2026-08-31
GEO_SDN_379555,Sudan,SDN,El Fasher,El Fasher,25.34936,13.62793,PPLA,candidate consumer or transit catchment,fish|vegetable,GeoNames cities5000 dump; CC BY 4.0,379555,2026-04-14,geolocated national model-support node,"place and coordinate are external records; node role, sink weight and any later flow are model inputs or estimates, not observed shipments",NF_EDFLOW_geolocated_network_expansion_v1_2_0_2026-08-31
GEO_SDN_366847,Sudan,SDN,Singa,Singa,33.93117,13.1483,PPLA,candidate consumer or transit catchment,fish|vegetable,GeoNames cities5000 dump; CC BY 4.0,366847,2026-04-14,geolocated national model-support node,"place and coordinate are external records; node role, sink weight and any later flow are model inputs or estimates, not observed shipments",NF_EDFLOW_geolocated_network_expansion_v1_2_0_2026-08-31
GEO_SDN_380174,Sudan,SDN,Ad-Damazin,Ad-Damazin,34.3592,11.7891,PPLA,candidate consumer or transit catchment,fish|vegetable,GeoNames cities5000 dump; CC BY 4.0,380174,2026-04-14,geolocated national model-support node,"place and coordinate are external records; node role, sink weight and any later flow are model inputs or estimates, not observed shipments",NF_EDFLOW_geolocated_network_expansion_v1_2_0_2026-08-31
GEO_SDN_379303,Sudan,SDN,Al-Junaynah,Al-Junaynah,22.44725,13.45262,PPLA,candidate consumer or transit catchment,fish|vegetable,GeoNames cities5000 dump; CC BY 4.0,379303,2026-04-14,geolocated national model-support node,"place and coordinate are external records; node role, sink weight and any later flow are model inputs or estimates, not observed shipments",NF_EDFLOW_geolocated_network_expansion_v1_2_0_2026-08-31
GEO_SDN_368277,Sudan,SDN,Rabak,Rabak,32.73999,13.18087,PPLA,candidate consumer or transit catchment,fish|vegetable,GeoNames cities5000 dump; CC BY 4.0,368277,2026-04-14,geolocated national model-support node,"place and coordinate are external records; node role, sink weight and any later flow are model inputs or estimates, not observed shipments",NF_EDFLOW_geolocated_network_expansion_v1_2_0_2026-08-31
GEO_SDN_380173,Sudan,SDN,Ad-Damir,Ad-Damir,33.97205,17.59898,PPLA,candidate consumer or transit catchment,fish|vegetable,GeoNames cities5000 dump; CC BY 4.0,380173,2026-04-14,geolocated national model-support node,"place and coordinate are external records; node role, sink weight and any later flow are model inputs or estimates, not observed shipments",NF_EDFLOW_geolocated_network_expansion_v1_2_0_2026-08-31
GEO_SDN_373141,Sudan,SDN,Kadugli,Kadugli,29.71833,11.01111,PPLA,candidate consumer or transit catchment,fish|vegetable,GeoNames cities5000 dump; CC BY 4.0,373141,2026-04-14,geolocated national model-support node,"place and coordinate are external records; node role, sink weight and any later flow are model inputs or estimates, not observed shipments",NF_EDFLOW_geolocated_network_expansion_v1_2_0_2026-08-31
GEO_SDN_363417,Sudan,SDN,Dongola,Dongola,30.47689,19.18163,PPLA,candidate consumer or transit catchment,fish|vegetable,GeoNames cities5000 dump; CC BY 4.0,363417,2026-04-14,geolocated national model-support node,"place and coordinate are external records; node role, sink weight and any later flow are model inputs or estimates, not observed shipments",NF_EDFLOW_geolocated_network_expansion_v1_2_0_2026-08-31
GEO_SDN_363533,Sudan,SDN,Zalinjay,Zalinjay,23.47058,12.90918,PPLA,candidate consumer or transit catchment,fish|vegetable,GeoNames cities5000 dump; CC BY 4.0,363533,2026-04-14,geolocated national model-support node,"place and coordinate are external records; node role, sink weight and any later flow are model inputs or estimates, not observed shipments",NF_EDFLOW_geolocated_network_expansion_v1_2_0_2026-08-31
GEO_SDN_377724,Sudan,SDN,Bārah,Barah,30.36667,13.7,PPLA2,candidate consumer or transit catchment,fish|vegetable,GeoNames cities5000 dump; CC BY 4.0,377724,2016-11-04,geolocated national model-support node,"place and coordinate are external records; node role, sink weight and any later flow are model inputs or estimates, not observed shipments",NF_EDFLOW_geolocated_network_expansion_v1_2_0_2026-08-31
GEO_SDN_11003055,Sudan,SDN,Al-Fulah,Al-Fulah,28.3462,11.71195,PPLA,candidate consumer or transit catchment,fish|vegetable,GeoNames cities5000 dump; CC BY 4.0,11003055,2026-04-14,geolocated national model-support node,"place and coordinate are external records; node role, sink weight and any later flow are model inputs or estimates, not observed shipments",NF_EDFLOW_geolocated_network_expansion_v1_2_0_2026-08-31
GEO_SDN_365137,Sudan,SDN,Omdurman,Omdurman,32.47773,15.64453,PPL,candidate consumer or transit catchment,fish|vegetable,GeoNames cities5000 dump; CC BY 4.0,365137,2025-10-12,geolocated national model-support node,"place and coordinate are external records; node role, sink weight and any later flow are model inputs or estimates, not observed shipments",NF_EDFLOW_geolocated_network_expansion_v1_2_0_2026-08-31
GEO_SDN_379251,Sudan,SDN,Khartoum North,Khartoum North,32.53458,15.64925,PPL,candidate consumer or transit catchment,fish|vegetable,GeoNames cities5000 dump; CC BY 4.0,379251,2025-11-04,geolocated national model-support node,"place and coordinate are external records; node role, sink weight and any later flow are model inputs or estimates, not observed shipments",NF_EDFLOW_geolocated_network_expansion_v1_2_0_2026-08-31
GEO_SDN_371760,Sudan,SDN,Kosti,Kosti,32.66347,13.1629,PPL,candidate consumer or transit catchment,fish|vegetable,GeoNames cities5000 dump; CC BY 4.0,371760,2014-05-28,geolocated national model-support node,"place and coordinate are external records; node role, sink weight and any later flow are model inputs or estimates, not observed shipments",NF_EDFLOW_geolocated_network_expansion_v1_2_0_2026-08-31
GEO_SDN_379302,Sudan,SDN,El Geneina Fort,El Geneina Fort,22.45744,13.47481,PPL,candidate consumer or transit catchment,fish|vegetable,GeoNames cities5000 dump; CC BY 4.0,379302,2024-12-02,geolocated national model-support node,"place and coordinate are external records; node role, sink weight and any later flow are model inputs or estimates, not observed shipments",NF_EDFLOW_geolocated_network_expansion_v1_2_0_2026-08-31
GEO_SDN_367644,Sudan,SDN,Sennar,Sennar,33.56718,13.56907,PPL,candidate consumer or transit catchment,fish|vegetable,GeoNames cities5000 dump; CC BY 4.0,367644,2025-11-21,geolocated national model-support node,"place and coordinate are external records; node role, sink weight and any later flow are model inputs or estimates, not observed shipments",NF_EDFLOW_geolocated_network_expansion_v1_2_0_2026-08-31
GEO_SDN_379149,Sudan,SDN,Al Manāqil,Al Manaqil,32.9891,14.2459,PPL,candidate consumer or transit catchment,fish|vegetable,GeoNames cities5000 dump; CC BY 4.0,379149,2020-06-11,geolocated national model-support node,"place and coordinate are external records; node role, sink weight and any later flow are model inputs or estimates, not observed shipments",NF_EDFLOW_geolocated_network_expansion_v1_2_0_2026-08-31
GEO_SDN_8504621,Sudan,SDN,Gereida,Gereida,25.14026,11.27543,PPL,candidate consumer or transit catchment,fish|vegetable,GeoNames cities5000 dump; CC BY 4.0,8504621,2017-12-06,geolocated national model-support node,"place and coordinate are external records; node role, sink weight and any later flow are model inputs or estimates, not observed shipments",NF_EDFLOW_geolocated_network_expansion_v1_2_0_2026-08-31
GEO_SDN_378231,Sudan,SDN,Atbara,Atbara,33.98638,17.70217,PPL,candidate consumer or transit catchment,fish|vegetable,GeoNames cities5000 dump; CC BY 4.0,378231,2024-12-02,geolocated national model-support node,"place and coordinate are external records; node role, sink weight and any later flow are model inputs or estimates, not observed shipments",NF_EDFLOW_geolocated_network_expansion_v1_2_0_2026-08-31
GEO_SDN_378699,Sudan,SDN,An Nuhūd,An Nuhud,28.43333,12.7,PPL,candidate consumer or transit catchment,fish|vegetable,GeoNames cities5000 dump; CC BY 4.0,378699,2022-07-13,geolocated national model-support node,"place and coordinate are external records; node role, sink weight and any later flow are model inputs or estimates, not observed shipments",NF_EDFLOW_geolocated_network_expansion_v1_2_0_2026-08-31
GEO_SDN_380129,Sudan,SDN,Ad Douiem,Ad Douiem,32.3116,14.0012,PPL,candidate consumer or transit catchment,fish|vegetable,GeoNames cities5000 dump; CC BY 4.0,380129,2022-09-08,geolocated national model-support node,"place and coordinate are external records; node role, sink weight and any later flow are model inputs or estimates, not observed shipments",NF_EDFLOW_geolocated_network_expansion_v1_2_0_2026-08-31
GEO_SDN_377108,Sudan,SDN,Burām,Buram,25.15921,10.85826,PPL,candidate consumer or transit catchment,fish|vegetable,GeoNames cities5000 dump; CC BY 4.0,377108,2024-12-02,geolocated national model-support node,"place and coordinate are external records; node role, sink weight and any later flow are model inputs or estimates, not observed shipments",NF_EDFLOW_geolocated_network_expansion_v1_2_0_2026-08-31
GEO_SEN_2253354,Senegal,SEN,Dakar,Dakar,-17.44406,14.6937,PPLC,major national hub,fish|vegetable,GeoNames cities5000 dump; CC BY 4.0,2253354,2024-07-27,geolocated national model-support node,"place and coordinate are external records; node role, sink weight and any later flow are model inputs or estimates, not observed shipments",NF_EDFLOW_geolocated_network_expansion_v1_2_0_2026-08-31
GEO_SEN_2244802,Senegal,SEN,Thiès,Thies,-16.92602,14.78944,PPLA2,major national hub,fish|vegetable,GeoNames cities5000 dump; CC BY 4.0,2244802,2023-11-28,geolocated national model-support node,"place and coordinate are external records; node role, sink weight and any later flow are model inputs or estimates, not observed shipments",NF_EDFLOW_geolocated_network_expansion_v1_2_0_2026-08-31
GEO_SEN_2250805,Senegal,SEN,Kaolack,Kaolack,-16.07259,14.15197,PPLA,major national hub,fish|vegetable,GeoNames cities5000 dump; CC BY 4.0,2250805,2026-04-14,geolocated national model-support node,"place and coordinate are external records; node role, sink weight and any later flow are model inputs or estimates, not observed shipments",NF_EDFLOW_geolocated_network_expansion_v1_2_0_2026-08-31
GEO_SEN_2246452,Senegal,SEN,Saint-Louis,Saint-Louis,-16.48962,16.01793,PPLA,major national hub,fish|vegetable,GeoNames cities5000 dump; CC BY 4.0,2246452,2026-04-14,geolocated national model-support node,"place and coordinate are external records; node role, sink weight and any later flow are model inputs or estimates, not observed shipments",NF_EDFLOW_geolocated_network_expansion_v1_2_0_2026-08-31
GEO_SEN_2243940,Senegal,SEN,Ziguinchor,Ziguinchor,-16.27326,12.56801,PPLA,major national hub,fish|vegetable,GeoNames cities5000 dump; CC BY 4.0,2243940,2026-04-14,geolocated national model-support node,"place and coordinate are external records; node role, sink weight and any later flow are model inputs or estimates, not observed shipments",NF_EDFLOW_geolocated_network_expansion_v1_2_0_2026-08-31
GEO_SEN_2252309,Senegal,SEN,Diourbel,Diourbel,-16.24363,14.64792,PPLA,candidate consumer or transit catchment,fish|vegetable,GeoNames cities5000 dump; CC BY 4.0,2252309,2026-04-14,geolocated national model-support node,"place and coordinate are external records; node role, sink weight and any later flow are model inputs or estimates, not observed shipments",NF_EDFLOW_geolocated_network_expansion_v1_2_0_2026-08-31
GEO_SEN_2244991,Senegal,SEN,Tambacounda,Tambacounda,-13.66734,13.77073,PPLA,candidate consumer or transit catchment,fish|vegetable,GeoNames cities5000 dump; CC BY 4.0,2244991,2026-04-14,geolocated national model-support node,"place and coordinate are external records; node role, sink weight and any later flow are model inputs or estimates, not observed shipments",NF_EDFLOW_geolocated_network_expansion_v1_2_0_2026-08-31
GEO_SEN_2249222,Senegal,SEN,Louga,Louga,-16.22436,15.61867,PPLA,candidate consumer or transit catchment,fish|vegetable,GeoNames cities5000 dump; CC BY 4.0,2249222,2026-04-14,geolocated national model-support node,"place and coordinate are external records; node role, sink weight and any later flow are model inputs or estimates, not observed shipments",NF_EDFLOW_geolocated_network_expansion_v1_2_0_2026-08-31
GEO_SEN_2249782,Senegal,SEN,Kolda,Kolda,-14.94125,12.8939,PPLA,candidate consumer or transit catchment,fish|vegetable,GeoNames cities5000 dump; CC BY 4.0,2249782,2026-04-14,geolocated national model-support node,"place and coordinate are external records; node role, sink weight and any later flow are model inputs or estimates, not observed shipments",NF_EDFLOW_geolocated_network_expansion_v1_2_0_2026-08-31
GEO_SEN_2251007,Senegal,SEN,Kaffrine,Kaffrine,-15.5508,14.10594,PPLA,candidate consumer or transit catchment,fish|vegetable,GeoNames cities5000 dump; CC BY 4.0,2251007,2026-04-14,geolocated national model-support node,"place and coordinate are external records; node role, sink weight and any later flow are model inputs or estimates, not observed shipments",NF_EDFLOW_geolocated_network_expansion_v1_2_0_2026-08-31
GEO_SEN_2251911,Senegal,SEN,Fatick,Fatick,-16.40513,14.33236,PPLA,candidate consumer or transit catchment,fish|vegetable,GeoNames cities5000 dump; CC BY 4.0,2251911,2026-04-14,geolocated national model-support node,"place and coordinate are external records; node role, sink weight and any later flow are model inputs or estimates, not observed shipments",NF_EDFLOW_geolocated_network_expansion_v1_2_0_2026-08-31
GEO_SEN_2245704,Senegal,SEN,Sédhiou,Sedhiou,-15.55694,12.70806,PPLA,candidate consumer or transit catchment,fish|vegetable,GeoNames cities5000 dump; CC BY 4.0,2245704,2026-04-14,geolocated national model-support node,"place and coordinate are external records; node role, sink weight and any later flow are model inputs or estimates, not observed shipments",NF_EDFLOW_geolocated_network_expansion_v1_2_0_2026-08-31
GEO_SEN_2250645,Senegal,SEN,Kédougou,Kedougou,-12.18076,12.55561,PPLA,candidate consumer or transit catchment,fish|vegetable,GeoNames cities5000 dump; CC BY 4.0,2250645,2026-04-14,geolocated national model-support node,"place and coordinate are external records; node role, sink weight and any later flow are model inputs or estimates, not observed shipments",NF_EDFLOW_geolocated_network_expansion_v1_2_0_2026-08-31
GEO_SEN_2248752,Senegal,SEN,Matam,Matam,-13.25544,15.65587,PPLA,candidate consumer or transit catchment,fish|vegetable,GeoNames cities5000 dump; CC BY 4.0,2248752,2026-04-14,geolocated national model-support node,"place and coordinate are external records; node role, sink weight and any later flow are model inputs or estimates, not observed shipments",NF_EDFLOW_geolocated_network_expansion_v1_2_0_2026-08-31
GEO_SEN_2246678,Senegal,SEN,Pikine,Pikine,-17.39071,14.76457,PPL,candidate consumer or transit catchment,fish|vegetable,GeoNames cities5000 dump; CC BY 4.0,2246678,2026-06-22,geolocated national model-support node,"place and coordinate are external records; node role, sink weight and any later flow are model inputs or estimates, not observed shipments",NF_EDFLOW_geolocated_network_expansion_v1_2_0_2026-08-31
GEO_SEN_2244322,Senegal,SEN,Touba,Touba,-15.87532,14.86229,PPL,candidate consumer or transit catchment,fish|vegetable,GeoNames cities5000 dump; CC BY 4.0,2244322,2025-12-15,geolocated national model-support node,"place and coordinate are external records; node role, sink weight and any later flow are model inputs or estimates, not observed shipments",NF_EDFLOW_geolocated_network_expansion_v1_2_0_2026-08-31
GEO_SEN_2595778,Senegal,SEN,Guédiawaye,Guediawaye,-17.40212,14.77446,PPL,candidate consumer or transit catchment,fish|vegetable,GeoNames cities5000 dump; CC BY 4.0,2595778,2024-11-02,geolocated national model-support node,"place and coordinate are external records; node role, sink weight and any later flow are model inputs or estimates, not observed shipments",NF_EDFLOW_geolocated_network_expansion_v1_2_0_2026-08-31
GEO_SEN_2246512,Senegal,SEN,Rufisque,Rufisque,-17.27334,14.71542,PPL,candidate consumer or transit catchment,fish|vegetable,GeoNames cities5000 dump; CC BY 4.0,2246512,2025-05-27,geolocated national model-support node,"place and coordinate are external records; node role, sink weight and any later flow are model inputs or estimates, not observed shipments",NF_EDFLOW_geolocated_network_expansion_v1_2_0_2026-08-31
GEO_SEN_2248477,Senegal,SEN,Mbour,Mbour,-16.96375,14.42196,PPL,candidate consumer or transit catchment,fish|vegetable,GeoNames cities5000 dump; CC BY 4.0,2248477,2025-05-27,geolocated national model-support node,"place and coordinate are external records; node role, sink weight and any later flow are model inputs or estimates, not observed shipments",NF_EDFLOW_geolocated_network_expansion_v1_2_0_2026-08-31
GEO_SEN_2244799,Senegal,SEN,Thiès Nones,Thies Nones,-16.96667,14.78333,PPL,candidate consumer or transit catchment,fish|vegetable,GeoNames cities5000 dump; CC BY 4.0,2244799,2018-07-04,geolocated national model-support node,"place and coordinate are external records; node role, sink weight and any later flow are model inputs or estimates, not observed shipments",NF_EDFLOW_geolocated_network_expansion_v1_2_0_2026-08-31
GEO_SEN_11101625,Senegal,SEN,Rufisque est,Rufisque est,-17.27283,14.7162,PPLX,candidate consumer or transit catchment,fish|vegetable,GeoNames cities5000 dump; CC BY 4.0,11101625,2023-11-28,geolocated national model-support node,"place and coordinate are external records; node role, sink weight and any later flow are model inputs or estimates, not observed shipments",NF_EDFLOW_geolocated_network_expansion_v1_2_0_2026-08-31
GEO_SEN_2244386,Senegal,SEN,Tivaouane,Tivaouane,-16.8152,14.95186,PPL,candidate consumer or transit catchment,fish|vegetable,GeoNames cities5000 dump; CC BY 4.0,2244386,2025-08-13,geolocated national model-support node,"place and coordinate are external records; node role, sink weight and any later flow are model inputs or estimates, not observed shipments",NF_EDFLOW_geolocated_network_expansion_v1_2_0_2026-08-31
GEO_SEN_2248698,Senegal,SEN,Mbaké,Mbake,-15.90803,14.79032,PPL,candidate consumer or transit catchment,fish|vegetable,GeoNames cities5000 dump; CC BY 4.0,2248698,2025-05-29,geolocated national model-support node,"place and coordinate are external records; node role, sink weight and any later flow are model inputs or estimates, not observed shipments",NF_EDFLOW_geolocated_network_expansion_v1_2_0_2026-08-31
GEO_SEN_2244616,Senegal,SEN,Tiébo,Tiebo,-16.23333,14.63333,PPL,candidate consumer or transit catchment,fish|vegetable,GeoNames cities5000 dump; CC BY 4.0,2244616,2006-01-17,geolocated national model-support node,"place and coordinate are external records; node role, sink weight and any later flow are model inputs or estimates, not observed shipments",NF_EDFLOW_geolocated_network_expansion_v1_2_0_2026-08-31
GEO_SEN_2248385,Senegal,SEN,Keur Médoune,KeurMedoune,-15.90434,14.75835,PPL,candidate consumer or transit catchment,fish|vegetable,GeoNames cities5000 dump; CC BY 4.0,2248385,2025-12-15,geolocated national model-support node,"place and coordinate are external records; node role, sink weight and any later flow are model inputs or estimates, not observed shipments",NF_EDFLOW_geolocated_network_expansion_v1_2_0_2026-08-31
GEO_SEN_2246544,Senegal,SEN,Richard-Toll,Richard-Toll,-15.70083,16.4625,PPL,candidate consumer or transit catchment,fish|vegetable,GeoNames cities5000 dump; CC BY 4.0,2246544,2025-05-27,geolocated national model-support node,"place and coordinate are external records; node role, sink weight and any later flow are model inputs or estimates, not observed shipments",NF_EDFLOW_geolocated_network_expansion_v1_2_0_2026-08-31
GEO_SEN_2252132,Senegal,SEN,Dougnane,Dougnane,-16.86999,14.95856,PPL,candidate consumer or transit catchment,fish|vegetable,GeoNames cities5000 dump; CC BY 4.0,2252132,2025-08-13,geolocated national model-support node,"place and coordinate are external records; node role, sink weight and any later flow are model inputs or estimates, not observed shipments",NF_EDFLOW_geolocated_network_expansion_v1_2_0_2026-08-31
GEO_SEN_2254154,Senegal,SEN,Bargny,Bargny,-17.23015,14.69707,PPL,candidate consumer or transit catchment,fish|vegetable,GeoNames cities5000 dump; CC BY 4.0,2254154,2026-06-22,geolocated national model-support node,"place and coordinate are external records; node role, sink weight and any later flow are model inputs or estimates, not observed shipments",NF_EDFLOW_geolocated_network_expansion_v1_2_0_2026-08-31
GEO_SEN_2595382,Senegal,SEN,Bargny Ngoude,Bargny Ngoude,-17.2353,14.69407,PPLX,candidate consumer or transit catchment,fish|vegetable,GeoNames cities5000 dump; CC BY 4.0,2595382,2023-11-28,geolocated national model-support node,"place and coordinate are external records; node role, sink weight and any later flow are model inputs or estimates, not observed shipments",NF_EDFLOW_geolocated_network_expansion_v1_2_0_2026-08-31
GEO_SEN_2254153,Senegal,SEN,Bargny Guèdj,Bargny Guedj,-17.22808,14.68698,PPLX,candidate consumer or transit catchment,fish|vegetable,GeoNames cities5000 dump; CC BY 4.0,2254153,2023-11-28,geolocated national model-support node,"place and coordinate are external records; node role, sink weight and any later flow are model inputs or estimates, not observed shipments",NF_EDFLOW_geolocated_network_expansion_v1_2_0_2026-08-31
GEO_SEN_2247381,Senegal,SEN,Nguékhokh,Nguekhokh,-17.00447,14.51255,PPL,candidate consumer or transit catchment,fish|vegetable,GeoNames cities5000 dump; CC BY 4.0,2247381,2025-05-27,geolocated national model-support node,"place and coordinate are external records; node role, sink weight and any later flow are model inputs or estimates, not observed shipments",NF_EDFLOW_geolocated_network_expansion_v1_2_0_2026-08-31
GEO_SEN_2595640,Senegal,SEN,Diamniadio,Diamniadio,-17.1816,14.72051,PPL,candidate consumer or transit catchment,fish|vegetable,GeoNames cities5000 dump; CC BY 4.0,2595640,2025-05-28,geolocated national model-support node,"place and coordinate are external records; node role, sink weight and any later flow are model inputs or estimates, not observed shipments",NF_EDFLOW_geolocated_network_expansion_v1_2_0_2026-08-31
GEO_SEN_2251084,Senegal,SEN,Joal,Joal,-16.84929,14.17309,PPL,candidate consumer or transit catchment,fish|vegetable,GeoNames cities5000 dump; CC BY 4.0,2251084,2025-08-13,geolocated national model-support node,"place and coordinate are external records; node role, sink weight and any later flow are model inputs or estimates, not observed shipments",NF_EDFLOW_geolocated_network_expansion_v1_2_0_2026-08-31
GEO_SEN_2253277,Senegal,SEN,Dara,Dara,-15.47993,15.34844,PPL,candidate consumer or transit catchment,fish|vegetable,GeoNames cities5000 dump; CC BY 4.0,2253277,2025-05-27,geolocated national model-support node,"place and coordinate are external records; node role, sink weight and any later flow are model inputs or estimates, not observed shipments",NF_EDFLOW_geolocated_network_expansion_v1_2_0_2026-08-31
GEO_SEN_2244177,Senegal,SEN,Vélingara,Velingara,-14.11667,13.15,PPL,candidate consumer or transit catchment,fish|vegetable,GeoNames cities5000 dump; CC BY 4.0,2244177,2025-05-27,geolocated national model-support node,"place and coordinate are external records; node role, sink weight and any later flow are model inputs or estimates, not observed shipments",NF_EDFLOW_geolocated_network_expansion_v1_2_0_2026-08-31
GEO_SEN_2245709,Senegal,SEN,Sébikhotane,Sebikhotane,-17.13783,14.74521,PPL,candidate consumer or transit catchment,fish|vegetable,GeoNames cities5000 dump; CC BY 4.0,2245709,2025-05-27,geolocated national model-support node,"place and coordinate are external records; node role, sink weight and any later flow are model inputs or estimates, not observed shipments",NF_EDFLOW_geolocated_network_expansion_v1_2_0_2026-08-31
GEO_SEN_2595222,Senegal,SEN,Sali,Sali,-17.01944,14.44111,PPL,candidate consumer or transit catchment,fish|vegetable,GeoNames cities5000 dump; CC BY 4.0,2595222,2025-05-29,geolocated national model-support node,"place and coordinate are external records; node role, sink weight and any later flow are model inputs or estimates, not observed shipments",NF_EDFLOW_geolocated_network_expansion_v1_2_0_2026-08-31
GEO_SEN_2247298,Senegal,SEN,Niakoul Rab,Niakoul Rab,-17.27361,14.78421,PPL,candidate consumer or transit catchment,fish|vegetable,GeoNames cities5000 dump; CC BY 4.0,2247298,2023-11-28,geolocated national model-support node,"place and coordinate are external records; node role, sink weight and any later flow are model inputs or estimates, not observed shipments",NF_EDFLOW_geolocated_network_expansion_v1_2_0_2026-08-31
GEO_SEN_13117829,Senegal,SEN,Jaxaay Parcelle Niakoul Rap,Jaxaay Parcelle Niakoul Rap,-17.28024,14.77474,PPLX,candidate consumer or transit catchment,fish|vegetable,GeoNames cities5000 dump; CC BY 4.0,13117829,2024-10-17,geolocated national model-support node,"place and coordinate are external records; node role, sink weight and any later flow are model inputs or estimates, not observed shipments",NF_EDFLOW_geolocated_network_expansion_v1_2_0_2026-08-31
GEO_SEN_2248515,Senegal,SEN,Mboro,Mboro,-16.88682,15.14051,PPL,candidate consumer or transit catchment,fish|vegetable,GeoNames cities5000 dump; CC BY 4.0,2248515,2025-05-27,geolocated national model-support node,"place and coordinate are external records; node role, sink weight and any later flow are model inputs or estimates, not observed shipments",NF_EDFLOW_geolocated_network_expansion_v1_2_0_2026-08-31
GEO_SEN_7670740,Senegal,SEN,Bambey,Bambey,-16.45911,14.70074,PPL,candidate consumer or transit catchment,fish|vegetable,GeoNames cities5000 dump; CC BY 4.0,7670740,2025-05-28,geolocated national model-support node,"place and coordinate are external records; node role, sink weight and any later flow are model inputs or estimates, not observed shipments",NF_EDFLOW_geolocated_network_expansion_v1_2_0_2026-08-31
GEO_SEN_2248433,Senegal,SEN,Médina Gounas,Medina Gounas,-13.75566,13.13607,PPL,candidate consumer or transit catchment,fish|vegetable,GeoNames cities5000 dump; CC BY 4.0,2248433,2025-07-03,geolocated national model-support node,"place and coordinate are external records; node role, sink weight and any later flow are model inputs or estimates, not observed shipments",NF_EDFLOW_geolocated_network_expansion_v1_2_0_2026-08-31
GEO_SEN_11101616,Senegal,SEN,N’diareme limamoulaye,N'diareme limamoulaye,-17.3841,14.78148,PPL,candidate consumer or transit catchment,fish|vegetable,GeoNames cities5000 dump; CC BY 4.0,11101616,2016-03-15,geolocated national model-support node,"place and coordinate are external records; node role, sink weight and any later flow are model inputs or estimates, not observed shipments",NF_EDFLOW_geolocated_network_expansion_v1_2_0_2026-08-31
GEO_SEN_2595758,Senegal,SEN,Le Plateau,Le Plateau,-17.43972,14.66222,PPLX,candidate consumer or transit catchment,fish|vegetable,GeoNames cities5000 dump; CC BY 4.0,2595758,2024-10-17,geolocated national model-support node,"place and coordinate are external records; node role, sink weight and any later flow are model inputs or estimates, not observed shipments",NF_EDFLOW_geolocated_network_expansion_v1_2_0_2026-08-31
GEO_SEN_2247813,Senegal,SEN,Ndibène Dahra,Ndibene Dahra,-15.4766,15.3338,PPL,candidate consumer or transit catchment,fish|vegetable,GeoNames cities5000 dump; CC BY 4.0,2247813,2023-11-28,geolocated national model-support node,"place and coordinate are external records; node role, sink weight and any later flow are model inputs or estimates, not observed shipments",NF_EDFLOW_geolocated_network_expansion_v1_2_0_2026-08-31
GEO_SEN_2249554,Senegal,SEN,Koungheul,Koungheul,-14.8,13.98333,PPL,candidate consumer or transit catchment,fish|vegetable,GeoNames cities5000 dump; CC BY 4.0,2249554,2025-05-27,geolocated national model-support node,"place and coordinate are external records; node role, sink weight and any later flow are model inputs or estimates, not observed shipments",NF_EDFLOW_geolocated_network_expansion_v1_2_0_2026-08-31
GEO_SEN_2253901,Senegal,SEN,Bignona,Bignona,-16.22639,12.81028,PPL,candidate consumer or transit catchment,fish|vegetable,GeoNames cities5000 dump; CC BY 4.0,2253901,2025-05-27,geolocated national model-support node,"place and coordinate are external records; node role, sink weight and any later flow are model inputs or estimates, not observed shipments",NF_EDFLOW_geolocated_network_expansion_v1_2_0_2026-08-31
GEO_SEN_2248409,Senegal,SEN,Mékhé,Mekhe,-16.6218,15.1097,PPL,candidate consumer or transit catchment,fish|vegetable,GeoNames cities5000 dump; CC BY 4.0,2248409,2025-05-27,geolocated national model-support node,"place and coordinate are external records; node role, sink weight and any later flow are model inputs or estimates, not observed shipments",NF_EDFLOW_geolocated_network_expansion_v1_2_0_2026-08-31
GEO_SEN_2246922,Senegal,SEN,Ouro Sogui,Ouro Sogui,-13.3223,15.60588,PPL,candidate consumer or transit catchment,fish|vegetable,GeoNames cities5000 dump; CC BY 4.0,2246922,2025-05-28,geolocated national model-support node,"place and coordinate are external records; node role, sink weight and any later flow are model inputs or estimates, not observed shipments",NF_EDFLOW_geolocated_network_expansion_v1_2_0_2026-08-31
GEO_SEN_2250982,Senegal,SEN,Kahone,Kahone,-16.03572,14.15838,PPL,candidate consumer or transit catchment,fish|vegetable,GeoNames cities5000 dump; CC BY 4.0,2250982,2025-08-13,geolocated national model-support node,"place and coordinate are external records; node role, sink weight and any later flow are model inputs or estimates, not observed shipments",NF_EDFLOW_geolocated_network_expansion_v1_2_0_2026-08-31
GEO_SEN_2252685,Senegal,SEN,Diaoubé,Diaoube,-14.16667,12.91667,PPL,candidate consumer or transit catchment,fish|vegetable,GeoNames cities5000 dump; CC BY 4.0,2252685,2023-11-28,geolocated national model-support node,"place and coordinate are external records; node role, sink weight and any later flow are model inputs or estimates, not observed shipments",NF_EDFLOW_geolocated_network_expansion_v1_2_0_2026-08-31
GEO_SEN_2246608,Senegal,SEN,Poukham Un,PoukhamUn,-16.41235,14.35751,PPL,candidate consumer or transit catchment,fish|vegetable,GeoNames cities5000 dump; CC BY 4.0,2246608,2025-08-13,geolocated national model-support node,"place and coordinate are external records; node role, sink weight and any later flow are model inputs or estimates, not observed shipments",NF_EDFLOW_geolocated_network_expansion_v1_2_0_2026-08-31
GEO_SEN_2246606,Senegal,SEN,Pout,Pout,-17.06107,14.77099,PPL,candidate consumer or transit catchment,fish|vegetable,GeoNames cities5000 dump; CC BY 4.0,2246606,2023-11-28,geolocated national model-support node,"place and coordinate are external records; node role, sink weight and any later flow are model inputs or estimates, not observed shipments",NF_EDFLOW_geolocated_network_expansion_v1_2_0_2026-08-31
GEO_SEN_2250677,Senegal,SEN,Kayar,Kayar,-17.11978,14.91893,PPL,candidate consumer or transit catchment,fish|vegetable,GeoNames cities5000 dump; CC BY 4.0,2250677,2023-11-28,geolocated national model-support node,"place and coordinate are external records; node role, sink weight and any later flow are model inputs or estimates, not observed shipments",NF_EDFLOW_geolocated_network_expansion_v1_2_0_2026-08-31
GEO_SEN_2253375,Senegal,SEN,Dagana,Dagana,-15.6,16.47667,PPL,candidate consumer or transit catchment,fish|vegetable,GeoNames cities5000 dump; CC BY 4.0,2253375,2023-11-28,geolocated national model-support node,"place and coordinate are external records; node role, sink weight and any later flow are model inputs or estimates, not observed shipments",NF_EDFLOW_geolocated_network_expansion_v1_2_0_2026-08-31
GEO_SEN_2249550,Senegal,SEN,Koungneul Sossé,Koungneul Sosse,-14.81667,13.96667,PPL,candidate consumer or transit catchment,fish|vegetable,GeoNames cities5000 dump; CC BY 4.0,2249550,2023-11-28,geolocated national model-support node,"place and coordinate are external records; node role, sink weight and any later flow are model inputs or estimates, not observed shipments",NF_EDFLOW_geolocated_network_expansion_v1_2_0_2026-08-31
GEO_SEN_2247157,Senegal,SEN,Nioro du Rip,Nioro du Rip,-15.8,13.75,PPL,candidate consumer or transit catchment,fish|vegetable,GeoNames cities5000 dump; CC BY 4.0,2247157,2025-05-28,geolocated national model-support node,"place and coordinate are external records; node role, sink weight and any later flow are model inputs or estimates, not observed shipments",NF_EDFLOW_geolocated_network_expansion_v1_2_0_2026-08-31
GEO_SEN_2251230,Senegal,SEN,Guinguinéo,Guinguineo,-15.94508,14.2695,PPL,candidate consumer or transit catchment,fish|vegetable,GeoNames cities5000 dump; CC BY 4.0,2251230,2025-12-15,geolocated national model-support node,"place and coordinate are external records; node role, sink weight and any later flow are model inputs or estimates, not observed shipments",NF_EDFLOW_geolocated_network_expansion_v1_2_0_2026-08-31
GEO_SEN_2249901,Senegal,SEN,Khombole,Khombole,-16.6916,14.76361,PPL,candidate consumer or transit catchment,fish|vegetable,GeoNames cities5000 dump; CC BY 4.0,2249901,2025-08-13,geolocated national model-support node,"place and coordinate are external records; node role, sink weight and any later flow are model inputs or estimates, not observed shipments",NF_EDFLOW_geolocated_network_expansion_v1_2_0_2026-08-31
GEO_SEN_2247684,Senegal,SEN,Ndioum,Ndioum,-14.64706,16.51293,PPL,candidate consumer or transit catchment,fish|vegetable,GeoNames cities5000 dump; CC BY 4.0,2247684,2025-05-28,geolocated national model-support node,"place and coordinate are external records; node role, sink weight and any later flow are model inputs or estimates, not observed shipments",NF_EDFLOW_geolocated_network_expansion_v1_2_0_2026-08-31
GEO_SEN_2244786,Senegal,SEN,Thiadiaye,Thiadiaye,-16.70258,14.42038,PPL,candidate consumer or transit catchment,fish|vegetable,GeoNames cities5000 dump; CC BY 4.0,2244786,2026-08-30,geolocated national model-support node,"place and coordinate are external records; node role, sink weight and any later flow are model inputs or estimates, not observed shipments",NF_EDFLOW_geolocated_network_expansion_v1_2_0_2026-08-31
GEO_SEN_2250659,Senegal,SEN,Kébémer,Kebemer,-16.4339,15.365,PPL,candidate consumer or transit catchment,fish|vegetable,GeoNames cities5000 dump; CC BY 4.0,2250659,2023-11-28,geolocated national model-support node,"place and coordinate are external records; node role, sink weight and any later flow are model inputs or estimates, not observed shipments",NF_EDFLOW_geolocated_network_expansion_v1_2_0_2026-08-31
GEO_SEN_2249281,Senegal,SEN,Linguère,Linguere,-15.1193,15.3953,PPL,candidate consumer or transit catchment,fish|vegetable,GeoNames cities5000 dump; CC BY 4.0,2249281,2025-05-28,geolocated national model-support node,"place and coordinate are external records; node role, sink weight and any later flow are model inputs or estimates, not observed shipments",NF_EDFLOW_geolocated_network_expansion_v1_2_0_2026-08-31
GEO_SEN_2251470,Senegal,SEN,Goudomp,Goudomp,-15.87222,12.57778,PPL,candidate consumer or transit catchment,fish|vegetable,GeoNames cities5000 dump; CC BY 4.0,2251470,2025-05-28,geolocated national model-support node,"place and coordinate are external records; node role, sink weight and any later flow are model inputs or estimates, not observed shipments",NF_EDFLOW_geolocated_network_expansion_v1_2_0_2026-08-31
GEO_SEN_2251688,Senegal,SEN,Gandiaye,Gandiaye,-16.27231,14.24362,PPL,candidate consumer or transit catchment,fish|vegetable,GeoNames cities5000 dump; CC BY 4.0,2251688,2026-08-30,geolocated national model-support node,"place and coordinate are external records; node role, sink weight and any later flow are model inputs or estimates, not observed shipments",NF_EDFLOW_geolocated_network_expansion_v1_2_0_2026-08-31
GEO_SEN_2249576,Senegal,SEN,Koumpentoum,Koumpentoum,-14.56667,13.98333,PPL,candidate consumer or transit catchment,fish|vegetable,GeoNames cities5000 dump; CC BY 4.0,2249576,2025-05-28,geolocated national model-support node,"place and coordinate are external records; node role, sink weight and any later flow are model inputs or estimates, not observed shipments",NF_EDFLOW_geolocated_network_expansion_v1_2_0_2026-08-31
GEO_SEN_2251490,Senegal,SEN,Gossas Village,Gossas Village,-16.11377,14.48409,PPL,candidate consumer or transit catchment,fish|vegetable,GeoNames cities5000 dump; CC BY 4.0,2251490,2025-07-03,geolocated national model-support node,"place and coordinate are external records; node role, sink weight and any later flow are model inputs or estimates, not observed shipments",NF_EDFLOW_geolocated_network_expansion_v1_2_0_2026-08-31
GEO_SEN_2250668,Senegal,SEN,Kbombole,Kbombole,-16.7,14.76667,PPL,candidate consumer or transit catchment,fish|vegetable,GeoNames cities5000 dump; CC BY 4.0,2250668,2023-11-28,geolocated national model-support node,"place and coordinate are external records; node role, sink weight and any later flow are model inputs or estimates, not observed shipments",NF_EDFLOW_geolocated_network_expansion_v1_2_0_2026-08-31
GEO_SEN_2250849,Senegal,SEN,Kanel,Kanel,-13.17627,15.4916,PPL,candidate consumer or transit catchment,fish|vegetable,GeoNames cities5000 dump; CC BY 4.0,2250849,2025-05-27,geolocated national model-support node,"place and coordinate are external records; node role, sink weight and any later flow are model inputs or estimates, not observed shipments",NF_EDFLOW_geolocated_network_expansion_v1_2_0_2026-08-31
GEO_SEN_2244797,Senegal,SEN,Thilogne,Thilogne,-13.65778,15.92389,PPL,candidate consumer or transit catchment,fish|vegetable,GeoNames cities5000 dump; CC BY 4.0,2244797,2025-05-27,geolocated national model-support node,"place and coordinate are external records; node role, sink weight and any later flow are model inputs or estimates, not observed shipments",NF_EDFLOW_geolocated_network_expansion_v1_2_0_2026-08-31
GEO_SEN_8030383,Senegal,SEN,Mermoz Boabab,Mermoz Boabab,-17.47581,14.70649,PPL,candidate consumer or transit catchment,fish|vegetable,GeoNames cities5000 dump; CC BY 4.0,8030383,2011-10-04,geolocated national model-support node,"place and coordinate are external records; node role, sink weight and any later flow are model inputs or estimates, not observed shipments",NF_EDFLOW_geolocated_network_expansion_v1_2_0_2026-08-31
GEO_SEN_2245241,Senegal,SEN,Sokone,Sokone,-16.3682,13.87821,PPL,candidate consumer or transit catchment,fish|vegetable,GeoNames cities5000 dump; CC BY 4.0,2245241,2026-06-17,geolocated national model-support node,"place and coordinate are external records; node role, sink weight and any later flow are model inputs or estimates, not observed shipments",NF_EDFLOW_geolocated_network_expansion_v1_2_0_2026-08-31
GEO_SEN_2250773,Senegal,SEN,Karang Poste,Karang Poste,-16.42427,13.60661,PPL,candidate consumer or transit catchment,fish|vegetable,GeoNames cities5000 dump; CC BY 4.0,2250773,2026-06-17,geolocated national model-support node,"place and coordinate are external records; node role, sink weight and any later flow are model inputs or estimates, not observed shipments",NF_EDFLOW_geolocated_network_expansion_v1_2_0_2026-08-31
GEO_SEN_2247520,Senegal,SEN,Nganda,Nganda,-15.41667,13.83333,PPL,candidate consumer or transit catchment,fish|vegetable,GeoNames cities5000 dump; CC BY 4.0,2247520,2025-05-27,geolocated national model-support node,"place and coordinate are external records; node role, sink weight and any later flow are model inputs or estimates, not observed shipments",NF_EDFLOW_geolocated_network_expansion_v1_2_0_2026-08-31
GEO_SEN_2245427,Senegal,SEN,Sintiou Bamambé,Sintiou Bamambe,-13.13471,15.36736,PPL,candidate consumer or transit catchment,fish|vegetable,GeoNames cities5000 dump; CC BY 4.0,2245427,2023-11-28,geolocated national model-support node,"place and coordinate are external records; node role, sink weight and any later flow are model inputs or estimates, not observed shipments",NF_EDFLOW_geolocated_network_expansion_v1_2_0_2026-08-31
GEO_SEN_2249892,Senegal,SEN,Kidira,Kidira,-12.21659,14.45668,PPL,candidate consumer or transit catchment,fish|vegetable,GeoNames cities5000 dump; CC BY 4.0,2249892,2025-05-29,geolocated national model-support node,"place and coordinate are external records; node role, sink weight and any later flow are model inputs or estimates, not observed shipments",NF_EDFLOW_geolocated_network_expansion_v1_2_0_2026-08-31
GEO_SEN_2254441,Senegal,SEN,Bakel,Bakel,-12.45935,14.90238,PPL,candidate consumer or transit catchment,fish|vegetable,GeoNames cities5000 dump; CC BY 4.0,2254441,2023-11-28,geolocated national model-support node,"place and coordinate are external records; node role, sink weight and any later flow are model inputs or estimates, not observed shipments",NF_EDFLOW_geolocated_network_expansion_v1_2_0_2026-08-31
GEO_SEN_2247660,Senegal,SEN,Ndofane,Ndofane,-15.93333,13.91667,PPL,candidate consumer or transit catchment,fish|vegetable,GeoNames cities5000 dump; CC BY 4.0,2247660,2023-11-28,geolocated national model-support node,"place and coordinate are external records; node role, sink weight and any later flow are model inputs or estimates, not observed shipments",NF_EDFLOW_geolocated_network_expansion_v1_2_0_2026-08-31
GEO_SEN_2246780,Senegal,SEN,Passy,Passy,-16.26179,13.98587,PPL,candidate consumer or transit catchment,fish|vegetable,GeoNames cities5000 dump; CC BY 4.0,2246780,2026-06-17,geolocated national model-support node,"place and coordinate are external records; node role, sink weight and any later flow are model inputs or estimates, not observed shipments",NF_EDFLOW_geolocated_network_expansion_v1_2_0_2026-08-31
GEO_SEN_12640235,Senegal,SEN,Madina Wandifa,Madina Wandifa,-15.64319,13.05794,PPL,candidate consumer or transit catchment,fish|vegetable,GeoNames cities5000 dump; CC BY 4.0,12640235,2023-11-28,geolocated national model-support node,"place and coordinate are external records; node role, sink weight and any later flow are model inputs or estimates, not observed shipments",NF_EDFLOW_geolocated_network_expansion_v1_2_0_2026-08-31
GEO_SLE_2409306,Sierra Leone,SLE,Freetown,Freetown,-13.2356,8.48714,PPLC,major national hub,fish|vegetable,GeoNames cities5000 dump; CC BY 4.0,2409306,2024-01-18,geolocated national model-support node,"place and coordinate are external records; node role, sink weight and any later flow are model inputs or estimates, not observed shipments",NF_EDFLOW_geolocated_network_expansion_v1_2_0_2026-08-31
GEO_SLE_2407790,Sierra Leone,SLE,Kenema,Kenema,-11.19025,7.87687,PPLA,major national hub,fish|vegetable,GeoNames cities5000 dump; CC BY 4.0,2407790,2026-05-06,geolocated national model-support node,"place and coordinate are external records; node role, sink weight and any later flow are model inputs or estimates, not observed shipments",NF_EDFLOW_geolocated_network_expansion_v1_2_0_2026-08-31
GEO_SLE_2410048,Sierra Leone,SLE,Bo,Bo,-11.73833,7.96472,PPLA,major national hub,fish|vegetable,GeoNames cities5000 dump; CC BY 4.0,2410048,2026-05-06,geolocated national model-support node,"place and coordinate are external records; node role, sink weight and any later flow are model inputs or estimates, not observed shipments",NF_EDFLOW_geolocated_network_expansion_v1_2_0_2026-08-31
GEO_SLE_2406407,Sierra Leone,SLE,Makeni,Makeni,-12.04417,8.88605,PPLA,major national hub,fish|vegetable,GeoNames cities5000 dump; CC BY 4.0,2406407,2026-05-06,geolocated national model-support node,"place and coordinate are external records; node role, sink weight and any later flow are model inputs or estimates, not observed shipments",NF_EDFLOW_geolocated_network_expansion_v1_2_0_2026-08-31
GEO_SLE_2404433,Sierra Leone,SLE,Port Loko,Port Loko,-12.78696,8.76609,PPLA,major national hub,fish|vegetable,GeoNames cities5000 dump; CC BY 4.0,2404433,2026-05-06,geolocated national model-support node,"place and coordinate are external records; node role, sink weight and any later flow are model inputs or estimates, not observed shipments",NF_EDFLOW_geolocated_network_expansion_v1_2_0_2026-08-31
GEO_SLE_2407656,Sierra Leone,SLE,Koidu,Koidu,-10.9714,8.64387,PPL,candidate consumer or transit catchment,fish|vegetable,GeoNames cities5000 dump; CC BY 4.0,2407656,2026-05-06,geolocated national model-support node,"place and coordinate are external records; node role, sink weight and any later flow are model inputs or estimates, not observed shipments",NF_EDFLOW_geolocated_network_expansion_v1_2_0_2026-08-31
GEO_SLE_2403094,Sierra Leone,SLE,Waterloo,Waterloo,-13.07091,8.3389,PPL,candidate consumer or transit catchment,fish|vegetable,GeoNames cities5000 dump; CC BY 4.0,2403094,2024-01-18,geolocated national model-support node,"place and coordinate are external records; node role, sink weight and any later flow are model inputs or estimates, not observed shipments",NF_EDFLOW_geolocated_network_expansion_v1_2_0_2026-08-31
GEO_SLE_2404837,Sierra Leone,SLE,Njala,Njala,-12.01558,8.23231,PPL,candidate consumer or transit catchment,fish|vegetable,GeoNames cities5000 dump; CC BY 4.0,2404837,2024-10-15,geolocated national model-support node,"place and coordinate are external records; node role, sink weight and any later flow are model inputs or estimates, not observed shipments",NF_EDFLOW_geolocated_network_expansion_v1_2_0_2026-08-31
GEO_SLE_2406916,Sierra Leone,SLE,Lunsar,Lunsar,-12.53499,8.68439,PPL,candidate consumer or transit catchment,fish|vegetable,GeoNames cities5000 dump; CC BY 4.0,2406916,2024-01-18,geolocated national model-support node,"place and coordinate are external records; node role, sink weight and any later flow are model inputs or estimates, not observed shipments",NF_EDFLOW_geolocated_network_expansion_v1_2_0_2026-08-31
GEO_SLE_9191693,Sierra Leone,SLE,Goderich,Goderich,-13.28598,8.42756,PPLX,candidate consumer or transit catchment,fish|vegetable,GeoNames cities5000 dump; CC BY 4.0,9191693,2020-05-08,geolocated national model-support node,"place and coordinate are external records; node role, sink weight and any later flow are model inputs or estimates, not observed shipments",NF_EDFLOW_geolocated_network_expansion_v1_2_0_2026-08-31
GEO_SLE_2408329,Sierra Leone,SLE,Kabala,Kabala,-11.55256,9.58893,PPL,candidate consumer or transit catchment,fish|vegetable,GeoNames cities5000 dump; CC BY 4.0,2408329,2024-01-18,geolocated national model-support node,"place and coordinate are external records; node role, sink weight and any later flow are model inputs or estimates, not observed shipments",NF_EDFLOW_geolocated_network_expansion_v1_2_0_2026-08-31
GEO_SLE_2404041,Sierra Leone,SLE,Segbwema,Segbwema,-10.9502,7.99471,PPL,candidate consumer or transit catchment,fish|vegetable,GeoNames cities5000 dump; CC BY 4.0,2404041,2024-01-18,geolocated national model-support node,"place and coordinate are external records; node role, sink weight and any later flow are model inputs or estimates, not observed shipments",NF_EDFLOW_geolocated_network_expansion_v1_2_0_2026-08-31
GEO_SLE_2409823,Sierra Leone,SLE,Bumpe,Bumpe,-11.90541,7.89209,PPL,candidate consumer or transit catchment,fish|vegetable,GeoNames cities5000 dump; CC BY 4.0,2409823,2021-11-10,geolocated national model-support node,"place and coordinate are external records; node role, sink weight and any later flow are model inputs or estimates, not observed shipments",NF_EDFLOW_geolocated_network_expansion_v1_2_0_2026-08-31
GEO_SLE_12718740,Sierra Leone,SLE,Mile 91,Mile 91,-12.21457,8.46596,PPL,candidate consumer or transit catchment,fish|vegetable,GeoNames cities5000 dump; CC BY 4.0,12718740,2024-01-18,geolocated national model-support node,"place and coordinate are external records; node role, sink weight and any later flow are model inputs or estimates, not observed shipments",NF_EDFLOW_geolocated_network_expansion_v1_2_0_2026-08-31
GEO_SLE_2406576,Sierra Leone,SLE,Magburaka,Magburaka,-11.9488,8.72306,PPL,candidate consumer or transit catchment,fish|vegetable,GeoNames cities5000 dump; CC BY 4.0,2406576,2015-02-06,geolocated national model-support node,"place and coordinate are external records; node role, sink weight and any later flow are model inputs or estimates, not observed shipments",NF_EDFLOW_geolocated_network_expansion_v1_2_0_2026-08-31
GEO_SLE_2408250,Sierra Leone,SLE,Kailahun,Kailahun,-10.573,8.2789,PPL,candidate consumer or transit catchment,fish|vegetable,GeoNames cities5000 dump; CC BY 4.0,2408250,2024-01-18,geolocated national model-support node,"place and coordinate are external records; node role, sink weight and any later flow are model inputs or estimates, not observed shipments",NF_EDFLOW_geolocated_network_expansion_v1_2_0_2026-08-31
GEO_SLE_2410090,Sierra Leone,SLE,Binkolo,Binkolo,-11.98029,8.95225,PPL,candidate consumer or transit catchment,fish|vegetable,GeoNames cities5000 dump; CC BY 4.0,2410090,2015-02-06,geolocated national model-support node,"place and coordinate are external records; node role, sink weight and any later flow are model inputs or estimates, not observed shipments",NF_EDFLOW_geolocated_network_expansion_v1_2_0_2026-08-31
GEO_SLE_2402816,Sierra Leone,SLE,Yengema,Yengema,-11.17057,8.71441,PPL,candidate consumer or transit catchment,fish|vegetable,GeoNames cities5000 dump; CC BY 4.0,2402816,2021-11-10,geolocated national model-support node,"place and coordinate are external records; node role, sink weight and any later flow are model inputs or estimates, not observed shipments",NF_EDFLOW_geolocated_network_expansion_v1_2_0_2026-08-31
GEO_SLE_2404303,Sierra Leone,SLE,Rokupr,Rokupr,-12.38497,8.67121,PPL,candidate consumer or transit catchment,fish|vegetable,GeoNames cities5000 dump; CC BY 4.0,2404303,2021-11-10,geolocated national model-support node,"place and coordinate are external records; node role, sink weight and any later flow are model inputs or estimates, not observed shipments",NF_EDFLOW_geolocated_network_expansion_v1_2_0_2026-08-31
GEO_SLE_2409214,Sierra Leone,SLE,Gandorhun,Gandorhun,-11.6926,7.55502,PPL,candidate consumer or transit catchment,fish|vegetable,GeoNames cities5000 dump; CC BY 4.0,2409214,2014-12-03,geolocated national model-support node,"place and coordinate are external records; node role, sink weight and any later flow are model inputs or estimates, not observed shipments",NF_EDFLOW_geolocated_network_expansion_v1_2_0_2026-08-31
GEO_SLE_2409215,Sierra Leone,SLE,Gandorhun,Gandorhun,-11.83064,7.49431,PPL,candidate consumer or transit catchment,fish|vegetable,GeoNames cities5000 dump; CC BY 4.0,2409215,2021-11-10,geolocated national model-support node,"place and coordinate are external records; node role, sink weight and any later flow are model inputs or estimates, not observed shipments",NF_EDFLOW_geolocated_network_expansion_v1_2_0_2026-08-31
GEO_SLE_2408088,Sierra Leone,SLE,Kambia,Kambia,-12.91816,9.12504,PPL,candidate consumer or transit catchment,fish|vegetable,GeoNames cities5000 dump; CC BY 4.0,2408088,2021-11-10,geolocated national model-support node,"place and coordinate are external records; node role, sink weight and any later flow are model inputs or estimates, not observed shipments",NF_EDFLOW_geolocated_network_expansion_v1_2_0_2026-08-31
GEO_SLE_2409914,Sierra Leone,SLE,Bonthe,Bonthe,-12.505,7.52639,PPL,candidate consumer or transit catchment,fish|vegetable,GeoNames cities5000 dump; CC BY 4.0,2409914,2021-11-10,geolocated national model-support node,"place and coordinate are external records; node role, sink weight and any later flow are model inputs or estimates, not observed shipments",NF_EDFLOW_geolocated_network_expansion_v1_2_0_2026-08-31
GEO_SLE_2404614,Sierra Leone,SLE,Pendembu,Pendembu,-10.69429,8.09807,PPL,candidate consumer or transit catchment,fish|vegetable,GeoNames cities5000 dump; CC BY 4.0,2404614,2015-01-07,geolocated national model-support node,"place and coordinate are external records; node role, sink weight and any later flow are model inputs or estimates, not observed shipments",NF_EDFLOW_geolocated_network_expansion_v1_2_0_2026-08-31
GEO_SLE_8468758,Sierra Leone,SLE,Mattru Jong,Mattru Jong,-12.16667,7.59973,PPL,candidate consumer or transit catchment,fish|vegetable,GeoNames cities5000 dump; CC BY 4.0,8468758,2024-12-27,geolocated national model-support node,"place and coordinate are external records; node role, sink weight and any later flow are model inputs or estimates, not observed shipments",NF_EDFLOW_geolocated_network_expansion_v1_2_0_2026-08-31
GEO_SLE_2410065,Sierra Leone,SLE,Blama,Blama,-11.34548,7.87481,PPL,candidate consumer or transit catchment,fish|vegetable,GeoNames cities5000 dump; CC BY 4.0,2410065,2024-01-18,geolocated national model-support node,"place and coordinate are external records; node role, sink weight and any later flow are model inputs or estimates, not observed shipments",NF_EDFLOW_geolocated_network_expansion_v1_2_0_2026-08-31
GEO_SLE_2408154,Sierra Leone,SLE,Kamakwie,Kamakwie,-12.24061,9.49689,PPL,candidate consumer or transit catchment,fish|vegetable,GeoNames cities5000 dump; CC BY 4.0,2408154,2013-03-07,geolocated national model-support node,"place and coordinate are external records; node role, sink weight and any later flow are model inputs or estimates, not observed shipments",NF_EDFLOW_geolocated_network_expansion_v1_2_0_2026-08-31
GEO_SLE_2404663,Sierra Leone,SLE,Panguma,Panguma,-11.1329,8.18507,PPL,candidate consumer or transit catchment,fish|vegetable,GeoNames cities5000 dump; CC BY 4.0,2404663,2019-04-13,geolocated national model-support node,"place and coordinate are external records; node role, sink weight and any later flow are model inputs or estimates, not observed shipments",NF_EDFLOW_geolocated_network_expansion_v1_2_0_2026-08-31
GEO_SLE_2571039,Sierra Leone,SLE,Pujehun,Pujehun,-11.72083,7.35806,PPL,candidate consumer or transit catchment,fish|vegetable,GeoNames cities5000 dump; CC BY 4.0,2571039,2024-01-18,geolocated national model-support node,"place and coordinate are external records; node role, sink weight and any later flow are model inputs or estimates, not observed shipments",NF_EDFLOW_geolocated_network_expansion_v1_2_0_2026-08-31
GEO_SLE_2407262,Sierra Leone,SLE,Kukuna,Kukuna,-12.66476,9.39841,PPL,candidate consumer or transit catchment,fish|vegetable,GeoNames cities5000 dump; CC BY 4.0,2407262,2014-12-03,geolocated national model-support node,"place and coordinate are external records; node role, sink weight and any later flow are model inputs or estimates, not observed shipments",NF_EDFLOW_geolocated_network_expansion_v1_2_0_2026-08-31
GEO_SOM_53654,Somalia,SOM,Mogadishu,Mogadishu,45.34375,2.03711,PPLC,major national hub,fish|vegetable,GeoNames cities5000 dump; CC BY 4.0,53654,2025-10-18,geolocated national model-support node,"place and coordinate are external records; node role, sink weight and any later flow are model inputs or estimates, not observed shipments",NF_EDFLOW_geolocated_network_expansion_v1_2_0_2026-08-31
GEO_SOM_57289,Somalia,SOM,Hargeysa,Hargeysa,44.065,9.56,PPLA,major national hub,fish|vegetable,GeoNames cities5000 dump; CC BY 4.0,57289,2026-04-14,geolocated national model-support node,"place and coordinate are external records; node role, sink weight and any later flow are model inputs or estimates, not observed shipments",NF_EDFLOW_geolocated_network_expansion_v1_2_0_2026-08-31
GEO_SOM_55671,Somalia,SOM,Kismayo,Kismayo,42.54536,-0.35817,PPLA,major national hub,fish|vegetable,GeoNames cities5000 dump; CC BY 4.0,55671,2026-04-14,geolocated national model-support node,"place and coordinate are external records; node role, sink weight and any later flow are model inputs or estimates, not observed shipments",NF_EDFLOW_geolocated_network_expansion_v1_2_0_2026-08-31
GEO_SOM_54225,Somalia,SOM,Marka,Marka,44.77166,1.71594,PPLA,major national hub,fish|vegetable,GeoNames cities5000 dump; CC BY 4.0,54225,2026-04-14,geolocated national model-support node,"place and coordinate are external records; node role, sink weight and any later flow are model inputs or estimates, not observed shipments",NF_EDFLOW_geolocated_network_expansion_v1_2_0_2026-08-31
GEO_SOM_64536,Somalia,SOM,Baidoa,Baidoa,43.6498,3.11383,PPLA,major national hub,fish|vegetable,GeoNames cities5000 dump; CC BY 4.0,64536,2026-04-14,geolocated national model-support node,"place and coordinate are external records; node role, sink weight and any later flow are model inputs or estimates, not observed shipments",NF_EDFLOW_geolocated_network_expansion_v1_2_0_2026-08-31
GEO_SOM_63795,Somalia,SOM,Burao,Burao,45.53363,9.52213,PPLA,candidate consumer or transit catchment,fish|vegetable,GeoNames cities5000 dump; CC BY 4.0,63795,2026-04-14,geolocated national model-support node,"place and coordinate are external records; node role, sink weight and any later flow are model inputs or estimates, not observed shipments",NF_EDFLOW_geolocated_network_expansion_v1_2_0_2026-08-31
GEO_SOM_64013,Somalia,SOM,Bosaso,Bosaso,49.18158,11.28421,PPLA,candidate consumer or transit catchment,fish|vegetable,GeoNames cities5000 dump; CC BY 4.0,64013,2026-04-14,geolocated national model-support node,"place and coordinate are external records; node role, sink weight and any later flow are model inputs or estimates, not observed shipments",NF_EDFLOW_geolocated_network_expansion_v1_2_0_2026-08-31
GEO_SOM_12212406,Somalia,SOM,Beled Hawo,Beled Hawo,41.87997,3.9284,PPLA2,candidate consumer or transit catchment,fish|vegetable,GeoNames cities5000 dump; CC BY 4.0,12212406,2021-01-20,geolocated national model-support node,"place and coordinate are external records; node role, sink weight and any later flow are model inputs or estimates, not observed shipments",NF_EDFLOW_geolocated_network_expansion_v1_2_0_2026-08-31
GEO_SOM_65785,Somalia,SOM,Afgooye,Afgooye,45.1212,2.1381,PPLA2,candidate consumer or transit catchment,fish|vegetable,GeoNames cities5000 dump; CC BY 4.0,65785,2012-01-16,geolocated national model-support node,"place and coordinate are external records; node role, sink weight and any later flow are model inputs or estimates, not observed shipments",NF_EDFLOW_geolocated_network_expansion_v1_2_0_2026-08-31
GEO_SOM_59611,Somalia,SOM,Gaalkacyo,Gaalkacyo,47.43083,6.76972,PPLA,candidate consumer or transit catchment,fish|vegetable,GeoNames cities5000 dump; CC BY 4.0,59611,2026-04-14,geolocated national model-support node,"place and coordinate are external records; node role, sink weight and any later flow are model inputs or estimates, not observed shipments",NF_EDFLOW_geolocated_network_expansion_v1_2_0_2026-08-31
GEO_SOM_400769,Somalia,SOM,Laascaanood,Laascaanood,47.35971,8.47738,PPLA,candidate consumer or transit catchment,fish|vegetable,GeoNames cities5000 dump; CC BY 4.0,400769,2026-04-14,geolocated national model-support node,"place and coordinate are external records; node role, sink weight and any later flow are model inputs or estimates, not observed shipments",NF_EDFLOW_geolocated_network_expansion_v1_2_0_2026-08-31
GEO_SOM_58933,Somalia,SOM,Garoowe,Garoowe,48.48284,8.40207,PPLA,candidate consumer or transit catchment,fish|vegetable,GeoNames cities5000 dump; CC BY 4.0,58933,2026-04-14,geolocated national model-support node,"place and coordinate are external records; node role, sink weight and any later flow are model inputs or estimates, not observed shipments",NF_EDFLOW_geolocated_network_expansion_v1_2_0_2026-08-31
GEO_SOM_64460,Somalia,SOM,Beledweyne,Beledweyne,45.20361,4.73583,PPLA,candidate consumer or transit catchment,fish|vegetable,GeoNames cities5000 dump; CC BY 4.0,64460,2026-04-14,geolocated national model-support node,"place and coordinate are external records; node role, sink weight and any later flow are model inputs or estimates, not observed shipments",NF_EDFLOW_geolocated_network_expansion_v1_2_0_2026-08-31
GEO_SOM_52867,Somalia,SOM,Qoryooley,Qoryooley,44.52999,1.78784,PPLA2,candidate consumer or transit catchment,fish|vegetable,GeoNames cities5000 dump; CC BY 4.0,52867,2025-10-31,geolocated national model-support node,"place and coordinate are external records; node role, sink weight and any later flow are model inputs or estimates, not observed shipments",NF_EDFLOW_geolocated_network_expansion_v1_2_0_2026-08-31
GEO_SOM_56335,Somalia,SOM,Jawhar,Jawhar,45.50048,2.78087,PPLA,candidate consumer or transit catchment,fish|vegetable,GeoNames cities5000 dump; CC BY 4.0,56335,2026-04-14,geolocated national model-support node,"place and coordinate are external records; node role, sink weight and any later flow are model inputs or estimates, not observed shipments",NF_EDFLOW_geolocated_network_expansion_v1_2_0_2026-08-31
GEO_SOM_62691,Somalia,SOM,Ceerigaabo,Ceerigaabo,47.36795,10.61616,PPLA,candidate consumer or transit catchment,fish|vegetable,GeoNames cities5000 dump; CC BY 4.0,62691,2026-04-14,geolocated national model-support node,"place and coordinate are external records; node role, sink weight and any later flow are model inputs or estimates, not observed shipments",NF_EDFLOW_geolocated_network_expansion_v1_2_0_2026-08-31
GEO_SOM_63571,Somalia,SOM,Buurhakaba,Buurhakaba,44.07805,2.80257,PPLA2,candidate consumer or transit catchment,fish|vegetable,GeoNames cities5000 dump; CC BY 4.0,63571,2023-10-16,geolocated national model-support node,"place and coordinate are external records; node role, sink weight and any later flow are model inputs or estimates, not observed shipments",NF_EDFLOW_geolocated_network_expansion_v1_2_0_2026-08-31
GEO_SOM_63949,Somalia,SOM,Bu’aale,Bu'aale,42.58333,1.08333,PPLA,candidate consumer or transit catchment,fish|vegetable,GeoNames cities5000 dump; CC BY 4.0,63949,2026-06-15,geolocated national model-support node,"place and coordinate are external records; node role, sink weight and any later flow are model inputs or estimates, not observed shipments",NF_EDFLOW_geolocated_network_expansion_v1_2_0_2026-08-31
GEO_SOM_58994,Somalia,SOM,Garbahaarrey,Garbahaarrey,42.22091,3.32892,PPLA,candidate consumer or transit catchment,fish|vegetable,GeoNames cities5000 dump; CC BY 4.0,58994,2026-04-14,geolocated national model-support node,"place and coordinate are external records; node role, sink weight and any later flow are model inputs or estimates, not observed shipments",NF_EDFLOW_geolocated_network_expansion_v1_2_0_2026-08-31
GEO_SOM_57000,Somalia,SOM,Hobyo,Hobyo,48.5268,5.3505,PPLA2,candidate consumer or transit catchment,fish|vegetable,GeoNames cities5000 dump; CC BY 4.0,57000,2017-02-10,geolocated national model-support node,"place and coordinate are external records; node role, sink weight and any later flow are model inputs or estimates, not observed shipments",NF_EDFLOW_geolocated_network_expansion_v1_2_0_2026-08-31
GEO_SOM_49747,Somalia,SOM,Xuddur,Xuddur,43.88945,4.12129,PPLA,candidate consumer or transit catchment,fish|vegetable,GeoNames cities5000 dump; CC BY 4.0,49747,2026-04-14,geolocated national model-support node,"place and coordinate are external records; node role, sink weight and any later flow are model inputs or estimates, not observed shipments",NF_EDFLOW_geolocated_network_expansion_v1_2_0_2026-08-31
GEO_SOM_60928,Somalia,SOM,Dhuusamarreeb,Dhuusamarreeb,46.38666,5.53597,PPLA,candidate consumer or transit catchment,fish|vegetable,GeoNames cities5000 dump; CC BY 4.0,60928,2026-04-14,geolocated national model-support node,"place and coordinate are external records; node role, sink weight and any later flow are model inputs or estimates, not observed shipments",NF_EDFLOW_geolocated_network_expansion_v1_2_0_2026-08-31
GEO_SOM_55223,Somalia,SOM,Las Khorey,Las Khorey,48.1967,11.1595,PPLA2,candidate consumer or transit catchment,fish|vegetable,GeoNames cities5000 dump; CC BY 4.0,55223,2013-11-10,geolocated national model-support node,"place and coordinate are external records; node role, sink weight and any later flow are model inputs or estimates, not observed shipments",NF_EDFLOW_geolocated_network_expansion_v1_2_0_2026-08-31
GEO_SOM_63081,Somalia,SOM,Caluula,Caluula,50.75694,11.96611,PPLA2,candidate consumer or transit catchment,fish|vegetable,GeoNames cities5000 dump; CC BY 4.0,63081,2020-02-09,geolocated national model-support node,"place and coordinate are external records; node role, sink weight and any later flow are model inputs or estimates, not observed shipments",NF_EDFLOW_geolocated_network_expansion_v1_2_0_2026-08-31
GEO_SOM_64021,Somalia,SOM,Borama,Borama,43.18278,9.93611,PPL,candidate consumer or transit catchment,fish|vegetable,GeoNames cities5000 dump; CC BY 4.0,64021,2023-11-30,geolocated national model-support node,"place and coordinate are external records; node role, sink weight and any later flow are model inputs or estimates, not observed shipments",NF_EDFLOW_geolocated_network_expansion_v1_2_0_2026-08-31
GEO_SOM_64435,Somalia,SOM,Berbera,Berbera,45.01432,10.43959,PPL,candidate consumer or transit catchment,fish|vegetable,GeoNames cities5000 dump; CC BY 4.0,64435,2019-09-05,geolocated national model-support node,"place and coordinate are external records; node role, sink weight and any later flow are model inputs or estimates, not observed shipments",NF_EDFLOW_geolocated_network_expansion_v1_2_0_2026-08-31
GEO_SOM_60149,Somalia,SOM,El Dibir,El Dibir,51.21667,11.76667,PPL,candidate consumer or transit catchment,fish|vegetable,GeoNames cities5000 dump; CC BY 4.0,60149,2026-02-16,geolocated national model-support node,"place and coordinate are external records; node role, sink weight and any later flow are model inputs or estimates, not observed shipments",NF_EDFLOW_geolocated_network_expansion_v1_2_0_2026-08-31
GEO_SOM_52407,Somalia,SOM,Ruqi,Ruqi,43.4276,9.97293,PPL,candidate consumer or transit catchment,fish|vegetable,GeoNames cities5000 dump; CC BY 4.0,52407,2023-11-28,geolocated national model-support node,"place and coordinate are external records; node role, sink weight and any later flow are model inputs or estimates, not observed shipments",NF_EDFLOW_geolocated_network_expansion_v1_2_0_2026-08-31
GEO_SOM_63400,Somalia,SOM,Cabudwaaq,Cabudwaaq,46.2247,6.24585,PPL,candidate consumer or transit catchment,fish|vegetable,GeoNames cities5000 dump; CC BY 4.0,63400,2023-01-03,geolocated national model-support node,"place and coordinate are external records; node role, sink weight and any later flow are model inputs or estimates, not observed shipments",NF_EDFLOW_geolocated_network_expansion_v1_2_0_2026-08-31
GEO_SOM_56055,Somalia,SOM,Kaambooni,Kaambooni,41.5866,-1.63772,PPL,candidate consumer or transit catchment,fish|vegetable,GeoNames cities5000 dump; CC BY 4.0,56055,2025-11-01,geolocated national model-support node,"place and coordinate are external records; node role, sink weight and any later flow are model inputs or estimates, not observed shipments",NF_EDFLOW_geolocated_network_expansion_v1_2_0_2026-08-31
GEO_SOM_58831,Somalia,SOM,Gebiley,Gebiley,43.62444,9.70028,PPL,candidate consumer or transit catchment,fish|vegetable,GeoNames cities5000 dump; CC BY 4.0,58831,2023-11-28,geolocated national model-support node,"place and coordinate are external records; node role, sink weight and any later flow are model inputs or estimates, not observed shipments",NF_EDFLOW_geolocated_network_expansion_v1_2_0_2026-08-31
GEO_SOM_342803,Somalia,SOM,Balanbale,Balanbale,45.76297,5.76897,PPL,candidate consumer or transit catchment,fish|vegetable,GeoNames cities5000 dump; CC BY 4.0,342803,2023-01-03,geolocated national model-support node,"place and coordinate are external records; node role, sink weight and any later flow are model inputs or estimates, not observed shipments",NF_EDFLOW_geolocated_network_expansion_v1_2_0_2026-08-31
GEO_SOM_56166,Somalia,SOM,Jilib,Jilib,42.78535,0.48829,PPL,candidate consumer or transit catchment,fish|vegetable,GeoNames cities5000 dump; CC BY 4.0,56166,2012-01-16,geolocated national model-support node,"place and coordinate are external records; node role, sink weight and any later flow are model inputs or estimates, not observed shipments",NF_EDFLOW_geolocated_network_expansion_v1_2_0_2026-08-31
GEO_SOM_56399,Somalia,SOM,Jamaame,Jamaame,42.74497,0.06968,PPL,candidate consumer or transit catchment,fish|vegetable,GeoNames cities5000 dump; CC BY 4.0,56399,2023-01-03,geolocated national model-support node,"place and coordinate are external records; node role, sink weight and any later flow are model inputs or estimates, not observed shipments",NF_EDFLOW_geolocated_network_expansion_v1_2_0_2026-08-31
GEO_SOM_65170,Somalia,SOM,Baardheere,Baardheere,42.27644,2.34464,PPLL,candidate consumer or transit catchment,fish|vegetable,GeoNames cities5000 dump; CC BY 4.0,65170,2006-01-27,geolocated national model-support node,"place and coordinate are external records; node role, sink weight and any later flow are model inputs or estimates, not observed shipments",NF_EDFLOW_geolocated_network_expansion_v1_2_0_2026-08-31
GEO_SOM_6311126,Somalia,SOM,Dhabad,Dhabad,46.46194,6.43167,PPL,candidate consumer or transit catchment,fish|vegetable,GeoNames cities5000 dump; CC BY 4.0,6311126,2023-01-05,geolocated national model-support node,"place and coordinate are external records; node role, sink weight and any later flow are model inputs or estimates, not observed shipments",NF_EDFLOW_geolocated_network_expansion_v1_2_0_2026-08-31
GEO_SOM_54715,Somalia,SOM,Luuq,Luuq,42.54417,3.80315,PPL,candidate consumer or transit catchment,fish|vegetable,GeoNames cities5000 dump; CC BY 4.0,54715,2014-11-02,geolocated national model-support node,"place and coordinate are external records; node role, sink weight and any later flow are model inputs or estimates, not observed shipments",NF_EDFLOW_geolocated_network_expansion_v1_2_0_2026-08-31
GEO_SOM_61360,Somalia,SOM,Dhamas,Dhamas,41.33565,3.15296,PPL,candidate consumer or transit catchment,fish|vegetable,GeoNames cities5000 dump; CC BY 4.0,61360,2026-02-16,geolocated national model-support node,"place and coordinate are external records; node role, sink weight and any later flow are model inputs or estimates, not observed shipments",NF_EDFLOW_geolocated_network_expansion_v1_2_0_2026-08-31
GEO_SOM_62788,Somalia,SOM,Ceeldheer,Ceeldheer,47.18064,3.84878,PPL,candidate consumer or transit catchment,fish|vegetable,GeoNames cities5000 dump; CC BY 4.0,62788,2018-04-04,geolocated national model-support node,"place and coordinate are external records; node role, sink weight and any later flow are model inputs or estimates, not observed shipments",NF_EDFLOW_geolocated_network_expansion_v1_2_0_2026-08-31
GEO_SOM_6311111,Somalia,SOM,Saaxo,Saaxo,46.79689,6.77287,PPL,candidate consumer or transit catchment,fish|vegetable,GeoNames cities5000 dump; CC BY 4.0,6311111,2023-02-02,geolocated national model-support node,"place and coordinate are external records; node role, sink weight and any later flow are model inputs or estimates, not observed shipments",NF_EDFLOW_geolocated_network_expansion_v1_2_0_2026-08-31
GEO_SOM_51228,Somalia,SOM,Tog Wajaale,Tog Wajaale,43.335,9.59972,PPL,candidate consumer or transit catchment,fish|vegetable,GeoNames cities5000 dump; CC BY 4.0,51228,2023-11-30,geolocated national model-support node,"place and coordinate are external records; node role, sink weight and any later flow are model inputs or estimates, not observed shipments",NF_EDFLOW_geolocated_network_expansion_v1_2_0_2026-08-31
GEO_SOM_50672,Somalia,SOM,Wanlaweyn,Wanlaweyn,44.8938,2.6185,PPL,candidate consumer or transit catchment,fish|vegetable,GeoNames cities5000 dump; CC BY 4.0,50672,2012-01-16,geolocated national model-support node,"place and coordinate are external records; node role, sink weight and any later flow are model inputs or estimates, not observed shipments",NF_EDFLOW_geolocated_network_expansion_v1_2_0_2026-08-31
GEO_SOM_60809,Somalia,SOM,Diinsoor,Diinsoor,42.9771,2.4085,PPL,candidate consumer or transit catchment,fish|vegetable,GeoNames cities5000 dump; CC BY 4.0,60809,2021-01-20,geolocated national model-support node,"place and coordinate are external records; node role, sink weight and any later flow are model inputs or estimates, not observed shipments",NF_EDFLOW_geolocated_network_expansion_v1_2_0_2026-08-31
GEO_SOM_8045596,Somalia,SOM,Baki,Baki,43.38531,9.89206,PPL,candidate consumer or transit catchment,fish|vegetable,GeoNames cities5000 dump; CC BY 4.0,8045596,2020-03-10,geolocated national model-support node,"place and coordinate are external records; node role, sink weight and any later flow are model inputs or estimates, not observed shipments",NF_EDFLOW_geolocated_network_expansion_v1_2_0_2026-08-31
GEO_SOM_53157,Somalia,SOM,Qandala,Qandala,49.87282,11.47197,PPL,candidate consumer or transit catchment,fish|vegetable,GeoNames cities5000 dump; CC BY 4.0,53157,2025-11-13,geolocated national model-support node,"place and coordinate are external records; node role, sink weight and any later flow are model inputs or estimates, not observed shipments",NF_EDFLOW_geolocated_network_expansion_v1_2_0_2026-08-31
GEO_SOM_60019,Somalia,SOM,Eyl,Eyl,49.8164,7.9803,PPL,candidate consumer or transit catchment,fish|vegetable,GeoNames cities5000 dump; CC BY 4.0,60019,2017-02-10,geolocated national model-support node,"place and coordinate are external records; node role, sink weight and any later flow are model inputs or estimates, not observed shipments",NF_EDFLOW_geolocated_network_expansion_v1_2_0_2026-08-31
GEO_SOM_52078,Somalia,SOM,Saylac,Saylac,43.4731,11.3539,PPL,candidate consumer or transit catchment,fish|vegetable,GeoNames cities5000 dump; CC BY 4.0,52078,2025-11-01,geolocated national model-support node,"place and coordinate are external records; node role, sink weight and any later flow are model inputs or estimates, not observed shipments",NF_EDFLOW_geolocated_network_expansion_v1_2_0_2026-08-31
GEO_SOM_63689,Somalia,SOM,Buulobarde,Buulobarde,45.56744,3.85375,PPL,candidate consumer or transit catchment,fish|vegetable,GeoNames cities5000 dump; CC BY 4.0,63689,2012-01-16,geolocated national model-support node,"place and coordinate are external records; node role, sink weight and any later flow are model inputs or estimates, not observed shipments",NF_EDFLOW_geolocated_network_expansion_v1_2_0_2026-08-31
GEO_SOM_64814,Somalia,SOM,Bandarbeyla,Bandarbeyla,50.8122,9.4942,PPL,candidate consumer or transit catchment,fish|vegetable,GeoNames cities5000 dump; CC BY 4.0,64814,2012-01-16,geolocated national model-support node,"place and coordinate are external records; node role, sink weight and any later flow are model inputs or estimates, not observed shipments",NF_EDFLOW_geolocated_network_expansion_v1_2_0_2026-08-31
GEO_SOM_49636,Somalia,SOM,Yagoori,Yagoori,46.96361,8.75167,PPL,candidate consumer or transit catchment,fish|vegetable,GeoNames cities5000 dump; CC BY 4.0,49636,2026-02-16,geolocated national model-support node,"place and coordinate are external records; node role, sink weight and any later flow are model inputs or estimates, not observed shipments",NF_EDFLOW_geolocated_network_expansion_v1_2_0_2026-08-31
GEO_SOM_63707,Somalia,SOM,Buhodle,Buhodle,46.32667,8.23056,PPL,candidate consumer or transit catchment,fish|vegetable,GeoNames cities5000 dump; CC BY 4.0,63707,2026-02-16,geolocated national model-support node,"place and coordinate are external records; node role, sink weight and any later flow are model inputs or estimates, not observed shipments",NF_EDFLOW_geolocated_network_expansion_v1_2_0_2026-08-31
GEO_SOM_64412,Somalia,SOM,Bereeda,Bereeda,51.05795,11.87037,PPL,candidate consumer or transit catchment,fish|vegetable,GeoNames cities5000 dump; CC BY 4.0,64412,2012-01-16,geolocated national model-support node,"place and coordinate are external records; node role, sink weight and any later flow are model inputs or estimates, not observed shipments",NF_EDFLOW_geolocated_network_expansion_v1_2_0_2026-08-31
GEO_SOM_59140,Somalia,SOM,Garadag,Garadag,46.8674,9.48828,PPL,candidate consumer or transit catchment,fish|vegetable,GeoNames cities5000 dump; CC BY 4.0,59140,2026-02-16,geolocated national model-support node,"place and coordinate are external records; node role, sink weight and any later flow are model inputs or estimates, not observed shipments",NF_EDFLOW_geolocated_network_expansion_v1_2_0_2026-08-31
GEO_SOM_56414,Somalia,SOM,Jalalaqsi,Jalalaqsi,45.5996,3.3766,PPL,candidate consumer or transit catchment,fish|vegetable,GeoNames cities5000 dump; CC BY 4.0,56414,2012-01-16,geolocated national model-support node,"place and coordinate are external records; node role, sink weight and any later flow are model inputs or estimates, not observed shipments",NF_EDFLOW_geolocated_network_expansion_v1_2_0_2026-08-31
GEO_SOM_62821,Somalia,SOM,Ceelbuur,Ceelbuur,46.6176,4.68501,PPL,candidate consumer or transit catchment,fish|vegetable,GeoNames cities5000 dump; CC BY 4.0,62821,2018-04-04,geolocated national model-support node,"place and coordinate are external records; node role, sink weight and any later flow are model inputs or estimates, not observed shipments",NF_EDFLOW_geolocated_network_expansion_v1_2_0_2026-08-31
GEO_SOM_49593,Somalia,SOM,Yeed,Yeed,43.03333,4.55,PPL,candidate consumer or transit catchment,fish|vegetable,GeoNames cities5000 dump; CC BY 4.0,49593,2012-01-16,geolocated national model-support node,"place and coordinate are external records; node role, sink weight and any later flow are model inputs or estimates, not observed shipments",NF_EDFLOW_geolocated_network_expansion_v1_2_0_2026-08-31
GEO_SOM_54460,Somalia,SOM,Mahaddayweyne,Mahaddayweyne,45.5347,2.9726,PPL,candidate consumer or transit catchment,fish|vegetable,GeoNames cities5000 dump; CC BY 4.0,54460,2012-01-16,geolocated national model-support node,"place and coordinate are external records; node role, sink weight and any later flow are model inputs or estimates, not observed shipments",NF_EDFLOW_geolocated_network_expansion_v1_2_0_2026-08-31
GEO_SOM_52381,Somalia,SOM,Saacow,Saacow,42.44067,1.62794,PPL,candidate consumer or transit catchment,fish|vegetable,GeoNames cities5000 dump; CC BY 4.0,52381,2012-02-28,geolocated national model-support node,"place and coordinate are external records; node role, sink weight and any later flow are model inputs or estimates, not observed shipments",NF_EDFLOW_geolocated_network_expansion_v1_2_0_2026-08-31
GEO_SOM_64670,Somalia,SOM,Bargaal,Bargaal,51.0773,11.28636,PPL,candidate consumer or transit catchment,fish|vegetable,GeoNames cities5000 dump; CC BY 4.0,64670,2026-08-30,geolocated national model-support node,"place and coordinate are external records; node role, sink weight and any later flow are model inputs or estimates, not observed shipments",NF_EDFLOW_geolocated_network_expansion_v1_2_0_2026-08-31
GEO_SOM_50814,Somalia,SOM,Waajid,Waajid,43.24627,3.80958,PPL,candidate consumer or transit catchment,fish|vegetable,GeoNames cities5000 dump; CC BY 4.0,50814,2012-01-16,geolocated national model-support node,"place and coordinate are external records; node role, sink weight and any later flow are model inputs or estimates, not observed shipments",NF_EDFLOW_geolocated_network_expansion_v1_2_0_2026-08-31
GEO_SOM_65722,Somalia,SOM,Agabar,Agabar,43.91673,9.92618,PPL,candidate consumer or transit catchment,fish|vegetable,GeoNames cities5000 dump; CC BY 4.0,65722,2026-02-16,geolocated national model-support node,"place and coordinate are external records; node role, sink weight and any later flow are model inputs or estimates, not observed shipments",NF_EDFLOW_geolocated_network_expansion_v1_2_0_2026-08-31
GEO_SOM_56505,Somalia,SOM,Iskushuban,Iskushuban,50.23,10.2837,PPL,candidate consumer or transit catchment,fish|vegetable,GeoNames cities5000 dump; CC BY 4.0,56505,2016-12-03,geolocated national model-support node,"place and coordinate are external records; node role, sink weight and any later flow are model inputs or estimates, not observed shipments",NF_EDFLOW_geolocated_network_expansion_v1_2_0_2026-08-31
GEO_SOM_53372,Somalia,SOM,Oodweyne,Oodweyne,45.06397,9.4092,PPL,candidate consumer or transit catchment,fish|vegetable,GeoNames cities5000 dump; CC BY 4.0,53372,2012-01-16,geolocated national model-support node,"place and coordinate are external records; node role, sink weight and any later flow are model inputs or estimates, not observed shipments",NF_EDFLOW_geolocated_network_expansion_v1_2_0_2026-08-31
GEO_SOM_63344,Somalia,SOM,Cadale,Cadale,46.3222,2.7603,PPL,candidate consumer or transit catchment,fish|vegetable,GeoNames cities5000 dump; CC BY 4.0,63344,2012-01-16,geolocated national model-support node,"place and coordinate are external records; node role, sink weight and any later flow are model inputs or estimates, not observed shipments",NF_EDFLOW_geolocated_network_expansion_v1_2_0_2026-08-31
GEO_SSD_373303,South Sudan,SSD,Juba,Juba,31.58247,4.85165,PPLC,major national hub,fish|vegetable,GeoNames cities5000 dump; CC BY 4.0,373303,2020-07-12,geolocated national model-support node,"place and coordinate are external records; node role, sink weight and any later flow are model inputs or estimates, not observed shipments",NF_EDFLOW_geolocated_network_expansion_v1_2_0_2026-08-31
GEO_SSD_370737,South Sudan,SSD,Malakal,Malakal,31.66049,9.53342,PPLA,major national hub,fish|vegetable,GeoNames cities5000 dump; CC BY 4.0,370737,2026-04-14,geolocated national model-support node,"place and coordinate are external records; node role, sink weight and any later flow are model inputs or estimates, not observed shipments",NF_EDFLOW_geolocated_network_expansion_v1_2_0_2026-08-31
GEO_SSD_363885,South Sudan,SSD,Wau,Wau,27.98972,7.70111,PPLA,major national hub,fish|vegetable,GeoNames cities5000 dump; CC BY 4.0,363885,2026-04-14,geolocated national model-support node,"place and coordinate are external records; node role, sink weight and any later flow are model inputs or estimates, not observed shipments",NF_EDFLOW_geolocated_network_expansion_v1_2_0_2026-08-31
GEO_SSD_371712,South Sudan,SSD,Kuacjok,Kuacjok,27.98,8.30278,PPLA,major national hub,fish|vegetable,GeoNames cities5000 dump; CC BY 4.0,371712,2026-04-14,geolocated national model-support node,"place and coordinate are external records; node role, sink weight and any later flow are model inputs or estimates, not observed shipments",NF_EDFLOW_geolocated_network_expansion_v1_2_0_2026-08-31
GEO_SSD_363656,South Sudan,SSD,Yambio,Yambio,28.39417,4.57083,PPLA,major national hub,fish|vegetable,GeoNames cities5000 dump; CC BY 4.0,363656,2026-04-14,geolocated national model-support node,"place and coordinate are external records; node role, sink weight and any later flow are model inputs or estimates, not observed shipments",NF_EDFLOW_geolocated_network_expansion_v1_2_0_2026-08-31
GEO_SSD_364367,South Sudan,SSD,Aweil,Aweil,27.39194,8.76194,PPLA,candidate consumer or transit catchment,fish|vegetable,GeoNames cities5000 dump; CC BY 4.0,364367,2026-04-14,geolocated national model-support node,"place and coordinate are external records; node role, sink weight and any later flow are model inputs or estimates, not observed shipments",NF_EDFLOW_geolocated_network_expansion_v1_2_0_2026-08-31
GEO_SSD_367927,South Sudan,SSD,Rumbek,Rumbek,29.67742,6.80619,PPLA,candidate consumer or transit catchment,fish|vegetable,GeoNames cities5000 dump; CC BY 4.0,367927,2026-04-14,geolocated national model-support node,"place and coordinate are external records; node role, sink weight and any later flow are model inputs or estimates, not observed shipments",NF_EDFLOW_geolocated_network_expansion_v1_2_0_2026-08-31
GEO_SSD_377241,South Sudan,SSD,Bor,Bor,31.55861,6.20889,PPLA,candidate consumer or transit catchment,fish|vegetable,GeoNames cities5000 dump; CC BY 4.0,377241,2026-04-14,geolocated national model-support node,"place and coordinate are external records; node role, sink weight and any later flow are model inputs or estimates, not observed shipments",NF_EDFLOW_geolocated_network_expansion_v1_2_0_2026-08-31
GEO_SSD_365742,South Sudan,SSD,Torit,Torit,32.57046,4.41177,PPLA,candidate consumer or transit catchment,fish|vegetable,GeoNames cities5000 dump; CC BY 4.0,365742,2026-04-14,geolocated national model-support node,"place and coordinate are external records; node role, sink weight and any later flow are model inputs or estimates, not observed shipments",NF_EDFLOW_geolocated_network_expansion_v1_2_0_2026-08-31
GEO_SSD_377472,South Sudan,SSD,Bentiu,Bentiu,29.79833,9.25722,PPLA,candidate consumer or transit catchment,fish|vegetable,GeoNames cities5000 dump; CC BY 4.0,377472,2026-04-14,geolocated national model-support node,"place and coordinate are external records; node role, sink weight and any later flow are model inputs or estimates, not observed shipments",NF_EDFLOW_geolocated_network_expansion_v1_2_0_2026-08-31
GEO_SSD_363807,South Sudan,SSD,Winejok,Winejok,27.57081,9.01222,PPL,candidate consumer or transit catchment,fish|vegetable,GeoNames cities5000 dump; CC BY 4.0,363807,2020-08-13,geolocated national model-support node,"place and coordinate are external records; node role, sink weight and any later flow are model inputs or estimates, not observed shipments",NF_EDFLOW_geolocated_network_expansion_v1_2_0_2026-08-31
GEO_SSD_363619,South Sudan,SSD,Yei,Yei,30.67639,4.09444,PPL,candidate consumer or transit catchment,fish|vegetable,GeoNames cities5000 dump; CC BY 4.0,363619,2022-01-10,geolocated national model-support node,"place and coordinate are external records; node role, sink weight and any later flow are model inputs or estimates, not observed shipments",NF_EDFLOW_geolocated_network_expansion_v1_2_0_2026-08-31
GEO_SSD_375495,South Sudan,SSD,Pajok,Pajok,32.48212,3.86512,PPL,candidate consumer or transit catchment,fish|vegetable,GeoNames cities5000 dump; CC BY 4.0,375495,2020-07-12,geolocated national model-support node,"place and coordinate are external records; node role, sink weight and any later flow are model inputs or estimates, not observed shipments",NF_EDFLOW_geolocated_network_expansion_v1_2_0_2026-08-31
GEO_SSD_374739,South Sudan,SSD,Gogrial,Gogrial,28.10037,8.53324,PPL,candidate consumer or transit catchment,fish|vegetable,GeoNames cities5000 dump; CC BY 4.0,374739,2022-01-10,geolocated national model-support node,"place and coordinate are external records; node role, sink weight and any later flow are model inputs or estimates, not observed shipments",NF_EDFLOW_geolocated_network_expansion_v1_2_0_2026-08-31
GEO_SSD_371466,South Sudan,SSD,Leer,Leer,30.14056,8.30306,PPL,candidate consumer or transit catchment,fish|vegetable,GeoNames cities5000 dump; CC BY 4.0,371466,2022-02-03,geolocated national model-support node,"place and coordinate are external records; node role, sink weight and any later flow are model inputs or estimates, not observed shipments",NF_EDFLOW_geolocated_network_expansion_v1_2_0_2026-08-31
GEO_SSD_365763,South Sudan,SSD,Tonj,Tonj,28.6775,7.27389,PPL,candidate consumer or transit catchment,fish|vegetable,GeoNames cities5000 dump; CC BY 4.0,365763,2020-07-18,geolocated national model-support node,"place and coordinate are external records; node role, sink weight and any later flow are model inputs or estimates, not observed shipments",NF_EDFLOW_geolocated_network_expansion_v1_2_0_2026-08-31
GEO_SSD_373130,South Sudan,SSD,Kafia Kingi,Kafia Kingi,24.41701,9.27345,PPL,candidate consumer or transit catchment,fish|vegetable,GeoNames cities5000 dump; CC BY 4.0,373130,2022-01-10,geolocated national model-support node,"place and coordinate are external records; node role, sink weight and any later flow are model inputs or estimates, not observed shipments",NF_EDFLOW_geolocated_network_expansion_v1_2_0_2026-08-31
GEO_SSD_370457,South Sudan,SSD,Maridi,Maridi,29.46944,4.91667,PPL,candidate consumer or transit catchment,fish|vegetable,GeoNames cities5000 dump; CC BY 4.0,370457,2020-07-19,geolocated national model-support node,"place and coordinate are external records; node role, sink weight and any later flow are model inputs or estimates, not observed shipments",NF_EDFLOW_geolocated_network_expansion_v1_2_0_2026-08-31
GEO_SSD_363594,South Sudan,SSD,Yirol,Yirol,30.49806,6.5525,PPL,candidate consumer or transit catchment,fish|vegetable,GeoNames cities5000 dump; CC BY 4.0,363594,2022-01-10,geolocated national model-support node,"place and coordinate are external records; node role, sink weight and any later flow are model inputs or estimates, not observed shipments",NF_EDFLOW_geolocated_network_expansion_v1_2_0_2026-08-31
GEO_SSD_366444,South Sudan,SSD,Tambura,Tambura,27.46667,5.6,PPL,candidate consumer or transit catchment,fish|vegetable,GeoNames cities5000 dump; CC BY 4.0,366444,2022-01-10,geolocated national model-support node,"place and coordinate are external records; node role, sink weight and any later flow are model inputs or estimates, not observed shipments",NF_EDFLOW_geolocated_network_expansion_v1_2_0_2026-08-31
GEO_SSD_372299,South Sudan,SSD,Kodok,Kodok,32.10944,9.88889,PPL,candidate consumer or transit catchment,fish|vegetable,GeoNames cities5000 dump; CC BY 4.0,372299,2022-01-10,geolocated national model-support node,"place and coordinate are external records; node role, sink weight and any later flow are model inputs or estimates, not observed shipments",NF_EDFLOW_geolocated_network_expansion_v1_2_0_2026-08-31
GEO_SSD_372884,South Sudan,SSD,Kapoeta,Kapoeta,33.59139,4.77222,PPL,candidate consumer or transit catchment,fish|vegetable,GeoNames cities5000 dump; CC BY 4.0,372884,2020-07-19,geolocated national model-support node,"place and coordinate are external records; node role, sink weight and any later flow are model inputs or estimates, not observed shipments",NF_EDFLOW_geolocated_network_expansion_v1_2_0_2026-08-31
GEO_STP_2410763,Sao Tome and Principe,STP,São Tomé,Sao Tome,6.7299,0.33756,PPLC,major national hub,fish|vegetable,GeoNames cities5000 dump; CC BY 4.0,2410763,2025-01-07,geolocated national model-support node,"place and coordinate are external records; node role, sink weight and any later flow are model inputs or estimates, not observed shipments",NF_EDFLOW_geolocated_network_expansion_v1_2_0_2026-08-31
GEO_STP_2410805,Sao Tome and Principe,STP,Santo António,Santo Antonio,7.41951,1.63943,PPLA,major national hub,fish|vegetable,GeoNames cities5000 dump; CC BY 4.0,2410805,2026-04-14,geolocated national model-support node,"place and coordinate are external records; node role, sink weight and any later flow are model inputs or estimates, not observed shipments",NF_EDFLOW_geolocated_network_expansion_v1_2_0_2026-08-31
GEO_STP_2410972,Sao Tome and Principe,STP,Neves,Neves,6.54897,0.35671,PPL,major national hub,fish|vegetable,GeoNames cities5000 dump; CC BY 4.0,2410972,2024-04-15,geolocated national model-support node,"place and coordinate are external records; node role, sink weight and any later flow are model inputs or estimates, not observed shipments",NF_EDFLOW_geolocated_network_expansion_v1_2_0_2026-08-31
GEO_STP_2411305,Sao Tome and Principe,STP,Água Izé,Agua Ize,6.72782,0.21953,PPL,major national hub,fish|vegetable,GeoNames cities5000 dump; CC BY 4.0,2411305,2024-12-12,geolocated national model-support node,"place and coordinate are external records; node role, sink weight and any later flow are model inputs or estimates, not observed shipments",NF_EDFLOW_geolocated_network_expansion_v1_2_0_2026-08-31
GEO_STP_11204006,Sao Tome and Principe,STP,Folha Fede,Folha Fede,6.684,0.284,PPL,major national hub,fish|vegetable,GeoNames cities5000 dump; CC BY 4.0,11204006,2024-04-15,geolocated national model-support node,"place and coordinate are external records; node role, sink weight and any later flow are model inputs or estimates, not observed shipments",NF_EDFLOW_geolocated_network_expansion_v1_2_0_2026-08-31
GEO_SWZ_934995,Eswatini,SWZ,Manzini,Manzini,31.38004,-26.49884,PPLA,major national hub,fish|vegetable,GeoNames cities5000 dump; CC BY 4.0,934995,2026-04-14,geolocated national model-support node,"place and coordinate are external records; node role, sink weight and any later flow are model inputs or estimates, not observed shipments",NF_EDFLOW_geolocated_network_expansion_v1_2_0_2026-08-31
GEO_SWZ_934985,Eswatini,SWZ,Mbabane,Mbabane,31.13333,-26.31667,PPLC,major national hub,fish|vegetable,GeoNames cities5000 dump; CC BY 4.0,934985,2019-09-05,geolocated national model-support node,"place and coordinate are external records; node role, sink weight and any later flow are model inputs or estimates, not observed shipments",NF_EDFLOW_geolocated_network_expansion_v1_2_0_2026-08-31
GEO_SWZ_934913,Eswatini,SWZ,Nhlangano,Nhlangano,31.19833,-27.11222,PPLA,major national hub,fish|vegetable,GeoNames cities5000 dump; CC BY 4.0,934913,2026-04-14,geolocated national model-support node,"place and coordinate are external records; node role, sink weight and any later flow are model inputs or estimates, not observed shipments",NF_EDFLOW_geolocated_network_expansion_v1_2_0_2026-08-31
GEO_SWZ_934851,Eswatini,SWZ,Siteki,Siteki,31.94722,-26.4525,PPLA,major national hub,fish|vegetable,GeoNames cities5000 dump; CC BY 4.0,934851,2026-04-14,geolocated national model-support node,"place and coordinate are external records; node role, sink weight and any later flow are model inputs or estimates, not observed shipments",NF_EDFLOW_geolocated_network_expansion_v1_2_0_2026-08-31
GEO_SWZ_934881,Eswatini,SWZ,Piggs Peak,Piggs Peak,31.24666,-25.96082,PPLA,major national hub,fish|vegetable,GeoNames cities5000 dump; CC BY 4.0,934881,2026-04-14,geolocated national model-support node,"place and coordinate are external records; node role, sink weight and any later flow are model inputs or estimates, not observed shipments",NF_EDFLOW_geolocated_network_expansion_v1_2_0_2026-08-31
GEO_SWZ_935005,Eswatini,SWZ,Malkerns,Malkerns,31.19193,-26.52872,PPL,candidate consumer or transit catchment,fish|vegetable,GeoNames cities5000 dump; CC BY 4.0,935005,2024-10-11,geolocated national model-support node,"place and coordinate are external records; node role, sink weight and any later flow are model inputs or estimates, not observed shipments",NF_EDFLOW_geolocated_network_expansion_v1_2_0_2026-08-31
GEO_SWZ_934966,Eswatini,SWZ,Mhlume,Mhlume,31.81423,-26.02607,PPL,candidate consumer or transit catchment,fish|vegetable,GeoNames cities5000 dump; CC BY 4.0,934966,2024-10-11,geolocated national model-support node,"place and coordinate are external records; node role, sink weight and any later flow are model inputs or estimates, not observed shipments",NF_EDFLOW_geolocated_network_expansion_v1_2_0_2026-08-31
GEO_SWZ_935076,Eswatini,SWZ,Hluti,Hluti,31.58685,-27.221,PPL,candidate consumer or transit catchment,fish|vegetable,GeoNames cities5000 dump; CC BY 4.0,935076,2024-11-13,geolocated national model-support node,"place and coordinate are external records; node role, sink weight and any later flow are model inputs or estimates, not observed shipments",NF_EDFLOW_geolocated_network_expansion_v1_2_0_2026-08-31
GEO_SWZ_13645255,Eswatini,SWZ,Big Bend,Big Bend,31.93736,-26.7905,PPL,candidate consumer or transit catchment,fish|vegetable,GeoNames cities5000 dump; CC BY 4.0,13645255,2026-05-15,geolocated national model-support node,"place and coordinate are external records; node role, sink weight and any later flow are model inputs or estimates, not observed shipments",NF_EDFLOW_geolocated_network_expansion_v1_2_0_2026-08-31
GEO_SWZ_935048,Eswatini,SWZ,Lobamba,Lobamba,31.2,-26.46667,PPLG,candidate consumer or transit catchment,fish|vegetable,GeoNames cities5000 dump; CC BY 4.0,935048,2019-09-05,geolocated national model-support node,"place and coordinate are external records; node role, sink weight and any later flow are model inputs or estimates, not observed shipments",NF_EDFLOW_geolocated_network_expansion_v1_2_0_2026-08-31
GEO_SYC_241131,Seychelles,SYC,Victoria,Victoria,55.45501,-4.62001,PPLC,major national hub,fish|vegetable,GeoNames cities5000 dump; CC BY 4.0,241131,2019-09-05,geolocated national model-support node,"place and coordinate are external records; node role, sink weight and any later flow are model inputs or estimates, not observed shipments",NF_EDFLOW_geolocated_network_expansion_v1_2_0_2026-08-31
GEO_SYC_241395,Seychelles,SYC,Cascade,Cascade,55.49952,-4.66915,PPLA,major national hub,fish|vegetable,GeoNames cities5000 dump; CC BY 4.0,241395,2026-04-14,geolocated national model-support node,"place and coordinate are external records; node role, sink weight and any later flow are model inputs or estimates, not observed shipments",NF_EDFLOW_geolocated_network_expansion_v1_2_0_2026-08-31
GEO_SYC_241448,Seychelles,SYC,Anse Boileau,Anse Boileau,55.48333,-4.71667,PPLA,major national hub,fish|vegetable,GeoNames cities5000 dump; CC BY 4.0,241448,2026-04-14,geolocated national model-support node,"place and coordinate are external records; node role, sink weight and any later flow are model inputs or estimates, not observed shipments",NF_EDFLOW_geolocated_network_expansion_v1_2_0_2026-08-31
GEO_SYC_241423,Seychelles,SYC,Bel Ombre,Bel Ombre,55.41667,-4.61667,PPLA,major national hub,fish|vegetable,GeoNames cities5000 dump; CC BY 4.0,241423,2026-04-14,geolocated national model-support node,"place and coordinate are external records; node role, sink weight and any later flow are model inputs or estimates, not observed shipments",NF_EDFLOW_geolocated_network_expansion_v1_2_0_2026-08-31
GEO_SYC_241427,Seychelles,SYC,Beau Vallon,Beau Vallon,55.43015,-4.62091,PPLA,major national hub,fish|vegetable,GeoNames cities5000 dump; CC BY 4.0,241427,2026-04-14,geolocated national model-support node,"place and coordinate are external records; node role, sink weight and any later flow are model inputs or estimates, not observed shipments",NF_EDFLOW_geolocated_network_expansion_v1_2_0_2026-08-31
GEO_SYC_241443,Seychelles,SYC,Anse Royale,Anse Royale,55.51667,-4.73333,PPLA,candidate consumer or transit catchment,fish|vegetable,GeoNames cities5000 dump; CC BY 4.0,241443,2026-04-14,geolocated national model-support node,"place and coordinate are external records; node role, sink weight and any later flow are model inputs or estimates, not observed shipments",NF_EDFLOW_geolocated_network_expansion_v1_2_0_2026-08-31
GEO_SYC_241214,Seychelles,SYC,Port Glaud,Port Glaud,55.41841,-4.66256,PPLA,candidate consumer or transit catchment,fish|vegetable,GeoNames cities5000 dump; CC BY 4.0,241214,2026-04-14,geolocated national model-support node,"place and coordinate are external records; node role, sink weight and any later flow are model inputs or estimates, not observed shipments",NF_EDFLOW_geolocated_network_expansion_v1_2_0_2026-08-31
GEO_SYC_241150,Seychelles,SYC,Takamaka,Takamaka,55.5,-4.76667,PPLA,candidate consumer or transit catchment,fish|vegetable,GeoNames cities5000 dump; CC BY 4.0,241150,2026-04-14,geolocated national model-support node,"place and coordinate are external records; node role, sink weight and any later flow are model inputs or estimates, not observed shipments",NF_EDFLOW_geolocated_network_expansion_v1_2_0_2026-08-31
GEO_SYC_11103219,Seychelles,SYC,La Passe,La Passe,55.83269,-4.34808,PPLA,candidate consumer or transit catchment,fish|vegetable,GeoNames cities5000 dump; CC BY 4.0,11103219,2026-04-14,geolocated national model-support node,"place and coordinate are external records; node role, sink weight and any later flow are model inputs or estimates, not observed shipments",NF_EDFLOW_geolocated_network_expansion_v1_2_0_2026-08-31
GEO_SYC_12718739,Seychelles,SYC,Perseverance,Perseverance,55.46428,-4.60445,PPL,candidate consumer or transit catchment,fish|vegetable,GeoNames cities5000 dump; CC BY 4.0,12718739,2026-08-30,geolocated national model-support node,"place and coordinate are external records; node role, sink weight and any later flow are model inputs or estimates, not observed shipments",NF_EDFLOW_geolocated_network_expansion_v1_2_0_2026-08-31
GEO_SYC_6691843,Seychelles,SYC,Baie Sainte Anne,Baie Sainte Anne,55.75338,-4.31997,PPL,candidate consumer or transit catchment,fish|vegetable,GeoNames cities5000 dump; CC BY 4.0,6691843,2025-10-02,geolocated national model-support node,"place and coordinate are external records; node role, sink weight and any later flow are model inputs or estimates, not observed shipments",NF_EDFLOW_geolocated_network_expansion_v1_2_0_2026-08-31
GEO_TCD_2427123,Chad,TCD,N'Djamena,N'Djamena,15.0444,12.10672,PPLC,major national hub,fish|vegetable,GeoNames cities5000 dump; CC BY 4.0,2427123,2023-11-29,geolocated national model-support node,"place and coordinate are external records; node role, sink weight and any later flow are model inputs or estimates, not observed shipments",NF_EDFLOW_geolocated_network_expansion_v1_2_0_2026-08-31
GEO_TCD_2427455,Chad,TCD,Moundou,Moundou,16.07722,8.57437,PPLA,major national hub,fish|vegetable,GeoNames cities5000 dump; CC BY 4.0,2427455,2026-04-14,geolocated national model-support node,"place and coordinate are external records; node role, sink weight and any later flow are model inputs or estimates, not observed shipments",NF_EDFLOW_geolocated_network_expansion_v1_2_0_2026-08-31
GEO_TCD_245785,Chad,TCD,Abéché,Abeche,20.8324,13.82916,PPLA,major national hub,fish|vegetable,GeoNames cities5000 dump; CC BY 4.0,245785,2026-04-14,geolocated national model-support node,"place and coordinate are external records; node role, sink weight and any later flow are model inputs or estimates, not observed shipments",NF_EDFLOW_geolocated_network_expansion_v1_2_0_2026-08-31
GEO_TCD_2425791,Chad,TCD,Sarh,Sarh,18.38331,9.14555,PPLA,major national hub,fish|vegetable,GeoNames cities5000 dump; CC BY 4.0,2425791,2026-04-14,geolocated national model-support node,"place and coordinate are external records; node role, sink weight and any later flow are model inputs or estimates, not observed shipments",NF_EDFLOW_geolocated_network_expansion_v1_2_0_2026-08-31
GEO_TCD_245338,Chad,TCD,Am Timan,Am Timan,20.28342,11.0433,PPLA,major national hub,fish|vegetable,GeoNames cities5000 dump; CC BY 4.0,245338,2026-04-14,geolocated national model-support node,"place and coordinate are external records; node role, sink weight and any later flow are model inputs or estimates, not observed shipments",NF_EDFLOW_geolocated_network_expansion_v1_2_0_2026-08-31
GEO_TCD_2433437,Chad,TCD,Doba,Doba,16.85324,8.66389,PPLA,candidate consumer or transit catchment,fish|vegetable,GeoNames cities5000 dump; CC BY 4.0,2433437,2026-04-14,geolocated national model-support node,"place and coordinate are external records; node role, sink weight and any later flow are model inputs or estimates, not observed shipments",NF_EDFLOW_geolocated_network_expansion_v1_2_0_2026-08-31
GEO_TCD_2426240,Chad,TCD,Pala,Pala,14.90725,9.3646,PPLA,candidate consumer or transit catchment,fish|vegetable,GeoNames cities5000 dump; CC BY 4.0,2426240,2026-04-14,geolocated national model-support node,"place and coordinate are external records; node role, sink weight and any later flow are model inputs or estimates, not observed shipments",NF_EDFLOW_geolocated_network_expansion_v1_2_0_2026-08-31
GEO_TCD_2434910,Chad,TCD,Bongor,Bongor,15.37425,10.28088,PPLA,candidate consumer or transit catchment,fish|vegetable,GeoNames cities5000 dump; CC BY 4.0,2434910,2026-04-14,geolocated national model-support node,"place and coordinate are external records; node role, sink weight and any later flow are model inputs or estimates, not observed shipments",NF_EDFLOW_geolocated_network_expansion_v1_2_0_2026-08-31
GEO_TCD_243787,Chad,TCD,Goz Beida,Goz Beida,21.40983,12.22643,PPLA,candidate consumer or transit catchment,fish|vegetable,GeoNames cities5000 dump; CC BY 4.0,243787,2026-04-14,geolocated national model-support node,"place and coordinate are external records; node role, sink weight and any later flow are model inputs or estimates, not observed shipments",NF_EDFLOW_geolocated_network_expansion_v1_2_0_2026-08-31
GEO_TCD_2429605,Chad,TCD,Koumra,Koumra,17.55046,8.91587,PPLA,candidate consumer or transit catchment,fish|vegetable,GeoNames cities5000 dump; CC BY 4.0,2429605,2026-04-14,geolocated national model-support node,"place and coordinate are external records; node role, sink weight and any later flow are model inputs or estimates, not observed shipments",NF_EDFLOW_geolocated_network_expansion_v1_2_0_2026-08-31
GEO_TCD_2427637,Chad,TCD,Mongo,Mongo,18.6884,12.18514,PPLA,candidate consumer or transit catchment,fish|vegetable,GeoNames cities5000 dump; CC BY 4.0,2427637,2026-04-14,geolocated national model-support node,"place and coordinate are external records; node role, sink weight and any later flow are model inputs or estimates, not observed shipments",NF_EDFLOW_geolocated_network_expansion_v1_2_0_2026-08-31
GEO_TCD_2434979,Chad,TCD,Bol,Bol,14.71352,13.46729,PPLA,candidate consumer or transit catchment,fish|vegetable,GeoNames cities5000 dump; CC BY 4.0,2434979,2026-04-14,geolocated national model-support node,"place and coordinate are external records; node role, sink weight and any later flow are model inputs or estimates, not observed shipments",NF_EDFLOW_geolocated_network_expansion_v1_2_0_2026-08-31
GEO_TCD_2428394,Chad,TCD,Mao,Mao,15.31189,14.12286,PPLA,candidate consumer or transit catchment,fish|vegetable,GeoNames cities5000 dump; CC BY 4.0,2428394,2026-04-14,geolocated national model-support node,"place and coordinate are external records; node role, sink weight and any later flow are model inputs or estimates, not observed shipments",NF_EDFLOW_geolocated_network_expansion_v1_2_0_2026-08-31
GEO_TCD_2432678,Chad,TCD,Faya-Largeau,Faya-Largeau,19.10428,17.9257,PPLA,candidate consumer or transit catchment,fish|vegetable,GeoNames cities5000 dump; CC BY 4.0,2432678,2026-04-14,geolocated national model-support node,"place and coordinate are external records; node role, sink weight and any later flow are model inputs or estimates, not observed shipments",NF_EDFLOW_geolocated_network_expansion_v1_2_0_2026-08-31
GEO_TCD_2428228,Chad,TCD,Massakory,Massakory,15.73195,12.99809,PPLA,candidate consumer or transit catchment,fish|vegetable,GeoNames cities5000 dump; CC BY 4.0,2428228,2026-04-14,geolocated national model-support node,"place and coordinate are external records; node role, sink weight and any later flow are model inputs or estimates, not observed shipments",NF_EDFLOW_geolocated_network_expansion_v1_2_0_2026-08-31
GEO_TCD_2427336,Chad,TCD,Moussoro,Moussoro,16.48954,13.64436,PPLA,candidate consumer or transit catchment,fish|vegetable,GeoNames cities5000 dump; CC BY 4.0,2427336,2026-04-14,geolocated national model-support node,"place and coordinate are external records; node role, sink weight and any later flow are model inputs or estimates, not observed shipments",NF_EDFLOW_geolocated_network_expansion_v1_2_0_2026-08-31
GEO_TCD_244878,Chad,TCD,Biltine,Biltine,20.92603,14.52727,PPLA,candidate consumer or transit catchment,fish|vegetable,GeoNames cities5000 dump; CC BY 4.0,244878,2026-04-14,geolocated national model-support node,"place and coordinate are external records; node role, sink weight and any later flow are model inputs or estimates, not observed shipments",NF_EDFLOW_geolocated_network_expansion_v1_2_0_2026-08-31
GEO_TCD_2436400,Chad,TCD,Ati,Ati,18.3393,13.2138,PPLA,candidate consumer or transit catchment,fish|vegetable,GeoNames cities5000 dump; CC BY 4.0,2436400,2026-04-14,geolocated national model-support node,"place and coordinate are external records; node role, sink weight and any later flow are model inputs or estimates, not observed shipments",NF_EDFLOW_geolocated_network_expansion_v1_2_0_2026-08-31
GEO_TCD_9534257,Chad,TCD,Amdjarass,Amdjarass,22.83536,16.06666,PPLA,candidate consumer or transit catchment,fish|vegetable,GeoNames cities5000 dump; CC BY 4.0,9534257,2026-04-14,geolocated national model-support node,"place and coordinate are external records; node role, sink weight and any later flow are model inputs or estimates, not observed shipments",NF_EDFLOW_geolocated_network_expansion_v1_2_0_2026-08-31
GEO_TCD_2429296,Chad,TCD,Laï,Lai,16.30066,9.3972,PPLA,candidate consumer or transit catchment,fish|vegetable,GeoNames cities5000 dump; CC BY 4.0,2429296,2026-04-14,geolocated national model-support node,"place and coordinate are external records; node role, sink weight and any later flow are model inputs or estimates, not observed shipments",NF_EDFLOW_geolocated_network_expansion_v1_2_0_2026-08-31
GEO_TCD_244128,Chad,TCD,Fada,Fada,21.58081,17.19186,PPLA,candidate consumer or transit catchment,fish|vegetable,GeoNames cities5000 dump; CC BY 4.0,244128,2026-04-14,geolocated national model-support node,"place and coordinate are external records; node role, sink weight and any later flow are model inputs or estimates, not observed shipments",NF_EDFLOW_geolocated_network_expansion_v1_2_0_2026-08-31
GEO_TCD_2428216,Chad,TCD,Massenya,Massenya,16.17037,11.40345,PPLA,candidate consumer or transit catchment,fish|vegetable,GeoNames cities5000 dump; CC BY 4.0,2428216,2026-04-14,geolocated national model-support node,"place and coordinate are external records; node role, sink weight and any later flow are model inputs or estimates, not observed shipments",NF_EDFLOW_geolocated_network_expansion_v1_2_0_2026-08-31
GEO_TCD_2435976,Chad,TCD,Bardaï,Bardai,17.00158,21.35468,PPLA,candidate consumer or transit catchment,fish|vegetable,GeoNames cities5000 dump; CC BY 4.0,2435976,2026-04-14,geolocated national model-support node,"place and coordinate are external records; node role, sink weight and any later flow are model inputs or estimates, not observed shipments",NF_EDFLOW_geolocated_network_expansion_v1_2_0_2026-08-31
GEO_TCD_2430506,Chad,TCD,Kelo,Kelo,15.80658,9.30859,PPL,candidate consumer or transit catchment,fish|vegetable,GeoNames cities5000 dump; CC BY 4.0,2430506,2023-11-29,geolocated national model-support node,"place and coordinate are external records; node role, sink weight and any later flow are model inputs or estimates, not observed shipments",NF_EDFLOW_geolocated_network_expansion_v1_2_0_2026-08-31
GEO_TCD_2434011,Chad,TCD,Déressia,Deressia,16.2698,9.7602,PPL,candidate consumer or transit catchment,fish|vegetable,GeoNames cities5000 dump; CC BY 4.0,2434011,2025-12-11,geolocated national model-support node,"place and coordinate are external records; node role, sink weight and any later flow are model inputs or estimates, not observed shipments",NF_EDFLOW_geolocated_network_expansion_v1_2_0_2026-08-31
GEO_TCD_243590,Chad,TCD,Iriba,Iriba,22.25,15.11667,PPL,candidate consumer or transit catchment,fish|vegetable,GeoNames cities5000 dump; CC BY 4.0,243590,2023-11-29,geolocated national model-support node,"place and coordinate are external records; node role, sink weight and any later flow are model inputs or estimates, not observed shipments",NF_EDFLOW_geolocated_network_expansion_v1_2_0_2026-08-31
GEO_TCD_2435124,Chad,TCD,Bitkine,Bitkine,18.2138,11.9801,PPL,candidate consumer or transit catchment,fish|vegetable,GeoNames cities5000 dump; CC BY 4.0,2435124,2023-11-29,geolocated national model-support node,"place and coordinate are external records; node role, sink weight and any later flow are model inputs or estimates, not observed shipments",NF_EDFLOW_geolocated_network_expansion_v1_2_0_2026-08-31
GEO_TCD_2435854,Chad,TCD,Bébédja,Bebedja,16.566,8.6761,PPL,candidate consumer or transit catchment,fish|vegetable,GeoNames cities5000 dump; CC BY 4.0,2435854,2023-11-29,geolocated national model-support node,"place and coordinate are external records; node role, sink weight and any later flow are model inputs or estimates, not observed shipments",NF_EDFLOW_geolocated_network_expansion_v1_2_0_2026-08-31
GEO_TCD_2426370,Chad,TCD,Umm Hājar,Umm Hajar,19.6966,13.2954,PPL,candidate consumer or transit catchment,fish|vegetable,GeoNames cities5000 dump; CC BY 4.0,2426370,2023-11-29,geolocated national model-support node,"place and coordinate are external records; node role, sink weight and any later flow are model inputs or estimates, not observed shipments",NF_EDFLOW_geolocated_network_expansion_v1_2_0_2026-08-31
GEO_TCD_2429158,Chad,TCD,Léré,Lere,14.2151,9.6447,PPL,candidate consumer or transit catchment,fish|vegetable,GeoNames cities5000 dump; CC BY 4.0,2429158,2023-11-29,geolocated national model-support node,"place and coordinate are external records; node role, sink weight and any later flow are model inputs or estimates, not observed shipments",NF_EDFLOW_geolocated_network_expansion_v1_2_0_2026-08-31
GEO_TGO_2365267,Togo,TGO,Lomé,Lome,1.22154,6.12874,PPLC,major national hub,fish|vegetable,GeoNames cities5000 dump; CC BY 4.0,2365267,2025-10-31,geolocated national model-support node,"place and coordinate are external records; node role, sink weight and any later flow are model inputs or estimates, not observed shipments",NF_EDFLOW_geolocated_network_expansion_v1_2_0_2026-08-31
GEO_TGO_2364104,Togo,TGO,Sokodé,Sokode,1.13333,8.98333,PPLA,major national hub,fish|vegetable,GeoNames cities5000 dump; CC BY 4.0,2364104,2026-04-14,geolocated national model-support node,"place and coordinate are external records; node role, sink weight and any later flow are model inputs or estimates, not observed shipments",NF_EDFLOW_geolocated_network_expansion_v1_2_0_2026-08-31
GEO_TGO_2366152,Togo,TGO,Kara,Kara,1.18611,9.55111,PPLA,major national hub,fish|vegetable,GeoNames cities5000 dump; CC BY 4.0,2366152,2026-04-14,geolocated national model-support node,"place and coordinate are external records; node role, sink weight and any later flow are model inputs or estimates, not observed shipments",NF_EDFLOW_geolocated_network_expansion_v1_2_0_2026-08-31
GEO_TGO_2367886,Togo,TGO,Atakpamé,Atakpame,1.13333,7.53333,PPLA,major national hub,fish|vegetable,GeoNames cities5000 dump; CC BY 4.0,2367886,2026-04-14,geolocated national model-support node,"place and coordinate are external records; node role, sink weight and any later flow are model inputs or estimates, not observed shipments",NF_EDFLOW_geolocated_network_expansion_v1_2_0_2026-08-31
GEO_TGO_2367164,Togo,TGO,Dapaong,Dapaong,0.20762,10.86225,PPLA,major national hub,fish|vegetable,GeoNames cities5000 dump; CC BY 4.0,2367164,2026-04-14,geolocated national model-support node,"place and coordinate are external records; node role, sink weight and any later flow are model inputs or estimates, not observed shipments",NF_EDFLOW_geolocated_network_expansion_v1_2_0_2026-08-31
GEO_TGO_2363534,Togo,TGO,Tsévié,Tsevie,1.21333,6.42611,PPLA,candidate consumer or transit catchment,fish|vegetable,GeoNames cities5000 dump; CC BY 4.0,2363534,2026-04-14,geolocated national model-support node,"place and coordinate are external records; node role, sink weight and any later flow are model inputs or estimates, not observed shipments",NF_EDFLOW_geolocated_network_expansion_v1_2_0_2026-08-31
GEO_TGO_2365560,Togo,TGO,Kpalimé,Kpalime,0.63333,6.9,PPL,candidate consumer or transit catchment,fish|vegetable,GeoNames cities5000 dump; CC BY 4.0,2365560,2013-08-17,geolocated national model-support node,"place and coordinate are external records; node role, sink weight and any later flow are model inputs or estimates, not observed shipments",NF_EDFLOW_geolocated_network_expansion_v1_2_0_2026-08-31
GEO_TGO_2367568,Togo,TGO,Bassar,Bassar,0.78213,9.25025,PPL,candidate consumer or transit catchment,fish|vegetable,GeoNames cities5000 dump; CC BY 4.0,2367568,2014-09-03,geolocated national model-support node,"place and coordinate are external records; node role, sink weight and any later flow are model inputs or estimates, not observed shipments",NF_EDFLOW_geolocated_network_expansion_v1_2_0_2026-08-31
GEO_TGO_2367990,Togo,TGO,Aného,Aneho,1.5919,6.22798,PPL,candidate consumer or transit catchment,fish|vegetable,GeoNames cities5000 dump; CC BY 4.0,2367990,2014-10-17,geolocated national model-support node,"place and coordinate are external records; node role, sink weight and any later flow are model inputs or estimates, not observed shipments",NF_EDFLOW_geolocated_network_expansion_v1_2_0_2026-08-31
GEO_TGO_2365190,Togo,TGO,Mango,Mango,0.47083,10.35917,PPL,candidate consumer or transit catchment,fish|vegetable,GeoNames cities5000 dump; CC BY 4.0,2365190,2022-09-20,geolocated national model-support node,"place and coordinate are external records; node role, sink weight and any later flow are model inputs or estimates, not observed shipments",NF_EDFLOW_geolocated_network_expansion_v1_2_0_2026-08-31
GEO_TGO_2367981,Togo,TGO,Anié,Anie,1.2,7.75,PPL,candidate consumer or transit catchment,fish|vegetable,GeoNames cities5000 dump; CC BY 4.0,2367981,2024-12-02,geolocated national model-support node,"place and coordinate are external records; node role, sink weight and any later flow are model inputs or estimates, not observed shipments",NF_EDFLOW_geolocated_network_expansion_v1_2_0_2026-08-31
GEO_TGO_2364752,Togo,TGO,Notsé,Notse,1.16667,6.95,PPL,candidate consumer or transit catchment,fish|vegetable,GeoNames cities5000 dump; CC BY 4.0,2364752,2024-12-02,geolocated national model-support node,"place and coordinate are external records; node role, sink weight and any later flow are model inputs or estimates, not observed shipments",NF_EDFLOW_geolocated_network_expansion_v1_2_0_2026-08-31
GEO_TGO_2367226,Togo,TGO,Sinkassé,Sinkasse,0.00944,11.10389,PPL,candidate consumer or transit catchment,fish|vegetable,GeoNames cities5000 dump; CC BY 4.0,2367226,2023-11-29,geolocated national model-support node,"place and coordinate are external records; node role, sink weight and any later flow are model inputs or estimates, not observed shipments",NF_EDFLOW_geolocated_network_expansion_v1_2_0_2026-08-31
GEO_TGO_2363908,Togo,TGO,Tchamba,Tchamba,1.41667,9.03333,PPL,candidate consumer or transit catchment,fish|vegetable,GeoNames cities5000 dump; CC BY 4.0,2363908,2012-01-18,geolocated national model-support node,"place and coordinate are external records; node role, sink weight and any later flow are model inputs or estimates, not observed shipments",NF_EDFLOW_geolocated_network_expansion_v1_2_0_2026-08-31
GEO_TGO_2364079,Togo,TGO,Sotouboua,Sotouboua,0.98399,8.5634,PPL,candidate consumer or transit catchment,fish|vegetable,GeoNames cities5000 dump; CC BY 4.0,2364079,2026-08-30,geolocated national model-support node,"place and coordinate are external records; node role, sink weight and any later flow are model inputs or estimates, not observed shipments",NF_EDFLOW_geolocated_network_expansion_v1_2_0_2026-08-31
GEO_TGO_2367660,Togo,TGO,Badou,Badou,0.6,7.58333,PPL,candidate consumer or transit catchment,fish|vegetable,GeoNames cities5000 dump; CC BY 4.0,2367660,2013-10-30,geolocated national model-support node,"place and coordinate are external records; node role, sink weight and any later flow are model inputs or estimates, not observed shipments",NF_EDFLOW_geolocated_network_expansion_v1_2_0_2026-08-31
GEO_TGO_2364812,Togo,TGO,Niamtougou,Niamtougou,1.10528,9.76806,PPL,candidate consumer or transit catchment,fish|vegetable,GeoNames cities5000 dump; CC BY 4.0,2364812,2014-08-18,geolocated national model-support node,"place and coordinate are external records; node role, sink weight and any later flow are model inputs or estimates, not observed shipments",NF_EDFLOW_geolocated_network_expansion_v1_2_0_2026-08-31
GEO_TGO_2367656,Togo,TGO,Bafilo,Bafilo,1.26667,9.35,PPL,candidate consumer or transit catchment,fish|vegetable,GeoNames cities5000 dump; CC BY 4.0,2367656,2012-01-18,geolocated national model-support node,"place and coordinate are external records; node role, sink weight and any later flow are model inputs or estimates, not observed shipments",NF_EDFLOW_geolocated_network_expansion_v1_2_0_2026-08-31
GEO_TGO_2364041,Togo,TGO,Tabligbo,Tabligbo,1.5,6.58333,PPL,candidate consumer or transit catchment,fish|vegetable,GeoNames cities5000 dump; CC BY 4.0,2364041,2024-12-02,geolocated national model-support node,"place and coordinate are external records; node role, sink weight and any later flow are model inputs or estimates, not observed shipments",NF_EDFLOW_geolocated_network_expansion_v1_2_0_2026-08-31
GEO_TGO_2363490,Togo,TGO,Vogan,Vogan,1.53333,6.33333,PPL,candidate consumer or transit catchment,fish|vegetable,GeoNames cities5000 dump; CC BY 4.0,2363490,2018-04-08,geolocated national model-support node,"place and coordinate are external records; node role, sink weight and any later flow are model inputs or estimates, not observed shipments",NF_EDFLOW_geolocated_network_expansion_v1_2_0_2026-08-31
GEO_TGO_2366168,Togo,TGO,Kandé,Kande,1.04472,9.95778,PPL,candidate consumer or transit catchment,fish|vegetable,GeoNames cities5000 dump; CC BY 4.0,2366168,2024-12-02,geolocated national model-support node,"place and coordinate are external records; node role, sink weight and any later flow are model inputs or estimates, not observed shipments",NF_EDFLOW_geolocated_network_expansion_v1_2_0_2026-08-31
GEO_TGO_2368035,Togo,TGO,Amlamé,Amlame,0.9,7.46667,PPL,candidate consumer or transit catchment,fish|vegetable,GeoNames cities5000 dump; CC BY 4.0,2368035,2020-06-10,geolocated national model-support node,"place and coordinate are external records; node role, sink weight and any later flow are model inputs or estimates, not observed shipments",NF_EDFLOW_geolocated_network_expansion_v1_2_0_2026-08-31
GEO_TGO_2367423,Togo,TGO,Blitta,Blitta,0.98595,8.32335,PPL,candidate consumer or transit catchment,fish|vegetable,GeoNames cities5000 dump; CC BY 4.0,2367423,2024-12-02,geolocated national model-support node,"place and coordinate are external records; node role, sink weight and any later flow are model inputs or estimates, not observed shipments",NF_EDFLOW_geolocated_network_expansion_v1_2_0_2026-08-31
GEO_TGO_2366445,Togo,TGO,Guérin-Kouka,Guerin-Kouka,0.61139,9.69056,PPL,candidate consumer or transit catchment,fish|vegetable,GeoNames cities5000 dump; CC BY 4.0,2366445,2024-12-02,geolocated national model-support node,"place and coordinate are external records; node role, sink weight and any later flow are model inputs or estimates, not observed shipments",NF_EDFLOW_geolocated_network_expansion_v1_2_0_2026-08-31
GEO_TGO_2368490,Togo,TGO,Afanyangan,Afanyangan,1.65,6.48333,PPL,candidate consumer or transit catchment,fish|vegetable,GeoNames cities5000 dump; CC BY 4.0,2368490,2025-07-01,geolocated national model-support node,"place and coordinate are external records; node role, sink weight and any later flow are model inputs or estimates, not observed shipments",NF_EDFLOW_geolocated_network_expansion_v1_2_0_2026-08-31
GEO_TGO_2368574,Togo,TGO,Adéta,Adeta,0.73333,7.13333,PPL,candidate consumer or transit catchment,fish|vegetable,GeoNames cities5000 dump; CC BY 4.0,2368574,2024-12-02,geolocated national model-support node,"place and coordinate are external records; node role, sink weight and any later flow are model inputs or estimates, not observed shipments",NF_EDFLOW_geolocated_network_expansion_v1_2_0_2026-08-31
GEO_TGO_2365571,Togo,TGO,Pagouda,Pagouda,1.32778,9.7525,PPL,candidate consumer or transit catchment,fish|vegetable,GeoNames cities5000 dump; CC BY 4.0,2365571,2012-01-18,geolocated national model-support node,"place and coordinate are external records; node role, sink weight and any later flow are model inputs or estimates, not observed shipments",NF_EDFLOW_geolocated_network_expansion_v1_2_0_2026-08-31
GEO_TGO_2363669,Togo,TGO,Tohoun,Tohoun,1.61667,7.03333,PPL,candidate consumer or transit catchment,fish|vegetable,GeoNames cities5000 dump; CC BY 4.0,2363669,2025-07-01,geolocated national model-support node,"place and coordinate are external records; node role, sink weight and any later flow are model inputs or estimates, not observed shipments",NF_EDFLOW_geolocated_network_expansion_v1_2_0_2026-08-31
GEO_TGO_2366775,Togo,TGO,Elavagnon,Elavagnon,0.71667,7.28333,PPL,candidate consumer or transit catchment,fish|vegetable,GeoNames cities5000 dump; CC BY 4.0,2366775,2025-07-01,geolocated national model-support node,"place and coordinate are external records; node role, sink weight and any later flow are model inputs or estimates, not observed shipments",NF_EDFLOW_geolocated_network_expansion_v1_2_0_2026-08-31
GEO_TGO_2365673,Togo,TGO,Kouniohou,Kouniohou,0.8,7.66667,PPL,candidate consumer or transit catchment,fish|vegetable,GeoNames cities5000 dump; CC BY 4.0,2365673,2025-07-01,geolocated national model-support node,"place and coordinate are external records; node role, sink weight and any later flow are model inputs or estimates, not observed shipments",NF_EDFLOW_geolocated_network_expansion_v1_2_0_2026-08-31
GEO_TGO_13132463,Togo,TGO,Danyi-Apéyémé,Danyi-Apeyeme,0.69563,7.20365,PPL,candidate consumer or transit catchment,fish|vegetable,GeoNames cities5000 dump; CC BY 4.0,13132463,2024-12-02,geolocated national model-support node,"place and coordinate are external records; node role, sink weight and any later flow are model inputs or estimates, not observed shipments",NF_EDFLOW_geolocated_network_expansion_v1_2_0_2026-08-31
GEO_TGO_2365195,Togo,TGO,Mandouri,Mandouri,0.81667,10.85,PPL,candidate consumer or transit catchment,fish|vegetable,GeoNames cities5000 dump; CC BY 4.0,2365195,2024-12-02,geolocated national model-support node,"place and coordinate are external records; node role, sink weight and any later flow are model inputs or estimates, not observed shipments",NF_EDFLOW_geolocated_network_expansion_v1_2_0_2026-08-31
GEO_TUN_2464470,Tunisia,TUN,Tunis,Tunis,10.16579,36.81897,PPLC,major national hub,fish|vegetable,GeoNames cities5000 dump; CC BY 4.0,2464470,2026-02-23,geolocated national model-support node,"place and coordinate are external records; node role, sink weight and any later flow are model inputs or estimates, not observed shipments",NF_EDFLOW_geolocated_network_expansion_v1_2_0_2026-08-31
GEO_TUN_2467454,Tunisia,TUN,Sfax,Sfax,10.76028,34.74056,PPLA,major national hub,fish|vegetable,GeoNames cities5000 dump; CC BY 4.0,2467454,2026-04-14,geolocated national model-support node,"place and coordinate are external records; node role, sink weight and any later flow are model inputs or estimates, not observed shipments",NF_EDFLOW_geolocated_network_expansion_v1_2_0_2026-08-31
GEO_TUN_2464915,Tunisia,TUN,Sousse,Sousse,10.63699,35.82539,PPLA,major national hub,fish|vegetable,GeoNames cities5000 dump; CC BY 4.0,2464915,2026-04-14,geolocated national model-support node,"place and coordinate are external records; node role, sink weight and any later flow are model inputs or estimates, not observed shipments",NF_EDFLOW_geolocated_network_expansion_v1_2_0_2026-08-31
GEO_TUN_2473449,Tunisia,TUN,Kairouan,Kairouan,10.09633,35.6781,PPLA,major national hub,fish|vegetable,GeoNames cities5000 dump; CC BY 4.0,2473449,2026-04-14,geolocated national model-support node,"place and coordinate are external records; node role, sink weight and any later flow are model inputs or estimates, not observed shipments",NF_EDFLOW_geolocated_network_expansion_v1_2_0_2026-08-31
GEO_TUN_2472706,Tunisia,TUN,Bizerte,Bizerte,9.87391,37.27442,PPLA,major national hub,fish|vegetable,GeoNames cities5000 dump; CC BY 4.0,2472706,2026-04-14,geolocated national model-support node,"place and coordinate are external records; node role, sink weight and any later flow are model inputs or estimates, not observed shipments",NF_EDFLOW_geolocated_network_expansion_v1_2_0_2026-08-31
GEO_TUN_2473247,Tunisia,TUN,Aryanah,Aryanah,10.19337,36.86012,PPLA,candidate consumer or transit catchment,fish|vegetable,GeoNames cities5000 dump; CC BY 4.0,2473247,2026-04-14,geolocated national model-support node,"place and coordinate are external records; node role, sink weight and any later flow are model inputs or estimates, not observed shipments",NF_EDFLOW_geolocated_network_expansion_v1_2_0_2026-08-31
GEO_TUN_2468369,Tunisia,TUN,Gabès,Gabes,10.0982,33.88146,PPLA,candidate consumer or transit catchment,fish|vegetable,GeoNames cities5000 dump; CC BY 4.0,2468369,2026-04-14,geolocated national model-support node,"place and coordinate are external records; node role, sink weight and any later flow are model inputs or estimates, not observed shipments",NF_EDFLOW_geolocated_network_expansion_v1_2_0_2026-08-31
GEO_TUN_2468353,Tunisia,TUN,Gafsa,Gafsa,8.78417,34.425,PPLA,candidate consumer or transit catchment,fish|vegetable,GeoNames cities5000 dump; CC BY 4.0,2468353,2026-04-14,geolocated national model-support node,"place and coordinate are external records; node role, sink weight and any later flow are model inputs or estimates, not observed shipments",NF_EDFLOW_geolocated_network_expansion_v1_2_0_2026-08-31
GEO_TUN_2473493,Tunisia,TUN,Monastir,Monastir,10.82617,35.77799,PPLA,candidate consumer or transit catchment,fish|vegetable,GeoNames cities5000 dump; CC BY 4.0,2473493,2026-04-14,geolocated national model-support node,"place and coordinate are external records; node role, sink weight and any later flow are model inputs or estimates, not observed shipments",NF_EDFLOW_geolocated_network_expansion_v1_2_0_2026-08-31
GEO_TUN_2473540,Tunisia,TUN,La Marsa,La Marsa,10.32466,36.87818,PPLA2,candidate consumer or transit catchment,fish|vegetable,GeoNames cities5000 dump; CC BY 4.0,2473540,2024-12-02,geolocated national model-support node,"place and coordinate are external records; node role, sink weight and any later flow are model inputs or estimates, not observed shipments",NF_EDFLOW_geolocated_network_expansion_v1_2_0_2026-08-31
GEO_TUN_2472479,Tunisia,TUN,Ben Arous,Ben Arous,10.22167,36.75452,PPLA,candidate consumer or transit catchment,fish|vegetable,GeoNames cities5000 dump; CC BY 4.0,2472479,2026-04-14,geolocated national model-support node,"place and coordinate are external records; node role, sink weight and any later flow are model inputs or estimates, not observed shipments",NF_EDFLOW_geolocated_network_expansion_v1_2_0_2026-08-31
GEO_TUN_2473457,Tunisia,TUN,Kasserine,Kasserine,8.83651,35.16758,PPLA,candidate consumer or transit catchment,fish|vegetable,GeoNames cities5000 dump; CC BY 4.0,2473457,2026-04-14,geolocated national model-support node,"place and coordinate are external records; node role, sink weight and any later flow are model inputs or estimates, not observed shipments",NF_EDFLOW_geolocated_network_expansion_v1_2_0_2026-08-31
GEO_TUN_2469473,Tunisia,TUN,Medenine,Medenine,10.50548,33.35495,PPLA,candidate consumer or transit catchment,fish|vegetable,GeoNames cities5000 dump; CC BY 4.0,2469473,2026-04-14,geolocated national model-support node,"place and coordinate are external records; node role, sink weight and any later flow are model inputs or estimates, not observed shipments",NF_EDFLOW_geolocated_network_expansion_v1_2_0_2026-08-31
GEO_TUN_2468579,Tunisia,TUN,Nabeul,Nabeul,10.73763,36.45606,PPLA,candidate consumer or transit catchment,fish|vegetable,GeoNames cities5000 dump; CC BY 4.0,2468579,2026-04-14,geolocated national model-support node,"place and coordinate are external records; node role, sink weight and any later flow are model inputs or estimates, not observed shipments",NF_EDFLOW_geolocated_network_expansion_v1_2_0_2026-08-31
GEO_TUN_2464701,Tunisia,TUN,Tataouine,Tataouine,10.45177,32.92967,PPLA,candidate consumer or transit catchment,fish|vegetable,GeoNames cities5000 dump; CC BY 4.0,2464701,2026-04-14,geolocated national model-support node,"place and coordinate are external records; node role, sink weight and any later flow are model inputs or estimates, not observed shipments",NF_EDFLOW_geolocated_network_expansion_v1_2_0_2026-08-31
GEO_TUN_2472774,Tunisia,TUN,Béja,Beja,9.18169,36.72564,PPLA,candidate consumer or transit catchment,fish|vegetable,GeoNames cities5000 dump; CC BY 4.0,2472774,2026-04-14,geolocated national model-support node,"place and coordinate are external records; node role, sink weight and any later flow are model inputs or estimates, not observed shipments",NF_EDFLOW_geolocated_network_expansion_v1_2_0_2026-08-31
GEO_TUN_2473634,Tunisia,TUN,El Kef,El Kef,8.70486,36.17424,PPLA,candidate consumer or transit catchment,fish|vegetable,GeoNames cities5000 dump; CC BY 4.0,2473634,2026-04-14,geolocated national model-support node,"place and coordinate are external records; node role, sink weight and any later flow are model inputs or estimates, not observed shipments",NF_EDFLOW_geolocated_network_expansion_v1_2_0_2026-08-31
GEO_TUN_2473572,Tunisia,TUN,Mahdia,Mahdia,11.06222,35.50472,PPLA,candidate consumer or transit catchment,fish|vegetable,GeoNames cities5000 dump; CC BY 4.0,2473572,2026-04-14,geolocated national model-support node,"place and coordinate are external records; node role, sink weight and any later flow are model inputs or estimates, not observed shipments",NF_EDFLOW_geolocated_network_expansion_v1_2_0_2026-08-31
GEO_TUN_2470088,Tunisia,TUN,Jendouba,Jendouba,8.78024,36.50114,PPLA,candidate consumer or transit catchment,fish|vegetable,GeoNames cities5000 dump; CC BY 4.0,2470088,2026-04-14,geolocated national model-support node,"place and coordinate are external records; node role, sink weight and any later flow are model inputs or estimates, not observed shipments",NF_EDFLOW_geolocated_network_expansion_v1_2_0_2026-08-31
GEO_TUN_2465840,Tunisia,TUN,Sidi Bouzid,Sidi Bouzid,9.48494,35.03823,PPLA,candidate consumer or transit catchment,fish|vegetable,GeoNames cities5000 dump; CC BY 4.0,2465840,2026-04-14,geolocated national model-support node,"place and coordinate are external records; node role, sink weight and any later flow are model inputs or estimates, not observed shipments",NF_EDFLOW_geolocated_network_expansion_v1_2_0_2026-08-31
GEO_TUN_2464648,Tunisia,TUN,Tozeur,Tozeur,8.13352,33.91968,PPLA,candidate consumer or transit catchment,fish|vegetable,GeoNames cities5000 dump; CC BY 4.0,2464648,2026-04-14,geolocated national model-support node,"place and coordinate are external records; node role, sink weight and any later flow are model inputs or estimates, not observed shipments",NF_EDFLOW_geolocated_network_expansion_v1_2_0_2026-08-31
GEO_TUN_2469274,Tunisia,TUN,Manouba,Manouba,10.09557,36.81006,PPLA,candidate consumer or transit catchment,fish|vegetable,GeoNames cities5000 dump; CC BY 4.0,2469274,2026-04-14,geolocated national model-support node,"place and coordinate are external records; node role, sink weight and any later flow are model inputs or estimates, not observed shipments",NF_EDFLOW_geolocated_network_expansion_v1_2_0_2026-08-31
GEO_TUN_2468925,Tunisia,TUN,Midoun,Midoun,10.99228,33.80813,PPLA2,candidate consumer or transit catchment,fish|vegetable,GeoNames cities5000 dump; CC BY 4.0,2468925,2026-07-28,geolocated national model-support node,"place and coordinate are external records; node role, sink weight and any later flow are model inputs or estimates, not observed shipments",NF_EDFLOW_geolocated_network_expansion_v1_2_0_2026-08-31
GEO_TUN_2465030,Tunisia,TUN,Siliana,Siliana,9.37082,36.08497,PPLA,candidate consumer or transit catchment,fish|vegetable,GeoNames cities5000 dump; CC BY 4.0,2465030,2026-04-14,geolocated national model-support node,"place and coordinate are external records; node role, sink weight and any later flow are model inputs or estimates, not observed shipments",NF_EDFLOW_geolocated_network_expansion_v1_2_0_2026-08-31
GEO_TUN_2468018,Tunisia,TUN,Kebili,Kebili,8.96903,33.70439,PPLA,candidate consumer or transit catchment,fish|vegetable,GeoNames cities5000 dump; CC BY 4.0,2468018,2026-04-14,geolocated national model-support node,"place and coordinate are external records; node role, sink weight and any later flow are model inputs or estimates, not observed shipments",NF_EDFLOW_geolocated_network_expansion_v1_2_0_2026-08-31
GEO_TUN_2464041,Tunisia,TUN,Zaghouan,Zaghouan,10.14292,36.40291,PPLA,candidate consumer or transit catchment,fish|vegetable,GeoNames cities5000 dump; CC BY 4.0,2464041,2026-04-14,geolocated national model-support node,"place and coordinate are external records; node role, sink weight and any later flow are model inputs or estimates, not observed shipments",NF_EDFLOW_geolocated_network_expansion_v1_2_0_2026-08-31
GEO_TUN_2464960,Tunisia,TUN,Sukrah,Sukrah,10.2468,36.87744,PPL,candidate consumer or transit catchment,fish|vegetable,GeoNames cities5000 dump; CC BY 4.0,2464960,2026-06-23,geolocated national model-support node,"place and coordinate are external records; node role, sink weight and any later flow are model inputs or estimates, not observed shipments",NF_EDFLOW_geolocated_network_expansion_v1_2_0_2026-08-31
GEO_TUN_2473164,Tunisia,TUN,Sīdī Ḥusayn,Sidi Husayn,10.11833,36.75583,PPL,candidate consumer or transit catchment,fish|vegetable,GeoNames cities5000 dump; CC BY 4.0,2473164,2026-07-28,geolocated national model-support node,"place and coordinate are external records; node role, sink weight and any later flow are model inputs or estimates, not observed shipments",NF_EDFLOW_geolocated_network_expansion_v1_2_0_2026-08-31
GEO_TUN_2467243,Tunisia,TUN,Sakiet ed Daier,Sakiet ed Daier,10.80617,34.79435,PPL,candidate consumer or transit catchment,fish|vegetable,GeoNames cities5000 dump; CC BY 4.0,2467243,2026-06-23,geolocated national model-support node,"place and coordinate are external records; node role, sink weight and any later flow are model inputs or estimates, not observed shipments",NF_EDFLOW_geolocated_network_expansion_v1_2_0_2026-08-31
GEO_TUN_11204413,Tunisia,TUN,El Mourouj,El Mourouj,10.2096,36.71364,PPL,candidate consumer or transit catchment,fish|vegetable,GeoNames cities5000 dump; CC BY 4.0,11204413,2026-06-23,geolocated national model-support node,"place and coordinate are external records; node role, sink weight and any later flow are model inputs or estimates, not observed shipments",NF_EDFLOW_geolocated_network_expansion_v1_2_0_2026-08-31
GEO_TZA_160263,Tanzania,TZA,Dar es Salaam,Dar es Salaam,39.26951,-6.82349,PPLA,major national hub,fish|vegetable,GeoNames cities5000 dump; CC BY 4.0,160263,2026-04-14,geolocated national model-support node,"place and coordinate are external records; node role, sink weight and any later flow are model inputs or estimates, not observed shipments",NF_EDFLOW_geolocated_network_expansion_v1_2_0_2026-08-31
GEO_TZA_152224,Tanzania,TZA,Mwanza,Mwanza,32.9,-2.51667,PPLA,major national hub,fish|vegetable,GeoNames cities5000 dump; CC BY 4.0,152224,2026-04-14,geolocated national model-support node,"place and coordinate are external records; node role, sink weight and any later flow are model inputs or estimates, not observed shipments",NF_EDFLOW_geolocated_network_expansion_v1_2_0_2026-08-31
GEO_TZA_160196,Tanzania,TZA,Dodoma,Dodoma,35.73947,-6.17221,PPLC,major national hub,fish|vegetable,GeoNames cities5000 dump; CC BY 4.0,160196,2024-12-02,geolocated national model-support node,"place and coordinate are external records; node role, sink weight and any later flow are model inputs or estimates, not observed shipments",NF_EDFLOW_geolocated_network_expansion_v1_2_0_2026-08-31
GEO_TZA_148730,Tanzania,TZA,Zanzibar,Zanzibar,39.19793,-6.16394,PPLA,major national hub,fish|vegetable,GeoNames cities5000 dump; CC BY 4.0,148730,2026-04-14,geolocated national model-support node,"place and coordinate are external records; node role, sink weight and any later flow are model inputs or estimates, not observed shipments",NF_EDFLOW_geolocated_network_expansion_v1_2_0_2026-08-31
GEO_TZA_161325,Tanzania,TZA,Arusha,Arusha,36.68333,-3.36667,PPLA,major national hub,fish|vegetable,GeoNames cities5000 dump; CC BY 4.0,161325,2026-04-14,geolocated national model-support node,"place and coordinate are external records; node role, sink weight and any later flow are model inputs or estimates, not observed shipments",NF_EDFLOW_geolocated_network_expansion_v1_2_0_2026-08-31
GEO_TZA_154380,Tanzania,TZA,Mbeya,Mbeya,33.45,-8.9,PPLA,candidate consumer or transit catchment,fish|vegetable,GeoNames cities5000 dump; CC BY 4.0,154380,2026-04-14,geolocated national model-support node,"place and coordinate are external records; node role, sink weight and any later flow are model inputs or estimates, not observed shipments",NF_EDFLOW_geolocated_network_expansion_v1_2_0_2026-08-31
GEO_TZA_153220,Tanzania,TZA,Morogoro,Morogoro,37.66122,-6.82102,PPLA,candidate consumer or transit catchment,fish|vegetable,GeoNames cities5000 dump; CC BY 4.0,153220,2026-04-14,geolocated national model-support node,"place and coordinate are external records; node role, sink weight and any later flow are model inputs or estimates, not observed shipments",NF_EDFLOW_geolocated_network_expansion_v1_2_0_2026-08-31
GEO_TZA_149606,Tanzania,TZA,Tanga,Tanga,39.09875,-5.06893,PPLA,candidate consumer or transit catchment,fish|vegetable,GeoNames cities5000 dump; CC BY 4.0,149606,2026-04-14,geolocated national model-support node,"place and coordinate are external records; node role, sink weight and any later flow are model inputs or estimates, not observed shipments",NF_EDFLOW_geolocated_network_expansion_v1_2_0_2026-08-31
GEO_TZA_159908,Tanzania,TZA,Geita,Geita,32.2325,-2.8725,PPLA,candidate consumer or transit catchment,fish|vegetable,GeoNames cities5000 dump; CC BY 4.0,159908,2026-04-14,geolocated national model-support node,"place and coordinate are external records; node role, sink weight and any later flow are model inputs or estimates, not observed shipments",NF_EDFLOW_geolocated_network_expansion_v1_2_0_2026-08-31
GEO_TZA_149658,Tanzania,TZA,Tabora,Tabora,32.82663,-5.01622,PPLA,candidate consumer or transit catchment,fish|vegetable,GeoNames cities5000 dump; CC BY 4.0,149658,2026-04-14,geolocated national model-support node,"place and coordinate are external records; node role, sink weight and any later flow are model inputs or estimates, not observed shipments",NF_EDFLOW_geolocated_network_expansion_v1_2_0_2026-08-31
GEO_TZA_149703,Tanzania,TZA,Sumbawanga,Sumbawanga,31.61667,-7.96667,PPLA,candidate consumer or transit catchment,fish|vegetable,GeoNames cities5000 dump; CC BY 4.0,149703,2026-04-14,geolocated national model-support node,"place and coordinate are external records; node role, sink weight and any later flow are model inputs or estimates, not observed shipments",NF_EDFLOW_geolocated_network_expansion_v1_2_0_2026-08-31
GEO_TZA_877401,Tanzania,TZA,Songea,Songea,35.65,-10.68333,PPLA,candidate consumer or transit catchment,fish|vegetable,GeoNames cities5000 dump; CC BY 4.0,877401,2026-04-14,geolocated national model-support node,"place and coordinate are external records; node role, sink weight and any later flow are model inputs or estimates, not observed shipments",NF_EDFLOW_geolocated_network_expansion_v1_2_0_2026-08-31
GEO_TZA_158027,Tanzania,TZA,Kibaha,Kibaha,38.91667,-6.76667,PPLA,candidate consumer or transit catchment,fish|vegetable,GeoNames cities5000 dump; CC BY 4.0,158027,2026-04-14,geolocated national model-support node,"place and coordinate are external records; node role, sink weight and any later flow are model inputs or estimates, not observed shipments",NF_EDFLOW_geolocated_network_expansion_v1_2_0_2026-08-31
GEO_TZA_161218,Tanzania,TZA,Bariadi,Bariadi,33.98333,-2.8,PPLA3,candidate consumer or transit catchment,fish|vegetable,GeoNames cities5000 dump; CC BY 4.0,161218,2024-12-02,geolocated national model-support node,"place and coordinate are external records; node role, sink weight and any later flow are model inputs or estimates, not observed shipments",NF_EDFLOW_geolocated_network_expansion_v1_2_0_2026-08-31
GEO_TZA_149879,Tanzania,TZA,Singida,Singida,34.74358,-4.81629,PPLA,candidate consumer or transit catchment,fish|vegetable,GeoNames cities5000 dump; CC BY 4.0,149879,2026-04-14,geolocated national model-support node,"place and coordinate are external records; node role, sink weight and any later flow are model inputs or estimates, not observed shipments",NF_EDFLOW_geolocated_network_expansion_v1_2_0_2026-08-31
GEO_TZA_157738,Tanzania,TZA,Kigoma,Kigoma,29.62667,-4.87694,PPLA,candidate consumer or transit catchment,fish|vegetable,GeoNames cities5000 dump; CC BY 4.0,157738,2026-04-14,geolocated national model-support node,"place and coordinate are external records; node role, sink weight and any later flow are model inputs or estimates, not observed shipments",NF_EDFLOW_geolocated_network_expansion_v1_2_0_2026-08-31
GEO_TZA_153209,Tanzania,TZA,Moshi,Moshi,37.33333,-3.35,PPLA,candidate consumer or transit catchment,fish|vegetable,GeoNames cities5000 dump; CC BY 4.0,153209,2026-04-14,geolocated national model-support node,"place and coordinate are external records; node role, sink weight and any later flow are model inputs or estimates, not observed shipments",NF_EDFLOW_geolocated_network_expansion_v1_2_0_2026-08-31
GEO_TZA_153176,Tanzania,TZA,Mpanda,Mpanda,31.06951,-6.34379,PPLA,candidate consumer or transit catchment,fish|vegetable,GeoNames cities5000 dump; CC BY 4.0,153176,2026-04-14,geolocated national model-support node,"place and coordinate are external records; node role, sink weight and any later flow are model inputs or estimates, not observed shipments",NF_EDFLOW_geolocated_network_expansion_v1_2_0_2026-08-31
GEO_TZA_159071,Tanzania,TZA,Iringa,Iringa,35.7,-7.76667,PPLA,candidate consumer or transit catchment,fish|vegetable,GeoNames cities5000 dump; CC BY 4.0,159071,2026-04-14,geolocated national model-support node,"place and coordinate are external records; node role, sink weight and any later flow are model inputs or estimates, not observed shipments",NF_EDFLOW_geolocated_network_expansion_v1_2_0_2026-08-31
GEO_TZA_152451,Tanzania,TZA,Musoma,Musoma,33.8,-1.5,PPLA,candidate consumer or transit catchment,fish|vegetable,GeoNames cities5000 dump; CC BY 4.0,152451,2026-04-14,geolocated national model-support node,"place and coordinate are external records; node role, sink weight and any later flow are model inputs or estimates, not observed shipments",NF_EDFLOW_geolocated_network_expansion_v1_2_0_2026-08-31
GEO_TZA_160961,Tanzania,TZA,Bukoba,Bukoba,31.81222,-1.33167,PPLA,candidate consumer or transit catchment,fish|vegetable,GeoNames cities5000 dump; CC BY 4.0,160961,2026-04-14,geolocated national model-support node,"place and coordinate are external records; node role, sink weight and any later flow are model inputs or estimates, not observed shipments",NF_EDFLOW_geolocated_network_expansion_v1_2_0_2026-08-31
GEO_TZA_877747,Tanzania,TZA,Mtwara,Mtwara,40.18333,-10.26667,PPLA,candidate consumer or transit catchment,fish|vegetable,GeoNames cities5000 dump; CC BY 4.0,877747,2026-04-14,geolocated national model-support node,"place and coordinate are external records; node role, sink weight and any later flow are model inputs or estimates, not observed shipments",NF_EDFLOW_geolocated_network_expansion_v1_2_0_2026-08-31
GEO_TZA_150006,Tanzania,TZA,Shinyanga,Shinyanga,33.42118,-3.66393,PPLA,candidate consumer or transit catchment,fish|vegetable,GeoNames cities5000 dump; CC BY 4.0,150006,2026-04-14,geolocated national model-support node,"place and coordinate are external records; node role, sink weight and any later flow are model inputs or estimates, not observed shipments",NF_EDFLOW_geolocated_network_expansion_v1_2_0_2026-08-31
GEO_TZA_878281,Tanzania,TZA,Lindi,Lindi,39.71649,-9.99709,PPLA,candidate consumer or transit catchment,fish|vegetable,GeoNames cities5000 dump; CC BY 4.0,878281,2026-04-14,geolocated national model-support node,"place and coordinate are external records; node role, sink weight and any later flow are model inputs or estimates, not observed shipments",NF_EDFLOW_geolocated_network_expansion_v1_2_0_2026-08-31
GEO_TZA_151479,Tanzania,TZA,Njombe,Njombe,34.77167,-9.34917,PPLA,candidate consumer or transit catchment,fish|vegetable,GeoNames cities5000 dump; CC BY 4.0,151479,2026-04-14,geolocated national model-support node,"place and coordinate are external records; node role, sink weight and any later flow are model inputs or estimates, not observed shipments",NF_EDFLOW_geolocated_network_expansion_v1_2_0_2026-08-31
GEO_TZA_148942,Tanzania,TZA,Vwawa,Vwawa,32.93472,-9.10806,PPLA,candidate consumer or transit catchment,fish|vegetable,GeoNames cities5000 dump; CC BY 4.0,148942,2026-04-14,geolocated national model-support node,"place and coordinate are external records; node role, sink weight and any later flow are model inputs or estimates, not observed shipments",NF_EDFLOW_geolocated_network_expansion_v1_2_0_2026-08-31
GEO_TZA_161312,Tanzania,TZA,Babati,Babati,35.75,-4.21667,PPLA,candidate consumer or transit catchment,fish|vegetable,GeoNames cities5000 dump; CC BY 4.0,161312,2026-04-14,geolocated national model-support node,"place and coordinate are external records; node role, sink weight and any later flow are model inputs or estimates, not observed shipments",NF_EDFLOW_geolocated_network_expansion_v1_2_0_2026-08-31
GEO_TZA_160677,Tanzania,TZA,Chake Chake,Chake Chake,39.76659,-5.24586,PPLA,candidate consumer or transit catchment,fish|vegetable,GeoNames cities5000 dump; CC BY 4.0,160677,2026-04-14,geolocated national model-support node,"place and coordinate are external records; node role, sink weight and any later flow are model inputs or estimates, not observed shipments",NF_EDFLOW_geolocated_network_expansion_v1_2_0_2026-08-31
GEO_TZA_148842,Tanzania,TZA,Wete,Wete,39.72938,-5.05589,PPLA,candidate consumer or transit catchment,fish|vegetable,GeoNames cities5000 dump; CC BY 4.0,148842,2026-04-14,geolocated national model-support node,"place and coordinate are external records; node role, sink weight and any later flow are model inputs or estimates, not observed shipments",NF_EDFLOW_geolocated_network_expansion_v1_2_0_2026-08-31
GEO_TZA_155848,Tanzania,TZA,Longido,Longido,36.69773,-2.73319,PPLA2,candidate consumer or transit catchment,fish|vegetable,GeoNames cities5000 dump; CC BY 4.0,155848,2016-07-26,geolocated national model-support node,"place and coordinate are external records; node role, sink weight and any later flow are model inputs or estimates, not observed shipments",NF_EDFLOW_geolocated_network_expansion_v1_2_0_2026-08-31
GEO_TZA_153585,Tanzania,TZA,Mkokotoni,Mkokotoni,39.25523,-5.87506,PPLA,candidate consumer or transit catchment,fish|vegetable,GeoNames cities5000 dump; CC BY 4.0,153585,2026-04-14,geolocated national model-support node,"place and coordinate are external records; node role, sink weight and any later flow are model inputs or estimates, not observed shipments",NF_EDFLOW_geolocated_network_expansion_v1_2_0_2026-08-31
GEO_TZA_156589,Tanzania,TZA,Koani,Koani,39.28333,-6.13333,PPLA,candidate consumer or transit catchment,fish|vegetable,GeoNames cities5000 dump; CC BY 4.0,156589,2026-04-14,geolocated national model-support node,"place and coordinate are external records; node role, sink weight and any later flow are model inputs or estimates, not observed shipments",NF_EDFLOW_geolocated_network_expansion_v1_2_0_2026-08-31
GEO_TZA_158597,Tanzania,TZA,Kahama,Kahama,32.6,-3.83333,PPL,candidate consumer or transit catchment,fish|vegetable,GeoNames cities5000 dump; CC BY 4.0,158597,2024-12-02,geolocated national model-support node,"place and coordinate are external records; node role, sink weight and any later flow are model inputs or estimates, not observed shipments",NF_EDFLOW_geolocated_network_expansion_v1_2_0_2026-08-31
GEO_TZA_158214,Tanzania,TZA,Kasulu,Kasulu,30.1025,-4.57667,PPL,candidate consumer or transit catchment,fish|vegetable,GeoNames cities5000 dump; CC BY 4.0,158214,2024-12-02,geolocated national model-support node,"place and coordinate are external records; node role, sink weight and any later flow are model inputs or estimates, not observed shipments",NF_EDFLOW_geolocated_network_expansion_v1_2_0_2026-08-31
GEO_TZA_149402,Tanzania,TZA,Tunduma,Tunduma,32.76667,-9.3,PPL,candidate consumer or transit catchment,fish|vegetable,GeoNames cities5000 dump; CC BY 4.0,149402,2024-12-02,geolocated national model-support node,"place and coordinate are external records; node role, sink weight and any later flow are model inputs or estimates, not observed shipments",NF_EDFLOW_geolocated_network_expansion_v1_2_0_2026-08-31
GEO_TZA_159492,Tanzania,TZA,Ifakara,Ifakara,36.68333,-8.13333,PPL,candidate consumer or transit catchment,fish|vegetable,GeoNames cities5000 dump; CC BY 4.0,159492,2024-12-02,geolocated national model-support node,"place and coordinate are external records; node role, sink weight and any later flow are model inputs or estimates, not observed shipments",NF_EDFLOW_geolocated_network_expansion_v1_2_0_2026-08-31
GEO_TZA_160892,Tanzania,TZA,Bunda,Bunda,33.87109,-2.02153,PPL,candidate consumer or transit catchment,fish|vegetable,GeoNames cities5000 dump; CC BY 4.0,160892,2024-12-02,geolocated national model-support node,"place and coordinate are external records; node role, sink weight and any later flow are model inputs or estimates, not observed shipments",NF_EDFLOW_geolocated_network_expansion_v1_2_0_2026-08-31
GEO_TZA_149581,Tanzania,TZA,Tarime,Tarime,34.36667,-1.35,PPL,candidate consumer or transit catchment,fish|vegetable,GeoNames cities5000 dump; CC BY 4.0,149581,2024-12-02,geolocated national model-support node,"place and coordinate are external records; node role, sink weight and any later flow are model inputs or estimates, not observed shipments",NF_EDFLOW_geolocated_network_expansion_v1_2_0_2026-08-31
GEO_TZA_150930,Tanzania,TZA,Nzega,Nzega,33.18333,-4.21667,PPL,candidate consumer or transit catchment,fish|vegetable,GeoNames cities5000 dump; CC BY 4.0,150930,2024-12-02,geolocated national model-support node,"place and coordinate are external records; node role, sink weight and any later flow are model inputs or estimates, not observed shipments",NF_EDFLOW_geolocated_network_expansion_v1_2_0_2026-08-31
GEO_TZA_155101,Tanzania,TZA,Makumbako,Makumbako,34.83333,-8.85,PPL,candidate consumer or transit catchment,fish|vegetable,GeoNames cities5000 dump; CC BY 4.0,155101,2024-12-02,geolocated national model-support node,"place and coordinate are external records; node role, sink weight and any later flow are model inputs or estimates, not observed shipments",NF_EDFLOW_geolocated_network_expansion_v1_2_0_2026-08-31
GEO_TZA_150103,Tanzania,TZA,Sengerema,Sengerema,32.65,-2.66667,PPL,candidate consumer or transit catchment,fish|vegetable,GeoNames cities5000 dump; CC BY 4.0,150103,2024-12-02,geolocated national model-support node,"place and coordinate are external records; node role, sink weight and any later flow are model inputs or estimates, not observed shipments",NF_EDFLOW_geolocated_network_expansion_v1_2_0_2026-08-31
GEO_TZA_159675,Tanzania,TZA,Handeni,Handeni,38.01667,-5.43333,PPL,candidate consumer or transit catchment,fish|vegetable,GeoNames cities5000 dump; CC BY 4.0,159675,2024-12-02,geolocated national model-support node,"place and coordinate are external records; node role, sink weight and any later flow are model inputs or estimates, not observed shipments",NF_EDFLOW_geolocated_network_expansion_v1_2_0_2026-08-31
GEO_TZA_158151,Tanzania,TZA,Katumba,Katumba,33.61667,-9.23333,PPL,candidate consumer or transit catchment,fish|vegetable,GeoNames cities5000 dump; CC BY 4.0,158151,2016-07-26,geolocated national model-support node,"place and coordinate are external records; node role, sink weight and any later flow are model inputs or estimates, not observed shipments",NF_EDFLOW_geolocated_network_expansion_v1_2_0_2026-08-31
GEO_TZA_13132458,Tanzania,TZA,Mafinga,Mafinga,35.29366,-8.30019,PPL,candidate consumer or transit catchment,fish|vegetable,GeoNames cities5000 dump; CC BY 4.0,13132458,2024-12-02,geolocated national model-support node,"place and coordinate are external records; node role, sink weight and any later flow are model inputs or estimates, not observed shipments",NF_EDFLOW_geolocated_network_expansion_v1_2_0_2026-08-31
GEO_TZA_149129,Tanzania,TZA,Ushirombo,Ushirombo,31.96389,-3.49194,PPL,candidate consumer or transit catchment,fish|vegetable,GeoNames cities5000 dump; CC BY 4.0,149129,2016-07-26,geolocated national model-support node,"place and coordinate are external records; node role, sink weight and any later flow are model inputs or estimates, not observed shipments",NF_EDFLOW_geolocated_network_expansion_v1_2_0_2026-08-31
GEO_TZA_157403,Tanzania,TZA,Kilosa,Kilosa,36.98333,-6.83333,PPL,candidate consumer or transit catchment,fish|vegetable,GeoNames cities5000 dump; CC BY 4.0,157403,2016-07-26,geolocated national model-support node,"place and coordinate are external records; node role, sink weight and any later flow are model inputs or estimates, not observed shipments",NF_EDFLOW_geolocated_network_expansion_v1_2_0_2026-08-31
GEO_TZA_878058,Tanzania,TZA,Masasi,Masasi,38.8,-10.71667,PPL,candidate consumer or transit catchment,fish|vegetable,GeoNames cities5000 dump; CC BY 4.0,878058,2024-12-02,geolocated national model-support node,"place and coordinate are external records; node role, sink weight and any later flow are model inputs or estimates, not observed shipments",NF_EDFLOW_geolocated_network_expansion_v1_2_0_2026-08-31
GEO_TZA_161290,Tanzania,TZA,Bagamoyo,Bagamoyo,38.90422,-6.44222,PPL,candidate consumer or transit catchment,fish|vegetable,GeoNames cities5000 dump; CC BY 4.0,161290,2016-07-26,geolocated national model-support node,"place and coordinate are external records; node role, sink weight and any later flow are model inputs or estimates, not observed shipments",NF_EDFLOW_geolocated_network_expansion_v1_2_0_2026-08-31
GEO_TZA_156510,Tanzania,TZA,Kondoa,Kondoa,35.78333,-4.9,PPL,candidate consumer or transit catchment,fish|vegetable,GeoNames cities5000 dump; CC BY 4.0,156510,2024-12-02,geolocated national model-support node,"place and coordinate are external records; node role, sink weight and any later flow are model inputs or estimates, not observed shipments",NF_EDFLOW_geolocated_network_expansion_v1_2_0_2026-08-31
GEO_TZA_158160,Tanzania,TZA,Katoro,Katoro,31.93261,-2.99983,PPL,candidate consumer or transit catchment,fish|vegetable,GeoNames cities5000 dump; CC BY 4.0,158160,2024-12-02,geolocated national model-support node,"place and coordinate are external records; node role, sink weight and any later flow are model inputs or estimates, not observed shipments",NF_EDFLOW_geolocated_network_expansion_v1_2_0_2026-08-31
GEO_TZA_148987,Tanzania,TZA,Vikindu,Vikindu,39.29849,-7.00667,PPL,candidate consumer or transit catchment,fish|vegetable,GeoNames cities5000 dump; CC BY 4.0,148987,2024-12-02,geolocated national model-support node,"place and coordinate are external records; node role, sink weight and any later flow are model inputs or estimates, not observed shipments",NF_EDFLOW_geolocated_network_expansion_v1_2_0_2026-08-31
GEO_TZA_156479,Tanzania,TZA,Korogwe,Korogwe,38.48333,-5.15,PPL,candidate consumer or transit catchment,fish|vegetable,GeoNames cities5000 dump; CC BY 4.0,156479,2024-12-02,geolocated national model-support node,"place and coordinate are external records; node role, sink weight and any later flow are model inputs or estimates, not observed shipments",NF_EDFLOW_geolocated_network_expansion_v1_2_0_2026-08-31
GEO_TZA_877998,Tanzania,TZA,Mbinga,Mbinga,35.01667,-10.93333,PPL,candidate consumer or transit catchment,fish|vegetable,GeoNames cities5000 dump; CC BY 4.0,877998,2024-12-02,geolocated national model-support node,"place and coordinate are external records; node role, sink weight and any later flow are model inputs or estimates, not observed shipments",NF_EDFLOW_geolocated_network_expansion_v1_2_0_2026-08-31
GEO_TZA_149027,Tanzania,TZA,Uyovu,Uyovu,31.52583,-3.28333,PPL,candidate consumer or transit catchment,fish|vegetable,GeoNames cities5000 dump; CC BY 4.0,149027,2016-07-26,geolocated national model-support node,"place and coordinate are external records; node role, sink weight and any later flow are model inputs or estimates, not observed shipments",NF_EDFLOW_geolocated_network_expansion_v1_2_0_2026-08-31
GEO_TZA_160833,Tanzania,TZA,Buseresere,Buseresere,31.88542,-3.04877,PPL,candidate consumer or transit catchment,fish|vegetable,GeoNames cities5000 dump; CC BY 4.0,160833,2020-10-13,geolocated national model-support node,"place and coordinate are external records; node role, sink weight and any later flow are model inputs or estimates, not observed shipments",NF_EDFLOW_geolocated_network_expansion_v1_2_0_2026-08-31
GEO_TZA_13132456,Tanzania,TZA,Kibaigwa,Kibaigwa,36.64657,-6.08125,PPL,candidate consumer or transit catchment,fish|vegetable,GeoNames cities5000 dump; CC BY 4.0,13132456,2024-12-02,geolocated national model-support node,"place and coordinate are external records; node role, sink weight and any later flow are model inputs or estimates, not observed shipments",NF_EDFLOW_geolocated_network_expansion_v1_2_0_2026-08-31
GEO_TZA_149072,Tanzania,TZA,Utengule,Utengule,33.33333,-8.9,PPL,candidate consumer or transit catchment,fish|vegetable,GeoNames cities5000 dump; CC BY 4.0,149072,2024-12-02,geolocated national model-support node,"place and coordinate are external records; node role, sink weight and any later flow are model inputs or estimates, not observed shipments",NF_EDFLOW_geolocated_network_expansion_v1_2_0_2026-08-31
GEO_TZA_149437,Tanzania,TZA,Tukuyu,Tukuyu,33.65,-9.25,PPL,candidate consumer or transit catchment,fish|vegetable,GeoNames cities5000 dump; CC BY 4.0,149437,2024-12-02,geolocated national model-support node,"place and coordinate are external records; node role, sink weight and any later flow are model inputs or estimates, not observed shipments",NF_EDFLOW_geolocated_network_expansion_v1_2_0_2026-08-31
GEO_TZA_6640202,Tanzania,TZA,Merelani,Merelani,36.97895,-3.56182,PPL,candidate consumer or transit catchment,fish|vegetable,GeoNames cities5000 dump; CC BY 4.0,6640202,2008-02-03,geolocated national model-support node,"place and coordinate are external records; node role, sink weight and any later flow are model inputs or estimates, not observed shipments",NF_EDFLOW_geolocated_network_expansion_v1_2_0_2026-08-31
GEO_TZA_154654,Tanzania,TZA,Masumbwe,Masumbwe,32.18333,-3.63333,PPL,candidate consumer or transit catchment,fish|vegetable,GeoNames cities5000 dump; CC BY 4.0,154654,2024-12-02,geolocated national model-support node,"place and coordinate are external records; node role, sink weight and any later flow are model inputs or estimates, not observed shipments",NF_EDFLOW_geolocated_network_expansion_v1_2_0_2026-08-31
GEO_TZA_154321,Tanzania,TZA,Mbuguni,Mbuguni,36.95,-3.56667,PPL,candidate consumer or transit catchment,fish|vegetable,GeoNames cities5000 dump; CC BY 4.0,154321,2024-12-02,geolocated national model-support node,"place and coordinate are external records; node role, sink weight and any later flow are model inputs or estimates, not observed shipments",NF_EDFLOW_geolocated_network_expansion_v1_2_0_2026-08-31
GEO_TZA_877378,Tanzania,TZA,Tunduru,Tunduru,37.35,-11.06667,PPL,candidate consumer or transit catchment,fish|vegetable,GeoNames cities5000 dump; CC BY 4.0,877378,2024-12-02,geolocated national model-support node,"place and coordinate are external records; node role, sink weight and any later flow are model inputs or estimates, not observed shipments",NF_EDFLOW_geolocated_network_expansion_v1_2_0_2026-08-31
GEO_TZA_156111,Tanzania,TZA,Kyela,Kyela,33.85,-9.58333,PPL,candidate consumer or transit catchment,fish|vegetable,GeoNames cities5000 dump; CC BY 4.0,156111,2024-12-02,geolocated national model-support node,"place and coordinate are external records; node role, sink weight and any later flow are model inputs or estimates, not observed shipments",NF_EDFLOW_geolocated_network_expansion_v1_2_0_2026-08-31
GEO_TZA_154313,Tanzania,TZA,Mbulu,Mbulu,35.53333,-3.85,PPL,candidate consumer or transit catchment,fish|vegetable,GeoNames cities5000 dump; CC BY 4.0,154313,2024-12-02,geolocated national model-support node,"place and coordinate are external records; node role, sink weight and any later flow are model inputs or estimates, not observed shipments",NF_EDFLOW_geolocated_network_expansion_v1_2_0_2026-08-31
GEO_TZA_13132460,Tanzania,TZA,Mwandege,Mwandege,39.2893,-6.97558,PPL,candidate consumer or transit catchment,fish|vegetable,GeoNames cities5000 dump; CC BY 4.0,13132460,2024-12-02,geolocated national model-support node,"place and coordinate are external records; node role, sink weight and any later flow are model inputs or estimates, not observed shipments",NF_EDFLOW_geolocated_network_expansion_v1_2_0_2026-08-31
GEO_TZA_159242,Tanzania,TZA,Ikwiriri,Ikwiriri,38.97164,-7.95618,PPL,candidate consumer or transit catchment,fish|vegetable,GeoNames cities5000 dump; CC BY 4.0,159242,2024-12-02,geolocated national model-support node,"place and coordinate are external records; node role, sink weight and any later flow are model inputs or estimates, not observed shipments",NF_EDFLOW_geolocated_network_expansion_v1_2_0_2026-08-31
GEO_TZA_159386,Tanzania,TZA,Igunga,Igunga,33.88333,-4.28333,PPL,candidate consumer or transit catchment,fish|vegetable,GeoNames cities5000 dump; CC BY 4.0,159386,2024-12-02,geolocated national model-support node,"place and coordinate are external records; node role, sink weight and any later flow are model inputs or estimates, not observed shipments",NF_EDFLOW_geolocated_network_expansion_v1_2_0_2026-08-31
GEO_TZA_13132454,Tanzania,TZA,Diobahika,Diobahika,31.52344,-3.33907,PPL,candidate consumer or transit catchment,fish|vegetable,GeoNames cities5000 dump; CC BY 4.0,13132454,2024-12-02,geolocated national model-support node,"place and coordinate are external records; node role, sink weight and any later flow are model inputs or estimates, not observed shipments",NF_EDFLOW_geolocated_network_expansion_v1_2_0_2026-08-31
GEO_TZA_151920,Tanzania,TZA,Nansio,Nansio,33.05,-2.13333,PPL,candidate consumer or transit catchment,fish|vegetable,GeoNames cities5000 dump; CC BY 4.0,151920,2024-12-02,geolocated national model-support node,"place and coordinate are external records; node role, sink weight and any later flow are model inputs or estimates, not observed shipments",NF_EDFLOW_geolocated_network_expansion_v1_2_0_2026-08-31
GEO_TZA_150453,Tanzania,TZA,Rujewa,Rujewa,34.38333,-8.7,PPL,candidate consumer or transit catchment,fish|vegetable,GeoNames cities5000 dump; CC BY 4.0,150453,2024-12-02,geolocated national model-support node,"place and coordinate are external records; node role, sink weight and any later flow are model inputs or estimates, not observed shipments",NF_EDFLOW_geolocated_network_expansion_v1_2_0_2026-08-31
GEO_TZA_151986,Tanzania,TZA,Namanyere,Namanyere,31.05,-7.51667,PPL,candidate consumer or transit catchment,fish|vegetable,GeoNames cities5000 dump; CC BY 4.0,151986,2024-12-02,geolocated national model-support node,"place and coordinate are external records; node role, sink weight and any later flow are model inputs or estimates, not observed shipments",NF_EDFLOW_geolocated_network_expansion_v1_2_0_2026-08-31
GEO_TZA_153352,Tanzania,TZA,Mlowo,Mlowo,32.98333,-9.0,PPL,candidate consumer or transit catchment,fish|vegetable,GeoNames cities5000 dump; CC BY 4.0,153352,2024-12-02,geolocated national model-support node,"place and coordinate are external records; node role, sink weight and any later flow are model inputs or estimates, not observed shipments",NF_EDFLOW_geolocated_network_expansion_v1_2_0_2026-08-31
GEO_TZA_154805,Tanzania,TZA,Mapinga,Mapinga,39.06667,-6.6,PPL,candidate consumer or transit catchment,fish|vegetable,GeoNames cities5000 dump; CC BY 4.0,154805,2024-12-02,geolocated national model-support node,"place and coordinate are external records; node role, sink weight and any later flow are model inputs or estimates, not observed shipments",NF_EDFLOW_geolocated_network_expansion_v1_2_0_2026-08-31
GEO_TZA_159909,Tanzania,TZA,Geiro,Geiro,36.86667,-6.15,PPL,candidate consumer or transit catchment,fish|vegetable,GeoNames cities5000 dump; CC BY 4.0,159909,2024-12-02,geolocated national model-support node,"place and coordinate are external records; node role, sink weight and any later flow are model inputs or estimates, not observed shipments",NF_EDFLOW_geolocated_network_expansion_v1_2_0_2026-08-31
GEO_TZA_13132455,Tanzania,TZA,Dumila,Dumila,37.34331,-6.38395,PPL,candidate consumer or transit catchment,fish|vegetable,GeoNames cities5000 dump; CC BY 4.0,13132455,2024-12-02,geolocated national model-support node,"place and coordinate are external records; node role, sink weight and any later flow are model inputs or estimates, not observed shipments",NF_EDFLOW_geolocated_network_expansion_v1_2_0_2026-08-31
GEO_TZA_151567,Tanzania,TZA,Nguruka,Nguruka,31.04194,-5.10917,PPL,candidate consumer or transit catchment,fish|vegetable,GeoNames cities5000 dump; CC BY 4.0,151567,2016-07-26,geolocated national model-support node,"place and coordinate are external records; node role, sink weight and any later flow are model inputs or estimates, not observed shipments",NF_EDFLOW_geolocated_network_expansion_v1_2_0_2026-08-31
GEO_TZA_877532,Tanzania,TZA,Newala Kisimani,Newala Kisimani,39.28333,-10.95,PPL,candidate consumer or transit catchment,fish|vegetable,GeoNames cities5000 dump; CC BY 4.0,877532,2016-07-26,geolocated national model-support node,"place and coordinate are external records; node role, sink weight and any later flow are model inputs or estimates, not observed shipments",NF_EDFLOW_geolocated_network_expansion_v1_2_0_2026-08-31
GEO_TZA_157863,Tanzania,TZA,Kidatu,Kidatu,36.95722,-7.69916,PPL,candidate consumer or transit catchment,fish|vegetable,GeoNames cities5000 dump; CC BY 4.0,157863,2016-07-26,geolocated national model-support node,"place and coordinate are external records; node role, sink weight and any later flow are model inputs or estimates, not observed shipments",NF_EDFLOW_geolocated_network_expansion_v1_2_0_2026-08-31
GEO_TZA_161100,Tanzania,TZA,Boma la Ngombe,Boma la Ngombe,37.15,-3.33333,PPL,candidate consumer or transit catchment,fish|vegetable,GeoNames cities5000 dump; CC BY 4.0,161100,2024-12-02,geolocated national model-support node,"place and coordinate are external records; node role, sink weight and any later flow are model inputs or estimates, not observed shipments",NF_EDFLOW_geolocated_network_expansion_v1_2_0_2026-08-31
GEO_TZA_158253,Tanzania,TZA,Kassambya,Kassambya,31.45,-1.2,PPL,candidate consumer or transit catchment,fish|vegetable,GeoNames cities5000 dump; CC BY 4.0,158253,2026-08-24,geolocated national model-support node,"place and coordinate are external records; node role, sink weight and any later flow are model inputs or estimates, not observed shipments",NF_EDFLOW_geolocated_network_expansion_v1_2_0_2026-08-31
GEO_TZA_157826,Tanzania,TZA,Kidodi,Kidodi,37.00438,-7.60361,PPL,candidate consumer or transit catchment,fish|vegetable,GeoNames cities5000 dump; CC BY 4.0,157826,2016-07-26,geolocated national model-support node,"place and coordinate are external records; node role, sink weight and any later flow are model inputs or estimates, not observed shipments",NF_EDFLOW_geolocated_network_expansion_v1_2_0_2026-08-31
GEO_TZA_153759,Tanzania,TZA,Misungwi,Misungwi,33.08333,-2.85,PPL,candidate consumer or transit catchment,fish|vegetable,GeoNames cities5000 dump; CC BY 4.0,153759,2016-07-26,geolocated national model-support node,"place and coordinate are external records; node role, sink weight and any later flow are model inputs or estimates, not observed shipments",NF_EDFLOW_geolocated_network_expansion_v1_2_0_2026-08-31
GEO_TZA_8549456,Tanzania,TZA,Magu,Magu,33.44619,-2.59075,PPL,candidate consumer or transit catchment,fish|vegetable,GeoNames cities5000 dump; CC BY 4.0,8549456,2024-12-02,geolocated national model-support node,"place and coordinate are external records; node role, sink weight and any later flow are model inputs or estimates, not observed shipments",NF_EDFLOW_geolocated_network_expansion_v1_2_0_2026-08-31
GEO_TZA_153384,Tanzania,TZA,Mlimba,Mlimba,35.81667,-8.8,PPL,candidate consumer or transit catchment,fish|vegetable,GeoNames cities5000 dump; CC BY 4.0,153384,2026-08-30,geolocated national model-support node,"place and coordinate are external records; node role, sink weight and any later flow are model inputs or estimates, not observed shipments",NF_EDFLOW_geolocated_network_expansion_v1_2_0_2026-08-31
GEO_TZA_155405,Tanzania,TZA,Mafinga,Mafinga,35.06667,-7.25,PPL,candidate consumer or transit catchment,fish|vegetable,GeoNames cities5000 dump; CC BY 4.0,155405,2018-12-04,geolocated national model-support node,"place and coordinate are external records; node role, sink weight and any later flow are model inputs or estimates, not observed shipments",NF_EDFLOW_geolocated_network_expansion_v1_2_0_2026-08-31
GEO_TZA_877534,Tanzania,TZA,Newala,Newala,39.3,-10.93333,PPL,candidate consumer or transit catchment,fish|vegetable,GeoNames cities5000 dump; CC BY 4.0,877534,2024-12-02,geolocated national model-support node,"place and coordinate are external records; node role, sink weight and any later flow are model inputs or estimates, not observed shipments",NF_EDFLOW_geolocated_network_expansion_v1_2_0_2026-08-31
GEO_TZA_160660,Tanzania,TZA,Chalinze,Chalinze,38.35396,-6.63784,PPL,candidate consumer or transit catchment,fish|vegetable,GeoNames cities5000 dump; CC BY 4.0,160660,2016-07-26,geolocated national model-support node,"place and coordinate are external records; node role, sink weight and any later flow are model inputs or estimates, not observed shipments",NF_EDFLOW_geolocated_network_expansion_v1_2_0_2026-08-31
GEO_TZA_150276,Tanzania,TZA,Same,Same,37.73333,-4.06667,PPL,candidate consumer or transit catchment,fish|vegetable,GeoNames cities5000 dump; CC BY 4.0,150276,2024-12-02,geolocated national model-support node,"place and coordinate are external records; node role, sink weight and any later flow are model inputs or estimates, not observed shipments",NF_EDFLOW_geolocated_network_expansion_v1_2_0_2026-08-31
GEO_TZA_161154,Tanzania,TZA,Biharamulo,Biharamulo,31.30889,-2.63194,PPL,candidate consumer or transit catchment,fish|vegetable,GeoNames cities5000 dump; CC BY 4.0,161154,2016-07-26,geolocated national model-support node,"place and coordinate are external records; node role, sink weight and any later flow are model inputs or estimates, not observed shipments",NF_EDFLOW_geolocated_network_expansion_v1_2_0_2026-08-31
GEO_TZA_155569,Tanzania,TZA,Lushoto,Lushoto,38.28333,-4.78333,PPL,candidate consumer or transit catchment,fish|vegetable,GeoNames cities5000 dump; CC BY 4.0,155569,2024-12-02,geolocated national model-support node,"place and coordinate are external records; node role, sink weight and any later flow are model inputs or estimates, not observed shipments",NF_EDFLOW_geolocated_network_expansion_v1_2_0_2026-08-31
GEO_TZA_149792,Tanzania,TZA,Somanda,Somanda,33.95,-3.36667,PPL,candidate consumer or transit catchment,fish|vegetable,GeoNames cities5000 dump; CC BY 4.0,149792,2016-07-26,geolocated national model-support node,"place and coordinate are external records; node role, sink weight and any later flow are model inputs or estimates, not observed shipments",NF_EDFLOW_geolocated_network_expansion_v1_2_0_2026-08-31
GEO_TZA_157107,Tanzania,TZA,Kirando,Kirando,30.6,-7.41667,PPL,candidate consumer or transit catchment,fish|vegetable,GeoNames cities5000 dump; CC BY 4.0,157107,2018-12-04,geolocated national model-support node,"place and coordinate are external records; node role, sink weight and any later flow are model inputs or estimates, not observed shipments",NF_EDFLOW_geolocated_network_expansion_v1_2_0_2026-08-31
GEO_TZA_149418,Tanzania,TZA,Tumbi,Tumbi,32.73333,-5.06667,PPL,candidate consumer or transit catchment,fish|vegetable,GeoNames cities5000 dump; CC BY 4.0,149418,2016-07-26,geolocated national model-support node,"place and coordinate are external records; node role, sink weight and any later flow are model inputs or estimates, not observed shipments",NF_EDFLOW_geolocated_network_expansion_v1_2_0_2026-08-31
GEO_TZA_161023,Tanzania,TZA,Bugarama,Bugarama,30.52806,-2.87056,PPL,candidate consumer or transit catchment,fish|vegetable,GeoNames cities5000 dump; CC BY 4.0,161023,2018-12-04,geolocated national model-support node,"place and coordinate are external records; node role, sink weight and any later flow are model inputs or estimates, not observed shipments",NF_EDFLOW_geolocated_network_expansion_v1_2_0_2026-08-31
GEO_TZA_151599,Tanzania,TZA,Ngudu,Ngudu,33.33333,-2.96667,PPL,candidate consumer or transit catchment,fish|vegetable,GeoNames cities5000 dump; CC BY 4.0,151599,2024-12-02,geolocated national model-support node,"place and coordinate are external records; node role, sink weight and any later flow are model inputs or estimates, not observed shipments",NF_EDFLOW_geolocated_network_expansion_v1_2_0_2026-08-31
GEO_TZA_149172,Tanzania,TZA,Urambo,Urambo,32.05,-5.06667,PPL,candidate consumer or transit catchment,fish|vegetable,GeoNames cities5000 dump; CC BY 4.0,149172,2024-12-02,geolocated national model-support node,"place and coordinate are external records; node role, sink weight and any later flow are model inputs or estimates, not observed shipments",NF_EDFLOW_geolocated_network_expansion_v1_2_0_2026-08-31
GEO_TZA_152403,Tanzania,TZA,Mvomero,Mvomero,38.66667,-6.25,PPL,candidate consumer or transit catchment,fish|vegetable,GeoNames cities5000 dump; CC BY 4.0,152403,2018-12-04,geolocated national model-support node,"place and coordinate are external records; node role, sink weight and any later flow are model inputs or estimates, not observed shipments",NF_EDFLOW_geolocated_network_expansion_v1_2_0_2026-08-31
GEO_TZA_160592,Tanzania,TZA,Chanika,Chanika,38.01667,-5.41667,PPL,candidate consumer or transit catchment,fish|vegetable,GeoNames cities5000 dump; CC BY 4.0,160592,2018-12-04,geolocated national model-support node,"place and coordinate are external records; node role, sink weight and any later flow are model inputs or estimates, not observed shipments",NF_EDFLOW_geolocated_network_expansion_v1_2_0_2026-08-31
GEO_TZA_7284275,Tanzania,TZA,Nungwi,Nungwi,39.2987,-5.72651,PPL,candidate consumer or transit catchment,fish|vegetable,GeoNames cities5000 dump; CC BY 4.0,7284275,2024-12-02,geolocated national model-support node,"place and coordinate are external records; node role, sink weight and any later flow are model inputs or estimates, not observed shipments",NF_EDFLOW_geolocated_network_expansion_v1_2_0_2026-08-31
GEO_TZA_154987,Tanzania,TZA,Mambali,Mambali,32.68333,-4.55,PPL,candidate consumer or transit catchment,fish|vegetable,GeoNames cities5000 dump; CC BY 4.0,154987,2026-08-24,geolocated national model-support node,"place and coordinate are external records; node role, sink weight and any later flow are model inputs or estimates, not observed shipments",NF_EDFLOW_geolocated_network_expansion_v1_2_0_2026-08-31
GEO_TZA_157977,Tanzania,TZA,Kibiti,Kibiti,38.93749,-7.72178,PPL,candidate consumer or transit catchment,fish|vegetable,GeoNames cities5000 dump; CC BY 4.0,157977,2016-07-26,geolocated national model-support node,"place and coordinate are external records; node role, sink weight and any later flow are model inputs or estimates, not observed shipments",NF_EDFLOW_geolocated_network_expansion_v1_2_0_2026-08-31
GEO_TZA_153094,Tanzania,TZA,Mpwapwa,Mpwapwa,36.48333,-6.35,PPL,candidate consumer or transit catchment,fish|vegetable,GeoNames cities5000 dump; CC BY 4.0,153094,2024-12-02,geolocated national model-support node,"place and coordinate are external records; node role, sink weight and any later flow are model inputs or estimates, not observed shipments",NF_EDFLOW_geolocated_network_expansion_v1_2_0_2026-08-31
GEO_TZA_156973,Tanzania,TZA,Kisesa,Kisesa,33.03333,-2.55,PPL,candidate consumer or transit catchment,fish|vegetable,GeoNames cities5000 dump; CC BY 4.0,156973,2024-12-02,geolocated national model-support node,"place and coordinate are external records; node role, sink weight and any later flow are model inputs or estimates, not observed shipments",NF_EDFLOW_geolocated_network_expansion_v1_2_0_2026-08-31
GEO_TZA_160552,Tanzania,TZA,Chato,Chato,31.76694,-2.63778,PPL,candidate consumer or transit catchment,fish|vegetable,GeoNames cities5000 dump; CC BY 4.0,160552,2024-12-02,geolocated national model-support node,"place and coordinate are external records; node role, sink weight and any later flow are model inputs or estimates, not observed shipments",NF_EDFLOW_geolocated_network_expansion_v1_2_0_2026-08-31
GEO_TZA_156974,Tanzania,TZA,Kisesa,Kisesa,34.15,-3.08333,PPL,candidate consumer or transit catchment,fish|vegetable,GeoNames cities5000 dump; CC BY 4.0,156974,2018-07-04,geolocated national model-support node,"place and coordinate are external records; node role, sink weight and any later flow are model inputs or estimates, not observed shipments",NF_EDFLOW_geolocated_network_expansion_v1_2_0_2026-08-31
GEO_TZA_878195,Tanzania,TZA,Lukuledi,Lukuledi,38.8,-10.56667,PPL,candidate consumer or transit catchment,fish|vegetable,GeoNames cities5000 dump; CC BY 4.0,878195,2018-12-04,geolocated national model-support node,"place and coordinate are external records; node role, sink weight and any later flow are model inputs or estimates, not observed shipments",NF_EDFLOW_geolocated_network_expansion_v1_2_0_2026-08-31
GEO_TZA_153412,Tanzania,TZA,Mlandizi,Mlandizi,38.73333,-6.7,PPL,candidate consumer or transit catchment,fish|vegetable,GeoNames cities5000 dump; CC BY 4.0,153412,2018-12-04,geolocated national model-support node,"place and coordinate are external records; node role, sink weight and any later flow are model inputs or estimates, not observed shipments",NF_EDFLOW_geolocated_network_expansion_v1_2_0_2026-08-31
GEO_TZA_159179,Tanzania,TZA,Ilula,Ilula,36.03658,-7.6766,PPL,candidate consumer or transit catchment,fish|vegetable,GeoNames cities5000 dump; CC BY 4.0,159179,2016-07-26,geolocated national model-support node,"place and coordinate are external records; node role, sink weight and any later flow are model inputs or estimates, not observed shipments",NF_EDFLOW_geolocated_network_expansion_v1_2_0_2026-08-31
GEO_TZA_152663,Tanzania,TZA,Mugumu,Mugumu,34.7,-1.85,PPL,candidate consumer or transit catchment,fish|vegetable,GeoNames cities5000 dump; CC BY 4.0,152663,2024-12-02,geolocated national model-support node,"place and coordinate are external records; node role, sink weight and any later flow are model inputs or estimates, not observed shipments",NF_EDFLOW_geolocated_network_expansion_v1_2_0_2026-08-31
GEO_TZA_157960,Tanzania,TZA,Kibondo,Kibondo,30.72028,-3.58639,PPL,candidate consumer or transit catchment,fish|vegetable,GeoNames cities5000 dump; CC BY 4.0,157960,2018-12-04,geolocated national model-support node,"place and coordinate are external records; node role, sink weight and any later flow are model inputs or estimates, not observed shipments",NF_EDFLOW_geolocated_network_expansion_v1_2_0_2026-08-31
GEO_TZA_153482,Tanzania,TZA,Mkuranga,Mkuranga,39.20782,-7.11799,PPL,candidate consumer or transit catchment,fish|vegetable,GeoNames cities5000 dump; CC BY 4.0,153482,2016-07-26,geolocated national model-support node,"place and coordinate are external records; node role, sink weight and any later flow are model inputs or estimates, not observed shipments",NF_EDFLOW_geolocated_network_expansion_v1_2_0_2026-08-31
GEO_TZA_150044,Tanzania,TZA,Shanwa,Shanwa,33.76667,-3.16667,PPL,candidate consumer or transit catchment,fish|vegetable,GeoNames cities5000 dump; CC BY 4.0,150044,2024-12-02,geolocated national model-support node,"place and coordinate are external records; node role, sink weight and any later flow are model inputs or estimates, not observed shipments",NF_EDFLOW_geolocated_network_expansion_v1_2_0_2026-08-31
GEO_TZA_160877,Tanzania,TZA,Bungu,Bungu,39.05818,-7.63369,PPL,candidate consumer or transit catchment,fish|vegetable,GeoNames cities5000 dump; CC BY 4.0,160877,2016-07-26,geolocated national model-support node,"place and coordinate are external records; node role, sink weight and any later flow are model inputs or estimates, not observed shipments",NF_EDFLOW_geolocated_network_expansion_v1_2_0_2026-08-31
GEO_TZA_158289,Tanzania,TZA,Kasamwa,Kasamwa,32.43333,-2.85,PPL,candidate consumer or transit catchment,fish|vegetable,GeoNames cities5000 dump; CC BY 4.0,158289,2016-07-26,geolocated national model-support node,"place and coordinate are external records; node role, sink weight and any later flow are model inputs or estimates, not observed shipments",NF_EDFLOW_geolocated_network_expansion_v1_2_0_2026-08-31
GEO_TZA_149929,Tanzania,TZA,Sikonge,Sikonge,32.76667,-5.63333,PPL,candidate consumer or transit catchment,fish|vegetable,GeoNames cities5000 dump; CC BY 4.0,149929,2016-07-26,geolocated national model-support node,"place and coordinate are external records; node role, sink weight and any later flow are model inputs or estimates, not observed shipments",NF_EDFLOW_geolocated_network_expansion_v1_2_0_2026-08-31
GEO_TZA_155016,Tanzania,TZA,Malinyi,Malinyi,36.13333,-8.93333,PPL,candidate consumer or transit catchment,fish|vegetable,GeoNames cities5000 dump; CC BY 4.0,155016,2018-12-04,geolocated national model-support node,"place and coordinate are external records; node role, sink weight and any later flow are model inputs or estimates, not observed shipments",NF_EDFLOW_geolocated_network_expansion_v1_2_0_2026-08-31
GEO_TZA_152781,Tanzania,TZA,Mtinko,Mtinko,34.85,-4.55,PPL,candidate consumer or transit catchment,fish|vegetable,GeoNames cities5000 dump; CC BY 4.0,152781,2016-07-26,geolocated national model-support node,"place and coordinate are external records; node role, sink weight and any later flow are model inputs or estimates, not observed shipments",NF_EDFLOW_geolocated_network_expansion_v1_2_0_2026-08-31
GEO_TZA_9256290,Tanzania,TZA,Mutukula,Mutukula,31.415,-1.00111,PPL,candidate consumer or transit catchment,fish|vegetable,GeoNames cities5000 dump; CC BY 4.0,9256290,2026-08-24,geolocated national model-support node,"place and coordinate are external records; node role, sink weight and any later flow are model inputs or estimates, not observed shipments",NF_EDFLOW_geolocated_network_expansion_v1_2_0_2026-08-31
GEO_TZA_154780,Tanzania,TZA,Maramba,Maramba,38.61667,-5.05,PPL,candidate consumer or transit catchment,fish|vegetable,GeoNames cities5000 dump; CC BY 4.0,154780,2018-12-04,geolocated national model-support node,"place and coordinate are external records; node role, sink weight and any later flow are model inputs or estimates, not observed shipments",NF_EDFLOW_geolocated_network_expansion_v1_2_0_2026-08-31
GEO_TZA_389505,Tanzania,TZA,Kakunyu,Kakunyu,30.94139,-1.00611,PPL,candidate consumer or transit catchment,fish|vegetable,GeoNames cities5000 dump; CC BY 4.0,389505,2026-08-24,geolocated national model-support node,"place and coordinate are external records; node role, sink weight and any later flow are model inputs or estimates, not observed shipments",NF_EDFLOW_geolocated_network_expansion_v1_2_0_2026-08-31
GEO_TZA_155310,Tanzania,TZA,Magugu,Magugu,35.76667,-4.01667,PPL,candidate consumer or transit catchment,fish|vegetable,GeoNames cities5000 dump; CC BY 4.0,155310,2016-07-26,geolocated national model-support node,"place and coordinate are external records; node role, sink weight and any later flow are model inputs or estimates, not observed shipments",NF_EDFLOW_geolocated_network_expansion_v1_2_0_2026-08-31
GEO_TZA_154551,Tanzania,TZA,Matundasi,Matundasi,33.28333,-8.45,PPL,candidate consumer or transit catchment,fish|vegetable,GeoNames cities5000 dump; CC BY 4.0,154551,2024-12-02,geolocated national model-support node,"place and coordinate are external records; node role, sink weight and any later flow are model inputs or estimates, not observed shipments",NF_EDFLOW_geolocated_network_expansion_v1_2_0_2026-08-31
GEO_TZA_149812,Tanzania,TZA,Sokoni,Sokoni,39.55,-6.43333,PPL,candidate consumer or transit catchment,fish|vegetable,GeoNames cities5000 dump; CC BY 4.0,149812,2016-07-26,geolocated national model-support node,"place and coordinate are external records; node role, sink weight and any later flow are model inputs or estimates, not observed shipments",NF_EDFLOW_geolocated_network_expansion_v1_2_0_2026-08-31
GEO_TZA_150099,Tanzania,TZA,Sepuka,Sepuka,34.53333,-4.75,PPL,candidate consumer or transit catchment,fish|vegetable,GeoNames cities5000 dump; CC BY 4.0,150099,2016-07-26,geolocated national model-support node,"place and coordinate are external records; node role, sink weight and any later flow are model inputs or estimates, not observed shipments",NF_EDFLOW_geolocated_network_expansion_v1_2_0_2026-08-31
GEO_TZA_878223,Tanzania,TZA,Luchingu,Luchingu,39.33333,-10.9,PPL,candidate consumer or transit catchment,fish|vegetable,GeoNames cities5000 dump; CC BY 4.0,878223,2018-12-04,geolocated national model-support node,"place and coordinate are external records; node role, sink weight and any later flow are model inputs or estimates, not observed shipments",NF_EDFLOW_geolocated_network_expansion_v1_2_0_2026-08-31
GEO_TZA_149854,Tanzania,TZA,Sirari,Sirari,34.47596,-1.25367,PPL,candidate consumer or transit catchment,fish|vegetable,GeoNames cities5000 dump; CC BY 4.0,149854,2024-12-02,geolocated national model-support node,"place and coordinate are external records; node role, sink weight and any later flow are model inputs or estimates, not observed shipments",NF_EDFLOW_geolocated_network_expansion_v1_2_0_2026-08-31
GEO_TZA_8549608,Tanzania,TZA,Mhalamba,Mhalamba,32.00991,-2.5812,PPL,candidate consumer or transit catchment,fish|vegetable,GeoNames cities5000 dump; CC BY 4.0,8549608,2024-12-02,geolocated national model-support node,"place and coordinate are external records; node role, sink weight and any later flow are model inputs or estimates, not observed shipments",NF_EDFLOW_geolocated_network_expansion_v1_2_0_2026-08-31
GEO_TZA_154837,Tanzania,TZA,Manyoni,Manyoni,34.83333,-5.75,PPL,candidate consumer or transit catchment,fish|vegetable,GeoNames cities5000 dump; CC BY 4.0,154837,2024-12-02,geolocated national model-support node,"place and coordinate are external records; node role, sink weight and any later flow are model inputs or estimates, not observed shipments",NF_EDFLOW_geolocated_network_expansion_v1_2_0_2026-08-31
GEO_TZA_155921,Tanzania,TZA,Liwale,Liwale,37.93333,-9.76667,PPL,candidate consumer or transit catchment,fish|vegetable,GeoNames cities5000 dump; CC BY 4.0,155921,2024-12-02,geolocated national model-support node,"place and coordinate are external records; node role, sink weight and any later flow are model inputs or estimates, not observed shipments",NF_EDFLOW_geolocated_network_expansion_v1_2_0_2026-08-31
GEO_TZA_159380,Tanzania,TZA,Igurusi,Igurusi,33.85,-8.85,PPL,candidate consumer or transit catchment,fish|vegetable,GeoNames cities5000 dump; CC BY 4.0,159380,2022-01-11,geolocated national model-support node,"place and coordinate are external records; node role, sink weight and any later flow are model inputs or estimates, not observed shipments",NF_EDFLOW_geolocated_network_expansion_v1_2_0_2026-08-31
GEO_TZA_150037,Tanzania,TZA,Shelui,Shelui,34.2,-4.36667,PPL,candidate consumer or transit catchment,fish|vegetable,GeoNames cities5000 dump; CC BY 4.0,150037,2016-07-26,geolocated national model-support node,"place and coordinate are external records; node role, sink weight and any later flow are model inputs or estimates, not observed shipments",NF_EDFLOW_geolocated_network_expansion_v1_2_0_2026-08-31
GEO_TZA_160464,Tanzania,TZA,Chimala,Chimala,34.02393,-8.85637,PPL,candidate consumer or transit catchment,fish|vegetable,GeoNames cities5000 dump; CC BY 4.0,160464,2016-07-26,geolocated national model-support node,"place and coordinate are external records; node role, sink weight and any later flow are model inputs or estimates, not observed shipments",NF_EDFLOW_geolocated_network_expansion_v1_2_0_2026-08-31
GEO_TZA_158563,Tanzania,TZA,Kakonko,Kakonko,30.96417,-3.28278,PPL,candidate consumer or transit catchment,fish|vegetable,GeoNames cities5000 dump; CC BY 4.0,158563,2016-07-26,geolocated national model-support node,"place and coordinate are external records; node role, sink weight and any later flow are model inputs or estimates, not observed shipments",NF_EDFLOW_geolocated_network_expansion_v1_2_0_2026-08-31
GEO_TZA_149050,Tanzania,TZA,Uvinza,Uvinza,30.39111,-5.10361,PPL,candidate consumer or transit catchment,fish|vegetable,GeoNames cities5000 dump; CC BY 4.0,149050,2022-06-22,geolocated national model-support node,"place and coordinate are external records; node role, sink weight and any later flow are model inputs or estimates, not observed shipments",NF_EDFLOW_geolocated_network_expansion_v1_2_0_2026-08-31
GEO_TZA_151211,Tanzania,TZA,Nyalikungu,Nyalikungu,33.78333,-3.18333,PPL,candidate consumer or transit catchment,fish|vegetable,GeoNames cities5000 dump; CC BY 4.0,151211,2016-07-26,geolocated national model-support node,"place and coordinate are external records; node role, sink weight and any later flow are model inputs or estimates, not observed shipments",NF_EDFLOW_geolocated_network_expansion_v1_2_0_2026-08-31
GEO_TZA_154638,Tanzania,TZA,Matai,Matai,31.51667,-8.3,PPL,candidate consumer or transit catchment,fish|vegetable,GeoNames cities5000 dump; CC BY 4.0,154638,2018-12-04,geolocated national model-support node,"place and coordinate are external records; node role, sink weight and any later flow are model inputs or estimates, not observed shipments",NF_EDFLOW_geolocated_network_expansion_v1_2_0_2026-08-31
GEO_TZA_13132462,Tanzania,TZA,Ruaha,Ruaha,36.98299,-7.65685,PPL,candidate consumer or transit catchment,fish|vegetable,GeoNames cities5000 dump; CC BY 4.0,13132462,2024-12-02,geolocated national model-support node,"place and coordinate are external records; node role, sink weight and any later flow are model inputs or estimates, not observed shipments",NF_EDFLOW_geolocated_network_expansion_v1_2_0_2026-08-31
GEO_TZA_158904,Tanzania,TZA,Itigi,Itigi,34.48333,-5.7,PPL,candidate consumer or transit catchment,fish|vegetable,GeoNames cities5000 dump; CC BY 4.0,158904,2024-12-02,geolocated national model-support node,"place and coordinate are external records; node role, sink weight and any later flow are model inputs or estimates, not observed shipments",NF_EDFLOW_geolocated_network_expansion_v1_2_0_2026-08-31
GEO_TZA_155125,Tanzania,TZA,Makongolosi,Makongolosi,33.15,-8.4,PPL,candidate consumer or transit catchment,fish|vegetable,GeoNames cities5000 dump; CC BY 4.0,155125,2024-12-02,geolocated national model-support node,"place and coordinate are external records; node role, sink weight and any later flow are model inputs or estimates, not observed shipments",NF_EDFLOW_geolocated_network_expansion_v1_2_0_2026-08-31
GEO_TZA_150885,Tanzania,TZA,Old Shinyanga,Old Shinyanga,33.4,-3.55,PPL,candidate consumer or transit catchment,fish|vegetable,GeoNames cities5000 dump; CC BY 4.0,150885,2016-07-26,geolocated national model-support node,"place and coordinate are external records; node role, sink weight and any later flow are model inputs or estimates, not observed shipments",NF_EDFLOW_geolocated_network_expansion_v1_2_0_2026-08-31
GEO_UGA_232422,Uganda,UGA,Kampala,Kampala,32.58219,0.31628,PPLC,major national hub,fish|vegetable,GeoNames cities5000 dump; CC BY 4.0,232422,2025-12-14,geolocated national model-support node,"place and coordinate are external records; node role, sink weight and any later flow are model inputs or estimates, not observed shipments",NF_EDFLOW_geolocated_network_expansion_v1_2_0_2026-08-31
GEO_UGA_229268,Uganda,UGA,Mbarara,Mbarara,30.64851,-0.60467,PPLA,major national hub,fish|vegetable,GeoNames cities5000 dump; CC BY 4.0,229268,2026-04-14,geolocated national model-support node,"place and coordinate are external records; node role, sink weight and any later flow are model inputs or estimates, not observed shipments",NF_EDFLOW_geolocated_network_expansion_v1_2_0_2026-08-31
GEO_UGA_228853,Uganda,UGA,Mukono,Mukono,32.75528,0.35333,PPLA2,major national hub,fish|vegetable,GeoNames cities5000 dump; CC BY 4.0,228853,2024-12-02,geolocated national model-support node,"place and coordinate are external records; node role, sink weight and any later flow are model inputs or estimates, not observed shipments",NF_EDFLOW_geolocated_network_expansion_v1_2_0_2026-08-31
GEO_UGA_233346,Uganda,UGA,Gulu,Gulu,32.29899,2.77457,PPLA,major national hub,fish|vegetable,GeoNames cities5000 dump; CC BY 4.0,233346,2026-04-14,geolocated national model-support node,"place and coordinate are external records; node role, sink weight and any later flow are model inputs or estimates, not observed shipments",NF_EDFLOW_geolocated_network_expansion_v1_2_0_2026-08-31
GEO_UGA_233312,Uganda,UGA,Hoima,Hoima,31.35241,1.43314,PPLA2,major national hub,fish|vegetable,GeoNames cities5000 dump; CC BY 4.0,233312,2024-12-02,geolocated national model-support node,"place and coordinate are external records; node role, sink weight and any later flow are model inputs or estimates, not observed shipments",NF_EDFLOW_geolocated_network_expansion_v1_2_0_2026-08-31
GEO_UGA_228971,Uganda,UGA,Mubende,Mubende,31.39489,0.55849,PPLA2,candidate consumer or transit catchment,fish|vegetable,GeoNames cities5000 dump; CC BY 4.0,228971,2024-12-02,geolocated national model-support node,"place and coordinate are external records; node role, sink weight and any later flow are model inputs or estimates, not observed shipments",NF_EDFLOW_geolocated_network_expansion_v1_2_0_2026-08-31
GEO_UGA_230166,Uganda,UGA,Lira,Lira,32.89985,2.2499,PPLA2,candidate consumer or transit catchment,fish|vegetable,GeoNames cities5000 dump; CC BY 4.0,230166,2016-06-22,geolocated national model-support node,"place and coordinate are external records; node role, sink weight and any later flow are model inputs or estimates, not observed shipments",NF_EDFLOW_geolocated_network_expansion_v1_2_0_2026-08-31
GEO_UGA_233299,Uganda,UGA,Ibanda,Ibanda,30.49616,-0.13398,PPLA2,candidate consumer or transit catchment,fish|vegetable,GeoNames cities5000 dump; CC BY 4.0,233299,2024-12-02,geolocated national model-support node,"place and coordinate are external records; node role, sink weight and any later flow are model inputs or estimates, not observed shipments",NF_EDFLOW_geolocated_network_expansion_v1_2_0_2026-08-31
GEO_UGA_229380,Uganda,UGA,Masaka,Masaka,31.73409,-0.33379,PPLA2,candidate consumer or transit catchment,fish|vegetable,GeoNames cities5000 dump; CC BY 4.0,229380,2024-12-02,geolocated national model-support node,"place and coordinate are external records; node role, sink weight and any later flow are model inputs or estimates, not observed shipments",NF_EDFLOW_geolocated_network_expansion_v1_2_0_2026-08-31
GEO_UGA_232066,Uganda,UGA,Kasese,Kasese,30.08333,0.18333,PPLA2,candidate consumer or transit catchment,fish|vegetable,GeoNames cities5000 dump; CC BY 4.0,232066,2024-12-02,geolocated national model-support node,"place and coordinate are external records; node role, sink weight and any later flow are model inputs or estimates, not observed shipments",NF_EDFLOW_geolocated_network_expansion_v1_2_0_2026-08-31
GEO_UGA_229278,Uganda,UGA,Mbale,Mbale,34.17503,1.08209,PPLA2,candidate consumer or transit catchment,fish|vegetable,GeoNames cities5000 dump; CC BY 4.0,229278,2024-12-02,geolocated national model-support node,"place and coordinate are external records; node role, sink weight and any later flow are model inputs or estimates, not observed shipments",NF_EDFLOW_geolocated_network_expansion_v1_2_0_2026-08-31
GEO_UGA_229362,Uganda,UGA,Masindi,Masindi,31.715,1.67444,PPLA2,candidate consumer or transit catchment,fish|vegetable,GeoNames cities5000 dump; CC BY 4.0,229362,2024-12-02,geolocated national model-support node,"place and coordinate are external records; node role, sink weight and any later flow are model inputs or estimates, not observed shipments",NF_EDFLOW_geolocated_network_expansion_v1_2_0_2026-08-31
GEO_UGA_229139,Uganda,UGA,Mityana,Mityana,32.02278,0.4175,PPLA2,candidate consumer or transit catchment,fish|vegetable,GeoNames cities5000 dump; CC BY 4.0,229139,2024-12-02,geolocated national model-support node,"place and coordinate are external records; node role, sink weight and any later flow are model inputs or estimates, not observed shipments",NF_EDFLOW_geolocated_network_expansion_v1_2_0_2026-08-31
GEO_UGA_233114,Uganda,UGA,Jinja,Jinja,33.20317,0.43902,PPLA,candidate consumer or transit catchment,fish|vegetable,GeoNames cities5000 dump; CC BY 4.0,233114,2026-04-14,geolocated national model-support node,"place and coordinate are external records; node role, sink weight and any later flow are model inputs or estimates, not observed shipments",NF_EDFLOW_geolocated_network_expansion_v1_2_0_2026-08-31
GEO_UGA_225964,Uganda,UGA,Wakiso,Wakiso,32.45944,0.40444,PPLA2,candidate consumer or transit catchment,fish|vegetable,GeoNames cities5000 dump; CC BY 4.0,225964,2024-12-02,geolocated national model-support node,"place and coordinate are external records; node role, sink weight and any later flow are model inputs or estimates, not observed shipments",NF_EDFLOW_geolocated_network_expansion_v1_2_0_2026-08-31
GEO_UGA_230617,Uganda,UGA,Kotido,Kotido,34.13306,2.98056,PPLA2,candidate consumer or transit catchment,fish|vegetable,GeoNames cities5000 dump; CC BY 4.0,230617,2024-12-02,geolocated national model-support node,"place and coordinate are external records; node role, sink weight and any later flow are model inputs or estimates, not observed shipments",NF_EDFLOW_geolocated_network_expansion_v1_2_0_2026-08-31
GEO_UGA_235039,Uganda,UGA,Arua,Arua,30.91105,3.02013,PPLA2,candidate consumer or transit catchment,fish|vegetable,GeoNames cities5000 dump; CC BY 4.0,235039,2024-12-02,geolocated national model-support node,"place and coordinate are external records; node role, sink weight and any later flow are model inputs or estimates, not observed shipments",NF_EDFLOW_geolocated_network_expansion_v1_2_0_2026-08-31
GEO_UGA_232397,Uganda,UGA,Kamuli,Kamuli,33.11972,0.94722,PPLA2,candidate consumer or transit catchment,fish|vegetable,GeoNames cities5000 dump; CC BY 4.0,232397,2024-12-02,geolocated national model-support node,"place and coordinate are external records; node role, sink weight and any later flow are model inputs or estimates, not observed shipments",NF_EDFLOW_geolocated_network_expansion_v1_2_0_2026-08-31
GEO_UGA_235130,Uganda,UGA,Apac,Apac,32.53861,1.97556,PPLA2,candidate consumer or transit catchment,fish|vegetable,GeoNames cities5000 dump; CC BY 4.0,235130,2022-12-03,geolocated national model-support node,"place and coordinate are external records; node role, sink weight and any later flow are model inputs or estimates, not observed shipments",NF_EDFLOW_geolocated_network_expansion_v1_2_0_2026-08-31
GEO_UGA_233275,Uganda,UGA,Iganga,Iganga,33.46861,0.60917,PPLA2,candidate consumer or transit catchment,fish|vegetable,GeoNames cities5000 dump; CC BY 4.0,233275,2024-12-02,geolocated national model-support node,"place and coordinate are external records; node role, sink weight and any later flow are model inputs or estimates, not observed shipments",NF_EDFLOW_geolocated_network_expansion_v1_2_0_2026-08-31
GEO_UGA_234077,Uganda,UGA,Busia,Busia,34.09221,0.46588,PPLA2,candidate consumer or transit catchment,fish|vegetable,GeoNames cities5000 dump; CC BY 4.0,234077,2024-12-02,geolocated national model-support node,"place and coordinate are external records; node role, sink weight and any later flow are model inputs or estimates, not observed shipments",NF_EDFLOW_geolocated_network_expansion_v1_2_0_2026-08-31
GEO_UGA_230725,Uganda,UGA,Koboko,Koboko,30.95994,3.41364,PPLA2,candidate consumer or transit catchment,fish|vegetable,GeoNames cities5000 dump; CC BY 4.0,230725,2024-12-02,geolocated national model-support node,"place and coordinate are external records; node role, sink weight and any later flow are model inputs or estimates, not observed shipments",NF_EDFLOW_geolocated_network_expansion_v1_2_0_2026-08-31
GEO_UGA_226234,Uganda,UGA,Soroti,Soroti,33.61113,1.71464,PPLA2,candidate consumer or transit catchment,fish|vegetable,GeoNames cities5000 dump; CC BY 4.0,226234,2024-12-02,geolocated national model-support node,"place and coordinate are external records; node role, sink weight and any later flow are model inputs or estimates, not observed shipments",NF_EDFLOW_geolocated_network_expansion_v1_2_0_2026-08-31
GEO_UGA_233476,Uganda,UGA,Fort Portal,Fort Portal,30.2748,0.66174,PPLA2,candidate consumer or transit catchment,fish|vegetable,GeoNames cities5000 dump; CC BY 4.0,233476,2024-12-02,geolocated national model-support node,"place and coordinate are external records; node role, sink weight and any later flow are model inputs or estimates, not observed shipments",NF_EDFLOW_geolocated_network_expansion_v1_2_0_2026-08-31
GEO_UGA_230893,Uganda,UGA,Kitgum,Kitgum,32.88667,3.27833,PPLA2,candidate consumer or transit catchment,fish|vegetable,GeoNames cities5000 dump; CC BY 4.0,230893,2018-03-17,geolocated national model-support node,"place and coordinate are external records; node role, sink weight and any later flow are model inputs or estimates, not observed shipments",NF_EDFLOW_geolocated_network_expansion_v1_2_0_2026-08-31
GEO_UGA_233070,Uganda,UGA,Kabale,Kabale,29.98993,-1.24857,PPLA2,candidate consumer or transit catchment,fish|vegetable,GeoNames cities5000 dump; CC BY 4.0,233070,2024-12-02,geolocated national model-support node,"place and coordinate are external records; node role, sink weight and any later flow are model inputs or estimates, not observed shipments",NF_EDFLOW_geolocated_network_expansion_v1_2_0_2026-08-31
GEO_UGA_232235,Uganda,UGA,Kapchorwa,Kapchorwa,34.45038,1.40096,PPLA2,candidate consumer or transit catchment,fish|vegetable,GeoNames cities5000 dump; CC BY 4.0,232235,2024-12-02,geolocated national model-support node,"place and coordinate are external records; node role, sink weight and any later flow are model inputs or estimates, not observed shipments",NF_EDFLOW_geolocated_network_expansion_v1_2_0_2026-08-31
GEO_UGA_229024,Uganda,UGA,Mpigi,Mpigi,32.31361,0.225,PPLA2,candidate consumer or transit catchment,fish|vegetable,GeoNames cities5000 dump; CC BY 4.0,229024,2024-12-02,geolocated national model-support node,"place and coordinate are external records; node role, sink weight and any later flow are model inputs or estimates, not observed shipments",NF_EDFLOW_geolocated_network_expansion_v1_2_0_2026-08-31
GEO_UGA_229746,Uganda,UGA,Luwero,Luwero,32.47306,0.84917,PPLA2,candidate consumer or transit catchment,fish|vegetable,GeoNames cities5000 dump; CC BY 4.0,229746,2024-12-02,geolocated national model-support node,"place and coordinate are external records; node role, sink weight and any later flow are model inputs or estimates, not observed shipments",NF_EDFLOW_geolocated_network_expansion_v1_2_0_2026-08-31
GEO_UGA_226110,Uganda,UGA,Tororo,Tororo,34.18085,0.69299,PPLA2,candidate consumer or transit catchment,fish|vegetable,GeoNames cities5000 dump; CC BY 4.0,226110,2024-12-02,geolocated national model-support node,"place and coordinate are external records; node role, sink weight and any later flow are model inputs or estimates, not observed shipments",NF_EDFLOW_geolocated_network_expansion_v1_2_0_2026-08-31
GEO_UGA_225835,Uganda,UGA,Yumbe,Yumbe,31.24689,3.46506,PPLA2,candidate consumer or transit catchment,fish|vegetable,GeoNames cities5000 dump; CC BY 4.0,225835,2024-12-02,geolocated national model-support node,"place and coordinate are external records; node role, sink weight and any later flow are model inputs or estimates, not observed shipments",NF_EDFLOW_geolocated_network_expansion_v1_2_0_2026-08-31
GEO_UGA_230584,Uganda,UGA,Kumi,Kumi,33.93611,1.46083,PPLA2,candidate consumer or transit catchment,fish|vegetable,GeoNames cities5000 dump; CC BY 4.0,230584,2024-12-02,geolocated national model-support node,"place and coordinate are external records; node role, sink weight and any later flow are model inputs or estimates, not observed shipments",NF_EDFLOW_geolocated_network_expansion_v1_2_0_2026-08-31
GEO_UGA_226823,Uganda,UGA,Pallisa,Pallisa,33.70944,1.145,PPLA2,candidate consumer or transit catchment,fish|vegetable,GeoNames cities5000 dump; CC BY 4.0,226823,2024-12-02,geolocated national model-support node,"place and coordinate are external records; node role, sink weight and any later flow are model inputs or estimates, not observed shipments",NF_EDFLOW_geolocated_network_expansion_v1_2_0_2026-08-31
GEO_UGA_227904,Uganda,UGA,Nebbi,Nebbi,31.08893,2.47826,PPLA2,candidate consumer or transit catchment,fish|vegetable,GeoNames cities5000 dump; CC BY 4.0,227904,2024-12-02,geolocated national model-support node,"place and coordinate are external records; node role, sink weight and any later flow are model inputs or estimates, not observed shipments",NF_EDFLOW_geolocated_network_expansion_v1_2_0_2026-08-31
GEO_UGA_226600,Uganda,UGA,Rukungiri,Rukungiri,29.94194,-0.84111,PPLA2,candidate consumer or transit catchment,fish|vegetable,GeoNames cities5000 dump; CC BY 4.0,226600,2024-12-02,geolocated national model-support node,"place and coordinate are external records; node role, sink weight and any later flow are model inputs or estimates, not observed shipments",NF_EDFLOW_geolocated_network_expansion_v1_2_0_2026-08-31
GEO_UGA_235489,Uganda,UGA,Adjumani,Adjumani,31.7909,3.37786,PPLA2,candidate consumer or transit catchment,fish|vegetable,GeoNames cities5000 dump; CC BY 4.0,235489,2024-12-02,geolocated national model-support node,"place and coordinate are external records; node role, sink weight and any later flow are model inputs or estimates, not observed shipments",NF_EDFLOW_geolocated_network_expansion_v1_2_0_2026-08-31
GEO_UGA_234565,Uganda,UGA,Bugiri,Bugiri,33.74167,0.57139,PPLA2,candidate consumer or transit catchment,fish|vegetable,GeoNames cities5000 dump; CC BY 4.0,234565,2024-12-02,geolocated national model-support node,"place and coordinate are external records; node role, sink weight and any later flow are model inputs or estimates, not observed shipments",NF_EDFLOW_geolocated_network_expansion_v1_2_0_2026-08-31
GEO_UGA_7911405,Uganda,UGA,Isingiro,Isingiro,30.83019,-0.86864,PPLA2,candidate consumer or transit catchment,fish|vegetable,GeoNames cities5000 dump; CC BY 4.0,7911405,2024-12-02,geolocated national model-support node,"place and coordinate are external records; node role, sink weight and any later flow are model inputs or estimates, not observed shipments",NF_EDFLOW_geolocated_network_expansion_v1_2_0_2026-08-31
GEO_UGA_231696,Uganda,UGA,Kayunga,Kayunga,32.88861,0.7025,PPLA2,candidate consumer or transit catchment,fish|vegetable,GeoNames cities5000 dump; CC BY 4.0,231696,2024-12-02,geolocated national model-support node,"place and coordinate are external records; node role, sink weight and any later flow are model inputs or estimates, not observed shipments",NF_EDFLOW_geolocated_network_expansion_v1_2_0_2026-08-31
GEO_UGA_233840,Uganda,UGA,Buyende,Buyende,33.155,1.15167,PPLA2,candidate consumer or transit catchment,fish|vegetable,GeoNames cities5000 dump; CC BY 4.0,233840,2024-12-02,geolocated national model-support node,"place and coordinate are external records; node role, sink weight and any later flow are model inputs or estimates, not observed shipments",NF_EDFLOW_geolocated_network_expansion_v1_2_0_2026-08-31
GEO_UGA_230331,Uganda,UGA,Kyegegwa,Kyegegwa,31.04139,0.50222,PPLA2,candidate consumer or transit catchment,fish|vegetable,GeoNames cities5000 dump; CC BY 4.0,230331,2024-12-02,geolocated national model-support node,"place and coordinate are external records; node role, sink weight and any later flow are model inputs or estimates, not observed shipments",NF_EDFLOW_geolocated_network_expansion_v1_2_0_2026-08-31
GEO_UGA_234658,Uganda,UGA,Budaka,Budaka,33.92556,1.00389,PPLA2,candidate consumer or transit catchment,fish|vegetable,GeoNames cities5000 dump; CC BY 4.0,234658,2024-12-02,geolocated national model-support node,"place and coordinate are external records; node role, sink weight and any later flow are model inputs or estimates, not observed shipments",NF_EDFLOW_geolocated_network_expansion_v1_2_0_2026-08-31
GEO_UGA_232146,Uganda,UGA,Kasaali,Kasaali,31.55,-0.61667,PPLA4,candidate consumer or transit catchment,fish|vegetable,GeoNames cities5000 dump; CC BY 4.0,232146,2024-12-02,geolocated national model-support node,"place and coordinate are external records; node role, sink weight and any later flow are model inputs or estimates, not observed shipments",NF_EDFLOW_geolocated_network_expansion_v1_2_0_2026-08-31
GEO_UGA_230299,Uganda,UGA,Kyenjojo,Kyenjojo,30.62139,0.63278,PPLA2,candidate consumer or transit catchment,fish|vegetable,GeoNames cities5000 dump; CC BY 4.0,230299,2024-12-02,geolocated national model-support node,"place and coordinate are external records; node role, sink weight and any later flow are model inputs or estimates, not observed shipments",NF_EDFLOW_geolocated_network_expansion_v1_2_0_2026-08-31
GEO_UGA_232834,Uganda,UGA,Kagadi,Kagadi,30.80889,0.93778,PPLA2,candidate consumer or transit catchment,fish|vegetable,GeoNames cities5000 dump; CC BY 4.0,232834,2024-12-02,geolocated national model-support node,"place and coordinate are external records; node role, sink weight and any later flow are model inputs or estimates, not observed shipments",NF_EDFLOW_geolocated_network_expansion_v1_2_0_2026-08-31
GEO_UGA_235574,Uganda,UGA,Abim,Abim,33.67611,2.70167,PPLA2,candidate consumer or transit catchment,fish|vegetable,GeoNames cities5000 dump; CC BY 4.0,235574,2024-12-02,geolocated national model-support node,"place and coordinate are external records; node role, sink weight and any later flow are model inputs or estimates, not observed shipments",NF_EDFLOW_geolocated_network_expansion_v1_2_0_2026-08-31
GEO_UGA_234004,Uganda,UGA,Butaleja,Butaleja,33.95111,0.91194,PPLA2,candidate consumer or transit catchment,fish|vegetable,GeoNames cities5000 dump; CC BY 4.0,234004,2024-12-02,geolocated national model-support node,"place and coordinate are external records; node role, sink weight and any later flow are model inputs or estimates, not observed shipments",NF_EDFLOW_geolocated_network_expansion_v1_2_0_2026-08-31
GEO_UGA_232371,Uganda,UGA,Kamwenge,Kamwenge,30.45393,0.1866,PPLA2,candidate consumer or transit catchment,fish|vegetable,GeoNames cities5000 dump; CC BY 4.0,232371,2024-12-02,geolocated national model-support node,"place and coordinate are external records; node role, sink weight and any later flow are model inputs or estimates, not observed shipments",NF_EDFLOW_geolocated_network_expansion_v1_2_0_2026-08-31
GEO_UGA_233563,Uganda,UGA,Dokolo,Dokolo,33.1775,1.89833,PPLA2,candidate consumer or transit catchment,fish|vegetable,GeoNames cities5000 dump; CC BY 4.0,233563,2024-12-02,geolocated national model-support node,"place and coordinate are external records; node role, sink weight and any later flow are model inputs or estimates, not observed shipments",NF_EDFLOW_geolocated_network_expansion_v1_2_0_2026-08-31
GEO_UGA_226690,Uganda,UGA,Rubanda,Rubanda,29.84611,-1.18833,PPLA2,candidate consumer or transit catchment,fish|vegetable,GeoNames cities5000 dump; CC BY 4.0,226690,2024-12-02,geolocated national model-support node,"place and coordinate are external records; node role, sink weight and any later flow are model inputs or estimates, not observed shipments",NF_EDFLOW_geolocated_network_expansion_v1_2_0_2026-08-31
GEO_UGA_228094,Uganda,UGA,Namutumba,Namutumba,33.68611,0.83611,PPLA2,candidate consumer or transit catchment,fish|vegetable,GeoNames cities5000 dump; CC BY 4.0,228094,2024-12-02,geolocated national model-support node,"place and coordinate are external records; node role, sink weight and any later flow are model inputs or estimates, not observed shipments",NF_EDFLOW_geolocated_network_expansion_v1_2_0_2026-08-31
GEO_UGA_231550,Uganda,UGA,Kiboga,Kiboga,31.77417,0.91611,PPLA2,candidate consumer or transit catchment,fish|vegetable,GeoNames cities5000 dump; CC BY 4.0,231550,2024-12-02,geolocated national model-support node,"place and coordinate are external records; node role, sink weight and any later flow are model inputs or estimates, not observed shipments",NF_EDFLOW_geolocated_network_expansion_v1_2_0_2026-08-31
GEO_UGA_234178,Uganda,UGA,Bundibugyo,Bundibugyo,30.06469,0.71117,PPLA2,candidate consumer or transit catchment,fish|vegetable,GeoNames cities5000 dump; CC BY 4.0,234178,2024-12-02,geolocated national model-support node,"place and coordinate are external records; node role, sink weight and any later flow are model inputs or estimates, not observed shipments",NF_EDFLOW_geolocated_network_expansion_v1_2_0_2026-08-31
GEO_UGA_227593,Uganda,UGA,Ntungamo,Ntungamo,30.26417,-0.87944,PPLA2,candidate consumer or transit catchment,fish|vegetable,GeoNames cities5000 dump; CC BY 4.0,227593,2024-12-02,geolocated national model-support node,"place and coordinate are external records; node role, sink weight and any later flow are model inputs or estimates, not observed shipments",NF_EDFLOW_geolocated_network_expansion_v1_2_0_2026-08-31
GEO_UGA_229292,Uganda,UGA,Mayuge,Mayuge,33.48028,0.45972,PPLA2,candidate consumer or transit catchment,fish|vegetable,GeoNames cities5000 dump; CC BY 4.0,229292,2024-12-02,geolocated national model-support node,"place and coordinate are external records; node role, sink weight and any later flow are model inputs or estimates, not observed shipments",NF_EDFLOW_geolocated_network_expansion_v1_2_0_2026-08-31
GEO_UGA_232526,Uganda,UGA,Kaliro,Kaliro,33.49944,0.89444,PPLA2,candidate consumer or transit catchment,fish|vegetable,GeoNames cities5000 dump; CC BY 4.0,232526,2024-12-02,geolocated national model-support node,"place and coordinate are external records; node role, sink weight and any later flow are model inputs or estimates, not observed shipments",NF_EDFLOW_geolocated_network_expansion_v1_2_0_2026-08-31
GEO_UGA_226267,Uganda,UGA,Sironko,Sironko,34.24773,1.23132,PPLA2,candidate consumer or transit catchment,fish|vegetable,GeoNames cities5000 dump; CC BY 4.0,226267,2024-12-02,geolocated national model-support node,"place and coordinate are external records; node role, sink weight and any later flow are model inputs or estimates, not observed shipments",NF_EDFLOW_geolocated_network_expansion_v1_2_0_2026-08-31
GEO_UGA_229059,Uganda,UGA,Moyo,Moyo,31.72474,3.66088,PPLA2,candidate consumer or transit catchment,fish|vegetable,GeoNames cities5000 dump; CC BY 4.0,229059,2016-06-22,geolocated national model-support node,"place and coordinate are external records; node role, sink weight and any later flow are model inputs or estimates, not observed shipments",NF_EDFLOW_geolocated_network_expansion_v1_2_0_2026-08-31
GEO_UGA_234480,Uganda,UGA,Buikwe,Buikwe,33.01056,0.3375,PPLA2,candidate consumer or transit catchment,fish|vegetable,GeoNames cities5000 dump; CC BY 4.0,234480,2024-12-02,geolocated national model-support node,"place and coordinate are external records; node role, sink weight and any later flow are model inputs or estimates, not observed shipments",NF_EDFLOW_geolocated_network_expansion_v1_2_0_2026-08-31
GEO_UGA_227843,Uganda,UGA,Ngora,Ngora,33.77722,1.43139,PPLA2,candidate consumer or transit catchment,fish|vegetable,GeoNames cities5000 dump; CC BY 4.0,227843,2024-12-02,geolocated national model-support node,"place and coordinate are external records; node role, sink weight and any later flow are model inputs or estimates, not observed shipments",NF_EDFLOW_geolocated_network_expansion_v1_2_0_2026-08-31
GEO_UGA_230993,Uganda,UGA,Kisoro,Kisoro,29.68497,-1.28538,PPLA2,candidate consumer or transit catchment,fish|vegetable,GeoNames cities5000 dump; CC BY 4.0,230993,2024-12-02,geolocated national model-support node,"place and coordinate are external records; node role, sink weight and any later flow are model inputs or estimates, not observed shipments",NF_EDFLOW_geolocated_network_expansion_v1_2_0_2026-08-31
GEO_UGA_232287,Uganda,UGA,Kanungu,Kanungu,29.78972,-0.9575,PPLA2,candidate consumer or transit catchment,fish|vegetable,GeoNames cities5000 dump; CC BY 4.0,232287,2026-02-03,geolocated national model-support node,"place and coordinate are external records; node role, sink weight and any later flow are model inputs or estimates, not observed shipments",NF_EDFLOW_geolocated_network_expansion_v1_2_0_2026-08-31
GEO_UGA_233382,Uganda,UGA,Gombe,Gombe,32.08806,0.20333,PPLA2,candidate consumer or transit catchment,fish|vegetable,GeoNames cities5000 dump; CC BY 4.0,233382,2024-12-02,geolocated national model-support node,"place and coordinate are external records; node role, sink weight and any later flow are model inputs or estimates, not observed shipments",NF_EDFLOW_geolocated_network_expansion_v1_2_0_2026-08-31
GEO_UGA_229112,Uganda,UGA,Moroto,Moroto,34.66659,2.53453,PPLA2,candidate consumer or transit catchment,fish|vegetable,GeoNames cities5000 dump; CC BY 4.0,229112,2024-12-02,geolocated national model-support node,"place and coordinate are external records; node role, sink weight and any later flow are model inputs or estimates, not observed shipments",NF_EDFLOW_geolocated_network_expansion_v1_2_0_2026-08-31
GEO_UGA_229599,Uganda,UGA,Lyantonde,Lyantonde,31.15722,-0.40306,PPLA2,candidate consumer or transit catchment,fish|vegetable,GeoNames cities5000 dump; CC BY 4.0,229599,2024-12-02,geolocated national model-support node,"place and coordinate are external records; node role, sink weight and any later flow are model inputs or estimates, not observed shipments",NF_EDFLOW_geolocated_network_expansion_v1_2_0_2026-08-31
GEO_UGA_7911406,Uganda,UGA,Manafwa,Manafwa,34.27,0.952,PPLA2,candidate consumer or transit catchment,fish|vegetable,GeoNames cities5000 dump; CC BY 4.0,7911406,2024-12-02,geolocated national model-support node,"place and coordinate are external records; node role, sink weight and any later flow are model inputs or estimates, not observed shipments",NF_EDFLOW_geolocated_network_expansion_v1_2_0_2026-08-31
GEO_UGA_232619,Uganda,UGA,Kakumiro,Kakumiro,31.32361,0.78056,PPLA2,candidate consumer or transit catchment,fish|vegetable,GeoNames cities5000 dump; CC BY 4.0,232619,2024-12-02,geolocated national model-support node,"place and coordinate are external records; node role, sink weight and any later flow are model inputs or estimates, not observed shipments",NF_EDFLOW_geolocated_network_expansion_v1_2_0_2026-08-31
GEO_UGA_229630,Uganda,UGA,Lwengo,Lwengo,31.40806,-0.41611,PPLA2,candidate consumer or transit catchment,fish|vegetable,GeoNames cities5000 dump; CC BY 4.0,229630,2024-12-02,geolocated national model-support node,"place and coordinate are external records; node role, sink weight and any later flow are model inputs or estimates, not observed shipments",NF_EDFLOW_geolocated_network_expansion_v1_2_0_2026-08-31
GEO_UGA_235191,Uganda,UGA,Amudat,Amudat,34.95,1.95,PPLA2,candidate consumer or transit catchment,fish|vegetable,GeoNames cities5000 dump; CC BY 4.0,235191,2024-12-02,geolocated national model-support node,"place and coordinate are external records; node role, sink weight and any later flow are model inputs or estimates, not observed shipments",NF_EDFLOW_geolocated_network_expansion_v1_2_0_2026-08-31
GEO_UGA_231562,Uganda,UGA,Kibiito,Kibiito,30.1925,0.47722,PPLA4,candidate consumer or transit catchment,fish|vegetable,GeoNames cities5000 dump; CC BY 4.0,231562,2024-12-02,geolocated national model-support node,"place and coordinate are external records; node role, sink weight and any later flow are model inputs or estimates, not observed shipments",NF_EDFLOW_geolocated_network_expansion_v1_2_0_2026-08-31
GEO_UGA_231103,Uganda,UGA,Kiruhura,Kiruhura,30.84446,-0.19664,PPLA2,candidate consumer or transit catchment,fish|vegetable,GeoNames cities5000 dump; CC BY 4.0,231103,2016-12-01,geolocated national model-support node,"place and coordinate are external records; node role, sink weight and any later flow are model inputs or estimates, not observed shipments",NF_EDFLOW_geolocated_network_expansion_v1_2_0_2026-08-31
GEO_UGA_448227,Uganda,UGA,Pader,Pader,33.21667,3.05,PPLA2,candidate consumer or transit catchment,fish|vegetable,GeoNames cities5000 dump; CC BY 4.0,448227,2016-06-22,geolocated national model-support node,"place and coordinate are external records; node role, sink weight and any later flow are model inputs or estimates, not observed shipments",NF_EDFLOW_geolocated_network_expansion_v1_2_0_2026-08-31
GEO_UGA_234259,Uganda,UGA,Buliisa,Buliisa,31.41163,2.11781,PPLA2,candidate consumer or transit catchment,fish|vegetable,GeoNames cities5000 dump; CC BY 4.0,234259,2023-03-09,geolocated national model-support node,"place and coordinate are external records; node role, sink weight and any later flow are model inputs or estimates, not observed shipments",NF_EDFLOW_geolocated_network_expansion_v1_2_0_2026-08-31
GEO_UGA_226676,Uganda,UGA,Rubirizi,Rubirizi,30.13361,-0.29889,PPLA2,candidate consumer or transit catchment,fish|vegetable,GeoNames cities5000 dump; CC BY 4.0,226676,2025-12-12,geolocated national model-support node,"place and coordinate are external records; node role, sink weight and any later flow are model inputs or estimates, not observed shipments",NF_EDFLOW_geolocated_network_expansion_v1_2_0_2026-08-31
GEO_UGA_228418,Uganda,UGA,Nakasongola,Nakasongola,32.45639,1.30889,PPLA2,candidate consumer or transit catchment,fish|vegetable,GeoNames cities5000 dump; CC BY 4.0,228418,2016-06-22,geolocated national model-support node,"place and coordinate are external records; node role, sink weight and any later flow are model inputs or estimates, not observed shipments",NF_EDFLOW_geolocated_network_expansion_v1_2_0_2026-08-31
GEO_UGA_231617,Uganda,UGA,Kibale,Kibale,31.06667,0.8,PPLA2,candidate consumer or transit catchment,fish|vegetable,GeoNames cities5000 dump; CC BY 4.0,231617,2016-06-22,geolocated national model-support node,"place and coordinate are external records; node role, sink weight and any later flow are model inputs or estimates, not observed shipments",NF_EDFLOW_geolocated_network_expansion_v1_2_0_2026-08-31
GEO_UGA_10943053,Uganda,UGA,Nansana,Nansana,32.52861,0.36389,PPL,candidate consumer or transit catchment,fish|vegetable,GeoNames cities5000 dump; CC BY 4.0,10943053,2024-12-02,geolocated national model-support node,"place and coordinate are external records; node role, sink weight and any later flow are model inputs or estimates, not observed shipments",NF_EDFLOW_geolocated_network_expansion_v1_2_0_2026-08-31
GEO_UGA_231165,Uganda,UGA,Kira,Kira,32.63333,0.4,PPL,candidate consumer or transit catchment,fish|vegetable,GeoNames cities5000 dump; CC BY 4.0,231165,2024-12-02,geolocated national model-support node,"place and coordinate are external records; node role, sink weight and any later flow are model inputs or estimates, not observed shipments",NF_EDFLOW_geolocated_network_expansion_v1_2_0_2026-08-31
GEO_UGA_234179,Uganda,UGA,Bunamwaya,Bunamwaya,32.55723,0.25344,PPL,candidate consumer or transit catchment,fish|vegetable,GeoNames cities5000 dump; CC BY 4.0,234179,2024-12-02,geolocated national model-support node,"place and coordinate are external records; node role, sink weight and any later flow are model inputs or estimates, not observed shipments",NF_EDFLOW_geolocated_network_expansion_v1_2_0_2026-08-31
GEO_UGA_10858926,Uganda,UGA,Kyengera,Kyengera,32.50159,0.29517,PPL,candidate consumer or transit catchment,fish|vegetable,GeoNames cities5000 dump; CC BY 4.0,10858926,2024-12-02,geolocated national model-support node,"place and coordinate are external records; node role, sink weight and any later flow are model inputs or estimates, not observed shipments",NF_EDFLOW_geolocated_network_expansion_v1_2_0_2026-08-31
GEO_ZAF_993800,South Africa,ZAF,Johannesburg,Johannesburg,28.04363,-26.20227,PPLA,major national hub,fish|vegetable,GeoNames cities5000 dump; CC BY 4.0,993800,2026-04-14,geolocated national model-support node,"place and coordinate are external records; node role, sink weight and any later flow are model inputs or estimates, not observed shipments",NF_EDFLOW_geolocated_network_expansion_v1_2_0_2026-08-31
GEO_ZAF_3369157,South Africa,ZAF,Cape Town,Cape Town,18.42322,-33.92584,PPLA,major national hub,fish|vegetable,GeoNames cities5000 dump; CC BY 4.0,3369157,2026-04-14,geolocated national model-support node,"place and coordinate are external records; node role, sink weight and any later flow are model inputs or estimates, not observed shipments",NF_EDFLOW_geolocated_network_expansion_v1_2_0_2026-08-31
GEO_ZAF_1007311,South Africa,ZAF,Durban,Durban,31.0292,-29.8579,PPLA2,major national hub,fish|vegetable,GeoNames cities5000 dump; CC BY 4.0,1007311,2025-02-24,geolocated national model-support node,"place and coordinate are external records; node role, sink weight and any later flow are model inputs or estimates, not observed shipments",NF_EDFLOW_geolocated_network_expansion_v1_2_0_2026-08-31
GEO_ZAF_964137,South Africa,ZAF,Pretoria,Pretoria,28.18783,-25.74486,PPLC,major national hub,fish|vegetable,GeoNames cities5000 dump; CC BY 4.0,964137,2024-12-02,geolocated national model-support node,"place and coordinate are external records; node role, sink weight and any later flow are model inputs or estimates, not observed shipments",NF_EDFLOW_geolocated_network_expansion_v1_2_0_2026-08-31
GEO_ZAF_964420,South Africa,ZAF,Gqeberha,Gqeberha,25.61494,-33.96109,PPLA2,major national hub,fish|vegetable,GeoNames cities5000 dump; CC BY 4.0,964420,2025-12-03,geolocated national model-support node,"place and coordinate are external records; node role, sink weight and any later flow are model inputs or estimates, not observed shipments",NF_EDFLOW_geolocated_network_expansion_v1_2_0_2026-08-31
GEO_ZAF_965301,South Africa,ZAF,Pietermaritzburg,Pietermaritzburg,30.39278,-29.61679,PPLA,candidate consumer or transit catchment,fish|vegetable,GeoNames cities5000 dump; CC BY 4.0,965301,2026-04-14,geolocated national model-support node,"place and coordinate are external records; node role, sink weight and any later flow are model inputs or estimates, not observed shipments",NF_EDFLOW_geolocated_network_expansion_v1_2_0_2026-08-31
GEO_ZAF_1018725,South Africa,ZAF,Bloemfontein,Bloemfontein,26.214,-29.12107,PPLA,candidate consumer or transit catchment,fish|vegetable,GeoNames cities5000 dump; CC BY 4.0,1018725,2026-04-14,geolocated national model-support node,"place and coordinate are external records; node role, sink weight and any later flow are model inputs or estimates, not observed shipments",NF_EDFLOW_geolocated_network_expansion_v1_2_0_2026-08-31
GEO_ZAF_1006984,South Africa,ZAF,East London,East London,27.91162,-33.01529,PPLA2,candidate consumer or transit catchment,fish|vegetable,GeoNames cities5000 dump; CC BY 4.0,1006984,2026-06-06,geolocated national model-support node,"place and coordinate are external records; node role, sink weight and any later flow are model inputs or estimates, not observed shipments",NF_EDFLOW_geolocated_network_expansion_v1_2_0_2026-08-31
GEO_ZAF_944385,South Africa,ZAF,Vereeniging,Vereeniging,27.92615,-26.67313,PPLA2,candidate consumer or transit catchment,fish|vegetable,GeoNames cities5000 dump; CC BY 4.0,944385,2024-01-18,geolocated national model-support node,"place and coordinate are external records; node role, sink weight and any later flow are model inputs or estimates, not observed shipments",NF_EDFLOW_geolocated_network_expansion_v1_2_0_2026-08-31
GEO_ZAF_940909,South Africa,ZAF,Welkom,Welkom,26.73506,-27.97742,PPLA2,candidate consumer or transit catchment,fish|vegetable,GeoNames cities5000 dump; CC BY 4.0,940909,2024-01-18,geolocated national model-support node,"place and coordinate are external records; node role, sink weight and any later flow are model inputs or estimates, not observed shipments",NF_EDFLOW_geolocated_network_expansion_v1_2_0_2026-08-31
GEO_ZAF_971421,South Africa,ZAF,Newcastle,Newcastle,29.9318,-27.75796,PPLA2,candidate consumer or transit catchment,fish|vegetable,GeoNames cities5000 dump; CC BY 4.0,971421,2024-01-18,geolocated national model-support node,"place and coordinate are external records; node role, sink weight and any later flow are model inputs or estimates, not observed shipments",NF_EDFLOW_geolocated_network_expansion_v1_2_0_2026-08-31
GEO_ZAF_986822,South Africa,ZAF,Krugersdorp,Krugersdorp,27.77515,-26.08577,PPLA3,candidate consumer or transit catchment,fish|vegetable,GeoNames cities5000 dump; CC BY 4.0,986822,2012-07-12,geolocated national model-support node,"place and coordinate are external records; node role, sink weight and any later flow are model inputs or estimates, not observed shipments",NF_EDFLOW_geolocated_network_expansion_v1_2_0_2026-08-31
GEO_ZAF_958724,South Africa,ZAF,Rustenburg,Rustenburg,27.24208,-25.66756,PPLA3,candidate consumer or transit catchment,fish|vegetable,GeoNames cities5000 dump; CC BY 4.0,958724,2024-12-02,geolocated national model-support node,"place and coordinate are external records; node role, sink weight and any later flow are model inputs or estimates, not observed shipments",NF_EDFLOW_geolocated_network_expansion_v1_2_0_2026-08-31
GEO_ZAF_939270,South Africa,ZAF,Emalahleni,Emalahleni,29.23323,-25.87133,PPLA3,candidate consumer or transit catchment,fish|vegetable,GeoNames cities5000 dump; CC BY 4.0,939270,2024-12-02,geolocated national model-support node,"place and coordinate are external records; node role, sink weight and any later flow are model inputs or estimates, not observed shipments",NF_EDFLOW_geolocated_network_expansion_v1_2_0_2026-08-31
GEO_ZAF_965289,South Africa,ZAF,Polokwane,Polokwane,29.46885,-23.90449,PPLA,candidate consumer or transit catchment,fish|vegetable,GeoNames cities5000 dump; CC BY 4.0,965289,2026-04-14,geolocated national model-support node,"place and coordinate are external records; node role, sink weight and any later flow are model inputs or estimates, not observed shipments",NF_EDFLOW_geolocated_network_expansion_v1_2_0_2026-08-31
GEO_ZAF_1002108,South Africa,ZAF,Germiston,Germiston,28.17665,-26.23481,PPLA2,candidate consumer or transit catchment,fish|vegetable,GeoNames cities5000 dump; CC BY 4.0,1002108,2026-01-11,geolocated national model-support node,"place and coordinate are external records; node role, sink weight and any later flow are model inputs or estimates, not observed shipments",NF_EDFLOW_geolocated_network_expansion_v1_2_0_2026-08-31
GEO_ZAF_962367,South Africa,ZAF,Richards Bay,Richards Bay,32.03768,-28.78301,PPLA2,candidate consumer or transit catchment,fish|vegetable,GeoNames cities5000 dump; CC BY 4.0,962367,2024-01-18,geolocated national model-support node,"place and coordinate are external records; node role, sink weight and any later flow are model inputs or estimates, not observed shipments",NF_EDFLOW_geolocated_network_expansion_v1_2_0_2026-08-31
GEO_ZAF_944986,South Africa,ZAF,Vanderbijlpark,Vanderbijlpark,27.83795,-26.71171,PPLA3,candidate consumer or transit catchment,fish|vegetable,GeoNames cities5000 dump; CC BY 4.0,944986,2012-07-12,geolocated national model-support node,"place and coordinate are external records; node role, sink weight and any later flow are model inputs or estimates, not observed shipments",NF_EDFLOW_geolocated_network_expansion_v1_2_0_2026-08-31
GEO_ZAF_3363094,South Africa,ZAF,Paarl,Paarl,18.97523,-33.73378,PPLA3,candidate consumer or transit catchment,fish|vegetable,GeoNames cities5000 dump; CC BY 4.0,3363094,2024-12-02,geolocated national model-support node,"place and coordinate are external records; node role, sink weight and any later flow are model inputs or estimates, not observed shipments",NF_EDFLOW_geolocated_network_expansion_v1_2_0_2026-08-31
GEO_ZAF_989921,South Africa,ZAF,Klerksdorp,Klerksdorp,26.66672,-26.85213,PPLA2,candidate consumer or transit catchment,fish|vegetable,GeoNames cities5000 dump; CC BY 4.0,989921,2024-12-02,geolocated national model-support node,"place and coordinate are external records; node role, sink weight and any later flow are model inputs or estimates, not observed shipments",NF_EDFLOW_geolocated_network_expansion_v1_2_0_2026-08-31
GEO_ZAF_976361,South Africa,ZAF,Middelburg,Middelburg,29.46482,-25.77507,PPLA2,candidate consumer or transit catchment,fish|vegetable,GeoNames cities5000 dump; CC BY 4.0,976361,2024-12-02,geolocated national model-support node,"place and coordinate are external records; node role, sink weight and any later flow are model inputs or estimates, not observed shipments",NF_EDFLOW_geolocated_network_expansion_v1_2_0_2026-08-31
GEO_ZAF_1002145,South Africa,ZAF,George,George,22.46173,-33.963,PPLA2,candidate consumer or transit catchment,fish|vegetable,GeoNames cities5000 dump; CC BY 4.0,1002145,2024-12-02,geolocated national model-support node,"place and coordinate are external records; node role, sink weight and any later flow are model inputs or estimates, not observed shipments",NF_EDFLOW_geolocated_network_expansion_v1_2_0_2026-08-31
GEO_ZAF_1014073,South Africa,ZAF,Carletonville,Carletonville,27.39767,-26.36094,PPLA3,candidate consumer or transit catchment,fish|vegetable,GeoNames cities5000 dump; CC BY 4.0,1014073,2024-01-18,geolocated national model-support node,"place and coordinate are external records; node role, sink weight and any later flow are model inputs or estimates, not observed shipments",NF_EDFLOW_geolocated_network_expansion_v1_2_0_2026-08-31
GEO_ZAF_964349,South Africa,ZAF,Potchefstroom,Potchefstroom,27.1,-26.71667,PPLA3,candidate consumer or transit catchment,fish|vegetable,GeoNames cities5000 dump; CC BY 4.0,964349,2024-12-02,geolocated national model-support node,"place and coordinate are external records; node role, sink weight and any later flow are model inputs or estimates, not observed shipments",NF_EDFLOW_geolocated_network_expansion_v1_2_0_2026-08-31
GEO_ZAF_940316,South Africa,ZAF,Westonaria,Westonaria,27.6486,-26.31905,PPLA3,candidate consumer or transit catchment,fish|vegetable,GeoNames cities5000 dump; CC BY 4.0,940316,2024-01-18,geolocated national model-support node,"place and coordinate are external records; node role, sink weight and any later flow are model inputs or estimates, not observed shipments",NF_EDFLOW_geolocated_network_expansion_v1_2_0_2026-08-31
GEO_ZAF_942470,South Africa,ZAF,Vryheid,Vryheid,30.79165,-27.76952,PPLA3,candidate consumer or transit catchment,fish|vegetable,GeoNames cities5000 dump; CC BY 4.0,942470,2024-01-18,geolocated national model-support node,"place and coordinate are external records; node role, sink weight and any later flow are model inputs or estimates, not observed shipments",NF_EDFLOW_geolocated_network_expansion_v1_2_0_2026-08-31
GEO_ZAF_984998,South Africa,ZAF,Ladysmith,Ladysmith,29.77896,-28.55874,PPLA2,candidate consumer or transit catchment,fish|vegetable,GeoNames cities5000 dump; CC BY 4.0,984998,2024-12-02,geolocated national model-support node,"place and coordinate are external records; node role, sink weight and any later flow are model inputs or estimates, not observed shipments",NF_EDFLOW_geolocated_network_expansion_v1_2_0_2026-08-31
GEO_ZAF_990930,South Africa,ZAF,Kimberley,Kimberley,24.76232,-28.73226,PPLA,candidate consumer or transit catchment,fish|vegetable,GeoNames cities5000 dump; CC BY 4.0,990930,2026-04-14,geolocated national model-support node,"place and coordinate are external records; node role, sink weight and any later flow are model inputs or estimates, not observed shipments",NF_EDFLOW_geolocated_network_expansion_v1_2_0_2026-08-31
GEO_ZAF_1019330,South Africa,ZAF,Bhisho,Bhisho,27.44218,-32.84721,PPLA,candidate consumer or transit catchment,fish|vegetable,GeoNames cities5000 dump; CC BY 4.0,1019330,2026-04-14,geolocated national model-support node,"place and coordinate are external records; node role, sink weight and any later flow are model inputs or estimates, not observed shipments",NF_EDFLOW_geolocated_network_expansion_v1_2_0_2026-08-31
GEO_ZAF_957487,South Africa,ZAF,Sasolburg,Sasolburg,27.81695,-26.81358,PPLA2,candidate consumer or transit catchment,fish|vegetable,GeoNames cities5000 dump; CC BY 4.0,957487,2024-12-02,geolocated national model-support node,"place and coordinate are external records; node role, sink weight and any later flow are model inputs or estimates, not observed shipments",NF_EDFLOW_geolocated_network_expansion_v1_2_0_2026-08-31
GEO_ZMB_909137,Zambia,ZMB,Lusaka,Lusaka,28.28713,-15.40669,PPLC,major national hub,fish|vegetable,GeoNames cities5000 dump; CC BY 4.0,909137,2025-10-26,geolocated national model-support node,"place and coordinate are external records; node role, sink weight and any later flow are model inputs or estimates, not observed shipments",NF_EDFLOW_geolocated_network_expansion_v1_2_0_2026-08-31
GEO_ZMB_901344,Zambia,ZMB,Ndola,Ndola,28.63659,-12.95867,PPLA,major national hub,fish|vegetable,GeoNames cities5000 dump; CC BY 4.0,901344,2026-04-14,geolocated national model-support node,"place and coordinate are external records; node role, sink weight and any later flow are model inputs or estimates, not observed shipments",NF_EDFLOW_geolocated_network_expansion_v1_2_0_2026-08-31
GEO_ZMB_918702,Zambia,ZMB,Chipata,Chipata,32.65,-13.63333,PPLA,major national hub,fish|vegetable,GeoNames cities5000 dump; CC BY 4.0,918702,2026-04-14,geolocated national model-support node,"place and coordinate are external records; node role, sink weight and any later flow are model inputs or estimates, not observed shipments",NF_EDFLOW_geolocated_network_expansion_v1_2_0_2026-08-31
GEO_ZMB_897045,Zambia,ZMB,Solwezi,Solwezi,26.38938,-12.1688,PPLA,major national hub,fish|vegetable,GeoNames cities5000 dump; CC BY 4.0,897045,2026-04-14,geolocated national model-support node,"place and coordinate are external records; node role, sink weight and any later flow are model inputs or estimates, not observed shipments",NF_EDFLOW_geolocated_network_expansion_v1_2_0_2026-08-31
GEO_ZMB_916095,Zambia,ZMB,Kabwe,Kabwe,28.44644,-14.4469,PPLA,major national hub,fish|vegetable,GeoNames cities5000 dump; CC BY 4.0,916095,2026-04-14,geolocated national model-support node,"place and coordinate are external records; node role, sink weight and any later flow are model inputs or estimates, not observed shipments",NF_EDFLOW_geolocated_network_expansion_v1_2_0_2026-08-31
GEO_ZMB_919009,Zambia,ZMB,Chingola,Chingola,27.88382,-12.52897,PPLA2,candidate consumer or transit catchment,fish|vegetable,GeoNames cities5000 dump; CC BY 4.0,919009,2024-12-02,geolocated national model-support node,"place and coordinate are external records; node role, sink weight and any later flow are model inputs or estimates, not observed shipments",NF_EDFLOW_geolocated_network_expansion_v1_2_0_2026-08-31
GEO_ZMB_912764,Zambia,ZMB,Kasama,Kasama,31.18084,-10.21289,PPLA,candidate consumer or transit catchment,fish|vegetable,GeoNames cities5000 dump; CC BY 4.0,912764,2026-04-14,geolocated national model-support node,"place and coordinate are external records; node role, sink weight and any later flow are model inputs or estimates, not observed shipments",NF_EDFLOW_geolocated_network_expansion_v1_2_0_2026-08-31
GEO_ZMB_910111,Zambia,ZMB,Livingstone,Livingstone,25.85425,-17.84194,PPLA2,candidate consumer or transit catchment,fish|vegetable,GeoNames cities5000 dump; CC BY 4.0,910111,2024-12-02,geolocated national model-support node,"place and coordinate are external records; node role, sink weight and any later flow are model inputs or estimates, not observed shipments",NF_EDFLOW_geolocated_network_expansion_v1_2_0_2026-08-31
GEO_ZMB_907770,Zambia,ZMB,Mansa,Mansa,28.89431,-11.19976,PPLA,candidate consumer or transit catchment,fish|vegetable,GeoNames cities5000 dump; CC BY 4.0,907770,2026-04-14,geolocated national model-support node,"place and coordinate are external records; node role, sink weight and any later flow are model inputs or estimates, not observed shipments",NF_EDFLOW_geolocated_network_expansion_v1_2_0_2026-08-31
GEO_ZMB_906054,Zambia,ZMB,Mongu,Mongu,23.12741,-15.24835,PPLA,candidate consumer or transit catchment,fish|vegetable,GeoNames cities5000 dump; CC BY 4.0,906054,2026-04-14,geolocated national model-support node,"place and coordinate are external records; node role, sink weight and any later flow are model inputs or estimates, not observed shipments",NF_EDFLOW_geolocated_network_expansion_v1_2_0_2026-08-31
GEO_ZMB_917748,Zambia,ZMB,Choma,Choma,26.9875,-16.80889,PPLA,candidate consumer or transit catchment,fish|vegetable,GeoNames cities5000 dump; CC BY 4.0,917748,2026-04-14,geolocated national model-support node,"place and coordinate are external records; node role, sink weight and any later flow are model inputs or estimates, not observed shipments",NF_EDFLOW_geolocated_network_expansion_v1_2_0_2026-08-31
GEO_ZMB_918905,Zambia,ZMB,Chinsali,Chinsali,32.08162,-10.54142,PPLA,candidate consumer or transit catchment,fish|vegetable,GeoNames cities5000 dump; CC BY 4.0,918905,2026-04-14,geolocated national model-support node,"place and coordinate are external records; node role, sink weight and any later flow are model inputs or estimates, not observed shipments",NF_EDFLOW_geolocated_network_expansion_v1_2_0_2026-08-31
GEO_ZMB_911148,Zambia,ZMB,Kitwe,Kitwe,28.21323,-12.80243,PPL,candidate consumer or transit catchment,fish|vegetable,GeoNames cities5000 dump; CC BY 4.0,911148,2024-12-02,geolocated national model-support node,"place and coordinate are external records; node role, sink weight and any later flow are model inputs or estimates, not observed shipments",NF_EDFLOW_geolocated_network_expansion_v1_2_0_2026-08-31
GEO_ZMB_909863,Zambia,ZMB,Luanshya,Luanshya,28.41661,-13.13667,PPL,candidate consumer or transit catchment,fish|vegetable,GeoNames cities5000 dump; CC BY 4.0,909863,2024-12-02,geolocated national model-support node,"place and coordinate are external records; node role, sink weight and any later flow are model inputs or estimates, not observed shipments",NF_EDFLOW_geolocated_network_expansion_v1_2_0_2026-08-31
GEO_ZMB_905395,Zambia,ZMB,Mufulira,Mufulira,28.24071,-12.54982,PPL,candidate consumer or transit catchment,fish|vegetable,GeoNames cities5000 dump; CC BY 4.0,905395,2024-12-02,geolocated national model-support node,"place and coordinate are external records; node role, sink weight and any later flow are model inputs or estimates, not observed shipments",NF_EDFLOW_geolocated_network_expansion_v1_2_0_2026-08-31
GEO_ZMB_13132725,Zambia,ZMB,Chunga,Chunga,28.26868,-15.31737,PPL,candidate consumer or transit catchment,fish|vegetable,GeoNames cities5000 dump; CC BY 4.0,13132725,2024-12-02,geolocated national model-support node,"place and coordinate are external records; node role, sink weight and any later flow are model inputs or estimates, not observed shipments",NF_EDFLOW_geolocated_network_expansion_v1_2_0_2026-08-31
GEO_ZMB_919544,Zambia,ZMB,Chililabombwe,Chililabombwe,27.82286,-12.36475,PPL,candidate consumer or transit catchment,fish|vegetable,GeoNames cities5000 dump; CC BY 4.0,919544,2024-12-02,geolocated national model-support node,"place and coordinate are external records; node role, sink weight and any later flow are model inputs or estimates, not observed shipments",NF_EDFLOW_geolocated_network_expansion_v1_2_0_2026-08-31
GEO_ZMB_907111,Zambia,ZMB,Mazabuka,Mazabuka,27.748,-15.85601,PPL,candidate consumer or transit catchment,fish|vegetable,GeoNames cities5000 dump; CC BY 4.0,907111,2024-12-02,geolocated national model-support node,"place and coordinate are external records; node role, sink weight and any later flow are model inputs or estimates, not observed shipments",NF_EDFLOW_geolocated_network_expansion_v1_2_0_2026-08-31
GEO_ZMB_915883,Zambia,ZMB,Kafue,Kafue,28.18136,-15.76911,PPL,candidate consumer or transit catchment,fish|vegetable,GeoNames cities5000 dump; CC BY 4.0,915883,2024-12-02,geolocated national model-support node,"place and coordinate are external records; node role, sink weight and any later flow are model inputs or estimates, not observed shipments",NF_EDFLOW_geolocated_network_expansion_v1_2_0_2026-08-31
GEO_ZMB_914959,Zambia,ZMB,Kalulushi,Kalulushi,28.09479,-12.84151,PPL,candidate consumer or transit catchment,fish|vegetable,GeoNames cities5000 dump; CC BY 4.0,914959,2024-12-02,geolocated national model-support node,"place and coordinate are external records; node role, sink weight and any later flow are model inputs or estimates, not observed shipments",NF_EDFLOW_geolocated_network_expansion_v1_2_0_2026-08-31
GEO_ZMB_13132732,Zambia,ZMB,Namalombwe,Namalombwe,28.18986,-15.39053,PPL,candidate consumer or transit catchment,fish|vegetable,GeoNames cities5000 dump; CC BY 4.0,13132732,2024-12-02,geolocated national model-support node,"place and coordinate are external records; node role, sink weight and any later flow are model inputs or estimates, not observed shipments",NF_EDFLOW_geolocated_network_expansion_v1_2_0_2026-08-31
GEO_ZMB_175555,Zambia,ZMB,Nakonde,Nakonde,32.745,-9.34213,PPL,candidate consumer or transit catchment,fish|vegetable,GeoNames cities5000 dump; CC BY 4.0,175555,2024-12-02,geolocated national model-support node,"place and coordinate are external records; node role, sink weight and any later flow are model inputs or estimates, not observed shipments",NF_EDFLOW_geolocated_network_expansion_v1_2_0_2026-08-31
GEO_ZMB_913029,Zambia,ZMB,Kapiri Mposhi,Kapiri Mposhi,28.66985,-13.97147,PPL,candidate consumer or transit catchment,fish|vegetable,GeoNames cities5000 dump; CC BY 4.0,913029,2024-12-02,geolocated national model-support node,"place and coordinate are external records; node role, sink weight and any later flow are model inputs or estimates, not observed shipments",NF_EDFLOW_geolocated_network_expansion_v1_2_0_2026-08-31
GEO_ZMB_13132727,Zambia,ZMB,Madido,Madido,28.37416,-15.35454,PPL,candidate consumer or transit catchment,fish|vegetable,GeoNames cities5000 dump; CC BY 4.0,13132727,2024-12-02,geolocated national model-support node,"place and coordinate are external records; node role, sink weight and any later flow are model inputs or estimates, not observed shipments",NF_EDFLOW_geolocated_network_expansion_v1_2_0_2026-08-31
GEO_ZMB_175499,Zambia,ZMB,Nchelenge,Nchelenge,28.73396,-9.34506,PPL,candidate consumer or transit catchment,fish|vegetable,GeoNames cities5000 dump; CC BY 4.0,175499,2024-12-02,geolocated national model-support node,"place and coordinate are external records; node role, sink weight and any later flow are model inputs or estimates, not observed shipments",NF_EDFLOW_geolocated_network_expansion_v1_2_0_2026-08-31
GEO_ZMB_905846,Zambia,ZMB,Mpika,Mpika,31.45287,-11.83431,PPL,candidate consumer or transit catchment,fish|vegetable,GeoNames cities5000 dump; CC BY 4.0,905846,2024-12-02,geolocated national model-support node,"place and coordinate are external records; node role, sink weight and any later flow are model inputs or estimates, not observed shipments",NF_EDFLOW_geolocated_network_expansion_v1_2_0_2026-08-31
GEO_ZMB_906043,Zambia,ZMB,Monze,Monze,27.47724,-16.27149,PPL,candidate consumer or transit catchment,fish|vegetable,GeoNames cities5000 dump; CC BY 4.0,906043,2026-01-31,geolocated national model-support node,"place and coordinate are external records; node role, sink weight and any later flow are model inputs or estimates, not observed shipments",NF_EDFLOW_geolocated_network_expansion_v1_2_0_2026-08-31
GEO_ZMB_899825,Zambia,ZMB,Petauke,Petauke,31.31975,-14.24117,PPL,candidate consumer or transit catchment,fish|vegetable,GeoNames cities5000 dump; CC BY 4.0,899825,2024-12-02,geolocated national model-support node,"place and coordinate are external records; node role, sink weight and any later flow are model inputs or estimates, not observed shipments",NF_EDFLOW_geolocated_network_expansion_v1_2_0_2026-08-31
GEO_ZMB_917688,Zambia,ZMB,Chongwe,Chongwe,28.68204,-15.32916,PPL,candidate consumer or transit catchment,fish|vegetable,GeoNames cities5000 dump; CC BY 4.0,917688,2024-12-02,geolocated national model-support node,"place and coordinate are external records; node role, sink weight and any later flow are model inputs or estimates, not observed shipments",NF_EDFLOW_geolocated_network_expansion_v1_2_0_2026-08-31
GEO_ZMB_175961,Zambia,ZMB,Mpulungu,Mpulungu,31.11405,-8.76234,PPL,candidate consumer or transit catchment,fish|vegetable,GeoNames cities5000 dump; CC BY 4.0,175961,2024-12-02,geolocated national model-support node,"place and coordinate are external records; node role, sink weight and any later flow are model inputs or estimates, not observed shipments",NF_EDFLOW_geolocated_network_expansion_v1_2_0_2026-08-31
GEO_ZMB_7932530,Zambia,ZMB,Chilanga Township,Chilanga Township,28.2701,-15.57079,PPL,candidate consumer or transit catchment,fish|vegetable,GeoNames cities5000 dump; CC BY 4.0,7932530,2024-12-02,geolocated national model-support node,"place and coordinate are external records; node role, sink weight and any later flow are model inputs or estimates, not observed shipments",NF_EDFLOW_geolocated_network_expansion_v1_2_0_2026-08-31
GEO_ZMB_899274,Zambia,ZMB,Samfya,Samfya,29.55652,-11.36491,PPL,candidate consumer or transit catchment,fish|vegetable,GeoNames cities5000 dump; CC BY 4.0,899274,2024-12-02,geolocated national model-support node,"place and coordinate are external records; node role, sink weight and any later flow are model inputs or estimates, not observed shipments",NF_EDFLOW_geolocated_network_expansion_v1_2_0_2026-08-31
GEO_ZMB_904422,Zambia,ZMB,Mumbwa,Mumbwa,27.0619,-14.98293,PPL,candidate consumer or transit catchment,fish|vegetable,GeoNames cities5000 dump; CC BY 4.0,904422,2024-12-02,geolocated national model-support node,"place and coordinate are external records; node role, sink weight and any later flow are model inputs or estimates, not observed shipments",NF_EDFLOW_geolocated_network_expansion_v1_2_0_2026-08-31
GEO_ZMB_906221,Zambia,ZMB,Mkushi,Mkushi,29.3939,-13.62015,PPL,candidate consumer or transit catchment,fish|vegetable,GeoNames cities5000 dump; CC BY 4.0,906221,2024-12-02,geolocated national model-support node,"place and coordinate are external records; node role, sink weight and any later flow are model inputs or estimates, not observed shipments",NF_EDFLOW_geolocated_network_expansion_v1_2_0_2026-08-31
GEO_ZMB_912072,Zambia,ZMB,Katete,Katete,32.08333,-14.05,PPL,candidate consumer or transit catchment,fish|vegetable,GeoNames cities5000 dump; CC BY 4.0,912072,2024-12-02,geolocated national model-support node,"place and coordinate are external records; node role, sink weight and any later flow are model inputs or estimates, not observed shipments",NF_EDFLOW_geolocated_network_expansion_v1_2_0_2026-08-31
GEO_ZMB_909299,Zambia,ZMB,Lundazi,Lundazi,33.1782,-12.29292,PPL,candidate consumer or transit catchment,fish|vegetable,GeoNames cities5000 dump; CC BY 4.0,909299,2024-12-02,geolocated national model-support node,"place and coordinate are external records; node role, sink weight and any later flow are model inputs or estimates, not observed shipments",NF_EDFLOW_geolocated_network_expansion_v1_2_0_2026-08-31
GEO_ZMB_176146,Zambia,ZMB,Mbala,Mbala,31.36587,-8.84024,PPL,candidate consumer or transit catchment,fish|vegetable,GeoNames cities5000 dump; CC BY 4.0,176146,2025-07-14,geolocated national model-support node,"place and coordinate are external records; node role, sink weight and any later flow are model inputs or estimates, not observed shipments",NF_EDFLOW_geolocated_network_expansion_v1_2_0_2026-08-31
GEO_ZMB_13132724,Zambia,ZMB,Chisankane,Chisankane,28.35099,-15.48211,PPL,candidate consumer or transit catchment,fish|vegetable,GeoNames cities5000 dump; CC BY 4.0,13132724,2024-12-02,geolocated national model-support node,"place and coordinate are external records; node role, sink weight and any later flow are model inputs or estimates, not observed shipments",NF_EDFLOW_geolocated_network_expansion_v1_2_0_2026-08-31
GEO_ZMB_913613,Zambia,ZMB,Kansanshi,Kansanshi,26.42727,-12.09514,PPL,candidate consumer or transit catchment,fish|vegetable,GeoNames cities5000 dump; CC BY 4.0,913613,2011-10-27,geolocated national model-support node,"place and coordinate are external records; node role, sink weight and any later flow are model inputs or estimates, not observed shipments",NF_EDFLOW_geolocated_network_expansion_v1_2_0_2026-08-31
GEO_ZMB_176758,Zambia,ZMB,Kaputa,Kaputa,29.66193,-8.46887,PPL,candidate consumer or transit catchment,fish|vegetable,GeoNames cities5000 dump; CC BY 4.0,176758,2024-12-02,geolocated national model-support node,"place and coordinate are external records; node role, sink weight and any later flow are model inputs or estimates, not observed shipments",NF_EDFLOW_geolocated_network_expansion_v1_2_0_2026-08-31
GEO_ZMB_918488,Zambia,ZMB,Chirundu,Chirundu,28.84311,-16.03577,PPL,candidate consumer or transit catchment,fish|vegetable,GeoNames cities5000 dump; CC BY 4.0,918488,2024-12-02,geolocated national model-support node,"place and coordinate are external records; node role, sink weight and any later flow are model inputs or estimates, not observed shipments",NF_EDFLOW_geolocated_network_expansion_v1_2_0_2026-08-31
GEO_ZMB_920820,Zambia,ZMB,Chambishi,Chambishi,28.05367,-12.63247,PPL,candidate consumer or transit catchment,fish|vegetable,GeoNames cities5000 dump; CC BY 4.0,920820,2024-12-02,geolocated national model-support node,"place and coordinate are external records; node role, sink weight and any later flow are model inputs or estimates, not observed shipments",NF_EDFLOW_geolocated_network_expansion_v1_2_0_2026-08-31
GEO_ZMB_913323,Zambia,ZMB,Kaoma,Kaoma,24.8,-14.78333,PPL,candidate consumer or transit catchment,fish|vegetable,GeoNames cities5000 dump; CC BY 4.0,913323,2024-12-02,geolocated national model-support node,"place and coordinate are external records; node role, sink weight and any later flow are model inputs or estimates, not observed shipments",NF_EDFLOW_geolocated_network_expansion_v1_2_0_2026-08-31
GEO_ZMB_916668,Zambia,ZMB,Isoka,Isoka,32.63353,-10.16062,PPL,candidate consumer or transit catchment,fish|vegetable,GeoNames cities5000 dump; CC BY 4.0,916668,2024-12-02,geolocated national model-support node,"place and coordinate are external records; node role, sink weight and any later flow are model inputs or estimates, not observed shipments",NF_EDFLOW_geolocated_network_expansion_v1_2_0_2026-08-31
GEO_ZMB_176555,Zambia,ZMB,Kawambwa,Kawambwa,29.07913,-9.7915,PPL,candidate consumer or transit catchment,fish|vegetable,GeoNames cities5000 dump; CC BY 4.0,176555,2024-12-02,geolocated national model-support node,"place and coordinate are external records; node role, sink weight and any later flow are model inputs or estimates, not observed shipments",NF_EDFLOW_geolocated_network_expansion_v1_2_0_2026-08-31
GEO_ZMB_915086,Zambia,ZMB,Kalomo,Kalomo,26.48369,-17.02581,PPL,candidate consumer or transit catchment,fish|vegetable,GeoNames cities5000 dump; CC BY 4.0,915086,2024-12-02,geolocated national model-support node,"place and coordinate are external records; node role, sink weight and any later flow are model inputs or estimates, not observed shipments",NF_EDFLOW_geolocated_network_expansion_v1_2_0_2026-08-31
GEO_ZMB_175967,Zambia,ZMB,Mporokoso,Mporokoso,30.12501,-9.37273,PPL,candidate consumer or transit catchment,fish|vegetable,GeoNames cities5000 dump; CC BY 4.0,175967,2024-12-02,geolocated national model-support node,"place and coordinate are external records; node role, sink weight and any later flow are model inputs or estimates, not observed shipments",NF_EDFLOW_geolocated_network_expansion_v1_2_0_2026-08-31
GEO_ZMB_898912,Zambia,ZMB,Serenje,Serenje,30.23522,-13.23251,PPL,candidate consumer or transit catchment,fish|vegetable,GeoNames cities5000 dump; CC BY 4.0,898912,2024-12-02,geolocated national model-support node,"place and coordinate are external records; node role, sink weight and any later flow are model inputs or estimates, not observed shipments",NF_EDFLOW_geolocated_network_expansion_v1_2_0_2026-08-31
GEO_ZMB_898905,Zambia,ZMB,Sesheke,Sesheke,24.29684,-17.47593,PPL,candidate consumer or transit catchment,fish|vegetable,GeoNames cities5000 dump; CC BY 4.0,898905,2024-12-02,geolocated national model-support node,"place and coordinate are external records; node role, sink weight and any later flow are model inputs or estimates, not observed shipments",NF_EDFLOW_geolocated_network_expansion_v1_2_0_2026-08-31
GEO_ZMB_912628,Zambia,ZMB,Kasempa,Kasempa,25.8338,-13.45836,PPL,candidate consumer or transit catchment,fish|vegetable,GeoNames cities5000 dump; CC BY 4.0,912628,2024-12-02,geolocated national model-support node,"place and coordinate are external records; node role, sink weight and any later flow are model inputs or estimates, not observed shipments",NF_EDFLOW_geolocated_network_expansion_v1_2_0_2026-08-31
GEO_ZMB_13132728,Zambia,ZMB,Manyama,Manyama,25.84862,-12.31477,PPL,candidate consumer or transit catchment,fish|vegetable,GeoNames cities5000 dump; CC BY 4.0,13132728,2024-12-02,geolocated national model-support node,"place and coordinate are external records; node role, sink weight and any later flow are model inputs or estimates, not observed shipments",NF_EDFLOW_geolocated_network_expansion_v1_2_0_2026-08-31
GEO_ZMB_908913,Zambia,ZMB,Luwingu,Luwingu,29.92712,-10.2621,PPL,candidate consumer or transit catchment,fish|vegetable,GeoNames cities5000 dump; CC BY 4.0,908913,2024-12-02,geolocated national model-support node,"place and coordinate are external records; node role, sink weight and any later flow are model inputs or estimates, not observed shipments",NF_EDFLOW_geolocated_network_expansion_v1_2_0_2026-08-31
GEO_ZMB_13132729,Zambia,ZMB,Mapalo,Mapalo,28.67206,-12.93688,PPL,candidate consumer or transit catchment,fish|vegetable,GeoNames cities5000 dump; CC BY 4.0,13132729,2024-12-02,geolocated national model-support node,"place and coordinate are external records; node role, sink weight and any later flow are model inputs or estimates, not observed shipments",NF_EDFLOW_geolocated_network_expansion_v1_2_0_2026-08-31
GEO_ZMB_898188,Zambia,ZMB,Siavonga,Siavonga,28.70876,-16.53818,PPL,candidate consumer or transit catchment,fish|vegetable,GeoNames cities5000 dump; CC BY 4.0,898188,2024-12-02,geolocated national model-support node,"place and coordinate are external records; node role, sink weight and any later flow are model inputs or estimates, not observed shipments",NF_EDFLOW_geolocated_network_expansion_v1_2_0_2026-08-31
GEO_ZMB_895953,Zambia,ZMB,Zambezi,Zambezi,23.10467,-13.54323,PPL,candidate consumer or transit catchment,fish|vegetable,GeoNames cities5000 dump; CC BY 4.0,895953,2024-12-02,geolocated national model-support node,"place and coordinate are external records; node role, sink weight and any later flow are model inputs or estimates, not observed shipments",NF_EDFLOW_geolocated_network_expansion_v1_2_0_2026-08-31
GEO_ZMB_13132730,Zambia,ZMB,Mufumbwe,Mufumbwe,25.00653,-13.13701,PPL,candidate consumer or transit catchment,fish|vegetable,GeoNames cities5000 dump; CC BY 4.0,13132730,2024-12-02,geolocated national model-support node,"place and coordinate are external records; node role, sink weight and any later flow are model inputs or estimates, not observed shipments",NF_EDFLOW_geolocated_network_expansion_v1_2_0_2026-08-31
GEO_ZMB_902620,Zambia,ZMB,Mwinilunga,Mwinilunga,24.42926,-11.73584,PPL,candidate consumer or transit catchment,fish|vegetable,GeoNames cities5000 dump; CC BY 4.0,902620,2024-12-02,geolocated national model-support node,"place and coordinate are external records; node role, sink weight and any later flow are model inputs or estimates, not observed shipments",NF_EDFLOW_geolocated_network_expansion_v1_2_0_2026-08-31
GEO_ZMB_905789,Zambia,ZMB,Mpongwe,Mpongwe,28.15504,-13.50914,PPL,candidate consumer or transit catchment,fish|vegetable,GeoNames cities5000 dump; CC BY 4.0,905789,2024-12-02,geolocated national model-support node,"place and coordinate are external records; node role, sink weight and any later flow are model inputs or estimates, not observed shipments",NF_EDFLOW_geolocated_network_expansion_v1_2_0_2026-08-31
GEO_ZMB_6695527,Zambia,ZMB,Itezhi-Tezhi,Itezhi-Tezhi,26.04155,-15.73691,PPL,candidate consumer or transit catchment,fish|vegetable,GeoNames cities5000 dump; CC BY 4.0,6695527,2024-12-02,geolocated national model-support node,"place and coordinate are external records; node role, sink weight and any later flow are model inputs or estimates, not observed shipments",NF_EDFLOW_geolocated_network_expansion_v1_2_0_2026-08-31
GEO_ZMB_908718,Zambia,ZMB,Maamba,Maamba,27.15,-17.36667,PPL,candidate consumer or transit catchment,fish|vegetable,GeoNames cities5000 dump; CC BY 4.0,908718,2024-12-02,geolocated national model-support node,"place and coordinate are external records; node role, sink weight and any later flow are model inputs or estimates, not observed shipments",NF_EDFLOW_geolocated_network_expansion_v1_2_0_2026-08-31
GEO_ZMB_13132726,Zambia,ZMB,Lusaka West,Lusaka West,28.11026,-15.31864,PPL,candidate consumer or transit catchment,fish|vegetable,GeoNames cities5000 dump; CC BY 4.0,13132726,2024-12-02,geolocated national model-support node,"place and coordinate are external records; node role, sink weight and any later flow are model inputs or estimates, not observed shipments",NF_EDFLOW_geolocated_network_expansion_v1_2_0_2026-08-31
GEO_ZMB_898947,Zambia,ZMB,Senanga,Senanga,23.26667,-16.11667,PPL,candidate consumer or transit catchment,fish|vegetable,GeoNames cities5000 dump; CC BY 4.0,898947,2024-12-02,geolocated national model-support node,"place and coordinate are external records; node role, sink weight and any later flow are model inputs or estimates, not observed shipments",NF_EDFLOW_geolocated_network_expansion_v1_2_0_2026-08-31
GEO_ZMB_13132733,Zambia,ZMB,Ntandabale,Ntandabale,28.42201,-15.38958,PPL,candidate consumer or transit catchment,fish|vegetable,GeoNames cities5000 dump; CC BY 4.0,13132733,2024-12-02,geolocated national model-support node,"place and coordinate are external records; node role, sink weight and any later flow are model inputs or estimates, not observed shipments",NF_EDFLOW_geolocated_network_expansion_v1_2_0_2026-08-31
GEO_ZMB_13132734,Zambia,ZMB,Palabana,Palabana,28.53436,-15.44623,PPL,candidate consumer or transit catchment,fish|vegetable,GeoNames cities5000 dump; CC BY 4.0,13132734,2024-12-02,geolocated national model-support node,"place and coordinate are external records; node role, sink weight and any later flow are model inputs or estimates, not observed shipments",NF_EDFLOW_geolocated_network_expansion_v1_2_0_2026-08-31
GEO_ZMB_909488,Zambia,ZMB,Lukulu,Lukulu,23.24196,-14.37067,PPL,candidate consumer or transit catchment,fish|vegetable,GeoNames cities5000 dump; CC BY 4.0,909488,2024-12-02,geolocated national model-support node,"place and coordinate are external records; node role, sink weight and any later flow are model inputs or estimates, not observed shipments",NF_EDFLOW_geolocated_network_expansion_v1_2_0_2026-08-31
GEO_ZMB_907705,Zambia,ZMB,Manyinga,Manyinga,24.33532,-13.41646,PPL,candidate consumer or transit catchment,fish|vegetable,GeoNames cities5000 dump; CC BY 4.0,907705,2024-12-02,geolocated national model-support node,"place and coordinate are external records; node role, sink weight and any later flow are model inputs or estimates, not observed shipments",NF_EDFLOW_geolocated_network_expansion_v1_2_0_2026-08-31
GEO_ZMB_900056,Zambia,ZMB,Nyimba,Nyimba,30.8149,-14.55656,PPL,candidate consumer or transit catchment,fish|vegetable,GeoNames cities5000 dump; CC BY 4.0,900056,2024-12-02,geolocated national model-support node,"place and coordinate are external records; node role, sink weight and any later flow are model inputs or estimates, not observed shipments",NF_EDFLOW_geolocated_network_expansion_v1_2_0_2026-08-31
GEO_ZMB_920470,Zambia,ZMB,Chavuma,Chavuma,22.68333,-13.06667,PPL,candidate consumer or transit catchment,fish|vegetable,GeoNames cities5000 dump; CC BY 4.0,920470,2024-12-02,geolocated national model-support node,"place and coordinate are external records; node role, sink weight and any later flow are model inputs or estimates, not observed shipments",NF_EDFLOW_geolocated_network_expansion_v1_2_0_2026-08-31
GEO_ZMB_897454,Zambia,ZMB,Sinda,Sinda,31.7629,-14.21004,PPL,candidate consumer or transit catchment,fish|vegetable,GeoNames cities5000 dump; CC BY 4.0,897454,2024-12-02,geolocated national model-support node,"place and coordinate are external records; node role, sink weight and any later flow are model inputs or estimates, not observed shipments",NF_EDFLOW_geolocated_network_expansion_v1_2_0_2026-08-31
GEO_ZMB_915471,Zambia,ZMB,Kalabo,Kalabo,22.67926,-14.99307,PPL,candidate consumer or transit catchment,fish|vegetable,GeoNames cities5000 dump; CC BY 4.0,915471,2024-12-02,geolocated national model-support node,"place and coordinate are external records; node role, sink weight and any later flow are model inputs or estimates, not observed shipments",NF_EDFLOW_geolocated_network_expansion_v1_2_0_2026-08-31
GEO_ZMB_918398,Zambia,ZMB,Chisasa,Chisasa,25.49613,-12.10932,PPL,candidate consumer or transit catchment,fish|vegetable,GeoNames cities5000 dump; CC BY 4.0,918398,2024-12-02,geolocated national model-support node,"place and coordinate are external records; node role, sink weight and any later flow are model inputs or estimates, not observed shipments",NF_EDFLOW_geolocated_network_expansion_v1_2_0_2026-08-31
GEO_ZMB_8298600,Zambia,ZMB,Nampundwe,Nampundwe,27.92441,-15.50819,PPL,candidate consumer or transit catchment,fish|vegetable,GeoNames cities5000 dump; CC BY 4.0,8298600,2024-12-02,geolocated national model-support node,"place and coordinate are external records; node role, sink weight and any later flow are model inputs or estimates, not observed shipments",NF_EDFLOW_geolocated_network_expansion_v1_2_0_2026-08-31
GEO_ZMB_13132731,Zambia,ZMB,Mwansabombwe,Mwansabombwe,28.76038,-9.82202,PPL,candidate consumer or transit catchment,fish|vegetable,GeoNames cities5000 dump; CC BY 4.0,13132731,2024-12-02,geolocated national model-support node,"place and coordinate are external records; node role, sink weight and any later flow are model inputs or estimates, not observed shipments",NF_EDFLOW_geolocated_network_expansion_v1_2_0_2026-08-31
GEO_ZMB_901766,Zambia,ZMB,Namwala,Namwala,26.43839,-15.75042,PPL,candidate consumer or transit catchment,fish|vegetable,GeoNames cities5000 dump; CC BY 4.0,901766,2024-12-02,geolocated national model-support node,"place and coordinate are external records; node role, sink weight and any later flow are model inputs or estimates, not observed shipments",NF_EDFLOW_geolocated_network_expansion_v1_2_0_2026-08-31
GEO_ZMB_897456,Zambia,ZMB,Sinazongwe,Sinazongwe,27.46179,-17.2614,PPL,candidate consumer or transit catchment,fish|vegetable,GeoNames cities5000 dump; CC BY 4.0,897456,2024-12-02,geolocated national model-support node,"place and coordinate are external records; node role, sink weight and any later flow are model inputs or estimates, not observed shipments",NF_EDFLOW_geolocated_network_expansion_v1_2_0_2026-08-31
GEO_ZMB_177748,Zambia,ZMB,Chiengi,Chiengi,29.16142,-8.66043,PPL,candidate consumer or transit catchment,fish|vegetable,GeoNames cities5000 dump; CC BY 4.0,177748,2024-12-02,geolocated national model-support node,"place and coordinate are external records; node role, sink weight and any later flow are model inputs or estimates, not observed shipments",NF_EDFLOW_geolocated_network_expansion_v1_2_0_2026-08-31
GEO_ZMB_916246,Zambia,ZMB,Kabompo,Kabompo,24.20081,-13.59268,PPL,candidate consumer or transit catchment,fish|vegetable,GeoNames cities5000 dump; CC BY 4.0,916246,2024-12-02,geolocated national model-support node,"place and coordinate are external records; node role, sink weight and any later flow are model inputs or estimates, not observed shipments",NF_EDFLOW_geolocated_network_expansion_v1_2_0_2026-08-31
GEO_ZMB_916938,Zambia,ZMB,Ibenga,Ibenga,28.43333,-13.36667,PPL,candidate consumer or transit catchment,fish|vegetable,GeoNames cities5000 dump; CC BY 4.0,916938,2024-12-02,geolocated national model-support node,"place and coordinate are external records; node role, sink weight and any later flow are model inputs or estimates, not observed shipments",NF_EDFLOW_geolocated_network_expansion_v1_2_0_2026-08-31
GEO_ZMB_13132723,Zambia,ZMB,Chinkuli,Chinkuli,28.41596,-15.29973,PPL,candidate consumer or transit catchment,fish|vegetable,GeoNames cities5000 dump; CC BY 4.0,13132723,2024-12-02,geolocated national model-support node,"place and coordinate are external records; node role, sink weight and any later flow are model inputs or estimates, not observed shipments",NF_EDFLOW_geolocated_network_expansion_v1_2_0_2026-08-31
GEO_ZMB_912226,Zambia,ZMB,Kataba,Kataba,29.78333,-11.88333,PPL,candidate consumer or transit catchment,fish|vegetable,GeoNames cities5000 dump; CC BY 4.0,912226,2013-05-05,geolocated national model-support node,"place and coordinate are external records; node role, sink weight and any later flow are model inputs or estimates, not observed shipments",NF_EDFLOW_geolocated_network_expansion_v1_2_0_2026-08-31
GEO_ZWE_890299,Zimbabwe,ZWE,Harare,Harare,31.05337,-17.82772,PPLC,major national hub,fish|vegetable,GeoNames cities5000 dump; CC BY 4.0,890299,2025-02-07,geolocated national model-support node,"place and coordinate are external records; node role, sink weight and any later flow are model inputs or estimates, not observed shipments",NF_EDFLOW_geolocated_network_expansion_v1_2_0_2026-08-31
GEO_ZWE_894701,Zimbabwe,ZWE,Bulawayo,Bulawayo,28.58333,-20.15,PPLA,major national hub,fish|vegetable,GeoNames cities5000 dump; CC BY 4.0,894701,2026-04-14,geolocated national model-support node,"place and coordinate are external records; node role, sink weight and any later flow are model inputs or estimates, not observed shipments",NF_EDFLOW_geolocated_network_expansion_v1_2_0_2026-08-31
GEO_ZWE_884979,Zimbabwe,ZWE,Mutare,Mutare,32.67086,-18.9707,PPLA,major national hub,fish|vegetable,GeoNames cities5000 dump; CC BY 4.0,884979,2026-04-14,geolocated national model-support node,"place and coordinate are external records; node role, sink weight and any later flow are model inputs or estimates, not observed shipments",NF_EDFLOW_geolocated_network_expansion_v1_2_0_2026-08-31
GEO_ZWE_890422,Zimbabwe,ZWE,Gweru,Gweru,29.81667,-19.45,PPLA,major national hub,fish|vegetable,GeoNames cities5000 dump; CC BY 4.0,890422,2026-04-14,geolocated national model-support node,"place and coordinate are external records; node role, sink weight and any later flow are model inputs or estimates, not observed shipments",NF_EDFLOW_geolocated_network_expansion_v1_2_0_2026-08-31
GEO_ZWE_893697,Zimbabwe,ZWE,Chinhoyi,Chinhoyi,30.2,-17.36667,PPLA,major national hub,fish|vegetable,GeoNames cities5000 dump; CC BY 4.0,893697,2026-04-14,geolocated national model-support node,"place and coordinate are external records; node role, sink weight and any later flow are model inputs or estimates, not observed shipments",NF_EDFLOW_geolocated_network_expansion_v1_2_0_2026-08-31
GEO_ZWE_886763,Zimbabwe,ZWE,Masvingo,Masvingo,30.82766,-20.06373,PPLA,candidate consumer or transit catchment,fish|vegetable,GeoNames cities5000 dump; CC BY 4.0,886763,2026-04-14,geolocated national model-support node,"place and coordinate are external records; node role, sink weight and any later flow are model inputs or estimates, not observed shipments",NF_EDFLOW_geolocated_network_expansion_v1_2_0_2026-08-31
GEO_ZWE_886990,Zimbabwe,ZWE,Marondera,Marondera,31.55193,-18.18527,PPLA,candidate consumer or transit catchment,fish|vegetable,GeoNames cities5000 dump; CC BY 4.0,886990,2026-04-14,geolocated national model-support node,"place and coordinate are external records; node role, sink weight and any later flow are model inputs or estimates, not observed shipments",NF_EDFLOW_geolocated_network_expansion_v1_2_0_2026-08-31
GEO_ZWE_895061,Zimbabwe,ZWE,Bindura,Bindura,31.33056,-17.30192,PPLA,candidate consumer or transit catchment,fish|vegetable,GeoNames cities5000 dump; CC BY 4.0,895061,2026-04-14,geolocated national model-support node,"place and coordinate are external records; node role, sink weight and any later flow are model inputs or estimates, not observed shipments",NF_EDFLOW_geolocated_network_expansion_v1_2_0_2026-08-31
GEO_ZWE_890516,Zimbabwe,ZWE,Gwanda,Gwanda,29.00698,-20.93622,PPLA,candidate consumer or transit catchment,fish|vegetable,GeoNames cities5000 dump; CC BY 4.0,890516,2026-04-14,geolocated national model-support node,"place and coordinate are external records; node role, sink weight and any later flow are model inputs or estimates, not observed shipments",NF_EDFLOW_geolocated_network_expansion_v1_2_0_2026-08-31
GEO_ZWE_888225,Zimbabwe,ZWE,Lupane,Lupane,27.80696,-18.93149,PPLA,candidate consumer or transit catchment,fish|vegetable,GeoNames cities5000 dump; CC BY 4.0,888225,2026-04-14,geolocated national model-support node,"place and coordinate are external records; node role, sink weight and any later flow are model inputs or estimates, not observed shipments",NF_EDFLOW_geolocated_network_expansion_v1_2_0_2026-08-31
GEO_ZWE_1106542,Zimbabwe,ZWE,Chitungwiza,Chitungwiza,31.07555,-18.01274,PPL,candidate consumer or transit catchment,fish|vegetable,GeoNames cities5000 dump; CC BY 4.0,1106542,2024-12-02,geolocated national model-support node,"place and coordinate are external records; node role, sink weight and any later flow are model inputs or estimates, not observed shipments",NF_EDFLOW_geolocated_network_expansion_v1_2_0_2026-08-31
GEO_ZWE_1085510,Zimbabwe,ZWE,Epworth,Epworth,31.1475,-17.89,PPLX,candidate consumer or transit catchment,fish|vegetable,GeoNames cities5000 dump; CC BY 4.0,1085510,2026-06-22,geolocated national model-support node,"place and coordinate are external records; node role, sink weight and any later flow are model inputs or estimates, not observed shipments",NF_EDFLOW_geolocated_network_expansion_v1_2_0_2026-08-31
GEO_ZWE_888710,Zimbabwe,ZWE,Kwekwe,Kwekwe,29.81486,-18.92809,PPL,candidate consumer or transit catchment,fish|vegetable,GeoNames cities5000 dump; CC BY 4.0,888710,2022-10-07,geolocated national model-support node,"place and coordinate are external records; node role, sink weight and any later flow are model inputs or estimates, not observed shipments",NF_EDFLOW_geolocated_network_expansion_v1_2_0_2026-08-31
GEO_ZWE_889453,Zimbabwe,ZWE,Kadoma,Kadoma,29.91534,-18.33328,PPL,candidate consumer or transit catchment,fish|vegetable,GeoNames cities5000 dump; CC BY 4.0,889453,2024-12-02,geolocated national model-support node,"place and coordinate are external records; node role, sink weight and any later flow are model inputs or estimates, not observed shipments",NF_EDFLOW_geolocated_network_expansion_v1_2_0_2026-08-31
GEO_ZWE_882009,Zimbabwe,ZWE,Ruwa,Ruwa,31.24472,-17.88972,PPL,candidate consumer or transit catchment,fish|vegetable,GeoNames cities5000 dump; CC BY 4.0,882009,2022-10-07,geolocated national model-support node,"place and coordinate are external records; node role, sink weight and any later flow are model inputs or estimates, not observed shipments",NF_EDFLOW_geolocated_network_expansion_v1_2_0_2026-08-31
GEO_ZWE_884141,Zimbabwe,ZWE,Norton,Norton,30.7,-17.88333,PPL,candidate consumer or transit catchment,fish|vegetable,GeoNames cities5000 dump; CC BY 4.0,884141,2024-12-02,geolocated national model-support node,"place and coordinate are external records; node role, sink weight and any later flow are model inputs or estimates, not observed shipments",NF_EDFLOW_geolocated_network_expansion_v1_2_0_2026-08-31
GEO_ZWE_894239,Zimbabwe,ZWE,Chegutu,Chegutu,30.14074,-18.13021,PPL,candidate consumer or transit catchment,fish|vegetable,GeoNames cities5000 dump; CC BY 4.0,894239,2022-10-07,geolocated national model-support node,"place and coordinate are external records; node role, sink weight and any later flow are model inputs or estimates, not observed shipments",NF_EDFLOW_geolocated_network_expansion_v1_2_0_2026-08-31
GEO_ZWE_878549,Zimbabwe,ZWE,Zvishavane,Zvishavane,30.06648,-20.32674,PPL,candidate consumer or transit catchment,fish|vegetable,GeoNames cities5000 dump; CC BY 4.0,878549,2022-10-07,geolocated national model-support node,"place and coordinate are external records; node role, sink weight and any later flow are model inputs or estimates, not observed shipments",NF_EDFLOW_geolocated_network_expansion_v1_2_0_2026-08-31
GEO_ZWE_895269,Zimbabwe,ZWE,Beitbridge,Beitbridge,30.0,-22.21667,PPL,candidate consumer or transit catchment,fish|vegetable,GeoNames cities5000 dump; CC BY 4.0,895269,2024-12-02,geolocated national model-support node,"place and coordinate are external records; node role, sink weight and any later flow are model inputs or estimates, not observed shipments",NF_EDFLOW_geolocated_network_expansion_v1_2_0_2026-08-31
GEO_ZWE_882599,Zimbabwe,ZWE,Redcliff,Redcliff,29.78333,-19.03333,PPL,candidate consumer or transit catchment,fish|vegetable,GeoNames cities5000 dump; CC BY 4.0,882599,2022-10-07,geolocated national model-support node,"place and coordinate are external records; node role, sink weight and any later flow are model inputs or estimates, not observed shipments",NF_EDFLOW_geolocated_network_expansion_v1_2_0_2026-08-31
GEO_ZWE_893485,Zimbabwe,ZWE,Chiredzi,Chiredzi,31.66667,-21.05,PPL,candidate consumer or transit catchment,fish|vegetable,GeoNames cities5000 dump; CC BY 4.0,893485,2022-10-07,geolocated national model-support node,"place and coordinate are external records; node role, sink weight and any later flow are model inputs or estimates, not observed shipments",NF_EDFLOW_geolocated_network_expansion_v1_2_0_2026-08-31
GEO_ZWE_889942,Zimbabwe,ZWE,Hwange,Hwange,26.49877,-18.36446,PPL,candidate consumer or transit catchment,fish|vegetable,GeoNames cities5000 dump; CC BY 4.0,889942,2024-12-02,geolocated national model-support node,"place and coordinate are external records; node role, sink weight and any later flow are model inputs or estimates, not observed shipments",NF_EDFLOW_geolocated_network_expansion_v1_2_0_2026-08-31
GEO_ZWE_882100,Zimbabwe,ZWE,Rusape,Rusape,32.12843,-18.52785,PPL,candidate consumer or transit catchment,fish|vegetable,GeoNames cities5000 dump; CC BY 4.0,882100,2024-12-02,geolocated national model-support node,"place and coordinate are external records; node role, sink weight and any later flow are model inputs or estimates, not observed shipments",NF_EDFLOW_geolocated_network_expansion_v1_2_0_2026-08-31
GEO_ZWE_889191,Zimbabwe,ZWE,Karoi,Karoi,29.69247,-16.80993,PPL,candidate consumer or transit catchment,fish|vegetable,GeoNames cities5000 dump; CC BY 4.0,889191,2024-12-02,geolocated national model-support node,"place and coordinate are external records; node role, sink weight and any later flow are model inputs or estimates, not observed shipments",NF_EDFLOW_geolocated_network_expansion_v1_2_0_2026-08-31
GEO_ZWE_879431,Zimbabwe,ZWE,Victoria Falls,Victoria Falls,25.83066,-17.93285,PPL,candidate consumer or transit catchment,fish|vegetable,GeoNames cities5000 dump; CC BY 4.0,879431,2024-12-02,geolocated national model-support node,"place and coordinate are external records; node role, sink weight and any later flow are model inputs or estimates, not observed shipments",NF_EDFLOW_geolocated_network_expansion_v1_2_0_2026-08-31
GEO_ZWE_893549,Zimbabwe,ZWE,Chipinge,Chipinge,32.62365,-20.18833,PPL,candidate consumer or transit catchment,fish|vegetable,GeoNames cities5000 dump; CC BY 4.0,893549,2022-10-07,geolocated national model-support node,"place and coordinate are external records; node role, sink weight and any later flow are model inputs or estimates, not observed shipments",NF_EDFLOW_geolocated_network_expansion_v1_2_0_2026-08-31
GEO_ZWE_890983,Zimbabwe,ZWE,Gokwe,Gokwe,28.9349,-18.20476,PPL,candidate consumer or transit catchment,fish|vegetable,GeoNames cities5000 dump; CC BY 4.0,890983,2024-12-02,geolocated national model-support node,"place and coordinate are external records; node role, sink weight and any later flow are model inputs or estimates, not observed shipments",NF_EDFLOW_geolocated_network_expansion_v1_2_0_2026-08-31
GEO_ZWE_885792,Zimbabwe,ZWE,Mount Hampden,Mount Hampden,30.93889,-17.74167,PPLX,candidate consumer or transit catchment,fish|vegetable,GeoNames cities5000 dump; CC BY 4.0,885792,2026-06-22,geolocated national model-support node,"place and coordinate are external records; node role, sink weight and any later flow are model inputs or estimates, not observed shipments",NF_EDFLOW_geolocated_network_expansion_v1_2_0_2026-08-31
GEO_ZWE_889215,Zimbabwe,ZWE,Kariba,Kariba,28.8,-16.51667,PPL,candidate consumer or transit catchment,fish|vegetable,GeoNames cities5000 dump; CC BY 4.0,889215,2022-10-07,geolocated national model-support node,"place and coordinate are external records; node role, sink weight and any later flow are model inputs or estimates, not observed shipments",NF_EDFLOW_geolocated_network_expansion_v1_2_0_2026-08-31
GEO_ZWE_881164,Zimbabwe,ZWE,Shurugwi,Shurugwi,30.00589,-19.67016,PPL,candidate consumer or transit catchment,fish|vegetable,GeoNames cities5000 dump; CC BY 4.0,881164,2024-12-02,geolocated national model-support node,"place and coordinate are external records; node role, sink weight and any later flow are model inputs or estimates, not observed shipments",NF_EDFLOW_geolocated_network_expansion_v1_2_0_2026-08-31
