node_id,longitude,latitude,node_name,dominant_survey_city,source_observations,destination_observations,commodity_count,provenance
KARG_NODE_00001,-17.34954,14.77049,Dakar (Sénégal),Bamako,346,253,26,"Karg et al. 2023, Food_flow_data_v1.csv"
KARG_NODE_00002,-16.95474,14.41525,Mbour (Sénégal),Bamako,0,1,1,"Karg et al. 2023, Food_flow_data_v1.csv"
KARG_NODE_00003,-16.69218,13.42889,The Gambia,Bamako,3,0,1,"Karg et al. 2023, Food_flow_data_v1.csv"
KARG_NODE_00004,-16.58567,13.46535,Banjul (the Gambia),Bamako,2,0,1,"Karg et al. 2023, Food_flow_data_v1.csv"
KARG_NODE_00005,-16.07353,14.13835,Kaolack (Sénégal),Bamako,0,1,1,"Karg et al. 2023, Food_flow_data_v1.csv"
KARG_NODE_00006,-15.96931,18.0839,Nouakchott (Mauritania),Bamako,0,8,5,"Karg et al. 2023, Food_flow_data_v1.csv"
KARG_NODE_00007,-15.88941,14.84643,Touba (Sénégal),Bamako,0,3,2,"Karg et al. 2023, Food_flow_data_v1.csv"
KARG_NODE_00008,-14.87445,14.53825,Sénégal,Bamako,45,27,10,"Karg et al. 2023, Food_flow_data_v1.csv"
KARG_NODE_00009,-13.67922,9.53706,Conakry (Guinée),Bamako,118,69,15,"Karg et al. 2023, Food_flow_data_v1.csv"
KARG_NODE_00010,-12.20012,14.45064,Diboli,Bamako,7,2,4,"Karg et al. 2023, Food_flow_data_v1.csv"
KARG_NODE_00011,-11.70544,13.89161,Sadiola,Bamako,3,3,5,"Karg et al. 2023, Food_flow_data_v1.csv"
KARG_NODE_00012,-11.66324,11.01133,Guinée,Bamako,32,15,10,"Karg et al. 2023, Food_flow_data_v1.csv"
KARG_NODE_00013,-11.5451,14.37172,Nionsonbougou,Bamako,0,37,7,"Karg et al. 2023, Food_flow_data_v1.csv"
KARG_NODE_00014,-11.50786,14.49296,Bangassi,Bamako,0,2,2,"Karg et al. 2023, Food_flow_data_v1.csv"
KARG_NODE_00015,-11.43791,14.44341,Kayes,Bamako,22,217,25,"Karg et al. 2023, Food_flow_data_v1.csv"
KARG_NODE_00016,-11.40564,14.45559,ATT bougou,Bamako,1,0,1,"Karg et al. 2023, Food_flow_data_v1.csv"
KARG_NODE_00017,-11.38907,13.09655,Djidian Kéniéba,Bamako,0,3,3,"Karg et al. 2023, Food_flow_data_v1.csv"
KARG_NODE_00018,-11.37369,16.93327,Mauritania,Bamako,17,27,8,"Karg et al. 2023, Food_flow_data_v1.csv"
KARG_NODE_00019,-11.36997,13.07075,Loulo,Bamako,2,0,2,"Karg et al. 2023, Food_flow_data_v1.csv"
KARG_NODE_00020,-11.23215,12.84071,Kéniéba,Bamako,18,101,23,"Karg et al. 2023, Food_flow_data_v1.csv"
KARG_NODE_00021,-11.058,10.96987,Dialakoro (Guineé),Bamako,0,4,4,"Karg et al. 2023, Food_flow_data_v1.csv"
KARG_NODE_00022,-11.04821,14.56802,Maréna Diombougou,Bamako,0,3,3,"Karg et al. 2023, Food_flow_data_v1.csv"
KARG_NODE_00023,-10.97696,14.2968,Beledougou,Bamako,2,3,4,"Karg et al. 2023, Food_flow_data_v1.csv"
KARG_NODE_00024,-10.94056,15.0125,Dogofry,Bamako,7,0,3,"Karg et al. 2023, Food_flow_data_v1.csv"
KARG_NODE_00025,-10.8982,12.43311,"Faraba (in Faraba, Kéniéba)",Bamako,6,10,10,"Karg et al. 2023, Food_flow_data_v1.csv"
KARG_NODE_00026,-10.84819,13.76056,Mahina,Bamako,4,7,5,"Karg et al. 2023, Food_flow_data_v1.csv"
KARG_NODE_00027,-10.8342,13.80888,Bafoulabé,Bamako,1,11,4,"Karg et al. 2023, Food_flow_data_v1.csv"
KARG_NODE_00028,-10.57284,15.1189,Yélimané,Bamako,3,11,10,"Karg et al. 2023, Food_flow_data_v1.csv"
KARG_NODE_00029,-10.46199,14.2494,Ossoubidiania,Bamako,0,2,2,"Karg et al. 2023, Food_flow_data_v1.csv"
KARG_NODE_00030,-10.45613,13.20522,Manantaly,Bamako,5,7,4,"Karg et al. 2023, Food_flow_data_v1.csv"
KARG_NODE_00031,-10.37748,13.59385,Oualia,Bamako,3,0,2,"Karg et al. 2023, Food_flow_data_v1.csv"
KARG_NODE_00032,-10.30561,14.70348,Sandaré,Bamako,1,2,3,"Karg et al. 2023, Food_flow_data_v1.csv"
KARG_NODE_00033,-10.16169,14.20537,Dialan,Bamako,0,1,1,"Karg et al. 2023, Food_flow_data_v1.csv"
KARG_NODE_00034,-10.09258,9.18957,Kissidougou (Guinée),Bamako,0,2,1,"Karg et al. 2023, Food_flow_data_v1.csv"
KARG_NODE_00035,-9.9448,12.87842,Kokofata,Bamako,0,6,3,"Karg et al. 2023, Food_flow_data_v1.csv"
KARG_NODE_00036,-9.90686,14.50476,Lakamané,Bamako,0,6,4,"Karg et al. 2023, Food_flow_data_v1.csv"
KARG_NODE_00037,-9.8782,13.44874,Toukoto,Bamako,0,4,3,"Karg et al. 2023, Food_flow_data_v1.csv"
KARG_NODE_00038,-9.82649,14.13999,Sefeto,Bamako,1,0,1,"Karg et al. 2023, Food_flow_data_v1.csv"
KARG_NODE_00039,-9.80994,15.10654,Youri,Bamako,1,0,1,"Karg et al. 2023, Food_flow_data_v1.csv"
KARG_NODE_00040,-9.76008,14.19756,Marena,Bamako,0,5,3,"Karg et al. 2023, Food_flow_data_v1.csv"
KARG_NODE_00041,-9.72502,14.13493,Karega,Bamako,10,0,6,"Karg et al. 2023, Food_flow_data_v1.csv"
KARG_NODE_00042,-9.71041,11.41317,Koleda (Guinée),Bamako,0,8,6,"Karg et al. 2023, Food_flow_data_v1.csv"
KARG_NODE_00043,-9.591,15.23168,Nioro,Bamako,46,43,17,"Karg et al. 2023, Food_flow_data_v1.csv"
KARG_NODE_00044,-9.57657,13.85811,Kourouninkoto,Bamako,0,1,1,"Karg et al. 2023, Food_flow_data_v1.csv"
KARG_NODE_00045,-9.56042,15.1781,"Nioro du Sahel (in Nioro, Nioro)",Bamako,1,9,4,"Karg et al. 2023, Food_flow_data_v1.csv"
KARG_NODE_00046,-9.55221,13.35787,Balandougou,Bamako,5,2,3,"Karg et al. 2023, Food_flow_data_v1.csv"
KARG_NODE_00047,-9.55129,14.31315,Lambidou,Bamako,2,15,7,"Karg et al. 2023, Food_flow_data_v1.csv"
KARG_NODE_00048,-9.53107,14.32557,Fatao,Bamako,4,0,3,"Karg et al. 2023, Food_flow_data_v1.csv"
KARG_NODE_00049,-9.4854,13.03503,Kita,Bamako,179,342,30,"Karg et al. 2023, Food_flow_data_v1.csv"
KARG_NODE_00050,-9.47652,12.90008,Founia Moriba,Bamako,1,0,1,"Karg et al. 2023, Food_flow_data_v1.csv"
KARG_NODE_00051,-9.45406,13.19773,Djidjan,Bamako,21,9,12,"Karg et al. 2023, Food_flow_data_v1.csv"
KARG_NODE_00052,-9.35318,15.04304,Bema,Bamako,2,0,1,"Karg et al. 2023, Food_flow_data_v1.csv"
KARG_NODE_00053,-9.34833,14.17454,Sakora,Bamako,0,3,3,"Karg et al. 2023, Food_flow_data_v1.csv"
KARG_NODE_00054,-9.32846,15.68351,"Gogui (in Gogui, Nioro)",Bamako,0,2,2,"Karg et al. 2023, Food_flow_data_v1.csv"
KARG_NODE_00055,-9.30574,14.35924,Madiga,Bamako,0,2,2,"Karg et al. 2023, Food_flow_data_v1.csv"
KARG_NODE_00056,-9.29907,10.37061,Kankan (Guinée),Bamako,2,112,19,"Karg et al. 2023, Food_flow_data_v1.csv"
KARG_NODE_00057,-9.22862,12.68357,"Sirakoro (in Sirakoro, Kita)",Bamako,5,1,3,"Karg et al. 2023, Food_flow_data_v1.csv"
KARG_NODE_00058,-9.22065,12.96806,Badinko (Kita),Bamako,4,0,2,"Karg et al. 2023, Food_flow_data_v1.csv"
KARG_NODE_00059,-9.19127,14.5418,Diema,Bamako,51,132,23,"Karg et al. 2023, Food_flow_data_v1.csv"
KARG_NODE_00060,-9.17612,11.41897,Siguiri (Guinée),Bamako,11,522,23,"Karg et al. 2023, Food_flow_data_v1.csv"
KARG_NODE_00061,-9.11951,12.31168,Niagassola (Guinée),Bamako,0,2,2,"Karg et al. 2023, Food_flow_data_v1.csv"
KARG_NODE_00062,-9.08695,13.39458,Moro-Moro,Bamako,24,0,6,"Karg et al. 2023, Food_flow_data_v1.csv"
KARG_NODE_00063,-9.02693,13.07181,Touminabougou,Bamako,8,0,2,"Karg et al. 2023, Food_flow_data_v1.csv"
KARG_NODE_00064,-9.00892,12.61949,Goro,Bamako,11,0,4,"Karg et al. 2023, Food_flow_data_v1.csv"
KARG_NODE_00065,-8.9904,12.95838,Sébékoro,Bamako,1,3,3,"Karg et al. 2023, Food_flow_data_v1.csv"
KARG_NODE_00066,-8.94503,12.4451,Niamou,Bamako,5,4,7,"Karg et al. 2023, Food_flow_data_v1.csv"
KARG_NODE_00067,-8.90959,12.30713,Mambila,Bamako,0,6,5,"Karg et al. 2023, Food_flow_data_v1.csv"
KARG_NODE_00068,-8.88168,12.95163,Kassaro,Bamako,65,57,21,"Karg et al. 2023, Food_flow_data_v1.csv"
KARG_NODE_00069,-8.86049,13.39813,Madina,Bamako,3,1,4,"Karg et al. 2023, Food_flow_data_v1.csv"
KARG_NODE_00070,-8.81169,11.92888,Kourémalé  (Guinée),Bamako,0,1,1,"Karg et al. 2023, Food_flow_data_v1.csv"
KARG_NODE_00071,-8.78011,11.95456,Kourémalé (Mali),Bamako,112,1268,30,"Karg et al. 2023, Food_flow_data_v1.csv"
KARG_NODE_00072,-8.75943,12.18672,Balamassala,Bamako,0,3,3,"Karg et al. 2023, Food_flow_data_v1.csv"
KARG_NODE_00073,-8.74018,12.43532,Sandama,Bamako,1,0,1,"Karg et al. 2023, Food_flow_data_v1.csv"
KARG_NODE_00074,-8.73696,11.69497,Kokoyo,Bamako,2,194,28,"Karg et al. 2023, Food_flow_data_v1.csv"
KARG_NODE_00075,-8.7273,12.01595,Nougani,Bamako,3,0,2,"Karg et al. 2023, Food_flow_data_v1.csv"
KARG_NODE_00076,-8.67946,12.9719,Nafadji,Bamako,4,0,3,"Karg et al. 2023, Food_flow_data_v1.csv"
KARG_NODE_00077,-8.67367,11.71279,Banancoro,Bamako,14,28,14,"Karg et al. 2023, Food_flow_data_v1.csv"
KARG_NODE_00078,-8.65654,12.94163,"Soribougou (in Sebekoro, Kita)",Bamako,2,0,1,"Karg et al. 2023, Food_flow_data_v1.csv"
KARG_NODE_00079,-8.63707,12.0415,Habaladougou,Bamako,0,2,2,"Karg et al. 2023, Food_flow_data_v1.csv"
KARG_NODE_00080,-8.63512,12.22832,Naréna,Bamako,34,55,22,"Karg et al. 2023, Food_flow_data_v1.csv"
KARG_NODE_00081,-8.60084,12.48487,Nana-Kaneiba,Bamako,1,0,1,"Karg et al. 2023, Food_flow_data_v1.csv"
KARG_NODE_00082,-8.58451,15.34023,Ballé (Nara),Bamako,2,18,10,"Karg et al. 2023, Food_flow_data_v1.csv"
KARG_NODE_00083,-8.56605,14.53785,Dioumara Koussata,Bamako,8,2,2,"Karg et al. 2023, Food_flow_data_v1.csv"
KARG_NODE_00084,-8.5257,12.13299,Karan,Bamako,26,32,18,"Karg et al. 2023, Food_flow_data_v1.csv"
KARG_NODE_00085,-8.52307,11.14846,Gueleninkoro,Bamako,1,3,3,"Karg et al. 2023, Food_flow_data_v1.csv"
KARG_NODE_00086,-8.45205,12.86502,Négala,Bamako,161,73,26,"Karg et al. 2023, Food_flow_data_v1.csv"
KARG_NODE_00087,-8.45112,13.53772,Koroko (For checkpoint Kati),Bamako,1,0,1,"Karg et al. 2023, Food_flow_data_v1.csv"
KARG_NODE_00088,-8.44136,11.22627,Soloba,Bamako,2,0,2,"Karg et al. 2023, Food_flow_data_v1.csv"
KARG_NODE_00089,-8.41386,11.94154,Kangaba,Bamako,115,452,33,"Karg et al. 2023, Food_flow_data_v1.csv"
KARG_NODE_00090,-8.40738,13.25985,Konimbabougou,Bamako,6,8,7,"Karg et al. 2023, Food_flow_data_v1.csv"
KARG_NODE_00091,-8.39127,11.98892,Deguela,Bamako,0,75,20,"Karg et al. 2023, Food_flow_data_v1.csv"
KARG_NODE_00092,-8.38319,12.40271,Djoulafoundou,Bamako,3,0,3,"Karg et al. 2023, Food_flow_data_v1.csv"
KARG_NODE_00093,-8.37956,13.69457,Sebekoro I,Bamako,25,14,12,"Karg et al. 2023, Food_flow_data_v1.csv"
KARG_NODE_00094,-8.36092,12.74793,Awala,Bamako,2,0,1,"Karg et al. 2023, Food_flow_data_v1.csv"
KARG_NODE_00095,-8.35717,11.92678,Figuira Tomo,Bamako,1,0,1,"Karg et al. 2023, Food_flow_data_v1.csv"
KARG_NODE_00096,-8.35344,12.38161,Kobada (Siby),Bamako,1,0,1,"Karg et al. 2023, Food_flow_data_v1.csv"
KARG_NODE_00097,-8.33829,12.37423,Siby,Bamako,294,210,31,"Karg et al. 2023, Food_flow_data_v1.csv"
KARG_NODE_00098,-8.33713,13.13506,Faladié (Kati),Bamako,103,45,23,"Karg et al. 2023, Food_flow_data_v1.csv"
KARG_NODE_00099,-8.33112,13.63742,Kola (For checkpoint Kati),Bamako,1,0,1,"Karg et al. 2023, Food_flow_data_v1.csv"
KARG_NODE_00100,-8.29967,12.8299,Yékébougou,Bamako,90,13,18,"Karg et al. 2023, Food_flow_data_v1.csv"
KARG_NODE_00101,-8.27694,12.76083,Dombila,Bamako,10,0,3,"Karg et al. 2023, Food_flow_data_v1.csv"
KARG_NODE_00102,-8.26908,12.20435,Bankoumana,Bamako,45,122,24,"Karg et al. 2023, Food_flow_data_v1.csv"
KARG_NODE_00103,-8.26902,12.38374,Kamale,Bamako,16,3,6,"Karg et al. 2023, Food_flow_data_v1.csv"
KARG_NODE_00104,-8.25783,12.64497,Kodiala,Bamako,3,0,1,"Karg et al. 2023, Food_flow_data_v1.csv"
KARG_NODE_00105,-8.24973,11.64012,Baya (Selingué),Bamako,1,0,1,"Karg et al. 2023, Food_flow_data_v1.csv"
KARG_NODE_00106,-8.24385,12.80725,Dio (Kati),Bamako,112,66,20,"Karg et al. 2023, Food_flow_data_v1.csv"
KARG_NODE_00107,-8.24356,12.8008,Dio Gare,Bamako,200,14,19,"Karg et al. 2023, Food_flow_data_v1.csv"
KARG_NODE_00108,-8.22246,11.65149,Sélingué,Bamako,236,890,36,"Karg et al. 2023, Food_flow_data_v1.csv"
KARG_NODE_00109,-8.22032,12.34316,Dalakana,Bamako,9,0,3,"Karg et al. 2023, Food_flow_data_v1.csv"
KARG_NODE_00110,-8.21445,12.59325,Kenenkoun,Bamako,2,0,1,"Karg et al. 2023, Food_flow_data_v1.csv"
KARG_NODE_00111,-8.20846,14.37275,Sebabougou (Kayes),Bamako,14,0,4,"Karg et al. 2023, Food_flow_data_v1.csv"
KARG_NODE_00112,-8.20666,13.0566,"Torodo (in Neguela, Kati)",Bamako,18,0,7,"Karg et al. 2023, Food_flow_data_v1.csv"
KARG_NODE_00113,-8.2066,12.14951,Dangassa,Bamako,24,21,18,"Karg et al. 2023, Food_flow_data_v1.csv"
KARG_NODE_00114,-8.20458,12.64935,Koflatyé,Bamako,25,238,28,"Karg et al. 2023, Food_flow_data_v1.csv"
KARG_NODE_00115,-8.19632,10.78641,Kalana,Bamako,1,0,1,"Karg et al. 2023, Food_flow_data_v1.csv"
KARG_NODE_00116,-8.18785,12.59762,Dogoba,Bamako,7,0,5,"Karg et al. 2023, Food_flow_data_v1.csv"
KARG_NODE_00117,-8.18553,12.699,Zambougou,Bamako,3,0,2,"Karg et al. 2023, Food_flow_data_v1.csv"
KARG_NODE_00118,-8.18267,12.63564,Falaba,Bamako,1,0,1,"Karg et al. 2023, Food_flow_data_v1.csv"
KARG_NODE_00119,-8.18197,12.70761,Doubabougou,Bamako,2,0,2,"Karg et al. 2023, Food_flow_data_v1.csv"
KARG_NODE_00120,-8.18182,12.61151,Flabougou,Bamako,8,2,5,"Karg et al. 2023, Food_flow_data_v1.csv"
KARG_NODE_00121,-8.17433,12.95235,Kalifabougou,Bamako,45,1,12,"Karg et al. 2023, Food_flow_data_v1.csv"
KARG_NODE_00122,-8.16924,12.63077,Sobougou,Bamako,0,4,3,"Karg et al. 2023, Food_flow_data_v1.csv"
KARG_NODE_00123,-8.1587,11.71213,"Dialakoro (in Kourouba, Kati)",Bamako,1,0,1,"Karg et al. 2023, Food_flow_data_v1.csv"
KARG_NODE_00124,-8.15639,12.7775,Diago,Bamako,56,14,14,"Karg et al. 2023, Food_flow_data_v1.csv"
KARG_NODE_00125,-8.15229,11.1749,Yanfolila,Bamako,59,20,17,"Karg et al. 2023, Food_flow_data_v1.csv"
KARG_NODE_00126,-8.14651,11.90558,"Faraba (in Kourouba, Kati)",Bamako,15,0,8,"Karg et al. 2023, Food_flow_data_v1.csv"
KARG_NODE_00127,-8.14501,11.24419,Wassoulou- Ballé,Bamako,46,95,17,"Karg et al. 2023, Food_flow_data_v1.csv"
KARG_NODE_00128,-8.13,12.72021,"Torodo (in Kati, Kati)",Bamako,14,0,8,"Karg et al. 2023, Food_flow_data_v1.csv"
KARG_NODE_00129,-8.12486,12.45302,"Soribougou (in Kalban-Coro, Kati)",Bamako,15,6,13,"Karg et al. 2023, Food_flow_data_v1.csv"
KARG_NODE_00130,-8.12342,12.13477,Balala,Bamako,6,0,4,"Karg et al. 2023, Food_flow_data_v1.csv"
KARG_NODE_00131,-8.12177,12.45858,Farabana,Bamako,2,22,9,"Karg et al. 2023, Food_flow_data_v1.csv"
KARG_NODE_00132,-8.11946,12.54462,Samanko 2,Bamako,4,1,3,"Karg et al. 2023, Food_flow_data_v1.csv"
KARG_NODE_00133,-8.10412,12.55663,Mamaribougou (For checkpoint Sebeninkoro),Bamako,6,7,8,"Karg et al. 2023, Food_flow_data_v1.csv"
KARG_NODE_00134,-8.10398,12.79574,Kambila,Bamako,4,1,5,"Karg et al. 2023, Food_flow_data_v1.csv"
KARG_NODE_00135,-8.10388,12.62773,Koloninda,Bamako,0,5,5,"Karg et al. 2023, Food_flow_data_v1.csv"
KARG_NODE_00136,-8.10233,12.63929,Kolonda,Bamako,0,1,1,"Karg et al. 2023, Food_flow_data_v1.csv"
KARG_NODE_00137,-8.09581,12.82224,Dral (Kati),Bamako,541,69,27,"Karg et al. 2023, Food_flow_data_v1.csv"
KARG_NODE_00138,-8.09205,12.50178,Katibougou,Bamako,7,6,5,"Karg et al. 2023, Food_flow_data_v1.csv"
KARG_NODE_00139,-8.09102,13.88366,Didiéni,Bamako,61,118,24,"Karg et al. 2023, Food_flow_data_v1.csv"
KARG_NODE_00140,-8.0909,12.74574,Malibougou,Bamako,0,10,3,"Karg et al. 2023, Food_flow_data_v1.csv"
KARG_NODE_00141,-8.08659,12.56823,Kanadjiguila,Bamako,20,73,25,"Karg et al. 2023, Food_flow_data_v1.csv"
KARG_NODE_00142,-8.08469,12.54518,Ouenzzindougou,Bamako,0,1,1,"Karg et al. 2023, Food_flow_data_v1.csv"
KARG_NODE_00143,-8.083,13.26493,Dioribougou,Bamako,9,0,8,"Karg et al. 2023, Food_flow_data_v1.csv"
KARG_NODE_00144,-8.08276,12.57554,Djicoroni (new),Bamako,3,3,4,"Karg et al. 2023, Food_flow_data_v1.csv"
KARG_NODE_00145,-8.0808,12.35352,Tourela,Bamako,6,2,4,"Karg et al. 2023, Food_flow_data_v1.csv"
KARG_NODE_00146,-8.07628,12.62698,Kondiambougou,Bamako,10,17,11,"Karg et al. 2023, Food_flow_data_v1.csv"
KARG_NODE_00147,-8.07482,12.56723,Sema II,Bamako,3,37,7,"Karg et al. 2023, Food_flow_data_v1.csv"
KARG_NODE_00148,-8.07331,12.73771,Tominikoro (Kati),Bamako,0,1,1,"Karg et al. 2023, Food_flow_data_v1.csv"
KARG_NODE_00149,-8.07296,12.75064,Coco-Plaine,Bamako,0,3,1,"Karg et al. 2023, Food_flow_data_v1.csv"
KARG_NODE_00150,-8.07181,12.73827,"Kati (in Kati, Kati)",Bamako,632,557,35,"Karg et al. 2023, Food_flow_data_v1.csv"
KARG_NODE_00151,-8.06833,12.62215,Dogodouman,Bamako,22,1,9,"Karg et al. 2023, Food_flow_data_v1.csv"
KARG_NODE_00152,-8.0643,12.75194,Coco-Plateau,Bamako,0,2,1,"Karg et al. 2023, Food_flow_data_v1.csv"
KARG_NODE_00153,-8.06271,12.7225,Sananfara,Bamako,2,5,4,"Karg et al. 2023, Food_flow_data_v1.csv"
KARG_NODE_00154,-8.06231,12.55573,Samaya,Bamako,17,34,16,"Karg et al. 2023, Food_flow_data_v1.csv"
KARG_NODE_00155,-8.05993,12.59274,Sebeninkoro (Marché),Bamako,269,136,34,"Karg et al. 2023, Food_flow_data_v1.csv"
KARG_NODE_00156,-8.05978,12.59168,Sebeninkoro,Bamako,100,35,24,"Karg et al. 2023, Food_flow_data_v1.csv"
KARG_NODE_00157,-8.05715,12.62741,Taliko (Marché),Bamako,23,476,30,"Karg et al. 2023, Food_flow_data_v1.csv"
KARG_NODE_00158,-8.05639,12.46417,Banco (near checkpoint Kabala),Bamako,49,3,7,"Karg et al. 2023, Food_flow_data_v1.csv"
KARG_NODE_00159,-8.05554,12.47598,"N'GOLOBOUGOU (in Kalban-Coro, Kati)",Bamako,19,96,16,"Karg et al. 2023, Food_flow_data_v1.csv"
KARG_NODE_00160,-8.04483,12.49822,Seme (close to Kabala),Bamako,9,2,7,"Karg et al. 2023, Food_flow_data_v1.csv"
KARG_NODE_00161,-8.04383,13.27065,Fladougou,Bamako,0,1,1,"Karg et al. 2023, Food_flow_data_v1.csv"
KARG_NODE_00162,-8.04371,12.62249,Lafiabougou (Bamako),Bamako,37,70,21,"Karg et al. 2023, Food_flow_data_v1.csv"
KARG_NODE_00163,-8.04308,12.61383,Gare de la Guinée,Bamako,2386,272,35,"Karg et al. 2023, Food_flow_data_v1.csv"
KARG_NODE_00164,-8.04106,12.63726,Lafiabougou (Marché),Bamako,5,19,14,"Karg et al. 2023, Food_flow_data_v1.csv"
KARG_NODE_00165,-8.04089,12.97386,Yélékébougou,Bamako,54,6,16,"Karg et al. 2023, Food_flow_data_v1.csv"
KARG_NODE_00166,-8.04053,12.61339,Djikoroni Para (Marché),Bamako,160,160,31,"Karg et al. 2023, Food_flow_data_v1.csv"
KARG_NODE_00167,-8.04012,12.52325,Kabala,Bamako,171,214,22,"Karg et al. 2023, Food_flow_data_v1.csv"
KARG_NODE_00168,-8.03984,12.67203,Same,Bamako,3,16,7,"Karg et al. 2023, Food_flow_data_v1.csv"
KARG_NODE_00169,-8.03751,11.84893,Sankama,Bamako,2,0,2,"Karg et al. 2023, Food_flow_data_v1.csv"
KARG_NODE_00170,-8.03434,12.54517,Tiebani,Bamako,0,1,1,"Karg et al. 2023, Food_flow_data_v1.csv"
KARG_NODE_00171,-8.03265,12.64272,Hamdallaye (Marché),Bamako,18,46,19,"Karg et al. 2023, Food_flow_data_v1.csv"
KARG_NODE_00172,-8.03127,13.57733,Kolokani,Bamako,471,341,33,"Karg et al. 2023, Food_flow_data_v1.csv"
KARG_NODE_00173,-8.03102,12.57684,Kalaban,Bamako,4,13,10,"Karg et al. 2023, Food_flow_data_v1.csv"
KARG_NODE_00174,-8.02889,12.57222,Kalabancoro,Bamako,44,46,18,"Karg et al. 2023, Food_flow_data_v1.csv"
KARG_NODE_00175,-8.02869,12.49625,Kourale,Bamako,110,87,19,"Karg et al. 2023, Food_flow_data_v1.csv"
KARG_NODE_00176,-8.027,12.63388,ACI 2000,Bamako,1,1,2,"Karg et al. 2023, Food_flow_data_v1.csv"
KARG_NODE_00177,-8.02552,12.59754,Bacodjicoroni ACI (Marché),Bamako,0,2,2,"Karg et al. 2023, Food_flow_data_v1.csv"
KARG_NODE_00178,-8.02169,12.64841,Badialan (Marché),Bamako,0,6,6,"Karg et al. 2023, Food_flow_data_v1.csv"
KARG_NODE_00179,-8.02151,12.56982,Ganabougou,Bamako,3,1,2,"Karg et al. 2023, Food_flow_data_v1.csv"
KARG_NODE_00180,-8.02108,12.4501,Zougoume,Bamako,2,18,7,"Karg et al. 2023, Food_flow_data_v1.csv"
KARG_NODE_00181,-8.0208,12.59352,Baco-Djicoroni ACI,Bamako,0,1,1,"Karg et al. 2023, Food_flow_data_v1.csv"
KARG_NODE_00182,-8.02064,12.6478,Badialan (Bamako),Bamako,2,11,5,"Karg et al. 2023, Food_flow_data_v1.csv"
KARG_NODE_00183,-8.01882,12.54947,Park de betail,Bamako,0,1,1,"Karg et al. 2023, Food_flow_data_v1.csv"
KARG_NODE_00184,-8.01618,12.6551,N'tomikorobougou,Bamako,0,2,2,"Karg et al. 2023, Food_flow_data_v1.csv"
KARG_NODE_00185,-8.01603,12.59169,Baco-Djicoroni,Bamako,2,4,4,"Karg et al. 2023, Food_flow_data_v1.csv"
KARG_NODE_00186,-8.01413,12.59702,Bacodjicoroni principal (Marché),Bamako,0,2,2,"Karg et al. 2023, Food_flow_data_v1.csv"
KARG_NODE_00187,-8.01394,12.66408,Koulouba,Bamako,5,0,5,"Karg et al. 2023, Food_flow_data_v1.csv"
KARG_NODE_00188,-8.01179,12.64662,Ouolofobougou (Bougouni) (Marché),Bamako,0,5,4,"Karg et al. 2023, Food_flow_data_v1.csv"
KARG_NODE_00189,-8.00906,12.63224,GRAND GRENIER DU BONHEUR (GGB),Bamako,0,5,4,"Karg et al. 2023, Food_flow_data_v1.csv"
KARG_NODE_00190,-8.00725,12.6468,Oulofobougou,Bamako,78,291,24,"Karg et al. 2023, Food_flow_data_v1.csv"
KARG_NODE_00191,-8.00683,12.40198,Kabé,Bamako,4,0,4,"Karg et al. 2023, Food_flow_data_v1.csv"
KARG_NODE_00192,-8.00527,12.6519,Dar Salam,Bamako,1,8,7,"Karg et al. 2023, Food_flow_data_v1.csv"
KARG_NODE_00193,-8.00494,12.65434,Darsalam (Marché),Bamako,1,2,1,"Karg et al. 2023, Food_flow_data_v1.csv"
KARG_NODE_00194,-8.00406,12.59649,Sabalibougou principal (Marché),Bamako,0,11,8,"Karg et al. 2023, Food_flow_data_v1.csv"
KARG_NODE_00195,-8.00399,12.64058,Bamako-coura,Bamako,23,9,11,"Karg et al. 2023, Food_flow_data_v1.csv"
KARG_NODE_00196,-8.0036,12.61267,Torokorobougou,Bamako,9,11,14,"Karg et al. 2023, Food_flow_data_v1.csv"
KARG_NODE_00197,-8.00351,12.63134,Niarela/Boboli (Marché),Bamako,78,169,28,"Karg et al. 2023, Food_flow_data_v1.csv"
KARG_NODE_00198,-8.00289,10.91203,Yorobougoula,Bamako,2,0,2,"Karg et al. 2023, Food_flow_data_v1.csv"
KARG_NODE_00199,-8.00205,12.61664,Hippodrome (marché de bétail),Bamako,0,1,1,"Karg et al. 2023, Food_flow_data_v1.csv"
KARG_NODE_00200,-8.00129,12.67484,Park national (Bamako),Bamako,0,1,1,"Karg et al. 2023, Food_flow_data_v1.csv"
KARG_NODE_00201,-8.00116,12.64569,Sogoniko Gare,Bamako,0,17,6,"Karg et al. 2023, Food_flow_data_v1.csv"
KARG_NODE_00202,-8.00068,12.63658,Quartier Du Fleuve,Bamako,23,13,10,"Karg et al. 2023, Food_flow_data_v1.csv"
KARG_NODE_00203,-8.00054,12.64432,Vox Da (Bamako),Bamako,13,7,9,"Karg et al. 2023, Food_flow_data_v1.csv"
KARG_NODE_00204,-8.00041,12.56721,Garantiguibougou (Marché),Bamako,0,3,1,"Karg et al. 2023, Food_flow_data_v1.csv"
KARG_NODE_00205,-8.00034,12.64932,Bamako,Bamako,292,1837,40,"Karg et al. 2023, Food_flow_data_v1.csv"
KARG_NODE_00206,-8.00032,12.52899,Gouana,Bamako,0,1,1,"Karg et al. 2023, Food_flow_data_v1.csv"
KARG_NODE_00207,-8.0,12.5,Kalabanjura GY (Marché),Bamako,0,1,1,"Karg et al. 2023, Food_flow_data_v1.csv"
KARG_NODE_00208,-7.99905,11.41895,Torakoro,Bamako,14,0,6,"Karg et al. 2023, Food_flow_data_v1.csv"
KARG_NODE_00209,-7.99879,12.64849,Gare central (Bamako),Bamako,28,25,14,"Karg et al. 2023, Food_flow_data_v1.csv"
KARG_NODE_00210,-7.99766,12.64534,Centre Commercial,Bamako,1,0,1,"Karg et al. 2023, Food_flow_data_v1.csv"
KARG_NODE_00211,-7.99599,12.63961,Wonida (Marché),Bamako,12,236,18,"Karg et al. 2023, Food_flow_data_v1.csv"
KARG_NODE_00212,-7.9958,12.64659,Bozola (Bamako),Bamako,784,195,32,"Karg et al. 2023, Food_flow_data_v1.csv"
KARG_NODE_00213,-7.99578,12.64411,Grand Marché (Raida Didiba Marché rose Dabani),Bamako,477,325,34,"Karg et al. 2023, Food_flow_data_v1.csv"
KARG_NODE_00214,-7.99399,12.61782,Badalabougou principal (Marché),Bamako,0,7,6,"Karg et al. 2023, Food_flow_data_v1.csv"
KARG_NODE_00215,-7.99331,12.61894,Badalabougou,Bamako,4,22,13,"Karg et al. 2023, Food_flow_data_v1.csv"
KARG_NODE_00216,-7.99304,12.64691,Grand Mosque in Bamako,Bamako,3,0,2,"Karg et al. 2023, Food_flow_data_v1.csv"
KARG_NODE_00217,-7.99258,13.38218,Tioribougou,Bamako,29,11,14,"Karg et al. 2023, Food_flow_data_v1.csv"
KARG_NODE_00218,-7.99215,12.66791,CHU Point G,Bamako,0,4,2,"Karg et al. 2023, Food_flow_data_v1.csv"
KARG_NODE_00219,-7.99214,12.32252,Digato,Bamako,1,0,1,"Karg et al. 2023, Food_flow_data_v1.csv"
KARG_NODE_00220,-7.99193,12.6541,Medinakoura (Bamako),Bamako,53,199,26,"Karg et al. 2023, Food_flow_data_v1.csv"
KARG_NODE_00221,-7.99191,12.24652,Kola (Dialakoroba),Bamako,1,0,1,"Karg et al. 2023, Food_flow_data_v1.csv"
KARG_NODE_00222,-7.99006,12.65106,Bagadadji,Bamako,279,179,28,"Karg et al. 2023, Food_flow_data_v1.csv"
KARG_NODE_00223,-7.99005,12.60606,Farada (Marché),Bamako,4,75,21,"Karg et al. 2023, Food_flow_data_v1.csv"
KARG_NODE_00224,-7.98605,12.56416,Kalabankoura Sougouni (Kalabankoura Coco) (Marché),Bamako,1,6,5,"Karg et al. 2023, Food_flow_data_v1.csv"
KARG_NODE_00225,-7.98572,12.57705,Kalabankoura Sougou (principal) (Marché),Bamako,24,37,16,"Karg et al. 2023, Food_flow_data_v1.csv"
KARG_NODE_00226,-7.98557,12.66064,Medine (Sougounikoura) (Marché),Bamako,1841,1482,41,"Karg et al. 2023, Food_flow_data_v1.csv"
KARG_NODE_00227,-7.98535,12.65324,Bamako (Mali),Ouagadougou,0,18,7,"Karg et al. 2023, Food_flow_data_v1.csv"
KARG_NODE_00228,-7.98405,12.64379,Niaréla,Bamako,335,119,31,"Karg et al. 2023, Food_flow_data_v1.csv"
KARG_NODE_00229,-7.98403,12.65655,Missira,Bamako,0,7,6,"Karg et al. 2023, Food_flow_data_v1.csv"
KARG_NODE_00230,-7.98348,12.64161,N'golonina (Namassa Dangha) (Marché),Bamako,162,154,28,"Karg et al. 2023, Food_flow_data_v1.csv"
KARG_NODE_00231,-7.98211,12.64274,GDCM (Bamako),Bamako,0,5,2,"Karg et al. 2023, Food_flow_data_v1.csv"
KARG_NODE_00232,-7.9795,12.60033,Daoudabougou (Marché),Bamako,0,8,7,"Karg et al. 2023, Food_flow_data_v1.csv"
KARG_NODE_00233,-7.97837,12.60456,Daoudabougou,Bamako,7,60,14,"Karg et al. 2023, Food_flow_data_v1.csv"
KARG_NODE_00234,-7.97612,12.67398,Sikoroni (Marché),Bamako,3,9,9,"Karg et al. 2023, Food_flow_data_v1.csv"
KARG_NODE_00235,-7.97478,12.58193,Filabougou,Bamako,4,0,3,"Karg et al. 2023, Food_flow_data_v1.csv"
KARG_NODE_00236,-7.97406,12.65232,Quinzabougou,Bamako,7,10,10,"Karg et al. 2023, Food_flow_data_v1.csv"
KARG_NODE_00237,-7.9733,12.56169,Banakabougou (Marché),Bamako,14,33,19,"Karg et al. 2023, Food_flow_data_v1.csv"
KARG_NODE_00238,-7.97216,12.65344,Bakaribougou (Bamako),Bamako,0,2,1,"Karg et al. 2023, Food_flow_data_v1.csv"
KARG_NODE_00239,-7.97214,12.66293,Hippodrome,Bamako,1,22,5,"Karg et al. 2023, Food_flow_data_v1.csv"
KARG_NODE_00240,-7.97166,12.58129,Niamakoro Sougoukoro (Marché),Bamako,0,1,1,"Karg et al. 2023, Food_flow_data_v1.csv"
KARG_NODE_00241,-7.97052,12.652,Bakarbougou,Bamako,0,1,1,"Karg et al. 2023, Food_flow_data_v1.csv"
KARG_NODE_00242,-7.97018,12.63805,Sans fil / TSF (Bamako),Bamako,55,114,13,"Karg et al. 2023, Food_flow_data_v1.csv"
KARG_NODE_00243,-7.97003,12.57236,Niamakoro Sougoukoura (Marché),Bamako,0,17,12,"Karg et al. 2023, Food_flow_data_v1.csv"
KARG_NODE_00244,-7.96946,12.61157,Faso Kanu,Bamako,0,1,1,"Karg et al. 2023, Food_flow_data_v1.csv"
KARG_NODE_00245,-7.96889,12.70833,Dialakorodji,Bamako,4,43,17,"Karg et al. 2023, Food_flow_data_v1.csv"
KARG_NODE_00246,-7.96637,12.57391,Niamakoro,Bamako,21,101,21,"Karg et al. 2023, Food_flow_data_v1.csv"
KARG_NODE_00247,-7.96591,12.60472,Sogonikoro (Marché),Bamako,0,12,10,"Karg et al. 2023, Food_flow_data_v1.csv"
KARG_NODE_00248,-7.96561,12.60454,Sogoniko,Bamako,436,65,25,"Karg et al. 2023, Food_flow_data_v1.csv"
KARG_NODE_00249,-7.96434,12.64739,Marche zone Industrielle (Marché),Bamako,11,24,7,"Karg et al. 2023, Food_flow_data_v1.csv"
KARG_NODE_00250,-7.96326,12.59516,Halles de Bamako (Marché),Bamako,25,6,4,"Karg et al. 2023, Food_flow_data_v1.csv"
KARG_NODE_00251,-7.96307,12.68377,Dianguinebougou,Bamako,0,5,3,"Karg et al. 2023, Food_flow_data_v1.csv"
KARG_NODE_00252,-7.96301,12.66915,Banconi Plateau (Marché),Bamako,0,1,1,"Karg et al. 2023, Food_flow_data_v1.csv"
KARG_NODE_00253,-7.96249,12.6673,Banconi Flabougou (Marché),Bamako,21,0,8,"Karg et al. 2023, Food_flow_data_v1.csv"
KARG_NODE_00254,-7.96212,12.66779,Banconi,Bamako,18,216,30,"Karg et al. 2023, Food_flow_data_v1.csv"
KARG_NODE_00255,-7.96103,11.89494,Tinkele (Quelessebougou),Bamako,4,0,3,"Karg et al. 2023, Food_flow_data_v1.csv"
KARG_NODE_00256,-7.96,12.65,Hippodrome (Marché),Bamako,0,1,1,"Karg et al. 2023, Food_flow_data_v1.csv"
KARG_NODE_00257,-7.95948,12.61992,Magnambougou (Marché),Bamako,0,13,11,"Karg et al. 2023, Food_flow_data_v1.csv"
KARG_NODE_00258,-7.95929,12.61441,Magnambougou,Bamako,4,28,17,"Karg et al. 2023, Food_flow_data_v1.csv"
KARG_NODE_00259,-7.95922,12.59067,Faladie (Bamako),Bamako,596,378,32,"Karg et al. 2023, Food_flow_data_v1.csv"
KARG_NODE_00260,-7.95852,12.59847,Autogare,Bamako,102,27,20,"Karg et al. 2023, Food_flow_data_v1.csv"
KARG_NODE_00261,-7.95638,12.58412,Faladjé Sougouni (ou Faladjé SEMA) (Marché),Bamako,5,3,6,"Karg et al. 2023, Food_flow_data_v1.csv"
KARG_NODE_00262,-7.95524,12.6666,Korofina,Bamako,0,8,7,"Karg et al. 2023, Food_flow_data_v1.csv"
KARG_NODE_00263,-7.95354,12.67197,Fadjiguila (Marché),Bamako,3,7,9,"Karg et al. 2023, Food_flow_data_v1.csv"
KARG_NODE_00264,-7.95317,12.67266,Korofina Nord (Marché),Bamako,1,3,4,"Karg et al. 2023, Food_flow_data_v1.csv"
KARG_NODE_00265,-7.95259,12.67278,Fadjiguila,Bamako,1,19,12,"Karg et al. 2023, Food_flow_data_v1.csv"
KARG_NODE_00266,-7.9515,12.58646,Faladie SEMA,Bamako,0,5,4,"Karg et al. 2023, Food_flow_data_v1.csv"
KARG_NODE_00267,-7.95135,12.61048,Sokorodji (Marché),Bamako,0,11,9,"Karg et al. 2023, Food_flow_data_v1.csv"
KARG_NODE_00268,-7.95115,12.68354,Nafadji (Bamako),Bamako,0,17,11,"Karg et al. 2023, Food_flow_data_v1.csv"
KARG_NODE_00269,-7.95113,12.69017,Marche du Razel,Bamako,0,3,2,"Karg et al. 2023, Food_flow_data_v1.csv"
KARG_NODE_00270,-7.95063,12.54507,Plaza (packing station),Bamako,0,9,1,"Karg et al. 2023, Food_flow_data_v1.csv"
KARG_NODE_00271,-7.95006,12.80337,"Torodo (in Kalban-Coro, Kati)",Bamako,0,1,1,"Karg et al. 2023, Food_flow_data_v1.csv"
KARG_NODE_00272,-7.94938,12.53741,Airport,Bamako,0,4,4,"Karg et al. 2023, Food_flow_data_v1.csv"
KARG_NODE_00273,-7.94838,12.66366,Diélibougou,Bamako,10,38,17,"Karg et al. 2023, Food_flow_data_v1.csv"
KARG_NODE_00274,-7.94806,12.57802,Garbal (marché de bétail) (Marché),Bamako,2,1,2,"Karg et al. 2023, Food_flow_data_v1.csv"
KARG_NODE_00275,-7.94683,12.59547,Banankabougou (Marché),Bamako,2,5,4,"Karg et al. 2023, Food_flow_data_v1.csv"
KARG_NODE_00276,-7.94618,12.59021,Banankabougou,Bamako,15,38,16,"Karg et al. 2023, Food_flow_data_v1.csv"
KARG_NODE_00277,-7.9456,12.82424,Sirababougou,Bamako,1,0,1,"Karg et al. 2023, Food_flow_data_v1.csv"
KARG_NODE_00278,-7.94379,12.67691,Doumansana,Bamako,0,1,1,"Karg et al. 2023, Food_flow_data_v1.csv"
KARG_NODE_00279,-7.94183,12.58484,Cours de la douane (Faladjé),Bamako,0,8,8,"Karg et al. 2023, Food_flow_data_v1.csv"
KARG_NODE_00280,-7.94047,12.67215,Diélibougou (Marché),Bamako,12,8,7,"Karg et al. 2023, Food_flow_data_v1.csv"
KARG_NODE_00281,-7.94014,12.65231,Bougouba,Bamako,0,2,2,"Karg et al. 2023, Food_flow_data_v1.csv"
KARG_NODE_00282,-7.93934,12.39737,Sanankoroba,Bamako,55,114,28,"Karg et al. 2023, Food_flow_data_v1.csv"
KARG_NODE_00283,-7.93847,12.46914,Banakoro,Bamako,16,31,14,"Karg et al. 2023, Food_flow_data_v1.csv"
KARG_NODE_00284,-7.93679,13.09505,Nossombougou,Bamako,118,51,24,"Karg et al. 2023, Food_flow_data_v1.csv"
KARG_NODE_00285,-7.93616,12.68166,Doumanzana (Marché),Bamako,2,7,7,"Karg et al. 2023, Food_flow_data_v1.csv"
KARG_NODE_00286,-7.93427,12.67318,Boulkassoumbougou,Bamako,25,30,18,"Karg et al. 2023, Food_flow_data_v1.csv"
KARG_NODE_00287,-7.93333,12.57742,Kababougou,Bamako,1,1,2,"Karg et al. 2023, Food_flow_data_v1.csv"
KARG_NODE_00288,-7.93251,14.59834,Fallou,Bamako,0,2,2,"Karg et al. 2023, Food_flow_data_v1.csv"
KARG_NODE_00289,-7.93157,13.20103,Ouolodo,Bamako,4,0,3,"Karg et al. 2023, Food_flow_data_v1.csv"
KARG_NODE_00290,-7.92981,12.68217,Sangarebougou,Bamako,1,9,7,"Karg et al. 2023, Food_flow_data_v1.csv"
KARG_NODE_00291,-7.92934,12.52114,Sénou marché principal (Marché),Bamako,0,4,3,"Karg et al. 2023, Food_flow_data_v1.csv"
KARG_NODE_00292,-7.92932,12.60006,Attbougou (Bamako),Bamako,0,1,1,"Karg et al. 2023, Food_flow_data_v1.csv"
KARG_NODE_00293,-7.92926,12.52053,Sénou,Bamako,96,139,27,"Karg et al. 2023, Food_flow_data_v1.csv"
KARG_NODE_00294,-7.92783,12.31988,Heremakono,Bamako,0,1,1,"Karg et al. 2023, Food_flow_data_v1.csv"
KARG_NODE_00295,-7.92603,12.26607,Dialakoroba,Bamako,41,26,16,"Karg et al. 2023, Food_flow_data_v1.csv"
KARG_NODE_00296,-7.92554,12.67463,Boulkassoumbougou (Marché),Bamako,2,0,1,"Karg et al. 2023, Food_flow_data_v1.csv"
KARG_NODE_00297,-7.92356,12.65428,Sotuba,Bamako,4,12,7,"Karg et al. 2023, Food_flow_data_v1.csv"
KARG_NODE_00298,-7.92174,12.63273,Missabougou (Marché),Bamako,0,1,1,"Karg et al. 2023, Food_flow_data_v1.csv"
KARG_NODE_00299,-7.92099,11.70066,Ouroun,Bamako,1,0,1,"Karg et al. 2023, Food_flow_data_v1.csv"
KARG_NODE_00300,-7.92046,12.63301,Missabougou,Bamako,1,8,3,"Karg et al. 2023, Food_flow_data_v1.csv"
KARG_NODE_00301,-7.92045,12.76998,Safo,Bamako,192,14,24,"Karg et al. 2023, Food_flow_data_v1.csv"
KARG_NODE_00302,-7.91996,12.57034,"Sirakoro (in Kalban-Coro, Kati)",Bamako,7,4,8,"Karg et al. 2023, Food_flow_data_v1.csv"
KARG_NODE_00303,-7.91219,12.60987,Yirimadio (ou Yirimadio 1 - Ségou) (Marché),Bamako,5,18,13,"Karg et al. 2023, Food_flow_data_v1.csv"
KARG_NODE_00304,-7.91104,12.61294,Yirimandio,Bamako,21,45,18,"Karg et al. 2023, Food_flow_data_v1.csv"
KARG_NODE_00305,-7.91069,11.9946,Ouélessébougou,Bamako,176,334,29,"Karg et al. 2023, Food_flow_data_v1.csv"
KARG_NODE_00306,-7.9096,12.84034,Sériwala,Bamako,69,1,17,"Karg et al. 2023, Food_flow_data_v1.csv"
KARG_NODE_00307,-7.90751,12.86356,Donioumana,Bamako,11,0,8,"Karg et al. 2023, Food_flow_data_v1.csv"
KARG_NODE_00308,-7.90548,12.6713,Titibougou,Bamako,3,4,7,"Karg et al. 2023, Food_flow_data_v1.csv"
KARG_NODE_00309,-7.9,12.7,Sotuba (Marché),Bamako,1,3,4,"Karg et al. 2023, Food_flow_data_v1.csv"
KARG_NODE_00310,-7.896,12.18092,Marako,Bamako,1,0,1,"Karg et al. 2023, Food_flow_data_v1.csv"
KARG_NODE_00311,-7.89406,12.65591,Sabalibougou,Bamako,25,137,26,"Karg et al. 2023, Food_flow_data_v1.csv"
KARG_NODE_00312,-7.86389,12.68691,Moribabougou,Bamako,17,270,29,"Karg et al. 2023, Food_flow_data_v1.csv"
KARG_NODE_00313,-7.85986,12.59019,Niamana (Bamako),Bamako,27,177,18,"Karg et al. 2023, Food_flow_data_v1.csv"
KARG_NODE_00314,-7.85085,12.76906,Kola (Koulikouro),Bamako,8,0,6,"Karg et al. 2023, Food_flow_data_v1.csv"
KARG_NODE_00315,-7.84928,13.73799,Tiékourala,Bamako,2,0,1,"Karg et al. 2023, Food_flow_data_v1.csv"
KARG_NODE_00316,-7.84911,13.09687,Bassabougou (Checkpoint Kati),Bamako,6,0,2,"Karg et al. 2023, Food_flow_data_v1.csv"
KARG_NODE_00317,-7.84778,12.69333,N'Gabakoro-Droit,Bamako,0,7,4,"Karg et al. 2023, Food_flow_data_v1.csv"
KARG_NODE_00318,-7.84695,12.64457,Dougourakoro,Bamako,5,0,5,"Karg et al. 2023, Food_flow_data_v1.csv"
KARG_NODE_00319,-7.83475,12.58465,Dialakorobougou,Bamako,1,5,5,"Karg et al. 2023, Food_flow_data_v1.csv"
KARG_NODE_00320,-7.82386,12.62782,Kobala,Bamako,3,0,3,"Karg et al. 2023, Food_flow_data_v1.csv"
KARG_NODE_00321,-7.82029,12.70346,Mounoumounoumba,Bamako,1,0,1,"Karg et al. 2023, Food_flow_data_v1.csv"
KARG_NODE_00322,-7.81722,12.52431,Mountougoula,Bamako,5,0,3,"Karg et al. 2023, Food_flow_data_v1.csv"
KARG_NODE_00323,-7.80452,13.49314,Massantola,Bamako,0,1,1,"Karg et al. 2023, Food_flow_data_v1.csv"
KARG_NODE_00324,-7.8021,13.00517,Diossobougou,Bamako,1,0,1,"Karg et al. 2023, Food_flow_data_v1.csv"
KARG_NODE_00325,-7.79954,12.65907,Sala,Bamako,9,24,14,"Karg et al. 2023, Food_flow_data_v1.csv"
KARG_NODE_00326,-7.79622,12.3092,"Bougoula (in Sanakoroba, Kati)",Bamako,11,0,5,"Karg et al. 2023, Food_flow_data_v1.csv"
KARG_NODE_00327,-7.79028,11.82722,Kéléya,Bamako,32,6,14,"Karg et al. 2023, Food_flow_data_v1.csv"
KARG_NODE_00328,-7.78805,12.62911,Baguinéda,Bamako,37,32,22,"Karg et al. 2023, Food_flow_data_v1.csv"
KARG_NODE_00329,-7.7597,11.89264,Basa,Bamako,2,0,2,"Karg et al. 2023, Food_flow_data_v1.csv"
KARG_NODE_00330,-7.75192,12.73179,Tienfala,Bamako,39,2,10,"Karg et al. 2023, Food_flow_data_v1.csv"
KARG_NODE_00331,-7.72125,13.19936,Biriba (Niossombougou),Bamako,1,0,1,"Karg et al. 2023, Food_flow_data_v1.csv"
KARG_NODE_00332,-7.70543,12.05548,Sanankoro Djitoumou,Bamako,2,0,2,"Karg et al. 2023, Food_flow_data_v1.csv"
KARG_NODE_00333,-7.69074,12.32906,Sirakoro (For checkpoint Sénou),Bamako,2,0,2,"Karg et al. 2023, Food_flow_data_v1.csv"
KARG_NODE_00334,-7.6906,11.74179,Banantoumou,Bamako,36,0,12,"Karg et al. 2023, Food_flow_data_v1.csv"
KARG_NODE_00335,-7.67034,12.59042,Kassela,Bamako,5,15,10,"Karg et al. 2023, Food_flow_data_v1.csv"
KARG_NODE_00336,-7.66885,14.99948,Dilly,Bamako,11,14,9,"Karg et al. 2023, Food_flow_data_v1.csv"
KARG_NODE_00337,-7.65306,13.11583,"Koula (in Koula (Koul), Koulikoro)",Bamako,22,1,10,"Karg et al. 2023, Food_flow_data_v1.csv"
KARG_NODE_00338,-7.64955,12.9227,Faya,Bamako,2,0,1,"Karg et al. 2023, Food_flow_data_v1.csv"
KARG_NODE_00339,-7.64647,12.21307,Diena (Quelessebougou),Bamako,6,2,6,"Karg et al. 2023, Food_flow_data_v1.csv"
KARG_NODE_00340,-7.64407,12.8215,"Massala (in Koulakoulikoro, Koulikoro)",Bamako,4,5,5,"Karg et al. 2023, Food_flow_data_v1.csv"
KARG_NODE_00341,-7.62014,33.56988,Casablanca ( Morocco),Bamako,0,1,1,"Karg et al. 2023, Food_flow_data_v1.csv"
KARG_NODE_00342,-7.60761,12.82839,Kayo,Bamako,2,44,4,"Karg et al. 2023, Food_flow_data_v1.csv"
KARG_NODE_00343,-7.60223,14.31348,Gallo,Bamako,4,0,2,"Karg et al. 2023, Food_flow_data_v1.csv"
KARG_NODE_00344,-7.5993,11.66729,Sido,Bamako,15,0,7,"Karg et al. 2023, Food_flow_data_v1.csv"
KARG_NODE_00345,-7.58261,12.84335,Souban,Bamako,3,0,3,"Karg et al. 2023, Food_flow_data_v1.csv"
KARG_NODE_00346,-7.57452,13.27529,Siarakorola,Bamako,12,0,8,"Karg et al. 2023, Food_flow_data_v1.csv"
KARG_NODE_00347,-7.56824,12.30172,Tiélé,Bamako,4,2,4,"Karg et al. 2023, Food_flow_data_v1.csv"
KARG_NODE_00348,-7.56534,7.42106,Man (Côte d'Ivoire),Bamako,19,1,5,"Karg et al. 2023, Food_flow_data_v1.csv"
KARG_NODE_00349,-7.55613,12.86463,Koulikoro,Bamako,205,503,29,"Karg et al. 2023, Food_flow_data_v1.csv"
KARG_NODE_00350,-7.54639,13.78009,Madina Sacko,Bamako,1,5,5,"Karg et al. 2023, Food_flow_data_v1.csv"
KARG_NODE_00351,-7.54419,12.88766,Koulikoroba,Bamako,0,2,2,"Karg et al. 2023, Food_flow_data_v1.csv"
KARG_NODE_00352,-7.53169,10.55638,Mafélé,Bamako,1,0,1,"Karg et al. 2023, Food_flow_data_v1.csv"
KARG_NODE_00353,-7.51268,14.00941,Boron,Bamako,7,6,8,"Karg et al. 2023, Food_flow_data_v1.csv"
KARG_NODE_00354,-7.48036,11.42413,"Bougouni (in Bougouni, Bougouni)",Bamako,280,265,29,"Karg et al. 2023, Food_flow_data_v1.csv"
KARG_NODE_00355,-7.47157,14.4687,Mourdiah,Bamako,11,17,6,"Karg et al. 2023, Food_flow_data_v1.csv"
KARG_NODE_00356,-7.44653,13.54852,Banamba,Bamako,84,77,22,"Karg et al. 2023, Food_flow_data_v1.csv"
KARG_NODE_00357,-7.44595,10.45517,Manankoro,Bamako,0,6,3,"Karg et al. 2023, Food_flow_data_v1.csv"
KARG_NODE_00358,-7.43948,10.98194,Garalo,Bamako,79,21,19,"Karg et al. 2023, Food_flow_data_v1.csv"
KARG_NODE_00359,-7.38347,13.46348,Touba,Bamako,52,51,22,"Karg et al. 2023, Food_flow_data_v1.csv"
KARG_NODE_00360,-7.35298,13.57815,Kiban,Bamako,12,8,6,"Karg et al. 2023, Food_flow_data_v1.csv"
KARG_NODE_00361,-7.32672,10.44576,Koroko (Senou),Bamako,3,0,3,"Karg et al. 2023, Food_flow_data_v1.csv"
KARG_NODE_00362,-7.29473,13.43547,Kérouané,Bamako,1,1,2,"Karg et al. 2023, Food_flow_data_v1.csv"
KARG_NODE_00363,-7.29156,11.4495,Basana (Sikasso),Bamako,1,0,1,"Karg et al. 2023, Food_flow_data_v1.csv"
KARG_NODE_00364,-7.28887,15.17125,Nara,Bamako,137,77,18,"Karg et al. 2023, Food_flow_data_v1.csv"
KARG_NODE_00365,-7.28711,12.73388,Marka-Coungo,Bamako,21,4,11,"Karg et al. 2023, Food_flow_data_v1.csv"
KARG_NODE_00366,-7.25398,11.38633,Zantiébougou,Bamako,4,0,4,"Karg et al. 2023, Food_flow_data_v1.csv"
KARG_NODE_00367,-7.24556,12.67,Toukoro,Bamako,1,0,1,"Karg et al. 2023, Food_flow_data_v1.csv"
KARG_NODE_00368,-7.2437,13.10646,Kenekoun,Bamako,0,1,1,"Karg et al. 2023, Food_flow_data_v1.csv"
KARG_NODE_00369,-7.15168,11.00787,Defina,Bamako,1,0,1,"Karg et al. 2023, Food_flow_data_v1.csv"
KARG_NODE_00370,-7.14545,12.75185,Tingolé,Bamako,2,1,2,"Karg et al. 2023, Food_flow_data_v1.csv"
KARG_NODE_00371,-7.13255,11.1646,Diaka,Bamako,9,0,6,"Karg et al. 2023, Food_flow_data_v1.csv"
KARG_NODE_00372,-7.07798,11.04373,Missala,Bamako,3,1,2,"Karg et al. 2023, Food_flow_data_v1.csv"
KARG_NODE_00373,-7.05953,12.68013,Sirakoro Soundian (For checkpoint Moribabougou),Bamako,41,6,18,"Karg et al. 2023, Food_flow_data_v1.csv"
KARG_NODE_00374,-6.98205,13.31779,Nyamina,Bamako,10,0,5,"Karg et al. 2023, Food_flow_data_v1.csv"
KARG_NODE_00375,-6.95922,12.77709,Fana,Bamako,237,67,25,"Karg et al. 2023, Food_flow_data_v1.csv"
KARG_NODE_00376,-6.94298,12.02548,Bolé,Bamako,11,22,3,"Karg et al. 2023, Food_flow_data_v1.csv"
KARG_NODE_00377,-6.91909,10.54443,Fakola,Bamako,14,4,7,"Karg et al. 2023, Food_flow_data_v1.csv"
KARG_NODE_00378,-6.9186,10.77946,"Bougoula (in Fakola, Kolondiéba)",Bamako,1,0,1,"Karg et al. 2023, Food_flow_data_v1.csv"
KARG_NODE_00379,-6.89342,11.08852,Kolondieba,Bamako,54,27,16,"Karg et al. 2023, Food_flow_data_v1.csv"
KARG_NODE_00380,-6.85698,11.70864,Sanso,Bamako,1,0,1,"Karg et al. 2023, Food_flow_data_v1.csv"
KARG_NODE_00381,-6.84876,10.82437,"Farako (in Fakola, Kolondiéba)",Bamako,0,1,1,"Karg et al. 2023, Food_flow_data_v1.csv"
KARG_NODE_00382,-6.84296,11.4069,Koumantou,Bamako,2,0,2,"Karg et al. 2023, Food_flow_data_v1.csv"
KARG_NODE_00383,-6.83467,13.33777,Tamani,Bamako,7,1,6,"Karg et al. 2023, Food_flow_data_v1.csv"
KARG_NODE_00384,-6.83177,13.07283,Barouéli,Bamako,4,9,8,"Karg et al. 2023, Food_flow_data_v1.csv"
KARG_NODE_00385,-6.79381,12.48127,"Dioila (in Dioïla, Dioïla)",Bamako,55,14,16,"Karg et al. 2023, Food_flow_data_v1.csv"
KARG_NODE_00386,-6.78601,11.42765,Tabakoro,Bamako,4,5,7,"Karg et al. 2023, Food_flow_data_v1.csv"
KARG_NODE_00387,-6.77774,13.06067,Wourou,Bamako,8,0,6,"Karg et al. 2023, Food_flow_data_v1.csv"
KARG_NODE_00388,-6.77305,11.85776,Massigui,Bamako,5,4,5,"Karg et al. 2023, Food_flow_data_v1.csv"
KARG_NODE_00389,-6.75914,12.91916,Konobougou,Bamako,88,28,17,"Karg et al. 2023, Food_flow_data_v1.csv"
KARG_NODE_00390,-6.72751,14.11374,Sagala,Bamako,3,0,2,"Karg et al. 2023, Food_flow_data_v1.csv"
KARG_NODE_00391,-6.71527,12.17395,"N'Golobougou (in Banco, Dioïla)",Bamako,4,8,6,"Karg et al. 2023, Food_flow_data_v1.csv"
KARG_NODE_00392,-6.66518,4.7655,San-Pédro (Côte d'Ivoire),Bamako,6,1,2,"Karg et al. 2023, Food_flow_data_v1.csv"
KARG_NODE_00393,-6.66144,7.97232,Seguéla (Côte d'Ivoire),Bamako,4,6,5,"Karg et al. 2023, Food_flow_data_v1.csv"
KARG_NODE_00394,-6.52449,12.09917,Banco,Bamako,36,0,7,"Karg et al. 2023, Food_flow_data_v1.csv"
KARG_NODE_00395,-6.50763,10.7491,Kadiana,Bamako,13,0,4,"Karg et al. 2023, Food_flow_data_v1.csv"
KARG_NODE_00396,-6.47832,31.47984,Morocco,Bamako,63,13,7,"Karg et al. 2023, Food_flow_data_v1.csv"
KARG_NODE_00397,-6.44559,6.88581,Daloa (Côte d'Ivoire),Bamako,6,0,4,"Karg et al. 2023, Food_flow_data_v1.csv"
KARG_NODE_00398,-6.44411,13.37077,Samale,Bamako,3,0,2,"Karg et al. 2023, Food_flow_data_v1.csv"
KARG_NODE_00399,-6.42347,13.32185,Konodimini,Bamako,2,1,2,"Karg et al. 2023, Food_flow_data_v1.csv"
KARG_NODE_00400,-6.40869,12.96861,Sanando,Bamako,1,0,1,"Karg et al. 2023, Food_flow_data_v1.csv"
KARG_NODE_00401,-6.40794,12.47506,Beleko Soba,Bamako,17,3,6,"Karg et al. 2023, Food_flow_data_v1.csv"
KARG_NODE_00402,-6.35117,11.42542,Niéna,Bamako,54,0,11,"Karg et al. 2023, Food_flow_data_v1.csv"
KARG_NODE_00403,-6.34948,11.54158,Mali,Tamale,2,0,2,"Karg et al. 2023, Food_flow_data_v1.csv"
KARG_NODE_00404,-6.3206,12.7949,Gouendo,Bamako,0,1,1,"Karg et al. 2023, Food_flow_data_v1.csv"
KARG_NODE_00405,-6.27798,11.91245,Morila (Sikasso),Bamako,3,1,4,"Karg et al. 2023, Food_flow_data_v1.csv"
KARG_NODE_00406,-6.26815,13.44152,Ségou,Bamako,189,34,22,"Karg et al. 2023, Food_flow_data_v1.csv"
KARG_NODE_00407,-6.23849,12.91293,Falo,Bamako,0,2,2,"Karg et al. 2023, Food_flow_data_v1.csv"
KARG_NODE_00408,-6.21659,13.42845,Pelengana,Bamako,2,0,1,"Karg et al. 2023, Food_flow_data_v1.csv"
KARG_NODE_00409,-6.14246,10.74477,Fourou,Bamako,1,0,1,"Karg et al. 2023, Food_flow_data_v1.csv"
KARG_NODE_00410,-6.11561,13.81517,Dougabougou Koroni,Bamako,9,0,3,"Karg et al. 2023, Food_flow_data_v1.csv"
KARG_NODE_00411,-6.06861,13.68586,Markala,Bamako,3,2,5,"Karg et al. 2023, Food_flow_data_v1.csv"
KARG_NODE_00412,-6.06183,14.04324,Siribala Coura,Bamako,7,0,4,"Karg et al. 2023, Food_flow_data_v1.csv"
KARG_NODE_00413,-6.02196,14.68554,Diabaly,Bamako,7,2,4,"Karg et al. 2023, Food_flow_data_v1.csv"
KARG_NODE_00414,-6.02,14.2375,Molodo-centre,Bamako,101,5,20,"Karg et al. 2023, Food_flow_data_v1.csv"
KARG_NODE_00415,-6.01404,11.84861,Kignan,Bamako,6,2,2,"Karg et al. 2023, Food_flow_data_v1.csv"
KARG_NODE_00416,-5.99105,14.25342,Niono,Bamako,364,8,16,"Karg et al. 2023, Food_flow_data_v1.csv"
KARG_NODE_00417,-5.97645,14.37319,Ndébougou,Bamako,1,0,1,"Karg et al. 2023, Food_flow_data_v1.csv"
KARG_NODE_00418,-5.92806,14.42444,Bolibana,Bamako,3,6,7,"Karg et al. 2023, Food_flow_data_v1.csv"
KARG_NODE_00419,-5.91991,12.38889,Ngolobougou,Bamako,6,0,4,"Karg et al. 2023, Food_flow_data_v1.csv"
KARG_NODE_00420,-5.87738,13.77516,Sibila,Bamako,1,0,1,"Karg et al. 2023, Food_flow_data_v1.csv"
KARG_NODE_00421,-5.85733,12.94204,Niala,Bamako,2,0,2,"Karg et al. 2023, Food_flow_data_v1.csv"
KARG_NODE_00422,-5.83607,11.87937,Kourouma,Bamako,2,0,2,"Karg et al. 2023, Food_flow_data_v1.csv"
KARG_NODE_00423,-5.8358,13.11113,Touna,Bamako,2,0,2,"Karg et al. 2023, Food_flow_data_v1.csv"
KARG_NODE_00424,-5.83138,13.68904,Dioro,Bamako,16,1,7,"Karg et al. 2023, Food_flow_data_v1.csv"
KARG_NODE_00425,-5.76201,12.94941,Bla,Bamako,33,4,7,"Karg et al. 2023, Food_flow_data_v1.csv"
KARG_NODE_00426,-5.75929,10.55404,Kadiolo,Bamako,6,0,4,"Karg et al. 2023, Food_flow_data_v1.csv"
KARG_NODE_00427,-5.71854,12.66541,M'Pessoba,Bamako,2,0,2,"Karg et al. 2023, Food_flow_data_v1.csv"
KARG_NODE_00428,-5.68664,13.87495,Kolongo,Bamako,6,0,2,"Karg et al. 2023, Food_flow_data_v1.csv"
KARG_NODE_00429,-5.68301,12.42651,N'Golonianaso,Bamako,0,1,1,"Karg et al. 2023, Food_flow_data_v1.csv"
KARG_NODE_00430,-5.67775,11.3165,Sikasso,Bamako,527,132,29,"Karg et al. 2023, Food_flow_data_v1.csv"
KARG_NODE_00431,-5.64922,10.48968,Zégoua,Bamako,5,0,4,"Karg et al. 2023, Food_flow_data_v1.csv"
KARG_NODE_00432,-5.64136,13.32259,Katiena,Bamako,2,0,1,"Karg et al. 2023, Food_flow_data_v1.csv"
KARG_NODE_00433,-5.63058,9.45704,Korhogo (Côte d'Ivoire),Bamako,0,1,1,"Karg et al. 2023, Food_flow_data_v1.csv"
KARG_NODE_00434,-5.62827,13.63871,Yolo,Bamako,0,4,4,"Karg et al. 2023, Food_flow_data_v1.csv"
KARG_NODE_00435,-5.60567,10.88866,Loulouni,Bamako,12,0,7,"Karg et al. 2023, Food_flow_data_v1.csv"
KARG_NODE_00436,-5.56399,11.75624,Nongo-Souala,Bamako,0,3,3,"Karg et al. 2023, Food_flow_data_v1.csv"
KARG_NODE_00437,-5.52039,14.14799,Monimpébougou,Bamako,0,1,1,"Karg et al. 2023, Food_flow_data_v1.csv"
KARG_NODE_00438,-5.45998,12.3872,"Koutiala (in Koutiala, Koutiala)",Bamako,70,5,12,"Karg et al. 2023, Food_flow_data_v1.csv"
KARG_NODE_00439,-5.41183,10.52811,Baguera,Ouagadougou,2,0,1,"Karg et al. 2023, Food_flow_data_v1.csv"
KARG_NODE_00440,-5.35864,13.96194,Ke Macina,Bamako,29,3,9,"Karg et al. 2023, Food_flow_data_v1.csv"
KARG_NODE_00441,-5.33428,11.59878,Zantiguila,Bamako,5,6,6,"Karg et al. 2023, Food_flow_data_v1.csv"
KARG_NODE_00442,-5.32266,13.07119,Yangasso,Bamako,4,0,2,"Karg et al. 2023, Food_flow_data_v1.csv"
KARG_NODE_00443,-5.30838,11.08301,Koloko,Ouagadougou,1,0,1,"Karg et al. 2023, Food_flow_data_v1.csv"
KARG_NODE_00444,-5.26157,6.81795,Yamoussoukro (Côte d'Ivoire),Bamako,2,0,1,"Karg et al. 2023, Food_flow_data_v1.csv"
KARG_NODE_00445,-5.25125,14.82518,Dioura,Bamako,0,3,2,"Karg et al. 2023, Food_flow_data_v1.csv"
KARG_NODE_00446,-5.2076,9.58093,Ferkessédougou (Côte d'Ivoire),Bamako,1,0,1,"Karg et al. 2023, Food_flow_data_v1.csv"
KARG_NODE_00447,-5.15141,10.46402,Dakoro,Ouagadougou,0,4,2,"Karg et al. 2023, Food_flow_data_v1.csv"
KARG_NODE_00448,-5.0654,7.70848,Bouaké (Côte d'Ivoire),Bamako,40,2,9,"Karg et al. 2023, Food_flow_data_v1.csv"
KARG_NODE_00449,-5.05482,8.2588,Côte d'Ivoire,Ouagadougou,37,77,19,"Karg et al. 2023, Food_flow_data_v1.csv"
KARG_NODE_00450,-5.05065,7.61293,Cote d'Ivoire,Tamale,3,1,4,"Karg et al. 2023, Food_flow_data_v1.csv"
KARG_NODE_00451,-5.04111,12.72361,Toura-Kalanga,Bamako,3,0,3,"Karg et al. 2023, Food_flow_data_v1.csv"
KARG_NODE_00452,-5.01845,14.13928,Diafarabé,Bamako,2,0,2,"Karg et al. 2023, Food_flow_data_v1.csv"
KARG_NODE_00453,-4.92576,12.83695,"Kimparana (in Kimparana, San)",Bamako,9,0,3,"Karg et al. 2023, Food_flow_data_v1.csv"
KARG_NODE_00454,-4.91668,10.98534,Orodara,Ouagadougou,15,2,6,"Karg et al. 2023, Food_flow_data_v1.csv"
KARG_NODE_00455,-4.91473,14.45835,Ténenkou,Bamako,4,0,3,"Karg et al. 2023, Food_flow_data_v1.csv"
KARG_NODE_00456,-4.91028,10.28711,Niangoloko,Ouagadougou,1,0,1,"Karg et al. 2023, Food_flow_data_v1.csv"
KARG_NODE_00457,-4.90194,15.71584,Léré,Bamako,1,0,1,"Karg et al. 2023, Food_flow_data_v1.csv"
KARG_NODE_00458,-4.89828,13.29909,San,Bamako,50,1,8,"Karg et al. 2023, Food_flow_data_v1.csv"
KARG_NODE_00459,-4.84235,13.64145,Bozola (For checkpoint Moribabougou),Bamako,4,0,3,"Karg et al. 2023, Food_flow_data_v1.csv"
KARG_NODE_00460,-4.80167,12.18118,Koury,Bamako,3,0,2,"Karg et al. 2023, Food_flow_data_v1.csv"
KARG_NODE_00461,-4.80026,10.06766,Ouangolodougou,Ouagadougou,1,0,1,"Karg et al. 2023, Food_flow_data_v1.csv"
KARG_NODE_00462,-4.7529,10.64365,Banfora,Ouagadougou,20,6,9,"Karg et al. 2023, Food_flow_data_v1.csv"
KARG_NODE_00463,-4.59024,13.2868,Tominian,Bamako,2,1,3,"Karg et al. 2023, Food_flow_data_v1.csv"
KARG_NODE_00464,-4.55486,13.90516,Djenné,Bamako,8,2,6,"Karg et al. 2023, Food_flow_data_v1.csv"
KARG_NODE_00465,-4.51147,14.01214,Gagna,Bamako,1,0,1,"Karg et al. 2023, Food_flow_data_v1.csv"
KARG_NODE_00466,-4.49339,14.22229,Kouakourou,Bamako,1,0,1,"Karg et al. 2023, Food_flow_data_v1.csv"
KARG_NODE_00467,-4.44647,13.52701,Fangasso,Bamako,2,0,2,"Karg et al. 2023, Food_flow_data_v1.csv"
KARG_NODE_00468,-4.39517,11.52548,Seguere,Ouagadougou,4,7,4,"Karg et al. 2023, Food_flow_data_v1.csv"
KARG_NODE_00469,-4.36623,13.12053,Bénéma,Bamako,1,0,1,"Karg et al. 2023, Food_flow_data_v1.csv"
KARG_NODE_00470,-4.35025,9.90101,Mangodara,Ouagadougou,0,3,2,"Karg et al. 2023, Food_flow_data_v1.csv"
KARG_NODE_00471,-4.29375,11.17767,Bobo-Dioulasso,Ouagadougou,629,144,28,"Karg et al. 2023, Food_flow_data_v1.csv"
KARG_NODE_00472,-4.28726,11.16871,Bobo-Dioulasso (Burkina Faso),Bamako,4,4,5,"Karg et al. 2023, Food_flow_data_v1.csv"
KARG_NODE_00473,-4.28237,11.67757,Djigouema,Ouagadougou,0,1,1,"Karg et al. 2023, Food_flow_data_v1.csv"
KARG_NODE_00474,-4.27168,13.24405,"Koula (in Koula, Tominian)",Bamako,1,0,1,"Karg et al. 2023, Food_flow_data_v1.csv"
KARG_NODE_00475,-4.2044,14.49411,Mopti (Mali),Ouagadougou,2,2,2,"Karg et al. 2023, Food_flow_data_v1.csv"
KARG_NODE_00476,-4.19258,14.49122,Mopti Market (Sakarowel),Bamako,0,2,1,"Karg et al. 2023, Food_flow_data_v1.csv"
KARG_NODE_00477,-4.1906,14.48796,Mopti,Bamako,105,11,7,"Karg et al. 2023, Food_flow_data_v1.csv"
KARG_NODE_00478,-4.16204,13.11585,Djibasso,Ouagadougou,11,4,5,"Karg et al. 2023, Food_flow_data_v1.csv"
KARG_NODE_00479,-4.09441,14.51736,Sévaré,Bamako,11,0,2,"Karg et al. 2023, Food_flow_data_v1.csv"
KARG_NODE_00480,-4.0863,12.18057,Solenzo,Ouagadougou,4,0,2,"Karg et al. 2023, Food_flow_data_v1.csv"
KARG_NODE_00481,-4.05992,14.61356,Fatoma,Bamako,6,0,2,"Karg et al. 2023, Food_flow_data_v1.csv"
KARG_NODE_00482,-4.0416,13.25284,Ira,Ouagadougou,22,0,1,"Karg et al. 2023, Food_flow_data_v1.csv"
KARG_NODE_00483,-4.01958,13.35776,Ba,Ouagadougou,1,0,1,"Karg et al. 2023, Food_flow_data_v1.csv"
KARG_NODE_00484,-4.01928,5.30183,Abidjan (Côte d'Ivoire),Ouagadougou,417,133,30,"Karg et al. 2023, Food_flow_data_v1.csv"
KARG_NODE_00485,-3.99282,5.32199,Abidjan (Côte d'Ivoire),Tamale,3,2,3,"Karg et al. 2023, Food_flow_data_v1.csv"
KARG_NODE_00486,-3.99,15.931,Niafunké,Bamako,2,27,7,"Karg et al. 2023, Food_flow_data_v1.csv"
KARG_NODE_00487,-3.93357,11.10091,Deguele,Ouagadougou,1,1,2,"Karg et al. 2023, Food_flow_data_v1.csv"
KARG_NODE_00488,-3.89039,14.94414,Konna,Bamako,21,0,2,"Karg et al. 2023, Food_flow_data_v1.csv"
KARG_NODE_00489,-3.86726,12.73398,Nouna,Ouagadougou,30,2,8,"Karg et al. 2023, Food_flow_data_v1.csv"
KARG_NODE_00490,-3.85024,11.36755,Zabo,Ouagadougou,3,0,2,"Karg et al. 2023, Food_flow_data_v1.csv"
KARG_NODE_00491,-3.767,13.50778,Sokoura,Bamako,0,1,1,"Karg et al. 2023, Food_flow_data_v1.csv"
KARG_NODE_00492,-3.74905,16.13704,Tonka,Bamako,3,3,5,"Karg et al. 2023, Food_flow_data_v1.csv"
KARG_NODE_00493,-3.66363,16.41685,Goundam,Bamako,3,0,1,"Karg et al. 2023, Food_flow_data_v1.csv"
KARG_NODE_00494,-3.61128,14.3505,Bandiagara,Bamako,7,0,3,"Karg et al. 2023, Food_flow_data_v1.csv"
KARG_NODE_00495,-3.58357,12.20082,Poundou,Ouagadougou,1,0,1,"Karg et al. 2023, Food_flow_data_v1.csv"
KARG_NODE_00496,-3.52319,14.07761,Bankass,Bamako,13,0,3,"Karg et al. 2023, Food_flow_data_v1.csv"
KARG_NODE_00497,-3.52171,11.49259,Houndé,Ouagadougou,46,25,16,"Karg et al. 2023, Food_flow_data_v1.csv"
KARG_NODE_00498,-3.51659,15.98314,Mali,Ouagadougou,21,15,12,"Karg et al. 2023, Food_flow_data_v1.csv"
KARG_NODE_00499,-3.49853,6.72384,Abengourou (Côte d'Ivoire),Ouagadougou,0,2,2,"Karg et al. 2023, Food_flow_data_v1.csv"
KARG_NODE_00500,-3.48594,15.13516,Boré (Mopti),Bamako,7,1,2,"Karg et al. 2023, Food_flow_data_v1.csv"
KARG_NODE_00501,-3.48565,10.91058,Bonduigi,Ouagadougou,1,0,1,"Karg et al. 2023, Food_flow_data_v1.csv"
KARG_NODE_00502,-3.45941,10.144,Kampti,Ouagadougou,0,1,1,"Karg et al. 2023, Food_flow_data_v1.csv"
KARG_NODE_00503,-3.45822,12.46249,Dédougou,Ouagadougou,33,45,14,"Karg et al. 2023, Food_flow_data_v1.csv"
KARG_NODE_00504,-3.42731,12.06947,Kona,Ouagadougou,0,2,2,"Karg et al. 2023, Food_flow_data_v1.csv"
KARG_NODE_00505,-3.4151,13.16598,Di,Ouagadougou,5,0,1,"Karg et al. 2023, Food_flow_data_v1.csv"
KARG_NODE_00506,-3.39714,16.26781,Diré,Bamako,8,6,5,"Karg et al. 2023, Food_flow_data_v1.csv"
KARG_NODE_00507,-3.31023,14.46802,Sangha,Bamako,1,1,2,"Karg et al. 2023, Food_flow_data_v1.csv"
KARG_NODE_00508,-3.30047,12.58598,Douroula,Ouagadougou,1,0,1,"Karg et al. 2023, Food_flow_data_v1.csv"
KARG_NODE_00509,-3.25752,11.54689,Pâ,Ouagadougou,9,30,13,"Karg et al. 2023, Food_flow_data_v1.csv"
KARG_NODE_00510,-3.24911,10.96595,Dibougou,Ouagadougou,1,0,1,"Karg et al. 2023, Food_flow_data_v1.csv"
KARG_NODE_00511,-3.2458,10.96794,Diébougou,Ouagadougou,4,7,5,"Karg et al. 2023, Food_flow_data_v1.csv"
KARG_NODE_00512,-3.22635,12.13276,Safan,Ouagadougou,4,1,3,"Karg et al. 2023, Food_flow_data_v1.csv"
KARG_NODE_00513,-3.18348,10.32783,Gaoua,Ouagadougou,3,5,6,"Karg et al. 2023, Food_flow_data_v1.csv"
KARG_NODE_00514,-3.17876,14.73347,Damada,Bamako,0,16,9,"Karg et al. 2023, Food_flow_data_v1.csv"
KARG_NODE_00515,-3.17771,10.33166,Goaua,Ouagadougou,0,3,2,"Karg et al. 2023, Food_flow_data_v1.csv"
KARG_NODE_00516,-3.1682,13.23853,Dissi,Ouagadougou,3,3,4,"Karg et al. 2023, Food_flow_data_v1.csv"
KARG_NODE_00517,-3.13975,13.62015,Loroni,Ouagadougou,2,2,4,"Karg et al. 2023, Food_flow_data_v1.csv"
KARG_NODE_00518,-3.11126,12.59769,Yé,Ouagadougou,1,0,1,"Karg et al. 2023, Food_flow_data_v1.csv"
KARG_NODE_00519,-3.0807,14.06984,Koro,Bamako,22,0,4,"Karg et al. 2023, Food_flow_data_v1.csv"
KARG_NODE_00520,-3.06976,13.0698,Tougan,Ouagadougou,19,12,13,"Karg et al. 2023, Food_flow_data_v1.csv"
KARG_NODE_00521,-3.06073,11.14868,Dano,Ouagadougou,2,0,2,"Karg et al. 2023, Food_flow_data_v1.csv"
KARG_NODE_00522,-3.04941,16.65681,Toya,Bamako,2,0,1,"Karg et al. 2023, Food_flow_data_v1.csv"
KARG_NODE_00523,-3.00873,16.77191,Tombouctou,Bamako,6,51,12,"Karg et al. 2023, Food_flow_data_v1.csv"
KARG_NODE_00524,-2.97384,11.85593,Siby,Ouagadougou,1,0,1,"Karg et al. 2023, Food_flow_data_v1.csv"
KARG_NODE_00525,-2.96688,12.81743,Biba,Ouagadougou,1,0,1,"Karg et al. 2023, Food_flow_data_v1.csv"
KARG_NODE_00526,-2.95296,15.00687,Douentza,Bamako,18,4,6,"Karg et al. 2023, Food_flow_data_v1.csv"
KARG_NODE_00527,-2.94597,7.85303,Koroko (Côte d'Ivoire),Bamako,0,1,1,"Karg et al. 2023, Food_flow_data_v1.csv"
KARG_NODE_00528,-2.93024,11.74561,Boromo,Ouagadougou,66,89,18,"Karg et al. 2023, Food_flow_data_v1.csv"
KARG_NODE_00529,-2.90012,12.76282,Toma,Ouagadougou,14,3,7,"Karg et al. 2023, Food_flow_data_v1.csv"
KARG_NODE_00530,-2.876,6.04255,Safwi Akontombra,Tamale,0,1,1,"Karg et al. 2023, Food_flow_data_v1.csv"
KARG_NODE_00531,-2.87325,7.27123,Dormaa Ahenkro,Tamale,2,2,4,"Karg et al. 2023, Food_flow_data_v1.csv"
KARG_NODE_00532,-2.86688,12.86743,Yaba,Ouagadougou,24,1,9,"Karg et al. 2023, Food_flow_data_v1.csv"
KARG_NODE_00533,-2.82339,5.82301,Enchi,Tamale,0,2,1,"Karg et al. 2023, Food_flow_data_v1.csv"
KARG_NODE_00534,-2.80016,7.72289,Npuasu,Tamale,2,0,2,"Karg et al. 2023, Food_flow_data_v1.csv"
KARG_NODE_00535,-2.77153,5.28727,Elubu,Tamale,0,2,2,"Karg et al. 2023, Food_flow_data_v1.csv"
KARG_NODE_00536,-2.76176,11.51864,Fara,Ouagadougou,25,3,10,"Karg et al. 2023, Food_flow_data_v1.csv"
KARG_NODE_00537,-2.76069,13.61354,Douma,Ouagadougou,1,0,1,"Karg et al. 2023, Food_flow_data_v1.csv"
KARG_NODE_00538,-2.75064,10.99376,Hamale,Ouagadougou,0,1,1,"Karg et al. 2023, Food_flow_data_v1.csv"
KARG_NODE_00539,-2.73132,13.24026,Kiembara,Ouagadougou,0,2,2,"Karg et al. 2023, Food_flow_data_v1.csv"
KARG_NODE_00540,-2.70021,12.4508,Dassa,Ouagadougou,69,4,14,"Karg et al. 2023, Food_flow_data_v1.csv"
KARG_NODE_00541,-2.67577,12.36316,Poa,Ouagadougou,3,36,12,"Karg et al. 2023, Food_flow_data_v1.csv"
KARG_NODE_00542,-2.67083,16.07556,Daka,Bamako,0,4,1,"Karg et al. 2023, Food_flow_data_v1.csv"
KARG_NODE_00543,-2.66597,11.80981,Laba,Ouagadougou,1,0,1,"Karg et al. 2023, Food_flow_data_v1.csv"
KARG_NODE_00544,-2.64189,7.80419,Buni,Tamale,5,0,2,"Karg et al. 2023, Food_flow_data_v1.csv"
KARG_NODE_00545,-2.64028,15.10528,Dallah,Bamako,6,0,4,"Karg et al. 2023, Food_flow_data_v1.csv"
KARG_NODE_00546,-2.63354,12.80077,Zougo,Ouagadougou,0,3,2,"Karg et al. 2023, Food_flow_data_v1.csv"
KARG_NODE_00547,-2.59895,12.19936,Tenado,Ouagadougou,0,1,1,"Karg et al. 2023, Food_flow_data_v1.csv"
KARG_NODE_00548,-2.58249,7.45047,Berekum,Tamale,0,6,4,"Karg et al. 2023, Food_flow_data_v1.csv"
KARG_NODE_00549,-2.58239,13.71102,Banogo,Ouagadougou,2,0,2,"Karg et al. 2023, Food_flow_data_v1.csv"
KARG_NODE_00550,-2.56757,6.39804,Buaku,Tamale,2,0,2,"Karg et al. 2023, Food_flow_data_v1.csv"
KARG_NODE_00551,-2.55773,10.25869,Sambo,Tamale,4,0,2,"Karg et al. 2023, Food_flow_data_v1.csv"
KARG_NODE_00552,-2.51382,6.8003,Guaso,Tamale,19,6,10,"Karg et al. 2023, Food_flow_data_v1.csv"
KARG_NODE_00553,-2.51013,11.92702,Tita,Ouagadougou,13,19,12,"Karg et al. 2023, Food_flow_data_v1.csv"
KARG_NODE_00554,-2.50595,10.06458,Wa,Tamale,1,2,3,"Karg et al. 2023, Food_flow_data_v1.csv"
KARG_NODE_00555,-2.49919,6.50134,Sankore,Tamale,0,1,1,"Karg et al. 2023, Food_flow_data_v1.csv"
KARG_NODE_00556,-2.49259,11.59835,Silly,Ouagadougou,1,1,2,"Karg et al. 2023, Food_flow_data_v1.csv"
KARG_NODE_00557,-2.48951,9.03248,Bole,Tamale,0,2,2,"Karg et al. 2023, Food_flow_data_v1.csv"
KARG_NODE_00558,-2.4831,13.64225,Toessin (Ouahigouya road),Ouagadougou,49,2,19,"Karg et al. 2023, Food_flow_data_v1.csv"
KARG_NODE_00559,-2.48271,6.22058,Sefwi Dwenasi,Tamale,0,1,1,"Karg et al. 2023, Food_flow_data_v1.csv"
KARG_NODE_00560,-2.46983,12.31949,Réo,Ouagadougou,5,9,8,"Karg et al. 2023, Food_flow_data_v1.csv"
KARG_NODE_00561,-2.46186,10.20079,Jang,Tamale,3,0,2,"Karg et al. 2023, Food_flow_data_v1.csv"
KARG_NODE_00562,-2.45879,12.90621,Lâ-Todin,Ouagadougou,0,2,2,"Karg et al. 2023, Food_flow_data_v1.csv"
KARG_NODE_00563,-2.45227,12.09627,Nadiolo,Ouagadougou,0,2,2,"Karg et al. 2023, Food_flow_data_v1.csv"
KARG_NODE_00564,-2.44337,6.69407,Kukuom,Tamale,3,0,2,"Karg et al. 2023, Food_flow_data_v1.csv"
KARG_NODE_00565,-2.43354,12.86743,Loungo,Ouagadougou,1,0,1,"Karg et al. 2023, Food_flow_data_v1.csv"
KARG_NODE_00566,-2.4179,13.58169,Ouahigouya,Ouagadougou,137,124,27,"Karg et al. 2023, Food_flow_data_v1.csv"
KARG_NODE_00567,-2.41569,9.27347,Sawla,Tamale,2,0,2,"Karg et al. 2023, Food_flow_data_v1.csv"
KARG_NODE_00568,-2.39274,13.36331,Bougounam,Ouagadougou,1,0,1,"Karg et al. 2023, Food_flow_data_v1.csv"
KARG_NODE_00569,-2.36612,12.25191,Koudougou,Ouagadougou,114,121,27,"Karg et al. 2023, Food_flow_data_v1.csv"
KARG_NODE_00570,-2.35913,13.20849,Gourcy,Ouagadougou,31,47,18,"Karg et al. 2023, Food_flow_data_v1.csv"
KARG_NODE_00571,-2.33092,7.33843,Sunyani,Tamale,51,78,27,"Karg et al. 2023, Food_flow_data_v1.csv"
KARG_NODE_00572,-2.3299,12.4365,Imasgo,Ouagadougou,3,1,3,"Karg et al. 2023, Food_flow_data_v1.csv"
KARG_NODE_00573,-2.32042,6.19347,Sefwi Bekwai,Tamale,3,0,3,"Karg et al. 2023, Food_flow_data_v1.csv"
KARG_NODE_00574,-2.31495,6.45294,Bibiani,Tamale,2,8,6,"Karg et al. 2023, Food_flow_data_v1.csv"
KARG_NODE_00575,-2.3129,12.10241,Guirgo,Ouagadougou,2,1,2,"Karg et al. 2023, Food_flow_data_v1.csv"
KARG_NODE_00576,-2.29523,13.34975,Péla,Ouagadougou,8,4,8,"Karg et al. 2023, Food_flow_data_v1.csv"
KARG_NODE_00577,-2.26686,11.68419,Passin,Ouagadougou,0,1,1,"Karg et al. 2023, Food_flow_data_v1.csv"
KARG_NODE_00578,-2.26364,12.962,Yako,Ouagadougou,206,166,26,"Karg et al. 2023, Food_flow_data_v1.csv"
KARG_NODE_00579,-2.24216,4.86536,Axim,Tamale,0,1,1,"Karg et al. 2023, Food_flow_data_v1.csv"
KARG_NODE_00580,-2.22609,12.06107,Sabou,Ouagadougou,64,62,20,"Karg et al. 2023, Food_flow_data_v1.csv"
KARG_NODE_00581,-2.22137,11.44193,Tô,Ouagadougou,2,2,3,"Karg et al. 2023, Food_flow_data_v1.csv"
KARG_NODE_00582,-2.19616,12.68788,Nanoro,Ouagadougou,67,59,20,"Karg et al. 2023, Food_flow_data_v1.csv"
KARG_NODE_00583,-2.18016,9.96485,Chago,Tamale,1,0,1,"Karg et al. 2023, Food_flow_data_v1.csv"
KARG_NODE_00584,-2.1716,12.32928,Nandiala,Ouagadougou,11,0,7,"Karg et al. 2023, Food_flow_data_v1.csv"
KARG_NODE_00585,-2.15924,11.35497,Tabou,Ouagadougou,2,0,2,"Karg et al. 2023, Food_flow_data_v1.csv"
KARG_NODE_00586,-2.15082,12.72819,Godo,Ouagadougou,41,8,12,"Karg et al. 2023, Food_flow_data_v1.csv"
KARG_NODE_00587,-2.14148,5.43488,Prestea,Tamale,0,2,2,"Karg et al. 2023, Food_flow_data_v1.csv"
KARG_NODE_00588,-2.13281,11.80067,Bazilakoa,Ouagadougou,1,0,1,"Karg et al. 2023, Food_flow_data_v1.csv"
KARG_NODE_00589,-2.11753,13.60997,Rambo,Ouagadougou,3,1,4,"Karg et al. 2023, Food_flow_data_v1.csv"
KARG_NODE_00590,-2.1046,11.09855,Léo,Ouagadougou,209,72,24,"Karg et al. 2023, Food_flow_data_v1.csv"
KARG_NODE_00591,-2.10351,7.73801,Wenchi,Tamale,0,4,1,"Karg et al. 2023, Food_flow_data_v1.csv"
KARG_NODE_00592,-2.07837,12.23426,Loaga,Ouagadougou,1,0,1,"Karg et al. 2023, Food_flow_data_v1.csv"
KARG_NODE_00593,-2.07384,13.76743,Titao,Ouagadougou,28,27,14,"Karg et al. 2023, Food_flow_data_v1.csv"
KARG_NODE_00594,-2.0691,12.32971,Taonsogo,Ouagadougou,3,0,2,"Karg et al. 2023, Food_flow_data_v1.csv"
KARG_NODE_00595,-2.05799,12.30331,Koukin,Ouagadougou,2,0,2,"Karg et al. 2023, Food_flow_data_v1.csv"
KARG_NODE_00596,-2.0516,12.32361,Bagayiri,Ouagadougou,1,0,1,"Karg et al. 2023, Food_flow_data_v1.csv"
KARG_NODE_00597,-2.05099,7.94256,Subinso,Tamale,0,2,1,"Karg et al. 2023, Food_flow_data_v1.csv"
KARG_NODE_00598,-2.03796,12.43549,Kindi,Ouagadougou,52,17,17,"Karg et al. 2023, Food_flow_data_v1.csv"
KARG_NODE_00599,-2.03067,12.84838,Arbol,Ouagadougou,57,26,16,"Karg et al. 2023, Food_flow_data_v1.csv"
KARG_NODE_00600,-2.02648,7.18435,Techimantia,Tamale,0,1,1,"Karg et al. 2023, Food_flow_data_v1.csv"
KARG_NODE_00601,-2.02459,7.08778,Bechem,Tamale,1,0,1,"Karg et al. 2023, Food_flow_data_v1.csv"
KARG_NODE_00602,-2.02018,13.08074,Zamdogo,Ouagadougou,36,10,9,"Karg et al. 2023, Food_flow_data_v1.csv"
KARG_NODE_00603,-2.00838,12.05801,Bourou,Ouagadougou,4,0,2,"Karg et al. 2023, Food_flow_data_v1.csv"
KARG_NODE_00604,-2.00633,5.56883,Bogoso,Tamale,0,3,3,"Karg et al. 2023, Food_flow_data_v1.csv"
KARG_NODE_00605,-1.98082,10.87571,Tumu,Tamale,0,6,1,"Karg et al. 2023, Food_flow_data_v1.csv"
KARG_NODE_00606,-1.97964,13.18157,Kalsaka,Ouagadougou,35,24,14,"Karg et al. 2023, Food_flow_data_v1.csv"
KARG_NODE_00607,-1.97942,5.32617,Tarkwa,Tamale,0,7,3,"Karg et al. 2023, Food_flow_data_v1.csv"
KARG_NODE_00608,-1.96164,12.65081,Soala,Ouagadougou,1,1,2,"Karg et al. 2023, Food_flow_data_v1.csv"
KARG_NODE_00609,-1.95407,7.39726,Akomadan,Tamale,19,0,6,"Karg et al. 2023, Food_flow_data_v1.csv"
KARG_NODE_00610,-1.93592,7.58634,Techiman,Tamale,342,503,37,"Karg et al. 2023, Food_flow_data_v1.csv"
KARG_NODE_00611,-1.93389,12.76879,Niou,Ouagadougou,12,13,8,"Karg et al. 2023, Food_flow_data_v1.csv"
KARG_NODE_00612,-1.91354,12.40941,Bouanga,Ouagadougou,1,0,1,"Karg et al. 2023, Food_flow_data_v1.csv"
KARG_NODE_00613,-1.90454,13.36509,Kossouka,Ouagadougou,2,3,3,"Karg et al. 2023, Food_flow_data_v1.csv"
KARG_NODE_00614,-1.90386,7.63973,Tuobodom,Tamale,25,0,7,"Karg et al. 2023, Food_flow_data_v1.csv"
KARG_NODE_00615,-1.89768,12.66381,Boussé,Ouagadougou,149,105,23,"Karg et al. 2023, Food_flow_data_v1.csv"
KARG_NODE_00616,-1.88595,12.55396,Siglé,Ouagadougou,20,21,15,"Karg et al. 2023, Food_flow_data_v1.csv"
KARG_NODE_00617,-1.88236,11.42104,Sourou,Ouagadougou,1,0,1,"Karg et al. 2023, Food_flow_data_v1.csv"
KARG_NODE_00618,-1.87541,12.19424,Kokologho,Ouagadougou,269,224,29,"Karg et al. 2023, Food_flow_data_v1.csv"
KARG_NODE_00619,-1.85213,12.53403,Sièmtenga,Ouagadougou,1,0,1,"Karg et al. 2023, Food_flow_data_v1.csv"
KARG_NODE_00620,-1.84991,11.7678,Bakata,Ouagadougou,3,0,1,"Karg et al. 2023, Food_flow_data_v1.csv"
KARG_NODE_00621,-1.84938,12.81548,Mouni,Ouagadougou,15,11,13,"Karg et al. 2023, Food_flow_data_v1.csv"
KARG_NODE_00622,-1.83282,12.30002,Bingo,Ouagadougou,3,34,12,"Karg et al. 2023, Food_flow_data_v1.csv"
KARG_NODE_00623,-1.81924,9.08555,Damongo,Tamale,19,24,20,"Karg et al. 2023, Food_flow_data_v1.csv"
KARG_NODE_00624,-1.817,8.25048,Babato,Tamale,3,10,10,"Karg et al. 2023, Food_flow_data_v1.csv"
KARG_NODE_00625,-1.8163,13.13184,Pourra,Ouagadougou,5,1,5,"Karg et al. 2023, Food_flow_data_v1.csv"
KARG_NODE_00626,-1.80463,12.18162,Komki-Ipala,Ouagadougou,11,3,8,"Karg et al. 2023, Food_flow_data_v1.csv"
KARG_NODE_00627,-1.79796,12.21748,Tintilou,Ouagadougou,563,9,15,"Karg et al. 2023, Food_flow_data_v1.csv"
KARG_NODE_00628,-1.79098,5.95347,Dunkwa,Tamale,0,3,2,"Karg et al. 2023, Food_flow_data_v1.csv"
KARG_NODE_00629,-1.79046,13.00881,Bokin,Ouagadougou,10,1,7,"Karg et al. 2023, Food_flow_data_v1.csv"
KARG_NODE_00630,-1.77964,12.44771,Barouli,Ouagadougou,3,0,3,"Karg et al. 2023, Food_flow_data_v1.csv"
KARG_NODE_00631,-1.77798,12.42691,Koala,Ouagadougou,0,2,1,"Karg et al. 2023, Food_flow_data_v1.csv"
KARG_NODE_00632,-1.77548,12.35081,Nabakoutou,Ouagadougou,0,2,2,"Karg et al. 2023, Food_flow_data_v1.csv"
KARG_NODE_00633,-1.77269,12.52718,Laye,Ouagadougou,35,40,16,"Karg et al. 2023, Food_flow_data_v1.csv"
KARG_NODE_00634,-1.77176,11.55043,Sapouy,Ouagadougou,312,85,30,"Karg et al. 2023, Food_flow_data_v1.csv"
KARG_NODE_00635,-1.76436,12.31084,Balolé,Ouagadougou,141,1,13,"Karg et al. 2023, Food_flow_data_v1.csv"
KARG_NODE_00636,-1.75926,12.11106,Vipalgo,Ouagadougou,38,1,6,"Karg et al. 2023, Food_flow_data_v1.csv"
KARG_NODE_00637,-1.75193,4.8874,Takoradi,Tamale,62,57,13,"Karg et al. 2023, Food_flow_data_v1.csv"
KARG_NODE_00638,-1.75157,12.2379,Tonsgho,Ouagadougou,99,2,8,"Karg et al. 2023, Food_flow_data_v1.csv"
KARG_NODE_00639,-1.74243,11.83905,Kinkirsgogo,Ouagadougou,0,1,1,"Karg et al. 2023, Food_flow_data_v1.csv"
KARG_NODE_00640,-1.73535,7.13797,Abofuo,Tamale,16,1,7,"Karg et al. 2023, Food_flow_data_v1.csv"
KARG_NODE_00641,-1.73174,13.18373,Yamanyé,Ouagadougou,1,0,1,"Karg et al. 2023, Food_flow_data_v1.csv"
KARG_NODE_00642,-1.72973,8.05201,Kintampo (Ghana),Ouagadougou,1,0,1,"Karg et al. 2023, Food_flow_data_v1.csv"
KARG_NODE_00643,-1.72891,8.05371,Kintampo,Tamale,160,111,28,"Karg et al. 2023, Food_flow_data_v1.csv"
KARG_NODE_00644,-1.72666,13.28926,Tikaré,Ouagadougou,1,0,1,"Karg et al. 2023, Food_flow_data_v1.csv"
KARG_NODE_00645,-1.71659,12.27301,Tanghin-Dassouri,Ouagadougou,554,141,31,"Karg et al. 2023, Food_flow_data_v1.csv"
KARG_NODE_00646,-1.709,12.31904,Bazoulé,Ouagadougou,11,1,1,"Karg et al. 2023, Food_flow_data_v1.csv"
KARG_NODE_00647,-1.70602,13.60015,Rollo,Ouagadougou,0,3,2,"Karg et al. 2023, Food_flow_data_v1.csv"
KARG_NODE_00648,-1.70548,12.42691,Gonsin,Ouagadougou,6,1,7,"Karg et al. 2023, Food_flow_data_v1.csv"
KARG_NODE_00649,-1.70467,7.56184,Nkoranza,Tamale,19,2,11,"Karg et al. 2023, Food_flow_data_v1.csv"
KARG_NODE_00650,-1.69967,4.95007,Takoradi (Ghana),Bamako,0,2,2,"Karg et al. 2023, Food_flow_data_v1.csv"
KARG_NODE_00651,-1.69935,7.47505,Aframso,Tamale,1,0,1,"Karg et al. 2023, Food_flow_data_v1.csv"
KARG_NODE_00652,-1.69928,15.28268,Hombori,Bamako,11,0,2,"Karg et al. 2023, Food_flow_data_v1.csv"
KARG_NODE_00653,-1.68992,12.08131,Toeghin,Ouagadougou,7,0,6,"Karg et al. 2023, Food_flow_data_v1.csv"
KARG_NODE_00654,-1.68948,6.19915,Gaussu (Obuasi),Tamale,0,1,1,"Karg et al. 2023, Food_flow_data_v1.csv"
KARG_NODE_00655,-1.68702,6.19738,Obuasi,Tamale,0,8,4,"Karg et al. 2023, Food_flow_data_v1.csv"
KARG_NODE_00656,-1.68326,12.53411,Bilogo,Ouagadougou,2,1,3,"Karg et al. 2023, Food_flow_data_v1.csv"
KARG_NODE_00657,-1.67999,12.30038,Gnimdi (Yimdi),Ouagadougou,38,54,21,"Karg et al. 2023, Food_flow_data_v1.csv"
KARG_NODE_00658,-1.67992,12.46021,Sabtenga,Ouagadougou,10,20,12,"Karg et al. 2023, Food_flow_data_v1.csv"
KARG_NODE_00659,-1.67881,11.99831,Kougpaka,Ouagadougou,5,0,5,"Karg et al. 2023, Food_flow_data_v1.csv"
KARG_NODE_00660,-1.66921,6.94683,Offinso,Tamale,94,10,9,"Karg et al. 2023, Food_flow_data_v1.csv"
KARG_NODE_00661,-1.65548,11.91581,Targho,Ouagadougou,3,0,2,"Karg et al. 2023, Food_flow_data_v1.csv"
KARG_NODE_00662,-1.65464,12.53111,Bidougou,Ouagadougou,0,2,2,"Karg et al. 2023, Food_flow_data_v1.csv"
KARG_NODE_00663,-1.65076,12.54801,Nedego,Ouagadougou,1,0,1,"Karg et al. 2023, Food_flow_data_v1.csv"
KARG_NODE_00664,-1.63851,12.77966,Garitenga,Ouagadougou,2,0,1,"Karg et al. 2023, Food_flow_data_v1.csv"
KARG_NODE_00665,-1.637,4.98296,Aboesi,Tamale,0,1,1,"Karg et al. 2023, Food_flow_data_v1.csv"
KARG_NODE_00666,-1.63687,12.18521,Komsilga,Ouagadougou,1,1,2,"Karg et al. 2023, Food_flow_data_v1.csv"
KARG_NODE_00667,-1.63614,13.21104,Rouko,Ouagadougou,1,2,3,"Karg et al. 2023, Food_flow_data_v1.csv"
KARG_NODE_00668,-1.63576,12.14911,Goumsi,Ouagadougou,0,4,3,"Karg et al. 2023, Food_flow_data_v1.csv"
KARG_NODE_00669,-1.63437,12.39161,Basseko,Ouagadougou,3,1,4,"Karg et al. 2023, Food_flow_data_v1.csv"
KARG_NODE_00670,-1.63076,11.94111,Boulougou,Ouagadougou,0,17,9,"Karg et al. 2023, Food_flow_data_v1.csv"
KARG_NODE_00671,-1.63076,12.25271,Tang-Sega,Ouagadougou,6,0,2,"Karg et al. 2023, Food_flow_data_v1.csv"
KARG_NODE_00672,-1.62811,14.10183,Djibo,Ouagadougou,71,44,19,"Karg et al. 2023, Food_flow_data_v1.csv"
KARG_NODE_00673,-1.62798,12.16081,Bangma,Ouagadougou,1,0,1,"Karg et al. 2023, Food_flow_data_v1.csv"
KARG_NODE_00674,-1.62426,6.66683,Kumasi (Ghana),Ouagadougou,4,31,8,"Karg et al. 2023, Food_flow_data_v1.csv"
KARG_NODE_00675,-1.62304,6.69808,Kumasi,Tamale,357,1961,37,"Karg et al. 2023, Food_flow_data_v1.csv"
KARG_NODE_00676,-1.61242,12.31021,Boassa,Ouagadougou,2,0,2,"Karg et al. 2023, Food_flow_data_v1.csv"
KARG_NODE_00677,-1.60992,12.39581,Bissighin,Ouagadougou,1,9,7,"Karg et al. 2023, Food_flow_data_v1.csv"
KARG_NODE_00678,-1.60798,12.25021,Nabitenga,Ouagadougou,0,2,2,"Karg et al. 2023, Food_flow_data_v1.csv"
KARG_NODE_00679,-1.60548,12.43361,Yagma,Ouagadougou,0,2,2,"Karg et al. 2023, Food_flow_data_v1.csv"
KARG_NODE_00680,-1.60409,12.65001,Gaskaye,Ouagadougou,51,1,7,"Karg et al. 2023, Food_flow_data_v1.csv"
KARG_NODE_00681,-1.60336,12.05059,Saponé,Ouagadougou,387,72,25,"Karg et al. 2023, Food_flow_data_v1.csv"
KARG_NODE_00682,-1.59964,12.65501,Dabar,Ouagadougou,0,3,1,"Karg et al. 2023, Food_flow_data_v1.csv"
KARG_NODE_00683,-1.59714,12.14361,Tansega,Ouagadougou,1,0,1,"Karg et al. 2023, Food_flow_data_v1.csv"
KARG_NODE_00684,-1.59605,12.33867,Marché de Boulmiougou,Ouagadougou,0,1,1,"Karg et al. 2023, Food_flow_data_v1.csv"
KARG_NODE_00685,-1.59548,12.33771,Zagtouli,Ouagadougou,55,177,21,"Karg et al. 2023, Food_flow_data_v1.csv"
KARG_NODE_00686,-1.5927,12.21191,Vaagogho,Ouagadougou,0,1,1,"Karg et al. 2023, Food_flow_data_v1.csv"
KARG_NODE_00687,-1.5927,12.22941,Kogononghin,Ouagadougou,0,1,1,"Karg et al. 2023, Food_flow_data_v1.csv"
KARG_NODE_00688,-1.59187,12.34751,Zongo (Bobo rd),Ouagadougou,19,34,15,"Karg et al. 2023, Food_flow_data_v1.csv"
KARG_NODE_00689,-1.58826,12.51881,Pabré,Ouagadougou,41,13,18,"Karg et al. 2023, Food_flow_data_v1.csv"
KARG_NODE_00690,-1.58798,12.06801,Bonogo,Ouagadougou,0,1,1,"Karg et al. 2023, Food_flow_data_v1.csv"
KARG_NODE_00691,-1.58659,12.15271,Rawilgu,Ouagadougou,0,1,1,"Karg et al. 2023, Food_flow_data_v1.csv"
KARG_NODE_00692,-1.58641,12.34606,Boulmiougou,Ouagadougou,17,58,20,"Karg et al. 2023, Food_flow_data_v1.csv"
KARG_NODE_00693,-1.58548,12.61911,Goupana,Ouagadougou,9,8,9,"Karg et al. 2023, Food_flow_data_v1.csv"
KARG_NODE_00694,-1.58504,12.37252,Marché de Rimkièta,Ouagadougou,3,8,7,"Karg et al. 2023, Food_flow_data_v1.csv"
KARG_NODE_00695,-1.58382,12.39075,Marché de bétail de Toécé,Ouagadougou,0,6,3,"Karg et al. 2023, Food_flow_data_v1.csv"
KARG_NODE_00696,-1.58258,12.38976,Marché de betail de tampouy (Ouaga),Ouagadougou,12,55,13,"Karg et al. 2023, Food_flow_data_v1.csv"
KARG_NODE_00697,-1.58063,12.32686,Marché de Bon-naam,Ouagadougou,0,8,5,"Karg et al. 2023, Food_flow_data_v1.csv"
KARG_NODE_00698,-1.58049,12.34248,Marché de Kilwin,Ouagadougou,0,1,1,"Karg et al. 2023, Food_flow_data_v1.csv"
KARG_NODE_00699,-1.57909,12.40137,Marché de Tampouy,Ouagadougou,24,8,10,"Karg et al. 2023, Food_flow_data_v1.csv"
KARG_NODE_00700,-1.57897,12.39287,Kilwin (Ouaga),Ouagadougou,12,29,17,"Karg et al. 2023, Food_flow_data_v1.csv"
KARG_NODE_00701,-1.57836,12.3987,Tampouy (Ouaga),Ouagadougou,322,692,38,"Karg et al. 2023, Food_flow_data_v1.csv"
KARG_NODE_00702,-1.57831,12.3904,Marché de Toécé,Ouagadougou,9,71,21,"Karg et al. 2023, Food_flow_data_v1.csv"
KARG_NODE_00703,-1.57661,12.39263,Signonghin road market,Ouagadougou,0,6,4,"Karg et al. 2023, Food_flow_data_v1.csv"
KARG_NODE_00704,-1.57293,12.38921,Tampouy road market,Ouagadougou,0,27,7,"Karg et al. 2023, Food_flow_data_v1.csv"
KARG_NODE_00705,-1.57103,12.33801,Secteur 17-Ardt.Boulmiougou,Ouagadougou,0,1,1,"Karg et al. 2023, Food_flow_data_v1.csv"
KARG_NODE_00706,-1.57048,12.21551,Bagtogdo,Ouagadougou,5,0,1,"Karg et al. 2023, Food_flow_data_v1.csv"
KARG_NODE_00707,-1.56948,12.33629,Pissy road market,Ouagadougou,23,33,13,"Karg et al. 2023, Food_flow_data_v1.csv"
KARG_NODE_00708,-1.56928,12.33668,Pissy yaar,Ouagadougou,16,173,25,"Karg et al. 2023, Food_flow_data_v1.csv"
KARG_NODE_00709,-1.56798,12.14411,Talfeoumega,Ouagadougou,11,0,6,"Karg et al. 2023, Food_flow_data_v1.csv"
KARG_NODE_00710,-1.56652,12.34584,SONABHY (Ouagadougou),Ouagadougou,0,15,6,"Karg et al. 2023, Food_flow_data_v1.csv"
KARG_NODE_00711,-1.56554,12.37514,Laafi yaar,Ouagadougou,1,17,4,"Karg et al. 2023, Food_flow_data_v1.csv"
KARG_NODE_00712,-1.56405,12.3882,Gare Tampouy,Ouagadougou,149,1,18,"Karg et al. 2023, Food_flow_data_v1.csv"
KARG_NODE_00713,-1.56262,12.39836,Tampouy naab yaar,Ouagadougou,0,12,8,"Karg et al. 2023, Food_flow_data_v1.csv"
KARG_NODE_00714,-1.56242,12.12801,Tanghin (south of Widi péage),Ouagadougou,39,0,9,"Karg et al. 2023, Food_flow_data_v1.csv"
KARG_NODE_00715,-1.56178,12.37675,Nonsin (Ouaga),Ouagadougou,18,27,12,"Karg et al. 2023, Food_flow_data_v1.csv"
KARG_NODE_00716,-1.55993,12.58616,Nioniogo,Ouagadougou,9,11,10,"Karg et al. 2023, Food_flow_data_v1.csv"
KARG_NODE_00717,-1.55843,11.84824,Rakaye,Ouagadougou,4,0,3,"Karg et al. 2023, Food_flow_data_v1.csv"
KARG_NODE_00718,-1.55833,6.32133,Adubiasi,Tamale,0,1,1,"Karg et al. 2023, Food_flow_data_v1.csv"
KARG_NODE_00719,-1.55694,12.1691,Widi,Ouagadougou,10,5,8,"Karg et al. 2023, Food_flow_data_v1.csv"
KARG_NODE_00720,-1.55576,12.37271,Secteur 10-Ardt.Baskuy,Ouagadougou,0,1,1,"Karg et al. 2023, Food_flow_data_v1.csv"
KARG_NODE_00721,-1.55551,12.34041,Pissi (Ouagadougou),Ouagadougou,279,185,28,"Karg et al. 2023, Food_flow_data_v1.csv"
KARG_NODE_00722,-1.55533,12.34712,Marché de bétail de Gounghin Sud,Ouagadougou,0,3,3,"Karg et al. 2023, Food_flow_data_v1.csv"
KARG_NODE_00723,-1.55492,12.10411,Sambin,Ouagadougou,0,2,2,"Karg et al. 2023, Food_flow_data_v1.csv"
KARG_NODE_00724,-1.55418,12.33714,Marché de Cissin,Ouagadougou,1,11,8,"Karg et al. 2023, Food_flow_data_v1.csv"
KARG_NODE_00725,-1.55409,12.20551,Zomnogho,Ouagadougou,0,1,1,"Karg et al. 2023, Food_flow_data_v1.csv"
KARG_NODE_00726,-1.55409,12.45361,Kamboinsin,Ouagadougou,10,41,16,"Karg et al. 2023, Food_flow_data_v1.csv"
KARG_NODE_00727,-1.55402,12.36384,Gounghin nord (Ouaga),Ouagadougou,18,13,11,"Karg et al. 2023, Food_flow_data_v1.csv"
KARG_NODE_00728,-1.55381,12.20301,Kienfangué,Ouagadougou,2,114,19,"Karg et al. 2023, Food_flow_data_v1.csv"
KARG_NODE_00729,-1.55378,12.38485,Baskuy yaar,Ouagadougou,31,62,21,"Karg et al. 2023, Food_flow_data_v1.csv"
KARG_NODE_00730,-1.55369,12.60458,Pagatenga,Ouagadougou,3,2,4,"Karg et al. 2023, Food_flow_data_v1.csv"
KARG_NODE_00731,-1.55317,12.37642,Woghodogo naab yaar (dix yaar),Ouagadougou,7,6,7,"Karg et al. 2023, Food_flow_data_v1.csv"
KARG_NODE_00732,-1.55242,12.01941,Baguemnini,Ouagadougou,3,0,2,"Karg et al. 2023, Food_flow_data_v1.csv"
KARG_NODE_00733,-1.55102,12.36372,Burkina Faso,Tamale,724,124,26,"Karg et al. 2023, Food_flow_data_v1.csv"
KARG_NODE_00734,-1.55088,13.6062,Alga,Ouagadougou,0,10,6,"Karg et al. 2023, Food_flow_data_v1.csv"
KARG_NODE_00735,-1.54878,12.36216,Marché de Mankougdougou,Ouagadougou,0,1,1,"Karg et al. 2023, Food_flow_data_v1.csv"
KARG_NODE_00736,-1.54862,12.36366,Goughin nord,Ouagadougou,4,8,7,"Karg et al. 2023, Food_flow_data_v1.csv"
KARG_NODE_00737,-1.5472,12.37304,Hamdalaye (Ouaga),Ouagadougou,7,6,6,"Karg et al. 2023, Food_flow_data_v1.csv"
KARG_NODE_00738,-1.54683,13.01203,Yilou,Ouagadougou,34,12,12,"Karg et al. 2023, Food_flow_data_v1.csv"
KARG_NODE_00739,-1.5468,12.32609,Marché de Kouritenga,Ouagadougou,2,16,11,"Karg et al. 2023, Food_flow_data_v1.csv"
KARG_NODE_00740,-1.54658,11.95734,Ipelcé,Ouagadougou,157,48,23,"Karg et al. 2023, Food_flow_data_v1.csv"
KARG_NODE_00741,-1.54658,12.36764,Gounghin road market,Ouagadougou,0,4,1,"Karg et al. 2023, Food_flow_data_v1.csv"
KARG_NODE_00742,-1.54632,12.3248,Kouritenga road market,Ouagadougou,0,1,1,"Karg et al. 2023, Food_flow_data_v1.csv"
KARG_NODE_00743,-1.54629,13.67875,Bourzanga,Ouagadougou,0,1,1,"Karg et al. 2023, Food_flow_data_v1.csv"
KARG_NODE_00744,-1.54618,12.35586,Gounghin yaar,Ouagadougou,1,13,5,"Karg et al. 2023, Food_flow_data_v1.csv"
KARG_NODE_00745,-1.54418,12.38383,Kologho-naba (Ouaga),Ouagadougou,0,4,3,"Karg et al. 2023, Food_flow_data_v1.csv"
KARG_NODE_00746,-1.54167,12.35268,Gounghin sud (Ouaga),Ouagadougou,0,2,2,"Karg et al. 2023, Food_flow_data_v1.csv"
KARG_NODE_00747,-1.54047,12.36457,Gounghin (Ouaga),Ouagadougou,116,427,30,"Karg et al. 2023, Food_flow_data_v1.csv"
KARG_NODE_00748,-1.54031,12.37281,Larlé (Ouaga),Ouagadougou,33,68,18,"Karg et al. 2023, Food_flow_data_v1.csv"
KARG_NODE_00749,-1.5402,12.21691,Bassemyam,Ouagadougou,0,2,2,"Karg et al. 2023, Food_flow_data_v1.csv"
KARG_NODE_00750,-1.53993,12.28175,Nagrin (Ouaga),Ouagadougou,0,178,24,"Karg et al. 2023, Food_flow_data_v1.csv"
KARG_NODE_00751,-1.53979,12.98566,Malou,Ouagadougou,4,0,3,"Karg et al. 2023, Food_flow_data_v1.csv"
KARG_NODE_00752,-1.53918,12.37418,Marché de Larlé,Ouagadougou,32,60,21,"Karg et al. 2023, Food_flow_data_v1.csv"
KARG_NODE_00753,-1.53827,12.37307,Larlé road market,Ouagadougou,0,8,4,"Karg et al. 2023, Food_flow_data_v1.csv"
KARG_NODE_00754,-1.53741,12.34346,Koukin yaar,Ouagadougou,0,1,1,"Karg et al. 2023, Food_flow_data_v1.csv"
KARG_NODE_00755,-1.53591,12.35691,Marché de fruits de la commune de Ouagadougou,Ouagadougou,17,7,10,"Karg et al. 2023, Food_flow_data_v1.csv"
KARG_NODE_00756,-1.53556,12.35543,Marché de cycles de Samandin,Ouagadougou,0,1,1,"Karg et al. 2023, Food_flow_data_v1.csv"
KARG_NODE_00757,-1.53513,12.40112,Marché de Tanghin,Ouagadougou,7,21,14,"Karg et al. 2023, Food_flow_data_v1.csv"
KARG_NODE_00758,-1.53462,12.66995,Dapelgo,Ouagadougou,144,55,28,"Karg et al. 2023, Food_flow_data_v1.csv"
KARG_NODE_00759,-1.53452,12.3523,Samandin (Ouaga),Ouagadougou,3,5,7,"Karg et al. 2023, Food_flow_data_v1.csv"
KARG_NODE_00760,-1.53433,12.35158,Samandin road market,Ouagadougou,0,1,1,"Karg et al. 2023, Food_flow_data_v1.csv"
KARG_NODE_00761,-1.5338,12.37401,Cité An 3,Ouagadougou,0,8,6,"Karg et al. 2023, Food_flow_data_v1.csv"
KARG_NODE_00762,-1.53336,12.33427,Marché de Paag-la-yiri,Ouagadougou,6,28,18,"Karg et al. 2023, Food_flow_data_v1.csv"
KARG_NODE_00763,-1.53309,12.38011,Koursin yaar,Ouagadougou,0,2,1,"Karg et al. 2023, Food_flow_data_v1.csv"
KARG_NODE_00764,-1.53303,12.23471,Boulbi,Ouagadougou,1,5,3,"Karg et al. 2023, Food_flow_data_v1.csv"
KARG_NODE_00765,-1.5327,12.31749,Song-naaba road market,Ouagadougou,0,1,1,"Karg et al. 2023, Food_flow_data_v1.csv"
KARG_NODE_00766,-1.53234,12.31644,Marché de Song-naaba,Ouagadougou,1,8,8,"Karg et al. 2023, Food_flow_data_v1.csv"
KARG_NODE_00767,-1.53153,12.35149,Naab-raga,Ouagadougou,0,2,2,"Karg et al. 2023, Food_flow_data_v1.csv"
KARG_NODE_00768,-1.53111,12.39297,Marché de bétail de Tanghin,Ouagadougou,4,3,4,"Karg et al. 2023, Food_flow_data_v1.csv"
KARG_NODE_00769,-1.53103,12.26081,Tingandogo,Ouagadougou,1,1,2,"Karg et al. 2023, Food_flow_data_v1.csv"
KARG_NODE_00770,-1.5305,12.32339,Cissin (Ouaga),Ouagadougou,12,47,20,"Karg et al. 2023, Food_flow_data_v1.csv"
KARG_NODE_00771,-1.53014,12.36156,Bilbalogho (Ouaga),Ouagadougou,1,1,2,"Karg et al. 2023, Food_flow_data_v1.csv"
KARG_NODE_00772,-1.52907,12.30537,Cité Azimo road market,Ouagadougou,0,2,2,"Karg et al. 2023, Food_flow_data_v1.csv"
KARG_NODE_00773,-1.52862,12.37886,Sankaryaré,Ouagadougou,702,635,39,"Karg et al. 2023, Food_flow_data_v1.csv"
KARG_NODE_00774,-1.52846,12.40025,Tanghin (Ouaga),Ouagadougou,68,198,30,"Karg et al. 2023, Food_flow_data_v1.csv"
KARG_NODE_00775,-1.52826,12.45771,Sakoula,Ouagadougou,0,1,1,"Karg et al. 2023, Food_flow_data_v1.csv"
KARG_NODE_00776,-1.52681,12.37218,Train station road market,Ouagadougou,0,1,1,"Karg et al. 2023, Food_flow_data_v1.csv"
KARG_NODE_00777,-1.52652,13.32322,Kongoussi,Ouagadougou,60,106,31,"Karg et al. 2023, Food_flow_data_v1.csv"
KARG_NODE_00778,-1.52648,12.37351,Train station (Ouagadougou),Ouagadougou,6,19,13,"Karg et al. 2023, Food_flow_data_v1.csv"
KARG_NODE_00779,-1.52577,12.34386,Marché de la Cité An II,Ouagadougou,3,95,19,"Karg et al. 2023, Food_flow_data_v1.csv"
KARG_NODE_00780,-1.52528,12.37837,Paspanga (Ouaga),Ouagadougou,1,6,5,"Karg et al. 2023, Food_flow_data_v1.csv"
KARG_NODE_00781,-1.52504,12.36837,Ouagadougou (not specified),Ouagadougou,1266,2203,42,"Karg et al. 2023, Food_flow_data_v1.csv"
KARG_NODE_00782,-1.52492,12.38124,Dapoya (Ouaga),Ouagadougou,12,79,23,"Karg et al. 2023, Food_flow_data_v1.csv"
KARG_NODE_00783,-1.52478,12.36253,Quartiers saints (Ouaga),Ouagadougou,0,1,1,"Karg et al. 2023, Food_flow_data_v1.csv"
KARG_NODE_00784,-1.52376,12.368,Marché Central (Rood-woko),Ouagadougou,235,150,31,"Karg et al. 2023, Food_flow_data_v1.csv"
KARG_NODE_00785,-1.52312,12.36533,Koudougou station (Ouagadougou),Ouagadougou,0,3,3,"Karg et al. 2023, Food_flow_data_v1.csv"
KARG_NODE_00786,-1.52303,12.361,Oscar yaar,Ouagadougou,14,18,8,"Karg et al. 2023, Food_flow_data_v1.csv"
KARG_NODE_00787,-1.52292,12.36853,Poissonnerie Grand Marché,Ouagadougou,42,89,17,"Karg et al. 2023, Food_flow_data_v1.csv"
KARG_NODE_00788,-1.52279,12.35238,Kamsaoghin (Ouaga),Ouagadougou,1,11,7,"Karg et al. 2023, Food_flow_data_v1.csv"
KARG_NODE_00789,-1.52242,12.04611,Kouri (Léo road),Ouagadougou,5,3,5,"Karg et al. 2023, Food_flow_data_v1.csv"
KARG_NODE_00790,-1.52219,12.35941,Baskuy (Ouaga),Ouagadougou,21,49,16,"Karg et al. 2023, Food_flow_data_v1.csv"
KARG_NODE_00791,-1.52127,12.39107,Tanghin road market,Ouagadougou,0,1,1,"Karg et al. 2023, Food_flow_data_v1.csv"
KARG_NODE_00792,-1.51939,12.35768,Marché de Zangouettin,Ouagadougou,2,2,3,"Karg et al. 2023, Food_flow_data_v1.csv"
KARG_NODE_00793,-1.51744,12.36689,Zabre Daaga,Ouagadougou,0,8,6,"Karg et al. 2023, Food_flow_data_v1.csv"
KARG_NODE_00794,-1.51725,12.35688,Sofitex (Ouagadougou),Ouagadougou,0,1,1,"Karg et al. 2023, Food_flow_data_v1.csv"
KARG_NODE_00795,-1.51682,12.33565,Marché de la gare routière,Ouagadougou,0,40,10,"Karg et al. 2023, Food_flow_data_v1.csv"
KARG_NODE_00796,-1.51637,12.33406,Gare routière Ouagadougou,Ouagadougou,31,110,26,"Karg et al. 2023, Food_flow_data_v1.csv"
KARG_NODE_00797,-1.51613,12.35269,Airport Ouagadougou,Ouagadougou,19,8,3,"Karg et al. 2023, Food_flow_data_v1.csv"
KARG_NODE_00798,-1.51612,12.39265,Saabin yaar,Ouagadougou,1,2,3,"Karg et al. 2023, Food_flow_data_v1.csv"
KARG_NODE_00799,-1.51203,6.71453,Ejisu,Tamale,1,1,2,"Karg et al. 2023, Food_flow_data_v1.csv"
KARG_NODE_00800,-1.51199,12.33459,Ouaga Inter,Ouagadougou,96,94,23,"Karg et al. 2023, Food_flow_data_v1.csv"
KARG_NODE_00801,-1.50976,12.31363,Ouaga 2000 road market,Ouagadougou,4,2,4,"Karg et al. 2023, Food_flow_data_v1.csv"
KARG_NODE_00802,-1.50964,12.10001,Dawelgu,Ouagadougou,1,0,1,"Karg et al. 2023, Food_flow_data_v1.csv"
KARG_NODE_00803,-1.50744,12.33082,Patte d'oie (Ouaga),Ouagadougou,28,145,27,"Karg et al. 2023, Food_flow_data_v1.csv"
KARG_NODE_00804,-1.50686,9.16483,Busunu,Tamale,2,0,2,"Karg et al. 2023, Food_flow_data_v1.csv"
KARG_NODE_00805,-1.50631,12.39911,Secteur 24-Ardt.Nongr-Massom,Ouagadougou,0,1,1,"Karg et al. 2023, Food_flow_data_v1.csv"
KARG_NODE_00806,-1.50589,12.3079,Ouaga 2000,Ouagadougou,16,22,12,"Karg et al. 2023, Food_flow_data_v1.csv"
KARG_NODE_00807,-1.50541,12.34637,Toulsin yaar,Ouagadougou,1,38,11,"Karg et al. 2023, Food_flow_data_v1.csv"
KARG_NODE_00808,-1.50382,12.33485,ZAD (Ouagadougou),Ouagadougou,1,11,2,"Karg et al. 2023, Food_flow_data_v1.csv"
KARG_NODE_00809,-1.50226,12.36785,Boinse yaar,Ouagadougou,0,48,9,"Karg et al. 2023, Food_flow_data_v1.csv"
KARG_NODE_00810,-1.50167,12.33858,Ouagadougou (Burkina Faso),Tamale,462,178,26,"Karg et al. 2023, Food_flow_data_v1.csv"
KARG_NODE_00811,-1.50076,12.48581,Soguedin,Ouagadougou,2,0,2,"Karg et al. 2023, Food_flow_data_v1.csv"
KARG_NODE_00812,-1.50024,12.35743,Kalgondin (Ouaga),Ouagadougou,1,4,4,"Karg et al. 2023, Food_flow_data_v1.csv"
KARG_NODE_00813,-1.49784,12.41821,Somgande (Ouaga),Ouagadougou,7,32,19,"Karg et al. 2023, Food_flow_data_v1.csv"
KARG_NODE_00814,-1.49752,12.3664,1200 logements (Ouagadougou),Ouagadougou,0,6,5,"Karg et al. 2023, Food_flow_data_v1.csv"
KARG_NODE_00815,-1.49734,12.35637,Kinda Issa yaar ou 14 yaar,Ouagadougou,0,2,2,"Karg et al. 2023, Food_flow_data_v1.csv"
KARG_NODE_00816,-1.49687,12.19191,Koakin,Ouagadougou,0,1,1,"Karg et al. 2023, Food_flow_data_v1.csv"
KARG_NODE_00817,-1.49368,12.36704,Nabig yaar,Ouagadougou,4,22,11,"Karg et al. 2023, Food_flow_data_v1.csv"
KARG_NODE_00818,-1.49159,12.13551,Kounda,Ouagadougou,1,0,1,"Karg et al. 2023, Food_flow_data_v1.csv"
KARG_NODE_00819,-1.48994,12.3498,SIAO (Ouagadougou),Ouagadougou,0,1,1,"Karg et al. 2023, Food_flow_data_v1.csv"
KARG_NODE_00820,-1.48968,12.38229,Zogona (Ouaga),Ouagadougou,14,57,25,"Karg et al. 2023, Food_flow_data_v1.csv"
KARG_NODE_00821,-1.48908,12.38447,Zone du Bois (Ouagadougou),Ouagadougou,0,3,3,"Karg et al. 2023, Food_flow_data_v1.csv"
KARG_NODE_00822,-1.48893,12.36097,Dagnoen road market,Ouagadougou,0,2,2,"Karg et al. 2023, Food_flow_data_v1.csv"
KARG_NODE_00823,-1.48858,12.3346,Zemstaaba yaar de Kaar-paala,Ouagadougou,0,6,3,"Karg et al. 2023, Food_flow_data_v1.csv"
KARG_NODE_00824,-1.4877,12.3862,SOCOGIB road market,Ouagadougou,0,1,1,"Karg et al. 2023, Food_flow_data_v1.csv"
KARG_NODE_00825,-1.48714,12.24001,Ponsomtinga,Ouagadougou,79,2,13,"Karg et al. 2023, Food_flow_data_v1.csv"
KARG_NODE_00826,-1.48636,12.37557,Wemtenga road market,Ouagadougou,0,1,1,"Karg et al. 2023, Food_flow_data_v1.csv"
KARG_NODE_00827,-1.48556,12.37069,Wemtenga (Ouaga),Ouagadougou,2,15,10,"Karg et al. 2023, Food_flow_data_v1.csv"
KARG_NODE_00828,-1.48099,12.36204,Zone 1 road market,Ouagadougou,0,6,4,"Karg et al. 2023, Food_flow_data_v1.csv"
KARG_NODE_00829,-1.47958,12.35197,Katre yaar,Ouagadougou,4,79,22,"Karg et al. 2023, Food_flow_data_v1.csv"
KARG_NODE_00830,-1.47826,12.38969,Marché de Dassasgho,Ouagadougou,14,5,12,"Karg et al. 2023, Food_flow_data_v1.csv"
KARG_NODE_00831,-1.47712,12.39202,Gare de l'Est (Ouagadougou),Ouagadougou,51,38,17,"Karg et al. 2023, Food_flow_data_v1.csv"
KARG_NODE_00832,-1.47562,12.41549,Marché de Kossodo,Ouagadougou,2,9,3,"Karg et al. 2023, Food_flow_data_v1.csv"
KARG_NODE_00833,-1.47548,12.60251,Ipala,Ouagadougou,36,30,13,"Karg et al. 2023, Food_flow_data_v1.csv"
KARG_NODE_00834,-1.47478,12.36233,Zone 1 (Ouaga),Ouagadougou,6,111,27,"Karg et al. 2023, Food_flow_data_v1.csv"
KARG_NODE_00835,-1.47438,6.97328,Jamasi,Tamale,0,1,1,"Karg et al. 2023, Food_flow_data_v1.csv"
KARG_NODE_00836,-1.47242,12.58801,Tabtenga,Ouagadougou,0,3,3,"Karg et al. 2023, Food_flow_data_v1.csv"
KARG_NODE_00837,-1.47208,12.37181,Dassasgo (Ouaga),Ouagadougou,114,382,33,"Karg et al. 2023, Food_flow_data_v1.csv"
KARG_NODE_00838,-1.47186,12.41531,Kossodo (Ouaga),Ouagadougou,41,117,25,"Karg et al. 2023, Food_flow_data_v1.csv"
KARG_NODE_00839,-1.47058,12.32525,Sachet yaar,Ouagadougou,2,0,2,"Karg et al. 2023, Food_flow_data_v1.csv"
KARG_NODE_00840,-1.47056,12.36999,Marché de la zone 1,Ouagadougou,0,4,3,"Karg et al. 2023, Food_flow_data_v1.csv"
KARG_NODE_00841,-1.4677,12.29521,Balkuy,Ouagadougou,1,25,13,"Karg et al. 2023, Food_flow_data_v1.csv"
KARG_NODE_00842,-1.46758,8.79036,Buipe,Tamale,436,43,29,"Karg et al. 2023, Food_flow_data_v1.csv"
KARG_NODE_00843,-1.46551,12.39859,Wayalghin road market,Ouagadougou,0,5,3,"Karg et al. 2023, Food_flow_data_v1.csv"
KARG_NODE_00844,-1.46514,12.40067,Wayalguin (Ouaga),Ouagadougou,6,32,16,"Karg et al. 2023, Food_flow_data_v1.csv"
KARG_NODE_00845,-1.46456,12.31333,Karpala (Ouagadougou),Ouagadougou,8,41,19,"Karg et al. 2023, Food_flow_data_v1.csv"
KARG_NODE_00846,-1.46409,12.43331,Nioko 2,Ouagadougou,0,23,12,"Karg et al. 2023, Food_flow_data_v1.csv"
KARG_NODE_00847,-1.46151,12.42751,Nioko 2 road market,Ouagadougou,0,3,3,"Karg et al. 2023, Food_flow_data_v1.csv"
KARG_NODE_00848,-1.46144,12.37797,Trame d'accueil road market,Ouagadougou,0,1,1,"Karg et al. 2023, Food_flow_data_v1.csv"
KARG_NODE_00849,-1.45633,12.39642,Bendogo road market,Ouagadougou,0,1,1,"Karg et al. 2023, Food_flow_data_v1.csv"
KARG_NODE_00850,-1.45605,12.39713,Marché de Bendogo,Ouagadougou,0,7,3,"Karg et al. 2023, Food_flow_data_v1.csv"
KARG_NODE_00851,-1.45587,9.48422,Dagbo,Tamale,2,0,1,"Karg et al. 2023, Food_flow_data_v1.csv"
KARG_NODE_00852,-1.45502,12.39257,Bendogo (Ouagadougou),Ouagadougou,32,69,25,"Karg et al. 2023, Food_flow_data_v1.csv"
KARG_NODE_00853,-1.44881,12.24691,Guiguemtenga,Ouagadougou,0,2,2,"Karg et al. 2023, Food_flow_data_v1.csv"
KARG_NODE_00854,-1.44687,12.52471,Bendogo,Ouagadougou,5,3,5,"Karg et al. 2023, Food_flow_data_v1.csv"
KARG_NODE_00855,-1.44631,12.03131,Toundou,Ouagadougou,1,0,1,"Karg et al. 2023, Food_flow_data_v1.csv"
KARG_NODE_00856,-1.44631,12.32661,Dagnongo,Ouagadougou,1,3,4,"Karg et al. 2023, Food_flow_data_v1.csv"
KARG_NODE_00857,-1.44409,12.40111,Nioko 1,Ouagadougou,56,89,24,"Karg et al. 2023, Food_flow_data_v1.csv"
KARG_NODE_00858,-1.44298,12.40053,Nioko 1 road market,Ouagadougou,0,1,1,"Karg et al. 2023, Food_flow_data_v1.csv"
KARG_NODE_00859,-1.44159,12.23111,Kouba,Ouagadougou,0,28,12,"Karg et al. 2023, Food_flow_data_v1.csv"
KARG_NODE_00860,-1.43964,12.21221,Namb,Ouagadougou,75,0,12,"Karg et al. 2023, Food_flow_data_v1.csv"
KARG_NODE_00861,-1.43798,12.49081,Tangzougou,Ouagadougou,7,0,4,"Karg et al. 2023, Food_flow_data_v1.csv"
KARG_NODE_00862,-1.43457,12.25013,Kiedapholo,Ouagadougou,0,10,5,"Karg et al. 2023, Food_flow_data_v1.csv"
KARG_NODE_00863,-1.42853,12.59551,Kogninga,Ouagadougou,2,0,2,"Karg et al. 2023, Food_flow_data_v1.csv"
KARG_NODE_00864,-1.42437,12.41111,Barogo,Ouagadougou,0,1,1,"Karg et al. 2023, Food_flow_data_v1.csv"
KARG_NODE_00865,-1.4227,12.50751,Gandin,Ouagadougou,3,0,2,"Karg et al. 2023, Food_flow_data_v1.csv"
KARG_NODE_00866,-1.41853,12.37361,Saaba,Ouagadougou,6,19,13,"Karg et al. 2023, Food_flow_data_v1.csv"
KARG_NODE_00867,-1.41723,11.94951,Bazega,Ouagadougou,1,0,1,"Karg et al. 2023, Food_flow_data_v1.csv"
KARG_NODE_00868,-1.41353,12.58911,Donsin,Ouagadougou,0,4,3,"Karg et al. 2023, Food_flow_data_v1.csv"
KARG_NODE_00869,-1.41323,12.65634,Voaga,Ouagadougou,0,1,1,"Karg et al. 2023, Food_flow_data_v1.csv"
KARG_NODE_00870,-1.40576,12.48751,Pousghin,Ouagadougou,0,1,1,"Karg et al. 2023, Food_flow_data_v1.csv"
KARG_NODE_00871,-1.4052,12.19661,Koubri,Ouagadougou,474,102,29,"Karg et al. 2023, Food_flow_data_v1.csv"
KARG_NODE_00872,-1.40449,7.05383,Manpong,Tamale,0,1,1,"Karg et al. 2023, Food_flow_data_v1.csv"
KARG_NODE_00873,-1.40398,7.05799,Mampong,Tamale,0,6,2,"Karg et al. 2023, Food_flow_data_v1.csv"
KARG_NODE_00874,-1.40076,12.42191,Gampela,Ouagadougou,2,7,6,"Karg et al. 2023, Food_flow_data_v1.csv"
KARG_NODE_00875,-1.39159,12.49771,Nabdogo,Ouagadougou,1,11,6,"Karg et al. 2023, Food_flow_data_v1.csv"
KARG_NODE_00876,-1.38853,12.25721,Mogtedo (near Koubri),Ouagadougou,16,26,14,"Karg et al. 2023, Food_flow_data_v1.csv"
KARG_NODE_00877,-1.38492,12.13941,Pissi,Ouagadougou,16,18,14,"Karg et al. 2023, Food_flow_data_v1.csv"
KARG_NODE_00878,-1.38409,12.52771,Loumbila,Ouagadougou,410,40,26,"Karg et al. 2023, Food_flow_data_v1.csv"
KARG_NODE_00879,-1.38368,9.53028,Daboya,Tamale,55,11,17,"Karg et al. 2023, Food_flow_data_v1.csv"
KARG_NODE_00880,-1.37778,9.42471,Jambo,Tamale,1,0,1,"Karg et al. 2023, Food_flow_data_v1.csv"
KARG_NODE_00881,-1.37603,12.17051,Poedogo (Koubri),Ouagadougou,1,7,5,"Karg et al. 2023, Food_flow_data_v1.csv"
KARG_NODE_00882,-1.37326,12.51611,Nomgana,Ouagadougou,0,1,1,"Karg et al. 2023, Food_flow_data_v1.csv"
KARG_NODE_00883,-1.37131,12.27501,Badnogo2,Ouagadougou,1,0,1,"Karg et al. 2023, Food_flow_data_v1.csv"
KARG_NODE_00884,-1.36916,9.48985,Chanchaw Lagoon,Tamale,1,0,1,"Karg et al. 2023, Food_flow_data_v1.csv"
KARG_NODE_00885,-1.36772,7.37759,Ejura,Tamale,58,171,29,"Karg et al. 2023, Food_flow_data_v1.csv"
KARG_NODE_00886,-1.35507,8.98277,Mpaha Jct.,Tamale,3,0,3,"Karg et al. 2023, Food_flow_data_v1.csv"
KARG_NODE_00887,-1.35391,11.83142,Tanguin,Ouagadougou,0,16,9,"Karg et al. 2023, Food_flow_data_v1.csv"
KARG_NODE_00888,-1.35298,12.49471,Kouanda,Ouagadougou,1,1,2,"Karg et al. 2023, Food_flow_data_v1.csv"
KARG_NODE_00889,-1.34437,12.9884,Man,Ouagadougou,2,0,2,"Karg et al. 2023, Food_flow_data_v1.csv"
KARG_NODE_00890,-1.33827,12.06756,Kombissiri,Ouagadougou,382,129,33,"Karg et al. 2023, Food_flow_data_v1.csv"
KARG_NODE_00891,-1.33473,9.70485,Zantani,Tamale,57,6,10,"Karg et al. 2023, Food_flow_data_v1.csv"
KARG_NODE_00892,-1.32992,12.18361,Goghin,Ouagadougou,78,3,16,"Karg et al. 2023, Food_flow_data_v1.csv"
KARG_NODE_00893,-1.32631,12.50551,Manegsombo,Ouagadougou,5,1,3,"Karg et al. 2023, Food_flow_data_v1.csv"
KARG_NODE_00894,-1.31464,12.46411,Gonsé,Ouagadougou,49,5,14,"Karg et al. 2023, Food_flow_data_v1.csv"
KARG_NODE_00895,-1.30945,15.81791,Gossi,Bamako,2,0,1,"Karg et al. 2023, Food_flow_data_v1.csv"
KARG_NODE_00896,-1.30874,12.74878,Zitenga,Ouagadougou,59,3,12,"Karg et al. 2023, Food_flow_data_v1.csv"
KARG_NODE_00897,-1.30649,10.45258,Fumbisi,Tamale,20,0,9,"Karg et al. 2023, Food_flow_data_v1.csv"
KARG_NODE_00898,-1.30492,12.46861,Badnogo1,Ouagadougou,4,1,4,"Karg et al. 2023, Food_flow_data_v1.csv"
KARG_NODE_00899,-1.30131,9.51251,Galinzagu,Tamale,1,0,1,"Karg et al. 2023, Food_flow_data_v1.csv"
KARG_NODE_00900,-1.30103,12.58103,Ziniar,Ouagadougou,148,98,31,"Karg et al. 2023, Food_flow_data_v1.csv"
KARG_NODE_00901,-1.29329,9.44772,Gua,Tamale,5,0,5,"Karg et al. 2023, Food_flow_data_v1.csv"
KARG_NODE_00902,-1.29313,10.1399,Kubori,Tamale,2,0,1,"Karg et al. 2023, Food_flow_data_v1.csv"
KARG_NODE_00903,-1.28607,10.73515,Sandema,Tamale,15,4,10,"Karg et al. 2023, Food_flow_data_v1.csv"
KARG_NODE_00904,-1.28358,10.23238,Yagaba,Tamale,1,0,1,"Karg et al. 2023, Food_flow_data_v1.csv"
KARG_NODE_00905,-1.28357,5.69842,Foso,Tamale,0,1,1,"Karg et al. 2023, Food_flow_data_v1.csv"
KARG_NODE_00906,-1.28241,10.03026,Monkaringa,Tamale,33,1,8,"Karg et al. 2023, Food_flow_data_v1.csv"
KARG_NODE_00907,-1.2769,5.70048,Assin Fosu,Tamale,0,3,2,"Karg et al. 2023, Food_flow_data_v1.csv"
KARG_NODE_00908,-1.27576,12.48331,Boudtenga,Ouagadougou,2,0,2,"Karg et al. 2023, Food_flow_data_v1.csv"
KARG_NODE_00909,-1.27367,9.12798,Fufulsu Junction,Tamale,9,0,6,"Karg et al. 2023, Food_flow_data_v1.csv"
KARG_NODE_00910,-1.271,8.05922,Kamompa,Tamale,1,0,1,"Karg et al. 2023, Food_flow_data_v1.csv"
KARG_NODE_00911,-1.26581,10.85717,Chiana,Tamale,2,0,2,"Karg et al. 2023, Food_flow_data_v1.csv"
KARG_NODE_00912,-1.26418,11.83065,Toécé,Ouagadougou,20,10,12,"Karg et al. 2023, Food_flow_data_v1.csv"
KARG_NODE_00913,-1.25326,12.20411,Didri,Ouagadougou,0,2,1,"Karg et al. 2023, Food_flow_data_v1.csv"
KARG_NODE_00914,-1.24439,9.49656,Tibonayili,Tamale,10,1,7,"Karg et al. 2023, Food_flow_data_v1.csv"
KARG_NODE_00915,-1.24307,5.10746,Cape Coast,Tamale,0,26,7,"Karg et al. 2023, Food_flow_data_v1.csv"
KARG_NODE_00916,-1.24058,9.49865,Tibogu,Tamale,1,0,1,"Karg et al. 2023, Food_flow_data_v1.csv"
KARG_NODE_00917,-1.23907,9.12759,Lambul,Tamale,1,0,1,"Karg et al. 2023, Food_flow_data_v1.csv"
KARG_NODE_00918,-1.22353,12.27521,Peel,Ouagadougou,0,1,1,"Karg et al. 2023, Food_flow_data_v1.csv"
KARG_NODE_00919,-1.21481,6.62314,Konongo,Tamale,0,1,1,"Karg et al. 2023, Food_flow_data_v1.csv"
KARG_NODE_00920,-1.21106,9.6428,Lungbunga,Tamale,68,26,19,"Karg et al. 2023, Food_flow_data_v1.csv"
KARG_NODE_00921,-1.20264,12.47421,Nagreongo,Ouagadougou,2,17,10,"Karg et al. 2023, Food_flow_data_v1.csv"
KARG_NODE_00922,-1.20033,11.55396,Nobéré,Ouagadougou,15,7,14,"Karg et al. 2023, Food_flow_data_v1.csv"
KARG_NODE_00923,-1.18724,13.46908,Nagraogo,Ouagadougou,14,22,13,"Karg et al. 2023, Food_flow_data_v1.csv"
KARG_NODE_00924,-1.18655,9.66455,Kuli,Tamale,23,22,14,"Karg et al. 2023, Food_flow_data_v1.csv"
KARG_NODE_00925,-1.18203,13.71942,Dablo,Ouagadougou,0,5,3,"Karg et al. 2023, Food_flow_data_v1.csv"
KARG_NODE_00926,-1.17681,9.08653,Bonyase,Tamale,1,0,1,"Karg et al. 2023, Food_flow_data_v1.csv"
KARG_NODE_00927,-1.16945,9.47026,Jariguyili,Tamale,30,2,6,"Karg et al. 2023, Food_flow_data_v1.csv"
KARG_NODE_00928,-1.16101,13.86653,Kelbo,Ouagadougou,1,0,1,"Karg et al. 2023, Food_flow_data_v1.csv"
KARG_NODE_00929,-1.15634,11.83096,Béré,Ouagadougou,11,9,12,"Karg et al. 2023, Food_flow_data_v1.csv"
KARG_NODE_00930,-1.15284,9.15173,Yapei,Tamale,149,77,26,"Karg et al. 2023, Food_flow_data_v1.csv"
KARG_NODE_00931,-1.15023,9.36713,Buyili,Tamale,2,0,2,"Karg et al. 2023, Food_flow_data_v1.csv"
KARG_NODE_00932,-1.14982,9.46821,Apleyili,Tamale,2,0,1,"Karg et al. 2023, Food_flow_data_v1.csv"
KARG_NODE_00933,-1.14784,9.51102,Wantugu (west of Tamale),Tamale,12,9,9,"Karg et al. 2023, Food_flow_data_v1.csv"
KARG_NODE_00934,-1.14731,9.48471,Chirifoyili,Tamale,9,11,9,"Karg et al. 2023, Food_flow_data_v1.csv"
KARG_NODE_00935,-1.14687,11.16832,Pô,Ouagadougou,6,59,17,"Karg et al. 2023, Food_flow_data_v1.csv"
KARG_NODE_00936,-1.13182,9.4054,Gbrimani-Tibogu,Tamale,6,3,6,"Karg et al. 2023, Food_flow_data_v1.csv"
KARG_NODE_00937,-1.12496,9.24205,Mahamuriyilli,Tamale,1,0,1,"Karg et al. 2023, Food_flow_data_v1.csv"
KARG_NODE_00938,-1.1249,9.47157,Kpeninyili,Tamale,2,0,2,"Karg et al. 2023, Food_flow_data_v1.csv"
KARG_NODE_00939,-1.11846,9.45566,Katinga (Tolon) Market,Tamale,1030,31,29,"Karg et al. 2023, Food_flow_data_v1.csv"
KARG_NODE_00940,-1.1175,9.39877,Gburmani,Tamale,20,3,12,"Karg et al. 2023, Food_flow_data_v1.csv"
KARG_NODE_00941,-1.11672,9.44323,Tali,Tamale,4,4,6,"Karg et al. 2023, Food_flow_data_v1.csv"
KARG_NODE_00942,-1.11228,9.45947,Kogulogu,Tamale,1,0,1,"Karg et al. 2023, Food_flow_data_v1.csv"
KARG_NODE_00943,-1.10908,8.74871,Mpaha,Tamale,0,4,2,"Karg et al. 2023, Food_flow_data_v1.csv"
KARG_NODE_00944,-1.10167,10.97003,Paga,Tamale,433,11,14,"Karg et al. 2023, Food_flow_data_v1.csv"
KARG_NODE_00945,-1.09885,9.43685,Kanshegu (near Tali),Tamale,5,4,7,"Karg et al. 2023, Food_flow_data_v1.csv"
KARG_NODE_00946,-1.09351,9.48493,Yoggo,Tamale,4,16,9,"Karg et al. 2023, Food_flow_data_v1.csv"
KARG_NODE_00947,-1.09061,9.41727,Nayili,Tamale,2,0,1,"Karg et al. 2023, Food_flow_data_v1.csv"
KARG_NODE_00948,-1.08757,10.89302,Navrongo,Tamale,92,33,28,"Karg et al. 2023, Food_flow_data_v1.csv"
KARG_NODE_00949,-1.08688,9.53286,Yipelgu,Tamale,33,31,19,"Karg et al. 2023, Food_flow_data_v1.csv"
KARG_NODE_00950,-1.08566,9.34078,Dakoloyili,Tamale,1,0,1,"Karg et al. 2023, Food_flow_data_v1.csv"
KARG_NODE_00951,-1.08474,13.08719,Kaya,Ouagadougou,244,413,32,"Karg et al. 2023, Food_flow_data_v1.csv"
KARG_NODE_00952,-1.0829,9.13415,Kale,Tamale,0,1,1,"Karg et al. 2023, Food_flow_data_v1.csv"
KARG_NODE_00953,-1.08183,9.24116,Larigbani,Tamale,4,0,4,"Karg et al. 2023, Food_flow_data_v1.csv"
KARG_NODE_00954,-1.08171,9.4141,Damabi,Tamale,10,0,5,"Karg et al. 2023, Food_flow_data_v1.csv"
KARG_NODE_00955,-1.08017,12.37691,Kougri,Ouagadougou,1,1,2,"Karg et al. 2023, Food_flow_data_v1.csv"
KARG_NODE_00956,-1.07597,9.49946,Kpaligun,Tamale,22,0,6,"Karg et al. 2023, Food_flow_data_v1.csv"
KARG_NODE_00957,-1.07554,9.36796,Yipalgu,Tamale,18,1,6,"Karg et al. 2023, Food_flow_data_v1.csv"
KARG_NODE_00958,-1.07279,10.82597,Gani,Tamale,1,0,1,"Karg et al. 2023, Food_flow_data_v1.csv"
KARG_NODE_00959,-1.07241,9.47027,Fihini,Tamale,2,1,3,"Karg et al. 2023, Food_flow_data_v1.csv"
KARG_NODE_00960,-1.07138,9.36849,Yepeligu,Tamale,14,0,6,"Karg et al. 2023, Food_flow_data_v1.csv"
KARG_NODE_00961,-1.07066,11.66959,Manga,Ouagadougou,66,109,24,"Karg et al. 2023, Food_flow_data_v1.csv"
KARG_NODE_00962,-1.07017,12.8241,Korsimoro,Ouagadougou,80,1,8,"Karg et al. 2023, Food_flow_data_v1.csv"
KARG_NODE_00963,-1.06531,9.57239,Tibung,Tamale,29,0,6,"Karg et al. 2023, Food_flow_data_v1.csv"
KARG_NODE_00964,-1.06411,9.4276,Tolon,Tamale,194,182,28,"Karg et al. 2023, Food_flow_data_v1.csv"
KARG_NODE_00965,-1.06165,9.52895,Jegbo,Tamale,26,9,8,"Karg et al. 2023, Food_flow_data_v1.csv"
KARG_NODE_00966,-1.0577,9.23887,Saakunyilli,Tamale,1,0,1,"Karg et al. 2023, Food_flow_data_v1.csv"
KARG_NODE_00967,-1.05596,9.46709,Gundaa,Tamale,4,0,3,"Karg et al. 2023, Food_flow_data_v1.csv"
KARG_NODE_00968,-1.05307,9.29204,Dignayili,Tamale,2,0,2,"Karg et al. 2023, Food_flow_data_v1.csv"
KARG_NODE_00969,-1.05028,9.65756,Nawuni,Tamale,11,2,7,"Karg et al. 2023, Food_flow_data_v1.csv"
KARG_NODE_00970,-1.04638,9.33127,Tingoli,Tamale,46,0,11,"Karg et al. 2023, Food_flow_data_v1.csv"
KARG_NODE_00971,-1.0459,9.26433,Tiduroyili,Tamale,1,0,1,"Karg et al. 2023, Food_flow_data_v1.csv"
KARG_NODE_00972,-1.04456,9.33415,Wambong,Tamale,22,0,3,"Karg et al. 2023, Food_flow_data_v1.csv"
KARG_NODE_00973,-1.04455,9.23816,Galinzegu,Tamale,1,0,1,"Karg et al. 2023, Food_flow_data_v1.csv"
KARG_NODE_00974,-1.04295,9.42172,Waribogu,Tamale,41,2,9,"Karg et al. 2023, Food_flow_data_v1.csv"
KARG_NODE_00975,-1.0423,9.50652,Nyerizegu,Tamale,2,12,4,"Karg et al. 2023, Food_flow_data_v1.csv"
KARG_NODE_00976,-1.04043,9.19499,Kusawgu,Tamale,48,0,9,"Karg et al. 2023, Food_flow_data_v1.csv"
KARG_NODE_00977,-1.03864,9.425,Woreboggo,Tamale,37,2,9,"Karg et al. 2023, Food_flow_data_v1.csv"
KARG_NODE_00978,-1.03675,9.1038,Afayilli,Tamale,0,1,1,"Karg et al. 2023, Food_flow_data_v1.csv"
KARG_NODE_00979,-1.03595,9.54563,Kushibo,Tamale,5,0,4,"Karg et al. 2023, Food_flow_data_v1.csv"
KARG_NODE_00980,-1.03424,9.53169,Voggo,Tamale,8,2,5,"Karg et al. 2023, Food_flow_data_v1.csv"
KARG_NODE_00981,-1.03313,9.41076,Dingoni,Tamale,7,0,3,"Karg et al. 2023, Food_flow_data_v1.csv"
KARG_NODE_00982,-1.03213,9.45735,Jakpahi,Tamale,5,3,4,"Karg et al. 2023, Food_flow_data_v1.csv"
KARG_NODE_00983,-1.03082,9.47786,Kunkulun,Tamale,0,1,1,"Karg et al. 2023, Food_flow_data_v1.csv"
KARG_NODE_00984,-1.02541,9.23726,Gandalsiya,Tamale,2,0,2,"Karg et al. 2023, Food_flow_data_v1.csv"
KARG_NODE_00985,-1.02456,9.46326,Tongenja,Tamale,2,1,2,"Karg et al. 2023, Food_flow_data_v1.csv"
KARG_NODE_00986,-1.02444,9.37177,Dazuyili,Tamale,7,1,3,"Karg et al. 2023, Food_flow_data_v1.csv"
KARG_NODE_00987,-1.02161,9.19129,Macheliyili,Tamale,32,0,8,"Karg et al. 2023, Food_flow_data_v1.csv"
KARG_NODE_00988,-1.02082,9.49587,Dimanzugu,Tamale,3,0,3,"Karg et al. 2023, Food_flow_data_v1.csv"
KARG_NODE_00989,-1.01944,9.31167,Aduyili,Tamale,6,0,4,"Karg et al. 2023, Food_flow_data_v1.csv"
KARG_NODE_00990,-1.01918,9.40491,Kukuo (near Nyankpala),Tamale,1,0,1,"Karg et al. 2023, Food_flow_data_v1.csv"
KARG_NODE_00991,-1.0182,5.26768,Mankessim,Tamale,1,3,2,"Karg et al. 2023, Food_flow_data_v1.csv"
KARG_NODE_00992,-1.01789,9.41776,Gumancheguyili,Tamale,4,0,1,"Karg et al. 2023, Food_flow_data_v1.csv"
KARG_NODE_00993,-1.0163,6.6997,Oseikrom,Tamale,0,4,4,"Karg et al. 2023, Food_flow_data_v1.csv"
KARG_NODE_00994,-1.01625,9.26799,Sankpala,Tamale,263,37,25,"Karg et al. 2023, Food_flow_data_v1.csv"
KARG_NODE_00995,-1.01199,9.4826,Gbullung,Tamale,92,3,9,"Karg et al. 2023, Food_flow_data_v1.csv"
KARG_NODE_00996,-1.0114,9.44701,Garisiegu,Tamale,44,18,12,"Karg et al. 2023, Food_flow_data_v1.csv"
KARG_NODE_00997,-1.01117,9.27832,Kpalesogu,Tamale,9,2,6,"Karg et al. 2023, Food_flow_data_v1.csv"
KARG_NODE_00998,-1.00959,9.40437,Kpalisogu,Tamale,18,1,6,"Karg et al. 2023, Food_flow_data_v1.csv"
KARG_NODE_00999,-1.00912,9.40044,Komoayili,Tamale,8,0,7,"Karg et al. 2023, Food_flow_data_v1.csv"
KARG_NODE_01000,-1.00658,9.0198,Digma,Tamale,4,0,1,"Karg et al. 2023, Food_flow_data_v1.csv"
KARG_NODE_01001,-1.00472,11.75201,Kaibo,Ouagadougou,3,0,2,"Karg et al. 2023, Food_flow_data_v1.csv"
KARG_NODE_01002,-1.0039,9.21926,Yaaboguni,Tamale,6,0,4,"Karg et al. 2023, Food_flow_data_v1.csv"
KARG_NODE_01003,-0.99851,9.42402,Yipelinayili,Tamale,26,2,8,"Karg et al. 2023, Food_flow_data_v1.csv"
KARG_NODE_01004,-0.99777,9.27381,Kampon,Tamale,3,0,3,"Karg et al. 2023, Food_flow_data_v1.csv"
KARG_NODE_01005,-0.99766,9.51405,Ginjani,Tamale,9,1,3,"Karg et al. 2023, Food_flow_data_v1.csv"
KARG_NODE_01006,-0.99629,9.57145,Botanga irrigation scheme (Damsite),Tamale,20,0,9,"Karg et al. 2023, Food_flow_data_v1.csv"
KARG_NODE_01007,-0.99621,9.55797,Kpelum,Tamale,0,2,1,"Karg et al. 2023, Food_flow_data_v1.csv"
KARG_NODE_01008,-0.99601,9.4132,Dindo,Tamale,1,0,1,"Karg et al. 2023, Food_flow_data_v1.csv"
KARG_NODE_01009,-0.99528,9.52857,Shedua,Tamale,2,0,2,"Karg et al. 2023, Food_flow_data_v1.csv"
KARG_NODE_01010,-0.9951,9.59653,Sakuba,Tamale,5,0,5,"Karg et al. 2023, Food_flow_data_v1.csv"
KARG_NODE_01011,-0.99404,9.31826,Zamzugu,Tamale,13,0,5,"Karg et al. 2023, Food_flow_data_v1.csv"
KARG_NODE_01012,-0.99398,9.4389,Yepalsi,Tamale,0,5,3,"Karg et al. 2023, Food_flow_data_v1.csv"
KARG_NODE_01013,-0.99204,9.79509,Gbale,Tamale,3,6,5,"Karg et al. 2023, Food_flow_data_v1.csv"
KARG_NODE_01014,-0.98933,9.48881,Gun,Tamale,14,1,4,"Karg et al. 2023, Food_flow_data_v1.csv"
KARG_NODE_01015,-0.98916,9.45059,Balinkpen,Tamale,0,1,1,"Karg et al. 2023, Food_flow_data_v1.csv"
KARG_NODE_01016,-0.98865,9.21014,Kpantinya,Tamale,2,0,1,"Karg et al. 2023, Food_flow_data_v1.csv"
KARG_NODE_01017,-0.98776,7.75351,Atebubu,Tamale,1,2,2,"Karg et al. 2023, Food_flow_data_v1.csv"
KARG_NODE_01018,-0.98737,9.40601,SADA (Nyankpala),Tamale,35,2,6,"Karg et al. 2023, Food_flow_data_v1.csv"
KARG_NODE_01019,-0.9858,9.41394,Ricemill (Nyankpala),Tamale,12,6,1,"Karg et al. 2023, Food_flow_data_v1.csv"
KARG_NODE_01020,-0.9828,9.55783,Gbugli,Tamale,3,0,2,"Karg et al. 2023, Food_flow_data_v1.csv"
KARG_NODE_01021,-0.98248,9.43404,Cheyohi,Tamale,49,3,7,"Karg et al. 2023, Food_flow_data_v1.csv"
KARG_NODE_01022,-0.98201,9.36665,Tunayili (south of Nyankpala),Tamale,1,0,1,"Karg et al. 2023, Food_flow_data_v1.csv"
KARG_NODE_01023,-0.98134,9.3928,Nyankpala Market,Tamale,496,32,25,"Karg et al. 2023, Food_flow_data_v1.csv"
KARG_NODE_01024,-0.98037,9.59922,Fando,Tamale,5,0,3,"Karg et al. 2023, Food_flow_data_v1.csv"
KARG_NODE_01025,-0.978,9.54334,Logoshiegu,Tamale,8,0,4,"Karg et al. 2023, Food_flow_data_v1.csv"
KARG_NODE_01026,-0.97733,9.3931,Nyankpala,Tamale,579,207,27,"Karg et al. 2023, Food_flow_data_v1.csv"
KARG_NODE_01027,-0.97647,10.02997,Janga,Tamale,5,6,9,"Karg et al. 2023, Food_flow_data_v1.csv"
KARG_NODE_01028,-0.97482,9.42669,Kpachi,Tamale,6,2,5,"Karg et al. 2023, Food_flow_data_v1.csv"
KARG_NODE_01029,-0.9743,9.51859,Nakpatua,Tamale,5,0,4,"Karg et al. 2023, Food_flow_data_v1.csv"
KARG_NODE_01030,-0.97422,9.85595,Sogo,Tamale,2,0,2,"Karg et al. 2023, Food_flow_data_v1.csv"
KARG_NODE_01031,-0.9718,9.56321,Zangbulung,Tamale,18,5,8,"Karg et al. 2023, Food_flow_data_v1.csv"
KARG_NODE_01032,-0.97075,9.50772,Gbansogo,Tamale,1,0,1,"Karg et al. 2023, Food_flow_data_v1.csv"
KARG_NODE_01033,-0.969,9.38256,Nyankpala-Kukuo,Tamale,1,0,1,"Karg et al. 2023, Food_flow_data_v1.csv"
KARG_NODE_01034,-0.96706,9.97757,Nasia (River),Tamale,28,0,9,"Karg et al. 2023, Food_flow_data_v1.csv"
KARG_NODE_01035,-0.9653,9.88597,Dinga,Tamale,1,0,1,"Karg et al. 2023, Food_flow_data_v1.csv"
KARG_NODE_01036,-0.96513,9.42871,Kokpen,Tamale,21,0,6,"Karg et al. 2023, Food_flow_data_v1.csv"
KARG_NODE_01037,-0.96355,9.45378,Cheshegu,Tamale,115,6,11,"Karg et al. 2023, Food_flow_data_v1.csv"
KARG_NODE_01038,-0.9627,9.22105,Darivoguyili,Tamale,7,3,3,"Karg et al. 2023, Food_flow_data_v1.csv"
KARG_NODE_01039,-0.96224,9.37627,Naha,Tamale,7,1,5,"Karg et al. 2023, Food_flow_data_v1.csv"
KARG_NODE_01040,-0.96013,9.54941,Yipielugu,Tamale,1,0,1,"Karg et al. 2023, Food_flow_data_v1.csv"
KARG_NODE_01041,-0.96008,5.42114,Ajumako,Tamale,0,2,2,"Karg et al. 2023, Food_flow_data_v1.csv"
KARG_NODE_01042,-0.95863,9.31047,Changyili,Tamale,3,9,4,"Karg et al. 2023, Food_flow_data_v1.csv"
KARG_NODE_01043,-0.95636,9.42239,Kpinjinga,Tamale,2,1,3,"Karg et al. 2023, Food_flow_data_v1.csv"
KARG_NODE_01044,-0.95597,9.34844,Gbulahagu,Tamale,107,7,13,"Karg et al. 2023, Food_flow_data_v1.csv"
KARG_NODE_01045,-0.95576,9.28126,Kurubanyili,Tamale,1,0,1,"Karg et al. 2023, Food_flow_data_v1.csv"
KARG_NODE_01046,-0.95534,9.44364,Kpaliga,Tamale,67,3,12,"Karg et al. 2023, Food_flow_data_v1.csv"
KARG_NODE_01047,-0.9542,9.41604,Kukpehe,Tamale,9,1,4,"Karg et al. 2023, Food_flow_data_v1.csv"
KARG_NODE_01048,-0.95409,9.37051,Galinkpegu,Tamale,60,4,6,"Karg et al. 2023, Food_flow_data_v1.csv"
KARG_NODE_01049,-0.95299,9.31574,Adubiliyili,Tamale,48,12,11,"Karg et al. 2023, Food_flow_data_v1.csv"
KARG_NODE_01050,-0.95212,9.61464,Zugudaboni,Tamale,6,0,4,"Karg et al. 2023, Food_flow_data_v1.csv"
KARG_NODE_01051,-0.95155,9.40758,Bukpomo,Tamale,7,0,5,"Karg et al. 2023, Food_flow_data_v1.csv"
KARG_NODE_01052,-0.94946,9.55783,Kumbungu,Tamale,263,141,29,"Karg et al. 2023, Food_flow_data_v1.csv"
KARG_NODE_01053,-0.94931,9.4948,Gupanerigu,Tamale,3,4,6,"Karg et al. 2023, Food_flow_data_v1.csv"
KARG_NODE_01054,-0.94887,9.29247,Jabangyili,Tamale,22,1,6,"Karg et al. 2023, Food_flow_data_v1.csv"
KARG_NODE_01055,-0.94835,9.43415,Sanga,Tamale,23,2,6,"Karg et al. 2023, Food_flow_data_v1.csv"
KARG_NODE_01056,-0.94552,9.55946,Kumbungu Market,Tamale,578,153,31,"Karg et al. 2023, Food_flow_data_v1.csv"
KARG_NODE_01057,-0.94511,9.39904,Changnayili,Tamale,61,10,13,"Karg et al. 2023, Food_flow_data_v1.csv"
KARG_NODE_01058,-0.94272,9.35203,Golinga,Tamale,78,4,13,"Karg et al. 2023, Food_flow_data_v1.csv"
KARG_NODE_01059,-0.94007,9.79953,Dipale,Tamale,1,0,1,"Karg et al. 2023, Food_flow_data_v1.csv"
KARG_NODE_01060,-0.93918,9.41437,Nanbogu,Tamale,117,88,14,"Karg et al. 2023, Food_flow_data_v1.csv"
KARG_NODE_01061,-0.93749,9.51452,Tiguyoni,Tamale,1,0,1,"Karg et al. 2023, Food_flow_data_v1.csv"
KARG_NODE_01062,-0.9363,9.57516,Zugu (near Kumbungu),Tamale,20,1,9,"Karg et al. 2023, Food_flow_data_v1.csv"
KARG_NODE_01063,-0.93527,9.87112,Gbanga,Tamale,1,0,1,"Karg et al. 2023, Food_flow_data_v1.csv"
KARG_NODE_01064,-0.9348,9.47102,Kochim,Tamale,1,0,1,"Karg et al. 2023, Food_flow_data_v1.csv"
KARG_NODE_01065,-0.93435,9.49835,Zoonayili,Tamale,1,0,1,"Karg et al. 2023, Food_flow_data_v1.csv"
KARG_NODE_01066,-0.9341,9.45819,Bogunayili,Tamale,7,0,4,"Karg et al. 2023, Food_flow_data_v1.csv"
KARG_NODE_01067,-0.93347,9.2915,Yekura-Fisila,Tamale,17,0,4,"Karg et al. 2023, Food_flow_data_v1.csv"
KARG_NODE_01068,-0.93088,9.39278,Shigu,Tamale,10,5,8,"Karg et al. 2023, Food_flow_data_v1.csv"
KARG_NODE_01069,-0.92682,9.48582,Nwodua,Tamale,5,3,2,"Karg et al. 2023, Food_flow_data_v1.csv"
KARG_NODE_01070,-0.9255,9.4155,Namandu,Tamale,7,0,4,"Karg et al. 2023, Food_flow_data_v1.csv"
KARG_NODE_01071,-0.92402,9.30853,Jolo,Tamale,2,0,1,"Karg et al. 2023, Food_flow_data_v1.csv"
KARG_NODE_01072,-0.92396,9.60428,Zugu-Yipeligu,Tamale,7,0,4,"Karg et al. 2023, Food_flow_data_v1.csv"
KARG_NODE_01073,-0.92255,9.62749,Satani,Tamale,2,0,2,"Karg et al. 2023, Food_flow_data_v1.csv"
KARG_NODE_01074,-0.92209,9.51342,Dulizugu,Tamale,23,5,6,"Karg et al. 2023, Food_flow_data_v1.csv"
KARG_NODE_01075,-0.9185,9.52601,Kukuo (Kumbungu Road),Tamale,10,2,7,"Karg et al. 2023, Food_flow_data_v1.csv"
KARG_NODE_01076,-0.91835,8.93831,Ghana,Ouagadougou,129,212,25,"Karg et al. 2023, Food_flow_data_v1.csv"
KARG_NODE_01077,-0.91797,9.39354,Nyarizee,Tamale,9,0,5,"Karg et al. 2023, Food_flow_data_v1.csv"
KARG_NODE_01078,-0.91663,9.52119,Yipienayili (Kumbingu road),Tamale,3,0,2,"Karg et al. 2023, Food_flow_data_v1.csv"
KARG_NODE_01079,-0.91607,9.34198,Datoyili,Tamale,59,34,13,"Karg et al. 2023, Food_flow_data_v1.csv"
KARG_NODE_01080,-0.91587,9.42914,Kpeni,Tamale,13,1,7,"Karg et al. 2023, Food_flow_data_v1.csv"
KARG_NODE_01081,-0.91533,9.66603,Kpelung,Tamale,3,1,4,"Karg et al. 2023, Food_flow_data_v1.csv"
KARG_NODE_01082,-0.91524,9.35401,Cheshe,Tamale,27,6,12,"Karg et al. 2023, Food_flow_data_v1.csv"
KARG_NODE_01083,-0.91462,9.48321,Pilo,Tamale,1,8,7,"Karg et al. 2023, Food_flow_data_v1.csv"
KARG_NODE_01084,-0.91418,9.46652,Mbanayili,Tamale,10,14,8,"Karg et al. 2023, Food_flow_data_v1.csv"
KARG_NODE_01085,-0.91299,9.3421,Datoyili barrier,Tamale,0,2,2,"Karg et al. 2023, Food_flow_data_v1.csv"
KARG_NODE_01086,-0.91238,9.55159,Timonayili,Tamale,0,1,1,"Karg et al. 2023, Food_flow_data_v1.csv"
KARG_NODE_01087,-0.91203,9.4075,Kasaligu,Tamale,145,90,24,"Karg et al. 2023, Food_flow_data_v1.csv"
KARG_NODE_01088,-0.91091,9.4491,Dushegu,Tamale,2,0,1,"Karg et al. 2023, Food_flow_data_v1.csv"
KARG_NODE_01089,-0.90873,9.60509,Yilikpani,Tamale,20,0,4,"Karg et al. 2023, Food_flow_data_v1.csv"
KARG_NODE_01090,-0.90737,9.515,Dalung (near Kumbungu road),Tamale,47,5,9,"Karg et al. 2023, Food_flow_data_v1.csv"
KARG_NODE_01091,-0.90713,9.57289,Yizegu,Tamale,1,0,1,"Karg et al. 2023, Food_flow_data_v1.csv"
KARG_NODE_01092,-0.90454,9.5171,Chansogu (near Kumbungu road),Tamale,48,27,13,"Karg et al. 2023, Food_flow_data_v1.csv"
KARG_NODE_01093,-0.90385,9.50338,Kumbungu road,Tamale,1,0,1,"Karg et al. 2023, Food_flow_data_v1.csv"
KARG_NODE_01094,-0.9038,9.55564,Dinyakpaligu,Tamale,3,0,2,"Karg et al. 2023, Food_flow_data_v1.csv"
KARG_NODE_01095,-0.90312,9.48647,Napagayili,Tamale,9,6,7,"Karg et al. 2023, Food_flow_data_v1.csv"
KARG_NODE_01096,-0.90274,9.50551,Kafehiyili,Tamale,81,23,10,"Karg et al. 2023, Food_flow_data_v1.csv"
KARG_NODE_01097,-0.90226,9.47004,Kukuo-Yepalsi,Tamale,3,4,6,"Karg et al. 2023, Food_flow_data_v1.csv"
KARG_NODE_01098,-0.9009,9.38929,Gbambaya,Tamale,8,3,5,"Karg et al. 2023, Food_flow_data_v1.csv"
KARG_NODE_01099,-0.90058,9.58652,Tarikpa,Tamale,11,2,6,"Karg et al. 2023, Food_flow_data_v1.csv"
KARG_NODE_01100,-0.89923,9.49687,Gumo,Tamale,50,179,17,"Karg et al. 2023, Food_flow_data_v1.csv"
KARG_NODE_01101,-0.89911,9.31819,Foshegu,Tamale,52,4,7,"Karg et al. 2023, Food_flow_data_v1.csv"
KARG_NODE_01102,-0.89809,9.66022,Boggo (near Savelugu),Tamale,4,0,4,"Karg et al. 2023, Food_flow_data_v1.csv"
KARG_NODE_01103,-0.8967,9.35983,Zoozugu,Tamale,20,2,8,"Karg et al. 2023, Food_flow_data_v1.csv"
KARG_NODE_01104,-0.89527,9.3942,Kunyivilla,Tamale,20,26,13,"Karg et al. 2023, Food_flow_data_v1.csv"
KARG_NODE_01105,-0.89297,9.94442,Nambagla,Tamale,4,0,2,"Karg et al. 2023, Food_flow_data_v1.csv"
KARG_NODE_01106,-0.89257,9.66487,Kpendua,Tamale,29,3,11,"Karg et al. 2023, Food_flow_data_v1.csv"
KARG_NODE_01107,-0.89239,9.4487,Dumala,Tamale,0,1,1,"Karg et al. 2023, Food_flow_data_v1.csv"
KARG_NODE_01108,-0.8912,9.53087,Boggo (along Kumbungu road),Tamale,20,8,7,"Karg et al. 2023, Food_flow_data_v1.csv"
KARG_NODE_01109,-0.89071,9.32811,Dunying,Tamale,7,0,5,"Karg et al. 2023, Food_flow_data_v1.csv"
KARG_NODE_01110,-0.88925,9.40326,Abattoir (Shishegu),Tamale,29,287,11,"Karg et al. 2023, Food_flow_data_v1.csv"
KARG_NODE_01111,-0.88852,9.5199,Bokurugu,Tamale,24,9,10,"Karg et al. 2023, Food_flow_data_v1.csv"
KARG_NODE_01112,-0.88785,9.54221,Pelliyong,Tamale,14,3,7,"Karg et al. 2023, Food_flow_data_v1.csv"
KARG_NODE_01113,-0.88755,9.35073,Gunnayili,Tamale,17,144,8,"Karg et al. 2023, Food_flow_data_v1.csv"
KARG_NODE_01114,-0.88736,9.4537,Sogonayili,Tamale,18,31,12,"Karg et al. 2023, Food_flow_data_v1.csv"
KARG_NODE_01115,-0.88512,9.50555,Surugu,Tamale,21,15,8,"Karg et al. 2023, Food_flow_data_v1.csv"
KARG_NODE_01116,-0.885,9.35825,Kambonayili,Tamale,3,0,1,"Karg et al. 2023, Food_flow_data_v1.csv"
KARG_NODE_01117,-0.88491,9.57037,Langa,Tamale,11,2,6,"Karg et al. 2023, Food_flow_data_v1.csv"
KARG_NODE_01118,-0.88465,9.40326,Shishegu,Tamale,163,409,28,"Karg et al. 2023, Food_flow_data_v1.csv"
KARG_NODE_01119,-0.88248,9.46747,Tanpe-Kukua,Tamale,2,0,1,"Karg et al. 2023, Food_flow_data_v1.csv"
KARG_NODE_01120,-0.88171,9.39505,Gbambaya,Tamale,10,42,15,"Karg et al. 2023, Food_flow_data_v1.csv"
KARG_NODE_01121,-0.8803,9.47779,Maleshegu,Tamale,26,70,17,"Karg et al. 2023, Food_flow_data_v1.csv"
KARG_NODE_01122,-0.87992,9.49798,Yonduni,Tamale,1,0,1,"Karg et al. 2023, Food_flow_data_v1.csv"
KARG_NODE_01123,-0.87719,9.41875,Tamale (Ghana),Ouagadougou,0,2,2,"Karg et al. 2023, Food_flow_data_v1.csv"
KARG_NODE_01124,-0.87698,9.29131,Sugashie (south of Tamale),Tamale,3,8,5,"Karg et al. 2023, Food_flow_data_v1.csv"
KARG_NODE_01125,-0.87662,9.41331,Sanerigu,Tamale,45,88,22,"Karg et al. 2023, Food_flow_data_v1.csv"
KARG_NODE_01126,-0.87581,9.43771,Kpalsi,Tamale,8,51,15,"Karg et al. 2023, Food_flow_data_v1.csv"
KARG_NODE_01127,-0.87567,9.37892,Dungu (south-west of Tamale),Tamale,19,71,18,"Karg et al. 2023, Food_flow_data_v1.csv"
KARG_NODE_01128,-0.87547,9.48876,Dabogshie,Tamale,7,6,5,"Karg et al. 2023, Food_flow_data_v1.csv"
KARG_NODE_01129,-0.8743,9.4463,Sohanayili,Tamale,2,0,2,"Karg et al. 2023, Food_flow_data_v1.csv"
KARG_NODE_01130,-0.87373,9.47233,Kumbuyili,Tamale,8,21,14,"Karg et al. 2023, Food_flow_data_v1.csv"
KARG_NODE_01131,-0.8735,9.39925,Nyohene,Tamale,170,316,28,"Karg et al. 2023, Food_flow_data_v1.csv"
KARG_NODE_01132,-0.8735,9.40561,Airport (old),Tamale,1,0,1,"Karg et al. 2023, Food_flow_data_v1.csv"
KARG_NODE_01133,-0.87322,9.52256,Salamba,Tamale,6,9,11,"Karg et al. 2023, Food_flow_data_v1.csv"
KARG_NODE_01134,-0.87262,9.59392,Moglaa,Tamale,11,2,5,"Karg et al. 2023, Food_flow_data_v1.csv"
KARG_NODE_01135,-0.8724,9.44135,Gbolo,Tamale,1,9,6,"Karg et al. 2023, Food_flow_data_v1.csv"
KARG_NODE_01136,-0.87218,9.86712,Diari,Tamale,44,4,13,"Karg et al. 2023, Food_flow_data_v1.csv"
KARG_NODE_01137,-0.87124,9.43496,Wurishe,Tamale,6,16,11,"Karg et al. 2023, Food_flow_data_v1.csv"
KARG_NODE_01138,-0.87092,9.3607,Chanshegu,Tamale,21,3,10,"Karg et al. 2023, Food_flow_data_v1.csv"
KARG_NODE_01139,-0.86766,9.37243,Zujung,Tamale,9,7,4,"Karg et al. 2023, Food_flow_data_v1.csv"
KARG_NODE_01140,-0.86712,9.43025,Tamale Polytechnic,Tamale,0,6,5,"Karg et al. 2023, Food_flow_data_v1.csv"
KARG_NODE_01141,-0.86602,9.45051,Filling Point (Choggu),Tamale,26,6,13,"Karg et al. 2023, Food_flow_data_v1.csv"
KARG_NODE_01142,-0.86545,9.42105,Tamasco (Tamale Senior High School),Tamale,0,2,2,"Karg et al. 2023, Food_flow_data_v1.csv"
KARG_NODE_01143,-0.86536,9.45536,Gurugu,Tamale,62,188,30,"Karg et al. 2023, Food_flow_data_v1.csv"
KARG_NODE_01144,-0.86485,9.40227,Nyohni,Tamale,22,24,10,"Karg et al. 2023, Food_flow_data_v1.csv"
KARG_NODE_01145,-0.86367,10.37905,Zangu,Tamale,2,0,2,"Karg et al. 2023, Food_flow_data_v1.csv"
KARG_NODE_01146,-0.8629,9.42177,Education Ridge,Tamale,0,3,2,"Karg et al. 2023, Food_flow_data_v1.csv"
KARG_NODE_01147,-0.86265,9.43986,Choggo-Yapalsi,Tamale,26,64,24,"Karg et al. 2023, Food_flow_data_v1.csv"
KARG_NODE_01148,-0.86225,10.99623,Guelwongo,Ouagadougou,15,23,13,"Karg et al. 2023, Food_flow_data_v1.csv"
KARG_NODE_01149,-0.86215,9.39028,Asawaba,Tamale,6,12,8,"Karg et al. 2023, Food_flow_data_v1.csv"
KARG_NODE_01150,-0.86203,9.47701,Katariga,Tamale,20,27,15,"Karg et al. 2023, Food_flow_data_v1.csv"
KARG_NODE_01151,-0.8617,12.31731,Zam,Ouagadougou,1,0,1,"Karg et al. 2023, Food_flow_data_v1.csv"
KARG_NODE_01152,-0.86143,9.60195,Bihinayili (near Savelugu),Tamale,1,0,1,"Karg et al. 2023, Food_flow_data_v1.csv"
KARG_NODE_01153,-0.8611,9.38182,Village Water (Tamale),Tamale,3,3,2,"Karg et al. 2023, Food_flow_data_v1.csv"
KARG_NODE_01154,-0.86088,9.90899,Kadia,Tamale,2,0,1,"Karg et al. 2023, Food_flow_data_v1.csv"
KARG_NODE_01155,-0.8606,9.80567,Gushie,Tamale,11,1,6,"Karg et al. 2023, Food_flow_data_v1.csv"
KARG_NODE_01156,-0.8605,9.41256,Gumbihini,Tamale,37,76,23,"Karg et al. 2023, Food_flow_data_v1.csv"
KARG_NODE_01157,-0.86047,9.95883,Sana,Tamale,1,1,2,"Karg et al. 2023, Food_flow_data_v1.csv"
KARG_NODE_01158,-0.85993,9.36336,Dohini,Tamale,3,2,3,"Karg et al. 2023, Food_flow_data_v1.csv"
KARG_NODE_01159,-0.85985,9.41484,Tamale (Savana/Stadium),Tamale,10,0,1,"Karg et al. 2023, Food_flow_data_v1.csv"
KARG_NODE_01160,-0.85937,9.39053,Lamashegu,Tamale,99,253,26,"Karg et al. 2023, Food_flow_data_v1.csv"
KARG_NODE_01161,-0.85923,9.42748,Choggo-Manayili,Tamale,12,93,20,"Karg et al. 2023, Food_flow_data_v1.csv"
KARG_NODE_01162,-0.85903,9.5879,Zaasi,Tamale,1,0,1,"Karg et al. 2023, Food_flow_data_v1.csv"
KARG_NODE_01163,-0.85771,10.77131,Sherigu,Tamale,2,0,2,"Karg et al. 2023, Food_flow_data_v1.csv"
KARG_NODE_01164,-0.8563,9.3749,Kakpagayili,Tamale,33,69,10,"Karg et al. 2023, Food_flow_data_v1.csv"
KARG_NODE_01165,-0.85597,9.39763,Lamakara,Tamale,7,32,13,"Karg et al. 2023, Food_flow_data_v1.csv"
KARG_NODE_01166,-0.85592,9.40098,Zogbeli,Tamale,18,44,19,"Karg et al. 2023, Food_flow_data_v1.csv"
KARG_NODE_01167,-0.85544,10.60248,Pwalagu,Tamale,7,0,5,"Karg et al. 2023, Food_flow_data_v1.csv"
KARG_NODE_01168,-0.8546,9.42253,Choggo,Tamale,82,101,25,"Karg et al. 2023, Food_flow_data_v1.csv"
KARG_NODE_01169,-0.85411,9.4957,Wayamba,Tamale,8,14,8,"Karg et al. 2023, Food_flow_data_v1.csv"
KARG_NODE_01170,-0.85399,9.5703,Nyantingili,Tamale,10,0,5,"Karg et al. 2023, Food_flow_data_v1.csv"
KARG_NODE_01171,-0.85388,9.42196,Hilltop (Choggu),Tamale,1,58,13,"Karg et al. 2023, Food_flow_data_v1.csv"
KARG_NODE_01172,-0.85323,9.39004,Lamashegu Market,Tamale,0,1,1,"Karg et al. 2023, Food_flow_data_v1.csv"
KARG_NODE_01173,-0.85299,9.40734,Kaladan,Tamale,1,1,2,"Karg et al. 2023, Food_flow_data_v1.csv"
KARG_NODE_01174,-0.8529,9.4509,Jisonayili,Tamale,38,78,24,"Karg et al. 2023, Food_flow_data_v1.csv"
KARG_NODE_01175,-0.85269,9.26933,Niyelma,Tamale,2,0,1,"Karg et al. 2023, Food_flow_data_v1.csv"
KARG_NODE_01176,-0.85094,9.35288,Jonshegu,Tamale,0,1,1,"Karg et al. 2023, Food_flow_data_v1.csv"
KARG_NODE_01177,-0.85052,9.40077,Tamale (Picorna),Tamale,2,0,2,"Karg et al. 2023, Food_flow_data_v1.csv"
KARG_NODE_01178,-0.84967,9.38284,Bulpeila,Tamale,12,49,13,"Karg et al. 2023, Food_flow_data_v1.csv"
KARG_NODE_01179,-0.84945,10.78564,Bolgatanga,Tamale,365,389,39,"Karg et al. 2023, Food_flow_data_v1.csv"
KARG_NODE_01180,-0.84939,9.40698,Metro Mass Station,Tamale,0,31,17,"Karg et al. 2023, Food_flow_data_v1.csv"
KARG_NODE_01181,-0.8493,9.40322,"Supermarket, Aboabo Market",Tamale,13,27,12,"Karg et al. 2023, Food_flow_data_v1.csv"
KARG_NODE_01182,-0.84888,9.40524,Timber Market,Tamale,31,54,19,"Karg et al. 2023, Food_flow_data_v1.csv"
KARG_NODE_01183,-0.84812,9.40342,Tamale Aboabo Market,Tamale,4739,10182,40,"Karg et al. 2023, Food_flow_data_v1.csv"
KARG_NODE_01184,-0.84807,9.25061,Janton,Tamale,8,0,4,"Karg et al. 2023, Food_flow_data_v1.csv"
KARG_NODE_01185,-0.84782,9.39276,Bayanwaya,Tamale,3,15,5,"Karg et al. 2023, Food_flow_data_v1.csv"
KARG_NODE_01186,-0.84724,9.47496,Kamina (Tamale),Tamale,0,13,8,"Karg et al. 2023, Food_flow_data_v1.csv"
KARG_NODE_01187,-0.84643,9.58281,Nyoglo,Tamale,6,0,4,"Karg et al. 2023, Food_flow_data_v1.csv"
KARG_NODE_01188,-0.84618,9.41804,Gumbehene old dam / Waterworks,Tamale,8,3,8,"Karg et al. 2023, Food_flow_data_v1.csv"
KARG_NODE_01189,-0.84585,9.59082,Libga,Tamale,16,1,7,"Karg et al. 2023, Food_flow_data_v1.csv"
KARG_NODE_01190,-0.8457,9.43204,Nobisco,Tamale,1,0,1,"Karg et al. 2023, Food_flow_data_v1.csv"
KARG_NODE_01191,-0.84523,9.40715,Poloya Fong,Tamale,13,90,25,"Karg et al. 2023, Food_flow_data_v1.csv"
KARG_NODE_01192,-0.844,9.40863,Moshi Zongo,Tamale,8,20,9,"Karg et al. 2023, Food_flow_data_v1.csv"
KARG_NODE_01193,-0.8438,9.41476,Warizehi,Tamale,4,40,17,"Karg et al. 2023, Food_flow_data_v1.csv"
KARG_NODE_01194,-0.8437,9.43406,Agric,Tamale,25,60,23,"Karg et al. 2023, Food_flow_data_v1.csv"
KARG_NODE_01195,-0.84362,9.46767,Zagayuli,Tamale,7,68,19,"Karg et al. 2023, Food_flow_data_v1.csv"
KARG_NODE_01196,-0.84329,9.48718,Dungu (north of Tamale),Tamale,2,1,3,"Karg et al. 2023, Food_flow_data_v1.csv"
KARG_NODE_01197,-0.84311,9.40662,Tamale main station,Tamale,160,372,34,"Karg et al. 2023, Food_flow_data_v1.csv"
KARG_NODE_01198,-0.84287,9.4047,Tamale Central Market,Tamale,245,904,36,"Karg et al. 2023, Food_flow_data_v1.csv"
KARG_NODE_01199,-0.84108,9.40721,Tigo office (Tamale),Tamale,0,1,1,"Karg et al. 2023, Food_flow_data_v1.csv"
KARG_NODE_01200,-0.84099,9.3906,Hausa Zongo,Tamale,0,10,7,"Karg et al. 2023, Food_flow_data_v1.csv"
KARG_NODE_01201,-0.84077,9.40692,Post office (Tamale),Tamale,0,3,3,"Karg et al. 2023, Food_flow_data_v1.csv"
KARG_NODE_01202,-0.84062,9.42716,Agric (Tamale),Tamale,4,1,3,"Karg et al. 2023, Food_flow_data_v1.csv"
KARG_NODE_01203,-0.84025,9.40114,Dagbandaba fong,Tamale,0,9,6,"Karg et al. 2023, Food_flow_data_v1.csv"
KARG_NODE_01204,-0.83988,9.53393,Kogni,Tamale,9,16,8,"Karg et al. 2023, Food_flow_data_v1.csv"
KARG_NODE_01205,-0.83953,9.40999,Tishegu,Tamale,6,157,24,"Karg et al. 2023, Food_flow_data_v1.csv"
KARG_NODE_01206,-0.8393,9.40617,Police Baracks,Tamale,0,2,2,"Karg et al. 2023, Food_flow_data_v1.csv"
KARG_NODE_01207,-0.8393,9.51832,Nyesie,Tamale,2,6,3,"Karg et al. 2023, Food_flow_data_v1.csv"
KARG_NODE_01208,-0.83872,12.28525,Mogtédo (Fada road),Ouagadougou,21,12,11,"Karg et al. 2023, Food_flow_data_v1.csv"
KARG_NODE_01209,-0.83828,9.40351,Jubilee Park (Tamale),Tamale,0,1,1,"Karg et al. 2023, Food_flow_data_v1.csv"
KARG_NODE_01210,-0.8376,9.55268,Airport junction,Tamale,2,1,2,"Karg et al. 2023, Food_flow_data_v1.csv"
KARG_NODE_01211,-0.83747,10.97866,Namon,Tamale,35,0,7,"Karg et al. 2023, Food_flow_data_v1.csv"
KARG_NODE_01212,-0.83736,9.35722,Banvim,Tamale,7,5,6,"Karg et al. 2023, Food_flow_data_v1.csv"
KARG_NODE_01213,-0.83735,9.43412,Gumani (Tamale),Tamale,19,121,21,"Karg et al. 2023, Food_flow_data_v1.csv"
KARG_NODE_01214,-0.83701,9.44615,Kanvili,Tamale,39,164,26,"Karg et al. 2023, Food_flow_data_v1.csv"
KARG_NODE_01215,-0.83689,9.18387,Bugyaa (Bujar),Tamale,5,0,3,"Karg et al. 2023, Food_flow_data_v1.csv"
KARG_NODE_01216,-0.83678,9.38574,Tutingli,Tamale,0,11,7,"Karg et al. 2023, Food_flow_data_v1.csv"
KARG_NODE_01217,-0.83652,9.41427,Sakasaka,Tamale,20,219,28,"Karg et al. 2023, Food_flow_data_v1.csv"
KARG_NODE_01218,-0.8365,6.0988,Kade,Tamale,0,1,1,"Karg et al. 2023, Food_flow_data_v1.csv"
KARG_NODE_01219,-0.83649,9.40334,Police station (Tamale),Tamale,0,3,1,"Karg et al. 2023, Food_flow_data_v1.csv"
KARG_NODE_01220,-0.83502,9.54944,Yilonayile,Tamale,30,36,11,"Karg et al. 2023, Food_flow_data_v1.csv"
KARG_NODE_01221,-0.83446,9.42212,Nyanshego,Tamale,8,43,13,"Karg et al. 2023, Food_flow_data_v1.csv"
KARG_NODE_01222,-0.83417,9.4094,Ward K (Tamale),Tamale,8,40,18,"Karg et al. 2023, Food_flow_data_v1.csv"
KARG_NODE_01223,-0.8312,9.57837,Kanshegu (near Savelugu),Tamale,15,7,7,"Karg et al. 2023, Food_flow_data_v1.csv"
KARG_NODE_01224,-0.83043,9.69192,Pong Tamale,Tamale,5,16,9,"Karg et al. 2023, Food_flow_data_v1.csv"
KARG_NODE_01225,-0.83026,9.56317,Duko,Tamale,9,18,5,"Karg et al. 2023, Food_flow_data_v1.csv"
KARG_NODE_01226,-0.82956,9.38696,Dohinayili,Tamale,5,26,13,"Karg et al. 2023, Food_flow_data_v1.csv"
KARG_NODE_01227,-0.82931,9.38008,Kalaraga,Tamale,7,71,16,"Karg et al. 2023, Food_flow_data_v1.csv"
KARG_NODE_01228,-0.82918,9.39617,Tamale (not specified),Tamale,584,713,39,"Karg et al. 2023, Food_flow_data_v1.csv"
KARG_NODE_01229,-0.82912,12.61745,Ziga,Ouagadougou,9,2,5,"Karg et al. 2023, Food_flow_data_v1.csv"
KARG_NODE_01230,-0.82819,9.6246,Savelugu,Tamale,484,273,33,"Karg et al. 2023, Food_flow_data_v1.csv"
KARG_NODE_01231,-0.82791,9.39955,Russian Bungalow,Tamale,1,0,1,"Karg et al. 2023, Food_flow_data_v1.csv"
KARG_NODE_01232,-0.8279,9.44366,Tunayili (north of Tamale),Tamale,11,40,16,"Karg et al. 2023, Food_flow_data_v1.csv"
KARG_NODE_01233,-0.82777,9.62778,Savelugu Market,Tamale,781,112,31,"Karg et al. 2023, Food_flow_data_v1.csv"
KARG_NODE_01234,-0.82648,9.41514,Kalipohin,Tamale,37,84,23,"Karg et al. 2023, Food_flow_data_v1.csv"
KARG_NODE_01235,-0.82631,9.47,Gbanyamn,Tamale,0,6,1,"Karg et al. 2023, Food_flow_data_v1.csv"
KARG_NODE_01236,-0.82618,9.39405,Changli (Tamale),Tamale,4,69,12,"Karg et al. 2023, Food_flow_data_v1.csv"
KARG_NODE_01237,-0.82519,9.97899,Pigu,Tamale,7,0,4,"Karg et al. 2023, Food_flow_data_v1.csv"
KARG_NODE_01238,-0.82419,9.39192,Ataasibi,Tamale,0,2,1,"Karg et al. 2023, Food_flow_data_v1.csv"
KARG_NODE_01239,-0.82373,9.39315,Teaching Hospital (Tamale),Tamale,0,7,5,"Karg et al. 2023, Food_flow_data_v1.csv"
KARG_NODE_01240,-0.82357,9.74341,Nabogo,Tamale,61,0,12,"Karg et al. 2023, Food_flow_data_v1.csv"
KARG_NODE_01241,-0.82325,9.44099,Kanvili-Kpawumo,Tamale,1,4,3,"Karg et al. 2023, Food_flow_data_v1.csv"
KARG_NODE_01242,-0.82288,9.39411,Hospital Road,Tamale,0,2,1,"Karg et al. 2023, Food_flow_data_v1.csv"
KARG_NODE_01243,-0.82266,13.16491,Pissila,Ouagadougou,3,4,5,"Karg et al. 2023, Food_flow_data_v1.csv"
KARG_NODE_01244,-0.82241,9.52446,Janjuri,Tamale,6,6,5,"Karg et al. 2023, Food_flow_data_v1.csv"
KARG_NODE_01245,-0.82167,9.49693,Sahakpaligu,Tamale,1,1,2,"Karg et al. 2023, Food_flow_data_v1.csv"
KARG_NODE_01246,-0.82145,9.38521,Dabokpaa,Tamale,3,22,11,"Karg et al. 2023, Food_flow_data_v1.csv"
KARG_NODE_01247,-0.82044,9.36356,Kpanvo,Tamale,13,5,7,"Karg et al. 2023, Food_flow_data_v1.csv"
KARG_NODE_01248,-0.81788,9.42186,SSNIT,Tamale,0,8,4,"Karg et al. 2023, Food_flow_data_v1.csv"
KARG_NODE_01249,-0.81667,9.33576,Yong (south of Tamale),Tamale,13,0,7,"Karg et al. 2023, Food_flow_data_v1.csv"
KARG_NODE_01250,-0.81528,9.41745,Kpambegu,Tamale,0,5,5,"Karg et al. 2023, Food_flow_data_v1.csv"
KARG_NODE_01251,-0.81518,9.39502,Ghanasco,Tamale,1,3,3,"Karg et al. 2023, Food_flow_data_v1.csv"
KARG_NODE_01252,-0.81508,9.75629,Nakpanzo,Tamale,7,10,7,"Karg et al. 2023, Food_flow_data_v1.csv"
KARG_NODE_01253,-0.81458,9.39805,Kukuo (Tamale),Tamale,29,196,29,"Karg et al. 2023, Food_flow_data_v1.csv"
KARG_NODE_01254,-0.81301,9.27843,Voguyili,Tamale,0,1,1,"Karg et al. 2023, Food_flow_data_v1.csv"
KARG_NODE_01255,-0.81172,9.40957,Jekeryili,Tamale,0,36,13,"Karg et al. 2023, Food_flow_data_v1.csv"
KARG_NODE_01256,-0.81158,9.4052,Koblimahagu (eastern Tamale),Tamale,2,29,10,"Karg et al. 2023, Food_flow_data_v1.csv"
KARG_NODE_01257,-0.80897,9.66903,Ying,Tamale,1,0,1,"Karg et al. 2023, Food_flow_data_v1.csv"
KARG_NODE_01258,-0.80763,10.12399,Disiga,Tamale,6,0,4,"Karg et al. 2023, Food_flow_data_v1.csv"
KARG_NODE_01259,-0.80724,10.91229,Bongo,Tamale,3,2,5,"Karg et al. 2023, Food_flow_data_v1.csv"
KARG_NODE_01260,-0.80712,9.42249,Foo,Tamale,12,25,10,"Karg et al. 2023, Food_flow_data_v1.csv"
KARG_NODE_01261,-0.80559,9.3945,Gbewaa,Tamale,1,0,1,"Karg et al. 2023, Food_flow_data_v1.csv"
KARG_NODE_01262,-0.80372,9.23625,Sakpalua,Tamale,1,1,2,"Karg et al. 2023, Food_flow_data_v1.csv"
KARG_NODE_01263,-0.80342,10.16312,Nasia,Tamale,6,0,1,"Karg et al. 2023, Food_flow_data_v1.csv"
KARG_NODE_01264,-0.80227,10.34769,Walewale,Tamale,342,84,30,"Karg et al. 2023, Food_flow_data_v1.csv"
KARG_NODE_01265,-0.80203,9.41609,Bomahigu,Tamale,3,0,3,"Karg et al. 2023, Food_flow_data_v1.csv"
KARG_NODE_01266,-0.80152,9.47749,Jana,Tamale,0,1,1,"Karg et al. 2023, Food_flow_data_v1.csv"
KARG_NODE_01267,-0.80022,9.37759,Vitin,Tamale,98,228,30,"Karg et al. 2023, Food_flow_data_v1.csv"
KARG_NODE_01268,-0.79635,9.5665,Tumahi,Tamale,2,0,1,"Karg et al. 2023, Food_flow_data_v1.csv"
KARG_NODE_01269,-0.79473,9.44147,Taha-Kpawumo,Tamale,0,1,1,"Karg et al. 2023, Food_flow_data_v1.csv"
KARG_NODE_01270,-0.79298,9.68574,Yipelgu (near Pong Tamale),Tamale,1,1,2,"Karg et al. 2023, Food_flow_data_v1.csv"
KARG_NODE_01271,-0.79212,10.47149,Wulugu,Tamale,3,0,2,"Karg et al. 2023, Food_flow_data_v1.csv"
KARG_NODE_01272,-0.79087,9.34068,Kotingli,Tamale,0,2,2,"Karg et al. 2023, Food_flow_data_v1.csv"
KARG_NODE_01273,-0.79045,9.51452,Kpalagalanyili,Tamale,1,0,1,"Karg et al. 2023, Food_flow_data_v1.csv"
KARG_NODE_01274,-0.78833,8.13236,Sawaaba,Tamale,0,3,2,"Karg et al. 2023, Food_flow_data_v1.csv"
KARG_NODE_01275,-0.78784,9.33031,Bagliga,Tamale,0,2,2,"Karg et al. 2023, Food_flow_data_v1.csv"
KARG_NODE_01276,-0.78663,9.63529,Yong (north of Tamale),Tamale,0,1,1,"Karg et al. 2023, Food_flow_data_v1.csv"
KARG_NODE_01277,-0.78629,9.30608,Kudula,Tamale,1,0,1,"Karg et al. 2023, Food_flow_data_v1.csv"
KARG_NODE_01278,-0.78338,9.43367,Taha,Tamale,19,26,9,"Karg et al. 2023, Food_flow_data_v1.csv"
KARG_NODE_01279,-0.78318,9.32074,Dakpemyili,Tamale,0,1,1,"Karg et al. 2023, Food_flow_data_v1.csv"
KARG_NODE_01280,-0.7809,9.68539,Kpalung,Tamale,4,0,2,"Karg et al. 2023, Food_flow_data_v1.csv"
KARG_NODE_01281,-0.77974,9.23373,Palangpani,Tamale,1,0,1,"Karg et al. 2023, Food_flow_data_v1.csv"
KARG_NODE_01282,-0.77759,9.74046,Chapalegu,Tamale,1,0,1,"Karg et al. 2023, Food_flow_data_v1.csv"
KARG_NODE_01283,-0.77568,9.37176,Sanzerigu,Tamale,9,7,7,"Karg et al. 2023, Food_flow_data_v1.csv"
KARG_NODE_01284,-0.77439,9.48968,Gbalisie,Tamale,2,0,2,"Karg et al. 2023, Food_flow_data_v1.csv"
KARG_NODE_01285,-0.77248,9.55653,Kpachelo,Tamale,1,0,1,"Karg et al. 2023, Food_flow_data_v1.csv"
KARG_NODE_01286,-0.76989,9.3779,Wamale,Tamale,74,40,18,"Karg et al. 2023, Food_flow_data_v1.csv"
KARG_NODE_01287,-0.76981,6.55279,Nkawkaw,Tamale,0,16,7,"Karg et al. 2023, Food_flow_data_v1.csv"
KARG_NODE_01288,-0.76838,9.43069,Gbalahi,Tamale,21,6,6,"Karg et al. 2023, Food_flow_data_v1.csv"
KARG_NODE_01289,-0.76769,10.02545,Saakpuli,Tamale,13,0,3,"Karg et al. 2023, Food_flow_data_v1.csv"
KARG_NODE_01290,-0.76682,11.76752,Niaogho,Ouagadougou,0,2,2,"Karg et al. 2023, Food_flow_data_v1.csv"
KARG_NODE_01291,-0.76087,9.35147,Parishe,Tamale,3,0,3,"Karg et al. 2023, Food_flow_data_v1.csv"
KARG_NODE_01292,-0.75904,9.62628,Nyeregeyili,Tamale,1,0,1,"Karg et al. 2023, Food_flow_data_v1.csv"
KARG_NODE_01293,-0.75798,9.14484,Komnayili,Tamale,3,0,2,"Karg et al. 2023, Food_flow_data_v1.csv"
KARG_NODE_01294,-0.75683,9.59835,Bungbum,Tamale,3,0,3,"Karg et al. 2023, Food_flow_data_v1.csv"
KARG_NODE_01295,-0.75501,9.37446,Chansie,Tamale,3,3,4,"Karg et al. 2023, Food_flow_data_v1.csv"
KARG_NODE_01296,-0.75346,9.34949,Difaa,Tamale,11,2,7,"Karg et al. 2023, Food_flow_data_v1.csv"
KARG_NODE_01297,-0.74318,9.56837,Kpano,Tamale,3,0,3,"Karg et al. 2023, Food_flow_data_v1.csv"
KARG_NODE_01298,-0.74231,9.341,Dunyi,Tamale,4,3,3,"Karg et al. 2023, Food_flow_data_v1.csv"
KARG_NODE_01299,-0.74048,9.36645,Zuo,Tamale,6,4,4,"Karg et al. 2023, Food_flow_data_v1.csv"
KARG_NODE_01300,-0.73972,9.61854,Nantonkurugu,Tamale,6,0,3,"Karg et al. 2023, Food_flow_data_v1.csv"
KARG_NODE_01301,-0.73853,9.63273,Sandu,Tamale,5,1,2,"Karg et al. 2023, Food_flow_data_v1.csv"
KARG_NODE_01302,-0.73794,9.52601,Zion,Tamale,2,6,5,"Karg et al. 2023, Food_flow_data_v1.csv"
KARG_NODE_01303,-0.73745,9.36006,Gbabshe,Tamale,16,0,9,"Karg et al. 2023, Food_flow_data_v1.csv"
KARG_NODE_01304,-0.73541,9.32766,Lahagu,Tamale,24,4,8,"Karg et al. 2023, Food_flow_data_v1.csv"
KARG_NODE_01305,-0.73345,9.85016,Tamalagu,Tamale,55,4,15,"Karg et al. 2023, Food_flow_data_v1.csv"
KARG_NODE_01306,-0.73104,9.54829,Nanton,Tamale,41,12,17,"Karg et al. 2023, Food_flow_data_v1.csv"
KARG_NODE_01307,-0.72846,9.33001,Jerigu,Tamale,15,5,7,"Karg et al. 2023, Food_flow_data_v1.csv"
KARG_NODE_01308,-0.72718,9.49851,Nyamandu,Tamale,3,0,3,"Karg et al. 2023, Food_flow_data_v1.csv"
KARG_NODE_01309,-0.72687,9.29617,Dalinbila,Tamale,4,0,4,"Karg et al. 2023, Food_flow_data_v1.csv"
KARG_NODE_01310,-0.72617,9.44559,Kulaa,Tamale,0,2,2,"Karg et al. 2023, Food_flow_data_v1.csv"
KARG_NODE_01311,-0.72519,9.13367,Changbuni (Changbini),Tamale,2,0,2,"Karg et al. 2023, Food_flow_data_v1.csv"
KARG_NODE_01312,-0.7243,9.67021,Zoggo,Tamale,19,10,12,"Karg et al. 2023, Food_flow_data_v1.csv"
KARG_NODE_01313,-0.72265,9.89117,Bagurugu,Tamale,17,0,7,"Karg et al. 2023, Food_flow_data_v1.csv"
KARG_NODE_01314,-0.72179,9.27837,Tangni,Tamale,4,0,4,"Karg et al. 2023, Food_flow_data_v1.csv"
KARG_NODE_01315,-0.72105,9.58487,Gushei (near Tampiong),Tamale,2,0,2,"Karg et al. 2023, Food_flow_data_v1.csv"
KARG_NODE_01316,-0.71988,9.76552,Yapalsi,Tamale,9,16,9,"Karg et al. 2023, Food_flow_data_v1.csv"
KARG_NODE_01317,-0.71431,9.84469,Zankale,Tamale,2,0,2,"Karg et al. 2023, Food_flow_data_v1.csv"
KARG_NODE_01318,-0.71342,9.50766,Chabichabi,Tamale,2,0,2,"Karg et al. 2023, Food_flow_data_v1.csv"
KARG_NODE_01319,-0.70887,9.59437,Zaali,Tamale,1,0,1,"Karg et al. 2023, Food_flow_data_v1.csv"
KARG_NODE_01320,-0.70766,12.13928,Nédogo,Ouagadougou,1,0,1,"Karg et al. 2023, Food_flow_data_v1.csv"
KARG_NODE_01321,-0.70663,9.37473,Pagaza,Tamale,76,1,15,"Karg et al. 2023, Food_flow_data_v1.csv"
KARG_NODE_01322,-0.70646,9.22191,Kpalkuni,Tamale,2,0,2,"Karg et al. 2023, Food_flow_data_v1.csv"
KARG_NODE_01323,-0.7033,9.52313,Kpunduli,Tamale,1,0,1,"Karg et al. 2023, Food_flow_data_v1.csv"
KARG_NODE_01324,-0.70221,9.50958,Gbunnayili,Tamale,1,0,1,"Karg et al. 2023, Food_flow_data_v1.csv"
KARG_NODE_01325,-0.69759,9.29153,Kpegunayili,Tamale,1,0,1,"Karg et al. 2023, Food_flow_data_v1.csv"
KARG_NODE_01326,-0.69688,9.57378,Nagdigu,Tamale,1,0,1,"Karg et al. 2023, Food_flow_data_v1.csv"
KARG_NODE_01327,-0.69335,9.16929,Kpanshegu,Tamale,51,0,9,"Karg et al. 2023, Food_flow_data_v1.csv"
KARG_NODE_01328,-0.69154,9.55128,Chehiyili,Tamale,1,1,2,"Karg et al. 2023, Food_flow_data_v1.csv"
KARG_NODE_01329,-0.68721,9.32904,Cheko,Tamale,8,0,5,"Karg et al. 2023, Food_flow_data_v1.csv"
KARG_NODE_01330,-0.68682,9.19148,Boguyili,Tamale,2,1,2,"Karg et al. 2023, Food_flow_data_v1.csv"
KARG_NODE_01331,-0.68597,9.56226,Sakpali,Tamale,7,0,5,"Karg et al. 2023, Food_flow_data_v1.csv"
KARG_NODE_01332,-0.68577,9.47251,Moya,Tamale,1,0,1,"Karg et al. 2023, Food_flow_data_v1.csv"
KARG_NODE_01333,-0.67352,9.58467,Tampiong Market,Tamale,343,32,26,"Karg et al. 2023, Food_flow_data_v1.csv"
KARG_NODE_01334,-0.67278,9.22884,Tantuya,Tamale,21,0,5,"Karg et al. 2023, Food_flow_data_v1.csv"
KARG_NODE_01335,-0.6719,9.58057,Tampion,Tamale,25,3,10,"Karg et al. 2023, Food_flow_data_v1.csv"
KARG_NODE_01336,-0.6693,9.3857,Zibogo,Tamale,25,0,7,"Karg et al. 2023, Food_flow_data_v1.csv"
KARG_NODE_01337,-0.6688,9.29602,Nyamaliga,Tamale,25,0,7,"Karg et al. 2023, Food_flow_data_v1.csv"
KARG_NODE_01338,-0.667,9.2892,Zuyili,Tamale,2,0,1,"Karg et al. 2023, Food_flow_data_v1.csv"
KARG_NODE_01339,-0.66501,9.34607,Fita,Tamale,24,0,8,"Karg et al. 2023, Food_flow_data_v1.csv"
KARG_NODE_01340,-0.66301,9.37518,Zakariyili,Tamale,9,0,5,"Karg et al. 2023, Food_flow_data_v1.csv"
KARG_NODE_01341,-0.66071,9.69187,Nyeko,Tamale,6,0,5,"Karg et al. 2023, Food_flow_data_v1.csv"
KARG_NODE_01342,-0.64891,8.22857,Yeji,Tamale,0,1,1,"Karg et al. 2023, Food_flow_data_v1.csv"
KARG_NODE_01343,-0.64582,9.35626,Dagoyili,Tamale,1,0,1,"Karg et al. 2023, Food_flow_data_v1.csv"
KARG_NODE_01344,-0.64534,9.00149,Wala,Tamale,0,1,1,"Karg et al. 2023, Food_flow_data_v1.csv"
KARG_NODE_01345,-0.64139,9.65198,Zokuga,Tamale,6,0,4,"Karg et al. 2023, Food_flow_data_v1.csv"
KARG_NODE_01346,-0.63756,9.63802,Nyolugu,Tamale,44,0,9,"Karg et al. 2023, Food_flow_data_v1.csv"
KARG_NODE_01347,-0.63601,9.9649,Pisigu,Tamale,136,22,22,"Karg et al. 2023, Food_flow_data_v1.csv"
KARG_NODE_01348,-0.63487,11.18136,Zabré,Ouagadougou,2,25,9,"Karg et al. 2023, Food_flow_data_v1.csv"
KARG_NODE_01349,-0.63449,10.29513,Kaparigu,Tamale,20,0,7,"Karg et al. 2023, Food_flow_data_v1.csv"
KARG_NODE_01350,-0.62824,9.61089,Chaayili,Tamale,1,0,1,"Karg et al. 2023, Food_flow_data_v1.csv"
KARG_NODE_01351,-0.62787,12.24751,Zorgho,Ouagadougou,65,85,26,"Karg et al. 2023, Food_flow_data_v1.csv"
KARG_NODE_01352,-0.62639,9.34042,Juni,Tamale,13,0,6,"Karg et al. 2023, Food_flow_data_v1.csv"
KARG_NODE_01353,-0.62574,9.17778,Libi,Tamale,12,0,4,"Karg et al. 2023, Food_flow_data_v1.csv"
KARG_NODE_01354,-0.6244,9.26242,Fuu,Tamale,74,30,14,"Karg et al. 2023, Food_flow_data_v1.csv"
KARG_NODE_01355,-0.62357,8.31594,Makango,Tamale,11,0,7,"Karg et al. 2023, Food_flow_data_v1.csv"
KARG_NODE_01356,-0.62137,9.21069,Changni,Tamale,6,12,10,"Karg et al. 2023, Food_flow_data_v1.csv"
KARG_NODE_01357,-0.62133,5.35005,Winneba,Tamale,0,1,1,"Karg et al. 2023, Food_flow_data_v1.csv"
KARG_NODE_01358,-0.62119,9.88176,Nyong,Tamale,42,11,12,"Karg et al. 2023, Food_flow_data_v1.csv"
KARG_NODE_01359,-0.61093,9.04745,Jinlo,Tamale,6,0,3,"Karg et al. 2023, Food_flow_data_v1.csv"
KARG_NODE_01360,-0.60921,9.08678,Banvin,Tamale,1,1,2,"Karg et al. 2023, Food_flow_data_v1.csv"
KARG_NODE_01361,-0.60786,12.76083,Bonam,Ouagadougou,7,1,2,"Karg et al. 2023, Food_flow_data_v1.csv"
KARG_NODE_01362,-0.60436,9.36805,Tugu,Tamale,103,8,14,"Karg et al. 2023, Food_flow_data_v1.csv"
KARG_NODE_01363,-0.59841,13.09764,Tilga,Ouagadougou,1,0,1,"Karg et al. 2023, Food_flow_data_v1.csv"
KARG_NODE_01364,-0.58993,9.42415,Labariga,Tamale,11,1,5,"Karg et al. 2023, Food_flow_data_v1.csv"
KARG_NODE_01365,-0.5885,9.20501,Chanbulugu,Tamale,11,0,6,"Karg et al. 2023, Food_flow_data_v1.csv"
KARG_NODE_01366,-0.58793,11.19201,Beka,Ouagadougou,3,0,3,"Karg et al. 2023, Food_flow_data_v1.csv"
KARG_NODE_01367,-0.58349,11.11757,Youngou,Ouagadougou,0,1,1,"Karg et al. 2023, Food_flow_data_v1.csv"
KARG_NODE_01368,-0.58216,9.29931,Takpili,Tamale,13,0,5,"Karg et al. 2023, Food_flow_data_v1.csv"
KARG_NODE_01369,-0.58167,9.16958,Gbung (Bung),Tamale,10,0,3,"Karg et al. 2023, Food_flow_data_v1.csv"
KARG_NODE_01370,-0.57502,9.21214,Kagburashie,Tamale,2,0,2,"Karg et al. 2023, Food_flow_data_v1.csv"
KARG_NODE_01371,-0.57377,12.66171,Boulsa,Ouagadougou,0,1,1,"Karg et al. 2023, Food_flow_data_v1.csv"
KARG_NODE_01372,-0.57223,9.05232,Kunamville,Tamale,17,5,9,"Karg et al. 2023, Food_flow_data_v1.csv"
KARG_NODE_01373,-0.57094,9.64894,Kpali,Tamale,3,5,6,"Karg et al. 2023, Food_flow_data_v1.csv"
KARG_NODE_01374,-0.57065,9.37736,Tugu Yapalse,Tamale,9,0,3,"Karg et al. 2023, Food_flow_data_v1.csv"
KARG_NODE_01375,-0.56952,9.38059,Yapala,Tamale,21,1,6,"Karg et al. 2023, Food_flow_data_v1.csv"
KARG_NODE_01376,-0.56447,9.62199,Zinindo,Tamale,30,6,10,"Karg et al. 2023, Food_flow_data_v1.csv"
KARG_NODE_01377,-0.56125,10.40346,Langbensi,Tamale,49,0,11,"Karg et al. 2023, Food_flow_data_v1.csv"
KARG_NODE_01378,-0.55385,9.41687,Zuro,Tamale,1,0,1,"Karg et al. 2023, Food_flow_data_v1.csv"
KARG_NODE_01379,-0.55108,9.11188,Kpalbe (Palbe),Tamale,245,7,17,"Karg et al. 2023, Food_flow_data_v1.csv"
KARG_NODE_01380,-0.55071,11.80085,Garango,Ouagadougou,4,15,10,"Karg et al. 2023, Food_flow_data_v1.csv"
KARG_NODE_01381,-0.54971,9.93602,Sung,Tamale,33,10,13,"Karg et al. 2023, Food_flow_data_v1.csv"
KARG_NODE_01382,-0.54533,9.06466,Jerayili,Tamale,0,4,3,"Karg et al. 2023, Food_flow_data_v1.csv"
KARG_NODE_01383,-0.54128,9.28715,Guma,Tamale,0,1,1,"Karg et al. 2023, Food_flow_data_v1.csv"
KARG_NODE_01384,-0.54039,9.35265,Kporo,Tamale,1,0,1,"Karg et al. 2023, Food_flow_data_v1.csv"
KARG_NODE_01385,-0.53779,10.32842,Wundua,Tamale,8,0,6,"Karg et al. 2023, Food_flow_data_v1.csv"
KARG_NODE_01386,-0.53312,9.38772,Botingli,Tamale,5,0,3,"Karg et al. 2023, Food_flow_data_v1.csv"
KARG_NODE_01387,-0.53112,9.51609,Tidjo,Tamale,44,0,9,"Karg et al. 2023, Food_flow_data_v1.csv"
KARG_NODE_01388,-0.52219,11.49771,Bagré,Ouagadougou,30,6,9,"Karg et al. 2023, Food_flow_data_v1.csv"
KARG_NODE_01389,-0.51981,9.66987,Yemo (Karaga district),Tamale,2,0,2,"Karg et al. 2023, Food_flow_data_v1.csv"
KARG_NODE_01390,-0.51965,8.5506,Salaga,Tamale,167,49,24,"Karg et al. 2023, Food_flow_data_v1.csv"
KARG_NODE_01391,-0.51739,9.344,Kpani,Tamale,39,1,6,"Karg et al. 2023, Food_flow_data_v1.csv"
KARG_NODE_01392,-0.51614,9.60772,Bilisinga,Tamale,1,0,1,"Karg et al. 2023, Food_flow_data_v1.csv"
KARG_NODE_01393,-0.51605,9.6433,Kpkpaligu,Tamale,10,2,6,"Karg et al. 2023, Food_flow_data_v1.csv"
KARG_NODE_01394,-0.51309,9.38752,Kpalikori,Tamale,24,0,8,"Karg et al. 2023, Food_flow_data_v1.csv"
KARG_NODE_01395,-0.51265,9.00384,Kpalbusi (Palbusi),Tamale,7,0,3,"Karg et al. 2023, Food_flow_data_v1.csv"
KARG_NODE_01396,-0.51113,9.66825,Yamalkaraga,Tamale,4,0,3,"Karg et al. 2023, Food_flow_data_v1.csv"
KARG_NODE_01397,-0.51023,9.31157,Namvili,Tamale,10,0,4,"Karg et al. 2023, Food_flow_data_v1.csv"
KARG_NODE_01398,-0.50902,9.34964,Kpabia,Tamale,2,1,3,"Karg et al. 2023, Food_flow_data_v1.csv"
KARG_NODE_01399,-0.50707,8.74078,Binjia,Tamale,21,2,6,"Karg et al. 2023, Food_flow_data_v1.csv"
KARG_NODE_01400,-0.50588,9.98291,Zinyee,Tamale,1,0,1,"Karg et al. 2023, Food_flow_data_v1.csv"
KARG_NODE_01401,-0.49101,9.54309,Bogo,Tamale,9,3,9,"Karg et al. 2023, Food_flow_data_v1.csv"
KARG_NODE_01402,-0.48723,5.79713,Adaiso,Tamale,1,0,1,"Karg et al. 2023, Food_flow_data_v1.csv"
KARG_NODE_01403,-0.48299,10.93994,Zebila,Tamale,41,3,13,"Karg et al. 2023, Food_flow_data_v1.csv"
KARG_NODE_01404,-0.48074,9.93877,Tong,Tamale,1,0,1,"Karg et al. 2023, Food_flow_data_v1.csv"
KARG_NODE_01405,-0.48032,9.39817,Jimle,Tamale,252,10,21,"Karg et al. 2023, Food_flow_data_v1.csv"
KARG_NODE_01406,-0.44968,6.04111,Suhum,Tamale,3,7,6,"Karg et al. 2023, Food_flow_data_v1.csv"
KARG_NODE_01407,-0.446,9.80501,Ga,Tamale,4,1,4,"Karg et al. 2023, Food_flow_data_v1.csv"
KARG_NODE_01408,-0.43771,10.53222,Gambaga,Tamale,38,7,11,"Karg et al. 2023, Food_flow_data_v1.csv"
KARG_NODE_01409,-0.43749,5.53256,Kasoa,Tamale,0,4,4,"Karg et al. 2023, Food_flow_data_v1.csv"
KARG_NODE_01410,-0.43501,9.61946,Gariwe,Tamale,75,13,11,"Karg et al. 2023, Food_flow_data_v1.csv"
KARG_NODE_01411,-0.43348,12.18415,Sapaga,Ouagadougou,10,26,14,"Karg et al. 2023, Food_flow_data_v1.csv"
KARG_NODE_01412,-0.43346,9.92261,Karaga,Tamale,170,71,25,"Karg et al. 2023, Food_flow_data_v1.csv"
KARG_NODE_01413,-0.43039,9.34376,Djego,Tamale,3,0,3,"Karg et al. 2023, Food_flow_data_v1.csv"
KARG_NODE_01414,-0.42589,12.24761,Pouytenga,Ouagadougou,115,257,26,"Karg et al. 2023, Food_flow_data_v1.csv"
KARG_NODE_01415,-0.40462,10.04199,Tenyeli,Tamale,1,0,1,"Karg et al. 2023, Food_flow_data_v1.csv"
KARG_NODE_01416,-0.40325,9.6186,Saguli,Tamale,1,0,1,"Karg et al. 2023, Food_flow_data_v1.csv"
KARG_NODE_01417,-0.40072,9.16248,Kpalguni,Tamale,5,0,3,"Karg et al. 2023, Food_flow_data_v1.csv"
KARG_NODE_01418,-0.37017,10.5255,Nalerigu,Tamale,109,26,23,"Karg et al. 2023, Food_flow_data_v1.csv"
KARG_NODE_01419,-0.36832,8.79053,Latinkpa,Tamale,1,0,1,"Karg et al. 2023, Food_flow_data_v1.csv"
KARG_NODE_01420,-0.36724,10.20143,Bagale,Tamale,3,0,2,"Karg et al. 2023, Food_flow_data_v1.csv"
KARG_NODE_01421,-0.36717,9.44056,Kpiljini,Tamale,38,0,7,"Karg et al. 2023, Food_flow_data_v1.csv"
KARG_NODE_01422,-0.36529,11.78366,Tenkodogo,Ouagadougou,87,23,17,"Karg et al. 2023, Food_flow_data_v1.csv"
KARG_NODE_01423,-0.3541,12.8525,Bagandé,Ouagadougou,2,3,4,"Karg et al. 2023, Food_flow_data_v1.csv"
KARG_NODE_01424,-0.35239,10.47184,Nagbo,Tamale,1,0,1,"Karg et al. 2023, Food_flow_data_v1.csv"
KARG_NODE_01425,-0.35104,12.17858,Koupéla,Ouagadougou,54,135,21,"Karg et al. 2023, Food_flow_data_v1.csv"
KARG_NODE_01426,-0.34578,5.81438,Nsawam,Tamale,1,3,4,"Karg et al. 2023, Food_flow_data_v1.csv"
KARG_NODE_01427,-0.32529,9.4151,Salkpang,Tamale,4,0,2,"Karg et al. 2023, Food_flow_data_v1.csv"
KARG_NODE_01428,-0.32459,13.46607,Taparko,Ouagadougou,2,0,1,"Karg et al. 2023, Food_flow_data_v1.csv"
KARG_NODE_01429,-0.32328,9.46156,Segbasi,Tamale,8,0,4,"Karg et al. 2023, Food_flow_data_v1.csv"
KARG_NODE_01430,-0.31147,10.13704,Zandua,Tamale,5,0,4,"Karg et al. 2023, Food_flow_data_v1.csv"
KARG_NODE_01431,-0.30702,10.97052,Binduri,Tamale,2,0,2,"Karg et al. 2023, Food_flow_data_v1.csv"
KARG_NODE_01432,-0.30626,11.25895,Bitou,Ouagadougou,19,5,10,"Karg et al. 2023, Food_flow_data_v1.csv"
KARG_NODE_01433,-0.30292,8.31003,Sabonjida,Tamale,2,19,9,"Karg et al. 2023, Food_flow_data_v1.csv"
KARG_NODE_01434,-0.27939,9.41217,Sang,Tamale,103,20,19,"Karg et al. 2023, Food_flow_data_v1.csv"
KARG_NODE_01435,-0.27464,10.57841,Sakogu,Tamale,4,0,1,"Karg et al. 2023, Food_flow_data_v1.csv"
KARG_NODE_01436,-0.27111,9.5768,Sekpe,Tamale,9,2,6,"Karg et al. 2023, Food_flow_data_v1.csv"
KARG_NODE_01437,-0.26737,6.11044,Koforidua,Tamale,21,16,10,"Karg et al. 2023, Food_flow_data_v1.csv"
KARG_NODE_01438,-0.26681,12.03416,Bologo,Ouagadougou,1,0,1,"Karg et al. 2023, Food_flow_data_v1.csv"
KARG_NODE_01439,-0.24314,5.5759,Kaneshie (Accra),Tamale,1,0,1,"Karg et al. 2023, Food_flow_data_v1.csv"
KARG_NODE_01440,-0.24228,11.06076,Bawku,Tamale,555,213,36,"Karg et al. 2023, Food_flow_data_v1.csv"
KARG_NODE_01441,-0.23764,9.26226,Kpabiya,Tamale,211,16,15,"Karg et al. 2023, Food_flow_data_v1.csv"
KARG_NODE_01442,-0.2301,14.44339,Gorom-Gorom,Ouagadougou,1,19,5,"Karg et al. 2023, Food_flow_data_v1.csv"
KARG_NODE_01443,-0.21911,9.92303,Gushiago,Tamale,249,40,27,"Karg et al. 2023, Food_flow_data_v1.csv"
KARG_NODE_01444,-0.21681,11.78419,Kampoaga,Ouagadougou,1,0,1,"Karg et al. 2023, Food_flow_data_v1.csv"
KARG_NODE_01445,-0.2139,13.25735,Manni,Ouagadougou,5,3,5,"Karg et al. 2023, Food_flow_data_v1.csv"
KARG_NODE_01446,-0.20837,11.15497,Kulungugu,Tamale,7,0,1,"Karg et al. 2023, Food_flow_data_v1.csv"
KARG_NODE_01447,-0.20574,5.56001,Accra,Tamale,150,2394,37,"Karg et al. 2023, Food_flow_data_v1.csv"
KARG_NODE_01448,-0.20204,13.4784,Bonsiega,Ouagadougou,1,0,1,"Karg et al. 2023, Food_flow_data_v1.csv"
KARG_NODE_01449,-0.19966,10.16648,Gbenjaga,Tamale,0,8,8,"Karg et al. 2023, Food_flow_data_v1.csv"
KARG_NODE_01450,-0.18898,9.75494,Kpatinga,Tamale,97,14,19,"Karg et al. 2023, Food_flow_data_v1.csv"
KARG_NODE_01451,-0.18505,5.5198,Accra (Ghana),Ouagadougou,16,79,12,"Karg et al. 2023, Food_flow_data_v1.csv"
KARG_NODE_01452,-0.18011,10.63219,Nakpanduri,Tamale,47,1,9,"Karg et al. 2023, Food_flow_data_v1.csv"
KARG_NODE_01453,-0.17593,10.85322,Garu,Tamale,51,6,13,"Karg et al. 2023, Food_flow_data_v1.csv"
KARG_NODE_01454,-0.16346,10.47979,Bunbon,Tamale,3,0,3,"Karg et al. 2023, Food_flow_data_v1.csv"
KARG_NODE_01455,-0.15718,11.07814,Pusiga,Tamale,3,1,2,"Karg et al. 2023, Food_flow_data_v1.csv"
KARG_NODE_01456,-0.14536,9.84678,Gbogu,Tamale,3,0,3,"Karg et al. 2023, Food_flow_data_v1.csv"
KARG_NODE_01457,-0.14469,9.58616,Sanguli,Tamale,1,0,1,"Karg et al. 2023, Food_flow_data_v1.csv"
KARG_NODE_01458,-0.14342,12.97706,Bogand,Ouagadougou,2,2,3,"Karg et al. 2023, Food_flow_data_v1.csv"
KARG_NODE_01459,-0.1381,8.69648,Chamba,Tamale,30,0,4,"Karg et al. 2023, Food_flow_data_v1.csv"
KARG_NODE_01460,-0.13264,12.71105,Pila,Ouagadougou,1,4,3,"Karg et al. 2023, Food_flow_data_v1.csv"
KARG_NODE_01461,-0.11799,9.11368,Nakpa,Tamale,5,0,3,"Karg et al. 2023, Food_flow_data_v1.csv"
KARG_NODE_01462,-0.11682,9.41085,Sambu,Tamale,90,2,13,"Karg et al. 2023, Food_flow_data_v1.csv"
KARG_NODE_01463,-0.11681,12.91743,Ouadangou,Ouagadougou,3,1,3,"Karg et al. 2023, Food_flow_data_v1.csv"
KARG_NODE_01464,-0.11656,10.90057,Gagbiri,Tamale,0,1,1,"Karg et al. 2023, Food_flow_data_v1.csv"
KARG_NODE_01465,-0.09666,10.30823,Gbintiri,Tamale,3,0,3,"Karg et al. 2023, Food_flow_data_v1.csv"
KARG_NODE_01466,-0.09243,8.29665,Banda,Tamale,8,0,2,"Karg et al. 2023, Food_flow_data_v1.csv"
KARG_NODE_01467,-0.07808,10.88939,Warinyaga,Tamale,3,0,3,"Karg et al. 2023, Food_flow_data_v1.csv"
KARG_NODE_01468,-0.04124,16.27881,Gao,Bamako,17,27,13,"Karg et al. 2023, Food_flow_data_v1.csv"
KARG_NODE_01469,-0.0326,14.03498,Dori,Ouagadougou,81,184,16,"Karg et al. 2023, Food_flow_data_v1.csv"
KARG_NODE_01470,-0.02559,9.5443,Sakpeigu,Tamale,150,0,13,"Karg et al. 2023, Food_flow_data_v1.csv"
KARG_NODE_01471,-0.01852,8.99781,Makayili,Tamale,4,0,2,"Karg et al. 2023, Food_flow_data_v1.csv"
KARG_NODE_01472,-0.01483,6.10482,Somanya,Tamale,0,10,2,"Karg et al. 2023, Food_flow_data_v1.csv"
KARG_NODE_01473,-0.01165,8.92999,Pusuga,Tamale,13,0,7,"Karg et al. 2023, Food_flow_data_v1.csv"
KARG_NODE_01474,-0.01037,5.65101,Tema (Ghana),Ouagadougou,17,7,4,"Karg et al. 2023, Food_flow_data_v1.csv"
KARG_NODE_01475,-0.01015,8.46394,Kpandae,Tamale,5,0,1,"Karg et al. 2023, Food_flow_data_v1.csv"
KARG_NODE_01476,-0.01009,5.65988,Tema,Tamale,134,102,23,"Karg et al. 2023, Food_flow_data_v1.csv"
KARG_NODE_01477,-0.00963,9.43901,Yendi,Tamale,758,68,32,"Karg et al. 2023, Food_flow_data_v1.csv"
KARG_NODE_01478,-0.00532,9.30966,Kpachiyili,Tamale,4,4,4,"Karg et al. 2023, Food_flow_data_v1.csv"
KARG_NODE_01479,-0.00521,8.55304,Lungni,Tamale,1,0,1,"Karg et al. 2023, Food_flow_data_v1.csv"
KARG_NODE_01480,0.00105,9.111,Binchera,Tamale,26,0,4,"Karg et al. 2023, Food_flow_data_v1.csv"
KARG_NODE_01481,0.00128,8.65473,Wulensi,Tamale,20,0,4,"Karg et al. 2023, Food_flow_data_v1.csv"
KARG_NODE_01482,0.00868,11.11645,Cinkansé,Ouagadougou,26,11,16,"Karg et al. 2023, Food_flow_data_v1.csv"
KARG_NODE_01483,0.01693,9.30277,Adibo,Tamale,17,0,2,"Karg et al. 2023, Food_flow_data_v1.csv"
KARG_NODE_01484,0.01782,9.28278,Nakpachei,Tamale,9,0,1,"Karg et al. 2023, Food_flow_data_v1.csv"
KARG_NODE_01485,0.01957,9.17919,Lanja,Tamale,5,0,1,"Karg et al. 2023, Food_flow_data_v1.csv"
KARG_NODE_01486,0.02483,9.20994,Bokpaba,Tamale,5,0,1,"Karg et al. 2023, Food_flow_data_v1.csv"
KARG_NODE_01487,0.03537,14.64151,Markoye,Ouagadougou,0,10,5,"Karg et al. 2023, Food_flow_data_v1.csv"
KARG_NODE_01488,0.05204,6.26986,Akosomobo,Tamale,2,0,1,"Karg et al. 2023, Food_flow_data_v1.csv"
KARG_NODE_01489,0.0545,8.75434,Nakpayili,Tamale,59,0,6,"Karg et al. 2023, Food_flow_data_v1.csv"
KARG_NODE_01490,0.0557,8.85934,Bimbila,Tamale,117,9,16,"Karg et al. 2023, Food_flow_data_v1.csv"
KARG_NODE_01491,0.05719,11.50472,Ouargaye,Ouagadougou,15,68,19,"Karg et al. 2023, Food_flow_data_v1.csv"
KARG_NODE_01492,0.05736,12.16999,Tibga,Ouagadougou,5,2,6,"Karg et al. 2023, Food_flow_data_v1.csv"
KARG_NODE_01493,0.05797,6.15567,Kpong,Tamale,2,0,2,"Karg et al. 2023, Food_flow_data_v1.csv"
KARG_NODE_01494,0.09658,10.51824,Bunkpurugu,Tamale,50,11,13,"Karg et al. 2023, Food_flow_data_v1.csv"
KARG_NODE_01495,0.10353,9.73767,Wapuli,Tamale,3,0,3,"Karg et al. 2023, Food_flow_data_v1.csv"
KARG_NODE_01496,0.11173,5.71181,Prampram,Tamale,0,2,1,"Karg et al. 2023, Food_flow_data_v1.csv"
KARG_NODE_01497,0.13525,6.2545,Juapong,Tamale,0,1,1,"Karg et al. 2023, Food_flow_data_v1.csv"
KARG_NODE_01498,0.19926,9.35254,Ghani,Tamale,9,0,1,"Karg et al. 2023, Food_flow_data_v1.csv"
KARG_NODE_01499,0.25897,9.27997,Sabari,Tamale,10,0,1,"Karg et al. 2023, Food_flow_data_v1.csv"
KARG_NODE_01500,0.26494,9.49859,Gbong,Tamale,1,0,1,"Karg et al. 2023, Food_flow_data_v1.csv"
KARG_NODE_01501,0.28471,6.85642,Vakpo,Tamale,1,0,1,"Karg et al. 2023, Food_flow_data_v1.csv"
KARG_NODE_01502,0.29119,10.13981,Chereponi,Tamale,30,12,15,"Karg et al. 2023, Food_flow_data_v1.csv"
KARG_NODE_01503,0.29376,7.14012,Nyanto,Tamale,7,0,4,"Karg et al. 2023, Food_flow_data_v1.csv"
KARG_NODE_01504,0.29446,6.99643,Kpandu,Tamale,6,0,5,"Karg et al. 2023, Food_flow_data_v1.csv"
KARG_NODE_01505,0.30564,6.57053,Tsito,Tamale,2,0,1,"Karg et al. 2023, Food_flow_data_v1.csv"
KARG_NODE_01506,0.31114,8.49109,Kpasa,Tamale,31,0,9,"Karg et al. 2023, Food_flow_data_v1.csv"
KARG_NODE_01507,0.31664,9.70487,Saboba,Tamale,10,0,3,"Karg et al. 2023, Food_flow_data_v1.csv"
KARG_NODE_01508,0.31987,8.98191,Nakpalli,Tamale,2,0,1,"Karg et al. 2023, Food_flow_data_v1.csv"
KARG_NODE_01509,0.36074,12.05556,Fada N'Gourma,Ouagadougou,103,75,22,"Karg et al. 2023, Food_flow_data_v1.csv"
KARG_NODE_01510,0.36257,8.94852,Kubalim,Tamale,3,0,1,"Karg et al. 2023, Food_flow_data_v1.csv"
KARG_NODE_01511,0.36706,9.29405,Zabzugu,Tamale,418,20,20,"Karg et al. 2023, Food_flow_data_v1.csv"
KARG_NODE_01512,0.40761,8.40059,Bonakye,Tamale,1,0,1,"Karg et al. 2023, Food_flow_data_v1.csv"
KARG_NODE_01513,0.46889,6.61265,Ho,Tamale,2,6,3,"Karg et al. 2023, Food_flow_data_v1.csv"
KARG_NODE_01514,0.47773,7.15318,Hohoe,Tamale,0,7,1,"Karg et al. 2023, Food_flow_data_v1.csv"
KARG_NODE_01515,0.48799,12.65092,Gayri,Ouagadougou,0,1,1,"Karg et al. 2023, Food_flow_data_v1.csv"
KARG_NODE_01516,0.52142,8.26269,Nkwanta,Tamale,9,1,3,"Karg et al. 2023, Food_flow_data_v1.csv"
KARG_NODE_01517,0.55766,9.38002,Tatale,Tamale,92,1,9,"Karg et al. 2023, Food_flow_data_v1.csv"
KARG_NODE_01518,0.58932,11.27006,Kompiembiga,Ouagadougou,8,2,6,"Karg et al. 2023, Food_flow_data_v1.csv"
KARG_NODE_01519,0.59211,13.10724,Babonga,Ouagadougou,2,0,2,"Karg et al. 2023, Food_flow_data_v1.csv"
KARG_NODE_01520,0.59988,12.0175,Namoungou,Ouagadougou,1,0,1,"Karg et al. 2023, Food_flow_data_v1.csv"
KARG_NODE_01521,0.72325,11.08209,Pama,Ouagadougou,3,0,2,"Karg et al. 2023, Food_flow_data_v1.csv"
KARG_NODE_01522,1.05354,8.73719,Togo,Ouagadougou,48,15,14,"Karg et al. 2023, Food_flow_data_v1.csv"
KARG_NODE_01523,1.12406,7.04548,Togo,Tamale,6,1,7,"Karg et al. 2023, Food_flow_data_v1.csv"
KARG_NODE_01524,1.19238,6.11644,Aflao,Tamale,0,3,1,"Karg et al. 2023, Food_flow_data_v1.csv"
KARG_NODE_01525,1.20953,6.11583,Lomé (Togo),Ouagadougou,125,15,17,"Karg et al. 2023, Food_flow_data_v1.csv"
KARG_NODE_01526,1.51198,12.47978,Kantchari,Ouagadougou,6,6,7,"Karg et al. 2023, Food_flow_data_v1.csv"
KARG_NODE_01527,1.66829,12.41414,Toubouri,Ouagadougou,2,0,2,"Karg et al. 2023, Food_flow_data_v1.csv"
KARG_NODE_01528,1.69907,11.8614,Namounou,Ouagadougou,2,2,4,"Karg et al. 2023, Food_flow_data_v1.csv"
KARG_NODE_01529,1.78813,12.07204,Diapaga,Ouagadougou,2,6,5,"Karg et al. 2023, Food_flow_data_v1.csv"
KARG_NODE_01530,2.11109,13.52001,Niamey (Niger),Ouagadougou,20,144,20,"Karg et al. 2023, Food_flow_data_v1.csv"
KARG_NODE_01531,2.15952,13.36915,Niamey,Tamale,16,0,2,"Karg et al. 2023, Food_flow_data_v1.csv"
KARG_NODE_01532,2.23194,9.09345,Benin,Ouagadougou,11,55,10,"Karg et al. 2023, Food_flow_data_v1.csv"
KARG_NODE_01533,2.42585,6.36465,Cotonou (Benin),Ouagadougou,49,11,12,"Karg et al. 2023, Food_flow_data_v1.csv"
KARG_NODE_01534,2.52766,13.30653,Niger,Tamale,456,46,17,"Karg et al. 2023, Food_flow_data_v1.csv"
KARG_NODE_01535,2.62667,9.34432,Parakou (Benin),Ouagadougou,0,12,1,"Karg et al. 2023, Food_flow_data_v1.csv"
KARG_NODE_01536,2.8115,13.6499,Niger,Ouagadougou,174,87,18,"Karg et al. 2023, Food_flow_data_v1.csv"
KARG_NODE_01537,3.25839,33.40197,Algeria,Bamako,1,0,1,"Karg et al. 2023, Food_flow_data_v1.csv"
KARG_NODE_01538,3.35046,6.56934,Lagos (Nigeria),Bamako,0,2,1,"Karg et al. 2023, Food_flow_data_v1.csv"
KARG_NODE_01539,6.03185,10.27316,Nigeria,Bamako,4,8,4,"Karg et al. 2023, Food_flow_data_v1.csv"
KARG_NODE_01540,6.41587,7.07534,Nigeria,Bamenda,21,1,4,"Karg et al. 2023, Food_flow_data_v1.csv"
KARG_NODE_01541,7.1016,13.50362,Maradi,Tamale,0,2,1,"Karg et al. 2023, Food_flow_data_v1.csv"
KARG_NODE_01542,7.28539,8.57446,Nigeria,Tamale,1,0,1,"Karg et al. 2023, Food_flow_data_v1.csv"
KARG_NODE_01543,7.42577,9.05443,Abuja (Nigeria),Bamako,0,2,1,"Karg et al. 2023, Food_flow_data_v1.csv"
KARG_NODE_01544,7.50366,6.44598,Enugu,Bamenda,2,0,2,"Karg et al. 2023, Food_flow_data_v1.csv"
KARG_NODE_01545,8.85391,5.80664,Ekok,Bamenda,99,33,21,"Karg et al. 2023, Food_flow_data_v1.csv"
KARG_NODE_01546,9.20706,4.01029,Limbé,Bamenda,69,269,28,"Karg et al. 2023, Food_flow_data_v1.csv"
KARG_NODE_01547,9.23158,4.15682,Buea,Bamenda,43,547,33,"Karg et al. 2023, Food_flow_data_v1.csv"
KARG_NODE_01548,9.30267,4.16031,Muea,Bamenda,7,3,7,"Karg et al. 2023, Food_flow_data_v1.csv"
KARG_NODE_01549,9.31521,5.75277,Mamfé,Bamenda,243,221,30,"Karg et al. 2023, Food_flow_data_v1.csv"
KARG_NODE_01550,9.31687,4.08971,Mutengene,Bamenda,8,124,26,"Karg et al. 2023, Food_flow_data_v1.csv"
KARG_NODE_01551,9.32173,4.67977,Bekondo,Bamenda,3,0,1,"Karg et al. 2023, Food_flow_data_v1.csv"
KARG_NODE_01552,9.33778,4.22765,Ekona,Bamenda,5,0,2,"Karg et al. 2023, Food_flow_data_v1.csv"
KARG_NODE_01553,9.36493,4.07543,Tiko,Bamenda,26,148,27,"Karg et al. 2023, Food_flow_data_v1.csv"
KARG_NODE_01554,9.40772,4.28621,Muyuka,Bamenda,58,145,26,"Karg et al. 2023, Food_flow_data_v1.csv"
KARG_NODE_01555,9.44094,4.63784,Kumba,Bamenda,122,693,33,"Karg et al. 2023, Food_flow_data_v1.csv"
KARG_NODE_01556,9.53988,6.38293,Akwaya,Bamenda,1,0,1,"Karg et al. 2023, Food_flow_data_v1.csv"
KARG_NODE_01557,9.5657,4.49908,Mbanga,Bamenda,7,45,15,"Karg et al. 2023, Food_flow_data_v1.csv"
KARG_NODE_01558,9.61585,4.23142,Souza,Bamenda,0,8,7,"Karg et al. 2023, Food_flow_data_v1.csv"
KARG_NODE_01559,9.66253,4.58803,Njombe,Bamenda,4,2,4,"Karg et al. 2023, Food_flow_data_v1.csv"
KARG_NODE_01560,9.66497,4.08221,Bonaberi,Bamenda,3,37,13,"Karg et al. 2023, Food_flow_data_v1.csv"
KARG_NODE_01561,9.66911,4.75002,Tombel,Bamenda,3,2,5,"Karg et al. 2023, Food_flow_data_v1.csv"
KARG_NODE_01562,9.69287,4.02563,Bonapriso (Douala),Bamenda,0,11,8,"Karg et al. 2023, Food_flow_data_v1.csv"
KARG_NODE_01563,9.70576,4.03148,New Bell,Bamenda,2,4,5,"Karg et al. 2023, Food_flow_data_v1.csv"
KARG_NODE_01564,9.7062,4.04297,Douala,Bamenda,190,1709,39,"Karg et al. 2023, Food_flow_data_v1.csv"
KARG_NODE_01565,9.71586,5.9884,Menka,Bamenda,4,0,4,"Karg et al. 2023, Food_flow_data_v1.csv"
KARG_NODE_01566,9.72244,4.72099,Loum,Bamenda,3,7,9,"Karg et al. 2023, Food_flow_data_v1.csv"
KARG_NODE_01567,9.72829,5.74329,Kendem,Bamenda,10,0,3,"Karg et al. 2023, Food_flow_data_v1.csv"
KARG_NODE_01568,9.76036,5.883,Befang,Bamenda,29,1,16,"Karg et al. 2023, Food_flow_data_v1.csv"
KARG_NODE_01569,9.76844,5.86348,Widekum,Bamenda,206,95,24,"Karg et al. 2023, Food_flow_data_v1.csv"
KARG_NODE_01570,9.78332,5.80826,Mobang,Bamenda,0,1,1,"Karg et al. 2023, Food_flow_data_v1.csv"
KARG_NODE_01571,9.79255,5.88792,Bamben,Bamenda,1,0,1,"Karg et al. 2023, Food_flow_data_v1.csv"
KARG_NODE_01572,9.81169,5.79779,Angie,Bamenda,27,14,14,"Karg et al. 2023, Food_flow_data_v1.csv"
KARG_NODE_01573,9.82298,4.84744,Manjo,Bamenda,0,4,4,"Karg et al. 2023, Food_flow_data_v1.csv"
KARG_NODE_01574,9.83186,6.11777,Njikwa,Bamenda,33,13,17,"Karg et al. 2023, Food_flow_data_v1.csv"
KARG_NODE_01575,9.83518,5.82881,Nen,Bamenda,0,1,1,"Karg et al. 2023, Food_flow_data_v1.csv"
KARG_NODE_01576,9.84491,5.96643,Banatu,Bamenda,3,0,3,"Karg et al. 2023, Food_flow_data_v1.csv"
KARG_NODE_01577,9.84729,5.80468,Akulabei,Bamenda,0,1,1,"Karg et al. 2023, Food_flow_data_v1.csv"
KARG_NODE_01578,9.85094,5.77496,Efa,Bamenda,6,0,5,"Karg et al. 2023, Food_flow_data_v1.csv"
KARG_NODE_01579,9.85347,5.48766,Fontem,Bamenda,1,9,6,"Karg et al. 2023, Food_flow_data_v1.csv"
KARG_NODE_01580,9.8657,6.12644,Oshie,Bamenda,15,9,15,"Karg et al. 2023, Food_flow_data_v1.csv"
KARG_NODE_01581,9.88925,5.83761,Batibo,Bamenda,414,113,29,"Karg et al. 2023, Food_flow_data_v1.csv"
KARG_NODE_01582,9.91166,5.97135,Ngwokwong,Bamenda,2,0,2,"Karg et al. 2023, Food_flow_data_v1.csv"
KARG_NODE_01583,9.9127,2.94341,Kribi,Bamenda,0,12,8,"Karg et al. 2023, Food_flow_data_v1.csv"
KARG_NODE_01584,9.9173,6.41353,Benakuma,Bamenda,31,11,16,"Karg et al. 2023, Food_flow_data_v1.csv"
KARG_NODE_01585,9.93339,5.83808,Guzang,Bamenda,105,3,12,"Karg et al. 2023, Food_flow_data_v1.csv"
KARG_NODE_01586,9.93917,4.95251,Nkongsamba,Bamenda,4,28,14,"Karg et al. 2023, Food_flow_data_v1.csv"
KARG_NODE_01587,9.94457,5.99011,Acha Tugi,Bamenda,5,23,16,"Karg et al. 2023, Food_flow_data_v1.csv"
KARG_NODE_01588,9.94915,5.12158,Melong,Bamenda,43,17,15,"Karg et al. 2023, Food_flow_data_v1.csv"
KARG_NODE_01589,9.95004,5.95159,Ntah Etuh,Bamenda,2,1,3,"Karg et al. 2023, Food_flow_data_v1.csv"
KARG_NODE_01590,9.96308,5.99285,Njindom,Bamenda,6,1,6,"Karg et al. 2023, Food_flow_data_v1.csv"
KARG_NODE_01591,9.97601,5.28155,Santchou,Bamenda,1,0,1,"Karg et al. 2023, Food_flow_data_v1.csv"
KARG_NODE_01592,9.98106,6.00912,Tugi (Momo),Bamenda,3,0,2,"Karg et al. 2023, Food_flow_data_v1.csv"
KARG_NODE_01593,10.00256,5.97373,Bome,Bamenda,0,1,1,"Karg et al. 2023, Food_flow_data_v1.csv"
KARG_NODE_01594,10.01103,5.8879,Bali,Bamenda,745,235,32,"Karg et al. 2023, Food_flow_data_v1.csv"
KARG_NODE_01595,10.01384,6.00322,Mbengwi,Bamenda,369,304,31,"Karg et al. 2023, Food_flow_data_v1.csv"
KARG_NODE_01596,10.02914,6.73553,Menchum,Bamenda,48,5,12,"Karg et al. 2023, Food_flow_data_v1.csv"
KARG_NODE_01597,10.04608,5.95686,Ngembo,Bamenda,10,20,15,"Karg et al. 2023, Food_flow_data_v1.csv"
KARG_NODE_01598,10.05329,5.44698,Dschang,Bamenda,33,97,21,"Karg et al. 2023, Food_flow_data_v1.csv"
KARG_NODE_01599,10.06156,6.22004,Obang,Bamenda,1,0,1,"Karg et al. 2023, Food_flow_data_v1.csv"
KARG_NODE_01600,10.06546,5.78666,Pinyin,Bamenda,51,2,14,"Karg et al. 2023, Food_flow_data_v1.csv"
KARG_NODE_01601,10.07664,6.3878,Wum,Bamenda,403,130,31,"Karg et al. 2023, Food_flow_data_v1.csv"
KARG_NODE_01602,10.08892,5.84967,Mbu,Bamenda,1,1,2,"Karg et al. 2023, Food_flow_data_v1.csv"
KARG_NODE_01603,10.09467,6.57212,Essu,Bamenda,27,1,16,"Karg et al. 2023, Food_flow_data_v1.csv"
KARG_NODE_01604,10.09826,5.98155,Alabukam (Mankon),Bamenda,4,0,4,"Karg et al. 2023, Food_flow_data_v1.csv"
KARG_NODE_01605,10.10389,6.00563,Mankon,Bamenda,99,71,23,"Karg et al. 2023, Food_flow_data_v1.csv"
KARG_NODE_01606,10.10802,5.86561,Baba,Bamenda,65,2,13,"Karg et al. 2023, Food_flow_data_v1.csv"
KARG_NODE_01607,10.11084,6.45541,Weh,Bamenda,14,0,7,"Karg et al. 2023, Food_flow_data_v1.csv"
KARG_NODE_01608,10.11233,6.13952,Manta,Bamenda,1,1,2,"Karg et al. 2023, Food_flow_data_v1.csv"
KARG_NODE_01609,10.11395,6.09072,Bafut,Bamenda,467,397,33,"Karg et al. 2023, Food_flow_data_v1.csv"
KARG_NODE_01610,10.11662,6.16457,Wi,Bamenda,1,0,1,"Karg et al. 2023, Food_flow_data_v1.csv"
KARG_NODE_01611,10.12451,5.9292,Nsongwa (Bamenda),Bamenda,3,0,3,"Karg et al. 2023, Food_flow_data_v1.csv"
KARG_NODE_01612,10.12656,3.79901,Edéa,Bamenda,5,11,11,"Karg et al. 2023, Food_flow_data_v1.csv"
KARG_NODE_01613,10.12715,5.9758,Nchubuh Market (Bamenda),Bamenda,3,10,8,"Karg et al. 2023, Food_flow_data_v1.csv"
KARG_NODE_01614,10.12863,5.9624,Alakuma,Bamenda,0,6,5,"Karg et al. 2023, Food_flow_data_v1.csv"
KARG_NODE_01615,10.13117,5.90319,Mboutou,Bamenda,0,1,1,"Karg et al. 2023, Food_flow_data_v1.csv"
KARG_NODE_01616,10.13144,6.00716,Mankon Market / Mile 8 Park Market (Bamenda),Bamenda,20,90,21,"Karg et al. 2023, Food_flow_data_v1.csv"
KARG_NODE_01617,10.13199,6.00558,Mile 8 (Wum park),Bamenda,10,0,7,"Karg et al. 2023, Food_flow_data_v1.csv"
KARG_NODE_01618,10.14184,5.96805,Ntarikon (Bamenda),Bamenda,34,94,16,"Karg et al. 2023, Food_flow_data_v1.csv"
KARG_NODE_01619,10.14339,5.96862,Ntarikon Market (Bamenda),Bamenda,50,126,29,"Karg et al. 2023, Food_flow_data_v1.csv"
KARG_NODE_01620,10.14383,5.95316,Azire Old Church,Bamenda,0,24,10,"Karg et al. 2023, Food_flow_data_v1.csv"
KARG_NODE_01621,10.14585,5.95351,Moghamo Agency (Bamenda),Bamenda,14,0,5,"Karg et al. 2023, Food_flow_data_v1.csv"
KARG_NODE_01622,10.1481,6.97967,Nangwa,Bamenda,0,1,1,"Karg et al. 2023, Food_flow_data_v1.csv"
KARG_NODE_01623,10.14824,5.95804,Food Market (Bamenda),Bamenda,1683,2007,39,"Karg et al. 2023, Food_flow_data_v1.csv"
KARG_NODE_01624,10.14838,5.87867,Alatening,Bamenda,0,2,1,"Karg et al. 2023, Food_flow_data_v1.csv"
KARG_NODE_01625,10.14991,5.95195,Meta Quarter,Bamenda,70,4,16,"Karg et al. 2023, Food_flow_data_v1.csv"
KARG_NODE_01626,10.15122,5.95377,Main Market (Bamenda),Bamenda,95,85,27,"Karg et al. 2023, Food_flow_data_v1.csv"
KARG_NODE_01627,10.15151,5.95553,Commercial Avenue,Bamenda,43,4,8,"Karg et al. 2023, Food_flow_data_v1.csv"
KARG_NODE_01628,10.15165,5.96141,Bamenda (unspecified),Bamenda,3177,3370,40,"Karg et al. 2023, Food_flow_data_v1.csv"
KARG_NODE_01629,10.15232,5.96144,Vatican Agency (Bamenda),Bamenda,2,7,4,"Karg et al. 2023, Food_flow_data_v1.csv"
KARG_NODE_01630,10.15279,5.97923,Mulang,Bamenda,0,10,8,"Karg et al. 2023, Food_flow_data_v1.csv"
KARG_NODE_01631,10.1564,5.88769,Akum,Bamenda,255,43,25,"Karg et al. 2023, Food_flow_data_v1.csv"
KARG_NODE_01632,10.15833,5.96334,Bamenda Old Town,Bamenda,44,4,15,"Karg et al. 2023, Food_flow_data_v1.csv"
KARG_NODE_01633,10.15909,5.77437,Matazem,Bamenda,0,3,3,"Karg et al. 2023, Food_flow_data_v1.csv"
KARG_NODE_01634,10.1619,5.99325,Ntasen (Bamenda),Bamenda,7,4,10,"Karg et al. 2023, Food_flow_data_v1.csv"
KARG_NODE_01635,10.16224,5.98033,Below Foncha Market (Bamenda),Bamenda,4,2,6,"Karg et al. 2023, Food_flow_data_v1.csv"
KARG_NODE_01636,10.16252,5.79616,Santa,Bamenda,1441,259,37,"Karg et al. 2023, Food_flow_data_v1.csv"
KARG_NODE_01637,10.16476,5.96157,Ghana Street,Bamenda,15,2,12,"Karg et al. 2023, Food_flow_data_v1.csv"
KARG_NODE_01638,10.16622,5.95149,Up station (Bamenda),Bamenda,18,53,21,"Karg et al. 2023, Food_flow_data_v1.csv"
KARG_NODE_01639,10.16629,5.96324,Cow Street,Bamenda,17,6,11,"Karg et al. 2023, Food_flow_data_v1.csv"
KARG_NODE_01640,10.16755,5.96132,Mobil (Bamenda),Bamenda,81,309,29,"Karg et al. 2023, Food_flow_data_v1.csv"
KARG_NODE_01641,10.16885,5.96162,Nkwen Market (Bamenda),Bamenda,409,621,38,"Karg et al. 2023, Food_flow_data_v1.csv"
KARG_NODE_01642,10.16947,5.97357,Bayele (Bamenda),Bamenda,4,0,4,"Karg et al. 2023, Food_flow_data_v1.csv"
KARG_NODE_01643,10.16955,5.96576,Mile 2 Junction (Bamenda),Bamenda,27,51,18,"Karg et al. 2023, Food_flow_data_v1.csv"
KARG_NODE_01644,10.17155,5.96769,Amour Mezam Agency (Bamenda),Bamenda,25,212,22,"Karg et al. 2023, Food_flow_data_v1.csv"
KARG_NODE_01645,10.17503,6.54254,Mekaf,Bamenda,3,0,3,"Karg et al. 2023, Food_flow_data_v1.csv"
KARG_NODE_01646,10.17975,5.15866,Bafang,Bamenda,19,7,11,"Karg et al. 2023, Food_flow_data_v1.csv"
KARG_NODE_01647,10.17985,6.39521,Achaf,Bamenda,3,35,16,"Karg et al. 2023, Food_flow_data_v1.csv"
KARG_NODE_01648,10.18311,5.97361,Bafreng (Bamenda),Bamenda,1,0,1,"Karg et al. 2023, Food_flow_data_v1.csv"
KARG_NODE_01649,10.18465,5.99374,Mile 4 Park Market (Bamenda),Bamenda,49,775,29,"Karg et al. 2023, Food_flow_data_v1.csv"
KARG_NODE_01650,10.18537,5.99092,Mile 4 junction (Bamenda),Bamenda,34,67,18,"Karg et al. 2023, Food_flow_data_v1.csv"
KARG_NODE_01651,10.18656,5.9885,Nkwen (Bamenda),Bamenda,116,711,30,"Karg et al. 2023, Food_flow_data_v1.csv"
KARG_NODE_01652,10.19413,5.93299,Bamendakwe,Bamenda,8,2,7,"Karg et al. 2023, Food_flow_data_v1.csv"
KARG_NODE_01653,10.20496,5.67867,Babadjou,Bamenda,16,10,13,"Karg et al. 2023, Food_flow_data_v1.csv"
KARG_NODE_01654,10.20537,5.99985,Psalm 23 Agency (Bamenda),Bamenda,0,7,4,"Karg et al. 2023, Food_flow_data_v1.csv"
KARG_NODE_01655,10.20758,5.9274,Menda Nkwe,Bamenda,3,4,7,"Karg et al. 2023, Food_flow_data_v1.csv"
KARG_NODE_01656,10.20758,6.11673,Elak Oku,Bamenda,12,0,6,"Karg et al. 2023, Food_flow_data_v1.csv"
KARG_NODE_01657,10.22108,6.34557,Fom,Bamenda,3,0,1,"Karg et al. 2023, Food_flow_data_v1.csv"
KARG_NODE_01658,10.22997,6.01279,Bambui new Market (Bamenda),Bamenda,1,10,6,"Karg et al. 2023, Food_flow_data_v1.csv"
KARG_NODE_01659,10.23002,6.01214,Bambui old Market (Bamenda),Bamenda,1,0,1,"Karg et al. 2023, Food_flow_data_v1.csv"
KARG_NODE_01660,10.23159,6.01462,Bambui,Bamenda,223,522,35,"Karg et al. 2023, Food_flow_data_v1.csv"
KARG_NODE_01661,10.23719,6.35418,Mme-Bafumen,Bamenda,3,0,3,"Karg et al. 2023, Food_flow_data_v1.csv"
KARG_NODE_01662,10.24138,5.4684,Penka-Michel,Bamenda,1,0,1,"Karg et al. 2023, Food_flow_data_v1.csv"
KARG_NODE_01663,10.2473,6.0582,Bafunge,Bamenda,0,2,2,"Karg et al. 2023, Food_flow_data_v1.csv"
KARG_NODE_01664,10.25158,6.00592,Bambili Market (Bamenda),Bamenda,0,21,7,"Karg et al. 2023, Food_flow_data_v1.csv"
KARG_NODE_01665,10.25283,5.84012,Awing,Bamenda,157,57,22,"Karg et al. 2023, Food_flow_data_v1.csv"
KARG_NODE_01666,10.25474,5.62737,Mbouda,Bamenda,68,125,27,"Karg et al. 2023, Food_flow_data_v1.csv"
KARG_NODE_01667,10.25733,6.00433,Bambili,Bamenda,67,118,29,"Karg et al. 2023, Food_flow_data_v1.csv"
KARG_NODE_01668,10.26002,6.11928,Babanki (big),Bamenda,253,158,33,"Karg et al. 2023, Food_flow_data_v1.csv"
KARG_NODE_01669,10.27232,6.55559,Bu,Bamenda,1,0,1,"Karg et al. 2023, Food_flow_data_v1.csv"
KARG_NODE_01670,10.27302,6.60633,Mundabi,Bamenda,0,5,4,"Karg et al. 2023, Food_flow_data_v1.csv"
KARG_NODE_01671,10.27517,6.6379,Banja,Bamenda,0,2,2,"Karg et al. 2023, Food_flow_data_v1.csv"
KARG_NODE_01672,10.27546,5.95329,Kemkom,Bamenda,1,0,1,"Karg et al. 2023, Food_flow_data_v1.csv"
KARG_NODE_01673,10.28409,6.28028,Fundong,Bamenda,267,124,28,"Karg et al. 2023, Food_flow_data_v1.csv"
KARG_NODE_01674,10.29145,6.16716,Mbingo,Bamenda,26,17,13,"Karg et al. 2023, Food_flow_data_v1.csv"
KARG_NODE_01675,10.29206,6.00587,Bambui Marker,Bamenda,1,8,7,"Karg et al. 2023, Food_flow_data_v1.csv"
KARG_NODE_01676,10.29493,6.458,Kam,Bamenda,1,0,1,"Karg et al. 2023, Food_flow_data_v1.csv"
KARG_NODE_01677,10.30536,6.00925,Babanki Door Market,Bamenda,104,0,11,"Karg et al. 2023, Food_flow_data_v1.csv"
KARG_NODE_01678,10.30836,6.00377,Babanki (small),Bamenda,177,9,28,"Karg et al. 2023, Food_flow_data_v1.csv"
KARG_NODE_01679,10.31496,6.22825,Njinikom,Bamenda,38,77,22,"Karg et al. 2023, Food_flow_data_v1.csv"
KARG_NODE_01680,10.31594,5.97753,Tungo,Bamenda,3,0,3,"Karg et al. 2023, Food_flow_data_v1.csv"
KARG_NODE_01681,10.31867,6.01242,Sabga,Bamenda,51,6,23,"Karg et al. 2023, Food_flow_data_v1.csv"
KARG_NODE_01682,10.33121,5.38931,Bamendjou,Bamenda,1,10,6,"Karg et al. 2023, Food_flow_data_v1.csv"
KARG_NODE_01683,10.33771,6.29324,Mejong,Bamenda,3,0,3,"Karg et al. 2023, Food_flow_data_v1.csv"
KARG_NODE_01684,10.3454,6.32924,Mbo,Bamenda,3,0,3,"Karg et al. 2023, Food_flow_data_v1.csv"
KARG_NODE_01685,10.34668,6.17561,Belo,Bamenda,398,272,30,"Karg et al. 2023, Food_flow_data_v1.csv"
KARG_NODE_01686,10.34986,6.22362,Mulaon,Bamenda,1,1,2,"Karg et al. 2023, Food_flow_data_v1.csv"
KARG_NODE_01687,10.35867,5.89238,Balikumbat,Bamenda,126,1,22,"Karg et al. 2023, Food_flow_data_v1.csv"
KARG_NODE_01688,10.36303,5.9722,Bamessing,Bamenda,190,19,27,"Karg et al. 2023, Food_flow_data_v1.csv"
KARG_NODE_01689,10.37692,6.08899,Ndawara,Bamenda,2,1,3,"Karg et al. 2023, Food_flow_data_v1.csv"
KARG_NODE_01690,10.38365,5.90303,Bafanji,Bamenda,40,1,16,"Karg et al. 2023, Food_flow_data_v1.csv"
KARG_NODE_01691,10.39354,5.98375,Sub Palace Akeh,Bamenda,5,0,5,"Karg et al. 2023, Food_flow_data_v1.csv"
KARG_NODE_01692,10.41528,6.14923,Bangolan,Bamenda,2,0,2,"Karg et al. 2023, Food_flow_data_v1.csv"
KARG_NODE_01693,10.41876,5.85558,Njonoun Bridge,Bamenda,6,1,6,"Karg et al. 2023, Food_flow_data_v1.csv"
KARG_NODE_01694,10.42156,5.47581,Bafoussam,Bamenda,327,593,36,"Karg et al. 2023, Food_flow_data_v1.csv"
KARG_NODE_01695,10.43618,5.98925,Ndop,Bamenda,1398,256,35,"Karg et al. 2023, Food_flow_data_v1.csv"
KARG_NODE_01696,10.44477,5.94776,Bamali,Bamenda,113,5,20,"Karg et al. 2023, Food_flow_data_v1.csv"
KARG_NODE_01697,10.44586,6.06707,Babungo,Bamenda,70,4,17,"Karg et al. 2023, Food_flow_data_v1.csv"
KARG_NODE_01698,10.45048,5.85943,Carrefour Njikah,Bamenda,0,3,3,"Karg et al. 2023, Food_flow_data_v1.csv"
KARG_NODE_01699,10.45627,6.34215,Chang,Bamenda,1,0,1,"Karg et al. 2023, Food_flow_data_v1.csv"
KARG_NODE_01700,10.45836,6.61774,Bum,Bamenda,2,0,2,"Karg et al. 2023, Food_flow_data_v1.csv"
KARG_NODE_01701,10.463,5.97266,Bamunka,Bamenda,45,0,14,"Karg et al. 2023, Food_flow_data_v1.csv"
KARG_NODE_01702,10.47703,6.53259,Fonfuka,Bamenda,1,0,1,"Karg et al. 2023, Food_flow_data_v1.csv"
KARG_NODE_01703,10.49079,6.05848,Baba I,Bamenda,70,0,12,"Karg et al. 2023, Food_flow_data_v1.csv"
KARG_NODE_01704,10.49381,5.11121,Bawok,Bamenda,7,0,6,"Karg et al. 2023, Food_flow_data_v1.csv"
KARG_NODE_01705,10.50497,6.03953,Muya,Bamenda,3,0,2,"Karg et al. 2023, Food_flow_data_v1.csv"
KARG_NODE_01706,10.50583,6.24844,Oku,Bamenda,395,43,24,"Karg et al. 2023, Food_flow_data_v1.csv"
KARG_NODE_01707,10.52354,5.13961,Bagangté,Bamenda,3,1,1,"Karg et al. 2023, Food_flow_data_v1.csv"
KARG_NODE_01708,10.53679,5.89463,Bambalang,Bamenda,153,0,21,"Karg et al. 2023, Food_flow_data_v1.csv"
KARG_NODE_01709,10.54422,2.81289,Akom II,Bamenda,0,1,1,"Karg et al. 2023, Food_flow_data_v1.csv"
KARG_NODE_01710,10.57271,6.0954,Mbawere,Bamenda,11,0,4,"Karg et al. 2023, Food_flow_data_v1.csv"
KARG_NODE_01711,10.57923,6.03381,Babessi,Bamenda,63,6,19,"Karg et al. 2023, Food_flow_data_v1.csv"
KARG_NODE_01712,10.58432,6.39139,Nkor,Bamenda,9,1,7,"Karg et al. 2023, Food_flow_data_v1.csv"
KARG_NODE_01713,10.59922,6.34532,Banten,Bamenda,3,0,3,"Karg et al. 2023, Food_flow_data_v1.csv"
KARG_NODE_01714,10.59998,6.2367,Tadu,Bamenda,0,3,3,"Karg et al. 2023, Food_flow_data_v1.csv"
KARG_NODE_01715,10.61752,5.99468,Mambin,Bamenda,7,5,10,"Karg et al. 2023, Food_flow_data_v1.csv"
KARG_NODE_01716,10.62082,5.94653,Bangola,Bamenda,2,0,2,"Karg et al. 2023, Food_flow_data_v1.csv"
KARG_NODE_01717,10.62221,6.44492,Lassin,Bamenda,5,0,4,"Karg et al. 2023, Food_flow_data_v1.csv"
KARG_NODE_01718,10.62577,6.89796,Ebosheng,Bamenda,1,1,2,"Karg et al. 2023, Food_flow_data_v1.csv"
KARG_NODE_01719,10.63293,6.40007,Noni,Bamenda,60,4,12,"Karg et al. 2023, Food_flow_data_v1.csv"
KARG_NODE_01720,10.63676,6.13674,Sop,Bamenda,5,0,5,"Karg et al. 2023, Food_flow_data_v1.csv"
KARG_NODE_01721,10.63796,6.08446,Jakiri,Bamenda,125,13,18,"Karg et al. 2023, Food_flow_data_v1.csv"
KARG_NODE_01722,10.63815,5.51086,Foumbot,Bamenda,7,1,7,"Karg et al. 2023, Food_flow_data_v1.csv"
KARG_NODE_01723,10.63851,6.29999,Mbam,Bamenda,2,0,2,"Karg et al. 2023, Food_flow_data_v1.csv"
KARG_NODE_01724,10.66554,6.16667,Banso (Kumbo),Bamenda,535,23,31,"Karg et al. 2023, Food_flow_data_v1.csv"
KARG_NODE_01725,10.66985,6.2063,Tobin,Bamenda,14,0,5,"Karg et al. 2023, Food_flow_data_v1.csv"
KARG_NODE_01726,10.67314,6.51427,Ngé,Bamenda,5,26,17,"Karg et al. 2023, Food_flow_data_v1.csv"
KARG_NODE_01727,10.68052,6.18679,Mba,Bamenda,5,0,4,"Karg et al. 2023, Food_flow_data_v1.csv"
KARG_NODE_01728,10.68587,6.17163,Nseni,Bamenda,16,13,16,"Karg et al. 2023, Food_flow_data_v1.csv"
KARG_NODE_01729,10.68678,6.21089,Kumbo,Bamenda,996,144,31,"Karg et al. 2023, Food_flow_data_v1.csv"
KARG_NODE_01730,10.69088,6.20247,Nso,Bamenda,18,12,14,"Karg et al. 2023, Food_flow_data_v1.csv"
KARG_NODE_01731,10.69291,6.51746,Njap,Bamenda,3,0,3,"Karg et al. 2023, Food_flow_data_v1.csv"
KARG_NODE_01732,10.69491,6.18345,Shishong,Bamenda,4,3,6,"Karg et al. 2023, Food_flow_data_v1.csv"
KARG_NODE_01733,10.69931,4.96941,Tonga,Bamenda,6,2,2,"Karg et al. 2023, Food_flow_data_v1.csv"
KARG_NODE_01734,10.7025,6.31861,Nkin,Bamenda,0,1,1,"Karg et al. 2023, Food_flow_data_v1.csv"
KARG_NODE_01735,10.70624,6.57838,Nkambe,Bamenda,239,29,26,"Karg et al. 2023, Food_flow_data_v1.csv"
KARG_NODE_01736,10.71641,6.33502,Ngodzen,Bamenda,0,1,1,"Karg et al. 2023, Food_flow_data_v1.csv"
KARG_NODE_01737,10.72727,6.24255,Kitiwum,Bamenda,3,0,3,"Karg et al. 2023, Food_flow_data_v1.csv"
KARG_NODE_01738,10.7343,6.50815,Tabenken,Bamenda,8,0,5,"Karg et al. 2023, Food_flow_data_v1.csv"
KARG_NODE_01739,10.74743,6.89735,Abonse,Bamenda,1,0,1,"Karg et al. 2023, Food_flow_data_v1.csv"
KARG_NODE_01740,10.74861,6.31285,Kishong,Bamenda,2,0,2,"Karg et al. 2023, Food_flow_data_v1.csv"
KARG_NODE_01741,10.76044,6.8503,Ako,Bamenda,2,1,3,"Karg et al. 2023, Food_flow_data_v1.csv"
KARG_NODE_01742,10.76381,6.44269,Ngarum,Bamenda,2,1,3,"Karg et al. 2023, Food_flow_data_v1.csv"
KARG_NODE_01743,10.76993,6.34923,Tatum,Bamenda,5,0,4,"Karg et al. 2023, Food_flow_data_v1.csv"
KARG_NODE_01744,10.76995,6.53983,Binka,Bamenda,0,2,2,"Karg et al. 2023, Food_flow_data_v1.csv"
KARG_NODE_01745,10.79159,6.70679,Akwaja,Bamenda,3,0,3,"Karg et al. 2023, Food_flow_data_v1.csv"
KARG_NODE_01746,10.79395,6.42494,Ndu,Bamenda,238,52,25,"Karg et al. 2023, Food_flow_data_v1.csv"
KARG_NODE_01747,10.80015,6.47355,Mbipgo,Bamenda,5,6,7,"Karg et al. 2023, Food_flow_data_v1.csv"
KARG_NODE_01748,10.80124,6.38634,Kakar,Bamenda,2,0,2,"Karg et al. 2023, Food_flow_data_v1.csv"
KARG_NODE_01749,10.8096,4.88499,Makenene I,Bamenda,14,3,8,"Karg et al. 2023, Food_flow_data_v1.csv"
KARG_NODE_01750,10.83771,3.9471,Ngog-Mapubi,Bamenda,1,0,1,"Karg et al. 2023, Food_flow_data_v1.csv"
KARG_NODE_01751,10.83955,6.71159,Mankem,Bamenda,2,0,2,"Karg et al. 2023, Food_flow_data_v1.csv"
KARG_NODE_01752,10.84617,6.19477,Mbiame,Bamenda,5,2,4,"Karg et al. 2023, Food_flow_data_v1.csv"
KARG_NODE_01753,10.85778,6.35879,Ntumbo,Bamenda,1,0,1,"Karg et al. 2023, Food_flow_data_v1.csv"
KARG_NODE_01754,10.86957,6.50705,Mbemgi,Bamenda,2,0,2,"Karg et al. 2023, Food_flow_data_v1.csv"
KARG_NODE_01755,10.88387,6.51051,Ntamruh,Bamenda,0,1,1,"Karg et al. 2023, Food_flow_data_v1.csv"
KARG_NODE_01756,10.89716,5.72823,Foumban,Bamenda,5,0,5,"Karg et al. 2023, Food_flow_data_v1.csv"
KARG_NODE_01757,10.92843,6.57936,Mbat,Bamenda,0,1,1,"Karg et al. 2023, Food_flow_data_v1.csv"
KARG_NODE_01758,10.92978,6.62853,Kom,Bamenda,141,20,19,"Karg et al. 2023, Food_flow_data_v1.csv"
KARG_NODE_01759,10.94581,6.60845,Mbala,Bamenda,0,13,9,"Karg et al. 2023, Food_flow_data_v1.csv"
KARG_NODE_01760,10.94741,6.42415,Sinyan,Bamenda,0,4,3,"Karg et al. 2023, Food_flow_data_v1.csv"
KARG_NODE_01761,10.95034,6.3443,Nsop,Bamenda,1,1,2,"Karg et al. 2023, Food_flow_data_v1.csv"
KARG_NODE_01762,11.01119,6.59202,Ngung,Bamenda,1,0,1,"Karg et al. 2023, Food_flow_data_v1.csv"
KARG_NODE_01763,11.02778,3.54797,Makak,Bamenda,0,1,1,"Karg et al. 2023, Food_flow_data_v1.csv"
KARG_NODE_01764,11.04472,6.44993,Mbem,Bamenda,0,4,3,"Karg et al. 2023, Food_flow_data_v1.csv"
KARG_NODE_01765,11.06116,6.47353,Nwa,Bamenda,4,0,4,"Karg et al. 2023, Food_flow_data_v1.csv"
KARG_NODE_01766,11.15587,6.51141,Bang,Bamenda,1,2,3,"Karg et al. 2023, Food_flow_data_v1.csv"
KARG_NODE_01767,11.16732,6.37763,Sabongari,Bamenda,6,0,2,"Karg et al. 2023, Food_flow_data_v1.csv"
KARG_NODE_01768,11.22059,4.73993,Bafia,Bamenda,14,38,22,"Karg et al. 2023, Food_flow_data_v1.csv"
KARG_NODE_01769,11.33708,2.15374,Ebebiyín,Bamenda,3,0,3,"Karg et al. 2023, Food_flow_data_v1.csv"
KARG_NODE_01770,11.38145,4.02409,Okola,Bamenda,1,0,1,"Karg et al. 2023, Food_flow_data_v1.csv"
KARG_NODE_01771,11.40221,3.78858,Mbankomo,Bamenda,7,0,5,"Karg et al. 2023, Food_flow_data_v1.csv"
KARG_NODE_01772,11.48378,3.83893,Biyem-Assi (Yaoundé),Bamenda,42,342,27,"Karg et al. 2023, Food_flow_data_v1.csv"
KARG_NODE_01773,11.48742,6.08278,Bankim,Bamenda,2,0,2,"Karg et al. 2023, Food_flow_data_v1.csv"
KARG_NODE_01774,11.50056,3.86786,Melen (Yaounde),Bamenda,0,4,4,"Karg et al. 2023, Food_flow_data_v1.csv"
KARG_NODE_01775,11.50311,3.5152,Mbalmayo,Bamenda,0,9,7,"Karg et al. 2023, Food_flow_data_v1.csv"
KARG_NODE_01776,11.52133,3.86899,Yaoundé,Bamenda,117,1706,37,"Karg et al. 2023, Food_flow_data_v1.csv"
KARG_NODE_01777,11.59313,3.97819,Soa,Bamenda,1,15,12,"Karg et al. 2023, Food_flow_data_v1.csv"
KARG_NODE_01778,11.64274,3.71588,Mfou,Bamenda,1,1,2,"Karg et al. 2023, Food_flow_data_v1.csv"
KARG_NODE_01779,12.44633,3.44402,Bengbis,Bamenda,1,0,1,"Karg et al. 2023, Food_flow_data_v1.csv"
KARG_NODE_01780,12.8274,3.73466,Messamena,Bamenda,1,0,1,"Karg et al. 2023, Food_flow_data_v1.csv"
KARG_NODE_01781,13.39345,9.30707,Garoua,Bamenda,38,0,6,"Karg et al. 2023, Food_flow_data_v1.csv"
KARG_NODE_01782,13.5704,10.60812,Mogodé,Bamenda,2,0,2,"Karg et al. 2023, Food_flow_data_v1.csv"
KARG_NODE_01783,13.58772,7.3212,Ngaoundéré,Bamenda,2,0,2,"Karg et al. 2023, Food_flow_data_v1.csv"
KARG_NODE_01784,13.68444,4.57773,Bertoua,Bamenda,8,24,14,"Karg et al. 2023, Food_flow_data_v1.csv"
KARG_NODE_01785,13.79874,10.74103,Mokolo,Bamenda,4,8,10,"Karg et al. 2023, Food_flow_data_v1.csv"
KARG_NODE_01786,13.94395,9.933,Guider,Bamenda,0,1,1,"Karg et al. 2023, Food_flow_data_v1.csv"
KARG_NODE_01787,14.05796,10.17595,Titing,Bamenda,2,0,1,"Karg et al. 2023, Food_flow_data_v1.csv"
KARG_NODE_01788,14.1474,10.24913,Barawa-Laddé,Bamenda,3,0,3,"Karg et al. 2023, Food_flow_data_v1.csv"
KARG_NODE_01789,14.28606,10.30968,Foulou,Bamenda,4,0,4,"Karg et al. 2023, Food_flow_data_v1.csv"
KARG_NODE_01790,14.29469,6.5172,Meiganga,Bamenda,0,1,1,"Karg et al. 2023, Food_flow_data_v1.csv"
KARG_NODE_01791,14.32809,10.60327,Maroua,Bamenda,4,0,2,"Karg et al. 2023, Food_flow_data_v1.csv"
KARG_NODE_01792,14.34321,10.37446,Metchet,Bamenda,0,4,3,"Karg et al. 2023, Food_flow_data_v1.csv"
KARG_NODE_01793,14.38873,10.29116,Bobora,Bamenda,1,0,1,"Karg et al. 2023, Food_flow_data_v1.csv"
KARG_NODE_01794,14.95261,10.84171,Maga,Bamenda,1,0,1,"Karg et al. 2023, Food_flow_data_v1.csv"
KARG_NODE_01795,15.03161,4.17353,Kentzou,Bamenda,3,4,6,"Karg et al. 2023, Food_flow_data_v1.csv"
KARG_NODE_01796,15.32975,3.77021,Bamba,Bamenda,1,0,1,"Karg et al. 2023, Food_flow_data_v1.csv"
KARG_NODE_01797,15.44909,7.54389,Mbaiboum,Bamenda,5,1,5,"Karg et al. 2023, Food_flow_data_v1.csv"
