Month & Year of Movement,From County,To County,To Location Type,Direct Movements,Indirect Movements
Jan-10,AVON,AVON,Slaughterhouse,586,11
Jan-10,AVON,BEDFORDSHIRE,Slaughterhouse,34,12
Jan-10,AVON,CENTRAL,Slaughterhouse,0,0
Jan-10,AVON,CORNWALL,Slaughterhouse,5,14
Jan-10,AVON,CUMBRIA,Slaughterhouse,0,1
Jan-10,AVON,DEVON,Slaughterhouse,0,17
Jan-10,AVON,DYFED,Slaughterhouse,5,4
Jan-10,AVON,GLOUCESTERSHIRE,Slaughterhouse,9,27
Jan-10,AVON,LANCASHIRE,Slaughterhouse,26,8
Jan-10,AVON,LINCOLNSHIRE,Slaughterhouse,114,5
Jan-10,AVON,MID GLAMORGAN,Slaughterhouse,169,0
Jan-10,AVON,OXFORDSHIRE,Slaughterhouse,0,13
Jan-10,AVON,SHROPSHIRE,Slaughterhouse,5,16
Jan-10,AVON,SOMERSET,Slaughterhouse,87,6
Jan-10,AVON,WILTSHIRE,Slaughterhouse,505,5
Jan-10,AVON,0,Slaughterhouse,8,35
Jan-10,BEDFORDSHIRE,BEDFORDSHIRE,Slaughterhouse,195,0
Jan-10,BEDFORDSHIRE,CAMBRIDGESHIRE,Slaughterhouse,13,0
Jan-10,BEDFORDSHIRE,GREATER LONDON,Slaughterhouse,4,0
Jan-10,BEDFORDSHIRE,LEICESTERSHIRE,Slaughterhouse,3,0
Jan-10,BEDFORDSHIRE,LINCOLNSHIRE,Slaughterhouse,75,2
Jan-10,BEDFORDSHIRE,OXFORDSHIRE,Slaughterhouse,2,3
Jan-10,BEDFORDSHIRE,SHROPSHIRE,Slaughterhouse,28,0
Jan-10,BEDFORDSHIRE,SOUTH YORKSHIRE,Slaughterhouse,0,2
Jan-10,BERKSHIRE,AVON,Slaughterhouse,42,2
Jan-10,BERKSHIRE,BEDFORDSHIRE,Slaughterhouse,44,0
Jan-10,BERKSHIRE,CUMBRIA,Slaughterhouse,2,0
Jan-10,BERKSHIRE,DEVON,Slaughterhouse,0,2
Jan-10,BERKSHIRE,HAMPSHIRE,Slaughterhouse,148,0
Jan-10,BERKSHIRE,LINCOLNSHIRE,Slaughterhouse,34,0
Jan-10,BERKSHIRE,MID GLAMORGAN,Slaughterhouse,14,0
Jan-10,BERKSHIRE,OXFORDSHIRE,Slaughterhouse,12,6
Jan-10,BERKSHIRE,SOMERSET,Slaughterhouse,107,1
Jan-10,BERKSHIRE,SOUTH YORKSHIRE,Slaughterhouse,5,12
Jan-10,BERKSHIRE,SURREY,Slaughterhouse,91,0
Jan-10,BERKSHIRE,WILTSHIRE,Slaughterhouse,2,4
Jan-10,BERKSHIRE,,Slaughterhouse,42,0
Jan-10,BORDERS,BORDERS,Slaughterhouse,234,117
Jan-10,BORDERS,CENTRAL,Slaughterhouse,957,56
Jan-10,BORDERS,CLEVELAND,Slaughterhouse,3,6
Jan-10,BORDERS,CUMBRIA,Slaughterhouse,2,13
Jan-10,BORDERS,DERBYSHIRE,Slaughterhouse,0,3
Jan-10,BORDERS,DEVON,Slaughterhouse,0,2
Jan-10,BORDERS,DURHAM,Slaughterhouse,26,15
Jan-10,BORDERS,GRAMPIAN,Slaughterhouse,238,26
Jan-10,BORDERS,GREATER MANCHESTER,Slaughterhouse,0,5
Jan-10,BORDERS,HIGHLAND,Slaughterhouse,64,20
Jan-10,BORDERS,LANCASHIRE,Slaughterhouse,8,0
Jan-10,BORDERS,NORTH YORKSHIRE,Slaughterhouse,3,1
Jan-10,BORDERS,SOUTH YORKSHIRE,Slaughterhouse,202,9
Jan-10,BORDERS,STRATHCLYDE,Slaughterhouse,"1,298",118
Jan-10,BORDERS,TAYSIDE,Slaughterhouse,157,52
Jan-10,BORDERS,TYNE & WEAR,Slaughterhouse,13,0
Jan-10,BORDERS,WEST YORKSHIRE,Slaughterhouse,102,69
Jan-10,BORDERS,,Slaughterhouse,84,29
Jan-10,BUCKINGHAMSHIRE,AVON,Slaughterhouse,8,0
Jan-10,BUCKINGHAMSHIRE,BEDFORDSHIRE,Slaughterhouse,246,0
Jan-10,BUCKINGHAMSHIRE,CAMBRIDGESHIRE,Slaughterhouse,1,0
Jan-10,BUCKINGHAMSHIRE,CENTRAL,Slaughterhouse,61,0
Jan-10,BUCKINGHAMSHIRE,CORNWALL,Slaughterhouse,40,0
Jan-10,BUCKINGHAMSHIRE,DERBYSHIRE,Slaughterhouse,0,1
Jan-10,BUCKINGHAMSHIRE,GREATER LONDON,Slaughterhouse,25,0
Jan-10,BUCKINGHAMSHIRE,HAMPSHIRE,Slaughterhouse,5,7
Jan-10,BUCKINGHAMSHIRE,LANCASHIRE,Slaughterhouse,253,0
Jan-10,BUCKINGHAMSHIRE,LINCOLNSHIRE,Slaughterhouse,339,3
Jan-10,BUCKINGHAMSHIRE,MID GLAMORGAN,Slaughterhouse,275,71
Jan-10,BUCKINGHAMSHIRE,NORFOLK,Slaughterhouse,0,1
Jan-10,BUCKINGHAMSHIRE,OXFORDSHIRE,Slaughterhouse,28,14
Jan-10,BUCKINGHAMSHIRE,SHROPSHIRE,Slaughterhouse,6,0
Jan-10,BUCKINGHAMSHIRE,SOMERSET,Slaughterhouse,8,0
Jan-10,BUCKINGHAMSHIRE,SOUTH YORKSHIRE,Slaughterhouse,88,50
Jan-10,BUCKINGHAMSHIRE,SURREY,Slaughterhouse,179,10
Jan-10,BUCKINGHAMSHIRE,WARWICKSHIRE,Slaughterhouse,1,0
Jan-10,BUCKINGHAMSHIRE,WEST YORKSHIRE,Slaughterhouse,0,2
Jan-10,BUCKINGHAMSHIRE,,Slaughterhouse,141,0
Jan-10,CAMBRIDGESHIRE,BEDFORDSHIRE,Slaughterhouse,181,7
Jan-10,CAMBRIDGESHIRE,CAMBRIDGESHIRE,Slaughterhouse,44,0
Jan-10,CAMBRIDGESHIRE,CHESHIRE,Slaughterhouse,0,1
Jan-10,CAMBRIDGESHIRE,CORNWALL,Slaughterhouse,86,0
Jan-10,CAMBRIDGESHIRE,DERBYSHIRE,Slaughterhouse,0,4
Jan-10,CAMBRIDGESHIRE,ESSEX,Slaughterhouse,4,18
Jan-10,CAMBRIDGESHIRE,GREATER MANCHESTER,Slaughterhouse,0,6
Jan-10,CAMBRIDGESHIRE,HAMPSHIRE,Slaughterhouse,0,4
Jan-10,CAMBRIDGESHIRE,LINCOLNSHIRE,Slaughterhouse,429,41
Jan-10,CAMBRIDGESHIRE,NORFOLK,Slaughterhouse,23,24
Jan-10,CAMBRIDGESHIRE,NORTH YORKSHIRE,Slaughterhouse,0,19
Jan-10,CAMBRIDGESHIRE,NOTTINGHAMSHIRE,Slaughterhouse,0,17
Jan-10,CAMBRIDGESHIRE,OXFORDSHIRE,Slaughterhouse,0,2
Jan-10,CAMBRIDGESHIRE,SHROPSHIRE,Slaughterhouse,26,2
Jan-10,CAMBRIDGESHIRE,SOUTH YORKSHIRE,Slaughterhouse,0,6
Jan-10,CAMBRIDGESHIRE,STAFFORDSHIRE,Slaughterhouse,0,5
Jan-10,CAMBRIDGESHIRE,SURREY,Slaughterhouse,0,1
Jan-10,CAMBRIDGESHIRE,WEST YORKSHIRE,Slaughterhouse,0,9
Jan-10,CAMBRIDGESHIRE,,Slaughterhouse,1,34
Jan-10,CENTRAL,BORDERS,Slaughterhouse,0,1
Jan-10,CENTRAL,CENTRAL,Slaughterhouse,670,87
Jan-10,CENTRAL,CUMBRIA,Slaughterhouse,55,6
Jan-10,CENTRAL,DERBYSHIRE,Slaughterhouse,39,12
Jan-10,CENTRAL,FIFE,Slaughterhouse,0,0
Jan-10,CENTRAL,GRAMPIAN,Slaughterhouse,123,37
Jan-10,CENTRAL,HIGHLAND,Slaughterhouse,5,2
Jan-10,CENTRAL,LANCASHIRE,Slaughterhouse,81,14
Jan-10,CENTRAL,SOUTH YORKSHIRE,Slaughterhouse,0,1
Jan-10,CENTRAL,STRATHCLYDE,Slaughterhouse,418,114
Jan-10,CENTRAL,TAYSIDE,Slaughterhouse,255,29
Jan-10,CENTRAL,,Slaughterhouse,114,28
Jan-10,CHESHIRE,AVON,Slaughterhouse,191,114
Jan-10,CHESHIRE,BEDFORDSHIRE,Slaughterhouse,79,74
Jan-10,CHESHIRE,CHESHIRE,Slaughterhouse,754,152
Jan-10,CHESHIRE,CLWYD,Slaughterhouse,22,3
Jan-10,CHESHIRE,CUMBRIA,Slaughterhouse,29,4
Jan-10,CHESHIRE,DERBYSHIRE,Slaughterhouse,22,2
Jan-10,CHESHIRE,DEVON,Slaughterhouse,255,237
Jan-10,CHESHIRE,DURHAM,Slaughterhouse,0,17
Jan-10,CHESHIRE,GREATER MANCHESTER,Slaughterhouse,108,76
Jan-10,CHESHIRE,GWYNEDD,Slaughterhouse,0,4
Jan-10,CHESHIRE,HUMBERSIDE,Slaughterhouse,77,25
Jan-10,CHESHIRE,LANCASHIRE,Slaughterhouse,706,9
Jan-10,CHESHIRE,LINCOLNSHIRE,Slaughterhouse,87,0
Jan-10,CHESHIRE,SHROPSHIRE,Slaughterhouse,518,60
Jan-10,CHESHIRE,SOMERSET,Slaughterhouse,0,4
Jan-10,CHESHIRE,SOUTH YORKSHIRE,Slaughterhouse,75,24
Jan-10,CHESHIRE,STAFFORDSHIRE,Slaughterhouse,385,174
Jan-10,CHESHIRE,STRATHCLYDE,Slaughterhouse,157,68
Jan-10,CHESHIRE,SURREY,Slaughterhouse,6,0
Jan-10,CHESHIRE,TYNE & WEAR,Slaughterhouse,0,1
Jan-10,CHESHIRE,WEST YORKSHIRE,Slaughterhouse,61,47
Jan-10,CHESHIRE,WILTSHIRE,Slaughterhouse,27,14
Jan-10,CHESHIRE,,Slaughterhouse,643,285
Jan-10,CLEVELAND,BORDERS,Slaughterhouse,0,3
Jan-10,CLEVELAND,CENTRAL,Slaughterhouse,0,14
Jan-10,CLEVELAND,CLEVELAND,Slaughterhouse,24,74
Jan-10,CLEVELAND,DERBYSHIRE,Slaughterhouse,0,6
Jan-10,CLEVELAND,DURHAM,Slaughterhouse,18,92
Jan-10,CLEVELAND,GREATER MANCHESTER,Slaughterhouse,2,59
Jan-10,CLEVELAND,HUMBERSIDE,Slaughterhouse,14,2
Jan-10,CLEVELAND,LANCASHIRE,Slaughterhouse,0,10
Jan-10,CLEVELAND,LINCOLNSHIRE,Slaughterhouse,2,13
Jan-10,CLEVELAND,NORTH YORKSHIRE,Slaughterhouse,106,26
Jan-10,CLEVELAND,SHROPSHIRE,Slaughterhouse,0,16
Jan-10,CLEVELAND,SOMERSET,Slaughterhouse,0,21
Jan-10,CLEVELAND,TAYSIDE,Slaughterhouse,0,20
Jan-10,CLEVELAND,WEST YORKSHIRE,Slaughterhouse,12,70
Jan-10,CLEVELAND,,Slaughterhouse,2,10
Jan-10,CLWYD,AVON,Slaughterhouse,50,54
Jan-10,CLWYD,BEDFORDSHIRE,Slaughterhouse,0,6
Jan-10,CLWYD,CHESHIRE,Slaughterhouse,152,46
Jan-10,CLWYD,CLWYD,Slaughterhouse,256,73
Jan-10,CLWYD,CUMBRIA,Slaughterhouse,0,1
Jan-10,CLWYD,DEVON,Slaughterhouse,5,37
Jan-10,CLWYD,DORSET,Slaughterhouse,1,0
Jan-10,CLWYD,DURHAM,Slaughterhouse,0,5
Jan-10,CLWYD,GREATER MANCHESTER,Slaughterhouse,67,67
Jan-10,CLWYD,GWYNEDD,Slaughterhouse,109,114
Jan-10,CLWYD,HUMBERSIDE,Slaughterhouse,92,68
Jan-10,CLWYD,LANCASHIRE,Slaughterhouse,576,85
Jan-10,CLWYD,LINCOLNSHIRE,Slaughterhouse,4,0
Jan-10,CLWYD,MID GLAMORGAN,Slaughterhouse,15,1
Jan-10,CLWYD,OXFORDSHIRE,Slaughterhouse,0,1
Jan-10,CLWYD,SHROPSHIRE,Slaughterhouse,825,77
Jan-10,CLWYD,SOMERSET,Slaughterhouse,2,2
Jan-10,CLWYD,SOUTH YORKSHIRE,Slaughterhouse,98,47
Jan-10,CLWYD,STAFFORDSHIRE,Slaughterhouse,129,129
Jan-10,CLWYD,STRATHCLYDE,Slaughterhouse,1,11
Jan-10,CLWYD,SURREY,Slaughterhouse,6,8
Jan-10,CLWYD,TYNE & WEAR,Slaughterhouse,36,37
Jan-10,CLWYD,WEST MIDLANDS,Slaughterhouse,3,0
Jan-10,CLWYD,WEST YORKSHIRE,Slaughterhouse,119,104
Jan-10,CLWYD,,Slaughterhouse,299,87
Jan-10,CORNWALL,AVON,Slaughterhouse,19,0
Jan-10,CORNWALL,BEDFORDSHIRE,Slaughterhouse,56,23
Jan-10,CORNWALL,CORNWALL,Slaughterhouse,"4,303",186
Jan-10,CORNWALL,DEVON,Slaughterhouse,258,167
Jan-10,CORNWALL,LANCASHIRE,Slaughterhouse,461,10
Jan-10,CORNWALL,LINCOLNSHIRE,Slaughterhouse,0,0
Jan-10,CORNWALL,MID GLAMORGAN,Slaughterhouse,1,2
Jan-10,CORNWALL,SHROPSHIRE,Slaughterhouse,0,5
Jan-10,CORNWALL,SOMERSET,Slaughterhouse,147,0
Jan-10,CORNWALL,SOUTH YORKSHIRE,Slaughterhouse,73,4
Jan-10,CORNWALL,STAFFORDSHIRE,Slaughterhouse,5,0
Jan-10,CORNWALL,WILTSHIRE,Slaughterhouse,0,3
Jan-10,CORNWALL,,Slaughterhouse,49,18
Jan-10,CUMBRIA,BORDERS,Slaughterhouse,11,13
Jan-10,CUMBRIA,CENTRAL,Slaughterhouse,290,104
Jan-10,CUMBRIA,CHESHIRE,Slaughterhouse,7,0
Jan-10,CUMBRIA,CLEVELAND,Slaughterhouse,324,269
Jan-10,CUMBRIA,CUMBRIA,Slaughterhouse,"1,897",316
Jan-10,CUMBRIA,DEVON,Slaughterhouse,3,15
Jan-10,CUMBRIA,DORSET,Slaughterhouse,2,0
Jan-10,CUMBRIA,DUMFRIES & GALLOWAY,Slaughterhouse,20,13
Jan-10,CUMBRIA,DURHAM,Slaughterhouse,223,177
Jan-10,CUMBRIA,GREATER MANCHESTER,Slaughterhouse,189,237
Jan-10,CUMBRIA,HIGHLAND,Slaughterhouse,24,0
Jan-10,CUMBRIA,HUMBERSIDE,Slaughterhouse,84,56
Jan-10,CUMBRIA,LANCASHIRE,Slaughterhouse,"2,608",526
Jan-10,CUMBRIA,LINCOLNSHIRE,Slaughterhouse,1,0
Jan-10,CUMBRIA,MID GLAMORGAN,Slaughterhouse,6,0
Jan-10,CUMBRIA,NORTH YORKSHIRE,Slaughterhouse,36,1
Jan-10,CUMBRIA,SHROPSHIRE,Slaughterhouse,117,67
Jan-10,CUMBRIA,SOUTH YORKSHIRE,Slaughterhouse,57,4
Jan-10,CUMBRIA,STAFFORDSHIRE,Slaughterhouse,1,0
Jan-10,CUMBRIA,STRATHCLYDE,Slaughterhouse,295,123
Jan-10,CUMBRIA,TAYSIDE,Slaughterhouse,165,68
Jan-10,CUMBRIA,TYNE & WEAR,Slaughterhouse,124,33
Jan-10,CUMBRIA,WEST YORKSHIRE,Slaughterhouse,131,141
Jan-10,CUMBRIA,,Slaughterhouse,280,117
Jan-10,DERBYSHIRE,AVON,Slaughterhouse,0,3
Jan-10,DERBYSHIRE,BEDFORDSHIRE,Slaughterhouse,64,56
Jan-10,DERBYSHIRE,CHESHIRE,Slaughterhouse,19,9
Jan-10,DERBYSHIRE,DERBYSHIRE,Slaughterhouse,329,76
Jan-10,DERBYSHIRE,DEVON,Slaughterhouse,90,82
Jan-10,DERBYSHIRE,DURHAM,Slaughterhouse,0,1
Jan-10,DERBYSHIRE,ESSEX,Slaughterhouse,0,1
Jan-10,DERBYSHIRE,GLOUCESTERSHIRE,Slaughterhouse,1,0
Jan-10,DERBYSHIRE,GREATER MANCHESTER,Slaughterhouse,103,91
Jan-10,DERBYSHIRE,HUMBERSIDE,Slaughterhouse,0,2
Jan-10,DERBYSHIRE,LANCASHIRE,Slaughterhouse,530,40
Jan-10,DERBYSHIRE,LINCOLNSHIRE,Slaughterhouse,153,61
Jan-10,DERBYSHIRE,MID GLAMORGAN,Slaughterhouse,28,0
Jan-10,DERBYSHIRE,NORFOLK,Slaughterhouse,0,6
Jan-10,DERBYSHIRE,NORTH YORKSHIRE,Slaughterhouse,12,1
Jan-10,DERBYSHIRE,NOTTINGHAMSHIRE,Slaughterhouse,9,7
Jan-10,DERBYSHIRE,OXFORDSHIRE,Slaughterhouse,37,26
Jan-10,DERBYSHIRE,SHROPSHIRE,Slaughterhouse,196,32
Jan-10,DERBYSHIRE,SOUTH YORKSHIRE,Slaughterhouse,676,119
Jan-10,DERBYSHIRE,STAFFORDSHIRE,Slaughterhouse,655,354
Jan-10,DERBYSHIRE,STRATHCLYDE,Slaughterhouse,0,0
Jan-10,DERBYSHIRE,SURREY,Slaughterhouse,0,1
Jan-10,DERBYSHIRE,WEST YORKSHIRE,Slaughterhouse,203,53
Jan-10,DERBYSHIRE,WILTSHIRE,Slaughterhouse,0,2
Jan-10,DERBYSHIRE,,Slaughterhouse,583,104
Jan-10,DEVON,AVON,Slaughterhouse,162,14
Jan-10,DEVON,BEDFORDSHIRE,Slaughterhouse,72,48
Jan-10,DEVON,CORNWALL,Slaughterhouse,"3,955",82
Jan-10,DEVON,DEVON,Slaughterhouse,"2,090",171
Jan-10,DEVON,DORSET,Slaughterhouse,49,0
Jan-10,DEVON,EAST SUSSEX,Slaughterhouse,0,7
Jan-10,DEVON,GLOUCESTERSHIRE,Slaughterhouse,75,34
Jan-10,DEVON,HEREFORD & WORCESTER,Slaughterhouse,0,1
Jan-10,DEVON,LANCASHIRE,Slaughterhouse,38,7
Jan-10,DEVON,LINCOLNSHIRE,Slaughterhouse,95,38
Jan-10,DEVON,MID GLAMORGAN,Slaughterhouse,39,2
Jan-10,DEVON,NORTH YORKSHIRE,Slaughterhouse,1,0
Jan-10,DEVON,OXFORDSHIRE,Slaughterhouse,0,12
Jan-10,DEVON,SHROPSHIRE,Slaughterhouse,536,321
Jan-10,DEVON,SOMERSET,Slaughterhouse,"1,736",15
Jan-10,DEVON,SOUTH YORKSHIRE,Slaughterhouse,52,0
Jan-10,DEVON,STAFFORDSHIRE,Slaughterhouse,8,5
Jan-10,DEVON,STRATHCLYDE,Slaughterhouse,0,1
Jan-10,DEVON,WARWICKSHIRE,Slaughterhouse,0,4
Jan-10,DEVON,WEST YORKSHIRE,Slaughterhouse,0,0
Jan-10,DEVON,WILTSHIRE,Slaughterhouse,41,40
Jan-10,DEVON,,Slaughterhouse,950,248
Jan-10,DORSET,AVON,Slaughterhouse,225,8
Jan-10,DORSET,BEDFORDSHIRE,Slaughterhouse,30,12
Jan-10,DORSET,CORNWALL,Slaughterhouse,112,1
Jan-10,DORSET,DEVON,Slaughterhouse,73,54
Jan-10,DORSET,DORSET,Slaughterhouse,332,1
Jan-10,DORSET,GLOUCESTERSHIRE,Slaughterhouse,0,29
Jan-10,DORSET,GRAMPIAN,Slaughterhouse,1,0
Jan-10,DORSET,HAMPSHIRE,Slaughterhouse,1,0
Jan-10,DORSET,LINCOLNSHIRE,Slaughterhouse,146,0
Jan-10,DORSET,MID GLAMORGAN,Slaughterhouse,11,0
Jan-10,DORSET,OXFORDSHIRE,Slaughterhouse,0,2
Jan-10,DORSET,SHROPSHIRE,Slaughterhouse,10,8
Jan-10,DORSET,SOMERSET,Slaughterhouse,759,14
Jan-10,DORSET,SOUTH YORKSHIRE,Slaughterhouse,7,0
Jan-10,DORSET,TAYSIDE,Slaughterhouse,0,0
Jan-10,DORSET,WARWICKSHIRE,Slaughterhouse,1,0
Jan-10,DORSET,WILTSHIRE,Slaughterhouse,0,10
Jan-10,DORSET,,Slaughterhouse,204,52
Jan-10,DUMFRIES & GALLOWAY,BEDFORDSHIRE,Slaughterhouse,0,1
Jan-10,DUMFRIES & GALLOWAY,BORDERS,Slaughterhouse,0,2
Jan-10,DUMFRIES & GALLOWAY,CENTRAL,Slaughterhouse,804,15
Jan-10,DUMFRIES & GALLOWAY,CLEVELAND,Slaughterhouse,2,23
Jan-10,DUMFRIES & GALLOWAY,CUMBRIA,Slaughterhouse,474,125
Jan-10,DUMFRIES & GALLOWAY,DERBYSHIRE,Slaughterhouse,0,6
Jan-10,DUMFRIES & GALLOWAY,DEVON,Slaughterhouse,0,1
Jan-10,DUMFRIES & GALLOWAY,DUMFRIES & GALLOWAY,Slaughterhouse,132,46
Jan-10,DUMFRIES & GALLOWAY,DURHAM,Slaughterhouse,0,20
Jan-10,DUMFRIES & GALLOWAY,GRAMPIAN,Slaughterhouse,"1,014",19
Jan-10,DUMFRIES & GALLOWAY,GREATER MANCHESTER,Slaughterhouse,16,21
Jan-10,DUMFRIES & GALLOWAY,HIGHLAND,Slaughterhouse,61,3
Jan-10,DUMFRIES & GALLOWAY,LANCASHIRE,Slaughterhouse,202,10
Jan-10,DUMFRIES & GALLOWAY,LINCOLNSHIRE,Slaughterhouse,0,6
Jan-10,DUMFRIES & GALLOWAY,NOTTINGHAMSHIRE,Slaughterhouse,0,1
Jan-10,DUMFRIES & GALLOWAY,SOUTH YORKSHIRE,Slaughterhouse,54,87
Jan-10,DUMFRIES & GALLOWAY,STRATHCLYDE,Slaughterhouse,"2,407",128
Jan-10,DUMFRIES & GALLOWAY,TAYSIDE,Slaughterhouse,907,47
Jan-10,DUMFRIES & GALLOWAY,TYNE & WEAR,Slaughterhouse,5,0
Jan-10,DUMFRIES & GALLOWAY,WEST YORKSHIRE,Slaughterhouse,14,17
Jan-10,DUMFRIES & GALLOWAY,,Slaughterhouse,121,137
Jan-10,DURHAM,BORDERS,Slaughterhouse,32,12
Jan-10,DURHAM,CENTRAL,Slaughterhouse,125,70
Jan-10,DURHAM,CLEVELAND,Slaughterhouse,377,153
Jan-10,DURHAM,CUMBRIA,Slaughterhouse,12,2
Jan-10,DURHAM,DERBYSHIRE,Slaughterhouse,34,8
Jan-10,DURHAM,DURHAM,Slaughterhouse,"1,042",188
Jan-10,DURHAM,GREATER MANCHESTER,Slaughterhouse,273,120
Jan-10,DURHAM,HUMBERSIDE,Slaughterhouse,208,21
Jan-10,DURHAM,LANCASHIRE,Slaughterhouse,671,52
Jan-10,DURHAM,LINCOLNSHIRE,Slaughterhouse,268,76
Jan-10,DURHAM,MID GLAMORGAN,Slaughterhouse,10,0
Jan-10,DURHAM,NORTH YORKSHIRE,Slaughterhouse,102,23
Jan-10,DURHAM,SHROPSHIRE,Slaughterhouse,204,63
Jan-10,DURHAM,SOMERSET,Slaughterhouse,45,14
Jan-10,DURHAM,SOUTH YORKSHIRE,Slaughterhouse,24,0
Jan-10,DURHAM,TAYSIDE,Slaughterhouse,57,15
Jan-10,DURHAM,TYNE & WEAR,Slaughterhouse,8,12
Jan-10,DURHAM,WEST YORKSHIRE,Slaughterhouse,249,130
Jan-10,DURHAM,,Slaughterhouse,165,68
Jan-10,DYFED,AVON,Slaughterhouse,337,262
Jan-10,DYFED,BEDFORDSHIRE,Slaughterhouse,138,113
Jan-10,DYFED,CHESHIRE,Slaughterhouse,8,7
Jan-10,DYFED,DEVON,Slaughterhouse,71,45
Jan-10,DYFED,DURHAM,Slaughterhouse,0,5
Jan-10,DYFED,DYFED,Slaughterhouse,"2,083",102
Jan-10,DYFED,GLOUCESTERSHIRE,Slaughterhouse,0,3
Jan-10,DYFED,GREATER MANCHESTER,Slaughterhouse,27,2
Jan-10,DYFED,HAMPSHIRE,Slaughterhouse,18,1
Jan-10,DYFED,LANCASHIRE,Slaughterhouse,429,11
Jan-10,DYFED,LINCOLNSHIRE,Slaughterhouse,232,96
Jan-10,DYFED,MID GLAMORGAN,Slaughterhouse,909,98
Jan-10,DYFED,OXFORDSHIRE,Slaughterhouse,0,5
Jan-10,DYFED,POWYS,Slaughterhouse,153,0
Jan-10,DYFED,SHROPSHIRE,Slaughterhouse,511,75
Jan-10,DYFED,SOMERSET,Slaughterhouse,367,218
Jan-10,DYFED,STAFFORDSHIRE,Slaughterhouse,48,39
Jan-10,DYFED,STRATHCLYDE,Slaughterhouse,66,46
Jan-10,DYFED,SURREY,Slaughterhouse,392,115
Jan-10,DYFED,WEST GLAMORGAN,Slaughterhouse,84,25
Jan-10,DYFED,WEST YORKSHIRE,Slaughterhouse,0,2
Jan-10,DYFED,WILTSHIRE,Slaughterhouse,5,6
Jan-10,DYFED,,Slaughterhouse,164,102
Jan-10,EAST SUSSEX,BEDFORDSHIRE,Slaughterhouse,63,8
Jan-10,EAST SUSSEX,DEVON,Slaughterhouse,0,6
Jan-10,EAST SUSSEX,EAST SUSSEX,Slaughterhouse,153,12
Jan-10,EAST SUSSEX,ESSEX,Slaughterhouse,0,6
Jan-10,EAST SUSSEX,GREATER LONDON,Slaughterhouse,0,4
Jan-10,EAST SUSSEX,HAMPSHIRE,Slaughterhouse,10,14
Jan-10,EAST SUSSEX,KENT,Slaughterhouse,41,6
Jan-10,EAST SUSSEX,LANCASHIRE,Slaughterhouse,0,4
Jan-10,EAST SUSSEX,LINCOLNSHIRE,Slaughterhouse,40,0
Jan-10,EAST SUSSEX,MID GLAMORGAN,Slaughterhouse,5,0
Jan-10,EAST SUSSEX,NORFOLK,Slaughterhouse,0,15
Jan-10,EAST SUSSEX,OXFORDSHIRE,Slaughterhouse,17,0
Jan-10,EAST SUSSEX,SOMERSET,Slaughterhouse,221,24
Jan-10,EAST SUSSEX,SURREY,Slaughterhouse,109,0
Jan-10,EAST SUSSEX,WEST SUSSEX,Slaughterhouse,14,0
Jan-10,EAST SUSSEX,,Slaughterhouse,59,0
Jan-10,ESSEX,BEDFORDSHIRE,Slaughterhouse,136,32
Jan-10,ESSEX,CAMBRIDGESHIRE,Slaughterhouse,6,0
Jan-10,ESSEX,DEVON,Slaughterhouse,0,12
Jan-10,ESSEX,EAST SUSSEX,Slaughterhouse,1,3
Jan-10,ESSEX,ESSEX,Slaughterhouse,508,73
Jan-10,ESSEX,GREATER LONDON,Slaughterhouse,1,1
Jan-10,ESSEX,HAMPSHIRE,Slaughterhouse,69,43
Jan-10,ESSEX,KENT,Slaughterhouse,0,8
Jan-10,ESSEX,LANCASHIRE,Slaughterhouse,0,3
Jan-10,ESSEX,LINCOLNSHIRE,Slaughterhouse,16,0
Jan-10,ESSEX,MID GLAMORGAN,Slaughterhouse,20,0
Jan-10,ESSEX,NORFOLK,Slaughterhouse,163,62
Jan-10,ESSEX,SOMERSET,Slaughterhouse,50,4
Jan-10,ESSEX,SURREY,Slaughterhouse,28,0
Jan-10,ESSEX,,Slaughterhouse,14,0
Jan-10,FIFE,CENTRAL,Slaughterhouse,405,46
Jan-10,FIFE,CUMBRIA,Slaughterhouse,0,5
Jan-10,FIFE,DERBYSHIRE,Slaughterhouse,0,3
Jan-10,FIFE,FIFE,Slaughterhouse,10,19
Jan-10,FIFE,GRAMPIAN,Slaughterhouse,224,38
Jan-10,FIFE,HIGHLAND,Slaughterhouse,0,2
Jan-10,FIFE,LANCASHIRE,Slaughterhouse,1,22
Jan-10,FIFE,STRATHCLYDE,Slaughterhouse,24,105
Jan-10,FIFE,TAYSIDE,Slaughterhouse,436,8
Jan-10,FIFE,,Slaughterhouse,1,31
Jan-10,GLOUCESTERSHIRE,AVON,Slaughterhouse,132,54
Jan-10,GLOUCESTERSHIRE,BEDFORDSHIRE,Slaughterhouse,99,10
Jan-10,GLOUCESTERSHIRE,CORNWALL,Slaughterhouse,7,0
Jan-10,GLOUCESTERSHIRE,CUMBRIA,Slaughterhouse,22,4
Jan-10,GLOUCESTERSHIRE,DEVON,Slaughterhouse,0,12
Jan-10,GLOUCESTERSHIRE,DURHAM,Slaughterhouse,2,0
Jan-10,GLOUCESTERSHIRE,DYFED,Slaughterhouse,59,22
Jan-10,GLOUCESTERSHIRE,GLOUCESTERSHIRE,Slaughterhouse,532,34
Jan-10,GLOUCESTERSHIRE,HAMPSHIRE,Slaughterhouse,0,0
Jan-10,GLOUCESTERSHIRE,HUMBERSIDE,Slaughterhouse,14,0
Jan-10,GLOUCESTERSHIRE,LANCASHIRE,Slaughterhouse,60,9
Jan-10,GLOUCESTERSHIRE,LINCOLNSHIRE,Slaughterhouse,254,24
Jan-10,GLOUCESTERSHIRE,MID GLAMORGAN,Slaughterhouse,675,0
Jan-10,GLOUCESTERSHIRE,OXFORDSHIRE,Slaughterhouse,111,42
Jan-10,GLOUCESTERSHIRE,SHROPSHIRE,Slaughterhouse,160,2
Jan-10,GLOUCESTERSHIRE,SOMERSET,Slaughterhouse,402,12
Jan-10,GLOUCESTERSHIRE,STAFFORDSHIRE,Slaughterhouse,2,7
Jan-10,GLOUCESTERSHIRE,STRATHCLYDE,Slaughterhouse,1,0
Jan-10,GLOUCESTERSHIRE,SURREY,Slaughterhouse,47,0
Jan-10,GLOUCESTERSHIRE,WARWICKSHIRE,Slaughterhouse,14,0
Jan-10,GLOUCESTERSHIRE,WEST MIDLANDS,Slaughterhouse,4,1
Jan-10,GLOUCESTERSHIRE,WILTSHIRE,Slaughterhouse,78,61
Jan-10,GLOUCESTERSHIRE,,Slaughterhouse,364,11
Jan-10,GRAMPIAN,CENTRAL,Slaughterhouse,700,0
Jan-10,GRAMPIAN,CLEVELAND,Slaughterhouse,5,4
Jan-10,GRAMPIAN,CUMBRIA,Slaughterhouse,83,48
Jan-10,GRAMPIAN,FIFE,Slaughterhouse,2,1
Jan-10,GRAMPIAN,GRAMPIAN,Slaughterhouse,"9,359",64
Jan-10,GRAMPIAN,HIGHLAND,Slaughterhouse,430,81
Jan-10,GRAMPIAN,LANCASHIRE,Slaughterhouse,25,0
Jan-10,GRAMPIAN,SOUTH YORKSHIRE,Slaughterhouse,63,1
Jan-10,GRAMPIAN,STRATHCLYDE,Slaughterhouse,285,27
Jan-10,GRAMPIAN,TAYSIDE,Slaughterhouse,851,49
Jan-10,GRAMPIAN,WEST YORKSHIRE,Slaughterhouse,35,21
Jan-10,GRAMPIAN,,Slaughterhouse,"1,859",135
Jan-10,GREATER LONDON,HAMPSHIRE,Slaughterhouse,2,0
Jan-10,GREATER LONDON,SOUTH YORKSHIRE,Slaughterhouse,0,5
Jan-10,GREATER MANCHESTER,AVON,Slaughterhouse,1,8
Jan-10,GREATER MANCHESTER,BEDFORDSHIRE,Slaughterhouse,0,8
Jan-10,GREATER MANCHESTER,CHESHIRE,Slaughterhouse,2,5
Jan-10,GREATER MANCHESTER,CLEVELAND,Slaughterhouse,0,2
Jan-10,GREATER MANCHESTER,DERBYSHIRE,Slaughterhouse,2,0
Jan-10,GREATER MANCHESTER,DEVON,Slaughterhouse,1,16
Jan-10,GREATER MANCHESTER,GREATER MANCHESTER,Slaughterhouse,410,34
Jan-10,GREATER MANCHESTER,LANCASHIRE,Slaughterhouse,147,9
Jan-10,GREATER MANCHESTER,MERSEYSIDE,Slaughterhouse,11,0
Jan-10,GREATER MANCHESTER,SHROPSHIRE,Slaughterhouse,1,6
Jan-10,GREATER MANCHESTER,SOUTH YORKSHIRE,Slaughterhouse,9,1
Jan-10,GREATER MANCHESTER,STAFFORDSHIRE,Slaughterhouse,19,17
Jan-10,GREATER MANCHESTER,STRATHCLYDE,Slaughterhouse,0,2
Jan-10,GREATER MANCHESTER,WEST YORKSHIRE,Slaughterhouse,1,12
Jan-10,GREATER MANCHESTER,,Slaughterhouse,3,16
Jan-10,GWENT,AVON,Slaughterhouse,38,50
Jan-10,GWENT,BEDFORDSHIRE,Slaughterhouse,20,11
Jan-10,GWENT,CORNWALL,Slaughterhouse,16,0
Jan-10,GWENT,CUMBRIA,Slaughterhouse,0,4
Jan-10,GWENT,DEVON,Slaughterhouse,26,16
Jan-10,GWENT,DYFED,Slaughterhouse,39,26
Jan-10,GWENT,GLOUCESTERSHIRE,Slaughterhouse,69,25
Jan-10,GWENT,GREATER MANCHESTER,Slaughterhouse,1,0
Jan-10,GWENT,LANCASHIRE,Slaughterhouse,17,69
Jan-10,GWENT,LINCOLNSHIRE,Slaughterhouse,0,17
Jan-10,GWENT,MID GLAMORGAN,Slaughterhouse,444,0
Jan-10,GWENT,OXFORDSHIRE,Slaughterhouse,0,48
Jan-10,GWENT,SHROPSHIRE,Slaughterhouse,41,3
Jan-10,GWENT,SOMERSET,Slaughterhouse,63,2
Jan-10,GWENT,WARWICKSHIRE,Slaughterhouse,1,0
Jan-10,GWENT,WEST GLAMORGAN,Slaughterhouse,8,0
Jan-10,GWENT,WEST YORKSHIRE,Slaughterhouse,0,1
Jan-10,GWENT,WILTSHIRE,Slaughterhouse,13,11
Jan-10,GWENT,,Slaughterhouse,22,13
Jan-10,GWYNEDD,AVON,Slaughterhouse,0,1
Jan-10,GWYNEDD,BEDFORDSHIRE,Slaughterhouse,0,7
Jan-10,GWYNEDD,CHESHIRE,Slaughterhouse,18,1
Jan-10,GWYNEDD,CLWYD,Slaughterhouse,38,2
Jan-10,GWYNEDD,CUMBRIA,Slaughterhouse,11,9
Jan-10,GWYNEDD,DERBYSHIRE,Slaughterhouse,0,0
Jan-10,GWYNEDD,DURHAM,Slaughterhouse,0,1
Jan-10,GWYNEDD,DYFED,Slaughterhouse,4,0
Jan-10,GWYNEDD,GREATER MANCHESTER,Slaughterhouse,0,7
Jan-10,GWYNEDD,GWYNEDD,Slaughterhouse,147,81
Jan-10,GWYNEDD,HUMBERSIDE,Slaughterhouse,125,9
Jan-10,GWYNEDD,LANCASHIRE,Slaughterhouse,668,6
Jan-10,GWYNEDD,LINCOLNSHIRE,Slaughterhouse,131,0
Jan-10,GWYNEDD,MID GLAMORGAN,Slaughterhouse,51,8
Jan-10,GWYNEDD,POWYS,Slaughterhouse,4,0
Jan-10,GWYNEDD,SHROPSHIRE,Slaughterhouse,239,4
Jan-10,GWYNEDD,SOUTH YORKSHIRE,Slaughterhouse,113,4
Jan-10,GWYNEDD,STAFFORDSHIRE,Slaughterhouse,21,20
Jan-10,GWYNEDD,STRATHCLYDE,Slaughterhouse,13,3
Jan-10,GWYNEDD,TYNE & WEAR,Slaughterhouse,0,3
Jan-10,GWYNEDD,WEST YORKSHIRE,Slaughterhouse,1,11
Jan-10,GWYNEDD,,Slaughterhouse,30,26
Jan-10,HAMPSHIRE,AVON,Slaughterhouse,158,11
Jan-10,HAMPSHIRE,BEDFORDSHIRE,Slaughterhouse,95,0
Jan-10,HAMPSHIRE,CENTRAL,Slaughterhouse,0,0
Jan-10,HAMPSHIRE,CORNWALL,Slaughterhouse,112,0
Jan-10,HAMPSHIRE,DEVON,Slaughterhouse,1,20
Jan-10,HAMPSHIRE,DORSET,Slaughterhouse,18,0
Jan-10,HAMPSHIRE,DYFED,Slaughterhouse,0,1
Jan-10,HAMPSHIRE,GLOUCESTERSHIRE,Slaughterhouse,0,5
Jan-10,HAMPSHIRE,HAMPSHIRE,Slaughterhouse,180,0
Jan-10,HAMPSHIRE,KENT,Slaughterhouse,7,0
Jan-10,HAMPSHIRE,LINCOLNSHIRE,Slaughterhouse,58,0
Jan-10,HAMPSHIRE,MID GLAMORGAN,Slaughterhouse,230,0
Jan-10,HAMPSHIRE,OXFORDSHIRE,Slaughterhouse,15,0
Jan-10,HAMPSHIRE,SHROPSHIRE,Slaughterhouse,5,1
Jan-10,HAMPSHIRE,SOMERSET,Slaughterhouse,240,9
Jan-10,HAMPSHIRE,SURREY,Slaughterhouse,190,0
Jan-10,HAMPSHIRE,WILTSHIRE,Slaughterhouse,26,0
Jan-10,HAMPSHIRE,,Slaughterhouse,76,12
Jan-10,HEREFORD & WORCESTER,AVON,Slaughterhouse,305,78
Jan-10,HEREFORD & WORCESTER,BEDFORDSHIRE,Slaughterhouse,218,49
Jan-10,HEREFORD & WORCESTER,CENTRAL,Slaughterhouse,48,1
Jan-10,HEREFORD & WORCESTER,CHESHIRE,Slaughterhouse,15,15
Jan-10,HEREFORD & WORCESTER,CUMBRIA,Slaughterhouse,24,6
Jan-10,HEREFORD & WORCESTER,DERBYSHIRE,Slaughterhouse,0,3
Jan-10,HEREFORD & WORCESTER,DEVON,Slaughterhouse,67,142
Jan-10,HEREFORD & WORCESTER,DURHAM,Slaughterhouse,3,17
Jan-10,HEREFORD & WORCESTER,DYFED,Slaughterhouse,56,20
Jan-10,HEREFORD & WORCESTER,GLOUCESTERSHIRE,Slaughterhouse,142,24
Jan-10,HEREFORD & WORCESTER,GREATER MANCHESTER,Slaughterhouse,15,65
Jan-10,HEREFORD & WORCESTER,HAMPSHIRE,Slaughterhouse,21,26
Jan-10,HEREFORD & WORCESTER,HEREFORD & WORCESTER,Slaughterhouse,119,19
Jan-10,HEREFORD & WORCESTER,LANCASHIRE,Slaughterhouse,255,31
Jan-10,HEREFORD & WORCESTER,LINCOLNSHIRE,Slaughterhouse,391,117
Jan-10,HEREFORD & WORCESTER,MID GLAMORGAN,Slaughterhouse,991,0
Jan-10,HEREFORD & WORCESTER,NORTH YORKSHIRE,Slaughterhouse,0,2
Jan-10,HEREFORD & WORCESTER,NOTTINGHAMSHIRE,Slaughterhouse,0,1
Jan-10,HEREFORD & WORCESTER,OXFORDSHIRE,Slaughterhouse,246,160
Jan-10,HEREFORD & WORCESTER,POWYS,Slaughterhouse,10,0
Jan-10,HEREFORD & WORCESTER,SHROPSHIRE,Slaughterhouse,972,55
Jan-10,HEREFORD & WORCESTER,SOMERSET,Slaughterhouse,212,25
Jan-10,HEREFORD & WORCESTER,SOUTH YORKSHIRE,Slaughterhouse,22,0
Jan-10,HEREFORD & WORCESTER,STAFFORDSHIRE,Slaughterhouse,131,120
Jan-10,HEREFORD & WORCESTER,STRATHCLYDE,Slaughterhouse,0,1
Jan-10,HEREFORD & WORCESTER,SURREY,Slaughterhouse,20,13
Jan-10,HEREFORD & WORCESTER,WARWICKSHIRE,Slaughterhouse,60,44
Jan-10,HEREFORD & WORCESTER,WEST GLAMORGAN,Slaughterhouse,9,0
Jan-10,HEREFORD & WORCESTER,WEST MIDLANDS,Slaughterhouse,39,0
Jan-10,HEREFORD & WORCESTER,WEST YORKSHIRE,Slaughterhouse,0,4
Jan-10,HEREFORD & WORCESTER,WILTSHIRE,Slaughterhouse,50,49
Jan-10,HEREFORD & WORCESTER,,Slaughterhouse,454,122
Jan-10,HERTFORDSHIRE,BEDFORDSHIRE,Slaughterhouse,46,1
Jan-10,HERTFORDSHIRE,CAMBRIDGESHIRE,Slaughterhouse,6,0
Jan-10,HERTFORDSHIRE,ESSEX,Slaughterhouse,12,9
Jan-10,HERTFORDSHIRE,HAMPSHIRE,Slaughterhouse,0,6
Jan-10,HERTFORDSHIRE,KENT,Slaughterhouse,7,0
Jan-10,HERTFORDSHIRE,LANCASHIRE,Slaughterhouse,0,26
Jan-10,HERTFORDSHIRE,LEICESTERSHIRE,Slaughterhouse,0,1
Jan-10,HERTFORDSHIRE,LINCOLNSHIRE,Slaughterhouse,64,1
Jan-10,HERTFORDSHIRE,MID GLAMORGAN,Slaughterhouse,6,0
Jan-10,HERTFORDSHIRE,NORFOLK,Slaughterhouse,0,7
Jan-10,HERTFORDSHIRE,NORTH YORKSHIRE,Slaughterhouse,0,1
Jan-10,HERTFORDSHIRE,OXFORDSHIRE,Slaughterhouse,12,11
Jan-10,HERTFORDSHIRE,SOUTH YORKSHIRE,Slaughterhouse,16,10
Jan-10,HERTFORDSHIRE,SURREY,Slaughterhouse,15,0
Jan-10,HERTFORDSHIRE,WEST MIDLANDS,Slaughterhouse,0,1
Jan-10,HERTFORDSHIRE,WILTSHIRE,Slaughterhouse,42,0
Jan-10,HIGHLAND,CENTRAL,Slaughterhouse,55,0
Jan-10,HIGHLAND,CLEVELAND,Slaughterhouse,0,2
Jan-10,HIGHLAND,CUMBRIA,Slaughterhouse,0,12
Jan-10,HIGHLAND,GRAMPIAN,Slaughterhouse,387,102
Jan-10,HIGHLAND,HIGHLAND,Slaughterhouse,404,213
Jan-10,HIGHLAND,LANCASHIRE,Slaughterhouse,2,2
Jan-10,HIGHLAND,STRATHCLYDE,Slaughterhouse,94,8
Jan-10,HIGHLAND,TAYSIDE,Slaughterhouse,263,9
Jan-10,HIGHLAND,WEST YORKSHIRE,Slaughterhouse,0,5
Jan-10,HIGHLAND,,Slaughterhouse,0,17
Jan-10,HUMBERSIDE,BORDERS,Slaughterhouse,0,2
Jan-10,HUMBERSIDE,CENTRAL,Slaughterhouse,0,32
Jan-10,HUMBERSIDE,CLEVELAND,Slaughterhouse,2,120
Jan-10,HUMBERSIDE,DERBYSHIRE,Slaughterhouse,13,27
Jan-10,HUMBERSIDE,DURHAM,Slaughterhouse,0,8
Jan-10,HUMBERSIDE,ESSEX,Slaughterhouse,0,1
Jan-10,HUMBERSIDE,GREATER MANCHESTER,Slaughterhouse,1,194
Jan-10,HUMBERSIDE,HUMBERSIDE,Slaughterhouse,473,32
Jan-10,HUMBERSIDE,LANCASHIRE,Slaughterhouse,202,12
Jan-10,HUMBERSIDE,LINCOLNSHIRE,Slaughterhouse,90,79
Jan-10,HUMBERSIDE,MID GLAMORGAN,Slaughterhouse,8,0
Jan-10,HUMBERSIDE,NORFOLK,Slaughterhouse,0,1
Jan-10,HUMBERSIDE,NORTH YORKSHIRE,Slaughterhouse,191,119
Jan-10,HUMBERSIDE,SOMERSET,Slaughterhouse,0,11
Jan-10,HUMBERSIDE,SOUTH YORKSHIRE,Slaughterhouse,15,46
Jan-10,HUMBERSIDE,STAFFORDSHIRE,Slaughterhouse,1,0
Jan-10,HUMBERSIDE,STRATHCLYDE,Slaughterhouse,0,21
Jan-10,HUMBERSIDE,WEST YORKSHIRE,Slaughterhouse,88,252
Jan-10,HUMBERSIDE,,Slaughterhouse,90,2
Jan-10,ISLE OF WIGHT,AVON,Slaughterhouse,14,0
Jan-10,ISLE OF WIGHT,HAMPSHIRE,Slaughterhouse,35,0
Jan-10,ISLE OF WIGHT,SOMERSET,Slaughterhouse,54,0
Jan-10,KENT,BEDFORDSHIRE,Slaughterhouse,77,30
Jan-10,KENT,DEVON,Slaughterhouse,98,68
Jan-10,KENT,EAST SUSSEX,Slaughterhouse,58,32
Jan-10,KENT,ESSEX,Slaughterhouse,69,41
Jan-10,KENT,GREATER LONDON,Slaughterhouse,39,27
Jan-10,KENT,HAMPSHIRE,Slaughterhouse,142,89
Jan-10,KENT,KENT,Slaughterhouse,266,53
Jan-10,KENT,LANCASHIRE,Slaughterhouse,43,19
Jan-10,KENT,MID GLAMORGAN,Slaughterhouse,16,0
Jan-10,KENT,NORFOLK,Slaughterhouse,80,47
Jan-10,KENT,SOMERSET,Slaughterhouse,33,21
Jan-10,KENT,SURREY,Slaughterhouse,244,0
Jan-10,KENT,,Slaughterhouse,3,0
Jan-10,LANCASHIRE,BEDFORDSHIRE,Slaughterhouse,22,10
Jan-10,LANCASHIRE,CENTRAL,Slaughterhouse,3,0
Jan-10,LANCASHIRE,CHESHIRE,Slaughterhouse,17,6
Jan-10,LANCASHIRE,CLEVELAND,Slaughterhouse,166,104
Jan-10,LANCASHIRE,CUMBRIA,Slaughterhouse,76,18
Jan-10,LANCASHIRE,DEVON,Slaughterhouse,183,138
Jan-10,LANCASHIRE,DURHAM,Slaughterhouse,1,2
Jan-10,LANCASHIRE,GREATER MANCHESTER,Slaughterhouse,527,224
Jan-10,LANCASHIRE,HUMBERSIDE,Slaughterhouse,18,38
Jan-10,LANCASHIRE,LANCASHIRE,Slaughterhouse,"1,850",160
Jan-10,LANCASHIRE,MERSEYSIDE,Slaughterhouse,13,0
Jan-10,LANCASHIRE,MID GLAMORGAN,Slaughterhouse,5,0
Jan-10,LANCASHIRE,NORTH YORKSHIRE,Slaughterhouse,123,0
Jan-10,LANCASHIRE,SHROPSHIRE,Slaughterhouse,31,2
Jan-10,LANCASHIRE,SOMERSET,Slaughterhouse,0,0
Jan-10,LANCASHIRE,SOUTH YORKSHIRE,Slaughterhouse,28,10
Jan-10,LANCASHIRE,STAFFORDSHIRE,Slaughterhouse,62,19
Jan-10,LANCASHIRE,STRATHCLYDE,Slaughterhouse,140,108
Jan-10,LANCASHIRE,TYNE & WEAR,Slaughterhouse,3,2
Jan-10,LANCASHIRE,WEST YORKSHIRE,Slaughterhouse,133,67
Jan-10,LANCASHIRE,,Slaughterhouse,528,234
Jan-10,LEICESTERSHIRE,BEDFORDSHIRE,Slaughterhouse,183,16
Jan-10,LEICESTERSHIRE,CAMBRIDGESHIRE,Slaughterhouse,1,0
Jan-10,LEICESTERSHIRE,CHESHIRE,Slaughterhouse,0,3
Jan-10,LEICESTERSHIRE,CORNWALL,Slaughterhouse,1,0
Jan-10,LEICESTERSHIRE,DERBYSHIRE,Slaughterhouse,141,20
Jan-10,LEICESTERSHIRE,DURHAM,Slaughterhouse,24,0
Jan-10,LEICESTERSHIRE,ESSEX,Slaughterhouse,0,4
Jan-10,LEICESTERSHIRE,GREATER MANCHESTER,Slaughterhouse,71,11
Jan-10,LEICESTERSHIRE,HEREFORD & WORCESTER,Slaughterhouse,0,1
Jan-10,LEICESTERSHIRE,LANCASHIRE,Slaughterhouse,272,18
Jan-10,LEICESTERSHIRE,LEICESTERSHIRE,Slaughterhouse,65,3
Jan-10,LEICESTERSHIRE,LINCOLNSHIRE,Slaughterhouse,"1,087",193
Jan-10,LEICESTERSHIRE,MID GLAMORGAN,Slaughterhouse,111,0
Jan-10,LEICESTERSHIRE,NORFOLK,Slaughterhouse,26,33
Jan-10,LEICESTERSHIRE,NORTH YORKSHIRE,Slaughterhouse,195,91
Jan-10,LEICESTERSHIRE,NOTTINGHAMSHIRE,Slaughterhouse,24,37
Jan-10,LEICESTERSHIRE,OXFORDSHIRE,Slaughterhouse,162,76
Jan-10,LEICESTERSHIRE,SHROPSHIRE,Slaughterhouse,29,7
Jan-10,LEICESTERSHIRE,SOUTH YORKSHIRE,Slaughterhouse,287,64
Jan-10,LEICESTERSHIRE,STAFFORDSHIRE,Slaughterhouse,81,69
Jan-10,LEICESTERSHIRE,STRATHCLYDE,Slaughterhouse,0,1
Jan-10,LEICESTERSHIRE,SURREY,Slaughterhouse,278,29
Jan-10,LEICESTERSHIRE,WARWICKSHIRE,Slaughterhouse,15,0
Jan-10,LEICESTERSHIRE,WEST MIDLANDS,Slaughterhouse,1,2
Jan-10,LEICESTERSHIRE,WEST YORKSHIRE,Slaughterhouse,0,22
Jan-10,LEICESTERSHIRE,,Slaughterhouse,372,58
Jan-10,LINCOLNSHIRE,BEDFORDSHIRE,Slaughterhouse,27,45
Jan-10,LINCOLNSHIRE,CAMBRIDGESHIRE,Slaughterhouse,8,0
Jan-10,LINCOLNSHIRE,CENTRAL,Slaughterhouse,40,10
Jan-10,LINCOLNSHIRE,CHESHIRE,Slaughterhouse,0,3
Jan-10,LINCOLNSHIRE,CLEVELAND,Slaughterhouse,0,3
Jan-10,LINCOLNSHIRE,CORNWALL,Slaughterhouse,1,0
Jan-10,LINCOLNSHIRE,CUMBRIA,Slaughterhouse,0,2
Jan-10,LINCOLNSHIRE,DERBYSHIRE,Slaughterhouse,13,34
Jan-10,LINCOLNSHIRE,ESSEX,Slaughterhouse,0,7
Jan-10,LINCOLNSHIRE,GREATER MANCHESTER,Slaughterhouse,1,65
Jan-10,LINCOLNSHIRE,HUMBERSIDE,Slaughterhouse,109,0
Jan-10,LINCOLNSHIRE,LANCASHIRE,Slaughterhouse,58,24
Jan-10,LINCOLNSHIRE,LEICESTERSHIRE,Slaughterhouse,1,0
Jan-10,LINCOLNSHIRE,LINCOLNSHIRE,Slaughterhouse,"1,126",204
Jan-10,LINCOLNSHIRE,MID GLAMORGAN,Slaughterhouse,432,0
Jan-10,LINCOLNSHIRE,NORFOLK,Slaughterhouse,2,49
Jan-10,LINCOLNSHIRE,NORTH YORKSHIRE,Slaughterhouse,84,31
Jan-10,LINCOLNSHIRE,NOTTINGHAMSHIRE,Slaughterhouse,9,49
Jan-10,LINCOLNSHIRE,OXFORDSHIRE,Slaughterhouse,0,9
Jan-10,LINCOLNSHIRE,SHROPSHIRE,Slaughterhouse,5,4
Jan-10,LINCOLNSHIRE,SOMERSET,Slaughterhouse,0,2
Jan-10,LINCOLNSHIRE,SOUTH YORKSHIRE,Slaughterhouse,301,78
Jan-10,LINCOLNSHIRE,STAFFORDSHIRE,Slaughterhouse,10,53
Jan-10,LINCOLNSHIRE,STRATHCLYDE,Slaughterhouse,0,5
Jan-10,LINCOLNSHIRE,SURREY,Slaughterhouse,0,3
Jan-10,LINCOLNSHIRE,WEST YORKSHIRE,Slaughterhouse,6,90
Jan-10,LINCOLNSHIRE,,Slaughterhouse,143,66
Jan-10,LOTHIAN,BORDERS,Slaughterhouse,8,48
Jan-10,LOTHIAN,CENTRAL,Slaughterhouse,349,28
Jan-10,LOTHIAN,CLEVELAND,Slaughterhouse,0,1
Jan-10,LOTHIAN,CUMBRIA,Slaughterhouse,0,5
Jan-10,LOTHIAN,DERBYSHIRE,Slaughterhouse,0,1
Jan-10,LOTHIAN,DURHAM,Slaughterhouse,0,11
Jan-10,LOTHIAN,GRAMPIAN,Slaughterhouse,47,35
Jan-10,LOTHIAN,HIGHLAND,Slaughterhouse,0,21
Jan-10,LOTHIAN,HUMBERSIDE,Slaughterhouse,10,0
Jan-10,LOTHIAN,LANCASHIRE,Slaughterhouse,5,5
Jan-10,LOTHIAN,SOUTH YORKSHIRE,Slaughterhouse,39,2
Jan-10,LOTHIAN,STRATHCLYDE,Slaughterhouse,467,124
Jan-10,LOTHIAN,TAYSIDE,Slaughterhouse,44,49
Jan-10,LOTHIAN,WEST YORKSHIRE,Slaughterhouse,0,18
Jan-10,LOTHIAN,,Slaughterhouse,44,11
Jan-10,MERSEYSIDE,AVON,Slaughterhouse,0,1
Jan-10,MERSEYSIDE,BEDFORDSHIRE,Slaughterhouse,2,0
Jan-10,MERSEYSIDE,CHESHIRE,Slaughterhouse,9,4
Jan-10,MERSEYSIDE,CLEVELAND,Slaughterhouse,0,2
Jan-10,MERSEYSIDE,CLWYD,Slaughterhouse,5,0
Jan-10,MERSEYSIDE,GREATER MANCHESTER,Slaughterhouse,10,4
Jan-10,MERSEYSIDE,LANCASHIRE,Slaughterhouse,29,3
Jan-10,MERSEYSIDE,LINCOLNSHIRE,Slaughterhouse,60,0
Jan-10,MERSEYSIDE,SHROPSHIRE,Slaughterhouse,126,3
Jan-10,MERSEYSIDE,SOUTH YORKSHIRE,Slaughterhouse,3,2
Jan-10,MERSEYSIDE,STAFFORDSHIRE,Slaughterhouse,1,6
Jan-10,MERSEYSIDE,,Slaughterhouse,43,16
Jan-10,MID GLAMORGAN,AVON,Slaughterhouse,0,5
Jan-10,MID GLAMORGAN,DEVON,Slaughterhouse,3,2
Jan-10,MID GLAMORGAN,DYFED,Slaughterhouse,27,3
Jan-10,MID GLAMORGAN,GLOUCESTERSHIRE,Slaughterhouse,0,1
Jan-10,MID GLAMORGAN,HAMPSHIRE,Slaughterhouse,0,1
Jan-10,MID GLAMORGAN,LANCASHIRE,Slaughterhouse,0,0
Jan-10,MID GLAMORGAN,MID GLAMORGAN,Slaughterhouse,103,0
Jan-10,MID GLAMORGAN,POWYS,Slaughterhouse,1,0
Jan-10,MID GLAMORGAN,SHROPSHIRE,Slaughterhouse,0,2
Jan-10,MID GLAMORGAN,SOMERSET,Slaughterhouse,24,0
Jan-10,MID GLAMORGAN,WEST GLAMORGAN,Slaughterhouse,1,0
Jan-10,MID GLAMORGAN,WILTSHIRE,Slaughterhouse,3,1
Jan-10,MID GLAMORGAN,,Slaughterhouse,19,1
Jan-10,NORFOLK,BEDFORDSHIRE,Slaughterhouse,399,21
Jan-10,NORFOLK,CAMBRIDGESHIRE,Slaughterhouse,1,0
Jan-10,NORFOLK,CHESHIRE,Slaughterhouse,0,2
Jan-10,NORFOLK,CUMBRIA,Slaughterhouse,0,1
Jan-10,NORFOLK,DERBYSHIRE,Slaughterhouse,0,13
Jan-10,NORFOLK,DEVON,Slaughterhouse,0,2
Jan-10,NORFOLK,ESSEX,Slaughterhouse,4,15
Jan-10,NORFOLK,GREATER MANCHESTER,Slaughterhouse,0,17
Jan-10,NORFOLK,HAMPSHIRE,Slaughterhouse,0,3
Jan-10,NORFOLK,LANCASHIRE,Slaughterhouse,40,9
Jan-10,NORFOLK,LINCOLNSHIRE,Slaughterhouse,670,20
Jan-10,NORFOLK,MID GLAMORGAN,Slaughterhouse,43,0
Jan-10,NORFOLK,NORFOLK,Slaughterhouse,827,18
Jan-10,NORFOLK,NORTH YORKSHIRE,Slaughterhouse,34,2
Jan-10,NORFOLK,NOTTINGHAMSHIRE,Slaughterhouse,0,6
Jan-10,NORFOLK,OXFORDSHIRE,Slaughterhouse,0,1
Jan-10,NORFOLK,SHROPSHIRE,Slaughterhouse,9,0
Jan-10,NORFOLK,SOMERSET,Slaughterhouse,0,1
Jan-10,NORFOLK,SOUTH YORKSHIRE,Slaughterhouse,82,8
Jan-10,NORFOLK,STAFFORDSHIRE,Slaughterhouse,0,12
Jan-10,NORFOLK,SURREY,Slaughterhouse,31,0
Jan-10,NORFOLK,WEST YORKSHIRE,Slaughterhouse,0,28
Jan-10,NORFOLK,,Slaughterhouse,149,59
Jan-10,NORTHAMPTONSHIRE,BEDFORDSHIRE,Slaughterhouse,247,18
Jan-10,NORTHAMPTONSHIRE,CAMBRIDGESHIRE,Slaughterhouse,1,0
Jan-10,NORTHAMPTONSHIRE,CENTRAL,Slaughterhouse,1,0
Jan-10,NORTHAMPTONSHIRE,DERBYSHIRE,Slaughterhouse,0,6
Jan-10,NORTHAMPTONSHIRE,ESSEX,Slaughterhouse,0,3
Jan-10,NORTHAMPTONSHIRE,GREATER MANCHESTER,Slaughterhouse,0,11
Jan-10,NORTHAMPTONSHIRE,HAMPSHIRE,Slaughterhouse,33,0
Jan-10,NORTHAMPTONSHIRE,HEREFORD & WORCESTER,Slaughterhouse,0,1
Jan-10,NORTHAMPTONSHIRE,LANCASHIRE,Slaughterhouse,12,4
Jan-10,NORTHAMPTONSHIRE,LEICESTERSHIRE,Slaughterhouse,41,15
Jan-10,NORTHAMPTONSHIRE,LINCOLNSHIRE,Slaughterhouse,851,33
Jan-10,NORTHAMPTONSHIRE,MID GLAMORGAN,Slaughterhouse,89,4
Jan-10,NORTHAMPTONSHIRE,NORFOLK,Slaughterhouse,0,6
Jan-10,NORTHAMPTONSHIRE,NORTHAMPTONSHIRE,Slaughterhouse,2,0
Jan-10,NORTHAMPTONSHIRE,NORTH YORKSHIRE,Slaughterhouse,0,6
Jan-10,NORTHAMPTONSHIRE,NOTTINGHAMSHIRE,Slaughterhouse,5,7
Jan-10,NORTHAMPTONSHIRE,OXFORDSHIRE,Slaughterhouse,73,57
Jan-10,NORTHAMPTONSHIRE,SHROPSHIRE,Slaughterhouse,265,0
Jan-10,NORTHAMPTONSHIRE,SOUTH YORKSHIRE,Slaughterhouse,48,19
Jan-10,NORTHAMPTONSHIRE,STAFFORDSHIRE,Slaughterhouse,13,9
Jan-10,NORTHAMPTONSHIRE,SURREY,Slaughterhouse,182,3
Jan-10,NORTHAMPTONSHIRE,WARWICKSHIRE,Slaughterhouse,18,0
Jan-10,NORTHAMPTONSHIRE,WEST YORKSHIRE,Slaughterhouse,9,16
Jan-10,NORTHAMPTONSHIRE,,Slaughterhouse,89,8
Jan-10,NORTHUMBERLAND,BORDERS,Slaughterhouse,4,16
Jan-10,NORTHUMBERLAND,CENTRAL,Slaughterhouse,795,41
Jan-10,NORTHUMBERLAND,CLEVELAND,Slaughterhouse,0,30
Jan-10,NORTHUMBERLAND,CUMBRIA,Slaughterhouse,38,3
Jan-10,NORTHUMBERLAND,DERBYSHIRE,Slaughterhouse,26,2
Jan-10,NORTHUMBERLAND,DURHAM,Slaughterhouse,257,171
Jan-10,NORTHUMBERLAND,GRAMPIAN,Slaughterhouse,45,0
Jan-10,NORTHUMBERLAND,GREATER MANCHESTER,Slaughterhouse,0,20
Jan-10,NORTHUMBERLAND,HIGHLAND,Slaughterhouse,1,2
Jan-10,NORTHUMBERLAND,HUMBERSIDE,Slaughterhouse,125,23
Jan-10,NORTHUMBERLAND,LANCASHIRE,Slaughterhouse,504,72
Jan-10,NORTHUMBERLAND,LINCOLNSHIRE,Slaughterhouse,62,11
Jan-10,NORTHUMBERLAND,MID GLAMORGAN,Slaughterhouse,150,0
Jan-10,NORTHUMBERLAND,NORTH YORKSHIRE,Slaughterhouse,81,4
Jan-10,NORTHUMBERLAND,SHROPSHIRE,Slaughterhouse,0,11
Jan-10,NORTHUMBERLAND,SOUTH YORKSHIRE,Slaughterhouse,124,0
Jan-10,NORTHUMBERLAND,STRATHCLYDE,Slaughterhouse,292,12
Jan-10,NORTHUMBERLAND,TAYSIDE,Slaughterhouse,109,10
Jan-10,NORTHUMBERLAND,TYNE & WEAR,Slaughterhouse,447,65
Jan-10,NORTHUMBERLAND,WEST YORKSHIRE,Slaughterhouse,0,26
Jan-10,NORTHUMBERLAND,,Slaughterhouse,211,12
Jan-10,NORTH YORKSHIRE,BEDFORDSHIRE,Slaughterhouse,0,16
Jan-10,NORTH YORKSHIRE,BORDERS,Slaughterhouse,12,22
Jan-10,NORTH YORKSHIRE,CENTRAL,Slaughterhouse,300,112
Jan-10,NORTH YORKSHIRE,CHESHIRE,Slaughterhouse,17,5
Jan-10,NORTH YORKSHIRE,CLEVELAND,Slaughterhouse,829,651
Jan-10,NORTH YORKSHIRE,CUMBRIA,Slaughterhouse,22,0
Jan-10,NORTH YORKSHIRE,DERBYSHIRE,Slaughterhouse,104,88
Jan-10,NORTH YORKSHIRE,DEVON,Slaughterhouse,0,28
Jan-10,NORTH YORKSHIRE,DORSET,Slaughterhouse,1,0
Jan-10,NORTH YORKSHIRE,DURHAM,Slaughterhouse,509,407
Jan-10,NORTH YORKSHIRE,GREATER MANCHESTER,Slaughterhouse,"1,171",846
Jan-10,NORTH YORKSHIRE,HUMBERSIDE,Slaughterhouse,"1,445",224
Jan-10,NORTH YORKSHIRE,LANCASHIRE,Slaughterhouse,"3,308",142
Jan-10,NORTH YORKSHIRE,LINCOLNSHIRE,Slaughterhouse,957,205
Jan-10,NORTH YORKSHIRE,MID GLAMORGAN,Slaughterhouse,340,0
Jan-10,NORTH YORKSHIRE,NORTH YORKSHIRE,Slaughterhouse,"2,168",246
Jan-10,NORTH YORKSHIRE,SHROPSHIRE,Slaughterhouse,521,75
Jan-10,NORTH YORKSHIRE,SOMERSET,Slaughterhouse,93,76
Jan-10,NORTH YORKSHIRE,SOUTH YORKSHIRE,Slaughterhouse,444,105
Jan-10,NORTH YORKSHIRE,STAFFORDSHIRE,Slaughterhouse,0,6
Jan-10,NORTH YORKSHIRE,STRATHCLYDE,Slaughterhouse,173,45
Jan-10,NORTH YORKSHIRE,TAYSIDE,Slaughterhouse,108,119
Jan-10,NORTH YORKSHIRE,TYNE & WEAR,Slaughterhouse,21,14
Jan-10,NORTH YORKSHIRE,WEST YORKSHIRE,Slaughterhouse,"1,857","1,078"
Jan-10,NORTH YORKSHIRE,,Slaughterhouse,905,145
Jan-10,NOTTINGHAMSHIRE,BEDFORDSHIRE,Slaughterhouse,111,16
Jan-10,NOTTINGHAMSHIRE,CHESHIRE,Slaughterhouse,14,2
Jan-10,NOTTINGHAMSHIRE,CUMBRIA,Slaughterhouse,5,1
Jan-10,NOTTINGHAMSHIRE,DERBYSHIRE,Slaughterhouse,195,29
Jan-10,NOTTINGHAMSHIRE,DEVON,Slaughterhouse,0,1
Jan-10,NOTTINGHAMSHIRE,ESSEX,Slaughterhouse,38,6
Jan-10,NOTTINGHAMSHIRE,GREATER MANCHESTER,Slaughterhouse,154,22
Jan-10,NOTTINGHAMSHIRE,HUMBERSIDE,Slaughterhouse,5,0
Jan-10,NOTTINGHAMSHIRE,LANCASHIRE,Slaughterhouse,104,6
Jan-10,NOTTINGHAMSHIRE,LEICESTERSHIRE,Slaughterhouse,1,0
Jan-10,NOTTINGHAMSHIRE,LINCOLNSHIRE,Slaughterhouse,866,105
Jan-10,NOTTINGHAMSHIRE,MID GLAMORGAN,Slaughterhouse,39,0
Jan-10,NOTTINGHAMSHIRE,NORFOLK,Slaughterhouse,135,33
Jan-10,NOTTINGHAMSHIRE,NORTH YORKSHIRE,Slaughterhouse,103,40
Jan-10,NOTTINGHAMSHIRE,NOTTINGHAMSHIRE,Slaughterhouse,319,25
Jan-10,NOTTINGHAMSHIRE,OXFORDSHIRE,Slaughterhouse,10,10
Jan-10,NOTTINGHAMSHIRE,SHROPSHIRE,Slaughterhouse,21,3
Jan-10,NOTTINGHAMSHIRE,SOUTH YORKSHIRE,Slaughterhouse,401,41
Jan-10,NOTTINGHAMSHIRE,STAFFORDSHIRE,Slaughterhouse,146,39
Jan-10,NOTTINGHAMSHIRE,SURREY,Slaughterhouse,15,2
Jan-10,NOTTINGHAMSHIRE,WEST YORKSHIRE,Slaughterhouse,227,51
Jan-10,NOTTINGHAMSHIRE,,Slaughterhouse,336,74
Jan-10,ORKNEY,CENTRAL,Slaughterhouse,223,0
Jan-10,ORKNEY,CUMBRIA,Slaughterhouse,0,14
Jan-10,ORKNEY,GRAMPIAN,Slaughterhouse,122,5
Jan-10,ORKNEY,HIGHLAND,Slaughterhouse,0,3
Jan-10,ORKNEY,ORKNEY,Slaughterhouse,482,31
Jan-10,ORKNEY,STRATHCLYDE,Slaughterhouse,3,5
Jan-10,ORKNEY,TAYSIDE,Slaughterhouse,9,8
Jan-10,ORKNEY,WEST YORKSHIRE,Slaughterhouse,0,5
Jan-10,ORKNEY,,Slaughterhouse,0,6
Jan-10,OXFORDSHIRE,AVON,Slaughterhouse,40,0
Jan-10,OXFORDSHIRE,BEDFORDSHIRE,Slaughterhouse,134,1
Jan-10,OXFORDSHIRE,CENTRAL,Slaughterhouse,33,0
Jan-10,OXFORDSHIRE,DERBYSHIRE,Slaughterhouse,0,1
Jan-10,OXFORDSHIRE,DYFED,Slaughterhouse,0,3
Jan-10,OXFORDSHIRE,ESSEX,Slaughterhouse,1,1
Jan-10,OXFORDSHIRE,GLOUCESTERSHIRE,Slaughterhouse,0,2
Jan-10,OXFORDSHIRE,HAMPSHIRE,Slaughterhouse,16,5
Jan-10,OXFORDSHIRE,LANCASHIRE,Slaughterhouse,6,3
Jan-10,OXFORDSHIRE,LINCOLNSHIRE,Slaughterhouse,356,4
Jan-10,OXFORDSHIRE,MID GLAMORGAN,Slaughterhouse,227,9
Jan-10,OXFORDSHIRE,OXFORDSHIRE,Slaughterhouse,121,10
Jan-10,OXFORDSHIRE,SHROPSHIRE,Slaughterhouse,68,0
Jan-10,OXFORDSHIRE,SOMERSET,Slaughterhouse,97,0
Jan-10,OXFORDSHIRE,SOUTH YORKSHIRE,Slaughterhouse,125,11
Jan-10,OXFORDSHIRE,STAFFORDSHIRE,Slaughterhouse,0,3
Jan-10,OXFORDSHIRE,SURREY,Slaughterhouse,101,10
Jan-10,OXFORDSHIRE,WARWICKSHIRE,Slaughterhouse,7,0
Jan-10,OXFORDSHIRE,WEST MIDLANDS,Slaughterhouse,0,1
Jan-10,OXFORDSHIRE,WEST YORKSHIRE,Slaughterhouse,0,2
Jan-10,OXFORDSHIRE,WILTSHIRE,Slaughterhouse,84,0
Jan-10,OXFORDSHIRE,,Slaughterhouse,87,4
Jan-10,POWYS,AVON,Slaughterhouse,39,45
Jan-10,POWYS,BEDFORDSHIRE,Slaughterhouse,61,45
Jan-10,POWYS,CHESHIRE,Slaughterhouse,90,16
Jan-10,POWYS,CLWYD,Slaughterhouse,30,23
Jan-10,POWYS,DERBYSHIRE,Slaughterhouse,6,0
Jan-10,POWYS,DEVON,Slaughterhouse,14,51
Jan-10,POWYS,DURHAM,Slaughterhouse,12,24
Jan-10,POWYS,DYFED,Slaughterhouse,52,4
Jan-10,POWYS,GLOUCESTERSHIRE,Slaughterhouse,27,0
Jan-10,POWYS,GREATER MANCHESTER,Slaughterhouse,19,75
Jan-10,POWYS,GWYNEDD,Slaughterhouse,9,8
Jan-10,POWYS,HEREFORD & WORCESTER,Slaughterhouse,12,5
Jan-10,POWYS,HUMBERSIDE,Slaughterhouse,15,2
Jan-10,POWYS,LANCASHIRE,Slaughterhouse,227,42
Jan-10,POWYS,LINCOLNSHIRE,Slaughterhouse,11,17
Jan-10,POWYS,MID GLAMORGAN,Slaughterhouse,325,0
Jan-10,POWYS,OXFORDSHIRE,Slaughterhouse,4,5
Jan-10,POWYS,POWYS,Slaughterhouse,396,0
Jan-10,POWYS,SHROPSHIRE,Slaughterhouse,558,23
Jan-10,POWYS,SOMERSET,Slaughterhouse,22,3
Jan-10,POWYS,SOUTH YORKSHIRE,Slaughterhouse,6,2
Jan-10,POWYS,STAFFORDSHIRE,Slaughterhouse,46,90
Jan-10,POWYS,STRATHCLYDE,Slaughterhouse,0,4
Jan-10,POWYS,SURREY,Slaughterhouse,1,7
Jan-10,POWYS,TYNE & WEAR,Slaughterhouse,6,6
Jan-10,POWYS,WARWICKSHIRE,Slaughterhouse,2,4
Jan-10,POWYS,WEST GLAMORGAN,Slaughterhouse,15,0
Jan-10,POWYS,WEST MIDLANDS,Slaughterhouse,0,3
Jan-10,POWYS,WEST YORKSHIRE,Slaughterhouse,0,2
Jan-10,POWYS,WILTSHIRE,Slaughterhouse,3,13
Jan-10,POWYS,,Slaughterhouse,190,97
Jan-10,SHETLAND,CUMBRIA,Slaughterhouse,0,3
Jan-10,SHETLAND,GRAMPIAN,Slaughterhouse,0,2
Jan-10,SHETLAND,HIGHLAND,Slaughterhouse,0,1
Jan-10,SHETLAND,SHETLAND,Slaughterhouse,11,0
Jan-10,SHETLAND,,Slaughterhouse,0,1
Jan-10,SHROPSHIRE,AVON,Slaughterhouse,166,41
Jan-10,SHROPSHIRE,BEDFORDSHIRE,Slaughterhouse,225,105
Jan-10,SHROPSHIRE,CHESHIRE,Slaughterhouse,466,92
Jan-10,SHROPSHIRE,CLWYD,Slaughterhouse,79,13
Jan-10,SHROPSHIRE,CUMBRIA,Slaughterhouse,35,18
Jan-10,SHROPSHIRE,DERBYSHIRE,Slaughterhouse,2,0
Jan-10,SHROPSHIRE,DEVON,Slaughterhouse,668,228
Jan-10,SHROPSHIRE,DURHAM,Slaughterhouse,128,40
Jan-10,SHROPSHIRE,GREATER MANCHESTER,Slaughterhouse,545,276
Jan-10,SHROPSHIRE,HAMPSHIRE,Slaughterhouse,37,9
Jan-10,SHROPSHIRE,HEREFORD & WORCESTER,Slaughterhouse,46,6
Jan-10,SHROPSHIRE,HUMBERSIDE,Slaughterhouse,36,10
Jan-10,SHROPSHIRE,LANCASHIRE,Slaughterhouse,475,57
Jan-10,SHROPSHIRE,LINCOLNSHIRE,Slaughterhouse,623,72
Jan-10,SHROPSHIRE,MID GLAMORGAN,Slaughterhouse,133,0
Jan-10,SHROPSHIRE,OXFORDSHIRE,Slaughterhouse,138,85
Jan-10,SHROPSHIRE,SHROPSHIRE,Slaughterhouse,"2,559",157
Jan-10,SHROPSHIRE,SOMERSET,Slaughterhouse,89,11
Jan-10,SHROPSHIRE,SOUTH YORKSHIRE,Slaughterhouse,133,26
Jan-10,SHROPSHIRE,STAFFORDSHIRE,Slaughterhouse,"1,108",584
Jan-10,SHROPSHIRE,STRATHCLYDE,Slaughterhouse,78,8
Jan-10,SHROPSHIRE,SURREY,Slaughterhouse,61,19
Jan-10,SHROPSHIRE,TYNE & WEAR,Slaughterhouse,19,9
Jan-10,SHROPSHIRE,WARWICKSHIRE,Slaughterhouse,58,22
Jan-10,SHROPSHIRE,WEST MIDLANDS,Slaughterhouse,65,11
Jan-10,SHROPSHIRE,WEST YORKSHIRE,Slaughterhouse,44,33
Jan-10,SHROPSHIRE,WILTSHIRE,Slaughterhouse,95,36
Jan-10,SHROPSHIRE,,Slaughterhouse,"1,012",309
Jan-10,SOMERSET,AVON,Slaughterhouse,560,54
Jan-10,SOMERSET,BEDFORDSHIRE,Slaughterhouse,94,55
Jan-10,SOMERSET,CENTRAL,Slaughterhouse,0,0
Jan-10,SOMERSET,CORNWALL,Slaughterhouse,267,43
Jan-10,SOMERSET,CUMBRIA,Slaughterhouse,1,0
Jan-10,SOMERSET,DEVON,Slaughterhouse,452,146
Jan-10,SOMERSET,DORSET,Slaughterhouse,39,2
Jan-10,SOMERSET,DYFED,Slaughterhouse,38,0
Jan-10,SOMERSET,EAST SUSSEX,Slaughterhouse,16,8
Jan-10,SOMERSET,GLOUCESTERSHIRE,Slaughterhouse,254,131
Jan-10,SOMERSET,LANCASHIRE,Slaughterhouse,38,28
Jan-10,SOMERSET,LINCOLNSHIRE,Slaughterhouse,230,96
Jan-10,SOMERSET,MID GLAMORGAN,Slaughterhouse,93,0
Jan-10,SOMERSET,OXFORDSHIRE,Slaughterhouse,73,45
Jan-10,SOMERSET,SHROPSHIRE,Slaughterhouse,190,52
Jan-10,SOMERSET,SOMERSET,Slaughterhouse,"1,492",29
Jan-10,SOMERSET,SOUTH YORKSHIRE,Slaughterhouse,60,5
Jan-10,SOMERSET,WILTSHIRE,Slaughterhouse,110,1
Jan-10,SOMERSET,,Slaughterhouse,748,168
Jan-10,SOUTH GLAMORGAN,AVON,Slaughterhouse,0,14
Jan-10,SOUTH GLAMORGAN,CUMBRIA,Slaughterhouse,0,2
Jan-10,SOUTH GLAMORGAN,DEVON,Slaughterhouse,0,1
Jan-10,SOUTH GLAMORGAN,DYFED,Slaughterhouse,39,3
Jan-10,SOUTH GLAMORGAN,GLOUCESTERSHIRE,Slaughterhouse,0,2
Jan-10,SOUTH GLAMORGAN,LANCASHIRE,Slaughterhouse,15,3
Jan-10,SOUTH GLAMORGAN,LINCOLNSHIRE,Slaughterhouse,93,3
Jan-10,SOUTH GLAMORGAN,MID GLAMORGAN,Slaughterhouse,240,0
Jan-10,SOUTH GLAMORGAN,OXFORDSHIRE,Slaughterhouse,0,3
Jan-10,SOUTH GLAMORGAN,SOMERSET,Slaughterhouse,36,0
Jan-10,SOUTH GLAMORGAN,WILTSHIRE,Slaughterhouse,0,2
Jan-10,SOUTH GLAMORGAN,,Slaughterhouse,2,2
Jan-10,SOUTH YORKSHIRE,BEDFORDSHIRE,Slaughterhouse,0,3
Jan-10,SOUTH YORKSHIRE,CENTRAL,Slaughterhouse,0,9
Jan-10,SOUTH YORKSHIRE,CHESHIRE,Slaughterhouse,74,0
Jan-10,SOUTH YORKSHIRE,CLEVELAND,Slaughterhouse,0,23
Jan-10,SOUTH YORKSHIRE,CORNWALL,Slaughterhouse,1,0
Jan-10,SOUTH YORKSHIRE,DERBYSHIRE,Slaughterhouse,4,3
Jan-10,SOUTH YORKSHIRE,DEVON,Slaughterhouse,0,3
Jan-10,SOUTH YORKSHIRE,GREATER MANCHESTER,Slaughterhouse,0,43
Jan-10,SOUTH YORKSHIRE,HUMBERSIDE,Slaughterhouse,3,1
Jan-10,SOUTH YORKSHIRE,LANCASHIRE,Slaughterhouse,30,1
Jan-10,SOUTH YORKSHIRE,LINCOLNSHIRE,Slaughterhouse,2,22
Jan-10,SOUTH YORKSHIRE,NORFOLK,Slaughterhouse,0,7
Jan-10,SOUTH YORKSHIRE,NORTH YORKSHIRE,Slaughterhouse,3,9
Jan-10,SOUTH YORKSHIRE,NOTTINGHAMSHIRE,Slaughterhouse,1,2
Jan-10,SOUTH YORKSHIRE,SOMERSET,Slaughterhouse,3,1
Jan-10,SOUTH YORKSHIRE,SOUTH YORKSHIRE,Slaughterhouse,580,13
Jan-10,SOUTH YORKSHIRE,STAFFORDSHIRE,Slaughterhouse,116,14
Jan-10,SOUTH YORKSHIRE,STRATHCLYDE,Slaughterhouse,0,7
Jan-10,SOUTH YORKSHIRE,TAYSIDE,Slaughterhouse,0,0
Jan-10,SOUTH YORKSHIRE,WEST YORKSHIRE,Slaughterhouse,86,27
Jan-10,SOUTH YORKSHIRE,WILTSHIRE,Slaughterhouse,3,2
Jan-10,SOUTH YORKSHIRE,,Slaughterhouse,192,1
Jan-10,STAFFORDSHIRE,AVON,Slaughterhouse,10,28
Jan-10,STAFFORDSHIRE,BEDFORDSHIRE,Slaughterhouse,5,62
Jan-10,STAFFORDSHIRE,CHESHIRE,Slaughterhouse,98,52
Jan-10,STAFFORDSHIRE,CLWYD,Slaughterhouse,7,0
Jan-10,STAFFORDSHIRE,CUMBRIA,Slaughterhouse,4,7
Jan-10,STAFFORDSHIRE,DERBYSHIRE,Slaughterhouse,13,18
Jan-10,STAFFORDSHIRE,DEVON,Slaughterhouse,20,162
Jan-10,STAFFORDSHIRE,DURHAM,Slaughterhouse,0,18
Jan-10,STAFFORDSHIRE,GLOUCESTERSHIRE,Slaughterhouse,0,1
Jan-10,STAFFORDSHIRE,GREATER MANCHESTER,Slaughterhouse,21,116
Jan-10,STAFFORDSHIRE,HAMPSHIRE,Slaughterhouse,0,1
Jan-10,STAFFORDSHIRE,HEREFORD & WORCESTER,Slaughterhouse,2,1
Jan-10,STAFFORDSHIRE,HUMBERSIDE,Slaughterhouse,1,6
Jan-10,STAFFORDSHIRE,LANCASHIRE,Slaughterhouse,309,32
Jan-10,STAFFORDSHIRE,LINCOLNSHIRE,Slaughterhouse,223,3
Jan-10,STAFFORDSHIRE,MID GLAMORGAN,Slaughterhouse,85,0
Jan-10,STAFFORDSHIRE,NORTH YORKSHIRE,Slaughterhouse,7,0
Jan-10,STAFFORDSHIRE,OXFORDSHIRE,Slaughterhouse,6,9
Jan-10,STAFFORDSHIRE,SHROPSHIRE,Slaughterhouse,929,77
Jan-10,STAFFORDSHIRE,SOMERSET,Slaughterhouse,20,8
Jan-10,STAFFORDSHIRE,SOUTH YORKSHIRE,Slaughterhouse,66,78
Jan-10,STAFFORDSHIRE,STAFFORDSHIRE,Slaughterhouse,"1,418",251
Jan-10,STAFFORDSHIRE,STRATHCLYDE,Slaughterhouse,19,10
Jan-10,STAFFORDSHIRE,SURREY,Slaughterhouse,56,0
Jan-10,STAFFORDSHIRE,WARWICKSHIRE,Slaughterhouse,1,1
Jan-10,STAFFORDSHIRE,WEST MIDLANDS,Slaughterhouse,0,1
Jan-10,STAFFORDSHIRE,WEST YORKSHIRE,Slaughterhouse,0,20
Jan-10,STAFFORDSHIRE,WILTSHIRE,Slaughterhouse,4,4
Jan-10,STAFFORDSHIRE,,Slaughterhouse,597,183
Jan-10,STRATHCLYDE,BORDERS,Slaughterhouse,0,4
Jan-10,STRATHCLYDE,CENTRAL,Slaughterhouse,735,29
Jan-10,STRATHCLYDE,CLEVELAND,Slaughterhouse,0,1
Jan-10,STRATHCLYDE,CUMBRIA,Slaughterhouse,155,136
Jan-10,STRATHCLYDE,DERBYSHIRE,Slaughterhouse,2,12
Jan-10,STRATHCLYDE,DEVON,Slaughterhouse,6,3
Jan-10,STRATHCLYDE,DUMFRIES & GALLOWAY,Slaughterhouse,1,0
Jan-10,STRATHCLYDE,GLOUCESTERSHIRE,Slaughterhouse,3,3
Jan-10,STRATHCLYDE,GRAMPIAN,Slaughterhouse,142,38
Jan-10,STRATHCLYDE,GREATER MANCHESTER,Slaughterhouse,0,7
Jan-10,STRATHCLYDE,HIGHLAND,Slaughterhouse,49,15
Jan-10,STRATHCLYDE,LANCASHIRE,Slaughterhouse,16,35
Jan-10,STRATHCLYDE,SHROPSHIRE,Slaughterhouse,3,3
Jan-10,STRATHCLYDE,SOUTH YORKSHIRE,Slaughterhouse,122,80
Jan-10,STRATHCLYDE,STRATHCLYDE,Slaughterhouse,"3,001",439
Jan-10,STRATHCLYDE,TAYSIDE,Slaughterhouse,571,123
Jan-10,STRATHCLYDE,WEST YORKSHIRE,Slaughterhouse,7,8
Jan-10,STRATHCLYDE,,Slaughterhouse,464,270
Jan-10,SUFFOLK,BEDFORDSHIRE,Slaughterhouse,78,2
Jan-10,SUFFOLK,CUMBRIA,Slaughterhouse,0,1
Jan-10,SUFFOLK,DEVON,Slaughterhouse,0,1
Jan-10,SUFFOLK,ESSEX,Slaughterhouse,65,92
Jan-10,SUFFOLK,GREATER LONDON,Slaughterhouse,0,1
Jan-10,SUFFOLK,HAMPSHIRE,Slaughterhouse,0,20
Jan-10,SUFFOLK,LANCASHIRE,Slaughterhouse,0,1
Jan-10,SUFFOLK,LINCOLNSHIRE,Slaughterhouse,484,1
Jan-10,SUFFOLK,MID GLAMORGAN,Slaughterhouse,99,0
Jan-10,SUFFOLK,NORFOLK,Slaughterhouse,411,74
Jan-10,SUFFOLK,SHROPSHIRE,Slaughterhouse,30,0
Jan-10,SUFFOLK,SOMERSET,Slaughterhouse,0,1
Jan-10,SUFFOLK,SOUTH YORKSHIRE,Slaughterhouse,23,0
Jan-10,SUFFOLK,SUFFOLK,Slaughterhouse,11,0
Jan-10,SUFFOLK,WEST YORKSHIRE,Slaughterhouse,0,1
Jan-10,SUFFOLK,,Slaughterhouse,105,3
Jan-10,SURREY,BEDFORDSHIRE,Slaughterhouse,0,1
Jan-10,SURREY,DEVON,Slaughterhouse,0,5
Jan-10,SURREY,EAST SUSSEX,Slaughterhouse,2,4
Jan-10,SURREY,ESSEX,Slaughterhouse,0,10
Jan-10,SURREY,GREATER LONDON,Slaughterhouse,0,3
Jan-10,SURREY,HAMPSHIRE,Slaughterhouse,26,5
Jan-10,SURREY,KENT,Slaughterhouse,38,8
Jan-10,SURREY,LANCASHIRE,Slaughterhouse,0,1
Jan-10,SURREY,MID GLAMORGAN,Slaughterhouse,16,0
Jan-10,SURREY,NORFOLK,Slaughterhouse,0,5
Jan-10,SURREY,SOMERSET,Slaughterhouse,9,1
Jan-10,SURREY,SURREY,Slaughterhouse,217,0
Jan-10,SURREY,WEST SUSSEX,Slaughterhouse,1,0
Jan-10,SURREY,,Slaughterhouse,12,0
Jan-10,TAYSIDE,CENTRAL,Slaughterhouse,868,32
Jan-10,TAYSIDE,CLEVELAND,Slaughterhouse,0,1
Jan-10,TAYSIDE,CUMBRIA,Slaughterhouse,1,9
Jan-10,TAYSIDE,DERBYSHIRE,Slaughterhouse,0,5
Jan-10,TAYSIDE,DURHAM,Slaughterhouse,0,1
Jan-10,TAYSIDE,FIFE,Slaughterhouse,167,59
Jan-10,TAYSIDE,GRAMPIAN,Slaughterhouse,778,67
Jan-10,TAYSIDE,HUMBERSIDE,Slaughterhouse,10,0
Jan-10,TAYSIDE,LANCASHIRE,Slaughterhouse,77,9
Jan-10,TAYSIDE,SOUTH YORKSHIRE,Slaughterhouse,1,0
Jan-10,TAYSIDE,STRATHCLYDE,Slaughterhouse,179,80
Jan-10,TAYSIDE,TAYSIDE,Slaughterhouse,950,26
Jan-10,TAYSIDE,,Slaughterhouse,185,60
Jan-10,TYNE & WEAR,BORDERS,Slaughterhouse,0,2
Jan-10,TYNE & WEAR,CENTRAL,Slaughterhouse,92,0
Jan-10,TYNE & WEAR,CLEVELAND,Slaughterhouse,0,8
Jan-10,TYNE & WEAR,CUMBRIA,Slaughterhouse,1,0
Jan-10,TYNE & WEAR,DERBYSHIRE,Slaughterhouse,0,1
Jan-10,TYNE & WEAR,DURHAM,Slaughterhouse,6,6
Jan-10,TYNE & WEAR,GREATER MANCHESTER,Slaughterhouse,0,2
Jan-10,TYNE & WEAR,HUMBERSIDE,Slaughterhouse,15,2
Jan-10,TYNE & WEAR,LANCASHIRE,Slaughterhouse,22,0
Jan-10,TYNE & WEAR,NORTH YORKSHIRE,Slaughterhouse,12,3
Jan-10,TYNE & WEAR,SOUTH YORKSHIRE,Slaughterhouse,23,0
Jan-10,TYNE & WEAR,TAYSIDE,Slaughterhouse,5,8
Jan-10,TYNE & WEAR,TYNE & WEAR,Slaughterhouse,63,0
Jan-10,TYNE & WEAR,WEST YORKSHIRE,Slaughterhouse,0,1
Jan-10,TYNE & WEAR,,Slaughterhouse,0,2
Jan-10,WARWICKSHIRE,AVON,Slaughterhouse,0,3
Jan-10,WARWICKSHIRE,BEDFORDSHIRE,Slaughterhouse,55,15
Jan-10,WARWICKSHIRE,CENTRAL,Slaughterhouse,8,0
Jan-10,WARWICKSHIRE,CHESHIRE,Slaughterhouse,0,3
Jan-10,WARWICKSHIRE,CUMBRIA,Slaughterhouse,0,4
Jan-10,WARWICKSHIRE,DERBYSHIRE,Slaughterhouse,1,6
Jan-10,WARWICKSHIRE,DEVON,Slaughterhouse,0,10
Jan-10,WARWICKSHIRE,DYFED,Slaughterhouse,0,1
Jan-10,WARWICKSHIRE,ESSEX,Slaughterhouse,0,2
Jan-10,WARWICKSHIRE,GLOUCESTERSHIRE,Slaughterhouse,1,0
Jan-10,WARWICKSHIRE,GREATER MANCHESTER,Slaughterhouse,0,12
Jan-10,WARWICKSHIRE,HAMPSHIRE,Slaughterhouse,2,1
Jan-10,WARWICKSHIRE,HEREFORD & WORCESTER,Slaughterhouse,25,1
Jan-10,WARWICKSHIRE,LANCASHIRE,Slaughterhouse,14,11
Jan-10,WARWICKSHIRE,LEICESTERSHIRE,Slaughterhouse,80,17
Jan-10,WARWICKSHIRE,LINCOLNSHIRE,Slaughterhouse,407,37
Jan-10,WARWICKSHIRE,MID GLAMORGAN,Slaughterhouse,282,0
Jan-10,WARWICKSHIRE,NORFOLK,Slaughterhouse,0,3
Jan-10,WARWICKSHIRE,NORTH YORKSHIRE,Slaughterhouse,15,14
Jan-10,WARWICKSHIRE,NOTTINGHAMSHIRE,Slaughterhouse,0,8
Jan-10,WARWICKSHIRE,OXFORDSHIRE,Slaughterhouse,122,45
Jan-10,WARWICKSHIRE,SHROPSHIRE,Slaughterhouse,118,14
Jan-10,WARWICKSHIRE,SOMERSET,Slaughterhouse,18,1
Jan-10,WARWICKSHIRE,SOUTH YORKSHIRE,Slaughterhouse,17,12
Jan-10,WARWICKSHIRE,STAFFORDSHIRE,Slaughterhouse,65,23
Jan-10,WARWICKSHIRE,STRATHCLYDE,Slaughterhouse,0,2
Jan-10,WARWICKSHIRE,SURREY,Slaughterhouse,89,5
Jan-10,WARWICKSHIRE,WARWICKSHIRE,Slaughterhouse,78,4
Jan-10,WARWICKSHIRE,WEST MIDLANDS,Slaughterhouse,7,0
Jan-10,WARWICKSHIRE,WEST YORKSHIRE,Slaughterhouse,1,4
Jan-10,WARWICKSHIRE,WILTSHIRE,Slaughterhouse,0,3
Jan-10,WARWICKSHIRE,,Slaughterhouse,160,14
Jan-10,WESTERN ISLES,WESTERN ISLES,Slaughterhouse,1,0
Jan-10,WESTERN ISLES,,Slaughterhouse,2,0
Jan-10,WEST GLAMORGAN,AVON,Slaughterhouse,1,8
Jan-10,WEST GLAMORGAN,BEDFORDSHIRE,Slaughterhouse,0,2
Jan-10,WEST GLAMORGAN,DEVON,Slaughterhouse,1,3
Jan-10,WEST GLAMORGAN,DYFED,Slaughterhouse,26,1
Jan-10,WEST GLAMORGAN,GREATER MANCHESTER,Slaughterhouse,0,1
Jan-10,WEST GLAMORGAN,HEREFORD & WORCESTER,Slaughterhouse,0,1
Jan-10,WEST GLAMORGAN,LANCASHIRE,Slaughterhouse,10,8
Jan-10,WEST GLAMORGAN,LINCOLNSHIRE,Slaughterhouse,14,0
Jan-10,WEST GLAMORGAN,MID GLAMORGAN,Slaughterhouse,122,0
Jan-10,WEST GLAMORGAN,OXFORDSHIRE,Slaughterhouse,0,1
Jan-10,WEST GLAMORGAN,SHROPSHIRE,Slaughterhouse,12,0
Jan-10,WEST GLAMORGAN,STAFFORDSHIRE,Slaughterhouse,2,1
Jan-10,WEST GLAMORGAN,WEST GLAMORGAN,Slaughterhouse,48,0
Jan-10,WEST GLAMORGAN,,Slaughterhouse,6,1
Jan-10,WEST MIDLANDS,AVON,Slaughterhouse,0,2
Jan-10,WEST MIDLANDS,BEDFORDSHIRE,Slaughterhouse,0,2
Jan-10,WEST MIDLANDS,CHESHIRE,Slaughterhouse,0,1
Jan-10,WEST MIDLANDS,DEVON,Slaughterhouse,0,1
Jan-10,WEST MIDLANDS,DYFED,Slaughterhouse,0,1
Jan-10,WEST MIDLANDS,GLOUCESTERSHIRE,Slaughterhouse,0,2
Jan-10,WEST MIDLANDS,HEREFORD & WORCESTER,Slaughterhouse,0,1
Jan-10,WEST MIDLANDS,LEICESTERSHIRE,Slaughterhouse,3,1
Jan-10,WEST MIDLANDS,LINCOLNSHIRE,Slaughterhouse,8,4
Jan-10,WEST MIDLANDS,NORTH YORKSHIRE,Slaughterhouse,0,1
Jan-10,WEST MIDLANDS,OXFORDSHIRE,Slaughterhouse,1,14
Jan-10,WEST MIDLANDS,SOUTH YORKSHIRE,Slaughterhouse,0,3
Jan-10,WEST MIDLANDS,STAFFORDSHIRE,Slaughterhouse,14,3
Jan-10,WEST MIDLANDS,SURREY,Slaughterhouse,0,1
Jan-10,WEST MIDLANDS,WARWICKSHIRE,Slaughterhouse,1,0
Jan-10,WEST MIDLANDS,,Slaughterhouse,24,2
Jan-10,WEST SUSSEX,AVON,Slaughterhouse,11,0
Jan-10,WEST SUSSEX,BEDFORDSHIRE,Slaughterhouse,12,10
Jan-10,WEST SUSSEX,DEVON,Slaughterhouse,0,3
Jan-10,WEST SUSSEX,EAST SUSSEX,Slaughterhouse,11,6
Jan-10,WEST SUSSEX,GREATER LONDON,Slaughterhouse,2,0
Jan-10,WEST SUSSEX,HAMPSHIRE,Slaughterhouse,17,8
Jan-10,WEST SUSSEX,KENT,Slaughterhouse,20,2
Jan-10,WEST SUSSEX,LANCASHIRE,Slaughterhouse,0,2
Jan-10,WEST SUSSEX,LINCOLNSHIRE,Slaughterhouse,118,0
Jan-10,WEST SUSSEX,MID GLAMORGAN,Slaughterhouse,70,0
Jan-10,WEST SUSSEX,SHROPSHIRE,Slaughterhouse,8,0
Jan-10,WEST SUSSEX,SOMERSET,Slaughterhouse,401,14
Jan-10,WEST SUSSEX,SURREY,Slaughterhouse,100,0
Jan-10,WEST SUSSEX,WEST SUSSEX,Slaughterhouse,28,0
Jan-10,WEST SUSSEX,WILTSHIRE,Slaughterhouse,0,0
Jan-10,WEST SUSSEX,,Slaughterhouse,46,0
Jan-10,WEST YORKSHIRE,CENTRAL,Slaughterhouse,0,4
Jan-10,WEST YORKSHIRE,CHESHIRE,Slaughterhouse,1,2
Jan-10,WEST YORKSHIRE,CLEVELAND,Slaughterhouse,2,36
Jan-10,WEST YORKSHIRE,DERBYSHIRE,Slaughterhouse,0,1
Jan-10,WEST YORKSHIRE,DEVON,Slaughterhouse,0,1
Jan-10,WEST YORKSHIRE,DURHAM,Slaughterhouse,71,35
Jan-10,WEST YORKSHIRE,GREATER MANCHESTER,Slaughterhouse,55,76
Jan-10,WEST YORKSHIRE,HUMBERSIDE,Slaughterhouse,43,16
Jan-10,WEST YORKSHIRE,LANCASHIRE,Slaughterhouse,300,6
Jan-10,WEST YORKSHIRE,LINCOLNSHIRE,Slaughterhouse,0,18
Jan-10,WEST YORKSHIRE,NORTH YORKSHIRE,Slaughterhouse,32,22
Jan-10,WEST YORKSHIRE,SOMERSET,Slaughterhouse,8,4
Jan-10,WEST YORKSHIRE,SOUTH YORKSHIRE,Slaughterhouse,280,42
Jan-10,WEST YORKSHIRE,STRATHCLYDE,Slaughterhouse,0,4
Jan-10,WEST YORKSHIRE,WEST YORKSHIRE,Slaughterhouse,569,158
Jan-10,WEST YORKSHIRE,,Slaughterhouse,74,12
Jan-10,WILTSHIRE,AVON,Slaughterhouse,458,3
Jan-10,WILTSHIRE,BEDFORDSHIRE,Slaughterhouse,68,0
Jan-10,WILTSHIRE,CENTRAL,Slaughterhouse,0,0
Jan-10,WILTSHIRE,CORNWALL,Slaughterhouse,2,0
Jan-10,WILTSHIRE,CUMBRIA,Slaughterhouse,4,8
Jan-10,WILTSHIRE,DEVON,Slaughterhouse,49,26
Jan-10,WILTSHIRE,DORSET,Slaughterhouse,13,0
Jan-10,WILTSHIRE,DYFED,Slaughterhouse,20,24
Jan-10,WILTSHIRE,GLOUCESTERSHIRE,Slaughterhouse,7,45
Jan-10,WILTSHIRE,HAMPSHIRE,Slaughterhouse,30,0
Jan-10,WILTSHIRE,LINCOLNSHIRE,Slaughterhouse,82,0
Jan-10,WILTSHIRE,MID GLAMORGAN,Slaughterhouse,115,4
Jan-10,WILTSHIRE,NORTH YORKSHIRE,Slaughterhouse,0,1
Jan-10,WILTSHIRE,OXFORDSHIRE,Slaughterhouse,29,16
Jan-10,WILTSHIRE,SHROPSHIRE,Slaughterhouse,5,11
Jan-10,WILTSHIRE,SOMERSET,Slaughterhouse,775,9
Jan-10,WILTSHIRE,SURREY,Slaughterhouse,48,0
Jan-10,WILTSHIRE,WILTSHIRE,Slaughterhouse,219,13
Jan-10,WILTSHIRE,,Slaughterhouse,291,27
Jan-10,0,BORDERS,Slaughterhouse,0,0
Jan-10,0,CUMBRIA,Slaughterhouse,0,4
Jan-10,0,FIFE,Slaughterhouse,0,0
Jan-10,0,GRAMPIAN,Slaughterhouse,1,0
Jan-10,0,LANCASHIRE,Slaughterhouse,12,0
Jan-10,0,SHETLAND,Slaughterhouse,1,0
Jan-10,0,SOMERSET,Slaughterhouse,2,3
Jan-10,0,SOUTH YORKSHIRE,Slaughterhouse,8,2
Jan-10,0,STRATHCLYDE,Slaughterhouse,10,0
Jan-10,0,WEST YORKSHIRE,Slaughterhouse,0,0
Feb-10,AVON,AVON,Slaughterhouse,754,11
Feb-10,AVON,BEDFORDSHIRE,Slaughterhouse,31,5
Feb-10,AVON,CORNWALL,Slaughterhouse,30,31
Feb-10,AVON,DEVON,Slaughterhouse,0,14
Feb-10,AVON,DYFED,Slaughterhouse,8,5
Feb-10,AVON,GLOUCESTERSHIRE,Slaughterhouse,21,49
Feb-10,AVON,HUMBERSIDE,Slaughterhouse,18,0
Feb-10,AVON,LANCASHIRE,Slaughterhouse,26,6
Feb-10,AVON,LINCOLNSHIRE,Slaughterhouse,122,12
Feb-10,AVON,MID GLAMORGAN,Slaughterhouse,102,0
Feb-10,AVON,OXFORDSHIRE,Slaughterhouse,0,18
Feb-10,AVON,SHROPSHIRE,Slaughterhouse,3,10
Feb-10,AVON,SOMERSET,Slaughterhouse,34,18
Feb-10,AVON,SOUTH YORKSHIRE,Slaughterhouse,3,0
Feb-10,AVON,STAFFORDSHIRE,Slaughterhouse,15,0
Feb-10,AVON,WILTSHIRE,Slaughterhouse,425,57
Feb-10,AVON,,Slaughterhouse,13,32
Feb-10,BEDFORDSHIRE,BEDFORDSHIRE,Slaughterhouse,168,0
Feb-10,BEDFORDSHIRE,CAMBRIDGESHIRE,Slaughterhouse,13,0
Feb-10,BEDFORDSHIRE,GREATER LONDON,Slaughterhouse,11,0
Feb-10,BEDFORDSHIRE,LEICESTERSHIRE,Slaughterhouse,4,0
Feb-10,BEDFORDSHIRE,LINCOLNSHIRE,Slaughterhouse,136,0
Feb-10,BEDFORDSHIRE,OXFORDSHIRE,Slaughterhouse,2,0
Feb-10,BEDFORDSHIRE,SHROPSHIRE,Slaughterhouse,13,0
Feb-10,BEDFORDSHIRE,SURREY,Slaughterhouse,4,0
Feb-10,BERKSHIRE,AVON,Slaughterhouse,16,2
Feb-10,BERKSHIRE,BEDFORDSHIRE,Slaughterhouse,33,0
Feb-10,BERKSHIRE,CUMBRIA,Slaughterhouse,0,1
Feb-10,BERKSHIRE,DYFED,Slaughterhouse,0,3
Feb-10,BERKSHIRE,GLOUCESTERSHIRE,Slaughterhouse,0,6
Feb-10,BERKSHIRE,HAMPSHIRE,Slaughterhouse,164,1
Feb-10,BERKSHIRE,LINCOLNSHIRE,Slaughterhouse,67,0
Feb-10,BERKSHIRE,MID GLAMORGAN,Slaughterhouse,16,0
Feb-10,BERKSHIRE,OXFORDSHIRE,Slaughterhouse,11,1
Feb-10,BERKSHIRE,SHROPSHIRE,Slaughterhouse,7,0
Feb-10,BERKSHIRE,SOMERSET,Slaughterhouse,32,0
Feb-10,BERKSHIRE,SOUTH YORKSHIRE,Slaughterhouse,0,8
Feb-10,BERKSHIRE,SURREY,Slaughterhouse,52,0
Feb-10,BERKSHIRE,WILTSHIRE,Slaughterhouse,2,0
Feb-10,BORDERS,BORDERS,Slaughterhouse,270,142
Feb-10,BORDERS,CENTRAL,Slaughterhouse,"1,135",56
Feb-10,BORDERS,CLEVELAND,Slaughterhouse,3,0
Feb-10,BORDERS,CUMBRIA,Slaughterhouse,44,17
Feb-10,BORDERS,DERBYSHIRE,Slaughterhouse,0,3
Feb-10,BORDERS,DURHAM,Slaughterhouse,14,13
Feb-10,BORDERS,GRAMPIAN,Slaughterhouse,243,29
Feb-10,BORDERS,GREATER MANCHESTER,Slaughterhouse,0,1
Feb-10,BORDERS,HIGHLAND,Slaughterhouse,59,15
Feb-10,BORDERS,LANCASHIRE,Slaughterhouse,137,4
Feb-10,BORDERS,NORTH YORKSHIRE,Slaughterhouse,20,0
Feb-10,BORDERS,SHROPSHIRE,Slaughterhouse,24,4
Feb-10,BORDERS,SOUTH YORKSHIRE,Slaughterhouse,174,2
Feb-10,BORDERS,STRATHCLYDE,Slaughterhouse,"1,021",97
Feb-10,BORDERS,TAYSIDE,Slaughterhouse,147,67
Feb-10,BORDERS,TYNE & WEAR,Slaughterhouse,13,0
Feb-10,BORDERS,WEST YORKSHIRE,Slaughterhouse,82,57
Feb-10,BORDERS,,Slaughterhouse,157,45
Feb-10,BUCKINGHAMSHIRE,AVON,Slaughterhouse,19,0
Feb-10,BUCKINGHAMSHIRE,BEDFORDSHIRE,Slaughterhouse,324,0
Feb-10,BUCKINGHAMSHIRE,CENTRAL,Slaughterhouse,139,0
Feb-10,BUCKINGHAMSHIRE,DERBYSHIRE,Slaughterhouse,0,3
Feb-10,BUCKINGHAMSHIRE,GREATER LONDON,Slaughterhouse,13,0
Feb-10,BUCKINGHAMSHIRE,GREATER MANCHESTER,Slaughterhouse,0,1
Feb-10,BUCKINGHAMSHIRE,HAMPSHIRE,Slaughterhouse,7,8
Feb-10,BUCKINGHAMSHIRE,LANCASHIRE,Slaughterhouse,311,0
Feb-10,BUCKINGHAMSHIRE,LINCOLNSHIRE,Slaughterhouse,290,7
Feb-10,BUCKINGHAMSHIRE,MID GLAMORGAN,Slaughterhouse,274,12
Feb-10,BUCKINGHAMSHIRE,NORFOLK,Slaughterhouse,39,3
Feb-10,BUCKINGHAMSHIRE,NORTH YORKSHIRE,Slaughterhouse,0,3
Feb-10,BUCKINGHAMSHIRE,NOTTINGHAMSHIRE,Slaughterhouse,0,1
Feb-10,BUCKINGHAMSHIRE,OXFORDSHIRE,Slaughterhouse,48,9
Feb-10,BUCKINGHAMSHIRE,SHROPSHIRE,Slaughterhouse,5,0
Feb-10,BUCKINGHAMSHIRE,SOMERSET,Slaughterhouse,14,0
Feb-10,BUCKINGHAMSHIRE,SOUTH YORKSHIRE,Slaughterhouse,81,25
Feb-10,BUCKINGHAMSHIRE,STAFFORDSHIRE,Slaughterhouse,0,5
Feb-10,BUCKINGHAMSHIRE,STRATHCLYDE,Slaughterhouse,33,0
Feb-10,BUCKINGHAMSHIRE,SURREY,Slaughterhouse,149,1
Feb-10,BUCKINGHAMSHIRE,WILTSHIRE,Slaughterhouse,27,2
Feb-10,BUCKINGHAMSHIRE,,Slaughterhouse,110,6
Feb-10,CAMBRIDGESHIRE,BEDFORDSHIRE,Slaughterhouse,177,3
Feb-10,CAMBRIDGESHIRE,CAMBRIDGESHIRE,Slaughterhouse,40,0
Feb-10,CAMBRIDGESHIRE,CORNWALL,Slaughterhouse,120,0
Feb-10,CAMBRIDGESHIRE,CUMBRIA,Slaughterhouse,0,1
Feb-10,CAMBRIDGESHIRE,DERBYSHIRE,Slaughterhouse,0,5
Feb-10,CAMBRIDGESHIRE,ESSEX,Slaughterhouse,4,19
Feb-10,CAMBRIDGESHIRE,GREATER MANCHESTER,Slaughterhouse,5,12
Feb-10,CAMBRIDGESHIRE,HAMPSHIRE,Slaughterhouse,0,3
Feb-10,CAMBRIDGESHIRE,LANCASHIRE,Slaughterhouse,0,7
Feb-10,CAMBRIDGESHIRE,LINCOLNSHIRE,Slaughterhouse,416,18
Feb-10,CAMBRIDGESHIRE,NORFOLK,Slaughterhouse,22,9
Feb-10,CAMBRIDGESHIRE,NORTH YORKSHIRE,Slaughterhouse,0,17
Feb-10,CAMBRIDGESHIRE,NOTTINGHAMSHIRE,Slaughterhouse,0,10
Feb-10,CAMBRIDGESHIRE,OXFORDSHIRE,Slaughterhouse,0,5
Feb-10,CAMBRIDGESHIRE,SHROPSHIRE,Slaughterhouse,56,2
Feb-10,CAMBRIDGESHIRE,SOUTH YORKSHIRE,Slaughterhouse,0,13
Feb-10,CAMBRIDGESHIRE,STAFFORDSHIRE,Slaughterhouse,0,4
Feb-10,CAMBRIDGESHIRE,SURREY,Slaughterhouse,0,3
Feb-10,CAMBRIDGESHIRE,WEST YORKSHIRE,Slaughterhouse,0,4
Feb-10,CAMBRIDGESHIRE,,Slaughterhouse,30,17
Feb-10,CENTRAL,BORDERS,Slaughterhouse,6,5
Feb-10,CENTRAL,CENTRAL,Slaughterhouse,617,25
Feb-10,CENTRAL,CLEVELAND,Slaughterhouse,2,0
Feb-10,CENTRAL,CUMBRIA,Slaughterhouse,45,12
Feb-10,CENTRAL,DERBYSHIRE,Slaughterhouse,21,1
Feb-10,CENTRAL,FIFE,Slaughterhouse,2,0
Feb-10,CENTRAL,GRAMPIAN,Slaughterhouse,41,4
Feb-10,CENTRAL,HIGHLAND,Slaughterhouse,1,1
Feb-10,CENTRAL,LANCASHIRE,Slaughterhouse,90,14
Feb-10,CENTRAL,SOUTH YORKSHIRE,Slaughterhouse,3,2
Feb-10,CENTRAL,STRATHCLYDE,Slaughterhouse,340,47
Feb-10,CENTRAL,TAYSIDE,Slaughterhouse,291,27
Feb-10,CENTRAL,,Slaughterhouse,96,24
Feb-10,CHESHIRE,AVON,Slaughterhouse,172,83
Feb-10,CHESHIRE,BEDFORDSHIRE,Slaughterhouse,39,48
Feb-10,CHESHIRE,CHESHIRE,Slaughterhouse,697,85
Feb-10,CHESHIRE,CLWYD,Slaughterhouse,7,21
Feb-10,CHESHIRE,CUMBRIA,Slaughterhouse,36,4
Feb-10,CHESHIRE,DERBYSHIRE,Slaughterhouse,12,19
Feb-10,CHESHIRE,DEVON,Slaughterhouse,194,225
Feb-10,CHESHIRE,DURHAM,Slaughterhouse,0,8
Feb-10,CHESHIRE,GREATER MANCHESTER,Slaughterhouse,124,74
Feb-10,CHESHIRE,GWYNEDD,Slaughterhouse,0,1
Feb-10,CHESHIRE,HUMBERSIDE,Slaughterhouse,155,116
Feb-10,CHESHIRE,LANCASHIRE,Slaughterhouse,657,33
Feb-10,CHESHIRE,LINCOLNSHIRE,Slaughterhouse,86,9
Feb-10,CHESHIRE,MERSEYSIDE,Slaughterhouse,6,0
Feb-10,CHESHIRE,MID GLAMORGAN,Slaughterhouse,6,0
Feb-10,CHESHIRE,NORTH YORKSHIRE,Slaughterhouse,15,0
Feb-10,CHESHIRE,NOTTINGHAMSHIRE,Slaughterhouse,0,2
Feb-10,CHESHIRE,OXFORDSHIRE,Slaughterhouse,0,5
Feb-10,CHESHIRE,SHROPSHIRE,Slaughterhouse,465,73
Feb-10,CHESHIRE,SOMERSET,Slaughterhouse,4,0
Feb-10,CHESHIRE,SOUTH YORKSHIRE,Slaughterhouse,69,22
Feb-10,CHESHIRE,STAFFORDSHIRE,Slaughterhouse,539,369
Feb-10,CHESHIRE,STRATHCLYDE,Slaughterhouse,135,0
Feb-10,CHESHIRE,SURREY,Slaughterhouse,30,4
Feb-10,CHESHIRE,TYNE & WEAR,Slaughterhouse,4,2
Feb-10,CHESHIRE,WEST YORKSHIRE,Slaughterhouse,68,78
Feb-10,CHESHIRE,,Slaughterhouse,428,217
Feb-10,CLEVELAND,BORDERS,Slaughterhouse,0,6
Feb-10,CLEVELAND,CENTRAL,Slaughterhouse,0,12
Feb-10,CLEVELAND,CLEVELAND,Slaughterhouse,38,81
Feb-10,CLEVELAND,CUMBRIA,Slaughterhouse,0,12
Feb-10,CLEVELAND,DURHAM,Slaughterhouse,6,64
Feb-10,CLEVELAND,GREATER MANCHESTER,Slaughterhouse,1,36
Feb-10,CLEVELAND,HUMBERSIDE,Slaughterhouse,14,3
Feb-10,CLEVELAND,LANCASHIRE,Slaughterhouse,0,6
Feb-10,CLEVELAND,LINCOLNSHIRE,Slaughterhouse,0,4
Feb-10,CLEVELAND,NORTH YORKSHIRE,Slaughterhouse,68,45
Feb-10,CLEVELAND,SHROPSHIRE,Slaughterhouse,0,26
Feb-10,CLEVELAND,SOUTH YORKSHIRE,Slaughterhouse,8,0
Feb-10,CLEVELAND,STRATHCLYDE,Slaughterhouse,1,1
Feb-10,CLEVELAND,TAYSIDE,Slaughterhouse,0,7
Feb-10,CLEVELAND,WEST YORKSHIRE,Slaughterhouse,1,51
Feb-10,CLEVELAND,,Slaughterhouse,0,8
Feb-10,CLWYD,AVON,Slaughterhouse,62,67
Feb-10,CLWYD,BEDFORDSHIRE,Slaughterhouse,1,17
Feb-10,CLWYD,CHESHIRE,Slaughterhouse,146,39
Feb-10,CLWYD,CLWYD,Slaughterhouse,328,78
Feb-10,CLWYD,CUMBRIA,Slaughterhouse,1,2
Feb-10,CLWYD,DEVON,Slaughterhouse,2,30
Feb-10,CLWYD,DURHAM,Slaughterhouse,0,3
Feb-10,CLWYD,GREATER MANCHESTER,Slaughterhouse,35,38
Feb-10,CLWYD,GWYNEDD,Slaughterhouse,122,118
Feb-10,CLWYD,HUMBERSIDE,Slaughterhouse,29,22
Feb-10,CLWYD,LANCASHIRE,Slaughterhouse,635,77
Feb-10,CLWYD,LINCOLNSHIRE,Slaughterhouse,28,0
Feb-10,CLWYD,MID GLAMORGAN,Slaughterhouse,11,0
Feb-10,CLWYD,NOTTINGHAMSHIRE,Slaughterhouse,1,0
Feb-10,CLWYD,OXFORDSHIRE,Slaughterhouse,0,1
Feb-10,CLWYD,POWYS,Slaughterhouse,5,0
Feb-10,CLWYD,SHROPSHIRE,Slaughterhouse,715,51
Feb-10,CLWYD,SOMERSET,Slaughterhouse,17,11
Feb-10,CLWYD,SOUTH YORKSHIRE,Slaughterhouse,51,41
Feb-10,CLWYD,STAFFORDSHIRE,Slaughterhouse,83,69
Feb-10,CLWYD,STRATHCLYDE,Slaughterhouse,2,0
Feb-10,CLWYD,SURREY,Slaughterhouse,33,37
Feb-10,CLWYD,TYNE & WEAR,Slaughterhouse,56,43
Feb-10,CLWYD,WEST YORKSHIRE,Slaughterhouse,129,97
Feb-10,CLWYD,,Slaughterhouse,214,93
Feb-10,CORNWALL,BEDFORDSHIRE,Slaughterhouse,119,66
Feb-10,CORNWALL,CORNWALL,Slaughterhouse,"4,441",276
Feb-10,CORNWALL,DEVON,Slaughterhouse,374,156
Feb-10,CORNWALL,DORSET,Slaughterhouse,10,0
Feb-10,CORNWALL,LANCASHIRE,Slaughterhouse,443,15
Feb-10,CORNWALL,MID GLAMORGAN,Slaughterhouse,22,1
Feb-10,CORNWALL,SHROPSHIRE,Slaughterhouse,0,10
Feb-10,CORNWALL,SOMERSET,Slaughterhouse,221,5
Feb-10,CORNWALL,SOUTH YORKSHIRE,Slaughterhouse,45,4
Feb-10,CORNWALL,STAFFORDSHIRE,Slaughterhouse,8,0
Feb-10,CORNWALL,WILTSHIRE,Slaughterhouse,0,6
Feb-10,CORNWALL,,Slaughterhouse,6,49
Feb-10,CUMBRIA,BORDERS,Slaughterhouse,10,9
Feb-10,CUMBRIA,CENTRAL,Slaughterhouse,304,89
Feb-10,CUMBRIA,CHESHIRE,Slaughterhouse,5,3
Feb-10,CUMBRIA,CLEVELAND,Slaughterhouse,246,187
Feb-10,CUMBRIA,CUMBRIA,Slaughterhouse,"1,842",402
Feb-10,CUMBRIA,DEVON,Slaughterhouse,5,10
Feb-10,CUMBRIA,DUMFRIES & GALLOWAY,Slaughterhouse,19,8
Feb-10,CUMBRIA,DURHAM,Slaughterhouse,237,183
Feb-10,CUMBRIA,DYFED,Slaughterhouse,10,0
Feb-10,CUMBRIA,GREATER MANCHESTER,Slaughterhouse,183,229
Feb-10,CUMBRIA,HUMBERSIDE,Slaughterhouse,8,28
Feb-10,CUMBRIA,LANCASHIRE,Slaughterhouse,"2,387",499
Feb-10,CUMBRIA,LINCOLNSHIRE,Slaughterhouse,0,0
Feb-10,CUMBRIA,MID GLAMORGAN,Slaughterhouse,5,0
Feb-10,CUMBRIA,NORTH YORKSHIRE,Slaughterhouse,17,0
Feb-10,CUMBRIA,OXFORDSHIRE,Slaughterhouse,0,1
Feb-10,CUMBRIA,SHROPSHIRE,Slaughterhouse,150,49
Feb-10,CUMBRIA,SOUTH YORKSHIRE,Slaughterhouse,11,5
Feb-10,CUMBRIA,STAFFORDSHIRE,Slaughterhouse,0,2
Feb-10,CUMBRIA,STRATHCLYDE,Slaughterhouse,215,83
Feb-10,CUMBRIA,TAYSIDE,Slaughterhouse,138,25
Feb-10,CUMBRIA,TYNE & WEAR,Slaughterhouse,48,3
Feb-10,CUMBRIA,WEST YORKSHIRE,Slaughterhouse,126,111
Feb-10,CUMBRIA,,Slaughterhouse,193,114
Feb-10,DERBYSHIRE,AVON,Slaughterhouse,8,3
Feb-10,DERBYSHIRE,BEDFORDSHIRE,Slaughterhouse,79,75
Feb-10,DERBYSHIRE,CHESHIRE,Slaughterhouse,16,1
Feb-10,DERBYSHIRE,CLEVELAND,Slaughterhouse,0,3
Feb-10,DERBYSHIRE,CUMBRIA,Slaughterhouse,0,1
Feb-10,DERBYSHIRE,DERBYSHIRE,Slaughterhouse,305,61
Feb-10,DERBYSHIRE,DEVON,Slaughterhouse,85,68
Feb-10,DERBYSHIRE,DURHAM,Slaughterhouse,0,6
Feb-10,DERBYSHIRE,GREATER LONDON,Slaughterhouse,1,0
Feb-10,DERBYSHIRE,GREATER MANCHESTER,Slaughterhouse,43,40
Feb-10,DERBYSHIRE,HUMBERSIDE,Slaughterhouse,12,5
Feb-10,DERBYSHIRE,LANCASHIRE,Slaughterhouse,250,54
Feb-10,DERBYSHIRE,LINCOLNSHIRE,Slaughterhouse,293,64
Feb-10,DERBYSHIRE,MID GLAMORGAN,Slaughterhouse,69,0
Feb-10,DERBYSHIRE,NORFOLK,Slaughterhouse,0,4
Feb-10,DERBYSHIRE,NORTH YORKSHIRE,Slaughterhouse,13,3
Feb-10,DERBYSHIRE,NOTTINGHAMSHIRE,Slaughterhouse,6,2
Feb-10,DERBYSHIRE,OXFORDSHIRE,Slaughterhouse,54,46
Feb-10,DERBYSHIRE,SHROPSHIRE,Slaughterhouse,203,79
Feb-10,DERBYSHIRE,SOMERSET,Slaughterhouse,16,4
Feb-10,DERBYSHIRE,SOUTH YORKSHIRE,Slaughterhouse,603,119
Feb-10,DERBYSHIRE,STAFFORDSHIRE,Slaughterhouse,646,318
Feb-10,DERBYSHIRE,SURREY,Slaughterhouse,6,7
Feb-10,DERBYSHIRE,WEST MIDLANDS,Slaughterhouse,7,4
Feb-10,DERBYSHIRE,WEST YORKSHIRE,Slaughterhouse,157,63
Feb-10,DERBYSHIRE,,Slaughterhouse,239,89
Feb-10,DEVON,AVON,Slaughterhouse,67,13
Feb-10,DEVON,BEDFORDSHIRE,Slaughterhouse,60,51
Feb-10,DEVON,CORNWALL,Slaughterhouse,"3,782",144
Feb-10,DEVON,DEVON,Slaughterhouse,"2,415",250
Feb-10,DEVON,DORSET,Slaughterhouse,53,2
Feb-10,DEVON,DURHAM,Slaughterhouse,0,2
Feb-10,DEVON,DYFED,Slaughterhouse,1,1
Feb-10,DEVON,GLOUCESTERSHIRE,Slaughterhouse,43,47
Feb-10,DEVON,LANCASHIRE,Slaughterhouse,99,4
Feb-10,DEVON,LINCOLNSHIRE,Slaughterhouse,97,45
Feb-10,DEVON,MID GLAMORGAN,Slaughterhouse,122,0
Feb-10,DEVON,OXFORDSHIRE,Slaughterhouse,0,12
Feb-10,DEVON,SHROPSHIRE,Slaughterhouse,544,339
Feb-10,DEVON,SOMERSET,Slaughterhouse,"1,562",41
Feb-10,DEVON,SOUTH YORKSHIRE,Slaughterhouse,89,0
Feb-10,DEVON,STAFFORDSHIRE,Slaughterhouse,17,1
Feb-10,DEVON,STRATHCLYDE,Slaughterhouse,0,1
Feb-10,DEVON,WARWICKSHIRE,Slaughterhouse,0,4
Feb-10,DEVON,WEST GLAMORGAN,Slaughterhouse,9,0
Feb-10,DEVON,WILTSHIRE,Slaughterhouse,57,52
Feb-10,DEVON,,Slaughterhouse,"1,057",284
Feb-10,DORSET,AVON,Slaughterhouse,159,18
Feb-10,DORSET,BEDFORDSHIRE,Slaughterhouse,21,9
Feb-10,DORSET,CORNWALL,Slaughterhouse,78,4
Feb-10,DORSET,DEVON,Slaughterhouse,69,79
Feb-10,DORSET,DORSET,Slaughterhouse,324,0
Feb-10,DORSET,GLOUCESTERSHIRE,Slaughterhouse,0,47
Feb-10,DORSET,HAMPSHIRE,Slaughterhouse,1,0
Feb-10,DORSET,KENT,Slaughterhouse,1,0
Feb-10,DORSET,LANCASHIRE,Slaughterhouse,0,3
Feb-10,DORSET,LINCOLNSHIRE,Slaughterhouse,100,0
Feb-10,DORSET,MID GLAMORGAN,Slaughterhouse,30,0
Feb-10,DORSET,OXFORDSHIRE,Slaughterhouse,0,4
Feb-10,DORSET,SHROPSHIRE,Slaughterhouse,0,6
Feb-10,DORSET,SOMERSET,Slaughterhouse,704,29
Feb-10,DORSET,SOUTH YORKSHIRE,Slaughterhouse,22,0
Feb-10,DORSET,STAFFORDSHIRE,Slaughterhouse,0,1
Feb-10,DORSET,WILTSHIRE,Slaughterhouse,24,0
Feb-10,DORSET,,Slaughterhouse,253,79
Feb-10,DUMFRIES & GALLOWAY,BORDERS,Slaughterhouse,7,4
Feb-10,DUMFRIES & GALLOWAY,CENTRAL,Slaughterhouse,959,7
Feb-10,DUMFRIES & GALLOWAY,CHESHIRE,Slaughterhouse,20,0
Feb-10,DUMFRIES & GALLOWAY,CLEVELAND,Slaughterhouse,0,11
Feb-10,DUMFRIES & GALLOWAY,CUMBRIA,Slaughterhouse,459,119
Feb-10,DUMFRIES & GALLOWAY,DERBYSHIRE,Slaughterhouse,0,1
Feb-10,DUMFRIES & GALLOWAY,DUMFRIES & GALLOWAY,Slaughterhouse,123,30
Feb-10,DUMFRIES & GALLOWAY,DURHAM,Slaughterhouse,0,21
Feb-10,DUMFRIES & GALLOWAY,GRAMPIAN,Slaughterhouse,679,19
Feb-10,DUMFRIES & GALLOWAY,GREATER MANCHESTER,Slaughterhouse,27,29
Feb-10,DUMFRIES & GALLOWAY,HEREFORD & WORCESTER,Slaughterhouse,0,7
Feb-10,DUMFRIES & GALLOWAY,HIGHLAND,Slaughterhouse,27,11
Feb-10,DUMFRIES & GALLOWAY,LANCASHIRE,Slaughterhouse,331,7
Feb-10,DUMFRIES & GALLOWAY,SHROPSHIRE,Slaughterhouse,8,0
Feb-10,DUMFRIES & GALLOWAY,SOUTH YORKSHIRE,Slaughterhouse,69,83
Feb-10,DUMFRIES & GALLOWAY,STRATHCLYDE,Slaughterhouse,"2,502",93
Feb-10,DUMFRIES & GALLOWAY,TAYSIDE,Slaughterhouse,712,14
Feb-10,DUMFRIES & GALLOWAY,,Slaughterhouse,156,178
Feb-10,DURHAM,BORDERS,Slaughterhouse,41,20
Feb-10,DURHAM,CENTRAL,Slaughterhouse,109,57
Feb-10,DURHAM,CLEVELAND,Slaughterhouse,330,184
Feb-10,DURHAM,CUMBRIA,Slaughterhouse,65,28
Feb-10,DURHAM,DURHAM,Slaughterhouse,"1,072",239
Feb-10,DURHAM,GREATER MANCHESTER,Slaughterhouse,208,133
Feb-10,DURHAM,HUMBERSIDE,Slaughterhouse,218,24
Feb-10,DURHAM,LANCASHIRE,Slaughterhouse,620,45
Feb-10,DURHAM,LINCOLNSHIRE,Slaughterhouse,191,83
Feb-10,DURHAM,MID GLAMORGAN,Slaughterhouse,26,0
Feb-10,DURHAM,NORTH YORKSHIRE,Slaughterhouse,103,35
Feb-10,DURHAM,SHROPSHIRE,Slaughterhouse,197,53
Feb-10,DURHAM,SOUTH YORKSHIRE,Slaughterhouse,9,0
Feb-10,DURHAM,TAYSIDE,Slaughterhouse,31,12
Feb-10,DURHAM,TYNE & WEAR,Slaughterhouse,1,2
Feb-10,DURHAM,WEST YORKSHIRE,Slaughterhouse,242,168
Feb-10,DURHAM,,Slaughterhouse,93,38
Feb-10,DYFED,AVON,Slaughterhouse,334,248
Feb-10,DYFED,BEDFORDSHIRE,Slaughterhouse,278,196
Feb-10,DYFED,CLWYD,Slaughterhouse,1,0
Feb-10,DYFED,DEVON,Slaughterhouse,51,39
Feb-10,DYFED,DURHAM,Slaughterhouse,0,1
Feb-10,DYFED,DYFED,Slaughterhouse,"2,347",95
Feb-10,DYFED,GREATER MANCHESTER,Slaughterhouse,0,5
Feb-10,DYFED,GWYNEDD,Slaughterhouse,2,0
Feb-10,DYFED,HUMBERSIDE,Slaughterhouse,4,0
Feb-10,DYFED,LANCASHIRE,Slaughterhouse,520,10
Feb-10,DYFED,LINCOLNSHIRE,Slaughterhouse,280,115
Feb-10,DYFED,MID GLAMORGAN,Slaughterhouse,831,78
Feb-10,DYFED,POWYS,Slaughterhouse,124,0
Feb-10,DYFED,SHROPSHIRE,Slaughterhouse,676,121
Feb-10,DYFED,SOMERSET,Slaughterhouse,407,270
Feb-10,DYFED,STAFFORDSHIRE,Slaughterhouse,5,0
Feb-10,DYFED,STRATHCLYDE,Slaughterhouse,44,10
Feb-10,DYFED,SURREY,Slaughterhouse,313,99
Feb-10,DYFED,TYNE & WEAR,Slaughterhouse,13,13
Feb-10,DYFED,WEST GLAMORGAN,Slaughterhouse,101,43
Feb-10,DYFED,WILTSHIRE,Slaughterhouse,29,6
Feb-10,DYFED,,Slaughterhouse,166,55
Feb-10,EAST SUSSEX,AVON,Slaughterhouse,0,0
Feb-10,EAST SUSSEX,BEDFORDSHIRE,Slaughterhouse,84,28
Feb-10,EAST SUSSEX,CHESHIRE,Slaughterhouse,1,0
Feb-10,EAST SUSSEX,DEVON,Slaughterhouse,0,13
Feb-10,EAST SUSSEX,EAST SUSSEX,Slaughterhouse,156,17
Feb-10,EAST SUSSEX,ESSEX,Slaughterhouse,0,10
Feb-10,EAST SUSSEX,GREATER LONDON,Slaughterhouse,0,2
Feb-10,EAST SUSSEX,HAMPSHIRE,Slaughterhouse,56,27
Feb-10,EAST SUSSEX,KENT,Slaughterhouse,41,11
Feb-10,EAST SUSSEX,LANCASHIRE,Slaughterhouse,0,13
Feb-10,EAST SUSSEX,LINCOLNSHIRE,Slaughterhouse,27,0
Feb-10,EAST SUSSEX,MID GLAMORGAN,Slaughterhouse,216,0
Feb-10,EAST SUSSEX,NORFOLK,Slaughterhouse,8,12
Feb-10,EAST SUSSEX,SOMERSET,Slaughterhouse,111,21
Feb-10,EAST SUSSEX,SOUTH YORKSHIRE,Slaughterhouse,0,3
Feb-10,EAST SUSSEX,SURREY,Slaughterhouse,125,3
Feb-10,EAST SUSSEX,WEST SUSSEX,Slaughterhouse,13,0
Feb-10,EAST SUSSEX,,Slaughterhouse,37,0
Feb-10,ESSEX,AVON,Slaughterhouse,43,0
Feb-10,ESSEX,BEDFORDSHIRE,Slaughterhouse,68,8
Feb-10,ESSEX,CAMBRIDGESHIRE,Slaughterhouse,6,0
Feb-10,ESSEX,DEVON,Slaughterhouse,24,13
Feb-10,ESSEX,ESSEX,Slaughterhouse,577,93
Feb-10,ESSEX,GREATER LONDON,Slaughterhouse,0,1
Feb-10,ESSEX,HAMPSHIRE,Slaughterhouse,66,36
Feb-10,ESSEX,KENT,Slaughterhouse,0,3
Feb-10,ESSEX,LANCASHIRE,Slaughterhouse,0,1
Feb-10,ESSEX,LINCOLNSHIRE,Slaughterhouse,26,0
Feb-10,ESSEX,MID GLAMORGAN,Slaughterhouse,56,0
Feb-10,ESSEX,NORFOLK,Slaughterhouse,118,32
Feb-10,ESSEX,SHROPSHIRE,Slaughterhouse,21,0
Feb-10,ESSEX,SOMERSET,Slaughterhouse,18,2
Feb-10,ESSEX,SOUTH YORKSHIRE,Slaughterhouse,0,1
Feb-10,ESSEX,SUFFOLK,Slaughterhouse,1,0
Feb-10,ESSEX,SURREY,Slaughterhouse,14,0
Feb-10,FIFE,BORDERS,Slaughterhouse,1,3
Feb-10,FIFE,CENTRAL,Slaughterhouse,525,35
Feb-10,FIFE,CUMBRIA,Slaughterhouse,0,11
Feb-10,FIFE,DERBYSHIRE,Slaughterhouse,0,7
Feb-10,FIFE,FIFE,Slaughterhouse,14,20
Feb-10,FIFE,GRAMPIAN,Slaughterhouse,217,4
Feb-10,FIFE,HIGHLAND,Slaughterhouse,2,0
Feb-10,FIFE,LANCASHIRE,Slaughterhouse,0,13
Feb-10,FIFE,SOUTH YORKSHIRE,Slaughterhouse,0,3
Feb-10,FIFE,STRATHCLYDE,Slaughterhouse,33,99
Feb-10,FIFE,TAYSIDE,Slaughterhouse,488,22
Feb-10,FIFE,,Slaughterhouse,13,30
Feb-10,GLOUCESTERSHIRE,AVON,Slaughterhouse,151,50
Feb-10,GLOUCESTERSHIRE,BEDFORDSHIRE,Slaughterhouse,77,13
Feb-10,GLOUCESTERSHIRE,CHESHIRE,Slaughterhouse,0,1
Feb-10,GLOUCESTERSHIRE,CORNWALL,Slaughterhouse,1,0
Feb-10,GLOUCESTERSHIRE,CUMBRIA,Slaughterhouse,84,7
Feb-10,GLOUCESTERSHIRE,DEVON,Slaughterhouse,0,19
Feb-10,GLOUCESTERSHIRE,DYFED,Slaughterhouse,66,30
Feb-10,GLOUCESTERSHIRE,GLOUCESTERSHIRE,Slaughterhouse,578,31
Feb-10,GLOUCESTERSHIRE,GREATER MANCHESTER,Slaughterhouse,0,4
Feb-10,GLOUCESTERSHIRE,HEREFORD & WORCESTER,Slaughterhouse,0,1
Feb-10,GLOUCESTERSHIRE,HUMBERSIDE,Slaughterhouse,94,0
Feb-10,GLOUCESTERSHIRE,LANCASHIRE,Slaughterhouse,116,0
Feb-10,GLOUCESTERSHIRE,LINCOLNSHIRE,Slaughterhouse,402,25
Feb-10,GLOUCESTERSHIRE,MID GLAMORGAN,Slaughterhouse,644,0
Feb-10,GLOUCESTERSHIRE,OXFORDSHIRE,Slaughterhouse,79,40
Feb-10,GLOUCESTERSHIRE,SHROPSHIRE,Slaughterhouse,146,3
Feb-10,GLOUCESTERSHIRE,SOMERSET,Slaughterhouse,298,0
Feb-10,GLOUCESTERSHIRE,SOUTH YORKSHIRE,Slaughterhouse,11,0
Feb-10,GLOUCESTERSHIRE,STAFFORDSHIRE,Slaughterhouse,4,2
Feb-10,GLOUCESTERSHIRE,SURREY,Slaughterhouse,32,0
Feb-10,GLOUCESTERSHIRE,WARWICKSHIRE,Slaughterhouse,9,0
Feb-10,GLOUCESTERSHIRE,WILTSHIRE,Slaughterhouse,121,32
Feb-10,GLOUCESTERSHIRE,,Slaughterhouse,331,14
Feb-10,GRAMPIAN,CENTRAL,Slaughterhouse,966,2
Feb-10,GRAMPIAN,CLEVELAND,Slaughterhouse,6,4
Feb-10,GRAMPIAN,CUMBRIA,Slaughterhouse,67,30
Feb-10,GRAMPIAN,FIFE,Slaughterhouse,0,1
Feb-10,GRAMPIAN,GRAMPIAN,Slaughterhouse,"9,974",159
Feb-10,GRAMPIAN,HIGHLAND,Slaughterhouse,548,77
Feb-10,GRAMPIAN,LANCASHIRE,Slaughterhouse,44,0
Feb-10,GRAMPIAN,SOUTH YORKSHIRE,Slaughterhouse,74,0
Feb-10,GRAMPIAN,STRATHCLYDE,Slaughterhouse,317,45
Feb-10,GRAMPIAN,TAYSIDE,Slaughterhouse,961,37
Feb-10,GRAMPIAN,TYNE & WEAR,Slaughterhouse,49,0
Feb-10,GRAMPIAN,,Slaughterhouse,"1,855",124
Feb-10,GREATER LONDON,HAMPSHIRE,Slaughterhouse,2,0
Feb-10,GREATER LONDON,OXFORDSHIRE,Slaughterhouse,0,4
Feb-10,GREATER LONDON,SOMERSET,Slaughterhouse,0,1
Feb-10,GREATER LONDON,SOUTH YORKSHIRE,Slaughterhouse,11,0
Feb-10,GREATER LONDON,SURREY,Slaughterhouse,5,0
Feb-10,GREATER MANCHESTER,AVON,Slaughterhouse,0,2
Feb-10,GREATER MANCHESTER,BEDFORDSHIRE,Slaughterhouse,0,5
Feb-10,GREATER MANCHESTER,CHESHIRE,Slaughterhouse,14,5
Feb-10,GREATER MANCHESTER,CLEVELAND,Slaughterhouse,0,6
Feb-10,GREATER MANCHESTER,DEVON,Slaughterhouse,0,11
Feb-10,GREATER MANCHESTER,GREATER MANCHESTER,Slaughterhouse,433,37
Feb-10,GREATER MANCHESTER,HUMBERSIDE,Slaughterhouse,0,2
Feb-10,GREATER MANCHESTER,LANCASHIRE,Slaughterhouse,168,10
Feb-10,GREATER MANCHESTER,LINCOLNSHIRE,Slaughterhouse,0,1
Feb-10,GREATER MANCHESTER,MERSEYSIDE,Slaughterhouse,11,0
Feb-10,GREATER MANCHESTER,SHROPSHIRE,Slaughterhouse,0,3
Feb-10,GREATER MANCHESTER,SOUTH YORKSHIRE,Slaughterhouse,29,1
Feb-10,GREATER MANCHESTER,STAFFORDSHIRE,Slaughterhouse,7,15
Feb-10,GREATER MANCHESTER,STRATHCLYDE,Slaughterhouse,0,2
Feb-10,GREATER MANCHESTER,WEST YORKSHIRE,Slaughterhouse,8,12
Feb-10,GREATER MANCHESTER,,Slaughterhouse,11,12
Feb-10,GWENT,AVON,Slaughterhouse,80,74
Feb-10,GWENT,BEDFORDSHIRE,Slaughterhouse,13,9
Feb-10,GWENT,CORNWALL,Slaughterhouse,24,0
Feb-10,GWENT,CUMBRIA,Slaughterhouse,8,8
Feb-10,GWENT,DEVON,Slaughterhouse,30,25
Feb-10,GWENT,DURHAM,Slaughterhouse,1,0
Feb-10,GWENT,DYFED,Slaughterhouse,37,36
Feb-10,GWENT,GLOUCESTERSHIRE,Slaughterhouse,108,26
Feb-10,GWENT,GREATER MANCHESTER,Slaughterhouse,4,1
Feb-10,GWENT,LANCASHIRE,Slaughterhouse,19,13
Feb-10,GWENT,LINCOLNSHIRE,Slaughterhouse,0,31
Feb-10,GWENT,MID GLAMORGAN,Slaughterhouse,409,0
Feb-10,GWENT,OXFORDSHIRE,Slaughterhouse,0,30
Feb-10,GWENT,SHROPSHIRE,Slaughterhouse,57,1
Feb-10,GWENT,SOMERSET,Slaughterhouse,39,1
Feb-10,GWENT,STRATHCLYDE,Slaughterhouse,28,0
Feb-10,GWENT,WEST GLAMORGAN,Slaughterhouse,50,1
Feb-10,GWENT,WILTSHIRE,Slaughterhouse,7,6
Feb-10,GWENT,,Slaughterhouse,18,14
Feb-10,GWYNEDD,AVON,Slaughterhouse,0,2
Feb-10,GWYNEDD,BEDFORDSHIRE,Slaughterhouse,0,4
Feb-10,GWYNEDD,CHESHIRE,Slaughterhouse,13,2
Feb-10,GWYNEDD,CLWYD,Slaughterhouse,37,2
Feb-10,GWYNEDD,CORNWALL,Slaughterhouse,0,1
Feb-10,GWYNEDD,CUMBRIA,Slaughterhouse,18,10
Feb-10,GWYNEDD,DEVON,Slaughterhouse,0,2
Feb-10,GWYNEDD,GREATER MANCHESTER,Slaughterhouse,3,7
Feb-10,GWYNEDD,GWYNEDD,Slaughterhouse,125,74
Feb-10,GWYNEDD,HUMBERSIDE,Slaughterhouse,107,9
Feb-10,GWYNEDD,LANCASHIRE,Slaughterhouse,567,3
Feb-10,GWYNEDD,MID GLAMORGAN,Slaughterhouse,0,1
Feb-10,GWYNEDD,POWYS,Slaughterhouse,8,0
Feb-10,GWYNEDD,SHROPSHIRE,Slaughterhouse,186,8
Feb-10,GWYNEDD,SOMERSET,Slaughterhouse,24,7
Feb-10,GWYNEDD,SOUTH YORKSHIRE,Slaughterhouse,60,5
Feb-10,GWYNEDD,STAFFORDSHIRE,Slaughterhouse,27,19
Feb-10,GWYNEDD,STRATHCLYDE,Slaughterhouse,18,1
Feb-10,GWYNEDD,TYNE & WEAR,Slaughterhouse,0,4
Feb-10,GWYNEDD,WEST GLAMORGAN,Slaughterhouse,0,1
Feb-10,GWYNEDD,WEST YORKSHIRE,Slaughterhouse,1,4
Feb-10,GWYNEDD,,Slaughterhouse,27,22
Feb-10,HAMPSHIRE,AVON,Slaughterhouse,220,5
Feb-10,HAMPSHIRE,BEDFORDSHIRE,Slaughterhouse,16,0
Feb-10,HAMPSHIRE,CORNWALL,Slaughterhouse,55,0
Feb-10,HAMPSHIRE,DEVON,Slaughterhouse,0,23
Feb-10,HAMPSHIRE,DORSET,Slaughterhouse,13,0
Feb-10,HAMPSHIRE,DYFED,Slaughterhouse,0,8
Feb-10,HAMPSHIRE,EAST SUSSEX,Slaughterhouse,0,2
Feb-10,HAMPSHIRE,GLOUCESTERSHIRE,Slaughterhouse,0,9
Feb-10,HAMPSHIRE,HAMPSHIRE,Slaughterhouse,185,7
Feb-10,HAMPSHIRE,LANCASHIRE,Slaughterhouse,0,2
Feb-10,HAMPSHIRE,LINCOLNSHIRE,Slaughterhouse,79,0
Feb-10,HAMPSHIRE,MID GLAMORGAN,Slaughterhouse,264,0
Feb-10,HAMPSHIRE,NORFOLK,Slaughterhouse,0,1
Feb-10,HAMPSHIRE,OXFORDSHIRE,Slaughterhouse,1,0
Feb-10,HAMPSHIRE,SHROPSHIRE,Slaughterhouse,1,7
Feb-10,HAMPSHIRE,SOMERSET,Slaughterhouse,202,11
Feb-10,HAMPSHIRE,SOUTH YORKSHIRE,Slaughterhouse,2,0
Feb-10,HAMPSHIRE,SURREY,Slaughterhouse,152,0
Feb-10,HAMPSHIRE,WEST SUSSEX,Slaughterhouse,2,0
Feb-10,HAMPSHIRE,WILTSHIRE,Slaughterhouse,64,0
Feb-10,HAMPSHIRE,,Slaughterhouse,39,13
Feb-10,HEREFORD & WORCESTER,AVON,Slaughterhouse,213,56
Feb-10,HEREFORD & WORCESTER,BEDFORDSHIRE,Slaughterhouse,274,75
Feb-10,HEREFORD & WORCESTER,CENTRAL,Slaughterhouse,68,0
Feb-10,HEREFORD & WORCESTER,CHESHIRE,Slaughterhouse,16,22
Feb-10,HEREFORD & WORCESTER,CORNWALL,Slaughterhouse,0,1
Feb-10,HEREFORD & WORCESTER,CUMBRIA,Slaughterhouse,0,2
Feb-10,HEREFORD & WORCESTER,DEVON,Slaughterhouse,134,96
Feb-10,HEREFORD & WORCESTER,DURHAM,Slaughterhouse,21,11
Feb-10,HEREFORD & WORCESTER,DYFED,Slaughterhouse,63,23
Feb-10,HEREFORD & WORCESTER,GLOUCESTERSHIRE,Slaughterhouse,174,37
Feb-10,HEREFORD & WORCESTER,GREATER MANCHESTER,Slaughterhouse,46,65
Feb-10,HEREFORD & WORCESTER,HAMPSHIRE,Slaughterhouse,13,0
Feb-10,HEREFORD & WORCESTER,HEREFORD & WORCESTER,Slaughterhouse,113,26
Feb-10,HEREFORD & WORCESTER,LANCASHIRE,Slaughterhouse,61,2
Feb-10,HEREFORD & WORCESTER,LINCOLNSHIRE,Slaughterhouse,444,128
Feb-10,HEREFORD & WORCESTER,MID GLAMORGAN,Slaughterhouse,890,0
Feb-10,HEREFORD & WORCESTER,OXFORDSHIRE,Slaughterhouse,237,148
Feb-10,HEREFORD & WORCESTER,SHROPSHIRE,Slaughterhouse,"1,021",78
Feb-10,HEREFORD & WORCESTER,SOMERSET,Slaughterhouse,178,5
Feb-10,HEREFORD & WORCESTER,SOUTH YORKSHIRE,Slaughterhouse,35,3
Feb-10,HEREFORD & WORCESTER,STAFFORDSHIRE,Slaughterhouse,112,68
Feb-10,HEREFORD & WORCESTER,STRATHCLYDE,Slaughterhouse,1,0
Feb-10,HEREFORD & WORCESTER,SURREY,Slaughterhouse,20,16
Feb-10,HEREFORD & WORCESTER,WARWICKSHIRE,Slaughterhouse,62,38
Feb-10,HEREFORD & WORCESTER,WEST GLAMORGAN,Slaughterhouse,11,1
Feb-10,HEREFORD & WORCESTER,WEST MIDLANDS,Slaughterhouse,26,1
Feb-10,HEREFORD & WORCESTER,WEST YORKSHIRE,Slaughterhouse,3,4
Feb-10,HEREFORD & WORCESTER,WILTSHIRE,Slaughterhouse,79,40
Feb-10,HEREFORD & WORCESTER,,Slaughterhouse,497,93
Feb-10,HERTFORDSHIRE,BEDFORDSHIRE,Slaughterhouse,47,0
Feb-10,HERTFORDSHIRE,CAMBRIDGESHIRE,Slaughterhouse,5,0
Feb-10,HERTFORDSHIRE,EAST SUSSEX,Slaughterhouse,1,0
Feb-10,HERTFORDSHIRE,ESSEX,Slaughterhouse,18,5
Feb-10,HERTFORDSHIRE,HAMPSHIRE,Slaughterhouse,0,3
Feb-10,HERTFORDSHIRE,LEICESTERSHIRE,Slaughterhouse,0,7
Feb-10,HERTFORDSHIRE,LINCOLNSHIRE,Slaughterhouse,77,0
Feb-10,HERTFORDSHIRE,MID GLAMORGAN,Slaughterhouse,21,0
Feb-10,HERTFORDSHIRE,NORFOLK,Slaughterhouse,14,2
Feb-10,HERTFORDSHIRE,OXFORDSHIRE,Slaughterhouse,10,7
Feb-10,HERTFORDSHIRE,SOMERSET,Slaughterhouse,0,1
Feb-10,HERTFORDSHIRE,SOUTH YORKSHIRE,Slaughterhouse,5,0
Feb-10,HERTFORDSHIRE,STAFFORDSHIRE,Slaughterhouse,0,1
Feb-10,HERTFORDSHIRE,STRATHCLYDE,Slaughterhouse,8,0
Feb-10,HERTFORDSHIRE,SURREY,Slaughterhouse,3,0
Feb-10,HERTFORDSHIRE,,Slaughterhouse,2,0
Feb-10,HIGHLAND,CENTRAL,Slaughterhouse,63,0
Feb-10,HIGHLAND,CLEVELAND,Slaughterhouse,0,1
Feb-10,HIGHLAND,CUMBRIA,Slaughterhouse,7,2
Feb-10,HIGHLAND,GRAMPIAN,Slaughterhouse,242,97
Feb-10,HIGHLAND,HIGHLAND,Slaughterhouse,379,179
Feb-10,HIGHLAND,STRATHCLYDE,Slaughterhouse,198,11
Feb-10,HIGHLAND,TAYSIDE,Slaughterhouse,286,7
Feb-10,HIGHLAND,,Slaughterhouse,7,9
Feb-10,HUMBERSIDE,CLEVELAND,Slaughterhouse,0,89
Feb-10,HUMBERSIDE,CUMBRIA,Slaughterhouse,0,6
Feb-10,HUMBERSIDE,DERBYSHIRE,Slaughterhouse,35,3
Feb-10,HUMBERSIDE,DURHAM,Slaughterhouse,0,15
Feb-10,HUMBERSIDE,ESSEX,Slaughterhouse,0,1
Feb-10,HUMBERSIDE,GREATER LONDON,Slaughterhouse,0,2
Feb-10,HUMBERSIDE,GREATER MANCHESTER,Slaughterhouse,0,220
Feb-10,HUMBERSIDE,HUMBERSIDE,Slaughterhouse,463,22
Feb-10,HUMBERSIDE,LANCASHIRE,Slaughterhouse,203,5
Feb-10,HUMBERSIDE,LINCOLNSHIRE,Slaughterhouse,116,77
Feb-10,HUMBERSIDE,MID GLAMORGAN,Slaughterhouse,34,0
Feb-10,HUMBERSIDE,NORTH YORKSHIRE,Slaughterhouse,266,85
Feb-10,HUMBERSIDE,NOTTINGHAMSHIRE,Slaughterhouse,0,7
Feb-10,HUMBERSIDE,SHROPSHIRE,Slaughterhouse,30,4
Feb-10,HUMBERSIDE,SOMERSET,Slaughterhouse,1,0
Feb-10,HUMBERSIDE,SOUTH YORKSHIRE,Slaughterhouse,31,47
Feb-10,HUMBERSIDE,STAFFORDSHIRE,Slaughterhouse,0,1
Feb-10,HUMBERSIDE,STRATHCLYDE,Slaughterhouse,0,19
Feb-10,HUMBERSIDE,WEST YORKSHIRE,Slaughterhouse,119,244
Feb-10,HUMBERSIDE,,Slaughterhouse,49,15
Feb-10,ISLE OF WIGHT,AVON,Slaughterhouse,57,2
Feb-10,ISLE OF WIGHT,DEVON,Slaughterhouse,0,1
Feb-10,ISLE OF WIGHT,GLOUCESTERSHIRE,Slaughterhouse,0,1
Feb-10,ISLE OF WIGHT,HAMPSHIRE,Slaughterhouse,60,0
Feb-10,ISLE OF WIGHT,SOMERSET,Slaughterhouse,41,7
Feb-10,ISLE OF WIGHT,,Slaughterhouse,0,2
Feb-10,KENT,BEDFORDSHIRE,Slaughterhouse,88,57
Feb-10,KENT,DEVON,Slaughterhouse,79,44
Feb-10,KENT,EAST SUSSEX,Slaughterhouse,33,12
Feb-10,KENT,ESSEX,Slaughterhouse,59,36
Feb-10,KENT,GREATER LONDON,Slaughterhouse,29,11
Feb-10,KENT,HAMPSHIRE,Slaughterhouse,152,85
Feb-10,KENT,KENT,Slaughterhouse,252,50
Feb-10,KENT,LANCASHIRE,Slaughterhouse,105,68
Feb-10,KENT,MID GLAMORGAN,Slaughterhouse,1,0
Feb-10,KENT,NORFOLK,Slaughterhouse,76,52
Feb-10,KENT,SOMERSET,Slaughterhouse,62,24
Feb-10,KENT,SOUTH YORKSHIRE,Slaughterhouse,7,3
Feb-10,KENT,SURREY,Slaughterhouse,262,8
Feb-10,KENT,,Slaughterhouse,10,0
Feb-10,LANCASHIRE,BEDFORDSHIRE,Slaughterhouse,5,5
Feb-10,LANCASHIRE,CENTRAL,Slaughterhouse,16,0
Feb-10,LANCASHIRE,CHESHIRE,Slaughterhouse,15,5
Feb-10,LANCASHIRE,CLEVELAND,Slaughterhouse,117,75
Feb-10,LANCASHIRE,CUMBRIA,Slaughterhouse,108,11
Feb-10,LANCASHIRE,DEVON,Slaughterhouse,161,142
Feb-10,LANCASHIRE,DURHAM,Slaughterhouse,0,1
Feb-10,LANCASHIRE,DYFED,Slaughterhouse,1,0
Feb-10,LANCASHIRE,GREATER LONDON,Slaughterhouse,0,0
Feb-10,LANCASHIRE,GREATER MANCHESTER,Slaughterhouse,511,203
Feb-10,LANCASHIRE,HUMBERSIDE,Slaughterhouse,77,83
Feb-10,LANCASHIRE,LANCASHIRE,Slaughterhouse,"1,989",201
Feb-10,LANCASHIRE,MERSEYSIDE,Slaughterhouse,20,0
Feb-10,LANCASHIRE,MID GLAMORGAN,Slaughterhouse,5,0
Feb-10,LANCASHIRE,NORTH YORKSHIRE,Slaughterhouse,156,3
Feb-10,LANCASHIRE,SHROPSHIRE,Slaughterhouse,74,6
Feb-10,LANCASHIRE,SOUTH YORKSHIRE,Slaughterhouse,37,18
Feb-10,LANCASHIRE,STAFFORDSHIRE,Slaughterhouse,51,39
Feb-10,LANCASHIRE,STRATHCLYDE,Slaughterhouse,41,20
Feb-10,LANCASHIRE,TAYSIDE,Slaughterhouse,0,5
Feb-10,LANCASHIRE,TYNE & WEAR,Slaughterhouse,2,2
Feb-10,LANCASHIRE,WEST YORKSHIRE,Slaughterhouse,93,52
Feb-10,LANCASHIRE,,Slaughterhouse,443,185
Feb-10,LEICESTERSHIRE,BEDFORDSHIRE,Slaughterhouse,198,21
Feb-10,LEICESTERSHIRE,CHESHIRE,Slaughterhouse,0,1
Feb-10,LEICESTERSHIRE,CUMBRIA,Slaughterhouse,0,5
Feb-10,LEICESTERSHIRE,DERBYSHIRE,Slaughterhouse,116,26
Feb-10,LEICESTERSHIRE,GREATER MANCHESTER,Slaughterhouse,20,11
Feb-10,LEICESTERSHIRE,HUMBERSIDE,Slaughterhouse,0,1
Feb-10,LEICESTERSHIRE,LANCASHIRE,Slaughterhouse,105,27
Feb-10,LEICESTERSHIRE,LEICESTERSHIRE,Slaughterhouse,50,1
Feb-10,LEICESTERSHIRE,LINCOLNSHIRE,Slaughterhouse,947,119
Feb-10,LEICESTERSHIRE,MID GLAMORGAN,Slaughterhouse,84,0
Feb-10,LEICESTERSHIRE,NORFOLK,Slaughterhouse,26,19
Feb-10,LEICESTERSHIRE,NORTH YORKSHIRE,Slaughterhouse,169,117
Feb-10,LEICESTERSHIRE,NOTTINGHAMSHIRE,Slaughterhouse,26,19
Feb-10,LEICESTERSHIRE,OXFORDSHIRE,Slaughterhouse,140,57
Feb-10,LEICESTERSHIRE,SHROPSHIRE,Slaughterhouse,106,10
Feb-10,LEICESTERSHIRE,SOUTH YORKSHIRE,Slaughterhouse,96,59
Feb-10,LEICESTERSHIRE,STAFFORDSHIRE,Slaughterhouse,38,83
Feb-10,LEICESTERSHIRE,SURREY,Slaughterhouse,209,35
Feb-10,LEICESTERSHIRE,WARWICKSHIRE,Slaughterhouse,14,0
Feb-10,LEICESTERSHIRE,WEST YORKSHIRE,Slaughterhouse,1,8
Feb-10,LEICESTERSHIRE,,Slaughterhouse,436,57
Feb-10,LINCOLNSHIRE,BEDFORDSHIRE,Slaughterhouse,26,46
Feb-10,LINCOLNSHIRE,CAMBRIDGESHIRE,Slaughterhouse,7,0
Feb-10,LINCOLNSHIRE,CENTRAL,Slaughterhouse,40,0
Feb-10,LINCOLNSHIRE,CHESHIRE,Slaughterhouse,0,3
Feb-10,LINCOLNSHIRE,CLEVELAND,Slaughterhouse,0,4
Feb-10,LINCOLNSHIRE,CUMBRIA,Slaughterhouse,1,11
Feb-10,LINCOLNSHIRE,DERBYSHIRE,Slaughterhouse,7,33
Feb-10,LINCOLNSHIRE,DURHAM,Slaughterhouse,0,1
Feb-10,LINCOLNSHIRE,GREATER MANCHESTER,Slaughterhouse,0,76
Feb-10,LINCOLNSHIRE,HUMBERSIDE,Slaughterhouse,141,2
Feb-10,LINCOLNSHIRE,LANCASHIRE,Slaughterhouse,4,35
Feb-10,LINCOLNSHIRE,LEICESTERSHIRE,Slaughterhouse,1,0
Feb-10,LINCOLNSHIRE,LINCOLNSHIRE,Slaughterhouse,"1,048",200
Feb-10,LINCOLNSHIRE,MID GLAMORGAN,Slaughterhouse,205,0
Feb-10,LINCOLNSHIRE,NORFOLK,Slaughterhouse,6,31
Feb-10,LINCOLNSHIRE,NORTH YORKSHIRE,Slaughterhouse,105,28
Feb-10,LINCOLNSHIRE,NOTTINGHAMSHIRE,Slaughterhouse,9,33
Feb-10,LINCOLNSHIRE,OXFORDSHIRE,Slaughterhouse,0,10
Feb-10,LINCOLNSHIRE,SHROPSHIRE,Slaughterhouse,19,9
Feb-10,LINCOLNSHIRE,SOUTH YORKSHIRE,Slaughterhouse,309,116
Feb-10,LINCOLNSHIRE,STAFFORDSHIRE,Slaughterhouse,5,70
Feb-10,LINCOLNSHIRE,STRATHCLYDE,Slaughterhouse,0,3
Feb-10,LINCOLNSHIRE,SURREY,Slaughterhouse,0,5
Feb-10,LINCOLNSHIRE,WEST YORKSHIRE,Slaughterhouse,10,81
Feb-10,LINCOLNSHIRE,,Slaughterhouse,53,91
Feb-10,LOTHIAN,BORDERS,Slaughterhouse,1,63
Feb-10,LOTHIAN,CENTRAL,Slaughterhouse,388,33
Feb-10,LOTHIAN,CLEVELAND,Slaughterhouse,1,1
Feb-10,LOTHIAN,CUMBRIA,Slaughterhouse,1,7
Feb-10,LOTHIAN,DERBYSHIRE,Slaughterhouse,0,2
Feb-10,LOTHIAN,DURHAM,Slaughterhouse,0,3
Feb-10,LOTHIAN,GRAMPIAN,Slaughterhouse,68,4
Feb-10,LOTHIAN,HIGHLAND,Slaughterhouse,0,4
Feb-10,LOTHIAN,LANCASHIRE,Slaughterhouse,0,17
Feb-10,LOTHIAN,SOUTH YORKSHIRE,Slaughterhouse,1,2
Feb-10,LOTHIAN,STRATHCLYDE,Slaughterhouse,468,89
Feb-10,LOTHIAN,TAYSIDE,Slaughterhouse,35,35
Feb-10,LOTHIAN,WEST YORKSHIRE,Slaughterhouse,0,19
Feb-10,LOTHIAN,,Slaughterhouse,39,26
Feb-10,MERSEYSIDE,AVON,Slaughterhouse,1,3
Feb-10,MERSEYSIDE,CHESHIRE,Slaughterhouse,5,6
Feb-10,MERSEYSIDE,CLEVELAND,Slaughterhouse,0,1
Feb-10,MERSEYSIDE,CLWYD,Slaughterhouse,2,3
Feb-10,MERSEYSIDE,DEVON,Slaughterhouse,0,1
Feb-10,MERSEYSIDE,GREATER MANCHESTER,Slaughterhouse,13,5
Feb-10,MERSEYSIDE,GWYNEDD,Slaughterhouse,0,1
Feb-10,MERSEYSIDE,HUMBERSIDE,Slaughterhouse,0,1
Feb-10,MERSEYSIDE,LANCASHIRE,Slaughterhouse,35,6
Feb-10,MERSEYSIDE,MERSEYSIDE,Slaughterhouse,1,0
Feb-10,MERSEYSIDE,SHROPSHIRE,Slaughterhouse,88,3
Feb-10,MERSEYSIDE,SOUTH YORKSHIRE,Slaughterhouse,0,1
Feb-10,MERSEYSIDE,STAFFORDSHIRE,Slaughterhouse,1,13
Feb-10,MERSEYSIDE,TYNE & WEAR,Slaughterhouse,0,2
Feb-10,MERSEYSIDE,WEST YORKSHIRE,Slaughterhouse,0,1
Feb-10,MERSEYSIDE,,Slaughterhouse,34,1
Feb-10,MID GLAMORGAN,AVON,Slaughterhouse,2,7
Feb-10,MID GLAMORGAN,DEVON,Slaughterhouse,1,3
Feb-10,MID GLAMORGAN,DURHAM,Slaughterhouse,1,1
Feb-10,MID GLAMORGAN,DYFED,Slaughterhouse,23,1
Feb-10,MID GLAMORGAN,GLOUCESTERSHIRE,Slaughterhouse,0,1
Feb-10,MID GLAMORGAN,GREATER MANCHESTER,Slaughterhouse,3,0
Feb-10,MID GLAMORGAN,LANCASHIRE,Slaughterhouse,1,1
Feb-10,MID GLAMORGAN,LINCOLNSHIRE,Slaughterhouse,0,2
Feb-10,MID GLAMORGAN,MID GLAMORGAN,Slaughterhouse,76,0
Feb-10,MID GLAMORGAN,OXFORDSHIRE,Slaughterhouse,1,1
Feb-10,MID GLAMORGAN,POWYS,Slaughterhouse,9,0
Feb-10,MID GLAMORGAN,SHROPSHIRE,Slaughterhouse,2,1
Feb-10,MID GLAMORGAN,SOMERSET,Slaughterhouse,73,0
Feb-10,MID GLAMORGAN,STAFFORDSHIRE,Slaughterhouse,6,2
Feb-10,MID GLAMORGAN,WARWICKSHIRE,Slaughterhouse,1,0
Feb-10,MID GLAMORGAN,WEST GLAMORGAN,Slaughterhouse,2,0
Feb-10,MID GLAMORGAN,WILTSHIRE,Slaughterhouse,8,0
Feb-10,MID GLAMORGAN,,Slaughterhouse,6,6
Feb-10,NORFOLK,BEDFORDSHIRE,Slaughterhouse,255,19
Feb-10,NORFOLK,CHESHIRE,Slaughterhouse,0,1
Feb-10,NORFOLK,CUMBRIA,Slaughterhouse,0,9
Feb-10,NORFOLK,DERBYSHIRE,Slaughterhouse,0,22
Feb-10,NORFOLK,ESSEX,Slaughterhouse,6,11
Feb-10,NORFOLK,GREATER MANCHESTER,Slaughterhouse,0,13
Feb-10,NORFOLK,HAMPSHIRE,Slaughterhouse,0,8
Feb-10,NORFOLK,LANCASHIRE,Slaughterhouse,71,9
Feb-10,NORFOLK,LINCOLNSHIRE,Slaughterhouse,546,13
Feb-10,NORFOLK,NORFOLK,Slaughterhouse,875,12
Feb-10,NORFOLK,NORTH YORKSHIRE,Slaughterhouse,8,1
Feb-10,NORFOLK,NOTTINGHAMSHIRE,Slaughterhouse,0,5
Feb-10,NORFOLK,OXFORDSHIRE,Slaughterhouse,0,2
Feb-10,NORFOLK,SHROPSHIRE,Slaughterhouse,0,0
Feb-10,NORFOLK,SOUTH YORKSHIRE,Slaughterhouse,64,16
Feb-10,NORFOLK,STAFFORDSHIRE,Slaughterhouse,0,12
Feb-10,NORFOLK,WEST YORKSHIRE,Slaughterhouse,0,21
Feb-10,NORFOLK,,Slaughterhouse,173,26
Feb-10,NORTHAMPTONSHIRE,AVON,Slaughterhouse,11,0
Feb-10,NORTHAMPTONSHIRE,BEDFORDSHIRE,Slaughterhouse,314,4
Feb-10,NORTHAMPTONSHIRE,CAMBRIDGESHIRE,Slaughterhouse,2,0
Feb-10,NORTHAMPTONSHIRE,DERBYSHIRE,Slaughterhouse,0,6
Feb-10,NORTHAMPTONSHIRE,DEVON,Slaughterhouse,0,1
Feb-10,NORTHAMPTONSHIRE,GLOUCESTERSHIRE,Slaughterhouse,0,1
Feb-10,NORTHAMPTONSHIRE,GREATER MANCHESTER,Slaughterhouse,0,11
Feb-10,NORTHAMPTONSHIRE,HAMPSHIRE,Slaughterhouse,5,0
Feb-10,NORTHAMPTONSHIRE,HEREFORD & WORCESTER,Slaughterhouse,0,2
Feb-10,NORTHAMPTONSHIRE,LANCASHIRE,Slaughterhouse,95,12
Feb-10,NORTHAMPTONSHIRE,LEICESTERSHIRE,Slaughterhouse,65,8
Feb-10,NORTHAMPTONSHIRE,LINCOLNSHIRE,Slaughterhouse,759,34
Feb-10,NORTHAMPTONSHIRE,MID GLAMORGAN,Slaughterhouse,225,0
Feb-10,NORTHAMPTONSHIRE,NORFOLK,Slaughterhouse,0,4
Feb-10,NORTHAMPTONSHIRE,NORTHAMPTONSHIRE,Slaughterhouse,1,0
Feb-10,NORTHAMPTONSHIRE,NORTH YORKSHIRE,Slaughterhouse,0,17
Feb-10,NORTHAMPTONSHIRE,NOTTINGHAMSHIRE,Slaughterhouse,0,2
Feb-10,NORTHAMPTONSHIRE,OXFORDSHIRE,Slaughterhouse,74,51
Feb-10,NORTHAMPTONSHIRE,SHROPSHIRE,Slaughterhouse,215,4
Feb-10,NORTHAMPTONSHIRE,SOMERSET,Slaughterhouse,4,1
Feb-10,NORTHAMPTONSHIRE,SOUTH YORKSHIRE,Slaughterhouse,45,17
Feb-10,NORTHAMPTONSHIRE,STAFFORDSHIRE,Slaughterhouse,11,15
Feb-10,NORTHAMPTONSHIRE,SURREY,Slaughterhouse,120,1
Feb-10,NORTHAMPTONSHIRE,WARWICKSHIRE,Slaughterhouse,16,0
Feb-10,NORTHAMPTONSHIRE,WEST MIDLANDS,Slaughterhouse,2,3
Feb-10,NORTHAMPTONSHIRE,WEST YORKSHIRE,Slaughterhouse,0,7
Feb-10,NORTHAMPTONSHIRE,WILTSHIRE,Slaughterhouse,0,2
Feb-10,NORTHAMPTONSHIRE,,Slaughterhouse,101,21
Feb-10,NORTHUMBERLAND,BORDERS,Slaughterhouse,10,12
Feb-10,NORTHUMBERLAND,CENTRAL,Slaughterhouse,789,23
Feb-10,NORTHUMBERLAND,CLEVELAND,Slaughterhouse,13,20
Feb-10,NORTHUMBERLAND,CUMBRIA,Slaughterhouse,75,15
Feb-10,NORTHUMBERLAND,DERBYSHIRE,Slaughterhouse,10,0
Feb-10,NORTHUMBERLAND,DURHAM,Slaughterhouse,291,224
Feb-10,NORTHUMBERLAND,GRAMPIAN,Slaughterhouse,57,0
Feb-10,NORTHUMBERLAND,GREATER MANCHESTER,Slaughterhouse,0,13
Feb-10,NORTHUMBERLAND,HIGHLAND,Slaughterhouse,10,2
Feb-10,NORTHUMBERLAND,HUMBERSIDE,Slaughterhouse,199,27
Feb-10,NORTHUMBERLAND,LANCASHIRE,Slaughterhouse,463,70
Feb-10,NORTHUMBERLAND,LINCOLNSHIRE,Slaughterhouse,39,3
Feb-10,NORTHUMBERLAND,MID GLAMORGAN,Slaughterhouse,15,0
Feb-10,NORTHUMBERLAND,NORTH YORKSHIRE,Slaughterhouse,61,3
Feb-10,NORTHUMBERLAND,SHROPSHIRE,Slaughterhouse,0,10
Feb-10,NORTHUMBERLAND,SOUTH YORKSHIRE,Slaughterhouse,135,0
Feb-10,NORTHUMBERLAND,STRATHCLYDE,Slaughterhouse,306,11
Feb-10,NORTHUMBERLAND,TAYSIDE,Slaughterhouse,26,11
Feb-10,NORTHUMBERLAND,TYNE & WEAR,Slaughterhouse,379,50
Feb-10,NORTHUMBERLAND,WEST YORKSHIRE,Slaughterhouse,0,33
Feb-10,NORTHUMBERLAND,,Slaughterhouse,133,17
Feb-10,NORTH YORKSHIRE,BEDFORDSHIRE,Slaughterhouse,0,7
Feb-10,NORTH YORKSHIRE,BORDERS,Slaughterhouse,6,16
Feb-10,NORTH YORKSHIRE,CENTRAL,Slaughterhouse,138,26
Feb-10,NORTH YORKSHIRE,CHESHIRE,Slaughterhouse,6,4
Feb-10,NORTH YORKSHIRE,CLEVELAND,Slaughterhouse,783,552
Feb-10,NORTH YORKSHIRE,CUMBRIA,Slaughterhouse,176,14
Feb-10,NORTH YORKSHIRE,DERBYSHIRE,Slaughterhouse,1,1
Feb-10,NORTH YORKSHIRE,DEVON,Slaughterhouse,0,10
Feb-10,NORTH YORKSHIRE,DURHAM,Slaughterhouse,592,416
Feb-10,NORTH YORKSHIRE,ESSEX,Slaughterhouse,7,4
Feb-10,NORTH YORKSHIRE,GREATER LONDON,Slaughterhouse,5,3
Feb-10,NORTH YORKSHIRE,GREATER MANCHESTER,Slaughterhouse,"1,322","1,043"
Feb-10,NORTH YORKSHIRE,HIGHLAND,Slaughterhouse,1,0
Feb-10,NORTH YORKSHIRE,HUMBERSIDE,Slaughterhouse,"1,081",182
Feb-10,NORTH YORKSHIRE,LANCASHIRE,Slaughterhouse,"3,670",250
Feb-10,NORTH YORKSHIRE,LINCOLNSHIRE,Slaughterhouse,850,127
Feb-10,NORTH YORKSHIRE,MID GLAMORGAN,Slaughterhouse,190,0
Feb-10,NORTH YORKSHIRE,NORTH YORKSHIRE,Slaughterhouse,"2,071",244
Feb-10,NORTH YORKSHIRE,NOTTINGHAMSHIRE,Slaughterhouse,6,0
Feb-10,NORTH YORKSHIRE,OXFORDSHIRE,Slaughterhouse,0,1
Feb-10,NORTH YORKSHIRE,SHROPSHIRE,Slaughterhouse,682,143
Feb-10,NORTH YORKSHIRE,SOMERSET,Slaughterhouse,0,1
Feb-10,NORTH YORKSHIRE,SOUTH YORKSHIRE,Slaughterhouse,443,84
Feb-10,NORTH YORKSHIRE,STAFFORDSHIRE,Slaughterhouse,7,8
Feb-10,NORTH YORKSHIRE,STRATHCLYDE,Slaughterhouse,133,30
Feb-10,NORTH YORKSHIRE,TAYSIDE,Slaughterhouse,19,18
Feb-10,NORTH YORKSHIRE,TYNE & WEAR,Slaughterhouse,20,0
Feb-10,NORTH YORKSHIRE,WEST YORKSHIRE,Slaughterhouse,"1,854","1,207"
Feb-10,NORTH YORKSHIRE,,Slaughterhouse,864,158
Feb-10,NOTTINGHAMSHIRE,BEDFORDSHIRE,Slaughterhouse,123,7
Feb-10,NOTTINGHAMSHIRE,CHESHIRE,Slaughterhouse,8,1
Feb-10,NOTTINGHAMSHIRE,CUMBRIA,Slaughterhouse,30,2
Feb-10,NOTTINGHAMSHIRE,DERBYSHIRE,Slaughterhouse,200,21
Feb-10,NOTTINGHAMSHIRE,GREATER MANCHESTER,Slaughterhouse,173,34
Feb-10,NOTTINGHAMSHIRE,HUMBERSIDE,Slaughterhouse,5,0
Feb-10,NOTTINGHAMSHIRE,LANCASHIRE,Slaughterhouse,146,22
Feb-10,NOTTINGHAMSHIRE,LEICESTERSHIRE,Slaughterhouse,1,0
Feb-10,NOTTINGHAMSHIRE,LINCOLNSHIRE,Slaughterhouse,862,97
Feb-10,NOTTINGHAMSHIRE,MID GLAMORGAN,Slaughterhouse,35,0
Feb-10,NOTTINGHAMSHIRE,NORFOLK,Slaughterhouse,67,12
Feb-10,NOTTINGHAMSHIRE,NORTH YORKSHIRE,Slaughterhouse,156,47
Feb-10,NOTTINGHAMSHIRE,NOTTINGHAMSHIRE,Slaughterhouse,269,10
Feb-10,NOTTINGHAMSHIRE,OXFORDSHIRE,Slaughterhouse,18,8
Feb-10,NOTTINGHAMSHIRE,SHROPSHIRE,Slaughterhouse,43,4
Feb-10,NOTTINGHAMSHIRE,SOUTH YORKSHIRE,Slaughterhouse,459,57
Feb-10,NOTTINGHAMSHIRE,STAFFORDSHIRE,Slaughterhouse,163,41
Feb-10,NOTTINGHAMSHIRE,SURREY,Slaughterhouse,21,5
Feb-10,NOTTINGHAMSHIRE,WEST YORKSHIRE,Slaughterhouse,160,31
Feb-10,NOTTINGHAMSHIRE,,Slaughterhouse,305,48
Feb-10,ORKNEY,CENTRAL,Slaughterhouse,295,0
Feb-10,ORKNEY,CUMBRIA,Slaughterhouse,0,12
Feb-10,ORKNEY,GRAMPIAN,Slaughterhouse,92,1
Feb-10,ORKNEY,HIGHLAND,Slaughterhouse,1,8
Feb-10,ORKNEY,ORKNEY,Slaughterhouse,408,37
Feb-10,ORKNEY,STRATHCLYDE,Slaughterhouse,2,6
Feb-10,ORKNEY,TAYSIDE,Slaughterhouse,16,3
Feb-10,ORKNEY,,Slaughterhouse,0,16
Feb-10,OXFORDSHIRE,AVON,Slaughterhouse,26,0
Feb-10,OXFORDSHIRE,BEDFORDSHIRE,Slaughterhouse,229,2
Feb-10,OXFORDSHIRE,CENTRAL,Slaughterhouse,73,0
Feb-10,OXFORDSHIRE,CORNWALL,Slaughterhouse,1,0
Feb-10,OXFORDSHIRE,CUMBRIA,Slaughterhouse,0,3
Feb-10,OXFORDSHIRE,DYFED,Slaughterhouse,0,9
Feb-10,OXFORDSHIRE,GLOUCESTERSHIRE,Slaughterhouse,3,12
Feb-10,OXFORDSHIRE,HAMPSHIRE,Slaughterhouse,21,6
Feb-10,OXFORDSHIRE,HEREFORD & WORCESTER,Slaughterhouse,0,1
Feb-10,OXFORDSHIRE,LANCASHIRE,Slaughterhouse,83,0
Feb-10,OXFORDSHIRE,LINCOLNSHIRE,Slaughterhouse,394,1
Feb-10,OXFORDSHIRE,MID GLAMORGAN,Slaughterhouse,277,0
Feb-10,OXFORDSHIRE,NORFOLK,Slaughterhouse,7,0
Feb-10,OXFORDSHIRE,NORTH YORKSHIRE,Slaughterhouse,0,5
Feb-10,OXFORDSHIRE,OXFORDSHIRE,Slaughterhouse,144,6
Feb-10,OXFORDSHIRE,SHROPSHIRE,Slaughterhouse,72,0
Feb-10,OXFORDSHIRE,SOMERSET,Slaughterhouse,183,0
Feb-10,OXFORDSHIRE,SOUTH YORKSHIRE,Slaughterhouse,63,16
Feb-10,OXFORDSHIRE,STAFFORDSHIRE,Slaughterhouse,0,1
Feb-10,OXFORDSHIRE,STRATHCLYDE,Slaughterhouse,12,0
Feb-10,OXFORDSHIRE,SURREY,Slaughterhouse,94,0
Feb-10,OXFORDSHIRE,WARWICKSHIRE,Slaughterhouse,10,0
Feb-10,OXFORDSHIRE,WEST YORKSHIRE,Slaughterhouse,0,5
Feb-10,OXFORDSHIRE,WILTSHIRE,Slaughterhouse,26,14
Feb-10,OXFORDSHIRE,,Slaughterhouse,94,2
Feb-10,POWYS,AVON,Slaughterhouse,41,32
Feb-10,POWYS,BEDFORDSHIRE,Slaughterhouse,42,59
Feb-10,POWYS,CHESHIRE,Slaughterhouse,166,16
Feb-10,POWYS,CLWYD,Slaughterhouse,9,12
Feb-10,POWYS,CUMBRIA,Slaughterhouse,1,1
Feb-10,POWYS,DERBYSHIRE,Slaughterhouse,12,3
Feb-10,POWYS,DEVON,Slaughterhouse,26,31
Feb-10,POWYS,DURHAM,Slaughterhouse,4,7
Feb-10,POWYS,DYFED,Slaughterhouse,73,4
Feb-10,POWYS,GLOUCESTERSHIRE,Slaughterhouse,91,1
Feb-10,POWYS,GREATER MANCHESTER,Slaughterhouse,47,56
Feb-10,POWYS,HEREFORD & WORCESTER,Slaughterhouse,10,0
Feb-10,POWYS,HUMBERSIDE,Slaughterhouse,0,1
Feb-10,POWYS,LANCASHIRE,Slaughterhouse,248,30
Feb-10,POWYS,LINCOLNSHIRE,Slaughterhouse,73,7
Feb-10,POWYS,MID GLAMORGAN,Slaughterhouse,246,0
Feb-10,POWYS,OXFORDSHIRE,Slaughterhouse,17,10
Feb-10,POWYS,POWYS,Slaughterhouse,349,0
Feb-10,POWYS,SHROPSHIRE,Slaughterhouse,767,43
Feb-10,POWYS,SOMERSET,Slaughterhouse,27,3
Feb-10,POWYS,SOUTH YORKSHIRE,Slaughterhouse,7,1
Feb-10,POWYS,STAFFORDSHIRE,Slaughterhouse,56,71
Feb-10,POWYS,STRATHCLYDE,Slaughterhouse,1,0
Feb-10,POWYS,SURREY,Slaughterhouse,1,15
Feb-10,POWYS,TYNE & WEAR,Slaughterhouse,14,15
Feb-10,POWYS,WARWICKSHIRE,Slaughterhouse,1,0
Feb-10,POWYS,WEST GLAMORGAN,Slaughterhouse,14,5
Feb-10,POWYS,WEST MIDLANDS,Slaughterhouse,0,1
Feb-10,POWYS,WEST YORKSHIRE,Slaughterhouse,4,8
Feb-10,POWYS,WILTSHIRE,Slaughterhouse,5,1
Feb-10,POWYS,,Slaughterhouse,187,66
Feb-10,SHETLAND,CUMBRIA,Slaughterhouse,0,1
Feb-10,SHETLAND,DURHAM,Slaughterhouse,0,1
Feb-10,SHETLAND,SHETLAND,Slaughterhouse,2,0
Feb-10,SHETLAND,STRATHCLYDE,Slaughterhouse,0,1
Feb-10,SHETLAND,TAYSIDE,Slaughterhouse,0,1
Feb-10,SHROPSHIRE,AVON,Slaughterhouse,140,28
Feb-10,SHROPSHIRE,BEDFORDSHIRE,Slaughterhouse,301,112
Feb-10,SHROPSHIRE,CHESHIRE,Slaughterhouse,434,47
Feb-10,SHROPSHIRE,CLWYD,Slaughterhouse,76,5
Feb-10,SHROPSHIRE,CORNWALL,Slaughterhouse,1,1
Feb-10,SHROPSHIRE,CUMBRIA,Slaughterhouse,20,11
Feb-10,SHROPSHIRE,DERBYSHIRE,Slaughterhouse,71,23
Feb-10,SHROPSHIRE,DEVON,Slaughterhouse,480,159
Feb-10,SHROPSHIRE,DURHAM,Slaughterhouse,105,22
Feb-10,SHROPSHIRE,DYFED,Slaughterhouse,4,1
Feb-10,SHROPSHIRE,GLOUCESTERSHIRE,Slaughterhouse,1,0
Feb-10,SHROPSHIRE,GREATER MANCHESTER,Slaughterhouse,468,185
Feb-10,SHROPSHIRE,GWYNEDD,Slaughterhouse,0,1
Feb-10,SHROPSHIRE,HAMPSHIRE,Slaughterhouse,10,0
Feb-10,SHROPSHIRE,HEREFORD & WORCESTER,Slaughterhouse,41,3
Feb-10,SHROPSHIRE,HUMBERSIDE,Slaughterhouse,15,3
Feb-10,SHROPSHIRE,LANCASHIRE,Slaughterhouse,587,73
Feb-10,SHROPSHIRE,LINCOLNSHIRE,Slaughterhouse,540,38
Feb-10,SHROPSHIRE,MID GLAMORGAN,Slaughterhouse,108,0
Feb-10,SHROPSHIRE,OXFORDSHIRE,Slaughterhouse,211,76
Feb-10,SHROPSHIRE,SHROPSHIRE,Slaughterhouse,"2,412",158
Feb-10,SHROPSHIRE,SOMERSET,Slaughterhouse,50,9
Feb-10,SHROPSHIRE,SOUTH YORKSHIRE,Slaughterhouse,104,23
Feb-10,SHROPSHIRE,STAFFORDSHIRE,Slaughterhouse,"1,005",380
Feb-10,SHROPSHIRE,STRATHCLYDE,Slaughterhouse,45,6
Feb-10,SHROPSHIRE,SURREY,Slaughterhouse,88,15
Feb-10,SHROPSHIRE,TYNE & WEAR,Slaughterhouse,52,13
Feb-10,SHROPSHIRE,WARWICKSHIRE,Slaughterhouse,47,15
Feb-10,SHROPSHIRE,WEST MIDLANDS,Slaughterhouse,92,11
Feb-10,SHROPSHIRE,WEST YORKSHIRE,Slaughterhouse,105,51
Feb-10,SHROPSHIRE,WILTSHIRE,Slaughterhouse,24,1
Feb-10,SHROPSHIRE,,Slaughterhouse,"1,041",299
Feb-10,SOMERSET,AVON,Slaughterhouse,471,49
Feb-10,SOMERSET,BEDFORDSHIRE,Slaughterhouse,93,50
Feb-10,SOMERSET,CORNWALL,Slaughterhouse,363,85
Feb-10,SOMERSET,DEVON,Slaughterhouse,411,140
Feb-10,SOMERSET,DORSET,Slaughterhouse,73,3
Feb-10,SOMERSET,DURHAM,Slaughterhouse,0,2
Feb-10,SOMERSET,DYFED,Slaughterhouse,18,0
Feb-10,SOMERSET,GLOUCESTERSHIRE,Slaughterhouse,323,144
Feb-10,SOMERSET,GREATER MANCHESTER,Slaughterhouse,0,1
Feb-10,SOMERSET,HUMBERSIDE,Slaughterhouse,1,0
Feb-10,SOMERSET,LANCASHIRE,Slaughterhouse,55,34
Feb-10,SOMERSET,LINCOLNSHIRE,Slaughterhouse,213,56
Feb-10,SOMERSET,MID GLAMORGAN,Slaughterhouse,47,1
Feb-10,SOMERSET,OXFORDSHIRE,Slaughterhouse,73,33
Feb-10,SOMERSET,SHROPSHIRE,Slaughterhouse,214,62
Feb-10,SOMERSET,SOMERSET,Slaughterhouse,"1,478",70
Feb-10,SOMERSET,SOUTH YORKSHIRE,Slaughterhouse,108,0
Feb-10,SOMERSET,WILTSHIRE,Slaughterhouse,41,13
Feb-10,SOMERSET,,Slaughterhouse,849,221
Feb-10,SOUTH GLAMORGAN,AVON,Slaughterhouse,0,8
Feb-10,SOUTH GLAMORGAN,BEDFORDSHIRE,Slaughterhouse,0,1
Feb-10,SOUTH GLAMORGAN,DEVON,Slaughterhouse,0,1
Feb-10,SOUTH GLAMORGAN,DYFED,Slaughterhouse,20,5
Feb-10,SOUTH GLAMORGAN,GLOUCESTERSHIRE,Slaughterhouse,0,8
Feb-10,SOUTH GLAMORGAN,LANCASHIRE,Slaughterhouse,44,4
Feb-10,SOUTH GLAMORGAN,LINCOLNSHIRE,Slaughterhouse,0,2
Feb-10,SOUTH GLAMORGAN,MID GLAMORGAN,Slaughterhouse,241,0
Feb-10,SOUTH GLAMORGAN,SOMERSET,Slaughterhouse,23,0
Feb-10,SOUTH GLAMORGAN,SURREY,Slaughterhouse,2,0
Feb-10,SOUTH GLAMORGAN,WEST GLAMORGAN,Slaughterhouse,2,1
Feb-10,SOUTH GLAMORGAN,WILTSHIRE,Slaughterhouse,0,2
Feb-10,SOUTH GLAMORGAN,,Slaughterhouse,24,0
Feb-10,SOUTH YORKSHIRE,BEDFORDSHIRE,Slaughterhouse,0,8
Feb-10,SOUTH YORKSHIRE,CHESHIRE,Slaughterhouse,30,3
Feb-10,SOUTH YORKSHIRE,CLEVELAND,Slaughterhouse,1,47
Feb-10,SOUTH YORKSHIRE,CUMBRIA,Slaughterhouse,0,3
Feb-10,SOUTH YORKSHIRE,DERBYSHIRE,Slaughterhouse,8,3
Feb-10,SOUTH YORKSHIRE,DEVON,Slaughterhouse,0,4
Feb-10,SOUTH YORKSHIRE,DURHAM,Slaughterhouse,0,1
Feb-10,SOUTH YORKSHIRE,GREATER LONDON,Slaughterhouse,2,0
Feb-10,SOUTH YORKSHIRE,GREATER MANCHESTER,Slaughterhouse,1,56
Feb-10,SOUTH YORKSHIRE,HUMBERSIDE,Slaughterhouse,13,2
Feb-10,SOUTH YORKSHIRE,LANCASHIRE,Slaughterhouse,64,1
Feb-10,SOUTH YORKSHIRE,LINCOLNSHIRE,Slaughterhouse,8,22
Feb-10,SOUTH YORKSHIRE,NORFOLK,Slaughterhouse,0,2
Feb-10,SOUTH YORKSHIRE,NORTH YORKSHIRE,Slaughterhouse,0,9
Feb-10,SOUTH YORKSHIRE,NOTTINGHAMSHIRE,Slaughterhouse,1,0
Feb-10,SOUTH YORKSHIRE,SHROPSHIRE,Slaughterhouse,0,7
Feb-10,SOUTH YORKSHIRE,SOUTH YORKSHIRE,Slaughterhouse,568,14
Feb-10,SOUTH YORKSHIRE,STAFFORDSHIRE,Slaughterhouse,40,13
Feb-10,SOUTH YORKSHIRE,STRATHCLYDE,Slaughterhouse,0,4
Feb-10,SOUTH YORKSHIRE,WEST YORKSHIRE,Slaughterhouse,104,49
Feb-10,SOUTH YORKSHIRE,,Slaughterhouse,228,3
Feb-10,STAFFORDSHIRE,AVON,Slaughterhouse,2,31
Feb-10,STAFFORDSHIRE,BEDFORDSHIRE,Slaughterhouse,47,107
Feb-10,STAFFORDSHIRE,CHESHIRE,Slaughterhouse,155,40
Feb-10,STAFFORDSHIRE,CORNWALL,Slaughterhouse,1,0
Feb-10,STAFFORDSHIRE,CUMBRIA,Slaughterhouse,6,4
Feb-10,STAFFORDSHIRE,DERBYSHIRE,Slaughterhouse,35,35
Feb-10,STAFFORDSHIRE,DEVON,Slaughterhouse,12,118
Feb-10,STAFFORDSHIRE,DURHAM,Slaughterhouse,3,24
Feb-10,STAFFORDSHIRE,GREATER MANCHESTER,Slaughterhouse,9,65
Feb-10,STAFFORDSHIRE,HIGHLAND,Slaughterhouse,0,0
Feb-10,STAFFORDSHIRE,HUMBERSIDE,Slaughterhouse,5,4
Feb-10,STAFFORDSHIRE,LANCASHIRE,Slaughterhouse,382,56
Feb-10,STAFFORDSHIRE,LINCOLNSHIRE,Slaughterhouse,181,15
Feb-10,STAFFORDSHIRE,MID GLAMORGAN,Slaughterhouse,92,0
Feb-10,STAFFORDSHIRE,OXFORDSHIRE,Slaughterhouse,9,22
Feb-10,STAFFORDSHIRE,SHROPSHIRE,Slaughterhouse,793,65
Feb-10,STAFFORDSHIRE,SOMERSET,Slaughterhouse,224,15
Feb-10,STAFFORDSHIRE,SOUTH YORKSHIRE,Slaughterhouse,78,76
Feb-10,STAFFORDSHIRE,STAFFORDSHIRE,Slaughterhouse,"1,405",248
Feb-10,STAFFORDSHIRE,STRATHCLYDE,Slaughterhouse,16,9
Feb-10,STAFFORDSHIRE,SURREY,Slaughterhouse,95,1
Feb-10,STAFFORDSHIRE,WARWICKSHIRE,Slaughterhouse,1,1
Feb-10,STAFFORDSHIRE,WEST MIDLANDS,Slaughterhouse,1,3
Feb-10,STAFFORDSHIRE,WEST YORKSHIRE,Slaughterhouse,6,24
Feb-10,STAFFORDSHIRE,WILTSHIRE,Slaughterhouse,1,0
Feb-10,STAFFORDSHIRE,,Slaughterhouse,363,138
Feb-10,STRATHCLYDE,BORDERS,Slaughterhouse,0,3
Feb-10,STRATHCLYDE,CENTRAL,Slaughterhouse,746,30
Feb-10,STRATHCLYDE,CUMBRIA,Slaughterhouse,179,109
Feb-10,STRATHCLYDE,DERBYSHIRE,Slaughterhouse,0,1
Feb-10,STRATHCLYDE,DUMFRIES & GALLOWAY,Slaughterhouse,1,0
Feb-10,STRATHCLYDE,FIFE,Slaughterhouse,0,2
Feb-10,STRATHCLYDE,GRAMPIAN,Slaughterhouse,150,9
Feb-10,STRATHCLYDE,HEREFORD & WORCESTER,Slaughterhouse,7,0
Feb-10,STRATHCLYDE,HIGHLAND,Slaughterhouse,25,2
Feb-10,STRATHCLYDE,LANCASHIRE,Slaughterhouse,55,76
Feb-10,STRATHCLYDE,LINCOLNSHIRE,Slaughterhouse,0,0
Feb-10,STRATHCLYDE,SOUTH YORKSHIRE,Slaughterhouse,71,42
Feb-10,STRATHCLYDE,STRATHCLYDE,Slaughterhouse,"2,854",408
Feb-10,STRATHCLYDE,TAYSIDE,Slaughterhouse,585,86
Feb-10,STRATHCLYDE,WEST YORKSHIRE,Slaughterhouse,1,1
Feb-10,STRATHCLYDE,,Slaughterhouse,540,307
Feb-10,SUFFOLK,BEDFORDSHIRE,Slaughterhouse,98,1
Feb-10,SUFFOLK,CAMBRIDGESHIRE,Slaughterhouse,1,0
Feb-10,SUFFOLK,CUMBRIA,Slaughterhouse,0,1
Feb-10,SUFFOLK,ESSEX,Slaughterhouse,58,103
Feb-10,SUFFOLK,HAMPSHIRE,Slaughterhouse,0,21
Feb-10,SUFFOLK,LANCASHIRE,Slaughterhouse,1,2
Feb-10,SUFFOLK,LINCOLNSHIRE,Slaughterhouse,400,0
Feb-10,SUFFOLK,MID GLAMORGAN,Slaughterhouse,40,0
Feb-10,SUFFOLK,NORFOLK,Slaughterhouse,300,26
Feb-10,SUFFOLK,NORTH YORKSHIRE,Slaughterhouse,0,1
Feb-10,SUFFOLK,SHROPSHIRE,Slaughterhouse,0,1
Feb-10,SUFFOLK,SOUTH YORKSHIRE,Slaughterhouse,0,1
Feb-10,SUFFOLK,SUFFOLK,Slaughterhouse,14,0
Feb-10,SUFFOLK,SURREY,Slaughterhouse,0,2
Feb-10,SUFFOLK,,Slaughterhouse,221,3
Feb-10,SURREY,AVON,Slaughterhouse,0,0
Feb-10,SURREY,BEDFORDSHIRE,Slaughterhouse,0,8
Feb-10,SURREY,DEVON,Slaughterhouse,0,2
Feb-10,SURREY,EAST SUSSEX,Slaughterhouse,4,1
Feb-10,SURREY,ESSEX,Slaughterhouse,0,8
Feb-10,SURREY,GREATER LONDON,Slaughterhouse,0,3
Feb-10,SURREY,HAMPSHIRE,Slaughterhouse,56,9
Feb-10,SURREY,KENT,Slaughterhouse,36,5
Feb-10,SURREY,LANCASHIRE,Slaughterhouse,13,11
Feb-10,SURREY,MID GLAMORGAN,Slaughterhouse,20,0
Feb-10,SURREY,NORFOLK,Slaughterhouse,0,9
Feb-10,SURREY,SOMERSET,Slaughterhouse,19,3
Feb-10,SURREY,SURREY,Slaughterhouse,325,7
Feb-10,SURREY,WEST SUSSEX,Slaughterhouse,4,0
Feb-10,SURREY,,Slaughterhouse,30,0
Feb-10,TAYSIDE,CENTRAL,Slaughterhouse,610,21
Feb-10,TAYSIDE,CUMBRIA,Slaughterhouse,26,3
Feb-10,TAYSIDE,DERBYSHIRE,Slaughterhouse,0,3
Feb-10,TAYSIDE,FIFE,Slaughterhouse,165,61
Feb-10,TAYSIDE,GRAMPIAN,Slaughterhouse,581,50
Feb-10,TAYSIDE,HIGHLAND,Slaughterhouse,0,4
Feb-10,TAYSIDE,LANCASHIRE,Slaughterhouse,20,5
Feb-10,TAYSIDE,STRATHCLYDE,Slaughterhouse,167,73
Feb-10,TAYSIDE,TAYSIDE,Slaughterhouse,895,30
Feb-10,TAYSIDE,,Slaughterhouse,170,58
Feb-10,TYNE & WEAR,CENTRAL,Slaughterhouse,106,3
Feb-10,TYNE & WEAR,CLEVELAND,Slaughterhouse,0,6
Feb-10,TYNE & WEAR,DURHAM,Slaughterhouse,1,12
Feb-10,TYNE & WEAR,GREATER MANCHESTER,Slaughterhouse,0,4
Feb-10,TYNE & WEAR,HUMBERSIDE,Slaughterhouse,10,0
Feb-10,TYNE & WEAR,LANCASHIRE,Slaughterhouse,28,2
Feb-10,TYNE & WEAR,MID GLAMORGAN,Slaughterhouse,6,0
Feb-10,TYNE & WEAR,NORTH YORKSHIRE,Slaughterhouse,0,4
Feb-10,TYNE & WEAR,SHROPSHIRE,Slaughterhouse,0,1
Feb-10,TYNE & WEAR,SOUTH YORKSHIRE,Slaughterhouse,26,0
Feb-10,TYNE & WEAR,TYNE & WEAR,Slaughterhouse,36,0
Feb-10,TYNE & WEAR,WEST YORKSHIRE,Slaughterhouse,0,8
Feb-10,TYNE & WEAR,,Slaughterhouse,0,2
Feb-10,WARWICKSHIRE,AVON,Slaughterhouse,0,2
Feb-10,WARWICKSHIRE,BEDFORDSHIRE,Slaughterhouse,50,6
Feb-10,WARWICKSHIRE,CUMBRIA,Slaughterhouse,0,3
Feb-10,WARWICKSHIRE,DERBYSHIRE,Slaughterhouse,1,3
Feb-10,WARWICKSHIRE,DEVON,Slaughterhouse,0,5
Feb-10,WARWICKSHIRE,GLOUCESTERSHIRE,Slaughterhouse,13,7
Feb-10,WARWICKSHIRE,GREATER MANCHESTER,Slaughterhouse,0,15
Feb-10,WARWICKSHIRE,HEREFORD & WORCESTER,Slaughterhouse,19,6
Feb-10,WARWICKSHIRE,HIGHLAND,Slaughterhouse,1,0
Feb-10,WARWICKSHIRE,LANCASHIRE,Slaughterhouse,32,8
Feb-10,WARWICKSHIRE,LEICESTERSHIRE,Slaughterhouse,73,16
Feb-10,WARWICKSHIRE,LINCOLNSHIRE,Slaughterhouse,435,55
Feb-10,WARWICKSHIRE,MID GLAMORGAN,Slaughterhouse,379,0
Feb-10,WARWICKSHIRE,NORFOLK,Slaughterhouse,0,7
Feb-10,WARWICKSHIRE,NORTH YORKSHIRE,Slaughterhouse,53,40
Feb-10,WARWICKSHIRE,NOTTINGHAMSHIRE,Slaughterhouse,0,15
Feb-10,WARWICKSHIRE,OXFORDSHIRE,Slaughterhouse,81,63
Feb-10,WARWICKSHIRE,SHROPSHIRE,Slaughterhouse,79,17
Feb-10,WARWICKSHIRE,SOMERSET,Slaughterhouse,9,0
Feb-10,WARWICKSHIRE,SOUTH YORKSHIRE,Slaughterhouse,63,12
Feb-10,WARWICKSHIRE,STAFFORDSHIRE,Slaughterhouse,53,23
Feb-10,WARWICKSHIRE,STRATHCLYDE,Slaughterhouse,2,0
Feb-10,WARWICKSHIRE,SURREY,Slaughterhouse,18,6
Feb-10,WARWICKSHIRE,WARWICKSHIRE,Slaughterhouse,93,8
Feb-10,WARWICKSHIRE,WEST MIDLANDS,Slaughterhouse,2,0
Feb-10,WARWICKSHIRE,WEST YORKSHIRE,Slaughterhouse,0,8
Feb-10,WARWICKSHIRE,WILTSHIRE,Slaughterhouse,1,6
Feb-10,WARWICKSHIRE,,Slaughterhouse,160,17
Feb-10,WESTERN ISLES,HIGHLAND,Slaughterhouse,0,1
Feb-10,WESTERN ISLES,WESTERN ISLES,Slaughterhouse,1,0
Feb-10,WEST GLAMORGAN,AVON,Slaughterhouse,2,1
Feb-10,WEST GLAMORGAN,BEDFORDSHIRE,Slaughterhouse,26,3
Feb-10,WEST GLAMORGAN,CHESHIRE,Slaughterhouse,1,0
Feb-10,WEST GLAMORGAN,DEVON,Slaughterhouse,3,1
Feb-10,WEST GLAMORGAN,DURHAM,Slaughterhouse,1,0
Feb-10,WEST GLAMORGAN,DYFED,Slaughterhouse,19,2
Feb-10,WEST GLAMORGAN,GLOUCESTERSHIRE,Slaughterhouse,0,1
Feb-10,WEST GLAMORGAN,GREATER MANCHESTER,Slaughterhouse,1,0
Feb-10,WEST GLAMORGAN,LANCASHIRE,Slaughterhouse,9,0
Feb-10,WEST GLAMORGAN,LINCOLNSHIRE,Slaughterhouse,2,5
Feb-10,WEST GLAMORGAN,MID GLAMORGAN,Slaughterhouse,51,0
Feb-10,WEST GLAMORGAN,SHROPSHIRE,Slaughterhouse,0,1
Feb-10,WEST GLAMORGAN,STAFFORDSHIRE,Slaughterhouse,11,0
Feb-10,WEST GLAMORGAN,WEST GLAMORGAN,Slaughterhouse,33,0
Feb-10,WEST GLAMORGAN,,Slaughterhouse,16,1
Feb-10,WEST MIDLANDS,AVON,Slaughterhouse,0,1
Feb-10,WEST MIDLANDS,BEDFORDSHIRE,Slaughterhouse,0,2
Feb-10,WEST MIDLANDS,GLOUCESTERSHIRE,Slaughterhouse,0,2
Feb-10,WEST MIDLANDS,LEICESTERSHIRE,Slaughterhouse,2,6
Feb-10,WEST MIDLANDS,LINCOLNSHIRE,Slaughterhouse,6,3
Feb-10,WEST MIDLANDS,MID GLAMORGAN,Slaughterhouse,7,0
Feb-10,WEST MIDLANDS,NORTH YORKSHIRE,Slaughterhouse,0,6
Feb-10,WEST MIDLANDS,OXFORDSHIRE,Slaughterhouse,0,6
Feb-10,WEST MIDLANDS,SHROPSHIRE,Slaughterhouse,0,5
Feb-10,WEST MIDLANDS,SOUTH YORKSHIRE,Slaughterhouse,17,0
Feb-10,WEST MIDLANDS,STAFFORDSHIRE,Slaughterhouse,5,3
Feb-10,WEST MIDLANDS,WARWICKSHIRE,Slaughterhouse,5,1
Feb-10,WEST MIDLANDS,WEST MIDLANDS,Slaughterhouse,0,1
Feb-10,WEST MIDLANDS,WEST YORKSHIRE,Slaughterhouse,0,1
Feb-10,WEST MIDLANDS,WILTSHIRE,Slaughterhouse,0,3
Feb-10,WEST MIDLANDS,,Slaughterhouse,31,3
Feb-10,WEST SUSSEX,AVON,Slaughterhouse,12,0
Feb-10,WEST SUSSEX,BEDFORDSHIRE,Slaughterhouse,44,15
Feb-10,WEST SUSSEX,DERBYSHIRE,Slaughterhouse,1,0
Feb-10,WEST SUSSEX,DEVON,Slaughterhouse,0,6
Feb-10,WEST SUSSEX,EAST SUSSEX,Slaughterhouse,4,4
Feb-10,WEST SUSSEX,GREATER LONDON,Slaughterhouse,10,1
Feb-10,WEST SUSSEX,HAMPSHIRE,Slaughterhouse,45,5
Feb-10,WEST SUSSEX,KENT,Slaughterhouse,31,1
Feb-10,WEST SUSSEX,LANCASHIRE,Slaughterhouse,0,1
Feb-10,WEST SUSSEX,LINCOLNSHIRE,Slaughterhouse,56,0
Feb-10,WEST SUSSEX,MID GLAMORGAN,Slaughterhouse,80,0
Feb-10,WEST SUSSEX,NORFOLK,Slaughterhouse,11,4
Feb-10,WEST SUSSEX,SOMERSET,Slaughterhouse,335,17
Feb-10,WEST SUSSEX,SURREY,Slaughterhouse,279,1
Feb-10,WEST SUSSEX,WEST SUSSEX,Slaughterhouse,64,0
Feb-10,WEST SUSSEX,,Slaughterhouse,42,1
Feb-10,WEST YORKSHIRE,CENTRAL,Slaughterhouse,6,0
Feb-10,WEST YORKSHIRE,CHESHIRE,Slaughterhouse,0,1
Feb-10,WEST YORKSHIRE,CLEVELAND,Slaughterhouse,1,41
Feb-10,WEST YORKSHIRE,CUMBRIA,Slaughterhouse,0,6
Feb-10,WEST YORKSHIRE,DEVON,Slaughterhouse,0,2
Feb-10,WEST YORKSHIRE,DURHAM,Slaughterhouse,72,45
Feb-10,WEST YORKSHIRE,GREATER MANCHESTER,Slaughterhouse,78,97
Feb-10,WEST YORKSHIRE,HUMBERSIDE,Slaughterhouse,37,11
Feb-10,WEST YORKSHIRE,LANCASHIRE,Slaughterhouse,251,9
Feb-10,WEST YORKSHIRE,LINCOLNSHIRE,Slaughterhouse,0,20
Feb-10,WEST YORKSHIRE,MID GLAMORGAN,Slaughterhouse,11,0
Feb-10,WEST YORKSHIRE,NORTH YORKSHIRE,Slaughterhouse,60,22
Feb-10,WEST YORKSHIRE,SHROPSHIRE,Slaughterhouse,0,0
Feb-10,WEST YORKSHIRE,SOUTH YORKSHIRE,Slaughterhouse,305,35
Feb-10,WEST YORKSHIRE,STAFFORDSHIRE,Slaughterhouse,6,1
Feb-10,WEST YORKSHIRE,STRATHCLYDE,Slaughterhouse,0,12
Feb-10,WEST YORKSHIRE,WEST YORKSHIRE,Slaughterhouse,561,158
Feb-10,WEST YORKSHIRE,,Slaughterhouse,47,8
Feb-10,WILTSHIRE,AVON,Slaughterhouse,713,27
Feb-10,WILTSHIRE,BEDFORDSHIRE,Slaughterhouse,108,2
Feb-10,WILTSHIRE,CORNWALL,Slaughterhouse,12,0
Feb-10,WILTSHIRE,CUMBRIA,Slaughterhouse,0,15
Feb-10,WILTSHIRE,DEVON,Slaughterhouse,32,28
Feb-10,WILTSHIRE,DORSET,Slaughterhouse,12,0
Feb-10,WILTSHIRE,DYFED,Slaughterhouse,0,19
Feb-10,WILTSHIRE,GLOUCESTERSHIRE,Slaughterhouse,28,46
Feb-10,WILTSHIRE,GREATER MANCHESTER,Slaughterhouse,0,1
Feb-10,WILTSHIRE,HAMPSHIRE,Slaughterhouse,25,3
Feb-10,WILTSHIRE,LANCASHIRE,Slaughterhouse,12,3
Feb-10,WILTSHIRE,LINCOLNSHIRE,Slaughterhouse,104,0
Feb-10,WILTSHIRE,MID GLAMORGAN,Slaughterhouse,85,8
Feb-10,WILTSHIRE,NORTH YORKSHIRE,Slaughterhouse,1,0
Feb-10,WILTSHIRE,NOTTINGHAMSHIRE,Slaughterhouse,0,1
Feb-10,WILTSHIRE,OXFORDSHIRE,Slaughterhouse,33,10
Feb-10,WILTSHIRE,SHROPSHIRE,Slaughterhouse,13,18
Feb-10,WILTSHIRE,SOMERSET,Slaughterhouse,614,18
Feb-10,WILTSHIRE,SOUTH YORKSHIRE,Slaughterhouse,13,1
Feb-10,WILTSHIRE,STAFFORDSHIRE,Slaughterhouse,7,0
Feb-10,WILTSHIRE,SURREY,Slaughterhouse,70,0
Feb-10,WILTSHIRE,WEST GLAMORGAN,Slaughterhouse,3,0
Feb-10,WILTSHIRE,WEST YORKSHIRE,Slaughterhouse,0,2
Feb-10,WILTSHIRE,WILTSHIRE,Slaughterhouse,304,12
Feb-10,WILTSHIRE,,Slaughterhouse,300,38
Feb-10,0,CENTRAL,Slaughterhouse,1,0
Feb-10,0,CORNWALL,Slaughterhouse,1,0
Feb-10,0,CUMBRIA,Slaughterhouse,0,3
Feb-10,0,DERBYSHIRE,Slaughterhouse,6,0
Feb-10,0,DEVON,Slaughterhouse,1,0
Feb-10,0,GRAMPIAN,Slaughterhouse,0,1
Feb-10,0,GREATER MANCHESTER,Slaughterhouse,10,0
Feb-10,0,LANCASHIRE,Slaughterhouse,1,0
Feb-10,0,SOUTH YORKSHIRE,Slaughterhouse,0,1
Mar-10,AVON,AVON,Slaughterhouse,737,19
Mar-10,AVON,BEDFORDSHIRE,Slaughterhouse,31,8
Mar-10,AVON,CORNWALL,Slaughterhouse,15,33
Mar-10,AVON,DEVON,Slaughterhouse,0,18
Mar-10,AVON,DYFED,Slaughterhouse,0,2
Mar-10,AVON,ESSEX,Slaughterhouse,0,1
Mar-10,AVON,GLOUCESTERSHIRE,Slaughterhouse,21,54
Mar-10,AVON,LANCASHIRE,Slaughterhouse,87,8
Mar-10,AVON,LINCOLNSHIRE,Slaughterhouse,111,22
Mar-10,AVON,MID GLAMORGAN,Slaughterhouse,114,0
Mar-10,AVON,OXFORDSHIRE,Slaughterhouse,75,19
Mar-10,AVON,SHROPSHIRE,Slaughterhouse,0,29
Mar-10,AVON,SOMERSET,Slaughterhouse,111,13
Mar-10,AVON,SOUTH YORKSHIRE,Slaughterhouse,0,1
Mar-10,AVON,STAFFORDSHIRE,Slaughterhouse,42,0
Mar-10,AVON,STRATHCLYDE,Slaughterhouse,7,0
Mar-10,AVON,WILTSHIRE,Slaughterhouse,567,24
Mar-10,AVON,,Slaughterhouse,19,40
Mar-10,BEDFORDSHIRE,BEDFORDSHIRE,Slaughterhouse,204,2
Mar-10,BEDFORDSHIRE,CAMBRIDGESHIRE,Slaughterhouse,17,0
Mar-10,BEDFORDSHIRE,GREATER LONDON,Slaughterhouse,3,0
Mar-10,BEDFORDSHIRE,HAMPSHIRE,Slaughterhouse,0,1
Mar-10,BEDFORDSHIRE,LEICESTERSHIRE,Slaughterhouse,3,0
Mar-10,BEDFORDSHIRE,LINCOLNSHIRE,Slaughterhouse,164,0
Mar-10,BEDFORDSHIRE,MID GLAMORGAN,Slaughterhouse,5,0
Mar-10,BEDFORDSHIRE,OXFORDSHIRE,Slaughterhouse,6,7
Mar-10,BEDFORDSHIRE,SHROPSHIRE,Slaughterhouse,26,2
Mar-10,BEDFORDSHIRE,SOUTH YORKSHIRE,Slaughterhouse,1,0
Mar-10,BEDFORDSHIRE,SURREY,Slaughterhouse,22,0
Mar-10,BERKSHIRE,AVON,Slaughterhouse,28,1
Mar-10,BERKSHIRE,BEDFORDSHIRE,Slaughterhouse,38,0
Mar-10,BERKSHIRE,CUMBRIA,Slaughterhouse,0,2
Mar-10,BERKSHIRE,DEVON,Slaughterhouse,0,2
Mar-10,BERKSHIRE,DYFED,Slaughterhouse,0,3
Mar-10,BERKSHIRE,GLOUCESTERSHIRE,Slaughterhouse,0,2
Mar-10,BERKSHIRE,HAMPSHIRE,Slaughterhouse,173,1
Mar-10,BERKSHIRE,LINCOLNSHIRE,Slaughterhouse,6,20
Mar-10,BERKSHIRE,MID GLAMORGAN,Slaughterhouse,80,0
Mar-10,BERKSHIRE,OXFORDSHIRE,Slaughterhouse,41,0
Mar-10,BERKSHIRE,SHROPSHIRE,Slaughterhouse,2,0
Mar-10,BERKSHIRE,SOMERSET,Slaughterhouse,89,1
Mar-10,BERKSHIRE,SOUTH YORKSHIRE,Slaughterhouse,0,4
Mar-10,BERKSHIRE,STRATHCLYDE,Slaughterhouse,25,0
Mar-10,BERKSHIRE,SURREY,Slaughterhouse,102,0
Mar-10,BERKSHIRE,WILTSHIRE,Slaughterhouse,22,1
Mar-10,BERKSHIRE,,Slaughterhouse,33,0
Mar-10,BORDERS,BORDERS,Slaughterhouse,348,174
Mar-10,BORDERS,CENTRAL,Slaughterhouse,"1,260",66
Mar-10,BORDERS,CLEVELAND,Slaughterhouse,4,4
Mar-10,BORDERS,CORNWALL,Slaughterhouse,0,1
Mar-10,BORDERS,CUMBRIA,Slaughterhouse,41,24
Mar-10,BORDERS,DERBYSHIRE,Slaughterhouse,0,3
Mar-10,BORDERS,DURHAM,Slaughterhouse,37,27
Mar-10,BORDERS,GRAMPIAN,Slaughterhouse,238,14
Mar-10,BORDERS,GREATER MANCHESTER,Slaughterhouse,0,1
Mar-10,BORDERS,HIGHLAND,Slaughterhouse,91,41
Mar-10,BORDERS,LANCASHIRE,Slaughterhouse,39,3
Mar-10,BORDERS,LINCOLNSHIRE,Slaughterhouse,20,0
Mar-10,BORDERS,NORTH YORKSHIRE,Slaughterhouse,30,0
Mar-10,BORDERS,SHROPSHIRE,Slaughterhouse,2,0
Mar-10,BORDERS,SOUTH YORKSHIRE,Slaughterhouse,134,2
Mar-10,BORDERS,STRATHCLYDE,Slaughterhouse,"1,170",119
Mar-10,BORDERS,TAYSIDE,Slaughterhouse,194,67
Mar-10,BORDERS,TYNE & WEAR,Slaughterhouse,16,0
Mar-10,BORDERS,WEST YORKSHIRE,Slaughterhouse,88,54
Mar-10,BORDERS,WILTSHIRE,Slaughterhouse,0,1
Mar-10,BORDERS,,Slaughterhouse,108,47
Mar-10,BUCKINGHAMSHIRE,AVON,Slaughterhouse,19,0
Mar-10,BUCKINGHAMSHIRE,BEDFORDSHIRE,Slaughterhouse,347,0
Mar-10,BUCKINGHAMSHIRE,CENTRAL,Slaughterhouse,137,0
Mar-10,BUCKINGHAMSHIRE,DERBYSHIRE,Slaughterhouse,0,1
Mar-10,BUCKINGHAMSHIRE,GLOUCESTERSHIRE,Slaughterhouse,0,1
Mar-10,BUCKINGHAMSHIRE,GREATER LONDON,Slaughterhouse,21,0
Mar-10,BUCKINGHAMSHIRE,GREATER MANCHESTER,Slaughterhouse,0,3
Mar-10,BUCKINGHAMSHIRE,HAMPSHIRE,Slaughterhouse,30,9
Mar-10,BUCKINGHAMSHIRE,HEREFORD & WORCESTER,Slaughterhouse,0,2
Mar-10,BUCKINGHAMSHIRE,LANCASHIRE,Slaughterhouse,486,1
Mar-10,BUCKINGHAMSHIRE,LINCOLNSHIRE,Slaughterhouse,440,11
Mar-10,BUCKINGHAMSHIRE,MID GLAMORGAN,Slaughterhouse,323,51
Mar-10,BUCKINGHAMSHIRE,NORFOLK,Slaughterhouse,21,0
Mar-10,BUCKINGHAMSHIRE,OXFORDSHIRE,Slaughterhouse,23,9
Mar-10,BUCKINGHAMSHIRE,SHROPSHIRE,Slaughterhouse,0,4
Mar-10,BUCKINGHAMSHIRE,SOUTH YORKSHIRE,Slaughterhouse,81,40
Mar-10,BUCKINGHAMSHIRE,STAFFORDSHIRE,Slaughterhouse,0,2
Mar-10,BUCKINGHAMSHIRE,STRATHCLYDE,Slaughterhouse,10,0
Mar-10,BUCKINGHAMSHIRE,SURREY,Slaughterhouse,250,0
Mar-10,BUCKINGHAMSHIRE,WILTSHIRE,Slaughterhouse,25,1
Mar-10,BUCKINGHAMSHIRE,,Slaughterhouse,85,2
Mar-10,CAMBRIDGESHIRE,BEDFORDSHIRE,Slaughterhouse,217,7
Mar-10,CAMBRIDGESHIRE,CAMBRIDGESHIRE,Slaughterhouse,59,0
Mar-10,CAMBRIDGESHIRE,CORNWALL,Slaughterhouse,82,0
Mar-10,CAMBRIDGESHIRE,DERBYSHIRE,Slaughterhouse,0,4
Mar-10,CAMBRIDGESHIRE,ESSEX,Slaughterhouse,6,4
Mar-10,CAMBRIDGESHIRE,GREATER MANCHESTER,Slaughterhouse,0,11
Mar-10,CAMBRIDGESHIRE,LANCASHIRE,Slaughterhouse,0,6
Mar-10,CAMBRIDGESHIRE,LINCOLNSHIRE,Slaughterhouse,533,15
Mar-10,CAMBRIDGESHIRE,MID GLAMORGAN,Slaughterhouse,40,0
Mar-10,CAMBRIDGESHIRE,NORFOLK,Slaughterhouse,24,3
Mar-10,CAMBRIDGESHIRE,NORTH YORKSHIRE,Slaughterhouse,0,15
Mar-10,CAMBRIDGESHIRE,NOTTINGHAMSHIRE,Slaughterhouse,0,13
Mar-10,CAMBRIDGESHIRE,OXFORDSHIRE,Slaughterhouse,0,9
Mar-10,CAMBRIDGESHIRE,SHROPSHIRE,Slaughterhouse,16,12
Mar-10,CAMBRIDGESHIRE,SOUTH YORKSHIRE,Slaughterhouse,3,28
Mar-10,CAMBRIDGESHIRE,STAFFORDSHIRE,Slaughterhouse,0,4
Mar-10,CAMBRIDGESHIRE,SUFFOLK,Slaughterhouse,2,0
Mar-10,CAMBRIDGESHIRE,WEST YORKSHIRE,Slaughterhouse,0,1
Mar-10,CAMBRIDGESHIRE,,Slaughterhouse,0,36
Mar-10,CENTRAL,CENTRAL,Slaughterhouse,737,37
Mar-10,CENTRAL,CUMBRIA,Slaughterhouse,24,6
Mar-10,CENTRAL,DERBYSHIRE,Slaughterhouse,27,4
Mar-10,CENTRAL,FIFE,Slaughterhouse,2,0
Mar-10,CENTRAL,GRAMPIAN,Slaughterhouse,35,7
Mar-10,CENTRAL,HIGHLAND,Slaughterhouse,1,0
Mar-10,CENTRAL,LANCASHIRE,Slaughterhouse,72,12
Mar-10,CENTRAL,SOUTH YORKSHIRE,Slaughterhouse,5,0
Mar-10,CENTRAL,STAFFORDSHIRE,Slaughterhouse,0,0
Mar-10,CENTRAL,STRATHCLYDE,Slaughterhouse,430,74
Mar-10,CENTRAL,TAYSIDE,Slaughterhouse,357,11
Mar-10,CENTRAL,,Slaughterhouse,107,29
Mar-10,CHESHIRE,AVON,Slaughterhouse,124,91
Mar-10,CHESHIRE,BEDFORDSHIRE,Slaughterhouse,44,37
Mar-10,CHESHIRE,CHESHIRE,Slaughterhouse,918,118
Mar-10,CHESHIRE,CLWYD,Slaughterhouse,31,91
Mar-10,CHESHIRE,CORNWALL,Slaughterhouse,1,0
Mar-10,CHESHIRE,CUMBRIA,Slaughterhouse,21,0
Mar-10,CHESHIRE,DERBYSHIRE,Slaughterhouse,50,19
Mar-10,CHESHIRE,DEVON,Slaughterhouse,149,199
Mar-10,CHESHIRE,DURHAM,Slaughterhouse,0,16
Mar-10,CHESHIRE,DYFED,Slaughterhouse,0,2
Mar-10,CHESHIRE,GREATER MANCHESTER,Slaughterhouse,81,59
Mar-10,CHESHIRE,GWYNEDD,Slaughterhouse,0,4
Mar-10,CHESHIRE,HIGHLAND,Slaughterhouse,0,4
Mar-10,CHESHIRE,HUMBERSIDE,Slaughterhouse,97,75
Mar-10,CHESHIRE,LANCASHIRE,Slaughterhouse,851,51
Mar-10,CHESHIRE,LINCOLNSHIRE,Slaughterhouse,109,17
Mar-10,CHESHIRE,MERSEYSIDE,Slaughterhouse,4,0
Mar-10,CHESHIRE,MID GLAMORGAN,Slaughterhouse,15,0
Mar-10,CHESHIRE,NOTTINGHAMSHIRE,Slaughterhouse,0,5
Mar-10,CHESHIRE,OXFORDSHIRE,Slaughterhouse,0,1
Mar-10,CHESHIRE,SHROPSHIRE,Slaughterhouse,427,34
Mar-10,CHESHIRE,SOMERSET,Slaughterhouse,1,1
Mar-10,CHESHIRE,SOUTH YORKSHIRE,Slaughterhouse,40,55
Mar-10,CHESHIRE,STAFFORDSHIRE,Slaughterhouse,507,279
Mar-10,CHESHIRE,STRATHCLYDE,Slaughterhouse,102,2
Mar-10,CHESHIRE,SURREY,Slaughterhouse,26,0
Mar-10,CHESHIRE,WEST MIDLANDS,Slaughterhouse,2,0
Mar-10,CHESHIRE,WEST YORKSHIRE,Slaughterhouse,153,148
Mar-10,CHESHIRE,WILTSHIRE,Slaughterhouse,0,10
Mar-10,CHESHIRE,,Slaughterhouse,302,173
Mar-10,CLEVELAND,BORDERS,Slaughterhouse,0,5
Mar-10,CLEVELAND,CENTRAL,Slaughterhouse,0,2
Mar-10,CLEVELAND,CLEVELAND,Slaughterhouse,45,76
Mar-10,CLEVELAND,CUMBRIA,Slaughterhouse,0,23
Mar-10,CLEVELAND,DURHAM,Slaughterhouse,31,92
Mar-10,CLEVELAND,GREATER MANCHESTER,Slaughterhouse,4,66
Mar-10,CLEVELAND,HUMBERSIDE,Slaughterhouse,19,12
Mar-10,CLEVELAND,LANCASHIRE,Slaughterhouse,1,10
Mar-10,CLEVELAND,LINCOLNSHIRE,Slaughterhouse,3,5
Mar-10,CLEVELAND,NORTH YORKSHIRE,Slaughterhouse,118,33
Mar-10,CLEVELAND,SHROPSHIRE,Slaughterhouse,0,14
Mar-10,CLEVELAND,WEST YORKSHIRE,Slaughterhouse,17,85
Mar-10,CLEVELAND,,Slaughterhouse,8,9
Mar-10,CLWYD,AVON,Slaughterhouse,75,84
Mar-10,CLWYD,BEDFORDSHIRE,Slaughterhouse,0,30
Mar-10,CLWYD,CHESHIRE,Slaughterhouse,180,36
Mar-10,CLWYD,CLWYD,Slaughterhouse,545,111
Mar-10,CLWYD,CUMBRIA,Slaughterhouse,0,1
Mar-10,CLWYD,DERBYSHIRE,Slaughterhouse,4,6
Mar-10,CLWYD,DEVON,Slaughterhouse,0,43
Mar-10,CLWYD,DURHAM,Slaughterhouse,0,6
Mar-10,CLWYD,DYFED,Slaughterhouse,7,9
Mar-10,CLWYD,GREATER MANCHESTER,Slaughterhouse,20,41
Mar-10,CLWYD,GWYNEDD,Slaughterhouse,183,186
Mar-10,CLWYD,HIGHLAND,Slaughterhouse,8,9
Mar-10,CLWYD,HUMBERSIDE,Slaughterhouse,40,37
Mar-10,CLWYD,LANCASHIRE,Slaughterhouse,647,110
Mar-10,CLWYD,LINCOLNSHIRE,Slaughterhouse,8,0
Mar-10,CLWYD,MID GLAMORGAN,Slaughterhouse,31,0
Mar-10,CLWYD,OXFORDSHIRE,Slaughterhouse,0,1
Mar-10,CLWYD,POWYS,Slaughterhouse,2,0
Mar-10,CLWYD,SHROPSHIRE,Slaughterhouse,626,70
Mar-10,CLWYD,SOMERSET,Slaughterhouse,3,2
Mar-10,CLWYD,SOUTH YORKSHIRE,Slaughterhouse,90,66
Mar-10,CLWYD,STAFFORDSHIRE,Slaughterhouse,71,91
Mar-10,CLWYD,STRATHCLYDE,Slaughterhouse,0,1
Mar-10,CLWYD,TYNE & WEAR,Slaughterhouse,72,40
Mar-10,CLWYD,WEST YORKSHIRE,Slaughterhouse,108,103
Mar-10,CLWYD,WILTSHIRE,Slaughterhouse,0,1
Mar-10,CLWYD,,Slaughterhouse,221,90
Mar-10,CORNWALL,AVON,Slaughterhouse,18,0
Mar-10,CORNWALL,BEDFORDSHIRE,Slaughterhouse,126,79
Mar-10,CORNWALL,CORNWALL,Slaughterhouse,"5,435",341
Mar-10,CORNWALL,CUMBRIA,Slaughterhouse,9,0
Mar-10,CORNWALL,DEVON,Slaughterhouse,383,153
Mar-10,CORNWALL,DORSET,Slaughterhouse,21,0
Mar-10,CORNWALL,LANCASHIRE,Slaughterhouse,414,7
Mar-10,CORNWALL,MID GLAMORGAN,Slaughterhouse,2,2
Mar-10,CORNWALL,SHROPSHIRE,Slaughterhouse,0,6
Mar-10,CORNWALL,SOMERSET,Slaughterhouse,186,4
Mar-10,CORNWALL,SOUTH YORKSHIRE,Slaughterhouse,135,0
Mar-10,CORNWALL,WILTSHIRE,Slaughterhouse,4,0
Mar-10,CORNWALL,,Slaughterhouse,47,20
Mar-10,CUMBRIA,BORDERS,Slaughterhouse,4,1
Mar-10,CUMBRIA,CENTRAL,Slaughterhouse,317,89
Mar-10,CUMBRIA,CHESHIRE,Slaughterhouse,9,0
Mar-10,CUMBRIA,CLEVELAND,Slaughterhouse,270,189
Mar-10,CUMBRIA,CUMBRIA,Slaughterhouse,"2,390",542
Mar-10,CUMBRIA,DEVON,Slaughterhouse,0,4
Mar-10,CUMBRIA,DUMFRIES & GALLOWAY,Slaughterhouse,15,4
Mar-10,CUMBRIA,DURHAM,Slaughterhouse,269,203
Mar-10,CUMBRIA,GRAMPIAN,Slaughterhouse,4,0
Mar-10,CUMBRIA,GREATER MANCHESTER,Slaughterhouse,222,258
Mar-10,CUMBRIA,HUMBERSIDE,Slaughterhouse,0,13
Mar-10,CUMBRIA,LANCASHIRE,Slaughterhouse,"2,464",552
Mar-10,CUMBRIA,MID GLAMORGAN,Slaughterhouse,5,0
Mar-10,CUMBRIA,NORTH YORKSHIRE,Slaughterhouse,56,0
Mar-10,CUMBRIA,SHROPSHIRE,Slaughterhouse,211,114
Mar-10,CUMBRIA,SOUTH YORKSHIRE,Slaughterhouse,31,0
Mar-10,CUMBRIA,STAFFORDSHIRE,Slaughterhouse,1,0
Mar-10,CUMBRIA,STRATHCLYDE,Slaughterhouse,313,125
Mar-10,CUMBRIA,TAYSIDE,Slaughterhouse,136,0
Mar-10,CUMBRIA,TYNE & WEAR,Slaughterhouse,90,29
Mar-10,CUMBRIA,WEST YORKSHIRE,Slaughterhouse,252,250
Mar-10,CUMBRIA,WILTSHIRE,Slaughterhouse,12,11
Mar-10,CUMBRIA,,Slaughterhouse,200,139
Mar-10,DERBYSHIRE,AVON,Slaughterhouse,0,3
Mar-10,DERBYSHIRE,BEDFORDSHIRE,Slaughterhouse,117,122
Mar-10,DERBYSHIRE,CHESHIRE,Slaughterhouse,19,7
Mar-10,DERBYSHIRE,CUMBRIA,Slaughterhouse,6,2
Mar-10,DERBYSHIRE,DERBYSHIRE,Slaughterhouse,441,63
Mar-10,DERBYSHIRE,DEVON,Slaughterhouse,105,90
Mar-10,DERBYSHIRE,DURHAM,Slaughterhouse,0,1
Mar-10,DERBYSHIRE,GREATER MANCHESTER,Slaughterhouse,124,124
Mar-10,DERBYSHIRE,HUMBERSIDE,Slaughterhouse,11,9
Mar-10,DERBYSHIRE,LANCASHIRE,Slaughterhouse,267,59
Mar-10,DERBYSHIRE,LINCOLNSHIRE,Slaughterhouse,297,146
Mar-10,DERBYSHIRE,MID GLAMORGAN,Slaughterhouse,110,0
Mar-10,DERBYSHIRE,NORFOLK,Slaughterhouse,0,3
Mar-10,DERBYSHIRE,NORTH YORKSHIRE,Slaughterhouse,14,7
Mar-10,DERBYSHIRE,NOTTINGHAMSHIRE,Slaughterhouse,14,17
Mar-10,DERBYSHIRE,OXFORDSHIRE,Slaughterhouse,46,34
Mar-10,DERBYSHIRE,SHROPSHIRE,Slaughterhouse,125,45
Mar-10,DERBYSHIRE,SOMERSET,Slaughterhouse,41,3
Mar-10,DERBYSHIRE,SOUTH YORKSHIRE,Slaughterhouse,767,199
Mar-10,DERBYSHIRE,STAFFORDSHIRE,Slaughterhouse,656,332
Mar-10,DERBYSHIRE,STRATHCLYDE,Slaughterhouse,28,0
Mar-10,DERBYSHIRE,WEST YORKSHIRE,Slaughterhouse,316,145
Mar-10,DERBYSHIRE,,Slaughterhouse,389,112
Mar-10,DEVON,AVON,Slaughterhouse,92,30
Mar-10,DEVON,BEDFORDSHIRE,Slaughterhouse,127,84
Mar-10,DEVON,CENTRAL,Slaughterhouse,1,0
Mar-10,DEVON,CORNWALL,Slaughterhouse,"4,377",260
Mar-10,DEVON,CUMBRIA,Slaughterhouse,3,0
Mar-10,DEVON,DEVON,Slaughterhouse,"2,783",320
Mar-10,DEVON,DORSET,Slaughterhouse,49,0
Mar-10,DEVON,DURHAM,Slaughterhouse,0,2
Mar-10,DEVON,DYFED,Slaughterhouse,2,0
Mar-10,DEVON,GLOUCESTERSHIRE,Slaughterhouse,70,63
Mar-10,DEVON,LANCASHIRE,Slaughterhouse,99,8
Mar-10,DEVON,LINCOLNSHIRE,Slaughterhouse,207,17
Mar-10,DEVON,MID GLAMORGAN,Slaughterhouse,74,0
Mar-10,DEVON,OXFORDSHIRE,Slaughterhouse,20,32
Mar-10,DEVON,SHROPSHIRE,Slaughterhouse,"1,091",523
Mar-10,DEVON,SOMERSET,Slaughterhouse,"1,838",67
Mar-10,DEVON,SOUTH YORKSHIRE,Slaughterhouse,90,1
Mar-10,DEVON,STAFFORDSHIRE,Slaughterhouse,17,0
Mar-10,DEVON,WARWICKSHIRE,Slaughterhouse,1,0
Mar-10,DEVON,WILTSHIRE,Slaughterhouse,0,0
Mar-10,DEVON,,Slaughterhouse,707,239
Mar-10,DORSET,AVON,Slaughterhouse,135,13
Mar-10,DORSET,BEDFORDSHIRE,Slaughterhouse,14,10
Mar-10,DORSET,CORNWALL,Slaughterhouse,89,18
Mar-10,DORSET,DEVON,Slaughterhouse,126,102
Mar-10,DORSET,DORSET,Slaughterhouse,411,1
Mar-10,DORSET,GLOUCESTERSHIRE,Slaughterhouse,1,49
Mar-10,DORSET,HAMPSHIRE,Slaughterhouse,1,0
Mar-10,DORSET,LANCASHIRE,Slaughterhouse,16,4
Mar-10,DORSET,LEICESTERSHIRE,Slaughterhouse,1,0
Mar-10,DORSET,LINCOLNSHIRE,Slaughterhouse,118,0
Mar-10,DORSET,MID GLAMORGAN,Slaughterhouse,131,0
Mar-10,DORSET,OXFORDSHIRE,Slaughterhouse,0,7
Mar-10,DORSET,SHROPSHIRE,Slaughterhouse,0,17
Mar-10,DORSET,SOMERSET,Slaughterhouse,659,22
Mar-10,DORSET,SOUTH YORKSHIRE,Slaughterhouse,27,0
Mar-10,DORSET,STRATHCLYDE,Slaughterhouse,2,0
Mar-10,DORSET,SURREY,Slaughterhouse,26,0
Mar-10,DORSET,WILTSHIRE,Slaughterhouse,2,5
Mar-10,DORSET,,Slaughterhouse,329,85
Mar-10,DUMFRIES & GALLOWAY,AVON,Slaughterhouse,0,1
Mar-10,DUMFRIES & GALLOWAY,BEDFORDSHIRE,Slaughterhouse,0,1
Mar-10,DUMFRIES & GALLOWAY,BORDERS,Slaughterhouse,1,3
Mar-10,DUMFRIES & GALLOWAY,CENTRAL,Slaughterhouse,960,22
Mar-10,DUMFRIES & GALLOWAY,CHESHIRE,Slaughterhouse,3,0
Mar-10,DUMFRIES & GALLOWAY,CLEVELAND,Slaughterhouse,1,16
Mar-10,DUMFRIES & GALLOWAY,CUMBRIA,Slaughterhouse,632,143
Mar-10,DUMFRIES & GALLOWAY,DERBYSHIRE,Slaughterhouse,0,4
Mar-10,DUMFRIES & GALLOWAY,DUMFRIES & GALLOWAY,Slaughterhouse,166,43
Mar-10,DUMFRIES & GALLOWAY,DURHAM,Slaughterhouse,0,18
Mar-10,DUMFRIES & GALLOWAY,GRAMPIAN,Slaughterhouse,972,14
Mar-10,DUMFRIES & GALLOWAY,GREATER MANCHESTER,Slaughterhouse,24,28
Mar-10,DUMFRIES & GALLOWAY,HIGHLAND,Slaughterhouse,11,26
Mar-10,DUMFRIES & GALLOWAY,HUMBERSIDE,Slaughterhouse,0,1
Mar-10,DUMFRIES & GALLOWAY,LANCASHIRE,Slaughterhouse,174,22
Mar-10,DUMFRIES & GALLOWAY,LINCOLNSHIRE,Slaughterhouse,0,3
Mar-10,DUMFRIES & GALLOWAY,SHROPSHIRE,Slaughterhouse,7,1
Mar-10,DUMFRIES & GALLOWAY,SOUTH YORKSHIRE,Slaughterhouse,83,109
Mar-10,DUMFRIES & GALLOWAY,STRATHCLYDE,Slaughterhouse,"2,816",156
Mar-10,DUMFRIES & GALLOWAY,TAYSIDE,Slaughterhouse,908,65
Mar-10,DUMFRIES & GALLOWAY,TYNE & WEAR,Slaughterhouse,1,0
Mar-10,DUMFRIES & GALLOWAY,WEST YORKSHIRE,Slaughterhouse,8,9
Mar-10,DUMFRIES & GALLOWAY,WILTSHIRE,Slaughterhouse,30,2
Mar-10,DUMFRIES & GALLOWAY,,Slaughterhouse,212,207
Mar-10,DURHAM,BORDERS,Slaughterhouse,38,17
Mar-10,DURHAM,CENTRAL,Slaughterhouse,54,20
Mar-10,DURHAM,CLEVELAND,Slaughterhouse,424,186
Mar-10,DURHAM,CUMBRIA,Slaughterhouse,96,43
Mar-10,DURHAM,DURHAM,Slaughterhouse,"1,185",231
Mar-10,DURHAM,DYFED,Slaughterhouse,1,1
Mar-10,DURHAM,GREATER MANCHESTER,Slaughterhouse,266,132
Mar-10,DURHAM,HUMBERSIDE,Slaughterhouse,255,28
Mar-10,DURHAM,LANCASHIRE,Slaughterhouse,537,48
Mar-10,DURHAM,LINCOLNSHIRE,Slaughterhouse,265,52
Mar-10,DURHAM,MID GLAMORGAN,Slaughterhouse,23,0
Mar-10,DURHAM,NORTH YORKSHIRE,Slaughterhouse,167,54
Mar-10,DURHAM,SHROPSHIRE,Slaughterhouse,239,83
Mar-10,DURHAM,SOUTH YORKSHIRE,Slaughterhouse,59,0
Mar-10,DURHAM,STAFFORDSHIRE,Slaughterhouse,1,0
Mar-10,DURHAM,TYNE & WEAR,Slaughterhouse,4,6
Mar-10,DURHAM,WEST YORKSHIRE,Slaughterhouse,434,251
Mar-10,DURHAM,,Slaughterhouse,114,47
Mar-10,DYFED,AVON,Slaughterhouse,440,321
Mar-10,DYFED,BEDFORDSHIRE,Slaughterhouse,355,224
Mar-10,DYFED,CHESHIRE,Slaughterhouse,7,0
Mar-10,DYFED,CLWYD,Slaughterhouse,0,2
Mar-10,DYFED,CUMBRIA,Slaughterhouse,4,0
Mar-10,DYFED,DEVON,Slaughterhouse,36,34
Mar-10,DYFED,DYFED,Slaughterhouse,"2,561",163
Mar-10,DYFED,GLOUCESTERSHIRE,Slaughterhouse,0,2
Mar-10,DYFED,GREATER MANCHESTER,Slaughterhouse,0,7
Mar-10,DYFED,GWYNEDD,Slaughterhouse,7,0
Mar-10,DYFED,HAMPSHIRE,Slaughterhouse,15,0
Mar-10,DYFED,LANCASHIRE,Slaughterhouse,572,9
Mar-10,DYFED,LINCOLNSHIRE,Slaughterhouse,230,132
Mar-10,DYFED,MID GLAMORGAN,Slaughterhouse,"1,077",105
Mar-10,DYFED,NORTH YORKSHIRE,Slaughterhouse,1,0
Mar-10,DYFED,OXFORDSHIRE,Slaughterhouse,0,3
Mar-10,DYFED,POWYS,Slaughterhouse,174,0
Mar-10,DYFED,SHROPSHIRE,Slaughterhouse,700,116
Mar-10,DYFED,SOMERSET,Slaughterhouse,398,296
Mar-10,DYFED,STAFFORDSHIRE,Slaughterhouse,10,0
Mar-10,DYFED,STRATHCLYDE,Slaughterhouse,18,0
Mar-10,DYFED,SURREY,Slaughterhouse,331,127
Mar-10,DYFED,WEST GLAMORGAN,Slaughterhouse,367,127
Mar-10,DYFED,WILTSHIRE,Slaughterhouse,13,8
Mar-10,DYFED,,Slaughterhouse,292,43
Mar-10,EAST SUSSEX,AVON,Slaughterhouse,3,0
Mar-10,EAST SUSSEX,BEDFORDSHIRE,Slaughterhouse,111,26
Mar-10,EAST SUSSEX,CHESHIRE,Slaughterhouse,1,0
Mar-10,EAST SUSSEX,DEVON,Slaughterhouse,0,5
Mar-10,EAST SUSSEX,EAST SUSSEX,Slaughterhouse,187,23
Mar-10,EAST SUSSEX,ESSEX,Slaughterhouse,0,6
Mar-10,EAST SUSSEX,GREATER LONDON,Slaughterhouse,0,3
Mar-10,EAST SUSSEX,HAMPSHIRE,Slaughterhouse,44,29
Mar-10,EAST SUSSEX,KENT,Slaughterhouse,67,10
Mar-10,EAST SUSSEX,LANCASHIRE,Slaughterhouse,0,10
Mar-10,EAST SUSSEX,LINCOLNSHIRE,Slaughterhouse,6,0
Mar-10,EAST SUSSEX,MID GLAMORGAN,Slaughterhouse,222,0
Mar-10,EAST SUSSEX,NORFOLK,Slaughterhouse,0,4
Mar-10,EAST SUSSEX,OXFORDSHIRE,Slaughterhouse,24,0
Mar-10,EAST SUSSEX,SOMERSET,Slaughterhouse,70,11
Mar-10,EAST SUSSEX,SURREY,Slaughterhouse,154,0
Mar-10,EAST SUSSEX,WEST SUSSEX,Slaughterhouse,16,0
Mar-10,EAST SUSSEX,,Slaughterhouse,64,3
Mar-10,ESSEX,AVON,Slaughterhouse,54,0
Mar-10,ESSEX,BEDFORDSHIRE,Slaughterhouse,47,5
Mar-10,ESSEX,CAMBRIDGESHIRE,Slaughterhouse,8,0
Mar-10,ESSEX,DEVON,Slaughterhouse,0,6
Mar-10,ESSEX,ESSEX,Slaughterhouse,664,68
Mar-10,ESSEX,GREATER LONDON,Slaughterhouse,8,2
Mar-10,ESSEX,HAMPSHIRE,Slaughterhouse,96,42
Mar-10,ESSEX,KENT,Slaughterhouse,0,1
Mar-10,ESSEX,LANCASHIRE,Slaughterhouse,0,2
Mar-10,ESSEX,LINCOLNSHIRE,Slaughterhouse,81,0
Mar-10,ESSEX,MID GLAMORGAN,Slaughterhouse,60,0
Mar-10,ESSEX,NORFOLK,Slaughterhouse,176,37
Mar-10,ESSEX,OXFORDSHIRE,Slaughterhouse,1,0
Mar-10,ESSEX,SOMERSET,Slaughterhouse,10,7
Mar-10,ESSEX,SOUTH YORKSHIRE,Slaughterhouse,28,0
Mar-10,ESSEX,SURREY,Slaughterhouse,62,0
Mar-10,ESSEX,,Slaughterhouse,9,1
Mar-10,FIFE,CENTRAL,Slaughterhouse,566,49
Mar-10,FIFE,CUMBRIA,Slaughterhouse,1,4
Mar-10,FIFE,DERBYSHIRE,Slaughterhouse,0,4
Mar-10,FIFE,FIFE,Slaughterhouse,14,35
Mar-10,FIFE,GRAMPIAN,Slaughterhouse,284,19
Mar-10,FIFE,HIGHLAND,Slaughterhouse,2,2
Mar-10,FIFE,LANCASHIRE,Slaughterhouse,1,10
Mar-10,FIFE,SOUTH YORKSHIRE,Slaughterhouse,0,1
Mar-10,FIFE,STAFFORDSHIRE,Slaughterhouse,0,0
Mar-10,FIFE,STRATHCLYDE,Slaughterhouse,14,110
Mar-10,FIFE,TAYSIDE,Slaughterhouse,590,17
Mar-10,FIFE,,Slaughterhouse,5,32
Mar-10,GLOUCESTERSHIRE,AVON,Slaughterhouse,163,71
Mar-10,GLOUCESTERSHIRE,BEDFORDSHIRE,Slaughterhouse,122,38
Mar-10,GLOUCESTERSHIRE,CORNWALL,Slaughterhouse,6,1
Mar-10,GLOUCESTERSHIRE,CUMBRIA,Slaughterhouse,35,5
Mar-10,GLOUCESTERSHIRE,DEVON,Slaughterhouse,4,24
Mar-10,GLOUCESTERSHIRE,DYFED,Slaughterhouse,53,26
Mar-10,GLOUCESTERSHIRE,GLOUCESTERSHIRE,Slaughterhouse,726,44
Mar-10,GLOUCESTERSHIRE,GREATER MANCHESTER,Slaughterhouse,0,1
Mar-10,GLOUCESTERSHIRE,HAMPSHIRE,Slaughterhouse,0,15
Mar-10,GLOUCESTERSHIRE,HEREFORD & WORCESTER,Slaughterhouse,4,2
Mar-10,GLOUCESTERSHIRE,HUMBERSIDE,Slaughterhouse,42,0
Mar-10,GLOUCESTERSHIRE,LANCASHIRE,Slaughterhouse,152,3
Mar-10,GLOUCESTERSHIRE,LINCOLNSHIRE,Slaughterhouse,394,44
Mar-10,GLOUCESTERSHIRE,MID GLAMORGAN,Slaughterhouse,897,0
Mar-10,GLOUCESTERSHIRE,OXFORDSHIRE,Slaughterhouse,50,42
Mar-10,GLOUCESTERSHIRE,SHROPSHIRE,Slaughterhouse,263,7
Mar-10,GLOUCESTERSHIRE,SOMERSET,Slaughterhouse,382,1
Mar-10,GLOUCESTERSHIRE,STRATHCLYDE,Slaughterhouse,51,0
Mar-10,GLOUCESTERSHIRE,SURREY,Slaughterhouse,70,0
Mar-10,GLOUCESTERSHIRE,WARWICKSHIRE,Slaughterhouse,7,0
Mar-10,GLOUCESTERSHIRE,WILTSHIRE,Slaughterhouse,157,45
Mar-10,GLOUCESTERSHIRE,,Slaughterhouse,367,18
Mar-10,GRAMPIAN,BORDERS,Slaughterhouse,0,4
Mar-10,GRAMPIAN,CENTRAL,Slaughterhouse,947,0
Mar-10,GRAMPIAN,CUMBRIA,Slaughterhouse,95,57
Mar-10,GRAMPIAN,GRAMPIAN,Slaughterhouse,"10,818",62
Mar-10,GRAMPIAN,HIGHLAND,Slaughterhouse,676,84
Mar-10,GRAMPIAN,LANCASHIRE,Slaughterhouse,40,7
Mar-10,GRAMPIAN,MID GLAMORGAN,Slaughterhouse,0,0
Mar-10,GRAMPIAN,SOUTH YORKSHIRE,Slaughterhouse,94,0
Mar-10,GRAMPIAN,STRATHCLYDE,Slaughterhouse,587,67
Mar-10,GRAMPIAN,TAYSIDE,Slaughterhouse,957,81
Mar-10,GRAMPIAN,WEST YORKSHIRE,Slaughterhouse,0,6
Mar-10,GRAMPIAN,,Slaughterhouse,"2,015",159
Mar-10,GREATER LONDON,BEDFORDSHIRE,Slaughterhouse,18,0
Mar-10,GREATER LONDON,HAMPSHIRE,Slaughterhouse,4,0
Mar-10,GREATER MANCHESTER,AVON,Slaughterhouse,0,1
Mar-10,GREATER MANCHESTER,BEDFORDSHIRE,Slaughterhouse,3,1
Mar-10,GREATER MANCHESTER,CHESHIRE,Slaughterhouse,24,1
Mar-10,GREATER MANCHESTER,CLEVELAND,Slaughterhouse,0,5
Mar-10,GREATER MANCHESTER,CUMBRIA,Slaughterhouse,0,0
Mar-10,GREATER MANCHESTER,DERBYSHIRE,Slaughterhouse,0,1
Mar-10,GREATER MANCHESTER,DEVON,Slaughterhouse,1,7
Mar-10,GREATER MANCHESTER,DURHAM,Slaughterhouse,0,2
Mar-10,GREATER MANCHESTER,GREATER MANCHESTER,Slaughterhouse,518,34
Mar-10,GREATER MANCHESTER,HUMBERSIDE,Slaughterhouse,0,3
Mar-10,GREATER MANCHESTER,LANCASHIRE,Slaughterhouse,175,12
Mar-10,GREATER MANCHESTER,MERSEYSIDE,Slaughterhouse,10,0
Mar-10,GREATER MANCHESTER,NORTH YORKSHIRE,Slaughterhouse,0,2
Mar-10,GREATER MANCHESTER,SOUTH YORKSHIRE,Slaughterhouse,28,2
Mar-10,GREATER MANCHESTER,STAFFORDSHIRE,Slaughterhouse,11,21
Mar-10,GREATER MANCHESTER,WEST YORKSHIRE,Slaughterhouse,4,10
Mar-10,GREATER MANCHESTER,,Slaughterhouse,12,9
Mar-10,GWENT,AVON,Slaughterhouse,103,75
Mar-10,GWENT,BEDFORDSHIRE,Slaughterhouse,32,10
Mar-10,GWENT,CHESHIRE,Slaughterhouse,0,4
Mar-10,GWENT,CORNWALL,Slaughterhouse,15,0
Mar-10,GWENT,CUMBRIA,Slaughterhouse,3,0
Mar-10,GWENT,DEVON,Slaughterhouse,57,43
Mar-10,GWENT,DYFED,Slaughterhouse,44,33
Mar-10,GWENT,GLOUCESTERSHIRE,Slaughterhouse,105,23
Mar-10,GWENT,GREATER MANCHESTER,Slaughterhouse,3,2
Mar-10,GWENT,LANCASHIRE,Slaughterhouse,31,53
Mar-10,GWENT,LINCOLNSHIRE,Slaughterhouse,21,2
Mar-10,GWENT,MID GLAMORGAN,Slaughterhouse,509,0
Mar-10,GWENT,OXFORDSHIRE,Slaughterhouse,0,27
Mar-10,GWENT,POWYS,Slaughterhouse,1,0
Mar-10,GWENT,SHROPSHIRE,Slaughterhouse,64,6
Mar-10,GWENT,SOMERSET,Slaughterhouse,30,0
Mar-10,GWENT,SOUTH YORKSHIRE,Slaughterhouse,4,0
Mar-10,GWENT,STAFFORDSHIRE,Slaughterhouse,1,1
Mar-10,GWENT,SURREY,Slaughterhouse,16,0
Mar-10,GWENT,WEST GLAMORGAN,Slaughterhouse,86,6
Mar-10,GWENT,WILTSHIRE,Slaughterhouse,5,4
Mar-10,GWENT,,Slaughterhouse,0,13
Mar-10,GWYNEDD,AVON,Slaughterhouse,1,5
Mar-10,GWYNEDD,BEDFORDSHIRE,Slaughterhouse,0,3
Mar-10,GWYNEDD,CHESHIRE,Slaughterhouse,25,4
Mar-10,GWYNEDD,CLWYD,Slaughterhouse,64,12
Mar-10,GWYNEDD,CUMBRIA,Slaughterhouse,16,8
Mar-10,GWYNEDD,DERBYSHIRE,Slaughterhouse,1,1
Mar-10,GWYNEDD,DEVON,Slaughterhouse,0,2
Mar-10,GWYNEDD,DURHAM,Slaughterhouse,0,1
Mar-10,GWYNEDD,GREATER MANCHESTER,Slaughterhouse,0,3
Mar-10,GWYNEDD,GWYNEDD,Slaughterhouse,122,47
Mar-10,GWYNEDD,HIGHLAND,Slaughterhouse,0,1
Mar-10,GWYNEDD,HUMBERSIDE,Slaughterhouse,49,12
Mar-10,GWYNEDD,LANCASHIRE,Slaughterhouse,554,11
Mar-10,GWYNEDD,LINCOLNSHIRE,Slaughterhouse,1,0
Mar-10,GWYNEDD,MID GLAMORGAN,Slaughterhouse,21,7
Mar-10,GWYNEDD,POWYS,Slaughterhouse,14,0
Mar-10,GWYNEDD,SHROPSHIRE,Slaughterhouse,138,4
Mar-10,GWYNEDD,SOMERSET,Slaughterhouse,0,1
Mar-10,GWYNEDD,SOUTH YORKSHIRE,Slaughterhouse,23,7
Mar-10,GWYNEDD,STAFFORDSHIRE,Slaughterhouse,29,19
Mar-10,GWYNEDD,STRATHCLYDE,Slaughterhouse,35,0
Mar-10,GWYNEDD,TYNE & WEAR,Slaughterhouse,0,6
Mar-10,GWYNEDD,WEST YORKSHIRE,Slaughterhouse,8,17
Mar-10,GWYNEDD,,Slaughterhouse,31,16
Mar-10,HAMPSHIRE,AVON,Slaughterhouse,276,3
Mar-10,HAMPSHIRE,BEDFORDSHIRE,Slaughterhouse,41,0
Mar-10,HAMPSHIRE,CORNWALL,Slaughterhouse,32,0
Mar-10,HAMPSHIRE,DEVON,Slaughterhouse,0,43
Mar-10,HAMPSHIRE,DORSET,Slaughterhouse,17,0
Mar-10,HAMPSHIRE,GLOUCESTERSHIRE,Slaughterhouse,0,11
Mar-10,HAMPSHIRE,HAMPSHIRE,Slaughterhouse,248,4
Mar-10,HAMPSHIRE,LINCOLNSHIRE,Slaughterhouse,40,0
Mar-10,HAMPSHIRE,MID GLAMORGAN,Slaughterhouse,240,0
Mar-10,HAMPSHIRE,OXFORDSHIRE,Slaughterhouse,1,0
Mar-10,HAMPSHIRE,SHROPSHIRE,Slaughterhouse,0,8
Mar-10,HAMPSHIRE,SOMERSET,Slaughterhouse,273,11
Mar-10,HAMPSHIRE,SOUTH YORKSHIRE,Slaughterhouse,4,0
Mar-10,HAMPSHIRE,SURREY,Slaughterhouse,224,0
Mar-10,HAMPSHIRE,WEST SUSSEX,Slaughterhouse,6,0
Mar-10,HAMPSHIRE,WILTSHIRE,Slaughterhouse,113,0
Mar-10,HAMPSHIRE,,Slaughterhouse,112,9
Mar-10,HEREFORD & WORCESTER,AVON,Slaughterhouse,326,120
Mar-10,HEREFORD & WORCESTER,BEDFORDSHIRE,Slaughterhouse,226,68
Mar-10,HEREFORD & WORCESTER,CENTRAL,Slaughterhouse,121,1
Mar-10,HEREFORD & WORCESTER,CHESHIRE,Slaughterhouse,11,33
Mar-10,HEREFORD & WORCESTER,CORNWALL,Slaughterhouse,1,3
Mar-10,HEREFORD & WORCESTER,CUMBRIA,Slaughterhouse,14,11
Mar-10,HEREFORD & WORCESTER,DERBYSHIRE,Slaughterhouse,0,1
Mar-10,HEREFORD & WORCESTER,DEVON,Slaughterhouse,103,108
Mar-10,HEREFORD & WORCESTER,DURHAM,Slaughterhouse,11,18
Mar-10,HEREFORD & WORCESTER,DYFED,Slaughterhouse,116,39
Mar-10,HEREFORD & WORCESTER,GLOUCESTERSHIRE,Slaughterhouse,201,50
Mar-10,HEREFORD & WORCESTER,GREATER MANCHESTER,Slaughterhouse,19,117
Mar-10,HEREFORD & WORCESTER,HEREFORD & WORCESTER,Slaughterhouse,122,6
Mar-10,HEREFORD & WORCESTER,LANCASHIRE,Slaughterhouse,230,19
Mar-10,HEREFORD & WORCESTER,LINCOLNSHIRE,Slaughterhouse,389,125
Mar-10,HEREFORD & WORCESTER,MID GLAMORGAN,Slaughterhouse,"1,093",0
Mar-10,HEREFORD & WORCESTER,NORTH YORKSHIRE,Slaughterhouse,0,1
Mar-10,HEREFORD & WORCESTER,NOTTINGHAMSHIRE,Slaughterhouse,0,3
Mar-10,HEREFORD & WORCESTER,OXFORDSHIRE,Slaughterhouse,306,211
Mar-10,HEREFORD & WORCESTER,POWYS,Slaughterhouse,2,0
Mar-10,HEREFORD & WORCESTER,SHROPSHIRE,Slaughterhouse,"1,716",95
Mar-10,HEREFORD & WORCESTER,SOMERSET,Slaughterhouse,236,25
Mar-10,HEREFORD & WORCESTER,SOUTH YORKSHIRE,Slaughterhouse,27,3
Mar-10,HEREFORD & WORCESTER,STAFFORDSHIRE,Slaughterhouse,120,191
Mar-10,HEREFORD & WORCESTER,STRATHCLYDE,Slaughterhouse,17,0
Mar-10,HEREFORD & WORCESTER,SURREY,Slaughterhouse,70,0
Mar-10,HEREFORD & WORCESTER,WARWICKSHIRE,Slaughterhouse,30,26
Mar-10,HEREFORD & WORCESTER,WEST GLAMORGAN,Slaughterhouse,4,0
Mar-10,HEREFORD & WORCESTER,WEST MIDLANDS,Slaughterhouse,14,0
Mar-10,HEREFORD & WORCESTER,WEST YORKSHIRE,Slaughterhouse,0,4
Mar-10,HEREFORD & WORCESTER,WILTSHIRE,Slaughterhouse,77,68
Mar-10,HEREFORD & WORCESTER,,Slaughterhouse,609,168
Mar-10,HERTFORDSHIRE,AVON,Slaughterhouse,11,0
Mar-10,HERTFORDSHIRE,BEDFORDSHIRE,Slaughterhouse,56,0
Mar-10,HERTFORDSHIRE,CAMBRIDGESHIRE,Slaughterhouse,2,0
Mar-10,HERTFORDSHIRE,ESSEX,Slaughterhouse,32,4
Mar-10,HERTFORDSHIRE,GLOUCESTERSHIRE,Slaughterhouse,68,0
Mar-10,HERTFORDSHIRE,GREATER LONDON,Slaughterhouse,0,0
Mar-10,HERTFORDSHIRE,HAMPSHIRE,Slaughterhouse,1,9
Mar-10,HERTFORDSHIRE,LINCOLNSHIRE,Slaughterhouse,47,0
Mar-10,HERTFORDSHIRE,MID GLAMORGAN,Slaughterhouse,12,6
Mar-10,HERTFORDSHIRE,NORFOLK,Slaughterhouse,2,4
Mar-10,HERTFORDSHIRE,OXFORDSHIRE,Slaughterhouse,21,6
Mar-10,HERTFORDSHIRE,SHROPSHIRE,Slaughterhouse,0,5
Mar-10,HERTFORDSHIRE,SOUTH YORKSHIRE,Slaughterhouse,3,4
Mar-10,HERTFORDSHIRE,SURREY,Slaughterhouse,30,0
Mar-10,HIGHLAND,CENTRAL,Slaughterhouse,108,0
Mar-10,HIGHLAND,CUMBRIA,Slaughterhouse,13,18
Mar-10,HIGHLAND,GRAMPIAN,Slaughterhouse,320,82
Mar-10,HIGHLAND,HIGHLAND,Slaughterhouse,464,233
Mar-10,HIGHLAND,LANCASHIRE,Slaughterhouse,7,0
Mar-10,HIGHLAND,STRATHCLYDE,Slaughterhouse,181,10
Mar-10,HIGHLAND,TAYSIDE,Slaughterhouse,360,6
Mar-10,HIGHLAND,WESTERN ISLES,Slaughterhouse,2,0
Mar-10,HIGHLAND,,Slaughterhouse,23,18
Mar-10,HUMBERSIDE,BEDFORDSHIRE,Slaughterhouse,0,2
Mar-10,HUMBERSIDE,CLEVELAND,Slaughterhouse,0,111
Mar-10,HUMBERSIDE,DURHAM,Slaughterhouse,0,37
Mar-10,HUMBERSIDE,GREATER MANCHESTER,Slaughterhouse,13,384
Mar-10,HUMBERSIDE,HUMBERSIDE,Slaughterhouse,604,37
Mar-10,HUMBERSIDE,LANCASHIRE,Slaughterhouse,188,24
Mar-10,HUMBERSIDE,LINCOLNSHIRE,Slaughterhouse,173,57
Mar-10,HUMBERSIDE,MID GLAMORGAN,Slaughterhouse,32,0
Mar-10,HUMBERSIDE,NORTH YORKSHIRE,Slaughterhouse,222,109
Mar-10,HUMBERSIDE,NOTTINGHAMSHIRE,Slaughterhouse,0,5
Mar-10,HUMBERSIDE,SHROPSHIRE,Slaughterhouse,0,4
Mar-10,HUMBERSIDE,SOMERSET,Slaughterhouse,0,0
Mar-10,HUMBERSIDE,SOUTH YORKSHIRE,Slaughterhouse,47,65
Mar-10,HUMBERSIDE,STAFFORDSHIRE,Slaughterhouse,0,1
Mar-10,HUMBERSIDE,STRATHCLYDE,Slaughterhouse,0,22
Mar-10,HUMBERSIDE,WEST YORKSHIRE,Slaughterhouse,136,445
Mar-10,HUMBERSIDE,,Slaughterhouse,73,27
Mar-10,ISLE OF WIGHT,AVON,Slaughterhouse,38,0
Mar-10,ISLE OF WIGHT,GLOUCESTERSHIRE,Slaughterhouse,0,2
Mar-10,ISLE OF WIGHT,HAMPSHIRE,Slaughterhouse,54,0
Mar-10,ISLE OF WIGHT,LINCOLNSHIRE,Slaughterhouse,1,0
Mar-10,ISLE OF WIGHT,SOMERSET,Slaughterhouse,81,3
Mar-10,ISLE OF WIGHT,,Slaughterhouse,14,2
Mar-10,KENT,AVON,Slaughterhouse,0,0
Mar-10,KENT,BEDFORDSHIRE,Slaughterhouse,88,58
Mar-10,KENT,DEVON,Slaughterhouse,84,65
Mar-10,KENT,EAST SUSSEX,Slaughterhouse,66,38
Mar-10,KENT,ESSEX,Slaughterhouse,40,30
Mar-10,KENT,GREATER LONDON,Slaughterhouse,40,17
Mar-10,KENT,HAMPSHIRE,Slaughterhouse,203,118
Mar-10,KENT,KENT,Slaughterhouse,345,69
Mar-10,KENT,LANCASHIRE,Slaughterhouse,79,56
Mar-10,KENT,MID GLAMORGAN,Slaughterhouse,27,0
Mar-10,KENT,NORFOLK,Slaughterhouse,54,44
Mar-10,KENT,SOMERSET,Slaughterhouse,54,40
Mar-10,KENT,SOUTH YORKSHIRE,Slaughterhouse,1,1
Mar-10,KENT,SURREY,Slaughterhouse,272,0
Mar-10,KENT,WEST YORKSHIRE,Slaughterhouse,1,1
Mar-10,KENT,,Slaughterhouse,9,1
Mar-10,LANCASHIRE,CENTRAL,Slaughterhouse,5,0
Mar-10,LANCASHIRE,CHESHIRE,Slaughterhouse,24,14
Mar-10,LANCASHIRE,CLEVELAND,Slaughterhouse,82,46
Mar-10,LANCASHIRE,CUMBRIA,Slaughterhouse,121,10
Mar-10,LANCASHIRE,DEVON,Slaughterhouse,157,127
Mar-10,LANCASHIRE,GRAMPIAN,Slaughterhouse,1,0
Mar-10,LANCASHIRE,GREATER MANCHESTER,Slaughterhouse,517,238
Mar-10,LANCASHIRE,HUMBERSIDE,Slaughterhouse,125,117
Mar-10,LANCASHIRE,LANCASHIRE,Slaughterhouse,"2,455",262
Mar-10,LANCASHIRE,MERSEYSIDE,Slaughterhouse,24,0
Mar-10,LANCASHIRE,MID GLAMORGAN,Slaughterhouse,6,0
Mar-10,LANCASHIRE,NORTH YORKSHIRE,Slaughterhouse,142,0
Mar-10,LANCASHIRE,SHROPSHIRE,Slaughterhouse,7,7
Mar-10,LANCASHIRE,SOUTH YORKSHIRE,Slaughterhouse,16,2
Mar-10,LANCASHIRE,STAFFORDSHIRE,Slaughterhouse,85,24
Mar-10,LANCASHIRE,STRATHCLYDE,Slaughterhouse,83,0
Mar-10,LANCASHIRE,TAYSIDE,Slaughterhouse,0,0
Mar-10,LANCASHIRE,WEST YORKSHIRE,Slaughterhouse,166,109
Mar-10,LANCASHIRE,,Slaughterhouse,472,197
Mar-10,LEICESTERSHIRE,AVON,Slaughterhouse,4,0
Mar-10,LEICESTERSHIRE,BEDFORDSHIRE,Slaughterhouse,244,27
Mar-10,LEICESTERSHIRE,CENTRAL,Slaughterhouse,7,7
Mar-10,LEICESTERSHIRE,CHESHIRE,Slaughterhouse,0,2
Mar-10,LEICESTERSHIRE,CUMBRIA,Slaughterhouse,0,1
Mar-10,LEICESTERSHIRE,DERBYSHIRE,Slaughterhouse,138,20
Mar-10,LEICESTERSHIRE,DEVON,Slaughterhouse,0,5
Mar-10,LEICESTERSHIRE,GLOUCESTERSHIRE,Slaughterhouse,0,3
Mar-10,LEICESTERSHIRE,GREATER MANCHESTER,Slaughterhouse,22,8
Mar-10,LEICESTERSHIRE,LANCASHIRE,Slaughterhouse,294,11
Mar-10,LEICESTERSHIRE,LEICESTERSHIRE,Slaughterhouse,103,4
Mar-10,LEICESTERSHIRE,LINCOLNSHIRE,Slaughterhouse,849,141
Mar-10,LEICESTERSHIRE,MID GLAMORGAN,Slaughterhouse,94,0
Mar-10,LEICESTERSHIRE,NORFOLK,Slaughterhouse,5,7
Mar-10,LEICESTERSHIRE,NORTH YORKSHIRE,Slaughterhouse,185,144
Mar-10,LEICESTERSHIRE,NOTTINGHAMSHIRE,Slaughterhouse,44,32
Mar-10,LEICESTERSHIRE,OXFORDSHIRE,Slaughterhouse,114,85
Mar-10,LEICESTERSHIRE,SHROPSHIRE,Slaughterhouse,129,13
Mar-10,LEICESTERSHIRE,SOUTH YORKSHIRE,Slaughterhouse,171,70
Mar-10,LEICESTERSHIRE,STAFFORDSHIRE,Slaughterhouse,41,56
Mar-10,LEICESTERSHIRE,STRATHCLYDE,Slaughterhouse,15,0
Mar-10,LEICESTERSHIRE,SURREY,Slaughterhouse,308,39
Mar-10,LEICESTERSHIRE,WARWICKSHIRE,Slaughterhouse,19,0
Mar-10,LEICESTERSHIRE,WEST MIDLANDS,Slaughterhouse,1,0
Mar-10,LEICESTERSHIRE,WEST YORKSHIRE,Slaughterhouse,0,24
Mar-10,LEICESTERSHIRE,WILTSHIRE,Slaughterhouse,0,2
Mar-10,LEICESTERSHIRE,,Slaughterhouse,482,72
Mar-10,LINCOLNSHIRE,BEDFORDSHIRE,Slaughterhouse,22,66
Mar-10,LINCOLNSHIRE,CAMBRIDGESHIRE,Slaughterhouse,13,0
Mar-10,LINCOLNSHIRE,CENTRAL,Slaughterhouse,80,0
Mar-10,LINCOLNSHIRE,CLEVELAND,Slaughterhouse,0,22
Mar-10,LINCOLNSHIRE,CORNWALL,Slaughterhouse,4,0
Mar-10,LINCOLNSHIRE,CUMBRIA,Slaughterhouse,1,5
Mar-10,LINCOLNSHIRE,DERBYSHIRE,Slaughterhouse,8,14
Mar-10,LINCOLNSHIRE,GREATER MANCHESTER,Slaughterhouse,0,83
Mar-10,LINCOLNSHIRE,HUMBERSIDE,Slaughterhouse,205,1
Mar-10,LINCOLNSHIRE,LANCASHIRE,Slaughterhouse,93,51
Mar-10,LINCOLNSHIRE,LINCOLNSHIRE,Slaughterhouse,"1,346",238
Mar-10,LINCOLNSHIRE,MID GLAMORGAN,Slaughterhouse,229,0
Mar-10,LINCOLNSHIRE,NORFOLK,Slaughterhouse,8,10
Mar-10,LINCOLNSHIRE,NORTH YORKSHIRE,Slaughterhouse,196,24
Mar-10,LINCOLNSHIRE,NOTTINGHAMSHIRE,Slaughterhouse,8,65
Mar-10,LINCOLNSHIRE,OXFORDSHIRE,Slaughterhouse,0,21
Mar-10,LINCOLNSHIRE,SHROPSHIRE,Slaughterhouse,3,25
Mar-10,LINCOLNSHIRE,SOUTH YORKSHIRE,Slaughterhouse,334,154
Mar-10,LINCOLNSHIRE,STAFFORDSHIRE,Slaughterhouse,10,78
Mar-10,LINCOLNSHIRE,STRATHCLYDE,Slaughterhouse,0,5
Mar-10,LINCOLNSHIRE,WEST YORKSHIRE,Slaughterhouse,11,102
Mar-10,LINCOLNSHIRE,,Slaughterhouse,105,162
Mar-10,LOTHIAN,BORDERS,Slaughterhouse,3,71
Mar-10,LOTHIAN,CENTRAL,Slaughterhouse,518,42
Mar-10,LOTHIAN,CLEVELAND,Slaughterhouse,0,1
Mar-10,LOTHIAN,CUMBRIA,Slaughterhouse,0,11
Mar-10,LOTHIAN,DURHAM,Slaughterhouse,0,10
Mar-10,LOTHIAN,GRAMPIAN,Slaughterhouse,89,0
Mar-10,LOTHIAN,HIGHLAND,Slaughterhouse,0,37
Mar-10,LOTHIAN,LANCASHIRE,Slaughterhouse,6,6
Mar-10,LOTHIAN,SOUTH YORKSHIRE,Slaughterhouse,21,0
Mar-10,LOTHIAN,STRATHCLYDE,Slaughterhouse,557,105
Mar-10,LOTHIAN,TAYSIDE,Slaughterhouse,27,43
Mar-10,LOTHIAN,WEST YORKSHIRE,Slaughterhouse,0,20
Mar-10,LOTHIAN,,Slaughterhouse,78,25
Mar-10,MERSEYSIDE,CHESHIRE,Slaughterhouse,16,5
Mar-10,MERSEYSIDE,CLEVELAND,Slaughterhouse,0,2
Mar-10,MERSEYSIDE,CLWYD,Slaughterhouse,5,22
Mar-10,MERSEYSIDE,CUMBRIA,Slaughterhouse,0,0
Mar-10,MERSEYSIDE,GREATER MANCHESTER,Slaughterhouse,15,4
Mar-10,MERSEYSIDE,GWYNEDD,Slaughterhouse,0,2
Mar-10,MERSEYSIDE,LANCASHIRE,Slaughterhouse,71,4
Mar-10,MERSEYSIDE,LINCOLNSHIRE,Slaughterhouse,43,0
Mar-10,MERSEYSIDE,MERSEYSIDE,Slaughterhouse,1,0
Mar-10,MERSEYSIDE,SHROPSHIRE,Slaughterhouse,90,0
Mar-10,MERSEYSIDE,SOUTH YORKSHIRE,Slaughterhouse,5,4
Mar-10,MERSEYSIDE,STAFFORDSHIRE,Slaughterhouse,0,13
Mar-10,MERSEYSIDE,WEST YORKSHIRE,Slaughterhouse,0,6
Mar-10,MERSEYSIDE,,Slaughterhouse,35,3
Mar-10,MID GLAMORGAN,AVON,Slaughterhouse,0,17
Mar-10,MID GLAMORGAN,BEDFORDSHIRE,Slaughterhouse,0,2
Mar-10,MID GLAMORGAN,CHESHIRE,Slaughterhouse,0,3
Mar-10,MID GLAMORGAN,DEVON,Slaughterhouse,0,8
Mar-10,MID GLAMORGAN,DYFED,Slaughterhouse,26,1
Mar-10,MID GLAMORGAN,GLOUCESTERSHIRE,Slaughterhouse,0,1
Mar-10,MID GLAMORGAN,GREATER MANCHESTER,Slaughterhouse,0,9
Mar-10,MID GLAMORGAN,LANCASHIRE,Slaughterhouse,12,1
Mar-10,MID GLAMORGAN,LINCOLNSHIRE,Slaughterhouse,0,2
Mar-10,MID GLAMORGAN,MID GLAMORGAN,Slaughterhouse,105,0
Mar-10,MID GLAMORGAN,OXFORDSHIRE,Slaughterhouse,0,5
Mar-10,MID GLAMORGAN,POWYS,Slaughterhouse,1,0
Mar-10,MID GLAMORGAN,SHROPSHIRE,Slaughterhouse,0,3
Mar-10,MID GLAMORGAN,SOMERSET,Slaughterhouse,94,0
Mar-10,MID GLAMORGAN,STAFFORDSHIRE,Slaughterhouse,0,7
Mar-10,MID GLAMORGAN,WARWICKSHIRE,Slaughterhouse,0,1
Mar-10,MID GLAMORGAN,WEST GLAMORGAN,Slaughterhouse,8,7
Mar-10,MID GLAMORGAN,,Slaughterhouse,15,10
Mar-10,NORFOLK,BEDFORDSHIRE,Slaughterhouse,317,30
Mar-10,NORFOLK,CUMBRIA,Slaughterhouse,0,1
Mar-10,NORFOLK,DERBYSHIRE,Slaughterhouse,0,2
Mar-10,NORFOLK,DEVON,Slaughterhouse,0,3
Mar-10,NORFOLK,ESSEX,Slaughterhouse,6,9
Mar-10,NORFOLK,GREATER MANCHESTER,Slaughterhouse,0,22
Mar-10,NORFOLK,HAMPSHIRE,Slaughterhouse,0,10
Mar-10,NORFOLK,KENT,Slaughterhouse,0,2
Mar-10,NORFOLK,LANCASHIRE,Slaughterhouse,80,10
Mar-10,NORFOLK,LINCOLNSHIRE,Slaughterhouse,634,31
Mar-10,NORFOLK,MID GLAMORGAN,Slaughterhouse,0,0
Mar-10,NORFOLK,NORFOLK,Slaughterhouse,"1,106",14
Mar-10,NORFOLK,NORTH YORKSHIRE,Slaughterhouse,12,2
Mar-10,NORFOLK,NOTTINGHAMSHIRE,Slaughterhouse,0,18
Mar-10,NORFOLK,OXFORDSHIRE,Slaughterhouse,0,10
Mar-10,NORFOLK,SHROPSHIRE,Slaughterhouse,20,1
Mar-10,NORFOLK,SOMERSET,Slaughterhouse,0,1
Mar-10,NORFOLK,SOUTH YORKSHIRE,Slaughterhouse,126,30
Mar-10,NORFOLK,STAFFORDSHIRE,Slaughterhouse,0,19
Mar-10,NORFOLK,WEST YORKSHIRE,Slaughterhouse,0,17
Mar-10,NORFOLK,,Slaughterhouse,240,33
Mar-10,NORTHAMPTONSHIRE,AVON,Slaughterhouse,12,2
Mar-10,NORTHAMPTONSHIRE,BEDFORDSHIRE,Slaughterhouse,327,15
Mar-10,NORTHAMPTONSHIRE,CAMBRIDGESHIRE,Slaughterhouse,1,0
Mar-10,NORTHAMPTONSHIRE,CENTRAL,Slaughterhouse,4,0
Mar-10,NORTHAMPTONSHIRE,DERBYSHIRE,Slaughterhouse,0,1
Mar-10,NORTHAMPTONSHIRE,GLOUCESTERSHIRE,Slaughterhouse,1,6
Mar-10,NORTHAMPTONSHIRE,GREATER MANCHESTER,Slaughterhouse,0,24
Mar-10,NORTHAMPTONSHIRE,HAMPSHIRE,Slaughterhouse,6,0
Mar-10,NORTHAMPTONSHIRE,HUMBERSIDE,Slaughterhouse,0,2
Mar-10,NORTHAMPTONSHIRE,LANCASHIRE,Slaughterhouse,51,10
Mar-10,NORTHAMPTONSHIRE,LEICESTERSHIRE,Slaughterhouse,55,8
Mar-10,NORTHAMPTONSHIRE,LINCOLNSHIRE,Slaughterhouse,893,44
Mar-10,NORTHAMPTONSHIRE,MID GLAMORGAN,Slaughterhouse,267,0
Mar-10,NORTHAMPTONSHIRE,NORFOLK,Slaughterhouse,0,5
Mar-10,NORTHAMPTONSHIRE,NORTHAMPTONSHIRE,Slaughterhouse,2,0
Mar-10,NORTHAMPTONSHIRE,NORTH YORKSHIRE,Slaughterhouse,0,16
Mar-10,NORTHAMPTONSHIRE,NOTTINGHAMSHIRE,Slaughterhouse,0,14
Mar-10,NORTHAMPTONSHIRE,OXFORDSHIRE,Slaughterhouse,63,50
Mar-10,NORTHAMPTONSHIRE,SHROPSHIRE,Slaughterhouse,258,10
Mar-10,NORTHAMPTONSHIRE,SOUTH YORKSHIRE,Slaughterhouse,3,30
Mar-10,NORTHAMPTONSHIRE,STAFFORDSHIRE,Slaughterhouse,17,14
Mar-10,NORTHAMPTONSHIRE,SURREY,Slaughterhouse,142,1
Mar-10,NORTHAMPTONSHIRE,WARWICKSHIRE,Slaughterhouse,14,0
Mar-10,NORTHAMPTONSHIRE,WEST YORKSHIRE,Slaughterhouse,0,4
Mar-10,NORTHAMPTONSHIRE,WILTSHIRE,Slaughterhouse,0,1
Mar-10,NORTHAMPTONSHIRE,,Slaughterhouse,131,22
Mar-10,NORTHUMBERLAND,BORDERS,Slaughterhouse,9,17
Mar-10,NORTHUMBERLAND,CENTRAL,Slaughterhouse,"1,090",18
Mar-10,NORTHUMBERLAND,CLEVELAND,Slaughterhouse,0,23
Mar-10,NORTHUMBERLAND,CUMBRIA,Slaughterhouse,62,20
Mar-10,NORTHUMBERLAND,DERBYSHIRE,Slaughterhouse,10,0
Mar-10,NORTHUMBERLAND,DURHAM,Slaughterhouse,292,193
Mar-10,NORTHUMBERLAND,GRAMPIAN,Slaughterhouse,61,0
Mar-10,NORTHUMBERLAND,GREATER MANCHESTER,Slaughterhouse,0,7
Mar-10,NORTHUMBERLAND,HIGHLAND,Slaughterhouse,0,6
Mar-10,NORTHUMBERLAND,HUMBERSIDE,Slaughterhouse,166,18
Mar-10,NORTHUMBERLAND,LANCASHIRE,Slaughterhouse,582,27
Mar-10,NORTHUMBERLAND,LINCOLNSHIRE,Slaughterhouse,53,7
Mar-10,NORTHUMBERLAND,MID GLAMORGAN,Slaughterhouse,41,0
Mar-10,NORTHUMBERLAND,NORTH YORKSHIRE,Slaughterhouse,92,4
Mar-10,NORTHUMBERLAND,SHROPSHIRE,Slaughterhouse,16,9
Mar-10,NORTHUMBERLAND,SOUTH YORKSHIRE,Slaughterhouse,88,0
Mar-10,NORTHUMBERLAND,STRATHCLYDE,Slaughterhouse,432,9
Mar-10,NORTHUMBERLAND,TAYSIDE,Slaughterhouse,27,5
Mar-10,NORTHUMBERLAND,TYNE & WEAR,Slaughterhouse,472,60
Mar-10,NORTHUMBERLAND,WEST YORKSHIRE,Slaughterhouse,2,30
Mar-10,NORTHUMBERLAND,,Slaughterhouse,68,9
Mar-10,NORTH YORKSHIRE,BEDFORDSHIRE,Slaughterhouse,0,1
Mar-10,NORTH YORKSHIRE,BORDERS,Slaughterhouse,0,16
Mar-10,NORTH YORKSHIRE,CENTRAL,Slaughterhouse,293,21
Mar-10,NORTH YORKSHIRE,CHESHIRE,Slaughterhouse,6,3
Mar-10,NORTH YORKSHIRE,CLEVELAND,Slaughterhouse,974,670
Mar-10,NORTH YORKSHIRE,CUMBRIA,Slaughterhouse,92,42
Mar-10,NORTH YORKSHIRE,DEVON,Slaughterhouse,0,18
Mar-10,NORTH YORKSHIRE,DUMFRIES & GALLOWAY,Slaughterhouse,0,0
Mar-10,NORTH YORKSHIRE,DURHAM,Slaughterhouse,763,472
Mar-10,NORTH YORKSHIRE,GREATER MANCHESTER,Slaughterhouse,"1,714","1,038"
Mar-10,NORTH YORKSHIRE,HUMBERSIDE,Slaughterhouse,"1,481",191
Mar-10,NORTH YORKSHIRE,LANCASHIRE,Slaughterhouse,"4,034",194
Mar-10,NORTH YORKSHIRE,LINCOLNSHIRE,Slaughterhouse,"1,075",118
Mar-10,NORTH YORKSHIRE,MID GLAMORGAN,Slaughterhouse,262,0
Mar-10,NORTH YORKSHIRE,NORTH YORKSHIRE,Slaughterhouse,"2,381",206
Mar-10,NORTH YORKSHIRE,SHROPSHIRE,Slaughterhouse,659,108
Mar-10,NORTH YORKSHIRE,SOUTH YORKSHIRE,Slaughterhouse,461,90
Mar-10,NORTH YORKSHIRE,STAFFORDSHIRE,Slaughterhouse,0,24
Mar-10,NORTH YORKSHIRE,STRATHCLYDE,Slaughterhouse,176,13
Mar-10,NORTH YORKSHIRE,TYNE & WEAR,Slaughterhouse,22,4
Mar-10,NORTH YORKSHIRE,WEST YORKSHIRE,Slaughterhouse,"2,440","1,216"
Mar-10,NORTH YORKSHIRE,,Slaughterhouse,914,144
Mar-10,NOTTINGHAMSHIRE,BEDFORDSHIRE,Slaughterhouse,174,21
Mar-10,NOTTINGHAMSHIRE,CHESHIRE,Slaughterhouse,0,1
Mar-10,NOTTINGHAMSHIRE,CORNWALL,Slaughterhouse,0,4
Mar-10,NOTTINGHAMSHIRE,CUMBRIA,Slaughterhouse,12,1
Mar-10,NOTTINGHAMSHIRE,DERBYSHIRE,Slaughterhouse,137,12
Mar-10,NOTTINGHAMSHIRE,GREATER MANCHESTER,Slaughterhouse,257,60
Mar-10,NOTTINGHAMSHIRE,LANCASHIRE,Slaughterhouse,198,30
Mar-10,NOTTINGHAMSHIRE,LEICESTERSHIRE,Slaughterhouse,2,0
Mar-10,NOTTINGHAMSHIRE,LINCOLNSHIRE,Slaughterhouse,"1,048",120
Mar-10,NOTTINGHAMSHIRE,MID GLAMORGAN,Slaughterhouse,54,5
Mar-10,NOTTINGHAMSHIRE,NORFOLK,Slaughterhouse,38,11
Mar-10,NOTTINGHAMSHIRE,NORTH YORKSHIRE,Slaughterhouse,116,29
Mar-10,NOTTINGHAMSHIRE,NOTTINGHAMSHIRE,Slaughterhouse,384,38
Mar-10,NOTTINGHAMSHIRE,OXFORDSHIRE,Slaughterhouse,38,16
Mar-10,NOTTINGHAMSHIRE,SHROPSHIRE,Slaughterhouse,127,24
Mar-10,NOTTINGHAMSHIRE,SOUTH YORKSHIRE,Slaughterhouse,716,65
Mar-10,NOTTINGHAMSHIRE,STAFFORDSHIRE,Slaughterhouse,173,47
Mar-10,NOTTINGHAMSHIRE,SURREY,Slaughterhouse,143,0
Mar-10,NOTTINGHAMSHIRE,WEST YORKSHIRE,Slaughterhouse,126,24
Mar-10,NOTTINGHAMSHIRE,,Slaughterhouse,483,80
Mar-10,ORKNEY,CENTRAL,Slaughterhouse,208,0
Mar-10,ORKNEY,CUMBRIA,Slaughterhouse,0,6
Mar-10,ORKNEY,GRAMPIAN,Slaughterhouse,90,9
Mar-10,ORKNEY,HIGHLAND,Slaughterhouse,0,7
Mar-10,ORKNEY,ORKNEY,Slaughterhouse,452,29
Mar-10,ORKNEY,STRATHCLYDE,Slaughterhouse,0,7
Mar-10,ORKNEY,,Slaughterhouse,0,5
Mar-10,OXFORDSHIRE,AVON,Slaughterhouse,86,0
Mar-10,OXFORDSHIRE,BEDFORDSHIRE,Slaughterhouse,200,0
Mar-10,OXFORDSHIRE,CENTRAL,Slaughterhouse,90,0
Mar-10,OXFORDSHIRE,CUMBRIA,Slaughterhouse,0,3
Mar-10,OXFORDSHIRE,DYFED,Slaughterhouse,0,2
Mar-10,OXFORDSHIRE,GLOUCESTERSHIRE,Slaughterhouse,36,7
Mar-10,OXFORDSHIRE,HAMPSHIRE,Slaughterhouse,32,7
Mar-10,OXFORDSHIRE,LANCASHIRE,Slaughterhouse,56,0
Mar-10,OXFORDSHIRE,LEICESTERSHIRE,Slaughterhouse,1,0
Mar-10,OXFORDSHIRE,LINCOLNSHIRE,Slaughterhouse,495,13
Mar-10,OXFORDSHIRE,MID GLAMORGAN,Slaughterhouse,319,27
Mar-10,OXFORDSHIRE,NORFOLK,Slaughterhouse,2,0
Mar-10,OXFORDSHIRE,NORTH YORKSHIRE,Slaughterhouse,1,4
Mar-10,OXFORDSHIRE,OXFORDSHIRE,Slaughterhouse,117,14
Mar-10,OXFORDSHIRE,SHROPSHIRE,Slaughterhouse,128,0
Mar-10,OXFORDSHIRE,SOMERSET,Slaughterhouse,171,0
Mar-10,OXFORDSHIRE,SOUTH YORKSHIRE,Slaughterhouse,82,18
Mar-10,OXFORDSHIRE,STAFFORDSHIRE,Slaughterhouse,0,3
Mar-10,OXFORDSHIRE,SURREY,Slaughterhouse,86,0
Mar-10,OXFORDSHIRE,WARWICKSHIRE,Slaughterhouse,11,0
Mar-10,OXFORDSHIRE,WILTSHIRE,Slaughterhouse,24,2
Mar-10,OXFORDSHIRE,,Slaughterhouse,109,4
Mar-10,POWYS,AVON,Slaughterhouse,29,64
Mar-10,POWYS,BEDFORDSHIRE,Slaughterhouse,44,58
Mar-10,POWYS,CHESHIRE,Slaughterhouse,102,7
Mar-10,POWYS,CLWYD,Slaughterhouse,18,11
Mar-10,POWYS,CUMBRIA,Slaughterhouse,1,0
Mar-10,POWYS,DERBYSHIRE,Slaughterhouse,11,0
Mar-10,POWYS,DEVON,Slaughterhouse,18,52
Mar-10,POWYS,DURHAM,Slaughterhouse,0,2
Mar-10,POWYS,DYFED,Slaughterhouse,81,7
Mar-10,POWYS,GLOUCESTERSHIRE,Slaughterhouse,66,0
Mar-10,POWYS,GREATER MANCHESTER,Slaughterhouse,12,80
Mar-10,POWYS,HEREFORD & WORCESTER,Slaughterhouse,17,1
Mar-10,POWYS,HUMBERSIDE,Slaughterhouse,11,3
Mar-10,POWYS,LANCASHIRE,Slaughterhouse,235,42
Mar-10,POWYS,LINCOLNSHIRE,Slaughterhouse,32,8
Mar-10,POWYS,MID GLAMORGAN,Slaughterhouse,319,0
Mar-10,POWYS,OXFORDSHIRE,Slaughterhouse,2,17
Mar-10,POWYS,POWYS,Slaughterhouse,364,0
Mar-10,POWYS,SHROPSHIRE,Slaughterhouse,735,41
Mar-10,POWYS,SOMERSET,Slaughterhouse,31,3
Mar-10,POWYS,SOUTH YORKSHIRE,Slaughterhouse,1,1
Mar-10,POWYS,STAFFORDSHIRE,Slaughterhouse,41,114
Mar-10,POWYS,STRATHCLYDE,Slaughterhouse,0,4
Mar-10,POWYS,SURREY,Slaughterhouse,0,1
Mar-10,POWYS,TYNE & WEAR,Slaughterhouse,4,2
Mar-10,POWYS,WARWICKSHIRE,Slaughterhouse,0,2
Mar-10,POWYS,WEST GLAMORGAN,Slaughterhouse,9,4
Mar-10,POWYS,WEST MIDLANDS,Slaughterhouse,4,0
Mar-10,POWYS,WEST YORKSHIRE,Slaughterhouse,0,3
Mar-10,POWYS,WILTSHIRE,Slaughterhouse,37,2
Mar-10,POWYS,,Slaughterhouse,223,88
Mar-10,SHETLAND,CUMBRIA,Slaughterhouse,0,11
Mar-10,SHETLAND,GRAMPIAN,Slaughterhouse,0,1
Mar-10,SHETLAND,HIGHLAND,Slaughterhouse,0,2
Mar-10,SHETLAND,SHETLAND,Slaughterhouse,5,0
Mar-10,SHETLAND,STRATHCLYDE,Slaughterhouse,2,2
Mar-10,SHETLAND,,Slaughterhouse,0,4
Mar-10,SHROPSHIRE,AVON,Slaughterhouse,290,114
Mar-10,SHROPSHIRE,BEDFORDSHIRE,Slaughterhouse,346,189
Mar-10,SHROPSHIRE,CENTRAL,Slaughterhouse,31,0
Mar-10,SHROPSHIRE,CHESHIRE,Slaughterhouse,475,57
Mar-10,SHROPSHIRE,CLWYD,Slaughterhouse,48,8
Mar-10,SHROPSHIRE,CUMBRIA,Slaughterhouse,7,5
Mar-10,SHROPSHIRE,DERBYSHIRE,Slaughterhouse,93,38
Mar-10,SHROPSHIRE,DEVON,Slaughterhouse,752,241
Mar-10,SHROPSHIRE,DURHAM,Slaughterhouse,116,37
Mar-10,SHROPSHIRE,DYFED,Slaughterhouse,14,4
Mar-10,SHROPSHIRE,GLOUCESTERSHIRE,Slaughterhouse,7,6
Mar-10,SHROPSHIRE,GRAMPIAN,Slaughterhouse,0,1
Mar-10,SHROPSHIRE,GREATER MANCHESTER,Slaughterhouse,703,350
Mar-10,SHROPSHIRE,HAMPSHIRE,Slaughterhouse,10,0
Mar-10,SHROPSHIRE,HEREFORD & WORCESTER,Slaughterhouse,39,1
Mar-10,SHROPSHIRE,HIGHLAND,Slaughterhouse,39,16
Mar-10,SHROPSHIRE,HUMBERSIDE,Slaughterhouse,1,0
Mar-10,SHROPSHIRE,LANCASHIRE,Slaughterhouse,695,140
Mar-10,SHROPSHIRE,LINCOLNSHIRE,Slaughterhouse,564,60
Mar-10,SHROPSHIRE,MID GLAMORGAN,Slaughterhouse,84,0
Mar-10,SHROPSHIRE,OXFORDSHIRE,Slaughterhouse,276,137
Mar-10,SHROPSHIRE,SHROPSHIRE,Slaughterhouse,"2,698",234
Mar-10,SHROPSHIRE,SOMERSET,Slaughterhouse,70,24
Mar-10,SHROPSHIRE,SOUTH YORKSHIRE,Slaughterhouse,189,44
Mar-10,SHROPSHIRE,STAFFORDSHIRE,Slaughterhouse,"1,470",728
Mar-10,SHROPSHIRE,STRATHCLYDE,Slaughterhouse,67,24
Mar-10,SHROPSHIRE,SURREY,Slaughterhouse,41,3
Mar-10,SHROPSHIRE,TAYSIDE,Slaughterhouse,1,0
Mar-10,SHROPSHIRE,TYNE & WEAR,Slaughterhouse,1,2
Mar-10,SHROPSHIRE,WARWICKSHIRE,Slaughterhouse,78,41
Mar-10,SHROPSHIRE,WEST GLAMORGAN,Slaughterhouse,1,0
Mar-10,SHROPSHIRE,WEST MIDLANDS,Slaughterhouse,82,13
Mar-10,SHROPSHIRE,WEST YORKSHIRE,Slaughterhouse,218,109
Mar-10,SHROPSHIRE,WILTSHIRE,Slaughterhouse,96,36
Mar-10,SHROPSHIRE,,Slaughterhouse,"1,238",280
Mar-10,SOMERSET,AVON,Slaughterhouse,618,55
Mar-10,SOMERSET,BEDFORDSHIRE,Slaughterhouse,103,53
Mar-10,SOMERSET,CORNWALL,Slaughterhouse,490,128
Mar-10,SOMERSET,DEVON,Slaughterhouse,427,129
Mar-10,SOMERSET,DORSET,Slaughterhouse,72,0
Mar-10,SOMERSET,DYFED,Slaughterhouse,8,0
Mar-10,SOMERSET,ESSEX,Slaughterhouse,4,3
Mar-10,SOMERSET,GLOUCESTERSHIRE,Slaughterhouse,386,182
Mar-10,SOMERSET,HAMPSHIRE,Slaughterhouse,0,0
Mar-10,SOMERSET,LANCASHIRE,Slaughterhouse,94,20
Mar-10,SOMERSET,LINCOLNSHIRE,Slaughterhouse,208,48
Mar-10,SOMERSET,MID GLAMORGAN,Slaughterhouse,119,0
Mar-10,SOMERSET,OXFORDSHIRE,Slaughterhouse,88,38
Mar-10,SOMERSET,SHROPSHIRE,Slaughterhouse,356,96
Mar-10,SOMERSET,SOMERSET,Slaughterhouse,"1,817",93
Mar-10,SOMERSET,SOUTH YORKSHIRE,Slaughterhouse,82,2
Mar-10,SOMERSET,STAFFORDSHIRE,Slaughterhouse,0,1
Mar-10,SOMERSET,STRATHCLYDE,Slaughterhouse,21,0
Mar-10,SOMERSET,WILTSHIRE,Slaughterhouse,56,6
Mar-10,SOMERSET,,Slaughterhouse,909,197
Mar-10,SOUTH GLAMORGAN,AVON,Slaughterhouse,0,15
Mar-10,SOUTH GLAMORGAN,BEDFORDSHIRE,Slaughterhouse,0,2
Mar-10,SOUTH GLAMORGAN,CUMBRIA,Slaughterhouse,3,0
Mar-10,SOUTH GLAMORGAN,DEVON,Slaughterhouse,0,3
Mar-10,SOUTH GLAMORGAN,DYFED,Slaughterhouse,19,10
Mar-10,SOUTH GLAMORGAN,GLOUCESTERSHIRE,Slaughterhouse,0,3
Mar-10,SOUTH GLAMORGAN,LANCASHIRE,Slaughterhouse,85,10
Mar-10,SOUTH GLAMORGAN,LINCOLNSHIRE,Slaughterhouse,26,0
Mar-10,SOUTH GLAMORGAN,MID GLAMORGAN,Slaughterhouse,250,0
Mar-10,SOUTH GLAMORGAN,OXFORDSHIRE,Slaughterhouse,0,3
Mar-10,SOUTH GLAMORGAN,SHROPSHIRE,Slaughterhouse,8,0
Mar-10,SOUTH GLAMORGAN,SOMERSET,Slaughterhouse,12,0
Mar-10,SOUTH GLAMORGAN,SOUTH YORKSHIRE,Slaughterhouse,0,1
Mar-10,SOUTH GLAMORGAN,SURREY,Slaughterhouse,30,0
Mar-10,SOUTH GLAMORGAN,WEST GLAMORGAN,Slaughterhouse,10,2
Mar-10,SOUTH GLAMORGAN,WILTSHIRE,Slaughterhouse,0,1
Mar-10,SOUTH GLAMORGAN,,Slaughterhouse,1,2
Mar-10,SOUTH YORKSHIRE,BEDFORDSHIRE,Slaughterhouse,0,4
Mar-10,SOUTH YORKSHIRE,CHESHIRE,Slaughterhouse,70,0
Mar-10,SOUTH YORKSHIRE,CLEVELAND,Slaughterhouse,0,32
Mar-10,SOUTH YORKSHIRE,CUMBRIA,Slaughterhouse,0,1
Mar-10,SOUTH YORKSHIRE,DERBYSHIRE,Slaughterhouse,7,3
Mar-10,SOUTH YORKSHIRE,DEVON,Slaughterhouse,0,3
Mar-10,SOUTH YORKSHIRE,DURHAM,Slaughterhouse,0,3
Mar-10,SOUTH YORKSHIRE,GREATER MANCHESTER,Slaughterhouse,0,60
Mar-10,SOUTH YORKSHIRE,HUMBERSIDE,Slaughterhouse,9,2
Mar-10,SOUTH YORKSHIRE,LANCASHIRE,Slaughterhouse,43,5
Mar-10,SOUTH YORKSHIRE,LINCOLNSHIRE,Slaughterhouse,0,23
Mar-10,SOUTH YORKSHIRE,MID GLAMORGAN,Slaughterhouse,0,0
Mar-10,SOUTH YORKSHIRE,NORTH YORKSHIRE,Slaughterhouse,0,11
Mar-10,SOUTH YORKSHIRE,NOTTINGHAMSHIRE,Slaughterhouse,0,4
Mar-10,SOUTH YORKSHIRE,OXFORDSHIRE,Slaughterhouse,0,1
Mar-10,SOUTH YORKSHIRE,SHROPSHIRE,Slaughterhouse,0,1
Mar-10,SOUTH YORKSHIRE,SOUTH YORKSHIRE,Slaughterhouse,697,23
Mar-10,SOUTH YORKSHIRE,STAFFORDSHIRE,Slaughterhouse,46,17
Mar-10,SOUTH YORKSHIRE,STRATHCLYDE,Slaughterhouse,0,3
Mar-10,SOUTH YORKSHIRE,WEST YORKSHIRE,Slaughterhouse,126,62
Mar-10,SOUTH YORKSHIRE,,Slaughterhouse,195,10
Mar-10,STAFFORDSHIRE,AVON,Slaughterhouse,2,42
Mar-10,STAFFORDSHIRE,BEDFORDSHIRE,Slaughterhouse,65,102
Mar-10,STAFFORDSHIRE,CHESHIRE,Slaughterhouse,141,38
Mar-10,STAFFORDSHIRE,CLWYD,Slaughterhouse,0,4
Mar-10,STAFFORDSHIRE,CUMBRIA,Slaughterhouse,10,0
Mar-10,STAFFORDSHIRE,DERBYSHIRE,Slaughterhouse,34,57
Mar-10,STAFFORDSHIRE,DEVON,Slaughterhouse,27,184
Mar-10,STAFFORDSHIRE,DURHAM,Slaughterhouse,0,25
Mar-10,STAFFORDSHIRE,DYFED,Slaughterhouse,0,1
Mar-10,STAFFORDSHIRE,GLOUCESTERSHIRE,Slaughterhouse,2,0
Mar-10,STAFFORDSHIRE,GREATER MANCHESTER,Slaughterhouse,7,100
Mar-10,STAFFORDSHIRE,HIGHLAND,Slaughterhouse,0,16
Mar-10,STAFFORDSHIRE,HUMBERSIDE,Slaughterhouse,2,3
Mar-10,STAFFORDSHIRE,LANCASHIRE,Slaughterhouse,517,68
Mar-10,STAFFORDSHIRE,LINCOLNSHIRE,Slaughterhouse,182,12
Mar-10,STAFFORDSHIRE,MID GLAMORGAN,Slaughterhouse,133,0
Mar-10,STAFFORDSHIRE,NORTH YORKSHIRE,Slaughterhouse,5,0
Mar-10,STAFFORDSHIRE,NOTTINGHAMSHIRE,Slaughterhouse,0,2
Mar-10,STAFFORDSHIRE,OXFORDSHIRE,Slaughterhouse,8,34
Mar-10,STAFFORDSHIRE,SHROPSHIRE,Slaughterhouse,"1,291",61
Mar-10,STAFFORDSHIRE,SOMERSET,Slaughterhouse,291,8
Mar-10,STAFFORDSHIRE,SOUTH YORKSHIRE,Slaughterhouse,83,117
Mar-10,STAFFORDSHIRE,STAFFORDSHIRE,Slaughterhouse,"1,517",359
Mar-10,STAFFORDSHIRE,STRATHCLYDE,Slaughterhouse,40,10
Mar-10,STAFFORDSHIRE,SURREY,Slaughterhouse,11,0
Mar-10,STAFFORDSHIRE,WARWICKSHIRE,Slaughterhouse,0,2
Mar-10,STAFFORDSHIRE,WEST MIDLANDS,Slaughterhouse,0,1
Mar-10,STAFFORDSHIRE,WEST YORKSHIRE,Slaughterhouse,5,73
Mar-10,STAFFORDSHIRE,WILTSHIRE,Slaughterhouse,0,18
Mar-10,STAFFORDSHIRE,,Slaughterhouse,431,149
Mar-10,STRATHCLYDE,BORDERS,Slaughterhouse,0,6
Mar-10,STRATHCLYDE,CENTRAL,Slaughterhouse,929,21
Mar-10,STRATHCLYDE,CLEVELAND,Slaughterhouse,0,6
Mar-10,STRATHCLYDE,CORNWALL,Slaughterhouse,1,0
Mar-10,STRATHCLYDE,CUMBRIA,Slaughterhouse,135,98
Mar-10,STRATHCLYDE,DERBYSHIRE,Slaughterhouse,0,8
Mar-10,STRATHCLYDE,GRAMPIAN,Slaughterhouse,128,10
Mar-10,STRATHCLYDE,GREATER MANCHESTER,Slaughterhouse,0,2
Mar-10,STRATHCLYDE,HIGHLAND,Slaughterhouse,51,25
Mar-10,STRATHCLYDE,HUMBERSIDE,Slaughterhouse,1,0
Mar-10,STRATHCLYDE,LANCASHIRE,Slaughterhouse,81,90
Mar-10,STRATHCLYDE,LINCOLNSHIRE,Slaughterhouse,3,0
Mar-10,STRATHCLYDE,MID GLAMORGAN,Slaughterhouse,1,1
Mar-10,STRATHCLYDE,SOUTH YORKSHIRE,Slaughterhouse,89,52
Mar-10,STRATHCLYDE,STRATHCLYDE,Slaughterhouse,"3,445",457
Mar-10,STRATHCLYDE,TAYSIDE,Slaughterhouse,598,111
Mar-10,STRATHCLYDE,WEST YORKSHIRE,Slaughterhouse,4,2
Mar-10,STRATHCLYDE,,Slaughterhouse,601,321
Mar-10,SUFFOLK,BEDFORDSHIRE,Slaughterhouse,116,0
Mar-10,SUFFOLK,ESSEX,Slaughterhouse,61,185
Mar-10,SUFFOLK,GREATER LONDON,Slaughterhouse,0,0
Mar-10,SUFFOLK,HAMPSHIRE,Slaughterhouse,0,44
Mar-10,SUFFOLK,LANCASHIRE,Slaughterhouse,4,0
Mar-10,SUFFOLK,LINCOLNSHIRE,Slaughterhouse,390,0
Mar-10,SUFFOLK,MID GLAMORGAN,Slaughterhouse,83,0
Mar-10,SUFFOLK,NORFOLK,Slaughterhouse,424,86
Mar-10,SUFFOLK,SHROPSHIRE,Slaughterhouse,2,0
Mar-10,SUFFOLK,SOUTH YORKSHIRE,Slaughterhouse,12,0
Mar-10,SUFFOLK,SUFFOLK,Slaughterhouse,12,0
Mar-10,SUFFOLK,,Slaughterhouse,236,0
Mar-10,SURREY,BEDFORDSHIRE,Slaughterhouse,0,5
Mar-10,SURREY,DEVON,Slaughterhouse,0,1
Mar-10,SURREY,EAST SUSSEX,Slaughterhouse,3,5
Mar-10,SURREY,ESSEX,Slaughterhouse,0,4
Mar-10,SURREY,GREATER LONDON,Slaughterhouse,0,4
Mar-10,SURREY,HAMPSHIRE,Slaughterhouse,59,22
Mar-10,SURREY,KENT,Slaughterhouse,15,7
Mar-10,SURREY,LANCASHIRE,Slaughterhouse,0,8
Mar-10,SURREY,MID GLAMORGAN,Slaughterhouse,3,0
Mar-10,SURREY,NORFOLK,Slaughterhouse,0,3
Mar-10,SURREY,OXFORDSHIRE,Slaughterhouse,1,0
Mar-10,SURREY,SOMERSET,Slaughterhouse,6,1
Mar-10,SURREY,SURREY,Slaughterhouse,373,0
Mar-10,SURREY,WEST SUSSEX,Slaughterhouse,6,0
Mar-10,SURREY,,Slaughterhouse,20,0
Mar-10,TAYSIDE,CENTRAL,Slaughterhouse,"1,017",25
Mar-10,TAYSIDE,CUMBRIA,Slaughterhouse,8,9
Mar-10,TAYSIDE,DERBYSHIRE,Slaughterhouse,0,4
Mar-10,TAYSIDE,FIFE,Slaughterhouse,188,60
Mar-10,TAYSIDE,GRAMPIAN,Slaughterhouse,649,27
Mar-10,TAYSIDE,LANCASHIRE,Slaughterhouse,77,7
Mar-10,TAYSIDE,LINCOLNSHIRE,Slaughterhouse,1,1
Mar-10,TAYSIDE,MID GLAMORGAN,Slaughterhouse,2,2
Mar-10,TAYSIDE,STRATHCLYDE,Slaughterhouse,158,74
Mar-10,TAYSIDE,TAYSIDE,Slaughterhouse,"1,177",20
Mar-10,TAYSIDE,,Slaughterhouse,122,71
Mar-10,TYNE & WEAR,CENTRAL,Slaughterhouse,99,0
Mar-10,TYNE & WEAR,CLEVELAND,Slaughterhouse,0,3
Mar-10,TYNE & WEAR,CUMBRIA,Slaughterhouse,3,1
Mar-10,TYNE & WEAR,DURHAM,Slaughterhouse,14,19
Mar-10,TYNE & WEAR,GREATER MANCHESTER,Slaughterhouse,0,2
Mar-10,TYNE & WEAR,LANCASHIRE,Slaughterhouse,10,0
Mar-10,TYNE & WEAR,MID GLAMORGAN,Slaughterhouse,4,0
Mar-10,TYNE & WEAR,NORTH YORKSHIRE,Slaughterhouse,6,2
Mar-10,TYNE & WEAR,SHROPSHIRE,Slaughterhouse,0,3
Mar-10,TYNE & WEAR,SOUTH YORKSHIRE,Slaughterhouse,26,0
Mar-10,TYNE & WEAR,STRATHCLYDE,Slaughterhouse,10,0
Mar-10,TYNE & WEAR,TYNE & WEAR,Slaughterhouse,64,1
Mar-10,TYNE & WEAR,WEST YORKSHIRE,Slaughterhouse,0,4
Mar-10,TYNE & WEAR,,Slaughterhouse,0,3
Mar-10,WARWICKSHIRE,AVON,Slaughterhouse,0,16
Mar-10,WARWICKSHIRE,BEDFORDSHIRE,Slaughterhouse,101,18
Mar-10,WARWICKSHIRE,CENTRAL,Slaughterhouse,3,2
Mar-10,WARWICKSHIRE,CUMBRIA,Slaughterhouse,0,1
Mar-10,WARWICKSHIRE,DERBYSHIRE,Slaughterhouse,1,2
Mar-10,WARWICKSHIRE,DEVON,Slaughterhouse,2,23
Mar-10,WARWICKSHIRE,DURHAM,Slaughterhouse,0,1
Mar-10,WARWICKSHIRE,DYFED,Slaughterhouse,0,3
Mar-10,WARWICKSHIRE,GLOUCESTERSHIRE,Slaughterhouse,87,23
Mar-10,WARWICKSHIRE,GREATER MANCHESTER,Slaughterhouse,0,9
Mar-10,WARWICKSHIRE,HAMPSHIRE,Slaughterhouse,8,0
Mar-10,WARWICKSHIRE,HEREFORD & WORCESTER,Slaughterhouse,31,3
Mar-10,WARWICKSHIRE,LANCASHIRE,Slaughterhouse,96,27
Mar-10,WARWICKSHIRE,LEICESTERSHIRE,Slaughterhouse,70,18
Mar-10,WARWICKSHIRE,LINCOLNSHIRE,Slaughterhouse,436,69
Mar-10,WARWICKSHIRE,MID GLAMORGAN,Slaughterhouse,499,0
Mar-10,WARWICKSHIRE,NORTH YORKSHIRE,Slaughterhouse,68,43
Mar-10,WARWICKSHIRE,NOTTINGHAMSHIRE,Slaughterhouse,0,6
Mar-10,WARWICKSHIRE,OXFORDSHIRE,Slaughterhouse,114,72
Mar-10,WARWICKSHIRE,SHROPSHIRE,Slaughterhouse,77,24
Mar-10,WARWICKSHIRE,SOMERSET,Slaughterhouse,26,0
Mar-10,WARWICKSHIRE,SOUTH YORKSHIRE,Slaughterhouse,9,22
Mar-10,WARWICKSHIRE,STAFFORDSHIRE,Slaughterhouse,78,25
Mar-10,WARWICKSHIRE,STRATHCLYDE,Slaughterhouse,13,0
Mar-10,WARWICKSHIRE,SURREY,Slaughterhouse,84,6
Mar-10,WARWICKSHIRE,WARWICKSHIRE,Slaughterhouse,101,2
Mar-10,WARWICKSHIRE,WEST YORKSHIRE,Slaughterhouse,0,6
Mar-10,WARWICKSHIRE,WILTSHIRE,Slaughterhouse,0,11
Mar-10,WARWICKSHIRE,,Slaughterhouse,224,27
Mar-10,WESTERN ISLES,WESTERN ISLES,Slaughterhouse,10,0
Mar-10,WEST GLAMORGAN,AVON,Slaughterhouse,0,13
Mar-10,WEST GLAMORGAN,BEDFORDSHIRE,Slaughterhouse,0,5
Mar-10,WEST GLAMORGAN,DEVON,Slaughterhouse,0,3
Mar-10,WEST GLAMORGAN,DYFED,Slaughterhouse,16,4
Mar-10,WEST GLAMORGAN,GLOUCESTERSHIRE,Slaughterhouse,0,3
Mar-10,WEST GLAMORGAN,GREATER MANCHESTER,Slaughterhouse,0,3
Mar-10,WEST GLAMORGAN,LANCASHIRE,Slaughterhouse,11,9
Mar-10,WEST GLAMORGAN,LINCOLNSHIRE,Slaughterhouse,0,1
Mar-10,WEST GLAMORGAN,MID GLAMORGAN,Slaughterhouse,140,0
Mar-10,WEST GLAMORGAN,OXFORDSHIRE,Slaughterhouse,0,2
Mar-10,WEST GLAMORGAN,SHROPSHIRE,Slaughterhouse,2,4
Mar-10,WEST GLAMORGAN,SOMERSET,Slaughterhouse,16,0
Mar-10,WEST GLAMORGAN,SOUTH YORKSHIRE,Slaughterhouse,33,0
Mar-10,WEST GLAMORGAN,WEST GLAMORGAN,Slaughterhouse,39,0
Mar-10,WEST GLAMORGAN,,Slaughterhouse,28,6
Mar-10,WEST MIDLANDS,AVON,Slaughterhouse,0,1
Mar-10,WEST MIDLANDS,BEDFORDSHIRE,Slaughterhouse,0,2
Mar-10,WEST MIDLANDS,DEVON,Slaughterhouse,0,1
Mar-10,WEST MIDLANDS,LEICESTERSHIRE,Slaughterhouse,6,3
Mar-10,WEST MIDLANDS,LINCOLNSHIRE,Slaughterhouse,12,3
Mar-10,WEST MIDLANDS,MID GLAMORGAN,Slaughterhouse,22,0
Mar-10,WEST MIDLANDS,NORTH YORKSHIRE,Slaughterhouse,0,1
Mar-10,WEST MIDLANDS,OXFORDSHIRE,Slaughterhouse,0,7
Mar-10,WEST MIDLANDS,SHROPSHIRE,Slaughterhouse,0,1
Mar-10,WEST MIDLANDS,STAFFORDSHIRE,Slaughterhouse,6,2
Mar-10,WEST MIDLANDS,WARWICKSHIRE,Slaughterhouse,2,0
Mar-10,WEST MIDLANDS,WILTSHIRE,Slaughterhouse,0,4
Mar-10,WEST MIDLANDS,,Slaughterhouse,30,0
Mar-10,WEST SUSSEX,AVON,Slaughterhouse,39,3
Mar-10,WEST SUSSEX,BEDFORDSHIRE,Slaughterhouse,13,27
Mar-10,WEST SUSSEX,CORNWALL,Slaughterhouse,10,0
Mar-10,WEST SUSSEX,DEVON,Slaughterhouse,0,3
Mar-10,WEST SUSSEX,EAST SUSSEX,Slaughterhouse,4,4
Mar-10,WEST SUSSEX,GREATER LONDON,Slaughterhouse,13,0
Mar-10,WEST SUSSEX,HAMPSHIRE,Slaughterhouse,30,12
Mar-10,WEST SUSSEX,KENT,Slaughterhouse,27,3
Mar-10,WEST SUSSEX,LANCASHIRE,Slaughterhouse,0,1
Mar-10,WEST SUSSEX,LINCOLNSHIRE,Slaughterhouse,94,0
Mar-10,WEST SUSSEX,MID GLAMORGAN,Slaughterhouse,27,0
Mar-10,WEST SUSSEX,NORFOLK,Slaughterhouse,0,3
Mar-10,WEST SUSSEX,OXFORDSHIRE,Slaughterhouse,0,1
Mar-10,WEST SUSSEX,SOMERSET,Slaughterhouse,441,20
Mar-10,WEST SUSSEX,SURREY,Slaughterhouse,351,0
Mar-10,WEST SUSSEX,WEST SUSSEX,Slaughterhouse,50,0
Mar-10,WEST SUSSEX,,Slaughterhouse,32,0
Mar-10,WEST YORKSHIRE,AVON,Slaughterhouse,0,2
Mar-10,WEST YORKSHIRE,CLEVELAND,Slaughterhouse,11,71
Mar-10,WEST YORKSHIRE,DEVON,Slaughterhouse,0,5
Mar-10,WEST YORKSHIRE,DURHAM,Slaughterhouse,97,47
Mar-10,WEST YORKSHIRE,GREATER MANCHESTER,Slaughterhouse,80,91
Mar-10,WEST YORKSHIRE,HUMBERSIDE,Slaughterhouse,35,13
Mar-10,WEST YORKSHIRE,LANCASHIRE,Slaughterhouse,277,28
Mar-10,WEST YORKSHIRE,LINCOLNSHIRE,Slaughterhouse,2,51
Mar-10,WEST YORKSHIRE,NORFOLK,Slaughterhouse,0,1
Mar-10,WEST YORKSHIRE,NORTH YORKSHIRE,Slaughterhouse,92,36
Mar-10,WEST YORKSHIRE,NOTTINGHAMSHIRE,Slaughterhouse,0,1
Mar-10,WEST YORKSHIRE,SOMERSET,Slaughterhouse,1,0
Mar-10,WEST YORKSHIRE,SOUTH YORKSHIRE,Slaughterhouse,344,34
Mar-10,WEST YORKSHIRE,STAFFORDSHIRE,Slaughterhouse,0,3
Mar-10,WEST YORKSHIRE,STRATHCLYDE,Slaughterhouse,0,14
Mar-10,WEST YORKSHIRE,WEST YORKSHIRE,Slaughterhouse,657,268
Mar-10,WEST YORKSHIRE,,Slaughterhouse,32,4
Mar-10,WILTSHIRE,AVON,Slaughterhouse,684,8
Mar-10,WILTSHIRE,BEDFORDSHIRE,Slaughterhouse,56,1
Mar-10,WILTSHIRE,CENTRAL,Slaughterhouse,2,0
Mar-10,WILTSHIRE,CORNWALL,Slaughterhouse,15,0
Mar-10,WILTSHIRE,CUMBRIA,Slaughterhouse,0,1
Mar-10,WILTSHIRE,DEVON,Slaughterhouse,58,43
Mar-10,WILTSHIRE,DORSET,Slaughterhouse,12,0
Mar-10,WILTSHIRE,DYFED,Slaughterhouse,1,16
Mar-10,WILTSHIRE,GLOUCESTERSHIRE,Slaughterhouse,27,61
Mar-10,WILTSHIRE,GREATER MANCHESTER,Slaughterhouse,0,1
Mar-10,WILTSHIRE,HAMPSHIRE,Slaughterhouse,19,0
Mar-10,WILTSHIRE,LANCASHIRE,Slaughterhouse,35,1
Mar-10,WILTSHIRE,LINCOLNSHIRE,Slaughterhouse,88,38
Mar-10,WILTSHIRE,MID GLAMORGAN,Slaughterhouse,291,2
Mar-10,WILTSHIRE,NOTTINGHAMSHIRE,Slaughterhouse,0,3
Mar-10,WILTSHIRE,OXFORDSHIRE,Slaughterhouse,39,3
Mar-10,WILTSHIRE,SHROPSHIRE,Slaughterhouse,0,15
Mar-10,WILTSHIRE,SOMERSET,Slaughterhouse,677,19
Mar-10,WILTSHIRE,SOUTH YORKSHIRE,Slaughterhouse,33,0
Mar-10,WILTSHIRE,STAFFORDSHIRE,Slaughterhouse,0,1
Mar-10,WILTSHIRE,SURREY,Slaughterhouse,94,0
Mar-10,WILTSHIRE,WEST YORKSHIRE,Slaughterhouse,0,2
Mar-10,WILTSHIRE,WILTSHIRE,Slaughterhouse,317,6
Mar-10,WILTSHIRE,,Slaughterhouse,287,41
Mar-10,0,CUMBRIA,Slaughterhouse,1,2
Mar-10,0,GRAMPIAN,Slaughterhouse,2,0
Mar-10,0,HIGHLAND,Slaughterhouse,2,3
Mar-10,0,LANCASHIRE,Slaughterhouse,4,0
Mar-10,0,LINCOLNSHIRE,Slaughterhouse,199,0
Mar-10,0,SOUTH YORKSHIRE,Slaughterhouse,0,1
Mar-10,0,STRATHCLYDE,Slaughterhouse,3,1
Apr-10,AVON,AVON,Slaughterhouse,631,13
Apr-10,AVON,BEDFORDSHIRE,Slaughterhouse,29,6
Apr-10,AVON,CENTRAL,Slaughterhouse,0,0
Apr-10,AVON,CORNWALL,Slaughterhouse,3,17
Apr-10,AVON,CUMBRIA,Slaughterhouse,0,11
Apr-10,AVON,DEVON,Slaughterhouse,0,12
Apr-10,AVON,DYFED,Slaughterhouse,0,2
Apr-10,AVON,GLOUCESTERSHIRE,Slaughterhouse,12,33
Apr-10,AVON,LANCASHIRE,Slaughterhouse,0,5
Apr-10,AVON,LINCOLNSHIRE,Slaughterhouse,103,3
Apr-10,AVON,MID GLAMORGAN,Slaughterhouse,96,0
Apr-10,AVON,NORFOLK,Slaughterhouse,1,0
Apr-10,AVON,OXFORDSHIRE,Slaughterhouse,23,27
Apr-10,AVON,SHROPSHIRE,Slaughterhouse,0,12
Apr-10,AVON,SOMERSET,Slaughterhouse,54,9
Apr-10,AVON,WILTSHIRE,Slaughterhouse,507,2
Apr-10,AVON,,Slaughterhouse,32,26
Apr-10,BEDFORDSHIRE,BEDFORDSHIRE,Slaughterhouse,151,0
Apr-10,BEDFORDSHIRE,CAMBRIDGESHIRE,Slaughterhouse,15,0
Apr-10,BEDFORDSHIRE,GREATER LONDON,Slaughterhouse,8,0
Apr-10,BEDFORDSHIRE,LEICESTERSHIRE,Slaughterhouse,6,0
Apr-10,BEDFORDSHIRE,LINCOLNSHIRE,Slaughterhouse,127,2
Apr-10,BEDFORDSHIRE,MID GLAMORGAN,Slaughterhouse,4,0
Apr-10,BEDFORDSHIRE,OXFORDSHIRE,Slaughterhouse,0,10
Apr-10,BEDFORDSHIRE,SHROPSHIRE,Slaughterhouse,36,1
Apr-10,BEDFORDSHIRE,SOUTH YORKSHIRE,Slaughterhouse,6,1
Apr-10,BEDFORDSHIRE,SURREY,Slaughterhouse,59,0
Apr-10,BEDFORDSHIRE,,Slaughterhouse,1,8
Apr-10,BERKSHIRE,AVON,Slaughterhouse,21,2
Apr-10,BERKSHIRE,BEDFORDSHIRE,Slaughterhouse,55,0
Apr-10,BERKSHIRE,DEVON,Slaughterhouse,0,6
Apr-10,BERKSHIRE,DYFED,Slaughterhouse,0,3
Apr-10,BERKSHIRE,GLOUCESTERSHIRE,Slaughterhouse,1,1
Apr-10,BERKSHIRE,HAMPSHIRE,Slaughterhouse,155,5
Apr-10,BERKSHIRE,LINCOLNSHIRE,Slaughterhouse,43,0
Apr-10,BERKSHIRE,MID GLAMORGAN,Slaughterhouse,93,4
Apr-10,BERKSHIRE,OXFORDSHIRE,Slaughterhouse,17,0
Apr-10,BERKSHIRE,SHROPSHIRE,Slaughterhouse,11,0
Apr-10,BERKSHIRE,SOMERSET,Slaughterhouse,95,4
Apr-10,BERKSHIRE,SURREY,Slaughterhouse,69,0
Apr-10,BERKSHIRE,WEST SUSSEX,Slaughterhouse,3,0
Apr-10,BERKSHIRE,WILTSHIRE,Slaughterhouse,0,2
Apr-10,BERKSHIRE,,Slaughterhouse,28,0
Apr-10,BORDERS,BORDERS,Slaughterhouse,251,141
Apr-10,BORDERS,CENTRAL,Slaughterhouse,962,4
Apr-10,BORDERS,CLEVELAND,Slaughterhouse,7,3
Apr-10,BORDERS,CUMBRIA,Slaughterhouse,28,16
Apr-10,BORDERS,DERBYSHIRE,Slaughterhouse,0,2
Apr-10,BORDERS,DURHAM,Slaughterhouse,34,23
Apr-10,BORDERS,FIFE,Slaughterhouse,0,1
Apr-10,BORDERS,GRAMPIAN,Slaughterhouse,174,9
Apr-10,BORDERS,HIGHLAND,Slaughterhouse,71,33
Apr-10,BORDERS,LANCASHIRE,Slaughterhouse,21,0
Apr-10,BORDERS,SOUTH YORKSHIRE,Slaughterhouse,99,0
Apr-10,BORDERS,STRATHCLYDE,Slaughterhouse,"1,120",110
Apr-10,BORDERS,TAYSIDE,Slaughterhouse,145,51
Apr-10,BORDERS,TYNE & WEAR,Slaughterhouse,20,0
Apr-10,BORDERS,WEST YORKSHIRE,Slaughterhouse,58,37
Apr-10,BORDERS,,Slaughterhouse,153,59
Apr-10,BUCKINGHAMSHIRE,AVON,Slaughterhouse,20,1
Apr-10,BUCKINGHAMSHIRE,BEDFORDSHIRE,Slaughterhouse,205,0
Apr-10,BUCKINGHAMSHIRE,CENTRAL,Slaughterhouse,152,0
Apr-10,BUCKINGHAMSHIRE,GLOUCESTERSHIRE,Slaughterhouse,2,0
Apr-10,BUCKINGHAMSHIRE,GREATER LONDON,Slaughterhouse,15,0
Apr-10,BUCKINGHAMSHIRE,HAMPSHIRE,Slaughterhouse,52,4
Apr-10,BUCKINGHAMSHIRE,LANCASHIRE,Slaughterhouse,237,0
Apr-10,BUCKINGHAMSHIRE,LEICESTERSHIRE,Slaughterhouse,4,0
Apr-10,BUCKINGHAMSHIRE,LINCOLNSHIRE,Slaughterhouse,406,1
Apr-10,BUCKINGHAMSHIRE,MID GLAMORGAN,Slaughterhouse,540,42
Apr-10,BUCKINGHAMSHIRE,OXFORDSHIRE,Slaughterhouse,51,6
Apr-10,BUCKINGHAMSHIRE,SOMERSET,Slaughterhouse,16,0
Apr-10,BUCKINGHAMSHIRE,SOUTH YORKSHIRE,Slaughterhouse,92,27
Apr-10,BUCKINGHAMSHIRE,STAFFORDSHIRE,Slaughterhouse,0,6
Apr-10,BUCKINGHAMSHIRE,SURREY,Slaughterhouse,115,0
Apr-10,BUCKINGHAMSHIRE,WILTSHIRE,Slaughterhouse,11,0
Apr-10,BUCKINGHAMSHIRE,,Slaughterhouse,57,2
Apr-10,CAMBRIDGESHIRE,BEDFORDSHIRE,Slaughterhouse,239,3
Apr-10,CAMBRIDGESHIRE,CAMBRIDGESHIRE,Slaughterhouse,43,0
Apr-10,CAMBRIDGESHIRE,CORNWALL,Slaughterhouse,81,0
Apr-10,CAMBRIDGESHIRE,ESSEX,Slaughterhouse,1,3
Apr-10,CAMBRIDGESHIRE,GREATER MANCHESTER,Slaughterhouse,0,10
Apr-10,CAMBRIDGESHIRE,LANCASHIRE,Slaughterhouse,0,6
Apr-10,CAMBRIDGESHIRE,LINCOLNSHIRE,Slaughterhouse,526,20
Apr-10,CAMBRIDGESHIRE,MID GLAMORGAN,Slaughterhouse,6,0
Apr-10,CAMBRIDGESHIRE,NORFOLK,Slaughterhouse,20,3
Apr-10,CAMBRIDGESHIRE,NORTH YORKSHIRE,Slaughterhouse,0,13
Apr-10,CAMBRIDGESHIRE,NOTTINGHAMSHIRE,Slaughterhouse,0,7
Apr-10,CAMBRIDGESHIRE,OXFORDSHIRE,Slaughterhouse,0,3
Apr-10,CAMBRIDGESHIRE,SHROPSHIRE,Slaughterhouse,32,8
Apr-10,CAMBRIDGESHIRE,SOUTH YORKSHIRE,Slaughterhouse,0,20
Apr-10,CAMBRIDGESHIRE,STAFFORDSHIRE,Slaughterhouse,0,4
Apr-10,CAMBRIDGESHIRE,WEST YORKSHIRE,Slaughterhouse,0,1
Apr-10,CAMBRIDGESHIRE,,Slaughterhouse,0,26
Apr-10,CENTRAL,CENTRAL,Slaughterhouse,592,26
Apr-10,CENTRAL,CUMBRIA,Slaughterhouse,36,13
Apr-10,CENTRAL,DERBYSHIRE,Slaughterhouse,18,2
Apr-10,CENTRAL,FIFE,Slaughterhouse,11,1
Apr-10,CENTRAL,GRAMPIAN,Slaughterhouse,6,0
Apr-10,CENTRAL,LANCASHIRE,Slaughterhouse,51,6
Apr-10,CENTRAL,SOUTH YORKSHIRE,Slaughterhouse,19,5
Apr-10,CENTRAL,STRATHCLYDE,Slaughterhouse,447,78
Apr-10,CENTRAL,TAYSIDE,Slaughterhouse,318,27
Apr-10,CENTRAL,,Slaughterhouse,93,19
Apr-10,CHESHIRE,AVON,Slaughterhouse,142,111
Apr-10,CHESHIRE,BEDFORDSHIRE,Slaughterhouse,57,53
Apr-10,CHESHIRE,CENTRAL,Slaughterhouse,0,0
Apr-10,CHESHIRE,CHESHIRE,Slaughterhouse,745,72
Apr-10,CHESHIRE,CLWYD,Slaughterhouse,13,46
Apr-10,CHESHIRE,CUMBRIA,Slaughterhouse,45,0
Apr-10,CHESHIRE,DERBYSHIRE,Slaughterhouse,35,9
Apr-10,CHESHIRE,DEVON,Slaughterhouse,140,154
Apr-10,CHESHIRE,DURHAM,Slaughterhouse,0,10
Apr-10,CHESHIRE,DYFED,Slaughterhouse,0,1
Apr-10,CHESHIRE,GREATER MANCHESTER,Slaughterhouse,141,71
Apr-10,CHESHIRE,GWYNEDD,Slaughterhouse,0,6
Apr-10,CHESHIRE,HUMBERSIDE,Slaughterhouse,94,80
Apr-10,CHESHIRE,LANCASHIRE,Slaughterhouse,714,47
Apr-10,CHESHIRE,LINCOLNSHIRE,Slaughterhouse,73,5
Apr-10,CHESHIRE,MERSEYSIDE,Slaughterhouse,3,0
Apr-10,CHESHIRE,NOTTINGHAMSHIRE,Slaughterhouse,0,1
Apr-10,CHESHIRE,SHROPSHIRE,Slaughterhouse,392,40
Apr-10,CHESHIRE,SOMERSET,Slaughterhouse,0,4
Apr-10,CHESHIRE,SOUTH YORKSHIRE,Slaughterhouse,60,15
Apr-10,CHESHIRE,STAFFORDSHIRE,Slaughterhouse,332,193
Apr-10,CHESHIRE,STRATHCLYDE,Slaughterhouse,125,21
Apr-10,CHESHIRE,SURREY,Slaughterhouse,5,0
Apr-10,CHESHIRE,TYNE & WEAR,Slaughterhouse,0,1
Apr-10,CHESHIRE,WEST YORKSHIRE,Slaughterhouse,169,148
Apr-10,CHESHIRE,WILTSHIRE,Slaughterhouse,0,3
Apr-10,CHESHIRE,,Slaughterhouse,348,131
Apr-10,CLEVELAND,BORDERS,Slaughterhouse,0,5
Apr-10,CLEVELAND,CLEVELAND,Slaughterhouse,46,38
Apr-10,CLEVELAND,CUMBRIA,Slaughterhouse,0,15
Apr-10,CLEVELAND,DURHAM,Slaughterhouse,24,60
Apr-10,CLEVELAND,GREATER MANCHESTER,Slaughterhouse,1,28
Apr-10,CLEVELAND,HUMBERSIDE,Slaughterhouse,33,2
Apr-10,CLEVELAND,LANCASHIRE,Slaughterhouse,1,2
Apr-10,CLEVELAND,LINCOLNSHIRE,Slaughterhouse,0,6
Apr-10,CLEVELAND,NORTH YORKSHIRE,Slaughterhouse,79,13
Apr-10,CLEVELAND,SHROPSHIRE,Slaughterhouse,1,8
Apr-10,CLEVELAND,SOUTH YORKSHIRE,Slaughterhouse,2,0
Apr-10,CLEVELAND,STAFFORDSHIRE,Slaughterhouse,0,7
Apr-10,CLEVELAND,TYNE & WEAR,Slaughterhouse,0,1
Apr-10,CLEVELAND,WEST YORKSHIRE,Slaughterhouse,11,59
Apr-10,CLEVELAND,,Slaughterhouse,6,1
Apr-10,CLWYD,AVON,Slaughterhouse,59,60
Apr-10,CLWYD,BEDFORDSHIRE,Slaughterhouse,2,20
Apr-10,CLWYD,CENTRAL,Slaughterhouse,0,0
Apr-10,CLWYD,CHESHIRE,Slaughterhouse,159,27
Apr-10,CLWYD,CLWYD,Slaughterhouse,384,98
Apr-10,CLWYD,CUMBRIA,Slaughterhouse,0,7
Apr-10,CLWYD,DERBYSHIRE,Slaughterhouse,0,4
Apr-10,CLWYD,DEVON,Slaughterhouse,0,34
Apr-10,CLWYD,DURHAM,Slaughterhouse,0,5
Apr-10,CLWYD,DYFED,Slaughterhouse,2,1
Apr-10,CLWYD,GREATER MANCHESTER,Slaughterhouse,9,31
Apr-10,CLWYD,GWYNEDD,Slaughterhouse,150,147
Apr-10,CLWYD,HUMBERSIDE,Slaughterhouse,33,38
Apr-10,CLWYD,LANCASHIRE,Slaughterhouse,707,65
Apr-10,CLWYD,SHROPSHIRE,Slaughterhouse,691,107
Apr-10,CLWYD,SOMERSET,Slaughterhouse,0,1
Apr-10,CLWYD,SOUTH YORKSHIRE,Slaughterhouse,42,14
Apr-10,CLWYD,STAFFORDSHIRE,Slaughterhouse,35,45
Apr-10,CLWYD,STRATHCLYDE,Slaughterhouse,0,1
Apr-10,CLWYD,SURREY,Slaughterhouse,0,5
Apr-10,CLWYD,TAYSIDE,Slaughterhouse,1,0
Apr-10,CLWYD,TYNE & WEAR,Slaughterhouse,39,33
Apr-10,CLWYD,WEST YORKSHIRE,Slaughterhouse,100,85
Apr-10,CLWYD,WILTSHIRE,Slaughterhouse,0,2
Apr-10,CLWYD,,Slaughterhouse,186,76
Apr-10,CORNWALL,AVON,Slaughterhouse,45,0
Apr-10,CORNWALL,BEDFORDSHIRE,Slaughterhouse,101,75
Apr-10,CORNWALL,CORNWALL,Slaughterhouse,"4,574",311
Apr-10,CORNWALL,CUMBRIA,Slaughterhouse,0,0
Apr-10,CORNWALL,DEVON,Slaughterhouse,452,207
Apr-10,CORNWALL,LANCASHIRE,Slaughterhouse,403,26
Apr-10,CORNWALL,SHROPSHIRE,Slaughterhouse,0,13
Apr-10,CORNWALL,SOMERSET,Slaughterhouse,217,1
Apr-10,CORNWALL,SOUTH YORKSHIRE,Slaughterhouse,27,0
Apr-10,CORNWALL,STAFFORDSHIRE,Slaughterhouse,1,0
Apr-10,CORNWALL,WILTSHIRE,Slaughterhouse,0,15
Apr-10,CORNWALL,,Slaughterhouse,70,19
Apr-10,CUMBRIA,AVON,Slaughterhouse,1,0
Apr-10,CUMBRIA,BEDFORDSHIRE,Slaughterhouse,1,0
Apr-10,CUMBRIA,BORDERS,Slaughterhouse,18,8
Apr-10,CUMBRIA,CENTRAL,Slaughterhouse,262,26
Apr-10,CUMBRIA,CHESHIRE,Slaughterhouse,11,0
Apr-10,CUMBRIA,CLEVELAND,Slaughterhouse,207,186
Apr-10,CUMBRIA,CUMBRIA,Slaughterhouse,"1,822",370
Apr-10,CUMBRIA,DEVON,Slaughterhouse,8,7
Apr-10,CUMBRIA,DUMFRIES & GALLOWAY,Slaughterhouse,38,12
Apr-10,CUMBRIA,DURHAM,Slaughterhouse,240,179
Apr-10,CUMBRIA,ESSEX,Slaughterhouse,0,0
Apr-10,CUMBRIA,GREATER MANCHESTER,Slaughterhouse,203,215
Apr-10,CUMBRIA,HUMBERSIDE,Slaughterhouse,0,11
Apr-10,CUMBRIA,LANCASHIRE,Slaughterhouse,"2,227",467
Apr-10,CUMBRIA,LINCOLNSHIRE,Slaughterhouse,5,0
Apr-10,CUMBRIA,MID GLAMORGAN,Slaughterhouse,5,0
Apr-10,CUMBRIA,NORTH YORKSHIRE,Slaughterhouse,17,0
Apr-10,CUMBRIA,SHROPSHIRE,Slaughterhouse,72,68
Apr-10,CUMBRIA,SOUTH YORKSHIRE,Slaughterhouse,36,0
Apr-10,CUMBRIA,STAFFORDSHIRE,Slaughterhouse,0,5
Apr-10,CUMBRIA,STRATHCLYDE,Slaughterhouse,277,95
Apr-10,CUMBRIA,SURREY,Slaughterhouse,2,2
Apr-10,CUMBRIA,TAYSIDE,Slaughterhouse,113,1
Apr-10,CUMBRIA,TYNE & WEAR,Slaughterhouse,143,33
Apr-10,CUMBRIA,WEST YORKSHIRE,Slaughterhouse,185,199
Apr-10,CUMBRIA,,Slaughterhouse,132,102
Apr-10,DERBYSHIRE,AVON,Slaughterhouse,4,10
Apr-10,DERBYSHIRE,BEDFORDSHIRE,Slaughterhouse,103,93
Apr-10,DERBYSHIRE,CHESHIRE,Slaughterhouse,8,2
Apr-10,DERBYSHIRE,DERBYSHIRE,Slaughterhouse,386,57
Apr-10,DERBYSHIRE,DEVON,Slaughterhouse,83,70
Apr-10,DERBYSHIRE,DURHAM,Slaughterhouse,0,8
Apr-10,DERBYSHIRE,GREATER MANCHESTER,Slaughterhouse,60,51
Apr-10,DERBYSHIRE,HUMBERSIDE,Slaughterhouse,12,7
Apr-10,DERBYSHIRE,LANCASHIRE,Slaughterhouse,287,49
Apr-10,DERBYSHIRE,LINCOLNSHIRE,Slaughterhouse,279,79
Apr-10,DERBYSHIRE,MID GLAMORGAN,Slaughterhouse,96,0
Apr-10,DERBYSHIRE,NORTH YORKSHIRE,Slaughterhouse,13,6
Apr-10,DERBYSHIRE,NOTTINGHAMSHIRE,Slaughterhouse,4,12
Apr-10,DERBYSHIRE,OXFORDSHIRE,Slaughterhouse,72,52
Apr-10,DERBYSHIRE,SHROPSHIRE,Slaughterhouse,102,28
Apr-10,DERBYSHIRE,SOUTH YORKSHIRE,Slaughterhouse,572,99
Apr-10,DERBYSHIRE,STAFFORDSHIRE,Slaughterhouse,567,267
Apr-10,DERBYSHIRE,STRATHCLYDE,Slaughterhouse,1,0
Apr-10,DERBYSHIRE,WEST MIDLANDS,Slaughterhouse,1,0
Apr-10,DERBYSHIRE,WEST YORKSHIRE,Slaughterhouse,252,104
Apr-10,DERBYSHIRE,,Slaughterhouse,256,60
Apr-10,DEVON,AVON,Slaughterhouse,86,25
Apr-10,DEVON,BEDFORDSHIRE,Slaughterhouse,50,25
Apr-10,DEVON,CORNWALL,Slaughterhouse,"4,016",139
Apr-10,DEVON,CUMBRIA,Slaughterhouse,1,1
Apr-10,DEVON,DEVON,Slaughterhouse,"2,340",196
Apr-10,DEVON,DORSET,Slaughterhouse,38,0
Apr-10,DEVON,DURHAM,Slaughterhouse,0,3
Apr-10,DEVON,DYFED,Slaughterhouse,11,0
Apr-10,DEVON,ESSEX,Slaughterhouse,0,1
Apr-10,DEVON,GLOUCESTERSHIRE,Slaughterhouse,55,59
Apr-10,DEVON,LANCASHIRE,Slaughterhouse,124,11
Apr-10,DEVON,LINCOLNSHIRE,Slaughterhouse,67,1
Apr-10,DEVON,NORFOLK,Slaughterhouse,1,0
Apr-10,DEVON,OXFORDSHIRE,Slaughterhouse,27,29
Apr-10,DEVON,SHROPSHIRE,Slaughterhouse,"1,194",447
Apr-10,DEVON,SOMERSET,Slaughterhouse,"1,685",40
Apr-10,DEVON,SOUTH YORKSHIRE,Slaughterhouse,70,4
Apr-10,DEVON,STAFFORDSHIRE,Slaughterhouse,8,7
Apr-10,DEVON,SURREY,Slaughterhouse,17,0
Apr-10,DEVON,TAYSIDE,Slaughterhouse,0,1
Apr-10,DEVON,WARWICKSHIRE,Slaughterhouse,0,4
Apr-10,DEVON,WEST YORKSHIRE,Slaughterhouse,0,14
Apr-10,DEVON,WILTSHIRE,Slaughterhouse,39,30
Apr-10,DEVON,,Slaughterhouse,574,213
Apr-10,DORSET,AVON,Slaughterhouse,62,26
Apr-10,DORSET,BEDFORDSHIRE,Slaughterhouse,0,4
Apr-10,DORSET,CORNWALL,Slaughterhouse,152,2
Apr-10,DORSET,DEVON,Slaughterhouse,70,50
Apr-10,DORSET,DORSET,Slaughterhouse,340,10
Apr-10,DORSET,GLOUCESTERSHIRE,Slaughterhouse,0,14
Apr-10,DORSET,HAMPSHIRE,Slaughterhouse,1,0
Apr-10,DORSET,LANCASHIRE,Slaughterhouse,0,2
Apr-10,DORSET,LEICESTERSHIRE,Slaughterhouse,0,0
Apr-10,DORSET,LINCOLNSHIRE,Slaughterhouse,116,0
Apr-10,DORSET,MID GLAMORGAN,Slaughterhouse,96,0
Apr-10,DORSET,OXFORDSHIRE,Slaughterhouse,0,1
Apr-10,DORSET,SHROPSHIRE,Slaughterhouse,13,4
Apr-10,DORSET,SOMERSET,Slaughterhouse,615,16
Apr-10,DORSET,SOUTH YORKSHIRE,Slaughterhouse,26,0
Apr-10,DORSET,STRATHCLYDE,Slaughterhouse,11,0
Apr-10,DORSET,SURREY,Slaughterhouse,58,0
Apr-10,DORSET,WEST MIDLANDS,Slaughterhouse,0,0
Apr-10,DORSET,WEST YORKSHIRE,Slaughterhouse,0,15
Apr-10,DORSET,WILTSHIRE,Slaughterhouse,8,6
Apr-10,DORSET,,Slaughterhouse,197,83
Apr-10,DUMFRIES & GALLOWAY,BORDERS,Slaughterhouse,0,7
Apr-10,DUMFRIES & GALLOWAY,CENTRAL,Slaughterhouse,"1,016",34
Apr-10,DUMFRIES & GALLOWAY,CLEVELAND,Slaughterhouse,0,8
Apr-10,DUMFRIES & GALLOWAY,CUMBRIA,Slaughterhouse,485,92
Apr-10,DUMFRIES & GALLOWAY,DEVON,Slaughterhouse,0,4
Apr-10,DUMFRIES & GALLOWAY,DUMFRIES & GALLOWAY,Slaughterhouse,107,48
Apr-10,DUMFRIES & GALLOWAY,DURHAM,Slaughterhouse,17,31
Apr-10,DUMFRIES & GALLOWAY,FIFE,Slaughterhouse,0,2
Apr-10,DUMFRIES & GALLOWAY,GRAMPIAN,Slaughterhouse,733,9
Apr-10,DUMFRIES & GALLOWAY,GREATER MANCHESTER,Slaughterhouse,23,27
Apr-10,DUMFRIES & GALLOWAY,HIGHLAND,Slaughterhouse,91,29
Apr-10,DUMFRIES & GALLOWAY,LANCASHIRE,Slaughterhouse,343,8
Apr-10,DUMFRIES & GALLOWAY,ORKNEY,Slaughterhouse,0,1
Apr-10,DUMFRIES & GALLOWAY,SOUTH YORKSHIRE,Slaughterhouse,53,75
Apr-10,DUMFRIES & GALLOWAY,STRATHCLYDE,Slaughterhouse,"2,289",148
Apr-10,DUMFRIES & GALLOWAY,TAYSIDE,Slaughterhouse,928,15
Apr-10,DUMFRIES & GALLOWAY,WEST YORKSHIRE,Slaughterhouse,0,1
Apr-10,DUMFRIES & GALLOWAY,,Slaughterhouse,147,120
Apr-10,DURHAM,BORDERS,Slaughterhouse,42,19
Apr-10,DURHAM,CLEVELAND,Slaughterhouse,399,176
Apr-10,DURHAM,CUMBRIA,Slaughterhouse,135,78
Apr-10,DURHAM,DURHAM,Slaughterhouse,"1,040",229
Apr-10,DURHAM,GREATER MANCHESTER,Slaughterhouse,245,126
Apr-10,DURHAM,HUMBERSIDE,Slaughterhouse,265,18
Apr-10,DURHAM,LANCASHIRE,Slaughterhouse,630,21
Apr-10,DURHAM,LINCOLNSHIRE,Slaughterhouse,313,62
Apr-10,DURHAM,MID GLAMORGAN,Slaughterhouse,24,0
Apr-10,DURHAM,NORTH YORKSHIRE,Slaughterhouse,76,32
Apr-10,DURHAM,SHROPSHIRE,Slaughterhouse,123,69
Apr-10,DURHAM,SOUTH YORKSHIRE,Slaughterhouse,20,0
Apr-10,DURHAM,STAFFORDSHIRE,Slaughterhouse,89,57
Apr-10,DURHAM,TYNE & WEAR,Slaughterhouse,21,1
Apr-10,DURHAM,WEST YORKSHIRE,Slaughterhouse,487,272
Apr-10,DURHAM,,Slaughterhouse,66,23
Apr-10,DYFED,AVON,Slaughterhouse,458,369
Apr-10,DYFED,BEDFORDSHIRE,Slaughterhouse,394,281
Apr-10,DYFED,CHESHIRE,Slaughterhouse,36,0
Apr-10,DYFED,CUMBRIA,Slaughterhouse,1,0
Apr-10,DYFED,DEVON,Slaughterhouse,64,50
Apr-10,DYFED,DYFED,Slaughterhouse,"2,209",221
Apr-10,DYFED,GRAMPIAN,Slaughterhouse,0,2
Apr-10,DYFED,GREATER MANCHESTER,Slaughterhouse,0,4
Apr-10,DYFED,GWYNEDD,Slaughterhouse,2,0
Apr-10,DYFED,HAMPSHIRE,Slaughterhouse,14,0
Apr-10,DYFED,LANCASHIRE,Slaughterhouse,532,11
Apr-10,DYFED,LINCOLNSHIRE,Slaughterhouse,200,90
Apr-10,DYFED,MID GLAMORGAN,Slaughterhouse,838,138
Apr-10,DYFED,OXFORDSHIRE,Slaughterhouse,0,6
Apr-10,DYFED,POWYS,Slaughterhouse,142,0
Apr-10,DYFED,SHROPSHIRE,Slaughterhouse,780,127
Apr-10,DYFED,SOMERSET,Slaughterhouse,328,193
Apr-10,DYFED,STAFFORDSHIRE,Slaughterhouse,14,0
Apr-10,DYFED,STRATHCLYDE,Slaughterhouse,30,0
Apr-10,DYFED,SURREY,Slaughterhouse,243,67
Apr-10,DYFED,WEST GLAMORGAN,Slaughterhouse,314,210
Apr-10,DYFED,WEST YORKSHIRE,Slaughterhouse,1,2
Apr-10,DYFED,WILTSHIRE,Slaughterhouse,13,7
Apr-10,DYFED,,Slaughterhouse,204,47
Apr-10,EAST SUSSEX,AVON,Slaughterhouse,14,0
Apr-10,EAST SUSSEX,BEDFORDSHIRE,Slaughterhouse,124,29
Apr-10,EAST SUSSEX,CENTRAL,Slaughterhouse,0,0
Apr-10,EAST SUSSEX,DEVON,Slaughterhouse,0,5
Apr-10,EAST SUSSEX,EAST SUSSEX,Slaughterhouse,158,13
Apr-10,EAST SUSSEX,GREATER LONDON,Slaughterhouse,0,14
Apr-10,EAST SUSSEX,HAMPSHIRE,Slaughterhouse,24,21
Apr-10,EAST SUSSEX,KENT,Slaughterhouse,24,17
Apr-10,EAST SUSSEX,LANCASHIRE,Slaughterhouse,0,9
Apr-10,EAST SUSSEX,LINCOLNSHIRE,Slaughterhouse,26,0
Apr-10,EAST SUSSEX,MID GLAMORGAN,Slaughterhouse,139,0
Apr-10,EAST SUSSEX,NORFOLK,Slaughterhouse,0,7
Apr-10,EAST SUSSEX,OXFORDSHIRE,Slaughterhouse,16,0
Apr-10,EAST SUSSEX,SOMERSET,Slaughterhouse,60,15
Apr-10,EAST SUSSEX,SURREY,Slaughterhouse,130,0
Apr-10,EAST SUSSEX,WEST SUSSEX,Slaughterhouse,14,0
Apr-10,EAST SUSSEX,,Slaughterhouse,50,1
Apr-10,ESSEX,BEDFORDSHIRE,Slaughterhouse,96,2
Apr-10,ESSEX,CAMBRIDGESHIRE,Slaughterhouse,5,0
Apr-10,ESSEX,DEVON,Slaughterhouse,0,4
Apr-10,ESSEX,EAST SUSSEX,Slaughterhouse,0,1
Apr-10,ESSEX,ESSEX,Slaughterhouse,536,64
Apr-10,ESSEX,HAMPSHIRE,Slaughterhouse,33,18
Apr-10,ESSEX,KENT,Slaughterhouse,0,1
Apr-10,ESSEX,LANCASHIRE,Slaughterhouse,0,4
Apr-10,ESSEX,LINCOLNSHIRE,Slaughterhouse,58,0
Apr-10,ESSEX,NORFOLK,Slaughterhouse,82,15
Apr-10,ESSEX,SOMERSET,Slaughterhouse,22,5
Apr-10,ESSEX,SOUTH YORKSHIRE,Slaughterhouse,0,1
Apr-10,ESSEX,SUFFOLK,Slaughterhouse,2,0
Apr-10,ESSEX,SURREY,Slaughterhouse,93,0
Apr-10,ESSEX,,Slaughterhouse,8,0
Apr-10,FIFE,CENTRAL,Slaughterhouse,710,39
Apr-10,FIFE,CUMBRIA,Slaughterhouse,1,4
Apr-10,FIFE,DERBYSHIRE,Slaughterhouse,0,1
Apr-10,FIFE,FIFE,Slaughterhouse,11,26
Apr-10,FIFE,GRAMPIAN,Slaughterhouse,374,1
Apr-10,FIFE,LANCASHIRE,Slaughterhouse,1,9
Apr-10,FIFE,SOUTH YORKSHIRE,Slaughterhouse,0,1
Apr-10,FIFE,STRATHCLYDE,Slaughterhouse,60,153
Apr-10,FIFE,TAYSIDE,Slaughterhouse,572,23
Apr-10,FIFE,,Slaughterhouse,31,36
Apr-10,GLOUCESTERSHIRE,AVON,Slaughterhouse,255,67
Apr-10,GLOUCESTERSHIRE,BEDFORDSHIRE,Slaughterhouse,166,27
Apr-10,GLOUCESTERSHIRE,CENTRAL,Slaughterhouse,5,0
Apr-10,GLOUCESTERSHIRE,CORNWALL,Slaughterhouse,18,0
Apr-10,GLOUCESTERSHIRE,CUMBRIA,Slaughterhouse,49,13
Apr-10,GLOUCESTERSHIRE,DERBYSHIRE,Slaughterhouse,0,3
Apr-10,GLOUCESTERSHIRE,DEVON,Slaughterhouse,0,19
Apr-10,GLOUCESTERSHIRE,DYFED,Slaughterhouse,49,23
Apr-10,GLOUCESTERSHIRE,GLOUCESTERSHIRE,Slaughterhouse,505,26
Apr-10,GLOUCESTERSHIRE,GREATER MANCHESTER,Slaughterhouse,0,2
Apr-10,GLOUCESTERSHIRE,HUMBERSIDE,Slaughterhouse,13,0
Apr-10,GLOUCESTERSHIRE,LANCASHIRE,Slaughterhouse,88,8
Apr-10,GLOUCESTERSHIRE,LINCOLNSHIRE,Slaughterhouse,397,9
Apr-10,GLOUCESTERSHIRE,MID GLAMORGAN,Slaughterhouse,704,0
Apr-10,GLOUCESTERSHIRE,NORTH YORKSHIRE,Slaughterhouse,0,1
Apr-10,GLOUCESTERSHIRE,OXFORDSHIRE,Slaughterhouse,77,37
Apr-10,GLOUCESTERSHIRE,SHROPSHIRE,Slaughterhouse,251,0
Apr-10,GLOUCESTERSHIRE,SOMERSET,Slaughterhouse,308,1
Apr-10,GLOUCESTERSHIRE,SOUTH YORKSHIRE,Slaughterhouse,3,4
Apr-10,GLOUCESTERSHIRE,SURREY,Slaughterhouse,82,0
Apr-10,GLOUCESTERSHIRE,WARWICKSHIRE,Slaughterhouse,10,0
Apr-10,GLOUCESTERSHIRE,WILTSHIRE,Slaughterhouse,126,41
Apr-10,GLOUCESTERSHIRE,,Slaughterhouse,342,21
Apr-10,GRAMPIAN,CENTRAL,Slaughterhouse,830,0
Apr-10,GRAMPIAN,CHESHIRE,Slaughterhouse,22,6
Apr-10,GRAMPIAN,CUMBRIA,Slaughterhouse,58,32
Apr-10,GRAMPIAN,DORSET,Slaughterhouse,0,1
Apr-10,GRAMPIAN,FIFE,Slaughterhouse,1,1
Apr-10,GRAMPIAN,GRAMPIAN,Slaughterhouse,"10,195",100
Apr-10,GRAMPIAN,HIGHLAND,Slaughterhouse,507,85
Apr-10,GRAMPIAN,LANCASHIRE,Slaughterhouse,48,2
Apr-10,GRAMPIAN,ORKNEY,Slaughterhouse,0,2
Apr-10,GRAMPIAN,SHROPSHIRE,Slaughterhouse,55,55
Apr-10,GRAMPIAN,SOMERSET,Slaughterhouse,2,1
Apr-10,GRAMPIAN,SOUTH YORKSHIRE,Slaughterhouse,85,0
Apr-10,GRAMPIAN,STRATHCLYDE,Slaughterhouse,466,40
Apr-10,GRAMPIAN,TAYSIDE,Slaughterhouse,957,26
Apr-10,GRAMPIAN,,Slaughterhouse,"1,622",166
Apr-10,GREATER LONDON,AVON,Slaughterhouse,8,0
Apr-10,GREATER LONDON,ESSEX,Slaughterhouse,3,0
Apr-10,GREATER LONDON,HAMPSHIRE,Slaughterhouse,5,0
Apr-10,GREATER MANCHESTER,AVON,Slaughterhouse,0,1
Apr-10,GREATER MANCHESTER,BEDFORDSHIRE,Slaughterhouse,1,6
Apr-10,GREATER MANCHESTER,CHESHIRE,Slaughterhouse,8,3
Apr-10,GREATER MANCHESTER,CLEVELAND,Slaughterhouse,0,5
Apr-10,GREATER MANCHESTER,CUMBRIA,Slaughterhouse,0,3
Apr-10,GREATER MANCHESTER,DERBYSHIRE,Slaughterhouse,2,0
Apr-10,GREATER MANCHESTER,DEVON,Slaughterhouse,0,10
Apr-10,GREATER MANCHESTER,DURHAM,Slaughterhouse,0,2
Apr-10,GREATER MANCHESTER,GREATER MANCHESTER,Slaughterhouse,435,22
Apr-10,GREATER MANCHESTER,HUMBERSIDE,Slaughterhouse,0,1
Apr-10,GREATER MANCHESTER,LANCASHIRE,Slaughterhouse,142,7
Apr-10,GREATER MANCHESTER,LINCOLNSHIRE,Slaughterhouse,24,2
Apr-10,GREATER MANCHESTER,MERSEYSIDE,Slaughterhouse,12,0
Apr-10,GREATER MANCHESTER,SOMERSET,Slaughterhouse,6,0
Apr-10,GREATER MANCHESTER,SOUTH YORKSHIRE,Slaughterhouse,37,0
Apr-10,GREATER MANCHESTER,STAFFORDSHIRE,Slaughterhouse,14,7
Apr-10,GREATER MANCHESTER,STRATHCLYDE,Slaughterhouse,2,1
Apr-10,GREATER MANCHESTER,WEST YORKSHIRE,Slaughterhouse,4,15
Apr-10,GREATER MANCHESTER,,Slaughterhouse,9,5
Apr-10,GWENT,AVON,Slaughterhouse,76,56
Apr-10,GWENT,BEDFORDSHIRE,Slaughterhouse,37,7
Apr-10,GWENT,CORNWALL,Slaughterhouse,15,0
Apr-10,GWENT,CUMBRIA,Slaughterhouse,3,3
Apr-10,GWENT,DEVON,Slaughterhouse,55,28
Apr-10,GWENT,DYFED,Slaughterhouse,14,9
Apr-10,GWENT,GLOUCESTERSHIRE,Slaughterhouse,82,16
Apr-10,GWENT,GREATER MANCHESTER,Slaughterhouse,0,6
Apr-10,GWENT,LANCASHIRE,Slaughterhouse,36,28
Apr-10,GWENT,LINCOLNSHIRE,Slaughterhouse,0,10
Apr-10,GWENT,MID GLAMORGAN,Slaughterhouse,420,0
Apr-10,GWENT,OXFORDSHIRE,Slaughterhouse,0,15
Apr-10,GWENT,POWYS,Slaughterhouse,1,0
Apr-10,GWENT,SHROPSHIRE,Slaughterhouse,69,3
Apr-10,GWENT,SOMERSET,Slaughterhouse,53,0
Apr-10,GWENT,SOUTH YORKSHIRE,Slaughterhouse,15,0
Apr-10,GWENT,STRATHCLYDE,Slaughterhouse,18,0
Apr-10,GWENT,WEST GLAMORGAN,Slaughterhouse,64,9
Apr-10,GWENT,WILTSHIRE,Slaughterhouse,28,1
Apr-10,GWENT,,Slaughterhouse,4,16
Apr-10,GWYNEDD,AVON,Slaughterhouse,0,3
Apr-10,GWYNEDD,BEDFORDSHIRE,Slaughterhouse,0,6
Apr-10,GWYNEDD,CHESHIRE,Slaughterhouse,10,1
Apr-10,GWYNEDD,CLWYD,Slaughterhouse,39,3
Apr-10,GWYNEDD,CUMBRIA,Slaughterhouse,13,9
Apr-10,GWYNEDD,DERBYSHIRE,Slaughterhouse,3,2
Apr-10,GWYNEDD,DEVON,Slaughterhouse,0,1
Apr-10,GWYNEDD,DURHAM,Slaughterhouse,0,2
Apr-10,GWYNEDD,GREATER MANCHESTER,Slaughterhouse,0,1
Apr-10,GWYNEDD,GWYNEDD,Slaughterhouse,109,63
Apr-10,GWYNEDD,HUMBERSIDE,Slaughterhouse,78,10
Apr-10,GWYNEDD,LANCASHIRE,Slaughterhouse,488,12
Apr-10,GWYNEDD,MID GLAMORGAN,Slaughterhouse,0,1
Apr-10,GWYNEDD,NORTH YORKSHIRE,Slaughterhouse,0,0
Apr-10,GWYNEDD,POWYS,Slaughterhouse,4,0
Apr-10,GWYNEDD,SHROPSHIRE,Slaughterhouse,109,10
Apr-10,GWYNEDD,SOUTH YORKSHIRE,Slaughterhouse,36,1
Apr-10,GWYNEDD,STAFFORDSHIRE,Slaughterhouse,11,8
Apr-10,GWYNEDD,STRATHCLYDE,Slaughterhouse,32,1
Apr-10,GWYNEDD,TYNE & WEAR,Slaughterhouse,0,5
Apr-10,GWYNEDD,WEST YORKSHIRE,Slaughterhouse,2,15
Apr-10,GWYNEDD,,Slaughterhouse,28,18
Apr-10,HAMPSHIRE,AVON,Slaughterhouse,217,12
Apr-10,HAMPSHIRE,CUMBRIA,Slaughterhouse,4,0
Apr-10,HAMPSHIRE,DEVON,Slaughterhouse,1,34
Apr-10,HAMPSHIRE,DORSET,Slaughterhouse,8,0
Apr-10,HAMPSHIRE,GLOUCESTERSHIRE,Slaughterhouse,0,5
Apr-10,HAMPSHIRE,HAMPSHIRE,Slaughterhouse,213,0
Apr-10,HAMPSHIRE,LANCASHIRE,Slaughterhouse,0,2
Apr-10,HAMPSHIRE,LINCOLNSHIRE,Slaughterhouse,89,0
Apr-10,HAMPSHIRE,MID GLAMORGAN,Slaughterhouse,239,0
Apr-10,HAMPSHIRE,OXFORDSHIRE,Slaughterhouse,18,1
Apr-10,HAMPSHIRE,SHROPSHIRE,Slaughterhouse,0,9
Apr-10,HAMPSHIRE,SOMERSET,Slaughterhouse,187,4
Apr-10,HAMPSHIRE,SURREY,Slaughterhouse,240,0
Apr-10,HAMPSHIRE,WEST SUSSEX,Slaughterhouse,2,0
Apr-10,HAMPSHIRE,WEST YORKSHIRE,Slaughterhouse,0,4
Apr-10,HAMPSHIRE,WILTSHIRE,Slaughterhouse,36,0
Apr-10,HAMPSHIRE,,Slaughterhouse,47,8
Apr-10,HEREFORD & WORCESTER,AVON,Slaughterhouse,302,151
Apr-10,HEREFORD & WORCESTER,BEDFORDSHIRE,Slaughterhouse,209,108
Apr-10,HEREFORD & WORCESTER,CENTRAL,Slaughterhouse,160,0
Apr-10,HEREFORD & WORCESTER,CHESHIRE,Slaughterhouse,5,36
Apr-10,HEREFORD & WORCESTER,CLEVELAND,Slaughterhouse,1,0
Apr-10,HEREFORD & WORCESTER,CUMBRIA,Slaughterhouse,38,19
Apr-10,HEREFORD & WORCESTER,DERBYSHIRE,Slaughterhouse,0,1
Apr-10,HEREFORD & WORCESTER,DEVON,Slaughterhouse,96,168
Apr-10,HEREFORD & WORCESTER,DURHAM,Slaughterhouse,1,21
Apr-10,HEREFORD & WORCESTER,DYFED,Slaughterhouse,45,25
Apr-10,HEREFORD & WORCESTER,GLOUCESTERSHIRE,Slaughterhouse,168,40
Apr-10,HEREFORD & WORCESTER,GREATER MANCHESTER,Slaughterhouse,10,168
Apr-10,HEREFORD & WORCESTER,HAMPSHIRE,Slaughterhouse,4,0
Apr-10,HEREFORD & WORCESTER,HEREFORD & WORCESTER,Slaughterhouse,101,8
Apr-10,HEREFORD & WORCESTER,LANCASHIRE,Slaughterhouse,111,24
Apr-10,HEREFORD & WORCESTER,LEICESTERSHIRE,Slaughterhouse,1,0
Apr-10,HEREFORD & WORCESTER,LINCOLNSHIRE,Slaughterhouse,369,114
Apr-10,HEREFORD & WORCESTER,MID GLAMORGAN,Slaughterhouse,"1,073",0
Apr-10,HEREFORD & WORCESTER,NOTTINGHAMSHIRE,Slaughterhouse,0,8
Apr-10,HEREFORD & WORCESTER,OXFORDSHIRE,Slaughterhouse,240,214
Apr-10,HEREFORD & WORCESTER,POWYS,Slaughterhouse,8,1
Apr-10,HEREFORD & WORCESTER,SHROPSHIRE,Slaughterhouse,"1,451",179
Apr-10,HEREFORD & WORCESTER,SOMERSET,Slaughterhouse,136,39
Apr-10,HEREFORD & WORCESTER,SOUTH YORKSHIRE,Slaughterhouse,40,14
Apr-10,HEREFORD & WORCESTER,STAFFORDSHIRE,Slaughterhouse,88,131
Apr-10,HEREFORD & WORCESTER,STRATHCLYDE,Slaughterhouse,23,0
Apr-10,HEREFORD & WORCESTER,SURREY,Slaughterhouse,40,0
Apr-10,HEREFORD & WORCESTER,TAYSIDE,Slaughterhouse,0,0
Apr-10,HEREFORD & WORCESTER,WARWICKSHIRE,Slaughterhouse,31,32
Apr-10,HEREFORD & WORCESTER,WEST GLAMORGAN,Slaughterhouse,3,0
Apr-10,HEREFORD & WORCESTER,WEST MIDLANDS,Slaughterhouse,6,1
Apr-10,HEREFORD & WORCESTER,WEST YORKSHIRE,Slaughterhouse,0,7
Apr-10,HEREFORD & WORCESTER,WILTSHIRE,Slaughterhouse,39,45
Apr-10,HEREFORD & WORCESTER,,Slaughterhouse,500,138
Apr-10,HERTFORDSHIRE,AVON,Slaughterhouse,5,0
Apr-10,HERTFORDSHIRE,BEDFORDSHIRE,Slaughterhouse,56,0
Apr-10,HERTFORDSHIRE,CAMBRIDGESHIRE,Slaughterhouse,4,0
Apr-10,HERTFORDSHIRE,ESSEX,Slaughterhouse,27,10
Apr-10,HERTFORDSHIRE,HAMPSHIRE,Slaughterhouse,1,0
Apr-10,HERTFORDSHIRE,LINCOLNSHIRE,Slaughterhouse,18,0
Apr-10,HERTFORDSHIRE,MID GLAMORGAN,Slaughterhouse,7,11
Apr-10,HERTFORDSHIRE,NORFOLK,Slaughterhouse,3,2
Apr-10,HERTFORDSHIRE,NORTH YORKSHIRE,Slaughterhouse,0,1
Apr-10,HERTFORDSHIRE,OXFORDSHIRE,Slaughterhouse,9,2
Apr-10,HERTFORDSHIRE,SOUTH YORKSHIRE,Slaughterhouse,11,0
Apr-10,HERTFORDSHIRE,STRATHCLYDE,Slaughterhouse,11,0
Apr-10,HERTFORDSHIRE,SURREY,Slaughterhouse,11,0
Apr-10,HERTFORDSHIRE,,Slaughterhouse,9,1
Apr-10,HIGHLAND,CENTRAL,Slaughterhouse,55,3
Apr-10,HIGHLAND,CUMBRIA,Slaughterhouse,11,12
Apr-10,HIGHLAND,GRAMPIAN,Slaughterhouse,249,43
Apr-10,HIGHLAND,HIGHLAND,Slaughterhouse,355,166
Apr-10,HIGHLAND,LANCASHIRE,Slaughterhouse,2,8
Apr-10,HIGHLAND,STRATHCLYDE,Slaughterhouse,130,3
Apr-10,HIGHLAND,TAYSIDE,Slaughterhouse,213,2
Apr-10,HIGHLAND,WESTERN ISLES,Slaughterhouse,2,0
Apr-10,HIGHLAND,,Slaughterhouse,3,12
Apr-10,HUMBERSIDE,BEDFORDSHIRE,Slaughterhouse,0,4
Apr-10,HUMBERSIDE,CLEVELAND,Slaughterhouse,0,130
Apr-10,HUMBERSIDE,CUMBRIA,Slaughterhouse,0,1
Apr-10,HUMBERSIDE,DERBYSHIRE,Slaughterhouse,10,2
Apr-10,HUMBERSIDE,DURHAM,Slaughterhouse,0,16
Apr-10,HUMBERSIDE,GREATER MANCHESTER,Slaughterhouse,3,295
Apr-10,HUMBERSIDE,HUMBERSIDE,Slaughterhouse,539,31
Apr-10,HUMBERSIDE,LANCASHIRE,Slaughterhouse,161,29
Apr-10,HUMBERSIDE,LINCOLNSHIRE,Slaughterhouse,108,76
Apr-10,HUMBERSIDE,MID GLAMORGAN,Slaughterhouse,11,0
Apr-10,HUMBERSIDE,NORTH YORKSHIRE,Slaughterhouse,219,121
Apr-10,HUMBERSIDE,NOTTINGHAMSHIRE,Slaughterhouse,0,6
Apr-10,HUMBERSIDE,OXFORDSHIRE,Slaughterhouse,0,3
Apr-10,HUMBERSIDE,SHROPSHIRE,Slaughterhouse,22,2
Apr-10,HUMBERSIDE,SOMERSET,Slaughterhouse,0,0
Apr-10,HUMBERSIDE,SOUTH YORKSHIRE,Slaughterhouse,52,47
Apr-10,HUMBERSIDE,STAFFORDSHIRE,Slaughterhouse,0,4
Apr-10,HUMBERSIDE,STRATHCLYDE,Slaughterhouse,0,20
Apr-10,HUMBERSIDE,WEST YORKSHIRE,Slaughterhouse,106,383
Apr-10,HUMBERSIDE,,Slaughterhouse,113,23
Apr-10,ISLE OF WIGHT,AVON,Slaughterhouse,29,0
Apr-10,ISLE OF WIGHT,DEVON,Slaughterhouse,0,4
Apr-10,ISLE OF WIGHT,HAMPSHIRE,Slaughterhouse,57,0
Apr-10,ISLE OF WIGHT,SOMERSET,Slaughterhouse,77,2
Apr-10,ISLE OF WIGHT,WEST YORKSHIRE,Slaughterhouse,0,1
Apr-10,ISLE OF WIGHT,,Slaughterhouse,0,3
Apr-10,KENT,BEDFORDSHIRE,Slaughterhouse,45,35
Apr-10,KENT,CENTRAL,Slaughterhouse,0,0
Apr-10,KENT,DEVON,Slaughterhouse,76,62
Apr-10,KENT,EAST SUSSEX,Slaughterhouse,43,15
Apr-10,KENT,GREATER LONDON,Slaughterhouse,43,16
Apr-10,KENT,HAMPSHIRE,Slaughterhouse,171,107
Apr-10,KENT,KENT,Slaughterhouse,295,68
Apr-10,KENT,LANCASHIRE,Slaughterhouse,67,51
Apr-10,KENT,MID GLAMORGAN,Slaughterhouse,15,0
Apr-10,KENT,NORFOLK,Slaughterhouse,57,46
Apr-10,KENT,SOMERSET,Slaughterhouse,36,30
Apr-10,KENT,SURREY,Slaughterhouse,197,0
Apr-10,KENT,WEST SUSSEX,Slaughterhouse,2,0
Apr-10,KENT,,Slaughterhouse,17,3
Apr-10,LANCASHIRE,CHESHIRE,Slaughterhouse,30,6
Apr-10,LANCASHIRE,CLEVELAND,Slaughterhouse,79,38
Apr-10,LANCASHIRE,CLWYD,Slaughterhouse,0,1
Apr-10,LANCASHIRE,CUMBRIA,Slaughterhouse,52,10
Apr-10,LANCASHIRE,DEVON,Slaughterhouse,125,96
Apr-10,LANCASHIRE,GREATER MANCHESTER,Slaughterhouse,455,239
Apr-10,LANCASHIRE,HUMBERSIDE,Slaughterhouse,94,86
Apr-10,LANCASHIRE,LANCASHIRE,Slaughterhouse,"2,039",186
Apr-10,LANCASHIRE,MERSEYSIDE,Slaughterhouse,19,0
Apr-10,LANCASHIRE,MID GLAMORGAN,Slaughterhouse,6,0
Apr-10,LANCASHIRE,NORTH YORKSHIRE,Slaughterhouse,137,0
Apr-10,LANCASHIRE,SHROPSHIRE,Slaughterhouse,6,4
Apr-10,LANCASHIRE,SOMERSET,Slaughterhouse,1,1
Apr-10,LANCASHIRE,SOUTH YORKSHIRE,Slaughterhouse,13,2
Apr-10,LANCASHIRE,STAFFORDSHIRE,Slaughterhouse,60,33
Apr-10,LANCASHIRE,STRATHCLYDE,Slaughterhouse,12,8
Apr-10,LANCASHIRE,TAYSIDE,Slaughterhouse,1,0
Apr-10,LANCASHIRE,WEST YORKSHIRE,Slaughterhouse,151,87
Apr-10,LANCASHIRE,,Slaughterhouse,390,159
Apr-10,LEICESTERSHIRE,BEDFORDSHIRE,Slaughterhouse,221,19
Apr-10,LEICESTERSHIRE,CENTRAL,Slaughterhouse,0,0
Apr-10,LEICESTERSHIRE,DERBYSHIRE,Slaughterhouse,131,14
Apr-10,LEICESTERSHIRE,DEVON,Slaughterhouse,0,3
Apr-10,LEICESTERSHIRE,GREATER MANCHESTER,Slaughterhouse,24,18
Apr-10,LEICESTERSHIRE,HEREFORD & WORCESTER,Slaughterhouse,0,2
Apr-10,LEICESTERSHIRE,HIGHLAND,Slaughterhouse,0,0
Apr-10,LEICESTERSHIRE,LANCASHIRE,Slaughterhouse,219,27
Apr-10,LEICESTERSHIRE,LEICESTERSHIRE,Slaughterhouse,84,5
Apr-10,LEICESTERSHIRE,LINCOLNSHIRE,Slaughterhouse,937,106
Apr-10,LEICESTERSHIRE,MID GLAMORGAN,Slaughterhouse,105,1
Apr-10,LEICESTERSHIRE,NORFOLK,Slaughterhouse,26,15
Apr-10,LEICESTERSHIRE,NORTH YORKSHIRE,Slaughterhouse,169,111
Apr-10,LEICESTERSHIRE,NOTTINGHAMSHIRE,Slaughterhouse,18,18
Apr-10,LEICESTERSHIRE,OXFORDSHIRE,Slaughterhouse,84,42
Apr-10,LEICESTERSHIRE,POWYS,Slaughterhouse,1,0
Apr-10,LEICESTERSHIRE,SHROPSHIRE,Slaughterhouse,72,6
Apr-10,LEICESTERSHIRE,SOUTH YORKSHIRE,Slaughterhouse,182,60
Apr-10,LEICESTERSHIRE,STAFFORDSHIRE,Slaughterhouse,43,47
Apr-10,LEICESTERSHIRE,STRATHCLYDE,Slaughterhouse,30,0
Apr-10,LEICESTERSHIRE,SURREY,Slaughterhouse,203,23
Apr-10,LEICESTERSHIRE,WARWICKSHIRE,Slaughterhouse,8,0
Apr-10,LEICESTERSHIRE,WEST YORKSHIRE,Slaughterhouse,0,13
Apr-10,LEICESTERSHIRE,,Slaughterhouse,450,51
Apr-10,LINCOLNSHIRE,BEDFORDSHIRE,Slaughterhouse,11,63
Apr-10,LINCOLNSHIRE,CAMBRIDGESHIRE,Slaughterhouse,5,0
Apr-10,LINCOLNSHIRE,CENTRAL,Slaughterhouse,81,0
Apr-10,LINCOLNSHIRE,CLEVELAND,Slaughterhouse,0,9
Apr-10,LINCOLNSHIRE,DERBYSHIRE,Slaughterhouse,8,21
Apr-10,LINCOLNSHIRE,GREATER MANCHESTER,Slaughterhouse,4,117
Apr-10,LINCOLNSHIRE,HUMBERSIDE,Slaughterhouse,224,4
Apr-10,LINCOLNSHIRE,LANCASHIRE,Slaughterhouse,51,47
Apr-10,LINCOLNSHIRE,LINCOLNSHIRE,Slaughterhouse,"1,240",203
Apr-10,LINCOLNSHIRE,MID GLAMORGAN,Slaughterhouse,214,0
Apr-10,LINCOLNSHIRE,NORFOLK,Slaughterhouse,2,15
Apr-10,LINCOLNSHIRE,NORTH YORKSHIRE,Slaughterhouse,143,29
Apr-10,LINCOLNSHIRE,NOTTINGHAMSHIRE,Slaughterhouse,12,39
Apr-10,LINCOLNSHIRE,OXFORDSHIRE,Slaughterhouse,0,15
Apr-10,LINCOLNSHIRE,SHROPSHIRE,Slaughterhouse,52,7
Apr-10,LINCOLNSHIRE,SOMERSET,Slaughterhouse,1,0
Apr-10,LINCOLNSHIRE,SOUTH YORKSHIRE,Slaughterhouse,263,151
Apr-10,LINCOLNSHIRE,STAFFORDSHIRE,Slaughterhouse,10,74
Apr-10,LINCOLNSHIRE,STRATHCLYDE,Slaughterhouse,0,2
Apr-10,LINCOLNSHIRE,WEST YORKSHIRE,Slaughterhouse,0,65
Apr-10,LINCOLNSHIRE,,Slaughterhouse,199,136
Apr-10,LOTHIAN,BORDERS,Slaughterhouse,2,62
Apr-10,LOTHIAN,CENTRAL,Slaughterhouse,476,20
Apr-10,LOTHIAN,CHESHIRE,Slaughterhouse,0,16
Apr-10,LOTHIAN,CLEVELAND,Slaughterhouse,2,0
Apr-10,LOTHIAN,CUMBRIA,Slaughterhouse,0,3
Apr-10,LOTHIAN,DERBYSHIRE,Slaughterhouse,0,1
Apr-10,LOTHIAN,DURHAM,Slaughterhouse,0,8
Apr-10,LOTHIAN,FIFE,Slaughterhouse,0,2
Apr-10,LOTHIAN,GRAMPIAN,Slaughterhouse,94,0
Apr-10,LOTHIAN,HIGHLAND,Slaughterhouse,27,24
Apr-10,LOTHIAN,HUMBERSIDE,Slaughterhouse,6,0
Apr-10,LOTHIAN,SOUTH YORKSHIRE,Slaughterhouse,7,2
Apr-10,LOTHIAN,STRATHCLYDE,Slaughterhouse,423,95
Apr-10,LOTHIAN,TAYSIDE,Slaughterhouse,41,44
Apr-10,LOTHIAN,WEST YORKSHIRE,Slaughterhouse,0,11
Apr-10,LOTHIAN,,Slaughterhouse,22,32
Apr-10,MERSEYSIDE,AVON,Slaughterhouse,0,1
Apr-10,MERSEYSIDE,CHESHIRE,Slaughterhouse,9,8
Apr-10,MERSEYSIDE,CLEVELAND,Slaughterhouse,0,1
Apr-10,MERSEYSIDE,CLWYD,Slaughterhouse,2,11
Apr-10,MERSEYSIDE,GREATER MANCHESTER,Slaughterhouse,16,8
Apr-10,MERSEYSIDE,GWYNEDD,Slaughterhouse,0,5
Apr-10,MERSEYSIDE,LANCASHIRE,Slaughterhouse,57,3
Apr-10,MERSEYSIDE,LINCOLNSHIRE,Slaughterhouse,63,0
Apr-10,MERSEYSIDE,SHROPSHIRE,Slaughterhouse,54,2
Apr-10,MERSEYSIDE,SOUTH YORKSHIRE,Slaughterhouse,0,1
Apr-10,MERSEYSIDE,STAFFORDSHIRE,Slaughterhouse,1,17
Apr-10,MERSEYSIDE,WEST YORKSHIRE,Slaughterhouse,0,3
Apr-10,MERSEYSIDE,,Slaughterhouse,2,16
Apr-10,MID GLAMORGAN,AVON,Slaughterhouse,0,9
Apr-10,MID GLAMORGAN,BEDFORDSHIRE,Slaughterhouse,0,2
Apr-10,MID GLAMORGAN,CHESHIRE,Slaughterhouse,0,2
Apr-10,MID GLAMORGAN,DEVON,Slaughterhouse,9,7
Apr-10,MID GLAMORGAN,DYFED,Slaughterhouse,15,3
Apr-10,MID GLAMORGAN,GREATER MANCHESTER,Slaughterhouse,0,11
Apr-10,MID GLAMORGAN,HAMPSHIRE,Slaughterhouse,15,0
Apr-10,MID GLAMORGAN,LANCASHIRE,Slaughterhouse,12,0
Apr-10,MID GLAMORGAN,LINCOLNSHIRE,Slaughterhouse,0,7
Apr-10,MID GLAMORGAN,MID GLAMORGAN,Slaughterhouse,87,0
Apr-10,MID GLAMORGAN,POWYS,Slaughterhouse,13,0
Apr-10,MID GLAMORGAN,SHROPSHIRE,Slaughterhouse,7,2
Apr-10,MID GLAMORGAN,SOMERSET,Slaughterhouse,61,1
Apr-10,MID GLAMORGAN,STAFFORDSHIRE,Slaughterhouse,0,2
Apr-10,MID GLAMORGAN,WEST GLAMORGAN,Slaughterhouse,11,6
Apr-10,MID GLAMORGAN,,Slaughterhouse,19,4
Apr-10,NORFOLK,BEDFORDSHIRE,Slaughterhouse,406,12
Apr-10,NORFOLK,CAMBRIDGESHIRE,Slaughterhouse,2,0
Apr-10,NORFOLK,DERBYSHIRE,Slaughterhouse,0,2
Apr-10,NORFOLK,DEVON,Slaughterhouse,0,1
Apr-10,NORFOLK,ESSEX,Slaughterhouse,8,18
Apr-10,NORFOLK,GREATER MANCHESTER,Slaughterhouse,0,15
Apr-10,NORFOLK,HAMPSHIRE,Slaughterhouse,0,2
Apr-10,NORFOLK,LANCASHIRE,Slaughterhouse,106,16
Apr-10,NORFOLK,LINCOLNSHIRE,Slaughterhouse,646,36
Apr-10,NORFOLK,MID GLAMORGAN,Slaughterhouse,73,4
Apr-10,NORFOLK,NORFOLK,Slaughterhouse,968,11
Apr-10,NORFOLK,NORTH YORKSHIRE,Slaughterhouse,16,0
Apr-10,NORFOLK,NOTTINGHAMSHIRE,Slaughterhouse,1,15
Apr-10,NORFOLK,OXFORDSHIRE,Slaughterhouse,0,10
Apr-10,NORFOLK,SOUTH YORKSHIRE,Slaughterhouse,105,36
Apr-10,NORFOLK,STAFFORDSHIRE,Slaughterhouse,0,17
Apr-10,NORFOLK,WEST YORKSHIRE,Slaughterhouse,0,11
Apr-10,NORFOLK,,Slaughterhouse,136,52
Apr-10,NORTHAMPTONSHIRE,AVON,Slaughterhouse,25,0
Apr-10,NORTHAMPTONSHIRE,BEDFORDSHIRE,Slaughterhouse,308,7
Apr-10,NORTHAMPTONSHIRE,CAMBRIDGESHIRE,Slaughterhouse,1,0
Apr-10,NORTHAMPTONSHIRE,CENTRAL,Slaughterhouse,3,0
Apr-10,NORTHAMPTONSHIRE,CUMBRIA,Slaughterhouse,0,2
Apr-10,NORTHAMPTONSHIRE,DERBYSHIRE,Slaughterhouse,4,6
Apr-10,NORTHAMPTONSHIRE,GLOUCESTERSHIRE,Slaughterhouse,0,2
Apr-10,NORTHAMPTONSHIRE,GREATER MANCHESTER,Slaughterhouse,0,20
Apr-10,NORTHAMPTONSHIRE,LANCASHIRE,Slaughterhouse,93,12
Apr-10,NORTHAMPTONSHIRE,LEICESTERSHIRE,Slaughterhouse,34,2
Apr-10,NORTHAMPTONSHIRE,LINCOLNSHIRE,Slaughterhouse,740,53
Apr-10,NORTHAMPTONSHIRE,MID GLAMORGAN,Slaughterhouse,215,0
Apr-10,NORTHAMPTONSHIRE,NORFOLK,Slaughterhouse,0,10
Apr-10,NORTHAMPTONSHIRE,NORTHAMPTONSHIRE,Slaughterhouse,1,0
Apr-10,NORTHAMPTONSHIRE,NORTH YORKSHIRE,Slaughterhouse,0,15
Apr-10,NORTHAMPTONSHIRE,NOTTINGHAMSHIRE,Slaughterhouse,1,21
Apr-10,NORTHAMPTONSHIRE,OXFORDSHIRE,Slaughterhouse,55,50
Apr-10,NORTHAMPTONSHIRE,SHROPSHIRE,Slaughterhouse,275,3
Apr-10,NORTHAMPTONSHIRE,SOMERSET,Slaughterhouse,3,0
Apr-10,NORTHAMPTONSHIRE,SOUTH YORKSHIRE,Slaughterhouse,1,30
Apr-10,NORTHAMPTONSHIRE,STAFFORDSHIRE,Slaughterhouse,4,27
Apr-10,NORTHAMPTONSHIRE,SURREY,Slaughterhouse,154,0
Apr-10,NORTHAMPTONSHIRE,WARWICKSHIRE,Slaughterhouse,14,0
Apr-10,NORTHAMPTONSHIRE,WEST YORKSHIRE,Slaughterhouse,0,10
Apr-10,NORTHAMPTONSHIRE,WILTSHIRE,Slaughterhouse,0,1
Apr-10,NORTHAMPTONSHIRE,,Slaughterhouse,124,16
Apr-10,NORTHUMBERLAND,BORDERS,Slaughterhouse,13,18
Apr-10,NORTHUMBERLAND,CENTRAL,Slaughterhouse,"1,040",0
Apr-10,NORTHUMBERLAND,CLEVELAND,Slaughterhouse,0,18
Apr-10,NORTHUMBERLAND,CUMBRIA,Slaughterhouse,91,14
Apr-10,NORTHUMBERLAND,DURHAM,Slaughterhouse,271,194
Apr-10,NORTHUMBERLAND,GRAMPIAN,Slaughterhouse,59,0
Apr-10,NORTHUMBERLAND,GREATER MANCHESTER,Slaughterhouse,0,12
Apr-10,NORTHUMBERLAND,HIGHLAND,Slaughterhouse,0,3
Apr-10,NORTHUMBERLAND,HUMBERSIDE,Slaughterhouse,177,13
Apr-10,NORTHUMBERLAND,LANCASHIRE,Slaughterhouse,469,10
Apr-10,NORTHUMBERLAND,LINCOLNSHIRE,Slaughterhouse,17,0
Apr-10,NORTHUMBERLAND,MID GLAMORGAN,Slaughterhouse,31,0
Apr-10,NORTHUMBERLAND,NORTH YORKSHIRE,Slaughterhouse,88,2
Apr-10,NORTHUMBERLAND,SHROPSHIRE,Slaughterhouse,0,9
Apr-10,NORTHUMBERLAND,SOMERSET,Slaughterhouse,0,0
Apr-10,NORTHUMBERLAND,SOUTH YORKSHIRE,Slaughterhouse,122,0
Apr-10,NORTHUMBERLAND,STAFFORDSHIRE,Slaughterhouse,0,2
Apr-10,NORTHUMBERLAND,STRATHCLYDE,Slaughterhouse,346,6
Apr-10,NORTHUMBERLAND,TAYSIDE,Slaughterhouse,49,5
Apr-10,NORTHUMBERLAND,TYNE & WEAR,Slaughterhouse,461,37
Apr-10,NORTHUMBERLAND,WEST YORKSHIRE,Slaughterhouse,3,36
Apr-10,NORTHUMBERLAND,,Slaughterhouse,81,4
Apr-10,NORTH YORKSHIRE,BORDERS,Slaughterhouse,0,14
Apr-10,NORTH YORKSHIRE,CENTRAL,Slaughterhouse,340,2
Apr-10,NORTH YORKSHIRE,CHESHIRE,Slaughterhouse,16,4
Apr-10,NORTH YORKSHIRE,CLEVELAND,Slaughterhouse,898,581
Apr-10,NORTH YORKSHIRE,CUMBRIA,Slaughterhouse,141,82
Apr-10,NORTH YORKSHIRE,DEVON,Slaughterhouse,0,17
Apr-10,NORTH YORKSHIRE,DURHAM,Slaughterhouse,626,388
Apr-10,NORTH YORKSHIRE,GREATER MANCHESTER,Slaughterhouse,"1,366",838
Apr-10,NORTH YORKSHIRE,HUMBERSIDE,Slaughterhouse,"1,402",126
Apr-10,NORTH YORKSHIRE,LANCASHIRE,Slaughterhouse,"3,631",153
Apr-10,NORTH YORKSHIRE,LINCOLNSHIRE,Slaughterhouse,"1,054",110
Apr-10,NORTH YORKSHIRE,MID GLAMORGAN,Slaughterhouse,253,0
Apr-10,NORTH YORKSHIRE,NORTH YORKSHIRE,Slaughterhouse,"2,089",164
Apr-10,NORTH YORKSHIRE,SHROPSHIRE,Slaughterhouse,382,84
Apr-10,NORTH YORKSHIRE,SOUTH YORKSHIRE,Slaughterhouse,473,44
Apr-10,NORTH YORKSHIRE,STAFFORDSHIRE,Slaughterhouse,2,26
Apr-10,NORTH YORKSHIRE,STRATHCLYDE,Slaughterhouse,222,18
Apr-10,NORTH YORKSHIRE,TAYSIDE,Slaughterhouse,0,1
Apr-10,NORTH YORKSHIRE,TYNE & WEAR,Slaughterhouse,39,13
Apr-10,NORTH YORKSHIRE,WEST YORKSHIRE,Slaughterhouse,"1,963","1,061"
Apr-10,NORTH YORKSHIRE,,Slaughterhouse,751,119
Apr-10,NOTTINGHAMSHIRE,BEDFORDSHIRE,Slaughterhouse,122,15
Apr-10,NOTTINGHAMSHIRE,DERBYSHIRE,Slaughterhouse,141,9
Apr-10,NOTTINGHAMSHIRE,GREATER MANCHESTER,Slaughterhouse,249,69
Apr-10,NOTTINGHAMSHIRE,HUMBERSIDE,Slaughterhouse,2,0
Apr-10,NOTTINGHAMSHIRE,LANCASHIRE,Slaughterhouse,172,28
Apr-10,NOTTINGHAMSHIRE,LEICESTERSHIRE,Slaughterhouse,4,2
Apr-10,NOTTINGHAMSHIRE,LINCOLNSHIRE,Slaughterhouse,854,98
Apr-10,NOTTINGHAMSHIRE,MID GLAMORGAN,Slaughterhouse,23,0
Apr-10,NOTTINGHAMSHIRE,NORFOLK,Slaughterhouse,29,7
Apr-10,NOTTINGHAMSHIRE,NORTH YORKSHIRE,Slaughterhouse,132,48
Apr-10,NOTTINGHAMSHIRE,NOTTINGHAMSHIRE,Slaughterhouse,271,30
Apr-10,NOTTINGHAMSHIRE,OXFORDSHIRE,Slaughterhouse,37,20
Apr-10,NOTTINGHAMSHIRE,SHROPSHIRE,Slaughterhouse,70,19
Apr-10,NOTTINGHAMSHIRE,SOUTH YORKSHIRE,Slaughterhouse,661,90
Apr-10,NOTTINGHAMSHIRE,STAFFORDSHIRE,Slaughterhouse,232,54
Apr-10,NOTTINGHAMSHIRE,SURREY,Slaughterhouse,36,0
Apr-10,NOTTINGHAMSHIRE,WEST YORKSHIRE,Slaughterhouse,77,14
Apr-10,NOTTINGHAMSHIRE,,Slaughterhouse,527,81
Apr-10,ORKNEY,CENTRAL,Slaughterhouse,172,0
Apr-10,ORKNEY,CUMBRIA,Slaughterhouse,0,14
Apr-10,ORKNEY,GRAMPIAN,Slaughterhouse,26,4
Apr-10,ORKNEY,HIGHLAND,Slaughterhouse,0,5
Apr-10,ORKNEY,ORKNEY,Slaughterhouse,324,35
Apr-10,ORKNEY,STRATHCLYDE,Slaughterhouse,0,7
Apr-10,ORKNEY,TAYSIDE,Slaughterhouse,9,2
Apr-10,ORKNEY,,Slaughterhouse,0,5
Apr-10,OXFORDSHIRE,AVON,Slaughterhouse,13,0
Apr-10,OXFORDSHIRE,BEDFORDSHIRE,Slaughterhouse,148,0
Apr-10,OXFORDSHIRE,CENTRAL,Slaughterhouse,39,0
Apr-10,OXFORDSHIRE,CUMBRIA,Slaughterhouse,0,5
Apr-10,OXFORDSHIRE,DERBYSHIRE,Slaughterhouse,0,1
Apr-10,OXFORDSHIRE,DYFED,Slaughterhouse,0,4
Apr-10,OXFORDSHIRE,GLOUCESTERSHIRE,Slaughterhouse,32,5
Apr-10,OXFORDSHIRE,GREATER MANCHESTER,Slaughterhouse,0,1
Apr-10,OXFORDSHIRE,HAMPSHIRE,Slaughterhouse,31,8
Apr-10,OXFORDSHIRE,LANCASHIRE,Slaughterhouse,30,1
Apr-10,OXFORDSHIRE,LEICESTERSHIRE,Slaughterhouse,0,2
Apr-10,OXFORDSHIRE,LINCOLNSHIRE,Slaughterhouse,466,0
Apr-10,OXFORDSHIRE,MID GLAMORGAN,Slaughterhouse,270,14
Apr-10,OXFORDSHIRE,NORTH YORKSHIRE,Slaughterhouse,0,3
Apr-10,OXFORDSHIRE,OXFORDSHIRE,Slaughterhouse,130,13
Apr-10,OXFORDSHIRE,SHROPSHIRE,Slaughterhouse,147,0
Apr-10,OXFORDSHIRE,SOMERSET,Slaughterhouse,76,1
Apr-10,OXFORDSHIRE,SOUTH YORKSHIRE,Slaughterhouse,66,22
Apr-10,OXFORDSHIRE,STAFFORDSHIRE,Slaughterhouse,0,3
Apr-10,OXFORDSHIRE,STRATHCLYDE,Slaughterhouse,35,0
Apr-10,OXFORDSHIRE,SURREY,Slaughterhouse,75,0
Apr-10,OXFORDSHIRE,WARWICKSHIRE,Slaughterhouse,17,0
Apr-10,OXFORDSHIRE,WILTSHIRE,Slaughterhouse,32,2
Apr-10,OXFORDSHIRE,,Slaughterhouse,90,4
Apr-10,POWYS,AVON,Slaughterhouse,7,44
Apr-10,POWYS,BEDFORDSHIRE,Slaughterhouse,64,62
Apr-10,POWYS,CHESHIRE,Slaughterhouse,76,6
Apr-10,POWYS,CLWYD,Slaughterhouse,14,16
Apr-10,POWYS,CUMBRIA,Slaughterhouse,0,8
Apr-10,POWYS,DERBYSHIRE,Slaughterhouse,5,0
Apr-10,POWYS,DEVON,Slaughterhouse,16,45
Apr-10,POWYS,DURHAM,Slaughterhouse,0,5
Apr-10,POWYS,DYFED,Slaughterhouse,88,6
Apr-10,POWYS,GLOUCESTERSHIRE,Slaughterhouse,68,1
Apr-10,POWYS,GRAMPIAN,Slaughterhouse,4,0
Apr-10,POWYS,GREATER MANCHESTER,Slaughterhouse,18,75
Apr-10,POWYS,GWYNEDD,Slaughterhouse,2,0
Apr-10,POWYS,HEREFORD & WORCESTER,Slaughterhouse,10,0
Apr-10,POWYS,HUMBERSIDE,Slaughterhouse,8,0
Apr-10,POWYS,LANCASHIRE,Slaughterhouse,272,35
Apr-10,POWYS,LINCOLNSHIRE,Slaughterhouse,12,6
Apr-10,POWYS,MID GLAMORGAN,Slaughterhouse,263,0
Apr-10,POWYS,OXFORDSHIRE,Slaughterhouse,3,12
Apr-10,POWYS,POWYS,Slaughterhouse,299,0
Apr-10,POWYS,SHROPSHIRE,Slaughterhouse,764,29
Apr-10,POWYS,SOMERSET,Slaughterhouse,20,3
Apr-10,POWYS,STAFFORDSHIRE,Slaughterhouse,21,48
Apr-10,POWYS,SURREY,Slaughterhouse,5,7
Apr-10,POWYS,WARWICKSHIRE,Slaughterhouse,0,1
Apr-10,POWYS,WEST GLAMORGAN,Slaughterhouse,2,2
Apr-10,POWYS,WEST MIDLANDS,Slaughterhouse,1,0
Apr-10,POWYS,WEST YORKSHIRE,Slaughterhouse,1,5
Apr-10,POWYS,WILTSHIRE,Slaughterhouse,0,1
Apr-10,POWYS,,Slaughterhouse,133,74
Apr-10,SCILLY ISLES,CORNWALL,Slaughterhouse,4,0
Apr-10,SHETLAND,CUMBRIA,Slaughterhouse,0,5
Apr-10,SHETLAND,SHETLAND,Slaughterhouse,7,0
Apr-10,SHETLAND,SOUTH YORKSHIRE,Slaughterhouse,0,0
Apr-10,SHETLAND,STRATHCLYDE,Slaughterhouse,0,1
Apr-10,SHETLAND,TAYSIDE,Slaughterhouse,1,0
Apr-10,SHROPSHIRE,AVON,Slaughterhouse,323,137
Apr-10,SHROPSHIRE,BEDFORDSHIRE,Slaughterhouse,294,100
Apr-10,SHROPSHIRE,CENTRAL,Slaughterhouse,0,0
Apr-10,SHROPSHIRE,CHESHIRE,Slaughterhouse,356,52
Apr-10,SHROPSHIRE,CLWYD,Slaughterhouse,40,4
Apr-10,SHROPSHIRE,CUMBRIA,Slaughterhouse,24,9
Apr-10,SHROPSHIRE,DERBYSHIRE,Slaughterhouse,62,17
Apr-10,SHROPSHIRE,DEVON,Slaughterhouse,504,182
Apr-10,SHROPSHIRE,DURHAM,Slaughterhouse,112,40
Apr-10,SHROPSHIRE,DYFED,Slaughterhouse,4,0
Apr-10,SHROPSHIRE,GLOUCESTERSHIRE,Slaughterhouse,12,8
Apr-10,SHROPSHIRE,GRAMPIAN,Slaughterhouse,3,0
Apr-10,SHROPSHIRE,GREATER MANCHESTER,Slaughterhouse,763,293
Apr-10,SHROPSHIRE,HAMPSHIRE,Slaughterhouse,1,1
Apr-10,SHROPSHIRE,HEREFORD & WORCESTER,Slaughterhouse,39,9
Apr-10,SHROPSHIRE,HUMBERSIDE,Slaughterhouse,2,1
Apr-10,SHROPSHIRE,LANCASHIRE,Slaughterhouse,536,93
Apr-10,SHROPSHIRE,LINCOLNSHIRE,Slaughterhouse,541,43
Apr-10,SHROPSHIRE,MID GLAMORGAN,Slaughterhouse,72,0
Apr-10,SHROPSHIRE,OXFORDSHIRE,Slaughterhouse,190,69
Apr-10,SHROPSHIRE,SHROPSHIRE,Slaughterhouse,"2,631",142
Apr-10,SHROPSHIRE,SOMERSET,Slaughterhouse,84,25
Apr-10,SHROPSHIRE,SOUTH YORKSHIRE,Slaughterhouse,45,4
Apr-10,SHROPSHIRE,STAFFORDSHIRE,Slaughterhouse,"1,105",421
Apr-10,SHROPSHIRE,STRATHCLYDE,Slaughterhouse,82,11
Apr-10,SHROPSHIRE,SURREY,Slaughterhouse,9,2
Apr-10,SHROPSHIRE,TAYSIDE,Slaughterhouse,6,3
Apr-10,SHROPSHIRE,WARWICKSHIRE,Slaughterhouse,67,33
Apr-10,SHROPSHIRE,WEST MIDLANDS,Slaughterhouse,70,1
Apr-10,SHROPSHIRE,WEST YORKSHIRE,Slaughterhouse,131,58
Apr-10,SHROPSHIRE,WILTSHIRE,Slaughterhouse,56,30
Apr-10,SHROPSHIRE,,Slaughterhouse,"1,152",224
Apr-10,SOMERSET,AVON,Slaughterhouse,571,80
Apr-10,SOMERSET,BEDFORDSHIRE,Slaughterhouse,80,57
Apr-10,SOMERSET,CENTRAL,Slaughterhouse,0,0
Apr-10,SOMERSET,CORNWALL,Slaughterhouse,348,95
Apr-10,SOMERSET,CUMBRIA,Slaughterhouse,1,0
Apr-10,SOMERSET,DERBYSHIRE,Slaughterhouse,0,0
Apr-10,SOMERSET,DEVON,Slaughterhouse,438,127
Apr-10,SOMERSET,DORSET,Slaughterhouse,84,0
Apr-10,SOMERSET,DYFED,Slaughterhouse,1,0
Apr-10,SOMERSET,ESSEX,Slaughterhouse,4,3
Apr-10,SOMERSET,GLOUCESTERSHIRE,Slaughterhouse,231,93
Apr-10,SOMERSET,LANCASHIRE,Slaughterhouse,57,21
Apr-10,SOMERSET,LINCOLNSHIRE,Slaughterhouse,58,2
Apr-10,SOMERSET,MID GLAMORGAN,Slaughterhouse,86,0
Apr-10,SOMERSET,OXFORDSHIRE,Slaughterhouse,54,24
Apr-10,SOMERSET,SHROPSHIRE,Slaughterhouse,368,62
Apr-10,SOMERSET,SOMERSET,Slaughterhouse,"1,646",66
Apr-10,SOMERSET,SOUTH YORKSHIRE,Slaughterhouse,95,0
Apr-10,SOMERSET,STAFFORDSHIRE,Slaughterhouse,0,8
Apr-10,SOMERSET,STRATHCLYDE,Slaughterhouse,15,0
Apr-10,SOMERSET,TAYSIDE,Slaughterhouse,0,2
Apr-10,SOMERSET,WEST YORKSHIRE,Slaughterhouse,53,19
Apr-10,SOMERSET,WILTSHIRE,Slaughterhouse,58,4
Apr-10,SOMERSET,,Slaughterhouse,596,135
Apr-10,SOUTH GLAMORGAN,AVON,Slaughterhouse,0,12
Apr-10,SOUTH GLAMORGAN,DEVON,Slaughterhouse,0,7
Apr-10,SOUTH GLAMORGAN,DYFED,Slaughterhouse,40,1
Apr-10,SOUTH GLAMORGAN,GLOUCESTERSHIRE,Slaughterhouse,4,0
Apr-10,SOUTH GLAMORGAN,LANCASHIRE,Slaughterhouse,80,0
Apr-10,SOUTH GLAMORGAN,LINCOLNSHIRE,Slaughterhouse,18,0
Apr-10,SOUTH GLAMORGAN,MID GLAMORGAN,Slaughterhouse,175,0
Apr-10,SOUTH GLAMORGAN,SOMERSET,Slaughterhouse,41,0
Apr-10,SOUTH GLAMORGAN,SURREY,Slaughterhouse,14,0
Apr-10,SOUTH GLAMORGAN,WEST GLAMORGAN,Slaughterhouse,1,1
Apr-10,SOUTH GLAMORGAN,,Slaughterhouse,1,0
Apr-10,SOUTH YORKSHIRE,CHESHIRE,Slaughterhouse,19,0
Apr-10,SOUTH YORKSHIRE,CLEVELAND,Slaughterhouse,0,35
Apr-10,SOUTH YORKSHIRE,DERBYSHIRE,Slaughterhouse,3,2
Apr-10,SOUTH YORKSHIRE,DEVON,Slaughterhouse,0,1
Apr-10,SOUTH YORKSHIRE,DURHAM,Slaughterhouse,0,7
Apr-10,SOUTH YORKSHIRE,GREATER MANCHESTER,Slaughterhouse,0,64
Apr-10,SOUTH YORKSHIRE,HUMBERSIDE,Slaughterhouse,26,0
Apr-10,SOUTH YORKSHIRE,LANCASHIRE,Slaughterhouse,12,13
Apr-10,SOUTH YORKSHIRE,LINCOLNSHIRE,Slaughterhouse,10,16
Apr-10,SOUTH YORKSHIRE,NORTH YORKSHIRE,Slaughterhouse,5,9
Apr-10,SOUTH YORKSHIRE,NOTTINGHAMSHIRE,Slaughterhouse,2,0
Apr-10,SOUTH YORKSHIRE,OXFORDSHIRE,Slaughterhouse,0,4
Apr-10,SOUTH YORKSHIRE,SHROPSHIRE,Slaughterhouse,9,4
Apr-10,SOUTH YORKSHIRE,SOUTH YORKSHIRE,Slaughterhouse,583,21
Apr-10,SOUTH YORKSHIRE,STAFFORDSHIRE,Slaughterhouse,22,13
Apr-10,SOUTH YORKSHIRE,STRATHCLYDE,Slaughterhouse,0,4
Apr-10,SOUTH YORKSHIRE,WEST YORKSHIRE,Slaughterhouse,117,75
Apr-10,SOUTH YORKSHIRE,,Slaughterhouse,110,11
Apr-10,STAFFORDSHIRE,AVON,Slaughterhouse,4,45
Apr-10,STAFFORDSHIRE,BEDFORDSHIRE,Slaughterhouse,45,88
Apr-10,STAFFORDSHIRE,CHESHIRE,Slaughterhouse,118,28
Apr-10,STAFFORDSHIRE,CUMBRIA,Slaughterhouse,11,0
Apr-10,STAFFORDSHIRE,DERBYSHIRE,Slaughterhouse,35,40
Apr-10,STAFFORDSHIRE,DEVON,Slaughterhouse,21,123
Apr-10,STAFFORDSHIRE,DURHAM,Slaughterhouse,0,12
Apr-10,STAFFORDSHIRE,GREATER MANCHESTER,Slaughterhouse,19,93
Apr-10,STAFFORDSHIRE,HUMBERSIDE,Slaughterhouse,0,4
Apr-10,STAFFORDSHIRE,LANCASHIRE,Slaughterhouse,393,38
Apr-10,STAFFORDSHIRE,LINCOLNSHIRE,Slaughterhouse,118,14
Apr-10,STAFFORDSHIRE,MID GLAMORGAN,Slaughterhouse,121,0
Apr-10,STAFFORDSHIRE,NORTH YORKSHIRE,Slaughterhouse,12,0
Apr-10,STAFFORDSHIRE,OXFORDSHIRE,Slaughterhouse,10,20
Apr-10,STAFFORDSHIRE,SHROPSHIRE,Slaughterhouse,984,53
Apr-10,STAFFORDSHIRE,SOMERSET,Slaughterhouse,265,5
Apr-10,STAFFORDSHIRE,SOUTH YORKSHIRE,Slaughterhouse,28,26
Apr-10,STAFFORDSHIRE,STAFFORDSHIRE,Slaughterhouse,"1,269",201
Apr-10,STAFFORDSHIRE,STRATHCLYDE,Slaughterhouse,13,20
Apr-10,STAFFORDSHIRE,SURREY,Slaughterhouse,16,0
Apr-10,STAFFORDSHIRE,WEST MIDLANDS,Slaughterhouse,1,0
Apr-10,STAFFORDSHIRE,WEST YORKSHIRE,Slaughterhouse,13,65
Apr-10,STAFFORDSHIRE,WILTSHIRE,Slaughterhouse,0,4
Apr-10,STAFFORDSHIRE,,Slaughterhouse,340,85
Apr-10,STRATHCLYDE,BORDERS,Slaughterhouse,0,4
Apr-10,STRATHCLYDE,CENTRAL,Slaughterhouse,840,24
Apr-10,STRATHCLYDE,CUMBRIA,Slaughterhouse,109,74
Apr-10,STRATHCLYDE,DERBYSHIRE,Slaughterhouse,1,10
Apr-10,STRATHCLYDE,DURHAM,Slaughterhouse,0,1
Apr-10,STRATHCLYDE,FIFE,Slaughterhouse,0,1
Apr-10,STRATHCLYDE,GRAMPIAN,Slaughterhouse,151,0
Apr-10,STRATHCLYDE,HIGHLAND,Slaughterhouse,79,25
Apr-10,STRATHCLYDE,LANCASHIRE,Slaughterhouse,45,48
Apr-10,STRATHCLYDE,SOUTH YORKSHIRE,Slaughterhouse,80,68
Apr-10,STRATHCLYDE,STRATHCLYDE,Slaughterhouse,"2,979",348
Apr-10,STRATHCLYDE,TAYSIDE,Slaughterhouse,602,107
Apr-10,STRATHCLYDE,WEST YORKSHIRE,Slaughterhouse,4,4
Apr-10,STRATHCLYDE,,Slaughterhouse,497,268
Apr-10,SUFFOLK,BEDFORDSHIRE,Slaughterhouse,102,0
Apr-10,SUFFOLK,DEVON,Slaughterhouse,0,1
Apr-10,SUFFOLK,ESSEX,Slaughterhouse,48,129
Apr-10,SUFFOLK,GREATER MANCHESTER,Slaughterhouse,0,1
Apr-10,SUFFOLK,HAMPSHIRE,Slaughterhouse,0,20
Apr-10,SUFFOLK,LANCASHIRE,Slaughterhouse,7,1
Apr-10,SUFFOLK,LINCOLNSHIRE,Slaughterhouse,506,2
Apr-10,SUFFOLK,MID GLAMORGAN,Slaughterhouse,101,0
Apr-10,SUFFOLK,NORFOLK,Slaughterhouse,375,38
Apr-10,SUFFOLK,OXFORDSHIRE,Slaughterhouse,0,2
Apr-10,SUFFOLK,SOMERSET,Slaughterhouse,0,4
Apr-10,SUFFOLK,SOUTH YORKSHIRE,Slaughterhouse,17,1
Apr-10,SUFFOLK,STAFFORDSHIRE,Slaughterhouse,0,8
Apr-10,SUFFOLK,SUFFOLK,Slaughterhouse,15,0
Apr-10,SUFFOLK,,Slaughterhouse,248,88
Apr-10,SURREY,BEDFORDSHIRE,Slaughterhouse,8,2
Apr-10,SURREY,DEVON,Slaughterhouse,0,4
Apr-10,SURREY,EAST SUSSEX,Slaughterhouse,7,3
Apr-10,SURREY,GREATER LONDON,Slaughterhouse,0,3
Apr-10,SURREY,HAMPSHIRE,Slaughterhouse,35,9
Apr-10,SURREY,KENT,Slaughterhouse,6,4
Apr-10,SURREY,LANCASHIRE,Slaughterhouse,0,3
Apr-10,SURREY,NORFOLK,Slaughterhouse,0,2
Apr-10,SURREY,SOMERSET,Slaughterhouse,3,2
Apr-10,SURREY,SURREY,Slaughterhouse,300,0
Apr-10,SURREY,WEST SUSSEX,Slaughterhouse,5,0
Apr-10,SURREY,,Slaughterhouse,29,0
Apr-10,TAYSIDE,CENTRAL,Slaughterhouse,855,21
Apr-10,TAYSIDE,CHESHIRE,Slaughterhouse,0,0
Apr-10,TAYSIDE,CUMBRIA,Slaughterhouse,1,5
Apr-10,TAYSIDE,DERBYSHIRE,Slaughterhouse,0,2
Apr-10,TAYSIDE,DORSET,Slaughterhouse,2,0
Apr-10,TAYSIDE,FIFE,Slaughterhouse,153,49
Apr-10,TAYSIDE,GRAMPIAN,Slaughterhouse,829,13
Apr-10,TAYSIDE,HUMBERSIDE,Slaughterhouse,22,0
Apr-10,TAYSIDE,LANCASHIRE,Slaughterhouse,67,0
Apr-10,TAYSIDE,SHROPSHIRE,Slaughterhouse,12,0
Apr-10,TAYSIDE,SOUTH YORKSHIRE,Slaughterhouse,0,1
Apr-10,TAYSIDE,STRATHCLYDE,Slaughterhouse,167,80
Apr-10,TAYSIDE,TAYSIDE,Slaughterhouse,"1,088",19
Apr-10,TAYSIDE,,Slaughterhouse,173,78
Apr-10,TYNE & WEAR,CENTRAL,Slaughterhouse,69,0
Apr-10,TYNE & WEAR,CLEVELAND,Slaughterhouse,4,5
Apr-10,TYNE & WEAR,DURHAM,Slaughterhouse,11,6
Apr-10,TYNE & WEAR,ESSEX,Slaughterhouse,0,0
Apr-10,TYNE & WEAR,GREATER MANCHESTER,Slaughterhouse,0,3
Apr-10,TYNE & WEAR,HUMBERSIDE,Slaughterhouse,0,1
Apr-10,TYNE & WEAR,LANCASHIRE,Slaughterhouse,27,2
Apr-10,TYNE & WEAR,NORTH YORKSHIRE,Slaughterhouse,4,2
Apr-10,TYNE & WEAR,SOUTH YORKSHIRE,Slaughterhouse,30,0
Apr-10,TYNE & WEAR,TYNE & WEAR,Slaughterhouse,63,2
Apr-10,TYNE & WEAR,WEST YORKSHIRE,Slaughterhouse,0,12
Apr-10,TYNE & WEAR,,Slaughterhouse,2,0
Apr-10,WARWICKSHIRE,AVON,Slaughterhouse,0,16
Apr-10,WARWICKSHIRE,BEDFORDSHIRE,Slaughterhouse,79,11
Apr-10,WARWICKSHIRE,DERBYSHIRE,Slaughterhouse,0,5
Apr-10,WARWICKSHIRE,DEVON,Slaughterhouse,0,11
Apr-10,WARWICKSHIRE,GLOUCESTERSHIRE,Slaughterhouse,0,8
Apr-10,WARWICKSHIRE,GREATER MANCHESTER,Slaughterhouse,0,3
Apr-10,WARWICKSHIRE,HAMPSHIRE,Slaughterhouse,1,0
Apr-10,WARWICKSHIRE,HEREFORD & WORCESTER,Slaughterhouse,10,2
Apr-10,WARWICKSHIRE,HUMBERSIDE,Slaughterhouse,0,2
Apr-10,WARWICKSHIRE,LANCASHIRE,Slaughterhouse,41,16
Apr-10,WARWICKSHIRE,LEICESTERSHIRE,Slaughterhouse,39,6
Apr-10,WARWICKSHIRE,LINCOLNSHIRE,Slaughterhouse,437,56
Apr-10,WARWICKSHIRE,MID GLAMORGAN,Slaughterhouse,399,0
Apr-10,WARWICKSHIRE,NORFOLK,Slaughterhouse,0,5
Apr-10,WARWICKSHIRE,NORTH YORKSHIRE,Slaughterhouse,63,33
Apr-10,WARWICKSHIRE,NOTTINGHAMSHIRE,Slaughterhouse,0,7
Apr-10,WARWICKSHIRE,OXFORDSHIRE,Slaughterhouse,78,56
Apr-10,WARWICKSHIRE,SHROPSHIRE,Slaughterhouse,91,13
Apr-10,WARWICKSHIRE,SOMERSET,Slaughterhouse,11,1
Apr-10,WARWICKSHIRE,SOUTH YORKSHIRE,Slaughterhouse,4,27
Apr-10,WARWICKSHIRE,STAFFORDSHIRE,Slaughterhouse,60,20
Apr-10,WARWICKSHIRE,STRATHCLYDE,Slaughterhouse,13,1
Apr-10,WARWICKSHIRE,SURREY,Slaughterhouse,115,6
Apr-10,WARWICKSHIRE,WARWICKSHIRE,Slaughterhouse,88,5
Apr-10,WARWICKSHIRE,WEST MIDLANDS,Slaughterhouse,4,1
Apr-10,WARWICKSHIRE,WEST YORKSHIRE,Slaughterhouse,0,5
Apr-10,WARWICKSHIRE,,Slaughterhouse,185,27
Apr-10,WESTERN ISLES,WESTERN ISLES,Slaughterhouse,4,0
Apr-10,WEST GLAMORGAN,AVON,Slaughterhouse,0,7
Apr-10,WEST GLAMORGAN,BEDFORDSHIRE,Slaughterhouse,18,7
Apr-10,WEST GLAMORGAN,DEVON,Slaughterhouse,0,1
Apr-10,WEST GLAMORGAN,DYFED,Slaughterhouse,18,3
Apr-10,WEST GLAMORGAN,GWENT,Slaughterhouse,0,0
Apr-10,WEST GLAMORGAN,LANCASHIRE,Slaughterhouse,18,0
Apr-10,WEST GLAMORGAN,LINCOLNSHIRE,Slaughterhouse,8,0
Apr-10,WEST GLAMORGAN,MID GLAMORGAN,Slaughterhouse,43,0
Apr-10,WEST GLAMORGAN,SHROPSHIRE,Slaughterhouse,3,0
Apr-10,WEST GLAMORGAN,SOMERSET,Slaughterhouse,10,0
Apr-10,WEST GLAMORGAN,SOUTH YORKSHIRE,Slaughterhouse,26,0
Apr-10,WEST GLAMORGAN,STAFFORDSHIRE,Slaughterhouse,10,0
Apr-10,WEST GLAMORGAN,WEST GLAMORGAN,Slaughterhouse,45,2
Apr-10,WEST GLAMORGAN,,Slaughterhouse,8,1
Apr-10,WEST MIDLANDS,DEVON,Slaughterhouse,0,3
Apr-10,WEST MIDLANDS,DURHAM,Slaughterhouse,0,1
Apr-10,WEST MIDLANDS,LEICESTERSHIRE,Slaughterhouse,2,2
Apr-10,WEST MIDLANDS,LINCOLNSHIRE,Slaughterhouse,8,3
Apr-10,WEST MIDLANDS,MID GLAMORGAN,Slaughterhouse,23,0
Apr-10,WEST MIDLANDS,NOTTINGHAMSHIRE,Slaughterhouse,0,1
Apr-10,WEST MIDLANDS,OXFORDSHIRE,Slaughterhouse,0,4
Apr-10,WEST MIDLANDS,SHROPSHIRE,Slaughterhouse,4,4
Apr-10,WEST MIDLANDS,SOUTH YORKSHIRE,Slaughterhouse,0,2
Apr-10,WEST MIDLANDS,STAFFORDSHIRE,Slaughterhouse,10,5
Apr-10,WEST MIDLANDS,WARWICKSHIRE,Slaughterhouse,7,0
Apr-10,WEST MIDLANDS,WEST MIDLANDS,Slaughterhouse,1,0
Apr-10,WEST MIDLANDS,,Slaughterhouse,21,1
Apr-10,WEST SUSSEX,AVON,Slaughterhouse,24,0
Apr-10,WEST SUSSEX,BEDFORDSHIRE,Slaughterhouse,0,14
Apr-10,WEST SUSSEX,GREATER LONDON,Slaughterhouse,9,0
Apr-10,WEST SUSSEX,HAMPSHIRE,Slaughterhouse,22,3
Apr-10,WEST SUSSEX,KENT,Slaughterhouse,21,2
Apr-10,WEST SUSSEX,LINCOLNSHIRE,Slaughterhouse,40,0
Apr-10,WEST SUSSEX,MID GLAMORGAN,Slaughterhouse,25,0
Apr-10,WEST SUSSEX,SOMERSET,Slaughterhouse,367,14
Apr-10,WEST SUSSEX,SURREY,Slaughterhouse,277,0
Apr-10,WEST SUSSEX,WEST SUSSEX,Slaughterhouse,35,0
Apr-10,WEST SUSSEX,,Slaughterhouse,39,9
Apr-10,WEST YORKSHIRE,CLEVELAND,Slaughterhouse,0,59
Apr-10,WEST YORKSHIRE,CUMBRIA,Slaughterhouse,0,6
Apr-10,WEST YORKSHIRE,DEVON,Slaughterhouse,0,1
Apr-10,WEST YORKSHIRE,DURHAM,Slaughterhouse,58,28
Apr-10,WEST YORKSHIRE,GREATER MANCHESTER,Slaughterhouse,51,79
Apr-10,WEST YORKSHIRE,HUMBERSIDE,Slaughterhouse,39,18
Apr-10,WEST YORKSHIRE,LANCASHIRE,Slaughterhouse,332,36
Apr-10,WEST YORKSHIRE,LINCOLNSHIRE,Slaughterhouse,7,21
Apr-10,WEST YORKSHIRE,NORTH YORKSHIRE,Slaughterhouse,22,23
Apr-10,WEST YORKSHIRE,NOTTINGHAMSHIRE,Slaughterhouse,0,1
Apr-10,WEST YORKSHIRE,OXFORDSHIRE,Slaughterhouse,0,1
Apr-10,WEST YORKSHIRE,SHROPSHIRE,Slaughterhouse,0,1
Apr-10,WEST YORKSHIRE,SOUTH YORKSHIRE,Slaughterhouse,307,31
Apr-10,WEST YORKSHIRE,STAFFORDSHIRE,Slaughterhouse,1,0
Apr-10,WEST YORKSHIRE,STRATHCLYDE,Slaughterhouse,0,5
Apr-10,WEST YORKSHIRE,TAYSIDE,Slaughterhouse,1,0
Apr-10,WEST YORKSHIRE,TYNE & WEAR,Slaughterhouse,0,0
Apr-10,WEST YORKSHIRE,WEST YORKSHIRE,Slaughterhouse,593,193
Apr-10,WEST YORKSHIRE,,Slaughterhouse,25,11
Apr-10,WILTSHIRE,AVON,Slaughterhouse,614,30
Apr-10,WILTSHIRE,BEDFORDSHIRE,Slaughterhouse,59,2
Apr-10,WILTSHIRE,CENTRAL,Slaughterhouse,0,0
Apr-10,WILTSHIRE,CORNWALL,Slaughterhouse,35,0
Apr-10,WILTSHIRE,CUMBRIA,Slaughterhouse,5,0
Apr-10,WILTSHIRE,DEVON,Slaughterhouse,56,43
Apr-10,WILTSHIRE,DORSET,Slaughterhouse,21,0
Apr-10,WILTSHIRE,DURHAM,Slaughterhouse,0,1
Apr-10,WILTSHIRE,DYFED,Slaughterhouse,0,14
Apr-10,WILTSHIRE,GLOUCESTERSHIRE,Slaughterhouse,30,57
Apr-10,WILTSHIRE,HAMPSHIRE,Slaughterhouse,24,0
Apr-10,WILTSHIRE,HUMBERSIDE,Slaughterhouse,0,0
Apr-10,WILTSHIRE,LANCASHIRE,Slaughterhouse,34,3
Apr-10,WILTSHIRE,LINCOLNSHIRE,Slaughterhouse,87,0
Apr-10,WILTSHIRE,MID GLAMORGAN,Slaughterhouse,154,4
Apr-10,WILTSHIRE,OXFORDSHIRE,Slaughterhouse,22,10
Apr-10,WILTSHIRE,SHROPSHIRE,Slaughterhouse,81,27
Apr-10,WILTSHIRE,SOMERSET,Slaughterhouse,678,16
Apr-10,WILTSHIRE,SOUTH YORKSHIRE,Slaughterhouse,35,0
Apr-10,WILTSHIRE,STRATHCLYDE,Slaughterhouse,7,0
Apr-10,WILTSHIRE,SURREY,Slaughterhouse,81,0
Apr-10,WILTSHIRE,WEST YORKSHIRE,Slaughterhouse,0,0
Apr-10,WILTSHIRE,WILTSHIRE,Slaughterhouse,283,5
Apr-10,WILTSHIRE,,Slaughterhouse,242,43
Apr-10,0,CENTRAL,Slaughterhouse,1,0
Apr-10,0,CUMBRIA,Slaughterhouse,1,3
Apr-10,0,DERBYSHIRE,Slaughterhouse,0,0
Apr-10,0,GRAMPIAN,Slaughterhouse,1,0
Apr-10,0,LANCASHIRE,Slaughterhouse,25,0
Apr-10,0,LINCOLNSHIRE,Slaughterhouse,0,0
Apr-10,0,NORTH YORKSHIRE,Slaughterhouse,0,0
Apr-10,0,SHETLAND,Slaughterhouse,2,0
Apr-10,0,SOMERSET,Slaughterhouse,0,0
Apr-10,0,SOUTH YORKSHIRE,Slaughterhouse,0,1
Apr-10,0,STRATHCLYDE,Slaughterhouse,3,0
Apr-10,0,WEST YORKSHIRE,Slaughterhouse,0,0
May-10,AVON,AVON,Slaughterhouse,588,19
May-10,AVON,BEDFORDSHIRE,Slaughterhouse,54,7
May-10,AVON,CORNWALL,Slaughterhouse,8,27
May-10,AVON,DEVON,Slaughterhouse,1,17
May-10,AVON,DORSET,Slaughterhouse,3,1
May-10,AVON,GLOUCESTERSHIRE,Slaughterhouse,20,32
May-10,AVON,KENT,Slaughterhouse,1,6
May-10,AVON,LANCASHIRE,Slaughterhouse,1,5
May-10,AVON,LINCOLNSHIRE,Slaughterhouse,53,12
May-10,AVON,MID GLAMORGAN,Slaughterhouse,74,0
May-10,AVON,OXFORDSHIRE,Slaughterhouse,7,17
May-10,AVON,SHROPSHIRE,Slaughterhouse,24,17
May-10,AVON,SOMERSET,Slaughterhouse,88,19
May-10,AVON,SOUTH YORKSHIRE,Slaughterhouse,2,0
May-10,AVON,WILTSHIRE,Slaughterhouse,293,4
May-10,AVON,,Slaughterhouse,9,21
May-10,BEDFORDSHIRE,BEDFORDSHIRE,Slaughterhouse,178,0
May-10,BEDFORDSHIRE,CAMBRIDGESHIRE,Slaughterhouse,14,0
May-10,BEDFORDSHIRE,GREATER LONDON,Slaughterhouse,4,0
May-10,BEDFORDSHIRE,LEICESTERSHIRE,Slaughterhouse,5,0
May-10,BEDFORDSHIRE,LINCOLNSHIRE,Slaughterhouse,111,0
May-10,BEDFORDSHIRE,OXFORDSHIRE,Slaughterhouse,7,4
May-10,BEDFORDSHIRE,SOUTH YORKSHIRE,Slaughterhouse,2,2
May-10,BEDFORDSHIRE,STRATHCLYDE,Slaughterhouse,2,0
May-10,BEDFORDSHIRE,SURREY,Slaughterhouse,34,0
May-10,BEDFORDSHIRE,,Slaughterhouse,0,2
May-10,BERKSHIRE,AVON,Slaughterhouse,8,2
May-10,BERKSHIRE,BEDFORDSHIRE,Slaughterhouse,69,0
May-10,BERKSHIRE,GLOUCESTERSHIRE,Slaughterhouse,0,2
May-10,BERKSHIRE,HAMPSHIRE,Slaughterhouse,139,2
May-10,BERKSHIRE,LINCOLNSHIRE,Slaughterhouse,23,0
May-10,BERKSHIRE,MID GLAMORGAN,Slaughterhouse,5,0
May-10,BERKSHIRE,OXFORDSHIRE,Slaughterhouse,29,2
May-10,BERKSHIRE,SHROPSHIRE,Slaughterhouse,12,0
May-10,BERKSHIRE,SOMERSET,Slaughterhouse,132,0
May-10,BERKSHIRE,SOUTH YORKSHIRE,Slaughterhouse,0,8
May-10,BERKSHIRE,STRATHCLYDE,Slaughterhouse,24,0
May-10,BERKSHIRE,SURREY,Slaughterhouse,41,0
May-10,BERKSHIRE,WILTSHIRE,Slaughterhouse,0,1
May-10,BERKSHIRE,,Slaughterhouse,0,2
May-10,BORDERS,BORDERS,Slaughterhouse,348,195
May-10,BORDERS,CENTRAL,Slaughterhouse,948,38
May-10,BORDERS,CLEVELAND,Slaughterhouse,1,1
May-10,BORDERS,CUMBRIA,Slaughterhouse,32,16
May-10,BORDERS,DERBYSHIRE,Slaughterhouse,0,4
May-10,BORDERS,DURHAM,Slaughterhouse,5,4
May-10,BORDERS,GRAMPIAN,Slaughterhouse,190,2
May-10,BORDERS,HIGHLAND,Slaughterhouse,97,60
May-10,BORDERS,LANCASHIRE,Slaughterhouse,82,3
May-10,BORDERS,SOUTH YORKSHIRE,Slaughterhouse,115,0
May-10,BORDERS,STRATHCLYDE,Slaughterhouse,"1,166",137
May-10,BORDERS,TAYSIDE,Slaughterhouse,80,25
May-10,BORDERS,TYNE & WEAR,Slaughterhouse,23,0
May-10,BORDERS,WEST YORKSHIRE,Slaughterhouse,39,21
May-10,BORDERS,,Slaughterhouse,186,101
May-10,BUCKINGHAMSHIRE,AVON,Slaughterhouse,36,1
May-10,BUCKINGHAMSHIRE,BEDFORDSHIRE,Slaughterhouse,308,0
May-10,BUCKINGHAMSHIRE,CENTRAL,Slaughterhouse,166,0
May-10,BUCKINGHAMSHIRE,DERBYSHIRE,Slaughterhouse,0,1
May-10,BUCKINGHAMSHIRE,GRAMPIAN,Slaughterhouse,0,2
May-10,BUCKINGHAMSHIRE,GREATER LONDON,Slaughterhouse,21,0
May-10,BUCKINGHAMSHIRE,GREATER MANCHESTER,Slaughterhouse,0,5
May-10,BUCKINGHAMSHIRE,HAMPSHIRE,Slaughterhouse,17,10
May-10,BUCKINGHAMSHIRE,HEREFORD & WORCESTER,Slaughterhouse,0,1
May-10,BUCKINGHAMSHIRE,LANCASHIRE,Slaughterhouse,133,1
May-10,BUCKINGHAMSHIRE,LINCOLNSHIRE,Slaughterhouse,384,35
May-10,BUCKINGHAMSHIRE,MID GLAMORGAN,Slaughterhouse,411,34
May-10,BUCKINGHAMSHIRE,OXFORDSHIRE,Slaughterhouse,59,3
May-10,BUCKINGHAMSHIRE,SHROPSHIRE,Slaughterhouse,0,2
May-10,BUCKINGHAMSHIRE,SOMERSET,Slaughterhouse,53,0
May-10,BUCKINGHAMSHIRE,SOUTH YORKSHIRE,Slaughterhouse,19,87
May-10,BUCKINGHAMSHIRE,STAFFORDSHIRE,Slaughterhouse,0,6
May-10,BUCKINGHAMSHIRE,SURREY,Slaughterhouse,154,0
May-10,BUCKINGHAMSHIRE,WILTSHIRE,Slaughterhouse,11,0
May-10,BUCKINGHAMSHIRE,,Slaughterhouse,133,1
May-10,CAMBRIDGESHIRE,AVON,Slaughterhouse,0,5
May-10,CAMBRIDGESHIRE,BEDFORDSHIRE,Slaughterhouse,116,15
May-10,CAMBRIDGESHIRE,CAMBRIDGESHIRE,Slaughterhouse,38,0
May-10,CAMBRIDGESHIRE,CORNWALL,Slaughterhouse,167,0
May-10,CAMBRIDGESHIRE,ESSEX,Slaughterhouse,2,6
May-10,CAMBRIDGESHIRE,GREATER MANCHESTER,Slaughterhouse,0,8
May-10,CAMBRIDGESHIRE,HAMPSHIRE,Slaughterhouse,0,1
May-10,CAMBRIDGESHIRE,LANCASHIRE,Slaughterhouse,0,4
May-10,CAMBRIDGESHIRE,LEICESTERSHIRE,Slaughterhouse,1,0
May-10,CAMBRIDGESHIRE,LINCOLNSHIRE,Slaughterhouse,487,40
May-10,CAMBRIDGESHIRE,NORFOLK,Slaughterhouse,19,10
May-10,CAMBRIDGESHIRE,NORTH YORKSHIRE,Slaughterhouse,0,15
May-10,CAMBRIDGESHIRE,NOTTINGHAMSHIRE,Slaughterhouse,0,9
May-10,CAMBRIDGESHIRE,OXFORDSHIRE,Slaughterhouse,0,9
May-10,CAMBRIDGESHIRE,SHROPSHIRE,Slaughterhouse,18,3
May-10,CAMBRIDGESHIRE,SOUTH YORKSHIRE,Slaughterhouse,0,13
May-10,CAMBRIDGESHIRE,STAFFORDSHIRE,Slaughterhouse,0,5
May-10,CAMBRIDGESHIRE,STRATHCLYDE,Slaughterhouse,0,1
May-10,CAMBRIDGESHIRE,SUFFOLK,Slaughterhouse,2,0
May-10,CAMBRIDGESHIRE,SURREY,Slaughterhouse,0,2
May-10,CAMBRIDGESHIRE,WEST YORKSHIRE,Slaughterhouse,0,7
May-10,CAMBRIDGESHIRE,,Slaughterhouse,35,38
May-10,CENTRAL,AVON,Slaughterhouse,1,0
May-10,CENTRAL,CENTRAL,Slaughterhouse,664,28
May-10,CENTRAL,CUMBRIA,Slaughterhouse,58,9
May-10,CENTRAL,DERBYSHIRE,Slaughterhouse,21,3
May-10,CENTRAL,GRAMPIAN,Slaughterhouse,20,0
May-10,CENTRAL,LANCASHIRE,Slaughterhouse,45,7
May-10,CENTRAL,SOUTH YORKSHIRE,Slaughterhouse,14,1
May-10,CENTRAL,STRATHCLYDE,Slaughterhouse,409,59
May-10,CENTRAL,TAYSIDE,Slaughterhouse,282,25
May-10,CENTRAL,,Slaughterhouse,88,20
May-10,CHESHIRE,AVON,Slaughterhouse,187,100
May-10,CHESHIRE,BEDFORDSHIRE,Slaughterhouse,24,25
May-10,CHESHIRE,CHESHIRE,Slaughterhouse,689,76
May-10,CHESHIRE,CLWYD,Slaughterhouse,14,23
May-10,CHESHIRE,CUMBRIA,Slaughterhouse,66,1
May-10,CHESHIRE,DERBYSHIRE,Slaughterhouse,29,11
May-10,CHESHIRE,DEVON,Slaughterhouse,161,180
May-10,CHESHIRE,DURHAM,Slaughterhouse,0,6
May-10,CHESHIRE,GRAMPIAN,Slaughterhouse,0,1
May-10,CHESHIRE,GREATER MANCHESTER,Slaughterhouse,127,80
May-10,CHESHIRE,GWYNEDD,Slaughterhouse,0,4
May-10,CHESHIRE,HAMPSHIRE,Slaughterhouse,0,1
May-10,CHESHIRE,HUMBERSIDE,Slaughterhouse,89,57
May-10,CHESHIRE,LANCASHIRE,Slaughterhouse,816,23
May-10,CHESHIRE,LINCOLNSHIRE,Slaughterhouse,83,14
May-10,CHESHIRE,MERSEYSIDE,Slaughterhouse,2,0
May-10,CHESHIRE,MID GLAMORGAN,Slaughterhouse,4,0
May-10,CHESHIRE,NORFOLK,Slaughterhouse,0,5
May-10,CHESHIRE,SHROPSHIRE,Slaughterhouse,433,62
May-10,CHESHIRE,SOUTH YORKSHIRE,Slaughterhouse,59,9
May-10,CHESHIRE,STAFFORDSHIRE,Slaughterhouse,248,173
May-10,CHESHIRE,STRATHCLYDE,Slaughterhouse,119,40
May-10,CHESHIRE,TYNE & WEAR,Slaughterhouse,0,1
May-10,CHESHIRE,WEST MIDLANDS,Slaughterhouse,0,1
May-10,CHESHIRE,WEST YORKSHIRE,Slaughterhouse,187,173
May-10,CHESHIRE,WILTSHIRE,Slaughterhouse,0,5
May-10,CHESHIRE,,Slaughterhouse,378,153
May-10,CLEVELAND,BORDERS,Slaughterhouse,0,4
May-10,CLEVELAND,CLEVELAND,Slaughterhouse,20,59
May-10,CLEVELAND,CORNWALL,Slaughterhouse,5,0
May-10,CLEVELAND,CUMBRIA,Slaughterhouse,2,33
May-10,CLEVELAND,DURHAM,Slaughterhouse,8,61
May-10,CLEVELAND,GREATER MANCHESTER,Slaughterhouse,0,49
May-10,CLEVELAND,HUMBERSIDE,Slaughterhouse,21,6
May-10,CLEVELAND,LANCASHIRE,Slaughterhouse,0,4
May-10,CLEVELAND,LINCOLNSHIRE,Slaughterhouse,0,3
May-10,CLEVELAND,NORTH YORKSHIRE,Slaughterhouse,83,29
May-10,CLEVELAND,SHROPSHIRE,Slaughterhouse,0,16
May-10,CLEVELAND,SOUTH YORKSHIRE,Slaughterhouse,0,1
May-10,CLEVELAND,STAFFORDSHIRE,Slaughterhouse,0,4
May-10,CLEVELAND,WEST YORKSHIRE,Slaughterhouse,1,67
May-10,CLEVELAND,,Slaughterhouse,0,10
May-10,CLWYD,AVON,Slaughterhouse,74,74
May-10,CLWYD,BEDFORDSHIRE,Slaughterhouse,0,10
May-10,CLWYD,CHESHIRE,Slaughterhouse,158,24
May-10,CLWYD,CLWYD,Slaughterhouse,240,65
May-10,CLWYD,DERBYSHIRE,Slaughterhouse,6,4
May-10,CLWYD,DEVON,Slaughterhouse,0,47
May-10,CLWYD,DURHAM,Slaughterhouse,0,1
May-10,CLWYD,DYFED,Slaughterhouse,0,6
May-10,CLWYD,GRAMPIAN,Slaughterhouse,0,0
May-10,CLWYD,GREATER MANCHESTER,Slaughterhouse,3,18
May-10,CLWYD,GWYNEDD,Slaughterhouse,174,169
May-10,CLWYD,HAMPSHIRE,Slaughterhouse,0,1
May-10,CLWYD,HUMBERSIDE,Slaughterhouse,45,40
May-10,CLWYD,LANCASHIRE,Slaughterhouse,636,68
May-10,CLWYD,LINCOLNSHIRE,Slaughterhouse,44,0
May-10,CLWYD,MID GLAMORGAN,Slaughterhouse,7,0
May-10,CLWYD,POWYS,Slaughterhouse,2,0
May-10,CLWYD,SHROPSHIRE,Slaughterhouse,731,83
May-10,CLWYD,SOUTH YORKSHIRE,Slaughterhouse,65,35
May-10,CLWYD,STAFFORDSHIRE,Slaughterhouse,41,48
May-10,CLWYD,STRATHCLYDE,Slaughterhouse,0,4
May-10,CLWYD,TYNE & WEAR,Slaughterhouse,64,31
May-10,CLWYD,WEST YORKSHIRE,Slaughterhouse,68,61
May-10,CLWYD,WILTSHIRE,Slaughterhouse,0,3
May-10,CLWYD,,Slaughterhouse,160,64
May-10,CORNWALL,AVON,Slaughterhouse,15,0
May-10,CORNWALL,BEDFORDSHIRE,Slaughterhouse,148,32
May-10,CORNWALL,CHESHIRE,Slaughterhouse,7,0
May-10,CORNWALL,CORNWALL,Slaughterhouse,"4,342",256
May-10,CORNWALL,DEVON,Slaughterhouse,373,181
May-10,CORNWALL,GREATER MANCHESTER,Slaughterhouse,1,0
May-10,CORNWALL,LANCASHIRE,Slaughterhouse,470,5
May-10,CORNWALL,LINCOLNSHIRE,Slaughterhouse,1,0
May-10,CORNWALL,MID GLAMORGAN,Slaughterhouse,7,2
May-10,CORNWALL,NORTH YORKSHIRE,Slaughterhouse,0,0
May-10,CORNWALL,OXFORDSHIRE,Slaughterhouse,0,0
May-10,CORNWALL,SHROPSHIRE,Slaughterhouse,0,16
May-10,CORNWALL,SOMERSET,Slaughterhouse,227,4
May-10,CORNWALL,SOUTH YORKSHIRE,Slaughterhouse,68,8
May-10,CORNWALL,STAFFORDSHIRE,Slaughterhouse,3,0
May-10,CORNWALL,WILTSHIRE,Slaughterhouse,8,0
May-10,CORNWALL,,Slaughterhouse,8,11
May-10,CUMBRIA,BORDERS,Slaughterhouse,5,5
May-10,CUMBRIA,CENTRAL,Slaughterhouse,333,64
May-10,CUMBRIA,CHESHIRE,Slaughterhouse,0,1
May-10,CUMBRIA,CLEVELAND,Slaughterhouse,246,191
May-10,CUMBRIA,CUMBRIA,Slaughterhouse,"1,776",401
May-10,CUMBRIA,DUMFRIES & GALLOWAY,Slaughterhouse,20,8
May-10,CUMBRIA,DURHAM,Slaughterhouse,239,159
May-10,CUMBRIA,GREATER MANCHESTER,Slaughterhouse,178,195
May-10,CUMBRIA,HIGHLAND,Slaughterhouse,0,1
May-10,CUMBRIA,HUMBERSIDE,Slaughterhouse,0,13
May-10,CUMBRIA,LANCASHIRE,Slaughterhouse,"2,481",422
May-10,CUMBRIA,LINCOLNSHIRE,Slaughterhouse,3,0
May-10,CUMBRIA,MID GLAMORGAN,Slaughterhouse,9,0
May-10,CUMBRIA,NORTH YORKSHIRE,Slaughterhouse,5,0
May-10,CUMBRIA,SHROPSHIRE,Slaughterhouse,19,24
May-10,CUMBRIA,SOUTH YORKSHIRE,Slaughterhouse,16,3
May-10,CUMBRIA,STAFFORDSHIRE,Slaughterhouse,0,2
May-10,CUMBRIA,STRATHCLYDE,Slaughterhouse,297,123
May-10,CUMBRIA,TAYSIDE,Slaughterhouse,35,0
May-10,CUMBRIA,TYNE & WEAR,Slaughterhouse,147,74
May-10,CUMBRIA,WEST YORKSHIRE,Slaughterhouse,306,327
May-10,CUMBRIA,,Slaughterhouse,176,131
May-10,DERBYSHIRE,AVON,Slaughterhouse,0,5
May-10,DERBYSHIRE,BEDFORDSHIRE,Slaughterhouse,59,52
May-10,DERBYSHIRE,CHESHIRE,Slaughterhouse,8,2
May-10,DERBYSHIRE,CORNWALL,Slaughterhouse,0,4
May-10,DERBYSHIRE,CUMBRIA,Slaughterhouse,0,4
May-10,DERBYSHIRE,DERBYSHIRE,Slaughterhouse,426,54
May-10,DERBYSHIRE,DEVON,Slaughterhouse,106,81
May-10,DERBYSHIRE,DURHAM,Slaughterhouse,0,2
May-10,DERBYSHIRE,GRAMPIAN,Slaughterhouse,0,1
May-10,DERBYSHIRE,GREATER MANCHESTER,Slaughterhouse,79,75
May-10,DERBYSHIRE,HUMBERSIDE,Slaughterhouse,35,0
May-10,DERBYSHIRE,LANCASHIRE,Slaughterhouse,305,15
May-10,DERBYSHIRE,LINCOLNSHIRE,Slaughterhouse,227,39
May-10,DERBYSHIRE,MID GLAMORGAN,Slaughterhouse,24,0
May-10,DERBYSHIRE,NORTH YORKSHIRE,Slaughterhouse,12,4
May-10,DERBYSHIRE,NOTTINGHAMSHIRE,Slaughterhouse,5,10
May-10,DERBYSHIRE,OXFORDSHIRE,Slaughterhouse,51,32
May-10,DERBYSHIRE,SHROPSHIRE,Slaughterhouse,82,23
May-10,DERBYSHIRE,SOMERSET,Slaughterhouse,0,3
May-10,DERBYSHIRE,SOUTH YORKSHIRE,Slaughterhouse,635,109
May-10,DERBYSHIRE,STAFFORDSHIRE,Slaughterhouse,527,232
May-10,DERBYSHIRE,STRATHCLYDE,Slaughterhouse,58,44
May-10,DERBYSHIRE,SURREY,Slaughterhouse,0,4
May-10,DERBYSHIRE,WEST MIDLANDS,Slaughterhouse,2,0
May-10,DERBYSHIRE,WEST YORKSHIRE,Slaughterhouse,245,97
May-10,DERBYSHIRE,WILTSHIRE,Slaughterhouse,0,2
May-10,DERBYSHIRE,,Slaughterhouse,262,87
May-10,DEVON,AVON,Slaughterhouse,83,11
May-10,DEVON,BEDFORDSHIRE,Slaughterhouse,98,29
May-10,DEVON,CORNWALL,Slaughterhouse,"3,598",180
May-10,DEVON,DEVON,Slaughterhouse,"2,196",170
May-10,DEVON,DORSET,Slaughterhouse,25,0
May-10,DEVON,GLOUCESTERSHIRE,Slaughterhouse,68,38
May-10,DEVON,GREATER MANCHESTER,Slaughterhouse,1,0
May-10,DEVON,KENT,Slaughterhouse,0,12
May-10,DEVON,LANCASHIRE,Slaughterhouse,207,14
May-10,DEVON,LEICESTERSHIRE,Slaughterhouse,0,0
May-10,DEVON,LINCOLNSHIRE,Slaughterhouse,103,0
May-10,DEVON,MID GLAMORGAN,Slaughterhouse,16,3
May-10,DEVON,OXFORDSHIRE,Slaughterhouse,26,30
May-10,DEVON,SHROPSHIRE,Slaughterhouse,"1,040",491
May-10,DEVON,SOMERSET,Slaughterhouse,"1,861",32
May-10,DEVON,SOUTH YORKSHIRE,Slaughterhouse,78,0
May-10,DEVON,STAFFORDSHIRE,Slaughterhouse,6,7
May-10,DEVON,SURREY,Slaughterhouse,140,0
May-10,DEVON,WARWICKSHIRE,Slaughterhouse,0,1
May-10,DEVON,WEST YORKSHIRE,Slaughterhouse,0,1
May-10,DEVON,WILTSHIRE,Slaughterhouse,0,1
May-10,DEVON,,Slaughterhouse,398,146
May-10,DORSET,AVON,Slaughterhouse,141,38
May-10,DORSET,BEDFORDSHIRE,Slaughterhouse,14,11
May-10,DORSET,CORNWALL,Slaughterhouse,49,10
May-10,DORSET,DEVON,Slaughterhouse,12,71
May-10,DORSET,DORSET,Slaughterhouse,319,2
May-10,DORSET,GLOUCESTERSHIRE,Slaughterhouse,0,32
May-10,DORSET,HAMPSHIRE,Slaughterhouse,1,0
May-10,DORSET,LANCASHIRE,Slaughterhouse,0,3
May-10,DORSET,LEICESTERSHIRE,Slaughterhouse,0,0
May-10,DORSET,LINCOLNSHIRE,Slaughterhouse,14,0
May-10,DORSET,MID GLAMORGAN,Slaughterhouse,2,0
May-10,DORSET,OXFORDSHIRE,Slaughterhouse,0,1
May-10,DORSET,SHROPSHIRE,Slaughterhouse,27,7
May-10,DORSET,SOMERSET,Slaughterhouse,694,31
May-10,DORSET,SOUTH YORKSHIRE,Slaughterhouse,5,0
May-10,DORSET,SURREY,Slaughterhouse,102,0
May-10,DORSET,WILTSHIRE,Slaughterhouse,1,0
May-10,DORSET,,Slaughterhouse,230,50
May-10,DUMFRIES & GALLOWAY,CENTRAL,Slaughterhouse,852,38
May-10,DUMFRIES & GALLOWAY,CLEVELAND,Slaughterhouse,1,18
May-10,DUMFRIES & GALLOWAY,CUMBRIA,Slaughterhouse,437,106
May-10,DUMFRIES & GALLOWAY,DERBYSHIRE,Slaughterhouse,0,1
May-10,DUMFRIES & GALLOWAY,DUMFRIES & GALLOWAY,Slaughterhouse,120,25
May-10,DUMFRIES & GALLOWAY,DURHAM,Slaughterhouse,5,19
May-10,DUMFRIES & GALLOWAY,GRAMPIAN,Slaughterhouse,851,0
May-10,DUMFRIES & GALLOWAY,GREATER MANCHESTER,Slaughterhouse,28,41
May-10,DUMFRIES & GALLOWAY,HIGHLAND,Slaughterhouse,38,17
May-10,DUMFRIES & GALLOWAY,LANCASHIRE,Slaughterhouse,208,32
May-10,DUMFRIES & GALLOWAY,NORTH YORKSHIRE,Slaughterhouse,0,1
May-10,DUMFRIES & GALLOWAY,SOUTH YORKSHIRE,Slaughterhouse,57,72
May-10,DUMFRIES & GALLOWAY,STRATHCLYDE,Slaughterhouse,"2,654",146
May-10,DUMFRIES & GALLOWAY,TAYSIDE,Slaughterhouse,731,4
May-10,DUMFRIES & GALLOWAY,,Slaughterhouse,141,143
May-10,DURHAM,BORDERS,Slaughterhouse,29,15
May-10,DURHAM,CENTRAL,Slaughterhouse,35,0
May-10,DURHAM,CLEVELAND,Slaughterhouse,343,199
May-10,DURHAM,CORNWALL,Slaughterhouse,0,0
May-10,DURHAM,CUMBRIA,Slaughterhouse,179,90
May-10,DURHAM,DERBYSHIRE,Slaughterhouse,6,3
May-10,DURHAM,DURHAM,Slaughterhouse,980,247
May-10,DURHAM,GRAMPIAN,Slaughterhouse,2,0
May-10,DURHAM,GREATER MANCHESTER,Slaughterhouse,224,95
May-10,DURHAM,HUMBERSIDE,Slaughterhouse,263,27
May-10,DURHAM,LANCASHIRE,Slaughterhouse,691,42
May-10,DURHAM,LINCOLNSHIRE,Slaughterhouse,354,87
May-10,DURHAM,MID GLAMORGAN,Slaughterhouse,20,0
May-10,DURHAM,NORTH YORKSHIRE,Slaughterhouse,130,30
May-10,DURHAM,SHROPSHIRE,Slaughterhouse,125,31
May-10,DURHAM,SOUTH YORKSHIRE,Slaughterhouse,19,3
May-10,DURHAM,STAFFORDSHIRE,Slaughterhouse,69,42
May-10,DURHAM,STRATHCLYDE,Slaughterhouse,6,6
May-10,DURHAM,TYNE & WEAR,Slaughterhouse,8,1
May-10,DURHAM,WEST YORKSHIRE,Slaughterhouse,424,256
May-10,DURHAM,,Slaughterhouse,124,53
May-10,DYFED,AVON,Slaughterhouse,408,280
May-10,DYFED,BEDFORDSHIRE,Slaughterhouse,419,273
May-10,DYFED,CHESHIRE,Slaughterhouse,10,1
May-10,DYFED,CLWYD,Slaughterhouse,0,0
May-10,DYFED,DEVON,Slaughterhouse,66,70
May-10,DYFED,DYFED,Slaughterhouse,"2,373",171
May-10,DYFED,GLOUCESTERSHIRE,Slaughterhouse,5,6
May-10,DYFED,GREATER MANCHESTER,Slaughterhouse,0,16
May-10,DYFED,HAMPSHIRE,Slaughterhouse,21,0
May-10,DYFED,LANCASHIRE,Slaughterhouse,498,4
May-10,DYFED,LINCOLNSHIRE,Slaughterhouse,120,61
May-10,DYFED,MID GLAMORGAN,Slaughterhouse,708,136
May-10,DYFED,OXFORDSHIRE,Slaughterhouse,7,1
May-10,DYFED,POWYS,Slaughterhouse,169,0
May-10,DYFED,SHROPSHIRE,Slaughterhouse,869,161
May-10,DYFED,SOMERSET,Slaughterhouse,322,207
May-10,DYFED,STAFFORDSHIRE,Slaughterhouse,8,3
May-10,DYFED,STRATHCLYDE,Slaughterhouse,12,0
May-10,DYFED,SURREY,Slaughterhouse,246,89
May-10,DYFED,WEST GLAMORGAN,Slaughterhouse,300,112
May-10,DYFED,WILTSHIRE,Slaughterhouse,5,5
May-10,DYFED,,Slaughterhouse,266,81
May-10,EAST SUSSEX,BEDFORDSHIRE,Slaughterhouse,138,22
May-10,EAST SUSSEX,DEVON,Slaughterhouse,0,5
May-10,EAST SUSSEX,EAST SUSSEX,Slaughterhouse,140,4
May-10,EAST SUSSEX,ESSEX,Slaughterhouse,0,2
May-10,EAST SUSSEX,GREATER LONDON,Slaughterhouse,0,1
May-10,EAST SUSSEX,HAMPSHIRE,Slaughterhouse,19,19
May-10,EAST SUSSEX,KENT,Slaughterhouse,52,20
May-10,EAST SUSSEX,MID GLAMORGAN,Slaughterhouse,151,0
May-10,EAST SUSSEX,NORFOLK,Slaughterhouse,0,7
May-10,EAST SUSSEX,SOMERSET,Slaughterhouse,83,15
May-10,EAST SUSSEX,SURREY,Slaughterhouse,84,0
May-10,EAST SUSSEX,WEST SUSSEX,Slaughterhouse,9,0
May-10,EAST SUSSEX,,Slaughterhouse,83,4
May-10,ESSEX,BEDFORDSHIRE,Slaughterhouse,43,2
May-10,ESSEX,CAMBRIDGESHIRE,Slaughterhouse,6,0
May-10,ESSEX,DEVON,Slaughterhouse,0,6
May-10,ESSEX,EAST SUSSEX,Slaughterhouse,0,1
May-10,ESSEX,ESSEX,Slaughterhouse,559,68
May-10,ESSEX,GREATER LONDON,Slaughterhouse,0,1
May-10,ESSEX,HAMPSHIRE,Slaughterhouse,70,41
May-10,ESSEX,KENT,Slaughterhouse,5,0
May-10,ESSEX,LINCOLNSHIRE,Slaughterhouse,70,1
May-10,ESSEX,MID GLAMORGAN,Slaughterhouse,28,0
May-10,ESSEX,NORFOLK,Slaughterhouse,65,22
May-10,ESSEX,OXFORDSHIRE,Slaughterhouse,0,1
May-10,ESSEX,SOMERSET,Slaughterhouse,12,6
May-10,ESSEX,SOUTH YORKSHIRE,Slaughterhouse,0,4
May-10,ESSEX,STAFFORDSHIRE,Slaughterhouse,0,1
May-10,ESSEX,SURREY,Slaughterhouse,95,0
May-10,ESSEX,,Slaughterhouse,2,13
May-10,FIFE,BORDERS,Slaughterhouse,1,0
May-10,FIFE,CENTRAL,Slaughterhouse,688,38
May-10,FIFE,CUMBRIA,Slaughterhouse,0,7
May-10,FIFE,FIFE,Slaughterhouse,17,20
May-10,FIFE,GRAMPIAN,Slaughterhouse,195,15
May-10,FIFE,HIGHLAND,Slaughterhouse,4,0
May-10,FIFE,LANCASHIRE,Slaughterhouse,0,9
May-10,FIFE,SOUTH YORKSHIRE,Slaughterhouse,0,1
May-10,FIFE,STRATHCLYDE,Slaughterhouse,53,111
May-10,FIFE,TAYSIDE,Slaughterhouse,614,18
May-10,FIFE,,Slaughterhouse,4,35
May-10,GLOUCESTERSHIRE,AVON,Slaughterhouse,233,70
May-10,GLOUCESTERSHIRE,BEDFORDSHIRE,Slaughterhouse,245,16
May-10,GLOUCESTERSHIRE,CENTRAL,Slaughterhouse,4,0
May-10,GLOUCESTERSHIRE,CHESHIRE,Slaughterhouse,0,1
May-10,GLOUCESTERSHIRE,CORNWALL,Slaughterhouse,0,1
May-10,GLOUCESTERSHIRE,CUMBRIA,Slaughterhouse,3,0
May-10,GLOUCESTERSHIRE,DEVON,Slaughterhouse,7,23
May-10,GLOUCESTERSHIRE,DYFED,Slaughterhouse,0,6
May-10,GLOUCESTERSHIRE,GLOUCESTERSHIRE,Slaughterhouse,525,23
May-10,GLOUCESTERSHIRE,GREATER MANCHESTER,Slaughterhouse,0,1
May-10,GLOUCESTERSHIRE,HUMBERSIDE,Slaughterhouse,41,0
May-10,GLOUCESTERSHIRE,LANCASHIRE,Slaughterhouse,130,1
May-10,GLOUCESTERSHIRE,LINCOLNSHIRE,Slaughterhouse,379,34
May-10,GLOUCESTERSHIRE,MID GLAMORGAN,Slaughterhouse,618,0
May-10,GLOUCESTERSHIRE,OXFORDSHIRE,Slaughterhouse,100,42
May-10,GLOUCESTERSHIRE,SHROPSHIRE,Slaughterhouse,200,4
May-10,GLOUCESTERSHIRE,SOMERSET,Slaughterhouse,448,10
May-10,GLOUCESTERSHIRE,SOUTH YORKSHIRE,Slaughterhouse,9,0
May-10,GLOUCESTERSHIRE,STAFFORDSHIRE,Slaughterhouse,0,2
May-10,GLOUCESTERSHIRE,SURREY,Slaughterhouse,22,0
May-10,GLOUCESTERSHIRE,WARWICKSHIRE,Slaughterhouse,12,2
May-10,GLOUCESTERSHIRE,WEST MIDLANDS,Slaughterhouse,4,0
May-10,GLOUCESTERSHIRE,WEST YORKSHIRE,Slaughterhouse,0,0
May-10,GLOUCESTERSHIRE,WILTSHIRE,Slaughterhouse,88,23
May-10,GLOUCESTERSHIRE,,Slaughterhouse,350,29
May-10,GRAMPIAN,CENTRAL,Slaughterhouse,689,2
May-10,GRAMPIAN,CLWYD,Slaughterhouse,0,0
May-10,GRAMPIAN,CUMBRIA,Slaughterhouse,92,59
May-10,GRAMPIAN,FIFE,Slaughterhouse,0,6
May-10,GRAMPIAN,GRAMPIAN,Slaughterhouse,"10,236",94
May-10,GRAMPIAN,HIGHLAND,Slaughterhouse,576,63
May-10,GRAMPIAN,HUMBERSIDE,Slaughterhouse,6,0
May-10,GRAMPIAN,LANCASHIRE,Slaughterhouse,28,3
May-10,GRAMPIAN,SOUTH YORKSHIRE,Slaughterhouse,32,4
May-10,GRAMPIAN,STRATHCLYDE,Slaughterhouse,634,92
May-10,GRAMPIAN,TAYSIDE,Slaughterhouse,"1,026",63
May-10,GRAMPIAN,TYNE & WEAR,Slaughterhouse,54,0
May-10,GRAMPIAN,WEST YORKSHIRE,Slaughterhouse,0,0
May-10,GRAMPIAN,,Slaughterhouse,"1,723",199
May-10,GREATER LONDON,AVON,Slaughterhouse,4,0
May-10,GREATER LONDON,BEDFORDSHIRE,Slaughterhouse,14,0
May-10,GREATER LONDON,ESSEX,Slaughterhouse,1,2
May-10,GREATER LONDON,HAMPSHIRE,Slaughterhouse,3,1
May-10,GREATER LONDON,KENT,Slaughterhouse,0,1
May-10,GREATER MANCHESTER,BEDFORDSHIRE,Slaughterhouse,0,4
May-10,GREATER MANCHESTER,CHESHIRE,Slaughterhouse,10,5
May-10,GREATER MANCHESTER,CLEVELAND,Slaughterhouse,0,6
May-10,GREATER MANCHESTER,DEVON,Slaughterhouse,0,8
May-10,GREATER MANCHESTER,GREATER MANCHESTER,Slaughterhouse,407,31
May-10,GREATER MANCHESTER,HUMBERSIDE,Slaughterhouse,0,5
May-10,GREATER MANCHESTER,LANCASHIRE,Slaughterhouse,140,5
May-10,GREATER MANCHESTER,LINCOLNSHIRE,Slaughterhouse,0,1
May-10,GREATER MANCHESTER,MERSEYSIDE,Slaughterhouse,8,0
May-10,GREATER MANCHESTER,NORTH YORKSHIRE,Slaughterhouse,0,2
May-10,GREATER MANCHESTER,SHROPSHIRE,Slaughterhouse,0,3
May-10,GREATER MANCHESTER,SOUTH YORKSHIRE,Slaughterhouse,36,1
May-10,GREATER MANCHESTER,STAFFORDSHIRE,Slaughterhouse,9,9
May-10,GREATER MANCHESTER,STRATHCLYDE,Slaughterhouse,0,3
May-10,GREATER MANCHESTER,WEST YORKSHIRE,Slaughterhouse,2,17
May-10,GREATER MANCHESTER,,Slaughterhouse,8,13
May-10,GWENT,AVON,Slaughterhouse,77,64
May-10,GWENT,BEDFORDSHIRE,Slaughterhouse,19,7
May-10,GWENT,DEVON,Slaughterhouse,49,56
May-10,GWENT,DYFED,Slaughterhouse,14,7
May-10,GWENT,GLOUCESTERSHIRE,Slaughterhouse,60,15
May-10,GWENT,GREATER MANCHESTER,Slaughterhouse,0,3
May-10,GWENT,LANCASHIRE,Slaughterhouse,62,19
May-10,GWENT,LINCOLNSHIRE,Slaughterhouse,12,17
May-10,GWENT,MID GLAMORGAN,Slaughterhouse,362,0
May-10,GWENT,OXFORDSHIRE,Slaughterhouse,0,7
May-10,GWENT,POWYS,Slaughterhouse,1,0
May-10,GWENT,SHROPSHIRE,Slaughterhouse,68,3
May-10,GWENT,SOMERSET,Slaughterhouse,94,1
May-10,GWENT,SOUTH YORKSHIRE,Slaughterhouse,5,0
May-10,GWENT,STAFFORDSHIRE,Slaughterhouse,0,1
May-10,GWENT,WEST GLAMORGAN,Slaughterhouse,39,10
May-10,GWENT,WILTSHIRE,Slaughterhouse,3,3
May-10,GWENT,,Slaughterhouse,37,19
May-10,GWYNEDD,AVON,Slaughterhouse,0,11
May-10,GWYNEDD,BEDFORDSHIRE,Slaughterhouse,0,1
May-10,GWYNEDD,CHESHIRE,Slaughterhouse,6,2
May-10,GWYNEDD,CLWYD,Slaughterhouse,59,6
May-10,GWYNEDD,CUMBRIA,Slaughterhouse,17,14
May-10,GWYNEDD,DERBYSHIRE,Slaughterhouse,22,0
May-10,GWYNEDD,DEVON,Slaughterhouse,0,8
May-10,GWYNEDD,DYFED,Slaughterhouse,3,0
May-10,GWYNEDD,GRAMPIAN,Slaughterhouse,0,1
May-10,GWYNEDD,GREATER MANCHESTER,Slaughterhouse,0,3
May-10,GWYNEDD,GWYNEDD,Slaughterhouse,130,71
May-10,GWYNEDD,HUMBERSIDE,Slaughterhouse,71,15
May-10,GWYNEDD,LANCASHIRE,Slaughterhouse,426,8
May-10,GWYNEDD,MID GLAMORGAN,Slaughterhouse,50,0
May-10,GWYNEDD,POWYS,Slaughterhouse,1,0
May-10,GWYNEDD,SHROPSHIRE,Slaughterhouse,150,2
May-10,GWYNEDD,SOUTH YORKSHIRE,Slaughterhouse,17,1
May-10,GWYNEDD,STAFFORDSHIRE,Slaughterhouse,0,5
May-10,GWYNEDD,STRATHCLYDE,Slaughterhouse,17,0
May-10,GWYNEDD,TYNE & WEAR,Slaughterhouse,0,1
May-10,GWYNEDD,WEST YORKSHIRE,Slaughterhouse,1,11
May-10,GWYNEDD,,Slaughterhouse,43,22
May-10,HAMPSHIRE,AVON,Slaughterhouse,258,9
May-10,HAMPSHIRE,BEDFORDSHIRE,Slaughterhouse,21,0
May-10,HAMPSHIRE,DEVON,Slaughterhouse,0,23
May-10,HAMPSHIRE,DORSET,Slaughterhouse,14,0
May-10,HAMPSHIRE,GLOUCESTERSHIRE,Slaughterhouse,0,6
May-10,HAMPSHIRE,HAMPSHIRE,Slaughterhouse,214,0
May-10,HAMPSHIRE,LANCASHIRE,Slaughterhouse,0,1
May-10,HAMPSHIRE,LINCOLNSHIRE,Slaughterhouse,89,1
May-10,HAMPSHIRE,MID GLAMORGAN,Slaughterhouse,201,0
May-10,HAMPSHIRE,NOTTINGHAMSHIRE,Slaughterhouse,0,2
May-10,HAMPSHIRE,OXFORDSHIRE,Slaughterhouse,2,0
May-10,HAMPSHIRE,SHROPSHIRE,Slaughterhouse,0,9
May-10,HAMPSHIRE,SOMERSET,Slaughterhouse,245,11
May-10,HAMPSHIRE,STAFFORDSHIRE,Slaughterhouse,0,1
May-10,HAMPSHIRE,SURREY,Slaughterhouse,354,0
May-10,HAMPSHIRE,WEST SUSSEX,Slaughterhouse,4,0
May-10,HAMPSHIRE,WEST YORKSHIRE,Slaughterhouse,0,9
May-10,HAMPSHIRE,WILTSHIRE,Slaughterhouse,51,0
May-10,HAMPSHIRE,,Slaughterhouse,19,15
May-10,HEREFORD & WORCESTER,AVON,Slaughterhouse,418,208
May-10,HEREFORD & WORCESTER,BEDFORDSHIRE,Slaughterhouse,162,67
May-10,HEREFORD & WORCESTER,CENTRAL,Slaughterhouse,108,0
May-10,HEREFORD & WORCESTER,CHESHIRE,Slaughterhouse,0,48
May-10,HEREFORD & WORCESTER,DERBYSHIRE,Slaughterhouse,1,4
May-10,HEREFORD & WORCESTER,DEVON,Slaughterhouse,91,240
May-10,HEREFORD & WORCESTER,DURHAM,Slaughterhouse,1,9
May-10,HEREFORD & WORCESTER,DYFED,Slaughterhouse,73,41
May-10,HEREFORD & WORCESTER,GLOUCESTERSHIRE,Slaughterhouse,181,48
May-10,HEREFORD & WORCESTER,GREATER MANCHESTER,Slaughterhouse,0,171
May-10,HEREFORD & WORCESTER,HAMPSHIRE,Slaughterhouse,6,5
May-10,HEREFORD & WORCESTER,HEREFORD & WORCESTER,Slaughterhouse,89,6
May-10,HEREFORD & WORCESTER,LANCASHIRE,Slaughterhouse,98,5
May-10,HEREFORD & WORCESTER,LINCOLNSHIRE,Slaughterhouse,411,159
May-10,HEREFORD & WORCESTER,MID GLAMORGAN,Slaughterhouse,898,0
May-10,HEREFORD & WORCESTER,NORFOLK,Slaughterhouse,0,10
May-10,HEREFORD & WORCESTER,NORTH YORKSHIRE,Slaughterhouse,0,2
May-10,HEREFORD & WORCESTER,OXFORDSHIRE,Slaughterhouse,243,237
May-10,HEREFORD & WORCESTER,POWYS,Slaughterhouse,4,0
May-10,HEREFORD & WORCESTER,SHROPSHIRE,Slaughterhouse,"1,722",156
May-10,HEREFORD & WORCESTER,SOMERSET,Slaughterhouse,290,58
May-10,HEREFORD & WORCESTER,SOUTH YORKSHIRE,Slaughterhouse,14,0
May-10,HEREFORD & WORCESTER,STAFFORDSHIRE,Slaughterhouse,97,216
May-10,HEREFORD & WORCESTER,STRATHCLYDE,Slaughterhouse,34,9
May-10,HEREFORD & WORCESTER,SURREY,Slaughterhouse,0,1
May-10,HEREFORD & WORCESTER,WARWICKSHIRE,Slaughterhouse,16,28
May-10,HEREFORD & WORCESTER,WEST GLAMORGAN,Slaughterhouse,4,0
May-10,HEREFORD & WORCESTER,WEST MIDLANDS,Slaughterhouse,28,0
May-10,HEREFORD & WORCESTER,WEST YORKSHIRE,Slaughterhouse,0,6
May-10,HEREFORD & WORCESTER,WILTSHIRE,Slaughterhouse,45,55
May-10,HEREFORD & WORCESTER,,Slaughterhouse,489,266
May-10,HERTFORDSHIRE,AVON,Slaughterhouse,5,0
May-10,HERTFORDSHIRE,BEDFORDSHIRE,Slaughterhouse,33,0
May-10,HERTFORDSHIRE,CAMBRIDGESHIRE,Slaughterhouse,2,0
May-10,HERTFORDSHIRE,DERBYSHIRE,Slaughterhouse,0,1
May-10,HERTFORDSHIRE,ESSEX,Slaughterhouse,22,7
May-10,HERTFORDSHIRE,GREATER LONDON,Slaughterhouse,0,1
May-10,HERTFORDSHIRE,HAMPSHIRE,Slaughterhouse,0,3
May-10,HERTFORDSHIRE,LEICESTERSHIRE,Slaughterhouse,0,2
May-10,HERTFORDSHIRE,LINCOLNSHIRE,Slaughterhouse,36,0
May-10,HERTFORDSHIRE,MID GLAMORGAN,Slaughterhouse,4,0
May-10,HERTFORDSHIRE,NORFOLK,Slaughterhouse,8,3
May-10,HERTFORDSHIRE,NORTH YORKSHIRE,Slaughterhouse,0,1
May-10,HERTFORDSHIRE,OXFORDSHIRE,Slaughterhouse,9,2
May-10,HERTFORDSHIRE,SOUTH YORKSHIRE,Slaughterhouse,0,9
May-10,HERTFORDSHIRE,STAFFORDSHIRE,Slaughterhouse,0,1
May-10,HERTFORDSHIRE,SUFFOLK,Slaughterhouse,2,0
May-10,HERTFORDSHIRE,SURREY,Slaughterhouse,23,0
May-10,HIGHLAND,AVON,Slaughterhouse,2,0
May-10,HIGHLAND,CENTRAL,Slaughterhouse,41,0
May-10,HIGHLAND,CUMBRIA,Slaughterhouse,5,16
May-10,HIGHLAND,GRAMPIAN,Slaughterhouse,370,66
May-10,HIGHLAND,HIGHLAND,Slaughterhouse,414,177
May-10,HIGHLAND,LANCASHIRE,Slaughterhouse,9,1
May-10,HIGHLAND,SOMERSET,Slaughterhouse,0,0
May-10,HIGHLAND,STRATHCLYDE,Slaughterhouse,68,12
May-10,HIGHLAND,TAYSIDE,Slaughterhouse,321,6
May-10,HIGHLAND,,Slaughterhouse,22,16
May-10,HUMBERSIDE,CLEVELAND,Slaughterhouse,7,135
May-10,HUMBERSIDE,CORNWALL,Slaughterhouse,0,1
May-10,HUMBERSIDE,CUMBRIA,Slaughterhouse,0,2
May-10,HUMBERSIDE,DURHAM,Slaughterhouse,0,1
May-10,HUMBERSIDE,GRAMPIAN,Slaughterhouse,2,0
May-10,HUMBERSIDE,GREATER MANCHESTER,Slaughterhouse,0,266
May-10,HUMBERSIDE,HUMBERSIDE,Slaughterhouse,509,31
May-10,HUMBERSIDE,LANCASHIRE,Slaughterhouse,123,54
May-10,HUMBERSIDE,LINCOLNSHIRE,Slaughterhouse,194,101
May-10,HUMBERSIDE,MID GLAMORGAN,Slaughterhouse,29,0
May-10,HUMBERSIDE,NORFOLK,Slaughterhouse,1,0
May-10,HUMBERSIDE,NORTH YORKSHIRE,Slaughterhouse,193,82
May-10,HUMBERSIDE,POWYS,Slaughterhouse,1,0
May-10,HUMBERSIDE,SOUTH YORKSHIRE,Slaughterhouse,24,44
May-10,HUMBERSIDE,STAFFORDSHIRE,Slaughterhouse,0,3
May-10,HUMBERSIDE,STRATHCLYDE,Slaughterhouse,0,18
May-10,HUMBERSIDE,WEST YORKSHIRE,Slaughterhouse,84,414
May-10,HUMBERSIDE,,Slaughterhouse,81,21
May-10,ISLE OF WIGHT,AVON,Slaughterhouse,14,4
May-10,ISLE OF WIGHT,DEVON,Slaughterhouse,0,3
May-10,ISLE OF WIGHT,DORSET,Slaughterhouse,2,0
May-10,ISLE OF WIGHT,GLOUCESTERSHIRE,Slaughterhouse,0,4
May-10,ISLE OF WIGHT,HAMPSHIRE,Slaughterhouse,55,0
May-10,ISLE OF WIGHT,LANCASHIRE,Slaughterhouse,0,1
May-10,ISLE OF WIGHT,SHROPSHIRE,Slaughterhouse,0,1
May-10,ISLE OF WIGHT,SOMERSET,Slaughterhouse,40,3
May-10,ISLE OF WIGHT,WEST YORKSHIRE,Slaughterhouse,0,8
May-10,ISLE OF WIGHT,,Slaughterhouse,1,1
May-10,KENT,BEDFORDSHIRE,Slaughterhouse,52,28
May-10,KENT,DEVON,Slaughterhouse,57,42
May-10,KENT,EAST SUSSEX,Slaughterhouse,27,9
May-10,KENT,ESSEX,Slaughterhouse,19,15
May-10,KENT,GREATER LONDON,Slaughterhouse,33,14
May-10,KENT,HAMPSHIRE,Slaughterhouse,161,91
May-10,KENT,KENT,Slaughterhouse,235,75
May-10,KENT,MID GLAMORGAN,Slaughterhouse,23,0
May-10,KENT,NORFOLK,Slaughterhouse,45,35
May-10,KENT,SOMERSET,Slaughterhouse,45,30
May-10,KENT,SURREY,Slaughterhouse,167,0
May-10,KENT,WEST SUSSEX,Slaughterhouse,1,0
May-10,KENT,,Slaughterhouse,15,5
May-10,LANCASHIRE,CENTRAL,Slaughterhouse,19,0
May-10,LANCASHIRE,CHESHIRE,Slaughterhouse,30,10
May-10,LANCASHIRE,CLEVELAND,Slaughterhouse,99,53
May-10,LANCASHIRE,CUMBRIA,Slaughterhouse,72,12
May-10,LANCASHIRE,DEVON,Slaughterhouse,137,110
May-10,LANCASHIRE,DURHAM,Slaughterhouse,0,1
May-10,LANCASHIRE,GRAMPIAN,Slaughterhouse,9,1
May-10,LANCASHIRE,GREATER MANCHESTER,Slaughterhouse,529,273
May-10,LANCASHIRE,HUMBERSIDE,Slaughterhouse,99,94
May-10,LANCASHIRE,LANCASHIRE,Slaughterhouse,"1,918",174
May-10,LANCASHIRE,LINCOLNSHIRE,Slaughterhouse,16,0
May-10,LANCASHIRE,MERSEYSIDE,Slaughterhouse,16,0
May-10,LANCASHIRE,MID GLAMORGAN,Slaughterhouse,2,0
May-10,LANCASHIRE,NORTH YORKSHIRE,Slaughterhouse,143,0
May-10,LANCASHIRE,SHROPSHIRE,Slaughterhouse,46,0
May-10,LANCASHIRE,SOMERSET,Slaughterhouse,1,0
May-10,LANCASHIRE,SOUTH YORKSHIRE,Slaughterhouse,47,5
May-10,LANCASHIRE,STAFFORDSHIRE,Slaughterhouse,64,34
May-10,LANCASHIRE,STRATHCLYDE,Slaughterhouse,22,6
May-10,LANCASHIRE,TYNE & WEAR,Slaughterhouse,15,0
May-10,LANCASHIRE,WEST YORKSHIRE,Slaughterhouse,202,146
May-10,LANCASHIRE,,Slaughterhouse,373,152
May-10,LEICESTERSHIRE,AVON,Slaughterhouse,16,0
May-10,LEICESTERSHIRE,BEDFORDSHIRE,Slaughterhouse,208,23
May-10,LEICESTERSHIRE,CUMBRIA,Slaughterhouse,0,2
May-10,LEICESTERSHIRE,DERBYSHIRE,Slaughterhouse,94,18
May-10,LEICESTERSHIRE,DEVON,Slaughterhouse,0,10
May-10,LEICESTERSHIRE,GREATER MANCHESTER,Slaughterhouse,0,22
May-10,LEICESTERSHIRE,LANCASHIRE,Slaughterhouse,212,10
May-10,LEICESTERSHIRE,LEICESTERSHIRE,Slaughterhouse,70,0
May-10,LEICESTERSHIRE,LINCOLNSHIRE,Slaughterhouse,910,96
May-10,LEICESTERSHIRE,MID GLAMORGAN,Slaughterhouse,131,0
May-10,LEICESTERSHIRE,NORFOLK,Slaughterhouse,21,17
May-10,LEICESTERSHIRE,NORTH YORKSHIRE,Slaughterhouse,130,111
May-10,LEICESTERSHIRE,NOTTINGHAMSHIRE,Slaughterhouse,32,14
May-10,LEICESTERSHIRE,OXFORDSHIRE,Slaughterhouse,108,64
May-10,LEICESTERSHIRE,SHROPSHIRE,Slaughterhouse,108,1
May-10,LEICESTERSHIRE,SOMERSET,Slaughterhouse,1,1
May-10,LEICESTERSHIRE,SOUTH YORKSHIRE,Slaughterhouse,146,43
May-10,LEICESTERSHIRE,STAFFORDSHIRE,Slaughterhouse,53,57
May-10,LEICESTERSHIRE,STRATHCLYDE,Slaughterhouse,0,5
May-10,LEICESTERSHIRE,SURREY,Slaughterhouse,290,19
May-10,LEICESTERSHIRE,WARWICKSHIRE,Slaughterhouse,11,0
May-10,LEICESTERSHIRE,WEST MIDLANDS,Slaughterhouse,3,0
May-10,LEICESTERSHIRE,WEST YORKSHIRE,Slaughterhouse,1,19
May-10,LEICESTERSHIRE,,Slaughterhouse,502,87
May-10,LINCOLNSHIRE,BEDFORDSHIRE,Slaughterhouse,3,64
May-10,LINCOLNSHIRE,CAMBRIDGESHIRE,Slaughterhouse,7,0
May-10,LINCOLNSHIRE,CENTRAL,Slaughterhouse,41,0
May-10,LINCOLNSHIRE,CHESHIRE,Slaughterhouse,4,4
May-10,LINCOLNSHIRE,CLEVELAND,Slaughterhouse,0,13
May-10,LINCOLNSHIRE,CUMBRIA,Slaughterhouse,0,4
May-10,LINCOLNSHIRE,DERBYSHIRE,Slaughterhouse,8,18
May-10,LINCOLNSHIRE,GRAMPIAN,Slaughterhouse,11,0
May-10,LINCOLNSHIRE,GREATER MANCHESTER,Slaughterhouse,0,93
May-10,LINCOLNSHIRE,HUMBERSIDE,Slaughterhouse,204,3
May-10,LINCOLNSHIRE,LANCASHIRE,Slaughterhouse,122,36
May-10,LINCOLNSHIRE,LINCOLNSHIRE,Slaughterhouse,"1,322",271
May-10,LINCOLNSHIRE,MID GLAMORGAN,Slaughterhouse,202,0
May-10,LINCOLNSHIRE,NORFOLK,Slaughterhouse,137,1
May-10,LINCOLNSHIRE,NORTH YORKSHIRE,Slaughterhouse,179,56
May-10,LINCOLNSHIRE,NOTTINGHAMSHIRE,Slaughterhouse,7,46
May-10,LINCOLNSHIRE,OXFORDSHIRE,Slaughterhouse,0,19
May-10,LINCOLNSHIRE,SHROPSHIRE,Slaughterhouse,42,8
May-10,LINCOLNSHIRE,SOUTH YORKSHIRE,Slaughterhouse,350,136
May-10,LINCOLNSHIRE,STAFFORDSHIRE,Slaughterhouse,1,88
May-10,LINCOLNSHIRE,STRATHCLYDE,Slaughterhouse,0,16
May-10,LINCOLNSHIRE,SURREY,Slaughterhouse,0,7
May-10,LINCOLNSHIRE,WEST YORKSHIRE,Slaughterhouse,13,49
May-10,LINCOLNSHIRE,,Slaughterhouse,120,164
May-10,LOTHIAN,BORDERS,Slaughterhouse,9,65
May-10,LOTHIAN,CENTRAL,Slaughterhouse,393,48
May-10,LOTHIAN,CUMBRIA,Slaughterhouse,0,8
May-10,LOTHIAN,DERBYSHIRE,Slaughterhouse,0,1
May-10,LOTHIAN,DURHAM,Slaughterhouse,0,1
May-10,LOTHIAN,GRAMPIAN,Slaughterhouse,120,0
May-10,LOTHIAN,HIGHLAND,Slaughterhouse,16,18
May-10,LOTHIAN,HUMBERSIDE,Slaughterhouse,9,6
May-10,LOTHIAN,LANCASHIRE,Slaughterhouse,0,8
May-10,LOTHIAN,SOUTH YORKSHIRE,Slaughterhouse,15,3
May-10,LOTHIAN,STRATHCLYDE,Slaughterhouse,552,99
May-10,LOTHIAN,TAYSIDE,Slaughterhouse,35,40
May-10,LOTHIAN,TYNE & WEAR,Slaughterhouse,8,0
May-10,LOTHIAN,WEST YORKSHIRE,Slaughterhouse,0,10
May-10,LOTHIAN,,Slaughterhouse,7,26
May-10,MERSEYSIDE,AVON,Slaughterhouse,0,8
May-10,MERSEYSIDE,CHESHIRE,Slaughterhouse,7,2
May-10,MERSEYSIDE,CLEVELAND,Slaughterhouse,0,2
May-10,MERSEYSIDE,CLWYD,Slaughterhouse,5,7
May-10,MERSEYSIDE,DEVON,Slaughterhouse,0,2
May-10,MERSEYSIDE,GREATER MANCHESTER,Slaughterhouse,13,9
May-10,MERSEYSIDE,GWYNEDD,Slaughterhouse,0,1
May-10,MERSEYSIDE,HUMBERSIDE,Slaughterhouse,0,4
May-10,MERSEYSIDE,LANCASHIRE,Slaughterhouse,54,1
May-10,MERSEYSIDE,LINCOLNSHIRE,Slaughterhouse,36,0
May-10,MERSEYSIDE,SHROPSHIRE,Slaughterhouse,98,2
May-10,MERSEYSIDE,SOUTH YORKSHIRE,Slaughterhouse,0,2
May-10,MERSEYSIDE,STAFFORDSHIRE,Slaughterhouse,0,9
May-10,MERSEYSIDE,WEST YORKSHIRE,Slaughterhouse,0,1
May-10,MERSEYSIDE,,Slaughterhouse,43,1
May-10,MID GLAMORGAN,AVON,Slaughterhouse,1,10
May-10,MID GLAMORGAN,CHESHIRE,Slaughterhouse,0,1
May-10,MID GLAMORGAN,DEVON,Slaughterhouse,4,3
May-10,MID GLAMORGAN,DURHAM,Slaughterhouse,4,0
May-10,MID GLAMORGAN,DYFED,Slaughterhouse,3,1
May-10,MID GLAMORGAN,GREATER MANCHESTER,Slaughterhouse,0,2
May-10,MID GLAMORGAN,LANCASHIRE,Slaughterhouse,11,3
May-10,MID GLAMORGAN,MID GLAMORGAN,Slaughterhouse,64,0
May-10,MID GLAMORGAN,POWYS,Slaughterhouse,11,0
May-10,MID GLAMORGAN,SHROPSHIRE,Slaughterhouse,4,1
May-10,MID GLAMORGAN,SOMERSET,Slaughterhouse,77,1
May-10,MID GLAMORGAN,STAFFORDSHIRE,Slaughterhouse,0,1
May-10,MID GLAMORGAN,STRATHCLYDE,Slaughterhouse,0,1
May-10,MID GLAMORGAN,WEST GLAMORGAN,Slaughterhouse,11,4
May-10,MID GLAMORGAN,,Slaughterhouse,32,1
May-10,NORFOLK,AVON,Slaughterhouse,0,2
May-10,NORFOLK,BEDFORDSHIRE,Slaughterhouse,381,25
May-10,NORFOLK,CAMBRIDGESHIRE,Slaughterhouse,3,0
May-10,NORFOLK,CORNWALL,Slaughterhouse,0,2
May-10,NORFOLK,CUMBRIA,Slaughterhouse,0,1
May-10,NORFOLK,DERBYSHIRE,Slaughterhouse,0,1
May-10,NORFOLK,DEVON,Slaughterhouse,1,0
May-10,NORFOLK,ESSEX,Slaughterhouse,16,10
May-10,NORFOLK,GREATER MANCHESTER,Slaughterhouse,0,6
May-10,NORFOLK,HAMPSHIRE,Slaughterhouse,0,4
May-10,NORFOLK,LANCASHIRE,Slaughterhouse,57,1
May-10,NORFOLK,LINCOLNSHIRE,Slaughterhouse,836,13
May-10,NORFOLK,MID GLAMORGAN,Slaughterhouse,225,0
May-10,NORFOLK,NORFOLK,Slaughterhouse,925,45
May-10,NORFOLK,NORTH YORKSHIRE,Slaughterhouse,0,7
May-10,NORFOLK,NOTTINGHAMSHIRE,Slaughterhouse,0,11
May-10,NORFOLK,OXFORDSHIRE,Slaughterhouse,0,8
May-10,NORFOLK,SHROPSHIRE,Slaughterhouse,0,4
May-10,NORFOLK,SOUTH YORKSHIRE,Slaughterhouse,151,33
May-10,NORFOLK,STAFFORDSHIRE,Slaughterhouse,0,27
May-10,NORFOLK,STRATHCLYDE,Slaughterhouse,0,3
May-10,NORFOLK,TAYSIDE,Slaughterhouse,1,0
May-10,NORFOLK,WEST YORKSHIRE,Slaughterhouse,0,6
May-10,NORFOLK,,Slaughterhouse,99,69
May-10,NORTHAMPTONSHIRE,AVON,Slaughterhouse,26,5
May-10,NORTHAMPTONSHIRE,BEDFORDSHIRE,Slaughterhouse,232,9
May-10,NORTHAMPTONSHIRE,CAMBRIDGESHIRE,Slaughterhouse,2,0
May-10,NORTHAMPTONSHIRE,CENTRAL,Slaughterhouse,1,0
May-10,NORTHAMPTONSHIRE,DERBYSHIRE,Slaughterhouse,3,5
May-10,NORTHAMPTONSHIRE,DEVON,Slaughterhouse,0,3
May-10,NORTHAMPTONSHIRE,GREATER MANCHESTER,Slaughterhouse,0,33
May-10,NORTHAMPTONSHIRE,HEREFORD & WORCESTER,Slaughterhouse,0,1
May-10,NORTHAMPTONSHIRE,LANCASHIRE,Slaughterhouse,59,8
May-10,NORTHAMPTONSHIRE,LEICESTERSHIRE,Slaughterhouse,52,0
May-10,NORTHAMPTONSHIRE,LINCOLNSHIRE,Slaughterhouse,659,59
May-10,NORTHAMPTONSHIRE,MID GLAMORGAN,Slaughterhouse,202,0
May-10,NORTHAMPTONSHIRE,NORFOLK,Slaughterhouse,0,10
May-10,NORTHAMPTONSHIRE,NORTHAMPTONSHIRE,Slaughterhouse,1,0
May-10,NORTHAMPTONSHIRE,NORTH YORKSHIRE,Slaughterhouse,0,17
May-10,NORTHAMPTONSHIRE,NOTTINGHAMSHIRE,Slaughterhouse,0,10
May-10,NORTHAMPTONSHIRE,OXFORDSHIRE,Slaughterhouse,34,44
May-10,NORTHAMPTONSHIRE,SHROPSHIRE,Slaughterhouse,259,5
May-10,NORTHAMPTONSHIRE,SOUTH YORKSHIRE,Slaughterhouse,13,28
May-10,NORTHAMPTONSHIRE,STAFFORDSHIRE,Slaughterhouse,2,30
May-10,NORTHAMPTONSHIRE,STRATHCLYDE,Slaughterhouse,0,1
May-10,NORTHAMPTONSHIRE,SURREY,Slaughterhouse,116,8
May-10,NORTHAMPTONSHIRE,WARWICKSHIRE,Slaughterhouse,16,0
May-10,NORTHAMPTONSHIRE,WEST YORKSHIRE,Slaughterhouse,0,1
May-10,NORTHAMPTONSHIRE,,Slaughterhouse,118,27
May-10,NORTHUMBERLAND,BORDERS,Slaughterhouse,6,23
May-10,NORTHUMBERLAND,CENTRAL,Slaughterhouse,921,6
May-10,NORTHUMBERLAND,CLEVELAND,Slaughterhouse,1,19
May-10,NORTHUMBERLAND,CUMBRIA,Slaughterhouse,78,12
May-10,NORTHUMBERLAND,DURHAM,Slaughterhouse,244,133
May-10,NORTHUMBERLAND,GRAMPIAN,Slaughterhouse,46,0
May-10,NORTHUMBERLAND,GREATER MANCHESTER,Slaughterhouse,0,22
May-10,NORTHUMBERLAND,HIGHLAND,Slaughterhouse,27,3
May-10,NORTHUMBERLAND,HUMBERSIDE,Slaughterhouse,153,15
May-10,NORTHUMBERLAND,LANCASHIRE,Slaughterhouse,568,6
May-10,NORTHUMBERLAND,LINCOLNSHIRE,Slaughterhouse,0,1
May-10,NORTHUMBERLAND,MID GLAMORGAN,Slaughterhouse,20,0
May-10,NORTHUMBERLAND,NORTH YORKSHIRE,Slaughterhouse,54,4
May-10,NORTHUMBERLAND,SHROPSHIRE,Slaughterhouse,0,1
May-10,NORTHUMBERLAND,SOUTH YORKSHIRE,Slaughterhouse,89,3
May-10,NORTHUMBERLAND,STAFFORDSHIRE,Slaughterhouse,0,6
May-10,NORTHUMBERLAND,STRATHCLYDE,Slaughterhouse,265,12
May-10,NORTHUMBERLAND,TAYSIDE,Slaughterhouse,28,2
May-10,NORTHUMBERLAND,TYNE & WEAR,Slaughterhouse,378,45
May-10,NORTHUMBERLAND,WEST YORKSHIRE,Slaughterhouse,3,40
May-10,NORTHUMBERLAND,,Slaughterhouse,30,25
May-10,NORTH YORKSHIRE,BORDERS,Slaughterhouse,0,7
May-10,NORTH YORKSHIRE,CENTRAL,Slaughterhouse,360,1
May-10,NORTH YORKSHIRE,CHESHIRE,Slaughterhouse,0,5
May-10,NORTH YORKSHIRE,CLEVELAND,Slaughterhouse,953,612
May-10,NORTH YORKSHIRE,CORNWALL,Slaughterhouse,0,0
May-10,NORTH YORKSHIRE,CUMBRIA,Slaughterhouse,167,149
May-10,NORTH YORKSHIRE,DERBYSHIRE,Slaughterhouse,25,8
May-10,NORTH YORKSHIRE,DEVON,Slaughterhouse,0,18
May-10,NORTH YORKSHIRE,DURHAM,Slaughterhouse,626,406
May-10,NORTH YORKSHIRE,DYFED,Slaughterhouse,1,0
May-10,NORTH YORKSHIRE,GRAMPIAN,Slaughterhouse,1,1
May-10,NORTH YORKSHIRE,GREATER MANCHESTER,Slaughterhouse,"1,208",825
May-10,NORTH YORKSHIRE,HUMBERSIDE,Slaughterhouse,"1,329",153
May-10,NORTH YORKSHIRE,LANCASHIRE,Slaughterhouse,"3,701",142
May-10,NORTH YORKSHIRE,LINCOLNSHIRE,Slaughterhouse,"1,175",170
May-10,NORTH YORKSHIRE,MID GLAMORGAN,Slaughterhouse,217,0
May-10,NORTH YORKSHIRE,NORFOLK,Slaughterhouse,0,0
May-10,NORTH YORKSHIRE,NORTH YORKSHIRE,Slaughterhouse,"1,892",163
May-10,NORTH YORKSHIRE,POWYS,Slaughterhouse,3,0
May-10,NORTH YORKSHIRE,SHROPSHIRE,Slaughterhouse,422,66
May-10,NORTH YORKSHIRE,SOUTH YORKSHIRE,Slaughterhouse,585,70
May-10,NORTH YORKSHIRE,STAFFORDSHIRE,Slaughterhouse,0,17
May-10,NORTH YORKSHIRE,STRATHCLYDE,Slaughterhouse,122,21
May-10,NORTH YORKSHIRE,TAYSIDE,Slaughterhouse,6,0
May-10,NORTH YORKSHIRE,TYNE & WEAR,Slaughterhouse,42,0
May-10,NORTH YORKSHIRE,WEST YORKSHIRE,Slaughterhouse,"1,895","1,015"
May-10,NORTH YORKSHIRE,,Slaughterhouse,889,175
May-10,NOTTINGHAMSHIRE,BEDFORDSHIRE,Slaughterhouse,123,8
May-10,NOTTINGHAMSHIRE,CUMBRIA,Slaughterhouse,17,5
May-10,NOTTINGHAMSHIRE,DERBYSHIRE,Slaughterhouse,139,12
May-10,NOTTINGHAMSHIRE,GREATER MANCHESTER,Slaughterhouse,229,38
May-10,NOTTINGHAMSHIRE,HUMBERSIDE,Slaughterhouse,3,0
May-10,NOTTINGHAMSHIRE,LANCASHIRE,Slaughterhouse,96,5
May-10,NOTTINGHAMSHIRE,LEICESTERSHIRE,Slaughterhouse,1,0
May-10,NOTTINGHAMSHIRE,LINCOLNSHIRE,Slaughterhouse,944,113
May-10,NOTTINGHAMSHIRE,MID GLAMORGAN,Slaughterhouse,51,0
May-10,NOTTINGHAMSHIRE,NORFOLK,Slaughterhouse,0,4
May-10,NOTTINGHAMSHIRE,NORTH YORKSHIRE,Slaughterhouse,179,47
May-10,NOTTINGHAMSHIRE,NOTTINGHAMSHIRE,Slaughterhouse,228,12
May-10,NOTTINGHAMSHIRE,OXFORDSHIRE,Slaughterhouse,41,18
May-10,NOTTINGHAMSHIRE,SHROPSHIRE,Slaughterhouse,31,11
May-10,NOTTINGHAMSHIRE,SOUTH YORKSHIRE,Slaughterhouse,565,60
May-10,NOTTINGHAMSHIRE,STAFFORDSHIRE,Slaughterhouse,240,52
May-10,NOTTINGHAMSHIRE,STRATHCLYDE,Slaughterhouse,35,4
May-10,NOTTINGHAMSHIRE,SURREY,Slaughterhouse,30,6
May-10,NOTTINGHAMSHIRE,WEST YORKSHIRE,Slaughterhouse,72,17
May-10,NOTTINGHAMSHIRE,,Slaughterhouse,568,96
May-10,ORKNEY,CENTRAL,Slaughterhouse,158,0
May-10,ORKNEY,CUMBRIA,Slaughterhouse,0,6
May-10,ORKNEY,GRAMPIAN,Slaughterhouse,36,3
May-10,ORKNEY,HIGHLAND,Slaughterhouse,0,6
May-10,ORKNEY,ORKNEY,Slaughterhouse,439,32
May-10,ORKNEY,STRATHCLYDE,Slaughterhouse,5,6
May-10,ORKNEY,TAYSIDE,Slaughterhouse,5,0
May-10,ORKNEY,,Slaughterhouse,0,4
May-10,OXFORDSHIRE,AVON,Slaughterhouse,33,2
May-10,OXFORDSHIRE,BEDFORDSHIRE,Slaughterhouse,193,2
May-10,OXFORDSHIRE,CENTRAL,Slaughterhouse,37,0
May-10,OXFORDSHIRE,DERBYSHIRE,Slaughterhouse,0,1
May-10,OXFORDSHIRE,DEVON,Slaughterhouse,0,1
May-10,OXFORDSHIRE,GLOUCESTERSHIRE,Slaughterhouse,0,1
May-10,OXFORDSHIRE,GRAMPIAN,Slaughterhouse,0,1
May-10,OXFORDSHIRE,GREATER MANCHESTER,Slaughterhouse,0,1
May-10,OXFORDSHIRE,HAMPSHIRE,Slaughterhouse,23,6
May-10,OXFORDSHIRE,HEREFORD & WORCESTER,Slaughterhouse,0,1
May-10,OXFORDSHIRE,LANCASHIRE,Slaughterhouse,11,0
May-10,OXFORDSHIRE,LINCOLNSHIRE,Slaughterhouse,364,2
May-10,OXFORDSHIRE,MID GLAMORGAN,Slaughterhouse,367,3
May-10,OXFORDSHIRE,NORFOLK,Slaughterhouse,0,5
May-10,OXFORDSHIRE,NORTH YORKSHIRE,Slaughterhouse,0,4
May-10,OXFORDSHIRE,OXFORDSHIRE,Slaughterhouse,101,15
May-10,OXFORDSHIRE,SHROPSHIRE,Slaughterhouse,110,0
May-10,OXFORDSHIRE,SOMERSET,Slaughterhouse,114,2
May-10,OXFORDSHIRE,SOUTH YORKSHIRE,Slaughterhouse,150,41
May-10,OXFORDSHIRE,STAFFORDSHIRE,Slaughterhouse,0,9
May-10,OXFORDSHIRE,SURREY,Slaughterhouse,81,0
May-10,OXFORDSHIRE,WARWICKSHIRE,Slaughterhouse,6,0
May-10,OXFORDSHIRE,WILTSHIRE,Slaughterhouse,2,4
May-10,OXFORDSHIRE,,Slaughterhouse,118,3
May-10,POWYS,AVON,Slaughterhouse,7,29
May-10,POWYS,BEDFORDSHIRE,Slaughterhouse,107,103
May-10,POWYS,CHESHIRE,Slaughterhouse,120,6
May-10,POWYS,CLWYD,Slaughterhouse,11,16
May-10,POWYS,CUMBRIA,Slaughterhouse,3,2
May-10,POWYS,DERBYSHIRE,Slaughterhouse,0,1
May-10,POWYS,DEVON,Slaughterhouse,75,90
May-10,POWYS,DURHAM,Slaughterhouse,0,5
May-10,POWYS,DYFED,Slaughterhouse,72,6
May-10,POWYS,GLOUCESTERSHIRE,Slaughterhouse,35,3
May-10,POWYS,GREATER MANCHESTER,Slaughterhouse,24,70
May-10,POWYS,GWYNEDD,Slaughterhouse,2,2
May-10,POWYS,HAMPSHIRE,Slaughterhouse,0,1
May-10,POWYS,HEREFORD & WORCESTER,Slaughterhouse,9,0
May-10,POWYS,HUMBERSIDE,Slaughterhouse,29,0
May-10,POWYS,LANCASHIRE,Slaughterhouse,331,51
May-10,POWYS,LINCOLNSHIRE,Slaughterhouse,39,13
May-10,POWYS,MID GLAMORGAN,Slaughterhouse,320,0
May-10,POWYS,OXFORDSHIRE,Slaughterhouse,0,8
May-10,POWYS,POWYS,Slaughterhouse,230,0
May-10,POWYS,SHROPSHIRE,Slaughterhouse,723,44
May-10,POWYS,SOMERSET,Slaughterhouse,16,2
May-10,POWYS,STAFFORDSHIRE,Slaughterhouse,34,54
May-10,POWYS,TYNE & WEAR,Slaughterhouse,7,10
May-10,POWYS,WARWICKSHIRE,Slaughterhouse,0,1
May-10,POWYS,WEST GLAMORGAN,Slaughterhouse,11,4
May-10,POWYS,WEST MIDLANDS,Slaughterhouse,2,0
May-10,POWYS,WEST YORKSHIRE,Slaughterhouse,0,3
May-10,POWYS,WILTSHIRE,Slaughterhouse,0,6
May-10,POWYS,,Slaughterhouse,259,126
May-10,SCILLY ISLES,CORNWALL,Slaughterhouse,5,0
May-10,SHETLAND,CUMBRIA,Slaughterhouse,0,8
May-10,SHETLAND,SHETLAND,Slaughterhouse,9,0
May-10,SHETLAND,STRATHCLYDE,Slaughterhouse,0,1
May-10,SHETLAND,,Slaughterhouse,0,2
May-10,SHROPSHIRE,AVON,Slaughterhouse,367,150
May-10,SHROPSHIRE,BEDFORDSHIRE,Slaughterhouse,215,104
May-10,SHROPSHIRE,CENTRAL,Slaughterhouse,18,0
May-10,SHROPSHIRE,CHESHIRE,Slaughterhouse,354,45
May-10,SHROPSHIRE,CLWYD,Slaughterhouse,40,5
May-10,SHROPSHIRE,CUMBRIA,Slaughterhouse,3,2
May-10,SHROPSHIRE,DERBYSHIRE,Slaughterhouse,67,23
May-10,SHROPSHIRE,DEVON,Slaughterhouse,764,249
May-10,SHROPSHIRE,DURHAM,Slaughterhouse,51,13
May-10,SHROPSHIRE,DYFED,Slaughterhouse,11,1
May-10,SHROPSHIRE,GLOUCESTERSHIRE,Slaughterhouse,16,11
May-10,SHROPSHIRE,GRAMPIAN,Slaughterhouse,0,0
May-10,SHROPSHIRE,GREATER MANCHESTER,Slaughterhouse,814,408
May-10,SHROPSHIRE,HAMPSHIRE,Slaughterhouse,7,0
May-10,SHROPSHIRE,HEREFORD & WORCESTER,Slaughterhouse,35,2
May-10,SHROPSHIRE,HUMBERSIDE,Slaughterhouse,6,1
May-10,SHROPSHIRE,LANCASHIRE,Slaughterhouse,381,73
May-10,SHROPSHIRE,LINCOLNSHIRE,Slaughterhouse,555,112
May-10,SHROPSHIRE,MID GLAMORGAN,Slaughterhouse,84,0
May-10,SHROPSHIRE,NORFOLK,Slaughterhouse,0,36
May-10,SHROPSHIRE,NORTH YORKSHIRE,Slaughterhouse,3,3
May-10,SHROPSHIRE,OXFORDSHIRE,Slaughterhouse,283,165
May-10,SHROPSHIRE,SHROPSHIRE,Slaughterhouse,"2,818",262
May-10,SHROPSHIRE,SOMERSET,Slaughterhouse,76,10
May-10,SHROPSHIRE,SOUTH YORKSHIRE,Slaughterhouse,20,0
May-10,SHROPSHIRE,STAFFORDSHIRE,Slaughterhouse,"1,214",584
May-10,SHROPSHIRE,STRATHCLYDE,Slaughterhouse,112,37
May-10,SHROPSHIRE,TYNE & WEAR,Slaughterhouse,7,0
May-10,SHROPSHIRE,WARWICKSHIRE,Slaughterhouse,89,38
May-10,SHROPSHIRE,WEST MIDLANDS,Slaughterhouse,72,3
May-10,SHROPSHIRE,WEST YORKSHIRE,Slaughterhouse,148,76
May-10,SHROPSHIRE,WILTSHIRE,Slaughterhouse,117,51
May-10,SHROPSHIRE,,Slaughterhouse,"1,290",412
May-10,SOMERSET,AVON,Slaughterhouse,440,48
May-10,SOMERSET,BEDFORDSHIRE,Slaughterhouse,77,49
May-10,SOMERSET,CHESHIRE,Slaughterhouse,0,1
May-10,SOMERSET,CORNWALL,Slaughterhouse,375,106
May-10,SOMERSET,DEVON,Slaughterhouse,318,80
May-10,SOMERSET,DORSET,Slaughterhouse,59,0
May-10,SOMERSET,GLOUCESTERSHIRE,Slaughterhouse,209,86
May-10,SOMERSET,GREATER MANCHESTER,Slaughterhouse,0,4
May-10,SOMERSET,KENT,Slaughterhouse,30,12
May-10,SOMERSET,LANCASHIRE,Slaughterhouse,71,29
May-10,SOMERSET,LINCOLNSHIRE,Slaughterhouse,55,0
May-10,SOMERSET,MID GLAMORGAN,Slaughterhouse,95,0
May-10,SOMERSET,OXFORDSHIRE,Slaughterhouse,52,32
May-10,SOMERSET,SHROPSHIRE,Slaughterhouse,399,14
May-10,SOMERSET,SOMERSET,Slaughterhouse,"1,737",45
May-10,SOMERSET,SOUTH YORKSHIRE,Slaughterhouse,107,0
May-10,SOMERSET,STAFFORDSHIRE,Slaughterhouse,0,1
May-10,SOMERSET,SURREY,Slaughterhouse,40,0
May-10,SOMERSET,WARWICKSHIRE,Slaughterhouse,0,1
May-10,SOMERSET,WEST YORKSHIRE,Slaughterhouse,31,11
May-10,SOMERSET,WILTSHIRE,Slaughterhouse,85,1
May-10,SOMERSET,,Slaughterhouse,620,73
May-10,SOUTH GLAMORGAN,AVON,Slaughterhouse,2,9
May-10,SOUTH GLAMORGAN,DEVON,Slaughterhouse,0,3
May-10,SOUTH GLAMORGAN,DYFED,Slaughterhouse,26,1
May-10,SOUTH GLAMORGAN,GLOUCESTERSHIRE,Slaughterhouse,0,3
May-10,SOUTH GLAMORGAN,GRAMPIAN,Slaughterhouse,0,1
May-10,SOUTH GLAMORGAN,LANCASHIRE,Slaughterhouse,83,3
May-10,SOUTH GLAMORGAN,LINCOLNSHIRE,Slaughterhouse,0,9
May-10,SOUTH GLAMORGAN,MID GLAMORGAN,Slaughterhouse,195,0
May-10,SOUTH GLAMORGAN,OXFORDSHIRE,Slaughterhouse,0,2
May-10,SOUTH GLAMORGAN,SHROPSHIRE,Slaughterhouse,11,0
May-10,SOUTH GLAMORGAN,SOMERSET,Slaughterhouse,29,2
May-10,SOUTH GLAMORGAN,SURREY,Slaughterhouse,50,0
May-10,SOUTH GLAMORGAN,WEST GLAMORGAN,Slaughterhouse,4,2
May-10,SOUTH GLAMORGAN,WILTSHIRE,Slaughterhouse,0,2
May-10,SOUTH GLAMORGAN,,Slaughterhouse,15,3
May-10,SOUTH YORKSHIRE,AVON,Slaughterhouse,1,0
May-10,SOUTH YORKSHIRE,BEDFORDSHIRE,Slaughterhouse,0,3
May-10,SOUTH YORKSHIRE,CHESHIRE,Slaughterhouse,46,1
May-10,SOUTH YORKSHIRE,CLEVELAND,Slaughterhouse,0,33
May-10,SOUTH YORKSHIRE,CORNWALL,Slaughterhouse,5,0
May-10,SOUTH YORKSHIRE,CUMBRIA,Slaughterhouse,2,2
May-10,SOUTH YORKSHIRE,DERBYSHIRE,Slaughterhouse,17,2
May-10,SOUTH YORKSHIRE,DURHAM,Slaughterhouse,0,2
May-10,SOUTH YORKSHIRE,GRAMPIAN,Slaughterhouse,1,0
May-10,SOUTH YORKSHIRE,GREATER MANCHESTER,Slaughterhouse,0,51
May-10,SOUTH YORKSHIRE,HUMBERSIDE,Slaughterhouse,11,0
May-10,SOUTH YORKSHIRE,LANCASHIRE,Slaughterhouse,65,9
May-10,SOUTH YORKSHIRE,LINCOLNSHIRE,Slaughterhouse,0,15
May-10,SOUTH YORKSHIRE,NORFOLK,Slaughterhouse,2,0
May-10,SOUTH YORKSHIRE,NORTH YORKSHIRE,Slaughterhouse,9,12
May-10,SOUTH YORKSHIRE,NOTTINGHAMSHIRE,Slaughterhouse,1,0
May-10,SOUTH YORKSHIRE,POWYS,Slaughterhouse,0,2
May-10,SOUTH YORKSHIRE,SHROPSHIRE,Slaughterhouse,0,1
May-10,SOUTH YORKSHIRE,SOMERSET,Slaughterhouse,3,0
May-10,SOUTH YORKSHIRE,SOUTH YORKSHIRE,Slaughterhouse,573,19
May-10,SOUTH YORKSHIRE,STAFFORDSHIRE,Slaughterhouse,6,11
May-10,SOUTH YORKSHIRE,STRATHCLYDE,Slaughterhouse,0,2
May-10,SOUTH YORKSHIRE,WEST YORKSHIRE,Slaughterhouse,102,74
May-10,SOUTH YORKSHIRE,,Slaughterhouse,187,3
May-10,STAFFORDSHIRE,AVON,Slaughterhouse,0,55
May-10,STAFFORDSHIRE,BEDFORDSHIRE,Slaughterhouse,88,95
May-10,STAFFORDSHIRE,CHESHIRE,Slaughterhouse,89,25
May-10,STAFFORDSHIRE,DERBYSHIRE,Slaughterhouse,46,37
May-10,STAFFORDSHIRE,DEVON,Slaughterhouse,33,195
May-10,STAFFORDSHIRE,DURHAM,Slaughterhouse,0,15
May-10,STAFFORDSHIRE,GLOUCESTERSHIRE,Slaughterhouse,0,1
May-10,STAFFORDSHIRE,GREATER MANCHESTER,Slaughterhouse,23,123
May-10,STAFFORDSHIRE,HUMBERSIDE,Slaughterhouse,0,1
May-10,STAFFORDSHIRE,LANCASHIRE,Slaughterhouse,318,52
May-10,STAFFORDSHIRE,LINCOLNSHIRE,Slaughterhouse,125,15
May-10,STAFFORDSHIRE,MID GLAMORGAN,Slaughterhouse,147,0
May-10,STAFFORDSHIRE,NORTH YORKSHIRE,Slaughterhouse,1,0
May-10,STAFFORDSHIRE,OXFORDSHIRE,Slaughterhouse,0,47
May-10,STAFFORDSHIRE,SHROPSHIRE,Slaughterhouse,948,60
May-10,STAFFORDSHIRE,SOMERSET,Slaughterhouse,42,0
May-10,STAFFORDSHIRE,SOUTH YORKSHIRE,Slaughterhouse,92,23
May-10,STAFFORDSHIRE,STAFFORDSHIRE,Slaughterhouse,"1,217",291
May-10,STAFFORDSHIRE,STRATHCLYDE,Slaughterhouse,17,53
May-10,STAFFORDSHIRE,SURREY,Slaughterhouse,16,0
May-10,STAFFORDSHIRE,WARWICKSHIRE,Slaughterhouse,0,7
May-10,STAFFORDSHIRE,WEST MIDLANDS,Slaughterhouse,0,3
May-10,STAFFORDSHIRE,WEST YORKSHIRE,Slaughterhouse,40,94
May-10,STAFFORDSHIRE,WILTSHIRE,Slaughterhouse,0,18
May-10,STAFFORDSHIRE,,Slaughterhouse,337,106
May-10,STRATHCLYDE,BORDERS,Slaughterhouse,0,4
May-10,STRATHCLYDE,CENTRAL,Slaughterhouse,916,13
May-10,STRATHCLYDE,CUMBRIA,Slaughterhouse,125,95
May-10,STRATHCLYDE,DERBYSHIRE,Slaughterhouse,0,9
May-10,STRATHCLYDE,GRAMPIAN,Slaughterhouse,184,0
May-10,STRATHCLYDE,HIGHLAND,Slaughterhouse,52,38
May-10,STRATHCLYDE,LANCASHIRE,Slaughterhouse,140,124
May-10,STRATHCLYDE,SHROPSHIRE,Slaughterhouse,0,0
May-10,STRATHCLYDE,SOUTH YORKSHIRE,Slaughterhouse,84,67
May-10,STRATHCLYDE,STRATHCLYDE,Slaughterhouse,"2,938",398
May-10,STRATHCLYDE,TAYSIDE,Slaughterhouse,534,85
May-10,STRATHCLYDE,WEST YORKSHIRE,Slaughterhouse,0,1
May-10,STRATHCLYDE,,Slaughterhouse,390,203
May-10,SUFFOLK,AVON,Slaughterhouse,0,3
May-10,SUFFOLK,BEDFORDSHIRE,Slaughterhouse,93,4
May-10,SUFFOLK,CENTRAL,Slaughterhouse,0,10
May-10,SUFFOLK,DERBYSHIRE,Slaughterhouse,0,2
May-10,SUFFOLK,DEVON,Slaughterhouse,0,3
May-10,SUFFOLK,DURHAM,Slaughterhouse,0,4
May-10,SUFFOLK,ESSEX,Slaughterhouse,50,133
May-10,SUFFOLK,GREATER MANCHESTER,Slaughterhouse,0,2
May-10,SUFFOLK,HAMPSHIRE,Slaughterhouse,0,32
May-10,SUFFOLK,LANCASHIRE,Slaughterhouse,4,2
May-10,SUFFOLK,LINCOLNSHIRE,Slaughterhouse,434,3
May-10,SUFFOLK,MID GLAMORGAN,Slaughterhouse,158,0
May-10,SUFFOLK,NORFOLK,Slaughterhouse,360,30
May-10,SUFFOLK,NORTH YORKSHIRE,Slaughterhouse,0,2
May-10,SUFFOLK,NOTTINGHAMSHIRE,Slaughterhouse,0,2
May-10,SUFFOLK,SHROPSHIRE,Slaughterhouse,14,0
May-10,SUFFOLK,SOMERSET,Slaughterhouse,0,2
May-10,SUFFOLK,SOUTH YORKSHIRE,Slaughterhouse,5,2
May-10,SUFFOLK,STAFFORDSHIRE,Slaughterhouse,0,1
May-10,SUFFOLK,SUFFOLK,Slaughterhouse,8,0
May-10,SUFFOLK,SURREY,Slaughterhouse,0,2
May-10,SUFFOLK,WEST YORKSHIRE,Slaughterhouse,0,2
May-10,SUFFOLK,,Slaughterhouse,256,10
May-10,SURREY,BEDFORDSHIRE,Slaughterhouse,0,5
May-10,SURREY,DEVON,Slaughterhouse,0,3
May-10,SURREY,EAST SUSSEX,Slaughterhouse,4,0
May-10,SURREY,ESSEX,Slaughterhouse,0,1
May-10,SURREY,GREATER LONDON,Slaughterhouse,0,1
May-10,SURREY,HAMPSHIRE,Slaughterhouse,62,9
May-10,SURREY,HEREFORD & WORCESTER,Slaughterhouse,1,0
May-10,SURREY,KENT,Slaughterhouse,31,9
May-10,SURREY,SOMERSET,Slaughterhouse,4,3
May-10,SURREY,SURREY,Slaughterhouse,336,0
May-10,SURREY,WARWICKSHIRE,Slaughterhouse,0,0
May-10,SURREY,WEST SUSSEX,Slaughterhouse,7,0
May-10,SURREY,,Slaughterhouse,44,0
May-10,TAYSIDE,AVON,Slaughterhouse,0,1
May-10,TAYSIDE,CENTRAL,Slaughterhouse,"1,081",36
May-10,TAYSIDE,CLEVELAND,Slaughterhouse,0,1
May-10,TAYSIDE,CUMBRIA,Slaughterhouse,9,6
May-10,TAYSIDE,FIFE,Slaughterhouse,156,52
May-10,TAYSIDE,GRAMPIAN,Slaughterhouse,665,34
May-10,TAYSIDE,HIGHLAND,Slaughterhouse,3,0
May-10,TAYSIDE,HUMBERSIDE,Slaughterhouse,20,0
May-10,TAYSIDE,LANCASHIRE,Slaughterhouse,29,6
May-10,TAYSIDE,ORKNEY,Slaughterhouse,3,0
May-10,TAYSIDE,STRATHCLYDE,Slaughterhouse,258,60
May-10,TAYSIDE,TAYSIDE,Slaughterhouse,"1,227",18
May-10,TAYSIDE,,Slaughterhouse,163,59
May-10,TYNE & WEAR,BORDERS,Slaughterhouse,0,1
May-10,TYNE & WEAR,CENTRAL,Slaughterhouse,31,0
May-10,TYNE & WEAR,CLEVELAND,Slaughterhouse,0,7
May-10,TYNE & WEAR,CUMBRIA,Slaughterhouse,0,1
May-10,TYNE & WEAR,DURHAM,Slaughterhouse,9,12
May-10,TYNE & WEAR,GREATER MANCHESTER,Slaughterhouse,0,2
May-10,TYNE & WEAR,HUMBERSIDE,Slaughterhouse,0,3
May-10,TYNE & WEAR,MID GLAMORGAN,Slaughterhouse,6,0
May-10,TYNE & WEAR,NORTH YORKSHIRE,Slaughterhouse,2,0
May-10,TYNE & WEAR,SHROPSHIRE,Slaughterhouse,0,2
May-10,TYNE & WEAR,SOUTH YORKSHIRE,Slaughterhouse,14,0
May-10,TYNE & WEAR,TYNE & WEAR,Slaughterhouse,72,0
May-10,TYNE & WEAR,WEST YORKSHIRE,Slaughterhouse,0,5
May-10,TYNE & WEAR,,Slaughterhouse,0,5
May-10,WARWICKSHIRE,AVON,Slaughterhouse,0,7
May-10,WARWICKSHIRE,BEDFORDSHIRE,Slaughterhouse,44,8
May-10,WARWICKSHIRE,CENTRAL,Slaughterhouse,4,0
May-10,WARWICKSHIRE,DERBYSHIRE,Slaughterhouse,0,1
May-10,WARWICKSHIRE,DEVON,Slaughterhouse,0,8
May-10,WARWICKSHIRE,GLOUCESTERSHIRE,Slaughterhouse,0,2
May-10,WARWICKSHIRE,GREATER MANCHESTER,Slaughterhouse,0,3
May-10,WARWICKSHIRE,HAMPSHIRE,Slaughterhouse,4,0
May-10,WARWICKSHIRE,HEREFORD & WORCESTER,Slaughterhouse,16,2
May-10,WARWICKSHIRE,LANCASHIRE,Slaughterhouse,75,6
May-10,WARWICKSHIRE,LEICESTERSHIRE,Slaughterhouse,41,24
May-10,WARWICKSHIRE,LINCOLNSHIRE,Slaughterhouse,423,39
May-10,WARWICKSHIRE,MID GLAMORGAN,Slaughterhouse,185,0
May-10,WARWICKSHIRE,NORFOLK,Slaughterhouse,0,15
May-10,WARWICKSHIRE,NORTH YORKSHIRE,Slaughterhouse,73,46
May-10,WARWICKSHIRE,NOTTINGHAMSHIRE,Slaughterhouse,0,6
May-10,WARWICKSHIRE,OXFORDSHIRE,Slaughterhouse,104,75
May-10,WARWICKSHIRE,SHROPSHIRE,Slaughterhouse,83,12
May-10,WARWICKSHIRE,SOMERSET,Slaughterhouse,0,4
May-10,WARWICKSHIRE,SOUTH YORKSHIRE,Slaughterhouse,24,11
May-10,WARWICKSHIRE,STAFFORDSHIRE,Slaughterhouse,79,31
May-10,WARWICKSHIRE,STRATHCLYDE,Slaughterhouse,0,6
May-10,WARWICKSHIRE,SURREY,Slaughterhouse,68,4
May-10,WARWICKSHIRE,WARWICKSHIRE,Slaughterhouse,73,1
May-10,WARWICKSHIRE,WEST MIDLANDS,Slaughterhouse,3,0
May-10,WARWICKSHIRE,WEST YORKSHIRE,Slaughterhouse,0,5
May-10,WARWICKSHIRE,,Slaughterhouse,243,30
May-10,WESTERN ISLES,WESTERN ISLES,Slaughterhouse,6,0
May-10,WEST GLAMORGAN,AVON,Slaughterhouse,0,14
May-10,WEST GLAMORGAN,BEDFORDSHIRE,Slaughterhouse,0,6
May-10,WEST GLAMORGAN,DEVON,Slaughterhouse,0,1
May-10,WEST GLAMORGAN,DYFED,Slaughterhouse,29,8
May-10,WEST GLAMORGAN,GLOUCESTERSHIRE,Slaughterhouse,0,2
May-10,WEST GLAMORGAN,LANCASHIRE,Slaughterhouse,9,0
May-10,WEST GLAMORGAN,LINCOLNSHIRE,Slaughterhouse,0,6
May-10,WEST GLAMORGAN,MID GLAMORGAN,Slaughterhouse,75,0
May-10,WEST GLAMORGAN,OXFORDSHIRE,Slaughterhouse,0,1
May-10,WEST GLAMORGAN,SHROPSHIRE,Slaughterhouse,2,2
May-10,WEST GLAMORGAN,SOMERSET,Slaughterhouse,2,0
May-10,WEST GLAMORGAN,SOUTH YORKSHIRE,Slaughterhouse,33,0
May-10,WEST GLAMORGAN,SURREY,Slaughterhouse,11,0
May-10,WEST GLAMORGAN,TAYSIDE,Slaughterhouse,1,0
May-10,WEST GLAMORGAN,WEST GLAMORGAN,Slaughterhouse,26,0
May-10,WEST GLAMORGAN,WILTSHIRE,Slaughterhouse,0,2
May-10,WEST GLAMORGAN,,Slaughterhouse,19,7
May-10,WEST MIDLANDS,GREATER MANCHESTER,Slaughterhouse,0,4
May-10,WEST MIDLANDS,LANCASHIRE,Slaughterhouse,0,1
May-10,WEST MIDLANDS,LEICESTERSHIRE,Slaughterhouse,4,0
May-10,WEST MIDLANDS,LINCOLNSHIRE,Slaughterhouse,0,3
May-10,WEST MIDLANDS,MID GLAMORGAN,Slaughterhouse,19,0
May-10,WEST MIDLANDS,NORTH YORKSHIRE,Slaughterhouse,0,1
May-10,WEST MIDLANDS,NOTTINGHAMSHIRE,Slaughterhouse,0,3
May-10,WEST MIDLANDS,OXFORDSHIRE,Slaughterhouse,0,1
May-10,WEST MIDLANDS,SHROPSHIRE,Slaughterhouse,7,0
May-10,WEST MIDLANDS,SOUTH YORKSHIRE,Slaughterhouse,1,1
May-10,WEST MIDLANDS,STAFFORDSHIRE,Slaughterhouse,6,4
May-10,WEST MIDLANDS,STRATHCLYDE,Slaughterhouse,0,2
May-10,WEST MIDLANDS,WARWICKSHIRE,Slaughterhouse,2,0
May-10,WEST MIDLANDS,,Slaughterhouse,38,3
May-10,WEST SUSSEX,AVON,Slaughterhouse,0,2
May-10,WEST SUSSEX,BEDFORDSHIRE,Slaughterhouse,2,9
May-10,WEST SUSSEX,DEVON,Slaughterhouse,0,1
May-10,WEST SUSSEX,EAST SUSSEX,Slaughterhouse,3,2
May-10,WEST SUSSEX,GREATER LONDON,Slaughterhouse,7,1
May-10,WEST SUSSEX,HAMPSHIRE,Slaughterhouse,35,1
May-10,WEST SUSSEX,KENT,Slaughterhouse,4,4
May-10,WEST SUSSEX,LINCOLNSHIRE,Slaughterhouse,80,0
May-10,WEST SUSSEX,MID GLAMORGAN,Slaughterhouse,52,0
May-10,WEST SUSSEX,SOMERSET,Slaughterhouse,337,9
May-10,WEST SUSSEX,SURREY,Slaughterhouse,198,0
May-10,WEST SUSSEX,WEST SUSSEX,Slaughterhouse,26,0
May-10,WEST SUSSEX,,Slaughterhouse,59,0
May-10,WEST YORKSHIRE,CHESHIRE,Slaughterhouse,1,1
May-10,WEST YORKSHIRE,CLEVELAND,Slaughterhouse,7,76
May-10,WEST YORKSHIRE,CUMBRIA,Slaughterhouse,5,4
May-10,WEST YORKSHIRE,DURHAM,Slaughterhouse,83,31
May-10,WEST YORKSHIRE,GREATER MANCHESTER,Slaughterhouse,48,93
May-10,WEST YORKSHIRE,HUMBERSIDE,Slaughterhouse,54,9
May-10,WEST YORKSHIRE,LANCASHIRE,Slaughterhouse,241,23
May-10,WEST YORKSHIRE,LINCOLNSHIRE,Slaughterhouse,0,22
May-10,WEST YORKSHIRE,NORTH YORKSHIRE,Slaughterhouse,35,8
May-10,WEST YORKSHIRE,POWYS,Slaughterhouse,0,1
May-10,WEST YORKSHIRE,SHROPSHIRE,Slaughterhouse,4,3
May-10,WEST YORKSHIRE,SOUTH YORKSHIRE,Slaughterhouse,310,27
May-10,WEST YORKSHIRE,STRATHCLYDE,Slaughterhouse,0,5
May-10,WEST YORKSHIRE,WEST YORKSHIRE,Slaughterhouse,517,238
May-10,WEST YORKSHIRE,,Slaughterhouse,31,6
May-10,WILTSHIRE,AVON,Slaughterhouse,619,16
May-10,WILTSHIRE,BEDFORDSHIRE,Slaughterhouse,79,1
May-10,WILTSHIRE,DEVON,Slaughterhouse,49,32
May-10,WILTSHIRE,DORSET,Slaughterhouse,21,0
May-10,WILTSHIRE,GLOUCESTERSHIRE,Slaughterhouse,29,44
May-10,WILTSHIRE,GREATER MANCHESTER,Slaughterhouse,0,1
May-10,WILTSHIRE,HAMPSHIRE,Slaughterhouse,13,0
May-10,WILTSHIRE,HUMBERSIDE,Slaughterhouse,2,0
May-10,WILTSHIRE,LANCASHIRE,Slaughterhouse,36,0
May-10,WILTSHIRE,LINCOLNSHIRE,Slaughterhouse,121,0
May-10,WILTSHIRE,MID GLAMORGAN,Slaughterhouse,138,2
May-10,WILTSHIRE,OXFORDSHIRE,Slaughterhouse,38,8
May-10,WILTSHIRE,SHROPSHIRE,Slaughterhouse,62,13
May-10,WILTSHIRE,SOMERSET,Slaughterhouse,571,15
May-10,WILTSHIRE,SOUTH YORKSHIRE,Slaughterhouse,34,0
May-10,WILTSHIRE,STRATHCLYDE,Slaughterhouse,0,2
May-10,WILTSHIRE,SURREY,Slaughterhouse,48,0
May-10,WILTSHIRE,WARWICKSHIRE,Slaughterhouse,1,0
May-10,WILTSHIRE,WEST YORKSHIRE,Slaughterhouse,0,1
May-10,WILTSHIRE,WILTSHIRE,Slaughterhouse,243,7
May-10,WILTSHIRE,,Slaughterhouse,226,34
May-10,0,CENTRAL,Slaughterhouse,10,0
May-10,0,CLWYD,Slaughterhouse,0,0
May-10,0,CORNWALL,Slaughterhouse,2,0
May-10,0,CUMBRIA,Slaughterhouse,0,1
May-10,0,DEVON,Slaughterhouse,1,0
May-10,0,GRAMPIAN,Slaughterhouse,8,0
May-10,0,LANCASHIRE,Slaughterhouse,18,0
May-10,0,LINCOLNSHIRE,Slaughterhouse,220,0
May-10,0,SOUTH YORKSHIRE,Slaughterhouse,1,0
May-10,0,STRATHCLYDE,Slaughterhouse,1,0
May-10,0,TAYSIDE,Slaughterhouse,5,0
May-10,0,WEST YORKSHIRE,Slaughterhouse,1,0
Jun-10,AVON,AVON,Slaughterhouse,598,55
Jun-10,AVON,BEDFORDSHIRE,Slaughterhouse,49,5
Jun-10,AVON,CORNWALL,Slaughterhouse,24,23
Jun-10,AVON,DEVON,Slaughterhouse,0,27
Jun-10,AVON,DORSET,Slaughterhouse,0,1
Jun-10,AVON,DYFED,Slaughterhouse,0,1
Jun-10,AVON,GLOUCESTERSHIRE,Slaughterhouse,27,42
Jun-10,AVON,GRAMPIAN,Slaughterhouse,9,0
Jun-10,AVON,HUMBERSIDE,Slaughterhouse,4,0
Jun-10,AVON,KENT,Slaughterhouse,0,4
Jun-10,AVON,LANCASHIRE,Slaughterhouse,8,13
Jun-10,AVON,LINCOLNSHIRE,Slaughterhouse,79,9
Jun-10,AVON,MID GLAMORGAN,Slaughterhouse,146,0
Jun-10,AVON,OXFORDSHIRE,Slaughterhouse,0,32
Jun-10,AVON,SHROPSHIRE,Slaughterhouse,19,17
Jun-10,AVON,SOMERSET,Slaughterhouse,114,12
Jun-10,AVON,STAFFORDSHIRE,Slaughterhouse,1,0
Jun-10,AVON,SURREY,Slaughterhouse,23,0
Jun-10,AVON,WILTSHIRE,Slaughterhouse,365,17
Jun-10,AVON,,Slaughterhouse,6,35
Jun-10,BEDFORDSHIRE,BEDFORDSHIRE,Slaughterhouse,194,0
Jun-10,BEDFORDSHIRE,CAMBRIDGESHIRE,Slaughterhouse,16,0
Jun-10,BEDFORDSHIRE,CENTRAL,Slaughterhouse,9,0
Jun-10,BEDFORDSHIRE,GREATER LONDON,Slaughterhouse,4,0
Jun-10,BEDFORDSHIRE,LEICESTERSHIRE,Slaughterhouse,4,0
Jun-10,BEDFORDSHIRE,LINCOLNSHIRE,Slaughterhouse,77,0
Jun-10,BEDFORDSHIRE,OXFORDSHIRE,Slaughterhouse,3,1
Jun-10,BEDFORDSHIRE,SHROPSHIRE,Slaughterhouse,21,0
Jun-10,BEDFORDSHIRE,SOUTH YORKSHIRE,Slaughterhouse,0,3
Jun-10,BEDFORDSHIRE,SURREY,Slaughterhouse,18,0
Jun-10,BERKSHIRE,AVON,Slaughterhouse,31,2
Jun-10,BERKSHIRE,BEDFORDSHIRE,Slaughterhouse,36,0
Jun-10,BERKSHIRE,GLOUCESTERSHIRE,Slaughterhouse,0,3
Jun-10,BERKSHIRE,HAMPSHIRE,Slaughterhouse,167,4
Jun-10,BERKSHIRE,LANCASHIRE,Slaughterhouse,21,2
Jun-10,BERKSHIRE,LINCOLNSHIRE,Slaughterhouse,76,0
Jun-10,BERKSHIRE,MID GLAMORGAN,Slaughterhouse,6,0
Jun-10,BERKSHIRE,OXFORDSHIRE,Slaughterhouse,30,0
Jun-10,BERKSHIRE,SOMERSET,Slaughterhouse,162,0
Jun-10,BERKSHIRE,SOUTH YORKSHIRE,Slaughterhouse,0,7
Jun-10,BERKSHIRE,SURREY,Slaughterhouse,63,0
Jun-10,BERKSHIRE,WEST SUSSEX,Slaughterhouse,2,0
Jun-10,BERKSHIRE,WILTSHIRE,Slaughterhouse,3,0
Jun-10,BERKSHIRE,,Slaughterhouse,13,0
Jun-10,BORDERS,BORDERS,Slaughterhouse,272,157
Jun-10,BORDERS,CENTRAL,Slaughterhouse,"1,009",81
Jun-10,BORDERS,CUMBRIA,Slaughterhouse,32,11
Jun-10,BORDERS,DURHAM,Slaughterhouse,0,1
Jun-10,BORDERS,GRAMPIAN,Slaughterhouse,179,15
Jun-10,BORDERS,HIGHLAND,Slaughterhouse,104,60
Jun-10,BORDERS,LANCASHIRE,Slaughterhouse,111,4
Jun-10,BORDERS,NORFOLK,Slaughterhouse,0,1
Jun-10,BORDERS,SHROPSHIRE,Slaughterhouse,1,0
Jun-10,BORDERS,SOUTH YORKSHIRE,Slaughterhouse,79,0
Jun-10,BORDERS,STRATHCLYDE,Slaughterhouse,"1,182",130
Jun-10,BORDERS,TAYSIDE,Slaughterhouse,166,24
Jun-10,BORDERS,TYNE & WEAR,Slaughterhouse,45,0
Jun-10,BORDERS,WEST YORKSHIRE,Slaughterhouse,68,49
Jun-10,BORDERS,,Slaughterhouse,87,41
Jun-10,BUCKINGHAMSHIRE,AVON,Slaughterhouse,38,0
Jun-10,BUCKINGHAMSHIRE,BEDFORDSHIRE,Slaughterhouse,303,0
Jun-10,BUCKINGHAMSHIRE,CENTRAL,Slaughterhouse,95,0
Jun-10,BUCKINGHAMSHIRE,CORNWALL,Slaughterhouse,1,0
Jun-10,BUCKINGHAMSHIRE,GLOUCESTERSHIRE,Slaughterhouse,0,2
Jun-10,BUCKINGHAMSHIRE,GREATER LONDON,Slaughterhouse,21,0
Jun-10,BUCKINGHAMSHIRE,HAMPSHIRE,Slaughterhouse,30,9
Jun-10,BUCKINGHAMSHIRE,LANCASHIRE,Slaughterhouse,96,9
Jun-10,BUCKINGHAMSHIRE,LEICESTERSHIRE,Slaughterhouse,3,0
Jun-10,BUCKINGHAMSHIRE,LINCOLNSHIRE,Slaughterhouse,439,7
Jun-10,BUCKINGHAMSHIRE,MID GLAMORGAN,Slaughterhouse,245,25
Jun-10,BUCKINGHAMSHIRE,NORFOLK,Slaughterhouse,7,0
Jun-10,BUCKINGHAMSHIRE,NORTH YORKSHIRE,Slaughterhouse,0,1
Jun-10,BUCKINGHAMSHIRE,OXFORDSHIRE,Slaughterhouse,46,13
Jun-10,BUCKINGHAMSHIRE,SHROPSHIRE,Slaughterhouse,0,1
Jun-10,BUCKINGHAMSHIRE,SOMERSET,Slaughterhouse,53,0
Jun-10,BUCKINGHAMSHIRE,SOUTH YORKSHIRE,Slaughterhouse,45,19
Jun-10,BUCKINGHAMSHIRE,STAFFORDSHIRE,Slaughterhouse,0,4
Jun-10,BUCKINGHAMSHIRE,STRATHCLYDE,Slaughterhouse,0,1
Jun-10,BUCKINGHAMSHIRE,SURREY,Slaughterhouse,138,1
Jun-10,BUCKINGHAMSHIRE,WILTSHIRE,Slaughterhouse,8,0
Jun-10,BUCKINGHAMSHIRE,,Slaughterhouse,74,5
Jun-10,CAMBRIDGESHIRE,BEDFORDSHIRE,Slaughterhouse,236,5
Jun-10,CAMBRIDGESHIRE,CAMBRIDGESHIRE,Slaughterhouse,34,0
Jun-10,CAMBRIDGESHIRE,CORNWALL,Slaughterhouse,168,0
Jun-10,CAMBRIDGESHIRE,CUMBRIA,Slaughterhouse,0,5
Jun-10,CAMBRIDGESHIRE,DERBYSHIRE,Slaughterhouse,0,1
Jun-10,CAMBRIDGESHIRE,ESSEX,Slaughterhouse,8,12
Jun-10,CAMBRIDGESHIRE,GRAMPIAN,Slaughterhouse,0,8
Jun-10,CAMBRIDGESHIRE,GREATER MANCHESTER,Slaughterhouse,0,15
Jun-10,CAMBRIDGESHIRE,HAMPSHIRE,Slaughterhouse,0,7
Jun-10,CAMBRIDGESHIRE,LANCASHIRE,Slaughterhouse,0,12
Jun-10,CAMBRIDGESHIRE,LINCOLNSHIRE,Slaughterhouse,631,41
Jun-10,CAMBRIDGESHIRE,MID GLAMORGAN,Slaughterhouse,42,0
Jun-10,CAMBRIDGESHIRE,NORFOLK,Slaughterhouse,26,7
Jun-10,CAMBRIDGESHIRE,NORTH YORKSHIRE,Slaughterhouse,0,3
Jun-10,CAMBRIDGESHIRE,NOTTINGHAMSHIRE,Slaughterhouse,0,9
Jun-10,CAMBRIDGESHIRE,OXFORDSHIRE,Slaughterhouse,11,6
Jun-10,CAMBRIDGESHIRE,SHROPSHIRE,Slaughterhouse,24,1
Jun-10,CAMBRIDGESHIRE,SOUTH YORKSHIRE,Slaughterhouse,1,18
Jun-10,CAMBRIDGESHIRE,STAFFORDSHIRE,Slaughterhouse,0,9
Jun-10,CAMBRIDGESHIRE,STRATHCLYDE,Slaughterhouse,0,2
Jun-10,CAMBRIDGESHIRE,WEST YORKSHIRE,Slaughterhouse,0,1
Jun-10,CAMBRIDGESHIRE,,Slaughterhouse,0,40
Jun-10,CENTRAL,BORDERS,Slaughterhouse,0,3
Jun-10,CENTRAL,CENTRAL,Slaughterhouse,788,47
Jun-10,CENTRAL,CUMBRIA,Slaughterhouse,54,10
Jun-10,CENTRAL,GRAMPIAN,Slaughterhouse,154,17
Jun-10,CENTRAL,HIGHLAND,Slaughterhouse,6,2
Jun-10,CENTRAL,LANCASHIRE,Slaughterhouse,57,13
Jun-10,CENTRAL,SOUTH YORKSHIRE,Slaughterhouse,17,2
Jun-10,CENTRAL,STRATHCLYDE,Slaughterhouse,473,105
Jun-10,CENTRAL,TAYSIDE,Slaughterhouse,289,16
Jun-10,CENTRAL,,Slaughterhouse,73,16
Jun-10,CHESHIRE,AVON,Slaughterhouse,171,96
Jun-10,CHESHIRE,BEDFORDSHIRE,Slaughterhouse,17,42
Jun-10,CHESHIRE,CHESHIRE,Slaughterhouse,677,67
Jun-10,CHESHIRE,CLWYD,Slaughterhouse,2,20
Jun-10,CHESHIRE,CUMBRIA,Slaughterhouse,73,2
Jun-10,CHESHIRE,DERBYSHIRE,Slaughterhouse,62,8
Jun-10,CHESHIRE,DEVON,Slaughterhouse,130,175
Jun-10,CHESHIRE,DURHAM,Slaughterhouse,0,7
Jun-10,CHESHIRE,GREATER MANCHESTER,Slaughterhouse,138,84
Jun-10,CHESHIRE,GWYNEDD,Slaughterhouse,0,1
Jun-10,CHESHIRE,HUMBERSIDE,Slaughterhouse,91,58
Jun-10,CHESHIRE,LANCASHIRE,Slaughterhouse,755,44
Jun-10,CHESHIRE,LINCOLNSHIRE,Slaughterhouse,77,0
Jun-10,CHESHIRE,MERSEYSIDE,Slaughterhouse,6,0
Jun-10,CHESHIRE,SHROPSHIRE,Slaughterhouse,401,71
Jun-10,CHESHIRE,SOUTH YORKSHIRE,Slaughterhouse,43,18
Jun-10,CHESHIRE,STAFFORDSHIRE,Slaughterhouse,324,235
Jun-10,CHESHIRE,STRATHCLYDE,Slaughterhouse,212,56
Jun-10,CHESHIRE,SURREY,Slaughterhouse,8,0
Jun-10,CHESHIRE,TYNE & WEAR,Slaughterhouse,0,4
Jun-10,CHESHIRE,WEST YORKSHIRE,Slaughterhouse,142,122
Jun-10,CHESHIRE,WILTSHIRE,Slaughterhouse,0,12
Jun-10,CHESHIRE,,Slaughterhouse,334,163
Jun-10,CLEVELAND,CENTRAL,Slaughterhouse,0,13
Jun-10,CLEVELAND,CLEVELAND,Slaughterhouse,18,70
Jun-10,CLEVELAND,CUMBRIA,Slaughterhouse,0,19
Jun-10,CLEVELAND,DURHAM,Slaughterhouse,26,81
Jun-10,CLEVELAND,GREATER MANCHESTER,Slaughterhouse,1,56
Jun-10,CLEVELAND,HIGHLAND,Slaughterhouse,0,12
Jun-10,CLEVELAND,HUMBERSIDE,Slaughterhouse,26,1
Jun-10,CLEVELAND,LANCASHIRE,Slaughterhouse,15,8
Jun-10,CLEVELAND,LINCOLNSHIRE,Slaughterhouse,0,2
Jun-10,CLEVELAND,NORTH YORKSHIRE,Slaughterhouse,71,29
Jun-10,CLEVELAND,SHROPSHIRE,Slaughterhouse,0,11
Jun-10,CLEVELAND,SOUTH YORKSHIRE,Slaughterhouse,0,1
Jun-10,CLEVELAND,STAFFORDSHIRE,Slaughterhouse,0,7
Jun-10,CLEVELAND,WEST YORKSHIRE,Slaughterhouse,5,55
Jun-10,CLEVELAND,,Slaughterhouse,12,24
Jun-10,CLWYD,AVON,Slaughterhouse,89,76
Jun-10,CLWYD,BEDFORDSHIRE,Slaughterhouse,4,27
Jun-10,CLWYD,CHESHIRE,Slaughterhouse,155,28
Jun-10,CLWYD,CLWYD,Slaughterhouse,379,86
Jun-10,CLWYD,CORNWALL,Slaughterhouse,1,0
Jun-10,CLWYD,CUMBRIA,Slaughterhouse,0,2
Jun-10,CLWYD,DERBYSHIRE,Slaughterhouse,7,3
Jun-10,CLWYD,DEVON,Slaughterhouse,1,68
Jun-10,CLWYD,DUMFRIES & GALLOWAY,Slaughterhouse,0,0
Jun-10,CLWYD,DURHAM,Slaughterhouse,0,1
Jun-10,CLWYD,DYFED,Slaughterhouse,0,1
Jun-10,CLWYD,GREATER MANCHESTER,Slaughterhouse,7,42
Jun-10,CLWYD,GWYNEDD,Slaughterhouse,164,146
Jun-10,CLWYD,HUMBERSIDE,Slaughterhouse,91,62
Jun-10,CLWYD,LANCASHIRE,Slaughterhouse,713,61
Jun-10,CLWYD,LINCOLNSHIRE,Slaughterhouse,35,0
Jun-10,CLWYD,MID GLAMORGAN,Slaughterhouse,5,0
Jun-10,CLWYD,NORFOLK,Slaughterhouse,10,3
Jun-10,CLWYD,POWYS,Slaughterhouse,7,0
Jun-10,CLWYD,SHROPSHIRE,Slaughterhouse,554,101
Jun-10,CLWYD,SOMERSET,Slaughterhouse,15,0
Jun-10,CLWYD,SOUTH YORKSHIRE,Slaughterhouse,63,28
Jun-10,CLWYD,STAFFORDSHIRE,Slaughterhouse,38,65
Jun-10,CLWYD,STRATHCLYDE,Slaughterhouse,7,13
Jun-10,CLWYD,TYNE & WEAR,Slaughterhouse,51,37
Jun-10,CLWYD,WEST YORKSHIRE,Slaughterhouse,76,51
Jun-10,CLWYD,WILTSHIRE,Slaughterhouse,0,5
Jun-10,CLWYD,,Slaughterhouse,241,90
Jun-10,CORNWALL,AVON,Slaughterhouse,34,0
Jun-10,CORNWALL,BEDFORDSHIRE,Slaughterhouse,159,56
Jun-10,CORNWALL,CORNWALL,Slaughterhouse,"4,958",348
Jun-10,CORNWALL,CUMBRIA,Slaughterhouse,1,1
Jun-10,CORNWALL,DEVON,Slaughterhouse,367,203
Jun-10,CORNWALL,DORSET,Slaughterhouse,5,0
Jun-10,CORNWALL,LANCASHIRE,Slaughterhouse,351,0
Jun-10,CORNWALL,MID GLAMORGAN,Slaughterhouse,1,1
Jun-10,CORNWALL,SHROPSHIRE,Slaughterhouse,25,23
Jun-10,CORNWALL,SOMERSET,Slaughterhouse,228,7
Jun-10,CORNWALL,SOUTH YORKSHIRE,Slaughterhouse,100,3
Jun-10,CORNWALL,STAFFORDSHIRE,Slaughterhouse,2,0
Jun-10,CORNWALL,TAYSIDE,Slaughterhouse,0,0
Jun-10,CORNWALL,WILTSHIRE,Slaughterhouse,0,8
Jun-10,CORNWALL,,Slaughterhouse,16,32
Jun-10,CUMBRIA,BEDFORDSHIRE,Slaughterhouse,0,1
Jun-10,CUMBRIA,BORDERS,Slaughterhouse,7,7
Jun-10,CUMBRIA,CENTRAL,Slaughterhouse,379,150
Jun-10,CUMBRIA,CHESHIRE,Slaughterhouse,5,3
Jun-10,CUMBRIA,CLEVELAND,Slaughterhouse,209,180
Jun-10,CUMBRIA,CUMBRIA,Slaughterhouse,"1,928",418
Jun-10,CUMBRIA,DEVON,Slaughterhouse,1,4
Jun-10,CUMBRIA,DUMFRIES & GALLOWAY,Slaughterhouse,28,15
Jun-10,CUMBRIA,DURHAM,Slaughterhouse,243,198
Jun-10,CUMBRIA,GREATER MANCHESTER,Slaughterhouse,255,268
Jun-10,CUMBRIA,HIGHLAND,Slaughterhouse,0,4
Jun-10,CUMBRIA,HUMBERSIDE,Slaughterhouse,0,9
Jun-10,CUMBRIA,LANCASHIRE,Slaughterhouse,"2,641",455
Jun-10,CUMBRIA,NORFOLK,Slaughterhouse,4,0
Jun-10,CUMBRIA,NORTH YORKSHIRE,Slaughterhouse,5,1
Jun-10,CUMBRIA,SHROPSHIRE,Slaughterhouse,148,94
Jun-10,CUMBRIA,SOUTH YORKSHIRE,Slaughterhouse,17,3
Jun-10,CUMBRIA,STAFFORDSHIRE,Slaughterhouse,0,1
Jun-10,CUMBRIA,STRATHCLYDE,Slaughterhouse,257,84
Jun-10,CUMBRIA,TAYSIDE,Slaughterhouse,94,0
Jun-10,CUMBRIA,TYNE & WEAR,Slaughterhouse,114,12
Jun-10,CUMBRIA,WEST YORKSHIRE,Slaughterhouse,266,277
Jun-10,CUMBRIA,,Slaughterhouse,178,120
Jun-10,DERBYSHIRE,AVON,Slaughterhouse,0,7
Jun-10,DERBYSHIRE,BEDFORDSHIRE,Slaughterhouse,62,80
Jun-10,DERBYSHIRE,CHESHIRE,Slaughterhouse,8,1
Jun-10,DERBYSHIRE,CLEVELAND,Slaughterhouse,0,1
Jun-10,DERBYSHIRE,CUMBRIA,Slaughterhouse,0,11
Jun-10,DERBYSHIRE,DERBYSHIRE,Slaughterhouse,415,61
Jun-10,DERBYSHIRE,DEVON,Slaughterhouse,107,84
Jun-10,DERBYSHIRE,DURHAM,Slaughterhouse,0,4
Jun-10,DERBYSHIRE,GRAMPIAN,Slaughterhouse,0,7
Jun-10,DERBYSHIRE,GREATER MANCHESTER,Slaughterhouse,39,37
Jun-10,DERBYSHIRE,LANCASHIRE,Slaughterhouse,355,31
Jun-10,DERBYSHIRE,LINCOLNSHIRE,Slaughterhouse,249,94
Jun-10,DERBYSHIRE,MID GLAMORGAN,Slaughterhouse,92,0
Jun-10,DERBYSHIRE,NORTH YORKSHIRE,Slaughterhouse,0,1
Jun-10,DERBYSHIRE,NOTTINGHAMSHIRE,Slaughterhouse,15,3
Jun-10,DERBYSHIRE,OXFORDSHIRE,Slaughterhouse,38,35
Jun-10,DERBYSHIRE,SHROPSHIRE,Slaughterhouse,112,19
Jun-10,DERBYSHIRE,SOMERSET,Slaughterhouse,169,0
Jun-10,DERBYSHIRE,SOUTH YORKSHIRE,Slaughterhouse,669,93
Jun-10,DERBYSHIRE,STAFFORDSHIRE,Slaughterhouse,481,223
Jun-10,DERBYSHIRE,STRATHCLYDE,Slaughterhouse,47,42
Jun-10,DERBYSHIRE,SURREY,Slaughterhouse,0,1
Jun-10,DERBYSHIRE,WEST YORKSHIRE,Slaughterhouse,227,61
Jun-10,DERBYSHIRE,,Slaughterhouse,321,97
Jun-10,DEVON,AVON,Slaughterhouse,42,36
Jun-10,DEVON,BEDFORDSHIRE,Slaughterhouse,141,51
Jun-10,DEVON,CENTRAL,Slaughterhouse,0,1
Jun-10,DEVON,CORNWALL,Slaughterhouse,"4,223",196
Jun-10,DEVON,CUMBRIA,Slaughterhouse,0,0
Jun-10,DEVON,DEVON,Slaughterhouse,"2,563",309
Jun-10,DEVON,DORSET,Slaughterhouse,21,1
Jun-10,DEVON,DURHAM,Slaughterhouse,0,3
Jun-10,DEVON,GLOUCESTERSHIRE,Slaughterhouse,81,60
Jun-10,DEVON,KENT,Slaughterhouse,0,19
Jun-10,DEVON,LANCASHIRE,Slaughterhouse,298,3
Jun-10,DEVON,LINCOLNSHIRE,Slaughterhouse,283,1
Jun-10,DEVON,OXFORDSHIRE,Slaughterhouse,34,67
Jun-10,DEVON,SHROPSHIRE,Slaughterhouse,"1,088",657
Jun-10,DEVON,SOMERSET,Slaughterhouse,"2,272",77
Jun-10,DEVON,SOUTH YORKSHIRE,Slaughterhouse,62,2
Jun-10,DEVON,STAFFORDSHIRE,Slaughterhouse,11,5
Jun-10,DEVON,STRATHCLYDE,Slaughterhouse,12,0
Jun-10,DEVON,SURREY,Slaughterhouse,104,3
Jun-10,DEVON,TAYSIDE,Slaughterhouse,3,0
Jun-10,DEVON,WILTSHIRE,Slaughterhouse,35,25
Jun-10,DEVON,,Slaughterhouse,499,256
Jun-10,DORSET,AVON,Slaughterhouse,149,25
Jun-10,DORSET,BEDFORDSHIRE,Slaughterhouse,29,3
Jun-10,DORSET,CORNWALL,Slaughterhouse,105,37
Jun-10,DORSET,DEVON,Slaughterhouse,6,64
Jun-10,DORSET,DORSET,Slaughterhouse,386,0
Jun-10,DORSET,GLOUCESTERSHIRE,Slaughterhouse,9,34
Jun-10,DORSET,KENT,Slaughterhouse,0,1
Jun-10,DORSET,LANCASHIRE,Slaughterhouse,12,3
Jun-10,DORSET,LEICESTERSHIRE,Slaughterhouse,0,0
Jun-10,DORSET,LINCOLNSHIRE,Slaughterhouse,13,0
Jun-10,DORSET,MID GLAMORGAN,Slaughterhouse,52,0
Jun-10,DORSET,OXFORDSHIRE,Slaughterhouse,0,5
Jun-10,DORSET,SHROPSHIRE,Slaughterhouse,0,5
Jun-10,DORSET,SOMERSET,Slaughterhouse,623,23
Jun-10,DORSET,SOUTH YORKSHIRE,Slaughterhouse,28,0
Jun-10,DORSET,STRATHCLYDE,Slaughterhouse,9,0
Jun-10,DORSET,SURREY,Slaughterhouse,201,0
Jun-10,DORSET,WILTSHIRE,Slaughterhouse,0,2
Jun-10,DORSET,,Slaughterhouse,298,61
Jun-10,DUMFRIES & GALLOWAY,BORDERS,Slaughterhouse,1,0
Jun-10,DUMFRIES & GALLOWAY,CENTRAL,Slaughterhouse,788,19
Jun-10,DUMFRIES & GALLOWAY,CLEVELAND,Slaughterhouse,0,20
Jun-10,DUMFRIES & GALLOWAY,CUMBRIA,Slaughterhouse,523,98
Jun-10,DUMFRIES & GALLOWAY,DUMFRIES & GALLOWAY,Slaughterhouse,156,44
Jun-10,DUMFRIES & GALLOWAY,DURHAM,Slaughterhouse,0,15
Jun-10,DUMFRIES & GALLOWAY,GRAMPIAN,Slaughterhouse,841,21
Jun-10,DUMFRIES & GALLOWAY,GREATER MANCHESTER,Slaughterhouse,29,43
Jun-10,DUMFRIES & GALLOWAY,HIGHLAND,Slaughterhouse,14,9
Jun-10,DUMFRIES & GALLOWAY,HUMBERSIDE,Slaughterhouse,14,0
Jun-10,DUMFRIES & GALLOWAY,LANCASHIRE,Slaughterhouse,240,83
Jun-10,DUMFRIES & GALLOWAY,SHROPSHIRE,Slaughterhouse,2,0
Jun-10,DUMFRIES & GALLOWAY,SOMERSET,Slaughterhouse,4,1
Jun-10,DUMFRIES & GALLOWAY,SOUTH YORKSHIRE,Slaughterhouse,73,89
Jun-10,DUMFRIES & GALLOWAY,STRATHCLYDE,Slaughterhouse,"2,811",183
Jun-10,DUMFRIES & GALLOWAY,TAYSIDE,Slaughterhouse,839,2
Jun-10,DUMFRIES & GALLOWAY,,Slaughterhouse,121,122
Jun-10,DURHAM,CENTRAL,Slaughterhouse,108,44
Jun-10,DURHAM,CLEVELAND,Slaughterhouse,400,189
Jun-10,DURHAM,CUMBRIA,Slaughterhouse,134,80
Jun-10,DURHAM,DURHAM,Slaughterhouse,947,245
Jun-10,DURHAM,DYFED,Slaughterhouse,0,0
Jun-10,DURHAM,GRAMPIAN,Slaughterhouse,15,0
Jun-10,DURHAM,GREATER MANCHESTER,Slaughterhouse,194,107
Jun-10,DURHAM,HIGHLAND,Slaughterhouse,61,31
Jun-10,DURHAM,HUMBERSIDE,Slaughterhouse,274,30
Jun-10,DURHAM,LANCASHIRE,Slaughterhouse,846,96
Jun-10,DURHAM,LINCOLNSHIRE,Slaughterhouse,213,51
Jun-10,DURHAM,MID GLAMORGAN,Slaughterhouse,28,0
Jun-10,DURHAM,NORTH YORKSHIRE,Slaughterhouse,134,39
Jun-10,DURHAM,SHROPSHIRE,Slaughterhouse,87,53
Jun-10,DURHAM,SOMERSET,Slaughterhouse,2,0
Jun-10,DURHAM,SOUTH YORKSHIRE,Slaughterhouse,17,0
Jun-10,DURHAM,STAFFORDSHIRE,Slaughterhouse,93,57
Jun-10,DURHAM,STRATHCLYDE,Slaughterhouse,14,12
Jun-10,DURHAM,TYNE & WEAR,Slaughterhouse,16,1
Jun-10,DURHAM,WEST GLAMORGAN,Slaughterhouse,0,0
Jun-10,DURHAM,WEST YORKSHIRE,Slaughterhouse,295,164
Jun-10,DURHAM,,Slaughterhouse,181,87
Jun-10,DYFED,AVON,Slaughterhouse,475,345
Jun-10,DYFED,BEDFORDSHIRE,Slaughterhouse,529,270
Jun-10,DYFED,CHESHIRE,Slaughterhouse,7,0
Jun-10,DYFED,DEVON,Slaughterhouse,69,60
Jun-10,DYFED,DYFED,Slaughterhouse,"2,007",122
Jun-10,DYFED,GREATER MANCHESTER,Slaughterhouse,5,0
Jun-10,DYFED,GWYNEDD,Slaughterhouse,5,0
Jun-10,DYFED,HAMPSHIRE,Slaughterhouse,10,0
Jun-10,DYFED,LANCASHIRE,Slaughterhouse,534,3
Jun-10,DYFED,LINCOLNSHIRE,Slaughterhouse,240,125
Jun-10,DYFED,MID GLAMORGAN,Slaughterhouse,751,68
Jun-10,DYFED,OXFORDSHIRE,Slaughterhouse,19,1
Jun-10,DYFED,POWYS,Slaughterhouse,183,0
Jun-10,DYFED,SHROPSHIRE,Slaughterhouse,834,190
Jun-10,DYFED,SOMERSET,Slaughterhouse,322,213
Jun-10,DYFED,STAFFORDSHIRE,Slaughterhouse,5,4
Jun-10,DYFED,STRATHCLYDE,Slaughterhouse,20,0
Jun-10,DYFED,SURREY,Slaughterhouse,259,56
Jun-10,DYFED,WEST GLAMORGAN,Slaughterhouse,390,179
Jun-10,DYFED,WEST YORKSHIRE,Slaughterhouse,0,1
Jun-10,DYFED,WILTSHIRE,Slaughterhouse,10,0
Jun-10,DYFED,,Slaughterhouse,248,96
Jun-10,EAST SUSSEX,BEDFORDSHIRE,Slaughterhouse,107,12
Jun-10,EAST SUSSEX,DEVON,Slaughterhouse,0,5
Jun-10,EAST SUSSEX,EAST SUSSEX,Slaughterhouse,137,3
Jun-10,EAST SUSSEX,GREATER LONDON,Slaughterhouse,0,1
Jun-10,EAST SUSSEX,HAMPSHIRE,Slaughterhouse,1,12
Jun-10,EAST SUSSEX,KENT,Slaughterhouse,61,6
Jun-10,EAST SUSSEX,LANCASHIRE,Slaughterhouse,0,3
Jun-10,EAST SUSSEX,LINCOLNSHIRE,Slaughterhouse,30,0
Jun-10,EAST SUSSEX,MID GLAMORGAN,Slaughterhouse,129,0
Jun-10,EAST SUSSEX,NORFOLK,Slaughterhouse,0,3
Jun-10,EAST SUSSEX,OXFORDSHIRE,Slaughterhouse,4,0
Jun-10,EAST SUSSEX,SOMERSET,Slaughterhouse,55,14
Jun-10,EAST SUSSEX,SURREY,Slaughterhouse,92,3
Jun-10,EAST SUSSEX,WEST SUSSEX,Slaughterhouse,15,0
Jun-10,EAST SUSSEX,,Slaughterhouse,43,3
Jun-10,ESSEX,AVON,Slaughterhouse,88,0
Jun-10,ESSEX,BEDFORDSHIRE,Slaughterhouse,38,15
Jun-10,ESSEX,CAMBRIDGESHIRE,Slaughterhouse,10,0
Jun-10,ESSEX,DEVON,Slaughterhouse,0,4
Jun-10,ESSEX,EAST SUSSEX,Slaughterhouse,0,4
Jun-10,ESSEX,ESSEX,Slaughterhouse,607,106
Jun-10,ESSEX,HAMPSHIRE,Slaughterhouse,95,54
Jun-10,ESSEX,KENT,Slaughterhouse,0,6
Jun-10,ESSEX,LANCASHIRE,Slaughterhouse,24,0
Jun-10,ESSEX,LINCOLNSHIRE,Slaughterhouse,70,0
Jun-10,ESSEX,NORFOLK,Slaughterhouse,123,38
Jun-10,ESSEX,SOMERSET,Slaughterhouse,12,9
Jun-10,ESSEX,SOUTH YORKSHIRE,Slaughterhouse,24,0
Jun-10,ESSEX,SUFFOLK,Slaughterhouse,1,0
Jun-10,ESSEX,SURREY,Slaughterhouse,64,0
Jun-10,ESSEX,,Slaughterhouse,0,5
Jun-10,FIFE,CENTRAL,Slaughterhouse,665,54
Jun-10,FIFE,CUMBRIA,Slaughterhouse,0,5
Jun-10,FIFE,FIFE,Slaughterhouse,19,38
Jun-10,FIFE,GRAMPIAN,Slaughterhouse,134,40
Jun-10,FIFE,HIGHLAND,Slaughterhouse,1,0
Jun-10,FIFE,LANCASHIRE,Slaughterhouse,0,12
Jun-10,FIFE,SOUTH YORKSHIRE,Slaughterhouse,0,7
Jun-10,FIFE,STRATHCLYDE,Slaughterhouse,60,104
Jun-10,FIFE,TAYSIDE,Slaughterhouse,650,18
Jun-10,FIFE,,Slaughterhouse,9,39
Jun-10,GLOUCESTERSHIRE,AVON,Slaughterhouse,340,73
Jun-10,GLOUCESTERSHIRE,BEDFORDSHIRE,Slaughterhouse,127,19
Jun-10,GLOUCESTERSHIRE,CENTRAL,Slaughterhouse,1,0
Jun-10,GLOUCESTERSHIRE,CORNWALL,Slaughterhouse,0,1
Jun-10,GLOUCESTERSHIRE,DEVON,Slaughterhouse,0,11
Jun-10,GLOUCESTERSHIRE,DORSET,Slaughterhouse,0,2
Jun-10,GLOUCESTERSHIRE,DYFED,Slaughterhouse,0,1
Jun-10,GLOUCESTERSHIRE,GLOUCESTERSHIRE,Slaughterhouse,541,18
Jun-10,GLOUCESTERSHIRE,GREATER MANCHESTER,Slaughterhouse,0,2
Jun-10,GLOUCESTERSHIRE,HAMPSHIRE,Slaughterhouse,0,3
Jun-10,GLOUCESTERSHIRE,HUMBERSIDE,Slaughterhouse,45,3
Jun-10,GLOUCESTERSHIRE,LANCASHIRE,Slaughterhouse,125,18
Jun-10,GLOUCESTERSHIRE,LINCOLNSHIRE,Slaughterhouse,368,15
Jun-10,GLOUCESTERSHIRE,MID GLAMORGAN,Slaughterhouse,821,0
Jun-10,GLOUCESTERSHIRE,OXFORDSHIRE,Slaughterhouse,87,48
Jun-10,GLOUCESTERSHIRE,SHROPSHIRE,Slaughterhouse,301,7
Jun-10,GLOUCESTERSHIRE,SOMERSET,Slaughterhouse,563,7
Jun-10,GLOUCESTERSHIRE,STAFFORDSHIRE,Slaughterhouse,0,2
Jun-10,GLOUCESTERSHIRE,SURREY,Slaughterhouse,3,0
Jun-10,GLOUCESTERSHIRE,WARWICKSHIRE,Slaughterhouse,23,3
Jun-10,GLOUCESTERSHIRE,WEST YORKSHIRE,Slaughterhouse,2,0
Jun-10,GLOUCESTERSHIRE,WILTSHIRE,Slaughterhouse,79,34
Jun-10,GLOUCESTERSHIRE,,Slaughterhouse,340,40
Jun-10,GRAMPIAN,CENTRAL,Slaughterhouse,803,10
Jun-10,GRAMPIAN,CUMBRIA,Slaughterhouse,99,23
Jun-10,GRAMPIAN,GRAMPIAN,Slaughterhouse,"9,656",140
Jun-10,GRAMPIAN,HIGHLAND,Slaughterhouse,558,45
Jun-10,GRAMPIAN,LANCASHIRE,Slaughterhouse,35,0
Jun-10,GRAMPIAN,ORKNEY,Slaughterhouse,1,0
Jun-10,GRAMPIAN,SHROPSHIRE,Slaughterhouse,0,1
Jun-10,GRAMPIAN,SOMERSET,Slaughterhouse,0,1
Jun-10,GRAMPIAN,SOUTH YORKSHIRE,Slaughterhouse,1,1
Jun-10,GRAMPIAN,STRATHCLYDE,Slaughterhouse,519,37
Jun-10,GRAMPIAN,TAYSIDE,Slaughterhouse,"1,117",35
Jun-10,GRAMPIAN,,Slaughterhouse,"1,692",192
Jun-10,GREATER LONDON,AVON,Slaughterhouse,11,0
Jun-10,GREATER LONDON,BEDFORDSHIRE,Slaughterhouse,0,1
Jun-10,GREATER LONDON,ESSEX,Slaughterhouse,3,0
Jun-10,GREATER LONDON,HAMPSHIRE,Slaughterhouse,6,0
Jun-10,GREATER LONDON,OXFORDSHIRE,Slaughterhouse,3,0
Jun-10,GREATER LONDON,SOMERSET,Slaughterhouse,0,3
Jun-10,GREATER MANCHESTER,BEDFORDSHIRE,Slaughterhouse,0,3
Jun-10,GREATER MANCHESTER,CHESHIRE,Slaughterhouse,4,3
Jun-10,GREATER MANCHESTER,CLEVELAND,Slaughterhouse,0,5
Jun-10,GREATER MANCHESTER,DERBYSHIRE,Slaughterhouse,2,0
Jun-10,GREATER MANCHESTER,DEVON,Slaughterhouse,2,4
Jun-10,GREATER MANCHESTER,DURHAM,Slaughterhouse,0,2
Jun-10,GREATER MANCHESTER,GREATER MANCHESTER,Slaughterhouse,458,25
Jun-10,GREATER MANCHESTER,HUMBERSIDE,Slaughterhouse,0,5
Jun-10,GREATER MANCHESTER,LANCASHIRE,Slaughterhouse,206,10
Jun-10,GREATER MANCHESTER,MERSEYSIDE,Slaughterhouse,12,0
Jun-10,GREATER MANCHESTER,NORTH YORKSHIRE,Slaughterhouse,0,1
Jun-10,GREATER MANCHESTER,SHROPSHIRE,Slaughterhouse,1,2
Jun-10,GREATER MANCHESTER,SOUTH YORKSHIRE,Slaughterhouse,12,2
Jun-10,GREATER MANCHESTER,STAFFORDSHIRE,Slaughterhouse,5,7
Jun-10,GREATER MANCHESTER,STRATHCLYDE,Slaughterhouse,2,5
Jun-10,GREATER MANCHESTER,WEST YORKSHIRE,Slaughterhouse,6,19
Jun-10,GREATER MANCHESTER,,Slaughterhouse,10,16
Jun-10,GWENT,AVON,Slaughterhouse,58,77
Jun-10,GWENT,BEDFORDSHIRE,Slaughterhouse,20,9
Jun-10,GWENT,CENTRAL,Slaughterhouse,0,1
Jun-10,GWENT,CHESHIRE,Slaughterhouse,0,1
Jun-10,GWENT,CORNWALL,Slaughterhouse,12,0
Jun-10,GWENT,DEVON,Slaughterhouse,50,29
Jun-10,GWENT,DYFED,Slaughterhouse,1,1
Jun-10,GWENT,GLOUCESTERSHIRE,Slaughterhouse,127,11
Jun-10,GWENT,GREATER MANCHESTER,Slaughterhouse,0,8
Jun-10,GWENT,LANCASHIRE,Slaughterhouse,33,30
Jun-10,GWENT,LINCOLNSHIRE,Slaughterhouse,3,17
Jun-10,GWENT,MID GLAMORGAN,Slaughterhouse,460,0
Jun-10,GWENT,OXFORDSHIRE,Slaughterhouse,0,14
Jun-10,GWENT,POWYS,Slaughterhouse,3,0
Jun-10,GWENT,SHROPSHIRE,Slaughterhouse,19,0
Jun-10,GWENT,SOMERSET,Slaughterhouse,92,18
Jun-10,GWENT,SOUTH YORKSHIRE,Slaughterhouse,14,0
Jun-10,GWENT,STAFFORDSHIRE,Slaughterhouse,0,1
Jun-10,GWENT,SURREY,Slaughterhouse,9,0
Jun-10,GWENT,WEST GLAMORGAN,Slaughterhouse,89,16
Jun-10,GWENT,WILTSHIRE,Slaughterhouse,7,5
Jun-10,GWENT,,Slaughterhouse,11,13
Jun-10,GWYNEDD,AVON,Slaughterhouse,0,17
Jun-10,GWYNEDD,BEDFORDSHIRE,Slaughterhouse,89,8
Jun-10,GWYNEDD,CHESHIRE,Slaughterhouse,15,6
Jun-10,GWYNEDD,CLEVELAND,Slaughterhouse,0,0
Jun-10,GWYNEDD,CLWYD,Slaughterhouse,63,14
Jun-10,GWYNEDD,CUMBRIA,Slaughterhouse,16,13
Jun-10,GWYNEDD,DERBYSHIRE,Slaughterhouse,19,0
Jun-10,GWYNEDD,DEVON,Slaughterhouse,0,2
Jun-10,GWYNEDD,DURHAM,Slaughterhouse,0,1
Jun-10,GWYNEDD,DYFED,Slaughterhouse,0,1
Jun-10,GWYNEDD,GREATER MANCHESTER,Slaughterhouse,0,3
Jun-10,GWYNEDD,GWYNEDD,Slaughterhouse,161,84
Jun-10,GWYNEDD,HUMBERSIDE,Slaughterhouse,93,18
Jun-10,GWYNEDD,LANCASHIRE,Slaughterhouse,463,18
Jun-10,GWYNEDD,MID GLAMORGAN,Slaughterhouse,121,0
Jun-10,GWYNEDD,NORFOLK,Slaughterhouse,2,2
Jun-10,GWYNEDD,POWYS,Slaughterhouse,1,0
Jun-10,GWYNEDD,SHROPSHIRE,Slaughterhouse,139,7
Jun-10,GWYNEDD,SOUTH YORKSHIRE,Slaughterhouse,19,11
Jun-10,GWYNEDD,STRATHCLYDE,Slaughterhouse,20,0
Jun-10,GWYNEDD,TYNE & WEAR,Slaughterhouse,0,4
Jun-10,GWYNEDD,WEST YORKSHIRE,Slaughterhouse,11,18
Jun-10,GWYNEDD,,Slaughterhouse,44,35
Jun-10,HAMPSHIRE,AVON,Slaughterhouse,374,20
Jun-10,HAMPSHIRE,BEDFORDSHIRE,Slaughterhouse,51,0
Jun-10,HAMPSHIRE,DEVON,Slaughterhouse,0,36
Jun-10,HAMPSHIRE,DORSET,Slaughterhouse,6,0
Jun-10,HAMPSHIRE,GLOUCESTERSHIRE,Slaughterhouse,0,10
Jun-10,HAMPSHIRE,HAMPSHIRE,Slaughterhouse,218,0
Jun-10,HAMPSHIRE,KENT,Slaughterhouse,1,0
Jun-10,HAMPSHIRE,LINCOLNSHIRE,Slaughterhouse,28,0
Jun-10,HAMPSHIRE,MID GLAMORGAN,Slaughterhouse,200,0
Jun-10,HAMPSHIRE,OXFORDSHIRE,Slaughterhouse,2,3
Jun-10,HAMPSHIRE,SHROPSHIRE,Slaughterhouse,0,6
Jun-10,HAMPSHIRE,SOMERSET,Slaughterhouse,224,12
Jun-10,HAMPSHIRE,SOUTH YORKSHIRE,Slaughterhouse,1,0
Jun-10,HAMPSHIRE,SURREY,Slaughterhouse,337,1
Jun-10,HAMPSHIRE,WEST SUSSEX,Slaughterhouse,1,0
Jun-10,HAMPSHIRE,WILTSHIRE,Slaughterhouse,53,0
Jun-10,HAMPSHIRE,,Slaughterhouse,55,17
Jun-10,HEREFORD & WORCESTER,AVON,Slaughterhouse,526,215
Jun-10,HEREFORD & WORCESTER,BEDFORDSHIRE,Slaughterhouse,152,58
Jun-10,HEREFORD & WORCESTER,CENTRAL,Slaughterhouse,113,30
Jun-10,HEREFORD & WORCESTER,CHESHIRE,Slaughterhouse,3,30
Jun-10,HEREFORD & WORCESTER,CUMBRIA,Slaughterhouse,0,8
Jun-10,HEREFORD & WORCESTER,DERBYSHIRE,Slaughterhouse,0,1
Jun-10,HEREFORD & WORCESTER,DEVON,Slaughterhouse,60,186
Jun-10,HEREFORD & WORCESTER,DORSET,Slaughterhouse,10,9
Jun-10,HEREFORD & WORCESTER,DURHAM,Slaughterhouse,0,33
Jun-10,HEREFORD & WORCESTER,DYFED,Slaughterhouse,14,8
Jun-10,HEREFORD & WORCESTER,GLOUCESTERSHIRE,Slaughterhouse,171,43
Jun-10,HEREFORD & WORCESTER,GREATER MANCHESTER,Slaughterhouse,0,130
Jun-10,HEREFORD & WORCESTER,HAMPSHIRE,Slaughterhouse,13,17
Jun-10,HEREFORD & WORCESTER,HEREFORD & WORCESTER,Slaughterhouse,112,0
Jun-10,HEREFORD & WORCESTER,HUMBERSIDE,Slaughterhouse,8,5
Jun-10,HEREFORD & WORCESTER,LANCASHIRE,Slaughterhouse,222,33
Jun-10,HEREFORD & WORCESTER,LINCOLNSHIRE,Slaughterhouse,416,127
Jun-10,HEREFORD & WORCESTER,MID GLAMORGAN,Slaughterhouse,"1,292",0
Jun-10,HEREFORD & WORCESTER,NORFOLK,Slaughterhouse,0,7
Jun-10,HEREFORD & WORCESTER,OXFORDSHIRE,Slaughterhouse,261,260
Jun-10,HEREFORD & WORCESTER,POWYS,Slaughterhouse,3,0
Jun-10,HEREFORD & WORCESTER,SHROPSHIRE,Slaughterhouse,"1,509",89
Jun-10,HEREFORD & WORCESTER,SOMERSET,Slaughterhouse,322,33
Jun-10,HEREFORD & WORCESTER,SOUTH YORKSHIRE,Slaughterhouse,11,16
Jun-10,HEREFORD & WORCESTER,STAFFORDSHIRE,Slaughterhouse,80,130
Jun-10,HEREFORD & WORCESTER,STRATHCLYDE,Slaughterhouse,8,1
Jun-10,HEREFORD & WORCESTER,SURREY,Slaughterhouse,89,0
Jun-10,HEREFORD & WORCESTER,WARWICKSHIRE,Slaughterhouse,32,44
Jun-10,HEREFORD & WORCESTER,WEST GLAMORGAN,Slaughterhouse,2,0
Jun-10,HEREFORD & WORCESTER,WEST MIDLANDS,Slaughterhouse,42,0
Jun-10,HEREFORD & WORCESTER,WEST YORKSHIRE,Slaughterhouse,0,2
Jun-10,HEREFORD & WORCESTER,WILTSHIRE,Slaughterhouse,52,63
Jun-10,HEREFORD & WORCESTER,,Slaughterhouse,473,262
Jun-10,HERTFORDSHIRE,BEDFORDSHIRE,Slaughterhouse,78,0
Jun-10,HERTFORDSHIRE,CAMBRIDGESHIRE,Slaughterhouse,4,0
Jun-10,HERTFORDSHIRE,ESSEX,Slaughterhouse,29,3
Jun-10,HERTFORDSHIRE,GREATER LONDON,Slaughterhouse,0,1
Jun-10,HERTFORDSHIRE,HAMPSHIRE,Slaughterhouse,1,5
Jun-10,HERTFORDSHIRE,KENT,Slaughterhouse,0,3
Jun-10,HERTFORDSHIRE,LINCOLNSHIRE,Slaughterhouse,27,0
Jun-10,HERTFORDSHIRE,MID GLAMORGAN,Slaughterhouse,14,5
Jun-10,HERTFORDSHIRE,NORFOLK,Slaughterhouse,1,1
Jun-10,HERTFORDSHIRE,NORTH YORKSHIRE,Slaughterhouse,0,1
Jun-10,HERTFORDSHIRE,OXFORDSHIRE,Slaughterhouse,10,5
Jun-10,HERTFORDSHIRE,SOUTH YORKSHIRE,Slaughterhouse,0,7
Jun-10,HERTFORDSHIRE,STAFFORDSHIRE,Slaughterhouse,0,1
Jun-10,HERTFORDSHIRE,SURREY,Slaughterhouse,31,0
Jun-10,HERTFORDSHIRE,WARWICKSHIRE,Slaughterhouse,0,1
Jun-10,HERTFORDSHIRE,,Slaughterhouse,2,0
Jun-10,HIGHLAND,CENTRAL,Slaughterhouse,66,0
Jun-10,HIGHLAND,CUMBRIA,Slaughterhouse,12,7
Jun-10,HIGHLAND,GRAMPIAN,Slaughterhouse,454,96
Jun-10,HIGHLAND,HIGHLAND,Slaughterhouse,437,193
Jun-10,HIGHLAND,LANCASHIRE,Slaughterhouse,1,0
Jun-10,HIGHLAND,SOMERSET,Slaughterhouse,1,0
Jun-10,HIGHLAND,STRATHCLYDE,Slaughterhouse,93,7
Jun-10,HIGHLAND,TAYSIDE,Slaughterhouse,317,2
Jun-10,HIGHLAND,WESTERN ISLES,Slaughterhouse,4,0
Jun-10,HIGHLAND,,Slaughterhouse,45,31
Jun-10,HUMBERSIDE,CENTRAL,Slaughterhouse,0,4
Jun-10,HUMBERSIDE,CLEVELAND,Slaughterhouse,1,131
Jun-10,HUMBERSIDE,CUMBRIA,Slaughterhouse,0,50
Jun-10,HUMBERSIDE,DURHAM,Slaughterhouse,0,26
Jun-10,HUMBERSIDE,GRAMPIAN,Slaughterhouse,3,3
Jun-10,HUMBERSIDE,GREATER MANCHESTER,Slaughterhouse,1,340
Jun-10,HUMBERSIDE,HUMBERSIDE,Slaughterhouse,581,33
Jun-10,HUMBERSIDE,LANCASHIRE,Slaughterhouse,173,27
Jun-10,HUMBERSIDE,LINCOLNSHIRE,Slaughterhouse,164,124
Jun-10,HUMBERSIDE,NORTH YORKSHIRE,Slaughterhouse,178,157
Jun-10,HUMBERSIDE,NOTTINGHAMSHIRE,Slaughterhouse,0,2
Jun-10,HUMBERSIDE,POWYS,Slaughterhouse,1,1
Jun-10,HUMBERSIDE,SHROPSHIRE,Slaughterhouse,0,4
Jun-10,HUMBERSIDE,SOUTH YORKSHIRE,Slaughterhouse,45,48
Jun-10,HUMBERSIDE,STAFFORDSHIRE,Slaughterhouse,0,2
Jun-10,HUMBERSIDE,STRATHCLYDE,Slaughterhouse,0,10
Jun-10,HUMBERSIDE,WEST YORKSHIRE,Slaughterhouse,117,307
Jun-10,HUMBERSIDE,,Slaughterhouse,124,50
Jun-10,ISLE OF WIGHT,AVON,Slaughterhouse,0,6
Jun-10,ISLE OF WIGHT,BEDFORDSHIRE,Slaughterhouse,15,0
Jun-10,ISLE OF WIGHT,DEVON,Slaughterhouse,0,6
Jun-10,ISLE OF WIGHT,GLOUCESTERSHIRE,Slaughterhouse,0,2
Jun-10,ISLE OF WIGHT,HAMPSHIRE,Slaughterhouse,84,0
Jun-10,ISLE OF WIGHT,LINCOLNSHIRE,Slaughterhouse,0,1
Jun-10,ISLE OF WIGHT,SOMERSET,Slaughterhouse,48,0
Jun-10,ISLE OF WIGHT,SURREY,Slaughterhouse,0,1
Jun-10,ISLE OF WIGHT,,Slaughterhouse,0,2
Jun-10,KENT,BEDFORDSHIRE,Slaughterhouse,67,23
Jun-10,KENT,DEVON,Slaughterhouse,32,19
Jun-10,KENT,EAST SUSSEX,Slaughterhouse,43,20
Jun-10,KENT,ESSEX,Slaughterhouse,5,5
Jun-10,KENT,GREATER LONDON,Slaughterhouse,25,12
Jun-10,KENT,HAMPSHIRE,Slaughterhouse,213,93
Jun-10,KENT,KENT,Slaughterhouse,306,68
Jun-10,KENT,LANCASHIRE,Slaughterhouse,9,5
Jun-10,KENT,NORFOLK,Slaughterhouse,24,11
Jun-10,KENT,NOTTINGHAMSHIRE,Slaughterhouse,0,1
Jun-10,KENT,SOMERSET,Slaughterhouse,47,24
Jun-10,KENT,SOUTH YORKSHIRE,Slaughterhouse,0,1
Jun-10,KENT,STAFFORDSHIRE,Slaughterhouse,0,2
Jun-10,KENT,SURREY,Slaughterhouse,124,0
Jun-10,KENT,,Slaughterhouse,8,2
Jun-10,LANCASHIRE,AVON,Slaughterhouse,0,1
Jun-10,LANCASHIRE,BEDFORDSHIRE,Slaughterhouse,25,24
Jun-10,LANCASHIRE,CENTRAL,Slaughterhouse,16,1
Jun-10,LANCASHIRE,CHESHIRE,Slaughterhouse,17,7
Jun-10,LANCASHIRE,CLEVELAND,Slaughterhouse,81,43
Jun-10,LANCASHIRE,CUMBRIA,Slaughterhouse,117,21
Jun-10,LANCASHIRE,DEVON,Slaughterhouse,104,73
Jun-10,LANCASHIRE,GREATER MANCHESTER,Slaughterhouse,540,264
Jun-10,LANCASHIRE,HUMBERSIDE,Slaughterhouse,99,85
Jun-10,LANCASHIRE,LANCASHIRE,Slaughterhouse,"2,167",238
Jun-10,LANCASHIRE,LINCOLNSHIRE,Slaughterhouse,12,0
Jun-10,LANCASHIRE,MERSEYSIDE,Slaughterhouse,20,0
Jun-10,LANCASHIRE,NORTH YORKSHIRE,Slaughterhouse,176,8
Jun-10,LANCASHIRE,SHROPSHIRE,Slaughterhouse,36,0
Jun-10,LANCASHIRE,SOUTH YORKSHIRE,Slaughterhouse,52,3
Jun-10,LANCASHIRE,STAFFORDSHIRE,Slaughterhouse,38,30
Jun-10,LANCASHIRE,STRATHCLYDE,Slaughterhouse,70,19
Jun-10,LANCASHIRE,TYNE & WEAR,Slaughterhouse,27,0
Jun-10,LANCASHIRE,WEST YORKSHIRE,Slaughterhouse,194,144
Jun-10,LANCASHIRE,,Slaughterhouse,384,151
Jun-10,LEICESTERSHIRE,BEDFORDSHIRE,Slaughterhouse,150,31
Jun-10,LEICESTERSHIRE,CHESHIRE,Slaughterhouse,3,0
Jun-10,LEICESTERSHIRE,CUMBRIA,Slaughterhouse,0,9
Jun-10,LEICESTERSHIRE,DERBYSHIRE,Slaughterhouse,118,22
Jun-10,LEICESTERSHIRE,DEVON,Slaughterhouse,0,2
Jun-10,LEICESTERSHIRE,GRAMPIAN,Slaughterhouse,0,6
Jun-10,LEICESTERSHIRE,GREATER MANCHESTER,Slaughterhouse,58,22
Jun-10,LEICESTERSHIRE,LANCASHIRE,Slaughterhouse,213,19
Jun-10,LEICESTERSHIRE,LEICESTERSHIRE,Slaughterhouse,82,1
Jun-10,LEICESTERSHIRE,LINCOLNSHIRE,Slaughterhouse,"1,023",166
Jun-10,LEICESTERSHIRE,MID GLAMORGAN,Slaughterhouse,130,0
Jun-10,LEICESTERSHIRE,NORFOLK,Slaughterhouse,40,9
Jun-10,LEICESTERSHIRE,NORTH YORKSHIRE,Slaughterhouse,159,94
Jun-10,LEICESTERSHIRE,NOTTINGHAMSHIRE,Slaughterhouse,33,27
Jun-10,LEICESTERSHIRE,OXFORDSHIRE,Slaughterhouse,132,95
Jun-10,LEICESTERSHIRE,SHROPSHIRE,Slaughterhouse,89,7
Jun-10,LEICESTERSHIRE,SOMERSET,Slaughterhouse,1,0
Jun-10,LEICESTERSHIRE,SOUTH YORKSHIRE,Slaughterhouse,156,53
Jun-10,LEICESTERSHIRE,STAFFORDSHIRE,Slaughterhouse,37,51
Jun-10,LEICESTERSHIRE,STRATHCLYDE,Slaughterhouse,16,21
Jun-10,LEICESTERSHIRE,SURREY,Slaughterhouse,258,33
Jun-10,LEICESTERSHIRE,WARWICKSHIRE,Slaughterhouse,10,0
Jun-10,LEICESTERSHIRE,WEST GLAMORGAN,Slaughterhouse,1,0
Jun-10,LEICESTERSHIRE,WEST MIDLANDS,Slaughterhouse,1,0
Jun-10,LEICESTERSHIRE,WEST YORKSHIRE,Slaughterhouse,11,17
Jun-10,LEICESTERSHIRE,,Slaughterhouse,518,99
Jun-10,LINCOLNSHIRE,BEDFORDSHIRE,Slaughterhouse,38,21
Jun-10,LINCOLNSHIRE,CAMBRIDGESHIRE,Slaughterhouse,7,0
Jun-10,LINCOLNSHIRE,CENTRAL,Slaughterhouse,51,1
Jun-10,LINCOLNSHIRE,CLEVELAND,Slaughterhouse,0,2
Jun-10,LINCOLNSHIRE,CUMBRIA,Slaughterhouse,0,27
Jun-10,LINCOLNSHIRE,DERBYSHIRE,Slaughterhouse,1,15
Jun-10,LINCOLNSHIRE,GRAMPIAN,Slaughterhouse,0,27
Jun-10,LINCOLNSHIRE,GREATER MANCHESTER,Slaughterhouse,0,99
Jun-10,LINCOLNSHIRE,HUMBERSIDE,Slaughterhouse,259,4
Jun-10,LINCOLNSHIRE,LANCASHIRE,Slaughterhouse,83,40
Jun-10,LINCOLNSHIRE,LINCOLNSHIRE,Slaughterhouse,"1,350",296
Jun-10,LINCOLNSHIRE,MID GLAMORGAN,Slaughterhouse,367,0
Jun-10,LINCOLNSHIRE,NORFOLK,Slaughterhouse,7,8
Jun-10,LINCOLNSHIRE,NORTH YORKSHIRE,Slaughterhouse,160,12
Jun-10,LINCOLNSHIRE,NOTTINGHAMSHIRE,Slaughterhouse,6,48
Jun-10,LINCOLNSHIRE,OXFORDSHIRE,Slaughterhouse,0,43
Jun-10,LINCOLNSHIRE,SHROPSHIRE,Slaughterhouse,68,19
Jun-10,LINCOLNSHIRE,SOUTH YORKSHIRE,Slaughterhouse,398,136
Jun-10,LINCOLNSHIRE,STAFFORDSHIRE,Slaughterhouse,2,76
Jun-10,LINCOLNSHIRE,STRATHCLYDE,Slaughterhouse,39,34
Jun-10,LINCOLNSHIRE,SURREY,Slaughterhouse,14,15
Jun-10,LINCOLNSHIRE,TYNE & WEAR,Slaughterhouse,15,0
Jun-10,LINCOLNSHIRE,WEST YORKSHIRE,Slaughterhouse,17,26
Jun-10,LINCOLNSHIRE,,Slaughterhouse,117,222
Jun-10,LOTHIAN,BORDERS,Slaughterhouse,3,34
Jun-10,LOTHIAN,CENTRAL,Slaughterhouse,613,46
Jun-10,LOTHIAN,CUMBRIA,Slaughterhouse,8,5
Jun-10,LOTHIAN,GRAMPIAN,Slaughterhouse,109,14
Jun-10,LOTHIAN,HIGHLAND,Slaughterhouse,6,26
Jun-10,LOTHIAN,LANCASHIRE,Slaughterhouse,4,9
Jun-10,LOTHIAN,SOUTH YORKSHIRE,Slaughterhouse,18,3
Jun-10,LOTHIAN,STRATHCLYDE,Slaughterhouse,654,104
Jun-10,LOTHIAN,TAYSIDE,Slaughterhouse,34,43
Jun-10,LOTHIAN,TYNE & WEAR,Slaughterhouse,6,0
Jun-10,LOTHIAN,WEST YORKSHIRE,Slaughterhouse,0,10
Jun-10,LOTHIAN,,Slaughterhouse,0,21
Jun-10,MERSEYSIDE,AVON,Slaughterhouse,0,6
Jun-10,MERSEYSIDE,CHESHIRE,Slaughterhouse,7,4
Jun-10,MERSEYSIDE,CLWYD,Slaughterhouse,2,0
Jun-10,MERSEYSIDE,DEVON,Slaughterhouse,0,2
Jun-10,MERSEYSIDE,GREATER MANCHESTER,Slaughterhouse,8,4
Jun-10,MERSEYSIDE,GWYNEDD,Slaughterhouse,0,1
Jun-10,MERSEYSIDE,HUMBERSIDE,Slaughterhouse,0,7
Jun-10,MERSEYSIDE,LANCASHIRE,Slaughterhouse,81,1
Jun-10,MERSEYSIDE,LINCOLNSHIRE,Slaughterhouse,34,0
Jun-10,MERSEYSIDE,MERSEYSIDE,Slaughterhouse,1,0
Jun-10,MERSEYSIDE,SHROPSHIRE,Slaughterhouse,72,1
Jun-10,MERSEYSIDE,SOUTH YORKSHIRE,Slaughterhouse,4,3
Jun-10,MERSEYSIDE,STAFFORDSHIRE,Slaughterhouse,0,7
Jun-10,MERSEYSIDE,STRATHCLYDE,Slaughterhouse,0,1
Jun-10,MERSEYSIDE,WEST YORKSHIRE,Slaughterhouse,1,1
Jun-10,MERSEYSIDE,,Slaughterhouse,18,3
Jun-10,MID GLAMORGAN,AVON,Slaughterhouse,0,12
Jun-10,MID GLAMORGAN,CENTRAL,Slaughterhouse,0,1
Jun-10,MID GLAMORGAN,CHESHIRE,Slaughterhouse,0,1
Jun-10,MID GLAMORGAN,DEVON,Slaughterhouse,1,4
Jun-10,MID GLAMORGAN,DYFED,Slaughterhouse,23,0
Jun-10,MID GLAMORGAN,GREATER MANCHESTER,Slaughterhouse,0,7
Jun-10,MID GLAMORGAN,LANCASHIRE,Slaughterhouse,14,1
Jun-10,MID GLAMORGAN,LINCOLNSHIRE,Slaughterhouse,0,3
Jun-10,MID GLAMORGAN,MID GLAMORGAN,Slaughterhouse,70,0
Jun-10,MID GLAMORGAN,SHROPSHIRE,Slaughterhouse,10,0
Jun-10,MID GLAMORGAN,SOMERSET,Slaughterhouse,65,4
Jun-10,MID GLAMORGAN,STAFFORDSHIRE,Slaughterhouse,0,3
Jun-10,MID GLAMORGAN,WEST GLAMORGAN,Slaughterhouse,4,8
Jun-10,MID GLAMORGAN,WILTSHIRE,Slaughterhouse,14,0
Jun-10,MID GLAMORGAN,,Slaughterhouse,26,5
Jun-10,NORFOLK,BEDFORDSHIRE,Slaughterhouse,358,15
Jun-10,NORFOLK,CAMBRIDGESHIRE,Slaughterhouse,2,0
Jun-10,NORFOLK,CUMBRIA,Slaughterhouse,0,17
Jun-10,NORFOLK,DERBYSHIRE,Slaughterhouse,0,3
Jun-10,NORFOLK,ESSEX,Slaughterhouse,7,18
Jun-10,NORFOLK,GRAMPIAN,Slaughterhouse,0,8
Jun-10,NORFOLK,GREATER MANCHESTER,Slaughterhouse,0,35
Jun-10,NORFOLK,HAMPSHIRE,Slaughterhouse,0,5
Jun-10,NORFOLK,KENT,Slaughterhouse,0,2
Jun-10,NORFOLK,LANCASHIRE,Slaughterhouse,74,2
Jun-10,NORFOLK,LINCOLNSHIRE,Slaughterhouse,806,36
Jun-10,NORFOLK,MID GLAMORGAN,Slaughterhouse,189,0
Jun-10,NORFOLK,NORFOLK,Slaughterhouse,"1,070",9
Jun-10,NORFOLK,NOTTINGHAMSHIRE,Slaughterhouse,0,30
Jun-10,NORFOLK,OXFORDSHIRE,Slaughterhouse,0,19
Jun-10,NORFOLK,SHROPSHIRE,Slaughterhouse,0,4
Jun-10,NORFOLK,SOUTH YORKSHIRE,Slaughterhouse,115,27
Jun-10,NORFOLK,STAFFORDSHIRE,Slaughterhouse,0,46
Jun-10,NORFOLK,STRATHCLYDE,Slaughterhouse,0,15
Jun-10,NORFOLK,WEST YORKSHIRE,Slaughterhouse,0,9
Jun-10,NORFOLK,,Slaughterhouse,108,43
Jun-10,NORTHAMPTONSHIRE,AVON,Slaughterhouse,19,1
Jun-10,NORTHAMPTONSHIRE,BEDFORDSHIRE,Slaughterhouse,257,3
Jun-10,NORTHAMPTONSHIRE,CAMBRIDGESHIRE,Slaughterhouse,1,0
Jun-10,NORTHAMPTONSHIRE,DERBYSHIRE,Slaughterhouse,0,5
Jun-10,NORTHAMPTONSHIRE,GRAMPIAN,Slaughterhouse,0,7
Jun-10,NORTHAMPTONSHIRE,GREATER MANCHESTER,Slaughterhouse,0,40
Jun-10,NORTHAMPTONSHIRE,HEREFORD & WORCESTER,Slaughterhouse,2,0
Jun-10,NORTHAMPTONSHIRE,LANCASHIRE,Slaughterhouse,52,9
Jun-10,NORTHAMPTONSHIRE,LEICESTERSHIRE,Slaughterhouse,49,12
Jun-10,NORTHAMPTONSHIRE,LINCOLNSHIRE,Slaughterhouse,976,74
Jun-10,NORTHAMPTONSHIRE,MID GLAMORGAN,Slaughterhouse,198,5
Jun-10,NORTHAMPTONSHIRE,NORFOLK,Slaughterhouse,0,4
Jun-10,NORTHAMPTONSHIRE,NORTHAMPTONSHIRE,Slaughterhouse,1,0
Jun-10,NORTHAMPTONSHIRE,NORTH YORKSHIRE,Slaughterhouse,1,11
Jun-10,NORTHAMPTONSHIRE,NOTTINGHAMSHIRE,Slaughterhouse,0,17
Jun-10,NORTHAMPTONSHIRE,OXFORDSHIRE,Slaughterhouse,51,52
Jun-10,NORTHAMPTONSHIRE,SHROPSHIRE,Slaughterhouse,152,10
Jun-10,NORTHAMPTONSHIRE,SOMERSET,Slaughterhouse,3,0
Jun-10,NORTHAMPTONSHIRE,SOUTH YORKSHIRE,Slaughterhouse,1,38
Jun-10,NORTHAMPTONSHIRE,STAFFORDSHIRE,Slaughterhouse,28,34
Jun-10,NORTHAMPTONSHIRE,STRATHCLYDE,Slaughterhouse,0,4
Jun-10,NORTHAMPTONSHIRE,SURREY,Slaughterhouse,156,2
Jun-10,NORTHAMPTONSHIRE,WARWICKSHIRE,Slaughterhouse,19,0
Jun-10,NORTHAMPTONSHIRE,WEST YORKSHIRE,Slaughterhouse,0,6
Jun-10,NORTHAMPTONSHIRE,,Slaughterhouse,164,43
Jun-10,NORTHUMBERLAND,BORDERS,Slaughterhouse,8,16
Jun-10,NORTHUMBERLAND,CENTRAL,Slaughterhouse,901,18
Jun-10,NORTHUMBERLAND,CHESHIRE,Slaughterhouse,2,0
Jun-10,NORTHUMBERLAND,CLEVELAND,Slaughterhouse,3,20
Jun-10,NORTHUMBERLAND,CUMBRIA,Slaughterhouse,76,13
Jun-10,NORTHUMBERLAND,DURHAM,Slaughterhouse,308,198
Jun-10,NORTHUMBERLAND,GRAMPIAN,Slaughterhouse,46,0
Jun-10,NORTHUMBERLAND,GREATER MANCHESTER,Slaughterhouse,0,13
Jun-10,NORTHUMBERLAND,HIGHLAND,Slaughterhouse,0,4
Jun-10,NORTHUMBERLAND,HUMBERSIDE,Slaughterhouse,52,10
Jun-10,NORTHUMBERLAND,LANCASHIRE,Slaughterhouse,539,6
Jun-10,NORTHUMBERLAND,MID GLAMORGAN,Slaughterhouse,25,0
Jun-10,NORTHUMBERLAND,NORTH YORKSHIRE,Slaughterhouse,20,6
Jun-10,NORTHUMBERLAND,SHROPSHIRE,Slaughterhouse,0,5
Jun-10,NORTHUMBERLAND,SOUTH YORKSHIRE,Slaughterhouse,88,3
Jun-10,NORTHUMBERLAND,STAFFORDSHIRE,Slaughterhouse,0,7
Jun-10,NORTHUMBERLAND,STRATHCLYDE,Slaughterhouse,263,16
Jun-10,NORTHUMBERLAND,TAYSIDE,Slaughterhouse,30,2
Jun-10,NORTHUMBERLAND,TYNE & WEAR,Slaughterhouse,635,37
Jun-10,NORTHUMBERLAND,WEST YORKSHIRE,Slaughterhouse,1,35
Jun-10,NORTHUMBERLAND,,Slaughterhouse,42,10
Jun-10,NORTH YORKSHIRE,BEDFORDSHIRE,Slaughterhouse,9,0
Jun-10,NORTH YORKSHIRE,CENTRAL,Slaughterhouse,509,74
Jun-10,NORTH YORKSHIRE,CHESHIRE,Slaughterhouse,16,5
Jun-10,NORTH YORKSHIRE,CLEVELAND,Slaughterhouse,"1,049",797
Jun-10,NORTH YORKSHIRE,CUMBRIA,Slaughterhouse,348,193
Jun-10,NORTH YORKSHIRE,DERBYSHIRE,Slaughterhouse,20,0
Jun-10,NORTH YORKSHIRE,DEVON,Slaughterhouse,1,18
Jun-10,NORTH YORKSHIRE,DURHAM,Slaughterhouse,801,539
Jun-10,NORTH YORKSHIRE,GRAMPIAN,Slaughterhouse,29,1
Jun-10,NORTH YORKSHIRE,GREATER MANCHESTER,Slaughterhouse,"1,605","1,057"
Jun-10,NORTH YORKSHIRE,HIGHLAND,Slaughterhouse,58,49
Jun-10,NORTH YORKSHIRE,HUMBERSIDE,Slaughterhouse,"1,539",215
Jun-10,NORTH YORKSHIRE,LANCASHIRE,Slaughterhouse,"3,378",194
Jun-10,NORTH YORKSHIRE,LINCOLNSHIRE,Slaughterhouse,"1,158",145
Jun-10,NORTH YORKSHIRE,MID GLAMORGAN,Slaughterhouse,247,0
Jun-10,NORTH YORKSHIRE,NORTH YORKSHIRE,Slaughterhouse,"2,341",223
Jun-10,NORTH YORKSHIRE,SHROPSHIRE,Slaughterhouse,381,87
Jun-10,NORTH YORKSHIRE,SOMERSET,Slaughterhouse,0,0
Jun-10,NORTH YORKSHIRE,SOUTH YORKSHIRE,Slaughterhouse,644,76
Jun-10,NORTH YORKSHIRE,STAFFORDSHIRE,Slaughterhouse,0,22
Jun-10,NORTH YORKSHIRE,STRATHCLYDE,Slaughterhouse,227,27
Jun-10,NORTH YORKSHIRE,TAYSIDE,Slaughterhouse,0,0
Jun-10,NORTH YORKSHIRE,TYNE & WEAR,Slaughterhouse,17,0
Jun-10,NORTH YORKSHIRE,WEST YORKSHIRE,Slaughterhouse,"2,149","1,180"
Jun-10,NORTH YORKSHIRE,,Slaughterhouse,980,189
Jun-10,NOTTINGHAMSHIRE,BEDFORDSHIRE,Slaughterhouse,83,7
Jun-10,NOTTINGHAMSHIRE,CENTRAL,Slaughterhouse,30,1
Jun-10,NOTTINGHAMSHIRE,CLEVELAND,Slaughterhouse,0,1
Jun-10,NOTTINGHAMSHIRE,CUMBRIA,Slaughterhouse,99,22
Jun-10,NOTTINGHAMSHIRE,DERBYSHIRE,Slaughterhouse,135,9
Jun-10,NOTTINGHAMSHIRE,DEVON,Slaughterhouse,0,1
Jun-10,NOTTINGHAMSHIRE,GRAMPIAN,Slaughterhouse,103,20
Jun-10,NOTTINGHAMSHIRE,GREATER MANCHESTER,Slaughterhouse,310,67
Jun-10,NOTTINGHAMSHIRE,HUMBERSIDE,Slaughterhouse,13,0
Jun-10,NOTTINGHAMSHIRE,LANCASHIRE,Slaughterhouse,249,25
Jun-10,NOTTINGHAMSHIRE,LEICESTERSHIRE,Slaughterhouse,1,0
Jun-10,NOTTINGHAMSHIRE,LINCOLNSHIRE,Slaughterhouse,"1,219",101
Jun-10,NOTTINGHAMSHIRE,MID GLAMORGAN,Slaughterhouse,57,0
Jun-10,NOTTINGHAMSHIRE,NORFOLK,Slaughterhouse,0,13
Jun-10,NOTTINGHAMSHIRE,NORTH YORKSHIRE,Slaughterhouse,75,22
Jun-10,NOTTINGHAMSHIRE,NOTTINGHAMSHIRE,Slaughterhouse,325,36
Jun-10,NOTTINGHAMSHIRE,OXFORDSHIRE,Slaughterhouse,94,31
Jun-10,NOTTINGHAMSHIRE,SHROPSHIRE,Slaughterhouse,99,14
Jun-10,NOTTINGHAMSHIRE,SOUTH YORKSHIRE,Slaughterhouse,648,72
Jun-10,NOTTINGHAMSHIRE,STAFFORDSHIRE,Slaughterhouse,273,64
Jun-10,NOTTINGHAMSHIRE,STRATHCLYDE,Slaughterhouse,74,9
Jun-10,NOTTINGHAMSHIRE,SURREY,Slaughterhouse,28,7
Jun-10,NOTTINGHAMSHIRE,WEST YORKSHIRE,Slaughterhouse,58,20
Jun-10,NOTTINGHAMSHIRE,,Slaughterhouse,586,109
Jun-10,ORKNEY,CENTRAL,Slaughterhouse,146,13
Jun-10,ORKNEY,CUMBRIA,Slaughterhouse,0,3
Jun-10,ORKNEY,GRAMPIAN,Slaughterhouse,4,3
Jun-10,ORKNEY,HIGHLAND,Slaughterhouse,0,1
Jun-10,ORKNEY,ORKNEY,Slaughterhouse,314,43
Jun-10,ORKNEY,STRATHCLYDE,Slaughterhouse,0,1
Jun-10,ORKNEY,TAYSIDE,Slaughterhouse,27,0
Jun-10,ORKNEY,,Slaughterhouse,0,7
Jun-10,OXFORDSHIRE,AVON,Slaughterhouse,40,4
Jun-10,OXFORDSHIRE,BEDFORDSHIRE,Slaughterhouse,178,4
Jun-10,OXFORDSHIRE,CENTRAL,Slaughterhouse,25,0
Jun-10,OXFORDSHIRE,DEVON,Slaughterhouse,0,2
Jun-10,OXFORDSHIRE,DURHAM,Slaughterhouse,0,2
Jun-10,OXFORDSHIRE,GLOUCESTERSHIRE,Slaughterhouse,93,6
Jun-10,OXFORDSHIRE,HAMPSHIRE,Slaughterhouse,27,14
Jun-10,OXFORDSHIRE,LANCASHIRE,Slaughterhouse,52,12
Jun-10,OXFORDSHIRE,LEICESTERSHIRE,Slaughterhouse,0,2
Jun-10,OXFORDSHIRE,LINCOLNSHIRE,Slaughterhouse,342,1
Jun-10,OXFORDSHIRE,MID GLAMORGAN,Slaughterhouse,284,14
Jun-10,OXFORDSHIRE,NORTH YORKSHIRE,Slaughterhouse,0,1
Jun-10,OXFORDSHIRE,OXFORDSHIRE,Slaughterhouse,107,16
Jun-10,OXFORDSHIRE,SHROPSHIRE,Slaughterhouse,56,0
Jun-10,OXFORDSHIRE,SOMERSET,Slaughterhouse,60,0
Jun-10,OXFORDSHIRE,SOUTH YORKSHIRE,Slaughterhouse,89,8
Jun-10,OXFORDSHIRE,STAFFORDSHIRE,Slaughterhouse,1,5
Jun-10,OXFORDSHIRE,SURREY,Slaughterhouse,109,0
Jun-10,OXFORDSHIRE,WARWICKSHIRE,Slaughterhouse,12,0
Jun-10,OXFORDSHIRE,WEST YORKSHIRE,Slaughterhouse,0,1
Jun-10,OXFORDSHIRE,WILTSHIRE,Slaughterhouse,14,1
Jun-10,OXFORDSHIRE,,Slaughterhouse,147,6
Jun-10,POWYS,AVON,Slaughterhouse,8,35
Jun-10,POWYS,BEDFORDSHIRE,Slaughterhouse,112,96
Jun-10,POWYS,CENTRAL,Slaughterhouse,0,2
Jun-10,POWYS,CHESHIRE,Slaughterhouse,81,7
Jun-10,POWYS,CLWYD,Slaughterhouse,4,14
Jun-10,POWYS,CUMBRIA,Slaughterhouse,0,1
Jun-10,POWYS,DERBYSHIRE,Slaughterhouse,12,1
Jun-10,POWYS,DEVON,Slaughterhouse,59,88
Jun-10,POWYS,DURHAM,Slaughterhouse,0,8
Jun-10,POWYS,DYFED,Slaughterhouse,71,7
Jun-10,POWYS,GLOUCESTERSHIRE,Slaughterhouse,24,8
Jun-10,POWYS,GREATER MANCHESTER,Slaughterhouse,17,97
Jun-10,POWYS,GWYNEDD,Slaughterhouse,1,1
Jun-10,POWYS,HEREFORD & WORCESTER,Slaughterhouse,13,1
Jun-10,POWYS,HUMBERSIDE,Slaughterhouse,12,1
Jun-10,POWYS,LANCASHIRE,Slaughterhouse,256,16
Jun-10,POWYS,LINCOLNSHIRE,Slaughterhouse,17,13
Jun-10,POWYS,MID GLAMORGAN,Slaughterhouse,403,0
Jun-10,POWYS,NORFOLK,Slaughterhouse,0,5
Jun-10,POWYS,OXFORDSHIRE,Slaughterhouse,0,13
Jun-10,POWYS,POWYS,Slaughterhouse,344,0
Jun-10,POWYS,SHROPSHIRE,Slaughterhouse,777,45
Jun-10,POWYS,SOMERSET,Slaughterhouse,69,1
Jun-10,POWYS,SOUTH YORKSHIRE,Slaughterhouse,11,2
Jun-10,POWYS,STAFFORDSHIRE,Slaughterhouse,27,56
Jun-10,POWYS,STRATHCLYDE,Slaughterhouse,1,0
Jun-10,POWYS,TYNE & WEAR,Slaughterhouse,16,7
Jun-10,POWYS,WARWICKSHIRE,Slaughterhouse,0,2
Jun-10,POWYS,WEST GLAMORGAN,Slaughterhouse,38,1
Jun-10,POWYS,WEST YORKSHIRE,Slaughterhouse,9,4
Jun-10,POWYS,WILTSHIRE,Slaughterhouse,0,5
Jun-10,POWYS,,Slaughterhouse,269,101
Jun-10,SCILLY ISLES,CORNWALL,Slaughterhouse,4,0
Jun-10,SHETLAND,CUMBRIA,Slaughterhouse,0,2
Jun-10,SHETLAND,SHETLAND,Slaughterhouse,5,0
Jun-10,SHETLAND,STRATHCLYDE,Slaughterhouse,0,1
Jun-10,SHETLAND,,Slaughterhouse,0,4
Jun-10,SHROPSHIRE,AVON,Slaughterhouse,304,133
Jun-10,SHROPSHIRE,BEDFORDSHIRE,Slaughterhouse,314,116
Jun-10,SHROPSHIRE,CENTRAL,Slaughterhouse,84,17
Jun-10,SHROPSHIRE,CHESHIRE,Slaughterhouse,420,62
Jun-10,SHROPSHIRE,CLWYD,Slaughterhouse,49,9
Jun-10,SHROPSHIRE,CUMBRIA,Slaughterhouse,78,48
Jun-10,SHROPSHIRE,DERBYSHIRE,Slaughterhouse,48,21
Jun-10,SHROPSHIRE,DEVON,Slaughterhouse,655,240
Jun-10,SHROPSHIRE,DURHAM,Slaughterhouse,107,34
Jun-10,SHROPSHIRE,DYFED,Slaughterhouse,5,0
Jun-10,SHROPSHIRE,GLOUCESTERSHIRE,Slaughterhouse,19,16
Jun-10,SHROPSHIRE,GREATER MANCHESTER,Slaughterhouse,893,475
Jun-10,SHROPSHIRE,HAMPSHIRE,Slaughterhouse,45,11
Jun-10,SHROPSHIRE,HEREFORD & WORCESTER,Slaughterhouse,40,1
Jun-10,SHROPSHIRE,HUMBERSIDE,Slaughterhouse,20,7
Jun-10,SHROPSHIRE,LANCASHIRE,Slaughterhouse,676,84
Jun-10,SHROPSHIRE,LINCOLNSHIRE,Slaughterhouse,599,43
Jun-10,SHROPSHIRE,MID GLAMORGAN,Slaughterhouse,85,0
Jun-10,SHROPSHIRE,NORFOLK,Slaughterhouse,15,3
Jun-10,SHROPSHIRE,OXFORDSHIRE,Slaughterhouse,251,124
Jun-10,SHROPSHIRE,SHROPSHIRE,Slaughterhouse,"2,957",256
Jun-10,SHROPSHIRE,SOMERSET,Slaughterhouse,54,0
Jun-10,SHROPSHIRE,SOUTH YORKSHIRE,Slaughterhouse,48,3
Jun-10,SHROPSHIRE,STAFFORDSHIRE,Slaughterhouse,"1,438",789
Jun-10,SHROPSHIRE,STRATHCLYDE,Slaughterhouse,91,29
Jun-10,SHROPSHIRE,TYNE & WEAR,Slaughterhouse,12,2
Jun-10,SHROPSHIRE,WARWICKSHIRE,Slaughterhouse,89,50
Jun-10,SHROPSHIRE,WEST MIDLANDS,Slaughterhouse,102,7
Jun-10,SHROPSHIRE,WEST YORKSHIRE,Slaughterhouse,123,66
Jun-10,SHROPSHIRE,WILTSHIRE,Slaughterhouse,101,28
Jun-10,SHROPSHIRE,,Slaughterhouse,"1,619",434
Jun-10,SOMERSET,AVON,Slaughterhouse,542,102
Jun-10,SOMERSET,BEDFORDSHIRE,Slaughterhouse,94,63
Jun-10,SOMERSET,CENTRAL,Slaughterhouse,1,0
Jun-10,SOMERSET,CORNWALL,Slaughterhouse,486,68
Jun-10,SOMERSET,DEVON,Slaughterhouse,513,132
Jun-10,SOMERSET,DORSET,Slaughterhouse,53,3
Jun-10,SOMERSET,GLOUCESTERSHIRE,Slaughterhouse,293,116
Jun-10,SOMERSET,GREATER LONDON,Slaughterhouse,1,0
Jun-10,SOMERSET,KENT,Slaughterhouse,48,22
Jun-10,SOMERSET,LANCASHIRE,Slaughterhouse,78,16
Jun-10,SOMERSET,LINCOLNSHIRE,Slaughterhouse,127,1
Jun-10,SOMERSET,MID GLAMORGAN,Slaughterhouse,84,0
Jun-10,SOMERSET,OXFORDSHIRE,Slaughterhouse,142,58
Jun-10,SOMERSET,SHROPSHIRE,Slaughterhouse,266,42
Jun-10,SOMERSET,SOMERSET,Slaughterhouse,"1,812",69
Jun-10,SOMERSET,SOUTH YORKSHIRE,Slaughterhouse,104,0
Jun-10,SOMERSET,STAFFORDSHIRE,Slaughterhouse,4,2
Jun-10,SOMERSET,STRATHCLYDE,Slaughterhouse,3,0
Jun-10,SOMERSET,SURREY,Slaughterhouse,42,1
Jun-10,SOMERSET,WILTSHIRE,Slaughterhouse,137,2
Jun-10,SOMERSET,,Slaughterhouse,770,141
Jun-10,SOUTH GLAMORGAN,AVON,Slaughterhouse,0,5
Jun-10,SOUTH GLAMORGAN,DEVON,Slaughterhouse,1,6
Jun-10,SOUTH GLAMORGAN,DYFED,Slaughterhouse,33,3
Jun-10,SOUTH GLAMORGAN,GLOUCESTERSHIRE,Slaughterhouse,0,1
Jun-10,SOUTH GLAMORGAN,LANCASHIRE,Slaughterhouse,27,3
Jun-10,SOUTH GLAMORGAN,LINCOLNSHIRE,Slaughterhouse,51,0
Jun-10,SOUTH GLAMORGAN,MID GLAMORGAN,Slaughterhouse,188,0
Jun-10,SOUTH GLAMORGAN,SOMERSET,Slaughterhouse,46,3
Jun-10,SOUTH GLAMORGAN,WEST GLAMORGAN,Slaughterhouse,83,3
Jun-10,SOUTH GLAMORGAN,,Slaughterhouse,42,6
Jun-10,SOUTH YORKSHIRE,BEDFORDSHIRE,Slaughterhouse,0,3
Jun-10,SOUTH YORKSHIRE,CENTRAL,Slaughterhouse,0,3
Jun-10,SOUTH YORKSHIRE,CHESHIRE,Slaughterhouse,75,0
Jun-10,SOUTH YORKSHIRE,CLEVELAND,Slaughterhouse,0,25
Jun-10,SOUTH YORKSHIRE,CUMBRIA,Slaughterhouse,0,21
Jun-10,SOUTH YORKSHIRE,DERBYSHIRE,Slaughterhouse,10,5
Jun-10,SOUTH YORKSHIRE,DEVON,Slaughterhouse,0,3
Jun-10,SOUTH YORKSHIRE,DURHAM,Slaughterhouse,0,8
Jun-10,SOUTH YORKSHIRE,GREATER MANCHESTER,Slaughterhouse,0,92
Jun-10,SOUTH YORKSHIRE,HAMPSHIRE,Slaughterhouse,0,0
Jun-10,SOUTH YORKSHIRE,HUMBERSIDE,Slaughterhouse,20,0
Jun-10,SOUTH YORKSHIRE,LANCASHIRE,Slaughterhouse,29,3
Jun-10,SOUTH YORKSHIRE,LINCOLNSHIRE,Slaughterhouse,0,27
Jun-10,SOUTH YORKSHIRE,NORTH YORKSHIRE,Slaughterhouse,0,31
Jun-10,SOUTH YORKSHIRE,NOTTINGHAMSHIRE,Slaughterhouse,1,1
Jun-10,SOUTH YORKSHIRE,OXFORDSHIRE,Slaughterhouse,0,1
Jun-10,SOUTH YORKSHIRE,SHROPSHIRE,Slaughterhouse,0,2
Jun-10,SOUTH YORKSHIRE,SOUTH YORKSHIRE,Slaughterhouse,643,13
Jun-10,SOUTH YORKSHIRE,STAFFORDSHIRE,Slaughterhouse,16,18
Jun-10,SOUTH YORKSHIRE,STRATHCLYDE,Slaughterhouse,0,8
Jun-10,SOUTH YORKSHIRE,TYNE & WEAR,Slaughterhouse,0,0
Jun-10,SOUTH YORKSHIRE,WEST YORKSHIRE,Slaughterhouse,128,91
Jun-10,SOUTH YORKSHIRE,,Slaughterhouse,87,9
Jun-10,STAFFORDSHIRE,AVON,Slaughterhouse,5,35
Jun-10,STAFFORDSHIRE,BEDFORDSHIRE,Slaughterhouse,78,106
Jun-10,STAFFORDSHIRE,CHESHIRE,Slaughterhouse,141,14
Jun-10,STAFFORDSHIRE,CUMBRIA,Slaughterhouse,3,17
Jun-10,STAFFORDSHIRE,DERBYSHIRE,Slaughterhouse,39,25
Jun-10,STAFFORDSHIRE,DEVON,Slaughterhouse,0,100
Jun-10,STAFFORDSHIRE,DURHAM,Slaughterhouse,0,14
Jun-10,STAFFORDSHIRE,GREATER MANCHESTER,Slaughterhouse,13,134
Jun-10,STAFFORDSHIRE,GWYNEDD,Slaughterhouse,1,0
Jun-10,STAFFORDSHIRE,HAMPSHIRE,Slaughterhouse,0,1
Jun-10,STAFFORDSHIRE,LANCASHIRE,Slaughterhouse,397,51
Jun-10,STAFFORDSHIRE,LINCOLNSHIRE,Slaughterhouse,156,12
Jun-10,STAFFORDSHIRE,MID GLAMORGAN,Slaughterhouse,119,0
Jun-10,STAFFORDSHIRE,NOTTINGHAMSHIRE,Slaughterhouse,0,2
Jun-10,STAFFORDSHIRE,OXFORDSHIRE,Slaughterhouse,3,24
Jun-10,STAFFORDSHIRE,SHROPSHIRE,Slaughterhouse,"1,050",67
Jun-10,STAFFORDSHIRE,SOMERSET,Slaughterhouse,20,0
Jun-10,STAFFORDSHIRE,SOUTH YORKSHIRE,Slaughterhouse,69,34
Jun-10,STAFFORDSHIRE,STAFFORDSHIRE,Slaughterhouse,"1,189",303
Jun-10,STAFFORDSHIRE,STRATHCLYDE,Slaughterhouse,0,22
Jun-10,STAFFORDSHIRE,SURREY,Slaughterhouse,6,0
Jun-10,STAFFORDSHIRE,WARWICKSHIRE,Slaughterhouse,0,1
Jun-10,STAFFORDSHIRE,WEST YORKSHIRE,Slaughterhouse,89,99
Jun-10,STAFFORDSHIRE,WILTSHIRE,Slaughterhouse,0,15
Jun-10,STAFFORDSHIRE,,Slaughterhouse,317,128
Jun-10,STRATHCLYDE,BORDERS,Slaughterhouse,3,1
Jun-10,STRATHCLYDE,CENTRAL,Slaughterhouse,890,22
Jun-10,STRATHCLYDE,CLEVELAND,Slaughterhouse,0,3
Jun-10,STRATHCLYDE,CUMBRIA,Slaughterhouse,154,95
Jun-10,STRATHCLYDE,DURHAM,Slaughterhouse,0,1
Jun-10,STRATHCLYDE,GRAMPIAN,Slaughterhouse,186,10
Jun-10,STRATHCLYDE,HIGHLAND,Slaughterhouse,27,8
Jun-10,STRATHCLYDE,LANCASHIRE,Slaughterhouse,139,121
Jun-10,STRATHCLYDE,NORFOLK,Slaughterhouse,0,3
Jun-10,STRATHCLYDE,SOUTH YORKSHIRE,Slaughterhouse,108,76
Jun-10,STRATHCLYDE,STRATHCLYDE,Slaughterhouse,"2,971",339
Jun-10,STRATHCLYDE,TAYSIDE,Slaughterhouse,546,75
Jun-10,STRATHCLYDE,,Slaughterhouse,476,214
Jun-10,SUFFOLK,BEDFORDSHIRE,Slaughterhouse,143,2
Jun-10,SUFFOLK,CAMBRIDGESHIRE,Slaughterhouse,1,0
Jun-10,SUFFOLK,CUMBRIA,Slaughterhouse,0,1
Jun-10,SUFFOLK,DERBYSHIRE,Slaughterhouse,0,4
Jun-10,SUFFOLK,ESSEX,Slaughterhouse,49,163
Jun-10,SUFFOLK,GREATER MANCHESTER,Slaughterhouse,0,2
Jun-10,SUFFOLK,HAMPSHIRE,Slaughterhouse,0,38
Jun-10,SUFFOLK,KENT,Slaughterhouse,6,0
Jun-10,SUFFOLK,LANCASHIRE,Slaughterhouse,0,1
Jun-10,SUFFOLK,LINCOLNSHIRE,Slaughterhouse,527,3
Jun-10,SUFFOLK,MID GLAMORGAN,Slaughterhouse,104,0
Jun-10,SUFFOLK,NORFOLK,Slaughterhouse,402,62
Jun-10,SUFFOLK,NOTTINGHAMSHIRE,Slaughterhouse,0,2
Jun-10,SUFFOLK,OXFORDSHIRE,Slaughterhouse,0,2
Jun-10,SUFFOLK,SHROPSHIRE,Slaughterhouse,0,2
Jun-10,SUFFOLK,SOMERSET,Slaughterhouse,0,2
Jun-10,SUFFOLK,SOUTH YORKSHIRE,Slaughterhouse,23,3
Jun-10,SUFFOLK,STAFFORDSHIRE,Slaughterhouse,0,2
Jun-10,SUFFOLK,STRATHCLYDE,Slaughterhouse,0,2
Jun-10,SUFFOLK,SUFFOLK,Slaughterhouse,18,0
Jun-10,SUFFOLK,SURREY,Slaughterhouse,0,2
Jun-10,SUFFOLK,,Slaughterhouse,234,3
Jun-10,SURREY,AVON,Slaughterhouse,3,3
Jun-10,SURREY,BEDFORDSHIRE,Slaughterhouse,4,7
Jun-10,SURREY,DEVON,Slaughterhouse,0,3
Jun-10,SURREY,EAST SUSSEX,Slaughterhouse,6,2
Jun-10,SURREY,HAMPSHIRE,Slaughterhouse,53,12
Jun-10,SURREY,KENT,Slaughterhouse,40,9
Jun-10,SURREY,LANCASHIRE,Slaughterhouse,16,0
Jun-10,SURREY,NORFOLK,Slaughterhouse,0,3
Jun-10,SURREY,SOMERSET,Slaughterhouse,16,8
Jun-10,SURREY,SOUTH YORKSHIRE,Slaughterhouse,2,0
Jun-10,SURREY,SURREY,Slaughterhouse,355,1
Jun-10,SURREY,WEST SUSSEX,Slaughterhouse,6,0
Jun-10,SURREY,,Slaughterhouse,21,0
Jun-10,TAYSIDE,CENTRAL,Slaughterhouse,"1,573",33
Jun-10,TAYSIDE,CUMBRIA,Slaughterhouse,5,8
Jun-10,TAYSIDE,FIFE,Slaughterhouse,204,67
Jun-10,TAYSIDE,GRAMPIAN,Slaughterhouse,866,58
Jun-10,TAYSIDE,HIGHLAND,Slaughterhouse,6,1
Jun-10,TAYSIDE,HUMBERSIDE,Slaughterhouse,17,0
Jun-10,TAYSIDE,LANCASHIRE,Slaughterhouse,55,6
Jun-10,TAYSIDE,STRATHCLYDE,Slaughterhouse,216,77
Jun-10,TAYSIDE,TAYSIDE,Slaughterhouse,"1,483",17
Jun-10,TAYSIDE,,Slaughterhouse,184,82
Jun-10,TYNE & WEAR,CENTRAL,Slaughterhouse,100,0
Jun-10,TYNE & WEAR,CLEVELAND,Slaughterhouse,0,5
Jun-10,TYNE & WEAR,DURHAM,Slaughterhouse,3,7
Jun-10,TYNE & WEAR,GREATER MANCHESTER,Slaughterhouse,0,3
Jun-10,TYNE & WEAR,HUMBERSIDE,Slaughterhouse,0,5
Jun-10,TYNE & WEAR,LANCASHIRE,Slaughterhouse,15,0
Jun-10,TYNE & WEAR,SOUTH YORKSHIRE,Slaughterhouse,17,2
Jun-10,TYNE & WEAR,STRATHCLYDE,Slaughterhouse,0,1
Jun-10,TYNE & WEAR,TYNE & WEAR,Slaughterhouse,58,0
Jun-10,TYNE & WEAR,,Slaughterhouse,0,3
Jun-10,WARWICKSHIRE,AVON,Slaughterhouse,0,17
Jun-10,WARWICKSHIRE,BEDFORDSHIRE,Slaughterhouse,45,3
Jun-10,WARWICKSHIRE,CENTRAL,Slaughterhouse,33,0
Jun-10,WARWICKSHIRE,CHESHIRE,Slaughterhouse,0,1
Jun-10,WARWICKSHIRE,DERBYSHIRE,Slaughterhouse,0,2
Jun-10,WARWICKSHIRE,DEVON,Slaughterhouse,0,8
Jun-10,WARWICKSHIRE,DORSET,Slaughterhouse,0,1
Jun-10,WARWICKSHIRE,ESSEX,Slaughterhouse,4,0
Jun-10,WARWICKSHIRE,GLOUCESTERSHIRE,Slaughterhouse,7,0
Jun-10,WARWICKSHIRE,GRAMPIAN,Slaughterhouse,0,12
Jun-10,WARWICKSHIRE,GREATER MANCHESTER,Slaughterhouse,0,3
Jun-10,WARWICKSHIRE,HAMPSHIRE,Slaughterhouse,4,1
Jun-10,WARWICKSHIRE,HEREFORD & WORCESTER,Slaughterhouse,6,0
Jun-10,WARWICKSHIRE,LANCASHIRE,Slaughterhouse,58,4
Jun-10,WARWICKSHIRE,LEICESTERSHIRE,Slaughterhouse,72,17
Jun-10,WARWICKSHIRE,LINCOLNSHIRE,Slaughterhouse,412,38
Jun-10,WARWICKSHIRE,MID GLAMORGAN,Slaughterhouse,334,0
Jun-10,WARWICKSHIRE,NORTH YORKSHIRE,Slaughterhouse,49,27
Jun-10,WARWICKSHIRE,NOTTINGHAMSHIRE,Slaughterhouse,0,1
Jun-10,WARWICKSHIRE,OXFORDSHIRE,Slaughterhouse,148,75
Jun-10,WARWICKSHIRE,SHROPSHIRE,Slaughterhouse,117,4
Jun-10,WARWICKSHIRE,SOMERSET,Slaughterhouse,39,2
Jun-10,WARWICKSHIRE,SOUTH YORKSHIRE,Slaughterhouse,15,11
Jun-10,WARWICKSHIRE,STAFFORDSHIRE,Slaughterhouse,85,33
Jun-10,WARWICKSHIRE,STRATHCLYDE,Slaughterhouse,0,1
Jun-10,WARWICKSHIRE,SURREY,Slaughterhouse,65,1
Jun-10,WARWICKSHIRE,WARWICKSHIRE,Slaughterhouse,71,2
Jun-10,WARWICKSHIRE,WEST MIDLANDS,Slaughterhouse,5,0
Jun-10,WARWICKSHIRE,WEST YORKSHIRE,Slaughterhouse,0,4
Jun-10,WARWICKSHIRE,WILTSHIRE,Slaughterhouse,0,3
Jun-10,WARWICKSHIRE,,Slaughterhouse,149,32
Jun-10,WESTERN ISLES,WESTERN ISLES,Slaughterhouse,4,0
Jun-10,WEST GLAMORGAN,AVON,Slaughterhouse,0,5
Jun-10,WEST GLAMORGAN,BEDFORDSHIRE,Slaughterhouse,17,5
Jun-10,WEST GLAMORGAN,DEVON,Slaughterhouse,0,4
Jun-10,WEST GLAMORGAN,DYFED,Slaughterhouse,38,1
Jun-10,WEST GLAMORGAN,GLOUCESTERSHIRE,Slaughterhouse,0,1
Jun-10,WEST GLAMORGAN,GREATER MANCHESTER,Slaughterhouse,33,0
Jun-10,WEST GLAMORGAN,LANCASHIRE,Slaughterhouse,10,3
Jun-10,WEST GLAMORGAN,LINCOLNSHIRE,Slaughterhouse,0,5
Jun-10,WEST GLAMORGAN,MID GLAMORGAN,Slaughterhouse,47,0
Jun-10,WEST GLAMORGAN,OXFORDSHIRE,Slaughterhouse,0,1
Jun-10,WEST GLAMORGAN,SOMERSET,Slaughterhouse,0,1
Jun-10,WEST GLAMORGAN,SOUTH YORKSHIRE,Slaughterhouse,15,0
Jun-10,WEST GLAMORGAN,STAFFORDSHIRE,Slaughterhouse,10,0
Jun-10,WEST GLAMORGAN,WEST GLAMORGAN,Slaughterhouse,22,0
Jun-10,WEST GLAMORGAN,,Slaughterhouse,64,0
Jun-10,WEST MIDLANDS,AVON,Slaughterhouse,0,1
Jun-10,WEST MIDLANDS,BEDFORDSHIRE,Slaughterhouse,0,3
Jun-10,WEST MIDLANDS,CHESHIRE,Slaughterhouse,4,0
Jun-10,WEST MIDLANDS,LANCASHIRE,Slaughterhouse,0,2
Jun-10,WEST MIDLANDS,LEICESTERSHIRE,Slaughterhouse,2,2
Jun-10,WEST MIDLANDS,LINCOLNSHIRE,Slaughterhouse,0,8
Jun-10,WEST MIDLANDS,MID GLAMORGAN,Slaughterhouse,5,0
Jun-10,WEST MIDLANDS,NORTH YORKSHIRE,Slaughterhouse,0,1
Jun-10,WEST MIDLANDS,NOTTINGHAMSHIRE,Slaughterhouse,0,4
Jun-10,WEST MIDLANDS,OXFORDSHIRE,Slaughterhouse,0,3
Jun-10,WEST MIDLANDS,SHROPSHIRE,Slaughterhouse,0,1
Jun-10,WEST MIDLANDS,SOUTH YORKSHIRE,Slaughterhouse,10,0
Jun-10,WEST MIDLANDS,STAFFORDSHIRE,Slaughterhouse,2,2
Jun-10,WEST MIDLANDS,STRATHCLYDE,Slaughterhouse,0,1
Jun-10,WEST MIDLANDS,WARWICKSHIRE,Slaughterhouse,2,1
Jun-10,WEST MIDLANDS,WILTSHIRE,Slaughterhouse,2,0
Jun-10,WEST MIDLANDS,,Slaughterhouse,33,6
Jun-10,WEST SUSSEX,AVON,Slaughterhouse,51,0
Jun-10,WEST SUSSEX,BEDFORDSHIRE,Slaughterhouse,16,7
Jun-10,WEST SUSSEX,EAST SUSSEX,Slaughterhouse,3,4
Jun-10,WEST SUSSEX,GREATER LONDON,Slaughterhouse,13,0
Jun-10,WEST SUSSEX,HAMPSHIRE,Slaughterhouse,28,5
Jun-10,WEST SUSSEX,KENT,Slaughterhouse,21,8
Jun-10,WEST SUSSEX,LANCASHIRE,Slaughterhouse,0,2
Jun-10,WEST SUSSEX,LINCOLNSHIRE,Slaughterhouse,76,0
Jun-10,WEST SUSSEX,NORFOLK,Slaughterhouse,0,1
Jun-10,WEST SUSSEX,OXFORDSHIRE,Slaughterhouse,1,0
Jun-10,WEST SUSSEX,SOMERSET,Slaughterhouse,417,8
Jun-10,WEST SUSSEX,SURREY,Slaughterhouse,174,1
Jun-10,WEST SUSSEX,WEST SUSSEX,Slaughterhouse,40,0
Jun-10,WEST SUSSEX,,Slaughterhouse,48,0
Jun-10,WEST YORKSHIRE,CENTRAL,Slaughterhouse,0,9
Jun-10,WEST YORKSHIRE,CLEVELAND,Slaughterhouse,1,52
Jun-10,WEST YORKSHIRE,CUMBRIA,Slaughterhouse,2,26
Jun-10,WEST YORKSHIRE,DERBYSHIRE,Slaughterhouse,3,0
Jun-10,WEST YORKSHIRE,DEVON,Slaughterhouse,0,7
Jun-10,WEST YORKSHIRE,DURHAM,Slaughterhouse,73,30
Jun-10,WEST YORKSHIRE,GRAMPIAN,Slaughterhouse,0,2
Jun-10,WEST YORKSHIRE,GREATER MANCHESTER,Slaughterhouse,66,125
Jun-10,WEST YORKSHIRE,HIGHLAND,Slaughterhouse,6,17
Jun-10,WEST YORKSHIRE,HUMBERSIDE,Slaughterhouse,75,9
Jun-10,WEST YORKSHIRE,LANCASHIRE,Slaughterhouse,318,12
Jun-10,WEST YORKSHIRE,LINCOLNSHIRE,Slaughterhouse,9,37
Jun-10,WEST YORKSHIRE,NORTH YORKSHIRE,Slaughterhouse,142,46
Jun-10,WEST YORKSHIRE,NOTTINGHAMSHIRE,Slaughterhouse,0,1
Jun-10,WEST YORKSHIRE,SOUTH YORKSHIRE,Slaughterhouse,325,27
Jun-10,WEST YORKSHIRE,STAFFORDSHIRE,Slaughterhouse,0,2
Jun-10,WEST YORKSHIRE,STRATHCLYDE,Slaughterhouse,0,9
Jun-10,WEST YORKSHIRE,TAYSIDE,Slaughterhouse,10,0
Jun-10,WEST YORKSHIRE,WEST YORKSHIRE,Slaughterhouse,652,172
Jun-10,WEST YORKSHIRE,,Slaughterhouse,48,9
Jun-10,WILTSHIRE,AVON,Slaughterhouse,636,19
Jun-10,WILTSHIRE,BEDFORDSHIRE,Slaughterhouse,104,1
Jun-10,WILTSHIRE,CENTRAL,Slaughterhouse,1,0
Jun-10,WILTSHIRE,CORNWALL,Slaughterhouse,27,0
Jun-10,WILTSHIRE,DEVON,Slaughterhouse,36,29
Jun-10,WILTSHIRE,DORSET,Slaughterhouse,23,0
Jun-10,WILTSHIRE,GLOUCESTERSHIRE,Slaughterhouse,23,49
Jun-10,WILTSHIRE,HAMPSHIRE,Slaughterhouse,17,0
Jun-10,WILTSHIRE,LANCASHIRE,Slaughterhouse,41,1
Jun-10,WILTSHIRE,LINCOLNSHIRE,Slaughterhouse,93,0
Jun-10,WILTSHIRE,MID GLAMORGAN,Slaughterhouse,179,2
Jun-10,WILTSHIRE,OXFORDSHIRE,Slaughterhouse,18,12
Jun-10,WILTSHIRE,SHROPSHIRE,Slaughterhouse,4,10
Jun-10,WILTSHIRE,SOMERSET,Slaughterhouse,627,31
Jun-10,WILTSHIRE,SOUTH YORKSHIRE,Slaughterhouse,32,0
Jun-10,WILTSHIRE,STRATHCLYDE,Slaughterhouse,7,0
Jun-10,WILTSHIRE,SURREY,Slaughterhouse,68,0
Jun-10,WILTSHIRE,WARWICKSHIRE,Slaughterhouse,1,0
Jun-10,WILTSHIRE,WILTSHIRE,Slaughterhouse,209,7
Jun-10,WILTSHIRE,,Slaughterhouse,220,61
Jun-10,0,CENTRAL,Slaughterhouse,1,0
Jun-10,0,CUMBRIA,Slaughterhouse,4,3
Jun-10,0,GRAMPIAN,Slaughterhouse,0,0
Jun-10,0,LANCASHIRE,Slaughterhouse,5,0
Jun-10,0,SHETLAND,Slaughterhouse,1,0
Jun-10,0,SHROPSHIRE,Slaughterhouse,1,3
Jun-10,0,SOUTH YORKSHIRE,Slaughterhouse,0,2
Jun-10,0,STRATHCLYDE,Slaughterhouse,12,0
Jul-10,AVON,AVON,Slaughterhouse,672,12
Jul-10,AVON,BEDFORDSHIRE,Slaughterhouse,15,4
Jul-10,AVON,CORNWALL,Slaughterhouse,5,24
Jul-10,AVON,DEVON,Slaughterhouse,0,12
Jul-10,AVON,DORSET,Slaughterhouse,0,1
Jul-10,AVON,DYFED,Slaughterhouse,1,0
Jul-10,AVON,GLOUCESTERSHIRE,Slaughterhouse,34,44
Jul-10,AVON,HUMBERSIDE,Slaughterhouse,38,0
Jul-10,AVON,KENT,Slaughterhouse,1,8
Jul-10,AVON,LANCASHIRE,Slaughterhouse,39,9
Jul-10,AVON,LINCOLNSHIRE,Slaughterhouse,78,1
Jul-10,AVON,MID GLAMORGAN,Slaughterhouse,139,0
Jul-10,AVON,OXFORDSHIRE,Slaughterhouse,0,11
Jul-10,AVON,SHROPSHIRE,Slaughterhouse,21,15
Jul-10,AVON,SOMERSET,Slaughterhouse,109,7
Jul-10,AVON,SOUTH YORKSHIRE,Slaughterhouse,1,1
Jul-10,AVON,WILTSHIRE,Slaughterhouse,683,13
Jul-10,AVON,,Slaughterhouse,3,32
Jul-10,BEDFORDSHIRE,BEDFORDSHIRE,Slaughterhouse,261,0
Jul-10,BEDFORDSHIRE,CAMBRIDGESHIRE,Slaughterhouse,10,0
Jul-10,BEDFORDSHIRE,CENTRAL,Slaughterhouse,12,0
Jul-10,BEDFORDSHIRE,GREATER LONDON,Slaughterhouse,10,0
Jul-10,BEDFORDSHIRE,LEICESTERSHIRE,Slaughterhouse,4,0
Jul-10,BEDFORDSHIRE,LINCOLNSHIRE,Slaughterhouse,62,0
Jul-10,BEDFORDSHIRE,MID GLAMORGAN,Slaughterhouse,3,0
Jul-10,BEDFORDSHIRE,OXFORDSHIRE,Slaughterhouse,18,2
Jul-10,BEDFORDSHIRE,SURREY,Slaughterhouse,27,0
Jul-10,BERKSHIRE,AVON,Slaughterhouse,17,0
Jul-10,BERKSHIRE,BEDFORDSHIRE,Slaughterhouse,100,0
Jul-10,BERKSHIRE,CENTRAL,Slaughterhouse,20,0
Jul-10,BERKSHIRE,CORNWALL,Slaughterhouse,7,0
Jul-10,BERKSHIRE,DEVON,Slaughterhouse,1,1
Jul-10,BERKSHIRE,GLOUCESTERSHIRE,Slaughterhouse,5,0
Jul-10,BERKSHIRE,HAMPSHIRE,Slaughterhouse,191,0
Jul-10,BERKSHIRE,LINCOLNSHIRE,Slaughterhouse,30,0
Jul-10,BERKSHIRE,MID GLAMORGAN,Slaughterhouse,97,0
Jul-10,BERKSHIRE,OXFORDSHIRE,Slaughterhouse,45,0
Jul-10,BERKSHIRE,SHROPSHIRE,Slaughterhouse,14,0
Jul-10,BERKSHIRE,SOMERSET,Slaughterhouse,106,2
Jul-10,BERKSHIRE,SURREY,Slaughterhouse,50,0
Jul-10,BERKSHIRE,WILTSHIRE,Slaughterhouse,3,0
Jul-10,BORDERS,BORDERS,Slaughterhouse,248,140
Jul-10,BORDERS,CENTRAL,Slaughterhouse,737,44
Jul-10,BORDERS,CLEVELAND,Slaughterhouse,0,1
Jul-10,BORDERS,CUMBRIA,Slaughterhouse,18,2
Jul-10,BORDERS,DURHAM,Slaughterhouse,0,2
Jul-10,BORDERS,GRAMPIAN,Slaughterhouse,123,11
Jul-10,BORDERS,GREATER MANCHESTER,Slaughterhouse,0,2
Jul-10,BORDERS,HIGHLAND,Slaughterhouse,58,36
Jul-10,BORDERS,LANCASHIRE,Slaughterhouse,0,3
Jul-10,BORDERS,LINCOLNSHIRE,Slaughterhouse,11,0
Jul-10,BORDERS,SHROPSHIRE,Slaughterhouse,1,0
Jul-10,BORDERS,SOUTH YORKSHIRE,Slaughterhouse,85,7
Jul-10,BORDERS,STRATHCLYDE,Slaughterhouse,"1,112",161
Jul-10,BORDERS,TAYSIDE,Slaughterhouse,168,44
Jul-10,BORDERS,TYNE & WEAR,Slaughterhouse,14,0
Jul-10,BORDERS,WEST YORKSHIRE,Slaughterhouse,78,51
Jul-10,BORDERS,,Slaughterhouse,82,48
Jul-10,BUCKINGHAMSHIRE,AVON,Slaughterhouse,71,0
Jul-10,BUCKINGHAMSHIRE,BEDFORDSHIRE,Slaughterhouse,455,5
Jul-10,BUCKINGHAMSHIRE,CENTRAL,Slaughterhouse,199,0
Jul-10,BUCKINGHAMSHIRE,DEVON,Slaughterhouse,3,1
Jul-10,BUCKINGHAMSHIRE,GLOUCESTERSHIRE,Slaughterhouse,0,1
Jul-10,BUCKINGHAMSHIRE,GRAMPIAN,Slaughterhouse,0,1
Jul-10,BUCKINGHAMSHIRE,GREATER LONDON,Slaughterhouse,16,0
Jul-10,BUCKINGHAMSHIRE,GREATER MANCHESTER,Slaughterhouse,0,1
Jul-10,BUCKINGHAMSHIRE,HAMPSHIRE,Slaughterhouse,41,4
Jul-10,BUCKINGHAMSHIRE,HIGHLAND,Slaughterhouse,0,2
Jul-10,BUCKINGHAMSHIRE,LANCASHIRE,Slaughterhouse,223,0
Jul-10,BUCKINGHAMSHIRE,LEICESTERSHIRE,Slaughterhouse,1,0
Jul-10,BUCKINGHAMSHIRE,LINCOLNSHIRE,Slaughterhouse,399,8
Jul-10,BUCKINGHAMSHIRE,MID GLAMORGAN,Slaughterhouse,292,29
Jul-10,BUCKINGHAMSHIRE,NORFOLK,Slaughterhouse,28,0
Jul-10,BUCKINGHAMSHIRE,NORTH YORKSHIRE,Slaughterhouse,0,1
Jul-10,BUCKINGHAMSHIRE,NOTTINGHAMSHIRE,Slaughterhouse,0,1
Jul-10,BUCKINGHAMSHIRE,OXFORDSHIRE,Slaughterhouse,66,16
Jul-10,BUCKINGHAMSHIRE,SHROPSHIRE,Slaughterhouse,0,2
Jul-10,BUCKINGHAMSHIRE,SOMERSET,Slaughterhouse,50,1
Jul-10,BUCKINGHAMSHIRE,SOUTH YORKSHIRE,Slaughterhouse,29,50
Jul-10,BUCKINGHAMSHIRE,STAFFORDSHIRE,Slaughterhouse,0,5
Jul-10,BUCKINGHAMSHIRE,SURREY,Slaughterhouse,93,0
Jul-10,BUCKINGHAMSHIRE,WARWICKSHIRE,Slaughterhouse,2,0
Jul-10,BUCKINGHAMSHIRE,WEST YORKSHIRE,Slaughterhouse,0,1
Jul-10,BUCKINGHAMSHIRE,WILTSHIRE,Slaughterhouse,12,2
Jul-10,BUCKINGHAMSHIRE,,Slaughterhouse,47,6
Jul-10,CAMBRIDGESHIRE,BEDFORDSHIRE,Slaughterhouse,241,0
Jul-10,CAMBRIDGESHIRE,CAMBRIDGESHIRE,Slaughterhouse,30,0
Jul-10,CAMBRIDGESHIRE,CENTRAL,Slaughterhouse,0,3
Jul-10,CAMBRIDGESHIRE,CUMBRIA,Slaughterhouse,0,1
Jul-10,CAMBRIDGESHIRE,ESSEX,Slaughterhouse,1,5
Jul-10,CAMBRIDGESHIRE,GRAMPIAN,Slaughterhouse,0,4
Jul-10,CAMBRIDGESHIRE,GREATER MANCHESTER,Slaughterhouse,0,8
Jul-10,CAMBRIDGESHIRE,HAMPSHIRE,Slaughterhouse,21,2
Jul-10,CAMBRIDGESHIRE,HIGHLAND,Slaughterhouse,0,9
Jul-10,CAMBRIDGESHIRE,LANCASHIRE,Slaughterhouse,0,3
Jul-10,CAMBRIDGESHIRE,LINCOLNSHIRE,Slaughterhouse,522,21
Jul-10,CAMBRIDGESHIRE,MID GLAMORGAN,Slaughterhouse,124,0
Jul-10,CAMBRIDGESHIRE,NORFOLK,Slaughterhouse,31,2
Jul-10,CAMBRIDGESHIRE,NORTH YORKSHIRE,Slaughterhouse,0,4
Jul-10,CAMBRIDGESHIRE,NOTTINGHAMSHIRE,Slaughterhouse,0,3
Jul-10,CAMBRIDGESHIRE,OXFORDSHIRE,Slaughterhouse,0,9
Jul-10,CAMBRIDGESHIRE,SHROPSHIRE,Slaughterhouse,44,1
Jul-10,CAMBRIDGESHIRE,SOUTH YORKSHIRE,Slaughterhouse,2,11
Jul-10,CAMBRIDGESHIRE,STAFFORDSHIRE,Slaughterhouse,0,19
Jul-10,CAMBRIDGESHIRE,STRATHCLYDE,Slaughterhouse,0,2
Jul-10,CAMBRIDGESHIRE,SUFFOLK,Slaughterhouse,2,0
Jul-10,CAMBRIDGESHIRE,WEST YORKSHIRE,Slaughterhouse,0,1
Jul-10,CAMBRIDGESHIRE,,Slaughterhouse,14,15
Jul-10,CENTRAL,BORDERS,Slaughterhouse,0,1
Jul-10,CENTRAL,CENTRAL,Slaughterhouse,696,35
Jul-10,CENTRAL,CUMBRIA,Slaughterhouse,8,2
Jul-10,CENTRAL,FIFE,Slaughterhouse,1,0
Jul-10,CENTRAL,GRAMPIAN,Slaughterhouse,79,16
Jul-10,CENTRAL,LANCASHIRE,Slaughterhouse,83,13
Jul-10,CENTRAL,SOUTH YORKSHIRE,Slaughterhouse,23,4
Jul-10,CENTRAL,STRATHCLYDE,Slaughterhouse,539,110
Jul-10,CENTRAL,TAYSIDE,Slaughterhouse,270,19
Jul-10,CENTRAL,WEST YORKSHIRE,Slaughterhouse,0,1
Jul-10,CENTRAL,,Slaughterhouse,51,14
Jul-10,CHESHIRE,AVON,Slaughterhouse,117,72
Jul-10,CHESHIRE,BEDFORDSHIRE,Slaughterhouse,19,22
Jul-10,CHESHIRE,CHESHIRE,Slaughterhouse,725,130
Jul-10,CHESHIRE,CLEVELAND,Slaughterhouse,0,1
Jul-10,CHESHIRE,CLWYD,Slaughterhouse,13,27
Jul-10,CHESHIRE,CUMBRIA,Slaughterhouse,74,0
Jul-10,CHESHIRE,DERBYSHIRE,Slaughterhouse,55,4
Jul-10,CHESHIRE,DEVON,Slaughterhouse,147,185
Jul-10,CHESHIRE,DURHAM,Slaughterhouse,0,13
Jul-10,CHESHIRE,GRAMPIAN,Slaughterhouse,0,2
Jul-10,CHESHIRE,GREATER MANCHESTER,Slaughterhouse,163,79
Jul-10,CHESHIRE,HIGHLAND,Slaughterhouse,0,1
Jul-10,CHESHIRE,HUMBERSIDE,Slaughterhouse,126,96
Jul-10,CHESHIRE,LANCASHIRE,Slaughterhouse,905,57
Jul-10,CHESHIRE,LINCOLNSHIRE,Slaughterhouse,53,7
Jul-10,CHESHIRE,MERSEYSIDE,Slaughterhouse,1,0
Jul-10,CHESHIRE,MID GLAMORGAN,Slaughterhouse,7,0
Jul-10,CHESHIRE,NORFOLK,Slaughterhouse,1,1
Jul-10,CHESHIRE,NORTH YORKSHIRE,Slaughterhouse,58,0
Jul-10,CHESHIRE,NOTTINGHAMSHIRE,Slaughterhouse,0,1
Jul-10,CHESHIRE,SHROPSHIRE,Slaughterhouse,541,44
Jul-10,CHESHIRE,SOMERSET,Slaughterhouse,3,2
Jul-10,CHESHIRE,SOUTH YORKSHIRE,Slaughterhouse,31,24
Jul-10,CHESHIRE,STAFFORDSHIRE,Slaughterhouse,443,295
Jul-10,CHESHIRE,STRATHCLYDE,Slaughterhouse,218,88
Jul-10,CHESHIRE,WEST MIDLANDS,Slaughterhouse,0,11
Jul-10,CHESHIRE,WEST YORKSHIRE,Slaughterhouse,89,79
Jul-10,CHESHIRE,,Slaughterhouse,383,181
Jul-10,CLEVELAND,CENTRAL,Slaughterhouse,0,9
Jul-10,CLEVELAND,CLEVELAND,Slaughterhouse,35,74
Jul-10,CLEVELAND,CUMBRIA,Slaughterhouse,7,18
Jul-10,CLEVELAND,DURHAM,Slaughterhouse,52,95
Jul-10,CLEVELAND,GREATER MANCHESTER,Slaughterhouse,15,63
Jul-10,CLEVELAND,HIGHLAND,Slaughterhouse,0,24
Jul-10,CLEVELAND,HUMBERSIDE,Slaughterhouse,0,11
Jul-10,CLEVELAND,LANCASHIRE,Slaughterhouse,37,9
Jul-10,CLEVELAND,LINCOLNSHIRE,Slaughterhouse,0,4
Jul-10,CLEVELAND,NORTH YORKSHIRE,Slaughterhouse,73,4
Jul-10,CLEVELAND,SHROPSHIRE,Slaughterhouse,9,18
Jul-10,CLEVELAND,SOMERSET,Slaughterhouse,0,1
Jul-10,CLEVELAND,SOUTH YORKSHIRE,Slaughterhouse,0,2
Jul-10,CLEVELAND,STAFFORDSHIRE,Slaughterhouse,0,12
Jul-10,CLEVELAND,WEST YORKSHIRE,Slaughterhouse,10,100
Jul-10,CLEVELAND,,Slaughterhouse,0,6
Jul-10,CLWYD,AVON,Slaughterhouse,44,52
Jul-10,CLWYD,BEDFORDSHIRE,Slaughterhouse,0,8
Jul-10,CLWYD,CHESHIRE,Slaughterhouse,181,29
Jul-10,CLWYD,CLWYD,Slaughterhouse,336,75
Jul-10,CLWYD,CUMBRIA,Slaughterhouse,0,2
Jul-10,CLWYD,DERBYSHIRE,Slaughterhouse,28,21
Jul-10,CLWYD,DEVON,Slaughterhouse,0,48
Jul-10,CLWYD,DURHAM,Slaughterhouse,0,5
Jul-10,CLWYD,GRAMPIAN,Slaughterhouse,1,0
Jul-10,CLWYD,GREATER MANCHESTER,Slaughterhouse,16,51
Jul-10,CLWYD,GWYNEDD,Slaughterhouse,127,120
Jul-10,CLWYD,HUMBERSIDE,Slaughterhouse,19,22
Jul-10,CLWYD,LANCASHIRE,Slaughterhouse,770,70
Jul-10,CLWYD,LINCOLNSHIRE,Slaughterhouse,45,0
Jul-10,CLWYD,MID GLAMORGAN,Slaughterhouse,17,0
Jul-10,CLWYD,NORFOLK,Slaughterhouse,44,36
Jul-10,CLWYD,POWYS,Slaughterhouse,24,0
Jul-10,CLWYD,SHROPSHIRE,Slaughterhouse,744,128
Jul-10,CLWYD,SOUTH YORKSHIRE,Slaughterhouse,45,30
Jul-10,CLWYD,STAFFORDSHIRE,Slaughterhouse,52,73
Jul-10,CLWYD,STRATHCLYDE,Slaughterhouse,1,7
Jul-10,CLWYD,TYNE & WEAR,Slaughterhouse,59,33
Jul-10,CLWYD,WEST MIDLANDS,Slaughterhouse,0,2
Jul-10,CLWYD,WEST YORKSHIRE,Slaughterhouse,106,38
Jul-10,CLWYD,,Slaughterhouse,182,72
Jul-10,CORNWALL,AVON,Slaughterhouse,12,0
Jul-10,CORNWALL,BEDFORDSHIRE,Slaughterhouse,169,40
Jul-10,CORNWALL,CORNWALL,Slaughterhouse,"5,361",324
Jul-10,CORNWALL,CUMBRIA,Slaughterhouse,17,3
Jul-10,CORNWALL,DEVON,Slaughterhouse,312,183
Jul-10,CORNWALL,GRAMPIAN,Slaughterhouse,0,1
Jul-10,CORNWALL,LANCASHIRE,Slaughterhouse,443,6
Jul-10,CORNWALL,SHROPSHIRE,Slaughterhouse,11,55
Jul-10,CORNWALL,SOMERSET,Slaughterhouse,219,0
Jul-10,CORNWALL,SOUTH YORKSHIRE,Slaughterhouse,84,5
Jul-10,CORNWALL,WILTSHIRE,Slaughterhouse,0,14
Jul-10,CORNWALL,,Slaughterhouse,8,54
Jul-10,CUMBRIA,BORDERS,Slaughterhouse,12,10
Jul-10,CUMBRIA,CENTRAL,Slaughterhouse,274,75
Jul-10,CUMBRIA,CHESHIRE,Slaughterhouse,1,1
Jul-10,CUMBRIA,CLEVELAND,Slaughterhouse,224,169
Jul-10,CUMBRIA,CUMBRIA,Slaughterhouse,"1,816",343
Jul-10,CUMBRIA,DUMFRIES & GALLOWAY,Slaughterhouse,27,19
Jul-10,CUMBRIA,DURHAM,Slaughterhouse,243,182
Jul-10,CUMBRIA,GREATER MANCHESTER,Slaughterhouse,202,198
Jul-10,CUMBRIA,HUMBERSIDE,Slaughterhouse,1,13
Jul-10,CUMBRIA,LANCASHIRE,Slaughterhouse,"2,145",388
Jul-10,CUMBRIA,LINCOLNSHIRE,Slaughterhouse,33,0
Jul-10,CUMBRIA,MID GLAMORGAN,Slaughterhouse,0,1
Jul-10,CUMBRIA,NORTH YORKSHIRE,Slaughterhouse,2,0
Jul-10,CUMBRIA,SHROPSHIRE,Slaughterhouse,159,77
Jul-10,CUMBRIA,SOUTH YORKSHIRE,Slaughterhouse,65,10
Jul-10,CUMBRIA,STAFFORDSHIRE,Slaughterhouse,0,1
Jul-10,CUMBRIA,STRATHCLYDE,Slaughterhouse,259,94
Jul-10,CUMBRIA,TAYSIDE,Slaughterhouse,50,0
Jul-10,CUMBRIA,TYNE & WEAR,Slaughterhouse,88,14
Jul-10,CUMBRIA,WEST YORKSHIRE,Slaughterhouse,290,253
Jul-10,CUMBRIA,,Slaughterhouse,187,126
Jul-10,DERBYSHIRE,AVON,Slaughterhouse,0,2
Jul-10,DERBYSHIRE,BEDFORDSHIRE,Slaughterhouse,7,14
Jul-10,DERBYSHIRE,CHESHIRE,Slaughterhouse,8,3
Jul-10,DERBYSHIRE,CLEVELAND,Slaughterhouse,0,1
Jul-10,DERBYSHIRE,CUMBRIA,Slaughterhouse,0,3
Jul-10,DERBYSHIRE,DERBYSHIRE,Slaughterhouse,446,51
Jul-10,DERBYSHIRE,DEVON,Slaughterhouse,121,112
Jul-10,DERBYSHIRE,DURHAM,Slaughterhouse,0,2
Jul-10,DERBYSHIRE,GRAMPIAN,Slaughterhouse,0,5
Jul-10,DERBYSHIRE,GREATER MANCHESTER,Slaughterhouse,31,52
Jul-10,DERBYSHIRE,HIGHLAND,Slaughterhouse,0,5
Jul-10,DERBYSHIRE,HUMBERSIDE,Slaughterhouse,4,2
Jul-10,DERBYSHIRE,LANCASHIRE,Slaughterhouse,358,34
Jul-10,DERBYSHIRE,LINCOLNSHIRE,Slaughterhouse,176,51
Jul-10,DERBYSHIRE,MID GLAMORGAN,Slaughterhouse,120,0
Jul-10,DERBYSHIRE,NOTTINGHAMSHIRE,Slaughterhouse,15,5
Jul-10,DERBYSHIRE,OXFORDSHIRE,Slaughterhouse,59,46
Jul-10,DERBYSHIRE,SHROPSHIRE,Slaughterhouse,217,39
Jul-10,DERBYSHIRE,SOMERSET,Slaughterhouse,112,0
Jul-10,DERBYSHIRE,SOUTH YORKSHIRE,Slaughterhouse,674,142
Jul-10,DERBYSHIRE,STAFFORDSHIRE,Slaughterhouse,582,311
Jul-10,DERBYSHIRE,STRATHCLYDE,Slaughterhouse,98,93
Jul-10,DERBYSHIRE,WEST YORKSHIRE,Slaughterhouse,143,29
Jul-10,DERBYSHIRE,,Slaughterhouse,317,75
Jul-10,DEVON,AVON,Slaughterhouse,22,15
Jul-10,DEVON,BEDFORDSHIRE,Slaughterhouse,84,44
Jul-10,DEVON,CORNWALL,Slaughterhouse,"4,132",191
Jul-10,DEVON,CUMBRIA,Slaughterhouse,3,2
Jul-10,DEVON,DEVON,Slaughterhouse,"2,638",270
Jul-10,DEVON,DORSET,Slaughterhouse,33,1
Jul-10,DEVON,GLOUCESTERSHIRE,Slaughterhouse,106,36
Jul-10,DEVON,KENT,Slaughterhouse,0,15
Jul-10,DEVON,LANCASHIRE,Slaughterhouse,245,9
Jul-10,DEVON,LINCOLNSHIRE,Slaughterhouse,273,0
Jul-10,DEVON,MID GLAMORGAN,Slaughterhouse,27,0
Jul-10,DEVON,NORFOLK,Slaughterhouse,0,2
Jul-10,DEVON,OXFORDSHIRE,Slaughterhouse,22,38
Jul-10,DEVON,SHROPSHIRE,Slaughterhouse,"1,068",461
Jul-10,DEVON,SOMERSET,Slaughterhouse,"2,214",56
Jul-10,DEVON,SOUTH YORKSHIRE,Slaughterhouse,89,0
Jul-10,DEVON,STAFFORDSHIRE,Slaughterhouse,10,0
Jul-10,DEVON,SURREY,Slaughterhouse,147,38
Jul-10,DEVON,WEST YORKSHIRE,Slaughterhouse,0,1
Jul-10,DEVON,WILTSHIRE,Slaughterhouse,85,71
Jul-10,DEVON,,Slaughterhouse,552,179
Jul-10,DORSET,AVON,Slaughterhouse,232,16
Jul-10,DORSET,BEDFORDSHIRE,Slaughterhouse,0,8
Jul-10,DORSET,CORNWALL,Slaughterhouse,64,9
Jul-10,DORSET,DEVON,Slaughterhouse,75,84
Jul-10,DORSET,DORSET,Slaughterhouse,475,1
Jul-10,DORSET,GLOUCESTERSHIRE,Slaughterhouse,0,24
Jul-10,DORSET,KENT,Slaughterhouse,0,2
Jul-10,DORSET,LANCASHIRE,Slaughterhouse,29,6
Jul-10,DORSET,LINCOLNSHIRE,Slaughterhouse,5,0
Jul-10,DORSET,MID GLAMORGAN,Slaughterhouse,57,0
Jul-10,DORSET,OXFORDSHIRE,Slaughterhouse,0,3
Jul-10,DORSET,SHROPSHIRE,Slaughterhouse,21,8
Jul-10,DORSET,SOMERSET,Slaughterhouse,411,32
Jul-10,DORSET,SOUTH YORKSHIRE,Slaughterhouse,19,1
Jul-10,DORSET,SURREY,Slaughterhouse,178,0
Jul-10,DORSET,WILTSHIRE,Slaughterhouse,14,3
Jul-10,DORSET,,Slaughterhouse,313,42
Jul-10,DUMFRIES & GALLOWAY,BORDERS,Slaughterhouse,0,2
Jul-10,DUMFRIES & GALLOWAY,CENTRAL,Slaughterhouse,"1,009",21
Jul-10,DUMFRIES & GALLOWAY,CLEVELAND,Slaughterhouse,0,15
Jul-10,DUMFRIES & GALLOWAY,CUMBRIA,Slaughterhouse,647,77
Jul-10,DUMFRIES & GALLOWAY,DUMFRIES & GALLOWAY,Slaughterhouse,112,31
Jul-10,DUMFRIES & GALLOWAY,DURHAM,Slaughterhouse,0,20
Jul-10,DUMFRIES & GALLOWAY,GRAMPIAN,Slaughterhouse,"1,119",8
Jul-10,DUMFRIES & GALLOWAY,GREATER MANCHESTER,Slaughterhouse,27,31
Jul-10,DUMFRIES & GALLOWAY,HIGHLAND,Slaughterhouse,41,3
Jul-10,DUMFRIES & GALLOWAY,LANCASHIRE,Slaughterhouse,181,14
Jul-10,DUMFRIES & GALLOWAY,NORTH YORKSHIRE,Slaughterhouse,0,1
Jul-10,DUMFRIES & GALLOWAY,SOUTH YORKSHIRE,Slaughterhouse,75,90
Jul-10,DUMFRIES & GALLOWAY,STRATHCLYDE,Slaughterhouse,"2,665",204
Jul-10,DUMFRIES & GALLOWAY,TAYSIDE,Slaughterhouse,972,24
Jul-10,DUMFRIES & GALLOWAY,WILTSHIRE,Slaughterhouse,48,4
Jul-10,DUMFRIES & GALLOWAY,,Slaughterhouse,135,104
Jul-10,DURHAM,CENTRAL,Slaughterhouse,127,35
Jul-10,DURHAM,CLEVELAND,Slaughterhouse,485,275
Jul-10,DURHAM,CUMBRIA,Slaughterhouse,136,53
Jul-10,DURHAM,DURHAM,Slaughterhouse,936,213
Jul-10,DURHAM,GREATER MANCHESTER,Slaughterhouse,204,103
Jul-10,DURHAM,HIGHLAND,Slaughterhouse,76,32
Jul-10,DURHAM,HUMBERSIDE,Slaughterhouse,265,20
Jul-10,DURHAM,LANCASHIRE,Slaughterhouse,612,45
Jul-10,DURHAM,LINCOLNSHIRE,Slaughterhouse,241,45
Jul-10,DURHAM,MID GLAMORGAN,Slaughterhouse,22,0
Jul-10,DURHAM,NORTH YORKSHIRE,Slaughterhouse,71,4
Jul-10,DURHAM,SHROPSHIRE,Slaughterhouse,89,40
Jul-10,DURHAM,SOMERSET,Slaughterhouse,1,0
Jul-10,DURHAM,SOUTH YORKSHIRE,Slaughterhouse,11,3
Jul-10,DURHAM,STAFFORDSHIRE,Slaughterhouse,90,47
Jul-10,DURHAM,TYNE & WEAR,Slaughterhouse,47,0
Jul-10,DURHAM,WEST YORKSHIRE,Slaughterhouse,392,221
Jul-10,DURHAM,,Slaughterhouse,66,44
Jul-10,DYFED,AVON,Slaughterhouse,420,317
Jul-10,DYFED,BEDFORDSHIRE,Slaughterhouse,597,295
Jul-10,DYFED,CHESHIRE,Slaughterhouse,1,1
Jul-10,DYFED,CLWYD,Slaughterhouse,0,2
Jul-10,DYFED,DEVON,Slaughterhouse,77,62
Jul-10,DYFED,DYFED,Slaughterhouse,"2,240",166
Jul-10,DYFED,GREATER MANCHESTER,Slaughterhouse,18,21
Jul-10,DYFED,GWYNEDD,Slaughterhouse,2,0
Jul-10,DYFED,HAMPSHIRE,Slaughterhouse,21,0
Jul-10,DYFED,LANCASHIRE,Slaughterhouse,574,1
Jul-10,DYFED,LINCOLNSHIRE,Slaughterhouse,200,128
Jul-10,DYFED,MID GLAMORGAN,Slaughterhouse,883,137
Jul-10,DYFED,NORFOLK,Slaughterhouse,0,2
Jul-10,DYFED,OXFORDSHIRE,Slaughterhouse,0,1
Jul-10,DYFED,POWYS,Slaughterhouse,112,0
Jul-10,DYFED,SHROPSHIRE,Slaughterhouse,747,104
Jul-10,DYFED,SOMERSET,Slaughterhouse,361,292
Jul-10,DYFED,SOUTH YORKSHIRE,Slaughterhouse,30,0
Jul-10,DYFED,STAFFORDSHIRE,Slaughterhouse,4,3
Jul-10,DYFED,STRATHCLYDE,Slaughterhouse,29,5
Jul-10,DYFED,SURREY,Slaughterhouse,167,55
Jul-10,DYFED,TYNE & WEAR,Slaughterhouse,1,1
Jul-10,DYFED,WEST GLAMORGAN,Slaughterhouse,296,148
Jul-10,DYFED,WEST YORKSHIRE,Slaughterhouse,0,2
Jul-10,DYFED,WILTSHIRE,Slaughterhouse,10,6
Jul-10,DYFED,,Slaughterhouse,194,63
Jul-10,EAST SUSSEX,BEDFORDSHIRE,Slaughterhouse,140,23
Jul-10,EAST SUSSEX,DEVON,Slaughterhouse,0,3
Jul-10,EAST SUSSEX,EAST SUSSEX,Slaughterhouse,91,8
Jul-10,EAST SUSSEX,GREATER LONDON,Slaughterhouse,1,2
Jul-10,EAST SUSSEX,HAMPSHIRE,Slaughterhouse,11,10
Jul-10,EAST SUSSEX,HUMBERSIDE,Slaughterhouse,0,1
Jul-10,EAST SUSSEX,KENT,Slaughterhouse,53,8
Jul-10,EAST SUSSEX,LINCOLNSHIRE,Slaughterhouse,16,0
Jul-10,EAST SUSSEX,MID GLAMORGAN,Slaughterhouse,184,0
Jul-10,EAST SUSSEX,OXFORDSHIRE,Slaughterhouse,17,0
Jul-10,EAST SUSSEX,SOMERSET,Slaughterhouse,67,12
Jul-10,EAST SUSSEX,SURREY,Slaughterhouse,154,0
Jul-10,EAST SUSSEX,WEST SUSSEX,Slaughterhouse,9,0
Jul-10,EAST SUSSEX,WEST YORKSHIRE,Slaughterhouse,0,0
Jul-10,EAST SUSSEX,,Slaughterhouse,32,0
Jul-10,ESSEX,BEDFORDSHIRE,Slaughterhouse,23,4
Jul-10,ESSEX,CAMBRIDGESHIRE,Slaughterhouse,6,0
Jul-10,ESSEX,DEVON,Slaughterhouse,2,5
Jul-10,ESSEX,EAST SUSSEX,Slaughterhouse,2,3
Jul-10,ESSEX,ESSEX,Slaughterhouse,484,70
Jul-10,ESSEX,GREATER LONDON,Slaughterhouse,1,2
Jul-10,ESSEX,HAMPSHIRE,Slaughterhouse,82,53
Jul-10,ESSEX,HUMBERSIDE,Slaughterhouse,0,3
Jul-10,ESSEX,KENT,Slaughterhouse,1,5
Jul-10,ESSEX,LANCASHIRE,Slaughterhouse,25,0
Jul-10,ESSEX,LINCOLNSHIRE,Slaughterhouse,44,0
Jul-10,ESSEX,MID GLAMORGAN,Slaughterhouse,50,0
Jul-10,ESSEX,NORFOLK,Slaughterhouse,94,26
Jul-10,ESSEX,OXFORDSHIRE,Slaughterhouse,2,0
Jul-10,ESSEX,SOMERSET,Slaughterhouse,12,10
Jul-10,ESSEX,SURREY,Slaughterhouse,68,0
Jul-10,ESSEX,,Slaughterhouse,6,0
Jul-10,FIFE,CENTRAL,Slaughterhouse,568,20
Jul-10,FIFE,FIFE,Slaughterhouse,19,25
Jul-10,FIFE,GRAMPIAN,Slaughterhouse,152,25
Jul-10,FIFE,HIGHLAND,Slaughterhouse,5,0
Jul-10,FIFE,LANCASHIRE,Slaughterhouse,0,3
Jul-10,FIFE,SOUTH YORKSHIRE,Slaughterhouse,0,7
Jul-10,FIFE,STRATHCLYDE,Slaughterhouse,83,130
Jul-10,FIFE,TAYSIDE,Slaughterhouse,494,17
Jul-10,FIFE,,Slaughterhouse,5,39
Jul-10,GLOUCESTERSHIRE,AVON,Slaughterhouse,277,51
Jul-10,GLOUCESTERSHIRE,BEDFORDSHIRE,Slaughterhouse,183,9
Jul-10,GLOUCESTERSHIRE,CORNWALL,Slaughterhouse,0,3
Jul-10,GLOUCESTERSHIRE,CUMBRIA,Slaughterhouse,8,0
Jul-10,GLOUCESTERSHIRE,DERBYSHIRE,Slaughterhouse,3,0
Jul-10,GLOUCESTERSHIRE,DEVON,Slaughterhouse,0,16
Jul-10,GLOUCESTERSHIRE,DYFED,Slaughterhouse,0,14
Jul-10,GLOUCESTERSHIRE,GLOUCESTERSHIRE,Slaughterhouse,545,17
Jul-10,GLOUCESTERSHIRE,HAMPSHIRE,Slaughterhouse,0,5
Jul-10,GLOUCESTERSHIRE,HIGHLAND,Slaughterhouse,0,2
Jul-10,GLOUCESTERSHIRE,HUMBERSIDE,Slaughterhouse,151,0
Jul-10,GLOUCESTERSHIRE,LANCASHIRE,Slaughterhouse,70,17
Jul-10,GLOUCESTERSHIRE,LINCOLNSHIRE,Slaughterhouse,214,19
Jul-10,GLOUCESTERSHIRE,MID GLAMORGAN,Slaughterhouse,724,0
Jul-10,GLOUCESTERSHIRE,NORFOLK,Slaughterhouse,2,0
Jul-10,GLOUCESTERSHIRE,OXFORDSHIRE,Slaughterhouse,66,35
Jul-10,GLOUCESTERSHIRE,SHROPSHIRE,Slaughterhouse,204,4
Jul-10,GLOUCESTERSHIRE,SOMERSET,Slaughterhouse,512,4
Jul-10,GLOUCESTERSHIRE,SOUTH YORKSHIRE,Slaughterhouse,4,0
Jul-10,GLOUCESTERSHIRE,STAFFORDSHIRE,Slaughterhouse,14,1
Jul-10,GLOUCESTERSHIRE,STRATHCLYDE,Slaughterhouse,10,3
Jul-10,GLOUCESTERSHIRE,SURREY,Slaughterhouse,3,0
Jul-10,GLOUCESTERSHIRE,WARWICKSHIRE,Slaughterhouse,11,0
Jul-10,GLOUCESTERSHIRE,WEST YORKSHIRE,Slaughterhouse,1,0
Jul-10,GLOUCESTERSHIRE,WILTSHIRE,Slaughterhouse,86,49
Jul-10,GLOUCESTERSHIRE,,Slaughterhouse,416,40
Jul-10,GRAMPIAN,CENTRAL,Slaughterhouse,735,0
Jul-10,GRAMPIAN,CUMBRIA,Slaughterhouse,101,25
Jul-10,GRAMPIAN,DUMFRIES & GALLOWAY,Slaughterhouse,5,0
Jul-10,GRAMPIAN,FIFE,Slaughterhouse,0,3
Jul-10,GRAMPIAN,GRAMPIAN,Slaughterhouse,"9,462",167
Jul-10,GRAMPIAN,HIGHLAND,Slaughterhouse,507,35
Jul-10,GRAMPIAN,LANCASHIRE,Slaughterhouse,1,1
Jul-10,GRAMPIAN,LINCOLNSHIRE,Slaughterhouse,7,7
Jul-10,GRAMPIAN,NORTH YORKSHIRE,Slaughterhouse,13,12
Jul-10,GRAMPIAN,SOMERSET,Slaughterhouse,1,1
Jul-10,GRAMPIAN,STRATHCLYDE,Slaughterhouse,425,55
Jul-10,GRAMPIAN,TAYSIDE,Slaughterhouse,"1,057",50
Jul-10,GRAMPIAN,WEST YORKSHIRE,Slaughterhouse,0,1
Jul-10,GRAMPIAN,,Slaughterhouse,"1,590",116
Jul-10,GREATER LONDON,AVON,Slaughterhouse,2,0
Jul-10,GREATER LONDON,DEVON,Slaughterhouse,0,1
Jul-10,GREATER LONDON,ESSEX,Slaughterhouse,1,0
Jul-10,GREATER LONDON,HAMPSHIRE,Slaughterhouse,4,1
Jul-10,GREATER LONDON,KENT,Slaughterhouse,0,1
Jul-10,GREATER LONDON,SOMERSET,Slaughterhouse,0,1
Jul-10,GREATER MANCHESTER,AVON,Slaughterhouse,0,1
Jul-10,GREATER MANCHESTER,BEDFORDSHIRE,Slaughterhouse,0,1
Jul-10,GREATER MANCHESTER,CHESHIRE,Slaughterhouse,20,4
Jul-10,GREATER MANCHESTER,CLEVELAND,Slaughterhouse,0,11
Jul-10,GREATER MANCHESTER,CUMBRIA,Slaughterhouse,24,0
Jul-10,GREATER MANCHESTER,DERBYSHIRE,Slaughterhouse,0,1
Jul-10,GREATER MANCHESTER,DEVON,Slaughterhouse,0,4
Jul-10,GREATER MANCHESTER,GREATER MANCHESTER,Slaughterhouse,443,53
Jul-10,GREATER MANCHESTER,HUMBERSIDE,Slaughterhouse,0,7
Jul-10,GREATER MANCHESTER,LANCASHIRE,Slaughterhouse,124,9
Jul-10,GREATER MANCHESTER,LINCOLNSHIRE,Slaughterhouse,0,1
Jul-10,GREATER MANCHESTER,MERSEYSIDE,Slaughterhouse,17,0
Jul-10,GREATER MANCHESTER,NORTH YORKSHIRE,Slaughterhouse,0,3
Jul-10,GREATER MANCHESTER,SHROPSHIRE,Slaughterhouse,1,0
Jul-10,GREATER MANCHESTER,SOUTH YORKSHIRE,Slaughterhouse,29,5
Jul-10,GREATER MANCHESTER,STAFFORDSHIRE,Slaughterhouse,4,19
Jul-10,GREATER MANCHESTER,STRATHCLYDE,Slaughterhouse,0,12
Jul-10,GREATER MANCHESTER,WEST YORKSHIRE,Slaughterhouse,9,13
Jul-10,GREATER MANCHESTER,,Slaughterhouse,6,15
Jul-10,GWENT,AVON,Slaughterhouse,64,48
Jul-10,GWENT,BEDFORDSHIRE,Slaughterhouse,59,9
Jul-10,GWENT,CORNWALL,Slaughterhouse,13,0
Jul-10,GWENT,DEVON,Slaughterhouse,39,30
Jul-10,GWENT,DYFED,Slaughterhouse,13,4
Jul-10,GWENT,GLOUCESTERSHIRE,Slaughterhouse,87,7
Jul-10,GWENT,LANCASHIRE,Slaughterhouse,20,9
Jul-10,GWENT,LINCOLNSHIRE,Slaughterhouse,2,11
Jul-10,GWENT,MID GLAMORGAN,Slaughterhouse,396,0
Jul-10,GWENT,NORFOLK,Slaughterhouse,0,5
Jul-10,GWENT,OXFORDSHIRE,Slaughterhouse,0,9
Jul-10,GWENT,POWYS,Slaughterhouse,1,0
Jul-10,GWENT,SHROPSHIRE,Slaughterhouse,72,3
Jul-10,GWENT,SOMERSET,Slaughterhouse,74,11
Jul-10,GWENT,SOUTH YORKSHIRE,Slaughterhouse,11,0
Jul-10,GWENT,WEST GLAMORGAN,Slaughterhouse,40,5
Jul-10,GWENT,WILTSHIRE,Slaughterhouse,11,0
Jul-10,GWENT,,Slaughterhouse,0,16
Jul-10,GWYNEDD,AVON,Slaughterhouse,0,2
Jul-10,GWYNEDD,BEDFORDSHIRE,Slaughterhouse,33,0
Jul-10,GWYNEDD,CHESHIRE,Slaughterhouse,4,1
Jul-10,GWYNEDD,CLWYD,Slaughterhouse,55,2
Jul-10,GWYNEDD,CUMBRIA,Slaughterhouse,5,5
Jul-10,GWYNEDD,DERBYSHIRE,Slaughterhouse,24,2
Jul-10,GWYNEDD,GREATER MANCHESTER,Slaughterhouse,0,5
Jul-10,GWYNEDD,GWYNEDD,Slaughterhouse,145,95
Jul-10,GWYNEDD,HUMBERSIDE,Slaughterhouse,33,7
Jul-10,GWYNEDD,LANCASHIRE,Slaughterhouse,669,13
Jul-10,GWYNEDD,MID GLAMORGAN,Slaughterhouse,62,0
Jul-10,GWYNEDD,NORFOLK,Slaughterhouse,12,12
Jul-10,GWYNEDD,SHROPSHIRE,Slaughterhouse,196,3
Jul-10,GWYNEDD,SOUTH YORKSHIRE,Slaughterhouse,41,7
Jul-10,GWYNEDD,STRATHCLYDE,Slaughterhouse,33,1
Jul-10,GWYNEDD,TYNE & WEAR,Slaughterhouse,0,2
Jul-10,GWYNEDD,WEST YORKSHIRE,Slaughterhouse,9,15
Jul-10,GWYNEDD,,Slaughterhouse,12,11
Jul-10,HAMPSHIRE,AVON,Slaughterhouse,307,8
Jul-10,HAMPSHIRE,BEDFORDSHIRE,Slaughterhouse,13,0
Jul-10,HAMPSHIRE,DEVON,Slaughterhouse,0,27
Jul-10,HAMPSHIRE,DORSET,Slaughterhouse,29,0
Jul-10,HAMPSHIRE,GLOUCESTERSHIRE,Slaughterhouse,0,11
Jul-10,HAMPSHIRE,GRAMPIAN,Slaughterhouse,0,0
Jul-10,HAMPSHIRE,HAMPSHIRE,Slaughterhouse,175,0
Jul-10,HAMPSHIRE,KENT,Slaughterhouse,63,0
Jul-10,HAMPSHIRE,LANCASHIRE,Slaughterhouse,0,1
Jul-10,HAMPSHIRE,LINCOLNSHIRE,Slaughterhouse,57,0
Jul-10,HAMPSHIRE,MID GLAMORGAN,Slaughterhouse,161,0
Jul-10,HAMPSHIRE,OXFORDSHIRE,Slaughterhouse,27,0
Jul-10,HAMPSHIRE,SHROPSHIRE,Slaughterhouse,0,7
Jul-10,HAMPSHIRE,SOMERSET,Slaughterhouse,163,12
Jul-10,HAMPSHIRE,SURREY,Slaughterhouse,264,0
Jul-10,HAMPSHIRE,WEST SUSSEX,Slaughterhouse,3,0
Jul-10,HAMPSHIRE,WILTSHIRE,Slaughterhouse,43,0
Jul-10,HAMPSHIRE,,Slaughterhouse,152,12
Jul-10,HEREFORD & WORCESTER,AVON,Slaughterhouse,418,146
Jul-10,HEREFORD & WORCESTER,BEDFORDSHIRE,Slaughterhouse,200,41
Jul-10,HEREFORD & WORCESTER,CENTRAL,Slaughterhouse,131,4
Jul-10,HEREFORD & WORCESTER,CHESHIRE,Slaughterhouse,35,25
Jul-10,HEREFORD & WORCESTER,CUMBRIA,Slaughterhouse,14,10
Jul-10,HEREFORD & WORCESTER,DEVON,Slaughterhouse,133,152
Jul-10,HEREFORD & WORCESTER,DURHAM,Slaughterhouse,28,41
Jul-10,HEREFORD & WORCESTER,DYFED,Slaughterhouse,60,23
Jul-10,HEREFORD & WORCESTER,GLOUCESTERSHIRE,Slaughterhouse,158,35
Jul-10,HEREFORD & WORCESTER,GREATER MANCHESTER,Slaughterhouse,81,91
Jul-10,HEREFORD & WORCESTER,HAMPSHIRE,Slaughterhouse,9,3
Jul-10,HEREFORD & WORCESTER,HEREFORD & WORCESTER,Slaughterhouse,94,2
Jul-10,HEREFORD & WORCESTER,HIGHLAND,Slaughterhouse,0,1
Jul-10,HEREFORD & WORCESTER,LANCASHIRE,Slaughterhouse,257,119
Jul-10,HEREFORD & WORCESTER,LINCOLNSHIRE,Slaughterhouse,425,119
Jul-10,HEREFORD & WORCESTER,MID GLAMORGAN,Slaughterhouse,"1,236",0
Jul-10,HEREFORD & WORCESTER,NORFOLK,Slaughterhouse,25,36
Jul-10,HEREFORD & WORCESTER,OXFORDSHIRE,Slaughterhouse,188,152
Jul-10,HEREFORD & WORCESTER,SHROPSHIRE,Slaughterhouse,"1,555",128
Jul-10,HEREFORD & WORCESTER,SOMERSET,Slaughterhouse,379,60
Jul-10,HEREFORD & WORCESTER,SOUTH YORKSHIRE,Slaughterhouse,2,1
Jul-10,HEREFORD & WORCESTER,STAFFORDSHIRE,Slaughterhouse,143,111
Jul-10,HEREFORD & WORCESTER,STRATHCLYDE,Slaughterhouse,28,18
Jul-10,HEREFORD & WORCESTER,SURREY,Slaughterhouse,62,0
Jul-10,HEREFORD & WORCESTER,WARWICKSHIRE,Slaughterhouse,37,30
Jul-10,HEREFORD & WORCESTER,WEST GLAMORGAN,Slaughterhouse,1,0
Jul-10,HEREFORD & WORCESTER,WEST MIDLANDS,Slaughterhouse,37,0
Jul-10,HEREFORD & WORCESTER,WEST YORKSHIRE,Slaughterhouse,0,2
Jul-10,HEREFORD & WORCESTER,WILTSHIRE,Slaughterhouse,22,32
Jul-10,HEREFORD & WORCESTER,,Slaughterhouse,391,137
Jul-10,HERTFORDSHIRE,AVON,Slaughterhouse,10,0
Jul-10,HERTFORDSHIRE,BEDFORDSHIRE,Slaughterhouse,77,0
Jul-10,HERTFORDSHIRE,CAMBRIDGESHIRE,Slaughterhouse,4,0
Jul-10,HERTFORDSHIRE,ESSEX,Slaughterhouse,16,6
Jul-10,HERTFORDSHIRE,GREATER MANCHESTER,Slaughterhouse,0,4
Jul-10,HERTFORDSHIRE,HAMPSHIRE,Slaughterhouse,0,2
Jul-10,HERTFORDSHIRE,HEREFORD & WORCESTER,Slaughterhouse,0,1
Jul-10,HERTFORDSHIRE,LANCASHIRE,Slaughterhouse,0,1
Jul-10,HERTFORDSHIRE,LEICESTERSHIRE,Slaughterhouse,0,1
Jul-10,HERTFORDSHIRE,LINCOLNSHIRE,Slaughterhouse,0,3
Jul-10,HERTFORDSHIRE,MID GLAMORGAN,Slaughterhouse,7,0
Jul-10,HERTFORDSHIRE,NORFOLK,Slaughterhouse,9,3
Jul-10,HERTFORDSHIRE,OXFORDSHIRE,Slaughterhouse,9,3
Jul-10,HERTFORDSHIRE,SOUTH YORKSHIRE,Slaughterhouse,0,8
Jul-10,HERTFORDSHIRE,STAFFORDSHIRE,Slaughterhouse,0,1
Jul-10,HERTFORDSHIRE,SURREY,Slaughterhouse,10,0
Jul-10,HIGHLAND,CENTRAL,Slaughterhouse,72,0
Jul-10,HIGHLAND,CUMBRIA,Slaughterhouse,2,2
Jul-10,HIGHLAND,GRAMPIAN,Slaughterhouse,264,96
Jul-10,HIGHLAND,HIGHLAND,Slaughterhouse,364,157
Jul-10,HIGHLAND,LANCASHIRE,Slaughterhouse,0,2
Jul-10,HIGHLAND,STRATHCLYDE,Slaughterhouse,127,4
Jul-10,HIGHLAND,TAYSIDE,Slaughterhouse,222,4
Jul-10,HIGHLAND,,Slaughterhouse,8,13
Jul-10,HUMBERSIDE,CLEVELAND,Slaughterhouse,0,75
Jul-10,HUMBERSIDE,CUMBRIA,Slaughterhouse,0,35
Jul-10,HUMBERSIDE,DURHAM,Slaughterhouse,0,33
Jul-10,HUMBERSIDE,GREATER MANCHESTER,Slaughterhouse,0,238
Jul-10,HUMBERSIDE,HIGHLAND,Slaughterhouse,0,4
Jul-10,HUMBERSIDE,HUMBERSIDE,Slaughterhouse,485,39
Jul-10,HUMBERSIDE,LANCASHIRE,Slaughterhouse,103,27
Jul-10,HUMBERSIDE,LINCOLNSHIRE,Slaughterhouse,84,31
Jul-10,HUMBERSIDE,NORTH YORKSHIRE,Slaughterhouse,131,118
Jul-10,HUMBERSIDE,OXFORDSHIRE,Slaughterhouse,0,1
Jul-10,HUMBERSIDE,SOUTH YORKSHIRE,Slaughterhouse,48,29
Jul-10,HUMBERSIDE,STAFFORDSHIRE,Slaughterhouse,0,1
Jul-10,HUMBERSIDE,WEST YORKSHIRE,Slaughterhouse,71,289
Jul-10,HUMBERSIDE,,Slaughterhouse,79,21
Jul-10,ISLE OF WIGHT,AVON,Slaughterhouse,25,4
Jul-10,ISLE OF WIGHT,DEVON,Slaughterhouse,0,4
Jul-10,ISLE OF WIGHT,DORSET,Slaughterhouse,2,0
Jul-10,ISLE OF WIGHT,GLOUCESTERSHIRE,Slaughterhouse,0,3
Jul-10,ISLE OF WIGHT,HAMPSHIRE,Slaughterhouse,47,0
Jul-10,ISLE OF WIGHT,OXFORDSHIRE,Slaughterhouse,0,2
Jul-10,ISLE OF WIGHT,SHROPSHIRE,Slaughterhouse,0,2
Jul-10,ISLE OF WIGHT,SOMERSET,Slaughterhouse,75,4
Jul-10,ISLE OF WIGHT,,Slaughterhouse,30,1
Jul-10,KENT,BEDFORDSHIRE,Slaughterhouse,44,10
Jul-10,KENT,DEVON,Slaughterhouse,48,16
Jul-10,KENT,EAST SUSSEX,Slaughterhouse,63,24
Jul-10,KENT,GREATER LONDON,Slaughterhouse,30,6
Jul-10,KENT,HAMPSHIRE,Slaughterhouse,179,57
Jul-10,KENT,HUMBERSIDE,Slaughterhouse,11,4
Jul-10,KENT,KENT,Slaughterhouse,230,41
Jul-10,KENT,NORFOLK,Slaughterhouse,2,2
Jul-10,KENT,SOMERSET,Slaughterhouse,34,14
Jul-10,KENT,SURREY,Slaughterhouse,152,0
Jul-10,KENT,,Slaughterhouse,14,1
Jul-10,LANCASHIRE,CENTRAL,Slaughterhouse,34,0
Jul-10,LANCASHIRE,CHESHIRE,Slaughterhouse,11,3
Jul-10,LANCASHIRE,CLEVELAND,Slaughterhouse,111,53
Jul-10,LANCASHIRE,CUMBRIA,Slaughterhouse,127,17
Jul-10,LANCASHIRE,DEVON,Slaughterhouse,143,118
Jul-10,LANCASHIRE,GRAMPIAN,Slaughterhouse,1,0
Jul-10,LANCASHIRE,GREATER MANCHESTER,Slaughterhouse,495,250
Jul-10,LANCASHIRE,HUMBERSIDE,Slaughterhouse,69,63
Jul-10,LANCASHIRE,LANCASHIRE,Slaughterhouse,"2,274",188
Jul-10,LANCASHIRE,LINCOLNSHIRE,Slaughterhouse,16,0
Jul-10,LANCASHIRE,MERSEYSIDE,Slaughterhouse,25,0
Jul-10,LANCASHIRE,MID GLAMORGAN,Slaughterhouse,1,0
Jul-10,LANCASHIRE,NORTH YORKSHIRE,Slaughterhouse,201,12
Jul-10,LANCASHIRE,SHROPSHIRE,Slaughterhouse,8,7
Jul-10,LANCASHIRE,SOUTH YORKSHIRE,Slaughterhouse,34,9
Jul-10,LANCASHIRE,STAFFORDSHIRE,Slaughterhouse,41,18
Jul-10,LANCASHIRE,STRATHCLYDE,Slaughterhouse,38,31
Jul-10,LANCASHIRE,TAYSIDE,Slaughterhouse,12,0
Jul-10,LANCASHIRE,TYNE & WEAR,Slaughterhouse,23,0
Jul-10,LANCASHIRE,WEST YORKSHIRE,Slaughterhouse,160,120
Jul-10,LANCASHIRE,,Slaughterhouse,388,162
Jul-10,LEICESTERSHIRE,AVON,Slaughterhouse,6,1
Jul-10,LEICESTERSHIRE,BEDFORDSHIRE,Slaughterhouse,263,10
Jul-10,LEICESTERSHIRE,CENTRAL,Slaughterhouse,9,0
Jul-10,LEICESTERSHIRE,CHESHIRE,Slaughterhouse,0,2
Jul-10,LEICESTERSHIRE,CLWYD,Slaughterhouse,2,0
Jul-10,LEICESTERSHIRE,CUMBRIA,Slaughterhouse,0,6
Jul-10,LEICESTERSHIRE,DERBYSHIRE,Slaughterhouse,99,25
Jul-10,LEICESTERSHIRE,DEVON,Slaughterhouse,0,5
Jul-10,LEICESTERSHIRE,DURHAM,Slaughterhouse,0,1
Jul-10,LEICESTERSHIRE,GRAMPIAN,Slaughterhouse,0,8
Jul-10,LEICESTERSHIRE,GREATER MANCHESTER,Slaughterhouse,0,25
Jul-10,LEICESTERSHIRE,HIGHLAND,Slaughterhouse,0,10
Jul-10,LEICESTERSHIRE,LANCASHIRE,Slaughterhouse,270,20
Jul-10,LEICESTERSHIRE,LEICESTERSHIRE,Slaughterhouse,75,1
Jul-10,LEICESTERSHIRE,LINCOLNSHIRE,Slaughterhouse,"1,097",74
Jul-10,LEICESTERSHIRE,MID GLAMORGAN,Slaughterhouse,73,0
Jul-10,LEICESTERSHIRE,NORFOLK,Slaughterhouse,10,8
Jul-10,LEICESTERSHIRE,NORTH YORKSHIRE,Slaughterhouse,187,45
Jul-10,LEICESTERSHIRE,NOTTINGHAMSHIRE,Slaughterhouse,22,21
Jul-10,LEICESTERSHIRE,OXFORDSHIRE,Slaughterhouse,70,67
Jul-10,LEICESTERSHIRE,SHROPSHIRE,Slaughterhouse,44,4
Jul-10,LEICESTERSHIRE,SOUTH YORKSHIRE,Slaughterhouse,189,76
Jul-10,LEICESTERSHIRE,STAFFORDSHIRE,Slaughterhouse,44,57
Jul-10,LEICESTERSHIRE,STRATHCLYDE,Slaughterhouse,20,7
Jul-10,LEICESTERSHIRE,SURREY,Slaughterhouse,232,25
Jul-10,LEICESTERSHIRE,WARWICKSHIRE,Slaughterhouse,5,4
Jul-10,LEICESTERSHIRE,WEST MIDLANDS,Slaughterhouse,0,1
Jul-10,LEICESTERSHIRE,WEST YORKSHIRE,Slaughterhouse,0,5
Jul-10,LEICESTERSHIRE,,Slaughterhouse,410,64
Jul-10,LINCOLNSHIRE,BEDFORDSHIRE,Slaughterhouse,5,1
Jul-10,LINCOLNSHIRE,CAMBRIDGESHIRE,Slaughterhouse,9,0
Jul-10,LINCOLNSHIRE,CENTRAL,Slaughterhouse,100,0
Jul-10,LINCOLNSHIRE,CLEVELAND,Slaughterhouse,0,2
Jul-10,LINCOLNSHIRE,CORNWALL,Slaughterhouse,1,0
Jul-10,LINCOLNSHIRE,CUMBRIA,Slaughterhouse,0,23
Jul-10,LINCOLNSHIRE,DERBYSHIRE,Slaughterhouse,0,6
Jul-10,LINCOLNSHIRE,DURHAM,Slaughterhouse,0,2
Jul-10,LINCOLNSHIRE,GRAMPIAN,Slaughterhouse,0,35
Jul-10,LINCOLNSHIRE,GREATER MANCHESTER,Slaughterhouse,0,83
Jul-10,LINCOLNSHIRE,HIGHLAND,Slaughterhouse,0,24
Jul-10,LINCOLNSHIRE,HUMBERSIDE,Slaughterhouse,313,3
Jul-10,LINCOLNSHIRE,LANCASHIRE,Slaughterhouse,128,31
Jul-10,LINCOLNSHIRE,LINCOLNSHIRE,Slaughterhouse,"1,393",259
Jul-10,LINCOLNSHIRE,MID GLAMORGAN,Slaughterhouse,282,0
Jul-10,LINCOLNSHIRE,NORFOLK,Slaughterhouse,14,7
Jul-10,LINCOLNSHIRE,NORTH YORKSHIRE,Slaughterhouse,90,8
Jul-10,LINCOLNSHIRE,NOTTINGHAMSHIRE,Slaughterhouse,6,43
Jul-10,LINCOLNSHIRE,OXFORDSHIRE,Slaughterhouse,0,14
Jul-10,LINCOLNSHIRE,SHROPSHIRE,Slaughterhouse,35,15
Jul-10,LINCOLNSHIRE,SOUTH YORKSHIRE,Slaughterhouse,303,119
Jul-10,LINCOLNSHIRE,STAFFORDSHIRE,Slaughterhouse,3,52
Jul-10,LINCOLNSHIRE,STRATHCLYDE,Slaughterhouse,6,28
Jul-10,LINCOLNSHIRE,WEST YORKSHIRE,Slaughterhouse,23,24
Jul-10,LINCOLNSHIRE,,Slaughterhouse,32,94
Jul-10,LOTHIAN,BORDERS,Slaughterhouse,2,38
Jul-10,LOTHIAN,CENTRAL,Slaughterhouse,440,25
Jul-10,LOTHIAN,CUMBRIA,Slaughterhouse,5,3
Jul-10,LOTHIAN,GRAMPIAN,Slaughterhouse,61,22
Jul-10,LOTHIAN,HIGHLAND,Slaughterhouse,0,20
Jul-10,LOTHIAN,HUMBERSIDE,Slaughterhouse,1,0
Jul-10,LOTHIAN,LANCASHIRE,Slaughterhouse,0,3
Jul-10,LOTHIAN,SOUTH YORKSHIRE,Slaughterhouse,9,2
Jul-10,LOTHIAN,STRATHCLYDE,Slaughterhouse,497,137
Jul-10,LOTHIAN,TAYSIDE,Slaughterhouse,20,39
Jul-10,LOTHIAN,WEST YORKSHIRE,Slaughterhouse,0,21
Jul-10,LOTHIAN,,Slaughterhouse,0,12
Jul-10,MERSEYSIDE,AVON,Slaughterhouse,0,3
Jul-10,MERSEYSIDE,CHESHIRE,Slaughterhouse,8,2
Jul-10,MERSEYSIDE,CLWYD,Slaughterhouse,2,15
Jul-10,MERSEYSIDE,DERBYSHIRE,Slaughterhouse,0,2
Jul-10,MERSEYSIDE,GREATER MANCHESTER,Slaughterhouse,25,7
Jul-10,MERSEYSIDE,HUMBERSIDE,Slaughterhouse,0,1
Jul-10,MERSEYSIDE,LANCASHIRE,Slaughterhouse,78,3
Jul-10,MERSEYSIDE,LINCOLNSHIRE,Slaughterhouse,72,0
Jul-10,MERSEYSIDE,NORFOLK,Slaughterhouse,0,1
Jul-10,MERSEYSIDE,SHROPSHIRE,Slaughterhouse,72,1
Jul-10,MERSEYSIDE,SOUTH YORKSHIRE,Slaughterhouse,1,3
Jul-10,MERSEYSIDE,STAFFORDSHIRE,Slaughterhouse,1,10
Jul-10,MERSEYSIDE,STRATHCLYDE,Slaughterhouse,0,1
Jul-10,MERSEYSIDE,WEST YORKSHIRE,Slaughterhouse,0,1
Jul-10,MERSEYSIDE,,Slaughterhouse,23,2
Jul-10,MID GLAMORGAN,AVON,Slaughterhouse,0,8
Jul-10,MID GLAMORGAN,DEVON,Slaughterhouse,2,7
Jul-10,MID GLAMORGAN,DYFED,Slaughterhouse,9,0
Jul-10,MID GLAMORGAN,GREATER MANCHESTER,Slaughterhouse,0,3
Jul-10,MID GLAMORGAN,LANCASHIRE,Slaughterhouse,11,0
Jul-10,MID GLAMORGAN,MID GLAMORGAN,Slaughterhouse,80,0
Jul-10,MID GLAMORGAN,POWYS,Slaughterhouse,1,0
Jul-10,MID GLAMORGAN,SHROPSHIRE,Slaughterhouse,14,4
Jul-10,MID GLAMORGAN,SOMERSET,Slaughterhouse,70,5
Jul-10,MID GLAMORGAN,STAFFORDSHIRE,Slaughterhouse,0,1
Jul-10,MID GLAMORGAN,STRATHCLYDE,Slaughterhouse,10,0
Jul-10,MID GLAMORGAN,WEST GLAMORGAN,Slaughterhouse,2,1
Jul-10,MID GLAMORGAN,WILTSHIRE,Slaughterhouse,9,3
Jul-10,MID GLAMORGAN,,Slaughterhouse,36,0
Jul-10,NORFOLK,BEDFORDSHIRE,Slaughterhouse,264,7
Jul-10,NORFOLK,CAMBRIDGESHIRE,Slaughterhouse,1,0
Jul-10,NORFOLK,CENTRAL,Slaughterhouse,0,1
Jul-10,NORFOLK,CUMBRIA,Slaughterhouse,0,7
Jul-10,NORFOLK,DERBYSHIRE,Slaughterhouse,0,6
Jul-10,NORFOLK,ESSEX,Slaughterhouse,12,5
Jul-10,NORFOLK,GRAMPIAN,Slaughterhouse,0,5
Jul-10,NORFOLK,GREATER MANCHESTER,Slaughterhouse,0,37
Jul-10,NORFOLK,HAMPSHIRE,Slaughterhouse,0,4
Jul-10,NORFOLK,HIGHLAND,Slaughterhouse,0,18
Jul-10,NORFOLK,LANCASHIRE,Slaughterhouse,22,13
Jul-10,NORFOLK,LINCOLNSHIRE,Slaughterhouse,609,21
Jul-10,NORFOLK,MID GLAMORGAN,Slaughterhouse,278,0
Jul-10,NORFOLK,NORFOLK,Slaughterhouse,962,5
Jul-10,NORFOLK,NOTTINGHAMSHIRE,Slaughterhouse,0,16
Jul-10,NORFOLK,OXFORDSHIRE,Slaughterhouse,0,4
Jul-10,NORFOLK,SHROPSHIRE,Slaughterhouse,0,2
Jul-10,NORFOLK,SOUTH YORKSHIRE,Slaughterhouse,211,41
Jul-10,NORFOLK,STAFFORDSHIRE,Slaughterhouse,0,47
Jul-10,NORFOLK,STRATHCLYDE,Slaughterhouse,0,11
Jul-10,NORFOLK,WEST YORKSHIRE,Slaughterhouse,1,8
Jul-10,NORFOLK,,Slaughterhouse,144,46
Jul-10,NORTHAMPTONSHIRE,AVON,Slaughterhouse,16,0
Jul-10,NORTHAMPTONSHIRE,BEDFORDSHIRE,Slaughterhouse,365,4
Jul-10,NORTHAMPTONSHIRE,CAMBRIDGESHIRE,Slaughterhouse,4,0
Jul-10,NORTHAMPTONSHIRE,CENTRAL,Slaughterhouse,18,0
Jul-10,NORTHAMPTONSHIRE,CUMBRIA,Slaughterhouse,0,10
Jul-10,NORTHAMPTONSHIRE,DERBYSHIRE,Slaughterhouse,0,15
Jul-10,NORTHAMPTONSHIRE,DEVON,Slaughterhouse,0,2
Jul-10,NORTHAMPTONSHIRE,GRAMPIAN,Slaughterhouse,0,6
Jul-10,NORTHAMPTONSHIRE,GREATER MANCHESTER,Slaughterhouse,0,36
Jul-10,NORTHAMPTONSHIRE,HAMPSHIRE,Slaughterhouse,2,0
Jul-10,NORTHAMPTONSHIRE,HIGHLAND,Slaughterhouse,0,13
Jul-10,NORTHAMPTONSHIRE,LANCASHIRE,Slaughterhouse,90,8
Jul-10,NORTHAMPTONSHIRE,LEICESTERSHIRE,Slaughterhouse,54,4
Jul-10,NORTHAMPTONSHIRE,LINCOLNSHIRE,Slaughterhouse,"1,094",50
Jul-10,NORTHAMPTONSHIRE,MID GLAMORGAN,Slaughterhouse,203,9
Jul-10,NORTHAMPTONSHIRE,NORFOLK,Slaughterhouse,0,1
Jul-10,NORTHAMPTONSHIRE,NORTHAMPTONSHIRE,Slaughterhouse,1,0
Jul-10,NORTHAMPTONSHIRE,NORTH YORKSHIRE,Slaughterhouse,40,4
Jul-10,NORTHAMPTONSHIRE,NOTTINGHAMSHIRE,Slaughterhouse,0,13
Jul-10,NORTHAMPTONSHIRE,OXFORDSHIRE,Slaughterhouse,82,57
Jul-10,NORTHAMPTONSHIRE,SHROPSHIRE,Slaughterhouse,243,12
Jul-10,NORTHAMPTONSHIRE,SOUTH YORKSHIRE,Slaughterhouse,29,37
Jul-10,NORTHAMPTONSHIRE,STAFFORDSHIRE,Slaughterhouse,11,44
Jul-10,NORTHAMPTONSHIRE,STRATHCLYDE,Slaughterhouse,0,8
Jul-10,NORTHAMPTONSHIRE,SURREY,Slaughterhouse,537,0
Jul-10,NORTHAMPTONSHIRE,WARWICKSHIRE,Slaughterhouse,19,1
Jul-10,NORTHAMPTONSHIRE,WEST MIDLANDS,Slaughterhouse,0,2
Jul-10,NORTHAMPTONSHIRE,WEST YORKSHIRE,Slaughterhouse,0,10
Jul-10,NORTHAMPTONSHIRE,,Slaughterhouse,121,16
Jul-10,NORTHUMBERLAND,BORDERS,Slaughterhouse,5,11
Jul-10,NORTHUMBERLAND,CENTRAL,Slaughterhouse,888,12
Jul-10,NORTHUMBERLAND,CLEVELAND,Slaughterhouse,0,30
Jul-10,NORTHUMBERLAND,CUMBRIA,Slaughterhouse,71,25
Jul-10,NORTHUMBERLAND,DURHAM,Slaughterhouse,219,176
Jul-10,NORTHUMBERLAND,GRAMPIAN,Slaughterhouse,5,0
Jul-10,NORTHUMBERLAND,GREATER MANCHESTER,Slaughterhouse,2,17
Jul-10,NORTHUMBERLAND,HIGHLAND,Slaughterhouse,0,6
Jul-10,NORTHUMBERLAND,HUMBERSIDE,Slaughterhouse,81,17
Jul-10,NORTHUMBERLAND,LANCASHIRE,Slaughterhouse,225,8
Jul-10,NORTHUMBERLAND,LINCOLNSHIRE,Slaughterhouse,25,4
Jul-10,NORTHUMBERLAND,MID GLAMORGAN,Slaughterhouse,10,0
Jul-10,NORTHUMBERLAND,NORTH YORKSHIRE,Slaughterhouse,21,1
Jul-10,NORTHUMBERLAND,SHROPSHIRE,Slaughterhouse,1,9
Jul-10,NORTHUMBERLAND,SOUTH YORKSHIRE,Slaughterhouse,64,0
Jul-10,NORTHUMBERLAND,STAFFORDSHIRE,Slaughterhouse,0,8
Jul-10,NORTHUMBERLAND,STRATHCLYDE,Slaughterhouse,189,13
Jul-10,NORTHUMBERLAND,TAYSIDE,Slaughterhouse,48,0
Jul-10,NORTHUMBERLAND,TYNE & WEAR,Slaughterhouse,355,42
Jul-10,NORTHUMBERLAND,WEST YORKSHIRE,Slaughterhouse,0,33
Jul-10,NORTHUMBERLAND,,Slaughterhouse,22,5
Jul-10,NORTH YORKSHIRE,CENTRAL,Slaughterhouse,404,49
Jul-10,NORTH YORKSHIRE,CHESHIRE,Slaughterhouse,0,3
Jul-10,NORTH YORKSHIRE,CLEVELAND,Slaughterhouse,856,689
Jul-10,NORTH YORKSHIRE,CUMBRIA,Slaughterhouse,140,41
Jul-10,NORTH YORKSHIRE,DERBYSHIRE,Slaughterhouse,34,0
Jul-10,NORTH YORKSHIRE,DEVON,Slaughterhouse,0,18
Jul-10,NORTH YORKSHIRE,DURHAM,Slaughterhouse,919,588
Jul-10,NORTH YORKSHIRE,GREATER MANCHESTER,Slaughterhouse,"1,247",889
Jul-10,NORTH YORKSHIRE,HIGHLAND,Slaughterhouse,50,60
Jul-10,NORTH YORKSHIRE,HUMBERSIDE,Slaughterhouse,"1,528",171
Jul-10,NORTH YORKSHIRE,LANCASHIRE,Slaughterhouse,"3,739",128
Jul-10,NORTH YORKSHIRE,LINCOLNSHIRE,Slaughterhouse,"1,081",112
Jul-10,NORTH YORKSHIRE,MID GLAMORGAN,Slaughterhouse,218,0
Jul-10,NORTH YORKSHIRE,NORTH YORKSHIRE,Slaughterhouse,"2,176",259
Jul-10,NORTH YORKSHIRE,SHROPSHIRE,Slaughterhouse,598,156
Jul-10,NORTH YORKSHIRE,SOUTH YORKSHIRE,Slaughterhouse,540,103
Jul-10,NORTH YORKSHIRE,STAFFORDSHIRE,Slaughterhouse,0,21
Jul-10,NORTH YORKSHIRE,STRATHCLYDE,Slaughterhouse,167,0
Jul-10,NORTH YORKSHIRE,TYNE & WEAR,Slaughterhouse,59,0
Jul-10,NORTH YORKSHIRE,WEST YORKSHIRE,Slaughterhouse,"2,143","1,264"
Jul-10,NORTH YORKSHIRE,,Slaughterhouse,645,104
Jul-10,NOTTINGHAMSHIRE,BEDFORDSHIRE,Slaughterhouse,33,7
Jul-10,NOTTINGHAMSHIRE,CENTRAL,Slaughterhouse,20,1
Jul-10,NOTTINGHAMSHIRE,CLEVELAND,Slaughterhouse,0,2
Jul-10,NOTTINGHAMSHIRE,CORNWALL,Slaughterhouse,0,1
Jul-10,NOTTINGHAMSHIRE,CUMBRIA,Slaughterhouse,70,8
Jul-10,NOTTINGHAMSHIRE,DERBYSHIRE,Slaughterhouse,97,8
Jul-10,NOTTINGHAMSHIRE,DEVON,Slaughterhouse,0,1
Jul-10,NOTTINGHAMSHIRE,GRAMPIAN,Slaughterhouse,89,9
Jul-10,NOTTINGHAMSHIRE,GREATER MANCHESTER,Slaughterhouse,282,49
Jul-10,NOTTINGHAMSHIRE,HIGHLAND,Slaughterhouse,131,18
Jul-10,NOTTINGHAMSHIRE,HUMBERSIDE,Slaughterhouse,8,0
Jul-10,NOTTINGHAMSHIRE,LANCASHIRE,Slaughterhouse,283,14
Jul-10,NOTTINGHAMSHIRE,LEICESTERSHIRE,Slaughterhouse,1,0
Jul-10,NOTTINGHAMSHIRE,LINCOLNSHIRE,Slaughterhouse,974,75
Jul-10,NOTTINGHAMSHIRE,MID GLAMORGAN,Slaughterhouse,19,0
Jul-10,NOTTINGHAMSHIRE,NORFOLK,Slaughterhouse,0,1
Jul-10,NOTTINGHAMSHIRE,NORTH YORKSHIRE,Slaughterhouse,24,14
Jul-10,NOTTINGHAMSHIRE,NOTTINGHAMSHIRE,Slaughterhouse,242,14
Jul-10,NOTTINGHAMSHIRE,OXFORDSHIRE,Slaughterhouse,43,10
Jul-10,NOTTINGHAMSHIRE,SHROPSHIRE,Slaughterhouse,67,33
Jul-10,NOTTINGHAMSHIRE,SOUTH YORKSHIRE,Slaughterhouse,717,80
Jul-10,NOTTINGHAMSHIRE,STAFFORDSHIRE,Slaughterhouse,300,64
Jul-10,NOTTINGHAMSHIRE,STRATHCLYDE,Slaughterhouse,83,16
Jul-10,NOTTINGHAMSHIRE,SURREY,Slaughterhouse,39,0
Jul-10,NOTTINGHAMSHIRE,WEST YORKSHIRE,Slaughterhouse,44,8
Jul-10,NOTTINGHAMSHIRE,,Slaughterhouse,448,60
Jul-10,ORKNEY,CENTRAL,Slaughterhouse,49,5
Jul-10,ORKNEY,CUMBRIA,Slaughterhouse,0,13
Jul-10,ORKNEY,GRAMPIAN,Slaughterhouse,8,0
Jul-10,ORKNEY,HIGHLAND,Slaughterhouse,0,3
Jul-10,ORKNEY,ORKNEY,Slaughterhouse,297,38
Jul-10,ORKNEY,STRATHCLYDE,Slaughterhouse,0,6
Jul-10,ORKNEY,TAYSIDE,Slaughterhouse,4,1
Jul-10,ORKNEY,,Slaughterhouse,0,1
Jul-10,OXFORDSHIRE,AVON,Slaughterhouse,47,3
Jul-10,OXFORDSHIRE,BEDFORDSHIRE,Slaughterhouse,108,1
Jul-10,OXFORDSHIRE,CENTRAL,Slaughterhouse,24,0
Jul-10,OXFORDSHIRE,GLOUCESTERSHIRE,Slaughterhouse,188,0
Jul-10,OXFORDSHIRE,HAMPSHIRE,Slaughterhouse,31,7
Jul-10,OXFORDSHIRE,LANCASHIRE,Slaughterhouse,70,1
Jul-10,OXFORDSHIRE,LEICESTERSHIRE,Slaughterhouse,0,3
Jul-10,OXFORDSHIRE,LINCOLNSHIRE,Slaughterhouse,363,0
Jul-10,OXFORDSHIRE,MID GLAMORGAN,Slaughterhouse,200,19
Jul-10,OXFORDSHIRE,NORFOLK,Slaughterhouse,0,5
Jul-10,OXFORDSHIRE,OXFORDSHIRE,Slaughterhouse,105,6
Jul-10,OXFORDSHIRE,SHROPSHIRE,Slaughterhouse,60,0
Jul-10,OXFORDSHIRE,SOMERSET,Slaughterhouse,63,0
Jul-10,OXFORDSHIRE,SOUTH YORKSHIRE,Slaughterhouse,101,21
Jul-10,OXFORDSHIRE,STRATHCLYDE,Slaughterhouse,0,10
Jul-10,OXFORDSHIRE,SURREY,Slaughterhouse,133,0
Jul-10,OXFORDSHIRE,WARWICKSHIRE,Slaughterhouse,7,0
Jul-10,OXFORDSHIRE,WILTSHIRE,Slaughterhouse,15,3
Jul-10,OXFORDSHIRE,,Slaughterhouse,124,0
Jul-10,POWYS,AVON,Slaughterhouse,20,48
Jul-10,POWYS,BEDFORDSHIRE,Slaughterhouse,65,54
Jul-10,POWYS,CHESHIRE,Slaughterhouse,118,11
Jul-10,POWYS,CLWYD,Slaughterhouse,4,6
Jul-10,POWYS,CUMBRIA,Slaughterhouse,15,6
Jul-10,POWYS,DERBYSHIRE,Slaughterhouse,7,1
Jul-10,POWYS,DEVON,Slaughterhouse,30,62
Jul-10,POWYS,DURHAM,Slaughterhouse,0,10
Jul-10,POWYS,DYFED,Slaughterhouse,61,8
Jul-10,POWYS,GLOUCESTERSHIRE,Slaughterhouse,4,3
Jul-10,POWYS,GREATER MANCHESTER,Slaughterhouse,14,62
Jul-10,POWYS,GWYNEDD,Slaughterhouse,2,2
Jul-10,POWYS,HEREFORD & WORCESTER,Slaughterhouse,7,0
Jul-10,POWYS,HUMBERSIDE,Slaughterhouse,26,1
Jul-10,POWYS,LANCASHIRE,Slaughterhouse,248,14
Jul-10,POWYS,LINCOLNSHIRE,Slaughterhouse,38,10
Jul-10,POWYS,MID GLAMORGAN,Slaughterhouse,401,0
Jul-10,POWYS,NORFOLK,Slaughterhouse,0,3
Jul-10,POWYS,OXFORDSHIRE,Slaughterhouse,0,10
Jul-10,POWYS,POWYS,Slaughterhouse,283,0
Jul-10,POWYS,SHROPSHIRE,Slaughterhouse,702,41
Jul-10,POWYS,SOMERSET,Slaughterhouse,33,5
Jul-10,POWYS,SOUTH YORKSHIRE,Slaughterhouse,0,3
Jul-10,POWYS,STAFFORDSHIRE,Slaughterhouse,11,30
Jul-10,POWYS,STRATHCLYDE,Slaughterhouse,1,12
Jul-10,POWYS,TYNE & WEAR,Slaughterhouse,2,5
Jul-10,POWYS,WARWICKSHIRE,Slaughterhouse,0,2
Jul-10,POWYS,WEST GLAMORGAN,Slaughterhouse,73,5
Jul-10,POWYS,WEST YORKSHIRE,Slaughterhouse,0,2
Jul-10,POWYS,WILTSHIRE,Slaughterhouse,0,2
Jul-10,POWYS,,Slaughterhouse,177,49
Jul-10,SCILLY ISLES,CORNWALL,Slaughterhouse,4,0
Jul-10,SHETLAND,SHETLAND,Slaughterhouse,13,0
Jul-10,SHETLAND,STRATHCLYDE,Slaughterhouse,0,2
Jul-10,SHETLAND,,Slaughterhouse,0,1
Jul-10,SHROPSHIRE,AVON,Slaughterhouse,134,68
Jul-10,SHROPSHIRE,BEDFORDSHIRE,Slaughterhouse,140,71
Jul-10,SHROPSHIRE,CENTRAL,Slaughterhouse,48,8
Jul-10,SHROPSHIRE,CHESHIRE,Slaughterhouse,335,65
Jul-10,SHROPSHIRE,CLWYD,Slaughterhouse,90,1
Jul-10,SHROPSHIRE,CORNWALL,Slaughterhouse,7,3
Jul-10,SHROPSHIRE,CUMBRIA,Slaughterhouse,10,3
Jul-10,SHROPSHIRE,DERBYSHIRE,Slaughterhouse,15,3
Jul-10,SHROPSHIRE,DEVON,Slaughterhouse,450,161
Jul-10,SHROPSHIRE,DURHAM,Slaughterhouse,113,50
Jul-10,SHROPSHIRE,DYFED,Slaughterhouse,0,1
Jul-10,SHROPSHIRE,GREATER MANCHESTER,Slaughterhouse,596,364
Jul-10,SHROPSHIRE,HAMPSHIRE,Slaughterhouse,12,0
Jul-10,SHROPSHIRE,HEREFORD & WORCESTER,Slaughterhouse,26,4
Jul-10,SHROPSHIRE,HUMBERSIDE,Slaughterhouse,27,1
Jul-10,SHROPSHIRE,LANCASHIRE,Slaughterhouse,668,86
Jul-10,SHROPSHIRE,LINCOLNSHIRE,Slaughterhouse,443,66
Jul-10,SHROPSHIRE,MID GLAMORGAN,Slaughterhouse,113,0
Jul-10,SHROPSHIRE,NORFOLK,Slaughterhouse,45,12
Jul-10,SHROPSHIRE,OXFORDSHIRE,Slaughterhouse,93,58
Jul-10,SHROPSHIRE,SHROPSHIRE,Slaughterhouse,"3,035",206
Jul-10,SHROPSHIRE,SOMERSET,Slaughterhouse,113,40
Jul-10,SHROPSHIRE,SOUTH YORKSHIRE,Slaughterhouse,46,0
Jul-10,SHROPSHIRE,STAFFORDSHIRE,Slaughterhouse,"1,086",614
Jul-10,SHROPSHIRE,STRATHCLYDE,Slaughterhouse,181,79
Jul-10,SHROPSHIRE,TYNE & WEAR,Slaughterhouse,16,1
Jul-10,SHROPSHIRE,WARWICKSHIRE,Slaughterhouse,67,45
Jul-10,SHROPSHIRE,WEST MIDLANDS,Slaughterhouse,84,10
Jul-10,SHROPSHIRE,WEST YORKSHIRE,Slaughterhouse,78,30
Jul-10,SHROPSHIRE,WILTSHIRE,Slaughterhouse,36,15
Jul-10,SHROPSHIRE,,Slaughterhouse,"1,217",294
Jul-10,SOMERSET,AVON,Slaughterhouse,476,42
Jul-10,SOMERSET,BEDFORDSHIRE,Slaughterhouse,89,49
Jul-10,SOMERSET,CORNWALL,Slaughterhouse,257,62
Jul-10,SOMERSET,DEVON,Slaughterhouse,395,93
Jul-10,SOMERSET,DORSET,Slaughterhouse,70,0
Jul-10,SOMERSET,DURHAM,Slaughterhouse,0,1
Jul-10,SOMERSET,DYFED,Slaughterhouse,3,1
Jul-10,SOMERSET,GLOUCESTERSHIRE,Slaughterhouse,223,91
Jul-10,SOMERSET,KENT,Slaughterhouse,38,12
Jul-10,SOMERSET,LANCASHIRE,Slaughterhouse,93,26
Jul-10,SOMERSET,LINCOLNSHIRE,Slaughterhouse,46,0
Jul-10,SOMERSET,MID GLAMORGAN,Slaughterhouse,104,0
Jul-10,SOMERSET,OXFORDSHIRE,Slaughterhouse,64,29
Jul-10,SOMERSET,SHROPSHIRE,Slaughterhouse,233,35
Jul-10,SOMERSET,SOMERSET,Slaughterhouse,"1,865",84
Jul-10,SOMERSET,SOUTH YORKSHIRE,Slaughterhouse,107,3
Jul-10,SOMERSET,SURREY,Slaughterhouse,13,0
Jul-10,SOMERSET,WEST YORKSHIRE,Slaughterhouse,1,0
Jul-10,SOMERSET,WILTSHIRE,Slaughterhouse,142,9
Jul-10,SOMERSET,,Slaughterhouse,691,123
Jul-10,SOUTH GLAMORGAN,AVON,Slaughterhouse,0,7
Jul-10,SOUTH GLAMORGAN,CUMBRIA,Slaughterhouse,2,0
Jul-10,SOUTH GLAMORGAN,DEVON,Slaughterhouse,4,7
Jul-10,SOUTH GLAMORGAN,DYFED,Slaughterhouse,45,1
Jul-10,SOUTH GLAMORGAN,GLOUCESTERSHIRE,Slaughterhouse,6,0
Jul-10,SOUTH GLAMORGAN,LANCASHIRE,Slaughterhouse,20,0
Jul-10,SOUTH GLAMORGAN,LINCOLNSHIRE,Slaughterhouse,45,0
Jul-10,SOUTH GLAMORGAN,MID GLAMORGAN,Slaughterhouse,158,0
Jul-10,SOUTH GLAMORGAN,SHROPSHIRE,Slaughterhouse,0,1
Jul-10,SOUTH GLAMORGAN,SOMERSET,Slaughterhouse,55,2
Jul-10,SOUTH GLAMORGAN,SURREY,Slaughterhouse,9,0
Jul-10,SOUTH GLAMORGAN,WEST GLAMORGAN,Slaughterhouse,14,3
Jul-10,SOUTH GLAMORGAN,WILTSHIRE,Slaughterhouse,1,0
Jul-10,SOUTH GLAMORGAN,,Slaughterhouse,34,1
Jul-10,SOUTH YORKSHIRE,BEDFORDSHIRE,Slaughterhouse,1,0
Jul-10,SOUTH YORKSHIRE,CHESHIRE,Slaughterhouse,135,0
Jul-10,SOUTH YORKSHIRE,CLEVELAND,Slaughterhouse,0,28
Jul-10,SOUTH YORKSHIRE,CUMBRIA,Slaughterhouse,0,9
Jul-10,SOUTH YORKSHIRE,DERBYSHIRE,Slaughterhouse,9,2
Jul-10,SOUTH YORKSHIRE,DEVON,Slaughterhouse,0,1
Jul-10,SOUTH YORKSHIRE,DURHAM,Slaughterhouse,0,10
Jul-10,SOUTH YORKSHIRE,GREATER MANCHESTER,Slaughterhouse,1,64
Jul-10,SOUTH YORKSHIRE,HUMBERSIDE,Slaughterhouse,39,0
Jul-10,SOUTH YORKSHIRE,LANCASHIRE,Slaughterhouse,25,8
Jul-10,SOUTH YORKSHIRE,LINCOLNSHIRE,Slaughterhouse,8,14
Jul-10,SOUTH YORKSHIRE,NORTH YORKSHIRE,Slaughterhouse,0,29
Jul-10,SOUTH YORKSHIRE,SOUTH YORKSHIRE,Slaughterhouse,681,18
Jul-10,SOUTH YORKSHIRE,STAFFORDSHIRE,Slaughterhouse,50,15
Jul-10,SOUTH YORKSHIRE,STRATHCLYDE,Slaughterhouse,0,1
Jul-10,SOUTH YORKSHIRE,WEST YORKSHIRE,Slaughterhouse,83,81
Jul-10,SOUTH YORKSHIRE,,Slaughterhouse,95,4
Jul-10,STAFFORDSHIRE,AVON,Slaughterhouse,4,15
Jul-10,STAFFORDSHIRE,BEDFORDSHIRE,Slaughterhouse,42,51
Jul-10,STAFFORDSHIRE,CHESHIRE,Slaughterhouse,113,40
Jul-10,STAFFORDSHIRE,CLEVELAND,Slaughterhouse,0,2
Jul-10,STAFFORDSHIRE,CUMBRIA,Slaughterhouse,17,0
Jul-10,STAFFORDSHIRE,DERBYSHIRE,Slaughterhouse,29,17
Jul-10,STAFFORDSHIRE,DEVON,Slaughterhouse,1,85
Jul-10,STAFFORDSHIRE,DURHAM,Slaughterhouse,1,17
Jul-10,STAFFORDSHIRE,DYFED,Slaughterhouse,0,1
Jul-10,STAFFORDSHIRE,GRAMPIAN,Slaughterhouse,0,1
Jul-10,STAFFORDSHIRE,GREATER MANCHESTER,Slaughterhouse,17,109
Jul-10,STAFFORDSHIRE,HUMBERSIDE,Slaughterhouse,0,6
Jul-10,STAFFORDSHIRE,LANCASHIRE,Slaughterhouse,473,40
Jul-10,STAFFORDSHIRE,LINCOLNSHIRE,Slaughterhouse,273,15
Jul-10,STAFFORDSHIRE,MID GLAMORGAN,Slaughterhouse,152,0
Jul-10,STAFFORDSHIRE,NORFOLK,Slaughterhouse,0,2
Jul-10,STAFFORDSHIRE,NORTH YORKSHIRE,Slaughterhouse,12,0
Jul-10,STAFFORDSHIRE,NOTTINGHAMSHIRE,Slaughterhouse,0,3
Jul-10,STAFFORDSHIRE,OXFORDSHIRE,Slaughterhouse,0,17
Jul-10,STAFFORDSHIRE,SHROPSHIRE,Slaughterhouse,"1,018",82
Jul-10,STAFFORDSHIRE,SOMERSET,Slaughterhouse,93,6
Jul-10,STAFFORDSHIRE,SOUTH YORKSHIRE,Slaughterhouse,114,79
Jul-10,STAFFORDSHIRE,STAFFORDSHIRE,Slaughterhouse,"1,509",277
Jul-10,STAFFORDSHIRE,STRATHCLYDE,Slaughterhouse,49,88
Jul-10,STAFFORDSHIRE,WARWICKSHIRE,Slaughterhouse,0,2
Jul-10,STAFFORDSHIRE,WEST MIDLANDS,Slaughterhouse,0,9
Jul-10,STAFFORDSHIRE,WEST YORKSHIRE,Slaughterhouse,81,68
Jul-10,STAFFORDSHIRE,,Slaughterhouse,404,101
Jul-10,STRATHCLYDE,CENTRAL,Slaughterhouse,876,22
Jul-10,STRATHCLYDE,CLEVELAND,Slaughterhouse,0,3
Jul-10,STRATHCLYDE,CUMBRIA,Slaughterhouse,77,27
Jul-10,STRATHCLYDE,DURHAM,Slaughterhouse,0,3
Jul-10,STRATHCLYDE,GRAMPIAN,Slaughterhouse,258,22
Jul-10,STRATHCLYDE,GREATER MANCHESTER,Slaughterhouse,0,2
Jul-10,STRATHCLYDE,HIGHLAND,Slaughterhouse,40,15
Jul-10,STRATHCLYDE,LANCASHIRE,Slaughterhouse,12,27
Jul-10,STRATHCLYDE,NORTH YORKSHIRE,Slaughterhouse,0,0
Jul-10,STRATHCLYDE,SHROPSHIRE,Slaughterhouse,3,3
Jul-10,STRATHCLYDE,SOUTH YORKSHIRE,Slaughterhouse,133,107
Jul-10,STRATHCLYDE,STRATHCLYDE,Slaughterhouse,"2,851",380
Jul-10,STRATHCLYDE,TAYSIDE,Slaughterhouse,479,74
Jul-10,STRATHCLYDE,,Slaughterhouse,509,207
Jul-10,SUFFOLK,BEDFORDSHIRE,Slaughterhouse,114,0
Jul-10,SUFFOLK,CUMBRIA,Slaughterhouse,0,1
Jul-10,SUFFOLK,DERBYSHIRE,Slaughterhouse,0,1
Jul-10,SUFFOLK,ESSEX,Slaughterhouse,54,81
Jul-10,SUFFOLK,GREATER MANCHESTER,Slaughterhouse,0,2
Jul-10,SUFFOLK,HAMPSHIRE,Slaughterhouse,1,33
Jul-10,SUFFOLK,LINCOLNSHIRE,Slaughterhouse,369,1
Jul-10,SUFFOLK,MID GLAMORGAN,Slaughterhouse,116,0
Jul-10,SUFFOLK,NORFOLK,Slaughterhouse,287,42
Jul-10,SUFFOLK,OXFORDSHIRE,Slaughterhouse,1,0
Jul-10,SUFFOLK,SOUTH YORKSHIRE,Slaughterhouse,7,3
Jul-10,SUFFOLK,STAFFORDSHIRE,Slaughterhouse,0,2
Jul-10,SUFFOLK,SUFFOLK,Slaughterhouse,9,0
Jul-10,SUFFOLK,,Slaughterhouse,311,1
Jul-10,SURREY,AVON,Slaughterhouse,3,0
Jul-10,SURREY,BEDFORDSHIRE,Slaughterhouse,5,12
Jul-10,SURREY,CENTRAL,Slaughterhouse,2,0
Jul-10,SURREY,CORNWALL,Slaughterhouse,1,0
Jul-10,SURREY,DEVON,Slaughterhouse,11,6
Jul-10,SURREY,EAST SUSSEX,Slaughterhouse,7,1
Jul-10,SURREY,HAMPSHIRE,Slaughterhouse,101,12
Jul-10,SURREY,HUMBERSIDE,Slaughterhouse,0,2
Jul-10,SURREY,KENT,Slaughterhouse,5,0
Jul-10,SURREY,OXFORDSHIRE,Slaughterhouse,4,0
Jul-10,SURREY,SOMERSET,Slaughterhouse,10,7
Jul-10,SURREY,SURREY,Slaughterhouse,303,6
Jul-10,SURREY,WEST SUSSEX,Slaughterhouse,7,0
Jul-10,SURREY,,Slaughterhouse,17,0
Jul-10,TAYSIDE,CENTRAL,Slaughterhouse,"1,081",27
Jul-10,TAYSIDE,CUMBRIA,Slaughterhouse,7,0
Jul-10,TAYSIDE,DEVON,Slaughterhouse,2,0
Jul-10,TAYSIDE,FIFE,Slaughterhouse,160,47
Jul-10,TAYSIDE,GRAMPIAN,Slaughterhouse,762,37
Jul-10,TAYSIDE,HIGHLAND,Slaughterhouse,5,0
Jul-10,TAYSIDE,LANCASHIRE,Slaughterhouse,47,3
Jul-10,TAYSIDE,SHROPSHIRE,Slaughterhouse,0,0
Jul-10,TAYSIDE,SOUTH YORKSHIRE,Slaughterhouse,0,2
Jul-10,TAYSIDE,STRATHCLYDE,Slaughterhouse,266,75
Jul-10,TAYSIDE,TAYSIDE,Slaughterhouse,"1,207",20
Jul-10,TAYSIDE,,Slaughterhouse,187,53
Jul-10,TYNE & WEAR,CENTRAL,Slaughterhouse,78,0
Jul-10,TYNE & WEAR,CLEVELAND,Slaughterhouse,2,6
Jul-10,TYNE & WEAR,CUMBRIA,Slaughterhouse,8,0
Jul-10,TYNE & WEAR,DURHAM,Slaughterhouse,5,2
Jul-10,TYNE & WEAR,HUMBERSIDE,Slaughterhouse,0,2
Jul-10,TYNE & WEAR,LANCASHIRE,Slaughterhouse,17,0
Jul-10,TYNE & WEAR,MID GLAMORGAN,Slaughterhouse,7,0
Jul-10,TYNE & WEAR,NORTH YORKSHIRE,Slaughterhouse,1,0
Jul-10,TYNE & WEAR,SOUTH YORKSHIRE,Slaughterhouse,12,0
Jul-10,TYNE & WEAR,TYNE & WEAR,Slaughterhouse,37,0
Jul-10,TYNE & WEAR,WEST YORKSHIRE,Slaughterhouse,0,1
Jul-10,WARWICKSHIRE,AVON,Slaughterhouse,0,13
Jul-10,WARWICKSHIRE,BEDFORDSHIRE,Slaughterhouse,59,7
Jul-10,WARWICKSHIRE,CENTRAL,Slaughterhouse,26,0
Jul-10,WARWICKSHIRE,CHESHIRE,Slaughterhouse,0,0
Jul-10,WARWICKSHIRE,CUMBRIA,Slaughterhouse,0,8
Jul-10,WARWICKSHIRE,DERBYSHIRE,Slaughterhouse,0,3
Jul-10,WARWICKSHIRE,DEVON,Slaughterhouse,0,9
Jul-10,WARWICKSHIRE,DURHAM,Slaughterhouse,0,1
Jul-10,WARWICKSHIRE,GRAMPIAN,Slaughterhouse,0,8
Jul-10,WARWICKSHIRE,GREATER MANCHESTER,Slaughterhouse,0,16
Jul-10,WARWICKSHIRE,HAMPSHIRE,Slaughterhouse,4,0
Jul-10,WARWICKSHIRE,HEREFORD & WORCESTER,Slaughterhouse,5,1
Jul-10,WARWICKSHIRE,HIGHLAND,Slaughterhouse,0,15
Jul-10,WARWICKSHIRE,LANCASHIRE,Slaughterhouse,101,19
Jul-10,WARWICKSHIRE,LEICESTERSHIRE,Slaughterhouse,49,18
Jul-10,WARWICKSHIRE,LINCOLNSHIRE,Slaughterhouse,371,32
Jul-10,WARWICKSHIRE,MID GLAMORGAN,Slaughterhouse,209,0
Jul-10,WARWICKSHIRE,NORTH YORKSHIRE,Slaughterhouse,13,7
Jul-10,WARWICKSHIRE,NOTTINGHAMSHIRE,Slaughterhouse,0,15
Jul-10,WARWICKSHIRE,OXFORDSHIRE,Slaughterhouse,50,45
Jul-10,WARWICKSHIRE,SHROPSHIRE,Slaughterhouse,145,8
Jul-10,WARWICKSHIRE,SOMERSET,Slaughterhouse,34,0
Jul-10,WARWICKSHIRE,SOUTH YORKSHIRE,Slaughterhouse,23,36
Jul-10,WARWICKSHIRE,STAFFORDSHIRE,Slaughterhouse,93,51
Jul-10,WARWICKSHIRE,STRATHCLYDE,Slaughterhouse,0,2
Jul-10,WARWICKSHIRE,SURREY,Slaughterhouse,124,2
Jul-10,WARWICKSHIRE,WARWICKSHIRE,Slaughterhouse,72,1
Jul-10,WARWICKSHIRE,WEST MIDLANDS,Slaughterhouse,5,2
Jul-10,WARWICKSHIRE,WEST YORKSHIRE,Slaughterhouse,0,3
Jul-10,WARWICKSHIRE,WILTSHIRE,Slaughterhouse,5,1
Jul-10,WARWICKSHIRE,,Slaughterhouse,190,51
Jul-10,WESTERN ISLES,WESTERN ISLES,Slaughterhouse,3,0
Jul-10,WESTERN ISLES,,Slaughterhouse,0,1
Jul-10,WEST GLAMORGAN,AVON,Slaughterhouse,0,3
Jul-10,WEST GLAMORGAN,BEDFORDSHIRE,Slaughterhouse,0,3
Jul-10,WEST GLAMORGAN,DEVON,Slaughterhouse,0,1
Jul-10,WEST GLAMORGAN,DYFED,Slaughterhouse,28,7
Jul-10,WEST GLAMORGAN,GLOUCESTERSHIRE,Slaughterhouse,0,1
Jul-10,WEST GLAMORGAN,LANCASHIRE,Slaughterhouse,1,6
Jul-10,WEST GLAMORGAN,LINCOLNSHIRE,Slaughterhouse,0,3
Jul-10,WEST GLAMORGAN,MID GLAMORGAN,Slaughterhouse,49,0
Jul-10,WEST GLAMORGAN,SOMERSET,Slaughterhouse,2,0
Jul-10,WEST GLAMORGAN,STAFFORDSHIRE,Slaughterhouse,10,0
Jul-10,WEST GLAMORGAN,SURREY,Slaughterhouse,6,0
Jul-10,WEST GLAMORGAN,WEST GLAMORGAN,Slaughterhouse,42,0
Jul-10,WEST GLAMORGAN,,Slaughterhouse,19,3
Jul-10,WEST MIDLANDS,AVON,Slaughterhouse,0,2
Jul-10,WEST MIDLANDS,DEVON,Slaughterhouse,0,2
Jul-10,WEST MIDLANDS,HIGHLAND,Slaughterhouse,0,2
Jul-10,WEST MIDLANDS,LANCASHIRE,Slaughterhouse,0,1
Jul-10,WEST MIDLANDS,LEICESTERSHIRE,Slaughterhouse,4,1
Jul-10,WEST MIDLANDS,LINCOLNSHIRE,Slaughterhouse,0,6
Jul-10,WEST MIDLANDS,MID GLAMORGAN,Slaughterhouse,10,0
Jul-10,WEST MIDLANDS,NORTH YORKSHIRE,Slaughterhouse,0,2
Jul-10,WEST MIDLANDS,OXFORDSHIRE,Slaughterhouse,0,4
Jul-10,WEST MIDLANDS,SHROPSHIRE,Slaughterhouse,0,3
Jul-10,WEST MIDLANDS,SOUTH YORKSHIRE,Slaughterhouse,3,3
Jul-10,WEST MIDLANDS,STAFFORDSHIRE,Slaughterhouse,3,8
Jul-10,WEST MIDLANDS,STRATHCLYDE,Slaughterhouse,0,2
Jul-10,WEST MIDLANDS,WARWICKSHIRE,Slaughterhouse,2,1
Jul-10,WEST MIDLANDS,WILTSHIRE,Slaughterhouse,0,1
Jul-10,WEST MIDLANDS,,Slaughterhouse,11,5
Jul-10,WEST SUSSEX,AVON,Slaughterhouse,30,0
Jul-10,WEST SUSSEX,BEDFORDSHIRE,Slaughterhouse,9,5
Jul-10,WEST SUSSEX,CENTRAL,Slaughterhouse,15,0
Jul-10,WEST SUSSEX,DEVON,Slaughterhouse,2,8
Jul-10,WEST SUSSEX,EAST SUSSEX,Slaughterhouse,10,2
Jul-10,WEST SUSSEX,GREATER LONDON,Slaughterhouse,9,0
Jul-10,WEST SUSSEX,HAMPSHIRE,Slaughterhouse,54,9
Jul-10,WEST SUSSEX,HUMBERSIDE,Slaughterhouse,0,1
Jul-10,WEST SUSSEX,KENT,Slaughterhouse,23,1
Jul-10,WEST SUSSEX,LINCOLNSHIRE,Slaughterhouse,120,0
Jul-10,WEST SUSSEX,OXFORDSHIRE,Slaughterhouse,2,0
Jul-10,WEST SUSSEX,SOMERSET,Slaughterhouse,532,16
Jul-10,WEST SUSSEX,SURREY,Slaughterhouse,240,0
Jul-10,WEST SUSSEX,WEST SUSSEX,Slaughterhouse,45,0
Jul-10,WEST SUSSEX,WEST YORKSHIRE,Slaughterhouse,2,0
Jul-10,WEST SUSSEX,,Slaughterhouse,25,0
Jul-10,WEST YORKSHIRE,CLEVELAND,Slaughterhouse,0,36
Jul-10,WEST YORKSHIRE,CUMBRIA,Slaughterhouse,0,27
Jul-10,WEST YORKSHIRE,DERBYSHIRE,Slaughterhouse,3,0
Jul-10,WEST YORKSHIRE,DEVON,Slaughterhouse,0,3
Jul-10,WEST YORKSHIRE,DURHAM,Slaughterhouse,62,38
Jul-10,WEST YORKSHIRE,GREATER MANCHESTER,Slaughterhouse,33,75
Jul-10,WEST YORKSHIRE,HIGHLAND,Slaughterhouse,0,1
Jul-10,WEST YORKSHIRE,HUMBERSIDE,Slaughterhouse,31,24
Jul-10,WEST YORKSHIRE,LANCASHIRE,Slaughterhouse,272,29
Jul-10,WEST YORKSHIRE,LINCOLNSHIRE,Slaughterhouse,0,20
Jul-10,WEST YORKSHIRE,NORTH YORKSHIRE,Slaughterhouse,100,54
Jul-10,WEST YORKSHIRE,SHROPSHIRE,Slaughterhouse,0,1
Jul-10,WEST YORKSHIRE,SOUTH YORKSHIRE,Slaughterhouse,313,30
Jul-10,WEST YORKSHIRE,STRATHCLYDE,Slaughterhouse,0,4
Jul-10,WEST YORKSHIRE,TYNE & WEAR,Slaughterhouse,20,0
Jul-10,WEST YORKSHIRE,WEST YORKSHIRE,Slaughterhouse,548,202
Jul-10,WEST YORKSHIRE,,Slaughterhouse,56,3
Jul-10,WILTSHIRE,AVON,Slaughterhouse,759,14
Jul-10,WILTSHIRE,BEDFORDSHIRE,Slaughterhouse,68,1
Jul-10,WILTSHIRE,CENTRAL,Slaughterhouse,3,0
Jul-10,WILTSHIRE,CORNWALL,Slaughterhouse,0,3
Jul-10,WILTSHIRE,CUMBRIA,Slaughterhouse,0,2
Jul-10,WILTSHIRE,DEVON,Slaughterhouse,37,31
Jul-10,WILTSHIRE,DORSET,Slaughterhouse,15,0
Jul-10,WILTSHIRE,DYFED,Slaughterhouse,0,1
Jul-10,WILTSHIRE,GLOUCESTERSHIRE,Slaughterhouse,22,37
Jul-10,WILTSHIRE,GRAMPIAN,Slaughterhouse,0,1
Jul-10,WILTSHIRE,GREATER MANCHESTER,Slaughterhouse,0,2
Jul-10,WILTSHIRE,HAMPSHIRE,Slaughterhouse,12,0
Jul-10,WILTSHIRE,KENT,Slaughterhouse,0,1
Jul-10,WILTSHIRE,LANCASHIRE,Slaughterhouse,21,0
Jul-10,WILTSHIRE,LINCOLNSHIRE,Slaughterhouse,78,4
Jul-10,WILTSHIRE,MID GLAMORGAN,Slaughterhouse,199,21
Jul-10,WILTSHIRE,OXFORDSHIRE,Slaughterhouse,19,8
Jul-10,WILTSHIRE,SHROPSHIRE,Slaughterhouse,7,15
Jul-10,WILTSHIRE,SOMERSET,Slaughterhouse,537,34
Jul-10,WILTSHIRE,SOUTH YORKSHIRE,Slaughterhouse,12,4
Jul-10,WILTSHIRE,STAFFORDSHIRE,Slaughterhouse,0,1
Jul-10,WILTSHIRE,SURREY,Slaughterhouse,44,0
Jul-10,WILTSHIRE,WARWICKSHIRE,Slaughterhouse,1,0
Jul-10,WILTSHIRE,WILTSHIRE,Slaughterhouse,229,5
Jul-10,WILTSHIRE,,Slaughterhouse,233,31
Jul-10,0,AVON,Slaughterhouse,0,1
Jul-10,0,CUMBRIA,Slaughterhouse,2,0
Jul-10,0,LANCASHIRE,Slaughterhouse,3,0
Jul-10,0,STRATHCLYDE,Slaughterhouse,60,0
Aug-10,AVON,AVON,Slaughterhouse,585,17
Aug-10,AVON,BEDFORDSHIRE,Slaughterhouse,14,8
Aug-10,AVON,CORNWALL,Slaughterhouse,7,28
Aug-10,AVON,DEVON,Slaughterhouse,2,10
Aug-10,AVON,DYFED,Slaughterhouse,0,1
Aug-10,AVON,GLOUCESTERSHIRE,Slaughterhouse,26,33
Aug-10,AVON,HUMBERSIDE,Slaughterhouse,10,0
Aug-10,AVON,KENT,Slaughterhouse,0,18
Aug-10,AVON,LANCASHIRE,Slaughterhouse,16,6
Aug-10,AVON,LINCOLNSHIRE,Slaughterhouse,62,5
Aug-10,AVON,MID GLAMORGAN,Slaughterhouse,143,0
Aug-10,AVON,OXFORDSHIRE,Slaughterhouse,61,19
Aug-10,AVON,SHROPSHIRE,Slaughterhouse,15,0
Aug-10,AVON,SOMERSET,Slaughterhouse,123,13
Aug-10,AVON,SOUTH YORKSHIRE,Slaughterhouse,3,0
Aug-10,AVON,STAFFORDSHIRE,Slaughterhouse,1,0
Aug-10,AVON,STRATHCLYDE,Slaughterhouse,4,0
Aug-10,AVON,WEST GLAMORGAN,Slaughterhouse,1,0
Aug-10,AVON,WILTSHIRE,Slaughterhouse,812,9
Aug-10,AVON,,Slaughterhouse,7,20
Aug-10,BEDFORDSHIRE,BEDFORDSHIRE,Slaughterhouse,162,0
Aug-10,BEDFORDSHIRE,CAMBRIDGESHIRE,Slaughterhouse,13,0
Aug-10,BEDFORDSHIRE,CENTRAL,Slaughterhouse,19,0
Aug-10,BEDFORDSHIRE,GREATER LONDON,Slaughterhouse,19,0
Aug-10,BEDFORDSHIRE,LEICESTERSHIRE,Slaughterhouse,4,0
Aug-10,BEDFORDSHIRE,LINCOLNSHIRE,Slaughterhouse,90,0
Aug-10,BEDFORDSHIRE,OXFORDSHIRE,Slaughterhouse,2,0
Aug-10,BEDFORDSHIRE,SOUTH YORKSHIRE,Slaughterhouse,0,1
Aug-10,BEDFORDSHIRE,SURREY,Slaughterhouse,31,0
Aug-10,BEDFORDSHIRE,,Slaughterhouse,0,1
Aug-10,BERKSHIRE,AVON,Slaughterhouse,25,0
Aug-10,BERKSHIRE,BEDFORDSHIRE,Slaughterhouse,52,0
Aug-10,BERKSHIRE,CORNWALL,Slaughterhouse,12,0
Aug-10,BERKSHIRE,DEVON,Slaughterhouse,0,2
Aug-10,BERKSHIRE,DURHAM,Slaughterhouse,0,1
Aug-10,BERKSHIRE,GLOUCESTERSHIRE,Slaughterhouse,3,0
Aug-10,BERKSHIRE,HAMPSHIRE,Slaughterhouse,210,2
Aug-10,BERKSHIRE,LINCOLNSHIRE,Slaughterhouse,29,0
Aug-10,BERKSHIRE,MID GLAMORGAN,Slaughterhouse,58,1
Aug-10,BERKSHIRE,OXFORDSHIRE,Slaughterhouse,16,0
Aug-10,BERKSHIRE,SHROPSHIRE,Slaughterhouse,6,0
Aug-10,BERKSHIRE,SOMERSET,Slaughterhouse,95,0
Aug-10,BERKSHIRE,SOUTH YORKSHIRE,Slaughterhouse,0,7
Aug-10,BERKSHIRE,SURREY,Slaughterhouse,71,0
Aug-10,BERKSHIRE,WARWICKSHIRE,Slaughterhouse,1,0
Aug-10,BERKSHIRE,WILTSHIRE,Slaughterhouse,4,1
Aug-10,BERKSHIRE,,Slaughterhouse,10,1
Aug-10,BORDERS,BORDERS,Slaughterhouse,322,186
Aug-10,BORDERS,CENTRAL,Slaughterhouse,667,7
Aug-10,BORDERS,CLEVELAND,Slaughterhouse,0,2
Aug-10,BORDERS,CUMBRIA,Slaughterhouse,26,7
Aug-10,BORDERS,DURHAM,Slaughterhouse,0,4
Aug-10,BORDERS,GRAMPIAN,Slaughterhouse,149,21
Aug-10,BORDERS,GREATER MANCHESTER,Slaughterhouse,0,2
Aug-10,BORDERS,HIGHLAND,Slaughterhouse,91,42
Aug-10,BORDERS,HUMBERSIDE,Slaughterhouse,0,1
Aug-10,BORDERS,LANCASHIRE,Slaughterhouse,65,1
Aug-10,BORDERS,LINCOLNSHIRE,Slaughterhouse,5,0
Aug-10,BORDERS,SHROPSHIRE,Slaughterhouse,17,3
Aug-10,BORDERS,SOMERSET,Slaughterhouse,0,1
Aug-10,BORDERS,SOUTH YORKSHIRE,Slaughterhouse,59,0
Aug-10,BORDERS,STRATHCLYDE,Slaughterhouse,"1,042",170
Aug-10,BORDERS,TAYSIDE,Slaughterhouse,241,78
Aug-10,BORDERS,TYNE & WEAR,Slaughterhouse,32,2
Aug-10,BORDERS,WEST YORKSHIRE,Slaughterhouse,24,19
Aug-10,BORDERS,,Slaughterhouse,148,43
Aug-10,BUCKINGHAMSHIRE,AVON,Slaughterhouse,54,0
Aug-10,BUCKINGHAMSHIRE,BEDFORDSHIRE,Slaughterhouse,448,19
Aug-10,BUCKINGHAMSHIRE,CENTRAL,Slaughterhouse,211,0
Aug-10,BUCKINGHAMSHIRE,CORNWALL,Slaughterhouse,7,0
Aug-10,BUCKINGHAMSHIRE,DEVON,Slaughterhouse,0,9
Aug-10,BUCKINGHAMSHIRE,EAST SUSSEX,Slaughterhouse,0,2
Aug-10,BUCKINGHAMSHIRE,GLOUCESTERSHIRE,Slaughterhouse,40,1
Aug-10,BUCKINGHAMSHIRE,GREATER LONDON,Slaughterhouse,12,0
Aug-10,BUCKINGHAMSHIRE,HAMPSHIRE,Slaughterhouse,29,14
Aug-10,BUCKINGHAMSHIRE,HUMBERSIDE,Slaughterhouse,0,9
Aug-10,BUCKINGHAMSHIRE,KENT,Slaughterhouse,0,6
Aug-10,BUCKINGHAMSHIRE,LANCASHIRE,Slaughterhouse,247,0
Aug-10,BUCKINGHAMSHIRE,LINCOLNSHIRE,Slaughterhouse,347,0
Aug-10,BUCKINGHAMSHIRE,MID GLAMORGAN,Slaughterhouse,125,40
Aug-10,BUCKINGHAMSHIRE,NORFOLK,Slaughterhouse,61,0
Aug-10,BUCKINGHAMSHIRE,OXFORDSHIRE,Slaughterhouse,47,6
Aug-10,BUCKINGHAMSHIRE,SHROPSHIRE,Slaughterhouse,3,0
Aug-10,BUCKINGHAMSHIRE,SOMERSET,Slaughterhouse,58,8
Aug-10,BUCKINGHAMSHIRE,SOUTH YORKSHIRE,Slaughterhouse,46,53
Aug-10,BUCKINGHAMSHIRE,STAFFORDSHIRE,Slaughterhouse,0,12
Aug-10,BUCKINGHAMSHIRE,SURREY,Slaughterhouse,229,0
Aug-10,BUCKINGHAMSHIRE,WILTSHIRE,Slaughterhouse,12,5
Aug-10,BUCKINGHAMSHIRE,,Slaughterhouse,72,5
Aug-10,CAMBRIDGESHIRE,BEDFORDSHIRE,Slaughterhouse,190,3
Aug-10,CAMBRIDGESHIRE,CAMBRIDGESHIRE,Slaughterhouse,48,0
Aug-10,CAMBRIDGESHIRE,CENTRAL,Slaughterhouse,4,2
Aug-10,CAMBRIDGESHIRE,DERBYSHIRE,Slaughterhouse,0,1
Aug-10,CAMBRIDGESHIRE,ESSEX,Slaughterhouse,2,15
Aug-10,CAMBRIDGESHIRE,GRAMPIAN,Slaughterhouse,0,5
Aug-10,CAMBRIDGESHIRE,GREATER MANCHESTER,Slaughterhouse,0,12
Aug-10,CAMBRIDGESHIRE,HAMPSHIRE,Slaughterhouse,0,8
Aug-10,CAMBRIDGESHIRE,LANCASHIRE,Slaughterhouse,0,1
Aug-10,CAMBRIDGESHIRE,LINCOLNSHIRE,Slaughterhouse,667,36
Aug-10,CAMBRIDGESHIRE,MID GLAMORGAN,Slaughterhouse,171,0
Aug-10,CAMBRIDGESHIRE,NORFOLK,Slaughterhouse,21,8
Aug-10,CAMBRIDGESHIRE,NORTH YORKSHIRE,Slaughterhouse,0,3
Aug-10,CAMBRIDGESHIRE,NOTTINGHAMSHIRE,Slaughterhouse,0,13
Aug-10,CAMBRIDGESHIRE,OXFORDSHIRE,Slaughterhouse,10,19
Aug-10,CAMBRIDGESHIRE,SHROPSHIRE,Slaughterhouse,73,2
Aug-10,CAMBRIDGESHIRE,SOUTH YORKSHIRE,Slaughterhouse,3,2
Aug-10,CAMBRIDGESHIRE,STAFFORDSHIRE,Slaughterhouse,0,25
Aug-10,CAMBRIDGESHIRE,STRATHCLYDE,Slaughterhouse,0,2
Aug-10,CAMBRIDGESHIRE,SURREY,Slaughterhouse,1,0
Aug-10,CAMBRIDGESHIRE,WEST YORKSHIRE,Slaughterhouse,0,1
Aug-10,CAMBRIDGESHIRE,,Slaughterhouse,24,17
Aug-10,CENTRAL,CENTRAL,Slaughterhouse,657,25
Aug-10,CENTRAL,CHESHIRE,Slaughterhouse,1,0
Aug-10,CENTRAL,CUMBRIA,Slaughterhouse,29,8
Aug-10,CENTRAL,DERBYSHIRE,Slaughterhouse,26,2
Aug-10,CENTRAL,GRAMPIAN,Slaughterhouse,96,16
Aug-10,CENTRAL,LANCASHIRE,Slaughterhouse,91,23
Aug-10,CENTRAL,SOUTH YORKSHIRE,Slaughterhouse,25,5
Aug-10,CENTRAL,STRATHCLYDE,Slaughterhouse,716,158
Aug-10,CENTRAL,TAYSIDE,Slaughterhouse,282,12
Aug-10,CENTRAL,,Slaughterhouse,13,5
Aug-10,CHESHIRE,AVON,Slaughterhouse,188,100
Aug-10,CHESHIRE,BEDFORDSHIRE,Slaughterhouse,32,41
Aug-10,CHESHIRE,CENTRAL,Slaughterhouse,0,1
Aug-10,CHESHIRE,CHESHIRE,Slaughterhouse,765,105
Aug-10,CHESHIRE,CLEVELAND,Slaughterhouse,2,1
Aug-10,CHESHIRE,CLWYD,Slaughterhouse,25,40
Aug-10,CHESHIRE,CORNWALL,Slaughterhouse,1,0
Aug-10,CHESHIRE,CUMBRIA,Slaughterhouse,44,1
Aug-10,CHESHIRE,DERBYSHIRE,Slaughterhouse,51,2
Aug-10,CHESHIRE,DEVON,Slaughterhouse,111,130
Aug-10,CHESHIRE,DURHAM,Slaughterhouse,2,10
Aug-10,CHESHIRE,DYFED,Slaughterhouse,0,3
Aug-10,CHESHIRE,GRAMPIAN,Slaughterhouse,11,16
Aug-10,CHESHIRE,GREATER MANCHESTER,Slaughterhouse,112,52
Aug-10,CHESHIRE,GWYNEDD,Slaughterhouse,0,2
Aug-10,CHESHIRE,HIGHLAND,Slaughterhouse,0,4
Aug-10,CHESHIRE,HUMBERSIDE,Slaughterhouse,72,65
Aug-10,CHESHIRE,LANCASHIRE,Slaughterhouse,843,21
Aug-10,CHESHIRE,LINCOLNSHIRE,Slaughterhouse,14,29
Aug-10,CHESHIRE,MERSEYSIDE,Slaughterhouse,1,0
Aug-10,CHESHIRE,NORTH YORKSHIRE,Slaughterhouse,12,0
Aug-10,CHESHIRE,NOTTINGHAMSHIRE,Slaughterhouse,0,1
Aug-10,CHESHIRE,OXFORDSHIRE,Slaughterhouse,16,14
Aug-10,CHESHIRE,SHROPSHIRE,Slaughterhouse,547,62
Aug-10,CHESHIRE,SOMERSET,Slaughterhouse,1,1
Aug-10,CHESHIRE,SOUTH YORKSHIRE,Slaughterhouse,46,10
Aug-10,CHESHIRE,STAFFORDSHIRE,Slaughterhouse,475,363
Aug-10,CHESHIRE,STRATHCLYDE,Slaughterhouse,170,48
Aug-10,CHESHIRE,SURREY,Slaughterhouse,10,0
Aug-10,CHESHIRE,WEST MIDLANDS,Slaughterhouse,0,7
Aug-10,CHESHIRE,WEST YORKSHIRE,Slaughterhouse,44,29
Aug-10,CHESHIRE,WILTSHIRE,Slaughterhouse,0,13
Aug-10,CHESHIRE,,Slaughterhouse,392,163
Aug-10,CLEVELAND,BEDFORDSHIRE,Slaughterhouse,0,1
Aug-10,CLEVELAND,CLEVELAND,Slaughterhouse,29,105
Aug-10,CLEVELAND,CUMBRIA,Slaughterhouse,0,22
Aug-10,CLEVELAND,DURHAM,Slaughterhouse,34,80
Aug-10,CLEVELAND,GRAMPIAN,Slaughterhouse,0,13
Aug-10,CLEVELAND,GREATER MANCHESTER,Slaughterhouse,0,60
Aug-10,CLEVELAND,HIGHLAND,Slaughterhouse,0,21
Aug-10,CLEVELAND,HUMBERSIDE,Slaughterhouse,29,5
Aug-10,CLEVELAND,LANCASHIRE,Slaughterhouse,47,2
Aug-10,CLEVELAND,LINCOLNSHIRE,Slaughterhouse,0,7
Aug-10,CLEVELAND,NORTH YORKSHIRE,Slaughterhouse,41,21
Aug-10,CLEVELAND,SHROPSHIRE,Slaughterhouse,0,14
Aug-10,CLEVELAND,SOUTH YORKSHIRE,Slaughterhouse,0,1
Aug-10,CLEVELAND,STAFFORDSHIRE,Slaughterhouse,0,18
Aug-10,CLEVELAND,WEST YORKSHIRE,Slaughterhouse,1,121
Aug-10,CLEVELAND,,Slaughterhouse,15,8
Aug-10,CLWYD,AVON,Slaughterhouse,50,53
Aug-10,CLWYD,BEDFORDSHIRE,Slaughterhouse,0,22
Aug-10,CLWYD,CHESHIRE,Slaughterhouse,141,38
Aug-10,CLWYD,CLEVELAND,Slaughterhouse,3,2
Aug-10,CLWYD,CLWYD,Slaughterhouse,462,129
Aug-10,CLWYD,CUMBRIA,Slaughterhouse,0,2
Aug-10,CLWYD,DERBYSHIRE,Slaughterhouse,25,18
Aug-10,CLWYD,DEVON,Slaughterhouse,9,42
Aug-10,CLWYD,DURHAM,Slaughterhouse,0,4
Aug-10,CLWYD,DYFED,Slaughterhouse,0,1
Aug-10,CLWYD,GRAMPIAN,Slaughterhouse,0,2
Aug-10,CLWYD,GREATER MANCHESTER,Slaughterhouse,4,28
Aug-10,CLWYD,GWYNEDD,Slaughterhouse,140,129
Aug-10,CLWYD,HUMBERSIDE,Slaughterhouse,81,75
Aug-10,CLWYD,LANCASHIRE,Slaughterhouse,496,8
Aug-10,CLWYD,LINCOLNSHIRE,Slaughterhouse,19,0
Aug-10,CLWYD,MID GLAMORGAN,Slaughterhouse,5,0
Aug-10,CLWYD,NORFOLK,Slaughterhouse,4,2
Aug-10,CLWYD,NORTH YORKSHIRE,Slaughterhouse,8,0
Aug-10,CLWYD,POWYS,Slaughterhouse,35,2
Aug-10,CLWYD,SHROPSHIRE,Slaughterhouse,714,131
Aug-10,CLWYD,SOMERSET,Slaughterhouse,12,1
Aug-10,CLWYD,SOUTH YORKSHIRE,Slaughterhouse,76,35
Aug-10,CLWYD,STAFFORDSHIRE,Slaughterhouse,66,78
Aug-10,CLWYD,STRATHCLYDE,Slaughterhouse,16,12
Aug-10,CLWYD,TYNE & WEAR,Slaughterhouse,31,16
Aug-10,CLWYD,WEST MIDLANDS,Slaughterhouse,1,0
Aug-10,CLWYD,WEST YORKSHIRE,Slaughterhouse,139,65
Aug-10,CLWYD,WILTSHIRE,Slaughterhouse,0,1
Aug-10,CLWYD,,Slaughterhouse,208,58
Aug-10,CORNWALL,AVON,Slaughterhouse,22,0
Aug-10,CORNWALL,BEDFORDSHIRE,Slaughterhouse,109,65
Aug-10,CORNWALL,CORNWALL,Slaughterhouse,"4,961",349
Aug-10,CORNWALL,CUMBRIA,Slaughterhouse,1,0
Aug-10,CORNWALL,DEVON,Slaughterhouse,373,212
Aug-10,CORNWALL,DORSET,Slaughterhouse,3,0
Aug-10,CORNWALL,DYFED,Slaughterhouse,0,8
Aug-10,CORNWALL,LANCASHIRE,Slaughterhouse,387,0
Aug-10,CORNWALL,LINCOLNSHIRE,Slaughterhouse,9,4
Aug-10,CORNWALL,MID GLAMORGAN,Slaughterhouse,21,0
Aug-10,CORNWALL,SHROPSHIRE,Slaughterhouse,82,27
Aug-10,CORNWALL,SOMERSET,Slaughterhouse,162,0
Aug-10,CORNWALL,SOUTH YORKSHIRE,Slaughterhouse,83,7
Aug-10,CORNWALL,STAFFORDSHIRE,Slaughterhouse,2,0
Aug-10,CORNWALL,WILTSHIRE,Slaughterhouse,0,23
Aug-10,CORNWALL,,Slaughterhouse,10,31
Aug-10,CUMBRIA,BEDFORDSHIRE,Slaughterhouse,0,1
Aug-10,CUMBRIA,CENTRAL,Slaughterhouse,335,0
Aug-10,CUMBRIA,CHESHIRE,Slaughterhouse,21,1
Aug-10,CUMBRIA,CLEVELAND,Slaughterhouse,183,151
Aug-10,CUMBRIA,CUMBRIA,Slaughterhouse,"1,998",422
Aug-10,CUMBRIA,DEVON,Slaughterhouse,0,1
Aug-10,CUMBRIA,DUMFRIES & GALLOWAY,Slaughterhouse,27,16
Aug-10,CUMBRIA,DURHAM,Slaughterhouse,283,217
Aug-10,CUMBRIA,GRAMPIAN,Slaughterhouse,0,0
Aug-10,CUMBRIA,GREATER MANCHESTER,Slaughterhouse,228,264
Aug-10,CUMBRIA,HAMPSHIRE,Slaughterhouse,0,0
Aug-10,CUMBRIA,HIGHLAND,Slaughterhouse,0,0
Aug-10,CUMBRIA,HUMBERSIDE,Slaughterhouse,0,5
Aug-10,CUMBRIA,LANCASHIRE,Slaughterhouse,"2,409",436
Aug-10,CUMBRIA,LINCOLNSHIRE,Slaughterhouse,25,0
Aug-10,CUMBRIA,NORTH YORKSHIRE,Slaughterhouse,62,23
Aug-10,CUMBRIA,SHROPSHIRE,Slaughterhouse,134,96
Aug-10,CUMBRIA,SOUTH YORKSHIRE,Slaughterhouse,56,15
Aug-10,CUMBRIA,STAFFORDSHIRE,Slaughterhouse,1,0
Aug-10,CUMBRIA,STRATHCLYDE,Slaughterhouse,323,157
Aug-10,CUMBRIA,TAYSIDE,Slaughterhouse,201,20
Aug-10,CUMBRIA,TYNE & WEAR,Slaughterhouse,50,6
Aug-10,CUMBRIA,WEST YORKSHIRE,Slaughterhouse,273,251
Aug-10,CUMBRIA,,Slaughterhouse,148,88
Aug-10,DERBYSHIRE,AVON,Slaughterhouse,20,11
Aug-10,DERBYSHIRE,BEDFORDSHIRE,Slaughterhouse,63,63
Aug-10,DERBYSHIRE,CHESHIRE,Slaughterhouse,6,3
Aug-10,DERBYSHIRE,CLEVELAND,Slaughterhouse,10,1
Aug-10,DERBYSHIRE,CORNWALL,Slaughterhouse,2,0
Aug-10,DERBYSHIRE,DERBYSHIRE,Slaughterhouse,439,50
Aug-10,DERBYSHIRE,DEVON,Slaughterhouse,100,97
Aug-10,DERBYSHIRE,DURHAM,Slaughterhouse,1,2
Aug-10,DERBYSHIRE,GRAMPIAN,Slaughterhouse,0,8
Aug-10,DERBYSHIRE,GREATER MANCHESTER,Slaughterhouse,43,36
Aug-10,DERBYSHIRE,HIGHLAND,Slaughterhouse,0,0
Aug-10,DERBYSHIRE,HUMBERSIDE,Slaughterhouse,16,11
Aug-10,DERBYSHIRE,LANCASHIRE,Slaughterhouse,290,20
Aug-10,DERBYSHIRE,LINCOLNSHIRE,Slaughterhouse,216,58
Aug-10,DERBYSHIRE,MID GLAMORGAN,Slaughterhouse,80,0
Aug-10,DERBYSHIRE,NORTH YORKSHIRE,Slaughterhouse,8,6
Aug-10,DERBYSHIRE,NOTTINGHAMSHIRE,Slaughterhouse,11,7
Aug-10,DERBYSHIRE,OXFORDSHIRE,Slaughterhouse,73,49
Aug-10,DERBYSHIRE,SHROPSHIRE,Slaughterhouse,173,28
Aug-10,DERBYSHIRE,SOMERSET,Slaughterhouse,16,0
Aug-10,DERBYSHIRE,SOUTH YORKSHIRE,Slaughterhouse,670,90
Aug-10,DERBYSHIRE,STAFFORDSHIRE,Slaughterhouse,581,273
Aug-10,DERBYSHIRE,STRATHCLYDE,Slaughterhouse,31,29
Aug-10,DERBYSHIRE,WEST YORKSHIRE,Slaughterhouse,182,47
Aug-10,DERBYSHIRE,,Slaughterhouse,351,50
Aug-10,DEVON,AVON,Slaughterhouse,53,16
Aug-10,DEVON,BEDFORDSHIRE,Slaughterhouse,126,67
Aug-10,DEVON,CORNWALL,Slaughterhouse,"3,664",170
Aug-10,DEVON,DEVON,Slaughterhouse,"2,658",275
Aug-10,DEVON,DORSET,Slaughterhouse,31,0
Aug-10,DEVON,DYFED,Slaughterhouse,68,18
Aug-10,DEVON,GLOUCESTERSHIRE,Slaughterhouse,77,29
Aug-10,DEVON,KENT,Slaughterhouse,9,12
Aug-10,DEVON,LANCASHIRE,Slaughterhouse,260,4
Aug-10,DEVON,LINCOLNSHIRE,Slaughterhouse,191,2
Aug-10,DEVON,MID GLAMORGAN,Slaughterhouse,140,0
Aug-10,DEVON,OXFORDSHIRE,Slaughterhouse,23,37
Aug-10,DEVON,SHROPSHIRE,Slaughterhouse,879,513
Aug-10,DEVON,SOMERSET,Slaughterhouse,"2,231",39
Aug-10,DEVON,SOUTH YORKSHIRE,Slaughterhouse,57,2
Aug-10,DEVON,STAFFORDSHIRE,Slaughterhouse,5,0
Aug-10,DEVON,STRATHCLYDE,Slaughterhouse,1,1
Aug-10,DEVON,SURREY,Slaughterhouse,116,0
Aug-10,DEVON,WILTSHIRE,Slaughterhouse,89,67
Aug-10,DEVON,,Slaughterhouse,518,195
Aug-10,DORSET,AVON,Slaughterhouse,141,30
Aug-10,DORSET,BEDFORDSHIRE,Slaughterhouse,3,4
Aug-10,DORSET,CORNWALL,Slaughterhouse,48,7
Aug-10,DORSET,DEVON,Slaughterhouse,70,59
Aug-10,DORSET,DORSET,Slaughterhouse,444,0
Aug-10,DORSET,DYFED,Slaughterhouse,0,2
Aug-10,DORSET,GLOUCESTERSHIRE,Slaughterhouse,4,27
Aug-10,DORSET,KENT,Slaughterhouse,0,2
Aug-10,DORSET,LANCASHIRE,Slaughterhouse,1,1
Aug-10,DORSET,LINCOLNSHIRE,Slaughterhouse,58,0
Aug-10,DORSET,MID GLAMORGAN,Slaughterhouse,67,0
Aug-10,DORSET,OXFORDSHIRE,Slaughterhouse,2,2
Aug-10,DORSET,SHROPSHIRE,Slaughterhouse,23,2
Aug-10,DORSET,SOMERSET,Slaughterhouse,577,26
Aug-10,DORSET,SOUTH YORKSHIRE,Slaughterhouse,31,0
Aug-10,DORSET,STRATHCLYDE,Slaughterhouse,1,0
Aug-10,DORSET,SURREY,Slaughterhouse,61,0
Aug-10,DORSET,WILTSHIRE,Slaughterhouse,75,0
Aug-10,DORSET,,Slaughterhouse,434,44
Aug-10,DUMFRIES & GALLOWAY,BORDERS,Slaughterhouse,10,0
Aug-10,DUMFRIES & GALLOWAY,CENTRAL,Slaughterhouse,996,31
Aug-10,DUMFRIES & GALLOWAY,CLEVELAND,Slaughterhouse,0,11
Aug-10,DUMFRIES & GALLOWAY,CORNWALL,Slaughterhouse,0,0
Aug-10,DUMFRIES & GALLOWAY,CUMBRIA,Slaughterhouse,626,113
Aug-10,DUMFRIES & GALLOWAY,DERBYSHIRE,Slaughterhouse,0,2
Aug-10,DUMFRIES & GALLOWAY,DUMFRIES & GALLOWAY,Slaughterhouse,142,37
Aug-10,DUMFRIES & GALLOWAY,DURHAM,Slaughterhouse,0,23
Aug-10,DUMFRIES & GALLOWAY,GRAMPIAN,Slaughterhouse,"1,104",6
Aug-10,DUMFRIES & GALLOWAY,GREATER MANCHESTER,Slaughterhouse,19,19
Aug-10,DUMFRIES & GALLOWAY,HIGHLAND,Slaughterhouse,67,27
Aug-10,DUMFRIES & GALLOWAY,LANCASHIRE,Slaughterhouse,278,70
Aug-10,DUMFRIES & GALLOWAY,SHROPSHIRE,Slaughterhouse,0,0
Aug-10,DUMFRIES & GALLOWAY,SOUTH YORKSHIRE,Slaughterhouse,53,85
Aug-10,DUMFRIES & GALLOWAY,STRATHCLYDE,Slaughterhouse,"2,892",261
Aug-10,DUMFRIES & GALLOWAY,TAYSIDE,Slaughterhouse,"1,153",28
Aug-10,DUMFRIES & GALLOWAY,,Slaughterhouse,137,128
Aug-10,DURHAM,BEDFORDSHIRE,Slaughterhouse,8,4
Aug-10,DURHAM,CENTRAL,Slaughterhouse,38,0
Aug-10,DURHAM,CLEVELAND,Slaughterhouse,466,232
Aug-10,DURHAM,CORNWALL,Slaughterhouse,0,1
Aug-10,DURHAM,CUMBRIA,Slaughterhouse,129,65
Aug-10,DURHAM,DURHAM,Slaughterhouse,914,201
Aug-10,DURHAM,GRAMPIAN,Slaughterhouse,30,10
Aug-10,DURHAM,GREATER MANCHESTER,Slaughterhouse,182,85
Aug-10,DURHAM,HIGHLAND,Slaughterhouse,51,16
Aug-10,DURHAM,HUMBERSIDE,Slaughterhouse,251,32
Aug-10,DURHAM,LANCASHIRE,Slaughterhouse,462,27
Aug-10,DURHAM,LINCOLNSHIRE,Slaughterhouse,199,22
Aug-10,DURHAM,MID GLAMORGAN,Slaughterhouse,13,0
Aug-10,DURHAM,NORTH YORKSHIRE,Slaughterhouse,112,33
Aug-10,DURHAM,SHROPSHIRE,Slaughterhouse,71,17
Aug-10,DURHAM,SOUTH YORKSHIRE,Slaughterhouse,26,4
Aug-10,DURHAM,STAFFORDSHIRE,Slaughterhouse,98,53
Aug-10,DURHAM,STRATHCLYDE,Slaughterhouse,0,1
Aug-10,DURHAM,TYNE & WEAR,Slaughterhouse,54,3
Aug-10,DURHAM,WEST YORKSHIRE,Slaughterhouse,273,146
Aug-10,DURHAM,,Slaughterhouse,127,56
Aug-10,DYFED,AVON,Slaughterhouse,377,294
Aug-10,DYFED,BEDFORDSHIRE,Slaughterhouse,663,341
Aug-10,DYFED,CHESHIRE,Slaughterhouse,10,0
Aug-10,DYFED,CUMBRIA,Slaughterhouse,5,0
Aug-10,DYFED,DEVON,Slaughterhouse,60,53
Aug-10,DYFED,DURHAM,Slaughterhouse,0,1
Aug-10,DYFED,DYFED,Slaughterhouse,"2,110",115
Aug-10,DYFED,GLOUCESTERSHIRE,Slaughterhouse,1,0
Aug-10,DYFED,GRAMPIAN,Slaughterhouse,0,1
Aug-10,DYFED,GREATER MANCHESTER,Slaughterhouse,0,1
Aug-10,DYFED,HAMPSHIRE,Slaughterhouse,23,14
Aug-10,DYFED,LANCASHIRE,Slaughterhouse,596,4
Aug-10,DYFED,LINCOLNSHIRE,Slaughterhouse,312,165
Aug-10,DYFED,MID GLAMORGAN,Slaughterhouse,"1,047",103
Aug-10,DYFED,POWYS,Slaughterhouse,211,0
Aug-10,DYFED,SHROPSHIRE,Slaughterhouse,845,146
Aug-10,DYFED,SOMERSET,Slaughterhouse,371,283
Aug-10,DYFED,SOUTH YORKSHIRE,Slaughterhouse,27,0
Aug-10,DYFED,STAFFORDSHIRE,Slaughterhouse,36,0
Aug-10,DYFED,STRATHCLYDE,Slaughterhouse,38,10
Aug-10,DYFED,SURREY,Slaughterhouse,272,88
Aug-10,DYFED,TYNE & WEAR,Slaughterhouse,40,36
Aug-10,DYFED,WEST GLAMORGAN,Slaughterhouse,417,261
Aug-10,DYFED,WEST YORKSHIRE,Slaughterhouse,1,0
Aug-10,DYFED,WILTSHIRE,Slaughterhouse,16,2
Aug-10,DYFED,,Slaughterhouse,192,33
Aug-10,EAST SUSSEX,BEDFORDSHIRE,Slaughterhouse,129,12
Aug-10,EAST SUSSEX,CENTRAL,Slaughterhouse,10,0
Aug-10,EAST SUSSEX,DEVON,Slaughterhouse,0,5
Aug-10,EAST SUSSEX,EAST SUSSEX,Slaughterhouse,90,15
Aug-10,EAST SUSSEX,ESSEX,Slaughterhouse,0,1
Aug-10,EAST SUSSEX,HAMPSHIRE,Slaughterhouse,15,17
Aug-10,EAST SUSSEX,HUMBERSIDE,Slaughterhouse,0,2
Aug-10,EAST SUSSEX,KENT,Slaughterhouse,96,4
Aug-10,EAST SUSSEX,LANCASHIRE,Slaughterhouse,0,2
Aug-10,EAST SUSSEX,MID GLAMORGAN,Slaughterhouse,151,0
Aug-10,EAST SUSSEX,NORFOLK,Slaughterhouse,0,4
Aug-10,EAST SUSSEX,OXFORDSHIRE,Slaughterhouse,7,0
Aug-10,EAST SUSSEX,SHROPSHIRE,Slaughterhouse,16,0
Aug-10,EAST SUSSEX,SOMERSET,Slaughterhouse,137,36
Aug-10,EAST SUSSEX,SURREY,Slaughterhouse,230,0
Aug-10,EAST SUSSEX,WEST SUSSEX,Slaughterhouse,16,0
Aug-10,EAST SUSSEX,,Slaughterhouse,37,6
Aug-10,ESSEX,BEDFORDSHIRE,Slaughterhouse,69,0
Aug-10,ESSEX,CAMBRIDGESHIRE,Slaughterhouse,6,0
Aug-10,ESSEX,DEVON,Slaughterhouse,32,7
Aug-10,ESSEX,EAST SUSSEX,Slaughterhouse,0,1
Aug-10,ESSEX,ESSEX,Slaughterhouse,580,91
Aug-10,ESSEX,GREATER LONDON,Slaughterhouse,1,1
Aug-10,ESSEX,HAMPSHIRE,Slaughterhouse,87,59
Aug-10,ESSEX,HUMBERSIDE,Slaughterhouse,0,10
Aug-10,ESSEX,KENT,Slaughterhouse,0,5
Aug-10,ESSEX,LINCOLNSHIRE,Slaughterhouse,91,0
Aug-10,ESSEX,MID GLAMORGAN,Slaughterhouse,20,0
Aug-10,ESSEX,NORFOLK,Slaughterhouse,187,38
Aug-10,ESSEX,OXFORDSHIRE,Slaughterhouse,3,0
Aug-10,ESSEX,SOMERSET,Slaughterhouse,0,3
Aug-10,ESSEX,SOUTH YORKSHIRE,Slaughterhouse,18,0
Aug-10,ESSEX,SUFFOLK,Slaughterhouse,2,0
Aug-10,ESSEX,SURREY,Slaughterhouse,22,0
Aug-10,ESSEX,,Slaughterhouse,0,1
Aug-10,FIFE,CENTRAL,Slaughterhouse,541,21
Aug-10,FIFE,CUMBRIA,Slaughterhouse,1,3
Aug-10,FIFE,DERBYSHIRE,Slaughterhouse,0,1
Aug-10,FIFE,FIFE,Slaughterhouse,16,20
Aug-10,FIFE,GRAMPIAN,Slaughterhouse,96,18
Aug-10,FIFE,HIGHLAND,Slaughterhouse,8,0
Aug-10,FIFE,LANCASHIRE,Slaughterhouse,0,18
Aug-10,FIFE,SOUTH YORKSHIRE,Slaughterhouse,0,9
Aug-10,FIFE,STRATHCLYDE,Slaughterhouse,91,127
Aug-10,FIFE,TAYSIDE,Slaughterhouse,479,11
Aug-10,FIFE,,Slaughterhouse,32,16
Aug-10,GLOUCESTERSHIRE,AVON,Slaughterhouse,300,48
Aug-10,GLOUCESTERSHIRE,BEDFORDSHIRE,Slaughterhouse,121,10
Aug-10,GLOUCESTERSHIRE,CORNWALL,Slaughterhouse,2,0
Aug-10,GLOUCESTERSHIRE,DEVON,Slaughterhouse,3,9
Aug-10,GLOUCESTERSHIRE,DYFED,Slaughterhouse,0,2
Aug-10,GLOUCESTERSHIRE,GLOUCESTERSHIRE,Slaughterhouse,583,18
Aug-10,GLOUCESTERSHIRE,GREATER MANCHESTER,Slaughterhouse,1,1
Aug-10,GLOUCESTERSHIRE,HUMBERSIDE,Slaughterhouse,35,0
Aug-10,GLOUCESTERSHIRE,KENT,Slaughterhouse,0,1
Aug-10,GLOUCESTERSHIRE,LANCASHIRE,Slaughterhouse,47,11
Aug-10,GLOUCESTERSHIRE,LINCOLNSHIRE,Slaughterhouse,226,13
Aug-10,GLOUCESTERSHIRE,MID GLAMORGAN,Slaughterhouse,508,0
Aug-10,GLOUCESTERSHIRE,NORTH YORKSHIRE,Slaughterhouse,14,0
Aug-10,GLOUCESTERSHIRE,OXFORDSHIRE,Slaughterhouse,82,46
Aug-10,GLOUCESTERSHIRE,SHROPSHIRE,Slaughterhouse,154,6
Aug-10,GLOUCESTERSHIRE,SOMERSET,Slaughterhouse,485,10
Aug-10,GLOUCESTERSHIRE,SOUTH YORKSHIRE,Slaughterhouse,7,0
Aug-10,GLOUCESTERSHIRE,STAFFORDSHIRE,Slaughterhouse,1,8
Aug-10,GLOUCESTERSHIRE,STRATHCLYDE,Slaughterhouse,4,0
Aug-10,GLOUCESTERSHIRE,WARWICKSHIRE,Slaughterhouse,6,3
Aug-10,GLOUCESTERSHIRE,WEST MIDLANDS,Slaughterhouse,12,0
Aug-10,GLOUCESTERSHIRE,WILTSHIRE,Slaughterhouse,117,78
Aug-10,GLOUCESTERSHIRE,,Slaughterhouse,383,27
Aug-10,GRAMPIAN,CENTRAL,Slaughterhouse,632,5
Aug-10,GRAMPIAN,CUMBRIA,Slaughterhouse,128,47
Aug-10,GRAMPIAN,FIFE,Slaughterhouse,0,3
Aug-10,GRAMPIAN,GRAMPIAN,Slaughterhouse,"9,473",119
Aug-10,GRAMPIAN,HIGHLAND,Slaughterhouse,630,37
Aug-10,GRAMPIAN,SOMERSET,Slaughterhouse,1,0
Aug-10,GRAMPIAN,STRATHCLYDE,Slaughterhouse,275,48
Aug-10,GRAMPIAN,TAYSIDE,Slaughterhouse,"1,045",55
Aug-10,GRAMPIAN,TYNE & WEAR,Slaughterhouse,48,0
Aug-10,GRAMPIAN,,Slaughterhouse,"1,522",89
Aug-10,GREATER LONDON,BEDFORDSHIRE,Slaughterhouse,11,0
Aug-10,GREATER LONDON,DEVON,Slaughterhouse,0,1
Aug-10,GREATER LONDON,ESSEX,Slaughterhouse,2,0
Aug-10,GREATER LONDON,GREATER LONDON,Slaughterhouse,1,0
Aug-10,GREATER LONDON,HAMPSHIRE,Slaughterhouse,6,0
Aug-10,GREATER LONDON,SOMERSET,Slaughterhouse,0,1
Aug-10,GREATER LONDON,SURREY,Slaughterhouse,10,0
Aug-10,GREATER MANCHESTER,AVON,Slaughterhouse,0,0
Aug-10,GREATER MANCHESTER,BEDFORDSHIRE,Slaughterhouse,0,4
Aug-10,GREATER MANCHESTER,CHESHIRE,Slaughterhouse,7,6
Aug-10,GREATER MANCHESTER,CLEVELAND,Slaughterhouse,0,4
Aug-10,GREATER MANCHESTER,CUMBRIA,Slaughterhouse,8,0
Aug-10,GREATER MANCHESTER,DEVON,Slaughterhouse,0,6
Aug-10,GREATER MANCHESTER,GRAMPIAN,Slaughterhouse,0,1
Aug-10,GREATER MANCHESTER,GREATER MANCHESTER,Slaughterhouse,453,48
Aug-10,GREATER MANCHESTER,LANCASHIRE,Slaughterhouse,152,9
Aug-10,GREATER MANCHESTER,LINCOLNSHIRE,Slaughterhouse,4,1
Aug-10,GREATER MANCHESTER,MERSEYSIDE,Slaughterhouse,11,0
Aug-10,GREATER MANCHESTER,NORTH YORKSHIRE,Slaughterhouse,2,0
Aug-10,GREATER MANCHESTER,SHROPSHIRE,Slaughterhouse,1,1
Aug-10,GREATER MANCHESTER,SOUTH YORKSHIRE,Slaughterhouse,25,1
Aug-10,GREATER MANCHESTER,STAFFORDSHIRE,Slaughterhouse,20,14
Aug-10,GREATER MANCHESTER,STRATHCLYDE,Slaughterhouse,0,6
Aug-10,GREATER MANCHESTER,WEST YORKSHIRE,Slaughterhouse,2,13
Aug-10,GREATER MANCHESTER,,Slaughterhouse,14,15
Aug-10,GWENT,AVON,Slaughterhouse,89,50
Aug-10,GWENT,BEDFORDSHIRE,Slaughterhouse,10,3
Aug-10,GWENT,CORNWALL,Slaughterhouse,12,0
Aug-10,GWENT,DEVON,Slaughterhouse,47,30
Aug-10,GWENT,DYFED,Slaughterhouse,5,0
Aug-10,GWENT,GLOUCESTERSHIRE,Slaughterhouse,108,5
Aug-10,GWENT,GREATER MANCHESTER,Slaughterhouse,0,1
Aug-10,GWENT,LANCASHIRE,Slaughterhouse,24,6
Aug-10,GWENT,LINCOLNSHIRE,Slaughterhouse,0,12
Aug-10,GWENT,MID GLAMORGAN,Slaughterhouse,380,0
Aug-10,GWENT,OXFORDSHIRE,Slaughterhouse,0,5
Aug-10,GWENT,POWYS,Slaughterhouse,8,0
Aug-10,GWENT,SHROPSHIRE,Slaughterhouse,116,0
Aug-10,GWENT,SOMERSET,Slaughterhouse,103,14
Aug-10,GWENT,SOUTH YORKSHIRE,Slaughterhouse,13,0
Aug-10,GWENT,WEST GLAMORGAN,Slaughterhouse,20,0
Aug-10,GWENT,WILTSHIRE,Slaughterhouse,5,1
Aug-10,GWENT,,Slaughterhouse,7,3
Aug-10,GWYNEDD,AVON,Slaughterhouse,0,12
Aug-10,GWYNEDD,BEDFORDSHIRE,Slaughterhouse,24,16
Aug-10,GWYNEDD,CHESHIRE,Slaughterhouse,3,7
Aug-10,GWYNEDD,CLEVELAND,Slaughterhouse,1,0
Aug-10,GWYNEDD,CLWYD,Slaughterhouse,67,13
Aug-10,GWYNEDD,CUMBRIA,Slaughterhouse,10,7
Aug-10,GWYNEDD,DERBYSHIRE,Slaughterhouse,27,8
Aug-10,GWYNEDD,DEVON,Slaughterhouse,0,7
Aug-10,GWYNEDD,DYFED,Slaughterhouse,3,0
Aug-10,GWYNEDD,GRAMPIAN,Slaughterhouse,1,0
Aug-10,GWYNEDD,GREATER MANCHESTER,Slaughterhouse,113,114
Aug-10,GWYNEDD,GWYNEDD,Slaughterhouse,183,115
Aug-10,GWYNEDD,HUMBERSIDE,Slaughterhouse,160,20
Aug-10,GWYNEDD,LANCASHIRE,Slaughterhouse,"1,104",29
Aug-10,GWYNEDD,LINCOLNSHIRE,Slaughterhouse,103,0
Aug-10,GWYNEDD,MID GLAMORGAN,Slaughterhouse,86,0
Aug-10,GWYNEDD,POWYS,Slaughterhouse,19,0
Aug-10,GWYNEDD,SHROPSHIRE,Slaughterhouse,431,5
Aug-10,GWYNEDD,SOMERSET,Slaughterhouse,1,0
Aug-10,GWYNEDD,SOUTH YORKSHIRE,Slaughterhouse,17,23
Aug-10,GWYNEDD,STAFFORDSHIRE,Slaughterhouse,6,4
Aug-10,GWYNEDD,STRATHCLYDE,Slaughterhouse,17,1
Aug-10,GWYNEDD,WEST YORKSHIRE,Slaughterhouse,39,11
Aug-10,GWYNEDD,,Slaughterhouse,187,170
Aug-10,HAMPSHIRE,AVON,Slaughterhouse,203,9
Aug-10,HAMPSHIRE,BEDFORDSHIRE,Slaughterhouse,21,0
Aug-10,HAMPSHIRE,DEVON,Slaughterhouse,4,34
Aug-10,HAMPSHIRE,DORSET,Slaughterhouse,13,0
Aug-10,HAMPSHIRE,DURHAM,Slaughterhouse,1,0
Aug-10,HAMPSHIRE,GLOUCESTERSHIRE,Slaughterhouse,1,6
Aug-10,HAMPSHIRE,HAMPSHIRE,Slaughterhouse,214,0
Aug-10,HAMPSHIRE,KENT,Slaughterhouse,11,9
Aug-10,HAMPSHIRE,LINCOLNSHIRE,Slaughterhouse,51,0
Aug-10,HAMPSHIRE,MID GLAMORGAN,Slaughterhouse,202,0
Aug-10,HAMPSHIRE,OXFORDSHIRE,Slaughterhouse,1,0
Aug-10,HAMPSHIRE,SOMERSET,Slaughterhouse,156,17
Aug-10,HAMPSHIRE,SOUTH YORKSHIRE,Slaughterhouse,1,0
Aug-10,HAMPSHIRE,SURREY,Slaughterhouse,200,0
Aug-10,HAMPSHIRE,WEST SUSSEX,Slaughterhouse,1,0
Aug-10,HAMPSHIRE,WILTSHIRE,Slaughterhouse,76,0
Aug-10,HAMPSHIRE,,Slaughterhouse,50,15
Aug-10,HEREFORD & WORCESTER,AVON,Slaughterhouse,350,152
Aug-10,HEREFORD & WORCESTER,BEDFORDSHIRE,Slaughterhouse,175,76
Aug-10,HEREFORD & WORCESTER,CENTRAL,Slaughterhouse,230,1
Aug-10,HEREFORD & WORCESTER,CHESHIRE,Slaughterhouse,6,41
Aug-10,HEREFORD & WORCESTER,CUMBRIA,Slaughterhouse,0,7
Aug-10,HEREFORD & WORCESTER,DERBYSHIRE,Slaughterhouse,0,2
Aug-10,HEREFORD & WORCESTER,DEVON,Slaughterhouse,36,175
Aug-10,HEREFORD & WORCESTER,DURHAM,Slaughterhouse,0,41
Aug-10,HEREFORD & WORCESTER,DYFED,Slaughterhouse,23,18
Aug-10,HEREFORD & WORCESTER,GLOUCESTERSHIRE,Slaughterhouse,121,26
Aug-10,HEREFORD & WORCESTER,GRAMPIAN,Slaughterhouse,0,57
Aug-10,HEREFORD & WORCESTER,GREATER MANCHESTER,Slaughterhouse,2,194
Aug-10,HEREFORD & WORCESTER,HAMPSHIRE,Slaughterhouse,0,37
Aug-10,HEREFORD & WORCESTER,HEREFORD & WORCESTER,Slaughterhouse,110,2
Aug-10,HEREFORD & WORCESTER,LANCASHIRE,Slaughterhouse,233,34
Aug-10,HEREFORD & WORCESTER,LEICESTERSHIRE,Slaughterhouse,0,1
Aug-10,HEREFORD & WORCESTER,LINCOLNSHIRE,Slaughterhouse,323,72
Aug-10,HEREFORD & WORCESTER,MID GLAMORGAN,Slaughterhouse,843,0
Aug-10,HEREFORD & WORCESTER,NORFOLK,Slaughterhouse,6,11
Aug-10,HEREFORD & WORCESTER,OXFORDSHIRE,Slaughterhouse,165,163
Aug-10,HEREFORD & WORCESTER,POWYS,Slaughterhouse,16,0
Aug-10,HEREFORD & WORCESTER,SHROPSHIRE,Slaughterhouse,"1,157",77
Aug-10,HEREFORD & WORCESTER,SOMERSET,Slaughterhouse,173,62
Aug-10,HEREFORD & WORCESTER,SOUTH YORKSHIRE,Slaughterhouse,33,13
Aug-10,HEREFORD & WORCESTER,STAFFORDSHIRE,Slaughterhouse,135,181
Aug-10,HEREFORD & WORCESTER,STRATHCLYDE,Slaughterhouse,2,28
Aug-10,HEREFORD & WORCESTER,SURREY,Slaughterhouse,39,0
Aug-10,HEREFORD & WORCESTER,WARWICKSHIRE,Slaughterhouse,37,36
Aug-10,HEREFORD & WORCESTER,WEST GLAMORGAN,Slaughterhouse,0,2
Aug-10,HEREFORD & WORCESTER,WEST MIDLANDS,Slaughterhouse,28,1
Aug-10,HEREFORD & WORCESTER,WEST YORKSHIRE,Slaughterhouse,0,2
Aug-10,HEREFORD & WORCESTER,WILTSHIRE,Slaughterhouse,39,37
Aug-10,HEREFORD & WORCESTER,,Slaughterhouse,403,122
Aug-10,HERTFORDSHIRE,BEDFORDSHIRE,Slaughterhouse,36,1
Aug-10,HERTFORDSHIRE,CAMBRIDGESHIRE,Slaughterhouse,5,0
Aug-10,HERTFORDSHIRE,DEVON,Slaughterhouse,0,3
Aug-10,HERTFORDSHIRE,ESSEX,Slaughterhouse,21,3
Aug-10,HERTFORDSHIRE,GLOUCESTERSHIRE,Slaughterhouse,25,0
Aug-10,HERTFORDSHIRE,GREATER MANCHESTER,Slaughterhouse,0,1
Aug-10,HERTFORDSHIRE,HAMPSHIRE,Slaughterhouse,0,5
Aug-10,HERTFORDSHIRE,KENT,Slaughterhouse,0,1
Aug-10,HERTFORDSHIRE,MID GLAMORGAN,Slaughterhouse,21,6
Aug-10,HERTFORDSHIRE,NORFOLK,Slaughterhouse,8,0
Aug-10,HERTFORDSHIRE,NORTH YORKSHIRE,Slaughterhouse,0,2
Aug-10,HERTFORDSHIRE,NOTTINGHAMSHIRE,Slaughterhouse,0,3
Aug-10,HERTFORDSHIRE,OXFORDSHIRE,Slaughterhouse,12,2
Aug-10,HERTFORDSHIRE,SOUTH YORKSHIRE,Slaughterhouse,1,13
Aug-10,HERTFORDSHIRE,SURREY,Slaughterhouse,3,0
Aug-10,HERTFORDSHIRE,,Slaughterhouse,0,1
Aug-10,HIGHLAND,CENTRAL,Slaughterhouse,22,0
Aug-10,HIGHLAND,CUMBRIA,Slaughterhouse,5,13
Aug-10,HIGHLAND,DERBYSHIRE,Slaughterhouse,1,0
Aug-10,HIGHLAND,GRAMPIAN,Slaughterhouse,287,70
Aug-10,HIGHLAND,HIGHLAND,Slaughterhouse,514,211
Aug-10,HIGHLAND,SOMERSET,Slaughterhouse,1,0
Aug-10,HIGHLAND,STRATHCLYDE,Slaughterhouse,116,15
Aug-10,HIGHLAND,TAYSIDE,Slaughterhouse,279,5
Aug-10,HIGHLAND,,Slaughterhouse,14,5
Aug-10,HUMBERSIDE,CLEVELAND,Slaughterhouse,0,96
Aug-10,HUMBERSIDE,CORNWALL,Slaughterhouse,1,0
Aug-10,HUMBERSIDE,CUMBRIA,Slaughterhouse,0,4
Aug-10,HUMBERSIDE,DERBYSHIRE,Slaughterhouse,1,1
Aug-10,HUMBERSIDE,DEVON,Slaughterhouse,1,1
Aug-10,HUMBERSIDE,DURHAM,Slaughterhouse,0,20
Aug-10,HUMBERSIDE,GRAMPIAN,Slaughterhouse,0,6
Aug-10,HUMBERSIDE,GREATER MANCHESTER,Slaughterhouse,0,201
Aug-10,HUMBERSIDE,HIGHLAND,Slaughterhouse,0,1
Aug-10,HUMBERSIDE,HUMBERSIDE,Slaughterhouse,380,17
Aug-10,HUMBERSIDE,LANCASHIRE,Slaughterhouse,139,3
Aug-10,HUMBERSIDE,LINCOLNSHIRE,Slaughterhouse,176,32
Aug-10,HUMBERSIDE,NORTH YORKSHIRE,Slaughterhouse,113,172
Aug-10,HUMBERSIDE,NOTTINGHAMSHIRE,Slaughterhouse,0,2
Aug-10,HUMBERSIDE,SHROPSHIRE,Slaughterhouse,0,1
Aug-10,HUMBERSIDE,SOUTH YORKSHIRE,Slaughterhouse,40,38
Aug-10,HUMBERSIDE,WEST YORKSHIRE,Slaughterhouse,110,320
Aug-10,HUMBERSIDE,,Slaughterhouse,73,59
Aug-10,ISLE OF WIGHT,AVON,Slaughterhouse,14,2
Aug-10,ISLE OF WIGHT,BEDFORDSHIRE,Slaughterhouse,16,0
Aug-10,ISLE OF WIGHT,DEVON,Slaughterhouse,0,3
Aug-10,ISLE OF WIGHT,GLOUCESTERSHIRE,Slaughterhouse,0,2
Aug-10,ISLE OF WIGHT,HAMPSHIRE,Slaughterhouse,65,0
Aug-10,ISLE OF WIGHT,KENT,Slaughterhouse,0,1
Aug-10,ISLE OF WIGHT,OXFORDSHIRE,Slaughterhouse,0,2
Aug-10,ISLE OF WIGHT,SHROPSHIRE,Slaughterhouse,0,2
Aug-10,ISLE OF WIGHT,SOMERSET,Slaughterhouse,74,6
Aug-10,ISLE OF WIGHT,WILTSHIRE,Slaughterhouse,0,0
Aug-10,ISLE OF WIGHT,,Slaughterhouse,15,3
Aug-10,KENT,BEDFORDSHIRE,Slaughterhouse,29,3
Aug-10,KENT,DEVON,Slaughterhouse,87,50
Aug-10,KENT,EAST SUSSEX,Slaughterhouse,92,44
Aug-10,KENT,ESSEX,Slaughterhouse,6,5
Aug-10,KENT,GREATER LONDON,Slaughterhouse,23,13
Aug-10,KENT,HAMPSHIRE,Slaughterhouse,180,68
Aug-10,KENT,HUMBERSIDE,Slaughterhouse,50,24
Aug-10,KENT,KENT,Slaughterhouse,261,70
Aug-10,KENT,NORFOLK,Slaughterhouse,31,19
Aug-10,KENT,SOMERSET,Slaughterhouse,58,30
Aug-10,KENT,SURREY,Slaughterhouse,115,0
Aug-10,KENT,,Slaughterhouse,12,2
Aug-10,LANCASHIRE,AVON,Slaughterhouse,0,1
Aug-10,LANCASHIRE,BEDFORDSHIRE,Slaughterhouse,33,19
Aug-10,LANCASHIRE,CENTRAL,Slaughterhouse,34,0
Aug-10,LANCASHIRE,CHESHIRE,Slaughterhouse,22,4
Aug-10,LANCASHIRE,CLEVELAND,Slaughterhouse,60,29
Aug-10,LANCASHIRE,CUMBRIA,Slaughterhouse,130,4
Aug-10,LANCASHIRE,DEVON,Slaughterhouse,118,98
Aug-10,LANCASHIRE,DURHAM,Slaughterhouse,0,1
Aug-10,LANCASHIRE,GREATER MANCHESTER,Slaughterhouse,515,275
Aug-10,LANCASHIRE,HAMPSHIRE,Slaughterhouse,0,0
Aug-10,LANCASHIRE,HUMBERSIDE,Slaughterhouse,15,24
Aug-10,LANCASHIRE,LANCASHIRE,Slaughterhouse,"2,492",291
Aug-10,LANCASHIRE,LEICESTERSHIRE,Slaughterhouse,1,0
Aug-10,LANCASHIRE,MERSEYSIDE,Slaughterhouse,17,0
Aug-10,LANCASHIRE,NORFOLK,Slaughterhouse,1,0
Aug-10,LANCASHIRE,NORTH YORKSHIRE,Slaughterhouse,191,2
Aug-10,LANCASHIRE,SHROPSHIRE,Slaughterhouse,54,4
Aug-10,LANCASHIRE,SOMERSET,Slaughterhouse,1,0
Aug-10,LANCASHIRE,SOUTH YORKSHIRE,Slaughterhouse,23,0
Aug-10,LANCASHIRE,STAFFORDSHIRE,Slaughterhouse,22,12
Aug-10,LANCASHIRE,STRATHCLYDE,Slaughterhouse,77,53
Aug-10,LANCASHIRE,TAYSIDE,Slaughterhouse,13,0
Aug-10,LANCASHIRE,TYNE & WEAR,Slaughterhouse,6,0
Aug-10,LANCASHIRE,WEST YORKSHIRE,Slaughterhouse,134,113
Aug-10,LANCASHIRE,WILTSHIRE,Slaughterhouse,11,0
Aug-10,LANCASHIRE,,Slaughterhouse,364,146
Aug-10,LEICESTERSHIRE,AVON,Slaughterhouse,0,2
Aug-10,LEICESTERSHIRE,BEDFORDSHIRE,Slaughterhouse,325,21
Aug-10,LEICESTERSHIRE,CENTRAL,Slaughterhouse,20,10
Aug-10,LEICESTERSHIRE,CLEVELAND,Slaughterhouse,0,3
Aug-10,LEICESTERSHIRE,DERBYSHIRE,Slaughterhouse,126,37
Aug-10,LEICESTERSHIRE,DEVON,Slaughterhouse,0,6
Aug-10,LEICESTERSHIRE,GLOUCESTERSHIRE,Slaughterhouse,0,3
Aug-10,LEICESTERSHIRE,GRAMPIAN,Slaughterhouse,0,8
Aug-10,LEICESTERSHIRE,GREATER MANCHESTER,Slaughterhouse,18,34
Aug-10,LEICESTERSHIRE,HEREFORD & WORCESTER,Slaughterhouse,0,1
Aug-10,LEICESTERSHIRE,HIGHLAND,Slaughterhouse,0,2
Aug-10,LEICESTERSHIRE,HUMBERSIDE,Slaughterhouse,0,0
Aug-10,LEICESTERSHIRE,LANCASHIRE,Slaughterhouse,137,23
Aug-10,LEICESTERSHIRE,LEICESTERSHIRE,Slaughterhouse,78,1
Aug-10,LEICESTERSHIRE,LINCOLNSHIRE,Slaughterhouse,"1,144",155
Aug-10,LEICESTERSHIRE,MID GLAMORGAN,Slaughterhouse,122,0
Aug-10,LEICESTERSHIRE,NORTH YORKSHIRE,Slaughterhouse,152,45
Aug-10,LEICESTERSHIRE,NOTTINGHAMSHIRE,Slaughterhouse,53,25
Aug-10,LEICESTERSHIRE,OXFORDSHIRE,Slaughterhouse,101,95
Aug-10,LEICESTERSHIRE,SHROPSHIRE,Slaughterhouse,54,14
Aug-10,LEICESTERSHIRE,SOUTH YORKSHIRE,Slaughterhouse,230,76
Aug-10,LEICESTERSHIRE,STAFFORDSHIRE,Slaughterhouse,54,90
Aug-10,LEICESTERSHIRE,STRATHCLYDE,Slaughterhouse,0,5
Aug-10,LEICESTERSHIRE,SURREY,Slaughterhouse,202,20
Aug-10,LEICESTERSHIRE,WARWICKSHIRE,Slaughterhouse,5,0
Aug-10,LEICESTERSHIRE,WEST MIDLANDS,Slaughterhouse,2,2
Aug-10,LEICESTERSHIRE,WEST YORKSHIRE,Slaughterhouse,0,3
Aug-10,LEICESTERSHIRE,,Slaughterhouse,398,72
Aug-10,LINCOLNSHIRE,BEDFORDSHIRE,Slaughterhouse,9,10
Aug-10,LINCOLNSHIRE,CAMBRIDGESHIRE,Slaughterhouse,13,0
Aug-10,LINCOLNSHIRE,CENTRAL,Slaughterhouse,103,0
Aug-10,LINCOLNSHIRE,CHESHIRE,Slaughterhouse,10,4
Aug-10,LINCOLNSHIRE,CUMBRIA,Slaughterhouse,0,12
Aug-10,LINCOLNSHIRE,DERBYSHIRE,Slaughterhouse,6,10
Aug-10,LINCOLNSHIRE,DEVON,Slaughterhouse,0,18
Aug-10,LINCOLNSHIRE,GRAMPIAN,Slaughterhouse,1,37
Aug-10,LINCOLNSHIRE,GREATER MANCHESTER,Slaughterhouse,0,81
Aug-10,LINCOLNSHIRE,HIGHLAND,Slaughterhouse,0,3
Aug-10,LINCOLNSHIRE,HUMBERSIDE,Slaughterhouse,188,5
Aug-10,LINCOLNSHIRE,LANCASHIRE,Slaughterhouse,64,20
Aug-10,LINCOLNSHIRE,LINCOLNSHIRE,Slaughterhouse,"1,214",183
Aug-10,LINCOLNSHIRE,MID GLAMORGAN,Slaughterhouse,247,0
Aug-10,LINCOLNSHIRE,NORFOLK,Slaughterhouse,14,7
Aug-10,LINCOLNSHIRE,NORTH YORKSHIRE,Slaughterhouse,72,11
Aug-10,LINCOLNSHIRE,NOTTINGHAMSHIRE,Slaughterhouse,7,44
Aug-10,LINCOLNSHIRE,OXFORDSHIRE,Slaughterhouse,0,12
Aug-10,LINCOLNSHIRE,SHROPSHIRE,Slaughterhouse,2,4
Aug-10,LINCOLNSHIRE,SOMERSET,Slaughterhouse,0,1
Aug-10,LINCOLNSHIRE,SOUTH YORKSHIRE,Slaughterhouse,319,69
Aug-10,LINCOLNSHIRE,STAFFORDSHIRE,Slaughterhouse,6,84
Aug-10,LINCOLNSHIRE,STRATHCLYDE,Slaughterhouse,0,24
Aug-10,LINCOLNSHIRE,WEST YORKSHIRE,Slaughterhouse,42,16
Aug-10,LINCOLNSHIRE,,Slaughterhouse,270,152
Aug-10,LOTHIAN,BORDERS,Slaughterhouse,3,39
Aug-10,LOTHIAN,CENTRAL,Slaughterhouse,436,25
Aug-10,LOTHIAN,DERBYSHIRE,Slaughterhouse,0,2
Aug-10,LOTHIAN,GRAMPIAN,Slaughterhouse,50,18
Aug-10,LOTHIAN,HIGHLAND,Slaughterhouse,0,3
Aug-10,LOTHIAN,LANCASHIRE,Slaughterhouse,0,9
Aug-10,LOTHIAN,SHROPSHIRE,Slaughterhouse,0,0
Aug-10,LOTHIAN,SOUTH YORKSHIRE,Slaughterhouse,7,0
Aug-10,LOTHIAN,STRATHCLYDE,Slaughterhouse,576,112
Aug-10,LOTHIAN,TAYSIDE,Slaughterhouse,25,44
Aug-10,LOTHIAN,TYNE & WEAR,Slaughterhouse,12,0
Aug-10,LOTHIAN,WEST YORKSHIRE,Slaughterhouse,0,3
Aug-10,LOTHIAN,,Slaughterhouse,0,13
Aug-10,MERSEYSIDE,AVON,Slaughterhouse,0,1
Aug-10,MERSEYSIDE,CHESHIRE,Slaughterhouse,7,2
Aug-10,MERSEYSIDE,CLWYD,Slaughterhouse,2,6
Aug-10,MERSEYSIDE,DERBYSHIRE,Slaughterhouse,0,1
Aug-10,MERSEYSIDE,DEVON,Slaughterhouse,0,1
Aug-10,MERSEYSIDE,GREATER MANCHESTER,Slaughterhouse,15,2
Aug-10,MERSEYSIDE,GWYNEDD,Slaughterhouse,0,4
Aug-10,MERSEYSIDE,HUMBERSIDE,Slaughterhouse,0,5
Aug-10,MERSEYSIDE,LANCASHIRE,Slaughterhouse,46,0
Aug-10,MERSEYSIDE,LINCOLNSHIRE,Slaughterhouse,44,0
Aug-10,MERSEYSIDE,SHROPSHIRE,Slaughterhouse,54,10
Aug-10,MERSEYSIDE,SOUTH YORKSHIRE,Slaughterhouse,2,6
Aug-10,MERSEYSIDE,STAFFORDSHIRE,Slaughterhouse,1,5
Aug-10,MERSEYSIDE,STRATHCLYDE,Slaughterhouse,0,3
Aug-10,MERSEYSIDE,,Slaughterhouse,32,8
Aug-10,MID GLAMORGAN,AVON,Slaughterhouse,30,10
Aug-10,MID GLAMORGAN,BEDFORDSHIRE,Slaughterhouse,0,2
Aug-10,MID GLAMORGAN,CHESHIRE,Slaughterhouse,0,1
Aug-10,MID GLAMORGAN,CORNWALL,Slaughterhouse,1,0
Aug-10,MID GLAMORGAN,DEVON,Slaughterhouse,3,9
Aug-10,MID GLAMORGAN,DURHAM,Slaughterhouse,0,1
Aug-10,MID GLAMORGAN,DYFED,Slaughterhouse,34,1
Aug-10,MID GLAMORGAN,GREATER MANCHESTER,Slaughterhouse,0,4
Aug-10,MID GLAMORGAN,LINCOLNSHIRE,Slaughterhouse,0,1
Aug-10,MID GLAMORGAN,MID GLAMORGAN,Slaughterhouse,54,0
Aug-10,MID GLAMORGAN,OXFORDSHIRE,Slaughterhouse,0,1
Aug-10,MID GLAMORGAN,POWYS,Slaughterhouse,9,0
Aug-10,MID GLAMORGAN,SHROPSHIRE,Slaughterhouse,10,2
Aug-10,MID GLAMORGAN,SOMERSET,Slaughterhouse,77,8
Aug-10,MID GLAMORGAN,WEST GLAMORGAN,Slaughterhouse,8,0
Aug-10,MID GLAMORGAN,WILTSHIRE,Slaughterhouse,0,1
Aug-10,MID GLAMORGAN,,Slaughterhouse,14,2
Aug-10,NORFOLK,BEDFORDSHIRE,Slaughterhouse,168,2
Aug-10,NORFOLK,CAMBRIDGESHIRE,Slaughterhouse,1,0
Aug-10,NORFOLK,CLEVELAND,Slaughterhouse,0,1
Aug-10,NORFOLK,DERBYSHIRE,Slaughterhouse,0,3
Aug-10,NORFOLK,DEVON,Slaughterhouse,0,4
Aug-10,NORFOLK,ESSEX,Slaughterhouse,19,9
Aug-10,NORFOLK,GRAMPIAN,Slaughterhouse,0,12
Aug-10,NORFOLK,GREATER MANCHESTER,Slaughterhouse,0,19
Aug-10,NORFOLK,HAMPSHIRE,Slaughterhouse,0,4
Aug-10,NORFOLK,HIGHLAND,Slaughterhouse,0,3
Aug-10,NORFOLK,LANCASHIRE,Slaughterhouse,62,17
Aug-10,NORFOLK,LINCOLNSHIRE,Slaughterhouse,480,15
Aug-10,NORFOLK,MID GLAMORGAN,Slaughterhouse,162,0
Aug-10,NORFOLK,NORFOLK,Slaughterhouse,880,7
Aug-10,NORFOLK,NOTTINGHAMSHIRE,Slaughterhouse,0,10
Aug-10,NORFOLK,OXFORDSHIRE,Slaughterhouse,0,3
Aug-10,NORFOLK,SHROPSHIRE,Slaughterhouse,0,2
Aug-10,NORFOLK,SOUTH YORKSHIRE,Slaughterhouse,154,17
Aug-10,NORFOLK,STAFFORDSHIRE,Slaughterhouse,0,13
Aug-10,NORFOLK,STRATHCLYDE,Slaughterhouse,0,10
Aug-10,NORFOLK,SUFFOLK,Slaughterhouse,112,0
Aug-10,NORFOLK,WEST YORKSHIRE,Slaughterhouse,0,2
Aug-10,NORFOLK,WILTSHIRE,Slaughterhouse,15,0
Aug-10,NORFOLK,,Slaughterhouse,126,23
Aug-10,NORTHAMPTONSHIRE,AVON,Slaughterhouse,5,0
Aug-10,NORTHAMPTONSHIRE,BEDFORDSHIRE,Slaughterhouse,355,3
Aug-10,NORTHAMPTONSHIRE,CAMBRIDGESHIRE,Slaughterhouse,5,0
Aug-10,NORTHAMPTONSHIRE,CENTRAL,Slaughterhouse,68,1
Aug-10,NORTHAMPTONSHIRE,DERBYSHIRE,Slaughterhouse,0,11
Aug-10,NORTHAMPTONSHIRE,GLOUCESTERSHIRE,Slaughterhouse,4,0
Aug-10,NORTHAMPTONSHIRE,GRAMPIAN,Slaughterhouse,0,4
Aug-10,NORTHAMPTONSHIRE,GREATER MANCHESTER,Slaughterhouse,0,30
Aug-10,NORTHAMPTONSHIRE,HIGHLAND,Slaughterhouse,0,1
Aug-10,NORTHAMPTONSHIRE,LANCASHIRE,Slaughterhouse,10,6
Aug-10,NORTHAMPTONSHIRE,LEICESTERSHIRE,Slaughterhouse,54,3
Aug-10,NORTHAMPTONSHIRE,LINCOLNSHIRE,Slaughterhouse,"1,224",37
Aug-10,NORTHAMPTONSHIRE,MID GLAMORGAN,Slaughterhouse,134,0
Aug-10,NORTHAMPTONSHIRE,NORTHAMPTONSHIRE,Slaughterhouse,1,0
Aug-10,NORTHAMPTONSHIRE,NORTH YORKSHIRE,Slaughterhouse,72,9
Aug-10,NORTHAMPTONSHIRE,NOTTINGHAMSHIRE,Slaughterhouse,0,15
Aug-10,NORTHAMPTONSHIRE,OXFORDSHIRE,Slaughterhouse,76,41
Aug-10,NORTHAMPTONSHIRE,SHROPSHIRE,Slaughterhouse,172,8
Aug-10,NORTHAMPTONSHIRE,SOMERSET,Slaughterhouse,4,0
Aug-10,NORTHAMPTONSHIRE,SOUTH YORKSHIRE,Slaughterhouse,31,29
Aug-10,NORTHAMPTONSHIRE,STAFFORDSHIRE,Slaughterhouse,11,43
Aug-10,NORTHAMPTONSHIRE,STRATHCLYDE,Slaughterhouse,0,2
Aug-10,NORTHAMPTONSHIRE,SURREY,Slaughterhouse,440,0
Aug-10,NORTHAMPTONSHIRE,WARWICKSHIRE,Slaughterhouse,17,0
Aug-10,NORTHAMPTONSHIRE,WEST MIDLANDS,Slaughterhouse,0,1
Aug-10,NORTHAMPTONSHIRE,WEST YORKSHIRE,Slaughterhouse,0,3
Aug-10,NORTHAMPTONSHIRE,,Slaughterhouse,100,29
Aug-10,NORTHUMBERLAND,BEDFORDSHIRE,Slaughterhouse,0,1
Aug-10,NORTHUMBERLAND,BORDERS,Slaughterhouse,7,20
Aug-10,NORTHUMBERLAND,CENTRAL,Slaughterhouse,"1,006",1
Aug-10,NORTHUMBERLAND,CLEVELAND,Slaughterhouse,5,32
Aug-10,NORTHUMBERLAND,CUMBRIA,Slaughterhouse,134,20
Aug-10,NORTHUMBERLAND,DEVON,Slaughterhouse,1,0
Aug-10,NORTHUMBERLAND,DURHAM,Slaughterhouse,282,187
Aug-10,NORTHUMBERLAND,GRAMPIAN,Slaughterhouse,7,1
Aug-10,NORTHUMBERLAND,GREATER MANCHESTER,Slaughterhouse,0,7
Aug-10,NORTHUMBERLAND,HIGHLAND,Slaughterhouse,8,15
Aug-10,NORTHUMBERLAND,HUMBERSIDE,Slaughterhouse,99,18
Aug-10,NORTHUMBERLAND,LANCASHIRE,Slaughterhouse,404,13
Aug-10,NORTHUMBERLAND,LINCOLNSHIRE,Slaughterhouse,72,0
Aug-10,NORTHUMBERLAND,MID GLAMORGAN,Slaughterhouse,89,0
Aug-10,NORTHUMBERLAND,NORTH YORKSHIRE,Slaughterhouse,51,14
Aug-10,NORTHUMBERLAND,SHROPSHIRE,Slaughterhouse,0,7
Aug-10,NORTHUMBERLAND,SOUTH YORKSHIRE,Slaughterhouse,53,0
Aug-10,NORTHUMBERLAND,STAFFORDSHIRE,Slaughterhouse,0,6
Aug-10,NORTHUMBERLAND,STRATHCLYDE,Slaughterhouse,368,13
Aug-10,NORTHUMBERLAND,TAYSIDE,Slaughterhouse,46,3
Aug-10,NORTHUMBERLAND,TYNE & WEAR,Slaughterhouse,352,36
Aug-10,NORTHUMBERLAND,WEST YORKSHIRE,Slaughterhouse,0,24
Aug-10,NORTHUMBERLAND,,Slaughterhouse,117,58
Aug-10,NORTH YORKSHIRE,AVON,Slaughterhouse,2,2
Aug-10,NORTH YORKSHIRE,BEDFORDSHIRE,Slaughterhouse,5,9
Aug-10,NORTH YORKSHIRE,CENTRAL,Slaughterhouse,362,0
Aug-10,NORTH YORKSHIRE,CHESHIRE,Slaughterhouse,46,9
Aug-10,NORTH YORKSHIRE,CLEVELAND,Slaughterhouse,884,749
Aug-10,NORTH YORKSHIRE,CUMBRIA,Slaughterhouse,53,52
Aug-10,NORTH YORKSHIRE,DERBYSHIRE,Slaughterhouse,10,0
Aug-10,NORTH YORKSHIRE,DEVON,Slaughterhouse,0,11
Aug-10,NORTH YORKSHIRE,DURHAM,Slaughterhouse,802,543
Aug-10,NORTH YORKSHIRE,GRAMPIAN,Slaughterhouse,14,17
Aug-10,NORTH YORKSHIRE,GREATER MANCHESTER,Slaughterhouse,"1,273","1,003"
Aug-10,NORTH YORKSHIRE,HIGHLAND,Slaughterhouse,35,48
Aug-10,NORTH YORKSHIRE,HUMBERSIDE,Slaughterhouse,"1,585",159
Aug-10,NORTH YORKSHIRE,LANCASHIRE,Slaughterhouse,"3,536",69
Aug-10,NORTH YORKSHIRE,LINCOLNSHIRE,Slaughterhouse,"1,106",88
Aug-10,NORTH YORKSHIRE,MID GLAMORGAN,Slaughterhouse,101,1
Aug-10,NORTH YORKSHIRE,NORFOLK,Slaughterhouse,0,1
Aug-10,NORTH YORKSHIRE,NORTH YORKSHIRE,Slaughterhouse,"1,976",333
Aug-10,NORTH YORKSHIRE,SHROPSHIRE,Slaughterhouse,537,136
Aug-10,NORTH YORKSHIRE,SOMERSET,Slaughterhouse,1,0
Aug-10,NORTH YORKSHIRE,SOUTH YORKSHIRE,Slaughterhouse,648,88
Aug-10,NORTH YORKSHIRE,STAFFORDSHIRE,Slaughterhouse,0,23
Aug-10,NORTH YORKSHIRE,STRATHCLYDE,Slaughterhouse,121,8
Aug-10,NORTH YORKSHIRE,TYNE & WEAR,Slaughterhouse,56,0
Aug-10,NORTH YORKSHIRE,WEST YORKSHIRE,Slaughterhouse,"2,017","1,233"
Aug-10,NORTH YORKSHIRE,,Slaughterhouse,691,127
Aug-10,NOTTINGHAMSHIRE,BEDFORDSHIRE,Slaughterhouse,32,8
Aug-10,NOTTINGHAMSHIRE,CAMBRIDGESHIRE,Slaughterhouse,3,0
Aug-10,NOTTINGHAMSHIRE,CENTRAL,Slaughterhouse,17,2
Aug-10,NOTTINGHAMSHIRE,CLEVELAND,Slaughterhouse,0,2
Aug-10,NOTTINGHAMSHIRE,CUMBRIA,Slaughterhouse,15,1
Aug-10,NOTTINGHAMSHIRE,DERBYSHIRE,Slaughterhouse,133,8
Aug-10,NOTTINGHAMSHIRE,DEVON,Slaughterhouse,27,3
Aug-10,NOTTINGHAMSHIRE,GRAMPIAN,Slaughterhouse,125,25
Aug-10,NOTTINGHAMSHIRE,GREATER MANCHESTER,Slaughterhouse,270,66
Aug-10,NOTTINGHAMSHIRE,HIGHLAND,Slaughterhouse,28,13
Aug-10,NOTTINGHAMSHIRE,HUMBERSIDE,Slaughterhouse,4,1
Aug-10,NOTTINGHAMSHIRE,LANCASHIRE,Slaughterhouse,150,20
Aug-10,NOTTINGHAMSHIRE,LEICESTERSHIRE,Slaughterhouse,1,0
Aug-10,NOTTINGHAMSHIRE,LINCOLNSHIRE,Slaughterhouse,932,101
Aug-10,NOTTINGHAMSHIRE,NORTH YORKSHIRE,Slaughterhouse,71,21
Aug-10,NOTTINGHAMSHIRE,NOTTINGHAMSHIRE,Slaughterhouse,225,10
Aug-10,NOTTINGHAMSHIRE,OXFORDSHIRE,Slaughterhouse,31,16
Aug-10,NOTTINGHAMSHIRE,SHROPSHIRE,Slaughterhouse,26,11
Aug-10,NOTTINGHAMSHIRE,SOUTH YORKSHIRE,Slaughterhouse,481,43
Aug-10,NOTTINGHAMSHIRE,STAFFORDSHIRE,Slaughterhouse,276,53
Aug-10,NOTTINGHAMSHIRE,STRATHCLYDE,Slaughterhouse,59,12
Aug-10,NOTTINGHAMSHIRE,SURREY,Slaughterhouse,36,0
Aug-10,NOTTINGHAMSHIRE,WEST YORKSHIRE,Slaughterhouse,39,14
Aug-10,NOTTINGHAMSHIRE,,Slaughterhouse,451,56
Aug-10,ORKNEY,CENTRAL,Slaughterhouse,127,12
Aug-10,ORKNEY,CUMBRIA,Slaughterhouse,0,15
Aug-10,ORKNEY,GRAMPIAN,Slaughterhouse,140,10
Aug-10,ORKNEY,HIGHLAND,Slaughterhouse,0,3
Aug-10,ORKNEY,ORKNEY,Slaughterhouse,320,40
Aug-10,ORKNEY,STRATHCLYDE,Slaughterhouse,0,12
Aug-10,ORKNEY,TAYSIDE,Slaughterhouse,15,5
Aug-10,OXFORDSHIRE,AVON,Slaughterhouse,30,16
Aug-10,OXFORDSHIRE,BEDFORDSHIRE,Slaughterhouse,102,24
Aug-10,OXFORDSHIRE,CENTRAL,Slaughterhouse,28,5
Aug-10,OXFORDSHIRE,CORNWALL,Slaughterhouse,8,0
Aug-10,OXFORDSHIRE,CUMBRIA,Slaughterhouse,0,1
Aug-10,OXFORDSHIRE,DERBYSHIRE,Slaughterhouse,0,2
Aug-10,OXFORDSHIRE,DEVON,Slaughterhouse,0,2
Aug-10,OXFORDSHIRE,DURHAM,Slaughterhouse,0,3
Aug-10,OXFORDSHIRE,GLOUCESTERSHIRE,Slaughterhouse,84,5
Aug-10,OXFORDSHIRE,GRAMPIAN,Slaughterhouse,0,1
Aug-10,OXFORDSHIRE,HAMPSHIRE,Slaughterhouse,42,3
Aug-10,OXFORDSHIRE,LANCASHIRE,Slaughterhouse,5,6
Aug-10,OXFORDSHIRE,LEICESTERSHIRE,Slaughterhouse,0,2
Aug-10,OXFORDSHIRE,LINCOLNSHIRE,Slaughterhouse,415,0
Aug-10,OXFORDSHIRE,MID GLAMORGAN,Slaughterhouse,208,23
Aug-10,OXFORDSHIRE,OXFORDSHIRE,Slaughterhouse,103,14
Aug-10,OXFORDSHIRE,SHROPSHIRE,Slaughterhouse,67,0
Aug-10,OXFORDSHIRE,SOMERSET,Slaughterhouse,34,0
Aug-10,OXFORDSHIRE,SOUTH YORKSHIRE,Slaughterhouse,120,16
Aug-10,OXFORDSHIRE,STAFFORDSHIRE,Slaughterhouse,2,0
Aug-10,OXFORDSHIRE,STRATHCLYDE,Slaughterhouse,0,2
Aug-10,OXFORDSHIRE,SURREY,Slaughterhouse,51,0
Aug-10,OXFORDSHIRE,WARWICKSHIRE,Slaughterhouse,9,0
Aug-10,OXFORDSHIRE,WEST YORKSHIRE,Slaughterhouse,0,8
Aug-10,OXFORDSHIRE,WILTSHIRE,Slaughterhouse,0,18
Aug-10,OXFORDSHIRE,,Slaughterhouse,115,6
Aug-10,POWYS,AVON,Slaughterhouse,5,46
Aug-10,POWYS,BEDFORDSHIRE,Slaughterhouse,79,81
Aug-10,POWYS,CHESHIRE,Slaughterhouse,49,6
Aug-10,POWYS,CLWYD,Slaughterhouse,3,19
Aug-10,POWYS,CUMBRIA,Slaughterhouse,0,2
Aug-10,POWYS,DERBYSHIRE,Slaughterhouse,6,0
Aug-10,POWYS,DEVON,Slaughterhouse,29,79
Aug-10,POWYS,DURHAM,Slaughterhouse,0,8
Aug-10,POWYS,DYFED,Slaughterhouse,62,7
Aug-10,POWYS,GLOUCESTERSHIRE,Slaughterhouse,5,1
Aug-10,POWYS,GRAMPIAN,Slaughterhouse,0,6
Aug-10,POWYS,GREATER MANCHESTER,Slaughterhouse,29,82
Aug-10,POWYS,GWYNEDD,Slaughterhouse,4,3
Aug-10,POWYS,HAMPSHIRE,Slaughterhouse,0,4
Aug-10,POWYS,HEREFORD & WORCESTER,Slaughterhouse,9,0
Aug-10,POWYS,HUMBERSIDE,Slaughterhouse,44,10
Aug-10,POWYS,LANCASHIRE,Slaughterhouse,362,11
Aug-10,POWYS,LINCOLNSHIRE,Slaughterhouse,19,21
Aug-10,POWYS,MID GLAMORGAN,Slaughterhouse,446,0
Aug-10,POWYS,NORFOLK,Slaughterhouse,0,7
Aug-10,POWYS,NORTH YORKSHIRE,Slaughterhouse,0,0
Aug-10,POWYS,OXFORDSHIRE,Slaughterhouse,1,18
Aug-10,POWYS,POWYS,Slaughterhouse,297,2
Aug-10,POWYS,SHROPSHIRE,Slaughterhouse,853,20
Aug-10,POWYS,SOMERSET,Slaughterhouse,46,2
Aug-10,POWYS,SOUTH YORKSHIRE,Slaughterhouse,1,3
Aug-10,POWYS,STAFFORDSHIRE,Slaughterhouse,15,56
Aug-10,POWYS,STRATHCLYDE,Slaughterhouse,1,7
Aug-10,POWYS,TYNE & WEAR,Slaughterhouse,8,0
Aug-10,POWYS,WARWICKSHIRE,Slaughterhouse,0,3
Aug-10,POWYS,WEST GLAMORGAN,Slaughterhouse,59,5
Aug-10,POWYS,WEST MIDLANDS,Slaughterhouse,0,1
Aug-10,POWYS,WEST YORKSHIRE,Slaughterhouse,2,3
Aug-10,POWYS,WILTSHIRE,Slaughterhouse,0,4
Aug-10,POWYS,,Slaughterhouse,245,80
Aug-10,SCILLY ISLES,CORNWALL,Slaughterhouse,8,1
Aug-10,SHETLAND,CUMBRIA,Slaughterhouse,0,5
Aug-10,SHETLAND,SHETLAND,Slaughterhouse,8,0
Aug-10,SHETLAND,STRATHCLYDE,Slaughterhouse,0,1
Aug-10,SHROPSHIRE,AVON,Slaughterhouse,302,119
Aug-10,SHROPSHIRE,BEDFORDSHIRE,Slaughterhouse,261,96
Aug-10,SHROPSHIRE,CENTRAL,Slaughterhouse,41,0
Aug-10,SHROPSHIRE,CHESHIRE,Slaughterhouse,403,68
Aug-10,SHROPSHIRE,CLWYD,Slaughterhouse,82,17
Aug-10,SHROPSHIRE,CUMBRIA,Slaughterhouse,23,0
Aug-10,SHROPSHIRE,DERBYSHIRE,Slaughterhouse,34,25
Aug-10,SHROPSHIRE,DEVON,Slaughterhouse,588,188
Aug-10,SHROPSHIRE,DURHAM,Slaughterhouse,158,52
Aug-10,SHROPSHIRE,DYFED,Slaughterhouse,58,37
Aug-10,SHROPSHIRE,GRAMPIAN,Slaughterhouse,172,61
Aug-10,SHROPSHIRE,GREATER MANCHESTER,Slaughterhouse,800,347
Aug-10,SHROPSHIRE,GWYNEDD,Slaughterhouse,0,1
Aug-10,SHROPSHIRE,HAMPSHIRE,Slaughterhouse,74,20
Aug-10,SHROPSHIRE,HEREFORD & WORCESTER,Slaughterhouse,41,1
Aug-10,SHROPSHIRE,HIGHLAND,Slaughterhouse,22,3
Aug-10,SHROPSHIRE,HUMBERSIDE,Slaughterhouse,64,19
Aug-10,SHROPSHIRE,LANCASHIRE,Slaughterhouse,620,88
Aug-10,SHROPSHIRE,LINCOLNSHIRE,Slaughterhouse,598,71
Aug-10,SHROPSHIRE,MID GLAMORGAN,Slaughterhouse,101,0
Aug-10,SHROPSHIRE,NORFOLK,Slaughterhouse,13,0
Aug-10,SHROPSHIRE,NORTH YORKSHIRE,Slaughterhouse,0,0
Aug-10,SHROPSHIRE,OXFORDSHIRE,Slaughterhouse,269,127
Aug-10,SHROPSHIRE,POWYS,Slaughterhouse,5,1
Aug-10,SHROPSHIRE,SHROPSHIRE,Slaughterhouse,"2,615",123
Aug-10,SHROPSHIRE,SOMERSET,Slaughterhouse,122,26
Aug-10,SHROPSHIRE,SOUTH YORKSHIRE,Slaughterhouse,37,5
Aug-10,SHROPSHIRE,STAFFORDSHIRE,Slaughterhouse,"1,296",559
Aug-10,SHROPSHIRE,STRATHCLYDE,Slaughterhouse,277,95
Aug-10,SHROPSHIRE,SURREY,Slaughterhouse,5,0
Aug-10,SHROPSHIRE,WARWICKSHIRE,Slaughterhouse,68,29
Aug-10,SHROPSHIRE,WEST MIDLANDS,Slaughterhouse,88,17
Aug-10,SHROPSHIRE,WEST YORKSHIRE,Slaughterhouse,99,48
Aug-10,SHROPSHIRE,WILTSHIRE,Slaughterhouse,89,51
Aug-10,SHROPSHIRE,,Slaughterhouse,847,268
Aug-10,SOMERSET,AVON,Slaughterhouse,523,99
Aug-10,SOMERSET,BEDFORDSHIRE,Slaughterhouse,101,52
Aug-10,SOMERSET,CENTRAL,Slaughterhouse,40,0
Aug-10,SOMERSET,CORNWALL,Slaughterhouse,303,94
Aug-10,SOMERSET,DEVON,Slaughterhouse,354,92
Aug-10,SOMERSET,DORSET,Slaughterhouse,89,13
Aug-10,SOMERSET,DYFED,Slaughterhouse,1,0
Aug-10,SOMERSET,GLOUCESTERSHIRE,Slaughterhouse,264,125
Aug-10,SOMERSET,KENT,Slaughterhouse,77,22
Aug-10,SOMERSET,LANCASHIRE,Slaughterhouse,32,16
Aug-10,SOMERSET,LINCOLNSHIRE,Slaughterhouse,84,0
Aug-10,SOMERSET,MID GLAMORGAN,Slaughterhouse,154,0
Aug-10,SOMERSET,OXFORDSHIRE,Slaughterhouse,122,48
Aug-10,SOMERSET,SHROPSHIRE,Slaughterhouse,132,11
Aug-10,SOMERSET,SOMERSET,Slaughterhouse,"1,967",62
Aug-10,SOMERSET,SOUTH YORKSHIRE,Slaughterhouse,129,0
Aug-10,SOMERSET,STAFFORDSHIRE,Slaughterhouse,3,0
Aug-10,SOMERSET,STRATHCLYDE,Slaughterhouse,52,0
Aug-10,SOMERSET,SURREY,Slaughterhouse,5,0
Aug-10,SOMERSET,WEST YORKSHIRE,Slaughterhouse,1,1
Aug-10,SOMERSET,WILTSHIRE,Slaughterhouse,187,9
Aug-10,SOMERSET,,Slaughterhouse,785,188
Aug-10,SOUTH GLAMORGAN,AVON,Slaughterhouse,0,13
Aug-10,SOUTH GLAMORGAN,DEVON,Slaughterhouse,2,4
Aug-10,SOUTH GLAMORGAN,DYFED,Slaughterhouse,44,1
Aug-10,SOUTH GLAMORGAN,GLOUCESTERSHIRE,Slaughterhouse,0,1
Aug-10,SOUTH GLAMORGAN,LANCASHIRE,Slaughterhouse,26,2
Aug-10,SOUTH GLAMORGAN,MID GLAMORGAN,Slaughterhouse,134,0
Aug-10,SOUTH GLAMORGAN,SHROPSHIRE,Slaughterhouse,1,0
Aug-10,SOUTH GLAMORGAN,SOMERSET,Slaughterhouse,18,3
Aug-10,SOUTH GLAMORGAN,SURREY,Slaughterhouse,3,0
Aug-10,SOUTH GLAMORGAN,WEST GLAMORGAN,Slaughterhouse,7,0
Aug-10,SOUTH GLAMORGAN,WILTSHIRE,Slaughterhouse,0,1
Aug-10,SOUTH GLAMORGAN,,Slaughterhouse,28,0
Aug-10,SOUTH YORKSHIRE,CHESHIRE,Slaughterhouse,246,0
Aug-10,SOUTH YORKSHIRE,CLEVELAND,Slaughterhouse,1,29
Aug-10,SOUTH YORKSHIRE,CUMBRIA,Slaughterhouse,0,2
Aug-10,SOUTH YORKSHIRE,DERBYSHIRE,Slaughterhouse,11,5
Aug-10,SOUTH YORKSHIRE,DEVON,Slaughterhouse,0,1
Aug-10,SOUTH YORKSHIRE,DURHAM,Slaughterhouse,0,9
Aug-10,SOUTH YORKSHIRE,GRAMPIAN,Slaughterhouse,0,1
Aug-10,SOUTH YORKSHIRE,GREATER MANCHESTER,Slaughterhouse,0,54
Aug-10,SOUTH YORKSHIRE,HUMBERSIDE,Slaughterhouse,17,1
Aug-10,SOUTH YORKSHIRE,LANCASHIRE,Slaughterhouse,33,0
Aug-10,SOUTH YORKSHIRE,LINCOLNSHIRE,Slaughterhouse,12,6
Aug-10,SOUTH YORKSHIRE,NORTH YORKSHIRE,Slaughterhouse,0,32
Aug-10,SOUTH YORKSHIRE,NOTTINGHAMSHIRE,Slaughterhouse,1,1
Aug-10,SOUTH YORKSHIRE,OXFORDSHIRE,Slaughterhouse,0,2
Aug-10,SOUTH YORKSHIRE,SOMERSET,Slaughterhouse,5,0
Aug-10,SOUTH YORKSHIRE,SOUTH YORKSHIRE,Slaughterhouse,588,22
Aug-10,SOUTH YORKSHIRE,STAFFORDSHIRE,Slaughterhouse,59,7
Aug-10,SOUTH YORKSHIRE,STRATHCLYDE,Slaughterhouse,0,1
Aug-10,SOUTH YORKSHIRE,WEST YORKSHIRE,Slaughterhouse,134,98
Aug-10,SOUTH YORKSHIRE,,Slaughterhouse,191,18
Aug-10,STAFFORDSHIRE,AVON,Slaughterhouse,16,40
Aug-10,STAFFORDSHIRE,BEDFORDSHIRE,Slaughterhouse,68,100
Aug-10,STAFFORDSHIRE,CHESHIRE,Slaughterhouse,134,36
Aug-10,STAFFORDSHIRE,CLWYD,Slaughterhouse,2,0
Aug-10,STAFFORDSHIRE,CORNWALL,Slaughterhouse,1,0
Aug-10,STAFFORDSHIRE,CUMBRIA,Slaughterhouse,13,2
Aug-10,STAFFORDSHIRE,DERBYSHIRE,Slaughterhouse,50,11
Aug-10,STAFFORDSHIRE,DEVON,Slaughterhouse,25,95
Aug-10,STAFFORDSHIRE,DURHAM,Slaughterhouse,13,36
Aug-10,STAFFORDSHIRE,DYFED,Slaughterhouse,0,14
Aug-10,STAFFORDSHIRE,GRAMPIAN,Slaughterhouse,0,17
Aug-10,STAFFORDSHIRE,GREATER MANCHESTER,Slaughterhouse,16,149
Aug-10,STAFFORDSHIRE,HAMPSHIRE,Slaughterhouse,0,2
Aug-10,STAFFORDSHIRE,HEREFORD & WORCESTER,Slaughterhouse,0,2
Aug-10,STAFFORDSHIRE,HUMBERSIDE,Slaughterhouse,0,2
Aug-10,STAFFORDSHIRE,LANCASHIRE,Slaughterhouse,382,52
Aug-10,STAFFORDSHIRE,LEICESTERSHIRE,Slaughterhouse,2,0
Aug-10,STAFFORDSHIRE,LINCOLNSHIRE,Slaughterhouse,256,12
Aug-10,STAFFORDSHIRE,MID GLAMORGAN,Slaughterhouse,131,0
Aug-10,STAFFORDSHIRE,NORFOLK,Slaughterhouse,0,1
Aug-10,STAFFORDSHIRE,OXFORDSHIRE,Slaughterhouse,2,37
Aug-10,STAFFORDSHIRE,SHROPSHIRE,Slaughterhouse,817,77
Aug-10,STAFFORDSHIRE,SOMERSET,Slaughterhouse,160,2
Aug-10,STAFFORDSHIRE,SOUTH YORKSHIRE,Slaughterhouse,118,43
Aug-10,STAFFORDSHIRE,STAFFORDSHIRE,Slaughterhouse,"1,821",317
Aug-10,STAFFORDSHIRE,STRATHCLYDE,Slaughterhouse,36,77
Aug-10,STAFFORDSHIRE,WARWICKSHIRE,Slaughterhouse,1,5
Aug-10,STAFFORDSHIRE,WEST MIDLANDS,Slaughterhouse,1,7
Aug-10,STAFFORDSHIRE,WEST YORKSHIRE,Slaughterhouse,46,56
Aug-10,STAFFORDSHIRE,WILTSHIRE,Slaughterhouse,0,18
Aug-10,STAFFORDSHIRE,,Slaughterhouse,490,124
Aug-10,STRATHCLYDE,BORDERS,Slaughterhouse,0,3
Aug-10,STRATHCLYDE,CENTRAL,Slaughterhouse,924,26
Aug-10,STRATHCLYDE,CHESHIRE,Slaughterhouse,0,1
Aug-10,STRATHCLYDE,CLEVELAND,Slaughterhouse,0,0
Aug-10,STRATHCLYDE,CUMBRIA,Slaughterhouse,164,113
Aug-10,STRATHCLYDE,DERBYSHIRE,Slaughterhouse,0,10
Aug-10,STRATHCLYDE,DUMFRIES & GALLOWAY,Slaughterhouse,4,4
Aug-10,STRATHCLYDE,GRAMPIAN,Slaughterhouse,156,20
Aug-10,STRATHCLYDE,GREATER MANCHESTER,Slaughterhouse,1,0
Aug-10,STRATHCLYDE,HIGHLAND,Slaughterhouse,54,25
Aug-10,STRATHCLYDE,LANCASHIRE,Slaughterhouse,91,113
Aug-10,STRATHCLYDE,SOUTH YORKSHIRE,Slaughterhouse,121,79
Aug-10,STRATHCLYDE,STRATHCLYDE,Slaughterhouse,"3,503",624
Aug-10,STRATHCLYDE,SURREY,Slaughterhouse,1,0
Aug-10,STRATHCLYDE,TAYSIDE,Slaughterhouse,663,103
Aug-10,STRATHCLYDE,,Slaughterhouse,509,198
Aug-10,SUFFOLK,BEDFORDSHIRE,Slaughterhouse,72,0
Aug-10,SUFFOLK,CENTRAL,Slaughterhouse,36,0
Aug-10,SUFFOLK,ESSEX,Slaughterhouse,52,108
Aug-10,SUFFOLK,HAMPSHIRE,Slaughterhouse,0,33
Aug-10,SUFFOLK,LANCASHIRE,Slaughterhouse,6,1
Aug-10,SUFFOLK,LINCOLNSHIRE,Slaughterhouse,432,1
Aug-10,SUFFOLK,MID GLAMORGAN,Slaughterhouse,68,0
Aug-10,SUFFOLK,NORFOLK,Slaughterhouse,159,67
Aug-10,SUFFOLK,NORTH YORKSHIRE,Slaughterhouse,0,7
Aug-10,SUFFOLK,SOMERSET,Slaughterhouse,96,0
Aug-10,SUFFOLK,SOUTH YORKSHIRE,Slaughterhouse,29,2
Aug-10,SUFFOLK,STAFFORDSHIRE,Slaughterhouse,12,0
Aug-10,SUFFOLK,STRATHCLYDE,Slaughterhouse,0,1
Aug-10,SUFFOLK,SUFFOLK,Slaughterhouse,163,2
Aug-10,SUFFOLK,,Slaughterhouse,244,1
Aug-10,SURREY,BEDFORDSHIRE,Slaughterhouse,2,0
Aug-10,SURREY,DEVON,Slaughterhouse,0,4
Aug-10,SURREY,EAST SUSSEX,Slaughterhouse,4,6
Aug-10,SURREY,HAMPSHIRE,Slaughterhouse,27,16
Aug-10,SURREY,HUMBERSIDE,Slaughterhouse,0,2
Aug-10,SURREY,KENT,Slaughterhouse,7,7
Aug-10,SURREY,NORFOLK,Slaughterhouse,0,3
Aug-10,SURREY,OXFORDSHIRE,Slaughterhouse,2,0
Aug-10,SURREY,SOMERSET,Slaughterhouse,11,6
Aug-10,SURREY,SOUTH YORKSHIRE,Slaughterhouse,0,6
Aug-10,SURREY,SURREY,Slaughterhouse,180,0
Aug-10,SURREY,WEST SUSSEX,Slaughterhouse,7,0
Aug-10,SURREY,,Slaughterhouse,5,0
Aug-10,TAYSIDE,BORDERS,Slaughterhouse,1,0
Aug-10,TAYSIDE,CENTRAL,Slaughterhouse,788,19
Aug-10,TAYSIDE,CHESHIRE,Slaughterhouse,9,0
Aug-10,TAYSIDE,CUMBRIA,Slaughterhouse,0,5
Aug-10,TAYSIDE,DERBYSHIRE,Slaughterhouse,0,5
Aug-10,TAYSIDE,FIFE,Slaughterhouse,182,58
Aug-10,TAYSIDE,GRAMPIAN,Slaughterhouse,604,16
Aug-10,TAYSIDE,HIGHLAND,Slaughterhouse,10,2
Aug-10,TAYSIDE,LANCASHIRE,Slaughterhouse,13,7
Aug-10,TAYSIDE,SHROPSHIRE,Slaughterhouse,1,0
Aug-10,TAYSIDE,STRATHCLYDE,Slaughterhouse,358,124
Aug-10,TAYSIDE,TAYSIDE,Slaughterhouse,"1,114",19
Aug-10,TAYSIDE,,Slaughterhouse,112,53
Aug-10,TYNE & WEAR,CENTRAL,Slaughterhouse,136,0
Aug-10,TYNE & WEAR,CLEVELAND,Slaughterhouse,0,12
Aug-10,TYNE & WEAR,CUMBRIA,Slaughterhouse,0,3
Aug-10,TYNE & WEAR,DURHAM,Slaughterhouse,4,5
Aug-10,TYNE & WEAR,HUMBERSIDE,Slaughterhouse,0,1
Aug-10,TYNE & WEAR,LANCASHIRE,Slaughterhouse,7,0
Aug-10,TYNE & WEAR,LINCOLNSHIRE,Slaughterhouse,0,1
Aug-10,TYNE & WEAR,NORTH YORKSHIRE,Slaughterhouse,19,4
Aug-10,TYNE & WEAR,SOUTH YORKSHIRE,Slaughterhouse,22,0
Aug-10,TYNE & WEAR,STAFFORDSHIRE,Slaughterhouse,0,1
Aug-10,TYNE & WEAR,TYNE & WEAR,Slaughterhouse,45,0
Aug-10,TYNE & WEAR,WEST YORKSHIRE,Slaughterhouse,0,2
Aug-10,WARWICKSHIRE,AVON,Slaughterhouse,1,14
Aug-10,WARWICKSHIRE,BEDFORDSHIRE,Slaughterhouse,76,10
Aug-10,WARWICKSHIRE,DERBYSHIRE,Slaughterhouse,1,5
Aug-10,WARWICKSHIRE,DEVON,Slaughterhouse,0,2
Aug-10,WARWICKSHIRE,DURHAM,Slaughterhouse,0,1
Aug-10,WARWICKSHIRE,GLOUCESTERSHIRE,Slaughterhouse,8,1
Aug-10,WARWICKSHIRE,GRAMPIAN,Slaughterhouse,0,22
Aug-10,WARWICKSHIRE,GREATER MANCHESTER,Slaughterhouse,2,6
Aug-10,WARWICKSHIRE,HAMPSHIRE,Slaughterhouse,1,0
Aug-10,WARWICKSHIRE,HEREFORD & WORCESTER,Slaughterhouse,7,2
Aug-10,WARWICKSHIRE,HIGHLAND,Slaughterhouse,0,4
Aug-10,WARWICKSHIRE,LANCASHIRE,Slaughterhouse,49,10
Aug-10,WARWICKSHIRE,LEICESTERSHIRE,Slaughterhouse,57,15
Aug-10,WARWICKSHIRE,LINCOLNSHIRE,Slaughterhouse,406,44
Aug-10,WARWICKSHIRE,MID GLAMORGAN,Slaughterhouse,267,0
Aug-10,WARWICKSHIRE,NORTH YORKSHIRE,Slaughterhouse,70,13
Aug-10,WARWICKSHIRE,NOTTINGHAMSHIRE,Slaughterhouse,0,16
Aug-10,WARWICKSHIRE,OXFORDSHIRE,Slaughterhouse,76,47
Aug-10,WARWICKSHIRE,SHROPSHIRE,Slaughterhouse,143,9
Aug-10,WARWICKSHIRE,SOMERSET,Slaughterhouse,31,0
Aug-10,WARWICKSHIRE,SOUTH YORKSHIRE,Slaughterhouse,12,8
Aug-10,WARWICKSHIRE,STAFFORDSHIRE,Slaughterhouse,97,26
Aug-10,WARWICKSHIRE,STRATHCLYDE,Slaughterhouse,0,1
Aug-10,WARWICKSHIRE,SURREY,Slaughterhouse,49,2
Aug-10,WARWICKSHIRE,WARWICKSHIRE,Slaughterhouse,65,5
Aug-10,WARWICKSHIRE,WEST MIDLANDS,Slaughterhouse,13,0
Aug-10,WARWICKSHIRE,WEST YORKSHIRE,Slaughterhouse,0,4
Aug-10,WARWICKSHIRE,WILTSHIRE,Slaughterhouse,0,6
Aug-10,WARWICKSHIRE,,Slaughterhouse,156,52
Aug-10,WESTERN ISLES,STRATHCLYDE,Slaughterhouse,1,0
Aug-10,WESTERN ISLES,WESTERN ISLES,Slaughterhouse,3,0
Aug-10,WESTERN ISLES,,Slaughterhouse,8,0
Aug-10,WEST GLAMORGAN,AVON,Slaughterhouse,0,7
Aug-10,WEST GLAMORGAN,BEDFORDSHIRE,Slaughterhouse,0,9
Aug-10,WEST GLAMORGAN,DEVON,Slaughterhouse,0,6
Aug-10,WEST GLAMORGAN,DYFED,Slaughterhouse,37,6
Aug-10,WEST GLAMORGAN,GLOUCESTERSHIRE,Slaughterhouse,1,0
Aug-10,WEST GLAMORGAN,GREATER MANCHESTER,Slaughterhouse,0,1
Aug-10,WEST GLAMORGAN,HAMPSHIRE,Slaughterhouse,0,3
Aug-10,WEST GLAMORGAN,LANCASHIRE,Slaughterhouse,3,0
Aug-10,WEST GLAMORGAN,MID GLAMORGAN,Slaughterhouse,58,0
Aug-10,WEST GLAMORGAN,OXFORDSHIRE,Slaughterhouse,0,6
Aug-10,WEST GLAMORGAN,SOUTH YORKSHIRE,Slaughterhouse,14,0
Aug-10,WEST GLAMORGAN,WEST GLAMORGAN,Slaughterhouse,22,0
Aug-10,WEST GLAMORGAN,WILTSHIRE,Slaughterhouse,4,0
Aug-10,WEST GLAMORGAN,,Slaughterhouse,30,4
Aug-10,WEST MIDLANDS,AVON,Slaughterhouse,0,1
Aug-10,WEST MIDLANDS,BEDFORDSHIRE,Slaughterhouse,2,2
Aug-10,WEST MIDLANDS,LEICESTERSHIRE,Slaughterhouse,2,0
Aug-10,WEST MIDLANDS,LINCOLNSHIRE,Slaughterhouse,6,6
Aug-10,WEST MIDLANDS,MID GLAMORGAN,Slaughterhouse,10,0
Aug-10,WEST MIDLANDS,NORTH YORKSHIRE,Slaughterhouse,0,3
Aug-10,WEST MIDLANDS,OXFORDSHIRE,Slaughterhouse,0,12
Aug-10,WEST MIDLANDS,SHROPSHIRE,Slaughterhouse,0,1
Aug-10,WEST MIDLANDS,SOUTH YORKSHIRE,Slaughterhouse,4,0
Aug-10,WEST MIDLANDS,STAFFORDSHIRE,Slaughterhouse,7,4
Aug-10,WEST MIDLANDS,WARWICKSHIRE,Slaughterhouse,0,1
Aug-10,WEST MIDLANDS,,Slaughterhouse,26,1
Aug-10,WEST SUSSEX,AVON,Slaughterhouse,62,1
Aug-10,WEST SUSSEX,BEDFORDSHIRE,Slaughterhouse,55,3
Aug-10,WEST SUSSEX,CENTRAL,Slaughterhouse,45,4
Aug-10,WEST SUSSEX,DERBYSHIRE,Slaughterhouse,2,0
Aug-10,WEST SUSSEX,DEVON,Slaughterhouse,0,6
Aug-10,WEST SUSSEX,EAST SUSSEX,Slaughterhouse,9,5
Aug-10,WEST SUSSEX,GREATER LONDON,Slaughterhouse,9,1
Aug-10,WEST SUSSEX,HAMPSHIRE,Slaughterhouse,44,10
Aug-10,WEST SUSSEX,HUMBERSIDE,Slaughterhouse,0,3
Aug-10,WEST SUSSEX,KENT,Slaughterhouse,15,3
Aug-10,WEST SUSSEX,LINCOLNSHIRE,Slaughterhouse,174,0
Aug-10,WEST SUSSEX,NORFOLK,Slaughterhouse,0,1
Aug-10,WEST SUSSEX,SOMERSET,Slaughterhouse,386,11
Aug-10,WEST SUSSEX,SURREY,Slaughterhouse,233,0
Aug-10,WEST SUSSEX,WEST SUSSEX,Slaughterhouse,59,0
Aug-10,WEST SUSSEX,,Slaughterhouse,27,0
Aug-10,WEST YORKSHIRE,BEDFORDSHIRE,Slaughterhouse,0,2
Aug-10,WEST YORKSHIRE,CHESHIRE,Slaughterhouse,0,2
Aug-10,WEST YORKSHIRE,CLEVELAND,Slaughterhouse,0,32
Aug-10,WEST YORKSHIRE,CUMBRIA,Slaughterhouse,0,2
Aug-10,WEST YORKSHIRE,DEVON,Slaughterhouse,0,5
Aug-10,WEST YORKSHIRE,DURHAM,Slaughterhouse,91,43
Aug-10,WEST YORKSHIRE,GREATER MANCHESTER,Slaughterhouse,62,105
Aug-10,WEST YORKSHIRE,HUMBERSIDE,Slaughterhouse,39,11
Aug-10,WEST YORKSHIRE,LANCASHIRE,Slaughterhouse,242,14
Aug-10,WEST YORKSHIRE,LINCOLNSHIRE,Slaughterhouse,3,12
Aug-10,WEST YORKSHIRE,MID GLAMORGAN,Slaughterhouse,1,0
Aug-10,WEST YORKSHIRE,NORTH YORKSHIRE,Slaughterhouse,41,51
Aug-10,WEST YORKSHIRE,SHROPSHIRE,Slaughterhouse,0,1
Aug-10,WEST YORKSHIRE,SOUTH YORKSHIRE,Slaughterhouse,302,26
Aug-10,WEST YORKSHIRE,STAFFORDSHIRE,Slaughterhouse,3,6
Aug-10,WEST YORKSHIRE,STRATHCLYDE,Slaughterhouse,0,3
Aug-10,WEST YORKSHIRE,TYNE & WEAR,Slaughterhouse,33,0
Aug-10,WEST YORKSHIRE,WEST YORKSHIRE,Slaughterhouse,620,178
Aug-10,WEST YORKSHIRE,,Slaughterhouse,49,8
Aug-10,WILTSHIRE,AVON,Slaughterhouse,494,18
Aug-10,WILTSHIRE,BEDFORDSHIRE,Slaughterhouse,65,0
Aug-10,WILTSHIRE,CORNWALL,Slaughterhouse,9,0
Aug-10,WILTSHIRE,DEVON,Slaughterhouse,105,17
Aug-10,WILTSHIRE,DORSET,Slaughterhouse,13,0
Aug-10,WILTSHIRE,DYFED,Slaughterhouse,0,2
Aug-10,WILTSHIRE,GLOUCESTERSHIRE,Slaughterhouse,12,33
Aug-10,WILTSHIRE,HAMPSHIRE,Slaughterhouse,8,0
Aug-10,WILTSHIRE,KENT,Slaughterhouse,1,4
Aug-10,WILTSHIRE,LANCASHIRE,Slaughterhouse,2,0
Aug-10,WILTSHIRE,LINCOLNSHIRE,Slaughterhouse,99,0
Aug-10,WILTSHIRE,MID GLAMORGAN,Slaughterhouse,184,0
Aug-10,WILTSHIRE,OXFORDSHIRE,Slaughterhouse,28,16
Aug-10,WILTSHIRE,SHROPSHIRE,Slaughterhouse,27,6
Aug-10,WILTSHIRE,SOMERSET,Slaughterhouse,783,15
Aug-10,WILTSHIRE,SOUTH YORKSHIRE,Slaughterhouse,21,0
Aug-10,WILTSHIRE,STAFFORDSHIRE,Slaughterhouse,5,0
Aug-10,WILTSHIRE,STRATHCLYDE,Slaughterhouse,5,0
Aug-10,WILTSHIRE,SURREY,Slaughterhouse,38,0
Aug-10,WILTSHIRE,WEST GLAMORGAN,Slaughterhouse,1,0
Aug-10,WILTSHIRE,WILTSHIRE,Slaughterhouse,206,19
Aug-10,WILTSHIRE,,Slaughterhouse,231,31
Aug-10,0,AVON,Slaughterhouse,0,1
Aug-10,0,BEDFORDSHIRE,Slaughterhouse,2,0
Aug-10,0,CENTRAL,Slaughterhouse,22,0
Aug-10,0,CLEVELAND,Slaughterhouse,9,0
Aug-10,0,CORNWALL,Slaughterhouse,1,0
Aug-10,0,CUMBRIA,Slaughterhouse,1,2
Aug-10,0,LANCASHIRE,Slaughterhouse,0,2
Aug-10,0,LINCOLNSHIRE,Slaughterhouse,54,0
Aug-10,0,SHROPSHIRE,Slaughterhouse,0,3
Aug-10,0,SOUTH YORKSHIRE,Slaughterhouse,0,2
Aug-10,0,STRATHCLYDE,Slaughterhouse,48,1
Sep-10,AVON,AVON,Slaughterhouse,670,26
Sep-10,AVON,BEDFORDSHIRE,Slaughterhouse,48,13
Sep-10,AVON,CENTRAL,Slaughterhouse,0,0
Sep-10,AVON,CORNWALL,Slaughterhouse,11,19
Sep-10,AVON,DEVON,Slaughterhouse,0,21
Sep-10,AVON,GLOUCESTERSHIRE,Slaughterhouse,24,52
Sep-10,AVON,HUMBERSIDE,Slaughterhouse,18,0
Sep-10,AVON,KENT,Slaughterhouse,0,9
Sep-10,AVON,LANCASHIRE,Slaughterhouse,21,7
Sep-10,AVON,LINCOLNSHIRE,Slaughterhouse,53,7
Sep-10,AVON,MID GLAMORGAN,Slaughterhouse,227,0
Sep-10,AVON,OXFORDSHIRE,Slaughterhouse,74,19
Sep-10,AVON,SHROPSHIRE,Slaughterhouse,67,1
Sep-10,AVON,SOMERSET,Slaughterhouse,105,37
Sep-10,AVON,WILTSHIRE,Slaughterhouse,976,6
Sep-10,AVON,,Slaughterhouse,19,37
Sep-10,BEDFORDSHIRE,BEDFORDSHIRE,Slaughterhouse,280,0
Sep-10,BEDFORDSHIRE,CAMBRIDGESHIRE,Slaughterhouse,10,0
Sep-10,BEDFORDSHIRE,DEVON,Slaughterhouse,1,0
Sep-10,BEDFORDSHIRE,GREATER LONDON,Slaughterhouse,15,0
Sep-10,BEDFORDSHIRE,LEICESTERSHIRE,Slaughterhouse,7,0
Sep-10,BEDFORDSHIRE,LINCOLNSHIRE,Slaughterhouse,104,0
Sep-10,BEDFORDSHIRE,OXFORDSHIRE,Slaughterhouse,1,1
Sep-10,BEDFORDSHIRE,SOUTH YORKSHIRE,Slaughterhouse,1,0
Sep-10,BEDFORDSHIRE,,Slaughterhouse,2,0
Sep-10,BERKSHIRE,AVON,Slaughterhouse,13,0
Sep-10,BERKSHIRE,BEDFORDSHIRE,Slaughterhouse,28,0
Sep-10,BERKSHIRE,CENTRAL,Slaughterhouse,28,0
Sep-10,BERKSHIRE,GLOUCESTERSHIRE,Slaughterhouse,0,2
Sep-10,BERKSHIRE,HAMPSHIRE,Slaughterhouse,237,3
Sep-10,BERKSHIRE,LINCOLNSHIRE,Slaughterhouse,16,0
Sep-10,BERKSHIRE,MID GLAMORGAN,Slaughterhouse,38,0
Sep-10,BERKSHIRE,OXFORDSHIRE,Slaughterhouse,17,3
Sep-10,BERKSHIRE,SOMERSET,Slaughterhouse,33,0
Sep-10,BERKSHIRE,SOUTH YORKSHIRE,Slaughterhouse,40,5
Sep-10,BERKSHIRE,SURREY,Slaughterhouse,72,0
Sep-10,BERKSHIRE,WILTSHIRE,Slaughterhouse,0,2
Sep-10,BERKSHIRE,,Slaughterhouse,37,0
Sep-10,BORDERS,BORDERS,Slaughterhouse,262,160
Sep-10,BORDERS,CENTRAL,Slaughterhouse,613,3
Sep-10,BORDERS,CLEVELAND,Slaughterhouse,0,2
Sep-10,BORDERS,CUMBRIA,Slaughterhouse,43,9
Sep-10,BORDERS,DURHAM,Slaughterhouse,0,3
Sep-10,BORDERS,GRAMPIAN,Slaughterhouse,190,0
Sep-10,BORDERS,HIGHLAND,Slaughterhouse,96,44
Sep-10,BORDERS,HUMBERSIDE,Slaughterhouse,10,0
Sep-10,BORDERS,LANCASHIRE,Slaughterhouse,11,4
Sep-10,BORDERS,NORTH YORKSHIRE,Slaughterhouse,0,1
Sep-10,BORDERS,SHROPSHIRE,Slaughterhouse,2,0
Sep-10,BORDERS,SOUTH YORKSHIRE,Slaughterhouse,97,1
Sep-10,BORDERS,STRATHCLYDE,Slaughterhouse,876,170
Sep-10,BORDERS,TAYSIDE,Slaughterhouse,160,71
Sep-10,BORDERS,TYNE & WEAR,Slaughterhouse,23,0
Sep-10,BORDERS,,Slaughterhouse,153,15
Sep-10,BUCKINGHAMSHIRE,AVON,Slaughterhouse,44,0
Sep-10,BUCKINGHAMSHIRE,BEDFORDSHIRE,Slaughterhouse,429,11
Sep-10,BUCKINGHAMSHIRE,CAMBRIDGESHIRE,Slaughterhouse,2,0
Sep-10,BUCKINGHAMSHIRE,CENTRAL,Slaughterhouse,87,0
Sep-10,BUCKINGHAMSHIRE,DERBYSHIRE,Slaughterhouse,0,1
Sep-10,BUCKINGHAMSHIRE,DEVON,Slaughterhouse,0,1
Sep-10,BUCKINGHAMSHIRE,EAST SUSSEX,Slaughterhouse,0,3
Sep-10,BUCKINGHAMSHIRE,ESSEX,Slaughterhouse,0,5
Sep-10,BUCKINGHAMSHIRE,GLOUCESTERSHIRE,Slaughterhouse,56,3
Sep-10,BUCKINGHAMSHIRE,GRAMPIAN,Slaughterhouse,0,6
Sep-10,BUCKINGHAMSHIRE,GREATER LONDON,Slaughterhouse,36,2
Sep-10,BUCKINGHAMSHIRE,GREATER MANCHESTER,Slaughterhouse,0,3
Sep-10,BUCKINGHAMSHIRE,HAMPSHIRE,Slaughterhouse,38,13
Sep-10,BUCKINGHAMSHIRE,HUMBERSIDE,Slaughterhouse,0,3
Sep-10,BUCKINGHAMSHIRE,KENT,Slaughterhouse,0,3
Sep-10,BUCKINGHAMSHIRE,LANCASHIRE,Slaughterhouse,226,0
Sep-10,BUCKINGHAMSHIRE,LINCOLNSHIRE,Slaughterhouse,293,8
Sep-10,BUCKINGHAMSHIRE,MID GLAMORGAN,Slaughterhouse,49,75
Sep-10,BUCKINGHAMSHIRE,NORFOLK,Slaughterhouse,63,4
Sep-10,BUCKINGHAMSHIRE,NORTH YORKSHIRE,Slaughterhouse,0,2
Sep-10,BUCKINGHAMSHIRE,OXFORDSHIRE,Slaughterhouse,59,6
Sep-10,BUCKINGHAMSHIRE,SHROPSHIRE,Slaughterhouse,5,0
Sep-10,BUCKINGHAMSHIRE,SOMERSET,Slaughterhouse,0,7
Sep-10,BUCKINGHAMSHIRE,SOUTH YORKSHIRE,Slaughterhouse,20,54
Sep-10,BUCKINGHAMSHIRE,STAFFORDSHIRE,Slaughterhouse,0,7
Sep-10,BUCKINGHAMSHIRE,STRATHCLYDE,Slaughterhouse,0,1
Sep-10,BUCKINGHAMSHIRE,SURREY,Slaughterhouse,168,0
Sep-10,BUCKINGHAMSHIRE,WEST YORKSHIRE,Slaughterhouse,0,8
Sep-10,BUCKINGHAMSHIRE,WILTSHIRE,Slaughterhouse,4,10
Sep-10,BUCKINGHAMSHIRE,,Slaughterhouse,137,17
Sep-10,CAMBRIDGESHIRE,BEDFORDSHIRE,Slaughterhouse,152,0
Sep-10,CAMBRIDGESHIRE,CAMBRIDGESHIRE,Slaughterhouse,42,0
Sep-10,CAMBRIDGESHIRE,DEVON,Slaughterhouse,0,2
Sep-10,CAMBRIDGESHIRE,ESSEX,Slaughterhouse,1,8
Sep-10,CAMBRIDGESHIRE,GRAMPIAN,Slaughterhouse,0,7
Sep-10,CAMBRIDGESHIRE,GREATER MANCHESTER,Slaughterhouse,0,18
Sep-10,CAMBRIDGESHIRE,LANCASHIRE,Slaughterhouse,0,1
Sep-10,CAMBRIDGESHIRE,LINCOLNSHIRE,Slaughterhouse,394,39
Sep-10,CAMBRIDGESHIRE,MID GLAMORGAN,Slaughterhouse,168,0
Sep-10,CAMBRIDGESHIRE,NORFOLK,Slaughterhouse,35,17
Sep-10,CAMBRIDGESHIRE,NORTH YORKSHIRE,Slaughterhouse,43,4
Sep-10,CAMBRIDGESHIRE,NOTTINGHAMSHIRE,Slaughterhouse,0,21
Sep-10,CAMBRIDGESHIRE,OXFORDSHIRE,Slaughterhouse,7,12
Sep-10,CAMBRIDGESHIRE,SOUTH YORKSHIRE,Slaughterhouse,1,15
Sep-10,CAMBRIDGESHIRE,STAFFORDSHIRE,Slaughterhouse,0,15
Sep-10,CAMBRIDGESHIRE,SUFFOLK,Slaughterhouse,2,3
Sep-10,CAMBRIDGESHIRE,,Slaughterhouse,22,4
Sep-10,CENTRAL,CENTRAL,Slaughterhouse,814,51
Sep-10,CENTRAL,CUMBRIA,Slaughterhouse,67,12
Sep-10,CENTRAL,DERBYSHIRE,Slaughterhouse,15,2
Sep-10,CENTRAL,FIFE,Slaughterhouse,4,0
Sep-10,CENTRAL,GRAMPIAN,Slaughterhouse,169,27
Sep-10,CENTRAL,LANCASHIRE,Slaughterhouse,80,17
Sep-10,CENTRAL,SOUTH YORKSHIRE,Slaughterhouse,38,10
Sep-10,CENTRAL,STRATHCLYDE,Slaughterhouse,733,198
Sep-10,CENTRAL,TAYSIDE,Slaughterhouse,467,26
Sep-10,CENTRAL,,Slaughterhouse,16,2
Sep-10,CHESHIRE,AVON,Slaughterhouse,196,110
Sep-10,CHESHIRE,BEDFORDSHIRE,Slaughterhouse,82,81
Sep-10,CHESHIRE,CENTRAL,Slaughterhouse,0,0
Sep-10,CHESHIRE,CHESHIRE,Slaughterhouse,865,208
Sep-10,CHESHIRE,CLWYD,Slaughterhouse,125,113
Sep-10,CHESHIRE,CUMBRIA,Slaughterhouse,61,1
Sep-10,CHESHIRE,DERBYSHIRE,Slaughterhouse,123,15
Sep-10,CHESHIRE,DEVON,Slaughterhouse,134,194
Sep-10,CHESHIRE,DURHAM,Slaughterhouse,1,20
Sep-10,CHESHIRE,DYFED,Slaughterhouse,0,12
Sep-10,CHESHIRE,GRAMPIAN,Slaughterhouse,0,12
Sep-10,CHESHIRE,GREATER MANCHESTER,Slaughterhouse,147,90
Sep-10,CHESHIRE,GWYNEDD,Slaughterhouse,0,2
Sep-10,CHESHIRE,HUMBERSIDE,Slaughterhouse,158,123
Sep-10,CHESHIRE,LANCASHIRE,Slaughterhouse,713,31
Sep-10,CHESHIRE,LINCOLNSHIRE,Slaughterhouse,193,1
Sep-10,CHESHIRE,MERSEYSIDE,Slaughterhouse,1,0
Sep-10,CHESHIRE,MID GLAMORGAN,Slaughterhouse,1,0
Sep-10,CHESHIRE,NORTH YORKSHIRE,Slaughterhouse,7,0
Sep-10,CHESHIRE,NOTTINGHAMSHIRE,Slaughterhouse,0,1
Sep-10,CHESHIRE,SHROPSHIRE,Slaughterhouse,480,58
Sep-10,CHESHIRE,SOMERSET,Slaughterhouse,5,4
Sep-10,CHESHIRE,SOUTH YORKSHIRE,Slaughterhouse,92,30
Sep-10,CHESHIRE,STAFFORDSHIRE,Slaughterhouse,652,559
Sep-10,CHESHIRE,STRATHCLYDE,Slaughterhouse,175,37
Sep-10,CHESHIRE,SURREY,Slaughterhouse,59,0
Sep-10,CHESHIRE,TYNE & WEAR,Slaughterhouse,0,0
Sep-10,CHESHIRE,WEST MIDLANDS,Slaughterhouse,0,2
Sep-10,CHESHIRE,WEST YORKSHIRE,Slaughterhouse,145,140
Sep-10,CHESHIRE,WILTSHIRE,Slaughterhouse,0,7
Sep-10,CHESHIRE,,Slaughterhouse,501,253
Sep-10,CLEVELAND,CENTRAL,Slaughterhouse,0,3
Sep-10,CLEVELAND,CLEVELAND,Slaughterhouse,12,78
Sep-10,CLEVELAND,CUMBRIA,Slaughterhouse,1,17
Sep-10,CLEVELAND,DURHAM,Slaughterhouse,13,128
Sep-10,CLEVELAND,GREATER MANCHESTER,Slaughterhouse,0,49
Sep-10,CLEVELAND,HIGHLAND,Slaughterhouse,0,4
Sep-10,CLEVELAND,HUMBERSIDE,Slaughterhouse,11,4
Sep-10,CLEVELAND,LANCASHIRE,Slaughterhouse,16,21
Sep-10,CLEVELAND,LINCOLNSHIRE,Slaughterhouse,0,6
Sep-10,CLEVELAND,NORTH YORKSHIRE,Slaughterhouse,79,36
Sep-10,CLEVELAND,SHROPSHIRE,Slaughterhouse,0,17
Sep-10,CLEVELAND,STAFFORDSHIRE,Slaughterhouse,0,20
Sep-10,CLEVELAND,WEST YORKSHIRE,Slaughterhouse,6,106
Sep-10,CLEVELAND,,Slaughterhouse,0,4
Sep-10,CLWYD,AVON,Slaughterhouse,81,86
Sep-10,CLWYD,BEDFORDSHIRE,Slaughterhouse,0,9
Sep-10,CLWYD,CHESHIRE,Slaughterhouse,132,40
Sep-10,CLWYD,CLWYD,Slaughterhouse,638,130
Sep-10,CLWYD,CUMBRIA,Slaughterhouse,0,1
Sep-10,CLWYD,DERBYSHIRE,Slaughterhouse,47,37
Sep-10,CLWYD,DEVON,Slaughterhouse,4,77
Sep-10,CLWYD,DURHAM,Slaughterhouse,0,11
Sep-10,CLWYD,DYFED,Slaughterhouse,9,9
Sep-10,CLWYD,GRAMPIAN,Slaughterhouse,0,6
Sep-10,CLWYD,GREATER MANCHESTER,Slaughterhouse,41,56
Sep-10,CLWYD,GWYNEDD,Slaughterhouse,99,99
Sep-10,CLWYD,HUMBERSIDE,Slaughterhouse,70,82
Sep-10,CLWYD,LANCASHIRE,Slaughterhouse,915,11
Sep-10,CLWYD,LINCOLNSHIRE,Slaughterhouse,162,0
Sep-10,CLWYD,MID GLAMORGAN,Slaughterhouse,11,0
Sep-10,CLWYD,POWYS,Slaughterhouse,33,2
Sep-10,CLWYD,SHROPSHIRE,Slaughterhouse,"1,109",152
Sep-10,CLWYD,SOMERSET,Slaughterhouse,13,5
Sep-10,CLWYD,SOUTH YORKSHIRE,Slaughterhouse,130,74
Sep-10,CLWYD,STAFFORDSHIRE,Slaughterhouse,74,98
Sep-10,CLWYD,STRATHCLYDE,Slaughterhouse,15,19
Sep-10,CLWYD,TYNE & WEAR,Slaughterhouse,27,14
Sep-10,CLWYD,WEST MIDLANDS,Slaughterhouse,0,1
Sep-10,CLWYD,WEST YORKSHIRE,Slaughterhouse,166,108
Sep-10,CLWYD,,Slaughterhouse,300,117
Sep-10,CORNWALL,AVON,Slaughterhouse,7,0
Sep-10,CORNWALL,BEDFORDSHIRE,Slaughterhouse,170,45
Sep-10,CORNWALL,CORNWALL,Slaughterhouse,"6,150",487
Sep-10,CORNWALL,DEVON,Slaughterhouse,656,379
Sep-10,CORNWALL,DORSET,Slaughterhouse,23,0
Sep-10,CORNWALL,LANCASHIRE,Slaughterhouse,374,18
Sep-10,CORNWALL,MID GLAMORGAN,Slaughterhouse,150,0
Sep-10,CORNWALL,SHROPSHIRE,Slaughterhouse,16,15
Sep-10,CORNWALL,SOMERSET,Slaughterhouse,212,0
Sep-10,CORNWALL,SOUTH YORKSHIRE,Slaughterhouse,194,18
Sep-10,CORNWALL,STRATHCLYDE,Slaughterhouse,0,1
Sep-10,CORNWALL,WILTSHIRE,Slaughterhouse,0,22
Sep-10,CORNWALL,,Slaughterhouse,18,47
Sep-10,CUMBRIA,BORDERS,Slaughterhouse,3,2
Sep-10,CUMBRIA,CENTRAL,Slaughterhouse,376,9
Sep-10,CUMBRIA,CHESHIRE,Slaughterhouse,18,11
Sep-10,CUMBRIA,CLEVELAND,Slaughterhouse,339,270
Sep-10,CUMBRIA,CUMBRIA,Slaughterhouse,"2,119",411
Sep-10,CUMBRIA,DERBYSHIRE,Slaughterhouse,1,1
Sep-10,CUMBRIA,DEVON,Slaughterhouse,0,2
Sep-10,CUMBRIA,DUMFRIES & GALLOWAY,Slaughterhouse,37,22
Sep-10,CUMBRIA,DURHAM,Slaughterhouse,338,250
Sep-10,CUMBRIA,GRAMPIAN,Slaughterhouse,57,0
Sep-10,CUMBRIA,GREATER MANCHESTER,Slaughterhouse,277,287
Sep-10,CUMBRIA,HIGHLAND,Slaughterhouse,33,25
Sep-10,CUMBRIA,HUMBERSIDE,Slaughterhouse,0,2
Sep-10,CUMBRIA,LANCASHIRE,Slaughterhouse,"2,917",600
Sep-10,CUMBRIA,LINCOLNSHIRE,Slaughterhouse,199,0
Sep-10,CUMBRIA,NORTH YORKSHIRE,Slaughterhouse,169,136
Sep-10,CUMBRIA,SHROPSHIRE,Slaughterhouse,111,32
Sep-10,CUMBRIA,SOUTH YORKSHIRE,Slaughterhouse,104,5
Sep-10,CUMBRIA,STAFFORDSHIRE,Slaughterhouse,0,2
Sep-10,CUMBRIA,STRATHCLYDE,Slaughterhouse,244,117
Sep-10,CUMBRIA,TAYSIDE,Slaughterhouse,44,4
Sep-10,CUMBRIA,TYNE & WEAR,Slaughterhouse,72,14
Sep-10,CUMBRIA,WEST YORKSHIRE,Slaughterhouse,261,252
Sep-10,CUMBRIA,,Slaughterhouse,274,240
Sep-10,DERBYSHIRE,AVON,Slaughterhouse,18,8
Sep-10,DERBYSHIRE,BEDFORDSHIRE,Slaughterhouse,74,62
Sep-10,DERBYSHIRE,CHESHIRE,Slaughterhouse,4,5
Sep-10,DERBYSHIRE,CLEVELAND,Slaughterhouse,0,1
Sep-10,DERBYSHIRE,CUMBRIA,Slaughterhouse,1,0
Sep-10,DERBYSHIRE,DERBYSHIRE,Slaughterhouse,548,68
Sep-10,DERBYSHIRE,DEVON,Slaughterhouse,115,94
Sep-10,DERBYSHIRE,DURHAM,Slaughterhouse,0,1
Sep-10,DERBYSHIRE,GRAMPIAN,Slaughterhouse,0,14
Sep-10,DERBYSHIRE,GREATER MANCHESTER,Slaughterhouse,68,69
Sep-10,DERBYSHIRE,HAMPSHIRE,Slaughterhouse,0,4
Sep-10,DERBYSHIRE,HUMBERSIDE,Slaughterhouse,14,1
Sep-10,DERBYSHIRE,LANCASHIRE,Slaughterhouse,397,31
Sep-10,DERBYSHIRE,LINCOLNSHIRE,Slaughterhouse,233,53
Sep-10,DERBYSHIRE,MID GLAMORGAN,Slaughterhouse,62,0
Sep-10,DERBYSHIRE,NORFOLK,Slaughterhouse,0,2
Sep-10,DERBYSHIRE,NORTH YORKSHIRE,Slaughterhouse,0,1
Sep-10,DERBYSHIRE,NOTTINGHAMSHIRE,Slaughterhouse,38,28
Sep-10,DERBYSHIRE,OXFORDSHIRE,Slaughterhouse,77,67
Sep-10,DERBYSHIRE,SHROPSHIRE,Slaughterhouse,130,16
Sep-10,DERBYSHIRE,SOMERSET,Slaughterhouse,0,2
Sep-10,DERBYSHIRE,SOUTH YORKSHIRE,Slaughterhouse,811,145
Sep-10,DERBYSHIRE,STAFFORDSHIRE,Slaughterhouse,699,384
Sep-10,DERBYSHIRE,STRATHCLYDE,Slaughterhouse,65,60
Sep-10,DERBYSHIRE,SUFFOLK,Slaughterhouse,0,3
Sep-10,DERBYSHIRE,SURREY,Slaughterhouse,0,2
Sep-10,DERBYSHIRE,WEST YORKSHIRE,Slaughterhouse,293,123
Sep-10,DERBYSHIRE,,Slaughterhouse,401,84
Sep-10,DEVON,AVON,Slaughterhouse,17,2
Sep-10,DEVON,BEDFORDSHIRE,Slaughterhouse,111,51
Sep-10,DEVON,CORNWALL,Slaughterhouse,"4,497",210
Sep-10,DEVON,DEVON,Slaughterhouse,"3,383",403
Sep-10,DEVON,DORSET,Slaughterhouse,42,0
Sep-10,DEVON,DYFED,Slaughterhouse,0,2
Sep-10,DEVON,GLOUCESTERSHIRE,Slaughterhouse,88,52
Sep-10,DEVON,GREATER MANCHESTER,Slaughterhouse,0,1
Sep-10,DEVON,KENT,Slaughterhouse,0,29
Sep-10,DEVON,LANCASHIRE,Slaughterhouse,161,11
Sep-10,DEVON,LINCOLNSHIRE,Slaughterhouse,260,0
Sep-10,DEVON,MID GLAMORGAN,Slaughterhouse,455,0
Sep-10,DEVON,OXFORDSHIRE,Slaughterhouse,15,32
Sep-10,DEVON,SHROPSHIRE,Slaughterhouse,923,505
Sep-10,DEVON,SOMERSET,Slaughterhouse,"2,657",99
Sep-10,DEVON,SOUTH YORKSHIRE,Slaughterhouse,42,0
Sep-10,DEVON,STAFFORDSHIRE,Slaughterhouse,13,2
Sep-10,DEVON,SURREY,Slaughterhouse,66,0
Sep-10,DEVON,WARWICKSHIRE,Slaughterhouse,0,9
Sep-10,DEVON,WILTSHIRE,Slaughterhouse,125,103
Sep-10,DEVON,,Slaughterhouse,678,404
Sep-10,DORSET,AVON,Slaughterhouse,192,32
Sep-10,DORSET,BEDFORDSHIRE,Slaughterhouse,8,11
Sep-10,DORSET,CORNWALL,Slaughterhouse,77,10
Sep-10,DORSET,DEVON,Slaughterhouse,11,83
Sep-10,DORSET,DORSET,Slaughterhouse,484,0
Sep-10,DORSET,GLOUCESTERSHIRE,Slaughterhouse,0,58
Sep-10,DORSET,HAMPSHIRE,Slaughterhouse,0,0
Sep-10,DORSET,KENT,Slaughterhouse,0,5
Sep-10,DORSET,LANCASHIRE,Slaughterhouse,0,1
Sep-10,DORSET,LINCOLNSHIRE,Slaughterhouse,38,0
Sep-10,DORSET,MID GLAMORGAN,Slaughterhouse,49,0
Sep-10,DORSET,NORFOLK,Slaughterhouse,7,7
Sep-10,DORSET,OXFORDSHIRE,Slaughterhouse,0,1
Sep-10,DORSET,SHROPSHIRE,Slaughterhouse,19,0
Sep-10,DORSET,SOMERSET,Slaughterhouse,534,20
Sep-10,DORSET,SOUTH YORKSHIRE,Slaughterhouse,13,0
Sep-10,DORSET,SURREY,Slaughterhouse,56,0
Sep-10,DORSET,WILTSHIRE,Slaughterhouse,92,0
Sep-10,DORSET,,Slaughterhouse,419,74
Sep-10,DUMFRIES & GALLOWAY,AVON,Slaughterhouse,0,0
Sep-10,DUMFRIES & GALLOWAY,BORDERS,Slaughterhouse,0,1
Sep-10,DUMFRIES & GALLOWAY,CENTRAL,Slaughterhouse,"1,339",4
Sep-10,DUMFRIES & GALLOWAY,CHESHIRE,Slaughterhouse,0,1
Sep-10,DUMFRIES & GALLOWAY,CLEVELAND,Slaughterhouse,0,15
Sep-10,DUMFRIES & GALLOWAY,CUMBRIA,Slaughterhouse,817,172
Sep-10,DUMFRIES & GALLOWAY,DERBYSHIRE,Slaughterhouse,0,2
Sep-10,DUMFRIES & GALLOWAY,DUMFRIES & GALLOWAY,Slaughterhouse,140,42
Sep-10,DUMFRIES & GALLOWAY,DURHAM,Slaughterhouse,1,39
Sep-10,DUMFRIES & GALLOWAY,GRAMPIAN,Slaughterhouse,"2,131",22
Sep-10,DUMFRIES & GALLOWAY,GREATER MANCHESTER,Slaughterhouse,32,59
Sep-10,DUMFRIES & GALLOWAY,HIGHLAND,Slaughterhouse,138,20
Sep-10,DUMFRIES & GALLOWAY,LANCASHIRE,Slaughterhouse,300,13
Sep-10,DUMFRIES & GALLOWAY,LINCOLNSHIRE,Slaughterhouse,97,0
Sep-10,DUMFRIES & GALLOWAY,NORTH YORKSHIRE,Slaughterhouse,0,1
Sep-10,DUMFRIES & GALLOWAY,SHROPSHIRE,Slaughterhouse,0,4
Sep-10,DUMFRIES & GALLOWAY,SOUTH YORKSHIRE,Slaughterhouse,85,106
Sep-10,DUMFRIES & GALLOWAY,STRATHCLYDE,Slaughterhouse,"3,689",322
Sep-10,DUMFRIES & GALLOWAY,TAYSIDE,Slaughterhouse,"1,420",27
Sep-10,DUMFRIES & GALLOWAY,WEST YORKSHIRE,Slaughterhouse,0,1
Sep-10,DUMFRIES & GALLOWAY,,Slaughterhouse,252,229
Sep-10,DURHAM,CENTRAL,Slaughterhouse,98,8
Sep-10,DURHAM,CLEVELAND,Slaughterhouse,554,297
Sep-10,DURHAM,CUMBRIA,Slaughterhouse,181,78
Sep-10,DURHAM,DURHAM,Slaughterhouse,"1,115",252
Sep-10,DURHAM,GRAMPIAN,Slaughterhouse,69,0
Sep-10,DURHAM,GREATER MANCHESTER,Slaughterhouse,204,135
Sep-10,DURHAM,HIGHLAND,Slaughterhouse,9,4
Sep-10,DURHAM,HUMBERSIDE,Slaughterhouse,298,30
Sep-10,DURHAM,LANCASHIRE,Slaughterhouse,538,46
Sep-10,DURHAM,LINCOLNSHIRE,Slaughterhouse,197,15
Sep-10,DURHAM,NORTH YORKSHIRE,Slaughterhouse,238,114
Sep-10,DURHAM,SHROPSHIRE,Slaughterhouse,60,27
Sep-10,DURHAM,SOUTH YORKSHIRE,Slaughterhouse,42,0
Sep-10,DURHAM,STAFFORDSHIRE,Slaughterhouse,85,45
Sep-10,DURHAM,STRATHCLYDE,Slaughterhouse,6,9
Sep-10,DURHAM,TYNE & WEAR,Slaughterhouse,0,3
Sep-10,DURHAM,WEST YORKSHIRE,Slaughterhouse,435,238
Sep-10,DURHAM,,Slaughterhouse,126,34
Sep-10,DYFED,AVON,Slaughterhouse,558,373
Sep-10,DYFED,BEDFORDSHIRE,Slaughterhouse,488,217
Sep-10,DYFED,CHESHIRE,Slaughterhouse,2,1
Sep-10,DYFED,CLWYD,Slaughterhouse,0,6
Sep-10,DYFED,DEVON,Slaughterhouse,78,53
Sep-10,DYFED,DURHAM,Slaughterhouse,0,4
Sep-10,DYFED,DYFED,Slaughterhouse,"2,643",245
Sep-10,DYFED,GRAMPIAN,Slaughterhouse,0,4
Sep-10,DYFED,GREATER MANCHESTER,Slaughterhouse,27,38
Sep-10,DYFED,HAMPSHIRE,Slaughterhouse,69,9
Sep-10,DYFED,HUMBERSIDE,Slaughterhouse,0,3
Sep-10,DYFED,LANCASHIRE,Slaughterhouse,541,7
Sep-10,DYFED,LINCOLNSHIRE,Slaughterhouse,595,248
Sep-10,DYFED,MID GLAMORGAN,Slaughterhouse,"1,491",203
Sep-10,DYFED,NORTH YORKSHIRE,Slaughterhouse,0,0
Sep-10,DYFED,NOTTINGHAMSHIRE,Slaughterhouse,0,1
Sep-10,DYFED,POWYS,Slaughterhouse,205,0
Sep-10,DYFED,SHROPSHIRE,Slaughterhouse,"1,251",195
Sep-10,DYFED,SOMERSET,Slaughterhouse,578,365
Sep-10,DYFED,SOUTH YORKSHIRE,Slaughterhouse,0,4
Sep-10,DYFED,STAFFORDSHIRE,Slaughterhouse,11,10
Sep-10,DYFED,STRATHCLYDE,Slaughterhouse,41,5
Sep-10,DYFED,SURREY,Slaughterhouse,442,89
Sep-10,DYFED,WARWICKSHIRE,Slaughterhouse,2,5
Sep-10,DYFED,WEST GLAMORGAN,Slaughterhouse,662,472
Sep-10,DYFED,WILTSHIRE,Slaughterhouse,27,13
Sep-10,DYFED,,Slaughterhouse,361,94
Sep-10,EAST SUSSEX,BEDFORDSHIRE,Slaughterhouse,77,0
Sep-10,EAST SUSSEX,CENTRAL,Slaughterhouse,16,0
Sep-10,EAST SUSSEX,DEVON,Slaughterhouse,0,12
Sep-10,EAST SUSSEX,EAST SUSSEX,Slaughterhouse,132,23
Sep-10,EAST SUSSEX,ESSEX,Slaughterhouse,0,6
Sep-10,EAST SUSSEX,GREATER LONDON,Slaughterhouse,8,4
Sep-10,EAST SUSSEX,HAMPSHIRE,Slaughterhouse,21,10
Sep-10,EAST SUSSEX,HUMBERSIDE,Slaughterhouse,0,6
Sep-10,EAST SUSSEX,KENT,Slaughterhouse,68,8
Sep-10,EAST SUSSEX,LANCASHIRE,Slaughterhouse,2,0
Sep-10,EAST SUSSEX,LINCOLNSHIRE,Slaughterhouse,52,0
Sep-10,EAST SUSSEX,MID GLAMORGAN,Slaughterhouse,175,0
Sep-10,EAST SUSSEX,NORFOLK,Slaughterhouse,1,8
Sep-10,EAST SUSSEX,NORTH YORKSHIRE,Slaughterhouse,1,0
Sep-10,EAST SUSSEX,SOMERSET,Slaughterhouse,100,29
Sep-10,EAST SUSSEX,SUFFOLK,Slaughterhouse,0,3
Sep-10,EAST SUSSEX,SURREY,Slaughterhouse,404,0
Sep-10,EAST SUSSEX,WEST SUSSEX,Slaughterhouse,10,0
Sep-10,EAST SUSSEX,,Slaughterhouse,103,5
Sep-10,ESSEX,AVON,Slaughterhouse,25,0
Sep-10,ESSEX,BEDFORDSHIRE,Slaughterhouse,95,1
Sep-10,ESSEX,CAMBRIDGESHIRE,Slaughterhouse,6,0
Sep-10,ESSEX,DEVON,Slaughterhouse,0,10
Sep-10,ESSEX,ESSEX,Slaughterhouse,538,59
Sep-10,ESSEX,GREATER LONDON,Slaughterhouse,13,3
Sep-10,ESSEX,HAMPSHIRE,Slaughterhouse,80,49
Sep-10,ESSEX,KENT,Slaughterhouse,8,1
Sep-10,ESSEX,LINCOLNSHIRE,Slaughterhouse,59,0
Sep-10,ESSEX,MID GLAMORGAN,Slaughterhouse,22,0
Sep-10,ESSEX,NORFOLK,Slaughterhouse,126,29
Sep-10,ESSEX,SOUTH YORKSHIRE,Slaughterhouse,7,0
Sep-10,ESSEX,SUFFOLK,Slaughterhouse,32,7
Sep-10,ESSEX,SURREY,Slaughterhouse,33,0
Sep-10,FIFE,CENTRAL,Slaughterhouse,394,21
Sep-10,FIFE,CUMBRIA,Slaughterhouse,8,10
Sep-10,FIFE,DERBYSHIRE,Slaughterhouse,0,3
Sep-10,FIFE,FIFE,Slaughterhouse,16,47
Sep-10,FIFE,GRAMPIAN,Slaughterhouse,36,8
Sep-10,FIFE,HIGHLAND,Slaughterhouse,2,0
Sep-10,FIFE,LANCASHIRE,Slaughterhouse,0,12
Sep-10,FIFE,SOUTH YORKSHIRE,Slaughterhouse,0,2
Sep-10,FIFE,STRATHCLYDE,Slaughterhouse,89,132
Sep-10,FIFE,TAYSIDE,Slaughterhouse,476,12
Sep-10,FIFE,,Slaughterhouse,3,13
Sep-10,GLOUCESTERSHIRE,AVON,Slaughterhouse,362,77
Sep-10,GLOUCESTERSHIRE,BEDFORDSHIRE,Slaughterhouse,174,9
Sep-10,GLOUCESTERSHIRE,CENTRAL,Slaughterhouse,0,0
Sep-10,GLOUCESTERSHIRE,CHESHIRE,Slaughterhouse,0,2
Sep-10,GLOUCESTERSHIRE,CLWYD,Slaughterhouse,0,5
Sep-10,GLOUCESTERSHIRE,CUMBRIA,Slaughterhouse,4,1
Sep-10,GLOUCESTERSHIRE,DEVON,Slaughterhouse,6,13
Sep-10,GLOUCESTERSHIRE,DYFED,Slaughterhouse,4,1
Sep-10,GLOUCESTERSHIRE,GLOUCESTERSHIRE,Slaughterhouse,669,32
Sep-10,GLOUCESTERSHIRE,GRAMPIAN,Slaughterhouse,8,1
Sep-10,GLOUCESTERSHIRE,GREATER MANCHESTER,Slaughterhouse,0,8
Sep-10,GLOUCESTERSHIRE,HUMBERSIDE,Slaughterhouse,89,4
Sep-10,GLOUCESTERSHIRE,KENT,Slaughterhouse,0,4
Sep-10,GLOUCESTERSHIRE,LANCASHIRE,Slaughterhouse,73,0
Sep-10,GLOUCESTERSHIRE,LINCOLNSHIRE,Slaughterhouse,239,7
Sep-10,GLOUCESTERSHIRE,MID GLAMORGAN,Slaughterhouse,611,0
Sep-10,GLOUCESTERSHIRE,OXFORDSHIRE,Slaughterhouse,68,35
Sep-10,GLOUCESTERSHIRE,SHROPSHIRE,Slaughterhouse,253,2
Sep-10,GLOUCESTERSHIRE,SOMERSET,Slaughterhouse,455,5
Sep-10,GLOUCESTERSHIRE,SOUTH YORKSHIRE,Slaughterhouse,11,0
Sep-10,GLOUCESTERSHIRE,STAFFORDSHIRE,Slaughterhouse,13,3
Sep-10,GLOUCESTERSHIRE,STRATHCLYDE,Slaughterhouse,0,2
Sep-10,GLOUCESTERSHIRE,WARWICKSHIRE,Slaughterhouse,19,0
Sep-10,GLOUCESTERSHIRE,WEST MIDLANDS,Slaughterhouse,4,1
Sep-10,GLOUCESTERSHIRE,WILTSHIRE,Slaughterhouse,168,66
Sep-10,GLOUCESTERSHIRE,,Slaughterhouse,363,23
Sep-10,GRAMPIAN,CENTRAL,Slaughterhouse,497,0
Sep-10,GRAMPIAN,CUMBRIA,Slaughterhouse,186,53
Sep-10,GRAMPIAN,DEVON,Slaughterhouse,1,0
Sep-10,GRAMPIAN,DUMFRIES & GALLOWAY,Slaughterhouse,0,0
Sep-10,GRAMPIAN,FIFE,Slaughterhouse,0,3
Sep-10,GRAMPIAN,GRAMPIAN,Slaughterhouse,"9,775",206
Sep-10,GRAMPIAN,HIGHLAND,Slaughterhouse,575,53
Sep-10,GRAMPIAN,NORTH YORKSHIRE,Slaughterhouse,1,1
Sep-10,GRAMPIAN,STRATHCLYDE,Slaughterhouse,422,99
Sep-10,GRAMPIAN,TAYSIDE,Slaughterhouse,"1,103",55
Sep-10,GRAMPIAN,,Slaughterhouse,"1,754",86
Sep-10,GREATER LONDON,AVON,Slaughterhouse,11,0
Sep-10,GREATER LONDON,BEDFORDSHIRE,Slaughterhouse,6,0
Sep-10,GREATER LONDON,ESSEX,Slaughterhouse,2,0
Sep-10,GREATER LONDON,GREATER LONDON,Slaughterhouse,4,0
Sep-10,GREATER LONDON,HAMPSHIRE,Slaughterhouse,2,0
Sep-10,GREATER LONDON,KENT,Slaughterhouse,0,1
Sep-10,GREATER LONDON,SOMERSET,Slaughterhouse,0,2
Sep-10,GREATER LONDON,SOUTH YORKSHIRE,Slaughterhouse,0,1
Sep-10,GREATER LONDON,SURREY,Slaughterhouse,12,0
Sep-10,GREATER MANCHESTER,BEDFORDSHIRE,Slaughterhouse,0,6
Sep-10,GREATER MANCHESTER,CENTRAL,Slaughterhouse,0,0
Sep-10,GREATER MANCHESTER,CHESHIRE,Slaughterhouse,15,11
Sep-10,GREATER MANCHESTER,CLEVELAND,Slaughterhouse,0,15
Sep-10,GREATER MANCHESTER,DERBYSHIRE,Slaughterhouse,0,3
Sep-10,GREATER MANCHESTER,DEVON,Slaughterhouse,0,10
Sep-10,GREATER MANCHESTER,GREATER MANCHESTER,Slaughterhouse,516,62
Sep-10,GREATER MANCHESTER,HUMBERSIDE,Slaughterhouse,0,2
Sep-10,GREATER MANCHESTER,LANCASHIRE,Slaughterhouse,133,11
Sep-10,GREATER MANCHESTER,LINCOLNSHIRE,Slaughterhouse,0,1
Sep-10,GREATER MANCHESTER,MERSEYSIDE,Slaughterhouse,10,0
Sep-10,GREATER MANCHESTER,NORTH YORKSHIRE,Slaughterhouse,1,2
Sep-10,GREATER MANCHESTER,OXFORDSHIRE,Slaughterhouse,0,3
Sep-10,GREATER MANCHESTER,SHROPSHIRE,Slaughterhouse,1,5
Sep-10,GREATER MANCHESTER,SOUTH YORKSHIRE,Slaughterhouse,30,10
Sep-10,GREATER MANCHESTER,STAFFORDSHIRE,Slaughterhouse,20,39
Sep-10,GREATER MANCHESTER,STRATHCLYDE,Slaughterhouse,0,2
Sep-10,GREATER MANCHESTER,WEST YORKSHIRE,Slaughterhouse,2,10
Sep-10,GREATER MANCHESTER,,Slaughterhouse,7,14
Sep-10,GWENT,AVON,Slaughterhouse,106,60
Sep-10,GWENT,BEDFORDSHIRE,Slaughterhouse,22,7
Sep-10,GWENT,CHESHIRE,Slaughterhouse,0,1
Sep-10,GWENT,CORNWALL,Slaughterhouse,14,0
Sep-10,GWENT,DEVON,Slaughterhouse,95,56
Sep-10,GWENT,DURHAM,Slaughterhouse,0,2
Sep-10,GWENT,DYFED,Slaughterhouse,11,4
Sep-10,GWENT,GLOUCESTERSHIRE,Slaughterhouse,129,8
Sep-10,GWENT,GRAMPIAN,Slaughterhouse,0,0
Sep-10,GWENT,GREATER MANCHESTER,Slaughterhouse,0,3
Sep-10,GWENT,HUMBERSIDE,Slaughterhouse,0,2
Sep-10,GWENT,LANCASHIRE,Slaughterhouse,44,0
Sep-10,GWENT,LINCOLNSHIRE,Slaughterhouse,45,3
Sep-10,GWENT,MID GLAMORGAN,Slaughterhouse,596,0
Sep-10,GWENT,OXFORDSHIRE,Slaughterhouse,2,14
Sep-10,GWENT,POWYS,Slaughterhouse,8,0
Sep-10,GWENT,SHROPSHIRE,Slaughterhouse,49,1
Sep-10,GWENT,SOMERSET,Slaughterhouse,106,11
Sep-10,GWENT,SOUTH YORKSHIRE,Slaughterhouse,3,0
Sep-10,GWENT,STRATHCLYDE,Slaughterhouse,0,1
Sep-10,GWENT,WEST GLAMORGAN,Slaughterhouse,60,0
Sep-10,GWENT,WILTSHIRE,Slaughterhouse,2,6
Sep-10,GWENT,,Slaughterhouse,41,19
Sep-10,GWYNEDD,AVON,Slaughterhouse,0,10
Sep-10,GWYNEDD,BEDFORDSHIRE,Slaughterhouse,68,20
Sep-10,GWYNEDD,CHESHIRE,Slaughterhouse,7,6
Sep-10,GWYNEDD,CLWYD,Slaughterhouse,66,41
Sep-10,GWYNEDD,CUMBRIA,Slaughterhouse,9,10
Sep-10,GWYNEDD,DERBYSHIRE,Slaughterhouse,30,8
Sep-10,GWYNEDD,DEVON,Slaughterhouse,0,2
Sep-10,GWYNEDD,DURHAM,Slaughterhouse,0,2
Sep-10,GWYNEDD,DYFED,Slaughterhouse,3,0
Sep-10,GWYNEDD,GREATER MANCHESTER,Slaughterhouse,223,223
Sep-10,GWYNEDD,GWYNEDD,Slaughterhouse,231,124
Sep-10,GWYNEDD,HEREFORD & WORCESTER,Slaughterhouse,1,0
Sep-10,GWYNEDD,HUMBERSIDE,Slaughterhouse,196,20
Sep-10,GWYNEDD,LANCASHIRE,Slaughterhouse,"1,830",51
Sep-10,GWYNEDD,LINCOLNSHIRE,Slaughterhouse,422,0
Sep-10,GWYNEDD,MID GLAMORGAN,Slaughterhouse,169,0
Sep-10,GWYNEDD,POWYS,Slaughterhouse,14,0
Sep-10,GWYNEDD,SHROPSHIRE,Slaughterhouse,611,8
Sep-10,GWYNEDD,SOUTH YORKSHIRE,Slaughterhouse,162,31
Sep-10,GWYNEDD,STAFFORDSHIRE,Slaughterhouse,24,18
Sep-10,GWYNEDD,STRATHCLYDE,Slaughterhouse,96,19
Sep-10,GWYNEDD,WEST YORKSHIRE,Slaughterhouse,0,19
Sep-10,GWYNEDD,,Slaughterhouse,456,422
Sep-10,HAMPSHIRE,AVON,Slaughterhouse,234,6
Sep-10,HAMPSHIRE,BEDFORDSHIRE,Slaughterhouse,10,0
Sep-10,HAMPSHIRE,CORNWALL,Slaughterhouse,11,0
Sep-10,HAMPSHIRE,DEVON,Slaughterhouse,0,23
Sep-10,HAMPSHIRE,DORSET,Slaughterhouse,30,0
Sep-10,HAMPSHIRE,GLOUCESTERSHIRE,Slaughterhouse,0,4
Sep-10,HAMPSHIRE,HAMPSHIRE,Slaughterhouse,244,0
Sep-10,HAMPSHIRE,KENT,Slaughterhouse,57,3
Sep-10,HAMPSHIRE,LANCASHIRE,Slaughterhouse,0,1
Sep-10,HAMPSHIRE,LINCOLNSHIRE,Slaughterhouse,89,0
Sep-10,HAMPSHIRE,MID GLAMORGAN,Slaughterhouse,202,0
Sep-10,HAMPSHIRE,OXFORDSHIRE,Slaughterhouse,4,0
Sep-10,HAMPSHIRE,SOMERSET,Slaughterhouse,170,18
Sep-10,HAMPSHIRE,SOUTH YORKSHIRE,Slaughterhouse,1,0
Sep-10,HAMPSHIRE,STRATHCLYDE,Slaughterhouse,2,0
Sep-10,HAMPSHIRE,SURREY,Slaughterhouse,170,0
Sep-10,HAMPSHIRE,WILTSHIRE,Slaughterhouse,72,0
Sep-10,HAMPSHIRE,,Slaughterhouse,77,14
Sep-10,HEREFORD & WORCESTER,AVON,Slaughterhouse,530,190
Sep-10,HEREFORD & WORCESTER,BEDFORDSHIRE,Slaughterhouse,158,54
Sep-10,HEREFORD & WORCESTER,CENTRAL,Slaughterhouse,75,0
Sep-10,HEREFORD & WORCESTER,CHESHIRE,Slaughterhouse,7,28
Sep-10,HEREFORD & WORCESTER,CORNWALL,Slaughterhouse,0,1
Sep-10,HEREFORD & WORCESTER,DERBYSHIRE,Slaughterhouse,0,2
Sep-10,HEREFORD & WORCESTER,DEVON,Slaughterhouse,38,99
Sep-10,HEREFORD & WORCESTER,DURHAM,Slaughterhouse,0,20
Sep-10,HEREFORD & WORCESTER,DYFED,Slaughterhouse,7,18
Sep-10,HEREFORD & WORCESTER,GLOUCESTERSHIRE,Slaughterhouse,154,34
Sep-10,HEREFORD & WORCESTER,GRAMPIAN,Slaughterhouse,0,20
Sep-10,HEREFORD & WORCESTER,GREATER MANCHESTER,Slaughterhouse,0,162
Sep-10,HEREFORD & WORCESTER,HAMPSHIRE,Slaughterhouse,0,23
Sep-10,HEREFORD & WORCESTER,HEREFORD & WORCESTER,Slaughterhouse,105,2
Sep-10,HEREFORD & WORCESTER,HUMBERSIDE,Slaughterhouse,7,6
Sep-10,HEREFORD & WORCESTER,LANCASHIRE,Slaughterhouse,136,23
Sep-10,HEREFORD & WORCESTER,LINCOLNSHIRE,Slaughterhouse,408,71
Sep-10,HEREFORD & WORCESTER,MID GLAMORGAN,Slaughterhouse,874,0
Sep-10,HEREFORD & WORCESTER,NORFOLK,Slaughterhouse,3,3
Sep-10,HEREFORD & WORCESTER,NOTTINGHAMSHIRE,Slaughterhouse,0,2
Sep-10,HEREFORD & WORCESTER,OXFORDSHIRE,Slaughterhouse,218,182
Sep-10,HEREFORD & WORCESTER,POWYS,Slaughterhouse,4,0
Sep-10,HEREFORD & WORCESTER,SHROPSHIRE,Slaughterhouse,"1,418",55
Sep-10,HEREFORD & WORCESTER,SOMERSET,Slaughterhouse,274,37
Sep-10,HEREFORD & WORCESTER,SOUTH YORKSHIRE,Slaughterhouse,19,1
Sep-10,HEREFORD & WORCESTER,STAFFORDSHIRE,Slaughterhouse,107,100
Sep-10,HEREFORD & WORCESTER,STRATHCLYDE,Slaughterhouse,0,31
Sep-10,HEREFORD & WORCESTER,SURREY,Slaughterhouse,33,0
Sep-10,HEREFORD & WORCESTER,WARWICKSHIRE,Slaughterhouse,48,28
Sep-10,HEREFORD & WORCESTER,WEST GLAMORGAN,Slaughterhouse,21,0
Sep-10,HEREFORD & WORCESTER,WEST MIDLANDS,Slaughterhouse,81,3
Sep-10,HEREFORD & WORCESTER,WEST YORKSHIRE,Slaughterhouse,0,5
Sep-10,HEREFORD & WORCESTER,WILTSHIRE,Slaughterhouse,56,48
Sep-10,HEREFORD & WORCESTER,,Slaughterhouse,362,63
Sep-10,HERTFORDSHIRE,AVON,Slaughterhouse,7,0
Sep-10,HERTFORDSHIRE,BEDFORDSHIRE,Slaughterhouse,64,0
Sep-10,HERTFORDSHIRE,CAMBRIDGESHIRE,Slaughterhouse,1,0
Sep-10,HERTFORDSHIRE,EAST SUSSEX,Slaughterhouse,0,5
Sep-10,HERTFORDSHIRE,ESSEX,Slaughterhouse,30,7
Sep-10,HERTFORDSHIRE,HAMPSHIRE,Slaughterhouse,0,6
Sep-10,HERTFORDSHIRE,KENT,Slaughterhouse,0,1
Sep-10,HERTFORDSHIRE,MID GLAMORGAN,Slaughterhouse,0,22
Sep-10,HERTFORDSHIRE,NORFOLK,Slaughterhouse,0,7
Sep-10,HERTFORDSHIRE,OXFORDSHIRE,Slaughterhouse,15,2
Sep-10,HERTFORDSHIRE,SOUTH YORKSHIRE,Slaughterhouse,0,20
Sep-10,HERTFORDSHIRE,SUFFOLK,Slaughterhouse,0,2
Sep-10,HERTFORDSHIRE,SURREY,Slaughterhouse,14,0
Sep-10,HIGHLAND,CENTRAL,Slaughterhouse,55,0
Sep-10,HIGHLAND,CUMBRIA,Slaughterhouse,7,18
Sep-10,HIGHLAND,DEVON,Slaughterhouse,0,1
Sep-10,HIGHLAND,GRAMPIAN,Slaughterhouse,282,70
Sep-10,HIGHLAND,HIGHLAND,Slaughterhouse,491,200
Sep-10,HIGHLAND,STRATHCLYDE,Slaughterhouse,46,25
Sep-10,HIGHLAND,TAYSIDE,Slaughterhouse,271,22
Sep-10,HIGHLAND,WILTSHIRE,Slaughterhouse,1,1
Sep-10,HIGHLAND,,Slaughterhouse,16,6
Sep-10,HUMBERSIDE,AVON,Slaughterhouse,1,0
Sep-10,HUMBERSIDE,CLEVELAND,Slaughterhouse,0,87
Sep-10,HUMBERSIDE,DERBYSHIRE,Slaughterhouse,10,3
Sep-10,HUMBERSIDE,DURHAM,Slaughterhouse,0,23
Sep-10,HUMBERSIDE,GREATER MANCHESTER,Slaughterhouse,1,192
Sep-10,HUMBERSIDE,HIGHLAND,Slaughterhouse,0,1
Sep-10,HUMBERSIDE,HUMBERSIDE,Slaughterhouse,425,26
Sep-10,HUMBERSIDE,LANCASHIRE,Slaughterhouse,65,14
Sep-10,HUMBERSIDE,LINCOLNSHIRE,Slaughterhouse,76,31
Sep-10,HUMBERSIDE,NORFOLK,Slaughterhouse,0,3
Sep-10,HUMBERSIDE,NORTH YORKSHIRE,Slaughterhouse,151,135
Sep-10,HUMBERSIDE,SHROPSHIRE,Slaughterhouse,0,3
Sep-10,HUMBERSIDE,SOUTH YORKSHIRE,Slaughterhouse,13,40
Sep-10,HUMBERSIDE,STAFFORDSHIRE,Slaughterhouse,0,1
Sep-10,HUMBERSIDE,STRATHCLYDE,Slaughterhouse,0,5
Sep-10,HUMBERSIDE,WEST YORKSHIRE,Slaughterhouse,84,326
Sep-10,HUMBERSIDE,,Slaughterhouse,119,15
Sep-10,ISLE OF WIGHT,AVON,Slaughterhouse,18,2
Sep-10,ISLE OF WIGHT,DEVON,Slaughterhouse,0,2
Sep-10,ISLE OF WIGHT,GLOUCESTERSHIRE,Slaughterhouse,0,3
Sep-10,ISLE OF WIGHT,HAMPSHIRE,Slaughterhouse,53,0
Sep-10,ISLE OF WIGHT,KENT,Slaughterhouse,0,1
Sep-10,ISLE OF WIGHT,SOMERSET,Slaughterhouse,110,3
Sep-10,ISLE OF WIGHT,,Slaughterhouse,0,5
Sep-10,KENT,BEDFORDSHIRE,Slaughterhouse,12,5
Sep-10,KENT,DEVON,Slaughterhouse,70,45
Sep-10,KENT,EAST SUSSEX,Slaughterhouse,64,25
Sep-10,KENT,ESSEX,Slaughterhouse,62,41
Sep-10,KENT,GREATER LONDON,Slaughterhouse,30,6
Sep-10,KENT,HAMPSHIRE,Slaughterhouse,115,61
Sep-10,KENT,HUMBERSIDE,Slaughterhouse,38,15
Sep-10,KENT,KENT,Slaughterhouse,313,61
Sep-10,KENT,NORFOLK,Slaughterhouse,36,19
Sep-10,KENT,SOMERSET,Slaughterhouse,70,40
Sep-10,KENT,SUFFOLK,Slaughterhouse,7,4
Sep-10,KENT,SURREY,Slaughterhouse,87,0
Sep-10,KENT,,Slaughterhouse,19,1
Sep-10,LANCASHIRE,BEDFORDSHIRE,Slaughterhouse,62,57
Sep-10,LANCASHIRE,CHESHIRE,Slaughterhouse,18,7
Sep-10,LANCASHIRE,CLEVELAND,Slaughterhouse,165,87
Sep-10,LANCASHIRE,CORNWALL,Slaughterhouse,1,0
Sep-10,LANCASHIRE,CUMBRIA,Slaughterhouse,170,19
Sep-10,LANCASHIRE,DEVON,Slaughterhouse,252,208
Sep-10,LANCASHIRE,DURHAM,Slaughterhouse,0,1
Sep-10,LANCASHIRE,GREATER MANCHESTER,Slaughterhouse,567,316
Sep-10,LANCASHIRE,HUMBERSIDE,Slaughterhouse,38,35
Sep-10,LANCASHIRE,LANCASHIRE,Slaughterhouse,"2,750",307
Sep-10,LANCASHIRE,MERSEYSIDE,Slaughterhouse,16,0
Sep-10,LANCASHIRE,NORTH YORKSHIRE,Slaughterhouse,192,6
Sep-10,LANCASHIRE,SHROPSHIRE,Slaughterhouse,61,6
Sep-10,LANCASHIRE,SOMERSET,Slaughterhouse,1,0
Sep-10,LANCASHIRE,SOUTH YORKSHIRE,Slaughterhouse,57,23
Sep-10,LANCASHIRE,STAFFORDSHIRE,Slaughterhouse,64,29
Sep-10,LANCASHIRE,STRATHCLYDE,Slaughterhouse,45,26
Sep-10,LANCASHIRE,TAYSIDE,Slaughterhouse,15,0
Sep-10,LANCASHIRE,TYNE & WEAR,Slaughterhouse,33,0
Sep-10,LANCASHIRE,WEST YORKSHIRE,Slaughterhouse,232,192
Sep-10,LANCASHIRE,,Slaughterhouse,614,325
Sep-10,LEICESTERSHIRE,AVON,Slaughterhouse,0,8
Sep-10,LEICESTERSHIRE,BEDFORDSHIRE,Slaughterhouse,274,28
Sep-10,LEICESTERSHIRE,CENTRAL,Slaughterhouse,8,0
Sep-10,LEICESTERSHIRE,DERBYSHIRE,Slaughterhouse,110,17
Sep-10,LEICESTERSHIRE,DEVON,Slaughterhouse,0,19
Sep-10,LEICESTERSHIRE,ESSEX,Slaughterhouse,0,4
Sep-10,LEICESTERSHIRE,GRAMPIAN,Slaughterhouse,1,17
Sep-10,LEICESTERSHIRE,GREATER MANCHESTER,Slaughterhouse,0,22
Sep-10,LEICESTERSHIRE,HAMPSHIRE,Slaughterhouse,0,2
Sep-10,LEICESTERSHIRE,LANCASHIRE,Slaughterhouse,151,27
Sep-10,LEICESTERSHIRE,LEICESTERSHIRE,Slaughterhouse,94,1
Sep-10,LEICESTERSHIRE,LINCOLNSHIRE,Slaughterhouse,"1,065",140
Sep-10,LEICESTERSHIRE,MID GLAMORGAN,Slaughterhouse,121,0
Sep-10,LEICESTERSHIRE,NORFOLK,Slaughterhouse,0,28
Sep-10,LEICESTERSHIRE,NORTH YORKSHIRE,Slaughterhouse,136,65
Sep-10,LEICESTERSHIRE,NOTTINGHAMSHIRE,Slaughterhouse,60,41
Sep-10,LEICESTERSHIRE,OXFORDSHIRE,Slaughterhouse,56,79
Sep-10,LEICESTERSHIRE,SHROPSHIRE,Slaughterhouse,47,23
Sep-10,LEICESTERSHIRE,SOUTH YORKSHIRE,Slaughterhouse,220,81
Sep-10,LEICESTERSHIRE,STAFFORDSHIRE,Slaughterhouse,67,61
Sep-10,LEICESTERSHIRE,STRATHCLYDE,Slaughterhouse,23,8
Sep-10,LEICESTERSHIRE,SUFFOLK,Slaughterhouse,0,1
Sep-10,LEICESTERSHIRE,SURREY,Slaughterhouse,335,11
Sep-10,LEICESTERSHIRE,WARWICKSHIRE,Slaughterhouse,18,13
Sep-10,LEICESTERSHIRE,WEST MIDLANDS,Slaughterhouse,5,1
Sep-10,LEICESTERSHIRE,WEST YORKSHIRE,Slaughterhouse,4,8
Sep-10,LEICESTERSHIRE,WILTSHIRE,Slaughterhouse,0,10
Sep-10,LEICESTERSHIRE,,Slaughterhouse,415,53
Sep-10,LINCOLNSHIRE,BEDFORDSHIRE,Slaughterhouse,5,37
Sep-10,LINCOLNSHIRE,CAMBRIDGESHIRE,Slaughterhouse,9,0
Sep-10,LINCOLNSHIRE,CENTRAL,Slaughterhouse,83,0
Sep-10,LINCOLNSHIRE,CLEVELAND,Slaughterhouse,0,8
Sep-10,LINCOLNSHIRE,CORNWALL,Slaughterhouse,0,1
Sep-10,LINCOLNSHIRE,DERBYSHIRE,Slaughterhouse,14,22
Sep-10,LINCOLNSHIRE,DEVON,Slaughterhouse,11,15
Sep-10,LINCOLNSHIRE,DURHAM,Slaughterhouse,0,3
Sep-10,LINCOLNSHIRE,ESSEX,Slaughterhouse,0,6
Sep-10,LINCOLNSHIRE,GRAMPIAN,Slaughterhouse,0,34
Sep-10,LINCOLNSHIRE,GREATER MANCHESTER,Slaughterhouse,4,107
Sep-10,LINCOLNSHIRE,HAMPSHIRE,Slaughterhouse,0,15
Sep-10,LINCOLNSHIRE,HUMBERSIDE,Slaughterhouse,181,3
Sep-10,LINCOLNSHIRE,LANCASHIRE,Slaughterhouse,19,19
Sep-10,LINCOLNSHIRE,LEICESTERSHIRE,Slaughterhouse,1,0
Sep-10,LINCOLNSHIRE,LINCOLNSHIRE,Slaughterhouse,"1,144",191
Sep-10,LINCOLNSHIRE,MID GLAMORGAN,Slaughterhouse,540,0
Sep-10,LINCOLNSHIRE,NORFOLK,Slaughterhouse,25,56
Sep-10,LINCOLNSHIRE,NORTHAMPTONSHIRE,Slaughterhouse,1,0
Sep-10,LINCOLNSHIRE,NORTH YORKSHIRE,Slaughterhouse,15,17
Sep-10,LINCOLNSHIRE,NOTTINGHAMSHIRE,Slaughterhouse,8,57
Sep-10,LINCOLNSHIRE,OXFORDSHIRE,Slaughterhouse,0,12
Sep-10,LINCOLNSHIRE,SHROPSHIRE,Slaughterhouse,15,4
Sep-10,LINCOLNSHIRE,SOUTH YORKSHIRE,Slaughterhouse,302,84
Sep-10,LINCOLNSHIRE,STAFFORDSHIRE,Slaughterhouse,5,74
Sep-10,LINCOLNSHIRE,STRATHCLYDE,Slaughterhouse,0,11
Sep-10,LINCOLNSHIRE,SUFFOLK,Slaughterhouse,0,2
Sep-10,LINCOLNSHIRE,SURREY,Slaughterhouse,5,0
Sep-10,LINCOLNSHIRE,WEST YORKSHIRE,Slaughterhouse,28,38
Sep-10,LINCOLNSHIRE,,Slaughterhouse,42,93
Sep-10,LOTHIAN,BORDERS,Slaughterhouse,7,26
Sep-10,LOTHIAN,CENTRAL,Slaughterhouse,451,31
Sep-10,LOTHIAN,CUMBRIA,Slaughterhouse,4,5
Sep-10,LOTHIAN,FIFE,Slaughterhouse,0,2
Sep-10,LOTHIAN,GRAMPIAN,Slaughterhouse,36,11
Sep-10,LOTHIAN,HIGHLAND,Slaughterhouse,0,2
Sep-10,LOTHIAN,HUMBERSIDE,Slaughterhouse,17,0
Sep-10,LOTHIAN,LANCASHIRE,Slaughterhouse,0,4
Sep-10,LOTHIAN,SOUTH YORKSHIRE,Slaughterhouse,14,2
Sep-10,LOTHIAN,STRATHCLYDE,Slaughterhouse,372,113
Sep-10,LOTHIAN,TAYSIDE,Slaughterhouse,7,77
Sep-10,LOTHIAN,,Slaughterhouse,0,7
Sep-10,MERSEYSIDE,AVON,Slaughterhouse,0,4
Sep-10,MERSEYSIDE,BEDFORDSHIRE,Slaughterhouse,0,1
Sep-10,MERSEYSIDE,CHESHIRE,Slaughterhouse,14,1
Sep-10,MERSEYSIDE,CLWYD,Slaughterhouse,3,0
Sep-10,MERSEYSIDE,DERBYSHIRE,Slaughterhouse,0,2
Sep-10,MERSEYSIDE,DEVON,Slaughterhouse,0,1
Sep-10,MERSEYSIDE,GREATER MANCHESTER,Slaughterhouse,10,11
Sep-10,MERSEYSIDE,HUMBERSIDE,Slaughterhouse,0,1
Sep-10,MERSEYSIDE,LANCASHIRE,Slaughterhouse,32,4
Sep-10,MERSEYSIDE,LINCOLNSHIRE,Slaughterhouse,32,0
Sep-10,MERSEYSIDE,SHROPSHIRE,Slaughterhouse,108,3
Sep-10,MERSEYSIDE,SOUTH YORKSHIRE,Slaughterhouse,1,6
Sep-10,MERSEYSIDE,STAFFORDSHIRE,Slaughterhouse,0,2
Sep-10,MERSEYSIDE,WEST YORKSHIRE,Slaughterhouse,0,1
Sep-10,MERSEYSIDE,,Slaughterhouse,28,5
Sep-10,MID GLAMORGAN,AVON,Slaughterhouse,0,21
Sep-10,MID GLAMORGAN,BEDFORDSHIRE,Slaughterhouse,2,0
Sep-10,MID GLAMORGAN,CHESHIRE,Slaughterhouse,0,4
Sep-10,MID GLAMORGAN,DEVON,Slaughterhouse,12,12
Sep-10,MID GLAMORGAN,DYFED,Slaughterhouse,35,0
Sep-10,MID GLAMORGAN,GRAMPIAN,Slaughterhouse,4,0
Sep-10,MID GLAMORGAN,GREATER MANCHESTER,Slaughterhouse,0,11
Sep-10,MID GLAMORGAN,LANCASHIRE,Slaughterhouse,0,2
Sep-10,MID GLAMORGAN,MID GLAMORGAN,Slaughterhouse,71,0
Sep-10,MID GLAMORGAN,OXFORDSHIRE,Slaughterhouse,0,1
Sep-10,MID GLAMORGAN,POWYS,Slaughterhouse,1,0
Sep-10,MID GLAMORGAN,SHROPSHIRE,Slaughterhouse,1,1
Sep-10,MID GLAMORGAN,SOMERSET,Slaughterhouse,46,11
Sep-10,MID GLAMORGAN,STRATHCLYDE,Slaughterhouse,3,0
Sep-10,MID GLAMORGAN,WEST GLAMORGAN,Slaughterhouse,9,0
Sep-10,MID GLAMORGAN,WILTSHIRE,Slaughterhouse,9,0
Sep-10,MID GLAMORGAN,,Slaughterhouse,24,0
Sep-10,NORFOLK,BEDFORDSHIRE,Slaughterhouse,362,8
Sep-10,NORFOLK,DERBYSHIRE,Slaughterhouse,0,2
Sep-10,NORFOLK,DEVON,Slaughterhouse,0,5
Sep-10,NORFOLK,ESSEX,Slaughterhouse,7,17
Sep-10,NORFOLK,GRAMPIAN,Slaughterhouse,0,13
Sep-10,NORFOLK,GREATER LONDON,Slaughterhouse,0,2
Sep-10,NORFOLK,GREATER MANCHESTER,Slaughterhouse,0,18
Sep-10,NORFOLK,HAMPSHIRE,Slaughterhouse,0,8
Sep-10,NORFOLK,LANCASHIRE,Slaughterhouse,21,1
Sep-10,NORFOLK,LINCOLNSHIRE,Slaughterhouse,446,13
Sep-10,NORFOLK,MID GLAMORGAN,Slaughterhouse,209,0
Sep-10,NORFOLK,NORFOLK,Slaughterhouse,906,21
Sep-10,NORFOLK,NORTH YORKSHIRE,Slaughterhouse,0,2
Sep-10,NORFOLK,NOTTINGHAMSHIRE,Slaughterhouse,0,8
Sep-10,NORFOLK,OXFORDSHIRE,Slaughterhouse,0,5
Sep-10,NORFOLK,SHROPSHIRE,Slaughterhouse,0,1
Sep-10,NORFOLK,SOMERSET,Slaughterhouse,21,0
Sep-10,NORFOLK,SOUTH YORKSHIRE,Slaughterhouse,192,39
Sep-10,NORFOLK,STAFFORDSHIRE,Slaughterhouse,0,29
Sep-10,NORFOLK,STRATHCLYDE,Slaughterhouse,0,10
Sep-10,NORFOLK,SUFFOLK,Slaughterhouse,231,3
Sep-10,NORFOLK,WEST YORKSHIRE,Slaughterhouse,0,6
Sep-10,NORFOLK,WILTSHIRE,Slaughterhouse,15,0
Sep-10,NORFOLK,,Slaughterhouse,87,48
Sep-10,NORTHAMPTONSHIRE,AVON,Slaughterhouse,0,2
Sep-10,NORTHAMPTONSHIRE,BEDFORDSHIRE,Slaughterhouse,342,2
Sep-10,NORTHAMPTONSHIRE,CAMBRIDGESHIRE,Slaughterhouse,1,0
Sep-10,NORTHAMPTONSHIRE,CENTRAL,Slaughterhouse,75,0
Sep-10,NORTHAMPTONSHIRE,CLWYD,Slaughterhouse,0,0
Sep-10,NORTHAMPTONSHIRE,DERBYSHIRE,Slaughterhouse,0,6
Sep-10,NORTHAMPTONSHIRE,DEVON,Slaughterhouse,0,3
Sep-10,NORTHAMPTONSHIRE,DURHAM,Slaughterhouse,0,1
Sep-10,NORTHAMPTONSHIRE,GLOUCESTERSHIRE,Slaughterhouse,4,0
Sep-10,NORTHAMPTONSHIRE,GRAMPIAN,Slaughterhouse,0,3
Sep-10,NORTHAMPTONSHIRE,GREATER MANCHESTER,Slaughterhouse,0,12
Sep-10,NORTHAMPTONSHIRE,HAMPSHIRE,Slaughterhouse,0,5
Sep-10,NORTHAMPTONSHIRE,HEREFORD & WORCESTER,Slaughterhouse,1,0
Sep-10,NORTHAMPTONSHIRE,LANCASHIRE,Slaughterhouse,34,2
Sep-10,NORTHAMPTONSHIRE,LEICESTERSHIRE,Slaughterhouse,62,7
Sep-10,NORTHAMPTONSHIRE,LINCOLNSHIRE,Slaughterhouse,"1,171",39
Sep-10,NORTHAMPTONSHIRE,MID GLAMORGAN,Slaughterhouse,134,0
Sep-10,NORTHAMPTONSHIRE,NORFOLK,Slaughterhouse,0,15
Sep-10,NORTHAMPTONSHIRE,NORTHAMPTONSHIRE,Slaughterhouse,1,0
Sep-10,NORTHAMPTONSHIRE,NORTH YORKSHIRE,Slaughterhouse,76,5
Sep-10,NORTHAMPTONSHIRE,NOTTINGHAMSHIRE,Slaughterhouse,0,8
Sep-10,NORTHAMPTONSHIRE,OXFORDSHIRE,Slaughterhouse,86,64
Sep-10,NORTHAMPTONSHIRE,SHROPSHIRE,Slaughterhouse,190,3
Sep-10,NORTHAMPTONSHIRE,SOMERSET,Slaughterhouse,5,0
Sep-10,NORTHAMPTONSHIRE,SOUTH YORKSHIRE,Slaughterhouse,26,26
Sep-10,NORTHAMPTONSHIRE,STAFFORDSHIRE,Slaughterhouse,3,25
Sep-10,NORTHAMPTONSHIRE,STRATHCLYDE,Slaughterhouse,0,6
Sep-10,NORTHAMPTONSHIRE,SURREY,Slaughterhouse,402,0
Sep-10,NORTHAMPTONSHIRE,WARWICKSHIRE,Slaughterhouse,13,0
Sep-10,NORTHAMPTONSHIRE,WEST MIDLANDS,Slaughterhouse,0,1
Sep-10,NORTHAMPTONSHIRE,WEST YORKSHIRE,Slaughterhouse,0,4
Sep-10,NORTHAMPTONSHIRE,,Slaughterhouse,183,36
Sep-10,NORTHUMBERLAND,BORDERS,Slaughterhouse,6,9
Sep-10,NORTHUMBERLAND,CENTRAL,Slaughterhouse,"1,194",0
Sep-10,NORTHUMBERLAND,CHESHIRE,Slaughterhouse,0,0
Sep-10,NORTHUMBERLAND,CLEVELAND,Slaughterhouse,0,32
Sep-10,NORTHUMBERLAND,CUMBRIA,Slaughterhouse,89,29
Sep-10,NORTHUMBERLAND,DURHAM,Slaughterhouse,329,229
Sep-10,NORTHUMBERLAND,GRAMPIAN,Slaughterhouse,35,0
Sep-10,NORTHUMBERLAND,GREATER MANCHESTER,Slaughterhouse,0,34
Sep-10,NORTHUMBERLAND,HIGHLAND,Slaughterhouse,0,3
Sep-10,NORTHUMBERLAND,HUMBERSIDE,Slaughterhouse,104,8
Sep-10,NORTHUMBERLAND,LANCASHIRE,Slaughterhouse,253,16
Sep-10,NORTHUMBERLAND,LINCOLNSHIRE,Slaughterhouse,17,1
Sep-10,NORTHUMBERLAND,MID GLAMORGAN,Slaughterhouse,168,0
Sep-10,NORTHUMBERLAND,NORTH YORKSHIRE,Slaughterhouse,72,17
Sep-10,NORTHUMBERLAND,SHROPSHIRE,Slaughterhouse,0,1
Sep-10,NORTHUMBERLAND,SOMERSET,Slaughterhouse,0,2
Sep-10,NORTHUMBERLAND,SOUTH YORKSHIRE,Slaughterhouse,83,0
Sep-10,NORTHUMBERLAND,STAFFORDSHIRE,Slaughterhouse,0,4
Sep-10,NORTHUMBERLAND,STRATHCLYDE,Slaughterhouse,192,15
Sep-10,NORTHUMBERLAND,TAYSIDE,Slaughterhouse,7,6
Sep-10,NORTHUMBERLAND,TYNE & WEAR,Slaughterhouse,487,30
Sep-10,NORTHUMBERLAND,WEST YORKSHIRE,Slaughterhouse,0,46
Sep-10,NORTHUMBERLAND,,Slaughterhouse,124,8
Sep-10,NORTH YORKSHIRE,AVON,Slaughterhouse,0,0
Sep-10,NORTH YORKSHIRE,BEDFORDSHIRE,Slaughterhouse,0,3
Sep-10,NORTH YORKSHIRE,CENTRAL,Slaughterhouse,249,8
Sep-10,NORTH YORKSHIRE,CHESHIRE,Slaughterhouse,16,5
Sep-10,NORTH YORKSHIRE,CLEVELAND,Slaughterhouse,981,858
Sep-10,NORTH YORKSHIRE,CORNWALL,Slaughterhouse,0,1
Sep-10,NORTH YORKSHIRE,CUMBRIA,Slaughterhouse,69,32
Sep-10,NORTH YORKSHIRE,DERBYSHIRE,Slaughterhouse,10,0
Sep-10,NORTH YORKSHIRE,DEVON,Slaughterhouse,0,30
Sep-10,NORTH YORKSHIRE,DURHAM,Slaughterhouse,854,549
Sep-10,NORTH YORKSHIRE,GLOUCESTERSHIRE,Slaughterhouse,0,0
Sep-10,NORTH YORKSHIRE,GREATER MANCHESTER,Slaughterhouse,"1,231",880
Sep-10,NORTH YORKSHIRE,HEREFORD & WORCESTER,Slaughterhouse,0,1
Sep-10,NORTH YORKSHIRE,HIGHLAND,Slaughterhouse,7,6
Sep-10,NORTH YORKSHIRE,HUMBERSIDE,Slaughterhouse,"1,755",187
Sep-10,NORTH YORKSHIRE,LANCASHIRE,Slaughterhouse,"4,031",140
Sep-10,NORTH YORKSHIRE,LINCOLNSHIRE,Slaughterhouse,"1,039",65
Sep-10,NORTH YORKSHIRE,MID GLAMORGAN,Slaughterhouse,164,0
Sep-10,NORTH YORKSHIRE,NORTH YORKSHIRE,Slaughterhouse,"1,918",371
Sep-10,NORTH YORKSHIRE,SHROPSHIRE,Slaughterhouse,292,94
Sep-10,NORTH YORKSHIRE,SOMERSET,Slaughterhouse,0,1
Sep-10,NORTH YORKSHIRE,SOUTH YORKSHIRE,Slaughterhouse,741,116
Sep-10,NORTH YORKSHIRE,STAFFORDSHIRE,Slaughterhouse,47,51
Sep-10,NORTH YORKSHIRE,STRATHCLYDE,Slaughterhouse,203,23
Sep-10,NORTH YORKSHIRE,TYNE & WEAR,Slaughterhouse,15,0
Sep-10,NORTH YORKSHIRE,WEST YORKSHIRE,Slaughterhouse,"2,348","1,389"
Sep-10,NORTH YORKSHIRE,,Slaughterhouse,912,127
Sep-10,NOTTINGHAMSHIRE,BEDFORDSHIRE,Slaughterhouse,70,9
Sep-10,NOTTINGHAMSHIRE,DERBYSHIRE,Slaughterhouse,196,15
Sep-10,NOTTINGHAMSHIRE,DEVON,Slaughterhouse,33,7
Sep-10,NOTTINGHAMSHIRE,ESSEX,Slaughterhouse,30,3
Sep-10,NOTTINGHAMSHIRE,GRAMPIAN,Slaughterhouse,173,37
Sep-10,NOTTINGHAMSHIRE,GREATER MANCHESTER,Slaughterhouse,243,39
Sep-10,NOTTINGHAMSHIRE,HAMPSHIRE,Slaughterhouse,41,5
Sep-10,NOTTINGHAMSHIRE,HUMBERSIDE,Slaughterhouse,5,1
Sep-10,NOTTINGHAMSHIRE,LANCASHIRE,Slaughterhouse,140,19
Sep-10,NOTTINGHAMSHIRE,LEICESTERSHIRE,Slaughterhouse,1,0
Sep-10,NOTTINGHAMSHIRE,LINCOLNSHIRE,Slaughterhouse,877,73
Sep-10,NOTTINGHAMSHIRE,MID GLAMORGAN,Slaughterhouse,11,0
Sep-10,NOTTINGHAMSHIRE,NORFOLK,Slaughterhouse,161,22
Sep-10,NOTTINGHAMSHIRE,NORTH YORKSHIRE,Slaughterhouse,86,23
Sep-10,NOTTINGHAMSHIRE,NOTTINGHAMSHIRE,Slaughterhouse,302,25
Sep-10,NOTTINGHAMSHIRE,OXFORDSHIRE,Slaughterhouse,59,10
Sep-10,NOTTINGHAMSHIRE,SHROPSHIRE,Slaughterhouse,43,12
Sep-10,NOTTINGHAMSHIRE,SOUTH YORKSHIRE,Slaughterhouse,613,55
Sep-10,NOTTINGHAMSHIRE,STAFFORDSHIRE,Slaughterhouse,239,69
Sep-10,NOTTINGHAMSHIRE,STRATHCLYDE,Slaughterhouse,45,2
Sep-10,NOTTINGHAMSHIRE,SUFFOLK,Slaughterhouse,20,5
Sep-10,NOTTINGHAMSHIRE,SURREY,Slaughterhouse,68,2
Sep-10,NOTTINGHAMSHIRE,WEST YORKSHIRE,Slaughterhouse,52,13
Sep-10,NOTTINGHAMSHIRE,,Slaughterhouse,405,53
Sep-10,ORKNEY,CENTRAL,Slaughterhouse,192,4
Sep-10,ORKNEY,CUMBRIA,Slaughterhouse,0,20
Sep-10,ORKNEY,GRAMPIAN,Slaughterhouse,148,15
Sep-10,ORKNEY,HIGHLAND,Slaughterhouse,0,2
Sep-10,ORKNEY,ORKNEY,Slaughterhouse,412,37
Sep-10,ORKNEY,STRATHCLYDE,Slaughterhouse,0,12
Sep-10,ORKNEY,TAYSIDE,Slaughterhouse,15,2
Sep-10,ORKNEY,,Slaughterhouse,0,4
Sep-10,OXFORDSHIRE,AVON,Slaughterhouse,53,5
Sep-10,OXFORDSHIRE,BEDFORDSHIRE,Slaughterhouse,94,7
Sep-10,OXFORDSHIRE,CENTRAL,Slaughterhouse,30,0
Sep-10,OXFORDSHIRE,DERBYSHIRE,Slaughterhouse,0,1
Sep-10,OXFORDSHIRE,DEVON,Slaughterhouse,0,1
Sep-10,OXFORDSHIRE,GLOUCESTERSHIRE,Slaughterhouse,2,13
Sep-10,OXFORDSHIRE,GREATER LONDON,Slaughterhouse,11,0
Sep-10,OXFORDSHIRE,HAMPSHIRE,Slaughterhouse,33,4
Sep-10,OXFORDSHIRE,LANCASHIRE,Slaughterhouse,30,12
Sep-10,OXFORDSHIRE,LINCOLNSHIRE,Slaughterhouse,549,2
Sep-10,OXFORDSHIRE,MID GLAMORGAN,Slaughterhouse,312,5
Sep-10,OXFORDSHIRE,NORFOLK,Slaughterhouse,10,0
Sep-10,OXFORDSHIRE,OXFORDSHIRE,Slaughterhouse,129,19
Sep-10,OXFORDSHIRE,SHROPSHIRE,Slaughterhouse,66,1
Sep-10,OXFORDSHIRE,SOMERSET,Slaughterhouse,100,0
Sep-10,OXFORDSHIRE,SOUTH YORKSHIRE,Slaughterhouse,127,3
Sep-10,OXFORDSHIRE,STAFFORDSHIRE,Slaughterhouse,2,4
Sep-10,OXFORDSHIRE,STRATHCLYDE,Slaughterhouse,0,3
Sep-10,OXFORDSHIRE,SURREY,Slaughterhouse,51,0
Sep-10,OXFORDSHIRE,WARWICKSHIRE,Slaughterhouse,8,0
Sep-10,OXFORDSHIRE,WILTSHIRE,Slaughterhouse,18,34
Sep-10,OXFORDSHIRE,,Slaughterhouse,82,5
Sep-10,POWYS,AVON,Slaughterhouse,1,40
Sep-10,POWYS,BEDFORDSHIRE,Slaughterhouse,60,70
Sep-10,POWYS,CHESHIRE,Slaughterhouse,97,9
Sep-10,POWYS,CLWYD,Slaughterhouse,25,16
Sep-10,POWYS,CUMBRIA,Slaughterhouse,0,1
Sep-10,POWYS,DERBYSHIRE,Slaughterhouse,7,0
Sep-10,POWYS,DEVON,Slaughterhouse,33,62
Sep-10,POWYS,DURHAM,Slaughterhouse,0,4
Sep-10,POWYS,DYFED,Slaughterhouse,82,7
Sep-10,POWYS,GLOUCESTERSHIRE,Slaughterhouse,9,0
Sep-10,POWYS,GRAMPIAN,Slaughterhouse,0,3
Sep-10,POWYS,GREATER MANCHESTER,Slaughterhouse,42,118
Sep-10,POWYS,GWYNEDD,Slaughterhouse,3,2
Sep-10,POWYS,HAMPSHIRE,Slaughterhouse,0,7
Sep-10,POWYS,HEREFORD & WORCESTER,Slaughterhouse,13,0
Sep-10,POWYS,HUMBERSIDE,Slaughterhouse,70,34
Sep-10,POWYS,LANCASHIRE,Slaughterhouse,243,20
Sep-10,POWYS,LEICESTERSHIRE,Slaughterhouse,0,0
Sep-10,POWYS,LINCOLNSHIRE,Slaughterhouse,18,6
Sep-10,POWYS,MID GLAMORGAN,Slaughterhouse,376,2
Sep-10,POWYS,OXFORDSHIRE,Slaughterhouse,0,16
Sep-10,POWYS,POWYS,Slaughterhouse,239,7
Sep-10,POWYS,SHROPSHIRE,Slaughterhouse,999,36
Sep-10,POWYS,SOMERSET,Slaughterhouse,45,20
Sep-10,POWYS,SOUTH YORKSHIRE,Slaughterhouse,0,1
Sep-10,POWYS,STAFFORDSHIRE,Slaughterhouse,32,65
Sep-10,POWYS,STRATHCLYDE,Slaughterhouse,0,4
Sep-10,POWYS,TYNE & WEAR,Slaughterhouse,12,0
Sep-10,POWYS,WARWICKSHIRE,Slaughterhouse,0,3
Sep-10,POWYS,WEST GLAMORGAN,Slaughterhouse,73,2
Sep-10,POWYS,WEST YORKSHIRE,Slaughterhouse,5,8
Sep-10,POWYS,WILTSHIRE,Slaughterhouse,0,3
Sep-10,POWYS,,Slaughterhouse,223,72
Sep-10,SCILLY ISLES,CORNWALL,Slaughterhouse,6,1
Sep-10,SHETLAND,CUMBRIA,Slaughterhouse,0,1
Sep-10,SHETLAND,SHETLAND,Slaughterhouse,10,0
Sep-10,SHETLAND,STRATHCLYDE,Slaughterhouse,0,1
Sep-10,SHETLAND,,Slaughterhouse,0,1
Sep-10,SHROPSHIRE,AVON,Slaughterhouse,290,95
Sep-10,SHROPSHIRE,BEDFORDSHIRE,Slaughterhouse,249,108
Sep-10,SHROPSHIRE,CENTRAL,Slaughterhouse,38,1
Sep-10,SHROPSHIRE,CHESHIRE,Slaughterhouse,472,82
Sep-10,SHROPSHIRE,CLWYD,Slaughterhouse,170,29
Sep-10,SHROPSHIRE,CUMBRIA,Slaughterhouse,21,6
Sep-10,SHROPSHIRE,DERBYSHIRE,Slaughterhouse,94,43
Sep-10,SHROPSHIRE,DEVON,Slaughterhouse,673,233
Sep-10,SHROPSHIRE,DURHAM,Slaughterhouse,140,43
Sep-10,SHROPSHIRE,DYFED,Slaughterhouse,90,48
Sep-10,SHROPSHIRE,GRAMPIAN,Slaughterhouse,116,36
Sep-10,SHROPSHIRE,GREATER MANCHESTER,Slaughterhouse,885,388
Sep-10,SHROPSHIRE,HAMPSHIRE,Slaughterhouse,59,17
Sep-10,SHROPSHIRE,HEREFORD & WORCESTER,Slaughterhouse,45,0
Sep-10,SHROPSHIRE,HUMBERSIDE,Slaughterhouse,66,24
Sep-10,SHROPSHIRE,LANCASHIRE,Slaughterhouse,567,99
Sep-10,SHROPSHIRE,LEICESTERSHIRE,Slaughterhouse,2,0
Sep-10,SHROPSHIRE,LINCOLNSHIRE,Slaughterhouse,520,48
Sep-10,SHROPSHIRE,MID GLAMORGAN,Slaughterhouse,81,0
Sep-10,SHROPSHIRE,NORTHAMPTONSHIRE,Slaughterhouse,1,1
Sep-10,SHROPSHIRE,OXFORDSHIRE,Slaughterhouse,178,92
Sep-10,SHROPSHIRE,POWYS,Slaughterhouse,13,4
Sep-10,SHROPSHIRE,SHROPSHIRE,Slaughterhouse,"2,893",186
Sep-10,SHROPSHIRE,SOMERSET,Slaughterhouse,168,51
Sep-10,SHROPSHIRE,SOUTH YORKSHIRE,Slaughterhouse,109,15
Sep-10,SHROPSHIRE,STAFFORDSHIRE,Slaughterhouse,"1,268",564
Sep-10,SHROPSHIRE,STRATHCLYDE,Slaughterhouse,338,91
Sep-10,SHROPSHIRE,SURREY,Slaughterhouse,6,1
Sep-10,SHROPSHIRE,TYNE & WEAR,Slaughterhouse,65,0
Sep-10,SHROPSHIRE,WARWICKSHIRE,Slaughterhouse,74,44
Sep-10,SHROPSHIRE,WEST MIDLANDS,Slaughterhouse,94,16
Sep-10,SHROPSHIRE,WEST YORKSHIRE,Slaughterhouse,170,69
Sep-10,SHROPSHIRE,WILTSHIRE,Slaughterhouse,82,31
Sep-10,SHROPSHIRE,,Slaughterhouse,"1,023",215
Sep-10,SOMERSET,AVON,Slaughterhouse,715,46
Sep-10,SOMERSET,BEDFORDSHIRE,Slaughterhouse,108,51
Sep-10,SOMERSET,CENTRAL,Slaughterhouse,0,0
Sep-10,SOMERSET,CORNWALL,Slaughterhouse,230,64
Sep-10,SOMERSET,CUMBRIA,Slaughterhouse,7,0
Sep-10,SOMERSET,DEVON,Slaughterhouse,473,148
Sep-10,SOMERSET,DORSET,Slaughterhouse,107,0
Sep-10,SOMERSET,GLOUCESTERSHIRE,Slaughterhouse,381,163
Sep-10,SOMERSET,HAMPSHIRE,Slaughterhouse,0,0
Sep-10,SOMERSET,KENT,Slaughterhouse,75,22
Sep-10,SOMERSET,LANCASHIRE,Slaughterhouse,37,17
Sep-10,SOMERSET,LINCOLNSHIRE,Slaughterhouse,55,0
Sep-10,SOMERSET,MID GLAMORGAN,Slaughterhouse,350,0
Sep-10,SOMERSET,NORTH YORKSHIRE,Slaughterhouse,1,0
Sep-10,SOMERSET,OXFORDSHIRE,Slaughterhouse,59,28
Sep-10,SOMERSET,SHROPSHIRE,Slaughterhouse,153,9
Sep-10,SOMERSET,SOMERSET,Slaughterhouse,"2,440",88
Sep-10,SOMERSET,SOUTH YORKSHIRE,Slaughterhouse,135,0
Sep-10,SOMERSET,STAFFORDSHIRE,Slaughterhouse,5,0
Sep-10,SOMERSET,SURREY,Slaughterhouse,30,0
Sep-10,SOMERSET,WILTSHIRE,Slaughterhouse,127,9
Sep-10,SOMERSET,,Slaughterhouse,743,170
Sep-10,SOUTH GLAMORGAN,AVON,Slaughterhouse,0,7
Sep-10,SOUTH GLAMORGAN,DEVON,Slaughterhouse,0,5
Sep-10,SOUTH GLAMORGAN,DYFED,Slaughterhouse,39,1
Sep-10,SOUTH GLAMORGAN,GLOUCESTERSHIRE,Slaughterhouse,7,1
Sep-10,SOUTH GLAMORGAN,LANCASHIRE,Slaughterhouse,8,1
Sep-10,SOUTH GLAMORGAN,LINCOLNSHIRE,Slaughterhouse,47,0
Sep-10,SOUTH GLAMORGAN,MID GLAMORGAN,Slaughterhouse,270,0
Sep-10,SOUTH GLAMORGAN,OXFORDSHIRE,Slaughterhouse,0,1
Sep-10,SOUTH GLAMORGAN,SOMERSET,Slaughterhouse,38,2
Sep-10,SOUTH GLAMORGAN,SURREY,Slaughterhouse,5,0
Sep-10,SOUTH GLAMORGAN,WEST GLAMORGAN,Slaughterhouse,9,0
Sep-10,SOUTH GLAMORGAN,WILTSHIRE,Slaughterhouse,0,5
Sep-10,SOUTH GLAMORGAN,,Slaughterhouse,46,2
Sep-10,SOUTH YORKSHIRE,AVON,Slaughterhouse,0,0
Sep-10,SOUTH YORKSHIRE,BEDFORDSHIRE,Slaughterhouse,0,1
Sep-10,SOUTH YORKSHIRE,CHESHIRE,Slaughterhouse,196,0
Sep-10,SOUTH YORKSHIRE,CLEVELAND,Slaughterhouse,0,34
Sep-10,SOUTH YORKSHIRE,CUMBRIA,Slaughterhouse,0,0
Sep-10,SOUTH YORKSHIRE,DERBYSHIRE,Slaughterhouse,13,1
Sep-10,SOUTH YORKSHIRE,DEVON,Slaughterhouse,0,5
Sep-10,SOUTH YORKSHIRE,DURHAM,Slaughterhouse,0,6
Sep-10,SOUTH YORKSHIRE,GREATER MANCHESTER,Slaughterhouse,0,68
Sep-10,SOUTH YORKSHIRE,HUMBERSIDE,Slaughterhouse,41,1
Sep-10,SOUTH YORKSHIRE,LANCASHIRE,Slaughterhouse,24,1
Sep-10,SOUTH YORKSHIRE,LINCOLNSHIRE,Slaughterhouse,8,8
Sep-10,SOUTH YORKSHIRE,NORTH YORKSHIRE,Slaughterhouse,1,33
Sep-10,SOUTH YORKSHIRE,NOTTINGHAMSHIRE,Slaughterhouse,1,0
Sep-10,SOUTH YORKSHIRE,OXFORDSHIRE,Slaughterhouse,0,1
Sep-10,SOUTH YORKSHIRE,SHROPSHIRE,Slaughterhouse,0,4
Sep-10,SOUTH YORKSHIRE,SOUTH YORKSHIRE,Slaughterhouse,708,26
Sep-10,SOUTH YORKSHIRE,STAFFORDSHIRE,Slaughterhouse,82,9
Sep-10,SOUTH YORKSHIRE,STRATHCLYDE,Slaughterhouse,0,7
Sep-10,SOUTH YORKSHIRE,WEST YORKSHIRE,Slaughterhouse,79,107
Sep-10,SOUTH YORKSHIRE,,Slaughterhouse,197,3
Sep-10,STAFFORDSHIRE,AVON,Slaughterhouse,1,40
Sep-10,STAFFORDSHIRE,BEDFORDSHIRE,Slaughterhouse,84,135
Sep-10,STAFFORDSHIRE,CHESHIRE,Slaughterhouse,148,62
Sep-10,STAFFORDSHIRE,CLEVELAND,Slaughterhouse,1,0
Sep-10,STAFFORDSHIRE,CLWYD,Slaughterhouse,35,0
Sep-10,STAFFORDSHIRE,CUMBRIA,Slaughterhouse,3,0
Sep-10,STAFFORDSHIRE,DERBYSHIRE,Slaughterhouse,45,48
Sep-10,STAFFORDSHIRE,DEVON,Slaughterhouse,0,170
Sep-10,STAFFORDSHIRE,DURHAM,Slaughterhouse,0,30
Sep-10,STAFFORDSHIRE,DYFED,Slaughterhouse,0,8
Sep-10,STAFFORDSHIRE,GLOUCESTERSHIRE,Slaughterhouse,8,0
Sep-10,STAFFORDSHIRE,GRAMPIAN,Slaughterhouse,0,22
Sep-10,STAFFORDSHIRE,GREATER MANCHESTER,Slaughterhouse,22,157
Sep-10,STAFFORDSHIRE,HUMBERSIDE,Slaughterhouse,2,3
Sep-10,STAFFORDSHIRE,LANCASHIRE,Slaughterhouse,322,45
Sep-10,STAFFORDSHIRE,LINCOLNSHIRE,Slaughterhouse,283,10
Sep-10,STAFFORDSHIRE,MID GLAMORGAN,Slaughterhouse,143,0
Sep-10,STAFFORDSHIRE,NORTH YORKSHIRE,Slaughterhouse,26,1
Sep-10,STAFFORDSHIRE,NOTTINGHAMSHIRE,Slaughterhouse,0,1
Sep-10,STAFFORDSHIRE,OXFORDSHIRE,Slaughterhouse,0,25
Sep-10,STAFFORDSHIRE,SHROPSHIRE,Slaughterhouse,"1,088",83
Sep-10,STAFFORDSHIRE,SOMERSET,Slaughterhouse,216,5
Sep-10,STAFFORDSHIRE,SOUTH YORKSHIRE,Slaughterhouse,211,103
Sep-10,STAFFORDSHIRE,STAFFORDSHIRE,Slaughterhouse,"1,745",454
Sep-10,STAFFORDSHIRE,STRATHCLYDE,Slaughterhouse,29,104
Sep-10,STAFFORDSHIRE,SURREY,Slaughterhouse,8,0
Sep-10,STAFFORDSHIRE,TYNE & WEAR,Slaughterhouse,5,0
Sep-10,STAFFORDSHIRE,WARWICKSHIRE,Slaughterhouse,2,3
Sep-10,STAFFORDSHIRE,WEST MIDLANDS,Slaughterhouse,2,4
Sep-10,STAFFORDSHIRE,WEST YORKSHIRE,Slaughterhouse,49,99
Sep-10,STAFFORDSHIRE,WILTSHIRE,Slaughterhouse,0,16
Sep-10,STAFFORDSHIRE,,Slaughterhouse,512,146
Sep-10,STRATHCLYDE,BORDERS,Slaughterhouse,0,3
Sep-10,STRATHCLYDE,CENTRAL,Slaughterhouse,947,26
Sep-10,STRATHCLYDE,CUMBRIA,Slaughterhouse,212,150
Sep-10,STRATHCLYDE,DERBYSHIRE,Slaughterhouse,0,8
Sep-10,STRATHCLYDE,DUMFRIES & GALLOWAY,Slaughterhouse,0,0
Sep-10,STRATHCLYDE,DURHAM,Slaughterhouse,0,3
Sep-10,STRATHCLYDE,FIFE,Slaughterhouse,0,1
Sep-10,STRATHCLYDE,GRAMPIAN,Slaughterhouse,252,38
Sep-10,STRATHCLYDE,HIGHLAND,Slaughterhouse,53,32
Sep-10,STRATHCLYDE,HUMBERSIDE,Slaughterhouse,1,0
Sep-10,STRATHCLYDE,LANCASHIRE,Slaughterhouse,27,36
Sep-10,STRATHCLYDE,LINCOLNSHIRE,Slaughterhouse,2,0
Sep-10,STRATHCLYDE,SOMERSET,Slaughterhouse,2,0
Sep-10,STRATHCLYDE,SOUTH YORKSHIRE,Slaughterhouse,115,120
Sep-10,STRATHCLYDE,STRATHCLYDE,Slaughterhouse,"3,657",576
Sep-10,STRATHCLYDE,TAYSIDE,Slaughterhouse,649,111
Sep-10,STRATHCLYDE,,Slaughterhouse,629,294
Sep-10,SUFFOLK,BEDFORDSHIRE,Slaughterhouse,150,0
Sep-10,SUFFOLK,ESSEX,Slaughterhouse,43,96
Sep-10,SUFFOLK,GREATER LONDON,Slaughterhouse,0,8
Sep-10,SUFFOLK,HAMPSHIRE,Slaughterhouse,0,29
Sep-10,SUFFOLK,KENT,Slaughterhouse,1,0
Sep-10,SUFFOLK,LINCOLNSHIRE,Slaughterhouse,441,0
Sep-10,SUFFOLK,MID GLAMORGAN,Slaughterhouse,76,0
Sep-10,SUFFOLK,NORFOLK,Slaughterhouse,47,60
Sep-10,SUFFOLK,NORTH YORKSHIRE,Slaughterhouse,0,1
Sep-10,SUFFOLK,NOTTINGHAMSHIRE,Slaughterhouse,0,2
Sep-10,SUFFOLK,OXFORDSHIRE,Slaughterhouse,3,0
Sep-10,SUFFOLK,SOMERSET,Slaughterhouse,24,0
Sep-10,SUFFOLK,SOUTH YORKSHIRE,Slaughterhouse,68,1
Sep-10,SUFFOLK,SUFFOLK,Slaughterhouse,245,20
Sep-10,SUFFOLK,,Slaughterhouse,315,1
Sep-10,SURREY,AVON,Slaughterhouse,11,0
Sep-10,SURREY,BEDFORDSHIRE,Slaughterhouse,2,0
Sep-10,SURREY,DEVON,Slaughterhouse,0,6
Sep-10,SURREY,EAST SUSSEX,Slaughterhouse,6,4
Sep-10,SURREY,ESSEX,Slaughterhouse,0,5
Sep-10,SURREY,HAMPSHIRE,Slaughterhouse,62,11
Sep-10,SURREY,HUMBERSIDE,Slaughterhouse,0,10
Sep-10,SURREY,KENT,Slaughterhouse,9,9
Sep-10,SURREY,NORFOLK,Slaughterhouse,0,6
Sep-10,SURREY,OXFORDSHIRE,Slaughterhouse,1,0
Sep-10,SURREY,SOMERSET,Slaughterhouse,14,21
Sep-10,SURREY,SOUTH YORKSHIRE,Slaughterhouse,0,5
Sep-10,SURREY,SURREY,Slaughterhouse,199,0
Sep-10,SURREY,WEST SUSSEX,Slaughterhouse,16,0
Sep-10,SURREY,,Slaughterhouse,14,0
Sep-10,TAYSIDE,CENTRAL,Slaughterhouse,690,16
Sep-10,TAYSIDE,CUMBRIA,Slaughterhouse,5,2
Sep-10,TAYSIDE,FIFE,Slaughterhouse,235,87
Sep-10,TAYSIDE,GRAMPIAN,Slaughterhouse,518,30
Sep-10,TAYSIDE,HIGHLAND,Slaughterhouse,2,0
Sep-10,TAYSIDE,LANCASHIRE,Slaughterhouse,42,3
Sep-10,TAYSIDE,SHROPSHIRE,Slaughterhouse,1,0
Sep-10,TAYSIDE,SOUTH YORKSHIRE,Slaughterhouse,0,2
Sep-10,TAYSIDE,STRATHCLYDE,Slaughterhouse,378,145
Sep-10,TAYSIDE,TAYSIDE,Slaughterhouse,"1,037",13
Sep-10,TAYSIDE,,Slaughterhouse,11,5
Sep-10,TYNE & WEAR,CENTRAL,Slaughterhouse,35,0
Sep-10,TYNE & WEAR,CLEVELAND,Slaughterhouse,0,13
Sep-10,TYNE & WEAR,CUMBRIA,Slaughterhouse,4,0
Sep-10,TYNE & WEAR,DURHAM,Slaughterhouse,3,8
Sep-10,TYNE & WEAR,GREATER MANCHESTER,Slaughterhouse,0,4
Sep-10,TYNE & WEAR,LANCASHIRE,Slaughterhouse,25,1
Sep-10,TYNE & WEAR,NORTH YORKSHIRE,Slaughterhouse,4,1
Sep-10,TYNE & WEAR,SOUTH YORKSHIRE,Slaughterhouse,20,0
Sep-10,TYNE & WEAR,TYNE & WEAR,Slaughterhouse,86,2
Sep-10,TYNE & WEAR,WEST YORKSHIRE,Slaughterhouse,0,6
Sep-10,TYNE & WEAR,,Slaughterhouse,0,1
Sep-10,WARWICKSHIRE,AVON,Slaughterhouse,0,11
Sep-10,WARWICKSHIRE,BEDFORDSHIRE,Slaughterhouse,97,3
Sep-10,WARWICKSHIRE,CHESHIRE,Slaughterhouse,0,1
Sep-10,WARWICKSHIRE,CUMBRIA,Slaughterhouse,0,1
Sep-10,WARWICKSHIRE,DERBYSHIRE,Slaughterhouse,0,12
Sep-10,WARWICKSHIRE,DEVON,Slaughterhouse,1,7
Sep-10,WARWICKSHIRE,DURHAM,Slaughterhouse,0,1
Sep-10,WARWICKSHIRE,DYFED,Slaughterhouse,0,1
Sep-10,WARWICKSHIRE,ESSEX,Slaughterhouse,0,5
Sep-10,WARWICKSHIRE,GLOUCESTERSHIRE,Slaughterhouse,5,2
Sep-10,WARWICKSHIRE,GRAMPIAN,Slaughterhouse,0,48
Sep-10,WARWICKSHIRE,GREATER MANCHESTER,Slaughterhouse,0,19
Sep-10,WARWICKSHIRE,HAMPSHIRE,Slaughterhouse,6,3
Sep-10,WARWICKSHIRE,HEREFORD & WORCESTER,Slaughterhouse,7,0
Sep-10,WARWICKSHIRE,LANCASHIRE,Slaughterhouse,81,43
Sep-10,WARWICKSHIRE,LEICESTERSHIRE,Slaughterhouse,68,21
Sep-10,WARWICKSHIRE,LINCOLNSHIRE,Slaughterhouse,320,56
Sep-10,WARWICKSHIRE,MID GLAMORGAN,Slaughterhouse,232,0
Sep-10,WARWICKSHIRE,NORFOLK,Slaughterhouse,0,12
Sep-10,WARWICKSHIRE,NORTH YORKSHIRE,Slaughterhouse,15,17
Sep-10,WARWICKSHIRE,NOTTINGHAMSHIRE,Slaughterhouse,0,21
Sep-10,WARWICKSHIRE,OXFORDSHIRE,Slaughterhouse,74,60
Sep-10,WARWICKSHIRE,SHROPSHIRE,Slaughterhouse,91,27
Sep-10,WARWICKSHIRE,SOMERSET,Slaughterhouse,46,0
Sep-10,WARWICKSHIRE,SOUTH YORKSHIRE,Slaughterhouse,8,17
Sep-10,WARWICKSHIRE,STAFFORDSHIRE,Slaughterhouse,99,48
Sep-10,WARWICKSHIRE,STRATHCLYDE,Slaughterhouse,0,15
Sep-10,WARWICKSHIRE,SUFFOLK,Slaughterhouse,0,6
Sep-10,WARWICKSHIRE,SURREY,Slaughterhouse,91,0
Sep-10,WARWICKSHIRE,WARWICKSHIRE,Slaughterhouse,69,0
Sep-10,WARWICKSHIRE,WEST MIDLANDS,Slaughterhouse,11,1
Sep-10,WARWICKSHIRE,WEST YORKSHIRE,Slaughterhouse,0,3
Sep-10,WARWICKSHIRE,WILTSHIRE,Slaughterhouse,5,9
Sep-10,WARWICKSHIRE,,Slaughterhouse,213,75
Sep-10,WESTERN ISLES,WESTERN ISLES,Slaughterhouse,6,0
Sep-10,WESTERN ISLES,,Slaughterhouse,24,0
Sep-10,WEST GLAMORGAN,AVON,Slaughterhouse,1,6
Sep-10,WEST GLAMORGAN,BEDFORDSHIRE,Slaughterhouse,1,10
Sep-10,WEST GLAMORGAN,CHESHIRE,Slaughterhouse,0,1
Sep-10,WEST GLAMORGAN,DEVON,Slaughterhouse,1,4
Sep-10,WEST GLAMORGAN,DURHAM,Slaughterhouse,0,1
Sep-10,WEST GLAMORGAN,DYFED,Slaughterhouse,30,11
Sep-10,WEST GLAMORGAN,GLOUCESTERSHIRE,Slaughterhouse,10,1
Sep-10,WEST GLAMORGAN,GRAMPIAN,Slaughterhouse,0,1
Sep-10,WEST GLAMORGAN,GREATER MANCHESTER,Slaughterhouse,0,1
Sep-10,WEST GLAMORGAN,LANCASHIRE,Slaughterhouse,3,0
Sep-10,WEST GLAMORGAN,LINCOLNSHIRE,Slaughterhouse,19,0
Sep-10,WEST GLAMORGAN,MID GLAMORGAN,Slaughterhouse,135,0
Sep-10,WEST GLAMORGAN,POWYS,Slaughterhouse,5,0
Sep-10,WEST GLAMORGAN,SHROPSHIRE,Slaughterhouse,9,0
Sep-10,WEST GLAMORGAN,STAFFORDSHIRE,Slaughterhouse,10,5
Sep-10,WEST GLAMORGAN,SURREY,Slaughterhouse,17,0
Sep-10,WEST GLAMORGAN,WEST GLAMORGAN,Slaughterhouse,41,2
Sep-10,WEST GLAMORGAN,WILTSHIRE,Slaughterhouse,1,3
Sep-10,WEST GLAMORGAN,,Slaughterhouse,23,3
Sep-10,WEST MIDLANDS,AVON,Slaughterhouse,0,7
Sep-10,WEST MIDLANDS,BEDFORDSHIRE,Slaughterhouse,0,1
Sep-10,WEST MIDLANDS,DEVON,Slaughterhouse,0,1
Sep-10,WEST MIDLANDS,LANCASHIRE,Slaughterhouse,0,3
Sep-10,WEST MIDLANDS,LEICESTERSHIRE,Slaughterhouse,6,0
Sep-10,WEST MIDLANDS,LINCOLNSHIRE,Slaughterhouse,0,2
Sep-10,WEST MIDLANDS,MID GLAMORGAN,Slaughterhouse,24,0
Sep-10,WEST MIDLANDS,NOTTINGHAMSHIRE,Slaughterhouse,0,4
Sep-10,WEST MIDLANDS,OXFORDSHIRE,Slaughterhouse,0,20
Sep-10,WEST MIDLANDS,SHROPSHIRE,Slaughterhouse,0,5
Sep-10,WEST MIDLANDS,SOUTH YORKSHIRE,Slaughterhouse,5,2
Sep-10,WEST MIDLANDS,STAFFORDSHIRE,Slaughterhouse,4,10
Sep-10,WEST MIDLANDS,WARWICKSHIRE,Slaughterhouse,3,2
Sep-10,WEST MIDLANDS,WEST MIDLANDS,Slaughterhouse,0,1
Sep-10,WEST MIDLANDS,WEST YORKSHIRE,Slaughterhouse,0,2
Sep-10,WEST MIDLANDS,,Slaughterhouse,41,0
Sep-10,WEST SUSSEX,AVON,Slaughterhouse,22,0
Sep-10,WEST SUSSEX,BEDFORDSHIRE,Slaughterhouse,12,0
Sep-10,WEST SUSSEX,CENTRAL,Slaughterhouse,64,0
Sep-10,WEST SUSSEX,DEVON,Slaughterhouse,0,2
Sep-10,WEST SUSSEX,EAST SUSSEX,Slaughterhouse,8,6
Sep-10,WEST SUSSEX,ESSEX,Slaughterhouse,0,1
Sep-10,WEST SUSSEX,GREATER LONDON,Slaughterhouse,10,0
Sep-10,WEST SUSSEX,HAMPSHIRE,Slaughterhouse,44,4
Sep-10,WEST SUSSEX,HUMBERSIDE,Slaughterhouse,0,4
Sep-10,WEST SUSSEX,KENT,Slaughterhouse,21,4
Sep-10,WEST SUSSEX,LINCOLNSHIRE,Slaughterhouse,132,0
Sep-10,WEST SUSSEX,NORFOLK,Slaughterhouse,0,1
Sep-10,WEST SUSSEX,OXFORDSHIRE,Slaughterhouse,9,0
Sep-10,WEST SUSSEX,SOMERSET,Slaughterhouse,508,6
Sep-10,WEST SUSSEX,SUFFOLK,Slaughterhouse,17,0
Sep-10,WEST SUSSEX,SURREY,Slaughterhouse,231,0
Sep-10,WEST SUSSEX,WEST SUSSEX,Slaughterhouse,64,0
Sep-10,WEST SUSSEX,,Slaughterhouse,22,0
Sep-10,WEST YORKSHIRE,AVON,Slaughterhouse,1,0
Sep-10,WEST YORKSHIRE,CHESHIRE,Slaughterhouse,0,1
Sep-10,WEST YORKSHIRE,CLEVELAND,Slaughterhouse,0,65
Sep-10,WEST YORKSHIRE,DERBYSHIRE,Slaughterhouse,2,1
Sep-10,WEST YORKSHIRE,DEVON,Slaughterhouse,0,2
Sep-10,WEST YORKSHIRE,DURHAM,Slaughterhouse,81,40
Sep-10,WEST YORKSHIRE,GREATER MANCHESTER,Slaughterhouse,82,85
Sep-10,WEST YORKSHIRE,HAMPSHIRE,Slaughterhouse,0,1
Sep-10,WEST YORKSHIRE,HUMBERSIDE,Slaughterhouse,51,15
Sep-10,WEST YORKSHIRE,LANCASHIRE,Slaughterhouse,270,27
Sep-10,WEST YORKSHIRE,LINCOLNSHIRE,Slaughterhouse,0,8
Sep-10,WEST YORKSHIRE,NORTH YORKSHIRE,Slaughterhouse,46,49
Sep-10,WEST YORKSHIRE,NOTTINGHAMSHIRE,Slaughterhouse,0,8
Sep-10,WEST YORKSHIRE,SOUTH YORKSHIRE,Slaughterhouse,279,24
Sep-10,WEST YORKSHIRE,STAFFORDSHIRE,Slaughterhouse,1,1
Sep-10,WEST YORKSHIRE,STRATHCLYDE,Slaughterhouse,0,6
Sep-10,WEST YORKSHIRE,TYNE & WEAR,Slaughterhouse,29,0
Sep-10,WEST YORKSHIRE,WEST YORKSHIRE,Slaughterhouse,918,276
Sep-10,WEST YORKSHIRE,,Slaughterhouse,39,6
Sep-10,WILTSHIRE,AVON,Slaughterhouse,724,17
Sep-10,WILTSHIRE,BEDFORDSHIRE,Slaughterhouse,112,1
Sep-10,WILTSHIRE,CENTRAL,Slaughterhouse,2,0
Sep-10,WILTSHIRE,CLEVELAND,Slaughterhouse,1,0
Sep-10,WILTSHIRE,CLWYD,Slaughterhouse,0,0
Sep-10,WILTSHIRE,DEVON,Slaughterhouse,40,51
Sep-10,WILTSHIRE,DORSET,Slaughterhouse,16,0
Sep-10,WILTSHIRE,DYFED,Slaughterhouse,0,1
Sep-10,WILTSHIRE,GLOUCESTERSHIRE,Slaughterhouse,14,65
Sep-10,WILTSHIRE,HAMPSHIRE,Slaughterhouse,9,2
Sep-10,WILTSHIRE,KENT,Slaughterhouse,0,3
Sep-10,WILTSHIRE,LINCOLNSHIRE,Slaughterhouse,47,0
Sep-10,WILTSHIRE,MID GLAMORGAN,Slaughterhouse,236,2
Sep-10,WILTSHIRE,OXFORDSHIRE,Slaughterhouse,25,24
Sep-10,WILTSHIRE,SHROPSHIRE,Slaughterhouse,1,2
Sep-10,WILTSHIRE,SOMERSET,Slaughterhouse,545,28
Sep-10,WILTSHIRE,SOUTH YORKSHIRE,Slaughterhouse,41,1
Sep-10,WILTSHIRE,SURREY,Slaughterhouse,78,0
Sep-10,WILTSHIRE,WARWICKSHIRE,Slaughterhouse,1,0
Sep-10,WILTSHIRE,WILTSHIRE,Slaughterhouse,316,21
Sep-10,WILTSHIRE,,Slaughterhouse,281,53
Sep-10,0,CENTRAL,Slaughterhouse,37,0
Sep-10,0,CUMBRIA,Slaughterhouse,3,0
Sep-10,0,LANCASHIRE,Slaughterhouse,1,0
Sep-10,0,NORTH YORKSHIRE,Slaughterhouse,0,0
Sep-10,0,SHETLAND,Slaughterhouse,3,0
Sep-10,0,SHROPSHIRE,Slaughterhouse,0,3
Sep-10,0,STRATHCLYDE,Slaughterhouse,6,0
Oct-10,AVON,AVON,Slaughterhouse,651,7
Oct-10,AVON,BEDFORDSHIRE,Slaughterhouse,11,9
Oct-10,AVON,CORNWALL,Slaughterhouse,2,13
Oct-10,AVON,DEVON,Slaughterhouse,8,10
Oct-10,AVON,DYFED,Slaughterhouse,0,1
Oct-10,AVON,GLOUCESTERSHIRE,Slaughterhouse,20,54
Oct-10,AVON,KENT,Slaughterhouse,0,13
Oct-10,AVON,LANCASHIRE,Slaughterhouse,0,2
Oct-10,AVON,LINCOLNSHIRE,Slaughterhouse,74,1
Oct-10,AVON,MID GLAMORGAN,Slaughterhouse,278,0
Oct-10,AVON,OXFORDSHIRE,Slaughterhouse,15,20
Oct-10,AVON,SHROPSHIRE,Slaughterhouse,17,0
Oct-10,AVON,SOMERSET,Slaughterhouse,120,15
Oct-10,AVON,SOUTH YORKSHIRE,Slaughterhouse,0,5
Oct-10,AVON,WILTSHIRE,Slaughterhouse,"1,002",7
Oct-10,AVON,,Slaughterhouse,18,36
Oct-10,BEDFORDSHIRE,BEDFORDSHIRE,Slaughterhouse,262,0
Oct-10,BEDFORDSHIRE,CAMBRIDGESHIRE,Slaughterhouse,11,0
Oct-10,BEDFORDSHIRE,DEVON,Slaughterhouse,1,0
Oct-10,BEDFORDSHIRE,GREATER LONDON,Slaughterhouse,14,0
Oct-10,BEDFORDSHIRE,HAMPSHIRE,Slaughterhouse,8,1
Oct-10,BEDFORDSHIRE,LEICESTERSHIRE,Slaughterhouse,6,0
Oct-10,BEDFORDSHIRE,LINCOLNSHIRE,Slaughterhouse,145,0
Oct-10,BEDFORDSHIRE,OXFORDSHIRE,Slaughterhouse,4,4
Oct-10,BEDFORDSHIRE,SHROPSHIRE,Slaughterhouse,13,0
Oct-10,BEDFORDSHIRE,STAFFORDSHIRE,Slaughterhouse,0,0
Oct-10,BEDFORDSHIRE,SURREY,Slaughterhouse,2,0
Oct-10,BEDFORDSHIRE,WEST YORKSHIRE,Slaughterhouse,25,0
Oct-10,BEDFORDSHIRE,,Slaughterhouse,1,0
Oct-10,BERKSHIRE,AVON,Slaughterhouse,76,0
Oct-10,BERKSHIRE,BEDFORDSHIRE,Slaughterhouse,61,2
Oct-10,BERKSHIRE,DEVON,Slaughterhouse,0,2
Oct-10,BERKSHIRE,GLOUCESTERSHIRE,Slaughterhouse,0,3
Oct-10,BERKSHIRE,HAMPSHIRE,Slaughterhouse,190,1
Oct-10,BERKSHIRE,LINCOLNSHIRE,Slaughterhouse,15,0
Oct-10,BERKSHIRE,MID GLAMORGAN,Slaughterhouse,8,0
Oct-10,BERKSHIRE,OXFORDSHIRE,Slaughterhouse,16,5
Oct-10,BERKSHIRE,SOMERSET,Slaughterhouse,52,2
Oct-10,BERKSHIRE,SOUTH YORKSHIRE,Slaughterhouse,0,2
Oct-10,BERKSHIRE,SURREY,Slaughterhouse,96,0
Oct-10,BERKSHIRE,WEST SUSSEX,Slaughterhouse,2,0
Oct-10,BERKSHIRE,WILTSHIRE,Slaughterhouse,13,11
Oct-10,BERKSHIRE,,Slaughterhouse,0,2
Oct-10,BORDERS,BORDERS,Slaughterhouse,247,155
Oct-10,BORDERS,CENTRAL,Slaughterhouse,940,28
Oct-10,BORDERS,CLEVELAND,Slaughterhouse,0,6
Oct-10,BORDERS,CUMBRIA,Slaughterhouse,39,18
Oct-10,BORDERS,DURHAM,Slaughterhouse,0,2
Oct-10,BORDERS,GRAMPIAN,Slaughterhouse,153,2
Oct-10,BORDERS,GREATER MANCHESTER,Slaughterhouse,0,1
Oct-10,BORDERS,HIGHLAND,Slaughterhouse,53,24
Oct-10,BORDERS,HUMBERSIDE,Slaughterhouse,2,1
Oct-10,BORDERS,LANCASHIRE,Slaughterhouse,119,22
Oct-10,BORDERS,LINCOLNSHIRE,Slaughterhouse,34,0
Oct-10,BORDERS,SOUTH YORKSHIRE,Slaughterhouse,147,0
Oct-10,BORDERS,STRATHCLYDE,Slaughterhouse,819,149
Oct-10,BORDERS,TAYSIDE,Slaughterhouse,217,89
Oct-10,BORDERS,TYNE & WEAR,Slaughterhouse,18,0
Oct-10,BORDERS,WEST YORKSHIRE,Slaughterhouse,22,22
Oct-10,BORDERS,,Slaughterhouse,92,9
Oct-10,BUCKINGHAMSHIRE,AVON,Slaughterhouse,51,0
Oct-10,BUCKINGHAMSHIRE,BEDFORDSHIRE,Slaughterhouse,440,3
Oct-10,BUCKINGHAMSHIRE,CENTRAL,Slaughterhouse,129,0
Oct-10,BUCKINGHAMSHIRE,DERBYSHIRE,Slaughterhouse,0,2
Oct-10,BUCKINGHAMSHIRE,DEVON,Slaughterhouse,0,5
Oct-10,BUCKINGHAMSHIRE,EAST SUSSEX,Slaughterhouse,0,1
Oct-10,BUCKINGHAMSHIRE,ESSEX,Slaughterhouse,0,3
Oct-10,BUCKINGHAMSHIRE,GLOUCESTERSHIRE,Slaughterhouse,0,2
Oct-10,BUCKINGHAMSHIRE,GREATER LONDON,Slaughterhouse,32,0
Oct-10,BUCKINGHAMSHIRE,GREATER MANCHESTER,Slaughterhouse,0,4
Oct-10,BUCKINGHAMSHIRE,HAMPSHIRE,Slaughterhouse,70,18
Oct-10,BUCKINGHAMSHIRE,HUMBERSIDE,Slaughterhouse,0,2
Oct-10,BUCKINGHAMSHIRE,KENT,Slaughterhouse,0,3
Oct-10,BUCKINGHAMSHIRE,LANCASHIRE,Slaughterhouse,100,2
Oct-10,BUCKINGHAMSHIRE,LINCOLNSHIRE,Slaughterhouse,336,16
Oct-10,BUCKINGHAMSHIRE,MID GLAMORGAN,Slaughterhouse,57,58
Oct-10,BUCKINGHAMSHIRE,NORFOLK,Slaughterhouse,19,5
Oct-10,BUCKINGHAMSHIRE,NOTTINGHAMSHIRE,Slaughterhouse,0,3
Oct-10,BUCKINGHAMSHIRE,OXFORDSHIRE,Slaughterhouse,65,11
Oct-10,BUCKINGHAMSHIRE,SHROPSHIRE,Slaughterhouse,1,3
Oct-10,BUCKINGHAMSHIRE,SOMERSET,Slaughterhouse,18,4
Oct-10,BUCKINGHAMSHIRE,SOUTH YORKSHIRE,Slaughterhouse,60,38
Oct-10,BUCKINGHAMSHIRE,STAFFORDSHIRE,Slaughterhouse,0,10
Oct-10,BUCKINGHAMSHIRE,SURREY,Slaughterhouse,89,0
Oct-10,BUCKINGHAMSHIRE,WEST MIDLANDS,Slaughterhouse,0,4
Oct-10,BUCKINGHAMSHIRE,WEST YORKSHIRE,Slaughterhouse,0,2
Oct-10,BUCKINGHAMSHIRE,WILTSHIRE,Slaughterhouse,14,7
Oct-10,BUCKINGHAMSHIRE,,Slaughterhouse,92,6
Oct-10,CAMBRIDGESHIRE,BEDFORDSHIRE,Slaughterhouse,171,1
Oct-10,CAMBRIDGESHIRE,CAMBRIDGESHIRE,Slaughterhouse,38,0
Oct-10,CAMBRIDGESHIRE,CENTRAL,Slaughterhouse,0,0
Oct-10,CAMBRIDGESHIRE,DERBYSHIRE,Slaughterhouse,0,2
Oct-10,CAMBRIDGESHIRE,ESSEX,Slaughterhouse,2,6
Oct-10,CAMBRIDGESHIRE,GRAMPIAN,Slaughterhouse,0,2
Oct-10,CAMBRIDGESHIRE,GREATER MANCHESTER,Slaughterhouse,0,19
Oct-10,CAMBRIDGESHIRE,HAMPSHIRE,Slaughterhouse,0,3
Oct-10,CAMBRIDGESHIRE,HUMBERSIDE,Slaughterhouse,0,1
Oct-10,CAMBRIDGESHIRE,LANCASHIRE,Slaughterhouse,0,4
Oct-10,CAMBRIDGESHIRE,LINCOLNSHIRE,Slaughterhouse,287,23
Oct-10,CAMBRIDGESHIRE,MID GLAMORGAN,Slaughterhouse,129,0
Oct-10,CAMBRIDGESHIRE,NORFOLK,Slaughterhouse,27,9
Oct-10,CAMBRIDGESHIRE,NORTH YORKSHIRE,Slaughterhouse,31,1
Oct-10,CAMBRIDGESHIRE,NOTTINGHAMSHIRE,Slaughterhouse,0,12
Oct-10,CAMBRIDGESHIRE,OXFORDSHIRE,Slaughterhouse,0,1
Oct-10,CAMBRIDGESHIRE,SHROPSHIRE,Slaughterhouse,8,1
Oct-10,CAMBRIDGESHIRE,SOUTH YORKSHIRE,Slaughterhouse,0,5
Oct-10,CAMBRIDGESHIRE,STAFFORDSHIRE,Slaughterhouse,0,15
Oct-10,CAMBRIDGESHIRE,WEST YORKSHIRE,Slaughterhouse,0,3
Oct-10,CAMBRIDGESHIRE,,Slaughterhouse,0,12
Oct-10,CENTRAL,CENTRAL,Slaughterhouse,635,38
Oct-10,CENTRAL,CUMBRIA,Slaughterhouse,133,22
Oct-10,CENTRAL,DERBYSHIRE,Slaughterhouse,9,0
Oct-10,CENTRAL,FIFE,Slaughterhouse,6,7
Oct-10,CENTRAL,GRAMPIAN,Slaughterhouse,74,13
Oct-10,CENTRAL,HIGHLAND,Slaughterhouse,14,1
Oct-10,CENTRAL,LANCASHIRE,Slaughterhouse,179,31
Oct-10,CENTRAL,SOUTH YORKSHIRE,Slaughterhouse,48,16
Oct-10,CENTRAL,STRATHCLYDE,Slaughterhouse,591,167
Oct-10,CENTRAL,TAYSIDE,Slaughterhouse,434,17
Oct-10,CENTRAL,,Slaughterhouse,58,17
Oct-10,CHESHIRE,AVON,Slaughterhouse,193,108
Oct-10,CHESHIRE,BEDFORDSHIRE,Slaughterhouse,64,48
Oct-10,CHESHIRE,CHESHIRE,Slaughterhouse,"1,115",172
Oct-10,CHESHIRE,CLWYD,Slaughterhouse,10,13
Oct-10,CHESHIRE,CUMBRIA,Slaughterhouse,15,0
Oct-10,CHESHIRE,DERBYSHIRE,Slaughterhouse,114,6
Oct-10,CHESHIRE,DEVON,Slaughterhouse,205,165
Oct-10,CHESHIRE,DURHAM,Slaughterhouse,0,6
Oct-10,CHESHIRE,GREATER MANCHESTER,Slaughterhouse,146,70
Oct-10,CHESHIRE,GWYNEDD,Slaughterhouse,0,1
Oct-10,CHESHIRE,HUMBERSIDE,Slaughterhouse,155,121
Oct-10,CHESHIRE,LANCASHIRE,Slaughterhouse,855,65
Oct-10,CHESHIRE,LINCOLNSHIRE,Slaughterhouse,162,0
Oct-10,CHESHIRE,MERSEYSIDE,Slaughterhouse,2,0
Oct-10,CHESHIRE,MID GLAMORGAN,Slaughterhouse,19,0
Oct-10,CHESHIRE,NORFOLK,Slaughterhouse,17,17
Oct-10,CHESHIRE,NORTH YORKSHIRE,Slaughterhouse,58,0
Oct-10,CHESHIRE,OXFORDSHIRE,Slaughterhouse,10,0
Oct-10,CHESHIRE,SHROPSHIRE,Slaughterhouse,440,91
Oct-10,CHESHIRE,SOMERSET,Slaughterhouse,6,2
Oct-10,CHESHIRE,SOUTH YORKSHIRE,Slaughterhouse,78,34
Oct-10,CHESHIRE,STAFFORDSHIRE,Slaughterhouse,815,623
Oct-10,CHESHIRE,STRATHCLYDE,Slaughterhouse,147,7
Oct-10,CHESHIRE,SURREY,Slaughterhouse,20,0
Oct-10,CHESHIRE,WEST MIDLANDS,Slaughterhouse,0,10
Oct-10,CHESHIRE,WEST YORKSHIRE,Slaughterhouse,187,145
Oct-10,CHESHIRE,,Slaughterhouse,464,208
Oct-10,CLEVELAND,CENTRAL,Slaughterhouse,0,13
Oct-10,CLEVELAND,CLEVELAND,Slaughterhouse,6,95
Oct-10,CLEVELAND,CUMBRIA,Slaughterhouse,9,15
Oct-10,CLEVELAND,DURHAM,Slaughterhouse,42,90
Oct-10,CLEVELAND,GREATER MANCHESTER,Slaughterhouse,0,55
Oct-10,CLEVELAND,HUMBERSIDE,Slaughterhouse,15,6
Oct-10,CLEVELAND,LANCASHIRE,Slaughterhouse,30,10
Oct-10,CLEVELAND,LINCOLNSHIRE,Slaughterhouse,0,5
Oct-10,CLEVELAND,NORTH YORKSHIRE,Slaughterhouse,48,22
Oct-10,CLEVELAND,SHROPSHIRE,Slaughterhouse,0,17
Oct-10,CLEVELAND,STAFFORDSHIRE,Slaughterhouse,0,11
Oct-10,CLEVELAND,STRATHCLYDE,Slaughterhouse,3,0
Oct-10,CLEVELAND,WEST YORKSHIRE,Slaughterhouse,2,44
Oct-10,CLEVELAND,,Slaughterhouse,8,9
Oct-10,CLWYD,AVON,Slaughterhouse,68,62
Oct-10,CLWYD,BEDFORDSHIRE,Slaughterhouse,0,33
Oct-10,CLWYD,CHESHIRE,Slaughterhouse,179,78
Oct-10,CLWYD,CLWYD,Slaughterhouse,715,107
Oct-10,CLWYD,CUMBRIA,Slaughterhouse,0,1
Oct-10,CLWYD,DERBYSHIRE,Slaughterhouse,42,28
Oct-10,CLWYD,DEVON,Slaughterhouse,1,40
Oct-10,CLWYD,DURHAM,Slaughterhouse,4,9
Oct-10,CLWYD,GREATER MANCHESTER,Slaughterhouse,20,50
Oct-10,CLWYD,GWYNEDD,Slaughterhouse,84,105
Oct-10,CLWYD,HUMBERSIDE,Slaughterhouse,56,52
Oct-10,CLWYD,LANCASHIRE,Slaughterhouse,905,18
Oct-10,CLWYD,LINCOLNSHIRE,Slaughterhouse,104,0
Oct-10,CLWYD,MID GLAMORGAN,Slaughterhouse,85,0
Oct-10,CLWYD,NORFOLK,Slaughterhouse,50,15
Oct-10,CLWYD,OXFORDSHIRE,Slaughterhouse,4,1
Oct-10,CLWYD,POWYS,Slaughterhouse,34,0
Oct-10,CLWYD,SHROPSHIRE,Slaughterhouse,869,137
Oct-10,CLWYD,SOMERSET,Slaughterhouse,4,5
Oct-10,CLWYD,SOUTH YORKSHIRE,Slaughterhouse,124,98
Oct-10,CLWYD,STAFFORDSHIRE,Slaughterhouse,65,134
Oct-10,CLWYD,STRATHCLYDE,Slaughterhouse,9,3
Oct-10,CLWYD,TYNE & WEAR,Slaughterhouse,67,26
Oct-10,CLWYD,WEST MIDLANDS,Slaughterhouse,10,0
Oct-10,CLWYD,WEST YORKSHIRE,Slaughterhouse,152,111
Oct-10,CLWYD,,Slaughterhouse,248,88
Oct-10,CORNWALL,AVON,Slaughterhouse,11,0
Oct-10,CORNWALL,BEDFORDSHIRE,Slaughterhouse,135,0
Oct-10,CORNWALL,CORNWALL,Slaughterhouse,"5,802",333
Oct-10,CORNWALL,DEVON,Slaughterhouse,667,364
Oct-10,CORNWALL,DORSET,Slaughterhouse,3,0
Oct-10,CORNWALL,DURHAM,Slaughterhouse,0,0
Oct-10,CORNWALL,ESSEX,Slaughterhouse,0,0
Oct-10,CORNWALL,GRAMPIAN,Slaughterhouse,0,2
Oct-10,CORNWALL,LANCASHIRE,Slaughterhouse,414,14
Oct-10,CORNWALL,LINCOLNSHIRE,Slaughterhouse,1,1
Oct-10,CORNWALL,MID GLAMORGAN,Slaughterhouse,69,0
Oct-10,CORNWALL,SHROPSHIRE,Slaughterhouse,54,15
Oct-10,CORNWALL,SOMERSET,Slaughterhouse,168,0
Oct-10,CORNWALL,SOUTH YORKSHIRE,Slaughterhouse,81,11
Oct-10,CORNWALL,STRATHCLYDE,Slaughterhouse,0,0
Oct-10,CORNWALL,WILTSHIRE,Slaughterhouse,0,15
Oct-10,CORNWALL,,Slaughterhouse,57,80
Oct-10,CUMBRIA,BEDFORDSHIRE,Slaughterhouse,0,1
Oct-10,CUMBRIA,BORDERS,Slaughterhouse,1,1
Oct-10,CUMBRIA,CENTRAL,Slaughterhouse,444,69
Oct-10,CUMBRIA,CHESHIRE,Slaughterhouse,14,21
Oct-10,CUMBRIA,CLEVELAND,Slaughterhouse,420,238
Oct-10,CUMBRIA,CLWYD,Slaughterhouse,0,6
Oct-10,CUMBRIA,CUMBRIA,Slaughterhouse,"2,350",415
Oct-10,CUMBRIA,DEVON,Slaughterhouse,0,1
Oct-10,CUMBRIA,DUMFRIES & GALLOWAY,Slaughterhouse,28,15
Oct-10,CUMBRIA,DURHAM,Slaughterhouse,295,207
Oct-10,CUMBRIA,GRAMPIAN,Slaughterhouse,36,0
Oct-10,CUMBRIA,GREATER MANCHESTER,Slaughterhouse,246,243
Oct-10,CUMBRIA,HIGHLAND,Slaughterhouse,1,0
Oct-10,CUMBRIA,HUMBERSIDE,Slaughterhouse,24,29
Oct-10,CUMBRIA,LANCASHIRE,Slaughterhouse,"3,014",635
Oct-10,CUMBRIA,LINCOLNSHIRE,Slaughterhouse,154,0
Oct-10,CUMBRIA,NORTH YORKSHIRE,Slaughterhouse,209,107
Oct-10,CUMBRIA,SHROPSHIRE,Slaughterhouse,35,13
Oct-10,CUMBRIA,SOUTH YORKSHIRE,Slaughterhouse,122,14
Oct-10,CUMBRIA,STAFFORDSHIRE,Slaughterhouse,12,0
Oct-10,CUMBRIA,STRATHCLYDE,Slaughterhouse,256,74
Oct-10,CUMBRIA,TAYSIDE,Slaughterhouse,123,6
Oct-10,CUMBRIA,TYNE & WEAR,Slaughterhouse,84,0
Oct-10,CUMBRIA,WEST YORKSHIRE,Slaughterhouse,237,225
Oct-10,CUMBRIA,,Slaughterhouse,324,206
Oct-10,DERBYSHIRE,AVON,Slaughterhouse,0,2
Oct-10,DERBYSHIRE,BEDFORDSHIRE,Slaughterhouse,37,28
Oct-10,DERBYSHIRE,CHESHIRE,Slaughterhouse,8,10
Oct-10,DERBYSHIRE,CLEVELAND,Slaughterhouse,0,1
Oct-10,DERBYSHIRE,DERBYSHIRE,Slaughterhouse,481,44
Oct-10,DERBYSHIRE,DEVON,Slaughterhouse,123,106
Oct-10,DERBYSHIRE,DURHAM,Slaughterhouse,1,3
Oct-10,DERBYSHIRE,ESSEX,Slaughterhouse,0,2
Oct-10,DERBYSHIRE,GREATER MANCHESTER,Slaughterhouse,61,41
Oct-10,DERBYSHIRE,HUMBERSIDE,Slaughterhouse,64,55
Oct-10,DERBYSHIRE,LANCASHIRE,Slaughterhouse,223,28
Oct-10,DERBYSHIRE,LINCOLNSHIRE,Slaughterhouse,232,14
Oct-10,DERBYSHIRE,MID GLAMORGAN,Slaughterhouse,33,0
Oct-10,DERBYSHIRE,NORFOLK,Slaughterhouse,0,3
Oct-10,DERBYSHIRE,NORTH YORKSHIRE,Slaughterhouse,0,1
Oct-10,DERBYSHIRE,NOTTINGHAMSHIRE,Slaughterhouse,13,4
Oct-10,DERBYSHIRE,OXFORDSHIRE,Slaughterhouse,95,71
Oct-10,DERBYSHIRE,SHROPSHIRE,Slaughterhouse,274,35
Oct-10,DERBYSHIRE,SOMERSET,Slaughterhouse,1,4
Oct-10,DERBYSHIRE,SOUTH YORKSHIRE,Slaughterhouse,803,144
Oct-10,DERBYSHIRE,STAFFORDSHIRE,Slaughterhouse,621,282
Oct-10,DERBYSHIRE,WEST YORKSHIRE,Slaughterhouse,259,129
Oct-10,DERBYSHIRE,,Slaughterhouse,351,124
Oct-10,DEVON,AVON,Slaughterhouse,35,2
Oct-10,DEVON,BEDFORDSHIRE,Slaughterhouse,61,24
Oct-10,DEVON,CORNWALL,Slaughterhouse,"4,495",200
Oct-10,DEVON,DEVON,Slaughterhouse,"3,552",373
Oct-10,DEVON,DORSET,Slaughterhouse,45,1
Oct-10,DEVON,DURHAM,Slaughterhouse,0,0
Oct-10,DEVON,ESSEX,Slaughterhouse,0,0
Oct-10,DEVON,GLOUCESTERSHIRE,Slaughterhouse,59,50
Oct-10,DEVON,GRAMPIAN,Slaughterhouse,0,1
Oct-10,DEVON,HEREFORD & WORCESTER,Slaughterhouse,0,1
Oct-10,DEVON,KENT,Slaughterhouse,0,36
Oct-10,DEVON,LANCASHIRE,Slaughterhouse,282,76
Oct-10,DEVON,LINCOLNSHIRE,Slaughterhouse,222,0
Oct-10,DEVON,MID GLAMORGAN,Slaughterhouse,196,1
Oct-10,DEVON,OXFORDSHIRE,Slaughterhouse,0,26
Oct-10,DEVON,SHROPSHIRE,Slaughterhouse,670,416
Oct-10,DEVON,SOMERSET,Slaughterhouse,"2,412",122
Oct-10,DEVON,SOUTH YORKSHIRE,Slaughterhouse,34,0
Oct-10,DEVON,STAFFORDSHIRE,Slaughterhouse,9,0
Oct-10,DEVON,SURREY,Slaughterhouse,35,0
Oct-10,DEVON,WARWICKSHIRE,Slaughterhouse,0,5
Oct-10,DEVON,WILTSHIRE,Slaughterhouse,105,90
Oct-10,DEVON,,Slaughterhouse,805,505
Oct-10,DORSET,AVON,Slaughterhouse,168,37
Oct-10,DORSET,BEDFORDSHIRE,Slaughterhouse,40,7
Oct-10,DORSET,CORNWALL,Slaughterhouse,27,11
Oct-10,DORSET,DEVON,Slaughterhouse,79,78
Oct-10,DORSET,DORSET,Slaughterhouse,497,0
Oct-10,DORSET,DYFED,Slaughterhouse,1,0
Oct-10,DORSET,GLOUCESTERSHIRE,Slaughterhouse,0,76
Oct-10,DORSET,HAMPSHIRE,Slaughterhouse,1,1
Oct-10,DORSET,KENT,Slaughterhouse,1,15
Oct-10,DORSET,LANCASHIRE,Slaughterhouse,0,2
Oct-10,DORSET,LINCOLNSHIRE,Slaughterhouse,38,0
Oct-10,DORSET,MID GLAMORGAN,Slaughterhouse,58,0
Oct-10,DORSET,NORFOLK,Slaughterhouse,1,0
Oct-10,DORSET,OXFORDSHIRE,Slaughterhouse,0,5
Oct-10,DORSET,SOMERSET,Slaughterhouse,508,37
Oct-10,DORSET,SOUTH YORKSHIRE,Slaughterhouse,15,0
Oct-10,DORSET,SURREY,Slaughterhouse,18,0
Oct-10,DORSET,WILTSHIRE,Slaughterhouse,61,10
Oct-10,DORSET,,Slaughterhouse,395,70
Oct-10,DUMFRIES & GALLOWAY,AVON,Slaughterhouse,0,0
Oct-10,DUMFRIES & GALLOWAY,BORDERS,Slaughterhouse,2,0
Oct-10,DUMFRIES & GALLOWAY,CENTRAL,Slaughterhouse,"1,256",23
Oct-10,DUMFRIES & GALLOWAY,CLEVELAND,Slaughterhouse,0,17
Oct-10,DUMFRIES & GALLOWAY,CLWYD,Slaughterhouse,0,24
Oct-10,DUMFRIES & GALLOWAY,CUMBRIA,Slaughterhouse,907,136
Oct-10,DUMFRIES & GALLOWAY,DERBYSHIRE,Slaughterhouse,0,4
Oct-10,DUMFRIES & GALLOWAY,DUMFRIES & GALLOWAY,Slaughterhouse,137,35
Oct-10,DUMFRIES & GALLOWAY,DURHAM,Slaughterhouse,0,29
Oct-10,DUMFRIES & GALLOWAY,GRAMPIAN,Slaughterhouse,"1,292",12
Oct-10,DUMFRIES & GALLOWAY,GREATER MANCHESTER,Slaughterhouse,20,31
Oct-10,DUMFRIES & GALLOWAY,HIGHLAND,Slaughterhouse,74,23
Oct-10,DUMFRIES & GALLOWAY,HUMBERSIDE,Slaughterhouse,0,2
Oct-10,DUMFRIES & GALLOWAY,LANCASHIRE,Slaughterhouse,192,55
Oct-10,DUMFRIES & GALLOWAY,LINCOLNSHIRE,Slaughterhouse,61,0
Oct-10,DUMFRIES & GALLOWAY,NORTH YORKSHIRE,Slaughterhouse,0,2
Oct-10,DUMFRIES & GALLOWAY,SOMERSET,Slaughterhouse,1,0
Oct-10,DUMFRIES & GALLOWAY,SOUTH YORKSHIRE,Slaughterhouse,95,159
Oct-10,DUMFRIES & GALLOWAY,STRATHCLYDE,Slaughterhouse,"3,308",217
Oct-10,DUMFRIES & GALLOWAY,TAYSIDE,Slaughterhouse,"1,115",118
Oct-10,DUMFRIES & GALLOWAY,TYNE & WEAR,Slaughterhouse,13,0
Oct-10,DUMFRIES & GALLOWAY,,Slaughterhouse,157,139
Oct-10,DURHAM,CENTRAL,Slaughterhouse,177,40
Oct-10,DURHAM,CLEVELAND,Slaughterhouse,480,257
Oct-10,DURHAM,CUMBRIA,Slaughterhouse,163,59
Oct-10,DURHAM,DURHAM,Slaughterhouse,978,245
Oct-10,DURHAM,GREATER MANCHESTER,Slaughterhouse,208,123
Oct-10,DURHAM,HUMBERSIDE,Slaughterhouse,260,53
Oct-10,DURHAM,LANCASHIRE,Slaughterhouse,435,50
Oct-10,DURHAM,LINCOLNSHIRE,Slaughterhouse,237,21
Oct-10,DURHAM,MID GLAMORGAN,Slaughterhouse,1,0
Oct-10,DURHAM,NORTH YORKSHIRE,Slaughterhouse,121,48
Oct-10,DURHAM,SHROPSHIRE,Slaughterhouse,76,28
Oct-10,DURHAM,SOUTH YORKSHIRE,Slaughterhouse,19,0
Oct-10,DURHAM,STAFFORDSHIRE,Slaughterhouse,69,44
Oct-10,DURHAM,STRATHCLYDE,Slaughterhouse,0,0
Oct-10,DURHAM,TYNE & WEAR,Slaughterhouse,27,1
Oct-10,DURHAM,WEST YORKSHIRE,Slaughterhouse,264,210
Oct-10,DURHAM,,Slaughterhouse,156,82
Oct-10,DYFED,AVON,Slaughterhouse,522,358
Oct-10,DYFED,BEDFORDSHIRE,Slaughterhouse,388,274
Oct-10,DYFED,CHESHIRE,Slaughterhouse,12,1
Oct-10,DYFED,CUMBRIA,Slaughterhouse,26,18
Oct-10,DYFED,DERBYSHIRE,Slaughterhouse,0,0
Oct-10,DYFED,DEVON,Slaughterhouse,89,79
Oct-10,DYFED,DURHAM,Slaughterhouse,0,5
Oct-10,DYFED,DYFED,Slaughterhouse,"2,394",189
Oct-10,DYFED,GREATER MANCHESTER,Slaughterhouse,20,14
Oct-10,DYFED,GWYNEDD,Slaughterhouse,1,0
Oct-10,DYFED,HAMPSHIRE,Slaughterhouse,51,4
Oct-10,DYFED,LANCASHIRE,Slaughterhouse,504,17
Oct-10,DYFED,LINCOLNSHIRE,Slaughterhouse,370,178
Oct-10,DYFED,MID GLAMORGAN,Slaughterhouse,"1,383",348
Oct-10,DYFED,OXFORDSHIRE,Slaughterhouse,0,2
Oct-10,DYFED,POWYS,Slaughterhouse,182,0
Oct-10,DYFED,SHROPSHIRE,Slaughterhouse,"1,284",273
Oct-10,DYFED,SOMERSET,Slaughterhouse,503,315
Oct-10,DYFED,STAFFORDSHIRE,Slaughterhouse,3,6
Oct-10,DYFED,STRATHCLYDE,Slaughterhouse,163,97
Oct-10,DYFED,SURREY,Slaughterhouse,382,138
Oct-10,DYFED,WARWICKSHIRE,Slaughterhouse,0,7
Oct-10,DYFED,WEST GLAMORGAN,Slaughterhouse,508,350
Oct-10,DYFED,WILTSHIRE,Slaughterhouse,16,8
Oct-10,DYFED,,Slaughterhouse,276,70
Oct-10,EAST SUSSEX,BEDFORDSHIRE,Slaughterhouse,108,16
Oct-10,EAST SUSSEX,DEVON,Slaughterhouse,0,8
Oct-10,EAST SUSSEX,EAST SUSSEX,Slaughterhouse,107,20
Oct-10,EAST SUSSEX,ESSEX,Slaughterhouse,0,12
Oct-10,EAST SUSSEX,GREATER LONDON,Slaughterhouse,31,0
Oct-10,EAST SUSSEX,HAMPSHIRE,Slaughterhouse,19,21
Oct-10,EAST SUSSEX,KENT,Slaughterhouse,43,21
Oct-10,EAST SUSSEX,MID GLAMORGAN,Slaughterhouse,135,0
Oct-10,EAST SUSSEX,NORFOLK,Slaughterhouse,10,7
Oct-10,EAST SUSSEX,OXFORDSHIRE,Slaughterhouse,3,0
Oct-10,EAST SUSSEX,SOMERSET,Slaughterhouse,168,59
Oct-10,EAST SUSSEX,SURREY,Slaughterhouse,329,0
Oct-10,EAST SUSSEX,WEST SUSSEX,Slaughterhouse,22,0
Oct-10,EAST SUSSEX,,Slaughterhouse,39,0
Oct-10,ESSEX,AVON,Slaughterhouse,11,0
Oct-10,ESSEX,BEDFORDSHIRE,Slaughterhouse,35,6
Oct-10,ESSEX,CAMBRIDGESHIRE,Slaughterhouse,7,0
Oct-10,ESSEX,DEVON,Slaughterhouse,0,4
Oct-10,ESSEX,EAST SUSSEX,Slaughterhouse,0,2
Oct-10,ESSEX,ESSEX,Slaughterhouse,461,72
Oct-10,ESSEX,GREATER LONDON,Slaughterhouse,3,0
Oct-10,ESSEX,HAMPSHIRE,Slaughterhouse,86,61
Oct-10,ESSEX,HUMBERSIDE,Slaughterhouse,0,2
Oct-10,ESSEX,KENT,Slaughterhouse,0,1
Oct-10,ESSEX,LINCOLNSHIRE,Slaughterhouse,57,0
Oct-10,ESSEX,MID GLAMORGAN,Slaughterhouse,24,0
Oct-10,ESSEX,NORFOLK,Slaughterhouse,139,41
Oct-10,ESSEX,SOMERSET,Slaughterhouse,16,8
Oct-10,ESSEX,SOUTH YORKSHIRE,Slaughterhouse,27,0
Oct-10,ESSEX,SUFFOLK,Slaughterhouse,10,2
Oct-10,ESSEX,SURREY,Slaughterhouse,60,0
Oct-10,FIFE,CENTRAL,Slaughterhouse,273,15
Oct-10,FIFE,CUMBRIA,Slaughterhouse,10,13
Oct-10,FIFE,DERBYSHIRE,Slaughterhouse,0,0
Oct-10,FIFE,FIFE,Slaughterhouse,10,42
Oct-10,FIFE,GRAMPIAN,Slaughterhouse,27,15
Oct-10,FIFE,HIGHLAND,Slaughterhouse,9,0
Oct-10,FIFE,HUMBERSIDE,Slaughterhouse,41,0
Oct-10,FIFE,LANCASHIRE,Slaughterhouse,2,9
Oct-10,FIFE,SOUTH YORKSHIRE,Slaughterhouse,0,4
Oct-10,FIFE,STRATHCLYDE,Slaughterhouse,33,125
Oct-10,FIFE,TAYSIDE,Slaughterhouse,373,3
Oct-10,FIFE,,Slaughterhouse,52,12
Oct-10,GLOUCESTERSHIRE,AVON,Slaughterhouse,366,64
Oct-10,GLOUCESTERSHIRE,BEDFORDSHIRE,Slaughterhouse,144,12
Oct-10,GLOUCESTERSHIRE,CHESHIRE,Slaughterhouse,0,1
Oct-10,GLOUCESTERSHIRE,CORNWALL,Slaughterhouse,1,0
Oct-10,GLOUCESTERSHIRE,CUMBRIA,Slaughterhouse,0,0
Oct-10,GLOUCESTERSHIRE,DEVON,Slaughterhouse,0,12
Oct-10,GLOUCESTERSHIRE,DYFED,Slaughterhouse,4,4
Oct-10,GLOUCESTERSHIRE,GLOUCESTERSHIRE,Slaughterhouse,562,37
Oct-10,GLOUCESTERSHIRE,GREATER MANCHESTER,Slaughterhouse,0,4
Oct-10,GLOUCESTERSHIRE,HUMBERSIDE,Slaughterhouse,13,0
Oct-10,GLOUCESTERSHIRE,LANCASHIRE,Slaughterhouse,91,2
Oct-10,GLOUCESTERSHIRE,LINCOLNSHIRE,Slaughterhouse,239,26
Oct-10,GLOUCESTERSHIRE,MID GLAMORGAN,Slaughterhouse,650,0
Oct-10,GLOUCESTERSHIRE,OXFORDSHIRE,Slaughterhouse,102,58
Oct-10,GLOUCESTERSHIRE,SHROPSHIRE,Slaughterhouse,190,7
Oct-10,GLOUCESTERSHIRE,SOMERSET,Slaughterhouse,362,9
Oct-10,GLOUCESTERSHIRE,SOUTH YORKSHIRE,Slaughterhouse,5,0
Oct-10,GLOUCESTERSHIRE,STAFFORDSHIRE,Slaughterhouse,14,15
Oct-10,GLOUCESTERSHIRE,STRATHCLYDE,Slaughterhouse,11,2
Oct-10,GLOUCESTERSHIRE,SURREY,Slaughterhouse,3,0
Oct-10,GLOUCESTERSHIRE,WARWICKSHIRE,Slaughterhouse,20,2
Oct-10,GLOUCESTERSHIRE,WEST MIDLANDS,Slaughterhouse,2,0
Oct-10,GLOUCESTERSHIRE,WEST YORKSHIRE,Slaughterhouse,0,8
Oct-10,GLOUCESTERSHIRE,WILTSHIRE,Slaughterhouse,165,75
Oct-10,GLOUCESTERSHIRE,,Slaughterhouse,436,21
Oct-10,GRAMPIAN,CENTRAL,Slaughterhouse,701,0
Oct-10,GRAMPIAN,CHESHIRE,Slaughterhouse,1,1
Oct-10,GRAMPIAN,CORNWALL,Slaughterhouse,10,0
Oct-10,GRAMPIAN,CUMBRIA,Slaughterhouse,100,24
Oct-10,GRAMPIAN,FIFE,Slaughterhouse,0,3
Oct-10,GRAMPIAN,GRAMPIAN,Slaughterhouse,"10,503",69
Oct-10,GRAMPIAN,HIGHLAND,Slaughterhouse,594,61
Oct-10,GRAMPIAN,LANCASHIRE,Slaughterhouse,1,0
Oct-10,GRAMPIAN,SOMERSET,Slaughterhouse,0,0
Oct-10,GRAMPIAN,STRATHCLYDE,Slaughterhouse,597,109
Oct-10,GRAMPIAN,TAYSIDE,Slaughterhouse,883,65
Oct-10,GRAMPIAN,,Slaughterhouse,"1,763",58
Oct-10,GREATER LONDON,BEDFORDSHIRE,Slaughterhouse,12,0
Oct-10,GREATER LONDON,ESSEX,Slaughterhouse,2,0
Oct-10,GREATER LONDON,GREATER LONDON,Slaughterhouse,7,0
Oct-10,GREATER LONDON,HAMPSHIRE,Slaughterhouse,4,0
Oct-10,GREATER LONDON,SOUTH YORKSHIRE,Slaughterhouse,0,8
Oct-10,GREATER MANCHESTER,AVON,Slaughterhouse,0,0
Oct-10,GREATER MANCHESTER,BEDFORDSHIRE,Slaughterhouse,1,3
Oct-10,GREATER MANCHESTER,CHESHIRE,Slaughterhouse,12,13
Oct-10,GREATER MANCHESTER,CLEVELAND,Slaughterhouse,0,8
Oct-10,GREATER MANCHESTER,DERBYSHIRE,Slaughterhouse,0,2
Oct-10,GREATER MANCHESTER,DEVON,Slaughterhouse,0,3
Oct-10,GREATER MANCHESTER,GREATER MANCHESTER,Slaughterhouse,487,80
Oct-10,GREATER MANCHESTER,HUMBERSIDE,Slaughterhouse,0,4
Oct-10,GREATER MANCHESTER,LANCASHIRE,Slaughterhouse,193,9
Oct-10,GREATER MANCHESTER,MERSEYSIDE,Slaughterhouse,10,0
Oct-10,GREATER MANCHESTER,NORTH YORKSHIRE,Slaughterhouse,0,3
Oct-10,GREATER MANCHESTER,SHROPSHIRE,Slaughterhouse,2,4
Oct-10,GREATER MANCHESTER,SOUTH YORKSHIRE,Slaughterhouse,69,7
Oct-10,GREATER MANCHESTER,STAFFORDSHIRE,Slaughterhouse,8,16
Oct-10,GREATER MANCHESTER,WEST YORKSHIRE,Slaughterhouse,13,26
Oct-10,GREATER MANCHESTER,,Slaughterhouse,18,7
Oct-10,GWENT,AVON,Slaughterhouse,131,54
Oct-10,GWENT,BEDFORDSHIRE,Slaughterhouse,46,8
Oct-10,GWENT,CORNWALL,Slaughterhouse,14,0
Oct-10,GWENT,DEVON,Slaughterhouse,81,35
Oct-10,GWENT,DURHAM,Slaughterhouse,0,2
Oct-10,GWENT,DYFED,Slaughterhouse,15,12
Oct-10,GWENT,GLOUCESTERSHIRE,Slaughterhouse,112,16
Oct-10,GWENT,GREATER MANCHESTER,Slaughterhouse,0,8
Oct-10,GWENT,LANCASHIRE,Slaughterhouse,28,0
Oct-10,GWENT,LINCOLNSHIRE,Slaughterhouse,22,13
Oct-10,GWENT,MID GLAMORGAN,Slaughterhouse,531,0
Oct-10,GWENT,OXFORDSHIRE,Slaughterhouse,0,26
Oct-10,GWENT,POWYS,Slaughterhouse,2,0
Oct-10,GWENT,SHROPSHIRE,Slaughterhouse,85,1
Oct-10,GWENT,SOMERSET,Slaughterhouse,110,27
Oct-10,GWENT,SOUTH YORKSHIRE,Slaughterhouse,4,0
Oct-10,GWENT,STAFFORDSHIRE,Slaughterhouse,1,2
Oct-10,GWENT,SURREY,Slaughterhouse,5,5
Oct-10,GWENT,WARWICKSHIRE,Slaughterhouse,0,1
Oct-10,GWENT,WEST GLAMORGAN,Slaughterhouse,60,10
Oct-10,GWENT,WILTSHIRE,Slaughterhouse,3,3
Oct-10,GWENT,,Slaughterhouse,34,9
Oct-10,GWYNEDD,AVON,Slaughterhouse,3,13
Oct-10,GWYNEDD,BEDFORDSHIRE,Slaughterhouse,75,5
Oct-10,GWYNEDD,CENTRAL,Slaughterhouse,62,62
Oct-10,GWYNEDD,CHESHIRE,Slaughterhouse,17,12
Oct-10,GWYNEDD,CLWYD,Slaughterhouse,66,16
Oct-10,GWYNEDD,CUMBRIA,Slaughterhouse,10,8
Oct-10,GWYNEDD,DERBYSHIRE,Slaughterhouse,64,21
Oct-10,GWYNEDD,DEVON,Slaughterhouse,1,4
Oct-10,GWYNEDD,DURHAM,Slaughterhouse,0,1
Oct-10,GWYNEDD,GRAMPIAN,Slaughterhouse,1,0
Oct-10,GWYNEDD,GREATER MANCHESTER,Slaughterhouse,218,214
Oct-10,GWYNEDD,GWYNEDD,Slaughterhouse,229,122
Oct-10,GWYNEDD,HUMBERSIDE,Slaughterhouse,305,4
Oct-10,GWYNEDD,LANCASHIRE,Slaughterhouse,"2,609",19
Oct-10,GWYNEDD,LINCOLNSHIRE,Slaughterhouse,641,0
Oct-10,GWYNEDD,MID GLAMORGAN,Slaughterhouse,162,11
Oct-10,GWYNEDD,NORFOLK,Slaughterhouse,0,3
Oct-10,GWYNEDD,POWYS,Slaughterhouse,25,0
Oct-10,GWYNEDD,SHROPSHIRE,Slaughterhouse,646,5
Oct-10,GWYNEDD,SOMERSET,Slaughterhouse,3,1
Oct-10,GWYNEDD,SOUTH YORKSHIRE,Slaughterhouse,206,65
Oct-10,GWYNEDD,STAFFORDSHIRE,Slaughterhouse,38,20
Oct-10,GWYNEDD,STRATHCLYDE,Slaughterhouse,57,2
Oct-10,GWYNEDD,TYNE & WEAR,Slaughterhouse,0,6
Oct-10,GWYNEDD,WEST YORKSHIRE,Slaughterhouse,12,27
Oct-10,GWYNEDD,,Slaughterhouse,262,290
Oct-10,HAMPSHIRE,AVON,Slaughterhouse,276,15
Oct-10,HAMPSHIRE,BEDFORDSHIRE,Slaughterhouse,16,0
Oct-10,HAMPSHIRE,CORNWALL,Slaughterhouse,3,0
Oct-10,HAMPSHIRE,DEVON,Slaughterhouse,0,38
Oct-10,HAMPSHIRE,DORSET,Slaughterhouse,22,0
Oct-10,HAMPSHIRE,GLOUCESTERSHIRE,Slaughterhouse,1,19
Oct-10,HAMPSHIRE,HAMPSHIRE,Slaughterhouse,269,6
Oct-10,HAMPSHIRE,KENT,Slaughterhouse,23,1
Oct-10,HAMPSHIRE,LINCOLNSHIRE,Slaughterhouse,91,0
Oct-10,HAMPSHIRE,MID GLAMORGAN,Slaughterhouse,210,0
Oct-10,HAMPSHIRE,OXFORDSHIRE,Slaughterhouse,1,0
Oct-10,HAMPSHIRE,SOMERSET,Slaughterhouse,205,27
Oct-10,HAMPSHIRE,SURREY,Slaughterhouse,179,1
Oct-10,HAMPSHIRE,WEST SUSSEX,Slaughterhouse,2,0
Oct-10,HAMPSHIRE,WILTSHIRE,Slaughterhouse,85,0
Oct-10,HAMPSHIRE,,Slaughterhouse,106,40
Oct-10,HEREFORD & WORCESTER,AVON,Slaughterhouse,530,153
Oct-10,HEREFORD & WORCESTER,BEDFORDSHIRE,Slaughterhouse,216,72
Oct-10,HEREFORD & WORCESTER,CENTRAL,Slaughterhouse,65,0
Oct-10,HEREFORD & WORCESTER,CHESHIRE,Slaughterhouse,4,21
Oct-10,HEREFORD & WORCESTER,DEVON,Slaughterhouse,48,87
Oct-10,HEREFORD & WORCESTER,DURHAM,Slaughterhouse,0,31
Oct-10,HEREFORD & WORCESTER,DYFED,Slaughterhouse,27,39
Oct-10,HEREFORD & WORCESTER,GLOUCESTERSHIRE,Slaughterhouse,210,44
Oct-10,HEREFORD & WORCESTER,GREATER MANCHESTER,Slaughterhouse,1,139
Oct-10,HEREFORD & WORCESTER,HAMPSHIRE,Slaughterhouse,0,22
Oct-10,HEREFORD & WORCESTER,HEREFORD & WORCESTER,Slaughterhouse,98,34
Oct-10,HEREFORD & WORCESTER,LANCASHIRE,Slaughterhouse,31,41
Oct-10,HEREFORD & WORCESTER,LINCOLNSHIRE,Slaughterhouse,301,58
Oct-10,HEREFORD & WORCESTER,MID GLAMORGAN,Slaughterhouse,"1,001",0
Oct-10,HEREFORD & WORCESTER,OXFORDSHIRE,Slaughterhouse,167,116
Oct-10,HEREFORD & WORCESTER,POWYS,Slaughterhouse,23,0
Oct-10,HEREFORD & WORCESTER,SHROPSHIRE,Slaughterhouse,"1,027",54
Oct-10,HEREFORD & WORCESTER,SOMERSET,Slaughterhouse,209,41
Oct-10,HEREFORD & WORCESTER,SOUTH YORKSHIRE,Slaughterhouse,26,0
Oct-10,HEREFORD & WORCESTER,STAFFORDSHIRE,Slaughterhouse,151,115
Oct-10,HEREFORD & WORCESTER,STRATHCLYDE,Slaughterhouse,17,33
Oct-10,HEREFORD & WORCESTER,SURREY,Slaughterhouse,35,0
Oct-10,HEREFORD & WORCESTER,WARWICKSHIRE,Slaughterhouse,46,43
Oct-10,HEREFORD & WORCESTER,WEST GLAMORGAN,Slaughterhouse,2,0
Oct-10,HEREFORD & WORCESTER,WEST MIDLANDS,Slaughterhouse,75,1
Oct-10,HEREFORD & WORCESTER,WEST YORKSHIRE,Slaughterhouse,0,2
Oct-10,HEREFORD & WORCESTER,WILTSHIRE,Slaughterhouse,46,29
Oct-10,HEREFORD & WORCESTER,,Slaughterhouse,418,84
Oct-10,HERTFORDSHIRE,AVON,Slaughterhouse,7,0
Oct-10,HERTFORDSHIRE,BEDFORDSHIRE,Slaughterhouse,44,1
Oct-10,HERTFORDSHIRE,CAMBRIDGESHIRE,Slaughterhouse,5,0
Oct-10,HERTFORDSHIRE,DEVON,Slaughterhouse,0,1
Oct-10,HERTFORDSHIRE,EAST SUSSEX,Slaughterhouse,0,1
Oct-10,HERTFORDSHIRE,ESSEX,Slaughterhouse,31,7
Oct-10,HERTFORDSHIRE,GLOUCESTERSHIRE,Slaughterhouse,31,0
Oct-10,HERTFORDSHIRE,GRAMPIAN,Slaughterhouse,1,2
Oct-10,HERTFORDSHIRE,HAMPSHIRE,Slaughterhouse,0,11
Oct-10,HERTFORDSHIRE,HUMBERSIDE,Slaughterhouse,0,1
Oct-10,HERTFORDSHIRE,LINCOLNSHIRE,Slaughterhouse,23,0
Oct-10,HERTFORDSHIRE,MID GLAMORGAN,Slaughterhouse,11,8
Oct-10,HERTFORDSHIRE,NORFOLK,Slaughterhouse,3,10
Oct-10,HERTFORDSHIRE,NOTTINGHAMSHIRE,Slaughterhouse,0,1
Oct-10,HERTFORDSHIRE,OXFORDSHIRE,Slaughterhouse,13,0
Oct-10,HERTFORDSHIRE,SOUTH YORKSHIRE,Slaughterhouse,0,26
Oct-10,HERTFORDSHIRE,SURREY,Slaughterhouse,12,0
Oct-10,HERTFORDSHIRE,WEST YORKSHIRE,Slaughterhouse,0,1
Oct-10,HIGHLAND,CENTRAL,Slaughterhouse,175,0
Oct-10,HIGHLAND,CUMBRIA,Slaughterhouse,16,13
Oct-10,HIGHLAND,GRAMPIAN,Slaughterhouse,221,65
Oct-10,HIGHLAND,HIGHLAND,Slaughterhouse,552,182
Oct-10,HIGHLAND,STRATHCLYDE,Slaughterhouse,114,27
Oct-10,HIGHLAND,TAYSIDE,Slaughterhouse,338,11
Oct-10,HIGHLAND,,Slaughterhouse,80,47
Oct-10,HUMBERSIDE,BEDFORDSHIRE,Slaughterhouse,0,1
Oct-10,HUMBERSIDE,CLEVELAND,Slaughterhouse,0,106
Oct-10,HUMBERSIDE,DERBYSHIRE,Slaughterhouse,12,2
Oct-10,HUMBERSIDE,DURHAM,Slaughterhouse,3,11
Oct-10,HUMBERSIDE,GREATER MANCHESTER,Slaughterhouse,0,125
Oct-10,HUMBERSIDE,HUMBERSIDE,Slaughterhouse,422,17
Oct-10,HUMBERSIDE,LANCASHIRE,Slaughterhouse,112,0
Oct-10,HUMBERSIDE,LINCOLNSHIRE,Slaughterhouse,132,10
Oct-10,HUMBERSIDE,MID GLAMORGAN,Slaughterhouse,1,0
Oct-10,HUMBERSIDE,NORFOLK,Slaughterhouse,0,2
Oct-10,HUMBERSIDE,NORTH YORKSHIRE,Slaughterhouse,114,82
Oct-10,HUMBERSIDE,NOTTINGHAMSHIRE,Slaughterhouse,0,1
Oct-10,HUMBERSIDE,SOUTH YORKSHIRE,Slaughterhouse,44,48
Oct-10,HUMBERSIDE,STAFFORDSHIRE,Slaughterhouse,10,0
Oct-10,HUMBERSIDE,WEST YORKSHIRE,Slaughterhouse,120,204
Oct-10,HUMBERSIDE,,Slaughterhouse,64,7
Oct-10,ISLE OF WIGHT,AVON,Slaughterhouse,28,1
Oct-10,ISLE OF WIGHT,DEVON,Slaughterhouse,0,6
Oct-10,ISLE OF WIGHT,GLOUCESTERSHIRE,Slaughterhouse,0,2
Oct-10,ISLE OF WIGHT,HAMPSHIRE,Slaughterhouse,59,0
Oct-10,ISLE OF WIGHT,KENT,Slaughterhouse,0,2
Oct-10,ISLE OF WIGHT,SOMERSET,Slaughterhouse,153,2
Oct-10,ISLE OF WIGHT,SURREY,Slaughterhouse,7,0
Oct-10,ISLE OF WIGHT,,Slaughterhouse,15,3
Oct-10,KENT,AVON,Slaughterhouse,0,0
Oct-10,KENT,BEDFORDSHIRE,Slaughterhouse,62,29
Oct-10,KENT,DEVON,Slaughterhouse,86,54
Oct-10,KENT,EAST SUSSEX,Slaughterhouse,75,39
Oct-10,KENT,ESSEX,Slaughterhouse,38,20
Oct-10,KENT,GREATER LONDON,Slaughterhouse,25,7
Oct-10,KENT,HAMPSHIRE,Slaughterhouse,130,60
Oct-10,KENT,HUMBERSIDE,Slaughterhouse,14,7
Oct-10,KENT,KENT,Slaughterhouse,361,40
Oct-10,KENT,LANCASHIRE,Slaughterhouse,1,1
Oct-10,KENT,NORFOLK,Slaughterhouse,58,25
Oct-10,KENT,SOMERSET,Slaughterhouse,96,31
Oct-10,KENT,SURREY,Slaughterhouse,44,0
Oct-10,KENT,,Slaughterhouse,26,5
Oct-10,LANCASHIRE,BEDFORDSHIRE,Slaughterhouse,75,62
Oct-10,LANCASHIRE,CHESHIRE,Slaughterhouse,72,40
Oct-10,LANCASHIRE,CLEVELAND,Slaughterhouse,154,92
Oct-10,LANCASHIRE,CUMBRIA,Slaughterhouse,186,16
Oct-10,LANCASHIRE,DEVON,Slaughterhouse,121,98
Oct-10,LANCASHIRE,DURHAM,Slaughterhouse,0,0
Oct-10,LANCASHIRE,GRAMPIAN,Slaughterhouse,4,0
Oct-10,LANCASHIRE,GREATER MANCHESTER,Slaughterhouse,513,301
Oct-10,LANCASHIRE,HUMBERSIDE,Slaughterhouse,51,71
Oct-10,LANCASHIRE,LANCASHIRE,Slaughterhouse,"2,634",279
Oct-10,LANCASHIRE,LINCOLNSHIRE,Slaughterhouse,0,0
Oct-10,LANCASHIRE,MERSEYSIDE,Slaughterhouse,25,0
Oct-10,LANCASHIRE,NORTH YORKSHIRE,Slaughterhouse,163,2
Oct-10,LANCASHIRE,SHROPSHIRE,Slaughterhouse,37,5
Oct-10,LANCASHIRE,SOUTH YORKSHIRE,Slaughterhouse,53,32
Oct-10,LANCASHIRE,STAFFORDSHIRE,Slaughterhouse,43,15
Oct-10,LANCASHIRE,STRATHCLYDE,Slaughterhouse,22,0
Oct-10,LANCASHIRE,TAYSIDE,Slaughterhouse,36,0
Oct-10,LANCASHIRE,TYNE & WEAR,Slaughterhouse,12,0
Oct-10,LANCASHIRE,WEST YORKSHIRE,Slaughterhouse,184,159
Oct-10,LANCASHIRE,,Slaughterhouse,575,243
Oct-10,LEICESTERSHIRE,AVON,Slaughterhouse,5,0
Oct-10,LEICESTERSHIRE,BEDFORDSHIRE,Slaughterhouse,227,18
Oct-10,LEICESTERSHIRE,CENTRAL,Slaughterhouse,19,0
Oct-10,LEICESTERSHIRE,CHESHIRE,Slaughterhouse,0,1
Oct-10,LEICESTERSHIRE,DERBYSHIRE,Slaughterhouse,109,17
Oct-10,LEICESTERSHIRE,DEVON,Slaughterhouse,0,4
Oct-10,LEICESTERSHIRE,ESSEX,Slaughterhouse,0,3
Oct-10,LEICESTERSHIRE,GRAMPIAN,Slaughterhouse,0,12
Oct-10,LEICESTERSHIRE,GREATER MANCHESTER,Slaughterhouse,27,23
Oct-10,LEICESTERSHIRE,HUMBERSIDE,Slaughterhouse,25,18
Oct-10,LEICESTERSHIRE,LANCASHIRE,Slaughterhouse,151,20
Oct-10,LEICESTERSHIRE,LEICESTERSHIRE,Slaughterhouse,94,0
Oct-10,LEICESTERSHIRE,LINCOLNSHIRE,Slaughterhouse,874,154
Oct-10,LEICESTERSHIRE,MID GLAMORGAN,Slaughterhouse,109,0
Oct-10,LEICESTERSHIRE,NORFOLK,Slaughterhouse,3,14
Oct-10,LEICESTERSHIRE,NORTH YORKSHIRE,Slaughterhouse,78,33
Oct-10,LEICESTERSHIRE,NOTTINGHAMSHIRE,Slaughterhouse,51,28
Oct-10,LEICESTERSHIRE,OXFORDSHIRE,Slaughterhouse,53,67
Oct-10,LEICESTERSHIRE,SHROPSHIRE,Slaughterhouse,41,32
Oct-10,LEICESTERSHIRE,SOUTH YORKSHIRE,Slaughterhouse,181,44
Oct-10,LEICESTERSHIRE,STAFFORDSHIRE,Slaughterhouse,89,64
Oct-10,LEICESTERSHIRE,STRATHCLYDE,Slaughterhouse,0,1
Oct-10,LEICESTERSHIRE,SURREY,Slaughterhouse,281,0
Oct-10,LEICESTERSHIRE,WARWICKSHIRE,Slaughterhouse,8,6
Oct-10,LEICESTERSHIRE,WEST MIDLANDS,Slaughterhouse,0,3
Oct-10,LEICESTERSHIRE,WEST YORKSHIRE,Slaughterhouse,0,10
Oct-10,LEICESTERSHIRE,WILTSHIRE,Slaughterhouse,0,4
Oct-10,LEICESTERSHIRE,,Slaughterhouse,448,49
Oct-10,LINCOLNSHIRE,BEDFORDSHIRE,Slaughterhouse,7,10
Oct-10,LINCOLNSHIRE,CAMBRIDGESHIRE,Slaughterhouse,10,0
Oct-10,LINCOLNSHIRE,CENTRAL,Slaughterhouse,41,0
Oct-10,LINCOLNSHIRE,CLEVELAND,Slaughterhouse,1,3
Oct-10,LINCOLNSHIRE,CORNWALL,Slaughterhouse,1,0
Oct-10,LINCOLNSHIRE,DERBYSHIRE,Slaughterhouse,7,6
Oct-10,LINCOLNSHIRE,DEVON,Slaughterhouse,0,11
Oct-10,LINCOLNSHIRE,DURHAM,Slaughterhouse,0,1
Oct-10,LINCOLNSHIRE,ESSEX,Slaughterhouse,1,6
Oct-10,LINCOLNSHIRE,GRAMPIAN,Slaughterhouse,0,19
Oct-10,LINCOLNSHIRE,GREATER MANCHESTER,Slaughterhouse,0,68
Oct-10,LINCOLNSHIRE,HUMBERSIDE,Slaughterhouse,159,11
Oct-10,LINCOLNSHIRE,LANCASHIRE,Slaughterhouse,78,9
Oct-10,LINCOLNSHIRE,LEICESTERSHIRE,Slaughterhouse,1,0
Oct-10,LINCOLNSHIRE,LINCOLNSHIRE,Slaughterhouse,"1,180",140
Oct-10,LINCOLNSHIRE,MID GLAMORGAN,Slaughterhouse,182,0
Oct-10,LINCOLNSHIRE,NORFOLK,Slaughterhouse,2,32
Oct-10,LINCOLNSHIRE,NORTH YORKSHIRE,Slaughterhouse,29,16
Oct-10,LINCOLNSHIRE,NOTTINGHAMSHIRE,Slaughterhouse,6,32
Oct-10,LINCOLNSHIRE,OXFORDSHIRE,Slaughterhouse,0,5
Oct-10,LINCOLNSHIRE,SHROPSHIRE,Slaughterhouse,17,7
Oct-10,LINCOLNSHIRE,SOUTH YORKSHIRE,Slaughterhouse,320,69
Oct-10,LINCOLNSHIRE,STAFFORDSHIRE,Slaughterhouse,4,52
Oct-10,LINCOLNSHIRE,SURREY,Slaughterhouse,22,0
Oct-10,LINCOLNSHIRE,WEST YORKSHIRE,Slaughterhouse,43,23
Oct-10,LINCOLNSHIRE,,Slaughterhouse,34,60
Oct-10,LOTHIAN,BORDERS,Slaughterhouse,11,11
Oct-10,LOTHIAN,CENTRAL,Slaughterhouse,415,13
Oct-10,LOTHIAN,CLEVELAND,Slaughterhouse,0,1
Oct-10,LOTHIAN,CUMBRIA,Slaughterhouse,6,10
Oct-10,LOTHIAN,GRAMPIAN,Slaughterhouse,5,5
Oct-10,LOTHIAN,HIGHLAND,Slaughterhouse,0,3
Oct-10,LOTHIAN,LANCASHIRE,Slaughterhouse,0,15
Oct-10,LOTHIAN,SOUTH YORKSHIRE,Slaughterhouse,7,1
Oct-10,LOTHIAN,STRATHCLYDE,Slaughterhouse,461,80
Oct-10,LOTHIAN,TAYSIDE,Slaughterhouse,44,41
Oct-10,LOTHIAN,WEST YORKSHIRE,Slaughterhouse,0,1
Oct-10,LOTHIAN,,Slaughterhouse,9,14
Oct-10,MERSEYSIDE,AVON,Slaughterhouse,0,6
Oct-10,MERSEYSIDE,BEDFORDSHIRE,Slaughterhouse,1,0
Oct-10,MERSEYSIDE,CHESHIRE,Slaughterhouse,13,1
Oct-10,MERSEYSIDE,CLEVELAND,Slaughterhouse,0,2
Oct-10,MERSEYSIDE,CLWYD,Slaughterhouse,1,0
Oct-10,MERSEYSIDE,DERBYSHIRE,Slaughterhouse,1,1
Oct-10,MERSEYSIDE,DEVON,Slaughterhouse,0,6
Oct-10,MERSEYSIDE,GREATER MANCHESTER,Slaughterhouse,14,4
Oct-10,MERSEYSIDE,HUMBERSIDE,Slaughterhouse,0,2
Oct-10,MERSEYSIDE,LANCASHIRE,Slaughterhouse,72,5
Oct-10,MERSEYSIDE,LINCOLNSHIRE,Slaughterhouse,54,0
Oct-10,MERSEYSIDE,SHROPSHIRE,Slaughterhouse,72,9
Oct-10,MERSEYSIDE,SOUTH YORKSHIRE,Slaughterhouse,6,4
Oct-10,MERSEYSIDE,STAFFORDSHIRE,Slaughterhouse,0,19
Oct-10,MERSEYSIDE,WEST YORKSHIRE,Slaughterhouse,1,1
Oct-10,MERSEYSIDE,,Slaughterhouse,41,7
Oct-10,MID GLAMORGAN,AVON,Slaughterhouse,0,11
Oct-10,MID GLAMORGAN,BEDFORDSHIRE,Slaughterhouse,0,1
Oct-10,MID GLAMORGAN,CUMBRIA,Slaughterhouse,4,0
Oct-10,MID GLAMORGAN,DEVON,Slaughterhouse,12,12
Oct-10,MID GLAMORGAN,DYFED,Slaughterhouse,19,3
Oct-10,MID GLAMORGAN,GLOUCESTERSHIRE,Slaughterhouse,0,0
Oct-10,MID GLAMORGAN,GRAMPIAN,Slaughterhouse,1,0
Oct-10,MID GLAMORGAN,HEREFORD & WORCESTER,Slaughterhouse,0,2
Oct-10,MID GLAMORGAN,MID GLAMORGAN,Slaughterhouse,132,0
Oct-10,MID GLAMORGAN,OXFORDSHIRE,Slaughterhouse,0,1
Oct-10,MID GLAMORGAN,SHROPSHIRE,Slaughterhouse,11,0
Oct-10,MID GLAMORGAN,SOMERSET,Slaughterhouse,83,9
Oct-10,MID GLAMORGAN,STAFFORDSHIRE,Slaughterhouse,0,1
Oct-10,MID GLAMORGAN,STRATHCLYDE,Slaughterhouse,1,0
Oct-10,MID GLAMORGAN,WEST GLAMORGAN,Slaughterhouse,6,0
Oct-10,MID GLAMORGAN,WILTSHIRE,Slaughterhouse,20,0
Oct-10,MID GLAMORGAN,,Slaughterhouse,18,1
Oct-10,NORFOLK,BEDFORDSHIRE,Slaughterhouse,207,4
Oct-10,NORFOLK,CAMBRIDGESHIRE,Slaughterhouse,4,0
Oct-10,NORFOLK,CENTRAL,Slaughterhouse,0,0
Oct-10,NORFOLK,DERBYSHIRE,Slaughterhouse,0,1
Oct-10,NORFOLK,DEVON,Slaughterhouse,0,1
Oct-10,NORFOLK,ESSEX,Slaughterhouse,8,10
Oct-10,NORFOLK,GLOUCESTERSHIRE,Slaughterhouse,3,0
Oct-10,NORFOLK,GRAMPIAN,Slaughterhouse,0,11
Oct-10,NORFOLK,GREATER MANCHESTER,Slaughterhouse,0,16
Oct-10,NORFOLK,HUMBERSIDE,Slaughterhouse,0,10
Oct-10,NORFOLK,LANCASHIRE,Slaughterhouse,0,4
Oct-10,NORFOLK,LINCOLNSHIRE,Slaughterhouse,472,22
Oct-10,NORFOLK,MID GLAMORGAN,Slaughterhouse,175,0
Oct-10,NORFOLK,NORFOLK,Slaughterhouse,843,16
Oct-10,NORFOLK,NORTH YORKSHIRE,Slaughterhouse,19,1
Oct-10,NORFOLK,NOTTINGHAMSHIRE,Slaughterhouse,0,15
Oct-10,NORFOLK,OXFORDSHIRE,Slaughterhouse,0,2
Oct-10,NORFOLK,SOUTH YORKSHIRE,Slaughterhouse,232,25
Oct-10,NORFOLK,STAFFORDSHIRE,Slaughterhouse,0,14
Oct-10,NORFOLK,SUFFOLK,Slaughterhouse,179,3
Oct-10,NORFOLK,WEST YORKSHIRE,Slaughterhouse,0,12
Oct-10,NORFOLK,WILTSHIRE,Slaughterhouse,11,0
Oct-10,NORFOLK,,Slaughterhouse,127,34
Oct-10,NORTHAMPTONSHIRE,AVON,Slaughterhouse,23,2
Oct-10,NORTHAMPTONSHIRE,BEDFORDSHIRE,Slaughterhouse,437,6
Oct-10,NORTHAMPTONSHIRE,CAMBRIDGESHIRE,Slaughterhouse,3,0
Oct-10,NORTHAMPTONSHIRE,CENTRAL,Slaughterhouse,24,0
Oct-10,NORTHAMPTONSHIRE,CLEVELAND,Slaughterhouse,1,0
Oct-10,NORTHAMPTONSHIRE,DERBYSHIRE,Slaughterhouse,13,9
Oct-10,NORTHAMPTONSHIRE,DEVON,Slaughterhouse,0,1
Oct-10,NORTHAMPTONSHIRE,ESSEX,Slaughterhouse,0,1
Oct-10,NORTHAMPTONSHIRE,GRAMPIAN,Slaughterhouse,0,1
Oct-10,NORTHAMPTONSHIRE,GREATER MANCHESTER,Slaughterhouse,0,22
Oct-10,NORTHAMPTONSHIRE,HAMPSHIRE,Slaughterhouse,2,3
Oct-10,NORTHAMPTONSHIRE,HEREFORD & WORCESTER,Slaughterhouse,0,2
Oct-10,NORTHAMPTONSHIRE,HUMBERSIDE,Slaughterhouse,0,5
Oct-10,NORTHAMPTONSHIRE,LANCASHIRE,Slaughterhouse,3,6
Oct-10,NORTHAMPTONSHIRE,LEICESTERSHIRE,Slaughterhouse,67,0
Oct-10,NORTHAMPTONSHIRE,LINCOLNSHIRE,Slaughterhouse,"1,160",36
Oct-10,NORTHAMPTONSHIRE,MID GLAMORGAN,Slaughterhouse,127,0
Oct-10,NORTHAMPTONSHIRE,NORFOLK,Slaughterhouse,0,17
Oct-10,NORTHAMPTONSHIRE,NORTHAMPTONSHIRE,Slaughterhouse,2,0
Oct-10,NORTHAMPTONSHIRE,NORTH YORKSHIRE,Slaughterhouse,58,3
Oct-10,NORTHAMPTONSHIRE,NOTTINGHAMSHIRE,Slaughterhouse,0,17
Oct-10,NORTHAMPTONSHIRE,OXFORDSHIRE,Slaughterhouse,94,47
Oct-10,NORTHAMPTONSHIRE,SHROPSHIRE,Slaughterhouse,281,4
Oct-10,NORTHAMPTONSHIRE,SOUTH YORKSHIRE,Slaughterhouse,24,18
Oct-10,NORTHAMPTONSHIRE,STAFFORDSHIRE,Slaughterhouse,5,25
Oct-10,NORTHAMPTONSHIRE,SURREY,Slaughterhouse,349,0
Oct-10,NORTHAMPTONSHIRE,WARWICKSHIRE,Slaughterhouse,22,0
Oct-10,NORTHAMPTONSHIRE,WEST MIDLANDS,Slaughterhouse,0,1
Oct-10,NORTHAMPTONSHIRE,WEST YORKSHIRE,Slaughterhouse,0,17
Oct-10,NORTHAMPTONSHIRE,,Slaughterhouse,82,28
Oct-10,NORTHUMBERLAND,BORDERS,Slaughterhouse,8,8
Oct-10,NORTHUMBERLAND,CENTRAL,Slaughterhouse,"1,425",1
Oct-10,NORTHUMBERLAND,CLEVELAND,Slaughterhouse,0,46
Oct-10,NORTHUMBERLAND,CUMBRIA,Slaughterhouse,74,33
Oct-10,NORTHUMBERLAND,DURHAM,Slaughterhouse,334,281
Oct-10,NORTHUMBERLAND,GRAMPIAN,Slaughterhouse,72,0
Oct-10,NORTHUMBERLAND,GREATER MANCHESTER,Slaughterhouse,0,16
Oct-10,NORTHUMBERLAND,HUMBERSIDE,Slaughterhouse,69,25
Oct-10,NORTHUMBERLAND,LANCASHIRE,Slaughterhouse,467,17
Oct-10,NORTHUMBERLAND,LINCOLNSHIRE,Slaughterhouse,0,1
Oct-10,NORTHUMBERLAND,MID GLAMORGAN,Slaughterhouse,226,0
Oct-10,NORTHUMBERLAND,NORTH YORKSHIRE,Slaughterhouse,84,10
Oct-10,NORTHUMBERLAND,SHROPSHIRE,Slaughterhouse,9,7
Oct-10,NORTHUMBERLAND,SOUTH YORKSHIRE,Slaughterhouse,43,4
Oct-10,NORTHUMBERLAND,STAFFORDSHIRE,Slaughterhouse,0,3
Oct-10,NORTHUMBERLAND,STRATHCLYDE,Slaughterhouse,254,14
Oct-10,NORTHUMBERLAND,TAYSIDE,Slaughterhouse,74,12
Oct-10,NORTHUMBERLAND,TYNE & WEAR,Slaughterhouse,525,39
Oct-10,NORTHUMBERLAND,WEST YORKSHIRE,Slaughterhouse,4,36
Oct-10,NORTHUMBERLAND,,Slaughterhouse,81,10
Oct-10,NORTH YORKSHIRE,BEDFORDSHIRE,Slaughterhouse,0,6
Oct-10,NORTH YORKSHIRE,CENTRAL,Slaughterhouse,328,85
Oct-10,NORTH YORKSHIRE,CHESHIRE,Slaughterhouse,11,4
Oct-10,NORTH YORKSHIRE,CLEVELAND,Slaughterhouse,"1,019",786
Oct-10,NORTH YORKSHIRE,CORNWALL,Slaughterhouse,1,2
Oct-10,NORTH YORKSHIRE,CUMBRIA,Slaughterhouse,41,31
Oct-10,NORTH YORKSHIRE,DERBYSHIRE,Slaughterhouse,20,0
Oct-10,NORTH YORKSHIRE,DEVON,Slaughterhouse,0,16
Oct-10,NORTH YORKSHIRE,DURHAM,Slaughterhouse,751,514
Oct-10,NORTH YORKSHIRE,GRAMPIAN,Slaughterhouse,70,1
Oct-10,NORTH YORKSHIRE,GREATER MANCHESTER,Slaughterhouse,"1,002",828
Oct-10,NORTH YORKSHIRE,HUMBERSIDE,Slaughterhouse,"1,836",199
Oct-10,NORTH YORKSHIRE,LANCASHIRE,Slaughterhouse,"3,554",103
Oct-10,NORTH YORKSHIRE,LINCOLNSHIRE,Slaughterhouse,917,131
Oct-10,NORTH YORKSHIRE,MID GLAMORGAN,Slaughterhouse,62,2
Oct-10,NORTH YORKSHIRE,NORTH YORKSHIRE,Slaughterhouse,"1,758",276
Oct-10,NORTH YORKSHIRE,SHROPSHIRE,Slaughterhouse,293,54
Oct-10,NORTH YORKSHIRE,SOUTH YORKSHIRE,Slaughterhouse,925,111
Oct-10,NORTH YORKSHIRE,STAFFORDSHIRE,Slaughterhouse,85,102
Oct-10,NORTH YORKSHIRE,STRATHCLYDE,Slaughterhouse,251,7
Oct-10,NORTH YORKSHIRE,TYNE & WEAR,Slaughterhouse,9,0
Oct-10,NORTH YORKSHIRE,WEST YORKSHIRE,Slaughterhouse,"1,885","1,137"
Oct-10,NORTH YORKSHIRE,,Slaughterhouse,881,125
Oct-10,NOTTINGHAMSHIRE,BEDFORDSHIRE,Slaughterhouse,48,7
Oct-10,NOTTINGHAMSHIRE,CENTRAL,Slaughterhouse,0,0
Oct-10,NOTTINGHAMSHIRE,DERBYSHIRE,Slaughterhouse,125,9
Oct-10,NOTTINGHAMSHIRE,DEVON,Slaughterhouse,21,3
Oct-10,NOTTINGHAMSHIRE,ESSEX,Slaughterhouse,33,3
Oct-10,NOTTINGHAMSHIRE,GRAMPIAN,Slaughterhouse,92,35
Oct-10,NOTTINGHAMSHIRE,GREATER MANCHESTER,Slaughterhouse,184,36
Oct-10,NOTTINGHAMSHIRE,HUMBERSIDE,Slaughterhouse,50,14
Oct-10,NOTTINGHAMSHIRE,LANCASHIRE,Slaughterhouse,119,27
Oct-10,NOTTINGHAMSHIRE,LEICESTERSHIRE,Slaughterhouse,2,0
Oct-10,NOTTINGHAMSHIRE,LINCOLNSHIRE,Slaughterhouse,899,75
Oct-10,NOTTINGHAMSHIRE,MID GLAMORGAN,Slaughterhouse,15,0
Oct-10,NOTTINGHAMSHIRE,NORFOLK,Slaughterhouse,133,22
Oct-10,NOTTINGHAMSHIRE,NORTH YORKSHIRE,Slaughterhouse,72,18
Oct-10,NOTTINGHAMSHIRE,NOTTINGHAMSHIRE,Slaughterhouse,250,27
Oct-10,NOTTINGHAMSHIRE,OXFORDSHIRE,Slaughterhouse,16,10
Oct-10,NOTTINGHAMSHIRE,SHROPSHIRE,Slaughterhouse,52,11
Oct-10,NOTTINGHAMSHIRE,SOUTH YORKSHIRE,Slaughterhouse,501,47
Oct-10,NOTTINGHAMSHIRE,STAFFORDSHIRE,Slaughterhouse,164,36
Oct-10,NOTTINGHAMSHIRE,SURREY,Slaughterhouse,23,0
Oct-10,NOTTINGHAMSHIRE,WEST YORKSHIRE,Slaughterhouse,80,20
Oct-10,NOTTINGHAMSHIRE,,Slaughterhouse,311,66
Oct-10,ORKNEY,CENTRAL,Slaughterhouse,255,3
Oct-10,ORKNEY,CUMBRIA,Slaughterhouse,0,8
Oct-10,ORKNEY,GRAMPIAN,Slaughterhouse,125,4
Oct-10,ORKNEY,HIGHLAND,Slaughterhouse,0,0
Oct-10,ORKNEY,LANCASHIRE,Slaughterhouse,0,0
Oct-10,ORKNEY,ORKNEY,Slaughterhouse,505,33
Oct-10,ORKNEY,STRATHCLYDE,Slaughterhouse,0,19
Oct-10,ORKNEY,TAYSIDE,Slaughterhouse,4,17
Oct-10,ORKNEY,,Slaughterhouse,0,8
Oct-10,OXFORDSHIRE,AVON,Slaughterhouse,35,0
Oct-10,OXFORDSHIRE,BEDFORDSHIRE,Slaughterhouse,135,0
Oct-10,OXFORDSHIRE,CENTRAL,Slaughterhouse,31,2
Oct-10,OXFORDSHIRE,CORNWALL,Slaughterhouse,11,0
Oct-10,OXFORDSHIRE,GLOUCESTERSHIRE,Slaughterhouse,5,0
Oct-10,OXFORDSHIRE,HAMPSHIRE,Slaughterhouse,14,5
Oct-10,OXFORDSHIRE,HEREFORD & WORCESTER,Slaughterhouse,0,1
Oct-10,OXFORDSHIRE,LANCASHIRE,Slaughterhouse,15,4
Oct-10,OXFORDSHIRE,LINCOLNSHIRE,Slaughterhouse,510,2
Oct-10,OXFORDSHIRE,MID GLAMORGAN,Slaughterhouse,263,26
Oct-10,OXFORDSHIRE,NORFOLK,Slaughterhouse,2,0
Oct-10,OXFORDSHIRE,OXFORDSHIRE,Slaughterhouse,100,6
Oct-10,OXFORDSHIRE,SHROPSHIRE,Slaughterhouse,48,0
Oct-10,OXFORDSHIRE,SOMERSET,Slaughterhouse,83,1
Oct-10,OXFORDSHIRE,SOUTH YORKSHIRE,Slaughterhouse,129,44
Oct-10,OXFORDSHIRE,STAFFORDSHIRE,Slaughterhouse,0,2
Oct-10,OXFORDSHIRE,SURREY,Slaughterhouse,130,0
Oct-10,OXFORDSHIRE,WARWICKSHIRE,Slaughterhouse,16,1
Oct-10,OXFORDSHIRE,WILTSHIRE,Slaughterhouse,3,43
Oct-10,OXFORDSHIRE,,Slaughterhouse,106,0
Oct-10,POWYS,AVON,Slaughterhouse,0,44
Oct-10,POWYS,BEDFORDSHIRE,Slaughterhouse,84,129
Oct-10,POWYS,CHESHIRE,Slaughterhouse,71,16
Oct-10,POWYS,CLWYD,Slaughterhouse,6,6
Oct-10,POWYS,CUMBRIA,Slaughterhouse,0,6
Oct-10,POWYS,DERBYSHIRE,Slaughterhouse,8,0
Oct-10,POWYS,DEVON,Slaughterhouse,27,83
Oct-10,POWYS,DURHAM,Slaughterhouse,1,15
Oct-10,POWYS,DYFED,Slaughterhouse,95,6
Oct-10,POWYS,GLOUCESTERSHIRE,Slaughterhouse,5,10
Oct-10,POWYS,GRAMPIAN,Slaughterhouse,0,1
Oct-10,POWYS,GREATER MANCHESTER,Slaughterhouse,41,91
Oct-10,POWYS,GWYNEDD,Slaughterhouse,4,2
Oct-10,POWYS,HAMPSHIRE,Slaughterhouse,0,7
Oct-10,POWYS,HEREFORD & WORCESTER,Slaughterhouse,8,0
Oct-10,POWYS,HUMBERSIDE,Slaughterhouse,48,2
Oct-10,POWYS,LANCASHIRE,Slaughterhouse,428,31
Oct-10,POWYS,LINCOLNSHIRE,Slaughterhouse,58,8
Oct-10,POWYS,MID GLAMORGAN,Slaughterhouse,320,0
Oct-10,POWYS,OXFORDSHIRE,Slaughterhouse,6,13
Oct-10,POWYS,POWYS,Slaughterhouse,233,0
Oct-10,POWYS,SHROPSHIRE,Slaughterhouse,888,34
Oct-10,POWYS,SOMERSET,Slaughterhouse,46,8
Oct-10,POWYS,SOUTH YORKSHIRE,Slaughterhouse,0,5
Oct-10,POWYS,STAFFORDSHIRE,Slaughterhouse,58,66
Oct-10,POWYS,STRATHCLYDE,Slaughterhouse,23,27
Oct-10,POWYS,TYNE & WEAR,Slaughterhouse,5,7
Oct-10,POWYS,WARWICKSHIRE,Slaughterhouse,1,1
Oct-10,POWYS,WEST GLAMORGAN,Slaughterhouse,82,6
Oct-10,POWYS,WEST YORKSHIRE,Slaughterhouse,8,5
Oct-10,POWYS,WILTSHIRE,Slaughterhouse,0,2
Oct-10,POWYS,,Slaughterhouse,337,129
Oct-10,SHETLAND,CUMBRIA,Slaughterhouse,0,2
Oct-10,SHETLAND,SHETLAND,Slaughterhouse,15,0
Oct-10,SHETLAND,STRATHCLYDE,Slaughterhouse,0,5
Oct-10,SHETLAND,TAYSIDE,Slaughterhouse,0,1
Oct-10,SHROPSHIRE,AVON,Slaughterhouse,241,85
Oct-10,SHROPSHIRE,BEDFORDSHIRE,Slaughterhouse,279,104
Oct-10,SHROPSHIRE,CENTRAL,Slaughterhouse,61,0
Oct-10,SHROPSHIRE,CHESHIRE,Slaughterhouse,435,74
Oct-10,SHROPSHIRE,CLWYD,Slaughterhouse,246,6
Oct-10,SHROPSHIRE,CORNWALL,Slaughterhouse,2,2
Oct-10,SHROPSHIRE,CUMBRIA,Slaughterhouse,3,1
Oct-10,SHROPSHIRE,DERBYSHIRE,Slaughterhouse,16,1
Oct-10,SHROPSHIRE,DEVON,Slaughterhouse,465,154
Oct-10,SHROPSHIRE,DURHAM,Slaughterhouse,142,47
Oct-10,SHROPSHIRE,DYFED,Slaughterhouse,57,25
Oct-10,SHROPSHIRE,GLOUCESTERSHIRE,Slaughterhouse,3,1
Oct-10,SHROPSHIRE,GREATER MANCHESTER,Slaughterhouse,748,340
Oct-10,SHROPSHIRE,GWYNEDD,Slaughterhouse,0,2
Oct-10,SHROPSHIRE,HAMPSHIRE,Slaughterhouse,63,24
Oct-10,SHROPSHIRE,HEREFORD & WORCESTER,Slaughterhouse,60,8
Oct-10,SHROPSHIRE,HUMBERSIDE,Slaughterhouse,48,15
Oct-10,SHROPSHIRE,LANCASHIRE,Slaughterhouse,558,111
Oct-10,SHROPSHIRE,LINCOLNSHIRE,Slaughterhouse,483,53
Oct-10,SHROPSHIRE,MERSEYSIDE,Slaughterhouse,1,0
Oct-10,SHROPSHIRE,MID GLAMORGAN,Slaughterhouse,154,0
Oct-10,SHROPSHIRE,NORFOLK,Slaughterhouse,0,1
Oct-10,SHROPSHIRE,OXFORDSHIRE,Slaughterhouse,193,89
Oct-10,SHROPSHIRE,SHROPSHIRE,Slaughterhouse,"2,775",146
Oct-10,SHROPSHIRE,SOMERSET,Slaughterhouse,182,38
Oct-10,SHROPSHIRE,SOUTH YORKSHIRE,Slaughterhouse,69,11
Oct-10,SHROPSHIRE,STAFFORDSHIRE,Slaughterhouse,"1,318",512
Oct-10,SHROPSHIRE,STRATHCLYDE,Slaughterhouse,174,60
Oct-10,SHROPSHIRE,SURREY,Slaughterhouse,7,0
Oct-10,SHROPSHIRE,TYNE & WEAR,Slaughterhouse,7,0
Oct-10,SHROPSHIRE,WARWICKSHIRE,Slaughterhouse,93,43
Oct-10,SHROPSHIRE,WEST MIDLANDS,Slaughterhouse,77,8
Oct-10,SHROPSHIRE,WEST YORKSHIRE,Slaughterhouse,111,47
Oct-10,SHROPSHIRE,WILTSHIRE,Slaughterhouse,35,22
Oct-10,SHROPSHIRE,,Slaughterhouse,868,193
Oct-10,SOMERSET,AVON,Slaughterhouse,615,37
Oct-10,SOMERSET,BEDFORDSHIRE,Slaughterhouse,98,63
Oct-10,SOMERSET,CENTRAL,Slaughterhouse,40,0
Oct-10,SOMERSET,CORNWALL,Slaughterhouse,182,45
Oct-10,SOMERSET,DEVON,Slaughterhouse,583,143
Oct-10,SOMERSET,DORSET,Slaughterhouse,95,7
Oct-10,SOMERSET,DYFED,Slaughterhouse,3,0
Oct-10,SOMERSET,ESSEX,Slaughterhouse,3,0
Oct-10,SOMERSET,GLOUCESTERSHIRE,Slaughterhouse,370,153
Oct-10,SOMERSET,HAMPSHIRE,Slaughterhouse,1,0
Oct-10,SOMERSET,HUMBERSIDE,Slaughterhouse,1,0
Oct-10,SOMERSET,KENT,Slaughterhouse,121,42
Oct-10,SOMERSET,LANCASHIRE,Slaughterhouse,22,9
Oct-10,SOMERSET,LINCOLNSHIRE,Slaughterhouse,69,15
Oct-10,SOMERSET,MID GLAMORGAN,Slaughterhouse,264,0
Oct-10,SOMERSET,NORFOLK,Slaughterhouse,0,0
Oct-10,SOMERSET,OXFORDSHIRE,Slaughterhouse,73,32
Oct-10,SOMERSET,SHROPSHIRE,Slaughterhouse,76,4
Oct-10,SOMERSET,SOMERSET,Slaughterhouse,"2,742",106
Oct-10,SOMERSET,SOUTH YORKSHIRE,Slaughterhouse,104,0
Oct-10,SOMERSET,SURREY,Slaughterhouse,109,0
Oct-10,SOMERSET,WILTSHIRE,Slaughterhouse,115,4
Oct-10,SOMERSET,,Slaughterhouse,797,167
Oct-10,SOUTH GLAMORGAN,AVON,Slaughterhouse,0,9
Oct-10,SOUTH GLAMORGAN,BEDFORDSHIRE,Slaughterhouse,0,1
Oct-10,SOUTH GLAMORGAN,CUMBRIA,Slaughterhouse,0,4
Oct-10,SOUTH GLAMORGAN,DEVON,Slaughterhouse,9,4
Oct-10,SOUTH GLAMORGAN,DYFED,Slaughterhouse,37,1
Oct-10,SOUTH GLAMORGAN,GLOUCESTERSHIRE,Slaughterhouse,0,0
Oct-10,SOUTH GLAMORGAN,GREATER MANCHESTER,Slaughterhouse,0,3
Oct-10,SOUTH GLAMORGAN,LANCASHIRE,Slaughterhouse,42,0
Oct-10,SOUTH GLAMORGAN,LINCOLNSHIRE,Slaughterhouse,24,0
Oct-10,SOUTH GLAMORGAN,MID GLAMORGAN,Slaughterhouse,270,0
Oct-10,SOUTH GLAMORGAN,OXFORDSHIRE,Slaughterhouse,0,1
Oct-10,SOUTH GLAMORGAN,SOMERSET,Slaughterhouse,41,6
Oct-10,SOUTH GLAMORGAN,SURREY,Slaughterhouse,13,0
Oct-10,SOUTH GLAMORGAN,WEST GLAMORGAN,Slaughterhouse,3,0
Oct-10,SOUTH GLAMORGAN,WILTSHIRE,Slaughterhouse,0,1
Oct-10,SOUTH GLAMORGAN,,Slaughterhouse,45,1
Oct-10,SOUTH YORKSHIRE,BEDFORDSHIRE,Slaughterhouse,0,2
Oct-10,SOUTH YORKSHIRE,CENTRAL,Slaughterhouse,0,0
Oct-10,SOUTH YORKSHIRE,CHESHIRE,Slaughterhouse,317,1
Oct-10,SOUTH YORKSHIRE,CLEVELAND,Slaughterhouse,0,37
Oct-10,SOUTH YORKSHIRE,CORNWALL,Slaughterhouse,1,0
Oct-10,SOUTH YORKSHIRE,DERBYSHIRE,Slaughterhouse,5,2
Oct-10,SOUTH YORKSHIRE,DURHAM,Slaughterhouse,0,2
Oct-10,SOUTH YORKSHIRE,GREATER MANCHESTER,Slaughterhouse,2,38
Oct-10,SOUTH YORKSHIRE,HUMBERSIDE,Slaughterhouse,54,6
Oct-10,SOUTH YORKSHIRE,LANCASHIRE,Slaughterhouse,13,0
Oct-10,SOUTH YORKSHIRE,LINCOLNSHIRE,Slaughterhouse,0,2
Oct-10,SOUTH YORKSHIRE,MID GLAMORGAN,Slaughterhouse,1,0
Oct-10,SOUTH YORKSHIRE,NORTH YORKSHIRE,Slaughterhouse,1,12
Oct-10,SOUTH YORKSHIRE,OXFORDSHIRE,Slaughterhouse,0,5
Oct-10,SOUTH YORKSHIRE,SOUTH YORKSHIRE,Slaughterhouse,706,33
Oct-10,SOUTH YORKSHIRE,STAFFORDSHIRE,Slaughterhouse,99,27
Oct-10,SOUTH YORKSHIRE,STRATHCLYDE,Slaughterhouse,0,2
Oct-10,SOUTH YORKSHIRE,WEST YORKSHIRE,Slaughterhouse,119,45
Oct-10,SOUTH YORKSHIRE,,Slaughterhouse,194,9
Oct-10,STAFFORDSHIRE,AVON,Slaughterhouse,18,33
Oct-10,STAFFORDSHIRE,BEDFORDSHIRE,Slaughterhouse,22,64
Oct-10,STAFFORDSHIRE,CHESHIRE,Slaughterhouse,164,52
Oct-10,STAFFORDSHIRE,CLEVELAND,Slaughterhouse,1,0
Oct-10,STAFFORDSHIRE,CLWYD,Slaughterhouse,3,0
Oct-10,STAFFORDSHIRE,CUMBRIA,Slaughterhouse,3,1
Oct-10,STAFFORDSHIRE,DERBYSHIRE,Slaughterhouse,75,18
Oct-10,STAFFORDSHIRE,DEVON,Slaughterhouse,36,102
Oct-10,STAFFORDSHIRE,DURHAM,Slaughterhouse,3,13
Oct-10,STAFFORDSHIRE,GREATER MANCHESTER,Slaughterhouse,13,105
Oct-10,STAFFORDSHIRE,HAMPSHIRE,Slaughterhouse,8,0
Oct-10,STAFFORDSHIRE,HEREFORD & WORCESTER,Slaughterhouse,1,0
Oct-10,STAFFORDSHIRE,HUMBERSIDE,Slaughterhouse,65,61
Oct-10,STAFFORDSHIRE,LANCASHIRE,Slaughterhouse,304,51
Oct-10,STAFFORDSHIRE,LINCOLNSHIRE,Slaughterhouse,322,6
Oct-10,STAFFORDSHIRE,MID GLAMORGAN,Slaughterhouse,117,0
Oct-10,STAFFORDSHIRE,NOTTINGHAMSHIRE,Slaughterhouse,2,6
Oct-10,STAFFORDSHIRE,OXFORDSHIRE,Slaughterhouse,7,20
Oct-10,STAFFORDSHIRE,SHROPSHIRE,Slaughterhouse,989,76
Oct-10,STAFFORDSHIRE,SOMERSET,Slaughterhouse,187,10
Oct-10,STAFFORDSHIRE,SOUTH YORKSHIRE,Slaughterhouse,156,66
Oct-10,STAFFORDSHIRE,STAFFORDSHIRE,Slaughterhouse,"1,954",375
Oct-10,STAFFORDSHIRE,STRATHCLYDE,Slaughterhouse,22,22
Oct-10,STAFFORDSHIRE,WARWICKSHIRE,Slaughterhouse,0,1
Oct-10,STAFFORDSHIRE,WEST MIDLANDS,Slaughterhouse,0,3
Oct-10,STAFFORDSHIRE,WEST YORKSHIRE,Slaughterhouse,50,91
Oct-10,STAFFORDSHIRE,,Slaughterhouse,484,172
Oct-10,STRATHCLYDE,AVON,Slaughterhouse,0,0
Oct-10,STRATHCLYDE,BORDERS,Slaughterhouse,0,5
Oct-10,STRATHCLYDE,CENTRAL,Slaughterhouse,"1,090",14
Oct-10,STRATHCLYDE,CORNWALL,Slaughterhouse,1,1
Oct-10,STRATHCLYDE,CUMBRIA,Slaughterhouse,229,163
Oct-10,STRATHCLYDE,DERBYSHIRE,Slaughterhouse,0,3
Oct-10,STRATHCLYDE,DURHAM,Slaughterhouse,0,1
Oct-10,STRATHCLYDE,GRAMPIAN,Slaughterhouse,161,30
Oct-10,STRATHCLYDE,GREATER MANCHESTER,Slaughterhouse,2,1
Oct-10,STRATHCLYDE,HIGHLAND,Slaughterhouse,52,43
Oct-10,STRATHCLYDE,LANCASHIRE,Slaughterhouse,89,124
Oct-10,STRATHCLYDE,SOUTH YORKSHIRE,Slaughterhouse,181,132
Oct-10,STRATHCLYDE,STAFFORDSHIRE,Slaughterhouse,1,0
Oct-10,STRATHCLYDE,STRATHCLYDE,Slaughterhouse,"3,354",597
Oct-10,STRATHCLYDE,TAYSIDE,Slaughterhouse,751,125
Oct-10,STRATHCLYDE,WEST YORKSHIRE,Slaughterhouse,0,0
Oct-10,STRATHCLYDE,,Slaughterhouse,778,359
Oct-10,SUFFOLK,BEDFORDSHIRE,Slaughterhouse,78,0
Oct-10,SUFFOLK,ESSEX,Slaughterhouse,80,67
Oct-10,SUFFOLK,GREATER LONDON,Slaughterhouse,0,2
Oct-10,SUFFOLK,GREATER MANCHESTER,Slaughterhouse,0,1
Oct-10,SUFFOLK,HAMPSHIRE,Slaughterhouse,0,26
Oct-10,SUFFOLK,LINCOLNSHIRE,Slaughterhouse,475,4
Oct-10,SUFFOLK,MID GLAMORGAN,Slaughterhouse,72,0
Oct-10,SUFFOLK,NORFOLK,Slaughterhouse,65,50
Oct-10,SUFFOLK,NORTH YORKSHIRE,Slaughterhouse,0,2
Oct-10,SUFFOLK,SHROPSHIRE,Slaughterhouse,8,0
Oct-10,SUFFOLK,SOUTH YORKSHIRE,Slaughterhouse,27,3
Oct-10,SUFFOLK,SUFFOLK,Slaughterhouse,240,5
Oct-10,SUFFOLK,WEST YORKSHIRE,Slaughterhouse,0,1
Oct-10,SUFFOLK,,Slaughterhouse,278,0
Oct-10,SURREY,AVON,Slaughterhouse,5,0
Oct-10,SURREY,BEDFORDSHIRE,Slaughterhouse,1,2
Oct-10,SURREY,DEVON,Slaughterhouse,0,5
Oct-10,SURREY,EAST SUSSEX,Slaughterhouse,4,0
Oct-10,SURREY,ESSEX,Slaughterhouse,0,2
Oct-10,SURREY,HAMPSHIRE,Slaughterhouse,61,6
Oct-10,SURREY,KENT,Slaughterhouse,28,5
Oct-10,SURREY,NORFOLK,Slaughterhouse,0,6
Oct-10,SURREY,OXFORDSHIRE,Slaughterhouse,1,0
Oct-10,SURREY,SOMERSET,Slaughterhouse,2,10
Oct-10,SURREY,SOUTH YORKSHIRE,Slaughterhouse,30,0
Oct-10,SURREY,SURREY,Slaughterhouse,148,0
Oct-10,SURREY,WEST SUSSEX,Slaughterhouse,8,0
Oct-10,SURREY,,Slaughterhouse,3,0
Oct-10,TAYSIDE,BORDERS,Slaughterhouse,1,0
Oct-10,TAYSIDE,CENTRAL,Slaughterhouse,538,5
Oct-10,TAYSIDE,CUMBRIA,Slaughterhouse,10,12
Oct-10,TAYSIDE,DERBYSHIRE,Slaughterhouse,0,2
Oct-10,TAYSIDE,FIFE,Slaughterhouse,179,56
Oct-10,TAYSIDE,GRAMPIAN,Slaughterhouse,232,13
Oct-10,TAYSIDE,HIGHLAND,Slaughterhouse,2,0
Oct-10,TAYSIDE,HUMBERSIDE,Slaughterhouse,20,0
Oct-10,TAYSIDE,LANCASHIRE,Slaughterhouse,28,14
Oct-10,TAYSIDE,STRATHCLYDE,Slaughterhouse,332,122
Oct-10,TAYSIDE,TAYSIDE,Slaughterhouse,929,6
Oct-10,TAYSIDE,,Slaughterhouse,31,1
Oct-10,TYNE & WEAR,CENTRAL,Slaughterhouse,63,0
Oct-10,TYNE & WEAR,CLEVELAND,Slaughterhouse,0,9
Oct-10,TYNE & WEAR,CUMBRIA,Slaughterhouse,25,4
Oct-10,TYNE & WEAR,DURHAM,Slaughterhouse,4,13
Oct-10,TYNE & WEAR,GREATER MANCHESTER,Slaughterhouse,0,3
Oct-10,TYNE & WEAR,HUMBERSIDE,Slaughterhouse,0,2
Oct-10,TYNE & WEAR,LANCASHIRE,Slaughterhouse,12,0
Oct-10,TYNE & WEAR,NORTH YORKSHIRE,Slaughterhouse,0,4
Oct-10,TYNE & WEAR,SOUTH YORKSHIRE,Slaughterhouse,15,2
Oct-10,TYNE & WEAR,TYNE & WEAR,Slaughterhouse,54,0
Oct-10,TYNE & WEAR,WEST YORKSHIRE,Slaughterhouse,5,1
Oct-10,TYNE & WEAR,,Slaughterhouse,0,4
Oct-10,WARWICKSHIRE,AVON,Slaughterhouse,4,5
Oct-10,WARWICKSHIRE,BEDFORDSHIRE,Slaughterhouse,79,4
Oct-10,WARWICKSHIRE,CHESHIRE,Slaughterhouse,1,0
Oct-10,WARWICKSHIRE,DERBYSHIRE,Slaughterhouse,0,4
Oct-10,WARWICKSHIRE,DEVON,Slaughterhouse,0,7
Oct-10,WARWICKSHIRE,DURHAM,Slaughterhouse,2,2
Oct-10,WARWICKSHIRE,ESSEX,Slaughterhouse,0,13
Oct-10,WARWICKSHIRE,GLOUCESTERSHIRE,Slaughterhouse,3,2
Oct-10,WARWICKSHIRE,GRAMPIAN,Slaughterhouse,0,8
Oct-10,WARWICKSHIRE,GREATER MANCHESTER,Slaughterhouse,0,12
Oct-10,WARWICKSHIRE,HAMPSHIRE,Slaughterhouse,4,0
Oct-10,WARWICKSHIRE,HEREFORD & WORCESTER,Slaughterhouse,9,4
Oct-10,WARWICKSHIRE,HUMBERSIDE,Slaughterhouse,0,4
Oct-10,WARWICKSHIRE,LANCASHIRE,Slaughterhouse,16,15
Oct-10,WARWICKSHIRE,LEICESTERSHIRE,Slaughterhouse,47,15
Oct-10,WARWICKSHIRE,LINCOLNSHIRE,Slaughterhouse,387,34
Oct-10,WARWICKSHIRE,MID GLAMORGAN,Slaughterhouse,147,1
Oct-10,WARWICKSHIRE,NORFOLK,Slaughterhouse,0,17
Oct-10,WARWICKSHIRE,NORTH YORKSHIRE,Slaughterhouse,0,13
Oct-10,WARWICKSHIRE,NOTTINGHAMSHIRE,Slaughterhouse,0,4
Oct-10,WARWICKSHIRE,OXFORDSHIRE,Slaughterhouse,68,34
Oct-10,WARWICKSHIRE,SHROPSHIRE,Slaughterhouse,104,16
Oct-10,WARWICKSHIRE,SOMERSET,Slaughterhouse,17,0
Oct-10,WARWICKSHIRE,SOUTH YORKSHIRE,Slaughterhouse,3,13
Oct-10,WARWICKSHIRE,STAFFORDSHIRE,Slaughterhouse,97,26
Oct-10,WARWICKSHIRE,STRATHCLYDE,Slaughterhouse,0,4
Oct-10,WARWICKSHIRE,SURREY,Slaughterhouse,69,0
Oct-10,WARWICKSHIRE,WARWICKSHIRE,Slaughterhouse,67,0
Oct-10,WARWICKSHIRE,WEST MIDLANDS,Slaughterhouse,13,2
Oct-10,WARWICKSHIRE,WEST YORKSHIRE,Slaughterhouse,1,3
Oct-10,WARWICKSHIRE,WILTSHIRE,Slaughterhouse,6,3
Oct-10,WARWICKSHIRE,,Slaughterhouse,221,34
Oct-10,WESTERN ISLES,CUMBRIA,Slaughterhouse,0,2
Oct-10,WESTERN ISLES,GRAMPIAN,Slaughterhouse,0,1
Oct-10,WESTERN ISLES,HIGHLAND,Slaughterhouse,0,6
Oct-10,WESTERN ISLES,WESTERN ISLES,Slaughterhouse,7,0
Oct-10,WESTERN ISLES,,Slaughterhouse,33,8
Oct-10,WEST GLAMORGAN,AVON,Slaughterhouse,0,9
Oct-10,WEST GLAMORGAN,BEDFORDSHIRE,Slaughterhouse,0,14
Oct-10,WEST GLAMORGAN,DEVON,Slaughterhouse,1,5
Oct-10,WEST GLAMORGAN,DYFED,Slaughterhouse,42,7
Oct-10,WEST GLAMORGAN,GREATER MANCHESTER,Slaughterhouse,0,3
Oct-10,WEST GLAMORGAN,HAMPSHIRE,Slaughterhouse,0,1
Oct-10,WEST GLAMORGAN,LINCOLNSHIRE,Slaughterhouse,9,0
Oct-10,WEST GLAMORGAN,MID GLAMORGAN,Slaughterhouse,184,0
Oct-10,WEST GLAMORGAN,POWYS,Slaughterhouse,1,0
Oct-10,WEST GLAMORGAN,SHROPSHIRE,Slaughterhouse,13,1
Oct-10,WEST GLAMORGAN,SOMERSET,Slaughterhouse,0,2
Oct-10,WEST GLAMORGAN,STRATHCLYDE,Slaughterhouse,0,2
Oct-10,WEST GLAMORGAN,SURREY,Slaughterhouse,39,0
Oct-10,WEST GLAMORGAN,WEST GLAMORGAN,Slaughterhouse,27,0
Oct-10,WEST GLAMORGAN,WILTSHIRE,Slaughterhouse,2,1
Oct-10,WEST GLAMORGAN,,Slaughterhouse,27,1
Oct-10,WEST MIDLANDS,AVON,Slaughterhouse,0,1
Oct-10,WEST MIDLANDS,BEDFORDSHIRE,Slaughterhouse,0,4
Oct-10,WEST MIDLANDS,CHESHIRE,Slaughterhouse,0,1
Oct-10,WEST MIDLANDS,DERBYSHIRE,Slaughterhouse,0,1
Oct-10,WEST MIDLANDS,GREATER MANCHESTER,Slaughterhouse,0,1
Oct-10,WEST MIDLANDS,LANCASHIRE,Slaughterhouse,0,3
Oct-10,WEST MIDLANDS,LEICESTERSHIRE,Slaughterhouse,4,0
Oct-10,WEST MIDLANDS,LINCOLNSHIRE,Slaughterhouse,6,0
Oct-10,WEST MIDLANDS,MID GLAMORGAN,Slaughterhouse,18,0
Oct-10,WEST MIDLANDS,OXFORDSHIRE,Slaughterhouse,0,3
Oct-10,WEST MIDLANDS,SHROPSHIRE,Slaughterhouse,0,2
Oct-10,WEST MIDLANDS,SOUTH YORKSHIRE,Slaughterhouse,0,2
Oct-10,WEST MIDLANDS,STAFFORDSHIRE,Slaughterhouse,3,10
Oct-10,WEST MIDLANDS,WARWICKSHIRE,Slaughterhouse,4,1
Oct-10,WEST MIDLANDS,WEST MIDLANDS,Slaughterhouse,0,2
Oct-10,WEST MIDLANDS,WEST YORKSHIRE,Slaughterhouse,0,1
Oct-10,WEST MIDLANDS,WILTSHIRE,Slaughterhouse,0,1
Oct-10,WEST MIDLANDS,,Slaughterhouse,42,7
Oct-10,WEST SUSSEX,AVON,Slaughterhouse,42,0
Oct-10,WEST SUSSEX,BEDFORDSHIRE,Slaughterhouse,12,2
Oct-10,WEST SUSSEX,CENTRAL,Slaughterhouse,43,0
Oct-10,WEST SUSSEX,CORNWALL,Slaughterhouse,0,6
Oct-10,WEST SUSSEX,DEVON,Slaughterhouse,0,6
Oct-10,WEST SUSSEX,EAST SUSSEX,Slaughterhouse,9,7
Oct-10,WEST SUSSEX,ESSEX,Slaughterhouse,0,3
Oct-10,WEST SUSSEX,GREATER LONDON,Slaughterhouse,11,0
Oct-10,WEST SUSSEX,HAMPSHIRE,Slaughterhouse,23,7
Oct-10,WEST SUSSEX,HUMBERSIDE,Slaughterhouse,0,3
Oct-10,WEST SUSSEX,KENT,Slaughterhouse,24,6
Oct-10,WEST SUSSEX,LINCOLNSHIRE,Slaughterhouse,118,0
Oct-10,WEST SUSSEX,NORFOLK,Slaughterhouse,5,4
Oct-10,WEST SUSSEX,OXFORDSHIRE,Slaughterhouse,1,0
Oct-10,WEST SUSSEX,SOMERSET,Slaughterhouse,409,32
Oct-10,WEST SUSSEX,SUFFOLK,Slaughterhouse,17,0
Oct-10,WEST SUSSEX,SURREY,Slaughterhouse,203,0
Oct-10,WEST SUSSEX,WEST SUSSEX,Slaughterhouse,41,0
Oct-10,WEST SUSSEX,WEST YORKSHIRE,Slaughterhouse,0,10
Oct-10,WEST SUSSEX,,Slaughterhouse,48,0
Oct-10,WEST YORKSHIRE,BEDFORDSHIRE,Slaughterhouse,0,5
Oct-10,WEST YORKSHIRE,CHESHIRE,Slaughterhouse,0,1
Oct-10,WEST YORKSHIRE,CLEVELAND,Slaughterhouse,0,82
Oct-10,WEST YORKSHIRE,CUMBRIA,Slaughterhouse,0,6
Oct-10,WEST YORKSHIRE,DEVON,Slaughterhouse,0,3
Oct-10,WEST YORKSHIRE,DURHAM,Slaughterhouse,75,43
Oct-10,WEST YORKSHIRE,GREATER MANCHESTER,Slaughterhouse,56,95
Oct-10,WEST YORKSHIRE,HUMBERSIDE,Slaughterhouse,20,29
Oct-10,WEST YORKSHIRE,LANCASHIRE,Slaughterhouse,210,15
Oct-10,WEST YORKSHIRE,LINCOLNSHIRE,Slaughterhouse,0,6
Oct-10,WEST YORKSHIRE,MID GLAMORGAN,Slaughterhouse,1,0
Oct-10,WEST YORKSHIRE,NORTH YORKSHIRE,Slaughterhouse,211,27
Oct-10,WEST YORKSHIRE,SHROPSHIRE,Slaughterhouse,0,7
Oct-10,WEST YORKSHIRE,SOUTH YORKSHIRE,Slaughterhouse,366,42
Oct-10,WEST YORKSHIRE,STRATHCLYDE,Slaughterhouse,0,2
Oct-10,WEST YORKSHIRE,TYNE & WEAR,Slaughterhouse,19,0
Oct-10,WEST YORKSHIRE,WEST YORKSHIRE,Slaughterhouse,863,232
Oct-10,WEST YORKSHIRE,,Slaughterhouse,30,5
Oct-10,WILTSHIRE,AVON,Slaughterhouse,836,21
Oct-10,WILTSHIRE,BEDFORDSHIRE,Slaughterhouse,126,1
Oct-10,WILTSHIRE,CENTRAL,Slaughterhouse,26,0
Oct-10,WILTSHIRE,DERBYSHIRE,Slaughterhouse,1,0
Oct-10,WILTSHIRE,DEVON,Slaughterhouse,72,36
Oct-10,WILTSHIRE,DORSET,Slaughterhouse,13,0
Oct-10,WILTSHIRE,DYFED,Slaughterhouse,0,3
Oct-10,WILTSHIRE,GLOUCESTERSHIRE,Slaughterhouse,14,32
Oct-10,WILTSHIRE,HAMPSHIRE,Slaughterhouse,27,2
Oct-10,WILTSHIRE,KENT,Slaughterhouse,0,12
Oct-10,WILTSHIRE,LANCASHIRE,Slaughterhouse,4,7
Oct-10,WILTSHIRE,LINCOLNSHIRE,Slaughterhouse,95,1
Oct-10,WILTSHIRE,MID GLAMORGAN,Slaughterhouse,315,0
Oct-10,WILTSHIRE,NORFOLK,Slaughterhouse,1,0
Oct-10,WILTSHIRE,OXFORDSHIRE,Slaughterhouse,39,17
Oct-10,WILTSHIRE,SHROPSHIRE,Slaughterhouse,44,0
Oct-10,WILTSHIRE,SOMERSET,Slaughterhouse,565,47
Oct-10,WILTSHIRE,SOUTH YORKSHIRE,Slaughterhouse,34,0
Oct-10,WILTSHIRE,SURREY,Slaughterhouse,63,0
Oct-10,WILTSHIRE,WARWICKSHIRE,Slaughterhouse,1,0
Oct-10,WILTSHIRE,WILTSHIRE,Slaughterhouse,323,25
Oct-10,WILTSHIRE,,Slaughterhouse,295,64
Oct-10,0,CENTRAL,Slaughterhouse,1,0
Oct-10,0,CORNWALL,Slaughterhouse,1,0
Oct-10,0,CUMBRIA,Slaughterhouse,1,3
Oct-10,0,DYFED,Slaughterhouse,2,0
Oct-10,0,GRAMPIAN,Slaughterhouse,0,0
Oct-10,0,LINCOLNSHIRE,Slaughterhouse,1,0
Oct-10,0,SHROPSHIRE,Slaughterhouse,0,2
Oct-10,0,SOUTH YORKSHIRE,Slaughterhouse,0,2
Oct-10,0,STRATHCLYDE,Slaughterhouse,2,0
Nov-10,AVON,AVON,Slaughterhouse,820,1
Nov-10,AVON,BEDFORDSHIRE,Slaughterhouse,35,14
Nov-10,AVON,CORNWALL,Slaughterhouse,0,31
Nov-10,AVON,CUMBRIA,Slaughterhouse,0,2
Nov-10,AVON,DEVON,Slaughterhouse,1,35
Nov-10,AVON,DORSET,Slaughterhouse,3,1
Nov-10,AVON,DURHAM,Slaughterhouse,2,0
Nov-10,AVON,GLOUCESTERSHIRE,Slaughterhouse,28,73
Nov-10,AVON,HUMBERSIDE,Slaughterhouse,12,0
Nov-10,AVON,KENT,Slaughterhouse,0,18
Nov-10,AVON,LANCASHIRE,Slaughterhouse,3,20
Nov-10,AVON,LINCOLNSHIRE,Slaughterhouse,120,6
Nov-10,AVON,MID GLAMORGAN,Slaughterhouse,113,0
Nov-10,AVON,OXFORDSHIRE,Slaughterhouse,39,6
Nov-10,AVON,SHROPSHIRE,Slaughterhouse,13,2
Nov-10,AVON,SOMERSET,Slaughterhouse,158,26
Nov-10,AVON,SOUTH YORKSHIRE,Slaughterhouse,5,0
Nov-10,AVON,SURREY,Slaughterhouse,22,0
Nov-10,AVON,WILTSHIRE,Slaughterhouse,"1,130",10
Nov-10,AVON,,Slaughterhouse,25,44
Nov-10,BEDFORDSHIRE,BEDFORDSHIRE,Slaughterhouse,252,0
Nov-10,BEDFORDSHIRE,CAMBRIDGESHIRE,Slaughterhouse,25,0
Nov-10,BEDFORDSHIRE,DERBYSHIRE,Slaughterhouse,0,1
Nov-10,BEDFORDSHIRE,GREATER LONDON,Slaughterhouse,10,0
Nov-10,BEDFORDSHIRE,GWYNEDD,Slaughterhouse,11,0
Nov-10,BEDFORDSHIRE,LANCASHIRE,Slaughterhouse,1,0
Nov-10,BEDFORDSHIRE,LEICESTERSHIRE,Slaughterhouse,2,0
Nov-10,BEDFORDSHIRE,LINCOLNSHIRE,Slaughterhouse,132,0
Nov-10,BEDFORDSHIRE,OXFORDSHIRE,Slaughterhouse,3,2
Nov-10,BEDFORDSHIRE,SOUTH YORKSHIRE,Slaughterhouse,0,1
Nov-10,BEDFORDSHIRE,SURREY,Slaughterhouse,46,0
Nov-10,BEDFORDSHIRE,WARWICKSHIRE,Slaughterhouse,2,0
Nov-10,BEDFORDSHIRE,WEST YORKSHIRE,Slaughterhouse,1,0
Nov-10,BERKSHIRE,AVON,Slaughterhouse,70,0
Nov-10,BERKSHIRE,BEDFORDSHIRE,Slaughterhouse,33,0
Nov-10,BERKSHIRE,CUMBRIA,Slaughterhouse,0,3
Nov-10,BERKSHIRE,DEVON,Slaughterhouse,0,3
Nov-10,BERKSHIRE,GLOUCESTERSHIRE,Slaughterhouse,3,1
Nov-10,BERKSHIRE,HAMPSHIRE,Slaughterhouse,247,7
Nov-10,BERKSHIRE,KENT,Slaughterhouse,0,1
Nov-10,BERKSHIRE,LINCOLNSHIRE,Slaughterhouse,63,8
Nov-10,BERKSHIRE,MID GLAMORGAN,Slaughterhouse,1,0
Nov-10,BERKSHIRE,NORFOLK,Slaughterhouse,17,3
Nov-10,BERKSHIRE,OXFORDSHIRE,Slaughterhouse,15,0
Nov-10,BERKSHIRE,SOMERSET,Slaughterhouse,105,7
Nov-10,BERKSHIRE,SOUTH YORKSHIRE,Slaughterhouse,0,28
Nov-10,BERKSHIRE,SURREY,Slaughterhouse,96,0
Nov-10,BERKSHIRE,WEST SUSSEX,Slaughterhouse,2,0
Nov-10,BERKSHIRE,WILTSHIRE,Slaughterhouse,3,0
Nov-10,BORDERS,BORDERS,Slaughterhouse,328,202
Nov-10,BORDERS,CENTRAL,Slaughterhouse,"1,135",75
Nov-10,BORDERS,CLEVELAND,Slaughterhouse,0,2
Nov-10,BORDERS,CUMBRIA,Slaughterhouse,79,15
Nov-10,BORDERS,GRAMPIAN,Slaughterhouse,256,1
Nov-10,BORDERS,HUMBERSIDE,Slaughterhouse,0,1
Nov-10,BORDERS,LANCASHIRE,Slaughterhouse,17,8
Nov-10,BORDERS,NORTH YORKSHIRE,Slaughterhouse,8,0
Nov-10,BORDERS,SHROPSHIRE,Slaughterhouse,11,1
Nov-10,BORDERS,SOUTH YORKSHIRE,Slaughterhouse,195,0
Nov-10,BORDERS,STRATHCLYDE,Slaughterhouse,"1,283",283
Nov-10,BORDERS,TAYSIDE,Slaughterhouse,246,92
Nov-10,BORDERS,TYNE & WEAR,Slaughterhouse,26,0
Nov-10,BORDERS,WEST YORKSHIRE,Slaughterhouse,22,16
Nov-10,BORDERS,,Slaughterhouse,128,35
Nov-10,BUCKINGHAMSHIRE,AVON,Slaughterhouse,48,0
Nov-10,BUCKINGHAMSHIRE,BEDFORDSHIRE,Slaughterhouse,456,2
Nov-10,BUCKINGHAMSHIRE,CENTRAL,Slaughterhouse,134,0
Nov-10,BUCKINGHAMSHIRE,DERBYSHIRE,Slaughterhouse,0,1
Nov-10,BUCKINGHAMSHIRE,DEVON,Slaughterhouse,0,1
Nov-10,BUCKINGHAMSHIRE,ESSEX,Slaughterhouse,4,3
Nov-10,BUCKINGHAMSHIRE,GRAMPIAN,Slaughterhouse,0,2
Nov-10,BUCKINGHAMSHIRE,GREATER LONDON,Slaughterhouse,51,0
Nov-10,BUCKINGHAMSHIRE,GREATER MANCHESTER,Slaughterhouse,0,8
Nov-10,BUCKINGHAMSHIRE,GWYNEDD,Slaughterhouse,1,0
Nov-10,BUCKINGHAMSHIRE,HAMPSHIRE,Slaughterhouse,72,8
Nov-10,BUCKINGHAMSHIRE,HIGHLAND,Slaughterhouse,0,1
Nov-10,BUCKINGHAMSHIRE,LANCASHIRE,Slaughterhouse,239,1
Nov-10,BUCKINGHAMSHIRE,LEICESTERSHIRE,Slaughterhouse,0,1
Nov-10,BUCKINGHAMSHIRE,LINCOLNSHIRE,Slaughterhouse,200,11
Nov-10,BUCKINGHAMSHIRE,MID GLAMORGAN,Slaughterhouse,170,34
Nov-10,BUCKINGHAMSHIRE,NORFOLK,Slaughterhouse,6,6
Nov-10,BUCKINGHAMSHIRE,NOTTINGHAMSHIRE,Slaughterhouse,0,4
Nov-10,BUCKINGHAMSHIRE,OXFORDSHIRE,Slaughterhouse,63,16
Nov-10,BUCKINGHAMSHIRE,SHROPSHIRE,Slaughterhouse,7,0
Nov-10,BUCKINGHAMSHIRE,SOMERSET,Slaughterhouse,12,3
Nov-10,BUCKINGHAMSHIRE,SOUTH YORKSHIRE,Slaughterhouse,139,71
Nov-10,BUCKINGHAMSHIRE,STAFFORDSHIRE,Slaughterhouse,0,18
Nov-10,BUCKINGHAMSHIRE,SURREY,Slaughterhouse,191,0
Nov-10,BUCKINGHAMSHIRE,WARWICKSHIRE,Slaughterhouse,1,0
Nov-10,BUCKINGHAMSHIRE,WEST YORKSHIRE,Slaughterhouse,0,6
Nov-10,BUCKINGHAMSHIRE,WILTSHIRE,Slaughterhouse,44,6
Nov-10,BUCKINGHAMSHIRE,,Slaughterhouse,132,12
Nov-10,CAMBRIDGESHIRE,BEDFORDSHIRE,Slaughterhouse,158,4
Nov-10,CAMBRIDGESHIRE,CAMBRIDGESHIRE,Slaughterhouse,55,0
Nov-10,CAMBRIDGESHIRE,DERBYSHIRE,Slaughterhouse,5,2
Nov-10,CAMBRIDGESHIRE,DEVON,Slaughterhouse,0,1
Nov-10,CAMBRIDGESHIRE,ESSEX,Slaughterhouse,8,13
Nov-10,CAMBRIDGESHIRE,GRAMPIAN,Slaughterhouse,0,3
Nov-10,CAMBRIDGESHIRE,GREATER LONDON,Slaughterhouse,0,2
Nov-10,CAMBRIDGESHIRE,GREATER MANCHESTER,Slaughterhouse,0,12
Nov-10,CAMBRIDGESHIRE,GWYNEDD,Slaughterhouse,0,0
Nov-10,CAMBRIDGESHIRE,HAMPSHIRE,Slaughterhouse,0,3
Nov-10,CAMBRIDGESHIRE,HIGHLAND,Slaughterhouse,0,1
Nov-10,CAMBRIDGESHIRE,HUMBERSIDE,Slaughterhouse,0,2
Nov-10,CAMBRIDGESHIRE,LANCASHIRE,Slaughterhouse,0,1
Nov-10,CAMBRIDGESHIRE,LINCOLNSHIRE,Slaughterhouse,402,21
Nov-10,CAMBRIDGESHIRE,MID GLAMORGAN,Slaughterhouse,86,0
Nov-10,CAMBRIDGESHIRE,NORFOLK,Slaughterhouse,36,10
Nov-10,CAMBRIDGESHIRE,NORTH YORKSHIRE,Slaughterhouse,15,1
Nov-10,CAMBRIDGESHIRE,NOTTINGHAMSHIRE,Slaughterhouse,0,9
Nov-10,CAMBRIDGESHIRE,OXFORDSHIRE,Slaughterhouse,0,1
Nov-10,CAMBRIDGESHIRE,SHROPSHIRE,Slaughterhouse,74,5
Nov-10,CAMBRIDGESHIRE,SOMERSET,Slaughterhouse,0,1
Nov-10,CAMBRIDGESHIRE,SOUTH YORKSHIRE,Slaughterhouse,12,8
Nov-10,CAMBRIDGESHIRE,STAFFORDSHIRE,Slaughterhouse,0,8
Nov-10,CAMBRIDGESHIRE,SUFFOLK,Slaughterhouse,4,0
Nov-10,CAMBRIDGESHIRE,WEST YORKSHIRE,Slaughterhouse,0,4
Nov-10,CAMBRIDGESHIRE,,Slaughterhouse,26,18
Nov-10,CENTRAL,BORDERS,Slaughterhouse,0,3
Nov-10,CENTRAL,CENTRAL,Slaughterhouse,688,58
Nov-10,CENTRAL,CUMBRIA,Slaughterhouse,101,19
Nov-10,CENTRAL,DERBYSHIRE,Slaughterhouse,20,2
Nov-10,CENTRAL,FIFE,Slaughterhouse,5,0
Nov-10,CENTRAL,GRAMPIAN,Slaughterhouse,47,13
Nov-10,CENTRAL,HIGHLAND,Slaughterhouse,17,1
Nov-10,CENTRAL,LANCASHIRE,Slaughterhouse,180,34
Nov-10,CENTRAL,SHROPSHIRE,Slaughterhouse,14,3
Nov-10,CENTRAL,SOUTH YORKSHIRE,Slaughterhouse,40,7
Nov-10,CENTRAL,STRATHCLYDE,Slaughterhouse,721,127
Nov-10,CENTRAL,TAYSIDE,Slaughterhouse,261,39
Nov-10,CENTRAL,,Slaughterhouse,22,12
Nov-10,CHESHIRE,AVON,Slaughterhouse,228,78
Nov-10,CHESHIRE,BEDFORDSHIRE,Slaughterhouse,96,62
Nov-10,CHESHIRE,CHESHIRE,Slaughterhouse,"1,193",186
Nov-10,CHESHIRE,CLWYD,Slaughterhouse,33,35
Nov-10,CHESHIRE,CUMBRIA,Slaughterhouse,45,23
Nov-10,CHESHIRE,DERBYSHIRE,Slaughterhouse,123,9
Nov-10,CHESHIRE,DEVON,Slaughterhouse,201,186
Nov-10,CHESHIRE,DURHAM,Slaughterhouse,2,14
Nov-10,CHESHIRE,GREATER MANCHESTER,Slaughterhouse,241,115
Nov-10,CHESHIRE,GWYNEDD,Slaughterhouse,0,2
Nov-10,CHESHIRE,HUMBERSIDE,Slaughterhouse,90,88
Nov-10,CHESHIRE,LANCASHIRE,Slaughterhouse,849,62
Nov-10,CHESHIRE,LINCOLNSHIRE,Slaughterhouse,101,0
Nov-10,CHESHIRE,MERSEYSIDE,Slaughterhouse,3,0
Nov-10,CHESHIRE,MID GLAMORGAN,Slaughterhouse,29,0
Nov-10,CHESHIRE,NORFOLK,Slaughterhouse,10,11
Nov-10,CHESHIRE,OXFORDSHIRE,Slaughterhouse,6,0
Nov-10,CHESHIRE,SHROPSHIRE,Slaughterhouse,524,130
Nov-10,CHESHIRE,SOMERSET,Slaughterhouse,16,6
Nov-10,CHESHIRE,SOUTH YORKSHIRE,Slaughterhouse,104,40
Nov-10,CHESHIRE,STAFFORDSHIRE,Slaughterhouse,674,494
Nov-10,CHESHIRE,STRATHCLYDE,Slaughterhouse,160,6
Nov-10,CHESHIRE,SURREY,Slaughterhouse,62,0
Nov-10,CHESHIRE,WEST MIDLANDS,Slaughterhouse,0,5
Nov-10,CHESHIRE,WEST YORKSHIRE,Slaughterhouse,206,183
Nov-10,CHESHIRE,WILTSHIRE,Slaughterhouse,0,7
Nov-10,CHESHIRE,,Slaughterhouse,567,203
Nov-10,CLEVELAND,CENTRAL,Slaughterhouse,0,27
Nov-10,CLEVELAND,CLEVELAND,Slaughterhouse,36,85
Nov-10,CLEVELAND,CUMBRIA,Slaughterhouse,0,9
Nov-10,CLEVELAND,DURHAM,Slaughterhouse,24,86
Nov-10,CLEVELAND,GRAMPIAN,Slaughterhouse,0,1
Nov-10,CLEVELAND,GREATER MANCHESTER,Slaughterhouse,0,30
Nov-10,CLEVELAND,HUMBERSIDE,Slaughterhouse,72,7
Nov-10,CLEVELAND,LANCASHIRE,Slaughterhouse,0,19
Nov-10,CLEVELAND,LINCOLNSHIRE,Slaughterhouse,0,2
Nov-10,CLEVELAND,NORTH YORKSHIRE,Slaughterhouse,57,15
Nov-10,CLEVELAND,SHROPSHIRE,Slaughterhouse,0,8
Nov-10,CLEVELAND,STAFFORDSHIRE,Slaughterhouse,0,9
Nov-10,CLEVELAND,WEST YORKSHIRE,Slaughterhouse,1,58
Nov-10,CLEVELAND,,Slaughterhouse,3,10
Nov-10,CLWYD,AVON,Slaughterhouse,79,79
Nov-10,CLWYD,BEDFORDSHIRE,Slaughterhouse,3,10
Nov-10,CLWYD,CHESHIRE,Slaughterhouse,246,104
Nov-10,CLWYD,CLWYD,Slaughterhouse,818,122
Nov-10,CLWYD,CUMBRIA,Slaughterhouse,0,5
Nov-10,CLWYD,DERBYSHIRE,Slaughterhouse,69,52
Nov-10,CLWYD,DEVON,Slaughterhouse,6,48
Nov-10,CLWYD,DURHAM,Slaughterhouse,2,4
Nov-10,CLWYD,DYFED,Slaughterhouse,0,1
Nov-10,CLWYD,GREATER MANCHESTER,Slaughterhouse,59,82
Nov-10,CLWYD,GWYNEDD,Slaughterhouse,98,119
Nov-10,CLWYD,HEREFORD & WORCESTER,Slaughterhouse,0,1
Nov-10,CLWYD,HUMBERSIDE,Slaughterhouse,130,88
Nov-10,CLWYD,LANCASHIRE,Slaughterhouse,955,114
Nov-10,CLWYD,LINCOLNSHIRE,Slaughterhouse,115,0
Nov-10,CLWYD,MID GLAMORGAN,Slaughterhouse,33,0
Nov-10,CLWYD,NORFOLK,Slaughterhouse,55,26
Nov-10,CLWYD,OXFORDSHIRE,Slaughterhouse,0,5
Nov-10,CLWYD,POWYS,Slaughterhouse,18,0
Nov-10,CLWYD,SHROPSHIRE,Slaughterhouse,"1,198",159
Nov-10,CLWYD,SOMERSET,Slaughterhouse,20,13
Nov-10,CLWYD,SOUTH YORKSHIRE,Slaughterhouse,250,133
Nov-10,CLWYD,STAFFORDSHIRE,Slaughterhouse,66,113
Nov-10,CLWYD,STRATHCLYDE,Slaughterhouse,19,7
Nov-10,CLWYD,WEST MIDLANDS,Slaughterhouse,10,0
Nov-10,CLWYD,WEST YORKSHIRE,Slaughterhouse,212,174
Nov-10,CLWYD,,Slaughterhouse,410,165
Nov-10,CORNWALL,AVON,Slaughterhouse,22,0
Nov-10,CORNWALL,BEDFORDSHIRE,Slaughterhouse,173,3
Nov-10,CORNWALL,CORNWALL,Slaughterhouse,"6,394",417
Nov-10,CORNWALL,DEVON,Slaughterhouse,665,384
Nov-10,CORNWALL,DORSET,Slaughterhouse,11,0
Nov-10,CORNWALL,GLOUCESTERSHIRE,Slaughterhouse,0,5
Nov-10,CORNWALL,LANCASHIRE,Slaughterhouse,518,0
Nov-10,CORNWALL,MID GLAMORGAN,Slaughterhouse,25,0
Nov-10,CORNWALL,SHROPSHIRE,Slaughterhouse,42,39
Nov-10,CORNWALL,SOMERSET,Slaughterhouse,185,44
Nov-10,CORNWALL,SOUTH YORKSHIRE,Slaughterhouse,175,4
Nov-10,CORNWALL,STAFFORDSHIRE,Slaughterhouse,10,0
Nov-10,CORNWALL,STRATHCLYDE,Slaughterhouse,0,0
Nov-10,CORNWALL,WILTSHIRE,Slaughterhouse,0,9
Nov-10,CORNWALL,,Slaughterhouse,23,81
Nov-10,CUMBRIA,BEDFORDSHIRE,Slaughterhouse,0,1
Nov-10,CUMBRIA,BORDERS,Slaughterhouse,4,4
Nov-10,CUMBRIA,CENTRAL,Slaughterhouse,734,250
Nov-10,CUMBRIA,CHESHIRE,Slaughterhouse,12,23
Nov-10,CUMBRIA,CLEVELAND,Slaughterhouse,477,358
Nov-10,CUMBRIA,CLWYD,Slaughterhouse,0,2
Nov-10,CUMBRIA,CUMBRIA,Slaughterhouse,"2,561",479
Nov-10,CUMBRIA,DUMFRIES & GALLOWAY,Slaughterhouse,35,22
Nov-10,CUMBRIA,DURHAM,Slaughterhouse,365,238
Nov-10,CUMBRIA,GRAMPIAN,Slaughterhouse,33,0
Nov-10,CUMBRIA,GREATER MANCHESTER,Slaughterhouse,293,276
Nov-10,CUMBRIA,HIGHLAND,Slaughterhouse,0,1
Nov-10,CUMBRIA,HUMBERSIDE,Slaughterhouse,32,33
Nov-10,CUMBRIA,LANCASHIRE,Slaughterhouse,"3,219",672
Nov-10,CUMBRIA,LINCOLNSHIRE,Slaughterhouse,161,0
Nov-10,CUMBRIA,MID GLAMORGAN,Slaughterhouse,10,0
Nov-10,CUMBRIA,NORTH YORKSHIRE,Slaughterhouse,176,132
Nov-10,CUMBRIA,SHROPSHIRE,Slaughterhouse,77,49
Nov-10,CUMBRIA,SOMERSET,Slaughterhouse,0,0
Nov-10,CUMBRIA,SOUTH YORKSHIRE,Slaughterhouse,164,43
Nov-10,CUMBRIA,STRATHCLYDE,Slaughterhouse,298,127
Nov-10,CUMBRIA,TAYSIDE,Slaughterhouse,81,1
Nov-10,CUMBRIA,TYNE & WEAR,Slaughterhouse,10,0
Nov-10,CUMBRIA,WEST YORKSHIRE,Slaughterhouse,251,196
Nov-10,CUMBRIA,,Slaughterhouse,352,184
Nov-10,DERBYSHIRE,AVON,Slaughterhouse,9,2
Nov-10,DERBYSHIRE,BEDFORDSHIRE,Slaughterhouse,65,48
Nov-10,DERBYSHIRE,CHESHIRE,Slaughterhouse,17,7
Nov-10,DERBYSHIRE,CLEVELAND,Slaughterhouse,0,3
Nov-10,DERBYSHIRE,CUMBRIA,Slaughterhouse,3,1
Nov-10,DERBYSHIRE,DERBYSHIRE,Slaughterhouse,660,66
Nov-10,DERBYSHIRE,DEVON,Slaughterhouse,162,136
Nov-10,DERBYSHIRE,DURHAM,Slaughterhouse,0,1
Nov-10,DERBYSHIRE,ESSEX,Slaughterhouse,0,5
Nov-10,DERBYSHIRE,GRAMPIAN,Slaughterhouse,0,4
Nov-10,DERBYSHIRE,GREATER MANCHESTER,Slaughterhouse,87,86
Nov-10,DERBYSHIRE,HIGHLAND,Slaughterhouse,0,3
Nov-10,DERBYSHIRE,HUMBERSIDE,Slaughterhouse,72,56
Nov-10,DERBYSHIRE,LANCASHIRE,Slaughterhouse,410,54
Nov-10,DERBYSHIRE,LINCOLNSHIRE,Slaughterhouse,272,73
Nov-10,DERBYSHIRE,MID GLAMORGAN,Slaughterhouse,108,0
Nov-10,DERBYSHIRE,NORFOLK,Slaughterhouse,0,6
Nov-10,DERBYSHIRE,NORTH YORKSHIRE,Slaughterhouse,0,4
Nov-10,DERBYSHIRE,NOTTINGHAMSHIRE,Slaughterhouse,37,25
Nov-10,DERBYSHIRE,OXFORDSHIRE,Slaughterhouse,150,100
Nov-10,DERBYSHIRE,SHROPSHIRE,Slaughterhouse,180,47
Nov-10,DERBYSHIRE,SOMERSET,Slaughterhouse,13,0
Nov-10,DERBYSHIRE,SOUTH YORKSHIRE,Slaughterhouse,924,151
Nov-10,DERBYSHIRE,STAFFORDSHIRE,Slaughterhouse,740,368
Nov-10,DERBYSHIRE,WEST YORKSHIRE,Slaughterhouse,317,152
Nov-10,DERBYSHIRE,,Slaughterhouse,515,117
Nov-10,DEVON,AVON,Slaughterhouse,43,5
Nov-10,DEVON,BEDFORDSHIRE,Slaughterhouse,67,21
Nov-10,DEVON,CORNWALL,Slaughterhouse,"4,640",202
Nov-10,DEVON,DEVON,Slaughterhouse,"4,185",451
Nov-10,DEVON,DORSET,Slaughterhouse,38,0
Nov-10,DEVON,GLOUCESTERSHIRE,Slaughterhouse,100,54
Nov-10,DEVON,GRAMPIAN,Slaughterhouse,1,0
Nov-10,DEVON,KENT,Slaughterhouse,0,22
Nov-10,DEVON,LANCASHIRE,Slaughterhouse,221,80
Nov-10,DEVON,LINCOLNSHIRE,Slaughterhouse,179,27
Nov-10,DEVON,MID GLAMORGAN,Slaughterhouse,286,0
Nov-10,DEVON,OXFORDSHIRE,Slaughterhouse,25,34
Nov-10,DEVON,SHROPSHIRE,Slaughterhouse,"1,012",613
Nov-10,DEVON,SOMERSET,Slaughterhouse,"2,799",220
Nov-10,DEVON,SOUTH YORKSHIRE,Slaughterhouse,11,3
Nov-10,DEVON,STAFFORDSHIRE,Slaughterhouse,10,2
Nov-10,DEVON,SURREY,Slaughterhouse,65,0
Nov-10,DEVON,WARWICKSHIRE,Slaughterhouse,0,5
Nov-10,DEVON,WILTSHIRE,Slaughterhouse,74,65
Nov-10,DEVON,,Slaughterhouse,"1,107",788
Nov-10,DORSET,AVON,Slaughterhouse,178,6
Nov-10,DORSET,BEDFORDSHIRE,Slaughterhouse,7,9
Nov-10,DORSET,CORNWALL,Slaughterhouse,58,12
Nov-10,DORSET,CUMBRIA,Slaughterhouse,0,1
Nov-10,DORSET,DEVON,Slaughterhouse,69,84
Nov-10,DORSET,DORSET,Slaughterhouse,615,6
Nov-10,DORSET,GLOUCESTERSHIRE,Slaughterhouse,0,44
Nov-10,DORSET,HAMPSHIRE,Slaughterhouse,7,0
Nov-10,DORSET,KENT,Slaughterhouse,0,3
Nov-10,DORSET,LANCASHIRE,Slaughterhouse,0,1
Nov-10,DORSET,LINCOLNSHIRE,Slaughterhouse,55,1
Nov-10,DORSET,MID GLAMORGAN,Slaughterhouse,52,0
Nov-10,DORSET,NORFOLK,Slaughterhouse,68,0
Nov-10,DORSET,OXFORDSHIRE,Slaughterhouse,0,4
Nov-10,DORSET,SHROPSHIRE,Slaughterhouse,0,1
Nov-10,DORSET,SOMERSET,Slaughterhouse,697,49
Nov-10,DORSET,SOUTH YORKSHIRE,Slaughterhouse,70,7
Nov-10,DORSET,SURREY,Slaughterhouse,0,0
Nov-10,DORSET,WILTSHIRE,Slaughterhouse,41,0
Nov-10,DORSET,,Slaughterhouse,591,71
Nov-10,DUMFRIES & GALLOWAY,CENTRAL,Slaughterhouse,"1,163",84
Nov-10,DUMFRIES & GALLOWAY,CLEVELAND,Slaughterhouse,2,22
Nov-10,DUMFRIES & GALLOWAY,CLWYD,Slaughterhouse,0,17
Nov-10,DUMFRIES & GALLOWAY,CUMBRIA,Slaughterhouse,997,190
Nov-10,DUMFRIES & GALLOWAY,DERBYSHIRE,Slaughterhouse,0,1
Nov-10,DUMFRIES & GALLOWAY,DUMFRIES & GALLOWAY,Slaughterhouse,152,29
Nov-10,DUMFRIES & GALLOWAY,DURHAM,Slaughterhouse,0,44
Nov-10,DUMFRIES & GALLOWAY,GRAMPIAN,Slaughterhouse,"1,409",33
Nov-10,DUMFRIES & GALLOWAY,GREATER MANCHESTER,Slaughterhouse,25,45
Nov-10,DUMFRIES & GALLOWAY,HIGHLAND,Slaughterhouse,75,32
Nov-10,DUMFRIES & GALLOWAY,HUMBERSIDE,Slaughterhouse,0,3
Nov-10,DUMFRIES & GALLOWAY,LANCASHIRE,Slaughterhouse,239,39
Nov-10,DUMFRIES & GALLOWAY,LINCOLNSHIRE,Slaughterhouse,70,1
Nov-10,DUMFRIES & GALLOWAY,NORTH YORKSHIRE,Slaughterhouse,0,7
Nov-10,DUMFRIES & GALLOWAY,SHROPSHIRE,Slaughterhouse,41,14
Nov-10,DUMFRIES & GALLOWAY,SOMERSET,Slaughterhouse,0,0
Nov-10,DUMFRIES & GALLOWAY,SOUTH YORKSHIRE,Slaughterhouse,119,168
Nov-10,DUMFRIES & GALLOWAY,STRATHCLYDE,Slaughterhouse,"3,664",378
Nov-10,DUMFRIES & GALLOWAY,TAYSIDE,Slaughterhouse,"1,303",84
Nov-10,DUMFRIES & GALLOWAY,WEST YORKSHIRE,Slaughterhouse,5,1
Nov-10,DUMFRIES & GALLOWAY,WILTSHIRE,Slaughterhouse,0,12
Nov-10,DUMFRIES & GALLOWAY,,Slaughterhouse,212,177
Nov-10,DURHAM,AVON,Slaughterhouse,1,0
Nov-10,DURHAM,CENTRAL,Slaughterhouse,198,87
Nov-10,DURHAM,CLEVELAND,Slaughterhouse,534,301
Nov-10,DURHAM,CUMBRIA,Slaughterhouse,205,78
Nov-10,DURHAM,DERBYSHIRE,Slaughterhouse,1,1
Nov-10,DURHAM,DURHAM,Slaughterhouse,"1,133",241
Nov-10,DURHAM,GRAMPIAN,Slaughterhouse,39,22
Nov-10,DURHAM,GREATER MANCHESTER,Slaughterhouse,193,132
Nov-10,DURHAM,HIGHLAND,Slaughterhouse,0,1
Nov-10,DURHAM,HUMBERSIDE,Slaughterhouse,368,47
Nov-10,DURHAM,LANCASHIRE,Slaughterhouse,683,64
Nov-10,DURHAM,LINCOLNSHIRE,Slaughterhouse,179,28
Nov-10,DURHAM,MID GLAMORGAN,Slaughterhouse,14,0
Nov-10,DURHAM,NORTH YORKSHIRE,Slaughterhouse,197,65
Nov-10,DURHAM,SHROPSHIRE,Slaughterhouse,68,19
Nov-10,DURHAM,SOMERSET,Slaughterhouse,0,0
Nov-10,DURHAM,SOUTH YORKSHIRE,Slaughterhouse,11,0
Nov-10,DURHAM,STAFFORDSHIRE,Slaughterhouse,77,44
Nov-10,DURHAM,STRATHCLYDE,Slaughterhouse,1,2
Nov-10,DURHAM,TYNE & WEAR,Slaughterhouse,39,1
Nov-10,DURHAM,WEST YORKSHIRE,Slaughterhouse,323,226
Nov-10,DURHAM,,Slaughterhouse,126,45
Nov-10,DYFED,AVON,Slaughterhouse,765,497
Nov-10,DYFED,BEDFORDSHIRE,Slaughterhouse,359,272
Nov-10,DYFED,CHESHIRE,Slaughterhouse,35,0
Nov-10,DYFED,CLWYD,Slaughterhouse,4,0
Nov-10,DYFED,CUMBRIA,Slaughterhouse,4,3
Nov-10,DYFED,DEVON,Slaughterhouse,94,85
Nov-10,DYFED,DURHAM,Slaughterhouse,0,1
Nov-10,DYFED,DYFED,Slaughterhouse,"2,512",206
Nov-10,DYFED,GLOUCESTERSHIRE,Slaughterhouse,2,1
Nov-10,DYFED,GRAMPIAN,Slaughterhouse,0,2
Nov-10,DYFED,GREATER MANCHESTER,Slaughterhouse,0,8
Nov-10,DYFED,GWYNEDD,Slaughterhouse,62,35
Nov-10,DYFED,HEREFORD & WORCESTER,Slaughterhouse,0,1
Nov-10,DYFED,HUMBERSIDE,Slaughterhouse,1,0
Nov-10,DYFED,LANCASHIRE,Slaughterhouse,483,0
Nov-10,DYFED,LINCOLNSHIRE,Slaughterhouse,554,342
Nov-10,DYFED,MID GLAMORGAN,Slaughterhouse,"1,567",313
Nov-10,DYFED,NORTH YORKSHIRE,Slaughterhouse,0,1
Nov-10,DYFED,OXFORDSHIRE,Slaughterhouse,0,7
Nov-10,DYFED,POWYS,Slaughterhouse,190,1
Nov-10,DYFED,SHROPSHIRE,Slaughterhouse,"1,513",333
Nov-10,DYFED,SOMERSET,Slaughterhouse,536,365
Nov-10,DYFED,SOUTH YORKSHIRE,Slaughterhouse,40,0
Nov-10,DYFED,STAFFORDSHIRE,Slaughterhouse,26,13
Nov-10,DYFED,STRATHCLYDE,Slaughterhouse,178,92
Nov-10,DYFED,SURREY,Slaughterhouse,486,130
Nov-10,DYFED,WARWICKSHIRE,Slaughterhouse,0,3
Nov-10,DYFED,WEST GLAMORGAN,Slaughterhouse,481,293
Nov-10,DYFED,WEST YORKSHIRE,Slaughterhouse,0,1
Nov-10,DYFED,WILTSHIRE,Slaughterhouse,80,7
Nov-10,DYFED,,Slaughterhouse,296,59
Nov-10,EAST SUSSEX,BEDFORDSHIRE,Slaughterhouse,110,14
Nov-10,EAST SUSSEX,DEVON,Slaughterhouse,0,9
Nov-10,EAST SUSSEX,EAST SUSSEX,Slaughterhouse,178,19
Nov-10,EAST SUSSEX,ESSEX,Slaughterhouse,0,5
Nov-10,EAST SUSSEX,GWYNEDD,Slaughterhouse,2,0
Nov-10,EAST SUSSEX,HAMPSHIRE,Slaughterhouse,19,29
Nov-10,EAST SUSSEX,KENT,Slaughterhouse,122,25
Nov-10,EAST SUSSEX,LINCOLNSHIRE,Slaughterhouse,45,0
Nov-10,EAST SUSSEX,MID GLAMORGAN,Slaughterhouse,209,0
Nov-10,EAST SUSSEX,NORFOLK,Slaughterhouse,1,28
Nov-10,EAST SUSSEX,OXFORDSHIRE,Slaughterhouse,4,0
Nov-10,EAST SUSSEX,SOMERSET,Slaughterhouse,194,84
Nov-10,EAST SUSSEX,SUFFOLK,Slaughterhouse,0,5
Nov-10,EAST SUSSEX,SURREY,Slaughterhouse,209,0
Nov-10,EAST SUSSEX,WEST SUSSEX,Slaughterhouse,31,0
Nov-10,EAST SUSSEX,,Slaughterhouse,90,7
Nov-10,ESSEX,AVON,Slaughterhouse,20,0
Nov-10,ESSEX,BEDFORDSHIRE,Slaughterhouse,120,1
Nov-10,ESSEX,CAMBRIDGESHIRE,Slaughterhouse,11,0
Nov-10,ESSEX,DEVON,Slaughterhouse,0,1
Nov-10,ESSEX,EAST SUSSEX,Slaughterhouse,0,5
Nov-10,ESSEX,ESSEX,Slaughterhouse,688,99
Nov-10,ESSEX,GRAMPIAN,Slaughterhouse,3,0
Nov-10,ESSEX,GREATER LONDON,Slaughterhouse,13,1
Nov-10,ESSEX,GWYNEDD,Slaughterhouse,7,0
Nov-10,ESSEX,HAMPSHIRE,Slaughterhouse,90,52
Nov-10,ESSEX,KENT,Slaughterhouse,0,1
Nov-10,ESSEX,MID GLAMORGAN,Slaughterhouse,16,1
Nov-10,ESSEX,NORFOLK,Slaughterhouse,187,69
Nov-10,ESSEX,SOMERSET,Slaughterhouse,22,7
Nov-10,ESSEX,SOUTH YORKSHIRE,Slaughterhouse,1,1
Nov-10,ESSEX,SUFFOLK,Slaughterhouse,48,16
Nov-10,ESSEX,SURREY,Slaughterhouse,60,0
Nov-10,FIFE,CENTRAL,Slaughterhouse,421,56
Nov-10,FIFE,CUMBRIA,Slaughterhouse,1,8
Nov-10,FIFE,DERBYSHIRE,Slaughterhouse,0,1
Nov-10,FIFE,FIFE,Slaughterhouse,25,43
Nov-10,FIFE,GRAMPIAN,Slaughterhouse,92,13
Nov-10,FIFE,HIGHLAND,Slaughterhouse,5,1
Nov-10,FIFE,HUMBERSIDE,Slaughterhouse,41,0
Nov-10,FIFE,LANCASHIRE,Slaughterhouse,0,13
Nov-10,FIFE,SOUTH YORKSHIRE,Slaughterhouse,0,1
Nov-10,FIFE,STRATHCLYDE,Slaughterhouse,24,132
Nov-10,FIFE,TAYSIDE,Slaughterhouse,479,5
Nov-10,FIFE,,Slaughterhouse,61,2
Nov-10,GLOUCESTERSHIRE,AVON,Slaughterhouse,342,74
Nov-10,GLOUCESTERSHIRE,BEDFORDSHIRE,Slaughterhouse,94,10
Nov-10,GLOUCESTERSHIRE,CORNWALL,Slaughterhouse,0,1
Nov-10,GLOUCESTERSHIRE,CUMBRIA,Slaughterhouse,8,6
Nov-10,GLOUCESTERSHIRE,DEVON,Slaughterhouse,0,16
Nov-10,GLOUCESTERSHIRE,DYFED,Slaughterhouse,5,14
Nov-10,GLOUCESTERSHIRE,GLOUCESTERSHIRE,Slaughterhouse,751,29
Nov-10,GLOUCESTERSHIRE,GREATER MANCHESTER,Slaughterhouse,0,3
Nov-10,GLOUCESTERSHIRE,HAMPSHIRE,Slaughterhouse,4,0
Nov-10,GLOUCESTERSHIRE,HEREFORD & WORCESTER,Slaughterhouse,0,3
Nov-10,GLOUCESTERSHIRE,HUMBERSIDE,Slaughterhouse,97,3
Nov-10,GLOUCESTERSHIRE,LANCASHIRE,Slaughterhouse,129,29
Nov-10,GLOUCESTERSHIRE,LINCOLNSHIRE,Slaughterhouse,187,5
Nov-10,GLOUCESTERSHIRE,MID GLAMORGAN,Slaughterhouse,584,0
Nov-10,GLOUCESTERSHIRE,OXFORDSHIRE,Slaughterhouse,180,60
Nov-10,GLOUCESTERSHIRE,SHROPSHIRE,Slaughterhouse,213,0
Nov-10,GLOUCESTERSHIRE,SOMERSET,Slaughterhouse,481,7
Nov-10,GLOUCESTERSHIRE,SOUTH YORKSHIRE,Slaughterhouse,27,1
Nov-10,GLOUCESTERSHIRE,STAFFORDSHIRE,Slaughterhouse,16,4
Nov-10,GLOUCESTERSHIRE,STRATHCLYDE,Slaughterhouse,0,1
Nov-10,GLOUCESTERSHIRE,SURREY,Slaughterhouse,2,0
Nov-10,GLOUCESTERSHIRE,WARWICKSHIRE,Slaughterhouse,18,3
Nov-10,GLOUCESTERSHIRE,WILTSHIRE,Slaughterhouse,112,66
Nov-10,GLOUCESTERSHIRE,,Slaughterhouse,493,34
Nov-10,GRAMPIAN,CENTRAL,Slaughterhouse,768,48
Nov-10,GRAMPIAN,CHESHIRE,Slaughterhouse,1,0
Nov-10,GRAMPIAN,CUMBRIA,Slaughterhouse,193,18
Nov-10,GRAMPIAN,DYFED,Slaughterhouse,0,0
Nov-10,GRAMPIAN,FIFE,Slaughterhouse,0,12
Nov-10,GRAMPIAN,GRAMPIAN,Slaughterhouse,"10,727",126
Nov-10,GRAMPIAN,HIGHLAND,Slaughterhouse,672,41
Nov-10,GRAMPIAN,MID GLAMORGAN,Slaughterhouse,1,0
Nov-10,GRAMPIAN,SOMERSET,Slaughterhouse,0,0
Nov-10,GRAMPIAN,SOUTH YORKSHIRE,Slaughterhouse,5,2
Nov-10,GRAMPIAN,STAFFORDSHIRE,Slaughterhouse,0,0
Nov-10,GRAMPIAN,STRATHCLYDE,Slaughterhouse,462,130
Nov-10,GRAMPIAN,TAYSIDE,Slaughterhouse,755,55
Nov-10,GRAMPIAN,,Slaughterhouse,"2,211",147
Nov-10,GREATER LONDON,AVON,Slaughterhouse,7,0
Nov-10,GREATER LONDON,GREATER LONDON,Slaughterhouse,2,0
Nov-10,GREATER LONDON,HAMPSHIRE,Slaughterhouse,5,0
Nov-10,GREATER LONDON,NORFOLK,Slaughterhouse,0,1
Nov-10,GREATER LONDON,OXFORDSHIRE,Slaughterhouse,4,0
Nov-10,GREATER MANCHESTER,BEDFORDSHIRE,Slaughterhouse,1,10
Nov-10,GREATER MANCHESTER,CHESHIRE,Slaughterhouse,25,7
Nov-10,GREATER MANCHESTER,CLEVELAND,Slaughterhouse,1,16
Nov-10,GREATER MANCHESTER,CUMBRIA,Slaughterhouse,0,2
Nov-10,GREATER MANCHESTER,DERBYSHIRE,Slaughterhouse,4,0
Nov-10,GREATER MANCHESTER,DEVON,Slaughterhouse,0,3
Nov-10,GREATER MANCHESTER,GREATER MANCHESTER,Slaughterhouse,499,56
Nov-10,GREATER MANCHESTER,HUMBERSIDE,Slaughterhouse,0,6
Nov-10,GREATER MANCHESTER,LANCASHIRE,Slaughterhouse,171,21
Nov-10,GREATER MANCHESTER,LINCOLNSHIRE,Slaughterhouse,0,2
Nov-10,GREATER MANCHESTER,MERSEYSIDE,Slaughterhouse,18,0
Nov-10,GREATER MANCHESTER,NORTH YORKSHIRE,Slaughterhouse,0,0
Nov-10,GREATER MANCHESTER,OXFORDSHIRE,Slaughterhouse,0,1
Nov-10,GREATER MANCHESTER,SHROPSHIRE,Slaughterhouse,0,5
Nov-10,GREATER MANCHESTER,SOUTH YORKSHIRE,Slaughterhouse,84,4
Nov-10,GREATER MANCHESTER,STAFFORDSHIRE,Slaughterhouse,7,41
Nov-10,GREATER MANCHESTER,WEST YORKSHIRE,Slaughterhouse,12,22
Nov-10,GREATER MANCHESTER,,Slaughterhouse,13,17
Nov-10,GWENT,AVON,Slaughterhouse,142,54
Nov-10,GWENT,BEDFORDSHIRE,Slaughterhouse,6,20
Nov-10,GWENT,CORNWALL,Slaughterhouse,16,0
Nov-10,GWENT,CUMBRIA,Slaughterhouse,0,6
Nov-10,GWENT,DEVON,Slaughterhouse,72,34
Nov-10,GWENT,DURHAM,Slaughterhouse,0,6
Nov-10,GWENT,DYFED,Slaughterhouse,22,13
Nov-10,GWENT,GLOUCESTERSHIRE,Slaughterhouse,91,33
Nov-10,GWENT,GREATER MANCHESTER,Slaughterhouse,0,7
Nov-10,GWENT,HEREFORD & WORCESTER,Slaughterhouse,0,1
Nov-10,GWENT,HUMBERSIDE,Slaughterhouse,0,2
Nov-10,GWENT,LANCASHIRE,Slaughterhouse,18,40
Nov-10,GWENT,LINCOLNSHIRE,Slaughterhouse,15,3
Nov-10,GWENT,MID GLAMORGAN,Slaughterhouse,674,0
Nov-10,GWENT,OXFORDSHIRE,Slaughterhouse,0,22
Nov-10,GWENT,SHROPSHIRE,Slaughterhouse,106,2
Nov-10,GWENT,SOMERSET,Slaughterhouse,52,18
Nov-10,GWENT,SOUTH YORKSHIRE,Slaughterhouse,1,3
Nov-10,GWENT,STAFFORDSHIRE,Slaughterhouse,0,4
Nov-10,GWENT,WEST GLAMORGAN,Slaughterhouse,31,0
Nov-10,GWENT,WILTSHIRE,Slaughterhouse,9,8
Nov-10,GWENT,,Slaughterhouse,57,13
Nov-10,GWYNEDD,AVON,Slaughterhouse,0,13
Nov-10,GWYNEDD,BEDFORDSHIRE,Slaughterhouse,51,6
Nov-10,GWYNEDD,CHESHIRE,Slaughterhouse,10,9
Nov-10,GWYNEDD,CLWYD,Slaughterhouse,65,49
Nov-10,GWYNEDD,CUMBRIA,Slaughterhouse,42,27
Nov-10,GWYNEDD,DERBYSHIRE,Slaughterhouse,78,16
Nov-10,GWYNEDD,DEVON,Slaughterhouse,0,12
Nov-10,GWYNEDD,DURHAM,Slaughterhouse,0,1
Nov-10,GWYNEDD,DYFED,Slaughterhouse,0,3
Nov-10,GWYNEDD,GREATER MANCHESTER,Slaughterhouse,135,139
Nov-10,GWYNEDD,GWYNEDD,Slaughterhouse,248,133
Nov-10,GWYNEDD,HIGHLAND,Slaughterhouse,16,0
Nov-10,GWYNEDD,HUMBERSIDE,Slaughterhouse,236,31
Nov-10,GWYNEDD,LANCASHIRE,Slaughterhouse,"2,121",31
Nov-10,GWYNEDD,LINCOLNSHIRE,Slaughterhouse,661,0
Nov-10,GWYNEDD,MID GLAMORGAN,Slaughterhouse,78,21
Nov-10,GWYNEDD,NORFOLK,Slaughterhouse,2,13
Nov-10,GWYNEDD,POWYS,Slaughterhouse,16,0
Nov-10,GWYNEDD,SHROPSHIRE,Slaughterhouse,762,13
Nov-10,GWYNEDD,SOMERSET,Slaughterhouse,0,2
Nov-10,GWYNEDD,SOUTH YORKSHIRE,Slaughterhouse,179,45
Nov-10,GWYNEDD,STAFFORDSHIRE,Slaughterhouse,44,24
Nov-10,GWYNEDD,STRATHCLYDE,Slaughterhouse,29,5
Nov-10,GWYNEDD,WEST YORKSHIRE,Slaughterhouse,55,61
Nov-10,GWYNEDD,,Slaughterhouse,308,197
Nov-10,HAMPSHIRE,AVON,Slaughterhouse,369,0
Nov-10,HAMPSHIRE,BEDFORDSHIRE,Slaughterhouse,10,0
Nov-10,HAMPSHIRE,CUMBRIA,Slaughterhouse,0,2
Nov-10,HAMPSHIRE,DEVON,Slaughterhouse,2,50
Nov-10,HAMPSHIRE,DORSET,Slaughterhouse,43,0
Nov-10,HAMPSHIRE,GLOUCESTERSHIRE,Slaughterhouse,0,22
Nov-10,HAMPSHIRE,HAMPSHIRE,Slaughterhouse,400,0
Nov-10,HAMPSHIRE,KENT,Slaughterhouse,27,1
Nov-10,HAMPSHIRE,LINCOLNSHIRE,Slaughterhouse,61,1
Nov-10,HAMPSHIRE,MID GLAMORGAN,Slaughterhouse,274,0
Nov-10,HAMPSHIRE,NORFOLK,Slaughterhouse,0,3
Nov-10,HAMPSHIRE,SOMERSET,Slaughterhouse,270,27
Nov-10,HAMPSHIRE,SOUTH YORKSHIRE,Slaughterhouse,14,3
Nov-10,HAMPSHIRE,SURREY,Slaughterhouse,276,0
Nov-10,HAMPSHIRE,WEST SUSSEX,Slaughterhouse,3,0
Nov-10,HAMPSHIRE,WILTSHIRE,Slaughterhouse,92,0
Nov-10,HAMPSHIRE,,Slaughterhouse,34,23
Nov-10,HEREFORD & WORCESTER,AVON,Slaughterhouse,459,149
Nov-10,HEREFORD & WORCESTER,BEDFORDSHIRE,Slaughterhouse,294,99
Nov-10,HEREFORD & WORCESTER,CENTRAL,Slaughterhouse,68,0
Nov-10,HEREFORD & WORCESTER,CHESHIRE,Slaughterhouse,11,37
Nov-10,HEREFORD & WORCESTER,CLWYD,Slaughterhouse,6,0
Nov-10,HEREFORD & WORCESTER,CUMBRIA,Slaughterhouse,17,4
Nov-10,HEREFORD & WORCESTER,DERBYSHIRE,Slaughterhouse,0,4
Nov-10,HEREFORD & WORCESTER,DEVON,Slaughterhouse,69,131
Nov-10,HEREFORD & WORCESTER,DORSET,Slaughterhouse,0,1
Nov-10,HEREFORD & WORCESTER,DURHAM,Slaughterhouse,0,30
Nov-10,HEREFORD & WORCESTER,DYFED,Slaughterhouse,29,29
Nov-10,HEREFORD & WORCESTER,GLOUCESTERSHIRE,Slaughterhouse,242,44
Nov-10,HEREFORD & WORCESTER,GRAMPIAN,Slaughterhouse,0,13
Nov-10,HEREFORD & WORCESTER,GREATER MANCHESTER,Slaughterhouse,8,185
Nov-10,HEREFORD & WORCESTER,GWYNEDD,Slaughterhouse,1,0
Nov-10,HEREFORD & WORCESTER,HAMPSHIRE,Slaughterhouse,0,22
Nov-10,HEREFORD & WORCESTER,HEREFORD & WORCESTER,Slaughterhouse,151,10
Nov-10,HEREFORD & WORCESTER,HIGHLAND,Slaughterhouse,0,2
Nov-10,HEREFORD & WORCESTER,HUMBERSIDE,Slaughterhouse,0,24
Nov-10,HEREFORD & WORCESTER,LANCASHIRE,Slaughterhouse,267,162
Nov-10,HEREFORD & WORCESTER,LINCOLNSHIRE,Slaughterhouse,281,12
Nov-10,HEREFORD & WORCESTER,MID GLAMORGAN,Slaughterhouse,"1,074",0
Nov-10,HEREFORD & WORCESTER,NORTH YORKSHIRE,Slaughterhouse,0,1
Nov-10,HEREFORD & WORCESTER,NOTTINGHAMSHIRE,Slaughterhouse,0,2
Nov-10,HEREFORD & WORCESTER,OXFORDSHIRE,Slaughterhouse,219,177
Nov-10,HEREFORD & WORCESTER,POWYS,Slaughterhouse,16,0
Nov-10,HEREFORD & WORCESTER,SHROPSHIRE,Slaughterhouse,"1,263",103
Nov-10,HEREFORD & WORCESTER,SOMERSET,Slaughterhouse,242,41
Nov-10,HEREFORD & WORCESTER,SOUTH YORKSHIRE,Slaughterhouse,41,2
Nov-10,HEREFORD & WORCESTER,STAFFORDSHIRE,Slaughterhouse,149,139
Nov-10,HEREFORD & WORCESTER,STRATHCLYDE,Slaughterhouse,8,55
Nov-10,HEREFORD & WORCESTER,SURREY,Slaughterhouse,74,0
Nov-10,HEREFORD & WORCESTER,WARWICKSHIRE,Slaughterhouse,36,37
Nov-10,HEREFORD & WORCESTER,WEST GLAMORGAN,Slaughterhouse,6,0
Nov-10,HEREFORD & WORCESTER,WEST MIDLANDS,Slaughterhouse,87,4
Nov-10,HEREFORD & WORCESTER,WEST YORKSHIRE,Slaughterhouse,0,13
Nov-10,HEREFORD & WORCESTER,WILTSHIRE,Slaughterhouse,38,33
Nov-10,HEREFORD & WORCESTER,,Slaughterhouse,537,110
Nov-10,HERTFORDSHIRE,AVON,Slaughterhouse,23,0
Nov-10,HERTFORDSHIRE,BEDFORDSHIRE,Slaughterhouse,58,4
Nov-10,HERTFORDSHIRE,CAMBRIDGESHIRE,Slaughterhouse,2,0
Nov-10,HERTFORDSHIRE,CENTRAL,Slaughterhouse,1,0
Nov-10,HERTFORDSHIRE,DERBYSHIRE,Slaughterhouse,0,1
Nov-10,HERTFORDSHIRE,ESSEX,Slaughterhouse,50,0
Nov-10,HERTFORDSHIRE,LEICESTERSHIRE,Slaughterhouse,4,0
Nov-10,HERTFORDSHIRE,LINCOLNSHIRE,Slaughterhouse,27,1
Nov-10,HERTFORDSHIRE,MID GLAMORGAN,Slaughterhouse,18,6
Nov-10,HERTFORDSHIRE,NORFOLK,Slaughterhouse,0,1
Nov-10,HERTFORDSHIRE,NOTTINGHAMSHIRE,Slaughterhouse,0,1
Nov-10,HERTFORDSHIRE,OXFORDSHIRE,Slaughterhouse,12,2
Nov-10,HERTFORDSHIRE,SOMERSET,Slaughterhouse,0,1
Nov-10,HERTFORDSHIRE,SOUTH YORKSHIRE,Slaughterhouse,11,28
Nov-10,HERTFORDSHIRE,SURREY,Slaughterhouse,12,0
Nov-10,HERTFORDSHIRE,WEST YORKSHIRE,Slaughterhouse,0,1
Nov-10,HERTFORDSHIRE,,Slaughterhouse,4,1
Nov-10,HIGHLAND,CENTRAL,Slaughterhouse,227,0
Nov-10,HIGHLAND,CUMBRIA,Slaughterhouse,7,10
Nov-10,HIGHLAND,DYFED,Slaughterhouse,1,0
Nov-10,HIGHLAND,GRAMPIAN,Slaughterhouse,535,200
Nov-10,HIGHLAND,HIGHLAND,Slaughterhouse,718,273
Nov-10,HIGHLAND,SOUTH YORKSHIRE,Slaughterhouse,0,0
Nov-10,HIGHLAND,STRATHCLYDE,Slaughterhouse,130,33
Nov-10,HIGHLAND,TAYSIDE,Slaughterhouse,451,13
Nov-10,HIGHLAND,WESTERN ISLES,Slaughterhouse,3,0
Nov-10,HIGHLAND,,Slaughterhouse,68,32
Nov-10,HUMBERSIDE,BEDFORDSHIRE,Slaughterhouse,0,1
Nov-10,HUMBERSIDE,CENTRAL,Slaughterhouse,0,10
Nov-10,HUMBERSIDE,CHESHIRE,Slaughterhouse,2,0
Nov-10,HUMBERSIDE,CLEVELAND,Slaughterhouse,0,135
Nov-10,HUMBERSIDE,DERBYSHIRE,Slaughterhouse,22,2
Nov-10,HUMBERSIDE,DURHAM,Slaughterhouse,1,39
Nov-10,HUMBERSIDE,GRAMPIAN,Slaughterhouse,1,1
Nov-10,HUMBERSIDE,GREATER MANCHESTER,Slaughterhouse,2,199
Nov-10,HUMBERSIDE,HUMBERSIDE,Slaughterhouse,523,34
Nov-10,HUMBERSIDE,LANCASHIRE,Slaughterhouse,126,8
Nov-10,HUMBERSIDE,LINCOLNSHIRE,Slaughterhouse,93,17
Nov-10,HUMBERSIDE,NORFOLK,Slaughterhouse,0,2
Nov-10,HUMBERSIDE,NORTH YORKSHIRE,Slaughterhouse,93,138
Nov-10,HUMBERSIDE,SHROPSHIRE,Slaughterhouse,0,2
Nov-10,HUMBERSIDE,SOMERSET,Slaughterhouse,0,0
Nov-10,HUMBERSIDE,SOUTH YORKSHIRE,Slaughterhouse,31,47
Nov-10,HUMBERSIDE,STAFFORDSHIRE,Slaughterhouse,1,0
Nov-10,HUMBERSIDE,STRATHCLYDE,Slaughterhouse,0,2
Nov-10,HUMBERSIDE,WEST YORKSHIRE,Slaughterhouse,109,274
Nov-10,HUMBERSIDE,,Slaughterhouse,74,20
Nov-10,ISLE OF WIGHT,AVON,Slaughterhouse,75,0
Nov-10,ISLE OF WIGHT,DEVON,Slaughterhouse,0,3
Nov-10,ISLE OF WIGHT,GLOUCESTERSHIRE,Slaughterhouse,0,2
Nov-10,ISLE OF WIGHT,HAMPSHIRE,Slaughterhouse,105,1
Nov-10,ISLE OF WIGHT,KENT,Slaughterhouse,0,1
Nov-10,ISLE OF WIGHT,SOMERSET,Slaughterhouse,128,4
Nov-10,ISLE OF WIGHT,,Slaughterhouse,0,6
Nov-10,KENT,AVON,Slaughterhouse,0,0
Nov-10,KENT,BEDFORDSHIRE,Slaughterhouse,73,46
Nov-10,KENT,DEVON,Slaughterhouse,82,52
Nov-10,KENT,EAST SUSSEX,Slaughterhouse,76,26
Nov-10,KENT,ESSEX,Slaughterhouse,66,45
Nov-10,KENT,GREATER LONDON,Slaughterhouse,26,14
Nov-10,KENT,HAMPSHIRE,Slaughterhouse,183,101
Nov-10,KENT,KENT,Slaughterhouse,447,104
Nov-10,KENT,NORFOLK,Slaughterhouse,130,68
Nov-10,KENT,SOMERSET,Slaughterhouse,100,53
Nov-10,KENT,SUFFOLK,Slaughterhouse,21,13
Nov-10,KENT,SURREY,Slaughterhouse,150,0
Nov-10,KENT,,Slaughterhouse,11,3
Nov-10,LANCASHIRE,AVON,Slaughterhouse,2,2
Nov-10,LANCASHIRE,BEDFORDSHIRE,Slaughterhouse,7,3
Nov-10,LANCASHIRE,CHESHIRE,Slaughterhouse,87,52
Nov-10,LANCASHIRE,CLEVELAND,Slaughterhouse,169,98
Nov-10,LANCASHIRE,CUMBRIA,Slaughterhouse,226,48
Nov-10,LANCASHIRE,DEVON,Slaughterhouse,62,48
Nov-10,LANCASHIRE,DURHAM,Slaughterhouse,0,1
Nov-10,LANCASHIRE,GREATER MANCHESTER,Slaughterhouse,613,327
Nov-10,LANCASHIRE,HUMBERSIDE,Slaughterhouse,56,79
Nov-10,LANCASHIRE,LANCASHIRE,Slaughterhouse,"3,137",307
Nov-10,LANCASHIRE,MERSEYSIDE,Slaughterhouse,27,0
Nov-10,LANCASHIRE,MID GLAMORGAN,Slaughterhouse,64,0
Nov-10,LANCASHIRE,NORTH YORKSHIRE,Slaughterhouse,206,0
Nov-10,LANCASHIRE,SHROPSHIRE,Slaughterhouse,40,3
Nov-10,LANCASHIRE,SOUTH YORKSHIRE,Slaughterhouse,60,48
Nov-10,LANCASHIRE,STAFFORDSHIRE,Slaughterhouse,70,28
Nov-10,LANCASHIRE,TAYSIDE,Slaughterhouse,15,0
Nov-10,LANCASHIRE,TYNE & WEAR,Slaughterhouse,28,0
Nov-10,LANCASHIRE,WEST YORKSHIRE,Slaughterhouse,259,228
Nov-10,LANCASHIRE,,Slaughterhouse,559,217
Nov-10,LEICESTERSHIRE,AVON,Slaughterhouse,5,2
Nov-10,LEICESTERSHIRE,BEDFORDSHIRE,Slaughterhouse,202,8
Nov-10,LEICESTERSHIRE,CENTRAL,Slaughterhouse,34,0
Nov-10,LEICESTERSHIRE,DERBYSHIRE,Slaughterhouse,167,16
Nov-10,LEICESTERSHIRE,DEVON,Slaughterhouse,0,14
Nov-10,LEICESTERSHIRE,ESSEX,Slaughterhouse,0,4
Nov-10,LEICESTERSHIRE,GRAMPIAN,Slaughterhouse,0,13
Nov-10,LEICESTERSHIRE,GREATER MANCHESTER,Slaughterhouse,0,27
Nov-10,LEICESTERSHIRE,GWYNEDD,Slaughterhouse,9,0
Nov-10,LEICESTERSHIRE,HEREFORD & WORCESTER,Slaughterhouse,0,1
Nov-10,LEICESTERSHIRE,HIGHLAND,Slaughterhouse,0,8
Nov-10,LEICESTERSHIRE,HUMBERSIDE,Slaughterhouse,7,3
Nov-10,LEICESTERSHIRE,LANCASHIRE,Slaughterhouse,216,35
Nov-10,LEICESTERSHIRE,LEICESTERSHIRE,Slaughterhouse,136,1
Nov-10,LEICESTERSHIRE,LINCOLNSHIRE,Slaughterhouse,"1,121",194
Nov-10,LEICESTERSHIRE,MID GLAMORGAN,Slaughterhouse,92,1
Nov-10,LEICESTERSHIRE,NORFOLK,Slaughterhouse,0,11
Nov-10,LEICESTERSHIRE,NORTH YORKSHIRE,Slaughterhouse,147,102
Nov-10,LEICESTERSHIRE,NOTTINGHAMSHIRE,Slaughterhouse,70,29
Nov-10,LEICESTERSHIRE,OXFORDSHIRE,Slaughterhouse,81,87
Nov-10,LEICESTERSHIRE,SHROPSHIRE,Slaughterhouse,5,21
Nov-10,LEICESTERSHIRE,SOUTH YORKSHIRE,Slaughterhouse,299,70
Nov-10,LEICESTERSHIRE,STAFFORDSHIRE,Slaughterhouse,88,50
Nov-10,LEICESTERSHIRE,STRATHCLYDE,Slaughterhouse,0,0
Nov-10,LEICESTERSHIRE,SURREY,Slaughterhouse,351,0
Nov-10,LEICESTERSHIRE,WARWICKSHIRE,Slaughterhouse,11,0
Nov-10,LEICESTERSHIRE,WEST MIDLANDS,Slaughterhouse,5,1
Nov-10,LEICESTERSHIRE,WEST YORKSHIRE,Slaughterhouse,0,19
Nov-10,LEICESTERSHIRE,WILTSHIRE,Slaughterhouse,0,3
Nov-10,LEICESTERSHIRE,,Slaughterhouse,749,81
Nov-10,LINCOLNSHIRE,BEDFORDSHIRE,Slaughterhouse,5,20
Nov-10,LINCOLNSHIRE,CAMBRIDGESHIRE,Slaughterhouse,16,0
Nov-10,LINCOLNSHIRE,CENTRAL,Slaughterhouse,39,9
Nov-10,LINCOLNSHIRE,CLEVELAND,Slaughterhouse,0,2
Nov-10,LINCOLNSHIRE,DERBYSHIRE,Slaughterhouse,18,18
Nov-10,LINCOLNSHIRE,DEVON,Slaughterhouse,0,21
Nov-10,LINCOLNSHIRE,DURHAM,Slaughterhouse,0,4
Nov-10,LINCOLNSHIRE,ESSEX,Slaughterhouse,0,25
Nov-10,LINCOLNSHIRE,GRAMPIAN,Slaughterhouse,0,26
Nov-10,LINCOLNSHIRE,GREATER MANCHESTER,Slaughterhouse,0,101
Nov-10,LINCOLNSHIRE,HIGHLAND,Slaughterhouse,0,8
Nov-10,LINCOLNSHIRE,HUMBERSIDE,Slaughterhouse,219,14
Nov-10,LINCOLNSHIRE,LANCASHIRE,Slaughterhouse,86,29
Nov-10,LINCOLNSHIRE,LINCOLNSHIRE,Slaughterhouse,"1,265",194
Nov-10,LINCOLNSHIRE,MID GLAMORGAN,Slaughterhouse,104,0
Nov-10,LINCOLNSHIRE,NORFOLK,Slaughterhouse,5,44
Nov-10,LINCOLNSHIRE,NORTH YORKSHIRE,Slaughterhouse,33,24
Nov-10,LINCOLNSHIRE,NOTTINGHAMSHIRE,Slaughterhouse,14,33
Nov-10,LINCOLNSHIRE,OXFORDSHIRE,Slaughterhouse,0,4
Nov-10,LINCOLNSHIRE,SHROPSHIRE,Slaughterhouse,17,8
Nov-10,LINCOLNSHIRE,SOUTH YORKSHIRE,Slaughterhouse,385,72
Nov-10,LINCOLNSHIRE,STAFFORDSHIRE,Slaughterhouse,7,57
Nov-10,LINCOLNSHIRE,STRATHCLYDE,Slaughterhouse,19,0
Nov-10,LINCOLNSHIRE,WARWICKSHIRE,Slaughterhouse,0,0
Nov-10,LINCOLNSHIRE,WEST YORKSHIRE,Slaughterhouse,2,33
Nov-10,LINCOLNSHIRE,,Slaughterhouse,63,73
Nov-10,LOTHIAN,BORDERS,Slaughterhouse,7,24
Nov-10,LOTHIAN,CENTRAL,Slaughterhouse,445,32
Nov-10,LOTHIAN,CUMBRIA,Slaughterhouse,5,20
Nov-10,LOTHIAN,DERBYSHIRE,Slaughterhouse,0,2
Nov-10,LOTHIAN,FIFE,Slaughterhouse,2,0
Nov-10,LOTHIAN,GRAMPIAN,Slaughterhouse,46,4
Nov-10,LOTHIAN,HIGHLAND,Slaughterhouse,0,3
Nov-10,LOTHIAN,LANCASHIRE,Slaughterhouse,6,5
Nov-10,LOTHIAN,SOUTH YORKSHIRE,Slaughterhouse,15,2
Nov-10,LOTHIAN,STRATHCLYDE,Slaughterhouse,522,91
Nov-10,LOTHIAN,TAYSIDE,Slaughterhouse,21,47
Nov-10,LOTHIAN,TYNE & WEAR,Slaughterhouse,27,0
Nov-10,LOTHIAN,WEST YORKSHIRE,Slaughterhouse,0,1
Nov-10,LOTHIAN,,Slaughterhouse,10,6
Nov-10,MERSEYSIDE,AVON,Slaughterhouse,0,8
Nov-10,MERSEYSIDE,BEDFORDSHIRE,Slaughterhouse,0,1
Nov-10,MERSEYSIDE,CHESHIRE,Slaughterhouse,23,5
Nov-10,MERSEYSIDE,CLWYD,Slaughterhouse,3,1
Nov-10,MERSEYSIDE,CUMBRIA,Slaughterhouse,0,1
Nov-10,MERSEYSIDE,DEVON,Slaughterhouse,0,2
Nov-10,MERSEYSIDE,GREATER MANCHESTER,Slaughterhouse,9,11
Nov-10,MERSEYSIDE,HUMBERSIDE,Slaughterhouse,0,7
Nov-10,MERSEYSIDE,LANCASHIRE,Slaughterhouse,45,3
Nov-10,MERSEYSIDE,LINCOLNSHIRE,Slaughterhouse,32,0
Nov-10,MERSEYSIDE,SHROPSHIRE,Slaughterhouse,54,4
Nov-10,MERSEYSIDE,SOUTH YORKSHIRE,Slaughterhouse,7,4
Nov-10,MERSEYSIDE,STAFFORDSHIRE,Slaughterhouse,0,25
Nov-10,MERSEYSIDE,WEST YORKSHIRE,Slaughterhouse,0,8
Nov-10,MERSEYSIDE,,Slaughterhouse,52,4
Nov-10,MID GLAMORGAN,AVON,Slaughterhouse,12,3
Nov-10,MID GLAMORGAN,CUMBRIA,Slaughterhouse,2,2
Nov-10,MID GLAMORGAN,DEVON,Slaughterhouse,4,11
Nov-10,MID GLAMORGAN,DYFED,Slaughterhouse,13,1
Nov-10,MID GLAMORGAN,LANCASHIRE,Slaughterhouse,3,0
Nov-10,MID GLAMORGAN,MID GLAMORGAN,Slaughterhouse,124,0
Nov-10,MID GLAMORGAN,POWYS,Slaughterhouse,13,0
Nov-10,MID GLAMORGAN,SHROPSHIRE,Slaughterhouse,2,0
Nov-10,MID GLAMORGAN,SOMERSET,Slaughterhouse,83,5
Nov-10,MID GLAMORGAN,SOUTH YORKSHIRE,Slaughterhouse,11,0
Nov-10,MID GLAMORGAN,WEST GLAMORGAN,Slaughterhouse,6,1
Nov-10,MID GLAMORGAN,WILTSHIRE,Slaughterhouse,7,0
Nov-10,MID GLAMORGAN,,Slaughterhouse,43,0
Nov-10,NORFOLK,BEDFORDSHIRE,Slaughterhouse,377,18
Nov-10,NORFOLK,CUMBRIA,Slaughterhouse,3,0
Nov-10,NORFOLK,DERBYSHIRE,Slaughterhouse,0,3
Nov-10,NORFOLK,DEVON,Slaughterhouse,0,3
Nov-10,NORFOLK,ESSEX,Slaughterhouse,16,20
Nov-10,NORFOLK,GRAMPIAN,Slaughterhouse,0,9
Nov-10,NORFOLK,GREATER LONDON,Slaughterhouse,0,2
Nov-10,NORFOLK,GREATER MANCHESTER,Slaughterhouse,0,20
Nov-10,NORFOLK,HAMPSHIRE,Slaughterhouse,1,16
Nov-10,NORFOLK,HUMBERSIDE,Slaughterhouse,0,3
Nov-10,NORFOLK,LANCASHIRE,Slaughterhouse,20,12
Nov-10,NORFOLK,LINCOLNSHIRE,Slaughterhouse,577,13
Nov-10,NORFOLK,MID GLAMORGAN,Slaughterhouse,85,0
Nov-10,NORFOLK,NORFOLK,Slaughterhouse,903,17
Nov-10,NORFOLK,NORTH YORKSHIRE,Slaughterhouse,12,2
Nov-10,NORFOLK,NOTTINGHAMSHIRE,Slaughterhouse,0,18
Nov-10,NORFOLK,SOMERSET,Slaughterhouse,1,1
Nov-10,NORFOLK,SOUTH YORKSHIRE,Slaughterhouse,168,20
Nov-10,NORFOLK,STAFFORDSHIRE,Slaughterhouse,0,12
Nov-10,NORFOLK,SUFFOLK,Slaughterhouse,211,5
Nov-10,NORFOLK,WEST YORKSHIRE,Slaughterhouse,0,16
Nov-10,NORFOLK,WILTSHIRE,Slaughterhouse,2,0
Nov-10,NORFOLK,,Slaughterhouse,236,31
Nov-10,NORTHAMPTONSHIRE,AVON,Slaughterhouse,5,0
Nov-10,NORTHAMPTONSHIRE,BEDFORDSHIRE,Slaughterhouse,412,3
Nov-10,NORTHAMPTONSHIRE,CAMBRIDGESHIRE,Slaughterhouse,4,0
Nov-10,NORTHAMPTONSHIRE,CENTRAL,Slaughterhouse,30,0
Nov-10,NORTHAMPTONSHIRE,DERBYSHIRE,Slaughterhouse,8,4
Nov-10,NORTHAMPTONSHIRE,DEVON,Slaughterhouse,0,1
Nov-10,NORTHAMPTONSHIRE,ESSEX,Slaughterhouse,0,6
Nov-10,NORTHAMPTONSHIRE,GRAMPIAN,Slaughterhouse,0,1
Nov-10,NORTHAMPTONSHIRE,GREATER MANCHESTER,Slaughterhouse,0,11
Nov-10,NORTHAMPTONSHIRE,GWYNEDD,Slaughterhouse,5,0
Nov-10,NORTHAMPTONSHIRE,HAMPSHIRE,Slaughterhouse,19,0
Nov-10,NORTHAMPTONSHIRE,HIGHLAND,Slaughterhouse,0,3
Nov-10,NORTHAMPTONSHIRE,LANCASHIRE,Slaughterhouse,27,5
Nov-10,NORTHAMPTONSHIRE,LEICESTERSHIRE,Slaughterhouse,73,1
Nov-10,NORTHAMPTONSHIRE,LINCOLNSHIRE,Slaughterhouse,"1,169",41
Nov-10,NORTHAMPTONSHIRE,MID GLAMORGAN,Slaughterhouse,139,1
Nov-10,NORTHAMPTONSHIRE,NORFOLK,Slaughterhouse,2,7
Nov-10,NORTHAMPTONSHIRE,NORTHAMPTONSHIRE,Slaughterhouse,5,0
Nov-10,NORTHAMPTONSHIRE,NORTH YORKSHIRE,Slaughterhouse,77,5
Nov-10,NORTHAMPTONSHIRE,NOTTINGHAMSHIRE,Slaughterhouse,0,10
Nov-10,NORTHAMPTONSHIRE,OXFORDSHIRE,Slaughterhouse,69,49
Nov-10,NORTHAMPTONSHIRE,SHROPSHIRE,Slaughterhouse,300,3
Nov-10,NORTHAMPTONSHIRE,SOMERSET,Slaughterhouse,0,0
Nov-10,NORTHAMPTONSHIRE,SOUTH YORKSHIRE,Slaughterhouse,16,23
Nov-10,NORTHAMPTONSHIRE,STAFFORDSHIRE,Slaughterhouse,15,17
Nov-10,NORTHAMPTONSHIRE,STRATHCLYDE,Slaughterhouse,0,15
Nov-10,NORTHAMPTONSHIRE,SURREY,Slaughterhouse,333,0
Nov-10,NORTHAMPTONSHIRE,WARWICKSHIRE,Slaughterhouse,19,0
Nov-10,NORTHAMPTONSHIRE,WEST MIDLANDS,Slaughterhouse,0,4
Nov-10,NORTHAMPTONSHIRE,WEST YORKSHIRE,Slaughterhouse,0,1
Nov-10,NORTHAMPTONSHIRE,WILTSHIRE,Slaughterhouse,0,11
Nov-10,NORTHAMPTONSHIRE,,Slaughterhouse,182,21
Nov-10,NORTHUMBERLAND,BORDERS,Slaughterhouse,6,8
Nov-10,NORTHUMBERLAND,CENTRAL,Slaughterhouse,"1,276",27
Nov-10,NORTHUMBERLAND,CLEVELAND,Slaughterhouse,6,57
Nov-10,NORTHUMBERLAND,CUMBRIA,Slaughterhouse,205,30
Nov-10,NORTHUMBERLAND,DURHAM,Slaughterhouse,393,292
Nov-10,NORTHUMBERLAND,GRAMPIAN,Slaughterhouse,35,3
Nov-10,NORTHUMBERLAND,GREATER MANCHESTER,Slaughterhouse,5,24
Nov-10,NORTHUMBERLAND,HIGHLAND,Slaughterhouse,14,12
Nov-10,NORTHUMBERLAND,HUMBERSIDE,Slaughterhouse,145,46
Nov-10,NORTHUMBERLAND,LANCASHIRE,Slaughterhouse,439,18
Nov-10,NORTHUMBERLAND,NORTH YORKSHIRE,Slaughterhouse,104,17
Nov-10,NORTHUMBERLAND,SHROPSHIRE,Slaughterhouse,0,10
Nov-10,NORTHUMBERLAND,SOUTH YORKSHIRE,Slaughterhouse,172,4
Nov-10,NORTHUMBERLAND,STAFFORDSHIRE,Slaughterhouse,0,1
Nov-10,NORTHUMBERLAND,STRATHCLYDE,Slaughterhouse,200,24
Nov-10,NORTHUMBERLAND,TAYSIDE,Slaughterhouse,59,9
Nov-10,NORTHUMBERLAND,TYNE & WEAR,Slaughterhouse,547,59
Nov-10,NORTHUMBERLAND,WEST YORKSHIRE,Slaughterhouse,0,38
Nov-10,NORTHUMBERLAND,,Slaughterhouse,237,16
Nov-10,NORTH YORKSHIRE,AVON,Slaughterhouse,2,0
Nov-10,NORTH YORKSHIRE,BEDFORDSHIRE,Slaughterhouse,0,3
Nov-10,NORTH YORKSHIRE,CENTRAL,Slaughterhouse,486,133
Nov-10,NORTH YORKSHIRE,CHESHIRE,Slaughterhouse,24,6
Nov-10,NORTH YORKSHIRE,CLEVELAND,Slaughterhouse,"1,156",834
Nov-10,NORTH YORKSHIRE,CUMBRIA,Slaughterhouse,28,42
Nov-10,NORTH YORKSHIRE,DERBYSHIRE,Slaughterhouse,32,1
Nov-10,NORTH YORKSHIRE,DEVON,Slaughterhouse,0,11
Nov-10,NORTH YORKSHIRE,DURHAM,Slaughterhouse,885,503
Nov-10,NORTH YORKSHIRE,GRAMPIAN,Slaughterhouse,18,29
Nov-10,NORTH YORKSHIRE,GREATER MANCHESTER,Slaughterhouse,"1,224",867
Nov-10,NORTH YORKSHIRE,HUMBERSIDE,Slaughterhouse,"2,049",212
Nov-10,NORTH YORKSHIRE,LANCASHIRE,Slaughterhouse,"4,181",140
Nov-10,NORTH YORKSHIRE,LINCOLNSHIRE,Slaughterhouse,997,85
Nov-10,NORTH YORKSHIRE,MID GLAMORGAN,Slaughterhouse,245,0
Nov-10,NORTH YORKSHIRE,NORTH YORKSHIRE,Slaughterhouse,"1,977",357
Nov-10,NORTH YORKSHIRE,SHROPSHIRE,Slaughterhouse,193,42
Nov-10,NORTH YORKSHIRE,SOMERSET,Slaughterhouse,0,0
Nov-10,NORTH YORKSHIRE,SOUTH YORKSHIRE,Slaughterhouse,830,120
Nov-10,NORTH YORKSHIRE,STAFFORDSHIRE,Slaughterhouse,99,102
Nov-10,NORTH YORKSHIRE,STRATHCLYDE,Slaughterhouse,121,20
Nov-10,NORTH YORKSHIRE,TYNE & WEAR,Slaughterhouse,26,0
Nov-10,NORTH YORKSHIRE,WEST YORKSHIRE,Slaughterhouse,"2,208","1,206"
Nov-10,NORTH YORKSHIRE,,Slaughterhouse,908,123
Nov-10,NOTTINGHAMSHIRE,BEDFORDSHIRE,Slaughterhouse,66,13
Nov-10,NOTTINGHAMSHIRE,DERBYSHIRE,Slaughterhouse,153,17
Nov-10,NOTTINGHAMSHIRE,DEVON,Slaughterhouse,52,12
Nov-10,NOTTINGHAMSHIRE,ESSEX,Slaughterhouse,65,9
Nov-10,NOTTINGHAMSHIRE,GRAMPIAN,Slaughterhouse,102,33
Nov-10,NOTTINGHAMSHIRE,GREATER MANCHESTER,Slaughterhouse,246,47
Nov-10,NOTTINGHAMSHIRE,HIGHLAND,Slaughterhouse,44,8
Nov-10,NOTTINGHAMSHIRE,HUMBERSIDE,Slaughterhouse,36,12
Nov-10,NOTTINGHAMSHIRE,LANCASHIRE,Slaughterhouse,172,27
Nov-10,NOTTINGHAMSHIRE,LEICESTERSHIRE,Slaughterhouse,2,0
Nov-10,NOTTINGHAMSHIRE,LINCOLNSHIRE,Slaughterhouse,991,100
Nov-10,NOTTINGHAMSHIRE,MID GLAMORGAN,Slaughterhouse,9,0
Nov-10,NOTTINGHAMSHIRE,NORFOLK,Slaughterhouse,133,31
Nov-10,NOTTINGHAMSHIRE,NORTH YORKSHIRE,Slaughterhouse,97,42
Nov-10,NOTTINGHAMSHIRE,NOTTINGHAMSHIRE,Slaughterhouse,272,26
Nov-10,NOTTINGHAMSHIRE,OXFORDSHIRE,Slaughterhouse,7,6
Nov-10,NOTTINGHAMSHIRE,SHROPSHIRE,Slaughterhouse,55,19
Nov-10,NOTTINGHAMSHIRE,SOUTH YORKSHIRE,Slaughterhouse,473,57
Nov-10,NOTTINGHAMSHIRE,STAFFORDSHIRE,Slaughterhouse,189,53
Nov-10,NOTTINGHAMSHIRE,SURREY,Slaughterhouse,38,0
Nov-10,NOTTINGHAMSHIRE,WEST YORKSHIRE,Slaughterhouse,83,25
Nov-10,NOTTINGHAMSHIRE,,Slaughterhouse,432,76
Nov-10,ORKNEY,CENTRAL,Slaughterhouse,258,1
Nov-10,ORKNEY,CUMBRIA,Slaughterhouse,2,10
Nov-10,ORKNEY,GRAMPIAN,Slaughterhouse,87,9
Nov-10,ORKNEY,HIGHLAND,Slaughterhouse,0,1
Nov-10,ORKNEY,ORKNEY,Slaughterhouse,594,32
Nov-10,ORKNEY,STRATHCLYDE,Slaughterhouse,0,17
Nov-10,ORKNEY,TAYSIDE,Slaughterhouse,13,15
Nov-10,ORKNEY,,Slaughterhouse,0,13
Nov-10,OXFORDSHIRE,AVON,Slaughterhouse,41,2
Nov-10,OXFORDSHIRE,BEDFORDSHIRE,Slaughterhouse,222,1
Nov-10,OXFORDSHIRE,CENTRAL,Slaughterhouse,47,0
Nov-10,OXFORDSHIRE,DERBYSHIRE,Slaughterhouse,0,1
Nov-10,OXFORDSHIRE,DEVON,Slaughterhouse,0,2
Nov-10,OXFORDSHIRE,DYFED,Slaughterhouse,0,1
Nov-10,OXFORDSHIRE,ESSEX,Slaughterhouse,2,1
Nov-10,OXFORDSHIRE,GLOUCESTERSHIRE,Slaughterhouse,65,3
Nov-10,OXFORDSHIRE,GRAMPIAN,Slaughterhouse,0,1
Nov-10,OXFORDSHIRE,GREATER MANCHESTER,Slaughterhouse,1,3
Nov-10,OXFORDSHIRE,HAMPSHIRE,Slaughterhouse,56,1
Nov-10,OXFORDSHIRE,KENT,Slaughterhouse,2,0
Nov-10,OXFORDSHIRE,LANCASHIRE,Slaughterhouse,25,9
Nov-10,OXFORDSHIRE,LINCOLNSHIRE,Slaughterhouse,609,0
Nov-10,OXFORDSHIRE,MID GLAMORGAN,Slaughterhouse,310,16
Nov-10,OXFORDSHIRE,NORFOLK,Slaughterhouse,16,2
Nov-10,OXFORDSHIRE,NOTTINGHAMSHIRE,Slaughterhouse,0,1
Nov-10,OXFORDSHIRE,OXFORDSHIRE,Slaughterhouse,154,8
Nov-10,OXFORDSHIRE,SHROPSHIRE,Slaughterhouse,23,0
Nov-10,OXFORDSHIRE,SOMERSET,Slaughterhouse,43,3
Nov-10,OXFORDSHIRE,SOUTH YORKSHIRE,Slaughterhouse,195,37
Nov-10,OXFORDSHIRE,STAFFORDSHIRE,Slaughterhouse,1,0
Nov-10,OXFORDSHIRE,STRATHCLYDE,Slaughterhouse,0,2
Nov-10,OXFORDSHIRE,SURREY,Slaughterhouse,89,1
Nov-10,OXFORDSHIRE,WARWICKSHIRE,Slaughterhouse,19,0
Nov-10,OXFORDSHIRE,WILTSHIRE,Slaughterhouse,13,19
Nov-10,OXFORDSHIRE,,Slaughterhouse,97,14
Nov-10,POWYS,AVON,Slaughterhouse,16,54
Nov-10,POWYS,BEDFORDSHIRE,Slaughterhouse,92,128
Nov-10,POWYS,CHESHIRE,Slaughterhouse,137,11
Nov-10,POWYS,CLWYD,Slaughterhouse,52,16
Nov-10,POWYS,CUMBRIA,Slaughterhouse,0,7
Nov-10,POWYS,DERBYSHIRE,Slaughterhouse,19,0
Nov-10,POWYS,DEVON,Slaughterhouse,68,126
Nov-10,POWYS,DORSET,Slaughterhouse,0,0
Nov-10,POWYS,DURHAM,Slaughterhouse,1,16
Nov-10,POWYS,DYFED,Slaughterhouse,112,18
Nov-10,POWYS,GLOUCESTERSHIRE,Slaughterhouse,12,3
Nov-10,POWYS,GRAMPIAN,Slaughterhouse,0,4
Nov-10,POWYS,GREATER MANCHESTER,Slaughterhouse,47,133
Nov-10,POWYS,GWYNEDD,Slaughterhouse,2,0
Nov-10,POWYS,HAMPSHIRE,Slaughterhouse,1,4
Nov-10,POWYS,HEREFORD & WORCESTER,Slaughterhouse,18,2
Nov-10,POWYS,HUMBERSIDE,Slaughterhouse,80,11
Nov-10,POWYS,LANCASHIRE,Slaughterhouse,192,59
Nov-10,POWYS,LINCOLNSHIRE,Slaughterhouse,89,2
Nov-10,POWYS,MID GLAMORGAN,Slaughterhouse,466,0
Nov-10,POWYS,OXFORDSHIRE,Slaughterhouse,0,21
Nov-10,POWYS,POWYS,Slaughterhouse,297,0
Nov-10,POWYS,SHROPSHIRE,Slaughterhouse,"1,139",77
Nov-10,POWYS,SOMERSET,Slaughterhouse,44,9
Nov-10,POWYS,SOUTH YORKSHIRE,Slaughterhouse,1,2
Nov-10,POWYS,STAFFORDSHIRE,Slaughterhouse,61,78
Nov-10,POWYS,STRATHCLYDE,Slaughterhouse,0,20
Nov-10,POWYS,WARWICKSHIRE,Slaughterhouse,3,4
Nov-10,POWYS,WEST GLAMORGAN,Slaughterhouse,65,5
Nov-10,POWYS,WEST YORKSHIRE,Slaughterhouse,13,9
Nov-10,POWYS,WILTSHIRE,Slaughterhouse,0,12
Nov-10,POWYS,,Slaughterhouse,319,104
Nov-10,SHETLAND,GRAMPIAN,Slaughterhouse,0,0
Nov-10,SHETLAND,SHETLAND,Slaughterhouse,31,0
Nov-10,SHETLAND,STRATHCLYDE,Slaughterhouse,0,7
Nov-10,SHETLAND,TAYSIDE,Slaughterhouse,0,3
Nov-10,SHETLAND,,Slaughterhouse,0,3
Nov-10,SHROPSHIRE,AVON,Slaughterhouse,240,72
Nov-10,SHROPSHIRE,BEDFORDSHIRE,Slaughterhouse,297,147
Nov-10,SHROPSHIRE,CENTRAL,Slaughterhouse,33,0
Nov-10,SHROPSHIRE,CHESHIRE,Slaughterhouse,544,71
Nov-10,SHROPSHIRE,CLWYD,Slaughterhouse,155,10
Nov-10,SHROPSHIRE,CUMBRIA,Slaughterhouse,40,7
Nov-10,SHROPSHIRE,DERBYSHIRE,Slaughterhouse,22,7
Nov-10,SHROPSHIRE,DEVON,Slaughterhouse,700,272
Nov-10,SHROPSHIRE,DORSET,Slaughterhouse,7,6
Nov-10,SHROPSHIRE,DURHAM,Slaughterhouse,172,73
Nov-10,SHROPSHIRE,DYFED,Slaughterhouse,43,16
Nov-10,SHROPSHIRE,GRAMPIAN,Slaughterhouse,37,11
Nov-10,SHROPSHIRE,GREATER MANCHESTER,Slaughterhouse,936,349
Nov-10,SHROPSHIRE,GWYNEDD,Slaughterhouse,0,3
Nov-10,SHROPSHIRE,HAMPSHIRE,Slaughterhouse,65,12
Nov-10,SHROPSHIRE,HEREFORD & WORCESTER,Slaughterhouse,66,9
Nov-10,SHROPSHIRE,HUMBERSIDE,Slaughterhouse,180,42
Nov-10,SHROPSHIRE,LANCASHIRE,Slaughterhouse,937,233
Nov-10,SHROPSHIRE,LINCOLNSHIRE,Slaughterhouse,558,19
Nov-10,SHROPSHIRE,MID GLAMORGAN,Slaughterhouse,147,0
Nov-10,SHROPSHIRE,NORTH YORKSHIRE,Slaughterhouse,1,0
Nov-10,SHROPSHIRE,OXFORDSHIRE,Slaughterhouse,277,166
Nov-10,SHROPSHIRE,SHROPSHIRE,Slaughterhouse,"3,265",196
Nov-10,SHROPSHIRE,SOMERSET,Slaughterhouse,232,62
Nov-10,SHROPSHIRE,SOUTH YORKSHIRE,Slaughterhouse,58,7
Nov-10,SHROPSHIRE,STAFFORDSHIRE,Slaughterhouse,"1,473",717
Nov-10,SHROPSHIRE,STRATHCLYDE,Slaughterhouse,219,72
Nov-10,SHROPSHIRE,WARWICKSHIRE,Slaughterhouse,93,52
Nov-10,SHROPSHIRE,WEST MIDLANDS,Slaughterhouse,61,13
Nov-10,SHROPSHIRE,WEST YORKSHIRE,Slaughterhouse,262,123
Nov-10,SHROPSHIRE,WILTSHIRE,Slaughterhouse,78,32
Nov-10,SHROPSHIRE,,Slaughterhouse,963,287
Nov-10,SOMERSET,AVON,Slaughterhouse,698,14
Nov-10,SOMERSET,BEDFORDSHIRE,Slaughterhouse,106,66
Nov-10,SOMERSET,CORNWALL,Slaughterhouse,306,92
Nov-10,SOMERSET,CUMBRIA,Slaughterhouse,1,0
Nov-10,SOMERSET,DEVON,Slaughterhouse,584,148
Nov-10,SOMERSET,DORSET,Slaughterhouse,110,2
Nov-10,SOMERSET,DYFED,Slaughterhouse,6,0
Nov-10,SOMERSET,GLOUCESTERSHIRE,Slaughterhouse,423,183
Nov-10,SOMERSET,KENT,Slaughterhouse,88,42
Nov-10,SOMERSET,LANCASHIRE,Slaughterhouse,83,28
Nov-10,SOMERSET,LINCOLNSHIRE,Slaughterhouse,198,34
Nov-10,SOMERSET,MID GLAMORGAN,Slaughterhouse,265,0
Nov-10,SOMERSET,OXFORDSHIRE,Slaughterhouse,39,18
Nov-10,SOMERSET,SHROPSHIRE,Slaughterhouse,232,28
Nov-10,SOMERSET,SOMERSET,Slaughterhouse,"2,840",154
Nov-10,SOMERSET,SOUTH YORKSHIRE,Slaughterhouse,204,5
Nov-10,SOMERSET,SURREY,Slaughterhouse,93,0
Nov-10,SOMERSET,WILTSHIRE,Slaughterhouse,64,26
Nov-10,SOMERSET,,Slaughterhouse,916,204
Nov-10,SOUTH GLAMORGAN,AVON,Slaughterhouse,0,4
Nov-10,SOUTH GLAMORGAN,BEDFORDSHIRE,Slaughterhouse,0,2
Nov-10,SOUTH GLAMORGAN,DEVON,Slaughterhouse,0,8
Nov-10,SOUTH GLAMORGAN,DYFED,Slaughterhouse,79,5
Nov-10,SOUTH GLAMORGAN,GLOUCESTERSHIRE,Slaughterhouse,6,1
Nov-10,SOUTH GLAMORGAN,LANCASHIRE,Slaughterhouse,38,0
Nov-10,SOUTH GLAMORGAN,LINCOLNSHIRE,Slaughterhouse,39,0
Nov-10,SOUTH GLAMORGAN,MID GLAMORGAN,Slaughterhouse,245,0
Nov-10,SOUTH GLAMORGAN,SOMERSET,Slaughterhouse,27,3
Nov-10,SOUTH GLAMORGAN,WEST GLAMORGAN,Slaughterhouse,25,0
Nov-10,SOUTH GLAMORGAN,,Slaughterhouse,46,0
Nov-10,SOUTH YORKSHIRE,BEDFORDSHIRE,Slaughterhouse,0,5
Nov-10,SOUTH YORKSHIRE,CENTRAL,Slaughterhouse,0,19
Nov-10,SOUTH YORKSHIRE,CHESHIRE,Slaughterhouse,218,0
Nov-10,SOUTH YORKSHIRE,CLEVELAND,Slaughterhouse,0,26
Nov-10,SOUTH YORKSHIRE,DERBYSHIRE,Slaughterhouse,11,1
Nov-10,SOUTH YORKSHIRE,DEVON,Slaughterhouse,0,1
Nov-10,SOUTH YORKSHIRE,DURHAM,Slaughterhouse,0,7
Nov-10,SOUTH YORKSHIRE,ESSEX,Slaughterhouse,0,1
Nov-10,SOUTH YORKSHIRE,GRAMPIAN,Slaughterhouse,0,1
Nov-10,SOUTH YORKSHIRE,GREATER MANCHESTER,Slaughterhouse,0,36
Nov-10,SOUTH YORKSHIRE,HUMBERSIDE,Slaughterhouse,30,3
Nov-10,SOUTH YORKSHIRE,LANCASHIRE,Slaughterhouse,28,2
Nov-10,SOUTH YORKSHIRE,LINCOLNSHIRE,Slaughterhouse,10,9
Nov-10,SOUTH YORKSHIRE,NORFOLK,Slaughterhouse,0,1
Nov-10,SOUTH YORKSHIRE,NORTH YORKSHIRE,Slaughterhouse,0,21
Nov-10,SOUTH YORKSHIRE,NOTTINGHAMSHIRE,Slaughterhouse,2,2
Nov-10,SOUTH YORKSHIRE,OXFORDSHIRE,Slaughterhouse,0,4
Nov-10,SOUTH YORKSHIRE,SOUTH YORKSHIRE,Slaughterhouse,846,35
Nov-10,SOUTH YORKSHIRE,STAFFORDSHIRE,Slaughterhouse,92,20
Nov-10,SOUTH YORKSHIRE,WEST YORKSHIRE,Slaughterhouse,145,50
Nov-10,SOUTH YORKSHIRE,,Slaughterhouse,174,15
Nov-10,STAFFORDSHIRE,AVON,Slaughterhouse,7,40
Nov-10,STAFFORDSHIRE,BEDFORDSHIRE,Slaughterhouse,4,34
Nov-10,STAFFORDSHIRE,CHESHIRE,Slaughterhouse,213,63
Nov-10,STAFFORDSHIRE,CLWYD,Slaughterhouse,0,3
Nov-10,STAFFORDSHIRE,CUMBRIA,Slaughterhouse,3,0
Nov-10,STAFFORDSHIRE,DERBYSHIRE,Slaughterhouse,104,28
Nov-10,STAFFORDSHIRE,DEVON,Slaughterhouse,48,142
Nov-10,STAFFORDSHIRE,DURHAM,Slaughterhouse,7,22
Nov-10,STAFFORDSHIRE,GRAMPIAN,Slaughterhouse,0,7
Nov-10,STAFFORDSHIRE,GREATER MANCHESTER,Slaughterhouse,23,251
Nov-10,STAFFORDSHIRE,GWYNEDD,Slaughterhouse,0,0
Nov-10,STAFFORDSHIRE,HAMPSHIRE,Slaughterhouse,11,13
Nov-10,STAFFORDSHIRE,HEREFORD & WORCESTER,Slaughterhouse,0,1
Nov-10,STAFFORDSHIRE,HUMBERSIDE,Slaughterhouse,60,106
Nov-10,STAFFORDSHIRE,LANCASHIRE,Slaughterhouse,453,89
Nov-10,STAFFORDSHIRE,LINCOLNSHIRE,Slaughterhouse,333,14
Nov-10,STAFFORDSHIRE,MID GLAMORGAN,Slaughterhouse,145,0
Nov-10,STAFFORDSHIRE,NORFOLK,Slaughterhouse,0,3
Nov-10,STAFFORDSHIRE,NOTTINGHAMSHIRE,Slaughterhouse,0,9
Nov-10,STAFFORDSHIRE,OXFORDSHIRE,Slaughterhouse,0,49
Nov-10,STAFFORDSHIRE,SHROPSHIRE,Slaughterhouse,"1,029",101
Nov-10,STAFFORDSHIRE,SOMERSET,Slaughterhouse,277,9
Nov-10,STAFFORDSHIRE,SOUTH YORKSHIRE,Slaughterhouse,188,119
Nov-10,STAFFORDSHIRE,STAFFORDSHIRE,Slaughterhouse,"2,060",364
Nov-10,STAFFORDSHIRE,STRATHCLYDE,Slaughterhouse,0,26
Nov-10,STAFFORDSHIRE,SURREY,Slaughterhouse,12,0
Nov-10,STAFFORDSHIRE,WARWICKSHIRE,Slaughterhouse,0,2
Nov-10,STAFFORDSHIRE,WEST MIDLANDS,Slaughterhouse,0,4
Nov-10,STAFFORDSHIRE,WEST YORKSHIRE,Slaughterhouse,96,163
Nov-10,STAFFORDSHIRE,WILTSHIRE,Slaughterhouse,0,13
Nov-10,STAFFORDSHIRE,,Slaughterhouse,607,182
Nov-10,STRATHCLYDE,BORDERS,Slaughterhouse,4,5
Nov-10,STRATHCLYDE,CENTRAL,Slaughterhouse,876,68
Nov-10,STRATHCLYDE,CUMBRIA,Slaughterhouse,344,195
Nov-10,STRATHCLYDE,DERBYSHIRE,Slaughterhouse,0,11
Nov-10,STRATHCLYDE,DURHAM,Slaughterhouse,0,1
Nov-10,STRATHCLYDE,FIFE,Slaughterhouse,0,3
Nov-10,STRATHCLYDE,GRAMPIAN,Slaughterhouse,105,62
Nov-10,STRATHCLYDE,GWYNEDD,Slaughterhouse,0,0
Nov-10,STRATHCLYDE,HIGHLAND,Slaughterhouse,41,27
Nov-10,STRATHCLYDE,LANCASHIRE,Slaughterhouse,110,125
Nov-10,STRATHCLYDE,SHROPSHIRE,Slaughterhouse,6,8
Nov-10,STRATHCLYDE,SOMERSET,Slaughterhouse,0,0
Nov-10,STRATHCLYDE,SOUTH YORKSHIRE,Slaughterhouse,144,102
Nov-10,STRATHCLYDE,STRATHCLYDE,Slaughterhouse,"3,794",758
Nov-10,STRATHCLYDE,TAYSIDE,Slaughterhouse,671,131
Nov-10,STRATHCLYDE,WEST YORKSHIRE,Slaughterhouse,0,1
Nov-10,STRATHCLYDE,0,Slaughterhouse,820,296
Nov-10,SUFFOLK,BEDFORDSHIRE,Slaughterhouse,145,2
Nov-10,SUFFOLK,ESSEX,Slaughterhouse,43,91
Nov-10,SUFFOLK,GREATER LONDON,Slaughterhouse,0,4
Nov-10,SUFFOLK,HAMPSHIRE,Slaughterhouse,0,25
Nov-10,SUFFOLK,LINCOLNSHIRE,Slaughterhouse,327,2
Nov-10,SUFFOLK,MID GLAMORGAN,Slaughterhouse,50,0
Nov-10,SUFFOLK,NORFOLK,Slaughterhouse,199,54
Nov-10,SUFFOLK,NOTTINGHAMSHIRE,Slaughterhouse,0,1
Nov-10,SUFFOLK,SOMERSET,Slaughterhouse,0,1
Nov-10,SUFFOLK,SOUTH YORKSHIRE,Slaughterhouse,21,7
Nov-10,SUFFOLK,SUFFOLK,Slaughterhouse,312,22
Nov-10,SUFFOLK,WEST YORKSHIRE,Slaughterhouse,0,1
Nov-10,SUFFOLK,WILTSHIRE,Slaughterhouse,9,0
Nov-10,SUFFOLK,0,Slaughterhouse,198,1
Nov-10,SURREY,AVON,Slaughterhouse,0,0
Nov-10,SURREY,BEDFORDSHIRE,Slaughterhouse,0,7
Nov-10,SURREY,DEVON,Slaughterhouse,0,8
Nov-10,SURREY,EAST SUSSEX,Slaughterhouse,9,5
Nov-10,SURREY,ESSEX,Slaughterhouse,0,1
Nov-10,SURREY,HAMPSHIRE,Slaughterhouse,87,13
Nov-10,SURREY,KENT,Slaughterhouse,10,5
Nov-10,SURREY,NORFOLK,Slaughterhouse,0,11
Nov-10,SURREY,OXFORDSHIRE,Slaughterhouse,8,0
Nov-10,SURREY,SOMERSET,Slaughterhouse,22,22
Nov-10,SURREY,SUFFOLK,Slaughterhouse,0,2
Nov-10,SURREY,SURREY,Slaughterhouse,235,0
Nov-10,SURREY,WEST SUSSEX,Slaughterhouse,14,0
Nov-10,SURREY,0,Slaughterhouse,27,2
Nov-10,TAYSIDE,CENTRAL,Slaughterhouse,813,40
Nov-10,TAYSIDE,CUMBRIA,Slaughterhouse,18,8
Nov-10,TAYSIDE,DERBYSHIRE,Slaughterhouse,1,1
Nov-10,TAYSIDE,FIFE,Slaughterhouse,231,78
Nov-10,TAYSIDE,GRAMPIAN,Slaughterhouse,353,16
Nov-10,TAYSIDE,HIGHLAND,Slaughterhouse,2,1
Nov-10,TAYSIDE,HUMBERSIDE,Slaughterhouse,0,0
Nov-10,TAYSIDE,LANCASHIRE,Slaughterhouse,36,13
Nov-10,TAYSIDE,SHROPSHIRE,Slaughterhouse,3,4
Nov-10,TAYSIDE,SOUTH YORKSHIRE,Slaughterhouse,0,1
Nov-10,TAYSIDE,STRATHCLYDE,Slaughterhouse,381,158
Nov-10,TAYSIDE,TAYSIDE,Slaughterhouse,"1,268",7
Nov-10,TAYSIDE,0,Slaughterhouse,74,1
Nov-10,TYNE & WEAR,CENTRAL,Slaughterhouse,77,1
Nov-10,TYNE & WEAR,CLEVELAND,Slaughterhouse,0,11
Nov-10,TYNE & WEAR,CUMBRIA,Slaughterhouse,0,0
Nov-10,TYNE & WEAR,DURHAM,Slaughterhouse,1,8
Nov-10,TYNE & WEAR,GREATER MANCHESTER,Slaughterhouse,0,4
Nov-10,TYNE & WEAR,LANCASHIRE,Slaughterhouse,5,12
Nov-10,TYNE & WEAR,NORTH YORKSHIRE,Slaughterhouse,1,7
Nov-10,TYNE & WEAR,SHROPSHIRE,Slaughterhouse,0,6
Nov-10,TYNE & WEAR,SOUTH YORKSHIRE,Slaughterhouse,19,0
Nov-10,TYNE & WEAR,STAFFORDSHIRE,Slaughterhouse,0,1
Nov-10,TYNE & WEAR,TYNE & WEAR,Slaughterhouse,79,0
Nov-10,TYNE & WEAR,WEST YORKSHIRE,Slaughterhouse,0,1
Nov-10,TYNE & WEAR,0,Slaughterhouse,0,3
Nov-10,WARWICKSHIRE,AVON,Slaughterhouse,0,26
Nov-10,WARWICKSHIRE,BEDFORDSHIRE,Slaughterhouse,113,4
Nov-10,WARWICKSHIRE,CENTRAL,Slaughterhouse,13,0
Nov-10,WARWICKSHIRE,CHESHIRE,Slaughterhouse,0,1
Nov-10,WARWICKSHIRE,CUMBRIA,Slaughterhouse,0,1
Nov-10,WARWICKSHIRE,DERBYSHIRE,Slaughterhouse,1,2
Nov-10,WARWICKSHIRE,DEVON,Slaughterhouse,4,4
Nov-10,WARWICKSHIRE,DURHAM,Slaughterhouse,1,1
Nov-10,WARWICKSHIRE,ESSEX,Slaughterhouse,0,4
Nov-10,WARWICKSHIRE,GLOUCESTERSHIRE,Slaughterhouse,15,1
Nov-10,WARWICKSHIRE,GRAMPIAN,Slaughterhouse,0,6
Nov-10,WARWICKSHIRE,GREATER MANCHESTER,Slaughterhouse,0,17
Nov-10,WARWICKSHIRE,GWYNEDD,Slaughterhouse,8,0
Nov-10,WARWICKSHIRE,HAMPSHIRE,Slaughterhouse,2,0
Nov-10,WARWICKSHIRE,HEREFORD & WORCESTER,Slaughterhouse,18,4
Nov-10,WARWICKSHIRE,HIGHLAND,Slaughterhouse,0,7
Nov-10,WARWICKSHIRE,LANCASHIRE,Slaughterhouse,65,20
Nov-10,WARWICKSHIRE,LEICESTERSHIRE,Slaughterhouse,63,17
Nov-10,WARWICKSHIRE,LINCOLNSHIRE,Slaughterhouse,484,59
Nov-10,WARWICKSHIRE,MID GLAMORGAN,Slaughterhouse,305,0
Nov-10,WARWICKSHIRE,NORFOLK,Slaughterhouse,0,9
Nov-10,WARWICKSHIRE,NORTH YORKSHIRE,Slaughterhouse,8,15
Nov-10,WARWICKSHIRE,NOTTINGHAMSHIRE,Slaughterhouse,0,13
Nov-10,WARWICKSHIRE,OXFORDSHIRE,Slaughterhouse,95,68
Nov-10,WARWICKSHIRE,SHROPSHIRE,Slaughterhouse,80,16
Nov-10,WARWICKSHIRE,SOMERSET,Slaughterhouse,5,0
Nov-10,WARWICKSHIRE,SOUTH YORKSHIRE,Slaughterhouse,22,17
Nov-10,WARWICKSHIRE,STAFFORDSHIRE,Slaughterhouse,99,47
Nov-10,WARWICKSHIRE,STRATHCLYDE,Slaughterhouse,0,1
Nov-10,WARWICKSHIRE,SURREY,Slaughterhouse,110,0
Nov-10,WARWICKSHIRE,WARWICKSHIRE,Slaughterhouse,129,5
Nov-10,WARWICKSHIRE,WEST MIDLANDS,Slaughterhouse,13,3
Nov-10,WARWICKSHIRE,WEST YORKSHIRE,Slaughterhouse,1,5
Nov-10,WARWICKSHIRE,WILTSHIRE,Slaughterhouse,5,14
Nov-10,WARWICKSHIRE,0,Slaughterhouse,234,48
Nov-10,WESTERN ISLES,CUMBRIA,Slaughterhouse,1,1
Nov-10,WESTERN ISLES,GRAMPIAN,Slaughterhouse,0,4
Nov-10,WESTERN ISLES,HIGHLAND,Slaughterhouse,0,7
Nov-10,WESTERN ISLES,WESTERN ISLES,Slaughterhouse,7,0
Nov-10,WESTERN ISLES,0,Slaughterhouse,53,10
Nov-10,WEST GLAMORGAN,AVON,Slaughterhouse,0,12
Nov-10,WEST GLAMORGAN,BEDFORDSHIRE,Slaughterhouse,0,9
Nov-10,WEST GLAMORGAN,CHESHIRE,Slaughterhouse,0,1
Nov-10,WEST GLAMORGAN,DEVON,Slaughterhouse,26,10
Nov-10,WEST GLAMORGAN,DYFED,Slaughterhouse,39,2
Nov-10,WEST GLAMORGAN,GLOUCESTERSHIRE,Slaughterhouse,1,0
Nov-10,WEST GLAMORGAN,GREATER MANCHESTER,Slaughterhouse,0,11
Nov-10,WEST GLAMORGAN,HAMPSHIRE,Slaughterhouse,0,2
Nov-10,WEST GLAMORGAN,LANCASHIRE,Slaughterhouse,5,3
Nov-10,WEST GLAMORGAN,LINCOLNSHIRE,Slaughterhouse,20,0
Nov-10,WEST GLAMORGAN,MID GLAMORGAN,Slaughterhouse,76,0
Nov-10,WEST GLAMORGAN,SHROPSHIRE,Slaughterhouse,2,3
Nov-10,WEST GLAMORGAN,SOMERSET,Slaughterhouse,15,0
Nov-10,WEST GLAMORGAN,STAFFORDSHIRE,Slaughterhouse,10,6
Nov-10,WEST GLAMORGAN,SURREY,Slaughterhouse,14,0
Nov-10,WEST GLAMORGAN,WEST GLAMORGAN,Slaughterhouse,57,0
Nov-10,WEST GLAMORGAN,0,Slaughterhouse,30,1
Nov-10,WEST MIDLANDS,AVON,Slaughterhouse,0,2
Nov-10,WEST MIDLANDS,BEDFORDSHIRE,Slaughterhouse,0,4
Nov-10,WEST MIDLANDS,CHESHIRE,Slaughterhouse,0,1
Nov-10,WEST MIDLANDS,DERBYSHIRE,Slaughterhouse,0,3
Nov-10,WEST MIDLANDS,DEVON,Slaughterhouse,0,1
Nov-10,WEST MIDLANDS,GREATER MANCHESTER,Slaughterhouse,0,2
Nov-10,WEST MIDLANDS,LANCASHIRE,Slaughterhouse,0,2
Nov-10,WEST MIDLANDS,LEICESTERSHIRE,Slaughterhouse,5,0
Nov-10,WEST MIDLANDS,LINCOLNSHIRE,Slaughterhouse,0,7
Nov-10,WEST MIDLANDS,MID GLAMORGAN,Slaughterhouse,9,0
Nov-10,WEST MIDLANDS,NORTH YORKSHIRE,Slaughterhouse,0,1
Nov-10,WEST MIDLANDS,OXFORDSHIRE,Slaughterhouse,0,12
Nov-10,WEST MIDLANDS,SHROPSHIRE,Slaughterhouse,0,5
Nov-10,WEST MIDLANDS,SOUTH YORKSHIRE,Slaughterhouse,2,0
Nov-10,WEST MIDLANDS,STAFFORDSHIRE,Slaughterhouse,5,14
Nov-10,WEST MIDLANDS,STRATHCLYDE,Slaughterhouse,0,1
Nov-10,WEST MIDLANDS,WARWICKSHIRE,Slaughterhouse,10,0
Nov-10,WEST MIDLANDS,WEST MIDLANDS,Slaughterhouse,0,2
Nov-10,WEST MIDLANDS,WEST YORKSHIRE,Slaughterhouse,1,1
Nov-10,WEST MIDLANDS,0,Slaughterhouse,42,4
Nov-10,WEST SUSSEX,AVON,Slaughterhouse,24,0
Nov-10,WEST SUSSEX,BEDFORDSHIRE,Slaughterhouse,33,2
Nov-10,WEST SUSSEX,CENTRAL,Slaughterhouse,23,0
Nov-10,WEST SUSSEX,CUMBRIA,Slaughterhouse,0,4
Nov-10,WEST SUSSEX,DEVON,Slaughterhouse,0,6
Nov-10,WEST SUSSEX,EAST SUSSEX,Slaughterhouse,20,11
Nov-10,WEST SUSSEX,ESSEX,Slaughterhouse,0,7
Nov-10,WEST SUSSEX,GREATER LONDON,Slaughterhouse,8,0
Nov-10,WEST SUSSEX,HAMPSHIRE,Slaughterhouse,59,5
Nov-10,WEST SUSSEX,KENT,Slaughterhouse,63,10
Nov-10,WEST SUSSEX,LINCOLNSHIRE,Slaughterhouse,157,0
Nov-10,WEST SUSSEX,NORFOLK,Slaughterhouse,0,12
Nov-10,WEST SUSSEX,OXFORDSHIRE,Slaughterhouse,2,0
Nov-10,WEST SUSSEX,SOMERSET,Slaughterhouse,561,49
Nov-10,WEST SUSSEX,SUFFOLK,Slaughterhouse,17,1
Nov-10,WEST SUSSEX,SURREY,Slaughterhouse,302,0
Nov-10,WEST SUSSEX,WEST SUSSEX,Slaughterhouse,74,0
Nov-10,WEST SUSSEX,WEST YORKSHIRE,Slaughterhouse,0,1
Nov-10,WEST SUSSEX,0,Slaughterhouse,19,8
Nov-10,WEST YORKSHIRE,BEDFORDSHIRE,Slaughterhouse,1,0
Nov-10,WEST YORKSHIRE,CENTRAL,Slaughterhouse,0,4
Nov-10,WEST YORKSHIRE,CHESHIRE,Slaughterhouse,0,3
Nov-10,WEST YORKSHIRE,CLEVELAND,Slaughterhouse,2,94
Nov-10,WEST YORKSHIRE,CUMBRIA,Slaughterhouse,12,9
Nov-10,WEST YORKSHIRE,DEVON,Slaughterhouse,0,1
Nov-10,WEST YORKSHIRE,DURHAM,Slaughterhouse,63,48
Nov-10,WEST YORKSHIRE,GREATER MANCHESTER,Slaughterhouse,75,96
Nov-10,WEST YORKSHIRE,HIGHLAND,Slaughterhouse,0,3
Nov-10,WEST YORKSHIRE,HUMBERSIDE,Slaughterhouse,43,25
Nov-10,WEST YORKSHIRE,LANCASHIRE,Slaughterhouse,263,33
Nov-10,WEST YORKSHIRE,LINCOLNSHIRE,Slaughterhouse,25,3
Nov-10,WEST YORKSHIRE,NORTH YORKSHIRE,Slaughterhouse,135,34
Nov-10,WEST YORKSHIRE,SHROPSHIRE,Slaughterhouse,0,1
Nov-10,WEST YORKSHIRE,SOMERSET,Slaughterhouse,0,0
Nov-10,WEST YORKSHIRE,SOUTH YORKSHIRE,Slaughterhouse,371,34
Nov-10,WEST YORKSHIRE,STRATHCLYDE,Slaughterhouse,2,0
Nov-10,WEST YORKSHIRE,TYNE & WEAR,Slaughterhouse,26,0
Nov-10,WEST YORKSHIRE,WEST YORKSHIRE,Slaughterhouse,866,239
Nov-10,WEST YORKSHIRE,0,Slaughterhouse,58,10
Nov-10,WILTSHIRE,AVON,Slaughterhouse,"1,172",16
Nov-10,WILTSHIRE,BEDFORDSHIRE,Slaughterhouse,145,0
Nov-10,WILTSHIRE,CENTRAL,Slaughterhouse,25,0
Nov-10,WILTSHIRE,CUMBRIA,Slaughterhouse,0,2
Nov-10,WILTSHIRE,DEVON,Slaughterhouse,85,37
Nov-10,WILTSHIRE,DORSET,Slaughterhouse,24,0
Nov-10,WILTSHIRE,GLOUCESTERSHIRE,Slaughterhouse,22,76
Nov-10,WILTSHIRE,GWYNEDD,Slaughterhouse,17,0
Nov-10,WILTSHIRE,HAMPSHIRE,Slaughterhouse,21,0
Nov-10,WILTSHIRE,KENT,Slaughterhouse,0,1
Nov-10,WILTSHIRE,LANCASHIRE,Slaughterhouse,4,6
Nov-10,WILTSHIRE,LINCOLNSHIRE,Slaughterhouse,123,2
Nov-10,WILTSHIRE,MID GLAMORGAN,Slaughterhouse,286,0
Nov-10,WILTSHIRE,NORFOLK,Slaughterhouse,13,10
Nov-10,WILTSHIRE,OXFORDSHIRE,Slaughterhouse,39,13
Nov-10,WILTSHIRE,SHROPSHIRE,Slaughterhouse,5,0
Nov-10,WILTSHIRE,SOMERSET,Slaughterhouse,722,38
Nov-10,WILTSHIRE,SOUTH YORKSHIRE,Slaughterhouse,71,2
Nov-10,WILTSHIRE,SURREY,Slaughterhouse,88,0
Nov-10,WILTSHIRE,WARWICKSHIRE,Slaughterhouse,2,0
Nov-10,WILTSHIRE,WILTSHIRE,Slaughterhouse,433,17
Nov-10,WILTSHIRE,0,Slaughterhouse,211,80
Nov-10,0,CUMBRIA,Slaughterhouse,0,6
Nov-10,0,GRAMPIAN,Slaughterhouse,1,1
Nov-10,0,HIGHLAND,Slaughterhouse,1,0
Nov-10,0,LANCASHIRE,Slaughterhouse,6,1
Nov-10,0,MID GLAMORGAN,Slaughterhouse,2,0
Nov-10,0,ORKNEY,Slaughterhouse,1,0
Nov-10,0,SHETLAND,Slaughterhouse,2,0
Nov-10,0,SHROPSHIRE,Slaughterhouse,0,2
Nov-10,0,SOMERSET,Slaughterhouse,18,0
Nov-10,0,SOUTH YORKSHIRE,Slaughterhouse,0,3
Nov-10,0,STAFFORDSHIRE,Slaughterhouse,0,0
Nov-10,0,STRATHCLYDE,Slaughterhouse,0,3
Nov-10,0,TAYSIDE,Slaughterhouse,12,0
Dec-10,AVON,AVON,Slaughterhouse,723,2
Dec-10,AVON,BEDFORDSHIRE,Slaughterhouse,53,1
Dec-10,AVON,CORNWALL,Slaughterhouse,0,14
Dec-10,AVON,DEVON,Slaughterhouse,0,10
Dec-10,AVON,DYFED,Slaughterhouse,0,1
Dec-10,AVON,ESSEX,Slaughterhouse,0,1
Dec-10,AVON,GLOUCESTERSHIRE,Slaughterhouse,9,30
Dec-10,AVON,KENT,Slaughterhouse,0,1
Dec-10,AVON,LANCASHIRE,Slaughterhouse,9,5
Dec-10,AVON,LINCOLNSHIRE,Slaughterhouse,129,5
Dec-10,AVON,MID GLAMORGAN,Slaughterhouse,188,0
Dec-10,AVON,OXFORDSHIRE,Slaughterhouse,0,20
Dec-10,AVON,SHROPSHIRE,Slaughterhouse,24,0
Dec-10,AVON,SOMERSET,Slaughterhouse,138,13
Dec-10,AVON,SOUTH YORKSHIRE,Slaughterhouse,0,0
Dec-10,AVON,STAFFORDSHIRE,Slaughterhouse,29,17
Dec-10,AVON,SURREY,Slaughterhouse,0,0
Dec-10,AVON,WEST GLAMORGAN,Slaughterhouse,1,0
Dec-10,AVON,WILTSHIRE,Slaughterhouse,949,11
Dec-10,AVON,0,Slaughterhouse,46,15
Dec-10,BEDFORDSHIRE,BEDFORDSHIRE,Slaughterhouse,302,0
Dec-10,BEDFORDSHIRE,CAMBRIDGESHIRE,Slaughterhouse,5,0
Dec-10,BEDFORDSHIRE,GREATER LONDON,Slaughterhouse,13,0
Dec-10,BEDFORDSHIRE,LANCASHIRE,Slaughterhouse,1,0
Dec-10,BEDFORDSHIRE,LINCOLNSHIRE,Slaughterhouse,91,0
Dec-10,BEDFORDSHIRE,OXFORDSHIRE,Slaughterhouse,8,4
Dec-10,BEDFORDSHIRE,SURREY,Slaughterhouse,17,0
Dec-10,BERKSHIRE,AVON,Slaughterhouse,77,0
Dec-10,BERKSHIRE,BEDFORDSHIRE,Slaughterhouse,24,0
Dec-10,BERKSHIRE,CENTRAL,Slaughterhouse,19,0
Dec-10,BERKSHIRE,GLOUCESTERSHIRE,Slaughterhouse,0,1
Dec-10,BERKSHIRE,HAMPSHIRE,Slaughterhouse,205,0
Dec-10,BERKSHIRE,LINCOLNSHIRE,Slaughterhouse,52,0
Dec-10,BERKSHIRE,MID GLAMORGAN,Slaughterhouse,41,6
Dec-10,BERKSHIRE,OXFORDSHIRE,Slaughterhouse,19,1
Dec-10,BERKSHIRE,SOMERSET,Slaughterhouse,101,0
Dec-10,BERKSHIRE,SOUTH YORKSHIRE,Slaughterhouse,0,8
Dec-10,BERKSHIRE,SURREY,Slaughterhouse,68,0
Dec-10,BERKSHIRE,WILTSHIRE,Slaughterhouse,3,3
Dec-10,BERKSHIRE,0,Slaughterhouse,1,0
Dec-10,BORDERS,BORDERS,Slaughterhouse,275,140
Dec-10,BORDERS,CENTRAL,Slaughterhouse,"1,247",30
Dec-10,BORDERS,CUMBRIA,Slaughterhouse,86,18
Dec-10,BORDERS,DURHAM,Slaughterhouse,9,5
Dec-10,BORDERS,GRAMPIAN,Slaughterhouse,411,43
Dec-10,BORDERS,HIGHLAND,Slaughterhouse,40,19
Dec-10,BORDERS,HUMBERSIDE,Slaughterhouse,4,2
Dec-10,BORDERS,LANCASHIRE,Slaughterhouse,27,3
Dec-10,BORDERS,SHROPSHIRE,Slaughterhouse,47,34
Dec-10,BORDERS,SOUTH YORKSHIRE,Slaughterhouse,109,0
Dec-10,BORDERS,STRATHCLYDE,Slaughterhouse,"1,273",143
Dec-10,BORDERS,TAYSIDE,Slaughterhouse,223,57
Dec-10,BORDERS,TYNE & WEAR,Slaughterhouse,63,2
Dec-10,BORDERS,WEST YORKSHIRE,Slaughterhouse,90,62
Dec-10,BORDERS,0,Slaughterhouse,53,13
Dec-10,BUCKINGHAMSHIRE,AVON,Slaughterhouse,35,0
Dec-10,BUCKINGHAMSHIRE,BEDFORDSHIRE,Slaughterhouse,478,0
Dec-10,BUCKINGHAMSHIRE,CENTRAL,Slaughterhouse,118,0
Dec-10,BUCKINGHAMSHIRE,DEVON,Slaughterhouse,0,2
Dec-10,BUCKINGHAMSHIRE,DYFED,Slaughterhouse,1,0
Dec-10,BUCKINGHAMSHIRE,GRAMPIAN,Slaughterhouse,0,2
Dec-10,BUCKINGHAMSHIRE,GREATER LONDON,Slaughterhouse,33,0
Dec-10,BUCKINGHAMSHIRE,GREATER MANCHESTER,Slaughterhouse,0,2
Dec-10,BUCKINGHAMSHIRE,HAMPSHIRE,Slaughterhouse,16,0
Dec-10,BUCKINGHAMSHIRE,HIGHLAND,Slaughterhouse,0,2
Dec-10,BUCKINGHAMSHIRE,HUMBERSIDE,Slaughterhouse,0,1
Dec-10,BUCKINGHAMSHIRE,LANCASHIRE,Slaughterhouse,202,1
Dec-10,BUCKINGHAMSHIRE,LEICESTERSHIRE,Slaughterhouse,1,2
Dec-10,BUCKINGHAMSHIRE,LINCOLNSHIRE,Slaughterhouse,394,17
Dec-10,BUCKINGHAMSHIRE,MID GLAMORGAN,Slaughterhouse,121,2
Dec-10,BUCKINGHAMSHIRE,NORFOLK,Slaughterhouse,0,4
Dec-10,BUCKINGHAMSHIRE,NORTH YORKSHIRE,Slaughterhouse,0,2
Dec-10,BUCKINGHAMSHIRE,NOTTINGHAMSHIRE,Slaughterhouse,0,4
Dec-10,BUCKINGHAMSHIRE,OXFORDSHIRE,Slaughterhouse,50,6
Dec-10,BUCKINGHAMSHIRE,SHROPSHIRE,Slaughterhouse,10,2
Dec-10,BUCKINGHAMSHIRE,SOUTH YORKSHIRE,Slaughterhouse,50,42
Dec-10,BUCKINGHAMSHIRE,STAFFORDSHIRE,Slaughterhouse,0,18
Dec-10,BUCKINGHAMSHIRE,SURREY,Slaughterhouse,139,0
Dec-10,BUCKINGHAMSHIRE,WEST YORKSHIRE,Slaughterhouse,0,2
Dec-10,BUCKINGHAMSHIRE,WILTSHIRE,Slaughterhouse,14,0
Dec-10,BUCKINGHAMSHIRE,0,Slaughterhouse,46,10
Dec-10,CAMBRIDGESHIRE,BEDFORDSHIRE,Slaughterhouse,171,2
Dec-10,CAMBRIDGESHIRE,CAMBRIDGESHIRE,Slaughterhouse,24,0
Dec-10,CAMBRIDGESHIRE,DERBYSHIRE,Slaughterhouse,3,0
Dec-10,CAMBRIDGESHIRE,DEVON,Slaughterhouse,0,1
Dec-10,CAMBRIDGESHIRE,ESSEX,Slaughterhouse,6,12
Dec-10,CAMBRIDGESHIRE,GRAMPIAN,Slaughterhouse,0,5
Dec-10,CAMBRIDGESHIRE,GREATER MANCHESTER,Slaughterhouse,0,15
Dec-10,CAMBRIDGESHIRE,HAMPSHIRE,Slaughterhouse,0,3
Dec-10,CAMBRIDGESHIRE,HIGHLAND,Slaughterhouse,0,1
Dec-10,CAMBRIDGESHIRE,LANCASHIRE,Slaughterhouse,0,7
Dec-10,CAMBRIDGESHIRE,LINCOLNSHIRE,Slaughterhouse,511,11
Dec-10,CAMBRIDGESHIRE,MID GLAMORGAN,Slaughterhouse,41,0
Dec-10,CAMBRIDGESHIRE,NORFOLK,Slaughterhouse,22,18
Dec-10,CAMBRIDGESHIRE,NORTH YORKSHIRE,Slaughterhouse,0,2
Dec-10,CAMBRIDGESHIRE,NOTTINGHAMSHIRE,Slaughterhouse,0,4
Dec-10,CAMBRIDGESHIRE,OXFORDSHIRE,Slaughterhouse,0,4
Dec-10,CAMBRIDGESHIRE,SHROPSHIRE,Slaughterhouse,13,3
Dec-10,CAMBRIDGESHIRE,SOUTH YORKSHIRE,Slaughterhouse,4,0
Dec-10,CAMBRIDGESHIRE,STAFFORDSHIRE,Slaughterhouse,0,4
Dec-10,CAMBRIDGESHIRE,STRATHCLYDE,Slaughterhouse,0,2
Dec-10,CAMBRIDGESHIRE,SUFFOLK,Slaughterhouse,2,0
Dec-10,CAMBRIDGESHIRE,WEST YORKSHIRE,Slaughterhouse,0,5
Dec-10,CAMBRIDGESHIRE,0,Slaughterhouse,2,21
Dec-10,CENTRAL,CENTRAL,Slaughterhouse,678,50
Dec-10,CENTRAL,CUMBRIA,Slaughterhouse,9,0
Dec-10,CENTRAL,DURHAM,Slaughterhouse,0,0
Dec-10,CENTRAL,FIFE,Slaughterhouse,6,0
Dec-10,CENTRAL,GRAMPIAN,Slaughterhouse,153,30
Dec-10,CENTRAL,HIGHLAND,Slaughterhouse,65,4
Dec-10,CENTRAL,LANCASHIRE,Slaughterhouse,75,20
Dec-10,CENTRAL,LINCOLNSHIRE,Slaughterhouse,1,1
Dec-10,CENTRAL,SHROPSHIRE,Slaughterhouse,35,10
Dec-10,CENTRAL,SOUTH YORKSHIRE,Slaughterhouse,9,3
Dec-10,CENTRAL,STRATHCLYDE,Slaughterhouse,546,166
Dec-10,CENTRAL,TAYSIDE,Slaughterhouse,240,21
Dec-10,CENTRAL,0,Slaughterhouse,22,4
Dec-10,CHESHIRE,AVON,Slaughterhouse,122,54
Dec-10,CHESHIRE,BEDFORDSHIRE,Slaughterhouse,5,2
Dec-10,CHESHIRE,CHESHIRE,Slaughterhouse,836,98
Dec-10,CHESHIRE,CLWYD,Slaughterhouse,29,57
Dec-10,CHESHIRE,CUMBRIA,Slaughterhouse,20,0
Dec-10,CHESHIRE,DERBYSHIRE,Slaughterhouse,91,2
Dec-10,CHESHIRE,DEVON,Slaughterhouse,111,71
Dec-10,CHESHIRE,DURHAM,Slaughterhouse,5,4
Dec-10,CHESHIRE,GREATER MANCHESTER,Slaughterhouse,199,106
Dec-10,CHESHIRE,GWYNEDD,Slaughterhouse,0,1
Dec-10,CHESHIRE,HUMBERSIDE,Slaughterhouse,97,89
Dec-10,CHESHIRE,LANCASHIRE,Slaughterhouse,730,60
Dec-10,CHESHIRE,LINCOLNSHIRE,Slaughterhouse,85,0
Dec-10,CHESHIRE,MERSEYSIDE,Slaughterhouse,2,0
Dec-10,CHESHIRE,MID GLAMORGAN,Slaughterhouse,24,0
Dec-10,CHESHIRE,NORFOLK,Slaughterhouse,11,8
Dec-10,CHESHIRE,OXFORDSHIRE,Slaughterhouse,4,1
Dec-10,CHESHIRE,SHROPSHIRE,Slaughterhouse,598,149
Dec-10,CHESHIRE,SOMERSET,Slaughterhouse,11,0
Dec-10,CHESHIRE,SOUTH YORKSHIRE,Slaughterhouse,24,8
Dec-10,CHESHIRE,STAFFORDSHIRE,Slaughterhouse,500,362
Dec-10,CHESHIRE,STRATHCLYDE,Slaughterhouse,168,13
Dec-10,CHESHIRE,SURREY,Slaughterhouse,27,0
Dec-10,CHESHIRE,WEST MIDLANDS,Slaughterhouse,0,16
Dec-10,CHESHIRE,WEST YORKSHIRE,Slaughterhouse,172,116
Dec-10,CHESHIRE,WILTSHIRE,Slaughterhouse,0,14
Dec-10,CHESHIRE,0,Slaughterhouse,366,131
Dec-10,CLEVELAND,CENTRAL,Slaughterhouse,0,6
Dec-10,CLEVELAND,CLEVELAND,Slaughterhouse,21,54
Dec-10,CLEVELAND,CUMBRIA,Slaughterhouse,0,10
Dec-10,CLEVELAND,DURHAM,Slaughterhouse,33,60
Dec-10,CLEVELAND,GREATER MANCHESTER,Slaughterhouse,0,28
Dec-10,CLEVELAND,HUMBERSIDE,Slaughterhouse,44,7
Dec-10,CLEVELAND,LANCASHIRE,Slaughterhouse,84,11
Dec-10,CLEVELAND,LINCOLNSHIRE,Slaughterhouse,0,9
Dec-10,CLEVELAND,NORTH YORKSHIRE,Slaughterhouse,9,9
Dec-10,CLEVELAND,STAFFORDSHIRE,Slaughterhouse,0,6
Dec-10,CLEVELAND,WEST YORKSHIRE,Slaughterhouse,1,29
Dec-10,CLEVELAND,0,Slaughterhouse,0,3
Dec-10,CLWYD,AVON,Slaughterhouse,44,41
Dec-10,CLWYD,BEDFORDSHIRE,Slaughterhouse,10,22
Dec-10,CLWYD,CHESHIRE,Slaughterhouse,162,54
Dec-10,CLWYD,CLWYD,Slaughterhouse,539,110
Dec-10,CLWYD,CUMBRIA,Slaughterhouse,3,0
Dec-10,CLWYD,DERBYSHIRE,Slaughterhouse,8,6
Dec-10,CLWYD,DEVON,Slaughterhouse,14,34
Dec-10,CLWYD,DURHAM,Slaughterhouse,3,9
Dec-10,CLWYD,DYFED,Slaughterhouse,9,8
Dec-10,CLWYD,GREATER MANCHESTER,Slaughterhouse,77,76
Dec-10,CLWYD,GWYNEDD,Slaughterhouse,102,110
Dec-10,CLWYD,HUMBERSIDE,Slaughterhouse,48,45
Dec-10,CLWYD,LANCASHIRE,Slaughterhouse,840,155
Dec-10,CLWYD,LINCOLNSHIRE,Slaughterhouse,84,0
Dec-10,CLWYD,MID GLAMORGAN,Slaughterhouse,25,0
Dec-10,CLWYD,NORFOLK,Slaughterhouse,42,20
Dec-10,CLWYD,OXFORDSHIRE,Slaughterhouse,1,2
Dec-10,CLWYD,POWYS,Slaughterhouse,14,0
Dec-10,CLWYD,SHROPSHIRE,Slaughterhouse,"1,166",102
Dec-10,CLWYD,SOMERSET,Slaughterhouse,2,0
Dec-10,CLWYD,SOUTH YORKSHIRE,Slaughterhouse,89,38
Dec-10,CLWYD,STAFFORDSHIRE,Slaughterhouse,60,78
Dec-10,CLWYD,STRATHCLYDE,Slaughterhouse,7,3
Dec-10,CLWYD,TYNE & WEAR,Slaughterhouse,27,14
Dec-10,CLWYD,WEST MIDLANDS,Slaughterhouse,0,3
Dec-10,CLWYD,WEST YORKSHIRE,Slaughterhouse,122,111
Dec-10,CLWYD,WILTSHIRE,Slaughterhouse,0,3
Dec-10,CLWYD,0,Slaughterhouse,196,105
Dec-10,CORNWALL,AVON,Slaughterhouse,6,1
Dec-10,CORNWALL,BEDFORDSHIRE,Slaughterhouse,49,2
Dec-10,CORNWALL,BORDERS,Slaughterhouse,6,0
Dec-10,CORNWALL,CORNWALL,Slaughterhouse,"4,975",353
Dec-10,CORNWALL,DEVON,Slaughterhouse,464,234
Dec-10,CORNWALL,DORSET,Slaughterhouse,5,0
Dec-10,CORNWALL,GLOUCESTERSHIRE,Slaughterhouse,0,1
Dec-10,CORNWALL,LANCASHIRE,Slaughterhouse,277,6
Dec-10,CORNWALL,LINCOLNSHIRE,Slaughterhouse,0,1
Dec-10,CORNWALL,MID GLAMORGAN,Slaughterhouse,85,0
Dec-10,CORNWALL,NOTTINGHAMSHIRE,Slaughterhouse,0,1
Dec-10,CORNWALL,SHROPSHIRE,Slaughterhouse,177,18
Dec-10,CORNWALL,SOMERSET,Slaughterhouse,125,25
Dec-10,CORNWALL,SOUTH YORKSHIRE,Slaughterhouse,117,4
Dec-10,CORNWALL,STAFFORDSHIRE,Slaughterhouse,3,0
Dec-10,CORNWALL,WILTSHIRE,Slaughterhouse,0,8
Dec-10,CORNWALL,0,Slaughterhouse,2,74
Dec-10,CUMBRIA,CENTRAL,Slaughterhouse,473,138
Dec-10,CUMBRIA,CHESHIRE,Slaughterhouse,20,19
Dec-10,CUMBRIA,CLEVELAND,Slaughterhouse,340,276
Dec-10,CUMBRIA,CLWYD,Slaughterhouse,0,9
Dec-10,CUMBRIA,CORNWALL,Slaughterhouse,1,1
Dec-10,CUMBRIA,CUMBRIA,Slaughterhouse,"1,610",280
Dec-10,CUMBRIA,DUMFRIES & GALLOWAY,Slaughterhouse,15,8
Dec-10,CUMBRIA,DURHAM,Slaughterhouse,218,165
Dec-10,CUMBRIA,DYFED,Slaughterhouse,0,1
Dec-10,CUMBRIA,GRAMPIAN,Slaughterhouse,2,2
Dec-10,CUMBRIA,GREATER MANCHESTER,Slaughterhouse,259,258
Dec-10,CUMBRIA,GWYNEDD,Slaughterhouse,1,1
Dec-10,CUMBRIA,HUMBERSIDE,Slaughterhouse,25,15
Dec-10,CUMBRIA,LANCASHIRE,Slaughterhouse,"2,512",509
Dec-10,CUMBRIA,LINCOLNSHIRE,Slaughterhouse,42,0
Dec-10,CUMBRIA,MID GLAMORGAN,Slaughterhouse,21,0
Dec-10,CUMBRIA,NORTH YORKSHIRE,Slaughterhouse,182,114
Dec-10,CUMBRIA,SHROPSHIRE,Slaughterhouse,32,16
Dec-10,CUMBRIA,SOUTH YORKSHIRE,Slaughterhouse,23,13
Dec-10,CUMBRIA,STAFFORDSHIRE,Slaughterhouse,2,1
Dec-10,CUMBRIA,STRATHCLYDE,Slaughterhouse,343,97
Dec-10,CUMBRIA,TAYSIDE,Slaughterhouse,65,1
Dec-10,CUMBRIA,TYNE & WEAR,Slaughterhouse,49,0
Dec-10,CUMBRIA,WEST YORKSHIRE,Slaughterhouse,200,161
Dec-10,CUMBRIA,WILTSHIRE,Slaughterhouse,0,30
Dec-10,CUMBRIA,0,Slaughterhouse,159,101
Dec-10,DERBYSHIRE,AVON,Slaughterhouse,1,0
Dec-10,DERBYSHIRE,BEDFORDSHIRE,Slaughterhouse,51,36
Dec-10,DERBYSHIRE,CHESHIRE,Slaughterhouse,9,0
Dec-10,DERBYSHIRE,CLWYD,Slaughterhouse,0,1
Dec-10,DERBYSHIRE,DERBYSHIRE,Slaughterhouse,445,51
Dec-10,DERBYSHIRE,DEVON,Slaughterhouse,112,78
Dec-10,DERBYSHIRE,ESSEX,Slaughterhouse,0,2
Dec-10,DERBYSHIRE,GRAMPIAN,Slaughterhouse,0,6
Dec-10,DERBYSHIRE,GREATER MANCHESTER,Slaughterhouse,45,48
Dec-10,DERBYSHIRE,HIGHLAND,Slaughterhouse,0,1
Dec-10,DERBYSHIRE,HUMBERSIDE,Slaughterhouse,35,22
Dec-10,DERBYSHIRE,LANCASHIRE,Slaughterhouse,241,41
Dec-10,DERBYSHIRE,LINCOLNSHIRE,Slaughterhouse,250,49
Dec-10,DERBYSHIRE,MID GLAMORGAN,Slaughterhouse,84,4
Dec-10,DERBYSHIRE,NORFOLK,Slaughterhouse,0,3
Dec-10,DERBYSHIRE,NORTH YORKSHIRE,Slaughterhouse,11,2
Dec-10,DERBYSHIRE,NOTTINGHAMSHIRE,Slaughterhouse,20,13
Dec-10,DERBYSHIRE,OXFORDSHIRE,Slaughterhouse,147,110
Dec-10,DERBYSHIRE,SHROPSHIRE,Slaughterhouse,153,58
Dec-10,DERBYSHIRE,SOUTH YORKSHIRE,Slaughterhouse,627,77
Dec-10,DERBYSHIRE,STAFFORDSHIRE,Slaughterhouse,733,318
Dec-10,DERBYSHIRE,STRATHCLYDE,Slaughterhouse,12,14
Dec-10,DERBYSHIRE,WEST MIDLANDS,Slaughterhouse,0,1
Dec-10,DERBYSHIRE,WEST YORKSHIRE,Slaughterhouse,208,70
Dec-10,DERBYSHIRE,WILTSHIRE,Slaughterhouse,0,1
Dec-10,DERBYSHIRE,0,Slaughterhouse,234,58
Dec-10,DEVON,AVON,Slaughterhouse,80,5
Dec-10,DEVON,BEDFORDSHIRE,Slaughterhouse,50,10
Dec-10,DEVON,CORNWALL,Slaughterhouse,"3,864",117
Dec-10,DEVON,DEVON,Slaughterhouse,"2,380",236
Dec-10,DEVON,DORSET,Slaughterhouse,33,2
Dec-10,DEVON,DYFED,Slaughterhouse,0,1
Dec-10,DEVON,ESSEX,Slaughterhouse,4,3
Dec-10,DEVON,GLOUCESTERSHIRE,Slaughterhouse,62,29
Dec-10,DEVON,KENT,Slaughterhouse,0,2
Dec-10,DEVON,LANCASHIRE,Slaughterhouse,169,78
Dec-10,DEVON,LINCOLNSHIRE,Slaughterhouse,432,45
Dec-10,DEVON,MID GLAMORGAN,Slaughterhouse,113,0
Dec-10,DEVON,OXFORDSHIRE,Slaughterhouse,0,7
Dec-10,DEVON,SHROPSHIRE,Slaughterhouse,703,466
Dec-10,DEVON,SOMERSET,Slaughterhouse,"2,724",130
Dec-10,DEVON,SOUTH YORKSHIRE,Slaughterhouse,41,0
Dec-10,DEVON,STAFFORDSHIRE,Slaughterhouse,10,0
Dec-10,DEVON,SURREY,Slaughterhouse,46,0
Dec-10,DEVON,WARWICKSHIRE,Slaughterhouse,0,1
Dec-10,DEVON,WILTSHIRE,Slaughterhouse,52,47
Dec-10,DEVON,0,Slaughterhouse,644,422
Dec-10,DORSET,AVON,Slaughterhouse,180,0
Dec-10,DORSET,BEDFORDSHIRE,Slaughterhouse,0,7
Dec-10,DORSET,CORNWALL,Slaughterhouse,36,2
Dec-10,DORSET,DEVON,Slaughterhouse,39,50
Dec-10,DORSET,DORSET,Slaughterhouse,411,3
Dec-10,DORSET,DURHAM,Slaughterhouse,0,1
Dec-10,DORSET,GLOUCESTERSHIRE,Slaughterhouse,0,27
Dec-10,DORSET,HAMPSHIRE,Slaughterhouse,0,1
Dec-10,DORSET,KENT,Slaughterhouse,0,2
Dec-10,DORSET,LINCOLNSHIRE,Slaughterhouse,74,2
Dec-10,DORSET,MID GLAMORGAN,Slaughterhouse,69,0
Dec-10,DORSET,OXFORDSHIRE,Slaughterhouse,0,6
Dec-10,DORSET,SOMERSET,Slaughterhouse,568,29
Dec-10,DORSET,SOUTH YORKSHIRE,Slaughterhouse,15,4
Dec-10,DORSET,SURREY,Slaughterhouse,12,0
Dec-10,DORSET,WILTSHIRE,Slaughterhouse,34,12
Dec-10,DORSET,0,Slaughterhouse,452,41
Dec-10,DUMFRIES & GALLOWAY,CENTRAL,Slaughterhouse,632,34
Dec-10,DUMFRIES & GALLOWAY,CLEVELAND,Slaughterhouse,0,13
Dec-10,DUMFRIES & GALLOWAY,CLWYD,Slaughterhouse,0,2
Dec-10,DUMFRIES & GALLOWAY,CUMBRIA,Slaughterhouse,872,82
Dec-10,DUMFRIES & GALLOWAY,DUMFRIES & GALLOWAY,Slaughterhouse,159,47
Dec-10,DUMFRIES & GALLOWAY,DURHAM,Slaughterhouse,1,22
Dec-10,DUMFRIES & GALLOWAY,FIFE,Slaughterhouse,0,2
Dec-10,DUMFRIES & GALLOWAY,GRAMPIAN,Slaughterhouse,"1,157",76
Dec-10,DUMFRIES & GALLOWAY,GREATER MANCHESTER,Slaughterhouse,7,19
Dec-10,DUMFRIES & GALLOWAY,HIGHLAND,Slaughterhouse,51,31
Dec-10,DUMFRIES & GALLOWAY,HUMBERSIDE,Slaughterhouse,0,1
Dec-10,DUMFRIES & GALLOWAY,LANCASHIRE,Slaughterhouse,426,48
Dec-10,DUMFRIES & GALLOWAY,LINCOLNSHIRE,Slaughterhouse,61,0
Dec-10,DUMFRIES & GALLOWAY,NORTH YORKSHIRE,Slaughterhouse,0,4
Dec-10,DUMFRIES & GALLOWAY,SHROPSHIRE,Slaughterhouse,34,6
Dec-10,DUMFRIES & GALLOWAY,SOUTH YORKSHIRE,Slaughterhouse,50,48
Dec-10,DUMFRIES & GALLOWAY,STRATHCLYDE,Slaughterhouse,"3,103",233
Dec-10,DUMFRIES & GALLOWAY,TAYSIDE,Slaughterhouse,913,23
Dec-10,DUMFRIES & GALLOWAY,TYNE & WEAR,Slaughterhouse,37,0
Dec-10,DUMFRIES & GALLOWAY,WILTSHIRE,Slaughterhouse,0,22
Dec-10,DUMFRIES & GALLOWAY,0,Slaughterhouse,72,40
Dec-10,DURHAM,BEDFORDSHIRE,Slaughterhouse,24,0
Dec-10,DURHAM,CENTRAL,Slaughterhouse,73,26
Dec-10,DURHAM,CLEVELAND,Slaughterhouse,437,192
Dec-10,DURHAM,CUMBRIA,Slaughterhouse,203,80
Dec-10,DURHAM,DURHAM,Slaughterhouse,"1,025",219
Dec-10,DURHAM,GRAMPIAN,Slaughterhouse,13,0
Dec-10,DURHAM,GREATER MANCHESTER,Slaughterhouse,205,108
Dec-10,DURHAM,HIGHLAND,Slaughterhouse,0,2
Dec-10,DURHAM,HUMBERSIDE,Slaughterhouse,230,42
Dec-10,DURHAM,LANCASHIRE,Slaughterhouse,475,43
Dec-10,DURHAM,LINCOLNSHIRE,Slaughterhouse,275,73
Dec-10,DURHAM,NORTH YORKSHIRE,Slaughterhouse,202,69
Dec-10,DURHAM,SOUTH YORKSHIRE,Slaughterhouse,3,1
Dec-10,DURHAM,STAFFORDSHIRE,Slaughterhouse,51,30
Dec-10,DURHAM,STRATHCLYDE,Slaughterhouse,14,14
Dec-10,DURHAM,TYNE & WEAR,Slaughterhouse,10,6
Dec-10,DURHAM,WEST YORKSHIRE,Slaughterhouse,215,184
Dec-10,DURHAM,0,Slaughterhouse,63,21
Dec-10,DYFED,AVON,Slaughterhouse,535,300
Dec-10,DYFED,BEDFORDSHIRE,Slaughterhouse,111,63
Dec-10,DYFED,CHESHIRE,Slaughterhouse,14,0
Dec-10,DYFED,DERBYSHIRE,Slaughterhouse,0,1
Dec-10,DYFED,DEVON,Slaughterhouse,42,29
Dec-10,DYFED,DYFED,Slaughterhouse,"2,124",119
Dec-10,DYFED,GREATER MANCHESTER,Slaughterhouse,0,5
Dec-10,DYFED,GWYNEDD,Slaughterhouse,159,94
Dec-10,DYFED,HAMPSHIRE,Slaughterhouse,17,0
Dec-10,DYFED,HUMBERSIDE,Slaughterhouse,0,2
Dec-10,DYFED,LANCASHIRE,Slaughterhouse,416,11
Dec-10,DYFED,LINCOLNSHIRE,Slaughterhouse,297,165
Dec-10,DYFED,MID GLAMORGAN,Slaughterhouse,"1,083",229
Dec-10,DYFED,OXFORDSHIRE,Slaughterhouse,0,1
Dec-10,DYFED,POWYS,Slaughterhouse,145,0
Dec-10,DYFED,SHROPSHIRE,Slaughterhouse,945,132
Dec-10,DYFED,SOMERSET,Slaughterhouse,365,231
Dec-10,DYFED,SOUTH YORKSHIRE,Slaughterhouse,0,0
Dec-10,DYFED,STAFFORDSHIRE,Slaughterhouse,19,0
Dec-10,DYFED,STRATHCLYDE,Slaughterhouse,123,39
Dec-10,DYFED,SURREY,Slaughterhouse,284,60
Dec-10,DYFED,TYNE & WEAR,Slaughterhouse,5,5
Dec-10,DYFED,WEST GLAMORGAN,Slaughterhouse,378,209
Dec-10,DYFED,WILTSHIRE,Slaughterhouse,8,10
Dec-10,DYFED,0,Slaughterhouse,342,30
Dec-10,EAST SUSSEX,AVON,Slaughterhouse,0,0
Dec-10,EAST SUSSEX,BEDFORDSHIRE,Slaughterhouse,150,16
Dec-10,EAST SUSSEX,DEVON,Slaughterhouse,0,5
Dec-10,EAST SUSSEX,EAST SUSSEX,Slaughterhouse,93,18
Dec-10,EAST SUSSEX,ESSEX,Slaughterhouse,0,5
Dec-10,EAST SUSSEX,HAMPSHIRE,Slaughterhouse,4,9
Dec-10,EAST SUSSEX,KENT,Slaughterhouse,126,4
Dec-10,EAST SUSSEX,LANCASHIRE,Slaughterhouse,0,7
Dec-10,EAST SUSSEX,LINCOLNSHIRE,Slaughterhouse,54,1
Dec-10,EAST SUSSEX,MID GLAMORGAN,Slaughterhouse,177,0
Dec-10,EAST SUSSEX,NORFOLK,Slaughterhouse,10,9
Dec-10,EAST SUSSEX,OXFORDSHIRE,Slaughterhouse,3,0
Dec-10,EAST SUSSEX,SOMERSET,Slaughterhouse,152,39
Dec-10,EAST SUSSEX,SUFFOLK,Slaughterhouse,0,2
Dec-10,EAST SUSSEX,SURREY,Slaughterhouse,143,2
Dec-10,EAST SUSSEX,WEST SUSSEX,Slaughterhouse,12,0
Dec-10,EAST SUSSEX,0,Slaughterhouse,79,4
Dec-10,ESSEX,AVON,Slaughterhouse,0,0
Dec-10,ESSEX,BEDFORDSHIRE,Slaughterhouse,61,12
Dec-10,ESSEX,CAMBRIDGESHIRE,Slaughterhouse,8,0
Dec-10,ESSEX,DEVON,Slaughterhouse,0,5
Dec-10,ESSEX,ESSEX,Slaughterhouse,415,38
Dec-10,ESSEX,GRAMPIAN,Slaughterhouse,0,1
Dec-10,ESSEX,GREATER LONDON,Slaughterhouse,13,0
Dec-10,ESSEX,HAMPSHIRE,Slaughterhouse,56,29
Dec-10,ESSEX,LANCASHIRE,Slaughterhouse,0,2
Dec-10,ESSEX,LINCOLNSHIRE,Slaughterhouse,36,0
Dec-10,ESSEX,NORFOLK,Slaughterhouse,127,31
Dec-10,ESSEX,OXFORDSHIRE,Slaughterhouse,1,0
Dec-10,ESSEX,SOMERSET,Slaughterhouse,34,10
Dec-10,ESSEX,STAFFORDSHIRE,Slaughterhouse,3,0
Dec-10,ESSEX,SUFFOLK,Slaughterhouse,12,5
Dec-10,ESSEX,SURREY,Slaughterhouse,86,0
Dec-10,ESSEX,0,Slaughterhouse,3,0
Dec-10,FIFE,CENTRAL,Slaughterhouse,397,16
Dec-10,FIFE,CUMBRIA,Slaughterhouse,0,1
Dec-10,FIFE,FIFE,Slaughterhouse,24,30
Dec-10,FIFE,GRAMPIAN,Slaughterhouse,180,15
Dec-10,FIFE,HIGHLAND,Slaughterhouse,4,3
Dec-10,FIFE,HUMBERSIDE,Slaughterhouse,20,0
Dec-10,FIFE,LANCASHIRE,Slaughterhouse,0,10
Dec-10,FIFE,SHROPSHIRE,Slaughterhouse,0,9
Dec-10,FIFE,STRATHCLYDE,Slaughterhouse,41,65
Dec-10,FIFE,TAYSIDE,Slaughterhouse,506,7
Dec-10,FIFE,0,Slaughterhouse,33,0
Dec-10,GLOUCESTERSHIRE,AVON,Slaughterhouse,289,55
Dec-10,GLOUCESTERSHIRE,BEDFORDSHIRE,Slaughterhouse,151,19
Dec-10,GLOUCESTERSHIRE,CHESHIRE,Slaughterhouse,0,1
Dec-10,GLOUCESTERSHIRE,DEVON,Slaughterhouse,0,15
Dec-10,GLOUCESTERSHIRE,DURHAM,Slaughterhouse,0,2
Dec-10,GLOUCESTERSHIRE,DYFED,Slaughterhouse,1,4
Dec-10,GLOUCESTERSHIRE,GLOUCESTERSHIRE,Slaughterhouse,576,20
Dec-10,GLOUCESTERSHIRE,GRAMPIAN,Slaughterhouse,0,1
Dec-10,GLOUCESTERSHIRE,HAMPSHIRE,Slaughterhouse,0,1
Dec-10,GLOUCESTERSHIRE,HEREFORD & WORCESTER,Slaughterhouse,0,2
Dec-10,GLOUCESTERSHIRE,HUMBERSIDE,Slaughterhouse,38,2
Dec-10,GLOUCESTERSHIRE,KENT,Slaughterhouse,0,1
Dec-10,GLOUCESTERSHIRE,LANCASHIRE,Slaughterhouse,84,16
Dec-10,GLOUCESTERSHIRE,LINCOLNSHIRE,Slaughterhouse,215,0
Dec-10,GLOUCESTERSHIRE,MID GLAMORGAN,Slaughterhouse,631,0
Dec-10,GLOUCESTERSHIRE,OXFORDSHIRE,Slaughterhouse,181,99
Dec-10,GLOUCESTERSHIRE,SHROPSHIRE,Slaughterhouse,167,3
Dec-10,GLOUCESTERSHIRE,SOMERSET,Slaughterhouse,479,0
Dec-10,GLOUCESTERSHIRE,SOUTH YORKSHIRE,Slaughterhouse,48,0
Dec-10,GLOUCESTERSHIRE,STAFFORDSHIRE,Slaughterhouse,17,6
Dec-10,GLOUCESTERSHIRE,SURREY,Slaughterhouse,6,0
Dec-10,GLOUCESTERSHIRE,WARWICKSHIRE,Slaughterhouse,14,1
Dec-10,GLOUCESTERSHIRE,WILTSHIRE,Slaughterhouse,107,42
Dec-10,GLOUCESTERSHIRE,0,Slaughterhouse,294,12
Dec-10,GRAMPIAN,AVON,Slaughterhouse,3,3
Dec-10,GRAMPIAN,CENTRAL,Slaughterhouse,830,0
Dec-10,GRAMPIAN,CORNWALL,Slaughterhouse,0,0
Dec-10,GRAMPIAN,CUMBRIA,Slaughterhouse,66,0
Dec-10,GRAMPIAN,GRAMPIAN,Slaughterhouse,"10,516",108
Dec-10,GRAMPIAN,HIGHLAND,Slaughterhouse,489,25
Dec-10,GRAMPIAN,LEICESTERSHIRE,Slaughterhouse,1,0
Dec-10,GRAMPIAN,LINCOLNSHIRE,Slaughterhouse,0,0
Dec-10,GRAMPIAN,SOMERSET,Slaughterhouse,0,0
Dec-10,GRAMPIAN,STRATHCLYDE,Slaughterhouse,455,82
Dec-10,GRAMPIAN,TAYSIDE,Slaughterhouse,850,65
Dec-10,GRAMPIAN,TYNE & WEAR,Slaughterhouse,48,0
Dec-10,GRAMPIAN,0,Slaughterhouse,"2,105",101
Dec-10,GREATER LONDON,AVON,Slaughterhouse,25,0
Dec-10,GREATER LONDON,BEDFORDSHIRE,Slaughterhouse,11,0
Dec-10,GREATER LONDON,ESSEX,Slaughterhouse,2,0
Dec-10,GREATER LONDON,GREATER LONDON,Slaughterhouse,2,0
Dec-10,GREATER LONDON,HAMPSHIRE,Slaughterhouse,4,0
Dec-10,GREATER LONDON,KENT,Slaughterhouse,5,0
Dec-10,GREATER LONDON,OXFORDSHIRE,Slaughterhouse,4,0
Dec-10,GREATER MANCHESTER,AVON,Slaughterhouse,0,0
Dec-10,GREATER MANCHESTER,CHESHIRE,Slaughterhouse,26,7
Dec-10,GREATER MANCHESTER,CLEVELAND,Slaughterhouse,0,3
Dec-10,GREATER MANCHESTER,CUMBRIA,Slaughterhouse,1,0
Dec-10,GREATER MANCHESTER,DERBYSHIRE,Slaughterhouse,2,0
Dec-10,GREATER MANCHESTER,GREATER MANCHESTER,Slaughterhouse,410,44
Dec-10,GREATER MANCHESTER,HUMBERSIDE,Slaughterhouse,0,5
Dec-10,GREATER MANCHESTER,LANCASHIRE,Slaughterhouse,225,12
Dec-10,GREATER MANCHESTER,NORFOLK,Slaughterhouse,0,1
Dec-10,GREATER MANCHESTER,SHROPSHIRE,Slaughterhouse,0,1
Dec-10,GREATER MANCHESTER,SOUTH YORKSHIRE,Slaughterhouse,24,1
Dec-10,GREATER MANCHESTER,STAFFORDSHIRE,Slaughterhouse,6,11
Dec-10,GREATER MANCHESTER,WEST YORKSHIRE,Slaughterhouse,10,17
Dec-10,GREATER MANCHESTER,0,Slaughterhouse,18,0
Dec-10,GWENT,AVON,Slaughterhouse,76,19
Dec-10,GWENT,BEDFORDSHIRE,Slaughterhouse,22,3
Dec-10,GWENT,DEVON,Slaughterhouse,34,20
Dec-10,GWENT,DYFED,Slaughterhouse,20,2
Dec-10,GWENT,GLOUCESTERSHIRE,Slaughterhouse,120,16
Dec-10,GWENT,LANCASHIRE,Slaughterhouse,58,29
Dec-10,GWENT,LINCOLNSHIRE,Slaughterhouse,0,8
Dec-10,GWENT,MID GLAMORGAN,Slaughterhouse,538,0
Dec-10,GWENT,OXFORDSHIRE,Slaughterhouse,0,9
Dec-10,GWENT,POWYS,Slaughterhouse,3,0
Dec-10,GWENT,SHROPSHIRE,Slaughterhouse,89,0
Dec-10,GWENT,SOMERSET,Slaughterhouse,74,8
Dec-10,GWENT,SOUTH YORKSHIRE,Slaughterhouse,6,1
Dec-10,GWENT,WEST GLAMORGAN,Slaughterhouse,34,0
Dec-10,GWENT,WILTSHIRE,Slaughterhouse,5,4
Dec-10,GWENT,0,Slaughterhouse,85,18
Dec-10,GWYNEDD,AVON,Slaughterhouse,0,6
Dec-10,GWYNEDD,BEDFORDSHIRE,Slaughterhouse,24,9
Dec-10,GWYNEDD,CHESHIRE,Slaughterhouse,12,5
Dec-10,GWYNEDD,CLWYD,Slaughterhouse,28,31
Dec-10,GWYNEDD,CUMBRIA,Slaughterhouse,10,6
Dec-10,GWYNEDD,DERBYSHIRE,Slaughterhouse,16,7
Dec-10,GWYNEDD,DEVON,Slaughterhouse,0,2
Dec-10,GWYNEDD,DYFED,Slaughterhouse,6,1
Dec-10,GWYNEDD,GRAMPIAN,Slaughterhouse,0,2
Dec-10,GWYNEDD,GREATER MANCHESTER,Slaughterhouse,56,64
Dec-10,GWYNEDD,GWYNEDD,Slaughterhouse,153,84
Dec-10,GWYNEDD,HUMBERSIDE,Slaughterhouse,163,8
Dec-10,GWYNEDD,LANCASHIRE,Slaughterhouse,"1,583",13
Dec-10,GWYNEDD,LINCOLNSHIRE,Slaughterhouse,90,0
Dec-10,GWYNEDD,MID GLAMORGAN,Slaughterhouse,113,11
Dec-10,GWYNEDD,NORFOLK,Slaughterhouse,0,3
Dec-10,GWYNEDD,POWYS,Slaughterhouse,8,0
Dec-10,GWYNEDD,SHROPSHIRE,Slaughterhouse,242,8
Dec-10,GWYNEDD,SOUTH YORKSHIRE,Slaughterhouse,39,8
Dec-10,GWYNEDD,STAFFORDSHIRE,Slaughterhouse,29,20
Dec-10,GWYNEDD,STRATHCLYDE,Slaughterhouse,12,14
Dec-10,GWYNEDD,SURREY,Slaughterhouse,0,0
Dec-10,GWYNEDD,TYNE & WEAR,Slaughterhouse,0,4
Dec-10,GWYNEDD,WEST YORKSHIRE,Slaughterhouse,25,18
Dec-10,GWYNEDD,0,Slaughterhouse,109,77
Dec-10,HAMPSHIRE,AVON,Slaughterhouse,292,0
Dec-10,HAMPSHIRE,BEDFORDSHIRE,Slaughterhouse,16,0
Dec-10,HAMPSHIRE,DEVON,Slaughterhouse,2,40
Dec-10,HAMPSHIRE,DORSET,Slaughterhouse,12,0
Dec-10,HAMPSHIRE,EAST SUSSEX,Slaughterhouse,0,1
Dec-10,HAMPSHIRE,GLOUCESTERSHIRE,Slaughterhouse,0,5
Dec-10,HAMPSHIRE,HAMPSHIRE,Slaughterhouse,208,11
Dec-10,HAMPSHIRE,KENT,Slaughterhouse,7,0
Dec-10,HAMPSHIRE,LINCOLNSHIRE,Slaughterhouse,160,0
Dec-10,HAMPSHIRE,MID GLAMORGAN,Slaughterhouse,231,0
Dec-10,HAMPSHIRE,OXFORDSHIRE,Slaughterhouse,35,3
Dec-10,HAMPSHIRE,SOMERSET,Slaughterhouse,370,10
Dec-10,HAMPSHIRE,SOUTH YORKSHIRE,Slaughterhouse,5,4
Dec-10,HAMPSHIRE,SURREY,Slaughterhouse,294,2
Dec-10,HAMPSHIRE,WILTSHIRE,Slaughterhouse,112,0
Dec-10,HAMPSHIRE,0,Slaughterhouse,10,17
Dec-10,HEREFORD & WORCESTER,AVON,Slaughterhouse,486,105
Dec-10,HEREFORD & WORCESTER,BEDFORDSHIRE,Slaughterhouse,139,34
Dec-10,HEREFORD & WORCESTER,CENTRAL,Slaughterhouse,52,0
Dec-10,HEREFORD & WORCESTER,CHESHIRE,Slaughterhouse,12,19
Dec-10,HEREFORD & WORCESTER,DERBYSHIRE,Slaughterhouse,0,4
Dec-10,HEREFORD & WORCESTER,DEVON,Slaughterhouse,32,67
Dec-10,HEREFORD & WORCESTER,DURHAM,Slaughterhouse,0,22
Dec-10,HEREFORD & WORCESTER,DYFED,Slaughterhouse,7,4
Dec-10,HEREFORD & WORCESTER,GLOUCESTERSHIRE,Slaughterhouse,122,21
Dec-10,HEREFORD & WORCESTER,GRAMPIAN,Slaughterhouse,0,20
Dec-10,HEREFORD & WORCESTER,GREATER MANCHESTER,Slaughterhouse,0,147
Dec-10,HEREFORD & WORCESTER,HAMPSHIRE,Slaughterhouse,0,20
Dec-10,HEREFORD & WORCESTER,HEREFORD & WORCESTER,Slaughterhouse,102,32
Dec-10,HEREFORD & WORCESTER,HIGHLAND,Slaughterhouse,0,4
Dec-10,HEREFORD & WORCESTER,HUMBERSIDE,Slaughterhouse,9,24
Dec-10,HEREFORD & WORCESTER,LANCASHIRE,Slaughterhouse,189,152
Dec-10,HEREFORD & WORCESTER,LEICESTERSHIRE,Slaughterhouse,2,0
Dec-10,HEREFORD & WORCESTER,LINCOLNSHIRE,Slaughterhouse,150,24
Dec-10,HEREFORD & WORCESTER,MID GLAMORGAN,Slaughterhouse,"1,096",0
Dec-10,HEREFORD & WORCESTER,NOTTINGHAMSHIRE,Slaughterhouse,0,1
Dec-10,HEREFORD & WORCESTER,OXFORDSHIRE,Slaughterhouse,171,129
Dec-10,HEREFORD & WORCESTER,SHROPSHIRE,Slaughterhouse,"1,248",75
Dec-10,HEREFORD & WORCESTER,SOMERSET,Slaughterhouse,210,24
Dec-10,HEREFORD & WORCESTER,SOUTH YORKSHIRE,Slaughterhouse,2,2
Dec-10,HEREFORD & WORCESTER,STAFFORDSHIRE,Slaughterhouse,178,90
Dec-10,HEREFORD & WORCESTER,STRATHCLYDE,Slaughterhouse,27,44
Dec-10,HEREFORD & WORCESTER,SURREY,Slaughterhouse,30,1
Dec-10,HEREFORD & WORCESTER,WARWICKSHIRE,Slaughterhouse,38,50
Dec-10,HEREFORD & WORCESTER,WEST GLAMORGAN,Slaughterhouse,2,0
Dec-10,HEREFORD & WORCESTER,WEST MIDLANDS,Slaughterhouse,77,0
Dec-10,HEREFORD & WORCESTER,WEST YORKSHIRE,Slaughterhouse,0,3
Dec-10,HEREFORD & WORCESTER,WILTSHIRE,Slaughterhouse,21,24
Dec-10,HEREFORD & WORCESTER,0,Slaughterhouse,330,67
Dec-10,HERTFORDSHIRE,AVON,Slaughterhouse,17,0
Dec-10,HERTFORDSHIRE,BEDFORDSHIRE,Slaughterhouse,67,0
Dec-10,HERTFORDSHIRE,CAMBRIDGESHIRE,Slaughterhouse,2,0
Dec-10,HERTFORDSHIRE,ESSEX,Slaughterhouse,18,4
Dec-10,HERTFORDSHIRE,HAMPSHIRE,Slaughterhouse,0,2
Dec-10,HERTFORDSHIRE,HIGHLAND,Slaughterhouse,0,1
Dec-10,HERTFORDSHIRE,HUMBERSIDE,Slaughterhouse,0,1
Dec-10,HERTFORDSHIRE,LINCOLNSHIRE,Slaughterhouse,55,0
Dec-10,HERTFORDSHIRE,MID GLAMORGAN,Slaughterhouse,6,0
Dec-10,HERTFORDSHIRE,NORFOLK,Slaughterhouse,0,7
Dec-10,HERTFORDSHIRE,OXFORDSHIRE,Slaughterhouse,16,3
Dec-10,HERTFORDSHIRE,SOUTH YORKSHIRE,Slaughterhouse,0,11
Dec-10,HERTFORDSHIRE,SURREY,Slaughterhouse,90,0
Dec-10,HIGHLAND,CENTRAL,Slaughterhouse,96,0
Dec-10,HIGHLAND,CUMBRIA,Slaughterhouse,6,0
Dec-10,HIGHLAND,GRAMPIAN,Slaughterhouse,422,176
Dec-10,HIGHLAND,HIGHLAND,Slaughterhouse,517,212
Dec-10,HIGHLAND,STRATHCLYDE,Slaughterhouse,50,20
Dec-10,HIGHLAND,TAYSIDE,Slaughterhouse,414,6
Dec-10,HIGHLAND,0,Slaughterhouse,32,12
Dec-10,HUMBERSIDE,CENTRAL,Slaughterhouse,0,5
Dec-10,HUMBERSIDE,CLEVELAND,Slaughterhouse,1,100
Dec-10,HUMBERSIDE,CUMBRIA,Slaughterhouse,0,5
Dec-10,HUMBERSIDE,DERBYSHIRE,Slaughterhouse,12,2
Dec-10,HUMBERSIDE,DURHAM,Slaughterhouse,0,14
Dec-10,HUMBERSIDE,GREATER MANCHESTER,Slaughterhouse,0,152
Dec-10,HUMBERSIDE,HIGHLAND,Slaughterhouse,0,1
Dec-10,HUMBERSIDE,HUMBERSIDE,Slaughterhouse,396,18
Dec-10,HUMBERSIDE,LANCASHIRE,Slaughterhouse,107,1
Dec-10,HUMBERSIDE,LINCOLNSHIRE,Slaughterhouse,48,13
Dec-10,HUMBERSIDE,NORTH YORKSHIRE,Slaughterhouse,90,98
Dec-10,HUMBERSIDE,SOUTH YORKSHIRE,Slaughterhouse,40,28
Dec-10,HUMBERSIDE,STAFFORDSHIRE,Slaughterhouse,0,1
Dec-10,HUMBERSIDE,WEST YORKSHIRE,Slaughterhouse,67,201
Dec-10,HUMBERSIDE,0,Slaughterhouse,76,8
Dec-10,ISLE OF WIGHT,AVON,Slaughterhouse,55,0
Dec-10,ISLE OF WIGHT,DEVON,Slaughterhouse,0,3
Dec-10,ISLE OF WIGHT,DORSET,Slaughterhouse,3,0
Dec-10,ISLE OF WIGHT,HAMPSHIRE,Slaughterhouse,82,0
Dec-10,ISLE OF WIGHT,SOMERSET,Slaughterhouse,124,1
Dec-10,ISLE OF WIGHT,SOUTH YORKSHIRE,Slaughterhouse,0,1
Dec-10,ISLE OF WIGHT,0,Slaughterhouse,12,1
Dec-10,KENT,AVON,Slaughterhouse,0,0
Dec-10,KENT,BEDFORDSHIRE,Slaughterhouse,49,28
Dec-10,KENT,DEVON,Slaughterhouse,39,28
Dec-10,KENT,EAST SUSSEX,Slaughterhouse,33,9
Dec-10,KENT,ESSEX,Slaughterhouse,29,20
Dec-10,KENT,GREATER LONDON,Slaughterhouse,14,4
Dec-10,KENT,HAMPSHIRE,Slaughterhouse,97,35
Dec-10,KENT,KENT,Slaughterhouse,238,27
Dec-10,KENT,LANCASHIRE,Slaughterhouse,23,13
Dec-10,KENT,NORFOLK,Slaughterhouse,31,20
Dec-10,KENT,SOMERSET,Slaughterhouse,51,35
Dec-10,KENT,SUFFOLK,Slaughterhouse,18,14
Dec-10,KENT,SURREY,Slaughterhouse,179,0
Dec-10,KENT,WEST YORKSHIRE,Slaughterhouse,27,3
Dec-10,KENT,0,Slaughterhouse,21,2
Dec-10,LANCASHIRE,BEDFORDSHIRE,Slaughterhouse,46,46
Dec-10,LANCASHIRE,CHESHIRE,Slaughterhouse,73,33
Dec-10,LANCASHIRE,CLEVELAND,Slaughterhouse,80,48
Dec-10,LANCASHIRE,CUMBRIA,Slaughterhouse,93,14
Dec-10,LANCASHIRE,DURHAM,Slaughterhouse,0,3
Dec-10,LANCASHIRE,DYFED,Slaughterhouse,1,0
Dec-10,LANCASHIRE,GRAMPIAN,Slaughterhouse,1,0
Dec-10,LANCASHIRE,GREATER MANCHESTER,Slaughterhouse,498,206
Dec-10,LANCASHIRE,HUMBERSIDE,Slaughterhouse,71,64
Dec-10,LANCASHIRE,LANCASHIRE,Slaughterhouse,"2,550",287
Dec-10,LANCASHIRE,MERSEYSIDE,Slaughterhouse,7,0
Dec-10,LANCASHIRE,MID GLAMORGAN,Slaughterhouse,5,0
Dec-10,LANCASHIRE,NORTH YORKSHIRE,Slaughterhouse,189,0
Dec-10,LANCASHIRE,SHROPSHIRE,Slaughterhouse,20,5
Dec-10,LANCASHIRE,SOUTH YORKSHIRE,Slaughterhouse,24,6
Dec-10,LANCASHIRE,STAFFORDSHIRE,Slaughterhouse,64,28
Dec-10,LANCASHIRE,STRATHCLYDE,Slaughterhouse,11,0
Dec-10,LANCASHIRE,TYNE & WEAR,Slaughterhouse,16,0
Dec-10,LANCASHIRE,WEST YORKSHIRE,Slaughterhouse,175,134
Dec-10,LANCASHIRE,0,Slaughterhouse,391,141
Dec-10,LEICESTERSHIRE,AVON,Slaughterhouse,0,2
Dec-10,LEICESTERSHIRE,BEDFORDSHIRE,Slaughterhouse,271,3
Dec-10,LEICESTERSHIRE,CHESHIRE,Slaughterhouse,0,3
Dec-10,LEICESTERSHIRE,DERBYSHIRE,Slaughterhouse,116,18
Dec-10,LEICESTERSHIRE,DEVON,Slaughterhouse,0,1
Dec-10,LEICESTERSHIRE,DURHAM,Slaughterhouse,0,0
Dec-10,LEICESTERSHIRE,ESSEX,Slaughterhouse,0,5
Dec-10,LEICESTERSHIRE,GRAMPIAN,Slaughterhouse,0,6
Dec-10,LEICESTERSHIRE,GREATER MANCHESTER,Slaughterhouse,23,17
Dec-10,LEICESTERSHIRE,HEREFORD & WORCESTER,Slaughterhouse,0,1
Dec-10,LEICESTERSHIRE,HIGHLAND,Slaughterhouse,0,3
Dec-10,LEICESTERSHIRE,HUMBERSIDE,Slaughterhouse,0,4
Dec-10,LEICESTERSHIRE,LANCASHIRE,Slaughterhouse,229,20
Dec-10,LEICESTERSHIRE,LEICESTERSHIRE,Slaughterhouse,84,6
Dec-10,LEICESTERSHIRE,LINCOLNSHIRE,Slaughterhouse,"1,141",135
Dec-10,LEICESTERSHIRE,MID GLAMORGAN,Slaughterhouse,171,7
Dec-10,LEICESTERSHIRE,NORFOLK,Slaughterhouse,0,6
Dec-10,LEICESTERSHIRE,NORTH YORKSHIRE,Slaughterhouse,96,30
Dec-10,LEICESTERSHIRE,NOTTINGHAMSHIRE,Slaughterhouse,58,20
Dec-10,LEICESTERSHIRE,OXFORDSHIRE,Slaughterhouse,53,45
Dec-10,LEICESTERSHIRE,SHROPSHIRE,Slaughterhouse,107,37
Dec-10,LEICESTERSHIRE,SOMERSET,Slaughterhouse,0,1
Dec-10,LEICESTERSHIRE,SOUTH YORKSHIRE,Slaughterhouse,110,7
Dec-10,LEICESTERSHIRE,STAFFORDSHIRE,Slaughterhouse,60,65
Dec-10,LEICESTERSHIRE,STRATHCLYDE,Slaughterhouse,0,5
Dec-10,LEICESTERSHIRE,SURREY,Slaughterhouse,282,0
Dec-10,LEICESTERSHIRE,WARWICKSHIRE,Slaughterhouse,10,0
Dec-10,LEICESTERSHIRE,WEST MIDLANDS,Slaughterhouse,0,1
Dec-10,LEICESTERSHIRE,WEST YORKSHIRE,Slaughterhouse,0,3
Dec-10,LEICESTERSHIRE,0,Slaughterhouse,388,40
Dec-10,LINCOLNSHIRE,BEDFORDSHIRE,Slaughterhouse,3,7
Dec-10,LINCOLNSHIRE,CAMBRIDGESHIRE,Slaughterhouse,9,0
Dec-10,LINCOLNSHIRE,CHESHIRE,Slaughterhouse,0,7
Dec-10,LINCOLNSHIRE,CLEVELAND,Slaughterhouse,0,11
Dec-10,LINCOLNSHIRE,CUMBRIA,Slaughterhouse,0,1
Dec-10,LINCOLNSHIRE,DERBYSHIRE,Slaughterhouse,17,28
Dec-10,LINCOLNSHIRE,DEVON,Slaughterhouse,0,13
Dec-10,LINCOLNSHIRE,ESSEX,Slaughterhouse,0,11
Dec-10,LINCOLNSHIRE,GRAMPIAN,Slaughterhouse,0,10
Dec-10,LINCOLNSHIRE,GREATER MANCHESTER,Slaughterhouse,0,93
Dec-10,LINCOLNSHIRE,HIGHLAND,Slaughterhouse,0,34
Dec-10,LINCOLNSHIRE,HUMBERSIDE,Slaughterhouse,107,7
Dec-10,LINCOLNSHIRE,LANCASHIRE,Slaughterhouse,51,14
Dec-10,LINCOLNSHIRE,LINCOLNSHIRE,Slaughterhouse,"1,323",183
Dec-10,LINCOLNSHIRE,MID GLAMORGAN,Slaughterhouse,151,5
Dec-10,LINCOLNSHIRE,NORFOLK,Slaughterhouse,16,29
Dec-10,LINCOLNSHIRE,NORTH YORKSHIRE,Slaughterhouse,41,21
Dec-10,LINCOLNSHIRE,NOTTINGHAMSHIRE,Slaughterhouse,0,38
Dec-10,LINCOLNSHIRE,OXFORDSHIRE,Slaughterhouse,0,6
Dec-10,LINCOLNSHIRE,SHROPSHIRE,Slaughterhouse,29,3
Dec-10,LINCOLNSHIRE,SOUTH YORKSHIRE,Slaughterhouse,236,17
Dec-10,LINCOLNSHIRE,STAFFORDSHIRE,Slaughterhouse,5,80
Dec-10,LINCOLNSHIRE,STRATHCLYDE,Slaughterhouse,0,2
Dec-10,LINCOLNSHIRE,SURREY,Slaughterhouse,20,0
Dec-10,LINCOLNSHIRE,WEST YORKSHIRE,Slaughterhouse,0,41
Dec-10,LINCOLNSHIRE,0,Slaughterhouse,34,78
Dec-10,LOTHIAN,BORDERS,Slaughterhouse,1,51
Dec-10,LOTHIAN,CENTRAL,Slaughterhouse,485,28
Dec-10,LOTHIAN,CUMBRIA,Slaughterhouse,5,8
Dec-10,LOTHIAN,DURHAM,Slaughterhouse,0,3
Dec-10,LOTHIAN,GRAMPIAN,Slaughterhouse,158,29
Dec-10,LOTHIAN,HIGHLAND,Slaughterhouse,0,18
Dec-10,LOTHIAN,LANCASHIRE,Slaughterhouse,0,6
Dec-10,LOTHIAN,SHROPSHIRE,Slaughterhouse,0,10
Dec-10,LOTHIAN,SOUTH YORKSHIRE,Slaughterhouse,8,0
Dec-10,LOTHIAN,STRATHCLYDE,Slaughterhouse,469,104
Dec-10,LOTHIAN,TAYSIDE,Slaughterhouse,71,39
Dec-10,LOTHIAN,TYNE & WEAR,Slaughterhouse,27,0
Dec-10,LOTHIAN,WEST YORKSHIRE,Slaughterhouse,0,22
Dec-10,LOTHIAN,0,Slaughterhouse,20,5
Dec-10,MERSEYSIDE,AVON,Slaughterhouse,0,2
Dec-10,MERSEYSIDE,CHESHIRE,Slaughterhouse,11,3
Dec-10,MERSEYSIDE,CLWYD,Slaughterhouse,2,8
Dec-10,MERSEYSIDE,GREATER MANCHESTER,Slaughterhouse,16,4
Dec-10,MERSEYSIDE,GWYNEDD,Slaughterhouse,0,1
Dec-10,MERSEYSIDE,HUMBERSIDE,Slaughterhouse,0,6
Dec-10,MERSEYSIDE,LANCASHIRE,Slaughterhouse,52,1
Dec-10,MERSEYSIDE,LINCOLNSHIRE,Slaughterhouse,21,0
Dec-10,MERSEYSIDE,SHROPSHIRE,Slaughterhouse,71,3
Dec-10,MERSEYSIDE,STAFFORDSHIRE,Slaughterhouse,1,17
Dec-10,MERSEYSIDE,WEST YORKSHIRE,Slaughterhouse,0,4
Dec-10,MERSEYSIDE,0,Slaughterhouse,66,1
Dec-10,MID GLAMORGAN,AVON,Slaughterhouse,2,1
Dec-10,MID GLAMORGAN,BEDFORDSHIRE,Slaughterhouse,4,0
Dec-10,MID GLAMORGAN,DEVON,Slaughterhouse,0,11
Dec-10,MID GLAMORGAN,DYFED,Slaughterhouse,43,0
Dec-10,MID GLAMORGAN,GREATER MANCHESTER,Slaughterhouse,0,1
Dec-10,MID GLAMORGAN,LANCASHIRE,Slaughterhouse,0,10
Dec-10,MID GLAMORGAN,LINCOLNSHIRE,Slaughterhouse,13,0
Dec-10,MID GLAMORGAN,MID GLAMORGAN,Slaughterhouse,69,0
Dec-10,MID GLAMORGAN,POWYS,Slaughterhouse,6,0
Dec-10,MID GLAMORGAN,SHROPSHIRE,Slaughterhouse,8,1
Dec-10,MID GLAMORGAN,SOMERSET,Slaughterhouse,63,5
Dec-10,MID GLAMORGAN,SOUTH YORKSHIRE,Slaughterhouse,0,2
Dec-10,MID GLAMORGAN,WEST GLAMORGAN,Slaughterhouse,3,1
Dec-10,MID GLAMORGAN,0,Slaughterhouse,20,8
Dec-10,NORFOLK,BEDFORDSHIRE,Slaughterhouse,340,2
Dec-10,NORFOLK,CAMBRIDGESHIRE,Slaughterhouse,4,0
Dec-10,NORFOLK,ESSEX,Slaughterhouse,13,22
Dec-10,NORFOLK,GRAMPIAN,Slaughterhouse,0,7
Dec-10,NORFOLK,GREATER LONDON,Slaughterhouse,0,1
Dec-10,NORFOLK,GREATER MANCHESTER,Slaughterhouse,0,7
Dec-10,NORFOLK,HAMPSHIRE,Slaughterhouse,0,5
Dec-10,NORFOLK,HIGHLAND,Slaughterhouse,0,8
Dec-10,NORFOLK,HUMBERSIDE,Slaughterhouse,0,5
Dec-10,NORFOLK,LANCASHIRE,Slaughterhouse,19,0
Dec-10,NORFOLK,LINCOLNSHIRE,Slaughterhouse,835,17
Dec-10,NORFOLK,NORFOLK,Slaughterhouse,788,12
Dec-10,NORFOLK,NORTH YORKSHIRE,Slaughterhouse,11,2
Dec-10,NORFOLK,NOTTINGHAMSHIRE,Slaughterhouse,0,12
Dec-10,NORFOLK,OXFORDSHIRE,Slaughterhouse,1,2
Dec-10,NORFOLK,SHROPSHIRE,Slaughterhouse,34,0
Dec-10,NORFOLK,SOUTH YORKSHIRE,Slaughterhouse,147,2
Dec-10,NORFOLK,STAFFORDSHIRE,Slaughterhouse,0,15
Dec-10,NORFOLK,STRATHCLYDE,Slaughterhouse,0,2
Dec-10,NORFOLK,SUFFOLK,Slaughterhouse,193,4
Dec-10,NORFOLK,WEST YORKSHIRE,Slaughterhouse,0,12
Dec-10,NORFOLK,WILTSHIRE,Slaughterhouse,5,0
Dec-10,NORFOLK,0,Slaughterhouse,179,36
Dec-10,NORTHAMPTONSHIRE,AVON,Slaughterhouse,2,0
Dec-10,NORTHAMPTONSHIRE,BEDFORDSHIRE,Slaughterhouse,306,3
Dec-10,NORTHAMPTONSHIRE,CAMBRIDGESHIRE,Slaughterhouse,1,0
Dec-10,NORTHAMPTONSHIRE,CENTRAL,Slaughterhouse,48,0
Dec-10,NORTHAMPTONSHIRE,DERBYSHIRE,Slaughterhouse,5,14
Dec-10,NORTHAMPTONSHIRE,DURHAM,Slaughterhouse,5,0
Dec-10,NORTHAMPTONSHIRE,ESSEX,Slaughterhouse,0,3
Dec-10,NORTHAMPTONSHIRE,GRAMPIAN,Slaughterhouse,0,2
Dec-10,NORTHAMPTONSHIRE,GREATER MANCHESTER,Slaughterhouse,0,46
Dec-10,NORTHAMPTONSHIRE,HIGHLAND,Slaughterhouse,0,12
Dec-10,NORTHAMPTONSHIRE,HUMBERSIDE,Slaughterhouse,0,2
Dec-10,NORTHAMPTONSHIRE,LANCASHIRE,Slaughterhouse,31,6
Dec-10,NORTHAMPTONSHIRE,LEICESTERSHIRE,Slaughterhouse,22,2
Dec-10,NORTHAMPTONSHIRE,LINCOLNSHIRE,Slaughterhouse,"1,061",90
Dec-10,NORTHAMPTONSHIRE,MID GLAMORGAN,Slaughterhouse,105,0
Dec-10,NORTHAMPTONSHIRE,NORFOLK,Slaughterhouse,0,11
Dec-10,NORTHAMPTONSHIRE,NORTH YORKSHIRE,Slaughterhouse,119,11
Dec-10,NORTHAMPTONSHIRE,NOTTINGHAMSHIRE,Slaughterhouse,0,26
Dec-10,NORTHAMPTONSHIRE,OXFORDSHIRE,Slaughterhouse,48,34
Dec-10,NORTHAMPTONSHIRE,SHROPSHIRE,Slaughterhouse,237,9
Dec-10,NORTHAMPTONSHIRE,SOMERSET,Slaughterhouse,1,0
Dec-10,NORTHAMPTONSHIRE,SOUTH YORKSHIRE,Slaughterhouse,5,5
Dec-10,NORTHAMPTONSHIRE,STAFFORDSHIRE,Slaughterhouse,19,45
Dec-10,NORTHAMPTONSHIRE,STRATHCLYDE,Slaughterhouse,0,4
Dec-10,NORTHAMPTONSHIRE,SURREY,Slaughterhouse,116,0
Dec-10,NORTHAMPTONSHIRE,WARWICKSHIRE,Slaughterhouse,11,0
Dec-10,NORTHAMPTONSHIRE,WEST MIDLANDS,Slaughterhouse,0,3
Dec-10,NORTHAMPTONSHIRE,WEST YORKSHIRE,Slaughterhouse,0,9
Dec-10,NORTHAMPTONSHIRE,0,Slaughterhouse,90,18
Dec-10,NORTHUMBERLAND,BORDERS,Slaughterhouse,6,10
Dec-10,NORTHUMBERLAND,CENTRAL,Slaughterhouse,"1,048",5
Dec-10,NORTHUMBERLAND,CLEVELAND,Slaughterhouse,9,27
Dec-10,NORTHUMBERLAND,CUMBRIA,Slaughterhouse,67,14
Dec-10,NORTHUMBERLAND,DURHAM,Slaughterhouse,369,275
Dec-10,NORTHUMBERLAND,GRAMPIAN,Slaughterhouse,86,0
Dec-10,NORTHUMBERLAND,GREATER MANCHESTER,Slaughterhouse,0,12
Dec-10,NORTHUMBERLAND,HIGHLAND,Slaughterhouse,11,13
Dec-10,NORTHUMBERLAND,HUMBERSIDE,Slaughterhouse,137,14
Dec-10,NORTHUMBERLAND,LANCASHIRE,Slaughterhouse,422,8
Dec-10,NORTHUMBERLAND,LINCOLNSHIRE,Slaughterhouse,0,5
Dec-10,NORTHUMBERLAND,MID GLAMORGAN,Slaughterhouse,189,0
Dec-10,NORTHUMBERLAND,NORTH YORKSHIRE,Slaughterhouse,32,9
Dec-10,NORTHUMBERLAND,SOUTH YORKSHIRE,Slaughterhouse,120,1
Dec-10,NORTHUMBERLAND,STAFFORDSHIRE,Slaughterhouse,0,1
Dec-10,NORTHUMBERLAND,STRATHCLYDE,Slaughterhouse,204,16
Dec-10,NORTHUMBERLAND,TAYSIDE,Slaughterhouse,24,0
Dec-10,NORTHUMBERLAND,TYNE & WEAR,Slaughterhouse,617,53
Dec-10,NORTHUMBERLAND,WEST YORKSHIRE,Slaughterhouse,0,32
Dec-10,NORTHUMBERLAND,0,Slaughterhouse,194,11
Dec-10,NORTH YORKSHIRE,BEDFORDSHIRE,Slaughterhouse,40,10
Dec-10,NORTH YORKSHIRE,CENTRAL,Slaughterhouse,202,31
Dec-10,NORTH YORKSHIRE,CHESHIRE,Slaughterhouse,21,8
Dec-10,NORTH YORKSHIRE,CLEVELAND,Slaughterhouse,786,626
Dec-10,NORTH YORKSHIRE,CUMBRIA,Slaughterhouse,48,40
Dec-10,NORTH YORKSHIRE,DERBYSHIRE,Slaughterhouse,26,0
Dec-10,NORTH YORKSHIRE,DURHAM,Slaughterhouse,779,416
Dec-10,NORTH YORKSHIRE,GRAMPIAN,Slaughterhouse,14,14
Dec-10,NORTH YORKSHIRE,GREATER MANCHESTER,Slaughterhouse,"1,026",845
Dec-10,NORTH YORKSHIRE,HUMBERSIDE,Slaughterhouse,"1,432",173
Dec-10,NORTH YORKSHIRE,LANCASHIRE,Slaughterhouse,"4,337",163
Dec-10,NORTH YORKSHIRE,LINCOLNSHIRE,Slaughterhouse,871,86
Dec-10,NORTH YORKSHIRE,MID GLAMORGAN,Slaughterhouse,66,0
Dec-10,NORTH YORKSHIRE,NORTH YORKSHIRE,Slaughterhouse,"1,709",263
Dec-10,NORTH YORKSHIRE,SHROPSHIRE,Slaughterhouse,293,2
Dec-10,NORTH YORKSHIRE,SOUTH YORKSHIRE,Slaughterhouse,411,66
Dec-10,NORTH YORKSHIRE,STAFFORDSHIRE,Slaughterhouse,66,80
Dec-10,NORTH YORKSHIRE,STRATHCLYDE,Slaughterhouse,169,12
Dec-10,NORTH YORKSHIRE,TYNE & WEAR,Slaughterhouse,1,0
Dec-10,NORTH YORKSHIRE,WEST YORKSHIRE,Slaughterhouse,"1,922","1,062"
Dec-10,NORTH YORKSHIRE,0,Slaughterhouse,"1,109",74
Dec-10,NOTTINGHAMSHIRE,BEDFORDSHIRE,Slaughterhouse,24,1
Dec-10,NOTTINGHAMSHIRE,CHESHIRE,Slaughterhouse,8,0
Dec-10,NOTTINGHAMSHIRE,DERBYSHIRE,Slaughterhouse,141,14
Dec-10,NOTTINGHAMSHIRE,DEVON,Slaughterhouse,26,10
Dec-10,NOTTINGHAMSHIRE,ESSEX,Slaughterhouse,40,8
Dec-10,NOTTINGHAMSHIRE,GRAMPIAN,Slaughterhouse,77,22
Dec-10,NOTTINGHAMSHIRE,GREATER MANCHESTER,Slaughterhouse,261,58
Dec-10,NOTTINGHAMSHIRE,HIGHLAND,Slaughterhouse,86,6
Dec-10,NOTTINGHAMSHIRE,HUMBERSIDE,Slaughterhouse,43,5
Dec-10,NOTTINGHAMSHIRE,LANCASHIRE,Slaughterhouse,103,11
Dec-10,NOTTINGHAMSHIRE,LINCOLNSHIRE,Slaughterhouse,841,113
Dec-10,NOTTINGHAMSHIRE,MID GLAMORGAN,Slaughterhouse,15,9
Dec-10,NOTTINGHAMSHIRE,NORFOLK,Slaughterhouse,104,22
Dec-10,NOTTINGHAMSHIRE,NORTH YORKSHIRE,Slaughterhouse,76,32
Dec-10,NOTTINGHAMSHIRE,NOTTINGHAMSHIRE,Slaughterhouse,267,33
Dec-10,NOTTINGHAMSHIRE,OXFORDSHIRE,Slaughterhouse,11,12
Dec-10,NOTTINGHAMSHIRE,SHROPSHIRE,Slaughterhouse,59,19
Dec-10,NOTTINGHAMSHIRE,SOUTH YORKSHIRE,Slaughterhouse,207,3
Dec-10,NOTTINGHAMSHIRE,STAFFORDSHIRE,Slaughterhouse,281,87
Dec-10,NOTTINGHAMSHIRE,STRATHCLYDE,Slaughterhouse,19,5
Dec-10,NOTTINGHAMSHIRE,SURREY,Slaughterhouse,27,0
Dec-10,NOTTINGHAMSHIRE,WEST YORKSHIRE,Slaughterhouse,62,7
Dec-10,NOTTINGHAMSHIRE,0,Slaughterhouse,306,42
Dec-10,ORKNEY,CENTRAL,Slaughterhouse,336,1
Dec-10,ORKNEY,FIFE,Slaughterhouse,0,0
Dec-10,ORKNEY,GRAMPIAN,Slaughterhouse,84,3
Dec-10,ORKNEY,HIGHLAND,Slaughterhouse,0,0
Dec-10,ORKNEY,ORKNEY,Slaughterhouse,338,20
Dec-10,ORKNEY,STRATHCLYDE,Slaughterhouse,0,12
Dec-10,ORKNEY,TAYSIDE,Slaughterhouse,3,6
Dec-10,ORKNEY,0,Slaughterhouse,2,13
Dec-10,OXFORDSHIRE,AVON,Slaughterhouse,44,0
Dec-10,OXFORDSHIRE,BEDFORDSHIRE,Slaughterhouse,236,0
Dec-10,OXFORDSHIRE,CENTRAL,Slaughterhouse,47,0
Dec-10,OXFORDSHIRE,DEVON,Slaughterhouse,1,0
Dec-10,OXFORDSHIRE,GLOUCESTERSHIRE,Slaughterhouse,17,9
Dec-10,OXFORDSHIRE,GRAMPIAN,Slaughterhouse,0,1
Dec-10,OXFORDSHIRE,HAMPSHIRE,Slaughterhouse,13,0
Dec-10,OXFORDSHIRE,HUMBERSIDE,Slaughterhouse,0,1
Dec-10,OXFORDSHIRE,KENT,Slaughterhouse,7,0
Dec-10,OXFORDSHIRE,LANCASHIRE,Slaughterhouse,82,5
Dec-10,OXFORDSHIRE,LEICESTERSHIRE,Slaughterhouse,0,2
Dec-10,OXFORDSHIRE,LINCOLNSHIRE,Slaughterhouse,498,0
Dec-10,OXFORDSHIRE,MID GLAMORGAN,Slaughterhouse,227,20
Dec-10,OXFORDSHIRE,OXFORDSHIRE,Slaughterhouse,155,8
Dec-10,OXFORDSHIRE,SHROPSHIRE,Slaughterhouse,38,0
Dec-10,OXFORDSHIRE,SOMERSET,Slaughterhouse,97,0
Dec-10,OXFORDSHIRE,SOUTH YORKSHIRE,Slaughterhouse,85,13
Dec-10,OXFORDSHIRE,STAFFORDSHIRE,Slaughterhouse,2,0
Dec-10,OXFORDSHIRE,SURREY,Slaughterhouse,113,0
Dec-10,OXFORDSHIRE,WARWICKSHIRE,Slaughterhouse,4,1
Dec-10,OXFORDSHIRE,WEST YORKSHIRE,Slaughterhouse,0,5
Dec-10,OXFORDSHIRE,WILTSHIRE,Slaughterhouse,11,10
Dec-10,OXFORDSHIRE,0,Slaughterhouse,132,2
Dec-10,POWYS,AVON,Slaughterhouse,2,10
Dec-10,POWYS,BEDFORDSHIRE,Slaughterhouse,58,47
Dec-10,POWYS,CHESHIRE,Slaughterhouse,97,7
Dec-10,POWYS,CLWYD,Slaughterhouse,14,18
Dec-10,POWYS,CORNWALL,Slaughterhouse,3,3
Dec-10,POWYS,DERBYSHIRE,Slaughterhouse,8,0
Dec-10,POWYS,DEVON,Slaughterhouse,6,28
Dec-10,POWYS,DURHAM,Slaughterhouse,2,10
Dec-10,POWYS,DYFED,Slaughterhouse,115,11
Dec-10,POWYS,GRAMPIAN,Slaughterhouse,0,5
Dec-10,POWYS,GREATER MANCHESTER,Slaughterhouse,26,77
Dec-10,POWYS,GWYNEDD,Slaughterhouse,0,3
Dec-10,POWYS,HAMPSHIRE,Slaughterhouse,0,4
Dec-10,POWYS,HEREFORD & WORCESTER,Slaughterhouse,12,1
Dec-10,POWYS,HUMBERSIDE,Slaughterhouse,42,22
Dec-10,POWYS,LANCASHIRE,Slaughterhouse,257,40
Dec-10,POWYS,LEICESTERSHIRE,Slaughterhouse,0,0
Dec-10,POWYS,LINCOLNSHIRE,Slaughterhouse,73,4
Dec-10,POWYS,MID GLAMORGAN,Slaughterhouse,408,0
Dec-10,POWYS,OXFORDSHIRE,Slaughterhouse,1,3
Dec-10,POWYS,POWYS,Slaughterhouse,260,0
Dec-10,POWYS,SHROPSHIRE,Slaughterhouse,"1,032",33
Dec-10,POWYS,SOMERSET,Slaughterhouse,56,4
Dec-10,POWYS,SOUTH YORKSHIRE,Slaughterhouse,9,1
Dec-10,POWYS,STAFFORDSHIRE,Slaughterhouse,33,55
Dec-10,POWYS,STRATHCLYDE,Slaughterhouse,4,4
Dec-10,POWYS,TYNE & WEAR,Slaughterhouse,7,7
Dec-10,POWYS,WARWICKSHIRE,Slaughterhouse,0,3
Dec-10,POWYS,WEST GLAMORGAN,Slaughterhouse,67,7
Dec-10,POWYS,WEST MIDLANDS,Slaughterhouse,10,3
Dec-10,POWYS,WEST YORKSHIRE,Slaughterhouse,6,2
Dec-10,POWYS,WILTSHIRE,Slaughterhouse,0,2
Dec-10,POWYS,0,Slaughterhouse,208,40
Dec-10,SCILLY ISLES,CORNWALL,Slaughterhouse,0,1
Dec-10,SHETLAND,SHETLAND,Slaughterhouse,11,0
Dec-10,SHETLAND,STRATHCLYDE,Slaughterhouse,0,1
Dec-10,SHROPSHIRE,AVON,Slaughterhouse,147,53
Dec-10,SHROPSHIRE,BEDFORDSHIRE,Slaughterhouse,125,62
Dec-10,SHROPSHIRE,CENTRAL,Slaughterhouse,25,0
Dec-10,SHROPSHIRE,CHESHIRE,Slaughterhouse,312,55
Dec-10,SHROPSHIRE,CLWYD,Slaughterhouse,77,26
Dec-10,SHROPSHIRE,CORNWALL,Slaughterhouse,2,0
Dec-10,SHROPSHIRE,CUMBRIA,Slaughterhouse,3,0
Dec-10,SHROPSHIRE,DERBYSHIRE,Slaughterhouse,29,13
Dec-10,SHROPSHIRE,DEVON,Slaughterhouse,283,115
Dec-10,SHROPSHIRE,DURHAM,Slaughterhouse,95,33
Dec-10,SHROPSHIRE,GRAMPIAN,Slaughterhouse,66,30
Dec-10,SHROPSHIRE,GREATER MANCHESTER,Slaughterhouse,752,293
Dec-10,SHROPSHIRE,GWYNEDD,Slaughterhouse,0,2
Dec-10,SHROPSHIRE,HAMPSHIRE,Slaughterhouse,31,5
Dec-10,SHROPSHIRE,HEREFORD & WORCESTER,Slaughterhouse,23,2
Dec-10,SHROPSHIRE,HUMBERSIDE,Slaughterhouse,80,21
Dec-10,SHROPSHIRE,LANCASHIRE,Slaughterhouse,694,150
Dec-10,SHROPSHIRE,LEICESTERSHIRE,Slaughterhouse,7,0
Dec-10,SHROPSHIRE,LINCOLNSHIRE,Slaughterhouse,355,34
Dec-10,SHROPSHIRE,MID GLAMORGAN,Slaughterhouse,118,0
Dec-10,SHROPSHIRE,NORFOLK,Slaughterhouse,4,0
Dec-10,SHROPSHIRE,OXFORDSHIRE,Slaughterhouse,122,65
Dec-10,SHROPSHIRE,SHROPSHIRE,Slaughterhouse,"3,028",147
Dec-10,SHROPSHIRE,SOMERSET,Slaughterhouse,113,32
Dec-10,SHROPSHIRE,SOUTH YORKSHIRE,Slaughterhouse,36,4
Dec-10,SHROPSHIRE,STAFFORDSHIRE,Slaughterhouse,"1,097",509
Dec-10,SHROPSHIRE,STRATHCLYDE,Slaughterhouse,156,54
Dec-10,SHROPSHIRE,WARWICKSHIRE,Slaughterhouse,70,34
Dec-10,SHROPSHIRE,WEST MIDLANDS,Slaughterhouse,82,16
Dec-10,SHROPSHIRE,WEST YORKSHIRE,Slaughterhouse,131,67
Dec-10,SHROPSHIRE,WILTSHIRE,Slaughterhouse,110,43
Dec-10,SHROPSHIRE,0,Slaughterhouse,895,153
Dec-10,SOMERSET,AVON,Slaughterhouse,531,12
Dec-10,SOMERSET,BEDFORDSHIRE,Slaughterhouse,51,24
Dec-10,SOMERSET,CENTRAL,Slaughterhouse,40,0
Dec-10,SOMERSET,CHESHIRE,Slaughterhouse,2,0
Dec-10,SOMERSET,CORNWALL,Slaughterhouse,175,43
Dec-10,SOMERSET,CUMBRIA,Slaughterhouse,33,0
Dec-10,SOMERSET,DEVON,Slaughterhouse,356,79
Dec-10,SOMERSET,DORSET,Slaughterhouse,133,5
Dec-10,SOMERSET,DURHAM,Slaughterhouse,1,0
Dec-10,SOMERSET,DYFED,Slaughterhouse,5,6
Dec-10,SOMERSET,ESSEX,Slaughterhouse,7,3
Dec-10,SOMERSET,GLOUCESTERSHIRE,Slaughterhouse,228,100
Dec-10,SOMERSET,HAMPSHIRE,Slaughterhouse,0,0
Dec-10,SOMERSET,HUMBERSIDE,Slaughterhouse,1,0
Dec-10,SOMERSET,KENT,Slaughterhouse,27,14
Dec-10,SOMERSET,LANCASHIRE,Slaughterhouse,84,16
Dec-10,SOMERSET,LINCOLNSHIRE,Slaughterhouse,157,50
Dec-10,SOMERSET,MID GLAMORGAN,Slaughterhouse,151,0
Dec-10,SOMERSET,NORTH YORKSHIRE,Slaughterhouse,2,0
Dec-10,SOMERSET,NOTTINGHAMSHIRE,Slaughterhouse,3,1
Dec-10,SOMERSET,OXFORDSHIRE,Slaughterhouse,43,19
Dec-10,SOMERSET,SHROPSHIRE,Slaughterhouse,95,21
Dec-10,SOMERSET,SOMERSET,Slaughterhouse,"2,066",59
Dec-10,SOMERSET,SOUTH YORKSHIRE,Slaughterhouse,109,9
Dec-10,SOMERSET,STAFFORDSHIRE,Slaughterhouse,0,5
Dec-10,SOMERSET,SURREY,Slaughterhouse,32,0
Dec-10,SOMERSET,WILTSHIRE,Slaughterhouse,54,13
Dec-10,SOMERSET,0,Slaughterhouse,583,80
Dec-10,SOUTH GLAMORGAN,AVON,Slaughterhouse,0,2
Dec-10,SOUTH GLAMORGAN,DEVON,Slaughterhouse,0,2
Dec-10,SOUTH GLAMORGAN,DYFED,Slaughterhouse,30,4
Dec-10,SOUTH GLAMORGAN,GLOUCESTERSHIRE,Slaughterhouse,3,1
Dec-10,SOUTH GLAMORGAN,LANCASHIRE,Slaughterhouse,17,2
Dec-10,SOUTH GLAMORGAN,MID GLAMORGAN,Slaughterhouse,154,0
Dec-10,SOUTH GLAMORGAN,OXFORDSHIRE,Slaughterhouse,0,1
Dec-10,SOUTH GLAMORGAN,SHROPSHIRE,Slaughterhouse,4,0
Dec-10,SOUTH GLAMORGAN,SOMERSET,Slaughterhouse,31,3
Dec-10,SOUTH GLAMORGAN,WEST GLAMORGAN,Slaughterhouse,2,0
Dec-10,SOUTH GLAMORGAN,0,Slaughterhouse,63,2
Dec-10,SOUTH YORKSHIRE,BEDFORDSHIRE,Slaughterhouse,0,1
Dec-10,SOUTH YORKSHIRE,CENTRAL,Slaughterhouse,0,2
Dec-10,SOUTH YORKSHIRE,CHESHIRE,Slaughterhouse,78,0
Dec-10,SOUTH YORKSHIRE,CLEVELAND,Slaughterhouse,0,33
Dec-10,SOUTH YORKSHIRE,CUMBRIA,Slaughterhouse,0,6
Dec-10,SOUTH YORKSHIRE,DERBYSHIRE,Slaughterhouse,7,2
Dec-10,SOUTH YORKSHIRE,DEVON,Slaughterhouse,0,3
Dec-10,SOUTH YORKSHIRE,DURHAM,Slaughterhouse,0,1
Dec-10,SOUTH YORKSHIRE,ESSEX,Slaughterhouse,0,1
Dec-10,SOUTH YORKSHIRE,GREATER MANCHESTER,Slaughterhouse,0,34
Dec-10,SOUTH YORKSHIRE,HUMBERSIDE,Slaughterhouse,25,2
Dec-10,SOUTH YORKSHIRE,LANCASHIRE,Slaughterhouse,31,0
Dec-10,SOUTH YORKSHIRE,LINCOLNSHIRE,Slaughterhouse,10,6
Dec-10,SOUTH YORKSHIRE,NORFOLK,Slaughterhouse,0,1
Dec-10,SOUTH YORKSHIRE,NORTH YORKSHIRE,Slaughterhouse,6,12
Dec-10,SOUTH YORKSHIRE,OXFORDSHIRE,Slaughterhouse,0,1
Dec-10,SOUTH YORKSHIRE,SOUTH YORKSHIRE,Slaughterhouse,559,15
Dec-10,SOUTH YORKSHIRE,STAFFORDSHIRE,Slaughterhouse,133,11
Dec-10,SOUTH YORKSHIRE,STRATHCLYDE,Slaughterhouse,0,1
Dec-10,SOUTH YORKSHIRE,WEST YORKSHIRE,Slaughterhouse,75,59
Dec-10,SOUTH YORKSHIRE,0,Slaughterhouse,253,2
Dec-10,STAFFORDSHIRE,AVON,Slaughterhouse,11,34
Dec-10,STAFFORDSHIRE,BEDFORDSHIRE,Slaughterhouse,32,38
Dec-10,STAFFORDSHIRE,CHESHIRE,Slaughterhouse,148,36
Dec-10,STAFFORDSHIRE,CLEVELAND,Slaughterhouse,0,2
Dec-10,STAFFORDSHIRE,CLWYD,Slaughterhouse,0,11
Dec-10,STAFFORDSHIRE,CUMBRIA,Slaughterhouse,0,0
Dec-10,STAFFORDSHIRE,DERBYSHIRE,Slaughterhouse,59,23
Dec-10,STAFFORDSHIRE,DEVON,Slaughterhouse,36,58
Dec-10,STAFFORDSHIRE,DURHAM,Slaughterhouse,5,10
Dec-10,STAFFORDSHIRE,GRAMPIAN,Slaughterhouse,0,7
Dec-10,STAFFORDSHIRE,GREATER MANCHESTER,Slaughterhouse,22,162
Dec-10,STAFFORDSHIRE,HAMPSHIRE,Slaughterhouse,10,1
Dec-10,STAFFORDSHIRE,HEREFORD & WORCESTER,Slaughterhouse,0,2
Dec-10,STAFFORDSHIRE,HUMBERSIDE,Slaughterhouse,10,22
Dec-10,STAFFORDSHIRE,LANCASHIRE,Slaughterhouse,515,60
Dec-10,STAFFORDSHIRE,LINCOLNSHIRE,Slaughterhouse,268,10
Dec-10,STAFFORDSHIRE,MID GLAMORGAN,Slaughterhouse,118,0
Dec-10,STAFFORDSHIRE,NORTH YORKSHIRE,Slaughterhouse,23,1
Dec-10,STAFFORDSHIRE,OXFORDSHIRE,Slaughterhouse,12,33
Dec-10,STAFFORDSHIRE,SHROPSHIRE,Slaughterhouse,890,69
Dec-10,STAFFORDSHIRE,SOMERSET,Slaughterhouse,129,2
Dec-10,STAFFORDSHIRE,SOUTH YORKSHIRE,Slaughterhouse,83,29
Dec-10,STAFFORDSHIRE,STAFFORDSHIRE,Slaughterhouse,"1,517",310
Dec-10,STAFFORDSHIRE,STRATHCLYDE,Slaughterhouse,5,13
Dec-10,STAFFORDSHIRE,WARWICKSHIRE,Slaughterhouse,0,3
Dec-10,STAFFORDSHIRE,WEST MIDLANDS,Slaughterhouse,3,2
Dec-10,STAFFORDSHIRE,WEST YORKSHIRE,Slaughterhouse,58,78
Dec-10,STAFFORDSHIRE,WILTSHIRE,Slaughterhouse,0,25
Dec-10,STAFFORDSHIRE,0,Slaughterhouse,401,81
Dec-10,STRATHCLYDE,BORDERS,Slaughterhouse,0,1
Dec-10,STRATHCLYDE,CENTRAL,Slaughterhouse,831,29
Dec-10,STRATHCLYDE,CUMBRIA,Slaughterhouse,203,83
Dec-10,STRATHCLYDE,GRAMPIAN,Slaughterhouse,127,62
Dec-10,STRATHCLYDE,HIGHLAND,Slaughterhouse,71,49
Dec-10,STRATHCLYDE,LANCASHIRE,Slaughterhouse,127,132
Dec-10,STRATHCLYDE,LINCOLNSHIRE,Slaughterhouse,0,0
Dec-10,STRATHCLYDE,SHROPSHIRE,Slaughterhouse,21,20
Dec-10,STRATHCLYDE,SOUTH YORKSHIRE,Slaughterhouse,65,60
Dec-10,STRATHCLYDE,STRATHCLYDE,Slaughterhouse,"3,423",489
Dec-10,STRATHCLYDE,TAYSIDE,Slaughterhouse,712,49
Dec-10,STRATHCLYDE,TYNE & WEAR,Slaughterhouse,1,0
Dec-10,STRATHCLYDE,0,Slaughterhouse,277,83
Dec-10,SUFFOLK,BEDFORDSHIRE,Slaughterhouse,104,0
Dec-10,SUFFOLK,DERBYSHIRE,Slaughterhouse,0,2
Dec-10,SUFFOLK,ESSEX,Slaughterhouse,32,76
Dec-10,SUFFOLK,GREATER LONDON,Slaughterhouse,0,10
Dec-10,SUFFOLK,HAMPSHIRE,Slaughterhouse,0,22
Dec-10,SUFFOLK,HIGHLAND,Slaughterhouse,0,1
Dec-10,SUFFOLK,LINCOLNSHIRE,Slaughterhouse,398,3
Dec-10,SUFFOLK,MID GLAMORGAN,Slaughterhouse,88,0
Dec-10,SUFFOLK,NORFOLK,Slaughterhouse,330,36
Dec-10,SUFFOLK,NOTTINGHAMSHIRE,Slaughterhouse,0,1
Dec-10,SUFFOLK,SHROPSHIRE,Slaughterhouse,9,0
Dec-10,SUFFOLK,SOUTH YORKSHIRE,Slaughterhouse,21,0
Dec-10,SUFFOLK,STAFFORDSHIRE,Slaughterhouse,0,1
Dec-10,SUFFOLK,SUFFOLK,Slaughterhouse,223,4
Dec-10,SUFFOLK,0,Slaughterhouse,65,3
Dec-10,SURREY,AVON,Slaughterhouse,3,0
Dec-10,SURREY,BEDFORDSHIRE,Slaughterhouse,0,7
Dec-10,SURREY,EAST SUSSEX,Slaughterhouse,1,5
Dec-10,SURREY,ESSEX,Slaughterhouse,0,2
Dec-10,SURREY,HAMPSHIRE,Slaughterhouse,27,1
Dec-10,SURREY,KENT,Slaughterhouse,11,1
Dec-10,SURREY,NORFOLK,Slaughterhouse,1,5
Dec-10,SURREY,SOMERSET,Slaughterhouse,25,22
Dec-10,SURREY,SUFFOLK,Slaughterhouse,0,1
Dec-10,SURREY,SURREY,Slaughterhouse,442,5
Dec-10,SURREY,0,Slaughterhouse,7,0
Dec-10,TAYSIDE,CENTRAL,Slaughterhouse,817,32
Dec-10,TAYSIDE,CUMBRIA,Slaughterhouse,4,0
Dec-10,TAYSIDE,FIFE,Slaughterhouse,210,97
Dec-10,TAYSIDE,GRAMPIAN,Slaughterhouse,735,66
Dec-10,TAYSIDE,LANCASHIRE,Slaughterhouse,46,6
Dec-10,TAYSIDE,SHROPSHIRE,Slaughterhouse,5,6
Dec-10,TAYSIDE,STRATHCLYDE,Slaughterhouse,323,165
Dec-10,TAYSIDE,TAYSIDE,Slaughterhouse,941,0
Dec-10,TAYSIDE,0,Slaughterhouse,55,2
Dec-10,TYNE & WEAR,CENTRAL,Slaughterhouse,44,1
Dec-10,TYNE & WEAR,CLEVELAND,Slaughterhouse,0,13
Dec-10,TYNE & WEAR,CUMBRIA,Slaughterhouse,0,1
Dec-10,TYNE & WEAR,DURHAM,Slaughterhouse,8,6
Dec-10,TYNE & WEAR,GREATER MANCHESTER,Slaughterhouse,0,11
Dec-10,TYNE & WEAR,HUMBERSIDE,Slaughterhouse,0,2
Dec-10,TYNE & WEAR,LANCASHIRE,Slaughterhouse,20,2
Dec-10,TYNE & WEAR,LINCOLNSHIRE,Slaughterhouse,0,1
Dec-10,TYNE & WEAR,NORTH YORKSHIRE,Slaughterhouse,18,4
Dec-10,TYNE & WEAR,SOUTH YORKSHIRE,Slaughterhouse,20,0
Dec-10,TYNE & WEAR,STRATHCLYDE,Slaughterhouse,11,2
Dec-10,TYNE & WEAR,TYNE & WEAR,Slaughterhouse,60,1
Dec-10,WARWICKSHIRE,BEDFORDSHIRE,Slaughterhouse,119,5
Dec-10,WARWICKSHIRE,CENTRAL,Slaughterhouse,20,0
Dec-10,WARWICKSHIRE,CHESHIRE,Slaughterhouse,0,2
Dec-10,WARWICKSHIRE,DERBYSHIRE,Slaughterhouse,3,2
Dec-10,WARWICKSHIRE,DEVON,Slaughterhouse,0,3
Dec-10,WARWICKSHIRE,ESSEX,Slaughterhouse,0,2
Dec-10,WARWICKSHIRE,GLOUCESTERSHIRE,Slaughterhouse,2,0
Dec-10,WARWICKSHIRE,GRAMPIAN,Slaughterhouse,0,14
Dec-10,WARWICKSHIRE,GREATER MANCHESTER,Slaughterhouse,0,27
Dec-10,WARWICKSHIRE,HEREFORD & WORCESTER,Slaughterhouse,7,6
Dec-10,WARWICKSHIRE,HIGHLAND,Slaughterhouse,0,9
Dec-10,WARWICKSHIRE,LANCASHIRE,Slaughterhouse,81,4
Dec-10,WARWICKSHIRE,LEICESTERSHIRE,Slaughterhouse,55,12
Dec-10,WARWICKSHIRE,LINCOLNSHIRE,Slaughterhouse,447,48
Dec-10,WARWICKSHIRE,MID GLAMORGAN,Slaughterhouse,171,0
Dec-10,WARWICKSHIRE,NORFOLK,Slaughterhouse,0,11
Dec-10,WARWICKSHIRE,NORTH YORKSHIRE,Slaughterhouse,31,11
Dec-10,WARWICKSHIRE,NOTTINGHAMSHIRE,Slaughterhouse,0,9
Dec-10,WARWICKSHIRE,OXFORDSHIRE,Slaughterhouse,59,36
Dec-10,WARWICKSHIRE,SHROPSHIRE,Slaughterhouse,140,4
Dec-10,WARWICKSHIRE,SOMERSET,Slaughterhouse,5,0
Dec-10,WARWICKSHIRE,SOUTH YORKSHIRE,Slaughterhouse,15,7
Dec-10,WARWICKSHIRE,STAFFORDSHIRE,Slaughterhouse,94,21
Dec-10,WARWICKSHIRE,STRATHCLYDE,Slaughterhouse,0,3
Dec-10,WARWICKSHIRE,SURREY,Slaughterhouse,78,0
Dec-10,WARWICKSHIRE,WARWICKSHIRE,Slaughterhouse,53,1
Dec-10,WARWICKSHIRE,WEST MIDLANDS,Slaughterhouse,8,0
Dec-10,WARWICKSHIRE,WILTSHIRE,Slaughterhouse,8,2
Dec-10,WARWICKSHIRE,0,Slaughterhouse,180,19
Dec-10,WESTERN ISLES,GRAMPIAN,Slaughterhouse,0,1
Dec-10,WESTERN ISLES,WESTERN ISLES,Slaughterhouse,3,0
Dec-10,WESTERN ISLES,0,Slaughterhouse,38,1
Dec-10,WEST GLAMORGAN,AVON,Slaughterhouse,2,7
Dec-10,WEST GLAMORGAN,DEVON,Slaughterhouse,1,0
Dec-10,WEST GLAMORGAN,DYFED,Slaughterhouse,49,3
Dec-10,WEST GLAMORGAN,GREATER MANCHESTER,Slaughterhouse,0,2
Dec-10,WEST GLAMORGAN,LANCASHIRE,Slaughterhouse,7,0
Dec-10,WEST GLAMORGAN,MID GLAMORGAN,Slaughterhouse,89,0
Dec-10,WEST GLAMORGAN,OXFORDSHIRE,Slaughterhouse,0,2
Dec-10,WEST GLAMORGAN,POWYS,Slaughterhouse,4,0
Dec-10,WEST GLAMORGAN,SHROPSHIRE,Slaughterhouse,0,2
Dec-10,WEST GLAMORGAN,SOMERSET,Slaughterhouse,4,2
Dec-10,WEST GLAMORGAN,STAFFORDSHIRE,Slaughterhouse,0,1
Dec-10,WEST GLAMORGAN,SURREY,Slaughterhouse,15,0
Dec-10,WEST GLAMORGAN,WEST GLAMORGAN,Slaughterhouse,16,0
Dec-10,WEST GLAMORGAN,WILTSHIRE,Slaughterhouse,0,2
Dec-10,WEST GLAMORGAN,0,Slaughterhouse,24,0
Dec-10,WEST MIDLANDS,AVON,Slaughterhouse,0,2
Dec-10,WEST MIDLANDS,BEDFORDSHIRE,Slaughterhouse,0,2
Dec-10,WEST MIDLANDS,GLOUCESTERSHIRE,Slaughterhouse,0,1
Dec-10,WEST MIDLANDS,GREATER MANCHESTER,Slaughterhouse,0,4
Dec-10,WEST MIDLANDS,HUMBERSIDE,Slaughterhouse,0,1
Dec-10,WEST MIDLANDS,LANCASHIRE,Slaughterhouse,0,1
Dec-10,WEST MIDLANDS,MID GLAMORGAN,Slaughterhouse,10,0
Dec-10,WEST MIDLANDS,NOTTINGHAMSHIRE,Slaughterhouse,0,2
Dec-10,WEST MIDLANDS,OXFORDSHIRE,Slaughterhouse,0,9
Dec-10,WEST MIDLANDS,SHROPSHIRE,Slaughterhouse,14,2
Dec-10,WEST MIDLANDS,STAFFORDSHIRE,Slaughterhouse,1,43
Dec-10,WEST MIDLANDS,WARWICKSHIRE,Slaughterhouse,6,0
Dec-10,WEST MIDLANDS,WEST MIDLANDS,Slaughterhouse,0,1
Dec-10,WEST MIDLANDS,0,Slaughterhouse,9,1
Dec-10,WEST SUSSEX,AVON,Slaughterhouse,23,0
Dec-10,WEST SUSSEX,BEDFORDSHIRE,Slaughterhouse,42,4
Dec-10,WEST SUSSEX,DEVON,Slaughterhouse,1,0
Dec-10,WEST SUSSEX,EAST SUSSEX,Slaughterhouse,3,8
Dec-10,WEST SUSSEX,GREATER LONDON,Slaughterhouse,5,0
Dec-10,WEST SUSSEX,HAMPSHIRE,Slaughterhouse,45,5
Dec-10,WEST SUSSEX,KENT,Slaughterhouse,34,3
Dec-10,WEST SUSSEX,LANCASHIRE,Slaughterhouse,0,1
Dec-10,WEST SUSSEX,LINCOLNSHIRE,Slaughterhouse,115,0
Dec-10,WEST SUSSEX,NORFOLK,Slaughterhouse,0,1
Dec-10,WEST SUSSEX,OXFORDSHIRE,Slaughterhouse,14,0
Dec-10,WEST SUSSEX,SOMERSET,Slaughterhouse,634,17
Dec-10,WEST SUSSEX,SUFFOLK,Slaughterhouse,17,0
Dec-10,WEST SUSSEX,SURREY,Slaughterhouse,350,1
Dec-10,WEST SUSSEX,WEST SUSSEX,Slaughterhouse,18,0
Dec-10,WEST SUSSEX,0,Slaughterhouse,32,0
Dec-10,WEST YORKSHIRE,CENTRAL,Slaughterhouse,0,1
Dec-10,WEST YORKSHIRE,CHESHIRE,Slaughterhouse,0,0
Dec-10,WEST YORKSHIRE,CLEVELAND,Slaughterhouse,0,48
Dec-10,WEST YORKSHIRE,CUMBRIA,Slaughterhouse,0,14
Dec-10,WEST YORKSHIRE,DURHAM,Slaughterhouse,39,35
Dec-10,WEST YORKSHIRE,GREATER MANCHESTER,Slaughterhouse,63,99
Dec-10,WEST YORKSHIRE,HIGHLAND,Slaughterhouse,0,2
Dec-10,WEST YORKSHIRE,HUMBERSIDE,Slaughterhouse,23,15
Dec-10,WEST YORKSHIRE,LANCASHIRE,Slaughterhouse,406,22
Dec-10,WEST YORKSHIRE,LINCOLNSHIRE,Slaughterhouse,0,10
Dec-10,WEST YORKSHIRE,NORTH YORKSHIRE,Slaughterhouse,31,53
Dec-10,WEST YORKSHIRE,SOUTH YORKSHIRE,Slaughterhouse,265,10
Dec-10,WEST YORKSHIRE,WEST YORKSHIRE,Slaughterhouse,761,154
Dec-10,WEST YORKSHIRE,0,Slaughterhouse,42,3
Dec-10,WILTSHIRE,AVON,Slaughterhouse,903,7
Dec-10,WILTSHIRE,BEDFORDSHIRE,Slaughterhouse,83,0
Dec-10,WILTSHIRE,CENTRAL,Slaughterhouse,21,0
Dec-10,WILTSHIRE,DEVON,Slaughterhouse,27,20
Dec-10,WILTSHIRE,DORSET,Slaughterhouse,4,0
Dec-10,WILTSHIRE,DYFED,Slaughterhouse,16,3
Dec-10,WILTSHIRE,EAST SUSSEX,Slaughterhouse,7,3
Dec-10,WILTSHIRE,GLOUCESTERSHIRE,Slaughterhouse,24,55
Dec-10,WILTSHIRE,HAMPSHIRE,Slaughterhouse,29,9
Dec-10,WILTSHIRE,KENT,Slaughterhouse,0,7
Dec-10,WILTSHIRE,LANCASHIRE,Slaughterhouse,7,2
Dec-10,WILTSHIRE,LINCOLNSHIRE,Slaughterhouse,206,0
Dec-10,WILTSHIRE,MID GLAMORGAN,Slaughterhouse,124,0
Dec-10,WILTSHIRE,NORTH YORKSHIRE,Slaughterhouse,0,2
Dec-10,WILTSHIRE,OXFORDSHIRE,Slaughterhouse,29,39
Dec-10,WILTSHIRE,SHROPSHIRE,Slaughterhouse,10,0
Dec-10,WILTSHIRE,SOMERSET,Slaughterhouse,477,21
Dec-10,WILTSHIRE,SOUTH YORKSHIRE,Slaughterhouse,34,2
Dec-10,WILTSHIRE,STRATHCLYDE,Slaughterhouse,20,0
Dec-10,WILTSHIRE,SURREY,Slaughterhouse,137,0
Dec-10,WILTSHIRE,WILTSHIRE,Slaughterhouse,264,21
Dec-10,WILTSHIRE,0,Slaughterhouse,238,32
Dec-10,0,CENTRAL,Slaughterhouse,1,0
Dec-10,0,CORNWALL,Slaughterhouse,0,0
Dec-10,0,CUMBRIA,Slaughterhouse,5,1
Dec-10,0,DYFED,Slaughterhouse,3,0
Dec-10,0,GRAMPIAN,Slaughterhouse,1,0
Dec-10,0,HIGHLAND,Slaughterhouse,0,1
Dec-10,0,ORKNEY,Slaughterhouse,2,0
Dec-10,0,SHROPSHIRE,Slaughterhouse,0,4
Dec-10,0,SOUTH YORKSHIRE,Slaughterhouse,0,1
Dec-10,0,STRATHCLYDE,Slaughterhouse,3,1
Dec-10,0,TAYSIDE,Slaughterhouse,1,1
