record_id,domain,zone,sector,source_mass_kg,sold_mass_kg,sold_fraction,survey_weight,upper_fraction,covered
3823746405A180C9D09B,fish_farming,5,2.0,201.999998092652,141.39999866485638,0.7,100.08683958161524,1.0,True
81E457C349851ACC4475,fish_farming,5,1.0,15.0,3.0,0.2,249.71842379614398,1.0,True
C29408D43111CFE5FBD9,fish_farming,5,2.0,33.2850008010864,19.1329759305323,0.5748227570992822,90.82688232199834,1.0,True
D3A492CC49039524D1EA,fish_farming,5,2.0,10.0,9.0,0.9,10494.872996022868,1.0,True
84B4B1AD2953BB920889,fish_farming,5,2.0,20.1999998092652,20.1999998092652,1.0,250.7134209960758,1.0,True
0BA4F0C32B911A08408A,fish_farming,6,1.0,151.49999856948898,141.39999866485638,0.9333333333333333,612.7776160652271,1.0,True
DAB059CB27323282E93B,fish_farming,5,2.0,30.90000057220458,20.60000038146972,0.6666666666666666,92.19464571064869,1.0,True
1085FABAE224054865BD,fish_farming,6,1.0,250.0,248.0,0.992,220.39360073703324,1.0,True
EF5709A9FFB31DDB24C5,fish_farming,5,1.0,215.280000686646,95.680000305176,0.4444444444444444,267.2097542895478,1.0,True
5B5793018F6C0EC0B7BA,fish_farming,5,1.0,100.0,80.0,0.8,147.09724701252614,1.0,True
7A115D520F312DA7D21B,fish_farming,5,1.0,47.840000152588,35.880000114440996,0.75,386.9208202138476,1.0,True
F8167FB3F4446D7264DA,fish_farming,6,1.0,201.999998092652,186.84999823570308,0.9249999999999999,320.9573223539349,1.0,True
6FBAA560D87F52B8C5D3,fish_farming,5,2.0,300.0,150.0,0.5,317.55002256699424,1.0,True
2C991CBD6D4D6E50F0CF,fish_farming,5,2.0,30.0,18.0,0.6,87.51946083688352,1.0,True
AA2AD47145918B7A4405,fish_farming,5,2.0,353.499996662141,30.299999713897797,0.08571428571428572,267.4105453195741,1.0,True
D0AEE953C8E5047DDA93,fish_farming,5,2.0,100.0,25.0,0.25,119.94746839311445,1.0,True
8348A31AB2EB3AA7561D,fish_farming,5,2.0,282.79999732971277,252.49999761581498,0.8928571428571429,109.88603316864848,1.0,True
55A0647F504A68C54DA5,fish_farming,6,1.0,100.999999046326,100.999999046326,1.0,362.75903236184286,1.0,True
EBF6CCF05CD09BC4310F,fish_farming,5,1.0,125.0,62.5,0.5,404.16337389442515,1.0,True
19E73E3DE09F55065E98,fish_farming,5,2.0,60.0,51.42857142857142,0.8571428571428571,119.94746839311445,1.0,True
454FE353735E99BE9244,fish_farming,5,2.0,50.0,50.0,1.0,143.50857825604766,1.0,True
C138F17B96629BBFAD82,fish_farming,5,1.0,25.2499997615815,14.428571292332284,0.5714285714285714,167.73578758464285,1.0,True
44DA46E4CA0C533BFEE2,fish_farming,5,1.0,201.999998092652,196.94999814033568,0.975,128.7100911359604,1.0,True
3D7E4E3E305F33E88EC6,fish_farming,5,1.0,50.0,33.33333333333333,0.6666666666666665,2187.6155868675737,1.0,True
6011DAA772E86AC1B2F8,fish_farming,6,1.0,10.0,0.0,0.0,267.1275103809783,1.0,True
8EAD64C365DFC4D34C04,fish_farming,5,1.0,30.299999713897797,25.2499997615815,0.8333333333333334,232.5269186590044,1.0,True
430F28869A55D077988A,fish_farming,6,1.0,800.0,700.0,0.875,300.3866280944084,1.0,True
79CE29F5B3D67096129E,fish_farming,5,1.0,15.149999856948899,3.0,0.19801980384996376,233.9090011973429,1.0,True
ADCD68D047E8430D8CC7,fish_farming,5,1.0,1009.9999904632599,807.999992370608,0.8,437.02131956338826,1.0,True
6751721C1F4F3D42B10B,fish_farming,6,1.0,299.000000953675,0.0,0.0,203.069963868423,1.0,True
C281826AD5BC10DE3CDE,fish_farming,6,2.0,5.15000009536743,1.6333598646485565,0.31715724939846307,119.92466494236383,1.0,True
B2DE8F4DEAF56C874202,fish_farming,6,1.0,270.0,260.0,0.9629629629629629,348.2363456782142,1.0,True
C703C27CAF8A1B5B0962,fish_farming,5,1.0,25.0,15.0,0.6,256.5541199725852,1.0,True
169E8A0B079C4C9EA295,fish_farming,5,1.0,15.0,15.0,1.0,562.4259926398846,1.0,True
5ACFF254A95C6BC073DE,fish_farming,5,2.0,3.28,1.64,0.5,121.98613022560244,1.0,True
3C019A36885D01EE1013,fish_farming,6,1.0,3029.99997138978,3029.99997138978,1.0,393.3862495067235,1.0,True
66C6837E328C9951EFBE,fish_farming,6,1.0,25.2499997615815,10.0999999046326,0.4,235.37109306295991,1.0,True
95AF663A4FEDE90C0E7B,fish_farming,5,1.0,100.0,95.0,0.95,157.8092498633268,1.0,True
4EACE2F2DD95501178E9,fish_farming,6,1.0,11.960000038147,5.9800000190735,0.5,1044.845425087304,1.0,True
00DAB5971898159F4893,fish_farming,5,1.0,2019.9999809265198,1464.499986171727,0.7250000000000001,178.05798989754396,1.0,True
83F52B7A833BED3B383A,fish_farming,6,1.0,50.499999523163,45.4499995708467,0.9,474.33722443198616,1.0,True
39BE0B183A597B89DCAB,fish_farming,6,1.0,40.0,30.0,0.75,766.8359895976154,1.0,True
04586A69BC5B67B5C13B,fish_farming,5,2.0,389.000010490418,369.5500099658971,0.9500000000000001,299.8393845074952,1.0,True
2AD682D272372F53D525,fish_farming,5,2.0,50.499999523163,40.3999996185304,0.8,50.763677660470265,1.0,True
84624ACEEA7CF8B623DB,fish_farming,5,1.0,129.6000033617022,123.1200031936171,0.9500000000000001,131.86132129362082,1.0,True
B07F17CEEA0867C7DFED,fish_farming,5,1.0,38.900001049041805,25.28500068187717,0.6499999999999999,72.38104833146164,1.0,True
E93665D93D0F08994842,fish_farming,5,1.0,20.0,0.0,0.0,275.28949936389233,1.0,True
9D8DFF8C765F6A96B383,fish_farming,5,2.0,504.99999523162995,383.7999963760388,0.76,64.48504292716844,1.0,True
94958FD4CD6E830A8A33,fish_farming,5,1.0,680.7500183582315,661.3000178337106,0.9714285714285714,407.0364828184308,1.0,True
654CDF46AC02E35B5068,fish_farming,5,1.0,35.349999666214096,0.0,0.0,98.31320796571445,1.0,True
6C0CF3F177E94D87C67F,fish_farming,6,2.0,500.0,400.0,0.8,94.63059929880319,1.0,True
9263D6EBE739316138EC,fish_farming,6,1.0,30.299999713897797,20.1999998092652,0.6666666666666667,736.9481757765959,1.0,True
B025084FC49E2271C183,fish_farming,6,2.0,8.0,0.0,0.0,516.0000909735506,1.0,True
D9588A886684CABEB6F9,fish_farming,5,2.0,55.2119979858399,36.8079986572266,0.6666666666666666,80.11997789481255,1.0,True
4778575DF5634CCABA8F,fish_farming,5,2.0,605.9999942779559,504.99999523162995,0.8333333333333334,68.34543333766977,1.0,True
AFD6CB787CE2632C2B61,fish_farming,5,1.0,6.05999994277956,3.02999997138978,0.5,179.77970301427553,1.0,True
319B3D550B9AD76869CB,fish_farming,5,1.0,4.03999996185304,2.65915398429512,0.6582064379712116,267.2097542895478,1.0,True
D4480AE78997B19E9981,fish_farming,5,1.0,20.0,18.0,0.9,115.32192982229151,1.0,True
D9B4FA7750ED212B0BD8,fish_farming,5,1.0,179.400000572205,143.52000045776398,0.7999999999999999,383.7635428045711,1.0,True
E61A218D7A3028C26A83,fish_farming,5,1.0,77.80000209808361,29.17500078678135,0.37499999999999994,606.4680466517128,1.0,True
33F976A5564DED9CD424,fish_farming,5,1.0,1.23,0.615,0.5,208.1659719112665,1.0,True
EA79A43F81346C6B8005,fish_farming,6,1.0,600.0,0.0,0.0,1755.607103505146,1.0,True
E7F4F3CDF6596EB07006,fish_farming,5,1.0,1250.0,750.0,0.6,304.73826108639133,1.0,True
A99627360ABA06C7C3E7,fish_farming,5,1.0,1009.9999904632599,888.7999916076687,0.88,170.20249034324058,1.0,True
7CDD87276BCDD9EC8DA1,fish_farming,5,1.0,200.0,100.0,0.5,348.42883118472423,1.0,True
0C2A6B494046640A951E,fish_farming,5,1.0,807.999992370608,706.999993324282,0.875,277.74427975945525,1.0,True
F91260FF9CEBEA7A85BB,fish_farming,5,1.0,35.880000114440996,10.30000019073486,0.28706800885960176,240.32082055504537,1.0,True
CEB62BF9AEADE550F0D2,fish_farming,5,2.0,10.47399997711182,5.23699998855591,0.5,363.2690736064632,1.0,True
5DA8355157E3DB8308B0,fish_farming,5,1.0,30.299999713897797,20.1999998092652,0.6666666666666667,196.0448168153831,1.0,True
E89E1516D45454973139,fish_farming,5,1.0,3029.99997138978,3029.99997138978,1.0,74.34050518866648,1.0,True
E10C1C757DF15A98FF16,fish_farming,6,1.0,7.78000020980836,0.0,0.0,267.1275103809783,1.0,True
C3C92233AF85140EA010,fish_farming,5,1.0,389.000010490418,291.7500078678135,0.75,160.11731871368244,1.0,True
83076ED65EF4F88C8E47,fish_farming,6,1.0,127.49999761581424,97.2500026226045,0.7627451328716124,120.5746276911668,1.0,True
9B09DC76EB7A23A30A39,fish_farming,6,1.0,50.499999523163,50.499999523163,1.0,282.9520452422375,1.0,True
95787CE8D8512B20CFA3,fish_farming,5,1.0,4.0,3.0,0.75,402.67095837128204,1.0,True
BFBE2F4EF41EAC2DAEA0,fish_farming,5,1.0,31.42199993133546,26.184999942779548,0.8333333333333333,160.11731871368244,1.0,True
4C831695D81B04402A8B,fish_farming,6,1.0,605.9999942779559,504.99999523162995,0.8333333333333334,72.11152900667848,1.0,True
E1823A55A5FAEEABB8FB,fish_farming,6,2.0,353.499996662141,282.79999732971277,0.7999999999999999,96.15239036613833,1.0,True
ACE835AF3F50F2CFE3D5,fish_farming,5,1.0,30.0,20.0,0.6666666666666666,470.97868982589307,1.0,True
59E6EA934E7E111A18B0,fish_farming,5,1.0,100000.0,1000.0,0.01,1435.974866096582,1.0,True
4FC90A85EF9E26996D5F,fish_farming,6,1.0,8.07999992370608,0.0,0.0,629.3626603976994,1.0,True
47B7A67BABD17E8A84E5,fish_farming,5,1.0,3890.0001049041803,3851.1001038551385,0.99,325.8950050715647,1.0,True
270281B396E621A02F30,fish_farming,6,2.0,2302.800064086912,2110.900058746336,0.9166666666666667,86.37337878082565,1.0,True
FAB348E1CB88CD332EDA,fish_farming,5,1.0,2334.000062942508,2295.1000618934663,0.9833333333333334,1036.9386525004331,1.0,True
53F1A2646EB477A6AEB7,fish_farming,5,1.0,252.49999761581498,247.4499976634987,0.9800000000000001,407.0364828184308,1.0,True
8FC20A332D121F31A163,fish_farming,5,1.0,20000.0,1000.0,0.05,1435.974866096582,1.0,True
0435DD9C27864E4D78B9,fish_farming,6,1.0,400.0,390.0,0.975,214.3063158225443,1.0,True
B68E110A64C38EB51088,fish_farming,5,1.0,5.0,0.0,0.0,181.429058087801,1.0,True
8C1270FCDC80843E5E5E,fish_farming,5,2.0,47.840000152588,23.920000076294,0.5,90.82688232199834,1.0,True
07167A1D4CF4E6D0D73F,fish_farming,6,1.0,250.0,240.0,0.96,270.71313820788424,1.0,True
DBF5B136D145270906B3,fish_farming,5,2.0,20.0,20.0,1.0,248.03951797341566,1.0,True
AA928D5212A9ACF24962,fish_farming,6,1.0,5.0,3.0,0.6,154.2913061520546,1.0,True
1807551F5EE71809F7D4,fish_farming,5,2.0,200.0,180.0,0.9,61.854142738299586,1.0,True
7721893AB6030003D1C5,fish_farming,5,2.0,30.0,15.0,0.5,87.51946083688352,1.0,True
E60AC180D03C4375B246,fish_farming,6,1.0,43.2000011205674,38.88000100851066,0.9,411.7818515215962,1.0,True
2D0B23C4887C05746710,fish_farming,5,2.0,90.8999991416934,80.7999992370608,0.888888888888889,66.1547926958256,1.0,True
42C6D471B9C873FED7BA,fish_farming,5,2.0,57.570001602172795,38.3800010681152,0.6666666666666667,165.24745440805086,1.0,True
6A9F88CEAC61D878C8D2,fish_farming,5,2.0,60.599999427795595,50.499999523163,0.8333333333333334,95.53339692913842,1.0,True
B2F97DE203CDA949937A,fish_farming,6,1.0,5.0,0.0,0.0,149.3144879730464,1.0,True
A68C37B30FF32813D6A6,fish_farming,6,2.0,12.0,0.0,0.0,516.0000909735506,1.0,True
B439FD437A0528543565,fish_farming,6,1.0,750.0,110.0,0.14666666666666667,266.3078072868117,1.0,True
CBD1F66239136109C7B7,fish_farming,5,2.0,19.2799997329712,0.0,0.0,63.23949674651804,1.0,True
F8193E6672BF53DDDB54,fish_farming,5,1.0,100.0,12.0,0.12,1312.2457678236224,1.0,True
853B499D8A886A44DE07,fish_farming,5,1.0,25.75000047683715,15.24603979095574,0.5920792042186555,279.8509324898821,1.0,True
E54A245EECC3C7EB1469,fish_farming,5,1.0,8.07999992370608,6.05999994277956,0.75,1004.6479883810033,1.0,True
B5D763215F0BA2CCE6BC,fish_farming,5,2.0,108.0000028014185,97.20000252127664,0.8999999999999999,281.15981037266306,1.0,True
AB0B0A754FE755389FC0,fish_farming,5,1.0,12.0,7.0,0.5833333333333334,617.4452343735664,1.0,True
DE62FCF278EE69DE590C,fish_farming,5,1.0,100.999999046326,90.8999991416934,0.9,166.53639762339924,1.0,True
BB3BB42221C73DB18F62,fish_farming,6,1.0,60.599999427795595,50.499999523163,0.8333333333333334,580.926400199242,1.0,True
D35F219B61E41D17FAE5,fish_farming,6,1.0,500.0,400.0,0.8,320.9573223539349,1.0,True
C2A5CDCFDEA5CB1CD71D,fish_farming,6,1.0,700.0,600.0,0.8571428571428571,320.9573223539349,1.0,True
E1D901A970920C36D90B,fish_farming,5,2.0,5.15000009536743,1.0139376178400104,0.19688108719688682,282.45931208875805,1.0,True
B94058915914E9A5AEE2,fish_farming,5,1.0,200.0,150.0,0.75,689.5987283864333,1.0,True
CB155D565E62AD838B0C,fish_farming,6,1.0,141.39999866485638,136.3499987125401,0.9642857142857144,367.34938635895816,1.0,True
07F6D5A1DFD8E53CCB64,fish_farming,6,1.0,450.0,450.0,1.0,344.87122454163034,1.0,True
D5E02230BBAC9B46CD0A,fish_farming,6,1.0,10.0,0.0,0.0,814.1009599279394,1.0,True
DFCE92491F3DF5B725F5,fish_farming,5,2.0,116.7000031471254,19.450000524520902,0.16666666666666669,121.37579753323418,1.0,True
5A1ECE594C25103C2E8E,fish_farming,5,1.0,200.0,80.0,0.4,689.5987283864333,1.0,True
1D81AF4A9F4C7575E1D3,fish_farming,6,1.0,23.34000062942508,19.450000524520902,0.8333333333333334,235.37109306295991,1.0,True
DF4CD25755655A24A654,fish_farming,6,2.0,14.0,0.0,0.0,265.94962672026134,1.0,True
16E937D411D07F5135D1,fish_farming,5,1.0,51.5000009536743,20.600000381469727,0.40000000000000013,258.44819162124764,1.0,True
F0AF67D7D0E690EDAEBB,fish_farming,5,2.0,10.0999999046326,8.416666587193832,0.8333333333333333,118.83582571281387,1.0,True
236D0D635821C0F7DE03,fish_farming,5,1.0,30.0,28.0,0.9333333333333333,710.3886863406075,1.0,True
0B8A9ACCAAD799B1B0D3,fish_farming,6,2.0,764.9999856948854,38.900001049041805,0.05084967552477417,422.30958804833625,1.0,True
D9EA357B16951A096899,fish_farming,5,2.0,12.11999988555912,10.0999999046326,0.8333333333333334,71.25018153750965,1.0,True
BD368C66A5DE5A19F7DD,fish_farming,5,1.0,7.0,5.0,0.7142857142857143,345.6007061669973,1.0,True
7532745F56833DB3AC12,fish_farming,6,1.0,5.0,0.0,0.0,437.5992496537902,1.0,True
F1054E954683FD4B2A0C,fish_farming,6,1.0,59.800000190735,49.833333492279166,0.8333333333333334,110.77667435379419,1.0,True
DBDAF55DD9742D47366D,fish_farming,5,1.0,23.920000076294,11.960000038147,0.5,513.1082399451705,1.0,True
A85A6576DFD11854BCBE,fish_farming,5,2.0,389.000010490418,350.1000094413762,0.9,164.93590615524812,1.0,True
D45EF60848C2B1EE6040,fish_farming,6,2.0,10.0,7.6923076923076925,0.7692307692307693,265.94962672026134,1.0,True
A593EA6B33ADC7DDAB71,fish_farming,6,1.0,75.0,60.0,0.8,454.83969533110985,1.0,True
24D032452F5E3D0D0202,fish_farming,6,1.0,1000.0,955.0,0.955,282.315129845365,1.0,True
39772DB883FE2AF75DC0,fish_farming,5,1.0,2.0,1.0,0.5,529.2010813182147,1.0,True
003A15E78A306CE30C05,fish_farming,5,2.0,6.05999994277956,4.03999996185304,0.6666666666666666,14.553152585265964,1.0,True
771A71D72E49FAD8A1BD,fish_farming,6,2.0,4797.5001335144,4797.5001335144,1.0,116.6368338345631,1.0,True
129BE517A763CAE8A52D,fish_farming,5,1.0,10.0,8.0,0.8,147.09724701252614,1.0,True
3AA75CC4920B085B52C4,fish_farming,5,2.0,3.02999997138978,2.744923132064053,0.9059152336575865,81.59717481225827,1.0,True
51FB98F14829E79E48D0,fish_farming,6,1.0,50.9999990463257,0.0,0.0,415.25484821942234,1.0,True
A62CDF381D73BB737E9D,fish_farming,5,1.0,20000.0,18000.0,0.9,602.5618321639083,1.0,True
38D9FE2210A80DC2ECB4,fish_farming,6,1.0,403.999996185304,201.999998092652,0.5,361.7487130471332,1.0,True
0D52D614D30A8CEE7F76,fish_farming,5,2.0,15.149999856948899,13.12999987602238,0.8666666666666667,149.33950762493956,1.0,True
244F32FE1DEFCAAF4150,fish_farming,5,1.0,5.15000009536743,0.0,0.0,496.17260354887463,1.0,True
1AE62809A69EB01E8178,fish_farming,5,2.0,5.5475001335144,0.0,0.0,287.99692201548487,1.0,True
E8429B1B0BE622CC760F,fish_farming,5,1.0,10.30000019073486,7.199766318692596,0.6990064257638547,254.40993862716562,1.0,True
59536FD12D030891C19B,fish_farming,5,1.0,30.299999713897797,15.149999856948899,0.5,569.3005267492354,1.0,True
05B69E4902F31D6CED6D,fish_farming,5,2.0,47.840000152588,23.920000076294,0.5,109.10759450998147,1.0,True
4DD0D2A85BDC0F1F363B,fish_farming,5,2.0,36.05000066757201,30.90000057220458,0.8571428571428572,263.9239067002408,1.0,True
063A3C43506DB0892F6C,fish_farming,5,1.0,300.0,150.0,0.5,157.8092498633268,1.0,True
08359901CD5B77AC6DCB,fish_farming,5,1.0,400.0,370.0,0.925,157.8092498633268,1.0,True
C87D469E36E9B5EBBFF5,fish_farming,5,2.0,38.900001049041805,19.450000524520902,0.5,45.675552241294604,1.0,True
101C28217B785D5F96AF,fish_farming,6,1.0,31.25,31.25,1.0,940.3608825785734,1.0,True
952A0250A03E721DDD1F,fish_farming,5,1.0,252.49999761581498,151.49999856948898,0.6,134.83914309481565,1.0,True
E70591776FAADB2A64BB,fish_farming,5,1.0,5.0499999523163,4.574871886773422,0.9059152336575865,484.3045505982379,1.0,True
AAEAEF8131B3B391468F,fish_farming,5,1.0,13.61500036716463,3.89000010490418,0.28571428571428575,406.28592764227653,1.0,True
BFEBAB0A16F78412AC68,fish_farming,5,1.0,13.12999987602238,9.268235206604032,0.7058823529411764,279.8509324898821,1.0,True
D7E1D30CCB6605802599,fish_farming,6,1.0,1009.9999904632599,504.99999523162995,0.5,378.4253329103915,1.0,True
FF4A427DBB7E681DF55D,fish_farming,5,2.0,4.8199999332428,2.89199995994568,0.6000000000000001,382.86620860449455,1.0,True
8603DE26FA6C64B4C626,fish_farming,5,1.0,101.9999980926514,38.900001049041805,0.38137256643580625,279.8509324898821,1.0,True
94E0ED75679A96D682D4,fish_farming,6,1.0,5.0499999523163,0.0,0.0,474.33722443198616,1.0,True
444E2751B35A09E70146,fish_farming,5,2.0,11.960000038147,0.0,0.0,79.85788646945514,1.0,True
107DDE65369870293DC9,fish_farming,5,1.0,0.432000011205674,0.14400000373522467,0.33333333333333337,141.83385858364002,1.0,True
0633E886535696C1DAC4,fish_farming,5,2.0,5.0,2.5,0.5,402.6542658807114,1.0,True
3B686D39AD30715FE85B,fish_farming,5,1.0,1000.0,600.0,0.6,356.70100057584204,1.0,True
BA39698B031D83FBCAB8,fish_farming,5,1.0,70.02000188827525,62.24000167846688,0.8888888888888888,452.4744959249483,1.0,True
FF6C8072703F88A8FF1D,fish_farming,5,2.0,25.2499997615815,20.1999998092652,0.8,63.23949674651804,1.0,True
BFF4A0741AA0F8245067,fish_farming,6,1.0,458.99999141693127,3.0,0.006535947834637232,314.91517430442406,1.0,True
3C9D2532FB5D7E90C850,fish_farming,5,1.0,60.0,30.0,0.5,554.5044997858017,1.0,True
461AE66CDBDD40135B21,fish_farming,5,2.0,166.425004005432,47.13299989700319,0.28320864511119254,238.79016168377163,1.0,True
ECCD5B9F68F373981587,fish_farming,5,2.0,15.45000028610229,13.179886091698195,0.8530670451542888,140.70523569419538,1.0,True
6AB70172B1B87FC9906B,fish_farming,6,2.0,7.0,5.0,0.7142857142857143,703.8493134138938,1.0,True
54A96C4FFF2F9F8E9048,fish_farming,5,1.0,1009.9999904632599,302.99999713897796,0.3,144.77155703289824,1.0,True
F5BC3915C21F078D58DF,fish_farming,5,2.0,3.02999997138978,1.00999999046326,0.3333333333333333,14.553152585265964,1.0,True
0EF87610B7AA6A8341B7,fish_farming,6,1.0,1529.9999713897707,1529.9999713897707,1.0,160.40008121456643,1.0,True
A33FE0A76DF589E7F933,fish_farming,5,1.0,100000.0,99983.33611064822,0.9998333611064822,408.5847824777826,1.0,True
8D3838999E6EBA10B745,fish_farming,5,2.0,100.999999046326,90.8999991416934,0.9,25.589302748876364,1.0,True
A11656C11AF011C4717B,fish_farming,5,2.0,35.880000114440996,17.940000057220498,0.5,90.82688232199834,1.0,True
17B7860C63280129F608,fish_farming,5,1.0,110.4239959716798,92.01999664306649,0.8333333333333333,149.3228927329847,1.0,True
35CA621DB555D7515659,fish_farming,5,1.0,661.3000178337106,145.87500393390675,0.22058823529411764,472.63229454725973,1.0,True
29C25BE6F07E0A4D30FB,fish_farming,5,2.0,26.184999942779548,9.452884182332763,0.3610037885426604,608.9098271336533,1.0,True
681FA4D00A26AB377CB7,fish_farming,5,1.0,20.1999998092652,10.0999999046326,0.5,284.6046411756365,1.0,True
E860C2B4AEEC24F8C0D7,fish_farming,6,2.0,3.0,0.0,0.0,312.33313282741534,1.0,True
64294E5CCCC1FF89806C,fish_farming,5,1.0,2500.0,2420.0,0.968,592.5363728573905,1.0,True
83498B58CC62BA6CA3FB,fish_farming,5,1.0,71.76000022888199,61.50857162475599,0.8571428571428571,210.61651276793518,1.0,True
19482526C9A89482D1C4,fish_farming,5,2.0,100.999999046326,80.7999992370608,0.8,30.92792426964005,1.0,True
4B39AC975701669726D6,fish_farming,5,2.0,509.99999046325695,8.07999992370608,0.015843137401564726,496.484069924496,1.0,True
11ADD004DDD08B5728C3,fish_farming,5,1.0,40.0,20.0,0.5,295.15333948327947,1.0,True
0B3C154513E091D775A1,fish_farming,6,1.0,959.50002670288,0.0,0.0,127.55001937577974,1.0,True
C0953BD9425B49111C69,fish_farming,5,1.0,252.49999761581498,201.999998092652,0.8,147.09724701252614,1.0,True
8FCBA719CB35E6577C08,fish_farming,5,2.0,33.2850008010864,16.6425004005432,0.5,67.09825330827736,1.0,True
A68FE93968E9E6E1BD54,fish_farming,5,1.0,50.9999990463257,50.91100295268341,0.9982549785234026,414.5939740590847,1.0,True
A080D6348C20B67C0D70,fish_farming,6,1.0,100.0,99.67105262848314,0.9967105262848314,562.0841090433398,1.0,True
4F61C5697CAF868F9681,fish_farming,6,1.0,1.00999999046326,0.0,0.0,44.07184709990889,1.0,True
FC46DC30278EFC6CF9AF,fish_farming,5,2.0,25.2499997615815,15.149999856948899,0.6,170.25495302647664,1.0,True
B203700612F6BDEB2851,fish_farming,5,1.0,2549.9999523162846,1784.9999666213994,0.7000000000000001,717.3361345781911,1.0,True
1347523A23C6A8A96F19,fish_farming,5,2.0,5.0,2.5,0.5,494.1665990354186,1.0,True
CC5006DC30C238B804B3,fish_farming,5,2.0,358.80000114441,346.840001106263,0.9666666666666668,214.13136767631283,1.0,True
D98F332317477C4E5A3C,fish_farming,5,2.0,201.999998092652,151.49999856948898,0.7499999999999999,61.854142738299586,1.0,True
0ACD29245105D50B68C0,fish_farming,6,1.0,250.0,100.0,0.4,149.8403140239743,1.0,True
782C50ACE12DE7BDC410,fish_farming,6,1.0,403.999996185304,151.49999856948898,0.37499999999999994,362.30942600945696,1.0,True
2B7857379CCC485A24E8,fish_farming,6,1.0,50.0,35.0,0.7,1238.2708769023436,1.0,True
307156C17E3DCD857096,fish_farming,5,2.0,5.0499999523163,4.03999996185304,0.7999999999999999,151.13877880114362,1.0,True
0AA8EBED4354DFE1945F,fish_farming,5,2.0,15.24,12.7,0.8333333333333333,187.09613043740967,1.0,True
B5E9276AEDCD435CC375,fish_farming,6,2.0,2524.99997615815,2494.699976444252,0.988,197.89110414783926,1.0,True
03CF0987B4E882E3DFD0,fish_farming,6,1.0,20.0,10.0,0.5,256.75346666507835,1.0,True
AC1E2AF5864381FFCEC0,fish_farming,6,1.0,6000.0,2000.0,0.3333333333333333,407.80308901790886,1.0,True
EFB4793F04E669E53194,fish_farming,5,1.0,1009.9999904632599,994.849990606311,0.9850000000000001,566.7739218635907,1.0,True
3763845A46C20DE81EA6,fish_farming,6,1.0,10.0,8.333333333333334,0.8333333333333334,227.39676419256813,1.0,True
58D0F7BE4E6F88BA76B8,fish_farming,6,2.0,509.99999046325695,509.99999046325695,1.0,117.06810075356019,1.0,True
DA1683DB8BD26A1D5F56,fish_farming,5,1.0,10.0,0.0,0.0,554.5044997858017,1.0,True
B04064A5E3DF9EBABFF2,fish_farming,6,1.0,1500.0,1000.0,0.6666666666666666,218.78189531964875,1.0,True
6786238DB35E62E55C8B,fish_farming,6,1.0,2.5499999523162846,2.543082767318526,0.9972873783815269,393.56402523680663,1.0,True
263794A95CC9AC1C83E9,fish_farming,5,1.0,201.999998092652,68.07500183582316,0.3370049627653906,144.77155703289824,1.0,True
B38A3BF73B4C544EB851,fish_farming,6,1.0,200.0,200.0,1.0,276.05077584608534,1.0,True
AC2960CFC1B7ECD8FA30,fish_farming,6,1.0,70.0,65.0,0.9285714285714286,315.3054506567615,1.0,True
B94E05002BC13B1F93FE,fish_farming,5,2.0,38.3800010681152,25.586667378743467,0.6666666666666667,174.0375253683795,1.0,True
9F1ED6D4EEF45F92AC91,fish_farming,5,2.0,201.999998092652,141.39999866485638,0.7,100.08683958161524,1.0,True
AFDCF9F1E086DBF27200,fish_farming,5,1.0,100.0,75.0,0.75,312.2711222881963,1.0,True
5E3AEEA7F05D483EFF69,fish_farming,6,1.0,20.1999998092652,14.139999866485638,0.6999999999999998,125.17724627239213,1.0,True
48A9B17EB32172913F02,fish_farming,5,1.0,20000.0,3890.0001049041803,0.19450000524520902,325.8950050715647,1.0,True
1184D69D1F9C0B5A3B27,fish_farming,5,1.0,30.299999713897797,25.971428326198115,0.8571428571428572,285.2679419551143,1.0,True
2D2E437A5C8CF605685F,fish_farming,5,1.0,15.0,10.0,0.6666666666666666,200.89002020914836,1.0,True
9D9E654B3C0CEBE5FEF9,fish_farming,5,2.0,332.850008010864,0.0,0.0,37.6305797145714,1.0,True
88983ACA736743A64141,fish_farming,5,1.0,23.920000076294,11.960000038147,0.5,96.20294971392514,1.0,True
31C0807D46904752958E,fish_farming,5,1.0,61.80000114440916,0.0,0.0,267.0939429708281,1.0,True
EAAFD31DFAC4C134C67A,fish_farming,6,1.0,20.0,19.725123695202228,0.9862561847601115,624.7632421912446,1.0,True
CE7E7A3492E610C3F2CD,fish_farming,6,1.0,300.0,290.0,0.9666666666666667,378.4253329103915,1.0,True
797EA7426D47AE1FC902,fish_farming,5,1.0,504.99999523162995,25.2499997615815,0.05,249.71842379614398,1.0,True
0F08EC0D0ECEE6385EA9,fish_farming,5,1.0,12.0,10.0,0.8333333333333334,123.92708304278287,1.0,True
5B33C94A1BAB5CE06273,fish_farming,5,1.0,15.0,3.0,0.2,249.71842379614398,1.0,True
4BAD752D6B4989204412,fish_farming,5,1.0,2322.999978065498,2322.999978065498,1.0,286.07169826840936,1.0,True
BAF387A519A409686F23,fish_farming,6,1.0,15000.0,8000.0,0.5333333333333333,224.4767413406343,1.0,True
5B14B1A2EEE20B11429B,fish_farming,6,1.0,50.0,35.714285714285715,0.7142857142857143,708.4910759153637,1.0,True
E8D021EE63635B480A73,fish_farming,5,1.0,47.840000152588,35.880000114440996,0.75,120.26911722385192,1.0,True
67DAA96DC698083F9D61,fish_farming,6,1.0,151.49999856948898,80.0,0.52805281026657,320.9573223539349,1.0,True
EE16D48B83A939D7F561,fish_farming,5,2.0,350.0,200.0,0.5714285714285714,334.26318164946764,1.0,True
2EF5B6717CD74D0D2EE0,fish_farming,6,1.0,59.58999943733234,25.2499997615815,0.423728813559322,304.61522370580104,1.0,True
6D5E4F34B042D23A9217,fish_farming,5,1.0,10.30000019073486,7.199766318692596,0.6990064257638547,179.64316420468845,1.0,True
37F7A1E8E350066BE1FA,fish_farming,6,1.0,4.03999996185304,3.02999997138978,0.75,334.84482564639814,1.0,True
F44212724018C2B3C43B,fish_farming,6,2.0,9.725000262260451,5.0,0.5141388036156016,144.92542840575373,1.0,True
CBA9920BF7C4C4DABF8F,fish_farming,5,2.0,5.0,3.777506129572533,0.7555012259145066,494.1665990354186,1.0,True
48D1722E6870D712310A,fish_farming,6,1.0,25.2499997615815,20.1999998092652,0.8,289.38968033585786,1.0,True
24EA66DF0204ADCB3BAA,fish_farming,5,1.0,2.5499999523162846,2.518210659630085,0.9875336104781791,538.763651942429,1.0,True
92407701C81AF3ACFC83,fish_farming,5,1.0,1.94500005245209,1.4002880041486563,0.7199423991702687,30.73765520813584,1.0,True
66F43A42D4F6260C2218,fish_farming,5,1.0,3838.00010681152,2878.50008010864,0.75,317.6457304262428,1.0,True
0703CA0C84DE7F8A5045,fish_farming,5,1.0,1211.9999885559118,959.499990940097,0.7916666666666667,340.40498068648117,1.0,True
B77B3714E76A2A7FB302,fish_farming,6,1.0,2039.9999618530278,2038.930702613084,0.9994758533039517,251.76168691152154,1.0,True
10CE6AC82765780CDEA8,fish_farming,5,2.0,23.920000076294,11.960000038147,0.5,145.86576806147258,1.0,True
BEA14A87DE34DD1FC635,fish_farming,5,2.0,141.39999866485638,121.19999885559119,0.8571428571428572,61.854142738299586,1.0,True
5EA2178A500CFD67FB9A,fish_farming,6,2.0,35.349999666214096,30.299999713897797,0.8571428571428572,174.73018953601715,1.0,True
3E8858F4EB2D6B292FF0,fish_farming,5,1.0,38.900001049041805,35.36363731731073,0.9090909090909092,187.0979514534361,1.0,True
A743CFFCDF3BEC4BE190,fish_farming,5,1.0,2100.0,1800.0,0.8571428571428571,428.7198633464017,1.0,True
96FF91892AA09E25814C,fish_farming,5,2.0,151.49999856948898,100.999999046326,0.6666666666666667,95.53339692913842,1.0,True
A378D2B19561F76B0C73,fish_farming,5,2.0,80.0,60.0,0.75,252.4145730158277,1.0,True
AB34F637C2A1F0F38043,fish_farming,6,2.0,150.0,2.0,0.013333333333333334,138.12256638303526,1.0,True
401337173A92F6CB3FE1,fish_farming,5,1.0,3.0,0.0,0.0,210.16085052940335,1.0,True
6BE304911FEBB7DE4D9E,fish_farming,6,1.0,252.49999761581498,100.0,0.3960396076999275,310.8839867678008,1.0,True
18C73D7ACBEBA5D05FBD,fish_farming,6,1.0,1200.0,1000.0,0.8333333333333334,315.5745286012968,1.0,True
395A589FFF468BB289E9,fish_farming,5,2.0,35.880000114440996,23.920000076294,0.6666666666666667,128.46241181446734,1.0,True
735F63A808F393C44D6C,fish_farming,5,2.0,504.99999523162995,403.999996185304,0.8,68.34543333766977,1.0,True
24773857774491EB2DE0,fish_farming,5,2.0,778.000020980836,389.000010490418,0.5,29.882135256087917,1.0,True
873F912658E7305DFD62,fish_farming,5,1.0,10.0999999046326,3.02999997138978,0.3,210.61651276793518,1.0,True
39D7DD3A6C03B6CAA1E6,fish_farming,5,2.0,38.3800010681152,15.352000427246079,0.39999999999999997,76.77222856058775,1.0,True
A33A34D66DEB46338278,fish_farming,6,1.0,1009.9999904632599,908.999991416934,0.9000000000000001,250.52452874488017,1.0,True
B5B1DCAEBEC7F3DA17B1,fish_farming,5,1.0,605.9999942779559,605.9999942779559,1.0,74.34050518866648,1.0,True
9ED96AE25BC05239BFD9,fish_farming,5,1.0,59.800000190735,53.8200001716615,0.9,117.9793317397609,1.0,True
6FB70893B33FE3920814,fish_farming,5,1.0,5.15000009536743,2.575000047683715,0.5,283.71674777785273,1.0,True
C857093D4C1182ADF07F,fish_farming,6,1.0,75.74999928474449,15.299999713897709,0.20198019615003507,286.68623227128097,1.0,True
90B58A1A49328D6E113A,fish_farming,6,2.0,35.880000114440996,0.0,0.0,42.12397844174044,1.0,True
6623F35F030EA54D04E4,fish_farming,5,1.0,1.94500005245209,0.0,0.0,30.73765520813584,1.0,True
59EB3A12330122187389,fish_farming,5,1.0,50.499999523163,10.0999999046326,0.2,279.8509324898821,1.0,True
35A6A1C59EE65B2EFC0E,fish_farming,5,2.0,10.0999999046326,10.0999999046326,1.0,144.85493736056185,1.0,True
0AC53E11864B1DCFD14E,fish_farming,5,2.0,47.840000152588,28.704000091552796,0.6,145.86576806147258,1.0,True
D253CBF4DF89C62654BD,fish_farming,6,2.0,5.0499999523163,4.03999996185304,0.7999999999999999,34.68908174612104,1.0,True
F5ADD39129E5B4523CB8,fish_farming,5,1.0,1361.500036716463,291.7500078678135,0.2142857142857143,279.45788372608683,1.0,True
8870A4638CE4839F3BA5,fish_farming,5,2.0,26.184999942779548,1.512000039219859,0.05774298424762034,79.13814730858974,1.0,True
4DED5EDFD4A1B47E9362,fish_farming,6,1.0,25.0,15.0,0.6,606.9416387693677,1.0,True
65E5B81F79E2F9942D4E,fish_farming,6,1.0,858.4999918937709,848.3999919891384,0.9882352941176471,38.87354074050027,1.0,True
0C5684F8973905FE015B,fish_farming,6,1.0,500.0,500.0,1.0,298.88839460274625,1.0,True
FA5565157540A0F40073,fish_farming,6,2.0,110.0,110.0,1.0,223.94662984899128,1.0,True
9D691A6F2C8A5D845DFE,fish_farming,5,1.0,87.52500236034405,48.62500131130225,0.5555555555555556,317.6457304262428,1.0,True
E748EF91FA6D12920BBC,fish_farming,6,1.0,15.0,0.0,0.0,155.65032753897674,1.0,True
C367792D9ADD0B1EB6DF,fish_farming,5,1.0,90.0,50.0,0.5555555555555556,304.73826108639133,1.0,True
3AD740FAD80C40B07F32,fish_farming,5,1.0,2000.0,1700.0,0.85,452.4744959249483,1.0,True
C404090EEFFAFEBA479C,fish_farming,6,1.0,509.99999046325695,116.7000031471254,0.22882353986148374,1238.2708769023436,1.0,True
50F665DA5163B2E8D788,fish_farming,5,2.0,193.9199981689459,118.16999888420142,0.609375,196.35208554684846,1.0,True
728745A64249CBB767D6,fish_farming,5,1.0,3.0,2.0,0.6666666666666666,343.17929434682446,1.0,True
42ECA715A3D0B17551C4,fish_farming,5,2.0,26.39999985694884,25.566714377443528,0.9684361559083123,61.854142738299586,1.0,True
2170A246028CB7D891FF,fish_farming,6,1.0,38.900001049041805,30.0,0.7712082054234024,344.87122454163034,1.0,True
9E8BCA3665B6F9A4384C,fish_farming,5,2.0,47.840000152588,18.4378211942992,0.3854059601900267,87.51946083688352,1.0,True
A4D467A24B2A006498FF,fish_farming,6,1.0,200.0,50.0,0.25,457.1163024430785,1.0,True
594E57ACC4050E767BB5,fish_farming,6,1.0,2.01999998092652,0.0,0.0,370.2778487770982,1.0,True
E5561C3FD1723B21AC4D,fish_farming,5,1.0,486.25001311302253,389.000010490418,0.7999999999999999,423.9963362691988,1.0,True
EFD8886BA7CCD55B8A86,fish_farming,5,1.0,9.725000262260451,0.0,0.0,193.88007187814034,1.0,True
62E30F1A2DDBD309721B,fish_farming,5,2.0,20.60000038146972,10.30000019073486,0.5,65.59652440303383,1.0,True
2E850D736F4B52AE919F,fish_farming,5,2.0,605.9999942779559,0.0,0.0,49.465742720287786,1.0,True
6707B80D49457E814122,fish_farming,5,2.0,80.7999992370608,64.63999938964865,0.8000000000000002,78.34631383674672,1.0,True
28450DE4726933F6931A,fish_farming,5,2.0,35.880000114440996,35.880000114440996,1.0,715.8299031034796,1.0,True
0940D0FDBCFA0547D844,fish_farming,5,1.0,80.7999992370608,65.6499993801119,0.8124999999999999,160.11731871368244,1.0,True
1A967C6BFB9B74967E51,fish_farming,5,2.0,55.475001335144,34.671875834465,0.625,90.82688232199834,1.0,True
237EDAB8AE37573F2C2F,fish_farming,5,1.0,1069.7500288486494,1050.3000283241286,0.9818181818181818,407.0364828184308,1.0,True
BF6106A231192381E80A,fish_farming,5,2.0,239.20000076294,35.880000114440996,0.15,223.21109905789297,1.0,True
422E2048614B3D2D594F,fish_farming,5,1.0,120.0,115.0,0.9583333333333334,443.88551983027844,1.0,True
6F85E2E153BEA182D405,fish_farming,5,1.0,605.9999942779559,504.99999523162995,0.8333333333333334,2388.238118467057,1.0,True
41C5C65DF540AB2BE160,fish_farming,5,2.0,1009.9999904632599,959.499990940097,0.9500000000000001,61.854142738299586,1.0,True
03D0F96B25978D5750B4,fish_farming,5,1.0,6.0,2.6666666666666665,0.4444444444444444,613.5664710935822,1.0,True
38A47430849594D5F94C,fish_farming,5,1.0,500.0,490.0,0.98,166.53639762339924,1.0,True
14EA2E94B486F4821B77,fish_farming,6,1.0,1.00999999046326,0.0,0.0,44.07184709990889,1.0,True
8C0BA129976C70E30EC7,fish_farming,6,1.0,50.499999523163,12.11999988555912,0.24,730.3296233344292,1.0,True
8BECCB6142B94BA58A32,fish_farming,6,1.0,97.2500026226045,73.62086329535857,0.7570268515164684,423.45919425264356,1.0,True
FE35ED844616F8EB194F,fish_farming,6,1.0,77.80000209808361,38.900001049041805,0.5,188.7077195765123,1.0,True
5E2F6A121A0F28F362A0,fish_farming,5,1.0,15.0,13.0,0.8666666666666667,388.4426597151302,1.0,True
907D62B364C36E80CE04,fish_farming,6,1.0,30.0,25.0,0.8333333333333334,178.40510759056474,1.0,True
4596ABEB963A9F2AADB5,fish_farming,5,2.0,400.0,370.3703703703704,0.9259259259259259,317.55002256699424,1.0,True
C1221712C929052709AB,fish_farming,5,2.0,200.0,95.0,0.475,175.46098136438482,1.0,True
FDF1009E9106989F0C6D,fish_farming,6,1.0,170.0,158.0,0.9294117647058824,404.2172074889106,1.0,True
88185D6B33CDB13CB957,fish_farming,6,2.0,959.50002670288,959.50002670288,1.0,223.94662984899128,1.0,True
7744504FA0A992EBBFEC,fish_farming,6,2.0,11.67000031471254,9.725000262260451,0.8333333333333334,1335.52964722566,1.0,True
42544D5241A84A03ABF9,fish_farming,6,1.0,30.0,29.5,0.9833333333333333,165.5765966101061,1.0,True
8D3EF4B17AAF5D9CAF13,fish_farming,5,2.0,353.499996662141,302.99999713897796,0.8571428571428571,198.46574849835045,1.0,True
1B6A00E39CCFF672AA5D,fish_farming,6,1.0,3.02999997138978,2.272499978542335,0.75,946.4947071604853,1.0,True
20ACCB15F13AD0FA880C,fish_farming,5,2.0,4.03999996185304,1.6159999847412159,0.39999999999999997,86.42605506386464,1.0,True
8DDFEF63CB6E0CC477DC,fish_farming,6,1.0,201.999998092652,201.999998092652,1.0,391.6739355083034,1.0,True
551E48DE5049099ABBF9,fish_farming,5,2.0,7.560000196099295,6.48000016808511,0.8571428571428572,503.54109218525184,1.0,True
71322D002DE9CB57A679,fish_farming,6,1.0,15.149999856948899,13.107984816003468,0.86521352737777,219.0959970278901,1.0,True
7B5A898544B62AFCC105,fish_farming,6,2.0,600.0,550.0,0.9166666666666666,132.84323489765694,1.0,True
A12C4FA081DADC8D7B67,fish_farming,5,1.0,30.0,1.019999980926514,0.03399999936421713,448.9697099520242,1.0,True
0191A071F5110F131971,fish_farming,5,1.0,4.0,4.0,1.0,206.27837192740344,1.0,True
B039E8EAE573F5C31EEA,fish_farming,6,1.0,103.0000019073486,25.2499997615815,0.2451456242136246,760.586007967964,1.0,True
50AE56557C7CCFCC1E5C,fish_farming,6,1.0,320.0,300.0,0.9375,256.95513192032513,1.0,True
8F2737734C797B8C003C,fish_farming,5,2.0,100.0,50.0,0.5,119.94746839311445,1.0,True
3556CE4B81E0AA0496DE,fish_farming,5,1.0,1945.0000524520901,999.8999905586273,0.514087384881064,325.8950050715647,1.0,True
9F1323E38E623DC437D5,fish_farming,5,1.0,100.999999046326,99.65793881627236,0.9867122748244971,490.83811163399,1.0,True
5FA68072BDA39FD87DB4,fish_farming,5,2.0,44.3800010681152,0.0,0.0,79.13814730858974,1.0,True
B9268AA9105BF5C5FBF6,fish_farming,5,2.0,7.069999933242819,5.0499999523163,0.7142857142857144,147.69523024998466,1.0,True
33A1D1E52FEE62EA97A5,fish_farming,5,1.0,72.0,49.0,0.6805555555555556,171.61345484794717,1.0,True
4E16C9186CE369D8ABC2,fish_farming,5,2.0,400.0,300.0,0.75,161.74024918522633,1.0,True
01121C99073FFF2E5054,fish_farming,5,2.0,454.499995708467,302.99999713897796,0.6666666666666666,198.46574849835045,1.0,True
6DE01FAB69E348480B0A,fish_farming,5,2.0,3029.99997138978,302.99999713897796,0.09999999999999999,478.3696928767106,1.0,True
E8D3F12F15A87B89742E,fish_farming,6,1.0,9.725000262260451,7.78000020980836,0.7999999999999999,537.781083613912,1.0,True
94561EE03D5E2CD8AE6A,fish_farming,5,1.0,15.0,0.0,0.0,332.50879896320396,1.0,True
D9C5D80CBFD1D1ACB262,fish_farming,5,1.0,50.0,8.823529411764707,0.17647058823529413,417.03276214178516,1.0,True
74D383E5475A01A54DF8,fish_farming,6,1.0,350.1000094413762,291.7500078678135,0.8333333333333334,439.0190544495033,1.0,True
E45BF267E05C63578035,fish_farming,5,1.0,923.8750249147428,923.8750249147428,1.0,279.45788372608683,1.0,True
3BD37FF2E1AA9F36E91E,fish_farming,5,2.0,47.840000152588,23.920000076294,0.5,110.20969142422372,1.0,True
B3A518E8CF1EE5336983,fish_farming,6,1.0,302.99999713897796,292.8999972343454,0.9666666666666668,183.16448519873148,1.0,True
3ABA91E7D4C1B9EBCA07,fish_farming,6,1.0,650.0,528.125,0.8125,415.25484821942234,1.0,True
40C61AC1419463B9C533,fish_farming,5,1.0,500.0,480.0,0.96,240.16822507532447,1.0,True
1F670B3D0ABA91E02E7C,fish_farming,5,2.0,972.5000262260451,778.000020980836,0.7999999999999999,218.02579979822622,1.0,True
3F5AE42FC6D221EDC9A7,fish_farming,5,1.0,9.6,7.68,0.8,202.61928377513573,1.0,True
5AA56FA7AC8DBF6D85E8,fish_farming,6,2.0,35.01000094413762,29.17500078678135,0.8333333333333333,103.84101209654061,1.0,True
BB56454A27A48563A543,fish_farming,6,1.0,757.499992847445,737.2999930381798,0.9733333333333333,256.75346666507835,1.0,True
CACD6CBEE06354829F85,fish_farming,5,2.0,504.99999523162995,494.8999953269974,0.9800000000000001,77.73188141759508,1.0,True
9AAE7FB39B319FC59603,fish_farming,6,1.0,525.1500141620643,486.25001311302253,0.925925925925926,114.84784441699097,1.0,True
9CC4C528A595E8974A0D,fish_farming,5,1.0,504.99999523162995,454.499995708467,0.9000000000000001,160.11731871368244,1.0,True
446D7F3589CC86989DD7,fish_farming,5,2.0,706.999993324282,666.5999937057516,0.9428571428571428,52.512204335442014,1.0,True
9920338C9A95FD9ABF95,fish_farming,6,1.0,50.0,40.0,0.8,608.7585256822987,1.0,True
C3C284941A94E3A6A651,fish_farming,6,1.0,363.5999965667736,248.0,0.6820682132609862,610.9609880905869,1.0,True
F86F8BA99349E1CA45F3,fish_farming,5,1.0,254.99999523162847,0.0,0.0,258.7191759843128,1.0,True
0937089C01D03DEB8024,fish_farming,5,1.0,748.4099929332756,605.9999942779559,0.8097165991902834,150.29452367935892,1.0,True
F7B04ED757BBED0F07D2,fish_farming,5,1.0,28.799999999999997,0.0,0.0,149.3228927329847,1.0,True
185EDDE96C83CE6068E3,fish_farming,5,1.0,40.0,26.666666666666664,0.6666666666666666,538.1113957052107,1.0,True
2A9A7184C5624F8AE1D0,fish_farming,5,2.0,95.680000305176,95.680000305176,1.0,44.9848310823997,1.0,True
D4EBED0464CE4CF503CA,fish_farming,5,2.0,30.0,20.0,0.6666666666666666,90.82688232199834,1.0,True
D2DC1F6C1E2AFB448618,fish_farming,6,1.0,56.099998950958266,56.099998950958266,1.0,160.40008121456643,1.0,True
E803C0B04BA2AC8B185C,fish_farming,5,2.0,20.1999998092652,19.381628386879182,0.9594865628656762,193.46043442893756,1.0,True
7FCA287AD07AD335DE6F,fish_farming,6,2.0,254.99999523162847,254.66611422308725,0.998690662687119,322.21123671653066,1.0,True
D0B6ADFC0FE7084390C6,fish_farming,6,1.0,95.680000305176,76.54400024414079,0.7999999999999999,411.7818515215962,1.0,True
1D9333E2808D977FD314,fish_farming,5,2.0,40.3999996185304,30.299999713897797,0.7499999999999999,10.332738335538835,1.0,True
35FD3F997AD528BE6834,fish_farming,5,1.0,35.349999666214096,10.30000019073486,0.2913720024891295,258.44819162124764,1.0,True
A2D6AE90FB0DDA2D2471,fish_farming,5,1.0,20.0,20.0,1.0,275.3305698265178,1.0,True
D82FB3F09C234C1CA650,fish_farming,5,1.0,68.07500183582316,48.62500131130225,0.7142857142857142,187.0979514534361,1.0,True
61C551D325A9DD3EA31B,fish_farming,5,2.0,302.99999713897796,252.49999761581498,0.8333333333333334,114.87890980728898,1.0,True
2B822DF2E1711E8B5BC9,fish_farming,5,1.0,21.209999799728458,20.1999998092652,0.9523809523809526,1066.5654711433026,1.0,True
28B6946BFCB7BD832FEE,fish_farming,5,2.0,4.104000106453903,3.456000089645392,0.8421052631578948,45.07060503205208,1.0,True
513612CD83B820E19337,fish_farming,6,2.0,19.580000000000002,16.02,0.8181818181818181,293.00709054700997,1.0,True
2A41F8C3E815D5CE7E34,fish_farming,5,1.0,120.0,114.0,0.95,717.3361345781911,1.0,True
96EE1F8955B7B26EA683,fish_farming,5,1.0,129.6000033617022,108.0000028014185,0.8333333333333334,160.31415859131616,1.0,True
6F21ED2DEB7499BC7986,fish_farming,5,1.0,837.2000026702899,837.2000026702899,1.0,283.71674777785273,1.0,True
D89B6AF5EB35F7CFDAEE,fish_farming,6,1.0,287.04000091552797,143.52000045776398,0.5,203.0448333320774,1.0,True
B1EC09C28101A2DD8DF3,fish_farming,6,1.0,2.0,1.0,0.5,190.5627126456214,1.0,True
A4BC44B73F046E70DAC2,fish_farming,5,2.0,100.999999046326,80.7999992370608,0.8,14.1460108165115,1.0,True
E3C9DED2490AD1828D0E,fish_farming,5,1.0,23.920000076294,11.960000038147,0.5,279.8509324898821,1.0,True
78EBD3FE7566D8D42EE9,fish_farming,5,2.0,239.20000076294,215.280000686646,0.9,295.73130062713284,1.0,True
60A45E65F85E1995D077,fish_farming,5,1.0,302.99999713897796,282.79999732971277,0.9333333333333333,131.86132129362082,1.0,True
97737A8DA5622A97845C,fish_farming,5,1.0,5.0499999523163,0.0,0.0,207.91630106578208,1.0,True
50ADCDDD5E90DE1A6002,fish_farming,5,2.0,300.0,290.0,0.9666666666666667,174.64699126108118,1.0,True
E9CFC0B255BA81A0EF01,fish_farming,6,1.0,125.0,110.0,0.88,276.05077584608534,1.0,True
E01ED1DF6B681A2AD644,fish_farming,5,1.0,3.02999997138978,0.0,0.0,158.32896444658988,1.0,True
736D315C93C5855529A4,fish_farming,5,1.0,47.840000152588,35.880000114440996,0.75,283.8480458367275,1.0,True
1C79F4EAB400F5AD8624,fish_farming,6,1.0,540.0,20.0,0.037037037037037035,279.45881011579,1.0,True
E7524DB56FA898D12F0B,fish_farming,5,1.0,20.1999998092652,10.0999999046326,0.5,117.00917375996397,1.0,True
E281E1659846A15F853A,fish_farming,6,1.0,10.0,9.433962264150944,0.9433962264150944,636.1225738674491,1.0,True
B32CB97FFE9E68DE320A,fish_farming,5,2.0,35.880000114440996,17.940000057220498,0.5,67.09825330827736,1.0,True
B5DDC774C605A90B5D40,fish_farming,5,1.0,403.999996185304,403.999996185304,1.0,484.0433849732691,1.0,True
F0D6B2ABC5A34CFEBE74,fish_farming,6,1.0,25.0,20.0,0.8,895.5817929319749,1.0,True
7C3281B6F4FD148389AA,fish_farming,5,1.0,35.880000114440996,0.0,0.0,432.96926695603696,1.0,True
88F43F71A22FD815EAAD,fish_farming,5,2.0,60.0,50.0,0.8333333333333334,120.7864603714235,1.0,True
45A062ABDDC9BFF6E62F,fish_farming,6,1.0,50.0,25.0,0.5,223.89191185984328,1.0,True
4A6EC4DFABD978731801,fish_farming,6,1.0,4.079999923706056,4.079999923706056,1.0,286.68623227128097,1.0,True
2C926C2C80B9E8412738,fish_farming,5,1.0,350.0,30.0,0.08571428571428572,396.0535585492092,1.0,True
BD7CEFF10E38A5AA5222,fish_farming,5,1.0,35.349999666214096,30.299999713897797,0.8571428571428572,197.4922713967144,1.0,True
CA7C40D9458636B49577,fish_farming,6,1.0,2019.9999809265198,1514.99998569489,0.7500000000000001,366.82464872667504,1.0,True
FEAFB4BE4F833AA09C08,fish_farming,5,2.0,10.30000019073486,4.120000076293944,0.39999999999999997,315.9850534601415,1.0,True
D4A0C5B07F0BAF7747FC,fish_farming,5,1.0,5.83500015735627,5.83500015735627,1.0,380.59657247007,1.0,True
65F5917DCF58304DF641,fish_farming,6,1.0,20.0,15.0,0.75,838.7002466241331,1.0,True
9B6BEB820FB11CA46B40,fish_farming,5,2.0,59.800000190735,35.880000114440996,0.6,64.13063940633707,1.0,True
03D74E3F897071EC8049,fish_farming,6,1.0,500.0,200.0,0.4,286.68623227128097,1.0,True
02D03A01BC1FA71BAAFB,fish_farming,5,2.0,3029.99997138978,3029.99997138978,1.0,175.38142946822322,1.0,True
28FDB364A886BB70EFF1,fish_farming,5,1.0,2.01999998092652,0.0,0.0,205.41455381078904,1.0,True
CD8CBE635DEBAB481646,fish_farming,5,1.0,3948.350106477743,3890.0001049041803,0.9852216748768473,275.17959401809406,1.0,True
48CF45B45F4D23C75859,fish_farming,5,2.0,194.500005245209,188.66500508785273,0.9700000000000001,496.484069924496,1.0,True
3D1308BC19C76D4E8F7D,fish_farming,5,2.0,250.0,175.0,0.7,238.79016168377163,1.0,True
42B108EA005BC100C853,fish_farming,6,1.0,2019.9999809265198,2019.9999809265198,1.0,284.3953518872957,1.0,True
E4BB048D354752653D50,fish_farming,5,2.0,19.2799997329712,14.4599997997284,0.7500000000000001,320.2823091210676,1.0,True
EEC2EF6E84212F6E729E,fish_farming,5,2.0,706.999993324282,504.99999523162995,0.7142857142857143,25.589302748876364,1.0,True
353CF3214757D280FFA9,fish_farming,5,1.0,5.0499999523163,4.03999996185304,0.7999999999999999,222.93245552983456,1.0,True
0417A77742F593D95742,fish_farming,5,2.0,60.599999427795595,0.0,0.0,73.15941780479537,1.0,True
F076E9162D8C848EE17A,fish_farming,5,2.0,6.05999994277956,6.05999994277956,1.0,83.35312866159387,1.0,True
97823C8729416810B925,fish_farming,5,2.0,35.880000114440996,21.528000068664596,0.6,67.09825330827736,1.0,True
24F554BD45B67C61A1B5,fish_farming,6,2.0,972.5000262260451,97.2500026226045,0.09999999999999999,229.7920417864167,1.0,True
011BAF613D998DA32C90,fish_farming,5,1.0,5.78399991989136,0.0,0.0,406.28592764227653,1.0,True
9703B17434C1AFC66DA7,fish_farming,5,1.0,20000.0,1200.0,0.06,310.3761953062521,1.0,True
0C6341B3A5D1E1AF008F,fish_farming,5,2.0,75.74999928474449,60.599999427795595,0.8,76.51201521914032,1.0,True
49E2FF52D80CF8CB8DC5,fish_farming,5,1.0,2120.9999799728457,2019.9999809265198,0.9523809523809524,311.41025306363167,1.0,True
2A5475EEBCB11BABE6E9,fish_farming,5,2.0,45.4499995708467,40.3999996185304,0.888888888888889,66.1547926958256,1.0,True
8D662FF9DB63CB9DAC24,fish_farming,6,1.0,254.99999523162847,254.99999523162847,1.0,503.09059289158114,1.0,True
EB268F528DC7A67D8844,fish_farming,5,1.0,2.0,2.0,1.0,402.67095837128204,1.0,True
B0D20B1BB2D36962F16C,fish_farming,5,1.0,36.95500099658971,29.17500078678135,0.7894736842105263,492.94951758979687,1.0,True
83762C84FB854F682B16,fish_farming,6,1.0,38.900001049041805,38.900001049041805,1.0,156.35914883743294,1.0,True
295C9578AD21CF17E4E8,fish_farming,5,2.0,5.15000009536743,5.15000009536743,1.0,28.808685021288213,1.0,True
E97D812DA44F22BAA6BA,fish_farming,6,1.0,50.9999990463257,50.55810305012938,0.9913353724615774,643.4200055396273,1.0,True
19E6406642D9A17AE3D5,fish_farming,5,2.0,504.99999523162995,454.499995708467,0.9000000000000001,216.06513765966156,1.0,True
0A34BFDEB13A1EF2ED30,fish_farming,5,1.0,254.99999523162847,152.99999713897708,0.6,164.6942507712002,1.0,True
6789CE9502AE86F39832,fish_farming,5,1.0,233.4000062942508,58.3500015735627,0.25,231.3662820266822,1.0,True
3C41A5237539AB48D38B,fish_farming,5,1.0,2524.99997615815,100.999999046326,0.04,522.9927266906122,1.0,True
E0A11B441FA8479BAAC2,fish_farming,5,1.0,2524.99997615815,2272.4999785423347,0.8999999999999999,100.4339850314993,1.0,True
55A20BCE9B6660322F74,fish_farming,5,2.0,150.0,100.0,0.6666666666666666,523.6907800360302,1.0,True
261851C8BD83689F7976,fish_farming,5,1.0,239.20000076294,203.320000648499,0.85,608.8531359242894,1.0,True
CEB2B33E8CB61BABE043,fish_farming,6,1.0,300.0,300.0,1.0,378.1061713839253,1.0,True
39330D9397657EBBE694,fish_farming,6,1.0,5049.9999523163,5045.959952354447,0.9992,263.4029797292631,1.0,True
D4FD34D13F7CD955D9B7,fish_farming,5,2.0,4.03999996185304,1.00999999046326,0.25,33.73955374869824,1.0,True
4234F7D7BE24D5DC19E4,fish_farming,5,1.0,1945.0000524520901,1935.2750521898297,0.995,729.6156829960404,1.0,True
100F7350E00A8FD980F2,fish_farming,6,1.0,700.0,650.0,0.9285714285714286,367.1402183562497,1.0,True
4713CAD7C81D8D7F6693,fish_farming,5,1.0,50.499999523163,20.1999998092652,0.4,147.09724701252614,1.0,True
07C7328AF64F3247D68D,fish_farming,5,2.0,4.8199999332428,2.89199995994568,0.6000000000000001,320.2823091210676,1.0,True
6FEDE0FB806DD9F0A082,fish_farming,5,1.0,830.5150223970425,778.000020980836,0.9367681498829039,209.33304830662158,1.0,True
98220582D753A4477CF7,fish_farming,5,2.0,15.0,5.0,0.3333333333333333,143.50857825604766,1.0,True
DABF1D716CBE353B78B4,fish_farming,5,1.0,40000.0,2000.0,0.05,296.26818642869523,1.0,True
D375E1683AACC5975A78,fish_farming,6,1.0,97.2500026226045,97.2500026226045,1.0,448.1432230108438,1.0,True
1CD47FC40174078125A5,fish_farming,5,2.0,10.80000028014185,8.315655091665716,0.7699680440708745,79.13814730858974,1.0,True
111C10FE6BDACD0DE12F,fish_farming,5,2.0,5.0,2.5,0.5,402.6542658807114,1.0,True
3D91F7C0DDA5225A1881,fish_farming,6,2.0,7.78000020980836,6.224000167846688,0.7999999999999999,71.48053208291608,1.0,True
3EFD7D07DC29C4093C2A,fish_farming,5,2.0,200.0,150.0,0.75,317.55002256699424,1.0,True
77A08A627A33422E5214,fish_farming,5,2.0,4.0,2.6666666666666665,0.6666666666666666,494.1665990354186,1.0,True
E5D5F64AEEDFBC8E84BB,fish_farming,5,1.0,0.52,0.0,0.0,817.6230756411469,1.0,True
F6636A8B5DED2041BE6B,fish_farming,6,1.0,29.17500078678135,11.67000031471254,0.4,277.96154803658834,1.0,True
139D419C6A28CC4CFB31,fish_farming,6,1.0,45.0,20.0,0.4444444444444444,502.0785616997748,1.0,True
06B5B1323A78E50F8180,fish_farming,5,2.0,52.369999885559096,47.13299989700319,0.9,65.59652440303383,1.0,True
24F6B15E97E227278E11,fish_farming,6,2.0,155.60000419616722,136.15000367164632,0.875,229.7920417864167,1.0,True
689A7213793D3A1CF095,fish_farming,6,1.0,418.60000133514495,394.68000125885095,0.9428571428571428,295.5774383273721,1.0,True
927C32D6C72541DAF9AB,fish_farming,5,1.0,486.25001311302253,466.8000125885016,0.96,305.5265672545919,1.0,True
17077CD582A8611451D0,fish_farming,5,2.0,4.0,0.0,0.0,494.1665990354186,1.0,True
DB160C46F4AAB704B56B,fish_farming,6,1.0,40.3999996185304,35.349999666214096,0.8749999999999999,93.01522040255495,1.0,True
99867F2F0F61EC4A8799,fish_farming,5,1.0,50.499999523163,50.499999523163,1.0,109.23079190545252,1.0,True
C9C5D3A33C61360F001C,fish_farming,5,1.0,25.49999952316285,21.794871446535794,0.8547008570230947,115.8803033084398,1.0,True
ADD0C77C4FC9F72B6FB3,fish_farming,5,1.0,16000.0,8000.0,0.5,325.8950050715647,1.0,True
854AA80A5D09520AFF96,fish_farming,5,2.0,23.920000076294,6.8342857360839995,0.2857142857142857,127.88245546035253,1.0,True
6A8D7943178F3EA1F574,fish_farming,6,1.0,40.0,25.0,0.625,580.9180670193824,1.0,True
F046C89720C6C0913A52,fish_farming,5,2.0,7.069999933242819,0.0,0.0,89.50943920813978,1.0,True
D834D5DC88B78425E9EB,fish_farming,6,1.0,5.83500015735627,4.376250118017203,0.75,281.694853321573,1.0,True
C727D4C76FCBDBE47DF8,fish_farming,5,2.0,23.920000076294,2.31141956635129,0.0966312524656733,128.46241181446734,1.0,True
4F392F7DD8C5E3F1F176,fish_farming,5,2.0,162.00000420212774,0.0,0.0,252.4145730158277,1.0,True
25BA01E7814D20A70C13,fish_farming,5,1.0,38.900001049041805,36.95500099658971,0.9499999999999998,533.2827355716512,1.0,True
D79423671CA445B32642,fish_farming,5,1.0,100.0,98.0,0.98,216.78381909195772,1.0,True
12B7C5ACABA083071DC5,fish_farming,5,1.0,33.2850008010864,22.1900005340576,0.6666666666666667,147.09724701252614,1.0,True
0F27801239E28C9A0692,fish_farming,5,1.0,2000.0,1983.4710743801654,0.9917355371900827,548.8757980152669,1.0,True
A74975161A98882622C2,fish_farming,5,1.0,583.500015735627,564.0500152111061,0.9666666666666667,356.70100057584204,1.0,True
706044E094E671C3D06D,fish_farming,6,1.0,100.0,80.0,0.8,267.1275103809783,1.0,True
49E7B6A08A56F01D7025,fish_farming,5,1.0,10.0,10.0,1.0,249.71842379614398,1.0,True
98B199D85DF69D2C2963,fish_farming,5,2.0,33.2850008010864,13.314000320434557,0.39999999999999997,77.56184428808365,1.0,True
410870DD5530D6A4071D,fish_farming,5,1.0,450.0,400.0,0.8888888888888888,630.2787813471286,1.0,True
149884F96356C9B7841B,fish_farming,5,2.0,200.0,180.0,0.9,82.79561067191996,1.0,True
173BF7BB85416B2B404F,fish_farming,6,1.0,389.000010490418,50.0,0.1285347009039004,256.95513192032513,1.0,True
7818CB8D4FC9DAAAADEB,fish_farming,5,1.0,358.80000114441,334.880001068116,0.9333333333333333,557.1902821747528,1.0,True
CBA2A9C4CCFA1BC1F590,fish_farming,5,1.0,95.9499990940097,70.69999933242819,0.7368421052631579,405.6318023678752,1.0,True
B19EF434D25FF010AC5A,fish_farming,6,2.0,100.999999046326,90.8999991416934,0.9,75.46045974221109,1.0,True
A006F0CE9675ED03CD73,fish_farming,6,2.0,7780.0002098083605,7002.000188827525,0.9,179.64414437886472,1.0,True
DF4248FDECC6508E12DB,fish_farming,5,2.0,23.920000076294,11.960000038147,0.5,65.59652440303383,1.0,True
5335B45BC8AF709854D3,fish_farming,5,1.0,289.199995994568,265.099996328354,0.9166666666666667,230.8565126432891,1.0,True
ADC1F982363EB0803047,fish_farming,6,1.0,1800.0,1600.0,0.8888888888888888,357.72369357428664,1.0,True
08FC602D6585EC71B4E4,fish_farming,5,1.0,15.299999713897709,14.909067874877069,0.974448898932623,369.8030179330586,1.0,True
034171EA82648283022E,fish_farming,5,1.0,119.60000038147,76.88571453094501,0.6428571428571429,404.16337389442515,1.0,True
0F5414A12070A3312541,fish_farming,5,1.0,8.07999992370608,2.01999998092652,0.25,290.33951155310046,1.0,True
768335563005A9FFD1A1,fish_farming,5,1.0,25.0,20.0,0.8,562.4259926398846,1.0,True
DBDAAD4D3ED2388226C5,fish_farming,5,2.0,3029.99997138978,2524.99997615815,0.8333333333333333,25.589302748876364,1.0,True
4548BA430C7B4ED4BF13,fish_farming,5,1.0,76.7600021362304,37.08791868534729,0.4831672440488632,123.81624723908509,1.0,True
492818536191ADF509C1,fish_farming,5,2.0,38.900001049041805,32.41666754086817,0.8333333333333333,81.59717481225827,1.0,True
769BE9F6E325C63169D8,fish_farming,5,1.0,201.999998092652,50.499999523163,0.25,207.91630106578208,1.0,True
184315C78C22133E298D,fish_farming,5,1.0,856.7999839782717,856.7999839782717,1.0,352.0476075992971,1.0,True
1BDA2A67E5453F8A4F93,fish_farming,6,1.0,1.019999980926514,1.018960641092035,0.9989810393589079,310.7721956580209,1.0,True
605EAC29DA91FF4F4DA2,fish_farming,5,1.0,3.02999997138978,3.009165305763988,0.9931238726658352,192.4542524048449,1.0,True
16E863CA784AC80BC3B9,fish_farming,6,1.0,389.000010490418,389.000010490418,1.0,270.55606107333165,1.0,True
803A474C8828BA5BCF7C,fish_farming,6,1.0,97.2500026226045,58.3500015735627,0.6,42.847629124911414,1.0,True
2BD9B531BFAA2044193A,fish_farming,6,1.0,35.880000114440996,14.14115526402734,0.39412361256754297,501.1921378240657,1.0,True
3E86D40D0BE484F642FF,fish_farming,5,1.0,228.25999784469676,0.0,0.0,169.35953137935311,1.0,True
FF87E9C08D4A7D3977EC,fish_farming,6,2.0,23.34000062942508,11.67000031471254,0.5,144.92542840575373,1.0,True
D52E5F32DD07F9AD0961,fish_farming,5,2.0,55.475001335144,44.3800010681152,0.7999999999999999,182.76421513958203,1.0,True
15516E2C80C684C5059E,fish_farming,6,1.0,20.0,18.0,0.9,481.58511989319896,1.0,True
8E861F32AD7C12F6F8D0,fish_farming,6,1.0,38.900001049041805,3.6598975094187383,0.0940847663424135,760.586007967964,1.0,True
BE34C09B9ADF553C395A,fish_farming,5,1.0,76.49999856948854,76.22988642953405,0.9964691222875104,169.35953137935311,1.0,True
0816EAD4433079BC89A2,fish_farming,5,2.0,200.0,50.0,0.25,119.94746839311445,1.0,True
24AFA6CCE9FA4FC0F323,fish_farming,5,1.0,151.49999856948898,146.4499986171727,0.9666666666666668,120.26911722385192,1.0,True
A38C620405C0582025C7,fish_farming,6,1.0,15.299999713897709,15.299999713897709,1.0,266.3653745521916,1.0,True
77373EB1F27604AE5DBF,fish_farming,5,1.0,71.76000022888199,32.6775956758774,0.4553734054020433,172.74282602000534,1.0,True
FDF1F01D576F31CC9708,fish_farming,5,1.0,150.0,50.0,0.3333333333333333,348.42883118472423,1.0,True
DB9D532D083275E0E558,fish_farming,6,1.0,203.9999961853028,203.9999961853028,1.0,334.84482564639814,1.0,True
898B65CA236D59B69E45,fish_farming,6,1.0,403.999996185304,403.4762031899513,0.9987034826725285,465.68397761664556,1.0,True
59130E9AFC3EBD4EB3C8,fish_farming,5,1.0,1.23,0.82,0.6666666666666666,181.429058087801,1.0,True
30E7BE7CD4B784B4106B,fish_farming,5,1.0,30.0,10.0,0.3333333333333333,249.71842379614398,1.0,True
3C3F86B7B30224162B17,fish_farming,5,1.0,35.880000114440996,29.9000000953675,0.8333333333333334,117.00917375996397,1.0,True
DFDEE98F9CF18BEB244C,fish_farming,5,2.0,50.499999523163,0.0,0.0,80.89171399554611,1.0,True
7F222646F0419EC11AEB,fish_farming,5,2.0,5.0,2.5,0.5,307.1091858412206,1.0,True
6BB7026173CEFA829D30,fish_farming,6,1.0,291.7500078678135,265.8625172628462,0.9112682436783466,212.85733633519857,1.0,True
A78B312C261A086318FF,fish_farming,5,2.0,26.25999975204476,22.219999790191718,0.8461538461538461,65.59652440303383,1.0,True
CAC7C489052BD003F90A,fish_farming,5,2.0,353.499996662141,272.6999974250802,0.7714285714285715,201.42792384907204,1.0,True
D38C3868DC50D8F5B3E1,fish_farming,5,1.0,600.0,500.0,0.8333333333333334,220.93294980865755,1.0,True
88A7A6CA6B57C8D45BE0,fish_farming,5,2.0,1514.99998569489,1312.999987602238,0.8666666666666666,174.64699126108118,1.0,True
5A61AB67D305F038FEF3,fish_farming,5,1.0,2000.0,1200.0,0.6,310.3761953062521,1.0,True
CD16786624141EC806F6,fish_farming,5,2.0,1556.000041961672,1517.1000409126302,0.975,64.48504292716844,1.0,True
016CE039F5A12485D52E,fish_farming,5,2.0,10.0999999046326,8.07999992370608,0.7999999999999999,129.5779894671497,1.0,True
D03E0EA825BDB7D35031,fish_farming,5,1.0,2917.500078678135,972.5000262260451,0.3333333333333333,138.57331011045292,1.0,True
061CC459D0F8C37068D7,fish_farming,5,2.0,50.0,23.642593608544647,0.472851872170893,87.51946083688352,1.0,True
9946B0C1156F0A13163F,fish_farming,5,1.0,191.900005340576,0.0,0.0,60.99125285393883,1.0,True
64C15828E50FB4740CC5,fish_farming,6,1.0,5.83500015735627,5.83500015735627,1.0,239.82129404404185,1.0,True
F604DFB2A227B33B1259,fish_farming,5,2.0,10.199999809265138,10.199999809265138,1.0,110.49906583507804,1.0,True
68F12FDF656A05B80C1C,fish_farming,6,1.0,1274.9999761581423,1274.443021649694,0.9995631729263819,243.76744447482483,1.0,True
2A7E4CD7B66D5786AE1A,fish_farming,6,1.0,30.0,25.0,0.8333333333333334,317.84818019008657,1.0,True
E5A3F070794BA7A76D57,fish_farming,5,1.0,1700.0,150.0,0.08823529411764706,411.04230565141154,1.0,True
6A7C8F3F47FC72EE37E2,fish_farming,6,1.0,254.99999523162847,254.33310639698078,0.9973847496191444,458.5500984893045,1.0,True
E9156E18062C26216F19,fish_farming,5,2.0,5.0,2.5,0.5,307.1091858412206,1.0,True
E8304BC8CBFD1054684C,fish_farming,5,1.0,48.0,43.199999999999996,0.8999999999999999,100.4339850314993,1.0,True
4F41F8BFA4172900522B,fish_farming,6,1.0,121.19999885559119,100.999999046326,0.8333333333333334,270.71313820788424,1.0,True
FEDCB7893747DBFF51E0,fish_farming,5,1.0,500.0,300.0,0.6,572.8623136023598,1.0,True
02334079BF398D4D12DB,fish_farming,6,2.0,1250.0,10.0,0.008,170.410958524524,1.0,True
AFBB890CEE6C6A02B74C,fish_farming,6,1.0,250.0,20.0,0.08,928.2196741127061,1.0,True
965A4CC51E2C00BDFC73,fish_farming,5,1.0,180.0,170.0,0.9444444444444444,886.1211074201182,1.0,True
8C60E29BA769C64B277A,fish_farming,5,1.0,1556.000041961672,583.500015735627,0.375,334.9481523730455,1.0,True
724250374B534C0D954B,fish_farming,5,1.0,201.999998092652,151.49999856948898,0.7499999999999999,311.41025306363167,1.0,True
B7025A6B667499F9FFF0,fish_farming,5,1.0,40.3999996185304,38.37999963760388,0.95,79.38649237652132,1.0,True
551B20ADD17CC6C0485B,fish_farming,6,1.0,504.99999523162995,504.99999523162995,1.0,537.781083613912,1.0,True
96CCBEDED0E9BCA147FD,fish_farming,6,1.0,10.0999999046326,5.0499999523163,0.5,1292.9962135455387,1.0,True
F2A955375C1E9C526F3B,fish_farming,5,2.0,201.999998092652,100.999999046326,0.5,49.465742720287786,1.0,True
8AB6D689F64D5B9340B1,fish_farming,5,2.0,59.800000190735,33.70704155878469,0.5636629005229841,307.1091858412206,1.0,True
B251ED6AB1A99FEAB3A9,fish_farming,5,1.0,10.199999809265138,9.855439473236684,0.9662195742674942,279.8509324898821,1.0,True
A9B4C5EF27641F9BDE70,fish_farming,6,2.0,10.0,0.0,0.0,110.57144806576085,1.0,True
EC966E6ACD79431C87B6,fish_farming,5,1.0,1500.0,1400.0,0.9333333333333333,1167.3850927936646,1.0,True
5FDA90AD8B4AC90102EA,fish_farming,5,2.0,30.0,22.0,0.7333333333333333,177.57461707747137,1.0,True
DBADB36B05C1F2924737,fish_farming,5,1.0,239.20000076294,203.320000648499,0.85,383.7635428045711,1.0,True
539DB19F8E3CC71931B5,fish_farming,5,2.0,25.75000047683715,11.444444656372067,0.4444444444444444,110.49906583507804,1.0,True
CF4E71D5A647700294AC,fish_farming,5,1.0,15.45000028610229,10.30000019073486,0.6666666666666666,386.9208202138476,1.0,True
41230A10C84CD2C22272,fish_farming,5,2.0,116.7000031471254,97.2500026226045,0.8333333333333333,146.59839939898376,1.0,True
DC1B67E084BF7130986C,fish_farming,5,2.0,350.0,300.0,0.8571428571428571,334.26318164946764,1.0,True
D0583CC846CC6C085701,fish_farming,6,1.0,50.9999990463257,50.9999990463257,1.0,268.54869729442265,1.0,True
81D4A23CEB1779D10E1E,fish_farming,5,1.0,152.99999713897708,127.49999761581424,0.8333333333333334,175.360141565763,1.0,True
920A24F9248547C9CEFB,fish_farming,5,1.0,866.9999837875368,863.2636517508975,0.995690505067466,1021.2149420594435,1.0,True
999703E04A1A8AE01B11,fish_farming,5,2.0,2500.0,1875.0,0.75,231.44277209350167,1.0,True
45D28CDB920BE6667CE7,fish_farming,5,1.0,200.0,150.0,0.75,312.2711222881963,1.0,True
C03716216173495E46D8,fish_farming,5,1.0,48.62500131130225,29.17500078678135,0.6,2935.37628273125,1.0,True
CA052085B2368DEBA33C,fish_farming,5,1.0,403.999996185304,302.99999713897796,0.7499999999999999,100.4339850314993,1.0,True
598B64E8555486ED8CDA,fish_farming,5,1.0,144.599997997284,120.49999833107,0.8333333333333334,294.22638675720054,1.0,True
956DE2827057B49300A3,fish_farming,6,1.0,500.0,250.0,0.5,1069.0828770638013,1.0,True
3D92145B16E9B3340817,fish_farming,6,1.0,500.0,500.0,1.0,285.5626310358838,1.0,True
EF7F0C5309C1396432CD,fish_farming,6,1.0,175.0500047206881,155.60000419616722,0.8888888888888891,257.1996486849145,1.0,True
BBB0555DB773076272F5,fish_farming,5,1.0,239.20000076294,215.280000686646,0.9,332.88080672437144,1.0,True
8C8264C37E42A0ADE4D8,fish_farming,6,1.0,240.0,90.0,0.375,189.72529508751745,1.0,True
B866DBA51E294448CC7F,fish_farming,5,1.0,1750.5000472068812,389.000010490418,0.2222222222222222,167.73578758464285,1.0,True
30F0A20631E6F498BB76,fish_farming,6,2.0,12.049999833107,9.6399998664856,0.7999999999999999,141.94166958563525,1.0,True
D040742239B6127A8AE0,fish_farming,5,1.0,10.0999999046326,7.069999933242819,0.6999999999999998,374.2166018983095,1.0,True
111309B973BDE8302451,fish_farming,6,1.0,3890.0001049041803,5.83500015735627,0.0015,213.81657541276024,1.0,True
5FDDF9A3322FC41F1511,fish_farming,5,1.0,3534.99996662141,50.499999523163,0.014285714285714285,171.61345484794717,1.0,True
987B1E46A12A3CF9C1AE,fish_farming,5,2.0,500.0,470.0,0.94,107.23589955173061,1.0,True
117F69A25991144CD43F,fish_farming,5,1.0,97.2500026226045,97.2500026226045,1.0,378.08684220545894,1.0,True
839BCBE401ACF8A2A6FA,fish_farming,5,1.0,1167.000031471254,1128.1000304222123,0.9666666666666667,729.6156829960404,1.0,True
A9E3FEDE26C1AAB8BFBF,fish_farming,6,1.0,509.99999046325695,70.0,0.13725490452738187,349.0306591344083,1.0,True
22843A37CC0AE10E00AF,fish_farming,5,2.0,20.94799995422364,0.0,0.0,79.13814730858974,1.0,True
1326C25303D71551BA99,fish_farming,5,1.0,1250.0,30.0,0.024,959.0317346647377,1.0,True
D81EB2E3B8330D6FD752,fish_farming,5,2.0,4.03999996185304,4.03999996185304,1.0,83.35312866159387,1.0,True
ACF675A88903CB76CA6F,fish_farming,6,1.0,70.69999933242819,68.17142295782438,0.9642351287343786,459.11122131222726,1.0,True
9885EBED2ADEA5B71BC1,fish_farming,6,1.0,100.0,90.0,0.9,464.0423070255495,1.0,True
5348D4DED8AED8AEADCA,fish_farming,6,1.0,201.999998092652,201.999998092652,1.0,391.6739355083034,1.0,True
E521FFD02EC0BE8FE75F,fish_farming,5,2.0,33.2850008010864,24.963750600814798,0.75,80.04153222107387,1.0,True
FBE64CB347CC18814C68,fish_farming,5,1.0,194.500005245209,155.60000419616722,0.8000000000000002,334.9481523730455,1.0,True
7E25FF8DAE4201F645CF,fish_farming,5,1.0,36.65899991989137,31.42199993133546,0.8571428571428571,252.69501943821376,1.0,True
0E361E7FD62DA96714D8,fish_farming,5,1.0,10.199999809265138,10.094128237724883,0.9896204339686274,115.8803033084398,1.0,True
A79307F9D7767541AA00,fish_farming,5,1.0,291.7500078678135,194.500005245209,0.6666666666666666,196.0448168153831,1.0,True
9AC9BB310DB2722E8040,fish_farming,5,2.0,4.32000011205674,3.240000084042555,0.75,260.3859618977323,1.0,True
7B94F80F21A80ECA98C3,fish_farming,5,1.0,71.76000022888199,35.880000114440996,0.5,147.09724701252614,1.0,True
48A3793C0D48B78D795E,fish_farming,6,1.0,20.0,18.0,0.9,251.38901524125026,1.0,True
C862C16DBEEFB7F99EA2,fish_farming,5,2.0,30.0,15.0,0.5,143.50857825604766,1.0,True
A363FD457D9CB3D921E8,fish_farming,5,1.0,23.920000076294,0.0,0.0,344.2444036324938,1.0,True
5871085F5A455E7D6E9B,fish_farming,6,1.0,19.1900005340576,12.054176148680234,0.6281488177807496,479.6425880880837,1.0,True
9512BC321DC395962DA0,fish_farming,5,2.0,29175.00078678135,29171.630163648628,0.9998844687903402,61.64871695741329,1.0,True
32A15FC4C61B8F208992,fish_farming,5,1.0,20.1999998092652,10.0999999046326,0.5,260.58308731834586,1.0,True
E4A689498ABA1E372B97,fish_farming,5,1.0,194.500005245209,194.500005245209,1.0,271.0591893213791,1.0,True
83C3169A6089B3A40009,fish_farming,6,1.0,100.0,50.0,0.5,476.7140133737406,1.0,True
0110B3382CCE6401E2DE,fish_farming,5,2.0,35.880000114440996,11.960000038147,0.33333333333333337,363.2690736064632,1.0,True
0FBA7AA9466645207642,fish_farming,6,1.0,504.99999523162995,504.99999523162995,1.0,89.30735515442487,1.0,True
EB086BF5F2AC30974DEE,fish_farming,5,2.0,4.0,2.0,0.5,494.1665990354186,1.0,True
DE4CF3362340EDB1E591,fish_farming,5,2.0,250.0,225.0,0.9,668.5263632989353,1.0,True
C2F1F48BAF1FFE6C6F40,fish_farming,5,1.0,33.2850008010864,8.87600021362304,0.2666666666666667,164.2544330361834,1.0,True
69027AB10E68B0D3B6C7,fish_farming,6,1.0,80.0,80.0,1.0,267.0194117860592,1.0,True
1D204F12AEC0A7330E44,fish_farming,6,1.0,300.0,300.0,1.0,253.51773238869293,1.0,True
C533550E6289147BCD4F,fish_farming,5,1.0,19.450000524520902,0.0,0.0,466.0192954922704,1.0,True
6ABC9A11F884422D77A8,fish_farming,5,2.0,11.960000038147,11.960000038147,1.0,86.42605506386464,1.0,True
851A2772B46F6968FCEF,fish_farming,5,1.0,47.840000152588,23.920000076294,0.5,489.73913185729384,1.0,True
E4318EA2A17FF060996A,fish_farming,5,1.0,230.28000640869118,211.0900058746336,0.9166666666666667,149.3228927329847,1.0,True
03F6F5E557E9791C7244,fish_farming,6,1.0,150.0,100.0,0.6666666666666666,395.9438650267131,1.0,True
44E01A6098E7B38039E1,fish_farming,5,1.0,30000.0,10300.00019073486,0.343333339691162,572.8623136023598,1.0,True
667C5F151295B3F5D085,fish_farming,5,1.0,100.999999046326,12.11999988555912,0.12,339.32660390389555,1.0,True
5F4C97D84F5F475B5B3F,fish_farming,5,2.0,605.9999942779559,585.7999944686908,0.9666666666666668,65.59652440303383,1.0,True
1B3D2E4875126B91A135,fish_farming,5,1.0,500.0,470.0,0.94,782.1480121717552,1.0,True
5F4A0B3EEE6138F2836E,fish_farming,5,2.0,252.49999761581498,240.03543316005286,0.9506353878278951,472.67481558055925,1.0,True
AE132D2EF1522A79E381,fish_farming,5,2.0,50.0,48.701298701298704,0.9740259740259741,65.8519504104831,1.0,True
37D4CC67E8EB4F7A5E50,fish_farming,5,1.0,972.5000262260451,972.5000262260451,1.0,279.45788372608683,1.0,True
B8286B7ECA4D21F58211,fish_farming,5,2.0,191.900005340576,153.5200042724608,0.7999999999999999,269.53930897045865,1.0,True
101CE4AB59379F56FF0B,fish_farming,5,1.0,119.60000038147,107.640000343323,0.9,254.40443610168106,1.0,True
179C723260F57D1DEFB7,fish_farming,5,2.0,5.0,2.5,0.5,261.4247845643425,1.0,True
0D138F92EC18BD050619,fish_farming,5,2.0,55.475001335144,33.2850008010864,0.6,109.10759450998147,1.0,True
61FC80DAEF85A1122BE5,fish_farming,5,1.0,181.7999982833868,3.89000010490418,0.02139714049304067,169.35953137935311,1.0,True
B70AECB94EE347BC97C3,fish_farming,6,2.0,1.0,1.0,1.0,381.5798992073315,1.0,True
DF4608E3886BC01E1AE8,fish_farming,6,1.0,97.2500026226045,80.48276079112097,0.8275862068965517,122.76673503158612,1.0,True
071919DC35B6E235727F,fish_farming,6,1.0,5000.0,625.0,0.125,634.8400686782,1.0,True
A833AB85A53DAFAD34A6,fish_farming,5,1.0,12000.0,3000.0,0.25,494.8326305359906,1.0,True
B29E91DE8576505DFCB8,fish_farming,5,2.0,8.0,7.0,0.875,247.71969937062738,1.0,True
48CD374C10BF844E1B57,fish_farming,6,1.0,50.0,50.0,1.0,928.2196741127061,1.0,True
515A6116CA1FD40313BE,fish_farming,5,2.0,5.0,4.0,0.8,247.71969937062738,1.0,True
A2CFC59D0B7656700FCF,fish_farming,5,2.0,150.0,120.0,0.8,25.589302748876364,1.0,True
FFAB7C0DE05205D0914B,fish_farming,5,1.0,55.475001335144,44.3800010681152,0.7999999999999999,383.7635428045711,1.0,True
D6AB265A321236D193F0,fish_farming,5,2.0,400.0,200.0,0.5,284.90357746340953,1.0,True
61082649C41D7B86046E,fish_farming,5,1.0,35.880000114440996,26.910000085830745,0.75,208.1659719112665,1.0,True
66E565590BAF8F02E5C4,fish_farming,6,1.0,1009.9999904632599,959.499990940097,0.9500000000000001,251.76168691152154,1.0,True
65B3D51E54292022BF07,fish_farming,5,1.0,389.000010490418,367.60500991344503,0.9450000000000001,492.94951758979687,1.0,True
24C673B690E6EDE0816A,fish_farming,5,1.0,10.80000028014185,9.720000252127665,0.9,255.75702859995164,1.0,True
42EC97C9A53D953692BE,fish_farming,5,2.0,1000.0,300.0,0.3,317.55002256699424,1.0,True
2A685F323BA355B133FD,fish_farming,6,1.0,20.0,6.666666666666666,0.3333333333333333,292.5262595528533,1.0,True
4160E3B7641AB0EB817C,fish_farming,5,1.0,60.0,30.0,0.5,340.40498068648117,1.0,True
8DC8D6737FE41A31BD17,fish_farming,6,1.0,10.0,0.0,0.0,332.5315718463066,1.0,True
8943050D12C7A0B3F940,fish_farming,6,2.0,25499.99952316285,25499.99952316285,1.0,116.6368338345631,1.0,True
BEC2BC22D519330E73A0,fish_farming,5,2.0,70.69999933242819,55.5499994754793,0.7857142857142858,78.82669664882883,1.0,True
3E79AF42D36BE679DD32,fish_farming,6,2.0,1151.400032043456,863.5500240325918,0.7499999999999999,128.17234487314627,1.0,True
9C5F3794BBA7019BC1E2,fish_farming,5,1.0,3.0,0.0,0.0,343.17929434682446,1.0,True
0180C3AF3F531D17AA51,fish_farming,5,2.0,59.800000190735,17.99941579673149,0.3009935742361452,252.4101368207445,1.0,True
A4185B1801755AB3EC52,fish_farming,6,1.0,40.3999996185304,30.299999713897797,0.7499999999999999,2803.2237112831804,1.0,True
3322E2A1AD3CAA88FFEE,fish_farming,6,1.0,11.67000031471254,9.725000262260451,0.8333333333333334,216.42409462511094,1.0,True
E3B065FC3A010A1A5F7B,fish_farming,5,1.0,403.999996185304,403.999996185304,1.0,209.33304830662158,1.0,True
12350400ED4126450408,fish_farming,5,2.0,6.05999994277956,4.03999996185304,0.6666666666666666,83.0367980025366,1.0,True
5175508BBF49F915077C,fish_farming,5,1.0,20.1999998092652,7.069999933242819,0.3499999999999999,149.3228927329847,1.0,True
CD5ACE09081572970281,fish_farming,5,2.0,3.02999997138978,1.8179999828338678,0.6,28.808685021288213,1.0,True
597BE9B1A1D2F51B999A,fish_farming,5,2.0,60.599999427795595,45.4499995708467,0.7500000000000001,10.332738335538835,1.0,True
489EECB6EC9EB9AB3A32,fish_farming,6,1.0,270.0,260.0,0.9629629629629629,516.5505794226845,1.0,True
64C5E9DFA9CB01860F1A,fish_farming,6,1.0,2000.0,1285.7142857142858,0.6428571428571429,590.6685358546466,1.0,True
C43FF9B13DAC5F011170,fish_farming,5,2.0,221.900005340576,221.900005340576,1.0,118.03065892919221,1.0,True
4951DA8DCEAD216D58B0,fish_farming,5,1.0,3000.0,2000.0,0.6666666666666666,2255.904194040917,1.0,True
413B5239088CD05EB441,fish_farming,5,2.0,750.0,100.0,0.13333333333333333,119.94746839311445,1.0,True
611A40B7146303FC7F8C,fish_farming,5,1.0,1200.0,1100.0,0.9166666666666666,509.2109454243199,1.0,True
9D4501FF9FD8B2FB3B15,fish_farming,5,2.0,10.0999999046326,0.0,0.0,109.88603316864848,1.0,True
3EF748CB694C5B5E2665,fish_farming,6,1.0,3059.9999427795415,0.0,0.0,228.3591889912357,1.0,True
D8D135B644B6D72E59BB,fish_farming,5,2.0,403.999996185304,302.99999713897796,0.7499999999999999,198.46574849835045,1.0,True
8B4D7D392B0F9403C70F,fish_farming,6,2.0,3000.0,3000.0,1.0,199.94885800210818,1.0,True
91190652F0A7CF9B7A3E,fish_farming,6,1.0,30.0,30.0,1.0,2549.5699985404985,1.0,True
FA00E25EB982C90769B6,fish_farming,5,2.0,59.800000190735,35.880000114440996,0.6,92.19464571064869,1.0,True
98991495B1FCFA6EE46B,fish_farming,6,1.0,48.62500131130225,42.79000115394598,0.88,654.6816271116652,1.0,True
0C856487C2ECD7291694,fish_farming,5,1.0,10.0999999046326,8.453792331830249,0.8370091496686767,279.8509324898821,1.0,True
FCDAF128F4EFFAB14B39,fish_farming,5,1.0,50.499999523163,44.69738315516643,0.885096704499273,127.16046854397659,1.0,True
E09B5E400406D982A00A,fish_farming,5,1.0,48.62500131130225,0.0,0.0,236.765060731767,1.0,True
3C3110E6D7985F1F9608,fish_farming,5,1.0,8.07999992370608,5.0499999523163,0.625,128.7100911359604,1.0,True
296D59B15A2454777C31,fish_farming,5,1.0,15.149999856948899,13.12999987602238,0.8666666666666667,183.24826534611313,1.0,True
A5A7C9695F676BFF1933,fish_farming,6,1.0,24.0,20.0,0.8333333333333334,444.72439964332386,1.0,True
02A7BE15011C611A6D72,fish_farming,5,1.0,60.0,50.0,0.8333333333333334,304.73826108639133,1.0,True
7E72FD9BF3EC734A8CBC,fish_farming,5,2.0,60.0,40.0,0.6666666666666666,248.03951797341566,1.0,True
678E1311E11445567E16,fish_farming,5,2.0,44.3800010681152,11.0950002670288,0.25,64.13063940633707,1.0,True
6942A8211B83590DBB3C,fish_farming,5,2.0,17.78,15.24,0.8571428571428571,214.13136767631283,1.0,True
0A9BD221B820438215E0,fish_farming,5,2.0,500.0,450.0,0.9,106.97306646459403,1.0,True
6A7B24544CD39CFD1AD5,fish_farming,5,1.0,5.76,4.976770538243626,0.8640226628895185,127.16046854397659,1.0,True
0A5D9F6A511C5C60CF21,fish_farming,5,1.0,160.0,150.0,0.9375,334.9481523730455,1.0,True
0AE9D7C4F9BFA7036E2F,fish_farming,5,1.0,201.999998092652,181.7999982833868,0.9,103.29417563056822,1.0,True
2C72F23158A1E1F4F05C,fish_farming,5,2.0,25.2499997615815,0.0,0.0,80.89171399554611,1.0,True
DBAEBC8B8353D8E315A2,fish_farming,5,1.0,70.02000188827525,33.329999685287575,0.476006837852837,602.5618321639083,1.0,True
B2644DA543F8B58230A5,fish_farming,5,1.0,583.500015735627,427.9000115394598,0.7333333333333333,516.8717242138804,1.0,True
F0DDA8DE86DF5410B51A,fish_farming,5,2.0,1514.99998569489,1312.999987602238,0.8666666666666666,114.87890980728898,1.0,True
64966EF090F77E11E77E,fish_farming,5,1.0,240.0,240.0,1.0,352.0476075992971,1.0,True
D5ED2711866D3AEB2732,fish_farming,5,2.0,38.900001049041805,29.17500078678135,0.7499999999999999,320.2823091210676,1.0,True
B2BB916C7AACA591D56A,fish_farming,6,2.0,3.0,0.0,0.0,135.06297635780126,1.0,True
8F1342F7AA7B2D2E1D0C,fish_farming,5,1.0,97.2500026226045,63.90714458056867,0.6571428571428571,219.49092744304482,1.0,True
32A8F44E33A25FC2FF22,fish_farming,6,1.0,550.0,530.0,0.9636363636363636,365.0994132157902,1.0,True
00CA50A9D35327C28DD0,fish_farming,5,1.0,92.01999664306649,22.1900005340576,0.24114324433339965,208.1659719112665,1.0,True
025DEB36EA9335A9A073,fish_farming,6,1.0,43.2000011205674,0.0,0.0,307.9609462292448,1.0,True
FC89FCF06A9E1E5E0629,fish_farming,5,2.0,20.60000038146972,0.0,0.0,174.5558038851258,1.0,True
A711750AA976A89EBFFB,fish_farming,6,1.0,40.3999996185304,15.149999856948899,0.37499999999999994,171.04928420634664,1.0,True
5A5B0A4B7C06473007FF,fish_farming,6,2.0,509.99999046325695,509.99999046325695,1.0,95.2815541059162,1.0,True
FAA198EFE3AD7A71B91F,fish_farming,5,1.0,76.49999856948854,19.450000524520902,0.25424837762387087,414.5939740590847,1.0,True
065B55400FE9C07EF694,fish_farming,6,2.0,20.0,20.0,1.0,115.49362005645465,1.0,True
9307E8610116470A2160,fish_farming,5,2.0,5.0,4.0,0.8,466.44661747714224,1.0,True
9B2979F1278A74951BB5,fish_farming,6,2.0,383.800010681152,191.900005340576,0.5,109.34703171990292,1.0,True
1D86680D0C2C22245A06,fish_farming,6,1.0,101.9999980926514,58.3500015735627,0.5720588496537093,165.5765966101061,1.0,True
F8E782C9CD203717D82D,fish_farming,6,1.0,43.2000011205674,32.40000084042555,0.75,298.3939174240213,1.0,True
AFBD3880D4D058B27BDD,fish_farming,6,1.0,2917.500078678135,291.7500078678135,0.09999999999999999,442.73347322348985,1.0,True
B8113311C2CBFD745E26,fish_farming,6,1.0,9595.0002670288,0.0,0.0,138.3020317485461,1.0,True
C46038289ABAE0343615,fish_farming,6,1.0,963.99998664856,915.799987316132,0.9500000000000001,671.7333824811798,1.0,True
E83BC113A6D43C06BEF2,fish_farming,5,2.0,35.880000114440996,26.910000085830745,0.75,92.19464571064869,1.0,True
8E0C5784FDD6FD908075,fish_farming,5,1.0,50.9999990463257,50.70454839223693,0.9942068498114991,489.73913185729384,1.0,True
47386587263E75E260A1,fish_farming,5,1.0,15.0,10.0,0.6666666666666666,427.88526675436225,1.0,True
51C2FA2B9FFC7E980ED5,fish_farming,5,1.0,291.7500078678135,194.500005245209,0.6666666666666666,743.8944931881954,1.0,True
7F3E5E35D962FFDF36E4,fish_farming,5,1.0,95.680000305176,83.720000267029,0.875,210.61651276793518,1.0,True
27061B551546F10B1095,fish_farming,6,1.0,10.0,8.0,0.8,1062.3373472758594,1.0,True
9736C2B06D2163F57348,fish_farming,5,1.0,10.0,6.666666666666666,0.6666666666666666,402.67095837128204,1.0,True
0D1F60C94F88FBB49812,fish_farming,5,2.0,60.599999427795595,45.4499995708467,0.7500000000000001,66.1547926958256,1.0,True
AAD513C47A3076C8CE10,fish_farming,5,1.0,134.3300037384032,104.47889179653583,0.7777777777777778,174.32404500270488,1.0,True
D2726E1FB6EA958A8344,fish_farming,5,2.0,22.1900005340576,11.0950002670288,0.5,65.59652440303383,1.0,True
0C05565308D00B3B4243,fish_farming,6,1.0,200.0,187.5,0.9375,319.2318273488444,1.0,True
B90C34F241FDB1CD5973,fish_farming,5,1.0,5.5475001335144,0.0,0.0,260.58308731834586,1.0,True
8B0B8C5E7AB1071FE331,fish_farming,6,1.0,10.0,9.993149512087339,0.9993149512087338,502.0785616997748,1.0,True
23744A844AA740C024DD,fish_farming,6,1.0,50.499999523163,49.50009756185492,0.9801999609752581,79.83192349233136,1.0,True
544EB3A9A25BBA24E361,fish_farming,5,1.0,14.399999999999999,12.844994375703035,0.8920134983127108,127.16046854397659,1.0,True
CCFD37E0804D782ABE3D,fish_farming,6,1.0,10.0,7.6923076923076925,0.7692307692307693,122.06433732288617,1.0,True
8F930C6470681BBD4EAA,fish_farming,5,2.0,500.0,450.0,0.9,71.49059970115374,1.0,True
2E6FAB3BF053AD52AF01,fish_farming,5,2.0,10.30000019073486,10.30000019073486,1.0,86.42605506386464,1.0,True
BA124F369C39D41D86EF,fish_farming,6,1.0,101.9999980926514,101.00680780420019,0.990262840127222,502.0785616997748,1.0,True
589D09C3BD2A439E9700,fish_farming,5,1.0,119.60000038147,95.680000305176,0.7999999999999999,608.8531359242894,1.0,True
EE40651382DF8E8D75AF,fish_farming,5,1.0,20.0,19.0,0.95,152.2835179492514,1.0,True
B4B38CF354FA1C0382A1,fish_farming,6,2.0,20.1999998092652,15.149999856948899,0.7499999999999999,267.49894611959314,1.0,True
F929FF2ED69FF1795AEA,fish_farming,6,2.0,230.0,220.0,0.9565217391304348,67.10821542396621,1.0,True
6CD09651A53C6DC3D586,fish_farming,5,1.0,600.0,550.0,0.9166666666666666,351.69555999169773,1.0,True
402DEF417AF0EF90C745,fish_farming,6,1.0,1919.00005340576,200.0,0.10422094551016217,430.5891002100221,1.0,True
EB174166CC55D547AADE,fish_farming,5,2.0,10.0999999046326,10.0999999046326,1.0,86.42605506386464,1.0,True
0BA9C35339D94CAA1471,fish_farming,5,1.0,20.1999998092652,15.149999856948899,0.7499999999999999,149.3228927329847,1.0,True
49490A9C1E7874544030,fish_farming,6,1.0,2019.9999809265198,194.500005245209,0.09628713221868303,289.5516089001344,1.0,True
4F977D2916D7883DC8D0,fish_farming,5,2.0,11.960000038147,5.9800000190735,0.5,74.8898530921103,1.0,True
9876A73E86350D34870A,fish_farming,6,1.0,9.725000262260451,8.104166885217042,0.8333333333333333,356.63507515093403,1.0,True
93C832457C691A30AD10,fish_farming,5,1.0,48.62500131130225,38.900001049041805,0.8000000000000002,340.1434046721363,1.0,True
8700AC48BD38182586E8,fish_farming,6,1.0,583.500015735627,29.17500078678135,0.049999999999999996,387.9076668690513,1.0,True
6AA456D3CC35F1D606FC,fish_farming,5,1.0,389.000010490418,389.000010490418,1.0,348.0117524845701,1.0,True
B006E057EB46398427E6,fish_farming,5,1.0,119.60000038147,107.640000343323,0.9,240.16822507532447,1.0,True
D2702A7BC4C1024B864E,fish_farming,6,1.0,12.59999990463255,0.0,0.0,306.8117697575675,1.0,True
DDE643C4D03BB44C467D,fish_farming,5,1.0,800.0,780.0,0.975,583.6925463968323,1.0,True
A01E227D8B1510CE8560,fish_farming,5,2.0,50.499999523163,0.0,0.0,28.512654098020757,1.0,True
BF40486AF36CE118F2C0,fish_farming,5,1.0,20.0,1.0,0.05,249.71842379614398,1.0,True
F701C9DD93ED522AFCFB,fish_farming,5,1.0,151.49999856948898,141.39999866485638,0.9333333333333333,519.7961331188669,1.0,True
3FB8DD6F7BF10C92D9AF,fish_farming,5,1.0,1000.0,970.0,0.97,315.38226297248195,1.0,True
A53C38A378CFF45904BF,fish_farming,6,2.0,1.94500005245209,0.0,0.0,144.92542840575373,1.0,True
CF313DC685761FD73070,fish_farming,5,2.0,23.920000076294,11.960000038147,0.5,282.45931208875805,1.0,True
EA2091AB17DEDD0E543A,fish_farming,5,1.0,59.800000190735,47.840000152588,0.7999999999999999,608.8531359242894,1.0,True
E1A4347985E743A6D644,fish_farming,6,1.0,95.950002670288,31.98333422342933,0.3333333333333333,365.84921204125277,1.0,True
4CE341413C7DCAF09A51,fish_farming,5,2.0,3.240000084042555,0.0,0.0,77.73188141759508,1.0,True
05DAC469CB5DC276C7A3,fish_farming,6,1.0,7.069999933242819,5.0499999523163,0.7142857142857144,217.99190002663113,1.0,True
BB20FF28ECF98CB0D8DF,fish_farming,5,2.0,40.0,15.0,0.375,143.50857825604766,1.0,True
38AE14535EE980688A09,fish_farming,5,1.0,154.5000028610229,154.5000028610229,1.0,283.71674777785273,1.0,True
64ED31BBA47FBC3F78B5,fish_farming,5,2.0,30.299999713897797,20.1999998092652,0.6666666666666667,219.4311449679187,1.0,True
9388C64A1F8009818742,fish_farming,6,1.0,20.1999998092652,13.61500036716463,0.6740099255307811,261.52343673662216,1.0,True
229034DDDFA60BE2E9D6,fish_farming,6,1.0,383.800010681152,383.800010681152,1.0,448.1432230108438,1.0,True
671EB1BAE7CB58DD70A2,fish_farming,5,1.0,404.56001091003475,233.4000062942508,0.5769230769230769,232.5269186590044,1.0,True
B9529F214992967175FF,fish_farming,5,2.0,100.999999046326,100.999999046326,1.0,46.11141683460889,1.0,True
41D3D3B044B799BA39F3,fish_farming,6,1.0,100.999999046326,80.7999992370608,0.8,44.07184709990889,1.0,True
1256E2A2B725DB5DA018,fish_farming,6,2.0,764.9999856948854,544.6000146865853,0.7118954573468385,388.3654987042262,1.0,True
9924131D172A8C7A4D3D,fish_farming,6,1.0,68.67999935150168,50.499999523163,0.7352941176470588,708.4910759153637,1.0,True
3D1747EC10353934FA79,fish_farming,6,1.0,41.40999960899366,38.37999963760388,0.926829268292683,206.59199261286025,1.0,True
10A32375AB278F0B4DF3,fish_farming,5,2.0,54.46000146865852,48.62500131130225,0.8928571428571429,39.312675659473385,1.0,True
D8F15C9C751C72192BD2,fish_farming,5,1.0,4039.9999618530396,4039.9999618530396,1.0,67.81940824229223,1.0,True
1B0A8F179EE9EDE8A243,fish_farming,5,1.0,20.1999998092652,10.0999999046326,0.5,405.6762022066504,1.0,True
5E9E3364CC2B404CB8F0,fish_farming,5,2.0,30.0,1.1815561959654177,0.03938520653218059,92.19464571064869,1.0,True
418636C959EB5F1E1D68,fish_farming,5,1.0,500.0,470.0,0.94,277.74427975945525,1.0,True
F6908A87DBFB471CC0FE,fish_farming,5,1.0,400.0,200.0,0.5,322.3687812488649,1.0,True
982AC251E57EAF07A156,fish_farming,6,1.0,504.99999523162995,229.49999570846563,0.4544554413375789,265.3316291136263,1.0,True
A1F7E51237D1856FFEB8,fish_farming,6,1.0,509.99999046325695,509.99999046325695,1.0,143.35272958789753,1.0,True
2AED0C05A10805EAE7E0,fish_farming,6,1.0,127.49999761581424,123.34769888007217,0.9674329504832316,184.71621186408328,1.0,True
8FC72B4B619E95252373,fish_farming,6,1.0,100.0,80.0,0.8,367.1402183562497,1.0,True
878B0A4A96E59253D9E1,fish_farming,5,1.0,5.0499999523163,0.0,0.0,78.86086200458381,1.0,True
F3F138515F9740383CA5,fish_farming,6,1.0,50.0,1.9230769230769231,0.038461538461538464,348.2363456782142,1.0,True
D2FEA5D8EB4EE4DA37DB,fish_farming,5,1.0,447.3500120639807,223.67500603199036,0.5,808.3267477888503,1.0,True
FB02244801827C67F845,fish_farming,5,2.0,605.9999942779559,585.7999944686908,0.9666666666666668,77.73188141759508,1.0,True
695DBC9A9F68E7D35CC1,fish_farming,5,1.0,194.500005245209,175.0500047206881,0.9,204.40576891028675,1.0,True
CE7FD25FA32B0E97D065,fish_farming,5,1.0,32.31999969482432,20.56727253307002,0.6363636363636364,348.42883118472423,1.0,True
E7AF30F749D42CAEACE0,fish_farming,5,1.0,19.450000524520902,0.0,0.0,232.5269186590044,1.0,True
01E7D9157318294F35A3,fish_farming,5,2.0,125.0,116.27906976744185,0.9302325581395349,248.03951797341566,1.0,True
205D49783916B457597C,fish_farming,6,1.0,50.499999523163,5.0499999523163,0.1,834.1911055132508,1.0,True
397419BC47C6D2C24F26,fish_farming,6,1.0,50.499999523163,50.499999523163,1.0,295.95966458002016,1.0,True
154B62F95EDDFB04C671,fish_farming,6,1.0,30.299999713897797,5.0499999523163,0.16666666666666669,226.4241685866878,1.0,True
2A2710F3BA8FBA111B6B,fish_farming,5,1.0,97.2500026226045,77.80000209808361,0.8000000000000002,498.1379609055809,1.0,True
DF117EF864813FEC64ED,fish_farming,5,1.0,11514.00032043456,600.0,0.052110472755081086,233.50139418885212,1.0,True
5D61F5780FF8D992DA7B,fish_farming,5,2.0,30.0,18.0,0.6,175.26845321932234,1.0,True
A25816619633145188BE,fish_farming,6,1.0,20.1999998092652,0.0,0.0,158.92575166330778,1.0,True
A1254469A78A56DD2247,fish_farming,5,2.0,300.0,270.0,0.9,68.34543333766977,1.0,True
B319D307F56213981F15,fish_farming,5,1.0,112.10999894142185,80.7999992370608,0.7207207207207208,466.0192954922704,1.0,True
901595607DCDDF3AA709,fish_farming,5,1.0,4.03999996185304,4.039918355503029,0.9999798004082224,69.88219047319772,1.0,True
75BAD44167BB958F723A,fish_farming,5,1.0,15.45000028610229,9.270000171661373,0.6,369.8030179330586,1.0,True
A1D440624254B937EE68,fish_farming,6,1.0,30599.999427795417,20.0,0.0006535947834637232,224.4767413406343,1.0,True
8D9730F4303FAF3D30BA,fish_farming,5,1.0,60.599999427795595,4.03999996185304,0.06666666666666667,484.3045505982379,1.0,True
33AE6BED352123BF293B,fish_farming,5,1.0,126.42500340938585,106.97500288486495,0.8461538461538461,226.93665379098738,1.0,True
FC6BA7B095A1D433B98E,fish_farming,6,1.0,68.07500183582316,48.62500131130225,0.7142857142857142,728.4485710115711,1.0,True
775CD8B566F04EBF5A95,fish_farming,5,1.0,778.000020980836,676.8600182533273,0.87,305.2773621138232,1.0,True
BC649FE8DE9F5F121ADA,fish_farming,5,1.0,972.5000262260451,933.6000251770032,0.96,360.32737823270935,1.0,True
523C8C058EA023887ED0,fish_farming,5,1.0,9.6,4.8,0.5,96.20294971392514,1.0,True
8829CDFF4B6523B39025,fish_farming,6,1.0,2549.9999523162846,154.0,0.06039215799204803,624.4442650691376,1.0,True
052B395651AD6F3369A5,fish_farming,5,1.0,305.99999427795416,95.680000305176,0.3126797454063524,192.1005101181123,1.0,True
ADCFCCB221A3418433CB,fish_farming,5,1.0,10.0999999046326,10.0999999046326,1.0,214.01515730864116,1.0,True
890392951D41D4554ED5,fish_farming,6,2.0,15.149999856948899,8.07999992370608,0.5333333333333333,312.33313282741534,1.0,True
B9A34FD7519CF533ABB5,fish_farming,5,2.0,71.76000022888199,47.840000152588,0.6666666666666667,384.82802334941556,1.0,True
49C04CE85EA29403DA95,fish_farming,6,1.0,201.999998092652,151.49999856948898,0.7499999999999999,155.31713939899976,1.0,True
0C373A12B8E15927906E,fish_farming,6,1.0,19450.0005245209,0.0,0.0,295.78392147574385,1.0,True
EF65CF04630BBDA65C03,fish_farming,5,2.0,2019.9999809265198,1514.99998569489,0.7500000000000001,261.76167420476736,1.0,True
54B61773569D129F1837,fish_farming,5,2.0,5.0499999523163,4.03999996185304,0.7999999999999999,28.512654098020757,1.0,True
24CC57C8F5B2C635446A,fish_farming,5,2.0,11.960000038147,11.960000038147,1.0,250.7134209960758,1.0,True
D7E11ECABD4C448FFCAE,fish_farming,6,2.0,7.069999933242819,5.0499999523163,0.7142857142857144,241.80629638251514,1.0,True
5BE451DEC9795E26225E,fish_farming,6,1.0,50.0,30.0,0.6,219.88551053637292,1.0,True
94256000B61C652FD1DA,fish_farming,6,1.0,35.880000114440996,35.880000114440996,1.0,1028.9860442342658,1.0,True
8F0402C8013057E55687,fish_farming,5,2.0,216.000005602837,190.08000493049656,0.88,109.88603316864848,1.0,True
A7CA5656D3A3D5FD466B,fish_farming,5,1.0,757.499992847445,757.499992847445,1.0,407.0364828184308,1.0,True
5D99378E9F661F1D0AC1,fish_farming,5,2.0,194.500005245209,175.0500047206881,0.9,49.465742720287786,1.0,True
FD555E19D15EB91DF4E7,fish_farming,5,1.0,300.0,285.0,0.95,886.1211074201182,1.0,True
B43CD20D47AB42A6354B,fish_farming,5,1.0,585.7999944686908,504.99999523162995,0.8620689655172413,423.9963362691988,1.0,True
C400B30CD5B141C8DF41,fish_farming,5,2.0,200.0,184.6153846153846,0.923076923076923,668.5263632989353,1.0,True
594DACD698BB4A1645AB,fish_farming,5,1.0,153.5200042724608,95.950002670288,0.625,562.4259926398846,1.0,True
A66A153808631F8F5727,fish_farming,5,1.0,239.20000076294,42.376333658983434,0.1771585849658113,243.77296926003285,1.0,True
AFA8A4434F98829FF432,fish_farming,5,2.0,504.99999523162995,454.499995708467,0.9000000000000001,184.87220408065514,1.0,True
F861DA1972C2AD8C1D6A,fish_farming,5,2.0,26.184999942779548,1.728000044822696,0.06599198199728039,79.13814730858974,1.0,True
80241E20053C8D7BFC57,fish_farming,5,1.0,47.840000152588,23.920000076294,0.5,276.84812055659404,1.0,True
6C1DB15325DE7705D82E,fish_farming,5,1.0,9.720000252127665,7.560000196099295,0.7777777777777777,295.893173721199,1.0,True
04DBEC29D7C75E54FE9D,fish_farming,5,1.0,76.7600021362304,38.3800010681152,0.5,554.5044997858017,1.0,True
9CCFE374F6D24E77F0B6,fish_farming,5,1.0,58.3500015735627,58.3500015735627,1.0,313.6482597223228,1.0,True
317F4F8D04EE077A1FD1,fish_farming,5,2.0,19.2,15.36,0.8,30.92792426964005,1.0,True
ED004BDCC5A0BDBFE436,fish_farming,6,1.0,2827.999973297128,2726.9999742508016,0.9642857142857142,654.6816271116652,1.0,True
B05E705CF3173D1D41D4,fish_farming,6,2.0,4.03999996185304,3.2319999694824317,0.7999999999999999,196.57146322801924,1.0,True
FC2CFB3DB070C706F7BE,fish_farming,5,2.0,20.0,15.0,0.75,181.9160676353154,1.0,True
095862CC2E5C6241F037,fish_farming,6,1.0,302.99999713897796,292.8999972343454,0.9666666666666668,994.6124719581068,1.0,True
04D0BC99C3839687311B,fish_farming,6,1.0,3.89000010490418,2.5933334032694533,0.6666666666666666,551.5889763012963,1.0,True
7872D817B9407A94FFC2,fish_farming,5,1.0,15.149999856948899,13.107984816003468,0.86521352737777,210.16085052940335,1.0,True
26BD6FE53EBBD78E0834,fish_farming,5,1.0,29.17500078678135,29.17500078678135,1.0,280.01054862920216,1.0,True
CAF9BB6BB7B636681B4A,fish_farming,6,1.0,60.599999427795595,10.0999999046326,0.16666666666666669,500.92130113286277,1.0,True
07A88E7B7224F561F1E7,fish_farming,6,1.0,3.89000010490418,0.0,0.0,378.59788286419416,1.0,True
5D83B3B69DAC6326C213,fish_farming,6,2.0,15.299999713897709,0.0,0.0,107.48403731436215,1.0,True
E2FB0BBAAEC5823AEC6E,fish_farming,6,1.0,500.0,50.0,0.1,315.0884761532711,1.0,True
EB6BEBA888E4E4AA52E6,fish_farming,5,1.0,972.5000262260451,958.8850258588805,0.986,729.6156829960404,1.0,True
A7E818F73661006E25E3,fish_farming,6,1.0,389.000010490418,389.000010490418,1.0,306.48525959897734,1.0,True
89084A7E499D6488351C,fish_farming,6,1.0,4.03999996185304,0.0,0.0,534.7163456379387,1.0,True
88FBA65E71A218863240,fish_farming,6,1.0,1019.9999809265139,0.0,0.0,1172.417552371857,1.0,True
A7F27BF13427D0659A02,fish_farming,5,1.0,6059.99994277956,5554.99994754793,0.9166666666666666,232.5269186590044,1.0,True
AA8A9FC8C39213D038D0,fish_farming,6,1.0,250.0,0.0,0.0,124.46413181023672,1.0,True
2DC255E8941C5036CE11,fish_farming,5,2.0,7.2299998998642,4.8199999332428,0.6666666666666666,320.2823091210676,1.0,True
E03E6C98712E3499BD24,fish_farming,5,1.0,59.800000190735,23.920000076294,0.39999999999999997,134.83914309481565,1.0,True
6274DC772B3C90DAE50B,fish_farming,5,1.0,0.439999997615814,0.0,0.0,328.595259132327,1.0,True
CA7CDB8817D8934917CC,fish_farming,6,1.0,5.83500015735627,4.376250118017203,0.75,558.6947924211197,1.0,True
80D5DC78817E63F86268,fish_farming,6,1.0,95.950002670288,27.41428647722514,0.2857142857142857,93.71299999942032,1.0,True
1D533764754DA9A73EE5,fish_farming,5,2.0,605.9999942779559,484.79999542236476,0.8,100.08683958161524,1.0,True
0896272A36E2303D8148,fish_farming,6,1.0,127.49999761581424,19.16,0.15027451261397926,396.04007561550156,1.0,True
B7B3B41B6BC17A539D00,fish_farming,6,1.0,305.99999427795416,243.12500655651127,0.7945261800745964,1276.3715192685695,1.0,True
449CAC54BAF10BB80DBA,fish_farming,5,2.0,73.6159973144532,2.16000005602837,0.029341449342890208,79.13814730858974,1.0,True
55C7DFCFE91323549279,fish_farming,6,1.0,15.149999856948899,12.11999988555912,0.8,286.5337167009999,1.0,True
E05871D91DED89AD1B2A,fish_farming,5,1.0,2000000.0,4000.0,0.002,592.5363728573905,1.0,True
BC34B3AAF4CE7EA89073,fish_farming,5,1.0,80.0,75.0,0.9375,683.4427845005874,1.0,True
75378074DB53291C1945,fish_farming,5,2.0,2.618499994277955,2.618499994277955,1.0,287.99692201548487,1.0,True
C207109CA59F5AB22AF9,fish_farming,5,1.0,200.0,100.0,0.5,312.2711222881963,1.0,True
6E038359719988E5A242,fish_farming,5,1.0,6.05999994277956,4.328571387699686,0.7142857142857143,2935.37628273125,1.0,True
4E279A28CBCF7D5C574A,fish_farming,5,2.0,19.450000524520902,11.67000031471254,0.6,320.2823091210676,1.0,True
D68D53B2B6ADBEAE3FB7,fish_farming,5,2.0,200.0,195.0,0.975,281.15981037266306,1.0,True
3989FA0E7FEEF3E86C29,fish_farming,5,1.0,200.0,150.0,0.75,348.42883118472423,1.0,True
5EFEF265D142514E7D7A,fish_farming,5,1.0,200.0,200.0,1.0,404.16337389442515,1.0,True
1702E7955D6C6AC583BC,fish_farming,6,1.0,252.49999761581498,201.999998092652,0.8,293.302408039737,1.0,True
5B7389B5A9CEB2C5FA61,fish_farming,5,1.0,77.25000143051145,34.016584444843154,0.4403441270540562,504.30367509108305,1.0,True
D2B8B41CE4D1254A163E,fish_farming,5,2.0,1148.1600036621119,11.960000038147,0.010416666666666668,17.49458342525094,1.0,True
C48247B77DD8B7FCA762,fish_farming,6,1.0,140.0,100.0,0.7142857142857143,1316.891250039,1.0,True
8155AEDDC230C3FB0EB0,fish_farming,5,1.0,12.7,5.08,0.4,383.7635428045711,1.0,True
800975F78B9B321D30B5,fish_farming,6,1.0,5000.0,5000.0,1.0,307.4676792209019,1.0,True
323E1062E9BF45D1CB2A,fish_farming,6,1.0,389.000010490418,151.49999856948898,0.3894601400614121,370.2778487770981,1.0,True
93FAD6A9CCF81466568C,fish_farming,5,2.0,44.3800010681152,17.142187365546,0.3862592824014554,92.19464571064869,1.0,True
6FEDEB1F5DB4FEF56B93,fish_farming,6,1.0,50.9999990463257,45.08863575916646,0.8840909137706127,292.5262595528533,1.0,True
2851224193850A8910D0,fish_farming,6,1.0,50.499999523163,25.2499997615815,0.5,345.31529717414776,1.0,True
A2721DFF83C89309CFA8,fish_farming,6,1.0,2000.0,1000.0,0.5,492.4495284275911,1.0,True
D46AB61F5AF937D973D9,fish_farming,5,1.0,150.0,100.0,0.6666666666666666,529.5620947854608,1.0,True
CD52798530E7C222EDDF,fish_farming,5,1.0,50.499999523163,0.0,0.0,120.93733953178197,1.0,True
0BA0EFD621CEAF8CCA4B,fish_farming,5,1.0,50.499999523163,35.349999666214096,0.7,417.03276214178516,1.0,True
75FF3551695BA53CAABE,fish_farming,5,1.0,2000.0,800.0,0.4,592.5363728573905,1.0,True
9D2DDE66CFC799BF3AD2,fish_farming,6,1.0,120.0,0.0,0.0,315.0884761532711,1.0,True
8BE5F7B0D26ED844FCD8,fish_farming,5,2.0,230.0,200.0,0.8695652173913043,317.55002256699424,1.0,True
880583DF34C18913C697,fish_farming,5,2.0,108.0000028014185,86.4000022411348,0.7999999999999999,95.96528570073468,1.0,True
DFC46B4A06AF54BF7604,fish_farming,5,1.0,20.1999998092652,10.0999999046326,0.5,78.86086200458381,1.0,True
0E8A228A9E6A3F6C3616,fish_farming,5,1.0,5.0,0.0,0.0,193.88007187814034,1.0,True
300A509E8971ABFA7A5B,fish_farming,5,2.0,47.840000152588,28.704000091552796,0.6,145.86576806147258,1.0,True
03CD6FBCC543BADEA91A,fish_farming,6,1.0,59.800000190735,14.95000004768375,0.25,1220.0610110655443,1.0,True
ED67047BECF99E0DF04D,fish_farming,5,1.0,40.0,20.0,0.5,1211.714081874882,1.0,True
28E662B8D96DD7082721,fish_farming,6,1.0,20.0,18.0,0.9,404.9340643635107,1.0,True
E642B70C6D9A9AC1E7CD,fish_farming,5,2.0,50.499999523163,0.0,0.0,148.5644902850235,1.0,True
292C50CA8FF768C719EC,fish_farming,6,1.0,10.0999999046326,0.0,0.0,251.76168691152154,1.0,True
2E738CBB8857ECB54D87,fish_farming,6,1.0,620.0,10.5,0.016935483870967744,313.7493132033656,1.0,True
B10B300EFA26F09C589F,fish_farming,5,1.0,1019.9999809265139,972.5000262260451,0.9534314160895156,303.64794918669674,1.0,True
56C5282608C8EEC74871,fish_farming,5,1.0,38.900001049041805,23.22999978065498,0.5971722147608319,267.2097542895478,1.0,True
08F2E32E9D33B1ADD218,fish_farming,5,1.0,97.2500026226045,87.52500236034405,0.9,393.5886746866068,1.0,True
52C30A4E723352A82F0D,fish_farming,5,1.0,10000.0,9425.0,0.9425,2255.904194040917,1.0,True
6BED85E23BEA91E890AB,fish_farming,6,1.0,203.9999961853028,116.7000031471254,0.5720588496537093,160.40008121456643,1.0,True
CC455DA521A7D71BAC52,fish_farming,5,1.0,7500.0,3029.99997138978,0.403999996185304,178.05798989754396,1.0,True
119928293BAA17C0DA5F,fish_farming,5,1.0,15.149999856948899,9.089999914169338,0.6,210.16085052940335,1.0,True
1B47B4E07004680EC04A,fish_farming,6,1.0,972.5000262260451,190.61000514030482,0.19599999999999998,264.2172666928997,1.0,True
17393FA25203C1D28D9E,fish_farming,5,2.0,400.0,200.0,0.5,334.26318164946764,1.0,True
93097D6A2B2A454D160A,fish_farming,5,2.0,10.0999999046326,9.08999991416934,0.8999999999999999,260.3859618977323,1.0,True
83F4AA8801DD41AB0704,fish_farming,5,1.0,15.45000028610229,9.585073785834505,0.6203931138083245,226.93665379098738,1.0,True
6047D6BDEE7C3C0E0603,fish_farming,5,1.0,119.17999887466468,119.17999887466468,1.0,569.0230247281288,1.0,True
E6766F6B60768E0ECD22,fish_farming,5,1.0,17.78,15.24,0.8571428571428571,557.1902821747528,1.0,True
C2846BA7172E514B6950,fish_farming,6,1.0,10099.9999046326,9998.999905586274,0.99,439.0190544495033,1.0,True
A0D91A032C733306E160,fish_farming,5,2.0,605.9999942779559,585.7999944686908,0.9666666666666668,49.465742720287786,1.0,True
8C54329B14B8BCE74834,fish_farming,5,1.0,5.15000009536743,4.727128598804241,0.9178890313140823,127.16046854397659,1.0,True
6BEC3C9520978917D16A,fish_farming,5,1.0,127.49999761581424,114.61950977536222,0.8989765640681517,219.49092744304482,1.0,True
EBFC64253C89D82EBF59,fish_farming,5,2.0,1.0,0.3333333333333333,0.3333333333333333,206.40724240686293,1.0,True
D00E8A450640FF2903BF,fish_farming,5,1.0,15.45000028610229,6.741408311756938,0.4363370994770159,646.6462880802785,1.0,True
6716F1F9E41157578BD0,fish_farming,5,1.0,7.78000020980836,0.0,0.0,184.8202554352366,1.0,True
963F837A540E53DF5D81,fish_farming,5,1.0,201.999998092652,97.2500026226045,0.48143566109341507,1745.2509327259265,1.0,True
CBCA9F148BA2B201B5F4,fish_farming,6,1.0,38380.0010681152,38380.0010681152,1.0,740.104148441936,1.0,True
09E3EB019EC7101DC6D4,fish_farming,5,1.0,23.920000076294,6.8342857360839995,0.2857142857142857,74.66110592553791,1.0,True
A82BE663017CC9665F06,fish_farming,5,2.0,1556.000041961672,1361.500036716463,0.875,105.60731280563142,1.0,True
08B33DCC117E62B0BDC2,fish_farming,5,1.0,100.999999046326,5.0,0.04950495096249094,402.67095837128204,1.0,True
C45B1141AFAF103327DD,fish_farming,5,1.0,1200.0,400.0,0.3333333333333333,356.70100057584204,1.0,True
234836420A6EA8409E26,fish_farming,6,1.0,4.079999923706056,2.0,0.49019608759779243,450.043263227343,1.0,True
6D1D69806F099B3E901C,fish_farming,5,1.0,29.17500078678135,22.310294719303386,0.7647058823529412,188.77480033274188,1.0,True
FEDB6FB584E16373FFDB,fish_farming,5,1.0,75.0,50.0,0.6666666666666666,817.6230756411469,1.0,True
71EBEB1FE3AA48722815,fish_farming,5,1.0,1529.9999713897707,1556.000041961672,1.0169935104954833,374.4271537080995,1.0,False
B7DF86EA23C592A34720,fish_farming,6,1.0,403.999996185304,403.999996185304,1.0,377.613608983342,1.0,True
FE6DBFAD4A25F22F1D37,fish_farming,6,1.0,216.000005602837,172.8000044822696,0.7999999999999999,407.80308901790886,1.0,True
7CD1930A30FD4A4EA1F4,fish_farming,5,1.0,191.900005340576,191.900005340576,1.0,283.71674777785273,1.0,True
D5ADA2D666E3479A37F2,fish_farming,5,1.0,110.950002670288,0.0,0.0,476.30514725190665,1.0,True
E794F304854E2F448D14,fish_farming,5,2.0,22.1900005340576,11.0950002670288,0.5,67.148667515669,1.0,True
9EDB0060DB8F3FF38F44,fish_farming,5,1.0,778.000020980836,768.2750207185755,0.9875,268.9129916518162,1.0,True
3021AAB67CC1AD2FB7ED,fish_farming,5,1.0,3000.0,2900.0,0.9666666666666667,466.0192954922704,1.0,True
98E0CD85E77702813E3F,fish_farming,6,1.0,7.0,5.0,0.7142857142857143,486.03669483209256,1.0,True
0ACCE3A9652D834DCEF4,fish_farming,5,1.0,972.5000262260451,875.2500236034406,0.9,305.2773621138232,1.0,True
3AFE135970947848B73F,fish_farming,6,1.0,5.0,2.0,0.4,327.86902557311606,1.0,True
1AB769F648E0AB629FA2,fish_farming,5,1.0,6000.0,5771.428569352546,0.9619047615587577,408.5847824777826,1.0,True
5AF0B8D72DD373A9E7AA,fish_farming,6,1.0,5049.9999523163,201.999998092652,0.04,323.10763298644923,1.0,True
D20993C2DE71C8D4AAB1,fish_farming,6,1.0,48.47999954223648,0.0,0.0,252.00757463805303,1.0,True
D8C8CAFDC0CFC4FE3696,fish_farming,5,1.0,100.999999046326,90.8999991416934,0.9,359.4178001502728,1.0,True
FC9CC563DA49793EE010,fish_farming,5,1.0,706.999993324282,605.9999942779559,0.8571428571428571,405.6318023678752,1.0,True
6FC4DBE654A51860AF92,fish_farming,5,1.0,10.0,8.5,0.85,388.4426597151302,1.0,True
D21D6527FC300ED99FA2,fish_farming,6,1.0,50.0,14.285714285714285,0.2857142857142857,184.2443858013294,1.0,True
BAC14A9E688EB37B21DB,fish_farming,5,1.0,504.99999523162995,484.79999542236476,0.96,277.74427975945525,1.0,True
FFF4F3A661736E6EF58D,fish_farming,5,2.0,35.880000114440996,15.45000028610229,0.4306020132894026,110.20969142422372,1.0,True
9BB6A94DA9DBE2B3E978,fish_farming,6,1.0,50.0,45.0,0.9,382.88498761919385,1.0,True
B10A22EE1665C4C2A3D2,fish_farming,5,2.0,2.88,0.0,0.0,14.553152585265964,1.0,True
C72433750457ABD684B8,fish_farming,6,1.0,71.76000022888199,71.76000022888199,1.0,40.89179049625109,1.0,True
C9716F2A5049FA3E3D74,fish_farming,5,1.0,50.499999523163,10.0999999046326,0.2,69.88219047319772,1.0,True
4115F6EB3578ADA4BC45,fish_farming,5,1.0,3.89000010490418,0.0,0.0,576.9200962961419,1.0,True
59B7E9A8C08F890F77FB,fish_farming,6,1.0,500.0,480.0,0.96,180.53309619058868,1.0,True
18DD702D536A699EAE7E,fish_farming,6,1.0,25.75000047683715,21.977240745638735,0.8534850616957417,209.2187493892977,1.0,True
A08650FBC9D5F033DB65,fish_farming,5,1.0,50.499999523163,35.349999666214096,0.7,221.3510200484944,1.0,True
48FFC4371EDC73E837C7,fish_farming,6,1.0,5835.00015735627,5640.500152111061,0.9666666666666666,362.3094260094569,1.0,True
E073E7EC4D7AC6F1C603,fish_farming,5,2.0,20.0,15.0,0.75,246.51921124614393,1.0,True
DF44ED4580C72A07DB9A,fish_farming,5,2.0,252.49999761581498,201.999998092652,0.8,201.42792384907204,1.0,True
E6EB82CD510A58FCCC65,fish_farming,6,1.0,9725.00026226045,5835.00015735627,0.6000000000000001,372.7886529860532,1.0,True
D0BA64F34B66F3812011,fish_farming,5,1.0,12.11999988555912,2.01999998092652,0.16666666666666666,284.6046411756365,1.0,True
287AFDD275E580325AFB,fish_farming,5,1.0,1196.0000038147,257.50000476837147,0.21530100664470128,536.5562991347364,1.0,True
4A41EEB6221BE62D6ABE,fish_farming,5,1.0,33.2850008010864,22.1900005340576,0.6666666666666667,961.3895921528705,1.0,True
8AB8D8EB2F7E21BDFE2E,fish_farming,6,1.0,9.725000262260451,7.338233593556568,0.7545741280885981,105.19479296549308,1.0,True
C6CA0C6ECAFD48016253,fish_farming,5,2.0,201.999998092652,181.7999982833868,0.9,174.64699126108118,1.0,True
D6C6B84509D861FD8951,fish_farming,5,1.0,10.30000019073486,1.037964572819512,0.1007732576309261,569.3005267492354,1.0,True
826BE040C7899CCB40D2,fish_farming,5,1.0,127.49999761581424,126.95869778166164,0.995754511025297,308.0814119704448,1.0,True
862D9052CB02FDE83934,fish_farming,5,1.0,101.9999980926514,50.9999990463257,0.5,323.73050317732356,1.0,True
DB9707CAF185365AC1C7,fish_farming,6,1.0,583.500015735627,97.2500026226045,0.16666666666666666,443.66472350048537,1.0,True
09E08677A3B1432CDBD5,fish_farming,5,2.0,38.3800010681152,28.785000801086397,0.75,76.77222856058775,1.0,True
A7C62DEEE292BCBE8BF0,fish_farming,5,2.0,83.720000267029,67.01371540101175,0.8004504919645038,81.4764504457654,1.0,True
58685BFBD88F0B331BE5,fish_farming,5,2.0,20.0,0.0,0.0,196.09666227641955,1.0,True
7FC71A006A5E498AAF94,fish_farming,5,1.0,1600000.0,400000.0,0.25,305.5265672545919,1.0,True
979E547DE6A14EBE02B6,fish_farming,5,2.0,10.80000028014185,8.64000022411348,0.8,89.50943920813978,1.0,True
FD658F7E149805D6CB04,fish_farming,5,2.0,35.880000114440996,14.9912382150216,0.41781600243049943,121.98613022560244,1.0,True
210305542C474D7EA295,fish_farming,5,2.0,47.840000152588,35.880000114440996,0.75,175.46098136438482,1.0,True
7747A5EB7CDB48B407AB,fish_farming,5,1.0,358.80000114441,334.880001068116,0.9333333333333333,557.1902821747528,1.0,True
08B3EEDE1D92D2BFAEF4,fish_farming,5,1.0,19.1900005340576,9.5950002670288,0.5,308.9042187263049,1.0,True
F64EEA4B6E77713945CE,fish_farming,6,1.0,40.0,37.142857142857146,0.9285714285714286,464.04230702554946,1.0,True
3873FA4394279832E6E2,fish_farming,5,2.0,25.75000047683715,21.188166829491717,0.8228414150341887,81.4764504457654,1.0,True
A60F9EDACE573E9F4100,fish_farming,6,2.0,5.0499999523163,2.01999998092652,0.39999999999999997,135.34926087219296,1.0,True
8941B26C8EEF403E9948,fish_farming,6,1.0,50.0,48.0,0.96,708.4910759153637,1.0,True
D3DFE1F2C2B58DD307A2,fish_farming,6,1.0,254.99999523162847,254.83753630527178,0.9993629061592368,451.6484423971302,1.0,True
6452B6EFF45307566FA7,fish_farming,5,2.0,33.2850008010864,11.0950002670288,0.33333333333333337,79.13814730858974,1.0,True
2EF9311D0063697697FB,fish_farming,5,1.0,1.94500005245209,0.0,0.0,263.8604418771869,1.0,True
EA9002197ED044FB5063,fish_farming,5,2.0,400.0,230.0,0.575,317.55002256699424,1.0,True
3F912912183B48147B59,fish_farming,6,1.0,500.0,480.0,0.96,367.1402183562497,1.0,True
0CE2D081C3D24A81BBE9,fish_farming,6,1.0,5039.99996185302,3890.0001049041803,0.7718254234815455,252.00757463805303,1.0,True
15000F65642CF277E6FE,fish_farming,5,1.0,50.0,25.0,0.5,717.3361345781911,1.0,True
2DCFD48BF0E9023AC95A,fish_farming,6,2.0,407.9999923706056,77.80000209808361,0.19068628321790312,337.08252456498593,1.0,True
3EA865F1FA62594EB1E0,fish_farming,6,1.0,6.0,6.0,1.0,940.3608825785734,1.0,True
CC118B7AB764111542AD,fish_farming,5,2.0,1.00999999046326,0.0,0.0,30.92792426964005,1.0,True
C30473487C9CA15C6816,fish_farming,6,1.0,30.0,20.0,0.6666666666666666,180.53309619058868,1.0,True
D2211206BCD7B7A882DF,fish_farming,5,1.0,382.4999928474427,374.5563180837528,0.9792322224516794,165.61734825163072,1.0,True
B9A35212ABCE3B062D98,fish_farming,6,1.0,19.450000524520902,9.725000262260451,0.5,766.8359895976154,1.0,True
F9545DC9EFB670BF9A52,fish_farming,5,2.0,40.0,28.0,0.7,177.57461707747137,1.0,True
538F9596C083456D15A1,fish_farming,6,2.0,40.0,25.0,0.625,422.30958804833625,1.0,True
129677A5DF1882039FAC,fish_farming,5,2.0,706.999993324282,605.9999942779559,0.8571428571428571,174.64699126108118,1.0,True
66ECE182BAC8155043A5,fish_farming,5,1.0,100.0,80.0,0.8,312.2711222881963,1.0,True
CB911C692DF963DB8228,fish_farming,6,1.0,432.000011205674,410.4000106453903,0.95,364.2548826367413,1.0,True
CB4B058E44D404539640,fish_farming,6,2.0,10.0,7.0,0.7,410.73946234838183,1.0,True
399D9B64D20277AE5D7F,fish_farming,5,2.0,20.1999998092652,18.363636190241092,0.9090909090909091,123.68528769139735,1.0,True
84C743C967A0588FE9E2,fish_farming,6,1.0,100.0,100.0,1.0,310.08443314217794,1.0,True
3148C768958D953F8C1E,fish_farming,6,1.0,38.24999928474427,2.0,0.05228758267709786,270.2818460747014,1.0,True
4C2EFC84F2F25FAE865F,fish_farming,6,1.0,194.500005245209,175.0500047206881,0.9,394.97845375903256,1.0,True
B3AE1D219C280F83EB99,fish_farming,5,2.0,9.6399998664856,4.8199999332428,0.5,206.11575498254714,1.0,True
04A5A5C5DD6565F3E515,fish_farming,6,2.0,45.0,40.0,0.8888888888888888,139.9662212920041,1.0,True
5F01DBEA60042D7F7D13,fish_farming,6,1.0,20.0,16.666666666666668,0.8333333333333334,254.1102952165216,1.0,True
1A4C4E52229CAFCD464A,fish_farming,5,1.0,1.019999980926514,0.9398459008370479,0.9214175670702873,230.14056948181099,1.0,True
D361F8CD8D0F80E44A8F,fish_farming,5,1.0,302.99999713897796,201.999998092652,0.6666666666666667,157.8092498633268,1.0,True
1A281D828A36DD7072C4,fish_farming,6,2.0,6.0,0.0,0.0,211.15479402416813,1.0,True
D0C96726D2C6D2A87752,fish_farming,6,1.0,1000.0,950.0,0.95,142.92203448421603,1.0,True
AFB1AB658E801BD9E03D,fish_farming,5,1.0,68.07500183582316,58.3500015735627,0.857142857142857,222.93245552983456,1.0,True
245DA370832233F14BF5,fish_farming,6,1.0,50.0,35.0,0.7,728.4485710115711,1.0,True
59F3521E46EDEF45C5D8,fish_farming,5,1.0,1529.9999713897707,25.49999952316285,0.01666666666666667,287.50296337143294,1.0,True
7F45FB6BD32946C44216,fish_farming,5,1.0,504.99999523162995,353.499996662141,0.7000000000000001,147.09724701252614,1.0,True
48CFE9C79DD7289567F0,fish_farming,6,2.0,959.50002670288,799.5833555857333,0.8333333333333334,109.34703171990292,1.0,True
D98B61AD1C76ED212D1B,fish_farming,5,2.0,83.720000267029,71.76000022888199,0.8571428571428571,107.06568383815642,1.0,True
144C9B8A2BE492AC22DB,fish_farming,6,1.0,100.0,80.0,0.8,235.5608179853197,1.0,True
2D5F6F6D3810F83FEBBB,fish_farming,5,1.0,71.76000022888199,35.880000114440996,0.5,208.1659719112665,1.0,True
C1850B12BC6F8931A4F7,fish_farming,5,2.0,10.0999999046326,10.0999999046326,1.0,151.13877880114362,1.0,True
01796524EC7FEE5EF7AB,fish_farming,5,1.0,95.950002670288,57.570001602172795,0.6,554.5044997858017,1.0,True
BDA57079C917D7712AB1,fish_farming,5,1.0,20.1999998092652,15.149999856948899,0.7499999999999999,234.52477858651127,1.0,True
C9472A55B305E71CBF4D,fish_farming,6,2.0,20.1999998092652,15.0,0.7425742644373641,23.799930858516348,1.0,True
9C8A04E9759E9F14961D,fish_farming,6,1.0,121.19999885559119,100.999999046326,0.8333333333333334,411.7818515215962,1.0,True
E105BDD79CB6EE1ABFB6,fish_farming,5,1.0,10.0999999046326,0.0,0.0,130.75568325152696,1.0,True
10D8079F95D4B668C40E,fish_farming,6,1.0,50.499999523163,45.950044130833284,0.9099018725684785,239.1148373645091,1.0,True
45DFF65FB7FBFE7A9B23,fish_farming,5,2.0,8.07999992370608,7.069999933242819,0.875,151.13877880114362,1.0,True
8694983444B2B5DC61CB,fish_farming,5,2.0,101.9999980926514,0.0,0.0,118.03065892919221,1.0,True
6420EC6C58221B52FAF4,fish_farming,5,1.0,24.23999977111824,16.15999984741216,0.6666666666666666,571.1383385103982,1.0,True
9884737DF1E0E1EF4509,fish_farming,5,1.0,403.999996185304,302.99999713897796,0.7499999999999999,188.34020706790406,1.0,True
D06F1EE799F4572F6B97,fish_farming,6,1.0,14.139999866485638,12.11999988555912,0.8571428571428572,267.1275103809783,1.0,True
8EBFF0EEE97E240B9102,fish_farming,5,2.0,20.0,19.725123695202228,0.9862561847601115,19.02222100504058,1.0,True
6F93F333D4B449B6F6FF,fish_farming,5,2.0,225.0,200.0,0.8888888888888888,169.85595989731428,1.0,True
89B73D962EE9B13B8AE7,fish_farming,6,1.0,10.0,10.0,1.0,444.84327505186883,1.0,True
8F1D60BCE88263E2EAB3,fish_farming,6,2.0,353.499996662141,323.1999969482432,0.9142857142857144,229.7920417864167,1.0,True
AAE6EA404F444A91DE6C,fish_farming,6,2.0,9.725000262260451,0.0,0.0,189.09970105340534,1.0,True
0AF0B16E6D10A6A9E973,fish_farming,6,2.0,287.850008010864,143.925004005432,0.5,138.12256638303526,1.0,True
4883294619A31EDE6273,fish_farming,6,1.0,20.0,5.0,0.25,134.57636327559246,1.0,True
CABCEE7ECCB88F1AA94B,fish_farming,6,1.0,25.0,22.321428571428573,0.8928571428571429,154.2913061520546,1.0,True
644CEC1FA82B749782F0,fish_farming,6,1.0,0.509999990463257,0.0,0.0,310.7721956580209,1.0,True
341872F45160E6240E67,fish_farming,6,1.0,400.0,380.0,0.95,423.6233288725958,1.0,True
D8681632D2A198F03A1B,fish_farming,6,1.0,6.119999885559084,6.0,0.9803921751955847,270.2818460747014,1.0,True
4B6EA663CCF11643C540,fish_farming,6,1.0,486.25001311302253,453.185012221337,0.9319999999999999,270.71313820788424,1.0,True
EBBBEC4F17358E07F268,fish_farming,5,2.0,50.0,40.0,0.8,463.8435180969533,1.0,True
89E178543BFF5BBF9CF4,fish_farming,6,2.0,1343.300037384032,1343.300037384032,1.0,223.94662984899128,1.0,True
8813344C686B807112DB,fish_farming,6,1.0,200.0,20.0,0.1,337.1031181819526,1.0,True
C4D7B592CD88DC03B52B,fish_farming,5,1.0,10.80000028014185,6.48000016808511,0.6,329.7922137278511,1.0,True
98EEAD63FFE660FCD49D,fish_farming,5,2.0,12.7,10.16,0.8,214.13136767631283,1.0,True
4671B84BF20376958F20,fish_farming,5,1.0,20.1999998092652,10.0999999046326,0.5,197.4922713967144,1.0,True
533EE9B2BC25C1641B64,fish_farming,5,2.0,38.37999963760388,35.349999666214096,0.9210526315789472,36.36579247606788,1.0,True
4650C8EDBD3866CAA497,fish_farming,6,1.0,400.0,390.0,0.975,337.1031181819526,1.0,True
C9ED1DE90E19DED0D883,fish_farming,5,1.0,7.069999933242819,3.5349999666214096,0.5,179.77970301427553,1.0,True
92B9618D6BAEC950CEF9,fish_farming,5,2.0,11.960000038147,0.0,0.0,14.1460108165115,1.0,True
3F79D64D5DBC8B76ED54,fish_farming,5,1.0,8.0,7.338569671485816,0.917321208935727,808.3267477888503,1.0,True
42E2770CE9C4BDF3BC14,fish_farming,5,1.0,97.2500026226045,93.64334304147106,0.9629135271581462,308.60257999958264,1.0,True
E40B0EA4C5BD29DEC97C,fish_farming,5,1.0,200.0,110.0,0.55,348.42883118472423,1.0,True
96017F5B79FD08555CD9,fish_farming,6,2.0,100.999999046326,48.44999909400941,0.4797029658563332,99.68452721962865,1.0,True
3833BC5ADE3D3F0AAD98,fish_farming,6,1.0,201.999998092652,181.7999982833868,0.9,231.54162720593018,1.0,True
CC17F3A737C51F090BD1,fish_farming,5,1.0,15.97999954223632,13.475268057725273,0.843258350671985,473.2438533162235,1.0,True
2DAD49E4519109C27D72,fish_farming,5,2.0,800.0,770.0,0.9625,281.15981037266306,1.0,True
A63678050F231373E374,fish_farming,5,1.0,25.0,16.666666666666664,0.6666666666666665,153.72433853664032,1.0,True
21CB3858F9CB1FC8FC4C,fish_farming,5,1.0,200.0,25.0,0.125,411.04230565141154,1.0,True
05DCA7B80E8B35BAE937,fish_farming,6,1.0,509.99999046325695,509.4275159397214,0.9988775009132538,148.74953823120669,1.0,True
A86DC9977E4C125EB778,fish_farming,5,1.0,12.11999988555912,10.554128507714996,0.8708026903770976,172.74282602000534,1.0,True
47B6AA6659551D69726A,fish_farming,5,2.0,68.67999935150168,64.63999938964864,0.9411764705882353,83.0367980025366,1.0,True
0079F83603E76716AB7D,fish_farming,5,2.0,15.149999856948899,15.149999856948899,1.0,177.46149973113535,1.0,True
7D02F9F7A6374C630C0B,fish_farming,5,1.0,50.0,40.0,0.8,794.4068937779873,1.0,True
D8405718DC84DECEF96E,fish_farming,5,1.0,0.5279999971389768,0.0,0.0,95.52713292720583,1.0,True
441EDD97D90906298551,fish_farming,6,1.0,1556.000041961672,1536.550041437151,0.9875,327.28241851333127,1.0,True
15D388550A369AD95C9F,fish_farming,6,1.0,450.0,420.0,0.9333333333333333,180.53309619058868,1.0,True
FAF6E6403012F72363D6,fish_farming,6,1.0,10.68,7.12,0.6666666666666667,444.72439964332386,1.0,True
55B6C6205F8E374C0867,fish_farming,5,1.0,19.450000524520902,9.725000262260451,0.5,210.61651276793518,1.0,True
ABAD302433732F1D9D2D,fish_farming,5,2.0,20.0,14.0,0.7,181.9160676353154,1.0,True
A618563A746823E133CA,fish_farming,5,1.0,59.800000190735,35.880000114440996,0.6,208.1659719112665,1.0,True
6528BE96747AEC86AA7D,fish_farming,5,1.0,486.25001311302253,389.000010490418,0.7999999999999999,209.33304830662158,1.0,True
9C14044374ED5C9935E9,fish_farming,6,1.0,50.9999990463257,0.0,0.0,149.8403140239743,1.0,True
8C01029ED846577A59E3,fish_farming,6,1.0,1529.9999713897707,25.0,0.016339869586593083,296.25415209637487,1.0,True
4C24B7AB0BB9D325F923,fish_farming,6,1.0,2039.9999618530278,2039.4370540732532,0.9997240648086761,82.60879570957374,1.0,True
BB317BBFAA0AA2203ACC,fish_farming,6,2.0,504.99999523162995,484.79999542236476,0.96,229.7920417864167,1.0,True
114D27FBF8CEEC044286,fish_farming,5,1.0,100.0,100.0,1.0,295.15333948327947,1.0,True
73B1BE4ED37511422932,fish_farming,6,1.0,3.0,0.0,0.0,1572.3856333056356,1.0,True
36CFB22E6E10ADEAC127,fish_farming,6,1.0,3.02999997138978,2.5971428326198116,0.8571428571428572,356.63507515093403,1.0,True
389068742CDB0126E505,fish_farming,5,1.0,50.0,3.0,0.06,267.2097542895478,1.0,True
4EC6426830A3120AC692,fish_farming,5,1.0,1000.0,1000.0,1.0,340.40498068648117,1.0,True
FB8718F7A756BA88F77E,fish_farming,5,1.0,875.0,300.0,0.34285714285714286,411.04230565141154,1.0,True
183BA6C4D15BE30E2156,fish_farming,5,1.0,252.49999761581498,201.999998092652,0.8,427.7332531312324,1.0,True
E412C03001DB3F81BF09,fish_farming,5,2.0,302.99999713897796,201.999998092652,0.6666666666666667,201.42792384907204,1.0,True
3763BB8A20F0B58F24D0,fish_farming,5,2.0,20.0,15.0,0.75,248.03951797341566,1.0,True
E36286E54ED7B07A0253,fish_farming,5,2.0,3.240000084042555,0.0,0.0,73.15941780479537,1.0,True
78B9981C9A6DD971DD11,fish_farming,5,2.0,302.99999713897796,252.49999761581498,0.8333333333333334,198.46574849835045,1.0,True
D02D4ADE02B34FCBB85C,fish_farming,5,1.0,25.0,8.333333333333332,0.33333333333333326,204.40576891028675,1.0,True
7A7F63E3E3C9E736F7AD,fish_farming,5,1.0,3332.999968528758,3231.999969482432,0.9696969696969696,147.09724701252614,1.0,True
3C7FC93FBE1C3997AE0A,fish_farming,6,1.0,101.9999980926514,70.0,0.6862745226369094,356.63507515093403,1.0,True
2C62DF4A336652858F1A,fish_farming,5,1.0,100.999999046326,50.499999523163,0.5,547.0111957346423,1.0,True
7EB4EAA0C23DF65C7BB4,fish_farming,6,1.0,151.49999856948898,121.19999885559119,0.8,356.63507515093403,1.0,True
D2B40806C2FCA67C1433,fish_farming,6,1.0,3.0,0.0,0.0,306.8117697575675,1.0,True
4E4D2668C49AC565E22C,fish_farming,5,1.0,100.0,60.0,0.6,304.73826108639133,1.0,True
11E358B0E3770D66B893,fish_farming,5,1.0,23.920000076294,11.960000038147,0.5,1098.1123795505994,1.0,True
14366C391E356B4FEA65,fish_farming,6,1.0,10.0,5.0,0.5,67.92725057600634,1.0,True
16184B9E371C68E63CDC,fish_farming,5,2.0,151.49999856948898,90.8999991416934,0.6000000000000001,49.465742720287786,1.0,True
5D6AEEF385332F41373D,fish_farming,6,1.0,302.99999713897796,292.8999972343454,0.9666666666666668,355.02134467645885,1.0,True
E8077F867816C951A525,fish_farming,6,1.0,14.0,11.0,0.7857142857142857,1238.2708769023436,1.0,True
D2C5635747C484B41FC9,fish_farming,6,1.0,302.99999713897796,292.8999972343454,0.9666666666666668,2549.5699985404985,1.0,True
194AB05D94C3CA9DA005,fish_farming,6,1.0,152.99999713897708,147.2099900814217,0.9621568159096365,205.78069792625797,1.0,True
7EE9677A7B38F2707CA4,fish_farming,5,2.0,44.3800010681152,22.1900005340576,0.5,64.13063940633707,1.0,True
68914CE2B63992C37778,fish_farming,5,2.0,10.30000019073486,7.725000143051145,0.75,89.50943920813978,1.0,True
2DE3BDA2AFF0C9D0594F,fish_farming,6,1.0,152.99999713897708,150.37139700292548,0.9828196066326464,1238.2708769023436,1.0,True
FB676FAD0379DA4B3973,fish_farming,6,1.0,291.7500078678135,272.30000734329263,0.9333333333333335,351.0323408036895,1.0,True
581493C13F3CA994767F,fish_farming,5,1.0,30000.0,2000.0,0.06666666666666667,296.26818642869523,1.0,True
E8813EAE05C0F08CC1A1,fish_farming,6,1.0,60.599999427795595,55.5499994754793,0.9166666666666667,122.06433732288617,1.0,True
848D5049CF01BC0C6960,fish_farming,5,1.0,122.0,96.0,0.7868852459016393,69.88219047319772,1.0,True
6D94300B607A4006291D,fish_farming,5,1.0,2000.0,1950.0,0.975,458.2898508818879,1.0,True
EE4485FA245D993ADF96,fish_farming,5,1.0,59.800000190735,29.9000000953675,0.5,78.86086200458381,1.0,True
2FF3B4F6A9A36814C8B7,fish_farming,5,1.0,15.45000028610229,10.30000019073486,0.6666666666666666,386.9208202138476,1.0,True
9DF91A30841A5B758449,fish_farming,6,1.0,150.0,90.0,0.6,336.964096694793,1.0,True
5150C2E6DF0305EFFB5B,fish_farming,5,1.0,14.4599997997284,9.6399998664856,0.6666666666666666,340.1434046721363,1.0,True
BC3DFCCB18DF8DF83856,fish_farming,6,2.0,4.0,3.0,0.75,422.30958804833625,1.0,True
62B27D8A884A68B37B88,fish_farming,5,1.0,132.2600035667421,128.9167621124661,0.9747222035073595,140.75952317706512,1.0,True
2DAC280CABE26920CA3A,fish_farming,5,1.0,10.47399997711182,0.0,0.0,435.1807466673381,1.0,True
34D1386E5E129B39DEEC,fish_farming,5,1.0,100.0,30.0,0.3,162.08672365843864,1.0,True
173E220F6A0C14536DA6,fish_farming,5,1.0,10099.9999046326,2019.9999809265198,0.19999999999999998,189.73392366131733,1.0,True
2676E8B658C23E27048A,fish_farming,6,1.0,2500.0,250.0,0.1,424.5621200734392,1.0,True
C51DF66303FBCD57A7AE,fish_farming,5,1.0,1200.0,1100.0,0.9166666666666666,329.18687380966134,1.0,True
0C3011F5A5393AE3B68A,fish_farming,6,2.0,10.0,9.511002457530045,0.9511002457530046,94.05358344942022,1.0,True
AD8E8D977BE9DF10B39B,fish_farming,5,1.0,100.0,75.0,0.75,204.40576891028675,1.0,True
9614E4E36989006BA24B,fish_farming,6,1.0,26.0,20.0,0.7692307692307693,370.7769474968342,1.0,True
38F096251D0819FC18CC,fish_farming,5,2.0,251.160000801087,227.240000724793,0.9047619047619048,89.50943920813978,1.0,True
4EDF5ACAA52A94559BF5,fish_farming,5,1.0,119.60000038147,59.800000190735,0.5,429.34509252415495,1.0,True
935C2DD4150572B3F368,fish_farming,5,1.0,10.80000028014185,2.0,0.18518518038165566,505.27640698615176,1.0,True
8B2DC6F19AA0BBAADC6D,fish_farming,6,2.0,389.000010490418,350.1000094413762,0.9,351.9246567069469,1.0,True
44BAD1FDEB075255C3B1,fish_farming,5,1.0,15.45000028610229,14.224942509406961,0.9207082359864225,451.5812701524112,1.0,True
133ACAC85C8ACA2DF076,fish_farming,6,2.0,4.0,0.0,0.0,149.1740335892133,1.0,True
06DCB50C1652FB4E8359,fish_farming,6,1.0,509.99999046325695,508.518445787404,0.9970950103851822,143.35272958789753,1.0,True
4863E18BFA02C5CBD8BA,fish_farming,5,1.0,10.0999999046326,5.0499999523163,0.5,473.2438533162235,1.0,True
C32A80BDC12AF2C664CE,fish_farming,5,2.0,35.349999666214096,0.0,0.0,39.862503291074404,1.0,True
633A99A234031D60EA2B,fish_farming,5,2.0,38.900001049041805,19.450000524520902,0.5,320.2823091210676,1.0,True
9C4D7529E6868B87ED09,fish_farming,5,2.0,12.96000033617022,8.64000022411348,0.6666666666666667,39.862503291074404,1.0,True
C5EB53F4D8AD8D5FCAF3,fish_farming,5,1.0,50.9999990463257,50.923697659266715,0.998503894343416,366.2246770855248,1.0,True
E201E20725EC0F0EAC5B,fish_farming,6,2.0,30.299999713897797,12.11999988555912,0.4,113.41958829805394,1.0,True
68113C6D2DF00B9B20F1,fish_farming,5,1.0,2.16000005602837,0.0,0.0,179.77970301427553,1.0,True
97D356BF8D752EF95670,fish_farming,6,1.0,12500.0,250.0,0.02,766.8359895976154,1.0,True
F4598D5526066466BB20,fish_farming,6,1.0,498.0,495.0,0.9939759036144579,407.80308901790886,1.0,True
ABED4BD58421AD00AE02,fish_farming,5,1.0,13.0,13.0,1.0,191.82695236196145,1.0,True
D5036FC28198EBF285EA,fish_farming,5,2.0,299.000000953675,287.04000091552797,0.9599999999999999,62.979814022444955,1.0,True
6E5A30561A607EBE5033,fish_farming,6,2.0,152.99999713897708,150.84258517562836,0.9858992679497305,359.1862966676079,1.0,True
B468A0B21AE112D1D3C0,fish_farming,5,1.0,5835.00015735627,0.0,0.0,279.8509324898821,1.0,True
CFE2C8C9B34CA4A7E478,fish_farming,6,1.0,10.30000019073486,2.3769231209388133,0.23076923076923073,1650.5579999897898,1.0,True
53B1BB3AC111DB6ACDD7,fish_farming,5,1.0,5.0,3.5714285714285716,0.7142857142857143,123.92708304278287,1.0,True
12F14E98C8CB81F139B0,fish_farming,5,2.0,50.0,40.0,0.8,175.26845321932234,1.0,True
AEE3C83195401C6F3ACB,fish_farming,5,2.0,23.920000076294,19.411913134066836,0.811534827431087,26.437663091751325,1.0,True
EFCC0E23AAE241A7B3D0,fish_farming,5,1.0,10.0,10.0,1.0,959.0317346647377,1.0,True
42A5A22E801762BF7102,fish_farming,6,1.0,972.5000262260451,486.25001311302253,0.5,1128.6045665390225,1.0,True
CC99331C519EEF5D7437,fish_farming,5,2.0,80.7999992370608,60.599999427795595,0.7499999999999999,66.1547926958256,1.0,True
E14888C59DDDAD95D05C,fish_farming,5,1.0,36.35999965667736,30.299999713897797,0.8333333333333333,408.428306056148,1.0,True
69342FC2DBFD36D3BAA2,fish_farming,5,1.0,30.0,25.0,0.8333333333333334,421.63806517746616,1.0,True
65C83EB6AA20F095928A,fish_farming,5,2.0,29.17500078678135,25.28500068187717,0.8666666666666667,357.9390316478169,1.0,True
8CB7A7D2C3974A2F084C,fish_farming,5,2.0,47.840000152588,27.337142944335998,0.5714285714285714,109.10759450998147,1.0,True
11D1FDC0A1FA0E1DA39D,fish_farming,5,1.0,30.299999713897797,28.453107821037197,0.939046471607276,192.8961557223393,1.0,True
8E4DBB4D95D4DE996DC8,fish_farming,6,1.0,5.0499999523163,0.0,0.0,1025.4734595966634,1.0,True
B590B6EDA0E16F84A418,fish_farming,6,1.0,2.01999998092652,1.8346957154189116,0.9082652142290545,281.694853321573,1.0,True
C086C2A884FE76788EE2,fish_farming,5,2.0,20.1999998092652,0.0,0.0,159.83100798432073,1.0,True
D6E9B3DC8ECF5086FDC8,fish_farming,5,1.0,20.1999998092652,15.149999856948899,0.7499999999999999,267.2097542895478,1.0,True
C6096FE5CF92BC685534,fish_farming,5,2.0,400.0,378.3783783783784,0.9459459459459459,668.5263632989353,1.0,True
D811133B399D9FE72751,fish_farming,5,1.0,62.24000167846688,58.3500015735627,0.9375,763.8164181364797,1.0,True
D2779C048CF85DFB2F9D,fish_farming,5,2.0,143.52000045776398,119.60000038147,0.8333333333333334,119.94746839311445,1.0,True
933E47B1C372A7EB7683,fish_farming,5,1.0,20000.0,5000.0,0.25,356.70100057584204,1.0,True
355046C0805D7EB50D17,fish_farming,5,2.0,30.0,23.076923076923077,0.7692307692307693,223.21109905789297,1.0,True
68CB034F35BCB6012217,fish_farming,5,2.0,350.0,100.0,0.2857142857142857,284.90357746340953,1.0,True
39640DC5FDFBB1043075,fish_farming,5,1.0,4.32000011205674,1.4959999918937676,0.34629628543725344,721.042194114653,1.0,True
37E665933D6D3CC5E223,fish_farming,5,1.0,5.0,4.998328318293527,0.9996656636587055,808.3267477888503,1.0,True
F4685630B7ED9402C5CC,fish_farming,6,1.0,25.2499997615815,22.544642644269192,0.8928571428571427,282.78243042186483,1.0,True
95567227FDE67284D1E0,fish_farming,5,2.0,50.499999523163,0.0,0.0,61.854142738299586,1.0,True
07EA56F5867BAD4FD60C,fish_farming,5,1.0,70.0,0.0,0.0,60.99125285393883,1.0,True
12AED3109EB905EC9198,fish_farming,5,1.0,58350.0015735627,58340.923725586195,0.9998444242033985,592.5363728573905,1.0,True
F2F49D448EC6E5FBA049,fish_farming,5,1.0,10.30000019073486,9.298962226659443,0.9028118499477429,111.2708815968291,1.0,True
9BBE28D236740269597A,fish_farming,6,1.0,25.49999952316285,25.157852732400176,0.9865824785427197,90.23030494846914,1.0,True
A51F868C9E801D45D621,fish_farming,6,1.0,350.0,50.0,0.14285714285714285,315.3054506567615,1.0,True
09E1F9D41EEF754E124E,fish_farming,5,2.0,11960.000038147,358.80000114441,0.03,97.97690272723068,1.0,True
D8328D012895385CD5F6,fish_farming,6,1.0,1817.999982833868,1767.499983310705,0.9722222222222222,323.3737659911285,1.0,True
D30E3B1563E86936D47B,fish_farming,5,2.0,605.9999942779559,575.6999945640582,0.9500000000000002,78.82669664882883,1.0,True
6428F342CF8CE92365CA,fish_farming,5,2.0,35.880000114440996,23.920000076294,0.6666666666666667,64.13063940633707,1.0,True
0BFE12ECFB610233E2B4,fish_farming,5,1.0,20.60000038146972,12.360000228881832,0.6,256.5541199725852,1.0,True
630B2842C6D4929695F5,fish_farming,5,2.0,120.0,77.14285714285715,0.6428571428571429,668.5263632989353,1.0,True
A66DC8ACCDEFBBA4843C,fish_farming,6,1.0,12.11999988555912,12.11999988555912,1.0,276.05077584608534,1.0,True
D743675FA45A43AFD068,fish_farming,5,2.0,119.60000038147,23.920000076294,0.19999999999999998,558.2251258758886,1.0,True
9A28B68F9BD8C11CD0C3,fish_farming,6,1.0,10.199999809265138,9.930176052041752,0.9735466899736318,728.4485710115711,1.0,True
DDB9447F78FD83230CEF,fish_farming,5,1.0,70.69999933242819,15.149999856948899,0.2142857142857143,417.03276214178516,1.0,True
FA56DB8A0EAAC32D5765,fish_farming,5,2.0,59.800000190735,35.880000114440996,0.6,81.4764504457654,1.0,True
08A303F7E5A07CC04E80,fish_farming,5,1.0,50.499999523163,45.4499995708467,0.9,149.3228927329847,1.0,True
E7DF78EC952735CBF558,fish_farming,5,1.0,11.67000031471254,3.89000010490418,0.3333333333333333,519.7961331188669,1.0,True
1CB84E58653158873301,fish_farming,6,1.0,3.0,2.0,0.6666666666666666,514.4930221171329,1.0,True
24FF7D25123A44985BC6,fish_farming,5,1.0,2000.0,1200.0,0.6,533.2827355716512,1.0,True
9EE9901B11714A0F8962,fish_farming,5,2.0,353.499996662141,323.1999969482432,0.9142857142857144,281.15981037266306,1.0,True
7F64157D5FEF0204D94A,fish_farming,5,1.0,4039.9999618530396,2000.0,0.4950495096249094,80.06457917492835,1.0,True
F5B22F0B3791EAEE11BB,fish_farming,6,1.0,201.999998092652,40.3999996185304,0.2,184.11554897210922,1.0,True
334A86F33EE469F7CAF8,fish_farming,6,1.0,300.0,206.25,0.6875,93.71299999942032,1.0,True
F5EB3A661F47776471E0,fish_farming,6,1.0,101.9999980926514,100.0,0.9803921751955847,1231.014980910156,1.0,True
E26CDD28A2B44F7AE1B4,fish_farming,5,2.0,54.46000146865852,25.28500068187717,0.46428571428571436,77.56184428808365,1.0,True
99FBC6AC98B1F384A2C1,fish_farming,5,2.0,55.5499994754793,0.0,0.0,245.07894113300011,1.0,True
66ACBFCAA1FCF14FA454,fish_farming,5,1.0,40.0,36.0,0.9,473.88034380999085,1.0,True
AF4AE0CBFD3990E10AB2,fish_farming,6,2.0,191.900005340576,115.14000320434559,0.6,153.46951820337253,1.0,True
89F5440750573FC0AF7D,fish_farming,5,1.0,100.999999046326,30.299999713897797,0.3,213.51528380009205,1.0,True
769B3ECFA79709D214E9,fish_farming,5,1.0,10.0,10.0,1.0,402.67095837128204,1.0,True
DE07180157BB82FC4F3C,fish_farming,5,2.0,10.0999999046326,10.0999999046326,1.0,88.53400762639791,1.0,True
CDE90CFA5AB3AD07DE49,fish_farming,5,1.0,9.725000262260451,0.0,0.0,339.32660390389555,1.0,True
9DC7AC3F96DC50D947E9,fish_farming,6,1.0,10.0999999046326,8.07999992370608,0.7999999999999999,283.3664346170199,1.0,True
44F5382759EE2DD33674,fish_farming,5,2.0,302.99999713897796,287.8499972820291,0.9500000000000002,77.73188141759508,1.0,True
9CA20A04153741FCAB72,fish_farming,6,1.0,35.880000114440996,21.528000068664596,0.6,1062.3373472758594,1.0,True
B652F1E0D83DE21E7080,fish_farming,5,1.0,100.999999046326,70.69999933242819,0.7,405.6318023678752,1.0,True
DF6917F75F70E6A92203,fish_farming,5,2.0,250.0,230.0,0.92,107.23589955173061,1.0,True
66029D2DDB9B610BF6F2,fish_farming,5,2.0,47.840000152588,6.240000019902782,0.13043478260869565,25.589302748876364,1.0,True
61B27020DEF26F62C9CD,fish_farming,5,2.0,302.99999713897796,181.7999982833868,0.6000000000000001,281.15981037266306,1.0,True
069F7DBF191B6D012AA5,fish_farming,5,1.0,5.0,1.6666666666666665,0.3333333333333333,308.7659758756131,1.0,True
B853978BBCCEBB732345,fish_farming,5,1.0,38.900001049041805,12.11999988555912,0.3115681120491297,196.16558209051453,1.0,True
FC50232F22C071225392,fish_farming,5,1.0,95.680000305176,47.840000152588,0.5,562.4259926398846,1.0,True
E69DE2A639DC99A974ED,fish_farming,5,2.0,30.299999713897797,5.0499999523163,0.16666666666666669,3321.2941326699347,1.0,True
FB308AD9D1D40053BB72,fish_farming,5,1.0,1653.2500445842766,1633.8000440597557,0.9882352941176471,1036.9386525004331,1.0,True
296835FCC904BCF7762E,fish_farming,6,2.0,1.0,0.5,0.5,2096.050058985727,1.0,True
492872B3B40823B50790,fish_farming,5,1.0,302.99999713897796,302.99999713897796,1.0,209.33304830662158,1.0,True
C3D1C0D04ED9B6465772,fish_farming,5,1.0,50.0,0.0,0.0,402.67095837128204,1.0,True
5685DA606C2DB4B5C378,fish_farming,5,1.0,38.900001049041805,31.120000839233445,0.8,170.09406227189524,1.0,True
3A8DA31F1BB88454BC9E,fish_farming,5,2.0,77.25000143051145,30.299999713897797,0.3922329987417994,280.74783946936304,1.0,True
CDD0DACFFE0B48C154EF,fish_farming,5,2.0,29.17500078678135,19.450000524520902,0.6666666666666667,320.2823091210676,1.0,True
D20320A0574D50806F9C,fish_farming,6,1.0,300.0,280.0,0.9333333333333333,235.37109306295991,1.0,True
77BF288F08B66655AA2D,fish_farming,5,2.0,54.46000146865852,48.62500131130225,0.8928571428571429,48.77294520319692,1.0,True
D992DAA68F8F7FB31E6E,fish_farming,5,1.0,504.99999523162995,403.999996185304,0.8,277.74427975945525,1.0,True
CEA6AE060254F69C8A40,fish_farming,5,2.0,35.880000114440996,23.920000076294,0.6666666666666667,193.46043442893756,1.0,True
6E91C0C6A945F2AE457B,fish_farming,5,1.0,15.45000028610229,10.30000019073486,0.6666666666666666,346.34806196299013,1.0,True
74C68E1C72F4D3CBD499,fish_farming,6,2.0,5000.0,4500.0,0.9,217.06871538240162,1.0,True
5DBED82FEB6BC59FFCC9,fish_farming,6,1.0,80.0,80.0,1.0,314.3911613802638,1.0,True
52F92ACE60D262CA59C9,fish_farming,5,1.0,3.02999997138978,0.0,0.0,149.3228927329847,1.0,True
373363BC9BCEF6800999,fish_farming,5,1.0,100.999999046326,0.0,0.0,276.84812055659404,1.0,True
10C3BD0C03B74748A162,fish_farming,5,2.0,20.1999998092652,20.1999998092652,1.0,144.85493736056185,1.0,True
417FFA898635C3CAB036,fish_farming,5,1.0,30.0,15.0,0.5,275.3305698265178,1.0,True
3C7CC6BD2AE996652534,fish_farming,5,1.0,95.950002670288,42.644445631239115,0.4444444444444445,195.83949652562066,1.0,True
EDF5F2B8FA3070569263,fish_farming,6,1.0,3314.9999380111703,78.77999925613427,0.023764706102347086,153.14306458773987,1.0,True
DB5F6EC547BDF5186701,fish_farming,6,1.0,300.0,300.0,1.0,283.75480500260727,1.0,True
A188B730C9BF9E1DBCE2,fish_farming,5,1.0,5.0,3.0,0.6,207.91630106578208,1.0,True
01D4F9858326E5741703,fish_farming,5,1.0,33.2850008010864,22.1900005340576,0.6666666666666667,231.79070844819833,1.0,True
D0BEAFDF8BD771D66BAA,fish_farming,5,1.0,60.0,50.0,0.8333333333333334,297.0232872368316,1.0,True
BC0CA74E4D8CB260803F,fish_farming,6,1.0,250.0,15.299999713897709,0.06119999885559083,566.5196241112527,1.0,True
9E99741546221567BB6F,fish_farming,6,1.0,500.0,500.0,1.0,491.22687095759863,1.0,True
3C75DB81623BD3662036,fish_farming,6,1.0,577.7199945449847,565.5999946594255,0.9790209790209788,276.9510922022466,1.0,True
A65D9B19BFADACD92DFD,fish_farming,5,2.0,6.48000016808511,0.0,0.0,287.99692201548487,1.0,True
473C6B01D8730746AB9C,fish_farming,5,1.0,15.45000028610229,13.510748457197044,0.8744820845958393,249.21789906334587,1.0,True
A7BD9CE6F0D2741DB976,fish_farming,5,1.0,20.1999998092652,15.149999856948899,0.7499999999999999,120.26911722385192,1.0,True
7B69118CB090487B0EB5,fish_farming,5,2.0,57.570001602172795,38.3800010681152,0.6666666666666667,170.25495302647664,1.0,True
BD7E994D2746F1468D06,fish_farming,5,2.0,20.60000038146972,15.45000028610229,0.75,65.59652440303383,1.0,True
045026B1180B5D590210,fish_farming,6,2.0,67.0,40.0,0.5970149253731343,112.23294804445577,1.0,True
1A3EC6D2072C98DB650C,fish_farming,5,2.0,251.37599945068368,78.55499982833865,0.3125,608.9098271336533,1.0,True
D168151353CD82152792,fish_farming,6,1.0,252.49999761581498,232.29999780654978,0.92,676.4381683757614,1.0,True
5B8A452496EDA648BFA0,fish_farming,5,1.0,300.0,286.25954198473283,0.9541984732824428,322.3687812488649,1.0,True
E4BED219CEFA3C4B391A,fish_farming,6,2.0,10.0,7.0,0.7,149.1740335892133,1.0,True
CE9F64CA108E2A22782F,fish_farming,5,1.0,89.47000241279615,38.0,0.42472335950854045,329.6599898881767,1.0,True
A308F7ED994315B396AF,fish_farming,5,1.0,434.2999958992018,403.999996185304,0.9302325581395349,427.7332531312324,1.0,True
A34D87F2FD468CCBB941,fish_farming,5,1.0,358.80000114441,334.880001068116,0.9333333333333333,383.7635428045711,1.0,True
64AD977A0909A1ECF689,fish_farming,6,1.0,500.0,450.0,0.9,306.17274645201553,1.0,True
4F6279E5A06CF1605C62,fish_farming,5,1.0,10.0,8.0,0.8,515.5148756392567,1.0,True
3D4CFFC4A4216EFB2739,fish_farming,5,2.0,59.800000190735,29.9000000953675,0.5,87.51946083688352,1.0,True
BFE0766AC5D3B81325BE,fish_farming,5,1.0,58.3500015735627,38.900001049041805,0.6666666666666667,340.1434046721363,1.0,True
C628BE8A1E240117E6BC,fish_farming,5,1.0,50.499999523163,15.149999856948899,0.3,417.03276214178516,1.0,True
EB94D49A55871504CEEA,fish_farming,5,2.0,100.999999046326,97.96999907493621,0.97,114.87890980728898,1.0,True
C85BD52AD6F96E62835C,fish_farming,6,1.0,10.199999809265138,0.0,0.0,160.40008121456643,1.0,True
280199780E7AC0DB4BC5,fish_farming,5,1.0,47.840000152588,35.880000114440996,0.75,281.1987932821766,1.0,True
18179A9603C92FCE2A2E,fish_farming,5,2.0,66.5700016021728,44.3800010681152,0.6666666666666667,121.98613022560244,1.0,True
B5C001F6BDE357386031,fish_farming,5,1.0,257.50000476837147,0.0,0.0,60.99125285393883,1.0,True
E4054CCCAE0ADB160414,fish_farming,6,1.0,40.0,0.0,0.0,254.34688044459915,1.0,True
86BE8EFC44B113ACE8A2,fish_farming,5,1.0,23.920000076294,17.940000057220498,0.75,96.20294971392514,1.0,True
A5F832468A2EFC02AA85,fish_farming,5,2.0,54.00000140070925,43.2000011205674,0.7999999999999999,77.73188141759508,1.0,True
F3433D26FEBAEBF9B09D,fish_farming,5,2.0,1.64,0.82,0.5,80.04153222107387,1.0,True
C30C505BEC85BFEE48EB,fish_farming,5,2.0,200.0,188.0,0.94,198.46574849835045,1.0,True
3E3A6955BCB13CA9F4E1,fish_farming,5,1.0,71.76000022888199,47.840000152588,0.6666666666666667,147.09724701252614,1.0,True
C836DA31336E359ACE88,fish_farming,5,1.0,30.299999713897797,28.279999732971277,0.9333333333333333,302.7070413599162,1.0,True
B8743D226286BBBFA224,fish_farming,6,1.0,21.9999998807907,21.9999998807907,1.0,150.52036606729243,1.0,True
5D9C163D6CB72E14A84C,fish_farming,5,1.0,2.01999998092652,0.0,0.0,297.0232872368316,1.0,True
CD4050E573BA3764BB23,fish_farming,5,2.0,25.2499997615815,19.18999981880194,0.76,11.883900022714156,1.0,True
27AC9053A96C842D8747,fish_farming,5,2.0,1.64,0.937142857142857,0.5714285714285714,109.10759450998147,1.0,True
3AD064A8C6B151344065,fish_farming,6,1.0,101.9999980926514,0.0,0.0,103.21235266643002,1.0,True
EF7A60D92B35FEEC7172,fish_farming,6,2.0,201.999998092652,101.9999980926514,0.5049504903750877,193.78642675185245,1.0,True
F59EA755D392207652E0,fish_farming,6,1.0,30.299999713897797,25.2499997615815,0.8333333333333334,758.6770484617098,1.0,True
D1C3096BB3FCA3F130D9,fish_farming,6,1.0,363.5999965667736,302.99999713897796,0.8333333333333333,444.0449332658654,1.0,True
6BA81637F30EA840646C,fish_farming,6,1.0,598.00000190735,478.40000152588,0.7999999999999999,126.50452741368322,1.0,True
F58AEAFFB45C0E3B6E2B,fish_farming,6,2.0,54.00000140070925,5.400000140070925,0.09999999999999999,67.10821542396621,1.0,True
578111BA60FC84E33412,fish_farming,5,2.0,44.3800010681152,22.1900005340576,0.5,110.20969142422372,1.0,True
C6FAA11F85D819C8E609,fish_farming,6,1.0,7676.00021362304,2302.800064086912,0.3,654.6816271116652,1.0,True
7696890DBA688936A3EA,fish_farming,5,2.0,28.785000801086397,9.5950002670288,0.33333333333333337,285.05068192443474,1.0,True
937EB9F3DF0C51048973,fish_farming,6,1.0,1810.0,1800.0,0.994475138121547,321.951324216858,1.0,True
8010C35B4C063F9C0493,fish_farming,5,1.0,972.5000262260451,194.500005245209,0.19999999999999998,264.3036584626665,1.0,True
256A518C5C33542957F7,fish_farming,5,1.0,2334.000062942508,2295.1000618934663,0.9833333333333334,729.6156829960404,1.0,True
0E3B702E32A6D5F9A9C0,fish_farming,5,2.0,20.1999998092652,20.1999998092652,1.0,123.68528769139735,1.0,True
836E59614AC29CA0E171,fish_farming,5,1.0,30.0,15.0,0.5,61.17975603927036,1.0,True
F63C0B36F37260E81160,fish_farming,5,1.0,100.0,50.0,0.5,629.8075800036268,1.0,True
EF8DE508CB125183BF3D,fish_farming,6,2.0,63.74999880790712,63.74999880790712,1.0,170.5193624421605,1.0,True
2D4D766DED7336569C2B,fish_farming,5,1.0,15.0,13.0,0.8666666666666667,373.34739817226955,1.0,True
F92FE46B1071EEA3EE40,fish_farming,6,2.0,50.0,45.0,0.9,241.80629638251514,1.0,True
31202F6BC2248C6A934C,fish_farming,6,1.0,30.0,18.0,0.6,447.235889221038,1.0,True
64EF072019D7461CF7E7,fish_farming,5,2.0,4.0,2.6666666666666665,0.6666666666666666,402.6542658807114,1.0,True
220797DAC6E1765D0546,fish_farming,5,1.0,58.579999446869074,52.51999950408952,0.8965517241379312,275.17959401809406,1.0,True
9FFEB9B5C2E6C9293FC1,fish_farming,5,2.0,35.01000094413762,29.17500078678135,0.8333333333333333,61.417782848470175,1.0,True
5A58D2A50E9CB3BA0C20,fish_farming,5,1.0,300.0,200.0,0.6666666666666666,202.61928377513573,1.0,True
BA961B1C86C1E93C8D88,fish_farming,5,1.0,100.999999046326,10.0999999046326,0.1,171.61345484794717,1.0,True
DE5D94193E196C15FDC6,fish_farming,5,1.0,1945.0000524520901,0.0,0.0,408.5847824777826,1.0,True
2877F9EFE43D961E4819,fish_farming,5,1.0,151.49999856948898,70.69999933242819,0.4666666666666667,128.7100911359604,1.0,True
F6FFBEF23F109B780AC3,fish_farming,5,1.0,1.94500005245209,1.94500005245209,1.0,199.5477472989717,1.0,True
C0A5A092CFDF88226A17,fish_farming,5,2.0,1009.9999904632599,979.6999907493622,0.9700000000000001,24.901779380073265,1.0,True
69E47E4AE3FE470061EC,fish_farming,6,2.0,671.650018692016,671.650018692016,1.0,170.5193624421605,1.0,True
B5995B0457A5C4BAD171,fish_farming,5,1.0,10.0,5.0,0.5,259.15902979019654,1.0,True
4BD5B300D25650787FB1,fish_farming,6,1.0,50.0,40.0,0.8,355.2790801514807,1.0,True
A5C797517B64BD469960,fish_farming,6,1.0,233.4000062942508,194.500005245209,0.8333333333333333,114.84784441699097,1.0,True
12AA6986D56483627040,fish_farming,5,1.0,5835.00015735627,5446.000146865852,0.9333333333333332,492.94951758979687,1.0,True
14D0FCE8518193AD72A4,fish_farming,6,1.0,509.99999046325695,312.6555339684437,0.6130500780685192,206.3027049159966,1.0,True
7B517EBE2ABA02891841,fish_farming,5,1.0,20000.0,2000.0,0.1,408.5847824777826,1.0,True
A19E8A3FBD10EC9AD9A8,fish_farming,6,1.0,76.49999856948854,76.34600820995142,0.9979870540860567,148.74953823120669,1.0,True
99CF61A914774E04D828,fish_farming,6,1.0,101.9999980926514,90.17727151833292,0.8840909137706127,256.6396070347698,1.0,True
F0219FF36D95081265E9,fish_farming,5,1.0,50.499999523163,40.3999996185304,0.8,98.31320796571445,1.0,True
0B7EB2CFFE1F4B124534,fish_farming,6,2.0,75.0,0.0,0.0,110.57144806576085,1.0,True
9AA8C933969FE5CB04EA,fish_farming,5,1.0,20.60000038146972,10.30000019073486,0.5,285.42177631017154,1.0,True
18E6B77A84BBCBBC2CE9,fish_farming,5,1.0,504.99999523162995,201.999998092652,0.4,157.8092498633268,1.0,True
CC07BF409C8B9FA76B14,fish_farming,5,1.0,72.0,60.0,0.8333333333333334,62.58798571792366,1.0,True
F0E597656A3BC84A8CCA,fish_farming,6,2.0,10.0,0.0,0.0,190.92237105233403,1.0,True
A439D6C7C287C471CFB8,fish_farming,6,1.0,25.0,0.0,0.0,126.50452741368322,1.0,True
3E05572378251AE81F6D,fish_farming,6,1.0,10.80000028014185,8.64000022411348,0.8,360.37983069379715,1.0,True
CF18FFB8CA32A1691F00,fish_farming,5,1.0,10.0999999046326,5.0499999523163,0.5,473.2438533162235,1.0,True
2157FCB8A8DB39EFA1D7,fish_farming,5,2.0,30.0,21.42857142857143,0.7142857142857143,143.50857825604766,1.0,True
392FCECD2DB39469CE6D,fish_farming,5,2.0,23.22999978065498,15.149999856948899,0.6521739130434783,80.11997789481255,1.0,True
158DC2A85832FF9A6363,fish_farming,5,1.0,38380.0010681152,1727.100048065184,0.045,406.28592764227653,1.0,True
7529D85C00F65560B3C8,fish_farming,6,1.0,95950.002670288,23920.000076294,0.24929650245545118,244.29783218767443,1.0,True
40515B03795DF7F24D08,fish_farming,5,1.0,100.0,99.81285090455397,0.9981285090455397,214.84011902477639,1.0,True
7D23821FF1A18F7E51F7,fish_farming,5,2.0,15.45000028610229,15.45000028610229,1.0,147.69523024998466,1.0,True
A174D541C83822166E62,fish_farming,5,2.0,55.475001335144,33.2850008010864,0.6,263.9239067002408,1.0,True
C9E29B8816F5A608ECEE,fish_farming,5,2.0,10.0,7.0,0.7,181.9160676353154,1.0,True
02370467064925055DE8,fish_farming,6,1.0,97250.0026226045,5980.0000190735,0.06149100110855449,508.70912772253126,1.0,True
356BA55D4468717CD288,fish_farming,5,2.0,30.299999713897797,0.0,0.0,73.15941780479537,1.0,True
4F4453D4A416B037C556,fish_farming,5,2.0,25.75000047683715,25.75000047683715,1.0,147.69523024998466,1.0,True
9FBCF13354501A56241D,fish_farming,5,1.0,10.0,5.0,0.5,210.16085052940335,1.0,True
3C36F3112BBBDF2FFF30,fish_farming,5,2.0,60.0,40.0,0.6666666666666666,119.94746839311445,1.0,True
772F8A212EBCB65EB03E,fish_farming,6,1.0,2524.99997615815,2322.999978065498,0.92,401.4652821307824,1.0,True
15ACDC6423A5E080AC19,fish_farming,6,1.0,10.30000019073486,0.0,0.0,207.27493402649554,1.0,True
5CD8D5627B20600ADB7F,fish_farming,5,1.0,125.0,50.0,0.4,167.73578758464285,1.0,True
EFB0817803B8B5FFE96B,fish_farming,5,2.0,10.16,7.62,0.75,65.59652440303383,1.0,True
21D631275B1856909294,fish_farming,5,2.0,403.999996185304,353.499996662141,0.875,198.46574849835045,1.0,True
F5E1F556A2F315CDCD52,fish_farming,5,2.0,12.7,3.0419161676646707,0.23952095808383234,67.09825330827736,1.0,True
AD1F2AB01C2E93C250E8,fish_farming,5,1.0,77.80000209808361,48.62500131130225,0.6249999999999999,264.3036584626665,1.0,True
03C13A38175CC46B578F,fish_farming,5,2.0,504.99999523162995,454.499995708467,0.9000000000000001,50.763677660470265,1.0,True
ED26710CE2FBA849CF49,fish_farming,5,2.0,95.950002670288,86.35500240325919,0.8999999999999999,174.5558038851258,1.0,True
0A7456903E8689DA71E2,fish_farming,6,1.0,5.0,0.0,0.0,463.8160195674657,1.0,True
4FCE5D7F45255D430F76,fish_farming,6,1.0,50.499999523163,30.299999713897797,0.6,198.8859838204813,1.0,True
B370E457C11B16211C15,fish_farming,6,1.0,203.9999961853028,203.9999961853028,1.0,492.96599331275274,1.0,True
DDF7FD753DC8A7C0567A,fish_farming,5,1.0,30.0,20.0,0.6666666666666666,260.501106433702,1.0,True
5B28874DC14FCEF051D1,fish_farming,5,1.0,583.500015735627,389.000010490418,0.6666666666666666,284.12255595463984,1.0,True
60B29C46309993B3532B,fish_farming,5,1.0,2500.0,2490.0,0.996,286.07169826840936,1.0,True
D2B179D91102C415D96D,fish_farming,6,1.0,97.2500026226045,10.199999809265138,0.10488431397629887,522.3716448174516,1.0,True
03DCBB9787A1CC47663F,fish_farming,5,2.0,1009.9999904632599,807.999992370608,0.8,25.589302748876364,1.0,True
E33EF1471D8D1CA6C502,fish_farming,5,1.0,100.0,90.0,0.9,466.0192954922704,1.0,True
E537169A6492F58C019A,fish_farming,6,1.0,598.00000190735,586.0400018692029,0.9799999999999999,234.02100764228263,1.0,True
BEA07080F814A4AD19DD,fish_farming,5,2.0,400.0,350.0,0.875,334.26318164946764,1.0,True
710645B24137B3169C2C,fish_farming,5,1.0,20.0,15.0,0.75,515.5148756392567,1.0,True
BFE40EFE329BCBD54C1D,fish_farming,5,1.0,20.0,10.0,0.5,448.9697099520242,1.0,True
C0D757BB0CF4287A0C8D,fish_farming,5,2.0,1514.99998569489,1413.999986648564,0.9333333333333332,174.64699126108118,1.0,True
A32160540BC68F22CE50,fish_farming,5,2.0,4.03999996185304,3.824675428202609,0.946701847603071,81.4764504457654,1.0,True
333D5443872DB7B70BFA,fish_farming,6,1.0,1529.9999713897707,1514.99998569489,0.9901960875977955,736.9481757765959,1.0,True
8E046EA310504BFB19A8,fish_farming,5,1.0,50.499999523163,28.85714258466457,0.5714285714285714,417.03276214178516,1.0,True
5A2F25E79CE581A43107,fish_farming,6,1.0,1009.9999904632599,570.0,0.5643564409723967,310.08443314217794,1.0,True
D7A2D6E46042A287F97B,fish_farming,5,1.0,24.099999666214,21.6899996995926,0.9,759.0673689989803,1.0,True
8D2E5730300BD7DF609D,fish_farming,5,1.0,47.840000152588,35.880000114440996,0.75,315.90370764295153,1.0,True
B7E05D9637648F05E346,fish_farming,5,2.0,4.0,2.0,0.5,307.1091858412206,1.0,True
3F713B406947211DA040,fish_farming,5,1.0,2334.000062942508,2314.550062417987,0.9916666666666667,562.9095542145209,1.0,True
3B5FD2F5782A6D95CFFC,fish_farming,6,1.0,252.49999761581498,151.49999856948898,0.6,444.72439964332386,1.0,True
1F7C622A5DF52316FB46,fish_farming,6,1.0,5251.999950408952,4039.9999618530396,0.7692307692307692,682.8387513953617,1.0,True
DB07D7ECD00A81DA144B,fish_farming,5,1.0,1.2960000336170219,0.0,0.0,184.8202554352366,1.0,True
817459B9E6E809279EAD,fish_farming,5,2.0,10.0999999046326,10.0999999046326,1.0,77.56184428808365,1.0,True
EDA563F8FC5EACF85718,fish_farming,5,2.0,100.0,50.0,0.5,252.4145730158277,1.0,True
3E1A4F1D525E2F9B48C7,fish_farming,5,1.0,291.7500078678135,194.500005245209,0.6666666666666666,144.77155703289824,1.0,True
423650EA4710E2591FFC,fish_farming,5,2.0,201.999998092652,141.39999866485638,0.7,49.465742720287786,1.0,True
0CCF9871B3C7295F6EBF,fish_farming,5,1.0,200.0,150.0,0.75,601.6523170551964,1.0,True
E47D17B11C57300000A3,fish_farming,5,1.0,32.31999969482432,27.26999974250802,0.84375,225.24265948793064,1.0,True
67AC9D356BB0E695A8F8,fish_farming,5,1.0,23.34000062942508,19.450000524520902,0.8333333333333334,172.74282602000534,1.0,True
33C3BEBF52A709DB8BD0,fish_farming,6,1.0,600.0,550.0,0.9166666666666666,407.51347576988854,1.0,True
24D9D09B0D3D5D9851C8,fish_farming,6,2.0,121.19999885559119,100.999999046326,0.8333333333333334,229.7920417864167,1.0,True
4929BB4C41FF019E7E72,fish_farming,6,1.0,200.0,198.0,0.99,267.23059860262833,1.0,True
AD6F62C60706CFE52782,fish_farming,5,1.0,100.0,76.92307692307693,0.7692307692307694,411.04230565141154,1.0,True
F50278D7DD505BFF5B08,fish_farming,5,1.0,95.680000305176,83.720000267029,0.875,557.1902821747528,1.0,True
27E3C6E4135F54414549,fish_farming,5,1.0,358.80000114441,11.960000038147,0.03333333333333333,80.06457917492835,1.0,True
4D453DEF6A6F7621B5F9,fish_farming,5,1.0,31120.000839233442,8000.0,0.2570694018078008,562.9095542145209,1.0,True
CCC5C46C903EF123B9E2,fish_farming,5,1.0,60.0,40.0,0.6666666666666666,304.73826108639133,1.0,True
57F2996D970941F908FD,fish_farming,5,1.0,504.99999523162995,203.9999961853028,0.40396039230007014,157.8092498633268,1.0,True
197C9784E2EC001FF2EA,fish_farming,6,1.0,30.0,0.0,0.0,115.17576376469664,1.0,True
F62F8998FCB2BF338748,fish_farming,5,1.0,875.2500236034406,875.2500236034406,1.0,423.9963362691988,1.0,True
90D3CB1A66B090AD448A,fish_farming,5,1.0,1167.000031471254,778.000020980836,0.6666666666666666,66.15785337970023,1.0,True
42B10C2FB95B264B8272,fish_farming,6,1.0,50.0,30.0,0.6,822.7342972603889,1.0,True
EEC0C0DF9BF91DE0304A,fish_farming,6,1.0,2.0,1.0,0.5,130.99832253813034,1.0,True
F4EAF2E22B5FDD143C06,fish_farming,6,1.0,121.19999885559119,106.0499989986423,0.875,355.02134467645885,1.0,True
9A2AA9C1B2C92AA3B107,fish_farming,6,1.0,300.0,300.0,1.0,298.88839460274625,1.0,True
C8285435BEDE23DFA5F7,fish_farming,5,2.0,71.76000022888199,59.800000190735,0.8333333333333334,103.05787749127357,1.0,True
9EF5AD26FF35DFCC0497,fish_farming,6,1.0,10.0,3.333333333333333,0.3333333333333333,1034.396970836431,1.0,True
7B7FC6C23DDD62F4F5D3,fish_farming,6,1.0,10.0,7.0,0.7,263.4029797292631,1.0,True
8BDDE7DD006E7275203B,fish_farming,6,1.0,59.800000190735,11.960000038147,0.19999999999999998,486.03669483209256,1.0,True
E50708AA63F30165C8BF,fish_farming,5,1.0,29.17500078678135,19.450000524520902,0.6666666666666667,214.32906191371035,1.0,True
F9CB6A30A2897C0F8141,fish_farming,6,1.0,500.0,250.0,0.5,234.02100764228263,1.0,True
E1BDBF1416F014232EBE,fish_farming,6,1.0,151.49999856948898,131.2999987602238,0.8666666666666667,357.361179633711,1.0,True
3F96473DD4B8EACD513E,fish_farming,6,1.0,291.7500078678135,151.49999856948898,0.5192801867485495,391.6739355083034,1.0,True
02051CEF8C9A4DF3F411,fish_farming,5,1.0,302.99999713897796,252.49999761581498,0.8333333333333334,160.31415859131616,1.0,True
8214E3E1DEDCEB272B0C,fish_farming,6,1.0,4.8199999332428,4.607948094805858,0.9560058420386165,105.19479296549308,1.0,True
2AE3AC6C3E0F0B34313F,fish_farming,5,1.0,15.149999856948899,0.0,0.0,332.50879896320396,1.0,True
FB69DC771FF47167F65D,fish_farming,6,1.0,25000.0,25000.0,1.0,415.25484821942234,1.0,True
6121AD6F8F613045B3C4,fish_farming,5,2.0,50.0,20.0,0.4,252.4145730158277,1.0,True
815FEE27E65E2358FC51,fish_farming,5,2.0,300.0,277.77777777777777,0.9259259259259259,668.5263632989353,1.0,True
822453375B76443BB3C6,fish_farming,5,1.0,10.30000019073486,5.15000009536743,0.5,30.73765520813584,1.0,True
863F157D740B1FE40130,fish_farming,6,1.0,201.999998092652,191.8999981880194,0.9500000000000001,343.4591877188801,1.0,True
5B250C59914B4A2EE02C,fish_farming,5,2.0,121.19999885559119,111.0999989509586,0.9166666666666667,174.5558038851258,1.0,True
209BF840249ECC192957,fish_farming,5,1.0,10.0999999046326,6.05999994277956,0.6,220.93294980865755,1.0,True
74D8D74773D55DF4A32A,fish_farming,5,2.0,750.0,500.0,0.6666666666666666,317.55002256699424,1.0,True
9B8A9671A8A4560CED14,fish_farming,6,2.0,15.45000028610229,2.575000047683715,0.16666666666666666,89.9246512582858,1.0,True
BFA5C2D15BDE9CD3EE58,fish_farming,5,1.0,1167.000031471254,504.99999523162995,0.4327334889571246,282.66422417946586,1.0,True
C6E78C2DF8D4DEB246F6,fish_farming,5,1.0,151.49999856948898,151.10766249349518,0.9974103229062815,130.75568325152696,1.0,True
7D3A708423FCBC870372,fish_farming,5,2.0,302.99999713897796,201.999998092652,0.6666666666666667,61.854142738299586,1.0,True
3EC1AF8F8A8F3EA94F6D,fish_farming,5,1.0,10.199999809265138,8.730508322963704,0.8559322045313543,267.26685591073743,1.0,True
684C94E639A3468A6421,fish_farming,6,1.0,75.0,25.0,0.3333333333333333,266.8984739180649,1.0,True
E96EE64E9D70998B349C,fish_farming,5,1.0,2341.7800631523164,2147.280057907107,0.9169435215946843,311.41025306363167,1.0,True
B43D51E280CBA654CC0C,fish_farming,6,1.0,30.299999713897797,25.2499997615815,0.8333333333333334,289.38968033585786,1.0,True
248C24404BE3EDE4F22E,fish_farming,5,2.0,239.20000076294,227.240000724793,0.95,123.6694529895283,1.0,True
6E9B677E3E035D504998,fish_farming,5,2.0,350.0,330.0,0.9428571428571428,61.854142738299586,1.0,True
EEFB8F38442FCE108756,fish_farming,6,1.0,9.725000262260451,7.78000020980836,0.7999999999999999,68.067218977672,1.0,True
05BAE122D0243DAF8682,fish_farming,5,1.0,11.960000038147,5.9800000190735,0.5,231.79070844819833,1.0,True
3F3788F36AAACFC9F163,fish_farming,5,2.0,29175.00078678135,28202.500760555307,0.9666666666666667,216.06513765966156,1.0,True
F15918B5ACDD91F4869C,fish_farming,5,2.0,67.4799990653992,57.8399991989136,0.8571428571428572,79.13814730858974,1.0,True
B08EF48F58B0546DA660,fish_farming,5,1.0,125.0,50.0,0.4,327.7023253748187,1.0,True
4C9C42B8F7ADC0F6C107,fish_farming,6,1.0,15.149999856948899,10.694117546081575,0.7058823529411764,1593.2218017695902,1.0,True
9143101D391D1A2A7A22,fish_farming,5,1.0,100.0,80.0,0.8,517.199046289825,1.0,True
EBEBC6F59DEF7BC69373,fish_farming,5,1.0,35.880000114440996,23.920000076294,0.6666666666666667,149.3228927329847,1.0,True
FD4BDE971FAB87C73351,fish_farming,6,2.0,29.17500078678135,0.0,0.0,161.73000747988624,1.0,True
BA4056D247D73E84CA83,fish_farming,5,1.0,225.0,200.0,0.8888888888888888,322.3687812488649,1.0,True
E09111B4A0700EFF1949,fish_farming,5,1.0,486.25001311302253,466.8000125885016,0.96,407.0364828184308,1.0,True
5BD36FFA40CE1F80FE6B,fish_farming,6,2.0,291.7500078678135,97.2500026226045,0.3333333333333333,211.15479402416813,1.0,True
3E599E61CD25B7F8A651,fish_farming,5,2.0,959.499990940097,807.999992370608,0.8421052631578948,89.50943920813978,1.0,True
F0F560903B69D982B36F,fish_farming,5,2.0,20.1999998092652,15.149999856948899,0.7499999999999999,95.96528570073468,1.0,True
2889C69DCA0CD5FFACEB,fish_farming,5,2.0,30.0,15.0,0.5,143.50857825604766,1.0,True
269EF94E3116C2D329D2,fish_farming,6,1.0,384.0,360.0,0.9375,261.52343673662216,1.0,True
33B1E1B0C5F91294A85A,fish_farming,5,1.0,250.0,220.0,0.88,369.193091336876,1.0,True
0A125BA61047F1B535EB,fish_farming,5,1.0,201.999998092652,197.95999813079894,0.9799999999999999,277.74427975945525,1.0,True
8A9811F3691BB9EC14C9,fish_farming,5,1.0,143.52000045776398,71.76000022888199,0.5,406.28592764227653,1.0,True
50FF2C211C15BC3830C2,fish_farming,5,2.0,100.0,100.0,1.0,77.56184428808365,1.0,True
1A5FF802D076EE040F0A,fish_farming,5,1.0,58.3500015735627,48.62500131130225,0.8333333333333333,1073.6556282193274,1.0,True
56F30E0459DBA168DDA0,fish_farming,5,1.0,50.9999990463257,50.743768140266624,0.9949758644931281,215.24455828208426,1.0,True
E9BBBFAB6AEB5C55B88B,fish_farming,5,1.0,3.0,3.0,1.0,275.3305698265178,1.0,True
C2B34F8EDAE2D2425492,fish_farming,5,1.0,15.0,11.25,0.75,275.3305698265178,1.0,True
C9F4409FE1FE5ABE2DEC,fish_farming,5,2.0,50.499999523163,40.3999996185304,0.8,50.763677660470265,1.0,True
22C2807CB12FA580E71F,fish_farming,6,1.0,25.0,11.11111111111111,0.4444444444444444,315.0884761532711,1.0,True
EDFFCDAD4815BAF82351,fish_farming,5,1.0,5.0,3.5714285714285716,0.7142857142857143,168.97255697608162,1.0,True
834797CFFD7D7CDC9EA6,fish_farming,6,1.0,3.02999997138978,0.0,0.0,286.68623227128097,1.0,True
8436A88AEC61E66559E1,fish_farming,6,1.0,450.0,400.0,0.8888888888888888,404.2172074889106,1.0,True
A00E4DFD9FA193E077E3,fish_farming,6,1.0,2039.9999618530278,2039.1088346395104,0.9995631729263819,454.83969533110985,1.0,True
D90EFFA91A7134CAC3AB,fish_farming,6,1.0,220.0,51.5000009536743,0.23409091342579227,36.40152562824332,1.0,True
A304DD51EDF8CD0C3782,fish_farming,5,2.0,504.99999523162995,403.999996185304,0.8,114.87890980728898,1.0,True
BDE8BABD4F3ED7DBF40E,fish_farming,5,1.0,1262.499988079075,1009.9999904632599,0.7999999999999999,304.7905167116891,1.0,True
448D540C0EE9CE818F1D,fish_farming,5,1.0,800.0,740.0,0.925,548.8757980152669,1.0,True
FB505ABAD578AB152F0E,fish_farming,6,1.0,116.7000031471254,97.2500026226045,0.8333333333333333,44.07184709990889,1.0,True
7FB42715778B9E89A497,fish_farming,5,1.0,2334.000062942508,2236.7500603199037,0.9583333333333334,407.0364828184308,1.0,True
A0ABFBA0C057AA2C2DBA,fish_farming,6,1.0,9.725000262260451,5.83500015735627,0.6,492.96599331275274,1.0,True
C2BC2A01109F36A980A1,fish_farming,6,1.0,50.0,40.0,0.8,170.5492770709671,1.0,True
74C9547714DD3218EA34,fish_farming,5,2.0,639.1999816894528,159.7999954223632,0.25,836.3942783722058,1.0,True
D0E7DDEF14C97A0F82E0,fish_farming,5,1.0,486.25001311302253,437.6250118017203,0.9,360.32737823270935,1.0,True
9717CEA3010DD032B080,fish_farming,6,2.0,12.0,0.0,0.0,265.94962672026134,1.0,True
62ED699CF6EAA3741E99,fish_farming,5,1.0,119.60000038147,107.640000343323,0.9,569.3005267492354,1.0,True
71D96DDDAAE6625BA5BD,fish_farming,5,2.0,108.0000028014185,77.76000201702132,0.72,464.68889805749933,1.0,True
87FD0914882E2D7FD5E0,fish_farming,6,2.0,5.0,0.0,0.0,135.06297635780126,1.0,True
CFC8DF0FC078DAB1E59E,fish_farming,5,2.0,35.880000114440996,21.528000068664596,0.6,81.4764504457654,1.0,True
77D0D6D258C3B3407C52,fish_farming,6,2.0,2.639999985694884,0.0,0.0,195.72696053649963,1.0,True
06151C54640F1C09931D,fish_farming,5,2.0,48.47999954223648,0.0,0.0,13.776984447385113,1.0,True
A1383CD78C9D45CB2029,fish_farming,6,1.0,200.0,40.0,0.2,478.54362912009776,1.0,True
7020BF3918E3CA1BCB92,fish_farming,5,1.0,300.0,280.0,0.9333333333333333,166.53639762339924,1.0,True
6FAB60B39477A96BABEB,fish_farming,5,2.0,20.1999998092652,0.0,0.0,14.553152585265964,1.0,True
AF71D8B0B5542CDBE1BA,fish_farming,6,1.0,1514.99998569489,500.9599952697769,0.33066666666666666,654.6816271116652,1.0,True
47F0DB95AAEEFE1CB987,fish_farming,5,1.0,20.1999998092652,10.0999999046326,0.5,171.61345484794717,1.0,True
46CCB332F417545257ED,fish_farming,5,2.0,110.950002670288,99.85500240325919,0.8999999999999999,175.46098136438482,1.0,True
A017462FDCF0F32DAE17,fish_farming,5,1.0,15.45000028610229,1.1884615604694069,0.07692307692307693,428.7571222412273,1.0,True
3666BA7DA58564B73F80,fish_farming,5,2.0,252.49999761581498,222.1999979019172,0.88,201.42792384907204,1.0,True
CD2F64C81732D339BF96,fish_farming,6,1.0,1458.7500393390676,389.000010490418,0.26666666666666666,634.7666096864792,1.0,True
CD6D2742FD970C3BA60B,fish_farming,5,1.0,1019.9999809265139,389.000010490418,0.3813725664358062,525.2810488930882,1.0,True
5A3876C48E28ABF54537,fish_farming,6,2.0,21.6000005602837,19.44000050425533,0.9,163.04110695647296,1.0,True
7015BA1AA85392A8E4FF,fish_farming,6,1.0,32.31999969482432,20.1999998092652,0.625,384.3908745892869,1.0,True
4526EF46026E73EF5048,fish_farming,5,1.0,100.0,99.0,0.99,400.14788598979277,1.0,True
9B9841F652533EF21F6E,fish_farming,6,2.0,55.475001335144,45.77681882278253,0.8251792288607379,76.09008952624183,1.0,True
3B2BE8B7FA536DDF1D87,fish_farming,5,1.0,33.2850008010864,8.154202317334715,0.24498128649792814,721.042194114653,1.0,True
CCE34ADFD9AE44B1B0CB,fish_farming,5,2.0,70.69999933242819,67.66999936103842,0.9571428571428573,11.191387926447291,1.0,True
2C47F73AA899A232B871,fish_farming,5,1.0,50.0,5.0,0.1,331.1725626742964,1.0,True
38EFD872D7F3803B5683,fish_farming,5,2.0,60.599999427795595,50.499999523163,0.8333333333333334,80.89171399554611,1.0,True
A5280431E1A2CBA09FC4,fish_farming,5,1.0,400.0,370.0,0.925,160.31415859131616,1.0,True
265035C45983B19F8708,fish_farming,5,1.0,59.800000190735,0.0,0.0,120.26911722385192,1.0,True
C224C3A6B2841F5FEF78,fish_farming,5,2.0,151.49999856948898,131.2999987602238,0.8666666666666667,82.79561067191996,1.0,True
B45DAF62B8F5843F473D,fish_farming,5,1.0,30000.0,7500.0,0.25,408.428306056148,1.0,True
6B44C24CFDCDBAF2BE46,fish_farming,6,2.0,95.950002670288,59.96875166893,0.625,170.5193624421605,1.0,True
C30B8036A5687975E047,fish_farming,5,2.0,125.0,104.16666666666667,0.8333333333333334,169.85595989731428,1.0,True
BEADDDE0965665D94926,fish_farming,6,1.0,127.49999761581424,106.97500288486495,0.8390196461587737,110.77667435379419,1.0,True
C7D35448A318FCD667BE,fish_farming,6,1.0,100.0,100.0,1.0,307.4676792209019,1.0,True
8382E497AB0EF9E9BB50,fish_farming,5,1.0,6.05999994277956,5.0499999523163,0.8333333333333334,237.79461923182348,1.0,True
8BE08979CFFF76046E8A,fish_farming,5,1.0,20.1999998092652,17.16999983787542,0.85,378.34894963165357,1.0,True
C8C27825A16E05B8392F,fish_farming,5,1.0,2000.0,1950.0,0.975,343.0473737595418,1.0,True
0D06CEC9110D0FAA13E9,fish_farming,5,1.0,800.0,740.0,0.925,1136.8430409473187,1.0,True
233995EF4A1CF3381D26,fish_farming,5,1.0,252.49999761581498,244.87061024284677,0.9697846041781889,473.04239895114927,1.0,True
0FF3185B5A4B07C1A459,fish_farming,6,1.0,10.0,8.0,0.8,351.74966316256507,1.0,True
FD1F469D3FFA3D87D1CE,fish_farming,5,1.0,47.840000152588,23.920000076294,0.5,554.5044997858017,1.0,True
864E8BAF20805BCE1A57,fish_farming,5,2.0,10.0999999046326,9.181818095120546,0.9090909090909091,69.42938174144578,1.0,True
ABC08FA9373B084CB68B,fish_farming,5,1.0,30.299999713897797,0.0,0.0,332.50879896320396,1.0,True
6D4CED10081E43E2550C,fish_farming,5,2.0,47.840000152588,27.337142944335998,0.5714285714285714,110.20969142422372,1.0,True
9EDE0D6A549150DCA599,fish_farming,5,1.0,250000.0,20000.0,0.08,310.3761953062521,1.0,True
ACE5E930F4E7FA86BDFC,fish_farming,5,1.0,1514.99998569489,1312.999987602238,0.8666666666666666,345.7883045443713,1.0,True
DD1571F9F47D98AEA2EF,fish_farming,5,2.0,201.999998092652,151.49999856948898,0.7499999999999999,14.553152585265964,1.0,True
2248618BAB487CE6D5D7,fish_farming,5,2.0,100.999999046326,50.499999523163,0.5,128.11165128973707,1.0,True
B0BF4E7D5DCF6D92D177,fish_farming,6,1.0,50.9999990463257,0.0,0.0,553.2632382849924,1.0,True
6C1F451B8EA701E60591,fish_farming,6,1.0,242.39999771118238,38.900001049041805,0.16047855369780506,261.52343673662216,1.0,True
B413661B8DCD659A0F13,fish_farming,5,1.0,55.5499994754793,30.299999713897797,0.5454545454545454,209.70868297152168,1.0,True
5F126FDEA69929C7E147,fish_farming,5,1.0,95.950002670288,76.7600021362304,0.7999999999999999,152.2835179492514,1.0,True
F01A074145ADA8AD45E1,fish_farming,5,1.0,50.499999523163,12.11999988555912,0.24,283.8480458367275,1.0,True
61550E327B5159A8BA75,fish_farming,5,1.0,50.499999523163,30.299999713897797,0.6,221.3510200484944,1.0,True
27BAF4C021D40E7F7F7B,fish_farming,5,1.0,3.0,0.0,0.0,343.17929434682446,1.0,True
318E14301BD0B230D451,fish_farming,5,1.0,504.99999523162995,403.999996185304,0.8,160.31415859131616,1.0,True
F52DBF8F58B424C2EB5A,fish_farming,6,1.0,20.0,10.0,0.5,315.5745286012968,1.0,True
0C32BC9B3B9EE498E214,fish_farming,6,1.0,8.07999992370608,0.0,0.0,341.47846053887935,1.0,True
8FF528205FD2CBE3991E,fish_farming,5,1.0,5.0499999523163,3.02999997138978,0.6,158.32896444658988,1.0,True
956A5043A5C9FBFC2BFB,fish_farming,5,2.0,11.960000038147,6.741408311756939,0.5636629005229842,121.98613022560244,1.0,True
6370604EE3057D5792E9,fish_farming,6,2.0,100.999999046326,90.8999991416934,0.9,96.15239036613833,1.0,True
54E855A97E5759339012,fish_farming,5,1.0,1019.9999809265139,764.9999856948854,0.7499999999999999,219.49092744304482,1.0,True
930B980B301A4661D947,fish_farming,5,2.0,100.0,90.0,0.9,252.4145730158277,1.0,True
CA621FD2DA0057E007A0,fish_farming,5,1.0,50.0,45.0,0.9,396.0535585492092,1.0,True
074A91359FD49BB83080,fish_farming,6,1.0,150.0,125.0,0.8333333333333334,745.6190824839773,1.0,True
12BC0CD7D2A576A4D026,fish_farming,5,2.0,20.1999998092652,20.1999998092652,1.0,147.69523024998466,1.0,True
1E9B334576EBB2A5C5A8,fish_farming,5,1.0,302.99999713897796,292.8999972343454,0.9666666666666668,276.8256530207159,1.0,True
ECD9A93A2E6DFDE72DF3,fish_farming,5,1.0,47.840000152588,35.880000114440996,0.75,201.66782144479333,1.0,True
1DD3D476E4E6A8A77B58,fish_farming,6,1.0,370.0,360.0,0.972972972972973,282.78243042186483,1.0,True
88A736AB614282EDB9AA,fish_farming,6,2.0,191.900005340576,95.950002670288,0.5,193.13466250080248,1.0,True
96805D71F0B65320BEA9,fish_farming,6,1.0,9089.999914169339,8862.749916315106,0.9750000000000001,749.5630223452398,1.0,True
CD3DBB95DC799B83B0D7,fish_farming,5,1.0,20.1999998092652,10.0999999046326,0.5,149.3228927329847,1.0,True
1305289FB7AF17BCFF32,fish_farming,6,1.0,9.725000262260451,0.0,0.0,237.65624930628965,1.0,True
373716DB99479AF76105,fish_farming,5,1.0,133.1400032043456,122.0450029373168,0.9166666666666667,298.288935543553,1.0,True
07AE1905A3810D7200B1,fish_farming,6,1.0,5.0,2.0,0.4,327.86902557311606,1.0,True
97C4B4B057235F8D3BA5,fish_farming,5,1.0,20.1999998092652,15.149999856948899,0.7499999999999999,234.52477858651127,1.0,True
89E3C4A641A326067691,fish_farming,6,2.0,25.49999952316285,24.84844645812845,0.974448898932623,32.06449461266107,1.0,True
0CDCB754D8A8B6FCEA0A,fish_farming,5,1.0,35.880000114440996,35.880000114440996,1.0,310.0789496074479,1.0,True
900FB10CAEA4717C6662,fish_farming,5,2.0,7.68,4.8,0.625,14.553152585265964,1.0,True
15FF9C45888F5B49337F,fish_farming,5,2.0,127.49999761581424,126.1994976520491,0.9898000000934601,114.87890980728898,1.0,True
D51C99289245FF65210F,fish_farming,6,1.0,22.0,20.0,0.9090909090909091,235.5608179853197,1.0,True
7933B8A61AF7E6488277,fish_farming,5,1.0,972.5000262260451,972.5000262260451,1.0,329.5998884146692,1.0,True
6463D56E7D18106C7695,fish_farming,5,2.0,47.840000152588,27.337142944335998,0.5714285714285714,145.86576806147258,1.0,True
1354BBB35DB1FEAE4B48,fish_farming,5,2.0,11.960000038147,5.9800000190735,0.5,30.92792426964005,1.0,True
BBB4171A19E5AECB2D16,fish_farming,5,2.0,71.76000022888199,26.910000085830745,0.375,127.88245546035253,1.0,True
BE83A2586224FD7BE4E7,fish_farming,6,1.0,1500.0,625.0,0.4166666666666667,1090.3137773414303,1.0,True
DCB0125C7E985520F472,fish_farming,5,1.0,575.700016021728,0.0,0.0,293.78276002820803,1.0,True
0077A77758FCFBD1A795,fish_farming,6,1.0,194.500005245209,175.0500047206881,0.9,473.34908560510166,1.0,True
0D4DF9113A95DA7A2041,fish_farming,5,1.0,50.0,30.0,0.6,294.2263867572006,1.0,True
C8443FBB86829EA12232,fish_farming,6,1.0,25.0,22.5,0.9,214.36272617470954,1.0,True
E7877EC3A5765BA53046,fish_farming,6,1.0,100.999999046326,30.299999713897797,0.3,807.3863437548391,1.0,True
BC0785E31F133FEC1597,fish_farming,5,1.0,1000.0,920.0,0.92,379.400155157941,1.0,True
D43F0916A8A9220876E9,fish_farming,6,1.0,200.0,153.84615384615387,0.7692307692307694,405.1137550542056,1.0,True
CA46A281ED47F805FC69,fish_farming,5,2.0,300.0,150.0,0.5,267.4105453195741,1.0,True
7E14BF4398A0D0DB95FD,fish_farming,5,1.0,3.240000084042555,3.240000084042555,1.0,536.292046399835,1.0,True
99D9C2910D1DA05F36E1,fish_farming,5,1.0,151.49999856948898,100.999999046326,0.6666666666666667,322.36878124886493,1.0,True
50288F7FCFB983D03055,fish_farming,6,1.0,10.0,9.0,0.9,161.30795144646896,1.0,True
B95E56122E5FB1506A7C,fish_farming,6,2.0,29.17500078678135,29.17500078678135,1.0,196.57146322801924,1.0,True
B884FE19A4459747397D,fish_farming,5,1.0,20.1999998092652,15.149999856948899,0.7499999999999999,158.32896444658988,1.0,True
16F730C03452F43C59BB,fish_farming,6,1.0,10.0,3.333333333333333,0.3333333333333333,66.04777039665237,1.0,True
CA33A4C564C35BE0D666,fish_farming,5,1.0,100.0,60.0,0.6,312.2711222881963,1.0,True
8221D7A2072627AEF99B,fish_farming,5,1.0,1.728000044822696,0.0,0.0,193.88007187814034,1.0,True
4C11E6F5E0BCE38256E4,fish_farming,6,1.0,1211.9999885559118,1161.499989032749,0.9583333333333335,294.7910172821269,1.0,True
3D65644313B7AEF17169,fish_farming,5,1.0,161.5999984741216,141.39999866485638,0.8749999999999999,339.32660390389555,1.0,True
9DC6BB88BB04FD3D0DAA,fish_farming,5,2.0,400.0,380.0,0.95,174.64699126108118,1.0,True
B6663D15085DDA6FF823,fish_farming,5,1.0,200.0,200.0,1.0,216.78381909195772,1.0,True
9EC968BD1709EFDB4BD3,fish_farming,5,1.0,1000.0,0.0,0.0,127.16046854397659,1.0,True
D50E540269431E23D520,fish_farming,5,1.0,2019.9999809265198,1666.499984264379,0.8250000000000001,167.73578758464285,1.0,True
58E787A5F41203D6B097,fish_farming,6,1.0,200.0,200.0,1.0,266.86463803816633,1.0,True
EF576ACE04F99FDB700B,fish_farming,6,2.0,2.5499999523162846,2.3576183024350263,0.9245562143220791,92.34314919863058,1.0,True
AF8535CB6752630F9537,fish_farming,5,2.0,201.999998092652,181.7999982833868,0.9,64.48504292716844,1.0,True
D4E1989220907FC09DE9,fish_farming,5,2.0,40.0,32.0,0.8,184.87220408065514,1.0,True
8AF4C9FE7EE68F04F537,fish_farming,6,2.0,19.450000524520902,15.56000041961672,0.7999999999999999,703.8493134138938,1.0,True
B6D10ACB61C390D73ED2,fish_farming,5,1.0,10.0,8.0,0.8,147.09724701252614,1.0,True
35B2285680B8340FD0CB,fish_farming,5,1.0,250.0,200.0,0.8,147.09724701252614,1.0,True
23E00F9F4027D4E9464B,fish_farming,6,2.0,201.999998092652,181.7999982833868,0.9,99.68452721962865,1.0,True
46BC529C7177D5A6EAC9,fish_farming,5,2.0,75.0,50.0,0.6666666666666666,317.55002256699424,1.0,True
A819F4DF1F6C77C61FF1,fish_farming,6,1.0,50.9999990463257,0.0,0.0,546.0925266251016,1.0,True
C468B8C7EE5565146083,fish_farming,5,2.0,600.0,500.0,0.8333333333333334,106.97306646459403,1.0,True
FEED5AA4DBDA818796E9,fish_farming,5,1.0,972.5000262260451,972.5000262260451,1.0,430.33594053014514,1.0,True
35126C18B5794AE3B943,fish_farming,6,1.0,20.1999998092652,12.11999988555912,0.6,125.17724627239213,1.0,True
5D14CE0F54E09C3186F6,fish_farming,5,1.0,213.9500057697299,194.500005245209,0.9090909090909091,316.8428468393674,1.0,True
103F42B49538E90DC0D6,fish_farming,5,1.0,300.0,280.0,0.9333333333333333,157.8092498633268,1.0,True
42F6C4D907AC47F5210F,fish_farming,6,1.0,201.999998092652,194.500005245209,0.9628713221868301,150.52036606729243,1.0,True
D09EB3DB54AF2F7E20B0,fish_farming,5,1.0,800.0,800.0,1.0,398.457284757244,1.0,True
0BAF179C077884A41A0A,fish_farming,6,2.0,150.0,120.0,0.8,398.3702563040743,1.0,True
8F962402DD290E3E4696,fish_farming,6,1.0,2.16000005602837,1.4400000373522466,0.6666666666666666,19.404099435273782,1.0,True
7D8953D50720D47248F3,fish_farming,6,1.0,101.9999980926514,101.9999980926514,1.0,222.57027539005747,1.0,True
06BEBCE3E1D171D149A4,fish_farming,5,1.0,486.25001311302253,486.25001311302253,1.0,396.7859671198298,1.0,True
DD8A01210BC906614BD9,fish_farming,5,1.0,201.999998092652,95.9499990940097,0.47500000000000003,95.52713292720583,1.0,True
DA8F82421CC5AB8AC726,fish_farming,5,2.0,2.5920000672340437,0.0,0.0,11.883900022714156,1.0,True
30FC39B36C374688809D,fish_farming,5,2.0,47.840000152588,27.337142944335998,0.5714285714285714,145.86576806147258,1.0,True
9AC835B27FEF373F6D5E,fish_farming,5,1.0,140.0,120.0,0.8571428571428571,476.0429768132681,1.0,True
00E4083E888CB7E3DC8D,fish_farming,5,1.0,10.0,2.0,0.2,249.71842379614398,1.0,True
99074FEF3B977FA67830,fish_farming,5,2.0,50.0,32.104509700214344,0.6420901940042869,90.82688232199834,1.0,True
7BC85F105FB228878922,fish_farming,5,2.0,25.4,0.0,0.0,90.82688232199834,1.0,True
F4DE53CB3AA95586CD00,fish_farming,5,2.0,50.0,25.0,0.5,90.82688232199834,1.0,True
DF3E62E984A0DC71135B,fish_farming,5,2.0,6.0,5.0,0.8333333333333334,10494.872996022868,1.0,True
AA7CF96D66FABB74C3DB,fish_farming,5,1.0,20.94799995422364,11.724469254011407,0.5596939698124956,267.2097542895478,1.0,True
4240EB656D82B8035FB0,fish_farming,5,2.0,30.0,12.0,0.4,87.51946083688352,1.0,True
0624E79922F606105C4B,fish_farming,5,2.0,40.0,22.857142857142854,0.5714285714285714,87.51946083688352,1.0,True
A90275D5DBB9F9E7F347,fish_farming,5,2.0,30.0,25.0,0.8333333333333334,143.50857825604766,1.0,True
6A3CC2907EE1311F755A,fish_farming,5,2.0,47.840000152588,28.704000091552796,0.6,121.98613022560244,1.0,True
4EA4B976B767F46D8D89,fish_farming,5,1.0,100.0,95.0,0.95,157.8092498633268,1.0,True
493392E0C6DED52C459E,fish_farming,5,1.0,100.0,90.0,0.9,157.8092498633268,1.0,True
9D1AC53158CE6D4EA1C4,fish_farming,5,1.0,100.0,90.0,0.9,157.8092498633268,1.0,True
2C2301139D19B798CE6F,fish_farming,5,1.0,706.999993324282,0.0,0.0,131.86132129362082,1.0,True
B81C9127E29F9F20EB25,fish_farming,5,2.0,129.6000033617022,77.76000201702132,0.6000000000000001,64.48504292716844,1.0,True
9D190ADED8DEEFA5D808,fish_farming,5,2.0,24.4,7.32,0.30000000000000004,64.48504292716844,1.0,True
C7061BB093AFD06D27D0,fish_farming,6,2.0,10.0,0.0,0.0,516.0000909735506,1.0,True
80E1B77309B9DA61E777,fish_farming,5,2.0,57.570001602172795,38.3800010681152,0.6666666666666667,80.11997789481255,1.0,True
D69B3142421CC461CB3E,fish_farming,5,1.0,17.78,12.7,0.7142857142857142,383.7635428045711,1.0,True
4BE9F86B299C0F37314C,fish_farming,5,1.0,110.950002670288,88.7600021362304,0.7999999999999999,383.7635428045711,1.0,True
D3776D72BAF60F8FCA8F,fish_farming,5,1.0,47.840000152588,28.704000091552796,0.6,208.1659719112665,1.0,True
94A9470DCA17C93F5C4C,fish_farming,5,2.0,10.30000019073486,5.15000009536743,0.5,363.2690736064632,1.0,True
11180BB58B77A3AA0DC7,fish_farming,5,1.0,4.0,3.0,0.75,402.67095837128204,1.0,True
85BF7F241687D0630B89,fish_farming,5,1.0,500.0,100.0,0.2,1435.974866096582,1.0,True
BA8889E6757A248D9B53,fish_farming,5,1.0,300.0,300.0,1.0,1435.974866096582,1.0,True
DAEC5AB6D5435392668C,fish_farming,5,1.0,1000.0,600.0,0.6,1435.974866096582,1.0,True
6FA463239BA8BCCC45B5,fish_farming,5,1.0,300.0,200.0,0.6666666666666666,1435.974866096582,1.0,True
A2CBAC141FE3F644810E,fish_farming,5,2.0,19.049999999999997,0.0,0.0,90.82688232199834,1.0,True
DEA2FC8113398F70385C,fish_farming,5,2.0,33.2850008010864,23.742686653185594,0.7133148890418729,90.82688232199834,1.0,True
4D338F8A599963167DB6,fish_farming,5,2.0,20.0,17.77777777777778,0.888888888888889,248.03951797341566,1.0,True
A6E3F748514C29187DCA,fish_farming,6,1.0,20.0,14.0,0.7,154.2913061520546,1.0,True
F4B50D47A3578545B33A,fish_farming,6,1.0,30.72,23.04,0.75,411.7818515215962,1.0,True
13ADF258E7467AFB7ECA,fish_farming,6,1.0,12.2,9.76,0.8,411.7818515215962,1.0,True
436B7AAE62C45A2C66C5,fish_farming,6,1.0,68.67999935150168,50.499999523163,0.7352941176470588,411.7818515215962,1.0,True
D28F47242D3D84C0304E,fish_farming,6,2.0,8.0,0.0,0.0,516.0000909735506,1.0,True
3C69606ABF61C40D6FA4,fish_farming,5,2.0,76.7600021362304,67.1650018692016,0.8750000000000001,63.23949674651804,1.0,True
1EFD05FF69CF33D0B77F,fish_farming,5,2.0,8.82,0.0,0.0,63.23949674651804,1.0,True
81215DB441BC7AE25EE7,fish_farming,5,2.0,656.499993801119,605.9999942779559,0.923076923076923,281.15981037266306,1.0,True
20F02C772F6B2EA1AA6E,fish_farming,5,1.0,50.499999523163,30.299999713897797,0.6,617.4452343735664,1.0,True
E44E15BCC38715029CDC,fish_farming,5,2.0,11.0950002670288,1.8080121172633508,0.1629573748309183,282.45931208875805,1.0,True
0FEE754FBCC90720DC19,fish_farming,6,2.0,75.0,12.0,0.16,265.94962672026134,1.0,True
A677238DA40103CA2AA7,fish_farming,6,2.0,60.0,0.0,0.0,265.94962672026134,1.0,True
BA85A78B2056E5F65CE7,fish_farming,6,1.0,5000.0,995.0,0.199,282.315129845365,1.0,True
AECD6652FDDF2FAD9E80,fish_farming,5,1.0,4.76,0.0,0.0,496.17260354887463,1.0,True
6DDB193416CA16F4CBB2,fish_farming,5,1.0,4.33799993991852,1.44599997997284,0.33333333333333337,406.28592764227653,1.0,True
0C89923BEEF92BB0C4D9,fish_farming,5,2.0,19.450000524520902,11.67000031471254,0.6,382.86620860449455,1.0,True
8D46A7F53079DF5DAB2F,fish_farming,5,1.0,4.53000020980835,0.0,0.0,141.83385858364002,1.0,True
E76B1BE00A4978C61ABE,fish_farming,5,1.0,1000.0,300.0,0.3,356.70100057584204,1.0,True
62A44B6C7BCFC0B56FD8,fish_farming,5,1.0,20000.0,1000.0,0.05,356.70100057584204,1.0,True
96E0E171C5B00F68212F,fish_farming,5,2.0,250.0,200.0,0.8,238.79016168377163,1.0,True
DA84EF7651C407AE8BFA,fish_farming,5,2.0,50.499999523163,15.149999856948899,0.3,238.79016168377163,1.0,True
27EEEB6B06CDC258E379,fish_farming,5,2.0,7.4,3.7,0.5,238.79016168377163,1.0,True
79ED9990AF8C2142F47C,fish_farming,5,1.0,153.5200042724608,134.3300037384032,0.8750000000000001,149.3228927329847,1.0,True
3C9A157255276473AE19,fish_farming,5,2.0,17.490000000000002,5.677360982391104,0.3246061167747915,608.9098271336533,1.0,True
A5568DEFE14E014DD806,fish_farming,5,2.0,59.800000190735,8.786590727798796,0.14693295484571137,608.9098271336533,1.0,True
195B8B895BC9B2409996,fish_farming,5,2.0,1.23,0.9225,0.75,67.09825330827736,1.0,True
4EDB1D909306EAB2E3D9,fish_farming,5,2.0,35.880000114440996,23.920000076294,0.6666666666666667,67.09825330827736,1.0,True
4AF772536A4BFF5EA04D,fish_farming,5,2.0,143.52000045776398,119.60000038147,0.8333333333333334,187.09613043740967,1.0,True
A1FDCB24AD9603A45AA4,fish_farming,5,2.0,22.1900005340576,18.47699785956107,0.832672258443719,174.0375253683795,1.0,True
79F35FC8DEAA7462C783,fish_farming,5,2.0,25.2499997615815,0.0,0.0,37.6305797145714,1.0,True
5CD2FB1381A175110931,fish_farming,5,1.0,4.0,3.0,0.75,249.71842379614398,1.0,True
48BB365F86863962518A,fish_farming,6,1.0,50000.0,49603.17460317461,0.9920634920634922,224.4767413406343,1.0,True
5349AA8020154246AD67,fish_farming,5,1.0,10.16,7.62,0.75,120.26911722385192,1.0,True
1C0A02BDF15C876DA921,fish_farming,5,1.0,33.2850008010864,22.1900005340576,0.6666666666666667,120.26911722385192,1.0,True
3B8DF2B9A63968AEF937,fish_farming,5,2.0,55.475001335144,27.737500667572,0.5,145.86576806147258,1.0,True
E74ED9969FEF2A5BCB90,fish_farming,5,2.0,403.999996185304,373.69999647140617,0.9249999999999999,61.854142738299586,1.0,True
1B86BFF93B637EF994AF,fish_farming,5,2.0,44.3800010681152,22.1900005340576,0.5,87.51946083688352,1.0,True
C1F145E9FE57259C2EB7,fish_farming,5,2.0,59.800000190735,10.30000019073486,0.17224080531576103,90.82688232199834,1.0,True
649D2CBB5B34D0EC4672,fish_farming,5,1.0,10.0,8.0,0.8,388.4426597151302,1.0,True
CC14602322CB5E67745B,fish_farming,5,2.0,25.2499997615815,20.1999998092652,0.8,503.54109218525184,1.0,True
DC1916BE8D84BE523494,fish_farming,5,1.0,24.0,0.0,0.0,171.61345484794717,1.0,True
01E16EC143617CD549E2,fish_farming,5,1.0,15.299999713897709,13.58505470511736,0.8879120888334014,202.61928377513573,1.0,True
51F877186BBC7FE30255,fish_farming,5,2.0,129.6000033617022,123.1200031936171,0.9500000000000001,52.512204335442014,1.0,True
A3D7A454FC0F8DE375E3,fish_farming,5,1.0,57.570001602172795,38.3800010681152,0.6666666666666667,149.3228927329847,1.0,True
2E9B634DCAA2B466972E,fish_farming,5,2.0,1664.25004005432,1442.350034713744,0.8666666666666667,44.9848310823997,1.0,True
8993554B8B6F834E3741,fish_farming,5,2.0,30.0,18.0,0.6,90.82688232199834,1.0,True
FD3D59CB97907AF0C59A,fish_farming,5,2.0,22.1900005340576,1.3868750333786,0.0625,193.46043442893756,1.0,True
AC687BC203A17375B056,fish_farming,6,1.0,110.950002670288,92.45833555857334,0.8333333333333334,411.7818515215962,1.0,True
8EA40C24442ED19327B1,fish_farming,6,1.0,25.4,22.86,0.9,411.7818515215962,1.0,True
31CD6A8606B008B2D98E,fish_farming,5,1.0,25.0,20.0,0.8,275.3305698265178,1.0,True
D42297B832A09B3D52A0,fish_farming,5,2.0,11.109999895095859,8.07999992370608,0.7272727272727273,45.07060503205208,1.0,True
AADF39D259A9993B5613,fish_farming,5,1.0,33.2850008010864,22.1900005340576,0.6666666666666667,283.8480458367275,1.0,True
EFBD3CD97B27352D90FE,fish_farming,5,2.0,15.71099996566773,11.0950002670288,0.706193131644963,67.09825330827736,1.0,True
3711A8D5D8342BF16D6C,fish_farming,5,1.0,55.0,50.0,0.9090909090909091,396.0535585492092,1.0,True
849F871807E3D4983559,fish_farming,5,2.0,31.42199993133546,20.947999954223643,0.6666666666666667,315.9850534601415,1.0,True
E28D0DD51AA7BE07A486,fish_farming,5,2.0,77.25000143051145,60.60408037834452,0.7845188253214416,238.79016168377163,1.0,True
CE7AE951FFB796BCFAED,fish_farming,5,2.0,116.7000031471254,97.2500026226045,0.8333333333333333,320.2823091210676,1.0,True
20EFF9F895F700C15C30,fish_farming,5,2.0,3.672000095248229,0.0,0.0,73.15941780479537,1.0,True
2E75AF7AF4109130BBDB,fish_farming,5,2.0,44.3800010681152,29.58666737874347,0.6666666666666667,67.09825330827736,1.0,True
6444FDE1839433E68BD2,fish_farming,5,1.0,23.34000062942508,0.0,0.0,406.28592764227653,1.0,True
3021A35C6B537A16DB44,fish_farming,5,1.0,80000.0,4000.0,0.05,310.3761953062521,1.0,True
2D9EE8A9263C141C59FD,fish_farming,5,1.0,2000.0,400.0,0.2,310.3761953062521,1.0,True
450D34AE6CA8558274A4,fish_farming,5,1.0,2.0,2.0,1.0,402.67095837128204,1.0,True
F452B82C919B41B4B8DA,fish_farming,5,2.0,29.17500078678135,19.450000524520902,0.6666666666666667,320.2823091210676,1.0,True
44B091AB6CC0D984E52E,fish_farming,5,2.0,100.0,5.0,0.05,143.50857825604766,1.0,True
921DA3F50FF6833570AE,fish_farming,5,2.0,41.20000076293944,30.90000057220458,0.75,65.59652440303383,1.0,True
F6E02E33E14F08A4C3A6,fish_farming,6,1.0,175.0,175.0,1.0,295.5774383273721,1.0,True
1709E8372009C7C1F027,fish_farming,6,1.0,25.0,16.93548387096774,0.6774193548387096,295.5774383273721,1.0,True
1EA76A2CCFFEA34257C7,fish_farming,6,1.0,175.0,81.66666666666667,0.4666666666666667,295.5774383273721,1.0,True
7CFBB438EE6F8AB15EC1,fish_farming,5,2.0,2.8000000000000003,0.0,0.0,127.88245546035253,1.0,True
5B640A15BC4C502944E9,fish_farming,5,2.0,24.23999977111824,0.0,0.0,252.4145730158277,1.0,True
8E00B6B4DF8620723848,fish_farming,5,1.0,71.76000022888199,47.840000152588,0.6666666666666667,147.09724701252614,1.0,True
07F04AE03D8F59EDB34C,fish_farming,5,1.0,15.0,15.0,1.0,249.71842379614398,1.0,True
852075D707F82DBC18DD,fish_farming,5,2.0,11.0950002670288,0.0,0.0,65.59652440303383,1.0,True
A32527E8C7DDB55F62EC,fish_farming,5,1.0,110.950002670288,0.009999098774354781,9.012256452187092e-05,404.16337389442515,1.0,True
5F1494145E497C58C5BA,fish_farming,5,2.0,2.84,2.13,0.75,182.76421513958203,1.0,True
6C0319AFAFE58501405B,fish_farming,5,2.0,1.48,1.184,0.7999999999999999,182.76421513958203,1.0,True
A08B1B65384E060B5E86,fish_farming,5,2.0,1.02,0.6799999999999999,0.6666666666666666,182.76421513958203,1.0,True
43FE7EE79FAE23B348C4,fish_farming,5,2.0,10.30000019073486,6.8666667938232395,0.6666666666666666,182.76421513958203,1.0,True
5245CA72B41268A39DE6,fish_farming,6,2.0,15.0,0.0,0.0,265.94962672026134,1.0,True
578A3EDCDDCE3991532E,fish_farming,6,2.0,10.0,0.0,0.0,265.94962672026134,1.0,True
632E4513ADB86BCD7675,fish_farming,5,1.0,20.0,10.0,0.5,249.71842379614398,1.0,True
9E8327A922BBC4640919,fish_farming,5,1.0,35000.0,3000.0,0.08571428571428572,310.3761953062521,1.0,True
A7D1ACBB7B45E546147C,fish_farming,5,1.0,12000.0,400.0,0.03333333333333333,310.3761953062521,1.0,True
8FC8C4EF998EF9FDAABC,fish_farming,5,1.0,454.499995708467,403.999996185304,0.8888888888888888,100.4339850314993,1.0,True
5C3A19AA8EA3D4E44AB5,fish_farming,5,1.0,10.4,8.84,0.85,100.4339850314993,1.0,True
A9C05BAE4472253F1757,fish_farming,5,1.0,20000.0,1000.0,0.05,572.8623136023598,1.0,True
A6B4558A28AD6673002E,fish_farming,5,1.0,300.0,100.0,0.3333333333333333,572.8623136023598,1.0,True
CBE9F8E7DF71740E9275,fish_farming,6,2.0,6.0,0.0,0.0,110.57144806576085,1.0,True
AA62DDF49DCB0BE9916A,fish_farming,5,2.0,61.0,54.9,0.9,146.59839939898376,1.0,True
19734B0ADD142B2AAA13,fish_farming,5,2.0,150.0,100.0,0.6666666666666666,231.44277209350167,1.0,True
68E36EF8DB5D150E7E27,fish_farming,5,1.0,8.67599987983704,5.78399991989136,0.6666666666666667,2935.37628273125,1.0,True
50E639B163852701AE3C,fish_farming,6,2.0,38.900001049041805,29.17500078678135,0.7499999999999999,141.94166958563525,1.0,True
857CC214B8B2EE03D9D7,fish_farming,5,1.0,2219.00005340576,554.75001335144,0.25,171.61345484794717,1.0,True
43E9309A6E08B2C3363C,fish_farming,6,1.0,48.199999332428,48.199999332428,1.0,459.11122131222726,1.0,True
3772ADC78AA26BC9329D,fish_farming,5,2.0,1.23,0.82,0.6666666666666666,80.04153222107387,1.0,True
D4F0F7DC3A509E9CCB18,fish_farming,5,2.0,35.880000114440996,21.528000068664596,0.6,80.04153222107387,1.0,True
6F39FACE26470C57635F,fish_farming,5,1.0,10.0999999046326,8.07999992370608,0.7999999999999999,252.69501943821376,1.0,True
F4A702B7CBBD10CBA5D9,fish_farming,5,2.0,15.149999856948899,8.07999992370608,0.5333333333333333,260.3859618977323,1.0,True
49BEF05C06D66C6ECA5F,fish_farming,5,2.0,40.0,30.0,0.75,143.50857825604766,1.0,True
C28FC5BB6CDE1268758E,fish_farming,5,2.0,0.82,0.41,0.5,363.2690736064632,1.0,True
BE946A1238AD08F4B1F2,fish_farming,5,1.0,165.8880043029788,114.04800295829793,0.6875,466.0192954922704,1.0,True
DA3C34F8395B341247C0,fish_farming,5,2.0,0.38,0.2533333333333333,0.6666666666666665,86.42605506386464,1.0,True
84B511296DCD357D15E1,fish_farming,6,1.0,200.0,100.0,0.5,395.9438650267131,1.0,True
EAA3500FF9DB11ECA739,fish_farming,5,1.0,2380.0,2365.2251030309353,0.9937920600970317,572.8623136023598,1.0,True
0C9ADAF186351F9DD0B7,fish_farming,5,1.0,3924.0,400.0,0.1019367991845056,572.8623136023598,1.0,True
AD48CBB4460379D921B7,fish_farming,5,2.0,47.840000152588,28.704000091552796,0.6,109.10759450998147,1.0,True
65498A8C67AC328006C9,fish_farming,5,2.0,134.3300037384032,115.14000320434559,0.857142857142857,24.601757941759132,1.0,True
26B5CC9640B919F8720D,fish_farming,5,2.0,128.82799530029308,110.4239959716798,0.8571428571428573,24.601757941759132,1.0,True
1782C9FA916ED3523AB1,fish_farming,5,2.0,5.0,4.0,0.8,247.71969937062738,1.0,True
17468D9EC8510CB1632C,fish_farming,5,2.0,6.0,5.0,0.8333333333333334,247.71969937062738,1.0,True
8ADA655E42D982BC1B70,fish_farming,5,1.0,179.400000572205,167.440000534058,0.9333333333333333,383.7635428045711,1.0,True
01C30910C71925E05D6C,fish_farming,5,1.0,22.86,17.78,0.7777777777777779,383.7635428045711,1.0,True
3E4AE287987BC98CECF9,fish_farming,5,1.0,1.48,1.1099999999999999,0.7499999999999999,208.1659719112665,1.0,True
245B01E4C7E3F4205FFA,fish_farming,5,1.0,509.99999046325695,484.4999909400941,0.9500000000000001,255.75702859995164,1.0,True
FC18B13CB6995A0EE2FD,fish_farming,5,2.0,179.400000572205,89.7000002861025,0.5,118.03065892919221,1.0,True
C9B86DF4A1DFC922C9C4,fish_farming,5,1.0,12.299999999999999,12.27986102791422,0.9983626851962781,127.16046854397659,1.0,True
881BAFC83D83CACFEC47,fish_farming,6,1.0,504.99999523162995,323.1999969482432,0.6400000000000001,444.72439964332386,1.0,True
20880B9F32C968CAF43A,fish_farming,5,2.0,25.0,20.0,0.8,248.03951797341566,1.0,True
064BAA4FDD640EAAA6ED,fish_farming,5,2.0,35.880000114440996,21.528000068664596,0.6,64.13063940633707,1.0,True
1FE0F653A364FE4BEF11,fish_farming,5,2.0,239.20000076294,227.240000724793,0.95,214.13136767631283,1.0,True
FBFBC358BE83E3FB92F7,fish_farming,5,1.0,59.800000190735,47.840000152588,0.7999999999999999,127.16046854397659,1.0,True
C5CFE70AD6FC466BF5D4,fish_farming,5,2.0,7.2299998998642,2.376000061631207,0.3286307184701116,320.2823091210676,1.0,True
6F3D64602D4975739E49,fish_farming,5,1.0,1.23,0.615,0.5,208.1659719112665,1.0,True
3D6681973FF272CBFEB1,fish_farming,6,1.0,3890.0001049041803,3695.500099658971,0.95,671.7333824811798,1.0,True
B8827011C76F7E56DD90,fish_farming,5,2.0,33.2850008010864,10.0,0.30043562443518423,92.19464571064869,1.0,True
D18C0E78C78D19BC4F05,fish_farming,5,1.0,2.0,1.875,0.9375,402.67095837128204,1.0,True
429A0FCA523A64B18A47,fish_farming,5,2.0,7.62,5.08,0.6666666666666666,65.59652440303383,1.0,True
A903E614AA54A72A9C80,fish_farming,5,2.0,35.880000114440996,23.920000076294,0.6666666666666667,65.59652440303383,1.0,True
A62B18CC70DDB8E6B92D,fish_farming,5,1.0,11.960000038147,11.960000038147,1.0,260.58308731834586,1.0,True
0D78BE0012BBA5593C3B,fish_farming,5,1.0,11.52,8.64,0.7500000000000001,260.58308731834586,1.0,True
1032E0E89F2E008473C0,fish_farming,5,1.0,239.20000076294,119.60000038147,0.5,127.16046854397659,1.0,True
2EBC0EBA1B452999F5AF,fish_farming,6,1.0,15.0,7.0,0.4666666666666667,122.06433732288617,1.0,True
C1142DC64309F67F11A7,fish_farming,5,1.0,30.48,25.4,0.8333333333333333,608.8531359242894,1.0,True
36EEEF26BD72A4EDA790,fish_farming,5,2.0,4.76,4.76,1.0,86.42605506386464,1.0,True
C16D3936C2144863FE89,fish_farming,5,1.0,10.0,9.0,0.9,249.71842379614398,1.0,True
31C7878F85B516C50F68,fish_farming,5,2.0,1.512000039219859,0.864000022411348,0.5714285714285714,151.13877880114362,1.0,True
BEA36AED82E5D2BD9690,fish_farming,5,2.0,22.1900005340576,11.0950002670288,0.5,282.45931208875805,1.0,True
0588BE8CD06B89937DDD,fish_farming,6,1.0,184.03999328613298,61.346664428711,0.33333333333333337,365.84921204125277,1.0,True
ABAA35213981B715EEF1,fish_farming,5,2.0,40.3999996185304,30.299999713897797,0.7499999999999999,77.73188141759508,1.0,True
DEF43608AD6478D75543,fish_farming,5,2.0,59.800000190735,29.9000000953675,0.5,92.19464571064869,1.0,True
D27937986EE1187A7129,fish_farming,5,2.0,64.8000016808511,62.64000162482273,0.9666666666666667,77.73188141759508,1.0,True
FEB3094E430A91C69C93,fish_farming,5,1.0,9.720000252127665,2.16000005602837,0.22222222222222224,466.0192954922704,1.0,True
68EA15234D600DF12D45,fish_farming,5,1.0,10.0999999046326,5.0499999523163,0.5,96.20294971392514,1.0,True
8CD3063A3E80D99A5742,fish_farming,6,1.0,25000.0,25000.0,1.0,307.14698003827937,1.0,True
78EAEF43DE4CCE22B1BB,fish_farming,5,2.0,1009.9999904632599,868.5999917984036,0.8600000000000001,109.88603316864848,1.0,True
F352BC49C732AEA74588,fish_farming,5,2.0,201.999998092652,100.999999046326,0.5,30.92792426964005,1.0,True
85CF15F9F3DBD6163DD4,fish_farming,5,1.0,0.0879999995231628,0.08455515978797129,0.9608540937061621,210.16085052940335,1.0,True
C38EF946C4864A6A5591,fish_farming,5,2.0,29.17500078678135,19.450000524520902,0.6666666666666667,320.2823091210676,1.0,True
3F7D3D906B5423498BB9,fish_farming,5,2.0,9.6399998664856,3.3739999532699603,0.35000000000000003,320.2823091210676,1.0,True
893AD054F3DA1FC36F66,fish_farming,5,1.0,71.76000022888199,23.920000076294,0.33333333333333337,383.7635428045711,1.0,True
ADC4B712D52553569801,fish_farming,5,2.0,59.800000190735,34.17142868042,0.5714285714285714,92.19464571064869,1.0,True
C0C6B9293D6CBBEDB629,fish_farming,5,1.0,40000.0,2400.0,0.06,592.5363728573905,1.0,True
424072BC32D0938A83B3,fish_farming,5,1.0,311200.0083923344,8000.0,0.025706940180780083,592.5363728573905,1.0,True
69A24FA489149B2DBE76,fish_farming,5,2.0,605.9999942779559,585.7999944686908,0.9666666666666668,95.96528570073468,1.0,True
AF78D1C888D807440972,fish_farming,5,1.0,7.800000000000001,5.505882352941177,0.7058823529411765,78.86086200458381,1.0,True
91B385046752E8031187,fish_farming,5,1.0,6.0,2.6666666666666665,0.4444444444444444,193.88007187814034,1.0,True
54F69AFF8A600DB5436D,fish_farming,5,2.0,44.3800010681152,22.1900005340576,0.5,145.86576806147258,1.0,True
F5AF1900310357751257,fish_farming,5,1.0,40.0,20.0,0.5,1211.714081874882,1.0,True
28DE72ECA10786EDCB89,fish_farming,5,1.0,10.0,9.523809523809524,0.9523809523809523,210.16085052940335,1.0,True
2D9B947CA91669E2E04E,fish_farming,5,1.0,55.475001335144,44.3800010681152,0.7999999999999999,557.1902821747528,1.0,True
3B1D5BC4287C1207091F,fish_farming,5,1.0,119.60000038147,107.640000343323,0.9,557.1902821747528,1.0,True
E1B6AA31852B5812D543,fish_farming,5,1.0,80000.0,4000.0,0.05,356.70100057584204,1.0,True
A555F9D1367622BAEB7E,fish_farming,5,1.0,20000.0,1200.0,0.06,356.70100057584204,1.0,True
E6AB06D39F8FE4ECACB6,fish_farming,5,1.0,30.0,12.0,0.4,374.4271537080995,1.0,True
3408DA189F40E23EF2B9,fish_farming,6,1.0,353.499996662141,252.49999761581498,0.7142857142857143,407.80308901790886,1.0,True
58EC04F17E3044331D4B,fish_farming,5,2.0,7.62,2.54,0.3333333333333333,67.148667515669,1.0,True
FF40EC7F861A51A9D740,fish_farming,5,2.0,47.840000152588,35.880000114440996,0.75,67.148667515669,1.0,True
F22BC91707D1B64B8999,fish_farming,5,1.0,110.950002670288,88.7600021362304,0.7999999999999999,466.0192954922704,1.0,True
75C85F77B5757C5849E3,fish_farming,5,1.0,11.56799983978272,4.153404303719097,0.359042562348195,405.6318023678752,1.0,True
E8ED3DF1DB7DFC3B6008,fish_farming,5,1.0,15.0,13.5,0.9,388.4426597151302,1.0,True
04632F1500566622D94C,fish_farming,5,2.0,10.0999999046326,8.07999992370608,0.7999999999999999,14.553152585265964,1.0,True
049ED069D65EEB55E5D8,fish_farming,5,1.0,10.80000028014185,6.48000016808511,0.6,284.6046411756365,1.0,True
1C3659716EC8CB0E9069,fish_farming,5,2.0,33.2850008010864,19.97100048065184,0.6,81.4764504457654,1.0,True
23CFD663133FFE5CAD04,fish_farming,6,1.0,1840.39993286133,2.4099999666214,0.0013094979648659811,252.00757463805303,1.0,True
103B5A45A8B2DC430008,fish_farming,6,1.0,30.0,20.0,0.6666666666666666,940.3608825785734,1.0,True
EB3561841FF27368C2CB,fish_farming,6,1.0,50.0,45.0,0.9,180.53309619058868,1.0,True
76F92F87315FB9A76AA5,fish_farming,5,2.0,252.49999761581498,201.999998092652,0.8,206.11575498254714,1.0,True
60B87EACC89C46FAF9D7,fish_farming,5,1.0,66.5700016021728,44.3800010681152,0.6666666666666667,208.1659719112665,1.0,True
323E41F70286F5684245,fish_farming,6,1.0,7.776000201702132,5.1840001344680875,0.6666666666666666,411.7818515215962,1.0,True
BC6ACF33220EB1EC0618,fish_farming,6,1.0,60.0,30.0,0.5,154.2913061520546,1.0,True
5CA25E122AB6329E4C4E,fish_farming,5,2.0,95.680000305176,83.720000267029,0.875,214.13136767631283,1.0,True
D1135670FFF4A2F560A9,fish_farming,5,1.0,8.0,7.056047200295645,0.8820059000369557,808.3267477888503,1.0,True
6E024086846350E7A8B7,fish_farming,6,1.0,104.73999977111819,26.184999942779548,0.25,444.72439964332386,1.0,True
A6DC9B9C76B8AA9C8808,fish_farming,6,1.0,20.60000038146972,13.733333587646479,0.6666666666666666,444.72439964332386,1.0,True
ABEDCB90E140CCEF1029,fish_farming,5,1.0,44.3800010681152,22.1900005340576,0.5,208.1659719112665,1.0,True
8879086BA071D1D6A141,fish_farming,5,1.0,1.64,1.0933333333333333,0.6666666666666666,208.1659719112665,1.0,True
EEA9916C5C86B24B29B2,fish_farming,6,2.0,0.8999999999999999,0.8099999999999999,0.9,229.7920417864167,1.0,True
49F55C96F7809B9FE522,fish_farming,5,1.0,194.500005245209,155.60000419616722,0.8000000000000002,267.2097542895478,1.0,True
1E4BFA4F72D8E9046486,fish_farming,5,2.0,15.0,11.25,0.75,248.03951797341566,1.0,True
524448AEC5F072073135,fish_farming,5,2.0,40.3999996185304,0.0,0.0,73.15941780479537,1.0,True
F24A94BC52392856C889,fish_farming,5,2.0,35.880000114440996,26.910000085830745,0.75,64.13063940633707,1.0,True
99F5B8E747FCC8D7F90C,fish_farming,5,2.0,25.4,19.049999999999997,0.7499999999999999,64.13063940633707,1.0,True
CEF76663FE3E49851532,fish_farming,5,2.0,150.0,125.0,0.8333333333333334,206.40724240686293,1.0,True
5A2F7BB2DA4332BB228C,fish_farming,5,1.0,97.2500026226045,77.80000209808361,0.8000000000000002,340.1434046721363,1.0,True
7C4C51F95F7C1335257A,fish_farming,5,1.0,500.0,20.0,0.04,429.34509252415495,1.0,True
2F010DE7615E871EC294,fish_farming,5,1.0,4.5,0.4090909090909091,0.09090909090909091,505.27640698615176,1.0,True
BE25B90A1A18C00B780A,fish_farming,5,2.0,9.6399998664856,4.8199999332428,0.5,320.2823091210676,1.0,True
1B07E75F8E7AF163A9E0,fish_farming,5,2.0,80.7999992370608,60.599999427795595,0.7499999999999999,39.862503291074404,1.0,True
97672D3F77AAF7CE0440,fish_farming,5,1.0,29.17500078678135,5.0499999523163,0.17309339558284986,179.77970301427553,1.0,True
F6C9E30210F337C15F2F,fish_farming,5,1.0,100.0,90.0,0.9,959.0317346647377,1.0,True
2A2E434E511E08B6107B,fish_farming,5,2.0,35.880000114440996,17.940000057220498,0.5,121.98613022560244,1.0,True
E7F35E26E7A025220658,fish_farming,5,1.0,5.0,4.997747747801929,0.9995495495603859,808.3267477888503,1.0,True
F8735E71AC87AA9467DD,fish_farming,5,1.0,36.8079986572266,11.0950002670288,0.3014290554167496,111.2708815968291,1.0,True
6E9DB0D84125611DFED3,fish_farming,5,2.0,86.4000022411348,82.08000212907805,0.95,78.82669664882883,1.0,True
75F2BEAE4B96DDBB0C55,fish_farming,5,1.0,80000.0,4000.0,0.05,533.2827355716512,1.0,True
6934602CE91F3A905D59,fish_farming,5,1.0,160000.0,8000.0,0.05,533.2827355716512,1.0,True
90C4441E8E69ED185B76,fish_farming,5,1.0,3.0,3.0,1.0,402.67095837128204,1.0,True
3F942D64269E35FE3F65,fish_farming,5,2.0,150.0,130.0,0.8666666666666667,107.23589955173061,1.0,True
A000AA435CE5AFB824D9,fish_farming,5,2.0,6.78,0.9685714285714285,0.14285714285714285,25.589302748876364,1.0,True
2685CFFFABBAE5E2A9E2,fish_farming,5,2.0,29.75,7.0,0.23529411764705882,25.589302748876364,1.0,True
9BC2B2615CFE944E3F86,fish_farming,5,2.0,9.6399998664856,7.2299998998642,0.7500000000000001,320.2823091210676,1.0,True
4AB0486762D118CE75CC,fish_farming,5,1.0,2.16000005602837,0.0,0.0,149.3228927329847,1.0,True
A95D99C019FC6E1BAD1D,fish_farming,5,1.0,25.0,20.0,0.8,275.3305698265178,1.0,True
D13A25B240DC0478DDFE,fish_farming,5,1.0,35.880000114440996,23.920000076294,0.6666666666666667,231.79070844819833,1.0,True
1861935A632153D72974,fish_farming,5,2.0,861.120002746584,430.560001373292,0.5,608.9098271336533,1.0,True
6C72F1E9AFF16E0C3EDC,fish_farming,5,2.0,47.840000152588,28.704000091552796,0.6,121.98613022560244,1.0,True
4DEDC8C3A1BBF37F9A1A,fish_farming,5,2.0,605.9999942779559,585.7999944686908,0.9666666666666668,77.73188141759508,1.0,True
E84EB5208A939B4FA66A,fish_farming,5,2.0,23.920000076294,11.960000038147,0.5,80.04153222107387,1.0,True
D737B63B464A777F4BB9,fish_farming,5,2.0,33.2850008010864,16.6425004005432,0.5,80.04153222107387,1.0,True
1800346D551ACEA2AE60,fish_farming,5,2.0,6.48000016808511,4.32000011205674,0.6666666666666667,11.883900022714156,1.0,True
BBFA178B0D7EADF4010D,fish_farming,5,2.0,33.2850008010864,16.6425004005432,0.5,109.10759450998147,1.0,True
64F4E61B2B6634C62089,fish_farming,5,2.0,47.840000152588,23.920000076294,0.5,109.10759450998147,1.0,True
C08C1A0F23A3938226B8,fish_farming,5,2.0,35.880000114440996,23.920000076294,0.6666666666666667,110.20969142422372,1.0,True
83C621639A884B709489,fish_farming,5,2.0,0.5249999999999999,0.21,0.4000000000000001,285.05068192443474,1.0,True
E562D9866C61CC1FAF48,fish_farming,5,1.0,75.0,73.70242214532871,0.9826989619377161,408.5847824777826,1.0,True
C8EFF779A774AE97FDE4,fish_farming,6,2.0,10.0,0.0,0.0,110.57144806576085,1.0,True
F91776F71245A4527EBF,fish_farming,6,2.0,15.0,0.0,0.0,110.57144806576085,1.0,True
295A7305BB80CE4D2EB9,fish_farming,5,2.0,30.0,10.0,0.3333333333333333,143.50857825604766,1.0,True
5195719D47B65C8CFC43,fish_farming,5,2.0,47.840000152588,35.880000114440996,0.75,263.9239067002408,1.0,True
723082330AE5E2B35F7D,fish_farming,5,2.0,33.2850008010864,22.1900005340576,0.6666666666666667,65.59652440303383,1.0,True
6AA6DA0B601D8F612246,fish_farming,5,2.0,59.800000190735,47.840000152588,0.7999999999999999,65.59652440303383,1.0,True
F0B11EFC1A5F19097D2A,fish_farming,5,2.0,35.880000114440996,21.528000068664596,0.6,67.09825330827736,1.0,True
D0D3592E31ACC52E5B21,fish_farming,5,2.0,44.3800010681152,22.1900005340576,0.5,67.09825330827736,1.0,True
E713F39165C5F91BC2FB,fish_farming,5,1.0,200.0,180.0,0.9,466.0192954922704,1.0,True
7315487DF1C7FFE70C85,fish_farming,6,1.0,1.2960000336170219,0.0,0.0,234.02100764228263,1.0,True
A9D77DC8848837DF3E5E,fish_farming,5,1.0,194.500005245209,184.77500498294856,0.9500000000000001,759.0673689989803,1.0,True
1F5D49E61A32FE1C31A7,fish_farming,6,1.0,42.699999999999996,30.5,0.7142857142857143,444.72439964332386,1.0,True
A78217D90D4BBD92969E,fish_farming,6,1.0,0.72,0.44999999999999996,0.625,444.72439964332386,1.0,True
3FA7341C4FD81B055D0A,fish_farming,5,1.0,4.03999996185304,0.0,0.0,184.8202554352366,1.0,True
3E57B7E85B6C8C0FCB2C,fish_farming,5,1.0,10.16,7.62,0.75,557.1902821747528,1.0,True
DA53931CCA24E87DBBED,fish_farming,5,1.0,55.475001335144,44.3800010681152,0.7999999999999999,557.1902821747528,1.0,True
4AE7DC73301E1B58AEE7,fish_farming,5,1.0,300.0,200.0,0.6666666666666666,562.9095542145209,1.0,True
52F1A6150BA3341E3A93,fish_farming,5,1.0,5000.0,600.0,0.12,562.9095542145209,1.0,True
C9345624E4DD08F157BF,fish_farming,5,2.0,55.475001335144,44.3800010681152,0.7999999999999999,103.05787749127357,1.0,True
A96A171BA168DD02B297,fish_farming,6,1.0,20.0,16.666666666666668,0.8333333333333334,391.6739355083034,1.0,True
C83EAC1A19B82E9D08EE,fish_farming,5,2.0,38.1,35.56,0.9333333333333333,123.6694529895283,1.0,True
DF006AEBB8F7589722E4,fish_farming,5,2.0,20.0,15.0,0.75,143.50857825604766,1.0,True
BAB85C2FFC25E7412D9D,fish_farming,5,1.0,5.78399991989136,2.89199995994568,0.5,406.28592764227653,1.0,True
174E32333784DDC09C19,fish_farming,5,1.0,3.0,3.0,1.0,275.3305698265178,1.0,True
CF485986A53E1F80198D,fish_farming,5,1.0,20.0,15.0,0.75,275.3305698265178,1.0,True
33522D2D7D7246E8B7FA,fish_farming,5,1.0,12.0,11.0,0.9166666666666666,168.97255697608162,1.0,True
E8F075B9EABF28C85ADF,fish_farming,5,2.0,706.999993324282,504.99999523162995,0.7142857142857143,464.68889805749933,1.0,True
DA1C133CAD5070037B6D,fish_farming,5,2.0,119.60000038147,95.680000305176,0.7999999999999999,175.46098136438482,1.0,True
DD0F00FAF0B1F1F8BBEA,fish_farming,6,2.0,100.999999046326,95.9499990940097,0.9500000000000001,163.04110695647296,1.0,True
F01B103810F20DF59D8E,fish_farming,5,1.0,50.499999523163,20.0,0.3960396076999275,331.1725626742964,1.0,True
5AE01439284930EC51C9,fish_farming,5,1.0,5.08,0.0,0.0,120.26911722385192,1.0,True
15466A26AE9449CE246D,fish_farming,5,1.0,11.0950002670288,0.0,0.0,120.26911722385192,1.0,True
D5A26330F186C7B6A6DA,fish_farming,5,2.0,55.475001335144,33.2850008010864,0.6,110.20969142422372,1.0,True
3CE8BEE741504A012F3F,fish_farming,5,2.0,1.1099999999999999,0.7648739495798318,0.6890756302521008,110.20969142422372,1.0,True
D119AA162CB37233BC59,fish_farming,5,1.0,20000.0,1000.0,0.05,310.3761953062521,1.0,True
D42A93343AB31FDB3CC8,fish_farming,5,1.0,3.66,1.92,0.5245901639344261,158.32896444658988,1.0,True
1527865BDF149CEB9445,fish_farming,5,1.0,1.080000028014185,0.6480000168085109,0.5999999999999999,158.32896444658988,1.0,True
62DB7D4B3B6A1DD3C714,fish_farming,5,1.0,300.0,25.0,0.08333333333333333,396.0535585492092,1.0,True
EAAC4F39FEDCADD924C2,fish_farming,5,1.0,16.6425004005432,11.0950002670288,0.6666666666666667,234.52477858651127,1.0,True
D132DF4D1DD750AA8CD8,fish_farming,5,1.0,11.960000038147,5.9800000190735,0.5,234.52477858651127,1.0,True
73A6A4E0262F42016FD4,fish_farming,5,1.0,95.680000305176,83.720000267029,0.875,298.288935543553,1.0,True
C53C9BEDBE21A43906A4,fish_farming,5,1.0,35.7,29.75,0.8333333333333333,298.288935543553,1.0,True
91B80D95A11D16820628,fish_farming,5,2.0,2.16000005602837,0.0,0.0,14.553152585265964,1.0,True
84F4F0F83AB0557C9F49,fish_farming,5,2.0,15.149999856948899,10.0999999046326,0.6666666666666667,14.553152585265964,1.0,True
55E10D91F4276E03C35D,fish_farming,5,1.0,920.199966430665,0.0,0.0,293.78276002820803,1.0,True
A9E4CEBFC1242CAC7D4C,fish_farming,6,2.0,100.0,0.0,0.0,34.68908174612104,1.0,True
51C324F14A03E8D023B0,fish_farming,6,2.0,180.0,0.0,0.0,34.68908174612104,1.0,True
793D9D4200C84A34FBC7,fish_farming,5,1.0,3.0,1.0,0.3333333333333333,335.2695683828581,1.0,True
3AADEC2D48958E48C3A9,fish_farming,5,2.0,227.240000724793,0.0,0.0,11.883900022714156,1.0,True
237796481266FB931E0A,fish_capture,5,2.0,215.280000686646,155.48000049591099,0.7222222222222222,10494.872996022868,0.9993577392594414,True
D046C0E81566B9F047E5,fish_capture,5,2.0,9.520000000000001,5.44,0.5714285714285714,10494.872996022868,0.9993577392594414,True
6FBB52929CB7F27EEEC9,fish_capture,5,2.0,332.850008010864,255.1850061416624,0.7666666666666667,10494.872996022868,0.9993577392594414,True
0E79D80265CF6118A967,fish_capture,5,2.0,3.84,0.0,0.0,10494.872996022868,0.9993577392594414,True
175E9E3EC0D4DC07BF0B,fish_capture,5,2.0,46.64,34.980000000000004,0.7500000000000001,10494.872996022868,0.9993577392594414,True
F0844D703E14954F792D,fish_capture,5,2.0,4.199999999999999,2.0999999999999996,0.5,10494.872996022868,0.9993577392594414,True
ABD926130D487449912A,fish_capture,5,1.0,287.04000091552797,239.20000076294,0.8333333333333334,80.89646578222185,0.9722222222222223,True
8DB433CE3C10C7BBED51,fish_capture,5,1.0,133.1400032043456,99.85500240325919,0.75,80.89646578222185,0.9722222222222223,True
FC00AC8F0D19EBAA624A,fish_capture,5,1.0,216.000005602837,172.8000044822696,0.7999999999999999,371.42439912418877,0.9722222222222223,True
326C58E90F3E20ABC64E,fish_capture,5,1.0,121.19999885559119,96.95999908447295,0.8,468.2505350132672,0.9722222222222223,True
06B54CCD780C45C0642C,fish_capture,6,2.0,302.99999713897796,272.6999974250802,0.9000000000000001,616.768052662235,0.9993577392594414,True
6CF25CCC2DC851890F5A,fish_capture,6,2.0,61.0,61.0,1.0,616.768052662235,0.9993577392594414,False
842D14BB2E6E53FCC7DC,fish_capture,6,2.0,54.00000140070925,47.52000123262414,0.88,616.768052662235,0.9993577392594414,True
5BF7773CDF5E298F3CAA,fish_capture,6,2.0,6.0,4.5,0.75,616.768052662235,0.9993577392594414,True
B0AB4E5AB30AC9A34E4C,fish_capture,5,1.0,40399.9996185304,29289.99972343454,0.725,157.82483362092754,0.9722222222222223,True
18C5521EC6E3C020AE29,fish_capture,5,1.0,192.0,134.4,0.7000000000000001,157.82483362092754,0.9722222222222223,True
3FCD1AC14DA4F188EF52,fish_capture,5,1.0,1080.000028014185,820.8000212907806,0.7599999999999999,157.82483362092754,0.9722222222222223,True
FE2C26F0E763AB6FC824,fish_capture,6,1.0,1296.000033617022,1080.000028014185,0.8333333333333335,89.2588574022594,0.9722222222222223,True
DD13E6E9118646FB5370,fish_capture,5,1.0,8.84,5.44,0.6153846153846154,174.79685098184243,0.9722222222222223,True
D307B72845015F978776,fish_capture,5,1.0,5.25,0.0,0.0,174.79685098184243,0.9722222222222223,True
47CE560A41CE07D43EEF,fish_capture,5,1.0,12.0,8.16,0.68,174.79685098184243,0.9722222222222223,True
4D71583816A97AB198E0,fish_capture,5,1.0,143.52000045776398,0.0,0.0,174.79685098184243,0.9722222222222223,True
A1B515ABE2C26C795E3E,fish_capture,5,1.0,87.45,58.3,0.6666666666666666,174.79685098184243,0.9722222222222223,True
A501940858D746576F81,fish_capture,5,1.0,244.0900058746336,155.3300037384032,0.6363636363636365,174.79685098184243,0.9722222222222223,True
F9FD64BF7A335E5B781F,fish_capture,5,2.0,5.44,4.760000000000001,0.8750000000000001,236.17430258416863,0.9993577392594414,True
CAF84A8252546F56F18F,fish_capture,5,2.0,110.950002670288,88.7600021362304,0.7999999999999999,236.17430258416863,0.9993577392594414,True
E65627CA3C0358AC28B3,fish_capture,5,2.0,239.20000076294,215.280000686646,0.9,236.17430258416863,0.9993577392594414,True
B98997745819B4BCA5C5,fish_capture,5,2.0,7.199999999999999,6.24,0.8666666666666668,236.17430258416863,0.9993577392594414,True
8C942E0FFF51FF52BDD9,fish_capture,6,1.0,368.07998657226597,331.2719879150394,0.9000000000000001,416.7061046734351,0.9722222222222223,True
3854C3E531F5F981B9C0,fish_capture,5,2.0,302.99999713897796,201.999998092652,0.6666666666666667,39.831769936737814,0.9993577392594414,True
092878F90000D72C655D,fish_capture,5,2.0,1500.0,250.0,0.16666666666666666,248.03951797341566,0.9993577392594414,True
10433430A163332FFB35,fish_capture,5,2.0,1125.0,200.0,0.17777777777777778,248.03951797341566,0.9993577392594414,True
9C3F374406580773F016,fish_capture,5,2.0,875.0,50.0,0.05714285714285714,248.03951797341566,0.9993577392594414,True
4349260E32ED78C34B56,fish_capture,5,2.0,1375.0,225.0,0.16363636363636364,248.03951797341566,0.9993577392594414,True
AD154507FE232455E81D,fish_capture,5,2.0,8.16,4.08,0.5,10494.872996022868,0.9993577392594414,True
70C1317587B87AD41829,fish_capture,5,2.0,166.425004005432,55.475001335144,0.33333333333333337,10494.872996022868,0.9993577392594414,True
40CFCCD15ED1E3B68732,fish_capture,5,2.0,7.0,4.55,0.65,10494.872996022868,0.9993577392594414,True
05D432FF48ECD95C5DD5,fish_capture,5,2.0,8.64,4.8,0.5555555555555555,10494.872996022868,0.9993577392594414,True
5DF6E0F39233AF7D1CAD,fish_capture,5,2.0,145.75,87.45,0.6,10494.872996022868,0.9993577392594414,True
CB2B2662B22BFCB49DC8,fish_capture,5,2.0,119.60000038147,71.76000022888199,0.6,10494.872996022868,0.9993577392594414,True
49257F691C206C96E127,fish_capture,5,2.0,58.3,46.64,0.8,66.96587820108073,0.9993577392594414,True
D28964BFE12DE8F1DA06,fish_capture,5,2.0,110.950002670288,99.85500240325919,0.8999999999999999,66.96587820108073,0.9993577392594414,True
40A84CD0961578596362,fish_capture,5,2.0,500.0,450.0,0.9,66.96587820108073,0.9993577392594414,True
10812C7AA4766ADF1F8E,fish_capture,5,2.0,179.400000572205,155.48000049591099,0.8666666666666667,66.96587820108073,0.9993577392594414,True
E2D85709B696D64B0BC9,fish_capture,5,2.0,3.4000000000000004,2.72,0.7999999999999999,66.96587820108073,0.9993577392594414,True
5ADC2F371E0DA58D7745,fish_capture,5,2.0,3.36,2.88,0.8571428571428571,66.96587820108073,0.9993577392594414,True
9005DEFBC9C7D851D589,fish_capture,5,1.0,574.0800018310559,478.40000152588,0.8333333333333334,59.34152829763847,0.9722222222222223,True
C6E1CB8EE50B7E797930,fish_capture,5,1.0,32.40000084042555,19.44000050425533,0.6000000000000001,165.4844028890919,0.9722222222222223,True
45119B364B89A3ECC936,fish_capture,5,1.0,384.0,240.0,0.625,165.4844028890919,0.9722222222222223,True
8D5C12A5B918DF31B3DF,fish_capture,5,1.0,302.99999713897796,252.49999761581498,0.8333333333333334,165.4844028890919,0.9722222222222223,True
DE0523583595913DE4EC,fish_capture,6,1.0,555.499994754793,507.01999521255647,0.9127272727272727,946.4947071604853,0.9722222222222223,True
D891003CCC6E392E1BA6,fish_capture,6,1.0,3000.0,2800.0,0.9333333333333333,89.2588574022594,0.9722222222222223,True
99CEC017B1C8E93D1DC7,fish_capture,6,1.0,1250.0,1250.0,1.0,89.2588574022594,0.9722222222222223,False
EE2A9AFE698CE84871AA,fish_capture,6,1.0,231.3599967956544,0.0,0.0,337.4641898524691,0.9722222222222223,True
4ADE3533AB4F44DF27C4,fish_capture,6,1.0,972.5000262260451,486.25001311302253,0.5,337.4641898524691,0.9722222222222223,True
6FCA2C0E3E6CDA505EA9,fish_capture,6,2.0,3.5999999999999996,2.88,0.8,1926.493152727335,0.9993577392594414,True
9B965307CDBFFB176886,fish_capture,6,2.0,43.2000011205674,21.6000005602837,0.5,1926.493152727335,0.9993577392594414,True
27F9D4224281A2624FE5,fish_capture,6,2.0,7.199999999999999,5.76,0.8,1926.493152727335,0.9993577392594414,True
4B8002C7C3F78E21B3A1,fish_capture,6,2.0,181.7999982833868,100.999999046326,0.5555555555555556,1926.493152727335,0.9993577392594414,True
121EDFAA6578712FAAB5,fish_capture,6,2.0,12.24,9.520000000000001,0.7777777777777779,1926.493152727335,0.9993577392594414,True
592E97133729ABE0300B,fish_capture,6,2.0,43.92,31.72,0.7222222222222222,1926.493152727335,0.9993577392594414,True
82712499429AE3E4BD0D,fish_capture,5,1.0,115.14000320434559,3.059999942779542,0.026576340608127167,338.7055729912778,0.9722222222222223,True
21AE079FE4B9F893A510,fish_capture,5,2.0,3838.00010681152,3838.00010681152,1.0,287.99692201548487,0.9993577392594414,False
689B213280721BD463A4,fish_capture,5,2.0,1840.39993286133,1472.3199462890639,0.7999999999999999,287.99692201548487,0.9993577392594414,True
D98380C4837AB3732249,fish_capture,5,1.0,25.49999952316285,5.099999904632569,0.19999999999999998,337.9692462529415,0.9722222222222223,True
60304C070D8B2EFAEEAC,fish_capture,5,1.0,13.19999992847442,4.39999997615814,0.33333333333333337,337.9692462529415,0.9722222222222223,True
B2D305A285B338AE357E,fish_capture,6,2.0,12.0,9.0,0.75,308.3840263311175,0.9993577392594414,True
CC01E893E1D2CF60B5DF,fish_capture,6,2.0,85.39999999999999,73.2,0.8571428571428572,308.3840263311175,0.9993577392594414,True
B38FC740414AA55F8CB4,fish_capture,6,2.0,86.4000022411348,64.8000016808511,0.75,308.3840263311175,0.9993577392594414,True
3974FAB0E37E0F143544,fish_capture,6,2.0,252.49999761581498,222.1999979019172,0.88,308.3840263311175,0.9993577392594414,True
E089C1446FA289F231A5,fish_capture,5,2.0,358.80000114441,334.880001068116,0.9333333333333333,330.644023617836,0.9993577392594414,True
A9861F196321449C58C9,fish_capture,5,2.0,4.8,4.32,0.9000000000000001,330.644023617836,0.9993577392594414,True
096AC38015F92D617BFD,fish_capture,5,2.0,29.75,23.8,0.8,330.644023617836,0.9993577392594414,True
9A66EC10C8C946D9ECF9,fish_capture,5,2.0,1065.1200256347647,798.8400192260735,0.75,330.644023617836,0.9993577392594414,True
C8F765AF68CA23433935,fish_capture,5,1.0,133.1400032043456,110.950002670288,0.8333333333333334,78.9611436343218,0.9722222222222223,True
BC7A8695F7213532100A,fish_capture,5,2.0,750.0,625.0,0.8333333333333334,155.9961547325175,0.9993577392594414,True
3837595B3C813236755E,fish_capture,5,2.0,110.950002670288,88.7600021362304,0.7999999999999999,155.9961547325175,0.9993577392594414,True
83363FA28BB25B9BA145,fish_capture,5,2.0,179.400000572205,155.48000049591099,0.8666666666666667,155.9961547325175,0.9993577392594414,True
2C98EF0ADDCAE3484C29,fish_capture,5,2.0,432.000011205674,324.0000084042555,0.7499999999999999,290.3787320538633,0.9993577392594414,True
37327AFF0765DE8F903A,fish_capture,5,2.0,26.0,26.0,1.0,290.3787320538633,0.9993577392594414,False
959ACC84004DE8DDA118,fish_capture,6,1.0,32.40000084042555,21.6000005602837,0.6666666666666667,411.7818515215962,0.9722222222222223,True
24607DE3BDC7374A0D3F,fish_capture,6,1.0,201.999998092652,151.49999856948898,0.7499999999999999,411.7818515215962,0.9722222222222223,True
879663CD7445EAF6FA67,fish_capture,6,1.0,48.8,24.4,0.5,411.7818515215962,0.9722222222222223,True
D578958EE13B86499E2E,fish_capture,6,2.0,10.0999999046326,0.0,0.0,120.37938884611874,0.9993577392594414,True
2AEDD5F34EA7478ECF17,fish_capture,6,2.0,5.23699998855591,0.0,0.0,120.37938884611874,0.9993577392594414,True
BD1754B7E7266BF09F3D,fish_capture,5,2.0,4.8,4.32,0.9000000000000001,236.17430258416863,0.9993577392594414,True
B8113418197F6A4C371E,fish_capture,5,2.0,133.1400032043456,110.950002670288,0.8333333333333334,236.17430258416863,0.9993577392594414,True
017ED91BC0C04DCAD8D0,fish_capture,5,2.0,5.44,4.760000000000001,0.8750000000000001,236.17430258416863,0.9993577392594414,True
C0215C54BCF5FA609CBD,fish_capture,5,2.0,239.20000076294,215.280000686646,0.9,236.17430258416863,0.9993577392594414,True
5E9CB04A56C4C731DF6B,fish_capture,5,2.0,4.8,4.32,0.9000000000000001,107.23589955173061,0.9993577392594414,True
73F34055392033599E96,fish_capture,5,2.0,221.900005340576,199.71000480651838,0.8999999999999999,107.23589955173061,0.9993577392594414,True
4A5B9D75CDB7A6438404,fish_capture,5,2.0,33.9,30.51,0.9000000000000001,107.23589955173061,0.9993577392594414,True
6A8B0125789A97C3D618,fish_capture,5,2.0,29.75,23.8,0.8,107.23589955173061,0.9993577392594414,True
EAA38CC8D7B085A86B5F,fish_capture,5,2.0,179.400000572205,139.53333377838166,0.7777777777777778,107.23589955173061,0.9993577392594414,True
1D5E6B2327DFCDC1E006,fish_capture,5,2.0,750.0,625.0,0.8333333333333334,107.23589955173061,0.9993577392594414,True
6AB766B8DDFCDB1AB2E0,fish_capture,5,2.0,46.64,23.32,0.5,107.23589955173061,0.9993577392594414,True
84E67B458540E448C85C,fish_capture,6,2.0,43.2000011205674,33.262620366662865,0.7699680440708745,117.33922440463458,0.9993577392594414,True
6C6C4A42CCE1B0450C31,fish_capture,6,2.0,583.500015735627,291.7500078678135,0.5,117.33922440463458,0.9993577392594414,True
FFCA6ABC6E8322FBF57F,fish_capture,5,2.0,58.3,52.47,0.9,241.65587898982585,0.9993577392594414,True
634AA4FBD2AC6634EFCB,fish_capture,5,2.0,1250.0,1125.0,0.9,241.65587898982585,0.9993577392594414,True
35EF0CE6350A233E4B3E,fish_capture,5,2.0,221.900005340576,199.71000480651838,0.8999999999999999,241.65587898982585,0.9993577392594414,True
F70797D78FDDD650A281,fish_capture,5,2.0,179.400000572205,167.440000534058,0.9333333333333333,241.65587898982585,0.9993577392594414,True
839715189F7E0D089ADA,fish_capture,5,1.0,230.28000640869118,191.900005340576,0.8333333333333334,98.23142273555511,0.9722222222222223,True
79F73BE6B6059398DF09,fish_capture,5,1.0,6.24,1.04,0.16666666666666666,98.23142273555511,0.9722222222222223,True
D10829BD272A0E481355,fish_capture,5,1.0,10.44,1.74,0.16666666666666669,98.23142273555511,0.9722222222222223,True
0787554AD8BFAF4892B2,fish_capture,5,1.0,220.8479919433596,184.03999328613298,0.8333333333333333,98.23142273555511,0.9722222222222223,True
7C71E816080484295BE2,fish_capture,5,1.0,5.04,3.78,0.75,98.23142273555511,0.9722222222222223,True
ECBCE6CB2C90AEC4269B,fish_capture,5,2.0,95.680000305176,71.76000022888199,0.75,243.1766921210541,0.9993577392594414,True
583938E44A7B0EFC31B4,fish_capture,5,1.0,4039.9999618530396,2827.999973297128,0.7000000000000001,157.82483362092754,0.9722222222222223,True
F58E5D43EA2EC5F8AA45,fish_capture,5,1.0,1920.0,1248.0,0.65,157.82483362092754,0.9722222222222223,True
55E11C058C96C137755E,fish_capture,5,2.0,3.84,3.36,0.875,66.96587820108073,0.9993577392594414,True
D223C31DFF84E57275A7,fish_capture,5,2.0,221.900005340576,199.71000480651838,0.8999999999999999,66.96587820108073,0.9993577392594414,True
DCFE03406308AB5303DA,fish_capture,5,2.0,6.800000000000001,6.12,0.8999999999999999,66.96587820108073,0.9993577392594414,True
272FB0BE768C3D898A75,fish_capture,5,2.0,179.400000572205,167.440000534058,0.9333333333333333,66.96587820108073,0.9993577392594414,True
EB07BE65C01191DB32E4,fish_capture,5,2.0,27.12,23.73,0.875,66.96587820108073,0.9993577392594414,True
358B74DBAA97D352A887,fish_capture,5,2.0,20.1999998092652,0.0,0.0,149.33950762493956,0.9993577392594414,True
D591CFD48093BF4D8EFE,fish_capture,5,2.0,25.92000067234044,19.44000050425533,0.75,149.33950762493956,0.9993577392594414,True
DDE1E86B87AB4860D6D2,fish_capture,5,2.0,7271.999931335472,6261.9999408722115,0.861111111111111,262.09831204501404,0.9993577392594414,True
AD20A9703AF0F3D42319,fish_capture,6,1.0,127.49999761581424,0.0,0.0,423.45919425264356,0.9722222222222223,True
67B3AD70CDD60EB84D44,fish_capture,5,2.0,8.75,5.25,0.6,247.71969937062738,0.9993577392594414,True
8D1D7A94067E99CD64AD,fish_capture,5,2.0,119.60000038147,71.76000022888199,0.6,247.71969937062738,0.9993577392594414,True
DAB8002E13F5326A498E,fish_capture,5,2.0,166.425004005432,88.7600021362304,0.5333333333333333,247.71969937062738,0.9993577392594414,True
CD1548C2AA7E4139783B,fish_capture,5,2.0,52.369999885559096,47.13299989700319,0.9,529.0304377885377,0.9993577392594414,True
5E0E173FB4DF3D6938CA,fish_capture,5,2.0,59.800000190735,35.880000114440996,0.6,529.0304377885377,0.9993577392594414,True
720E22DE82F3C2A11987,fish_capture,5,2.0,5.95,0.0,0.0,529.0304377885377,0.9993577392594414,True
85954592F310E0343B5E,fish_capture,5,2.0,0.96,0.48,0.5,529.0304377885377,0.9993577392594414,True
55DB9B0EC0E185CFA9F3,fish_capture,5,1.0,1009.9999904632599,605.9999942779559,0.6,157.82483362092754,0.9722222222222223,True
30079A3E86AD0317E47E,fish_capture,5,1.0,6.1499999999999995,5.33,0.8666666666666668,157.82483362092754,0.9722222222222223,True
DB9E9AE9D67BD00F58B6,fish_capture,5,2.0,532.5600128173824,510.3700122833248,0.9583333333333334,51.6295183620148,0.9993577392594414,True
148DE4E43A21060C235F,fish_capture,5,1.0,20.88,15.66,0.75,298.288935543553,0.9722222222222223,True
30292DEED772A49162F7,fish_capture,5,1.0,15.45000028610229,10.30000019073486,0.6666666666666666,298.288935543553,0.9722222222222223,True
0251A4B21A78DA9FB822,fish_capture,5,2.0,3.84,0.0,0.0,134.00579871474707,0.9993577392594414,True
8759336907932C300477,fish_capture,5,2.0,83.720000267029,0.0,0.0,134.00579871474707,0.9993577392594414,True
779328236F9CC2BBB4AD,fish_capture,5,2.0,8.16,0.0,0.0,134.00579871474707,0.9993577392594414,True
75A852F834028465EDC8,fish_capture,5,2.0,5.25,0.0,0.0,134.00579871474707,0.9993577392594414,True
E49DCA4598C718104ADC,fish_capture,5,2.0,69.96000000000001,0.0,0.0,134.00579871474707,0.9993577392594414,True
13F6794E82297FE1308E,fish_capture,5,2.0,166.425004005432,0.0,0.0,134.00579871474707,0.9993577392594414,True
83E8BE8D612DA4D9340F,fish_capture,6,2.0,75.64,61.0,0.8064516129032258,642.1643842424451,0.9993577392594414,True
6A7EE153EB33159DCE58,fish_capture,6,2.0,2.88,1.7999999999999998,0.625,642.1643842424451,0.9993577392594414,True
1365F1E893EDA3CB77F4,fish_capture,6,2.0,12.24,6.800000000000001,0.5555555555555556,642.1643842424451,0.9993577392594414,True
B13EB0E0D2ACCA429F34,fish_capture,6,2.0,201.999998092652,121.19999885559119,0.6,642.1643842424451,0.9993577392594414,True
D32CA7B028C4B46F4077,fish_capture,6,2.0,7.68,4.8,0.625,642.1643842424451,0.9993577392594414,True
DCFC8F7ADCE74F1152BC,fish_capture,6,2.0,56.16000145673762,34.56000089645392,0.6153846153846154,642.1643842424451,0.9993577392594414,True
9C8FE8B0E974C60D99DD,fish_capture,6,1.0,864.000022411348,799.2000207304969,0.925,343.4591877188801,0.9722222222222223,True
042EECD5538A04C3300D,fish_capture,5,2.0,10.30000019073486,0.0,0.0,187.44533894069508,0.9993577392594414,True
20C91A16FE6227C23A8A,fish_capture,5,1.0,133.1400032043456,0.0,0.0,1614.865055576929,0.9722222222222223,True
4EBDE9F4BE567956C3CB,fish_capture,5,1.0,143.52000045776398,107.64000034332298,0.75,1614.865055576929,0.9722222222222223,True
C28AC42C367334597B2C,fish_capture,5,2.0,399.42000961303677,332.850008010864,0.8333333333333334,61.60340259104041,0.9993577392594414,True
AEF361F7BA841CF6856D,fish_capture,6,2.0,121.19999885559119,70.69999933242819,0.5833333333333333,308.3840263311175,0.9993577392594414,True
17CA518725E64D89DC8D,fish_capture,6,2.0,46.36,31.72,0.6842105263157895,308.3840263311175,0.9993577392594414,True
F399F53CFAD57ACE4F9D,fish_capture,6,2.0,8.16,5.44,0.6666666666666667,308.3840263311175,0.9993577392594414,True
2682089CBF83598BB1BE,fish_capture,6,2.0,43.2000011205674,25.92000067234044,0.6,308.3840263311175,0.9993577392594414,True
038BC8E75F749E962A24,fish_capture,5,1.0,6.48000016808511,4.32000011205674,0.6666666666666667,617.4452343735664,0.9722222222222223,True
A7536C5BC835A3382C0A,fish_capture,5,1.0,25.2499997615815,20.1999998092652,0.8,617.4452343735664,0.9722222222222223,True
9FA2B3F22EC7EC4E56F6,fish_capture,6,2.0,277.37500667572,166.425004005432,0.6,314.90753458042974,0.9993577392594414,True
5C57C2F5F072EEDA2AB1,fish_capture,6,2.0,418.60000133514495,275.080000877381,0.6571428571428573,314.90753458042974,0.9993577392594414,True
8F964824E55EF005CD33,fish_capture,6,2.0,42.699999999999996,24.4,0.5714285714285714,314.90753458042974,0.9993577392594414,True
F1CD47E8FC913180614E,fish_capture,6,2.0,2.1599999999999997,1.44,0.6666666666666667,314.90753458042974,0.9993577392594414,True
059266436D6216082A84,fish_capture,6,2.0,13.600000000000001,8.16,0.6,314.90753458042974,0.9993577392594414,True
8F8FEC86083F71085745,fish_capture,6,2.0,24.0,16.8,0.7000000000000001,314.90753458042974,0.9993577392594414,True
5F795B9A6C84214BE2FA,fish_capture,5,2.0,972.5000262260451,153.5200042724608,0.15786118265541008,26.437663091751325,0.9993577392594414,True
7FE90CC8857245D06850,fish_capture,5,2.0,89.25,83.3,0.9333333333333333,106.97306646459403,0.9993577392594414,True
A9F229B51834BD9BE1B0,fish_capture,5,2.0,87.45,75.79,0.8666666666666667,106.97306646459403,0.9993577392594414,True
4F0FF0D1DF88E22D9909,fish_capture,5,2.0,3.84,3.36,0.875,106.97306646459403,0.9993577392594414,True
0E7AF0F94E8208C6D12D,fish_capture,5,2.0,6.800000000000001,6.12,0.8999999999999999,106.97306646459403,0.9993577392594414,True
843656E02EA48DA60797,fish_capture,5,2.0,119.60000038147,107.640000343323,0.9,106.97306646459403,0.9993577392594414,True
55FA0BB4CEEEB678B951,fish_capture,5,2.0,750.0,700.0,0.9333333333333333,106.97306646459403,0.9993577392594414,True
F900DC5D8A33757570FA,fish_capture,5,2.0,1.23,0.41,0.3333333333333333,145.86576806147258,0.9993577392594414,True
0ECDF6186F5DDEBA6423,fish_capture,6,2.0,2334.000062942508,807.999992370608,0.34618679116569967,209.3953579516749,0.9993577392594414,True
4F1877DADA18352AADCA,fish_capture,6,2.0,82.08000212907805,64.8000016808511,0.7894736842105263,209.3953579516749,0.9993577392594414,True
B0E615B9E81DE26A470D,fish_capture,5,2.0,133.1400032043456,122.0450029373168,0.9166666666666667,66.96587820108073,0.9993577392594414,True
C0FC5C206605BAD0FBD8,fish_capture,5,2.0,75.84,69.52000000000001,0.9166666666666667,66.96587820108073,0.9993577392594414,True
AED54EAC581E1CC81BB6,fish_capture,5,2.0,119.60000038147,95.680000305176,0.7999999999999999,66.96587820108073,0.9993577392594414,True
DEC4A72A22B58174D9F4,fish_capture,5,2.0,500.0,475.0,0.95,66.96587820108073,0.9993577392594414,True
EDFC4884DA963CE14393,fish_capture,5,2.0,6.800000000000001,5.44,0.7999999999999999,66.96587820108073,0.9993577392594414,True
CA217C121AC3DF776D3E,fish_capture,5,2.0,58.3,52.47,0.9,66.96587820108073,0.9993577392594414,True
BBF8BCF3D2FC7BE86C39,fish_capture,5,2.0,3.84,3.36,0.875,66.96587820108073,0.9993577392594414,True
D43FF47404843385DFE0,fish_capture,5,2.0,3029.99997138978,2827.999973297128,0.9333333333333332,356.96795285935,0.9993577392594414,True
0146C31FB426322E728D,fish_capture,6,2.0,181.7999982833868,100.999999046326,0.5555555555555556,419.87671277390626,0.9993577392594414,True
7474F94AC373BA3C73D0,fish_capture,6,2.0,128.0,76.8,0.6,419.87671277390626,0.9993577392594414,True
0740534B614C6C339A6E,fish_capture,6,2.0,9.6,7.68,0.8,419.87671277390626,0.9993577392594414,True
1BB99962A0501D482D4E,fish_capture,6,2.0,73.2,48.8,0.6666666666666666,419.87671277390626,0.9993577392594414,True
44DFF84C230A3B766ACC,fish_capture,6,2.0,17.0,13.600000000000001,0.8,419.87671277390626,0.9993577392594414,True
70DBCF15BA0AE873EB78,fish_capture,6,2.0,82.08000212907805,56.16000145673762,0.6842105263157895,419.87671277390626,0.9993577392594414,True
EC42CCCA65808B41B739,fish_capture,6,2.0,1.44,1.0799999999999998,0.7499999999999999,419.87671277390626,0.9993577392594414,True
F8D31FDF06FD04707354,fish_capture,5,1.0,220.8479919433596,184.03999328613298,0.8333333333333333,197.40285908580452,0.9722222222222223,True
E511F733582F20147192,fish_capture,6,2.0,61.0,54.9,0.9,419.87671277390626,0.9993577392594414,True
1496CEE76929E87DD846,fish_capture,6,2.0,4.6000000000000005,3.766929133858268,0.8188976377952756,419.87671277390626,0.9993577392594414,True
9C61A36ADE9A12941A46,fish_capture,6,2.0,403.999996185304,353.499996662141,0.875,419.87671277390626,0.9993577392594414,True
78F430FBCA9330AEE439,fish_capture,6,2.0,108.0000028014185,86.4000022411348,0.7999999999999999,419.87671277390626,0.9993577392594414,True
C98245E5E7D53CBA2AB8,fish_capture,5,2.0,1009.9999904632599,807.999992370608,0.8,80.89171399554611,0.9993577392594414,True
66DF4D411A2B84FA11D1,fish_capture,5,2.0,129.6000033617022,86.4000022411348,0.6666666666666667,80.89171399554611,0.9993577392594414,True
02BEDE07200E1AD74871,fish_capture,5,2.0,55.475001335144,55.36427278956487,0.9980039920159681,79.13814730858974,0.9993577392594414,True
260FD8FAB6D1AB69506C,fish_capture,6,1.0,908.999991416934,382.4999928474427,0.42079207531257296,457.1163024430785,0.9722222222222223,True
1D5CB6B7333AB8ADF619,fish_capture,6,2.0,58.56,43.92,0.75,642.1643842424451,0.9993577392594414,True
8D9CB362CE0ABC06EB0F,fish_capture,6,2.0,2.34,1.7999999999999998,0.7692307692307692,642.1643842424451,0.9993577392594414,True
40292110FCD5A2BD5D78,fish_capture,6,2.0,75.60000196099296,43.2000011205674,0.5714285714285714,642.1643842424451,0.9993577392594414,True
10656ADE2165A6E35A27,fish_capture,6,2.0,11.52,7.68,0.6666666666666666,642.1643842424451,0.9993577392594414,True
A4CB4C6969E7521FA75F,fish_capture,6,2.0,19.040000000000003,13.600000000000001,0.7142857142857143,642.1643842424451,0.9993577392594414,True
9A472AE2F7B9484C7A9D,fish_capture,6,2.0,262.5999975204476,181.7999982833868,0.6923076923076924,642.1643842424451,0.9993577392594414,True
CD9F711679D844F680E1,fish_capture,6,1.0,1464.0,1415.2,0.9666666666666667,142.81417184361504,0.9722222222222223,True
8AF9AC5EB0EC08DCF3F2,fish_capture,6,1.0,233.28000605106396,172.8000044822696,0.7407407407407407,142.81417184361504,0.9722222222222223,True
9CF212430F33612AF6CD,fish_capture,5,2.0,87.45,0.0,0.0,10494.872996022868,0.9993577392594414,True
B1CEDEF1C3AF37EB41AD,fish_capture,5,2.0,13.600000000000001,0.0,0.0,10494.872996022868,0.9993577392594414,True
DE99E79470BAA7B1B836,fish_capture,5,2.0,119.60000038147,0.0,0.0,10494.872996022868,0.9993577392594414,True
C317DFC267C15B8D3C50,fish_capture,5,2.0,166.425004005432,77.6650018692016,0.46666666666666673,10494.872996022868,0.9993577392594414,True
2CAA3DD717E27F70A0CC,fish_capture,5,2.0,6.3,0.0,0.0,10494.872996022868,0.9993577392594414,True
BF5AAB95714A30FE045A,fish_capture,5,1.0,200.0,150.0,0.75,298.288935543553,0.9722222222222223,True
AAD1B646815F596AE37F,fish_capture,5,2.0,59.800000190735,59.800000190735,1.0,490.71148495479576,0.9993577392594414,False
B3F11B27C38BB1249021,fish_capture,5,2.0,184.03999328613298,147.2319946289064,0.8,490.71148495479576,0.9993577392594414,True
640D323EE7AB24D8C455,fish_capture,5,1.0,143.52000045776398,95.680000305176,0.6666666666666667,78.58513818844409,0.9722222222222223,True
9132F4A48B9553113B04,fish_capture,5,1.0,266.2800064086912,210.8050050735472,0.7916666666666667,78.58513818844409,0.9722222222222223,True
0806379E659FDBB6BB91,fish_capture,5,2.0,266.2800064086912,244.0900058746336,0.9166666666666667,242.23560585123573,0.9993577392594414,True
E10DE704BBAD8CA85254,fish_capture,5,2.0,574.0800018310559,550.160001754762,0.9583333333333334,242.23560585123573,0.9993577392594414,True
1AC81CD5EE9D8B64B6F0,fish_capture,5,2.0,61.80000114440916,51.5000009536743,0.8333333333333334,242.23560585123573,0.9993577392594414,True
8684F88A4CA26BE1F352,fish_capture,5,2.0,125.68799972534184,115.21399974823002,0.9166666666666667,242.23560585123573,0.9993577392594414,True
16DEDD804C02F3758305,fish_capture,5,2.0,110.950002670288,88.7600021362304,0.7999999999999999,175.46098136438482,0.9993577392594414,True
452033CCC63BBA735BD5,fish_capture,5,2.0,179.400000572205,143.52000045776398,0.7999999999999999,175.46098136438482,0.9993577392594414,True
DEBCEBC697B3A41B10AE,fish_capture,6,2.0,239.20000076294,227.240000724793,0.95,18.551600454468193,0.9993577392594414,True
EC1D179319BBDADDA2B2,fish_capture,5,2.0,368.07998657226597,122.69332885742199,0.3333333333333333,113.31254016552059,0.9993577392594414,True
84EBA57AF0212739BFC9,fish_capture,5,2.0,133.1400032043456,110.950002670288,0.8333333333333334,242.23560585123573,0.9993577392594414,True
2EF5C2A45DB3DA85006B,fish_capture,5,2.0,287.04000091552797,275.080000877381,0.9583333333333334,242.23560585123573,0.9993577392594414,True
71EFE3A86CBF3160386A,fish_capture,5,2.0,500.0,375.0,0.75,165.97033342385495,0.9993577392594414,True
F17487C01508D414F359,fish_capture,5,2.0,8.16,6.800000000000001,0.8333333333333334,165.97033342385495,0.9993577392594414,True
B2BFBF742870AD73C3F1,fish_capture,5,2.0,3.84,3.36,0.875,165.97033342385495,0.9993577392594414,True
990D5A0B4C18C1CCDBE7,fish_capture,5,2.0,110.950002670288,99.85500240325919,0.8999999999999999,165.97033342385495,0.9993577392594414,True
60A3FE8AB6F615188469,fish_capture,5,2.0,179.400000572205,155.48000049591099,0.8666666666666667,165.97033342385495,0.9993577392594414,True
080934B1650D6AE03B50,fish_capture,5,2.0,58.3,52.47,0.9,165.97033342385495,0.9993577392594414,True
ADAC2343FD84BE8CEBEB,fish_capture,5,2.0,7.56,3.39,0.44841269841269843,107.06568383815642,0.9993577392594414,True
3892B9C903D3D8073908,fish_capture,5,2.0,1.23,0.82,0.6666666666666666,107.06568383815642,0.9993577392594414,True
CA41D06D9D6A5FF778DB,fish_capture,5,2.0,86.4000022411348,75.60000196099296,0.8750000000000001,107.06568383815642,0.9993577392594414,True
AF7685B2B21F6EF9DE3F,fish_capture,5,2.0,3.44,3.01,0.875,107.06568383815642,0.9993577392594414,True
E5DC1D9517182BC79A94,fish_capture,5,2.0,25.4,19.049999999999997,0.7499999999999999,107.06568383815642,0.9993577392594414,True
66374CD458F1ABBE738E,fish_capture,5,2.0,252.49999761581498,151.49999856948898,0.6,107.06568383815642,0.9993577392594414,True
FAFDC5A25C40E9BB2384,fish_capture,5,2.0,421.6100101470944,399.42000961303677,0.9473684210526315,529.0304377885377,0.9993577392594414,True
C432CAC8A9B4A7C2BD09,fish_capture,5,2.0,29.75,23.8,0.8,529.0304377885377,0.9993577392594414,True
CF130FBFC46DCC137CD0,fish_capture,5,2.0,119.60000038147,95.680000305176,0.7999999999999999,529.0304377885377,0.9993577392594414,True
0CC4FBE9E0C7382D16B6,fish_capture,5,2.0,221.900005340576,199.71000480651838,0.8999999999999999,155.9961547325175,0.9993577392594414,True
B260036A005D61EECC5D,fish_capture,5,2.0,119.60000038147,95.680000305176,0.7999999999999999,155.9961547325175,0.9993577392594414,True
1E6E71992FF499A90CF9,fish_capture,5,2.0,2.4,1.92,0.8,155.9961547325175,0.9993577392594414,True
666DA6BD47027C214A9F,fish_capture,5,1.0,4.8999999999999995,0.0,0.0,388.4426597151302,0.9722222222222223,True
7BACBED4B89BCE1BB8A3,fish_capture,5,1.0,332.850008010864,221.900005340576,0.6666666666666667,388.4426597151302,0.9722222222222223,True
27A5C4BCD4E77D5608BA,fish_capture,5,1.0,87.45,58.3,0.6666666666666666,388.4426597151302,0.9722222222222223,True
93A5E538F1DC95AA0439,fish_capture,5,1.0,215.280000686646,131.56000041961698,0.611111111111111,388.4426597151302,0.9722222222222223,True
16482AE7AB26A0EC69B5,fish_capture,5,1.0,10.200000000000001,6.800000000000001,0.6666666666666666,388.4426597151302,0.9722222222222223,True
449A8DC5F95D779ADE0E,fish_capture,5,1.0,10.559999999999999,5.76,0.5454545454545455,388.4426597151302,0.9722222222222223,True
12744D6F08C6331C3A64,fish_capture,5,2.0,266.2800064086912,221.900005340576,0.8333333333333334,60.911229528219714,0.9993577392594414,True
5DC3E986D371F32F3830,fish_capture,5,2.0,31.42199993133546,15.71099996566773,0.5,30.027274178802056,0.9993577392594414,True
6A716C935B0C592C8E95,fish_capture,5,2.0,6.800000000000001,6.12,0.8999999999999999,236.17430258416863,0.9993577392594414,True
4F6E5886FD394822C565,fish_capture,5,2.0,7.199999999999999,6.24,0.8666666666666668,236.17430258416863,0.9993577392594414,True
28CBE0DE8EA236494054,fish_capture,5,2.0,215.280000686646,191.360000610352,0.8888888888888888,236.17430258416863,0.9993577392594414,True
170E0A7F6753B37B6BE2,fish_capture,5,2.0,58.3,52.47,0.9,236.17430258416863,0.9993577392594414,True
FA43240A9E90940B077A,fish_capture,5,2.0,625.0,525.0,0.84,236.17430258416863,0.9993577392594414,True
24BE84B8EF1C54097999,fish_capture,5,2.0,110.950002670288,99.85500240325919,0.8999999999999999,236.17430258416863,0.9993577392594414,True
79C82AF7E7A2EEDFDC70,fish_capture,6,2.0,2.88,1.7999999999999998,0.625,348.4083361315393,0.9993577392594414,True
44822B31821F06EF8BF7,fish_capture,6,2.0,75.60000196099296,54.00000140070925,0.7142857142857143,348.4083361315393,0.9993577392594414,True
1C4CEFD676BCAB672D16,fish_capture,6,2.0,128.0,76.8,0.6,348.4083361315393,0.9993577392594414,True
C9E18896A2F8A494721D,fish_capture,6,2.0,158.4,79.2,0.5,348.4083361315393,0.9993577392594414,True
308045A69566BB1755E1,fish_capture,6,2.0,70.76,58.56,0.8275862068965517,348.4083361315393,0.9993577392594414,True
BC4917A3A5E16DEDC055,fish_capture,6,2.0,19.2,15.36,0.8,348.4083361315393,0.9993577392594414,True
CCBF952D32891C4F77B0,fish_capture,6,2.0,181.7999982833868,121.19999885559119,0.6666666666666666,348.4083361315393,0.9993577392594414,True
45FFEC4CD3C3A4201267,fish_capture,6,2.0,30.6,27.200000000000003,0.888888888888889,348.4083361315393,0.9993577392594414,True
F24D1536657E67591606,fish_capture,6,2.0,12.0,9.0,0.75,616.768052662235,0.9993577392594414,True
E8B2440EF86899A8B358,fish_capture,6,2.0,73.2,61.0,0.8333333333333333,616.768052662235,0.9993577392594414,True
1A0ACA2A4AAD8046DA86,fish_capture,6,2.0,108.0000028014185,86.4000022411348,0.7999999999999999,616.768052662235,0.9993577392594414,True
EBC0BA502F0480A33A2F,fish_capture,6,2.0,1.72,1.29,0.75,616.768052662235,0.9993577392594414,True
ADADB70FE2648B9F212E,fish_capture,6,2.0,353.499996662141,302.99999713897796,0.8571428571428571,616.768052662235,0.9993577392594414,True
DF08BF7890935556B5BD,fish_capture,6,2.0,1.23,1.025,0.8333333333333333,616.768052662235,0.9993577392594414,True
D775B9128950AC5C1B1C,fish_capture,5,2.0,66.5700016021728,33.2850008010864,0.5,79.13814730858974,0.9993577392594414,True
0CAD57D0BB6634CE6934,fish_capture,6,2.0,85.39999999999999,79.3,0.9285714285714286,642.1643842424451,0.9993577392594414,True
A379B73AA9C19C9F2729,fish_capture,6,2.0,4.16,3.12,0.75,642.1643842424451,0.9993577392594414,True
92B1C85E7B4089B9881B,fish_capture,6,2.0,305.99999427795416,280.4999947547913,0.9166666666666666,642.1643842424451,0.9993577392594414,True
31AF88CE4B0FA57F4821,fish_capture,6,2.0,151.2000039219859,108.0000028014185,0.7142857142857143,642.1643842424451,0.9993577392594414,True
52ACA561A659ACAAA465,fish_capture,5,2.0,59.800000190735,1.161165062998475,0.019417475907941184,260.45467675713206,0.9993577392594414,True
A8DFA89B777755CDF6D5,fish_capture,5,2.0,44.3800010681152,0.0,0.0,260.45467675713206,0.9993577392594414,True
AE82F2568FABB0A6B110,fish_capture,5,2.0,3433.9999675750837,3029.99997138978,0.8823529411764707,198.46574849835045,0.9993577392594414,True
4F986E20DD29F7FBC0E3,fish_capture,5,1.0,73.6159973144532,4.8199999332428,0.06547489824329905,296.8997269883865,0.9722222222222223,True
11AB42C0003F6C4558A7,fish_capture,6,2.0,64.8000016808511,32.40000084042555,0.5,308.3840263311175,0.9993577392594414,True
5CB26BD4607479387D98,fish_capture,6,2.0,2.6999999999999997,1.7999999999999998,0.6666666666666666,308.3840263311175,0.9993577392594414,True
53EB205DEEC7053E337A,fish_capture,6,2.0,19.040000000000003,12.24,0.6428571428571428,308.3840263311175,0.9993577392594414,True
671A3AABEB91E9AA4E07,fish_capture,6,2.0,161.5999984741216,100.999999046326,0.625,308.3840263311175,0.9993577392594414,True
B8F03F082C3D4A129CFC,fish_capture,6,2.0,79.3,48.8,0.6153846153846154,308.3840263311175,0.9993577392594414,True
CB2B1DCF1FE4E5F03E6A,fish_capture,5,1.0,81.62,52.47,0.6428571428571428,174.79685098184243,0.9722222222222223,True
98926AB03BA07090F945,fish_capture,5,1.0,10.5,7.0,0.6666666666666666,174.79685098184243,0.9722222222222223,True
9D6CD00477C6E85E0D8A,fish_capture,5,1.0,8.16,5.44,0.6666666666666667,174.79685098184243,0.9722222222222223,True
18AEE77AECC2B32667C1,fish_capture,5,1.0,221.900005340576,133.1400032043456,0.6,174.79685098184243,0.9722222222222223,True
26F3617853132748C327,fish_capture,5,1.0,12.0,7.199999999999999,0.6,174.79685098184243,0.9722222222222223,True
65B5FA81462C3B372536,fish_capture,5,1.0,203.320000648499,119.60000038147,0.5882352941176471,174.79685098184243,0.9722222222222223,True
06C1B9FFAA88C5A61B59,fish_capture,6,2.0,242.39999771118238,161.5999984741216,0.6666666666666667,1926.493152727335,0.9993577392594414,True
88D6281FBDCC89F3250E,fish_capture,6,2.0,113.6,85.19999999999999,0.7499999999999999,1926.493152727335,0.9993577392594414,True
4EA303141F0193F63519,fish_capture,6,2.0,13.600000000000001,10.88,0.7999999999999999,1926.493152727335,0.9993577392594414,True
8A31584320A5F4607B38,fish_capture,6,2.0,50.96,27.439999999999998,0.5384615384615384,1926.493152727335,0.9993577392594414,True
D2E99B1B27CD790449ED,fish_capture,6,2.0,1.3499999999999999,0.9899999999999999,0.7333333333333333,1926.493152727335,0.9993577392594414,True
127526A54A1DEE6E260E,fish_capture,6,2.0,58.56,43.92,0.75,1926.493152727335,0.9993577392594414,True
AD3436AF134C76900874,fish_capture,6,2.0,7.199999999999999,4.8,0.6666666666666667,1926.493152727335,0.9993577392594414,True
1416856EA1D44CBEB83B,fish_capture,6,2.0,86.4000022411348,64.8000016808511,0.75,1926.493152727335,0.9993577392594414,True
64CF05BD6169FE8919B6,fish_capture,6,2.0,7.199999999999999,4.8,0.6666666666666667,314.90753458042974,0.9993577392594414,True
886F144A99ADB4DA5B05,fish_capture,6,2.0,166.425004005432,99.85500240325919,0.6,314.90753458042974,0.9993577392594414,True
E3C9E049704D22EE0C05,fish_capture,6,2.0,10.200000000000001,6.800000000000001,0.6666666666666666,314.90753458042974,0.9993577392594414,True
5B7B6515BED76A627DB0,fish_capture,6,2.0,239.20000076294,143.52000045776398,0.6,314.90753458042974,0.9993577392594414,True
538F81602A13ACD097AB,fish_capture,6,2.0,3.9599999999999995,2.88,0.7272727272727273,314.90753458042974,0.9993577392594414,True
88E2855F0BA9A99D50D4,fish_capture,6,2.0,61.0,42.699999999999996,0.7,314.90753458042974,0.9993577392594414,True
A300EFBD64B6096E6DE3,fish_capture,5,2.0,39.38999962806714,24.23999977111824,0.6153846153846154,127.88245546035253,0.9993577392594414,True
68EAF90EBB9071FB74BA,fish_capture,6,2.0,103.0000019073486,0.0,0.0,18.551600454468193,0.9993577392594414,True
0FA2ECE21616478D33C1,fish_capture,5,2.0,250.0,150.0,0.6,180.80787114291795,0.9993577392594414,True
89ABABDB6634EA241A27,fish_capture,5,2.0,71.76000022888199,47.840000152588,0.6666666666666667,180.80787114291795,0.9993577392594414,True
9A1EA2985F9833521B06,fish_capture,5,2.0,55.475001335144,44.3800010681152,0.7999999999999999,180.80787114291795,0.9993577392594414,True
A2ED429DFDCB6C529106,fish_capture,5,1.0,59.800000190735,47.840000152588,0.7999999999999999,263.8604418771869,0.9722222222222223,True
FDB676064797F5EFE9E1,fish_capture,5,1.0,2.8,0.0,0.0,263.8604418771869,0.9722222222222223,True
D6D0671539EB8683E213,fish_capture,5,1.0,77.6650018692016,44.3800010681152,0.5714285714285714,263.8604418771869,0.9722222222222223,True
9FBD8E5A803720220340,fish_capture,5,1.0,46.64,0.0,0.0,120.74929444765392,0.9722222222222223,True
58BF7C8E736A52DF8DE4,fish_capture,5,1.0,110.950002670288,0.0,0.0,120.74929444765392,0.9722222222222223,True
35741FD40EDAA99A9FDF,fish_capture,5,1.0,3.4000000000000004,0.0,0.0,120.74929444765392,0.9722222222222223,True
46FED66AC5DF41392CAF,fish_capture,5,1.0,3.36,0.0,0.0,120.74929444765392,0.9722222222222223,True
00788FA7A325780D83CF,fish_capture,5,1.0,5.25,0.0,0.0,120.74929444765392,0.9722222222222223,True
5882CCCFB168B61E4746,fish_capture,5,1.0,95.680000305176,0.0,0.0,120.74929444765392,0.9722222222222223,True
84848079F153D00E8E7E,fish_capture,5,1.0,302.99999713897796,151.49999856948898,0.5,160.31415859131616,0.9722222222222223,True
A8D7C4EA427D2BDB4E5E,fish_capture,5,1.0,17.59999990463256,13.19999992847442,0.7499999999999999,160.31415859131616,0.9722222222222223,True
04DB74992A9007A667F8,fish_capture,5,1.0,42.0,21.0,0.5,160.31415859131616,0.9722222222222223,True
C7FF47287C5CBECAAA18,fish_capture,5,2.0,88.7600021362304,88.7600021362304,1.0,452.96444765058067,0.9993577392594414,False
3F4DB25AE957A2775EEC,fish_capture,5,2.0,239.20000076294,227.240000724793,0.95,452.96444765058067,0.9993577392594414,True
8BCD3D99D2FE1DC850ED,fish_capture,5,2.0,37.8,37.8,1.0,452.96444765058067,0.9993577392594414,False
7892B5F351522D183B39,fish_capture,5,2.0,1.29,1.29,1.0,452.96444765058067,0.9993577392594414,False
EBD1735A6CD046D140C6,fish_capture,5,2.0,1.1,1.1,1.0,452.96444765058067,0.9993577392594414,False
E77D926BD65D1AB30153,fish_capture,5,1.0,119.60000038147,107.640000343323,0.9,386.67084237127244,0.9722222222222223,True
770CEA2A102850528F2B,fish_capture,5,2.0,988.8000183105465,967.3043657385781,0.9782608695652174,51.142447434071265,0.9993577392594414,True
675704E2C20FC8ECEF95,fish_capture,5,2.0,1080.000028014185,561.6000145673762,0.5199999999999999,206.40724240686293,0.9993577392594414,True
526CE3F54BDC12046CAB,fish_capture,5,2.0,101.4,49.4,0.4871794871794871,206.40724240686293,0.9993577392594414,True
3DE21492299EE8E89F73,fish_capture,5,2.0,172.0,129.0,0.75,206.40724240686293,0.9993577392594414,True
557EEC7BF82CCCF2420F,fish_capture,5,2.0,6.800000000000001,6.12,0.8999999999999999,236.17430258416863,0.9993577392594414,True
EA5F95DBBF0E51197FB5,fish_capture,5,2.0,3.84,3.36,0.875,236.17430258416863,0.9993577392594414,True
7114C27347389B618AE3,fish_capture,5,2.0,179.400000572205,167.440000534058,0.9333333333333333,236.17430258416863,0.9993577392594414,True
2D5317D509F04FD6BF51,fish_capture,5,2.0,110.950002670288,99.85500240325919,0.8999999999999999,236.17430258416863,0.9993577392594414,True
7E0AD6B89AFCE2E3FC0D,fish_capture,5,2.0,66.5700016021728,44.3800010681152,0.6666666666666667,75.06818544700512,0.9993577392594414,True
FD81CAA70C59ADDC42E5,fish_capture,5,2.0,47.840000152588,23.920000076294,0.5,75.06818544700512,0.9993577392594414,True
C52AFDB63AA66E4423CB,fish_capture,5,1.0,44.3800010681152,18.329499959945686,0.4130126074538225,353.0716641086407,0.9722222222222223,True
E2D9AAA09F8CE973CE81,fish_capture,5,2.0,605.9999942779559,580.7499945163745,0.9583333333333335,49.465742720287786,0.9993577392594414,True
A1C7D7E392CEC183B3A3,fish_capture,5,2.0,9.6399998664856,9.6399998664856,1.0,402.6542658807114,0.9993577392594414,False
09D0A6306A12082E85B0,fish_capture,5,2.0,7.0,5.25,0.75,402.6542658807114,0.9993577392594414,True
9104862B32C5083A1641,fish_capture,5,2.0,38.900001049041805,29.17500078678135,0.7499999999999999,402.6542658807114,0.9993577392594414,True
B9844C8A757DFD5443C9,fish_capture,5,2.0,0.4,0.3,0.7499999999999999,402.6542658807114,0.9993577392594414,True
75EC13C1ED40FBB065F6,fish_capture,5,1.0,266.2800064086912,210.8050050735472,0.7916666666666667,118.01257880129621,0.9722222222222223,True
10CA3BD99426194993AF,fish_capture,5,1.0,12.0,2.0,0.16666666666666666,402.67095837128204,0.9722222222222223,True
BE4AA1F38C7DED0D24D6,fish_capture,5,1.0,12.0,1.0,0.08333333333333333,402.67095837128204,0.9722222222222223,True
D38826B0723BC495C8A7,fish_capture,5,1.0,67.95000314712524,0.0,0.0,61.17975603927036,0.9722222222222223,True
84806E5A86A67095EF56,fish_capture,5,1.0,12.8799998760223,0.0,0.0,61.17975603927036,0.9722222222222223,True
C367474CA68E14EE4C87,fish_capture,5,2.0,119.60000038147,83.720000267029,0.7,247.71969937062738,0.9993577392594414,True
2E34CE9CDE5598A0A585,fish_capture,5,2.0,221.900005340576,144.2350034713744,0.65,247.71969937062738,0.9993577392594414,True
470CD560B660CE0A1A65,fish_capture,5,2.0,7.199999999999999,4.8,0.6666666666666667,247.71969937062738,0.9993577392594414,True
7A22F9CB2338526E214F,fish_capture,5,2.0,8.75,5.6,0.64,247.71969937062738,0.9993577392594414,True
5A988C3EF6D704562E8C,fish_capture,5,1.0,119.60000038147,71.76000022888199,0.6,298.288935543553,0.9722222222222223,True
981E2E9871D93A8C8695,fish_capture,5,1.0,55.475001335144,44.3800010681152,0.7999999999999999,298.288935543553,0.9722222222222223,True
28C6C837539A2A79C29E,fish_capture,5,1.0,47.6,41.65,0.8749999999999999,298.288935543553,0.9722222222222223,True
CABF7A0233DB63EDCE3B,fish_capture,5,1.0,29.15,23.32,0.8,298.288935543553,0.9722222222222223,True
7420D8E00BC0CF442BA2,fish_capture,6,2.0,153.6,89.60000000000001,0.5833333333333334,348.4083361315393,0.9993577392594414,True
3093B85CEE34387CA6F6,fish_capture,6,2.0,97.20000252127664,54.00000140070925,0.5555555555555556,348.4083361315393,0.9993577392594414,True
68A20E14290AF1A11A9F,fish_capture,6,2.0,30.6,23.8,0.7777777777777778,348.4083361315393,0.9993577392594414,True
D2C9640D49E7B4AC4BA5,fish_capture,6,2.0,161.5999984741216,100.999999046326,0.625,348.4083361315393,0.9993577392594414,True
D30BEC2513B382F7D30C,fish_capture,6,2.0,19.2,16.8,0.8750000000000001,348.4083361315393,0.9993577392594414,True
235C89C04713C01C3CF2,fish_capture,6,2.0,58.56,43.92,0.75,348.4083361315393,0.9993577392594414,True
24377FDF067776A5C896,fish_capture,6,2.0,264.0,158.4,0.6,348.4083361315393,0.9993577392594414,True
DAD3EAD3CE0DEBEC70E5,fish_capture,6,2.0,4.319999999999999,2.34,0.5416666666666667,348.4083361315393,0.9993577392594414,True
DB01E66451694A22BFDA,fish_capture,5,2.0,460.56001281738236,422.1800117492672,0.9166666666666667,61.60340259104041,0.9993577392594414,True
E45A449C91190A26A90C,fish_capture,5,2.0,441.6959838867192,404.8879852294926,0.9166666666666666,61.60340259104041,0.9993577392594414,True
4710E19AAFB4E83CECF9,fish_capture,5,2.0,17.85,11.9,0.6666666666666666,529.0304377885377,0.9993577392594414,True
0392C9FB6B00EF73B407,fish_capture,5,2.0,59.800000190735,47.840000152588,0.7999999999999999,529.0304377885377,0.9993577392594414,True
2870B6804A410833D6B0,fish_capture,5,2.0,88.7600021362304,66.5700016021728,0.75,529.0304377885377,0.9993577392594414,True
CB1F326E550A10DC9E28,fish_capture,5,2.0,574.0800018310559,550.160001754762,0.9583333333333334,331.90404661295224,0.9993577392594414,True
6B3A79A73CF39542224F,fish_capture,5,2.0,266.2800064086912,232.99500560760478,0.875,331.90404661295224,0.9993577392594414,True
BE4F36D632B3F9A9466C,fish_capture,5,2.0,605.9999942779559,585.7999944686908,0.9666666666666668,24.901779380073265,0.9993577392594414,True
457778537AC5A03D4D4B,fish_capture,5,1.0,166.425004005432,122.0450029373168,0.7333333333333334,144.29699073913372,0.9722222222222223,True
0A45C2662D709DCFCFEB,fish_capture,5,1.0,23.35,18.68,0.7999999999999999,144.29699073913372,0.9722222222222223,True
60467F95E4F1A4F0E1AA,fish_capture,5,1.0,2.52,2.1,0.8333333333333334,144.29699073913372,0.9722222222222223,True
4E415EC0EFF4320E8341,fish_capture,5,1.0,239.20000076294,215.280000686646,0.9,144.29699073913372,0.9722222222222223,True
334BC7C6E532C1276EBF,fish_capture,5,1.0,125.0,100.0,0.8,144.29699073913372,0.9722222222222223,True
2068DDF4D83371B207E5,fish_capture,5,1.0,287.04000091552797,227.240000724793,0.7916666666666667,80.89646578222185,0.9722222222222223,True
FA718F576BA488AD5811,fish_capture,5,2.0,5.76,5.279999999999999,0.9166666666666666,165.97033342385495,0.9993577392594414,True
8E03956DFBB5361E2FB2,fish_capture,5,2.0,58.3,46.64,0.8,165.97033342385495,0.9993577392594414,True
50E8454444AE44867C13,fish_capture,5,2.0,110.950002670288,99.85500240325919,0.8999999999999999,165.97033342385495,0.9993577392594414,True
B6E5638D2002EB826515,fish_capture,5,2.0,239.20000076294,215.280000686646,0.9,165.97033342385495,0.9993577392594414,True
38FD236B334113C8C3E2,fish_capture,5,2.0,5.44,4.760000000000001,0.8750000000000001,165.97033342385495,0.9993577392594414,True
654D91E1FC9285EB1649,fish_capture,6,1.0,101.9999980926514,94.15384439321667,0.9230769230769231,502.0785616997748,0.9722222222222223,True
4E5B98BC1C452FFBCBDC,fish_capture,5,2.0,64.0,57.6,0.9,40.31099372478797,0.9993577392594414,True
E366DBE5F3D2F8DC76EE,fish_capture,5,2.0,21.6000005602837,19.44000050425533,0.9,40.31099372478797,0.9993577392594414,True
A864DC4723D6DA2AF41F,fish_capture,5,2.0,3.5000000000000004,3.1500000000000004,0.9,40.31099372478797,0.9993577392594414,True
9A4991A945035DDFAA79,fish_capture,5,2.0,100.999999046326,90.8999991416934,0.9,40.31099372478797,0.9993577392594414,True
B38E6E2BFA4008AA8034,fish_capture,5,2.0,4.0,3.6,0.9,40.31099372478797,0.9993577392594414,True
8871C0A3CC76202FD812,fish_capture,5,2.0,201.999998092652,151.49999856948898,0.7499999999999999,85.65505890375705,0.9993577392594414,True
1C23318A7617B77FC529,fish_capture,5,2.0,87.45,81.62,0.9333333333333333,107.23589955173061,0.9993577392594414,True
4D8EA66AAED4A19F5BC6,fish_capture,5,2.0,5.44,4.760000000000001,0.8750000000000001,107.23589955173061,0.9993577392594414,True
984EE9057EF41308951F,fish_capture,5,2.0,239.20000076294,227.240000724793,0.95,107.23589955173061,0.9993577392594414,True
BDC5E588C12435D5F3D9,fish_capture,5,2.0,4.8,4.32,0.9000000000000001,107.23589955173061,0.9993577392594414,True
861DA78DFCBFBF6B35EA,fish_capture,5,2.0,332.850008010864,188.6150045394896,0.5666666666666668,3321.2941326699347,0.9993577392594414,True
C571C0CE117654113EF0,fish_capture,5,2.0,10.5,6.3,0.6,3321.2941326699347,0.9993577392594414,True
14912BB6BADF8A074C82,fish_capture,5,2.0,93.28,58.3,0.625,3321.2941326699347,0.9993577392594414,True
DFF2C5185851717DE0B3,fish_capture,5,2.0,6.800000000000001,4.08,0.6,3321.2941326699347,0.9993577392594414,True
39417603FD636356C3C2,fish_capture,5,2.0,179.400000572205,119.60000038147,0.6666666666666667,3321.2941326699347,0.9993577392594414,True
5D3C3BAB2930A9203C76,fish_capture,5,2.0,6.72,4.32,0.6428571428571429,3321.2941326699347,0.9993577392594414,True
7A1283E3CF822DD99A97,fish_capture,5,1.0,216.000005602837,151.2000039219859,0.7000000000000001,147.09724701252614,0.9722222222222223,True
1CCA1CBB8F2BC9B06C1C,fish_capture,5,1.0,1514.99998569489,1009.9999904632599,0.6666666666666666,147.09724701252614,0.9722222222222223,True
ED34773F9D5012A50DA9,fish_capture,5,2.0,69.96000000000001,58.3,0.8333333333333331,77.79859379243202,0.9993577392594414,True
DAB2E29B2CA99E58EF9E,fish_capture,5,2.0,119.60000038147,107.640000343323,0.9,77.79859379243202,0.9993577392594414,True
B6059C3DA4631D1757D8,fish_capture,5,2.0,3.84,3.36,0.875,77.79859379243202,0.9993577392594414,True
0770FB46040115AAF22D,fish_capture,5,2.0,8.16,6.800000000000001,0.8333333333333334,77.79859379243202,0.9993577392594414,True
321B774B4FFADA457CF7,fish_capture,5,2.0,250.0,225.0,0.9,77.79859379243202,0.9993577392594414,True
CB9A3CD7D8A87510B796,fish_capture,6,2.0,552.119979858399,552.119979858399,1.0,34.68908174612104,0.9993577392594414,False
0FEB1905ADDA487AA118,fish_capture,6,2.0,226.5,226.5,1.0,34.68908174612104,0.9993577392594414,False
875D9AADC655E179483C,fish_capture,6,2.0,3.3000000000000003,3.3000000000000003,1.0,34.68908174612104,0.9993577392594414,False
5C348A20FE789FB54C26,fish_capture,6,2.0,3.5700000000000003,3.5700000000000003,1.0,34.68908174612104,0.9993577392594414,False
FD06466DD9C441F0E0DA,fish_capture,6,2.0,176.58,176.58,1.0,34.68908174612104,0.9993577392594414,False
DD473441EB93F1610475,fish_capture,5,2.0,2100.7999801635806,1898.7999820709288,0.903846153846154,50.763677660470265,0.9993577392594414,True
BE2EBE539FA1B02FC2CD,fish_capture,5,1.0,6.0,0.0,0.0,310.0789496074479,0.9722222222222223,True
0BB8026DDB9D61F7DCAF,fish_capture,6,2.0,151.2000039219859,108.0000028014185,0.7142857142857143,419.87671277390626,0.9993577392594414,True
EE33CF8F4B5AB36127F6,fish_capture,6,2.0,73.2,61.0,0.8333333333333333,419.87671277390626,0.9993577392594414,True
5A90E7B0CEBB7F7D08AD,fish_capture,6,2.0,2.6,2.08,0.8,419.87671277390626,0.9993577392594414,True
6988DA64C95ECA099DAA,fish_capture,6,2.0,504.99999523162995,403.999996185304,0.8,419.87671277390626,0.9993577392594414,True
16D05581F225672882D5,fish_capture,5,1.0,11.4,8.74,0.7666666666666666,100.4339850314993,0.9722222222222223,True
22E8A7EBF900C6BDDB04,fish_capture,5,1.0,17.5,13.649999999999999,0.7799999999999999,100.4339850314993,0.9722222222222223,True
831B4072A1B188FE9BD6,fish_capture,5,1.0,8900.0,7476.0,0.84,100.4339850314993,0.9722222222222223,True
970F9314EF134C2BCF8C,fish_capture,5,1.0,108.0000028014185,82.08000212907805,0.7599999999999999,100.4339850314993,0.9722222222222223,True
B2CDAFB49738B54C0607,fish_capture,5,1.0,15149.9998569489,9897.999906539948,0.6533333333333333,100.4339850314993,0.9722222222222223,True
46262ACB9CC717D3EF05,fish_capture,5,1.0,1920.0,1344.0,0.7,100.4339850314993,0.9722222222222223,True
45653B876188E9B7CDCF,fish_capture,6,2.0,50.499999523163,0.0,0.0,117.33922440463458,0.9993577392594414,True
69B7159DC9A4E2984C4D,fish_capture,6,2.0,8.64000022411348,0.0,0.0,117.33922440463458,0.9993577392594414,True
62A4E5508E16D6326951,fish_capture,5,2.0,179.400000572205,155.48000049591099,0.8666666666666667,71.49059970115374,0.9993577392594414,True
D211B9DE39E4B6F6A0B9,fish_capture,5,2.0,29.75,23.8,0.8,71.49059970115374,0.9993577392594414,True
6288AFD762B0ECE1592E,fish_capture,5,2.0,500.0,400.0,0.8,71.49059970115374,0.9993577392594414,True
52FC64DEFEC7E667647C,fish_capture,5,2.0,6.800000000000001,6.12,0.8999999999999999,71.49059970115374,0.9993577392594414,True
6B202808AB3E6986A4FF,fish_capture,5,2.0,5.76,4.8,0.8333333333333334,71.49059970115374,0.9993577392594414,True
00BECAB0B54753ED8F66,fish_capture,5,1.0,59.800000190735,22.425000071525623,0.375,172.74282602000534,0.9722222222222223,True
378CF70268F172FE1BC7,fish_capture,6,2.0,129.6000033617022,118.80000308156035,0.9166666666666667,419.87671277390626,0.9993577392594414,True
CF1D68DFB234570E517A,fish_capture,6,2.0,61.0,54.9,0.9,419.87671277390626,0.9993577392594414,True
B03F16C61FC985B2EE69,fish_capture,6,2.0,3.64,3.12,0.8571428571428571,419.87671277390626,0.9993577392594414,True
0D03FBDE697194138762,fish_capture,6,2.0,403.999996185304,353.499996662141,0.875,419.87671277390626,0.9993577392594414,True
CAD58323F00961031885,fish_capture,5,1.0,119.60000038147,107.640000343323,0.9,386.67084237127244,0.9722222222222223,True
22E8AF1CF9B0CDC984B2,fish_capture,5,1.0,88.7600021362304,77.6650018692016,0.8750000000000001,386.67084237127244,0.9722222222222223,True
FBF3EAF9513C08302B9D,fish_capture,6,2.0,172.8000044822696,129.6000033617022,0.75,348.4083361315393,0.9993577392594414,True
FECCFD4F7712CB926392,fish_capture,6,2.0,1009.9999904632599,807.999992370608,0.8,348.4083361315393,0.9993577392594414,True
6D2A41B3D76C7C817AE4,fish_capture,6,2.0,4.6000000000000005,3.68,0.7999999999999999,348.4083361315393,0.9993577392594414,True
10351D8A37776B146A5B,fish_capture,5,1.0,59.800000190735,0.0,0.0,120.74929444765392,0.9722222222222223,True
E168433B439905D4DBF9,fish_capture,5,1.0,4.8,0.0,0.0,120.74929444765392,0.9722222222222223,True
9ADAEEF3BB4DCE63179F,fish_capture,5,1.0,6.800000000000001,0.0,0.0,120.74929444765392,0.9722222222222223,True
541EAB1B4B6E15D2AA68,fish_capture,5,1.0,40.81,0.0,0.0,120.74929444765392,0.9722222222222223,True
6E782F2EB728723EC1D9,fish_capture,5,1.0,88.7600021362304,0.0,0.0,120.74929444765392,0.9722222222222223,True
A3D20BF216E9D0E2FA50,fish_capture,5,1.0,2.8,0.0,0.0,120.74929444765392,0.9722222222222223,True
9A4DFB39D4E8D5853651,fish_capture,5,1.0,509.99999046325695,489.5999908447267,0.96,188.77480033274188,0.9722222222222223,True
FBA52ACFA3D6978CBC2D,fish_capture,5,1.0,143.52000045776398,95.680000305176,0.6666666666666667,118.01257880129621,0.9722222222222223,True
BF3B97C024195D3460AB,fish_capture,5,1.0,133.1400032043456,110.950002670288,0.8333333333333334,118.01257880129621,0.9722222222222223,True
2D6343CDEE0AB60ACEB9,fish_capture,5,1.0,23.920000076294,20.49306597730684,0.8567335247467899,2388.238118467057,0.9722222222222223,True
6B3451947F43C505B8C5,fish_capture,6,2.0,51.84000134468088,30.24000078439718,0.5833333333333334,419.87671277390626,0.9993577392594414,True
D55C69699A91478D688E,fish_capture,6,2.0,170.39999999999998,113.6,0.6666666666666667,419.87671277390626,0.9993577392594414,True
76D10107B7F4216E22F8,fish_capture,6,2.0,7.199999999999999,4.8,0.6666666666666667,419.87671277390626,0.9993577392594414,True
B0B9AD10828844097627,fish_capture,6,2.0,58.56,43.92,0.75,419.87671277390626,0.9993577392594414,True
9CD2E15BDDD595F93E71,fish_capture,6,2.0,181.7999982833868,121.19999885559119,0.6666666666666666,419.87671277390626,0.9993577392594414,True
C5DC489FAF8EB4E57F0B,fish_capture,6,2.0,8.16,5.44,0.6666666666666667,419.87671277390626,0.9993577392594414,True
55E91A7707D9F10E222A,fish_capture,6,1.0,1019.9999809265139,201.999998092652,0.19803921751955908,436.12551093657214,0.9722222222222223,True
87964A94E2329B3129AF,fish_capture,5,2.0,1125.0,750.0,0.6666666666666666,334.26318164946764,0.9993577392594414,True
563ED9455F00E19A9FE5,fish_capture,6,2.0,2409.9999666214,972.0000252127664,0.4033195181224097,209.3953579516749,0.9993577392594414,True
CEB126D5ADEE1288FA08,fish_capture,6,2.0,48.8,37.955555555555556,0.7777777777777778,209.3953579516749,0.9993577392594414,True
EB0CF3B09956F35EAE0F,fish_capture,6,2.0,7701.000356674194,1312.999987602238,0.17049732850152458,209.3953579516749,0.9993577392594414,True
FA592F9F1D24ADC862BA,fish_capture,5,2.0,33.2850008010864,13.314000320434557,0.39999999999999997,87.51946083688352,0.9993577392594414,True
142836663F736ABBA23B,fish_capture,5,2.0,532.5600128173824,510.3700122833248,0.9583333333333334,51.6295183620148,0.9993577392594414,True
C015110E50F3465E62C9,fish_capture,5,2.0,239.20000076294,0.0,0.0,87.83377831790712,0.9993577392594414,True
0E4AB0D9C1E6FC946246,fish_capture,5,2.0,59.800000190735,47.840000152588,0.7999999999999999,241.65587898982585,0.9993577392594414,True
1DFD45168E26A6007019,fish_capture,5,2.0,110.950002670288,99.85500240325919,0.8999999999999999,241.65587898982585,0.9993577392594414,True
2008BE965F393BDDF305,fish_capture,5,2.0,1000.0,950.0,0.95,241.65587898982585,0.9993577392594414,True
0A0A820F0A3AE72BF442,fish_capture,6,1.0,50.499999523163,30.299999713897797,0.6,72.11152900667848,0.9722222222222223,True
0331889283705D8314BB,fish_capture,5,2.0,554.75001335144,209.47999954223638,0.3776115268149234,770.0425323880049,0.9993577392594414,True
3FDEADA5BB54C224B9F0,fish_capture,5,2.0,1200.0,1000.0,0.8333333333333334,770.0425323880049,0.9993577392594414,True
4118A6ADB253DD32984B,fish_capture,5,1.0,1000.0,90.0,0.09,572.8623136023598,0.9722222222222223,True
283271594B253AA34F49,fish_capture,5,1.0,1000.0,95.0,0.095,572.8623136023598,0.9722222222222223,True
153016FBAEEEE82FB002,fish_capture,5,1.0,100.0,80.0,0.8,572.8623136023598,0.9722222222222223,True
41DF8DFA27CF6AF58814,fish_capture,5,1.0,35.880000114440996,23.920000076294,0.6666666666666667,386.67084237127244,0.9722222222222223,True
FFFBFCF9E30969D6284E,fish_capture,5,1.0,22.1900005340576,11.0950002670288,0.5,386.67084237127244,0.9722222222222223,True
EFCF1B54BDBF09B4AA44,fish_capture,5,1.0,504.99999523162995,178.49999666213992,0.35346534326256135,323.73050317732356,0.9722222222222223,True
D92F52E24B159FDAF2F3,fish_capture,5,1.0,6.800000000000001,6.800000000000001,1.0,780.6720704448469,0.9722222222222223,False
27F8C46055D098FD1DB3,fish_capture,5,1.0,5.76,5.76,1.0,780.6720704448469,0.9722222222222223,False
162484CE4726DAFFA74D,fish_capture,5,1.0,648.000016808511,540.0000140070925,0.8333333333333335,780.6720704448469,0.9722222222222223,True
699FF9C80151119C1C71,fish_capture,5,1.0,2019.9999809265198,1918.999981880194,0.9500000000000001,780.6720704448469,0.9722222222222223,True
D67F891CDFA8A2BF315E,fish_capture,5,2.0,287.04000091552797,263.12000083923397,0.9166666666666666,242.23560585123573,0.9993577392594414,True
84D62FC8999A3558AB95,fish_capture,5,2.0,532.5600128173824,510.3700122833248,0.9583333333333334,242.23560585123573,0.9993577392594414,True
02BEC0D96ABD923DCB82,fish_capture,5,2.0,7343.9998626709,7099.199867248537,0.9666666666666667,201.42792384907204,0.9993577392594414,True
D0B428C8A45801A06979,fish_capture,5,2.0,287.850008010864,191.900005340576,0.6666666666666667,124.38718029331626,0.9993577392594414,True
D5DEE8DC493EA5EE2C54,fish_capture,6,1.0,64.8000016808511,50.959224964117546,0.7864077722574565,422.1574374793839,0.9722222222222223,True
66718F07960D1775B3C7,fish_capture,6,1.0,48.0,33.6,0.7000000000000001,422.1574374793839,0.9722222222222223,True
99F1153D4457481F66D8,fish_capture,6,1.0,2038.5000944137573,252.49999761581498,0.12386558053529562,422.1574374793839,0.9722222222222223,True
EDEC1B892AC424DA502E,fish_capture,5,2.0,179.400000572205,155.48000049591099,0.8666666666666667,169.56103775273644,0.9993577392594414,True
64C8ADEF932B00D34533,fish_capture,5,2.0,110.950002670288,99.85500240325919,0.8999999999999999,169.56103775273644,0.9993577392594414,True
2EE305EB1AA83D124465,fish_capture,5,1.0,552.119979858399,368.07998657226597,0.6666666666666666,332.88080672437144,0.9722222222222223,True
301A911AD0951CB172C0,fish_capture,5,1.0,40.3999996185304,30.299999713897797,0.7499999999999999,332.88080672437144,0.9722222222222223,True
F188125FBDDC00BF6296,fish_capture,5,2.0,221.900005340576,199.71000480651838,0.8999999999999999,155.9961547325175,0.9993577392594414,True
39601CBA8C00A649D74F,fish_capture,5,2.0,119.60000038147,107.640000343323,0.9,155.9961547325175,0.9993577392594414,True
E77A6EAE65005F36AEFE,fish_capture,5,2.0,201.999998092652,151.49999856948898,0.7499999999999999,147.84930477128566,0.9993577392594414,True
FB1C231459287C27325D,fish_capture,5,2.0,82.08000212907805,60.48000156879436,0.736842105263158,147.84930477128566,0.9993577392594414,True
40F80080D85A831BFD2C,fish_capture,5,2.0,95.0,57.0,0.6,31.19114880829441,0.9993577392594414,True
778BE3A29A4CD43CBBC1,fish_capture,5,2.0,138.0,69.0,0.5,31.19114880829441,0.9993577392594414,True
D278DF9E01BCAC5C1B01,fish_capture,5,1.0,605.9999942779559,403.999996185304,0.6666666666666667,147.09724701252614,0.9722222222222223,True
14838CF2231821557EA4,fish_capture,5,1.0,64.8000016808511,47.52000123262414,0.7333333333333334,147.09724701252614,0.9722222222222223,True
94693695E051342091E9,fish_capture,5,2.0,58.3,52.47,0.9,165.97033342385495,0.9993577392594414,True
AF4BE12D3E19B58007AB,fish_capture,5,2.0,4.08,3.4000000000000004,0.8333333333333334,165.97033342385495,0.9993577392594414,True
D55E845951F64F6D9B44,fish_capture,5,2.0,3.84,3.36,0.875,165.97033342385495,0.9993577392594414,True
51EDABAED3E78C4CE77C,fish_capture,5,2.0,119.60000038147,107.640000343323,0.9,165.97033342385495,0.9993577392594414,True
51237B694AAF4BE1B45D,fish_capture,5,2.0,59.800000190735,47.840000152588,0.7999999999999999,155.9961547325175,0.9993577392594414,True
FCB927298A0F0027046F,fish_capture,5,2.0,55.475001335144,44.3800010681152,0.7999999999999999,155.9961547325175,0.9993577392594414,True
040912E021F2C533F71E,fish_capture,5,2.0,250.0,225.0,0.9,155.9961547325175,0.9993577392594414,True
2FC251E2612DDD568020,fish_capture,5,2.0,179.400000572205,167.440000534058,0.9333333333333333,236.17430258416863,0.9993577392594414,True
1673C59E9BD6E917102C,fish_capture,5,2.0,6.800000000000001,6.12,0.8999999999999999,236.17430258416863,0.9993577392594414,True
2071A5BC10CD18FC59CF,fish_capture,5,2.0,3.84,3.36,0.875,236.17430258416863,0.9993577392594414,True
0B3E9E8FFBF8D2102B63,fish_capture,5,2.0,58.3,52.47,0.9,236.17430258416863,0.9993577392594414,True
D3B9375F762E9EBF1263,fish_capture,5,2.0,500.0,450.0,0.9,236.17430258416863,0.9993577392594414,True
DE76E1EAB150D822E377,fish_capture,5,2.0,110.950002670288,99.85500240325919,0.8999999999999999,236.17430258416863,0.9993577392594414,True
AC0F27F3AF16BBD08062,fish_capture,5,1.0,60.599999427795595,50.499999523163,0.8333333333333334,78.86086200458381,0.9722222222222223,True
E26742467118BA7273BF,fish_capture,5,1.0,554.75001335144,0.0,0.0,78.86086200458381,0.9722222222222223,True
16B5DE6A9896D325C7DB,fish_capture,5,1.0,11.52,7.199999999999999,0.625,120.74929444765392,0.9722222222222223,True
84555CC7EC09C4C1CB34,fish_capture,5,1.0,87.45,52.47,0.6,120.74929444765392,0.9722222222222223,True
CDC94A90C1A3B3BDF232,fish_capture,5,1.0,332.850008010864,177.5200042724608,0.5333333333333333,120.74929444765392,0.9722222222222223,True
5909C060DAC0F76CF7F6,fish_capture,5,1.0,8.84,0.0,0.0,120.74929444765392,0.9722222222222223,True
B43070D5C6DA59417925,fish_capture,5,1.0,275.080000877381,179.400000572205,0.6521739130434783,120.74929444765392,0.9722222222222223,True
B48BFA3C84373B127AE5,fish_capture,5,1.0,6.3,0.0,0.0,120.74929444765392,0.9722222222222223,True
F913BBE29949BBB10A87,fish_capture,6,2.0,403.999996185304,252.49999761581498,0.625,2290.236615130398,0.9993577392594414,True
057CAEA85FFB3B4FBF40,fish_capture,6,2.0,75.64,48.8,0.6451612903225806,2290.236615130398,0.9993577392594414,True
FE1D0911877C1AC83093,fish_capture,6,2.0,75.60000196099296,32.40000084042555,0.4285714285714285,2290.236615130398,0.9993577392594414,True
A1A405B47A74E8376B20,fish_capture,6,2.0,19.040000000000003,12.24,0.6428571428571428,2290.236615130398,0.9993577392594414,True
BA533B7CAE088793A751,fish_capture,6,2.0,16.8,12.0,0.7142857142857143,2290.236615130398,0.9993577392594414,True
7E6ED65BBB97E4A06A29,fish_capture,6,2.0,2.1599999999999997,1.44,0.6666666666666667,2290.236615130398,0.9993577392594414,True
C8FD9B4CAF25C7FE1FB4,fish_capture,5,1.0,218.15999794006416,201.999998092652,0.9259259259259259,113.98632807619073,0.9722222222222223,True
EA153F5DB297C83B05D3,fish_capture,5,1.0,883.3919677734384,499.275012016296,0.5651794789064054,113.98632807619073,0.9722222222222223,True
9EE8CD5ACF66C753B20C,fish_capture,5,1.0,86.4,66.4,0.7685185185185185,113.98632807619073,0.9722222222222223,True
0DD0ADEEE672CB737B6C,fish_capture,5,1.0,29.52,27.47,0.9305555555555556,113.98632807619073,0.9722222222222223,True
BB531EBEECB2D896B5A4,fish_capture,5,2.0,179.400000572205,155.48000049591099,0.8666666666666667,66.96587820108073,0.9993577392594414,True
F3BEE331EFF8893371D1,fish_capture,5,2.0,5.76,5.279999999999999,0.9166666666666666,66.96587820108073,0.9993577392594414,True
6447F0F6248D29292BC6,fish_capture,5,2.0,110.950002670288,99.85500240325919,0.8999999999999999,66.96587820108073,0.9993577392594414,True
CE95B53F77CE7EF35A52,fish_capture,5,2.0,500.0,6.3,0.0126,66.96587820108073,0.9993577392594414,True
5C3E6516177A2EBDCECD,fish_capture,5,2.0,29.15,23.32,0.8,66.96587820108073,0.9993577392594414,True
AECB7C47590482F9B1C7,fish_capture,5,2.0,6.800000000000001,6.12,0.8999999999999999,66.96587820108073,0.9993577392594414,True
0F50BB343EEAFFC4F85C,fish_capture,5,2.0,133.1400032043456,99.85500240325919,0.75,102.672337651734,0.9993577392594414,True
24B293E89B503994032C,fish_capture,5,2.0,143.52000045776398,107.640000343323,0.75,102.672337651734,0.9993577392594414,True
F1426F5D1A23445A0595,fish_capture,5,1.0,59.800000190735,47.840000152588,0.7999999999999999,298.288935543553,0.9722222222222223,True
9F84FFC47D44B78E13B3,fish_capture,5,1.0,66.5700016021728,55.475001335144,0.8333333333333334,298.288935543553,0.9722222222222223,True
22DA23D6823F33F820D5,fish_capture,5,1.0,23.8,17.85,0.75,298.288935543553,0.9722222222222223,True
C93B62B810AD3EB50AD9,fish_capture,5,1.0,83.720000267029,59.800000190735,0.7142857142857143,78.9611436343218,0.9722222222222223,True
7EA4DBD2793BCF3A47C0,fish_capture,5,1.0,133.1400032043456,99.85500240325919,0.75,78.9611436343218,0.9722222222222223,True
9E2DD0ADA0DC69AC8C54,fish_capture,5,2.0,110.950002670288,88.7600021362304,0.7999999999999999,66.96587820108073,0.9993577392594414,True
7F97803465CE5CC24298,fish_capture,5,2.0,500.0,450.0,0.9,66.96587820108073,0.9993577392594414,True
1CBA2A8846A08EB3547B,fish_capture,5,2.0,2.88,2.4,0.8333333333333334,66.96587820108073,0.9993577392594414,True
20F08FB6A55C39131AA0,fish_capture,5,2.0,95.680000305176,71.76000022888199,0.75,66.96587820108073,0.9993577392594414,True
1939F493AB995FFA3948,fish_capture,5,2.0,59.800000190735,26.577777862548885,0.44444444444444436,109.10759450998147,0.9993577392594414,True
6C7208E6C5AF8C5AA66C,fish_capture,5,2.0,50.0,25.0,0.5,109.10759450998147,0.9993577392594414,True
4DF3593CB772E1D01FFE,fish_capture,5,2.0,29.75,23.8,0.8,77.79859379243202,0.9993577392594414,True
1EBC2E4BA40F07E88FC2,fish_capture,5,2.0,8.16,6.800000000000001,0.8333333333333334,77.79859379243202,0.9993577392594414,True
B4AA29952F8C7D81D2E9,fish_capture,5,2.0,58.3,52.47,0.9,77.79859379243202,0.9993577392594414,True
95BADD149B8CFD32EDAE,fish_capture,5,2.0,625.0,575.0,0.92,77.79859379243202,0.9993577392594414,True
77E829E68C885951951A,fish_capture,5,2.0,119.60000038147,107.640000343323,0.9,77.79859379243202,0.9993577392594414,True
F618344C8F4A7FB195E5,fish_capture,5,2.0,7.199999999999999,6.24,0.8666666666666668,77.79859379243202,0.9993577392594414,True
16AC338E04D90CCE90B6,fish_capture,5,1.0,29.75,23.8,0.8,144.29699073913372,0.9722222222222223,True
7AE718DB2C3D48FBFACF,fish_capture,5,1.0,119.60000038147,107.640000343323,0.9,144.29699073913372,0.9722222222222223,True
720C98C54AF385BD6387,fish_capture,5,1.0,2.88,2.4,0.8333333333333334,144.29699073913372,0.9722222222222223,True
436E924253C13C582508,fish_capture,5,1.0,88.7600021362304,77.6650018692016,0.8750000000000001,144.29699073913372,0.9722222222222223,True
7B88D5AAD1C9BDC2E461,fish_capture,5,2.0,59.800000190735,0.0,0.0,247.71969937062738,0.9993577392594414,True
CE62CB5B6833D066281E,fish_capture,5,2.0,77.6650018692016,22.1900005340576,0.2857142857142857,247.71969937062738,0.9993577392594414,True
B7BC3F35F8D621986C76,fish_capture,5,1.0,112.08,88.73,0.7916666666666667,98.23142273555511,0.9722222222222223,True
BF4F6B3456E645740DE1,fish_capture,5,1.0,123.60000228881832,97.85000181198117,0.7916666666666667,98.23142273555511,0.9722222222222223,True
E470AF688457C8CE66B7,fish_capture,5,1.0,1597.680038452147,1109.50002670288,0.6944444444444444,98.23142273555511,0.9722222222222223,True
F195D3D7644304892CCD,fish_capture,5,1.0,365.76,254.0,0.6944444444444444,98.23142273555511,0.9722222222222223,True
2212BCFBE2C55B6EA775,fish_capture,6,2.0,89.60000000000001,51.2,0.5714285714285714,348.4083361315393,0.9993577392594414,True
5E2D9CE20A87D890ED23,fish_capture,6,2.0,378.0,226.79999999999998,0.6,348.4083361315393,0.9993577392594414,True
6ADD27E0113A6482260C,fish_capture,6,2.0,90.72000235319153,64.8000016808511,0.7142857142857143,348.4083361315393,0.9993577392594414,True
5FDA945EAD1B46FF7367,fish_capture,6,2.0,73.2,54.9,0.75,348.4083361315393,0.9993577392594414,True
640FDB81994305F8E2A3,fish_capture,6,2.0,3.2399999999999998,1.7999999999999998,0.5555555555555556,348.4083361315393,0.9993577392594414,True
0C8DF82F02F8D5718057,fish_capture,6,2.0,222.1999979019172,121.19999885559119,0.5454545454545454,348.4083361315393,0.9993577392594414,True
3E454AECE295D825AA0D,fish_capture,6,2.0,32.64,27.200000000000003,0.8333333333333334,348.4083361315393,0.9993577392594414,True
57667EB3DD5DCB64BAF0,fish_capture,6,2.0,22.08,19.2,0.8695652173913044,348.4083361315393,0.9993577392594414,True
DFDAAFD95106D8EB76EB,fish_capture,6,1.0,1836.0000476241146,972.0000252127664,0.5294117647058822,411.7818515215962,0.9722222222222223,True
8D24034877B2F96610D6,fish_capture,6,1.0,142.4,53.4,0.375,411.7818515215962,0.9722222222222223,True
38BA4B35A3A6CE570932,fish_capture,6,1.0,115.2,64.0,0.5555555555555556,411.7818515215962,0.9722222222222223,True
506E166548D061900AF7,fish_capture,6,1.0,2524.99997615815,1514.99998569489,0.6000000000000001,411.7818515215962,0.9722222222222223,True
C53DEABBE75C401C8558,fish_capture,6,1.0,48.0,28.799999999999997,0.6,411.7818515215962,0.9722222222222223,True
8C313BF365F495F3340B,fish_capture,6,1.0,100.0,0.0,0.0,292.5262595528533,0.9722222222222223,True
2673087A10E8CD51E0CC,fish_capture,5,1.0,494.40000915527327,432.6000080108641,0.875,113.98632807619073,0.9722222222222223,True
D58DBC2095785FA041DA,fish_capture,6,2.0,69.96000000000001,40.81,0.5833333333333333,899.7358130869419,0.9993577392594414,True
82AB1012A27EC494A48E,fish_capture,6,2.0,40.68,23.73,0.5833333333333334,899.7358130869419,0.9993577392594414,True
9F5669EB2F0CF43C115B,fish_capture,6,2.0,46.36,34.16,0.7368421052631579,899.7358130869419,0.9993577392594414,True
D4CD6769A0C79F91F5F4,fish_capture,6,2.0,221.900005340576,110.950002670288,0.5,899.7358130869419,0.9993577392594414,True
DCAE56349A6236B82529,fish_capture,6,2.0,430.560001373292,215.280000686646,0.5,899.7358130869419,0.9993577392594414,True
1D998F5AEA7F5F943B6B,fish_capture,6,2.0,17.0,10.200000000000001,0.6000000000000001,899.7358130869419,0.9993577392594414,True
4C02C09B1B3AE3BDBA61,fish_capture,5,2.0,972.5000262260451,476.3265434576547,0.48979591836734687,19.02222100504058,0.9993577392594414,True
71500AC4108EE984A442,fish_capture,5,1.0,47.840000152588,35.880000114440996,0.75,315.90370764295153,0.9722222222222223,True
7FE57915ECE1305113C5,fish_capture,5,2.0,88.7600021362304,77.6650018692016,0.8750000000000001,66.96587820108073,0.9993577392594414,True
0F4891644C305743133C,fish_capture,5,2.0,8.16,7.48,0.9166666666666667,66.96587820108073,0.9993577392594414,True
6AB378E078E083BB272F,fish_capture,5,2.0,4.8,4.32,0.9000000000000001,66.96587820108073,0.9993577392594414,True
1BE84FD0D94046A9CEE7,fish_capture,5,2.0,239.20000076294,215.280000686646,0.9,66.96587820108073,0.9993577392594414,True
C6419F90261D0411FA37,fish_capture,6,1.0,2.1599999999999997,1.0799999999999998,0.5,444.72439964332386,0.9722222222222223,True
9D62DB355E494D6B85FA,fish_capture,6,1.0,43.92,29.28,0.6666666666666666,444.72439964332386,0.9722222222222223,True
B8D8CE82E911B9FFD432,fish_capture,6,1.0,110.950002670288,66.5700016021728,0.6,444.72439964332386,0.9722222222222223,True
CD6CFDE043A278A42B25,fish_capture,6,1.0,299.000000953675,179.400000572205,0.6,444.72439964332386,0.9722222222222223,True
5544E44A2D97D7EBE45A,fish_capture,5,2.0,1454.3999862670944,0.0,0.0,14.1460108165115,0.9993577392594414,True
DC0DB3C295C9CA90C450,fish_capture,6,2.0,1.84,1.3800000000000001,0.75,314.90753458042974,0.9993577392594414,True
AD0D4A416516EAA8BD5B,fish_capture,6,2.0,35.19999980926512,33.263999877125016,0.9450000016298147,314.90753458042974,0.9993577392594414,True
D8E38A69016FC93EC785,fish_capture,6,2.0,302.99999713897796,127.49999761581424,0.42079207531257307,314.90753458042974,0.9993577392594414,True
C7F22D651C5EE8B4C6DC,fish_capture,5,1.0,1875.0,1275.0,0.68,275.3305698265178,0.9722222222222223,True
3C6231CF9FAEEE1460A4,fish_capture,5,2.0,59.5,47.6,0.8,65.31239972697996,0.9993577392594414,True
376DADBD6CDF1F4375E5,fish_capture,5,2.0,179.400000572205,155.48000049591099,0.8666666666666667,65.31239972697996,0.9993577392594414,True
F8954B1BA96D2936125F,fish_capture,5,2.0,332.850008010864,310.6600074768064,0.9333333333333335,65.31239972697996,0.9993577392594414,True
1D121B5BD4C80C917866,fish_capture,6,2.0,61.0,36.6,0.6,899.7358130869419,0.9993577392594414,True
8F334354587F92F86D06,fish_capture,6,2.0,20.400000000000002,13.600000000000001,0.6666666666666666,899.7358130869419,0.9993577392594414,True
5FF6FB5FAD45EB2CAD2F,fish_capture,6,2.0,235.2,137.2,0.5833333333333333,899.7358130869419,0.9993577392594414,True
3C6D62F6C717573B87DB,fish_capture,6,2.0,120.49999833107,72.299998998642,0.6,899.7358130869419,0.9993577392594414,True
0A4A27C06F85041459BA,fish_capture,6,2.0,12.0,9.12,0.7599999999999999,899.7358130869419,0.9993577392594414,True
C184742C94A93DD37F70,fish_capture,6,2.0,583.500015735627,350.1000094413762,0.6,899.7358130869419,0.9993577392594414,True
590B514B66565DCF37E0,fish_capture,5,2.0,58.3,52.47,0.9,66.96587820108073,0.9993577392594414,True
8A656158B90FFD43B86F,fish_capture,5,2.0,110.950002670288,99.85500240325919,0.8999999999999999,66.96587820108073,0.9993577392594414,True
2159BA2A87C9706DD1D1,fish_capture,5,2.0,95.680000305176,71.76000022888199,0.75,66.96587820108073,0.9993577392594414,True
A3C7AE67D319EB76C44B,fish_capture,5,2.0,4.08,3.4000000000000004,0.8333333333333334,66.96587820108073,0.9993577392594414,True
6B1E707E712C3E13B67E,fish_capture,5,2.0,3.84,3.36,0.875,66.96587820108073,0.9993577392594414,True
0AAD3F6B36F0F64818B5,fish_capture,5,2.0,110.950002670288,88.7600021362304,0.7999999999999999,241.65587898982585,0.9993577392594414,True
6CC723A0A943F7E2A5C9,fish_capture,5,2.0,59.800000190735,47.840000152588,0.7999999999999999,241.65587898982585,0.9993577392594414,True
F7F8E2D8DD98250E4295,fish_capture,5,2.0,550.160001754762,514.280001640321,0.9347826086956521,51.142447434071265,0.9993577392594414,True
FFEA7531F620BFCFA968,fish_capture,5,2.0,247.20000457763663,236.90000438690177,0.9583333333333334,90.35165713352589,0.9993577392594414,True
B1301EC6CD77A547862B,fish_capture,6,2.0,27.200000000000003,20.400000000000002,0.75,314.90753458042974,0.9993577392594414,True
530DA5AA6B735E9A55FF,fish_capture,6,2.0,34.16,24.4,0.7142857142857143,314.90753458042974,0.9993577392594414,True
101075FD319A429F4037,fish_capture,6,2.0,299.000000953675,227.240000724793,0.76,314.90753458042974,0.9993577392594414,True
3FD7F88F7A6C42361082,fish_capture,6,2.0,3.5999999999999996,2.1599999999999997,0.6,314.90753458042974,0.9993577392594414,True
957AA4EC93DDB47D7C93,fish_capture,6,2.0,14.399999999999999,11.52,0.8,314.90753458042974,0.9993577392594414,True
75267D4AE60B0EA597E0,fish_capture,6,2.0,199.71000480651838,155.3300037384032,0.7777777777777779,314.90753458042974,0.9993577392594414,True
72D10500302DF598B521,fish_capture,5,2.0,143.52000045776398,107.640000343323,0.75,155.9961547325175,0.9993577392594414,True
7FA3E7EB413673E5BECD,fish_capture,5,2.0,110.950002670288,99.85500240325919,0.8999999999999999,155.9961547325175,0.9993577392594414,True
3C0A17AD2EE9A0450EB4,fish_capture,5,2.0,825.0,550.0,0.6666666666666666,143.50857825604766,0.9993577392594414,True
4B259DFD95B229ADF4D1,fish_capture,5,2.0,875.0,650.0,0.7428571428571429,143.50857825604766,0.9993577392594414,True
4EA3D5B6E4AB366E8AFA,fish_capture,6,2.0,45.0,30.0,0.6666666666666666,314.90753458042974,0.9993577392594414,True
2B1B4A6F81B08CA96B68,fish_capture,6,2.0,259.2000067234044,216.000005602837,0.8333333333333334,314.90753458042974,0.9993577392594414,True
709AE73ECF8DFD9033EC,fish_capture,6,2.0,2019.9999809265198,458.99999141693127,0.22722772066878946,314.90753458042974,0.9993577392594414,True
2835270137375611C69C,fish_capture,6,2.0,1246.0,1068.0,0.8571428571428571,314.90753458042974,0.9993577392594414,True
964CEA1869FD209BEFEA,fish_capture,5,1.0,62.84399986267092,52.369999885559096,0.8333333333333333,98.23142273555511,0.9722222222222223,True
BA8FA502BCA54E6D2496,fish_capture,5,1.0,5.04,4.2,0.8333333333333334,98.23142273555511,0.9722222222222223,True
02CE727CD6261BE60CFF,fish_capture,5,1.0,61.80000114440916,51.5000009536743,0.8333333333333334,98.23142273555511,0.9722222222222223,True
77A2458F2AF06F88C624,fish_capture,5,1.0,3.3600000000000003,2.8000000000000003,0.8333333333333334,98.23142273555511,0.9722222222222223,True
895B544691CBD1E58D40,fish_capture,5,2.0,665.700016021728,610.225014686584,0.9166666666666667,61.60340259104041,0.9993577392594414,True
047D6E23FB3B9E95BCC4,fish_capture,5,2.0,110.950002670288,99.85500240325919,0.8999999999999999,66.96587820108073,0.9993577392594414,True
58B4CB00C5D1F8EDDF2D,fish_capture,5,2.0,143.52000045776398,131.56000041961698,0.9166666666666666,66.96587820108073,0.9993577392594414,True
274579D8FE48288F510A,fish_capture,5,2.0,46.64,40.81,0.875,66.96587820108073,0.9993577392594414,True
DF6B0E960652B6A50BD2,fish_capture,5,2.0,8.16,7.48,0.9166666666666667,66.96587820108073,0.9993577392594414,True
8D5DAFC5B7B3E4E3376B,fish_capture,5,2.0,2.88,2.4,0.8333333333333334,66.96587820108073,0.9993577392594414,True
8E1CAA359CF4375FA974,fish_capture,5,2.0,441.6959838867192,368.07998657226597,0.8333333333333333,61.60340259104041,0.9993577392594414,True
DDE4D39769A02EB95894,fish_capture,5,2.0,230.28000640869118,153.5200042724608,0.6666666666666667,61.60340259104041,0.9993577392594414,True
27C1337B19E30979ED96,fish_capture,5,1.0,179.400000572205,107.640000343323,0.6,197.40285908580452,0.9722222222222223,True
F375C95A0FCC6EB8F562,fish_capture,5,1.0,133.1400032043456,110.950002670288,0.8333333333333334,197.40285908580452,0.9722222222222223,True
230CBBC883CDD74E7A96,fish_capture,5,2.0,221.900005340576,133.1400032043456,0.6,10494.872996022868,0.9993577392594414,True
1F331004A81388661394,fish_capture,5,2.0,179.400000572205,119.60000038147,0.6666666666666667,10494.872996022868,0.9993577392594414,True
BE72B86CCF155C13D65A,fish_capture,5,2.0,5.949999999999999,3.5,0.5882352941176471,10494.872996022868,0.9993577392594414,True
BB47B3B8A811AAAC87ED,fish_capture,5,2.0,2.72,0.0,0.0,10494.872996022868,0.9993577392594414,True
174FB843CA44CDE59D23,fish_capture,5,2.0,81.62,81.62,1.0,10494.872996022868,0.9993577392594414,False
7A5A1A34648EC298BFED,fish_capture,5,2.0,2.4,0.0,0.0,10494.872996022868,0.9993577392594414,True
6E67BF5ED7A82A513819,fish_capture,5,2.0,95.680000305176,83.720000267029,0.875,165.97033342385495,0.9993577392594414,True
1ADAB0CA2C1899389DD8,fish_capture,5,2.0,55.475001335144,44.3800010681152,0.7999999999999999,165.97033342385495,0.9993577392594414,True
F2E42676969CEBE6CFF8,fish_capture,5,2.0,375.0,325.0,0.8666666666666667,165.97033342385495,0.9993577392594414,True
2F90A5F31BA552042AEE,fish_capture,5,2.0,2.88,2.4,0.8333333333333334,165.97033342385495,0.9993577392594414,True
13DD098D36F929FAA47D,fish_capture,6,2.0,43.2000011205674,36.72000095248229,0.85,616.768052662235,0.9993577392594414,True
11296714911D6FDCE75C,fish_capture,6,2.0,6.0,4.5,0.75,616.768052662235,0.9993577392594414,True
2E6285A0E99975C25484,fish_capture,6,2.0,1.85,1.85,1.0,616.768052662235,0.9993577392594414,False
928374C98D820B71F2F5,fish_capture,6,2.0,36.6,30.5,0.8333333333333333,616.768052662235,0.9993577392594414,True
0F79A8A65C593A5C5722,fish_capture,6,2.0,252.49999761581498,232.29999780654978,0.92,616.768052662235,0.9993577392594414,True
288A4D5E9460ACEFB3E3,fish_capture,5,2.0,3.4000000000000004,2.72,0.7999999999999999,103.73145838990935,0.9993577392594414,True
F319F5A67B4CE1BFBDCA,fish_capture,5,2.0,119.60000038147,107.640000343323,0.9,103.73145838990935,0.9993577392594414,True
12B1D0A293348DE285F9,fish_capture,5,2.0,4.8,4.32,0.9000000000000001,103.73145838990935,0.9993577392594414,True
F3792D2967C29320DA17,fish_capture,5,2.0,46.64,40.81,0.875,103.73145838990935,0.9993577392594414,True
0044084381A79532899C,fish_capture,5,1.0,266.2800064086912,199.71000480651838,0.75,118.01257880129621,0.9722222222222223,True
0D1E421FEF982954EF11,fish_capture,6,2.0,3.2399999999999998,2.6999999999999997,0.8333333333333333,341.14982912879884,0.9993577392594414,True
A5878A6A756C8600B8A8,fish_capture,6,2.0,17.0,13.600000000000001,0.8,341.14982912879884,0.9993577392594414,True
C503C308579ECD99E52B,fish_capture,6,2.0,13.44,9.6,0.7142857142857143,341.14982912879884,0.9993577392594414,True
9FC38AE15C6471EF2098,fish_capture,6,2.0,58.56,46.36,0.7916666666666666,341.14982912879884,0.9993577392594414,True
2775B4258D669D4BB99A,fish_capture,6,2.0,82.08000212907805,43.2000011205674,0.5263157894736843,341.14982912879884,0.9993577392594414,True
243A0427941745A2ABCA,fish_capture,6,2.0,267.64999747276386,166.6499984264379,0.6226415094339623,341.14982912879884,0.9993577392594414,True
3CF8340050A8C1CFE6A4,fish_capture,5,2.0,250.0,200.0,0.8,143.50857825604766,0.9993577392594414,True
F0C32CBE9BF47EBB66D1,fish_capture,5,2.0,150.0,100.0,0.6666666666666666,143.50857825604766,0.9993577392594414,True
7F05A649F9D768BB4257,fish_capture,5,2.0,375.0,300.0,0.8,143.50857825604766,0.9993577392594414,True
37E3004B46A5129DD290,fish_capture,5,1.0,640.0,360.0,0.5625,111.52540081721295,0.9722222222222223,True
957B45622E9336717240,fish_capture,5,1.0,2400.0,1600.0,0.6666666666666666,111.52540081721295,0.9722222222222223,True
42BB422002879D498A5D,fish_capture,6,2.0,194.500005245209,0.0,0.0,150.22555199279324,0.9993577392594414,True
8840D47FAE7ADA153146,fish_capture,6,2.0,11.56799983978272,0.0,0.0,150.22555199279324,0.9993577392594414,True
C03C8B271E8D736F8401,fish_capture,5,2.0,143.52000045776398,0.0,0.0,120.97938806472499,0.9993577392594414,True
9FBE1F82A835AB2134C5,fish_capture,5,2.0,5.25,0.0,0.0,120.97938806472499,0.9993577392594414,True
B9D660D3A4532C3D42A9,fish_capture,5,2.0,133.1400032043456,0.0,0.0,120.97938806472499,0.9993577392594414,True
C4FA461EF0A41C998DA0,fish_capture,5,2.0,6.72,0.0,0.0,120.97938806472499,0.9993577392594414,True
15E4695086A2D77A40A7,fish_capture,5,2.0,5.44,0.0,0.0,120.97938806472499,0.9993577392594414,True
AD89D0B51936FDA853FA,fish_capture,5,2.0,239.20000076294,215.280000686646,0.9,155.9961547325175,0.9993577392594414,True
4DC79DF98C41C85F017B,fish_capture,5,2.0,110.950002670288,99.85500240325919,0.8999999999999999,155.9961547325175,0.9993577392594414,True
EDA24E2FD370495A6841,fish_capture,5,2.0,46.64,40.81,0.875,66.96587820108073,0.9993577392594414,True
2E8E38EDBDE3851E3B73,fish_capture,5,2.0,5.44,4.760000000000001,0.8750000000000001,66.96587820108073,0.9993577392594414,True
FE461C1040C05AF847A3,fish_capture,5,2.0,5.76,5.279999999999999,0.9166666666666666,66.96587820108073,0.9993577392594414,True
40A0533B7930D18BC198,fish_capture,5,2.0,179.400000572205,167.440000534058,0.9333333333333333,66.96587820108073,0.9993577392594414,True
411A19A2BE1866616D0A,fish_capture,5,2.0,110.950002670288,99.85500240325919,0.8999999999999999,66.96587820108073,0.9993577392594414,True
5FFE4764FA368D105AF5,fish_capture,6,1.0,27.500000000000004,16.5,0.6,689.5979805576208,0.9722222222222223,True
B90499154160243DCB8D,fish_capture,6,1.0,1840.39993286133,1656.359939575197,0.9,689.5979805576208,0.9722222222222223,True
B377C51EE3793885583F,fish_capture,6,2.0,61.0,61.0,1.0,308.3840263311175,0.9993577392594414,False
40EC857354E5584AEE06,fish_capture,6,2.0,8.75,8.75,1.0,308.3840263311175,0.9993577392594414,False
EAB133816AB772D66455,fish_capture,6,2.0,302.99999713897796,252.49999761581498,0.8333333333333334,308.3840263311175,0.9993577392594414,True
5E4B6BE435D48CAEBD3C,fish_capture,6,2.0,64.8000016808511,54.00000140070925,0.8333333333333334,308.3840263311175,0.9993577392594414,True
1CCF06EA4611C781CE7A,fish_capture,6,2.0,6.75,5.25,0.7777777777777778,308.3840263311175,0.9993577392594414,True
ECFB0FF88ABB6260EAF6,fish_capture,5,2.0,6.800000000000001,5.44,0.7999999999999999,236.17430258416863,0.9993577392594414,True
C780F2F009094E74E81F,fish_capture,5,2.0,3.84,3.36,0.875,236.17430258416863,0.9993577392594414,True
045ADFB39A5F75FAEF03,fish_capture,5,2.0,110.950002670288,99.85500240325919,0.8999999999999999,236.17430258416863,0.9993577392594414,True
E4415E08BA6B742DF48F,fish_capture,5,2.0,58.3,46.64,0.8,236.17430258416863,0.9993577392594414,True
3576B21149F1C95B0176,fish_capture,5,2.0,179.400000572205,155.48000049591099,0.8666666666666667,236.17430258416863,0.9993577392594414,True
323B0FF52574FB1294D5,fish_capture,5,2.0,2050.0,1500.0,0.7317073170731707,248.03951797341566,0.9993577392594414,True
7B5097B2022D05EF5DD1,fish_capture,6,2.0,16.8,12.0,0.7142857142857143,341.14982912879884,0.9993577392594414,True
35DFE2CA337B8F0745C0,fish_capture,6,2.0,96.0,64.0,0.6666666666666666,341.14982912879884,0.9993577392594414,True
4897031511D3EEF593F3,fish_capture,6,2.0,97.20000252127664,54.00000140070925,0.5555555555555556,341.14982912879884,0.9993577392594414,True
59C45EAE9E45C0D74816,fish_capture,6,2.0,73.2,54.9,0.75,341.14982912879884,0.9993577392594414,True
3B3230B64A91BEC34B96,fish_capture,6,2.0,282.79999732971277,201.999998092652,0.7142857142857143,341.14982912879884,0.9993577392594414,True
B562973250653F83F195,fish_capture,6,2.0,27.200000000000003,20.400000000000002,0.75,341.14982912879884,0.9993577392594414,True
DFFCB259CA327F543172,fish_capture,6,2.0,3.5999999999999996,2.88,0.8,341.14982912879884,0.9993577392594414,True
26B82CAD183251C414BF,fish_capture,5,1.0,251.37599945068368,188.53199958801275,0.75,98.23142273555511,0.9722222222222223,True
7F1B211643087952489F,fish_capture,5,1.0,247.20000457763663,185.40000343322748,0.75,98.23142273555511,0.9722222222222223,True
D99290C0F678F5AC43A2,fish_capture,6,2.0,7.68,6.24,0.8125000000000001,642.1643842424451,0.9993577392594414,True
30DC30279F495A01BAFE,fish_capture,6,2.0,77.76000201702132,51.84000134468088,0.6666666666666666,642.1643842424451,0.9993577392594414,True
84FC2C14A716F6077976,fish_capture,6,2.0,242.39999771118238,181.7999982833868,0.7500000000000001,642.1643842424451,0.9993577392594414,True
8629044014C8215E2472,fish_capture,6,2.0,63.44,36.6,0.576923076923077,642.1643842424451,0.9993577392594414,True
F8B01BBCD8A868C3C023,fish_capture,6,2.0,1.5299999999999998,1.0799999999999998,0.7058823529411765,642.1643842424451,0.9993577392594414,True
2586A6E850C2AE28E5D9,fish_capture,6,2.0,14.96,12.24,0.8181818181818181,642.1643842424451,0.9993577392594414,True
7B2D5EFCA24276339A32,fish_capture,5,1.0,1920.0,1152.0,0.6,147.09724701252614,0.9722222222222223,True
CE6D424DA653B07697B3,fish_capture,5,1.0,108.0000028014185,75.60000196099296,0.7000000000000001,147.09724701252614,0.9722222222222223,True
9F9191F374B5FBF294C2,fish_capture,5,1.0,1514.99998569489,1009.9999904632599,0.6666666666666666,147.09724701252614,0.9722222222222223,True
6EFA026FACD3F53A7B18,fish_capture,5,1.0,2880.0,1440.0,0.5,134.83914309481565,0.9722222222222223,True
1CA0304A703BF5E9BD43,fish_capture,5,1.0,2019.9999809265198,1009.9999904632599,0.5,134.83914309481565,0.9722222222222223,True
4123BF97B256CA934278,fish_capture,5,1.0,133.1400032043456,110.950002670288,0.8333333333333334,59.34152829763847,0.9722222222222223,True
BFF970DABFECC351C366,fish_capture,5,2.0,110.950002670288,66.5700016021728,0.6,75.06818544700512,0.9993577392594414,True
ECFE678B97DB6713C609,fish_capture,5,2.0,299.000000953675,239.20000076294,0.7999999999999999,155.9961547325175,0.9993577392594414,True
0FE6B87F1693F3A01027,fish_capture,5,2.0,221.900005340576,199.71000480651838,0.8999999999999999,155.9961547325175,0.9993577392594414,True
BD1CDDE876461D3DBC25,fish_capture,6,2.0,76.8,51.2,0.6666666666666667,497.7261944736275,0.9993577392594414,True
13B09C9832AC4ACDCAD0,fish_capture,6,2.0,54.00000140070925,36.72000095248229,0.6799999999999999,497.7261944736275,0.9993577392594414,True
763006AEF69AC926CED3,fish_capture,6,2.0,80.7999992370608,50.499999523163,0.625,497.7261944736275,0.9993577392594414,True
E4C28F248E98A0637C29,fish_capture,6,2.0,16.8,14.399999999999999,0.857142857142857,497.7261944736275,0.9993577392594414,True
89971CB6E99CE2F5F256,fish_capture,6,2.0,73.2,54.9,0.75,497.7261944736275,0.9993577392594414,True
DE30FFCACA35B72C53C0,fish_capture,6,2.0,25.840000000000003,20.400000000000002,0.7894736842105263,497.7261944736275,0.9993577392594414,True
8C665B6F565544F5F080,fish_capture,6,2.0,3.5999999999999996,1.7999999999999998,0.5,497.7261944736275,0.9993577392594414,True
498ED82BD5CF30A4371E,fish_capture,6,2.0,158.4,105.60000000000001,0.6666666666666667,497.7261944736275,0.9993577392594414,True
95BFC26B19709EE2268F,fish_capture,5,2.0,4.8,4.32,0.9000000000000001,66.96587820108073,0.9993577392594414,True
65D2EF9005E93918D927,fish_capture,5,2.0,5.44,4.760000000000001,0.8750000000000001,66.96587820108073,0.9993577392594414,True
AFDEA55B0CF013288984,fish_capture,5,2.0,179.400000572205,167.440000534058,0.9333333333333333,66.96587820108073,0.9993577392594414,True
4C62EF5E9E76B226262B,fish_capture,6,1.0,807.999992370608,25.49999952316285,0.03155940564844298,250.52452874488017,0.9722222222222223,True
0387A9E1345A08D5E8B1,fish_capture,6,2.0,61.0,48.8,0.7999999999999999,308.3840263311175,0.9993577392594414,True
DC900570A13C75AAFFA3,fish_capture,6,2.0,252.49999761581498,201.999998092652,0.8,308.3840263311175,0.9993577392594414,True
59732B7322FE942CF2C3,fish_capture,6,2.0,9.0,7.5,0.8333333333333334,308.3840263311175,0.9993577392594414,True
5ECBC105704884E9BFB6,fish_capture,6,2.0,64.8000016808511,51.84000134468088,0.8,308.3840263311175,0.9993577392594414,True
348B38AFC03F57DB6C62,fish_capture,5,2.0,7.84,5.88,0.75,79.85788646945514,0.9993577392594414,True
BE0A0D5F4025D9AFC082,fish_capture,5,2.0,2.44,1.9392833876221498,0.7947882736156352,79.85788646945514,0.9993577392594414,True
92A28D6FAF356A15DC18,fish_capture,5,2.0,35.880000114440996,23.920000076294,0.6666666666666667,79.85788646945514,0.9993577392594414,True
AC4F687499A8C7F888F0,fish_capture,5,2.0,287.04000091552797,263.12000083923397,0.9166666666666666,51.142447434071265,0.9993577392594414,True
9A1ED130473D509C28C1,fish_capture,6,2.0,98.0,58.8,0.6,341.14982912879884,0.9993577392594414,True
56693C45DBFF18A12EB0,fish_capture,6,2.0,214.1199979782111,113.1199989318851,0.5283018867924528,341.14982912879884,0.9993577392594414,True
605189C53DFE76DF8371,fish_capture,6,2.0,34.16,24.4,0.7142857142857143,341.14982912879884,0.9993577392594414,True
253C27DDC412A7329B5A,fish_capture,6,2.0,330.0,264.0,0.8,341.14982912879884,0.9993577392594414,True
7685F095358858A3AB9A,fish_capture,6,2.0,92.88000240921991,64.8000016808511,0.6976744186046511,341.14982912879884,0.9993577392594414,True
A2EA0FDF0197E9E75AD7,fish_capture,6,2.0,19.040000000000003,13.600000000000001,0.7142857142857143,341.14982912879884,0.9993577392594414,True
F4A1AE415836F286932F,fish_capture,6,2.0,16.8,1.05,0.0625,341.14982912879884,0.9993577392594414,True
E3C9F6724E6A0FF567AA,fish_capture,6,2.0,2.952,1.8719999999999999,0.6341463414634146,341.14982912879884,0.9993577392594414,True
83C01B1880E31BB57BBB,fish_capture,6,2.0,222.1999979019172,80.7999992370608,0.36363636363636365,2290.236615130398,0.9993577392594414,True
4C01321E652841F855A1,fish_capture,6,2.0,13.44,9.6,0.7142857142857143,2290.236615130398,0.9993577392594414,True
D87C18A2834F3A2C1333,fish_capture,6,2.0,62.300000000000004,35.6,0.5714285714285714,2290.236615130398,0.9993577392594414,True
1A1812482D20517A5FC8,fish_capture,6,2.0,73.2,48.8,0.6666666666666666,2290.236615130398,0.9993577392594414,True
F7B91191DA5F1894EBAC,fish_capture,6,2.0,97.20000252127664,64.8000016808511,0.6666666666666666,2290.236615130398,0.9993577392594414,True
9F2CD4C1E6C6676D2210,fish_capture,6,2.0,2.1599999999999997,1.44,0.6666666666666667,2290.236615130398,0.9993577392594414,True
2DEA01C283E805393D69,fish_capture,6,2.0,20.400000000000002,13.600000000000001,0.6666666666666666,2290.236615130398,0.9993577392594414,True
DC5458C0824553E4A291,fish_capture,6,2.0,76.8,51.2,0.6666666666666667,2290.236615130398,0.9993577392594414,True
3221BCB04ED5DA5C185B,fish_capture,6,2.0,58.56,41.48,0.7083333333333333,419.87671277390626,0.9993577392594414,True
AFF7F5035A4756160AC9,fish_capture,6,2.0,6.800000000000001,4.08,0.6,419.87671277390626,0.9993577392594414,True
9752A7DE51DA7BC025CD,fish_capture,6,2.0,26.25,1.0799999999999998,0.041142857142857134,419.87671277390626,0.9993577392594414,True
0DCD5EE27C8459CE707A,fish_capture,6,2.0,6.24,0.35000000000000003,0.05608974358974359,419.87671277390626,0.9993577392594414,True
49665EF8315155FD5161,fish_capture,6,2.0,21.9999998807907,13.19999992847442,0.6,419.87671277390626,0.9993577392594414,True
E8A9FC3CA9EA9DC68F9B,fish_capture,6,2.0,141.39999866485638,80.7999992370608,0.5714285714285715,419.87671277390626,0.9993577392594414,True
33A3B00DC51EC119B695,fish_capture,5,1.0,21.6000005602837,0.0,0.0,410.3917022932566,0.9722222222222223,True
4D65FDAEBF81D29A5877,fish_capture,5,1.0,151.49999856948898,0.0,0.0,410.3917022932566,0.9722222222222223,True
C7E2402EDE5D2D7C2559,fish_capture,5,2.0,750.0,625.0,0.8333333333333334,169.56103775273644,0.9993577392594414,True
8EE52BEF1B34C83BCAB5,fish_capture,5,2.0,221.900005340576,210.8050050735472,0.95,169.56103775273644,0.9993577392594414,True
00042A22CD7818CC6A0D,fish_capture,5,2.0,119.60000038147,107.640000343323,0.9,169.56103775273644,0.9993577392594414,True
54F210B01F437BA8E460,fish_capture,5,2.0,143.52000045776398,47.840000152588,0.33333333333333337,61.60340259104041,0.9993577392594414,True
05F9A3ED81407F257B5D,fish_capture,5,2.0,133.1400032043456,55.475001335144,0.4166666666666667,61.60340259104041,0.9993577392594414,True
3DAA6A1B8DB51D44E3DF,fish_capture,5,2.0,6.800000000000001,6.12,0.8999999999999999,71.49059970115374,0.9993577392594414,True
4153D27DC2DB130A7F43,fish_capture,5,2.0,7.199999999999999,6.24,0.8666666666666668,71.49059970115374,0.9993577392594414,True
21083FCFABBD40341388,fish_capture,5,2.0,239.20000076294,215.280000686646,0.9,71.49059970115374,0.9993577392594414,True
3154854AD6A4848BC468,fish_capture,5,2.0,29.75,23.8,0.8,71.49059970115374,0.9993577392594414,True
01424917F975E51F26CD,fish_capture,5,2.0,110.950002670288,99.85500240325919,0.8999999999999999,71.49059970115374,0.9993577392594414,True
E4BC663FD2305CD3F830,fish_capture,5,2.0,500.0,375.0,0.75,71.49059970115374,0.9993577392594414,True
035FDC15C7F6954ABEF0,fish_capture,5,2.0,41.20000076293944,30.90000057220458,0.75,75.06818544700512,0.9993577392594414,True
7D66545E6D2C89A4206D,fish_capture,5,2.0,88.7600021362304,55.475001335144,0.625,75.06818544700512,0.9993577392594414,True
843CF8BBF67E8F0C909E,fish_capture,5,1.0,125.68799972534184,89.02899980545047,0.7083333333333334,78.58513818844409,0.9722222222222223,True
C6EC1009AE0B4B4BFB03,fish_capture,5,1.0,123.60000228881832,92.70000171661374,0.75,78.58513818844409,0.9722222222222223,True
083709A4364B3218939F,fish_capture,5,2.0,375.0,300.0,0.8,155.9961547325175,0.9993577392594414,True
866767087ED2B058FC3C,fish_capture,5,2.0,110.950002670288,99.85500240325919,0.8999999999999999,155.9961547325175,0.9993577392594414,True
099050E5C2AFCAEE40EF,fish_capture,5,2.0,143.52000045776398,119.60000038147,0.8333333333333334,155.9961547325175,0.9993577392594414,True
76300F1B93A2EADB5FD0,fish_capture,6,2.0,58.56,34.16,0.5833333333333333,314.90753458042974,0.9993577392594414,True
F4AAB32B52D27B35FDBE,fish_capture,6,2.0,119.60000038147,71.76000022888199,0.6,314.90753458042974,0.9993577392594414,True
8DA0223C200310ABB816,fish_capture,6,2.0,19.040000000000003,12.24,0.6428571428571428,314.90753458042974,0.9993577392594414,True
FE107B921EEDD8386216,fish_capture,6,2.0,70.56,45.13855887521969,0.6397188049209139,314.90753458042974,0.9993577392594414,True
D9D5938BAB01A5FC2784,fish_capture,6,2.0,4.319999999999999,0.252,0.05833333333333334,314.90753458042974,0.9993577392594414,True
BC69366237DE516C7DC9,fish_capture,6,2.0,133.1400032043456,88.7600021362304,0.6666666666666667,314.90753458042974,0.9993577392594414,True
87AB0B53692001BBAE0B,fish_capture,5,2.0,4847.999954223647,4847.999954223647,1.0,16.102968834605978,0.9993577392594414,False
8A9F92A7A8EE0A284ABF,fish_capture,5,2.0,5325.600128173824,4659.900112152096,0.8750000000000001,16.102968834605978,0.9993577392594414,True
9B0E325EE4855F5453A2,fish_capture,6,2.0,2917.500078678135,2723.000073432926,0.9333333333333332,359.1862966676079,0.9993577392594414,True
5FE4F33E75C2FFB8036B,fish_capture,5,2.0,287.04000091552797,239.20000076294,0.8333333333333334,331.90404661295224,0.9993577392594414,True
19DD5C25337F59396393,fish_capture,5,2.0,532.5600128173824,510.3700122833248,0.9583333333333334,331.90404661295224,0.9993577392594414,True
BF6143A4BB643022F3B6,fish_capture,6,2.0,648.000016808511,540.0000140070925,0.8333333333333335,209.3953579516749,0.9993577392594414,True
E95E3EB60D75BFA0644D,fish_capture,6,2.0,6059.99994277956,5453.999948501603,0.8999999999999999,209.3953579516749,0.9993577392594414,True
45E521073ACEF8AADDC2,fish_capture,6,2.0,48.8,34.16,0.7,209.3953579516749,0.9993577392594414,True
298C05F4717EB6267317,fish_capture,6,2.0,3.64,3.12,0.8571428571428571,1926.493152727335,0.9993577392594414,True
BB49DE5146B807F0C4C9,fish_capture,6,2.0,172.8000044822696,129.6000033617022,0.75,1926.493152727335,0.9993577392594414,True
5BD0D88689FAF5866720,fish_capture,6,2.0,3.01,2.58,0.8571428571428572,1926.493152727335,0.9993577392594414,True
328AF05D341651C26158,fish_capture,6,2.0,807.999992370608,605.9999942779559,0.7499999999999999,1926.493152727335,0.9993577392594414,True
D379B8DA91FD51F0D186,fish_capture,6,2.0,73.2,61.0,0.8333333333333333,1926.493152727335,0.9993577392594414,True
F902999CA163220E482D,fish_capture,5,2.0,59.800000190735,47.840000152588,0.7999999999999999,155.9961547325175,0.9993577392594414,True
5E492DE6302A514BA200,fish_capture,5,2.0,300.0,250.0,0.8333333333333334,155.9961547325175,0.9993577392594414,True
C58B5C662C638EE62AF4,fish_capture,5,2.0,66.5700016021728,55.475001335144,0.8333333333333334,155.9961547325175,0.9993577392594414,True
851BBB21A0FB3B567E0F,fish_capture,5,1.0,44.3800010681152,44.35782215703668,0.9995002498750625,961.3895921528705,0.9722222222222223,False
AD141ED314B25B3F939F,fish_capture,5,2.0,214.82,186.8,0.8695652173913044,120.7864603714235,0.9993577392594414,True
F32855806085EE377D11,fish_capture,5,2.0,143.52000045776398,143.52000045776398,1.0,120.7864603714235,0.9993577392594414,False
46611E2464AB3ECFF203,fish_capture,5,2.0,24.96,23.400000000000002,0.9375,120.7864603714235,0.9993577392594414,True
221FD0C495D29BDC453C,fish_capture,5,2.0,178.05799961090094,157.1099996566773,0.8823529411764707,120.7864603714235,0.9993577392594414,True
E29BDDA1D0DF5E01A177,fish_capture,5,2.0,0.82,0.34839378238341967,0.42487046632124353,121.98613022560244,0.9993577392594414,True
5395D5EA062FE335F04D,fish_capture,5,2.0,35.880000114440996,17.940000057220498,0.5,121.98613022560244,0.9993577392594414,True
BDE0B8B3F1DDBF218A17,fish_capture,5,2.0,99.85500240325919,44.3800010681152,0.4444444444444445,121.98613022560244,0.9993577392594414,True
C9C9F25CBB0D00206FFE,fish_capture,6,1.0,321.75500774383517,100.0,0.3107954735536389,79.83192349233136,0.9722222222222223,True
3C4FEB30C9D94133948D,fish_capture,5,2.0,18120.0008392334,2524.99997615815,0.13934877810220758,100.08683958161524,0.9993577392594414,True
F46560BA757954E3A5FB,fish_capture,5,2.0,26.459999999999997,22.68,0.8571428571428572,100.08683958161524,0.9993577392594414,True
315832F8A2363A9F2066,fish_capture,5,2.0,648.000016808511,432.000011205674,0.6666666666666667,100.08683958161524,0.9993577392594414,True
4DBCFED2D7C1E2AC48D0,fish_capture,6,2.0,80.52,73.2,0.9090909090909092,497.7261944736275,0.9993577392594414,True
6532F726F81805403C9B,fish_capture,6,2.0,184.8,132.0,0.7142857142857142,497.7261944736275,0.9993577392594414,True
3D9CA982396A6652FDFC,fish_capture,6,2.0,374.0,198.79999999999998,0.5315508021390374,497.7261944736275,0.9993577392594414,True
77CB2D5998F20A49F329,fish_capture,6,2.0,129.6000033617022,86.4000022411348,0.6666666666666667,497.7261944736275,0.9993577392594414,True
9978A4587932980CC5C2,fish_capture,6,2.0,3.2399999999999998,1.7999999999999998,0.5555555555555556,497.7261944736275,0.9993577392594414,True
17AE2029A9497ECA3D65,fish_capture,6,2.0,262.5999975204476,181.7999982833868,0.6923076923076924,497.7261944736275,0.9993577392594414,True
3AA9AB225EEBB8647EB0,fish_capture,6,2.0,18.24,14.399999999999999,0.7894736842105263,497.7261944736275,0.9993577392594414,True
18861E677C9D9E54F48F,fish_capture,6,2.0,28.560000000000002,21.76,0.7619047619047619,497.7261944736275,0.9993577392594414,True
4471121F4299A362D2CE,fish_capture,5,1.0,143.52000045776398,119.60000038147,0.8333333333333334,298.288935543553,0.9722222222222223,True
CF06D5DA7B7152BD7FBD,fish_capture,5,1.0,110.950002670288,99.85500240325919,0.8999999999999999,298.288935543553,0.9722222222222223,True
CBC17D1C54257B4BAFF4,fish_capture,5,1.0,133.1400032043456,66.5700016021728,0.5,78.9611436343218,0.9722222222222223,True
8561978EF6524BEA1516,fish_capture,6,1.0,5.15000009536743,0.0,0.0,712.7216957553879,0.9722222222222223,True
3DAE96BD6294D31C17BF,fish_capture,5,2.0,863.550024032592,633.2700176239008,0.7333333333333334,393.410957289322,0.9993577392594414,True
B8F59ADE823888AF9EA3,fish_capture,5,2.0,2.08,0.0,0.0,393.410957289322,0.9993577392594414,True
FD6AC450012C8E39484E,fish_capture,5,1.0,55.475001335144,44.3800010681152,0.7999999999999999,78.9611436343218,0.9722222222222223,True
D9D3F1DD0CD56D02416E,fish_capture,5,1.0,143.52000045776398,107.640000343323,0.75,78.9611436343218,0.9722222222222223,True
CC2828B28041D9954DE0,fish_capture,6,1.0,1.0799999999999998,0.5399999999999999,0.5,411.7818515215962,0.9722222222222223,True
29A9B20F0BDE444AC9AD,fish_capture,6,1.0,540.0000140070925,324.0000084042555,0.5999999999999999,411.7818515215962,0.9722222222222223,True
343A61EB332B41ED7412,fish_capture,6,1.0,24.4,14.64,0.6000000000000001,411.7818515215962,0.9722222222222223,True
9136B8555B01D505939B,fish_capture,6,1.0,121.19999885559119,60.599999427795595,0.5,411.7818515215962,0.9722222222222223,True
C96DE495B902A3337BBE,fish_capture,6,1.0,51.2,32.0,0.625,411.7818515215962,0.9722222222222223,True
B5E5B28D780DE380F131,fish_capture,5,1.0,119.60000038147,107.640000343323,0.9,144.29699073913372,0.9722222222222223,True
8FC501D162DA65CE3301,fish_capture,5,1.0,88.7600021362304,77.6650018692016,0.8750000000000001,144.29699073913372,0.9722222222222223,True
CD6E2050B7C59913CF1E,fish_capture,5,1.0,125.0,100.0,0.8,144.29699073913372,0.9722222222222223,True
A50E78CF6BFE6BCD2FD8,fish_capture,6,2.0,30.6,23.8,0.7777777777777778,341.14982912879884,0.9993577392594414,True
8193F7CAA397E98A417D,fish_capture,6,2.0,73.2,61.0,0.8333333333333333,341.14982912879884,0.9993577392594414,True
DFB5FFDCF2DA307D1D22,fish_capture,6,2.0,75.60000196099296,43.2000011205674,0.5714285714285714,341.14982912879884,0.9993577392594414,True
D01FB8FF77F0D35340D0,fish_capture,6,2.0,277.2,264.0,0.9523809523809524,341.14982912879884,0.9993577392594414,True
721023EEFDA22485ED9B,fish_capture,6,2.0,201.999998092652,121.19999885559119,0.6,341.14982912879884,0.9993577392594414,True
1F03AAABA72A67044F65,fish_capture,6,2.0,14.399999999999999,12.0,0.8333333333333334,341.14982912879884,0.9993577392594414,True
ADF39852CE457E9A76F8,fish_capture,6,2.0,3.0599999999999996,1.7999999999999998,0.5882352941176471,341.14982912879884,0.9993577392594414,True
FE4AD1E345A5D6B46F96,fish_capture,6,2.0,115.2,76.8,0.6666666666666666,341.14982912879884,0.9993577392594414,True
5659C935FA539A1CCC78,fish_capture,6,2.0,43.92,31.72,0.7222222222222222,209.3953579516749,0.9993577392594414,True
298138D10EFA427DF144,fish_capture,6,2.0,1716.9999837875419,1413.999986648564,0.8235294117647058,209.3953579516749,0.9993577392594414,True
CE05F1CE25EBD4B43712,fish_capture,5,1.0,287.04000091552797,239.20000076294,0.8333333333333334,417.4835466261093,0.9722222222222223,True
E9211E19113DDAC77AFD,fish_capture,5,1.0,133.1400032043456,99.85500240325919,0.75,417.4835466261093,0.9722222222222223,True
3B62959E9DC78DC6A3CE,fish_capture,6,2.0,61.0,36.6,0.6,308.3840263311175,0.9993577392594414,True
3D4688CE18CD21B65CF9,fish_capture,6,2.0,60.48000156879436,38.88000100851066,0.6428571428571429,308.3840263311175,0.9993577392594414,True
86D9F19F55B7EA85D547,fish_capture,6,2.0,121.19999885559119,80.7999992370608,0.6666666666666667,308.3840263311175,0.9993577392594414,True
77AD11C41A7A32CDE83A,fish_capture,6,2.0,8.16,5.44,0.6666666666666667,308.3840263311175,0.9993577392594414,True
202CEB0BDDCFD53F2FC9,fish_capture,6,2.0,7.68,4.8,0.625,308.3840263311175,0.9993577392594414,True
0B4D846D94B68AE32274,fish_capture,6,2.0,1.7999999999999998,1.0799999999999998,0.6,308.3840263311175,0.9993577392594414,True
6C997F223A55B9E7B169,fish_capture,5,1.0,119.60000038147,107.640000343323,0.9,240.16822507532447,0.9722222222222223,True
FCC7B2205B19C6F9A5AA,fish_capture,5,1.0,800.0,600.0,0.75,348.42883118472423,0.9722222222222223,True
48C98F65F7D25F224FAF,fish_capture,6,1.0,292.8,263.8051948051948,0.9009740259740259,142.81417184361504,0.9722222222222223,True
CBD14F6941806095F20F,fish_capture,6,1.0,11670.00031471254,5049.9999523163,0.4327334889571246,142.81417184361504,0.9722222222222223,True
5C56E2E1E9BC992F6DCB,fish_capture,6,1.0,388.8000100851066,324.0000084042555,0.8333333333333334,142.81417184361504,0.9722222222222223,True
5D881D4378EB6D9A2547,fish_capture,5,2.0,166.425004005432,0.0,0.0,120.97938806472499,0.9993577392594414,True
96099B2FB6EF7EF8C8B6,fish_capture,5,2.0,4.760000000000001,0.0,0.0,120.97938806472499,0.9993577392594414,True
0982BB88431BFF3592F0,fish_capture,5,2.0,5.76,0.0,0.0,120.97938806472499,0.9993577392594414,True
62C9D01C82CA0344A0EB,fish_capture,5,2.0,119.60000038147,0.0,0.0,120.97938806472499,0.9993577392594414,True
FC32CBCEC4E04ADB9166,fish_capture,5,2.0,8.75,0.0,0.0,120.97938806472499,0.9993577392594414,True
0105F06BBF6B820E8726,fish_capture,5,1.0,80.7999992370608,40.3999996185304,0.5,617.4452343735664,0.9722222222222223,True
C6D59B93B431DA376CDD,fish_capture,5,2.0,143.52000045776398,119.60000038147,0.8333333333333334,181.9160676353154,0.9993577392594414,True
566A5C705B5CCECE2AB2,fish_capture,5,2.0,14.28,9.52,0.6666666666666666,452.96444765058067,0.9993577392594414,True
02F3B0FBE37D46B2E2FA,fish_capture,5,2.0,179.400000572205,167.440000534058,0.9333333333333333,452.96444765058067,0.9993577392594414,True
3E6188F9B967179FF21D,fish_capture,5,2.0,55.475001335144,55.475001335144,1.0,452.96444765058067,0.9993577392594414,False
5C13ED9EE43ABE4B4681,fish_capture,5,2.0,1.44,1.44,1.0,452.96444765058067,0.9993577392594414,False
6B0454CF3746649B69BB,fish_capture,5,2.0,3.4000000000000004,2.72,0.7999999999999999,452.96444765058067,0.9993577392594414,True
47517593861812F8ED53,fish_capture,5,1.0,500.0,475.0,0.95,144.29699073913372,0.9722222222222223,True
76FECEE20846069C08E1,fish_capture,5,1.0,88.7600021362304,77.6650018692016,0.8750000000000001,144.29699073913372,0.9722222222222223,True
46D6EACC756A63FD17D2,fish_capture,5,1.0,179.400000572205,171.75398832707737,0.9573800879557397,144.29699073913372,0.9722222222222223,True
1C1A273E2AF432EF81A2,fish_capture,5,1.0,4.1,3.69,0.9,144.29699073913372,0.9722222222222223,True
D31B5B585C7DE30637F3,fish_capture,6,2.0,181.7999982833868,80.7999992370608,0.4444444444444445,348.4083361315393,0.9993577392594414,True
130D401C37112C8B72D4,fish_capture,6,2.0,90.72000235319153,54.00000140070925,0.5952380952380953,348.4083361315393,0.9993577392594414,True
6CCBF2F78A66B6AA5290,fish_capture,6,2.0,25.840000000000003,20.400000000000002,0.7894736842105263,348.4083361315393,0.9993577392594414,True
9918312C0088C6ED160A,fish_capture,6,2.0,79.3,61.0,0.7692307692307693,348.4083361315393,0.9993577392594414,True
4BA037F212392D441D50,fish_capture,6,2.0,76.8,51.2,0.6666666666666667,348.4083361315393,0.9993577392594414,True
3D57DCBBAAC6DD294D9D,fish_capture,6,2.0,2.88,1.7999999999999998,0.625,348.4083361315393,0.9993577392594414,True
FB133CDA5DDD316CA701,fish_capture,6,2.0,19.2,14.399999999999999,0.75,348.4083361315393,0.9993577392594414,True
224F1BC28E6E76E21EA7,fish_capture,6,2.0,3.5999999999999996,2.6999999999999997,0.75,1926.493152727335,0.9993577392594414,True
B14CC37AADB60265EBB4,fish_capture,6,2.0,136.08000352978732,71.28000184893621,0.5238095238095237,1926.493152727335,0.9993577392594414,True
BF460E9BFEB2932591D8,fish_capture,6,2.0,363.5999965667736,201.999998092652,0.5555555555555556,1926.493152727335,0.9993577392594414,True
8D63B6830DC08545FFAA,fish_capture,6,2.0,34.0,27.200000000000003,0.8,1926.493152727335,0.9993577392594414,True
9821B1F5BF649C921783,fish_capture,6,2.0,588.0,490.0,0.8333333333333334,1926.493152727335,0.9993577392594414,True
BD97AB93EE2D570418A4,fish_capture,6,2.0,213.0,142.0,0.6666666666666666,1926.493152727335,0.9993577392594414,True
889542B1E8EABDC351DB,fish_capture,6,2.0,73.2,48.8,0.6666666666666666,1926.493152727335,0.9993577392594414,True
761F43742033E10A1D97,fish_capture,6,2.0,21.599999999999998,16.8,0.7777777777777779,1926.493152727335,0.9993577392594414,True
CFBC4E0C033143421946,fish_capture,5,1.0,25.0,0.0,0.0,72.53675423030317,0.9722222222222223,True
60DEE217A2819087FF3F,fish_capture,5,1.0,332.850008010864,232.9950056076048,0.7000000000000001,72.53675423030317,0.9722222222222223,True
871143DEEBDC5B925FB0,fish_capture,6,2.0,63.44,48.8,0.7692307692307692,308.3840263311175,0.9993577392594414,True
50E17556CE3ACD5777F3,fish_capture,6,2.0,181.7999982833868,100.999999046326,0.5555555555555556,308.3840263311175,0.9993577392594414,True
EFC6E3E924202C015457,fish_capture,6,2.0,14.399999999999999,9.6,0.6666666666666667,308.3840263311175,0.9993577392594414,True
9784D36ADDCDC028C3F5,fish_capture,6,2.0,64.8000016808511,43.2000011205674,0.6666666666666667,308.3840263311175,0.9993577392594414,True
E99B2C0EC30CFBF25C9A,fish_capture,6,2.0,12.04,7.74,0.6428571428571429,308.3840263311175,0.9993577392594414,True
68D685964C7684290BD5,fish_capture,6,1.0,3888.000100851066,3693.600095808513,0.9500000000000001,343.4591877188801,0.9722222222222223,True
6376DFADE63B850177B5,fish_capture,6,2.0,155.60000419616722,0.0,0.0,266.78519679768954,0.9993577392594414,True
BEA9CE6E66D65C89ECA4,fish_capture,6,2.0,48.8,0.0,0.0,266.78519679768954,0.9993577392594414,True
2D032B2CDA15C52F1670,fish_capture,6,2.0,48.199999332428,0.0,0.0,266.78519679768954,0.9993577392594414,True
0AEFAF07F1A02D770C67,fish_capture,6,2.0,3.01,1.3892307692307693,0.46153846153846156,348.4083361315393,0.9993577392594414,True
45A45345248A2B8A27E4,fish_capture,6,2.0,122.0,97.6,0.7999999999999999,348.4083361315393,0.9993577392594414,True
57AE780CABB3E1CBB4FB,fish_capture,6,2.0,1009.9999904632599,807.999992370608,0.8,348.4083361315393,0.9993577392594414,True
DC62138E109020AA7BFB,fish_capture,6,2.0,5.2,3.68,0.7076923076923077,348.4083361315393,0.9993577392594414,True
78B877D13F06EFE3B06E,fish_capture,6,2.0,172.8000044822696,151.2000039219859,0.8750000000000001,348.4083361315393,0.9993577392594414,True
E65EA88BA7F779A08D26,fish_capture,5,1.0,266.2800064086912,199.71000480651838,0.75,78.58513818844409,0.9722222222222223,True
DFC0E1323E4EA63FBA69,fish_capture,5,2.0,15.45000028610229,10.30000019073486,0.6666666666666666,81.82465827555325,0.9993577392594414,True
35BADBF2B5EB68071D4C,fish_capture,6,1.0,504.99999523162995,403.999996185304,0.8,261.6378853814184,0.9722222222222223,True
CA9B555FEA2B174A1BFC,fish_capture,6,2.0,3.01,2.58,0.8571428571428572,341.14982912879884,0.9993577392594414,True
A5A03839FED53FD10762,fish_capture,6,2.0,151.2000039219859,129.6000033617022,0.857142857142857,341.14982912879884,0.9993577392594414,True
704A516272F243F9E337,fish_capture,6,2.0,3.12,2.6,0.8333333333333334,341.14982912879884,0.9993577392594414,True
A90B04556BF4C07341BE,fish_capture,6,2.0,807.999992370608,706.999993324282,0.875,341.14982912879884,0.9993577392594414,True
1BCD7008391DF452D6D2,fish_capture,6,2.0,85.39999999999999,73.2,0.8571428571428572,341.14982912879884,0.9993577392594414,True
F3EE7425DAB10B4BF39B,fish_capture,5,2.0,4.08,3.4000000000000004,0.8333333333333334,165.97033342385495,0.9993577392594414,True
07D1FD17DAEC5A05C876,fish_capture,5,2.0,58.3,48.95982412750755,0.8397911514152239,165.97033342385495,0.9993577392594414,True
1FA055DECAE50888F394,fish_capture,5,2.0,250.0,225.0,0.9,165.97033342385495,0.9993577392594414,True
FC3C3184EAFDA91F1D59,fish_capture,5,2.0,110.950002670288,11.0950002670288,0.09999999999999999,165.97033342385495,0.9993577392594414,True
827FF3B1A9D8074106F7,fish_capture,5,2.0,3.84,3.36,0.875,165.97033342385495,0.9993577392594414,True
A70A9E7A6672FEA71CE6,fish_capture,5,2.0,179.400000572205,155.48000049591099,0.8666666666666667,165.97033342385495,0.9993577392594414,True
5B7435779E14F840D9E8,fish_capture,5,2.0,700.0,250.0,0.35714285714285715,119.94746839311445,0.9993577392594414,True
FED6F9DF9F4EEAC2BB50,fish_capture,5,1.0,179.400000572205,119.60000038147,0.6666666666666667,263.8604418771869,0.9722222222222223,True
A8664F6896C8A1519495,fish_capture,5,1.0,9.6,5.76,0.6,263.8604418771869,0.9722222222222223,True
79013F257E6E171CA984,fish_capture,5,1.0,13.600000000000001,6.800000000000001,0.5,263.8604418771869,0.9722222222222223,True
5B180B63D99B8736E01C,fish_capture,5,1.0,277.37500667572,166.425004005432,0.6,263.8604418771869,0.9722222222222223,True
18B4EBF68B750A76C193,fish_capture,5,1.0,17.5,14.0,0.8,263.8604418771869,0.9722222222222223,True
707DF4DCDA019FCA6C18,fish_capture,5,1.0,44.3800010681152,2.16000005602837,0.04867057242096872,267.2097542895478,0.9722222222222223,True
71F2D3F0C4C35EF223BE,fish_capture,5,2.0,509.99999046325695,494.6999907493593,0.9700000000000001,196.35208554684846,0.9993577392594414,True
3D9EB97FA05B9F431171,fish_capture,5,1.0,15.56000041961672,0.0,0.0,307.50842503817614,0.9722222222222223,True
A8BF0CD69B01F682F89C,fish_capture,5,1.0,43.2000011205674,28.08000072836881,0.65,100.4339850314993,0.9722222222222223,True
5CCAF50145249A87BD8D,fish_capture,5,1.0,3.5,2.4499999999999997,0.7,100.4339850314993,0.9722222222222223,True
1D68AA4BCBD955557395,fish_capture,5,1.0,12119.99988555912,7574.99992847445,0.625,100.4339850314993,0.9722222222222223,True
9F04431C9FEFC51F479D,fish_capture,5,1.0,8.6,6.02,0.7,100.4339850314993,0.9722222222222223,True
0AAE679583293525CB98,fish_capture,5,1.0,5340.0,4094.0,0.7666666666666667,100.4339850314993,0.9722222222222223,True
872AAA9D71AD67D49A0E,fish_capture,5,1.0,2880.0,2208.0,0.7666666666666667,100.4339850314993,0.9722222222222223,True
6A8176B834369C8B2B1F,fish_capture,5,1.0,15.0,10.0999999046326,0.6733333269755067,281.31871988014524,0.9722222222222223,True
438EA272930CC1ED49FE,fish_capture,5,2.0,50000.0,47500.0,0.95,223.21109905789297,0.9993577392594414,True
9D4C06FA3293D9A416D0,fish_capture,5,2.0,15000.0,10000.0,0.6666666666666666,223.21109905789297,0.9993577392594414,True
C47488350EE3161B8B59,fish_capture,5,1.0,1.56,0.7475,0.4791666666666667,721.042194114653,0.9722222222222223,True
B3DA1214E8B35A8F678F,fish_capture,5,1.0,73.6159973144532,17.59999990463256,0.23907846863031104,721.042194114653,0.9722222222222223,True
36023CFF4F4D434434C2,fish_capture,5,1.0,266.2800064086912,199.71000480651838,0.75,78.58513818844409,0.9722222222222223,True
9779483ADD686FA37AD5,fish_capture,5,2.0,8.399999999999999,7.0,0.8333333333333335,60.911229528219714,0.9993577392594414,True
8F4888E3805175AFEF6F,fish_capture,5,2.0,133.1400032043456,110.950002670288,0.8333333333333334,60.911229528219714,0.9993577392594414,True
821BD665507221A6CB14,fish_capture,5,2.0,1435.20000457764,1315.60000419617,0.9166666666666667,60.911229528219714,0.9993577392594414,True
2208A2AF68C8C86A23D5,fish_capture,6,1.0,70.0,58.0,0.8285714285714286,1406.1720127535089,0.9722222222222223,True
A08FF9187688B2CCB8EF,fish_capture,6,1.0,12.04,6.02,0.5,444.72439964332386,0.9722222222222223,True
3BAFBB8CFD6DB0E2A0E9,fish_capture,6,1.0,277.37500667572,166.425004005432,0.6,444.72439964332386,0.9722222222222223,True
7825D14259BD5AA1F0EF,fish_capture,6,1.0,179.400000572205,119.60000038147,0.6666666666666667,444.72439964332386,0.9722222222222223,True
4FB25F8E5B959BFE5546,fish_capture,6,1.0,29.28,14.64,0.5,444.72439964332386,0.9722222222222223,True
5D294EB4AD391F890625,fish_capture,5,2.0,34.980000000000004,0.0,0.0,10494.872996022868,0.9993577392594414,True
C8DE2C9015FA3E2EBF15,fish_capture,5,2.0,166.425004005432,110.950002670288,0.6666666666666667,10494.872996022868,0.9993577392594414,True
3F3AE7F5DAC5338C036F,fish_capture,5,2.0,3.84,0.0,0.0,10494.872996022868,0.9993577392594414,True
471E9D3268F7468E6972,fish_capture,5,2.0,3.5,0.0,0.0,10494.872996022868,0.9993577392594414,True
F432289916D7E51886AB,fish_capture,5,2.0,107.640000343323,71.76000022888199,0.6666666666666666,10494.872996022868,0.9993577392594414,True
D8DD525B96389F71D3D4,fish_capture,5,2.0,8.16,0.0,0.0,10494.872996022868,0.9993577392594414,True
8EDDF59737FB06571C2D,fish_capture,5,2.0,960.0,768.0,0.8,464.68889805749933,0.9993577392594414,True
2ED2B3C6912B66FB2074,fish_capture,5,2.0,454.499995708467,403.999996185304,0.8888888888888888,464.68889805749933,0.9993577392594414,True
8E127ACBE1370A737AAD,fish_capture,5,2.0,64.8000016808511,56.16000145673762,0.8666666666666667,464.68889805749933,0.9993577392594414,True
9C8D65CA9B9CCF9054F7,fish_capture,5,1.0,574.0800018310559,526.2400016784679,0.9166666666666666,59.34152829763847,0.9722222222222223,True
8701D2DE509D3FC8DC15,fish_capture,5,2.0,114.3,76.19999999999999,0.6666666666666666,268.01159742949415,0.9993577392594414,True
A44BD0297F5CC7016CA6,fish_capture,5,2.0,299.000000953675,179.400000572205,0.6,268.01159742949415,0.9993577392594414,True
C0F9434EF920812C9714,fish_capture,5,2.0,388.325009346008,244.0900058746336,0.6285714285714286,268.01159742949415,0.9993577392594414,True
CE4CF8777C712E4E1B99,fish_capture,5,2.0,8.2,5.739999999999999,0.7,268.01159742949415,0.9993577392594414,True
A76043128A0794C5C04D,fish_capture,5,2.0,10.4,5.2,0.5,268.01159742949415,0.9993577392594414,True
CD34B06A9FB3B73B13F2,fish_capture,5,2.0,5.16,3.44,0.6666666666666666,268.01159742949415,0.9993577392594414,True
2EC52192D54FE95AB931,fish_capture,5,2.0,110.950002670288,99.85500240325919,0.8999999999999999,236.17430258416863,0.9993577392594414,True
765F1299ED52A08C6CFC,fish_capture,5,2.0,4.8,4.32,0.9000000000000001,236.17430258416863,0.9993577392594414,True
0C750C5CC277BB53DABB,fish_capture,5,2.0,179.400000572205,155.48000049591099,0.8666666666666667,236.17430258416863,0.9993577392594414,True
48D1490F4AFFF69284FC,fish_capture,5,2.0,5.44,4.760000000000001,0.8750000000000001,236.17430258416863,0.9993577392594414,True
1CD283360CE64B651DB6,fish_capture,5,1.0,598.00000190735,562.120001792909,0.94,78.86086200458381,0.9722222222222223,True
FE2A26A4C999CA5AC318,fish_capture,5,1.0,1597.680038452147,1464.5400352478016,0.9166666666666667,78.86086200458381,0.9722222222222223,True
A579FAFAEDE5B49381D4,fish_capture,5,1.0,772.0,752.6999999999999,0.9749999999999999,78.86086200458381,0.9722222222222223,False
03A84030443A039157BE,fish_capture,6,2.0,128.0,83.2,0.65,341.14982912879884,0.9993577392594414,True
745937BFB3A3506CD1C9,fish_capture,6,2.0,129.6000033617022,86.4000022411348,0.6666666666666667,341.14982912879884,0.9993577392594414,True
62E0E2C495D509171E60,fish_capture,6,2.0,20.400000000000002,16.32,0.7999999999999999,341.14982912879884,0.9993577392594414,True
2D412095216340EA4FFF,fish_capture,6,2.0,16.8,12.0,0.7142857142857143,341.14982912879884,0.9993577392594414,True
900FFE37F687106D9962,fish_capture,6,2.0,63.44,48.8,0.7692307692307692,341.14982912879884,0.9993577392594414,True
08C622DF55073ABA05DF,fish_capture,6,2.0,242.39999771118238,161.5999984741216,0.6666666666666667,341.14982912879884,0.9993577392594414,True
717DECAE41224988B998,fish_capture,6,2.0,2.88,1.7999999999999998,0.625,341.14982912879884,0.9993577392594414,True
68B9F70EE80AFF67A663,fish_capture,5,2.0,95.680000305176,83.720000267029,0.875,65.31239972697996,0.9993577392594414,True
EA2EA0D5E447A4938DD9,fish_capture,5,2.0,55.475001335144,44.3800010681152,0.7999999999999999,65.31239972697996,0.9993577392594414,True
8EF1168ED24170BD0F6C,fish_capture,5,2.0,23.8,23.8,1.0,65.31239972697996,0.9993577392594414,False
87D2BE2092BA62C5DA4A,fish_capture,5,2.0,1250.0,1200.0,0.96,65.31239972697996,0.9993577392594414,True
76770098F4734AA62F9E,fish_capture,5,2.0,125.0,75.0,0.6,529.0304377885377,0.9993577392594414,True
EEE1F242646A6AEFE53C,fish_capture,5,2.0,110.950002670288,99.85500240325919,0.8999999999999999,529.0304377885377,0.9993577392594414,True
B38E036F4A7D346B3BBF,fish_capture,5,2.0,35.880000114440996,23.920000076294,0.6666666666666667,529.0304377885377,0.9993577392594414,True
715D66A3B8C29FA8167D,fish_capture,5,2.0,2.4,1.44,0.6,529.0304377885377,0.9993577392594414,True
139EE3251ED57A2CCABA,fish_capture,5,1.0,291.7500078678135,262.57500708103214,0.8999999999999999,137.15030463406347,0.9722222222222223,True
3EFC646F221544EDF0E9,fish_capture,6,1.0,478.40000152588,299.000000953675,0.625,444.72439964332386,0.9722222222222223,True
D817C5C0D9C1054C7D05,fish_capture,6,1.0,17.2,12.899999999999999,0.75,444.72439964332386,0.9722222222222223,True
88D3A0F41F0E393741F6,fish_capture,6,1.0,36.6,21.96,0.6,444.72439964332386,0.9722222222222223,True
F38C8B8D9CAF7F19A2D6,fish_capture,6,1.0,388.325009346008,277.37500667572,0.7142857142857142,444.72439964332386,0.9722222222222223,True
1F6FDFD04050FF59E324,fish_capture,5,2.0,9.6399998664856,9.6399998664856,1.0,494.1665990354186,0.9993577392594414,False
2AC5FA7DB29DB866C27D,fish_capture,5,2.0,7.0,6.3,0.9,494.1665990354186,0.9993577392594414,True
61BCA2675E81BE93757B,fish_capture,6,1.0,60.0,50.0,0.8333333333333334,493.9805203820365,0.9722222222222223,True
D68C0414FE901140F92B,fish_capture,5,2.0,143.52000045776398,83.720000267029,0.5833333333333334,61.60340259104041,0.9993577392594414,True
D1F8F4D49DAB2B10226E,fish_capture,5,2.0,133.1400032043456,62.84399986267092,0.4720144085186543,61.60340259104041,0.9993577392594414,True
C8362222F0F0B6A605A1,fish_capture,5,2.0,166.425004005432,144.2350034713744,0.8666666666666667,236.17430258416863,0.9993577392594414,True
0D0FEE7F56E24E1F1F79,fish_capture,5,2.0,8.16,7.48,0.9166666666666667,236.17430258416863,0.9993577392594414,True
D09980384C81C5B7C4FE,fish_capture,5,2.0,58.3,52.47,0.9,236.17430258416863,0.9993577392594414,True
E4BF92719CEBF018C4D7,fish_capture,5,2.0,3.84,3.36,0.875,236.17430258416863,0.9993577392594414,True
673BF00A0C7DFD7055E7,fish_capture,5,2.0,239.20000076294,215.280000686646,0.9,236.17430258416863,0.9993577392594414,True
A67F32A016D9206296FD,fish_capture,5,1.0,288.0,153.6,0.5333333333333333,165.4844028890919,0.9722222222222223,True
DF260C3FA15C469D0CAB,fish_capture,5,1.0,43.2000011205674,30.24000078439718,0.7,165.4844028890919,0.9722222222222223,True
072B9B15CCCD462D592C,fish_capture,5,1.0,10099.9999046326,6564.999938011189,0.65,165.4844028890919,0.9722222222222223,True
3AB5D7994000957CE978,fish_capture,6,2.0,4000.0,3200.0,0.8,112.23294804445577,0.9993577392594414,True
7DD15FB034DA93959639,fish_capture,5,1.0,432.000011205674,410.4000106453903,0.95,165.4844028890919,0.9722222222222223,True
313B9E31B665121802B9,fish_capture,5,1.0,288.0,220.79999999999998,0.7666666666666666,165.4844028890919,0.9722222222222223,True
F6829C421785E7615792,fish_capture,5,1.0,70.0,59.49999999999999,0.8499999999999999,165.4844028890919,0.9722222222222223,True
20207608E939B9FBDAF5,fish_capture,5,1.0,3534.99996662141,3474.3999671936144,0.9828571428571429,165.4844028890919,0.9722222222222223,False
24B90E0066A3549D6399,fish_capture,6,1.0,14.35,13.94,0.9714285714285714,52.735543538352516,0.9722222222222223,True
ABFD2AE78A9439A4D921,fish_capture,6,1.0,368.07998657226597,331.2719879150394,0.9000000000000001,52.735543538352516,0.9722222222222223,True
079CD24257DF7C21970F,fish_capture,5,2.0,71.76000022888199,47.840000152588,0.6666666666666667,180.80787114291795,0.9993577392594414,True
AE4DFC24472EF25FCAE9,fish_capture,5,2.0,750.0,625.0,0.8333333333333334,180.80787114291795,0.9993577392594414,True
99DEFF24800884BD40CD,fish_capture,5,2.0,55.475001335144,44.3800010681152,0.7999999999999999,180.80787114291795,0.9993577392594414,True
2B1F697685F6C24DE460,fish_capture,6,2.0,305.0,268.4,0.8799999999999999,209.3953579516749,0.9993577392594414,True
63B382BCEF971394B0E8,fish_capture,6,2.0,6968.999934196494,5453.999948501603,0.7826086956521738,209.3953579516749,0.9993577392594414,True
869974DB43C82DCD083F,fish_capture,6,2.0,263.9999985694884,237.40298283657953,0.8992537277385318,209.3953579516749,0.9993577392594414,True
54FF65034B9407440DE2,fish_capture,5,1.0,166.425004005432,88.7600021362304,0.5333333333333333,168.97255697608162,0.9722222222222223,True
2FB61371A7140AD4EB52,fish_capture,5,1.0,119.60000038147,71.76000022888199,0.6,168.97255697608162,0.9722222222222223,True
5467E72A2A8AD1E6F5B8,fish_capture,5,1.0,7.0,2.8,0.39999999999999997,168.97255697608162,0.9722222222222223,True
B40556046B16661F8A70,fish_capture,5,2.0,47.840000152588,28.704000091552796,0.6,121.98613022560244,0.9993577392594414,True
06E5785FFB73152FE9CA,fish_capture,6,2.0,605.9999942779559,504.99999523162995,0.8333333333333334,1926.493152727335,0.9993577392594414,True
06C0871D6818B30D725E,fish_capture,6,2.0,216.000005602837,151.2000039219859,0.7000000000000001,1926.493152727335,0.9993577392594414,True
4768ABE82610051C5A63,fish_capture,6,2.0,3.01,2.58,0.8571428571428572,1926.493152727335,0.9993577392594414,True
3CC3E558E18FF0C8BAD2,fish_capture,6,2.0,3.64,3.12,0.8571428571428571,1926.493152727335,0.9993577392594414,True
3FB9083FD4879376D46D,fish_capture,6,2.0,85.39999999999999,73.2,0.8571428571428572,1926.493152727335,0.9993577392594414,True
ADEAA18106F18905FEE8,fish_capture,5,2.0,110.950002670288,88.7600021362304,0.7999999999999999,180.80787114291795,0.9993577392594414,True
45731329C986FF12171B,fish_capture,5,2.0,143.52000045776398,119.60000038147,0.8333333333333334,180.80787114291795,0.9993577392594414,True
687D03FC6664F664FE90,fish_capture,5,2.0,500.0,400.0,0.8,180.80787114291795,0.9993577392594414,True
DDA4944E42C42DD25ED3,fish_capture,5,1.0,287.04000091552797,239.20000076294,0.8333333333333334,59.34152829763847,0.9722222222222223,True
9B6DFE1844B0942250B4,fish_capture,5,2.0,479.75001335144,383.800010681152,0.8,165.24745440805086,0.9993577392594414,True
6B86BF0FD5891B76BE23,fish_capture,5,1.0,43.9999997615814,8.79999995231628,0.2,202.61928377513573,0.9722222222222223,True
2AE304381F14966436E3,fish_capture,5,1.0,121.0,60.5,0.5,202.61928377513573,0.9722222222222223,True
795A35A04E790A2CFE1A,fish_capture,5,1.0,1009.9999904632599,807.999992370608,0.8,202.61928377513573,0.9722222222222223,True
A9E1DC633B9256266BC1,fish_capture,6,2.0,807.999992370608,706.999993324282,0.875,1926.493152727335,0.9993577392594414,True
23EED9CE849D16929392,fish_capture,6,2.0,216.000005602837,172.8000044822696,0.7999999999999999,1926.493152727335,0.9993577392594414,True
5C34C065CC242324EE2C,fish_capture,6,2.0,2.58,2.15,0.8333333333333333,1926.493152727335,0.9993577392594414,True
56A17512EF46CD17830E,fish_capture,6,2.0,85.39999999999999,73.2,0.8571428571428572,1926.493152727335,0.9993577392594414,True
4BBCBC8D57BF65CC9ED2,fish_capture,6,2.0,3.12,2.6,0.8333333333333334,1926.493152727335,0.9993577392594414,True
997B67F2E037EF632F14,fish_capture,5,2.0,166.425004005432,144.2350034713744,0.8666666666666667,165.97033342385495,0.9993577392594414,True
F4561D9EBA143F703FBF,fish_capture,5,2.0,167.440000534058,143.52000045776398,0.8571428571428571,165.97033342385495,0.9993577392594414,True
5548B80275D57998731B,fish_capture,5,2.0,4.8,4.32,0.9000000000000001,165.97033342385495,0.9993577392594414,True
AB1C8809CE49D74A4961,fish_capture,5,2.0,500.0,375.0,0.75,165.97033342385495,0.9993577392594414,True
4E758D6B798A9617B240,fish_capture,5,2.0,5.44,4.760000000000001,0.8750000000000001,165.97033342385495,0.9993577392594414,True
5C6823E638314DB94695,fish_capture,5,2.0,9.6399998664856,9.6399998664856,1.0,494.1665990354186,0.9993577392594414,False
AD2A7350837AC72D6FAE,fish_capture,5,2.0,1.75,1.4,0.7999999999999999,494.1665990354186,0.9993577392594414,True
3A01E946252176BAEBE1,fish_capture,5,2.0,287.04000091552797,239.20000076294,0.8333333333333334,60.911229528219714,0.9993577392594414,True
A629AB3742E0AB062C74,fish_capture,5,1.0,5.23699998855591,4.8199999332428,0.9203742493365754,296.8997269883865,0.9722222222222223,True
11581930371F2B141786,fish_capture,5,1.0,38.88000100851066,21.6000005602837,0.5555555555555556,171.61345484794717,0.9722222222222223,True
0A9A55A58B502D7CA87B,fish_capture,5,1.0,24.23999977111824,14.139999866485638,0.5833333333333333,171.61345484794717,0.9722222222222223,True
A08BBAE6ABD3BEFF8685,fish_capture,5,2.0,266.2800064086912,221.900005340576,0.8333333333333334,60.911229528219714,0.9993577392594414,True
A040819E2EC0852D0D15,fish_capture,6,2.0,100.0,75.0,0.75,174.73018953601715,0.9993577392594414,True
A361B81ECB7C0210D2FA,fish_capture,6,2.0,6.45,5.59,0.8666666666666666,174.73018953601715,0.9993577392594414,True
5A89A77BF81D2AE630DF,fish_capture,6,2.0,80.0,70.0,0.875,174.73018953601715,0.9993577392594414,True
4D6210E1922838E4BFEB,fish_capture,6,2.0,8.2,7.38,0.9,174.73018953601715,0.9993577392594414,True
E0266FC9ECD460445590,fish_capture,6,2.0,120.0,100.0,0.8333333333333334,174.73018953601715,0.9993577392594414,True
EAD08673A4D248B432D9,fish_capture,5,2.0,5.44,4.760000000000001,0.8750000000000001,236.17430258416863,0.9993577392594414,True
EF9BC31802424C15EE1E,fish_capture,5,2.0,119.60000038147,107.640000343323,0.9,236.17430258416863,0.9993577392594414,True
6E6E92779C55831FCDBF,fish_capture,5,2.0,5.76,4.8,0.8333333333333334,236.17430258416863,0.9993577392594414,True
28A29665D3753F05430F,fish_capture,5,2.0,500.0,450.0,0.9,236.17430258416863,0.9993577392594414,True
5DBE26005884FEE030B6,fish_capture,5,2.0,166.425004005432,144.2350034713744,0.8666666666666667,236.17430258416863,0.9993577392594414,True
CCBF85CEA04700B98D32,fish_capture,5,1.0,133.1400032043456,88.7600021362304,0.6666666666666667,80.89646578222185,0.9722222222222223,True
C52216D9DF2BD5BEE58E,fish_capture,5,1.0,143.52000045776398,119.60000038147,0.8333333333333334,80.89646578222185,0.9722222222222223,True
EBA76E7ECC52521AA0F7,fish_capture,5,1.0,5049.9999523163,4544.999957084669,0.8999999999999999,258.23543907642045,0.9722222222222223,True
0899687B25D91AD1E8A6,fish_capture,5,1.0,64.8000016808511,0.0,0.0,171.61345484794717,0.9722222222222223,True
125A506808239AE27634,fish_capture,5,1.0,38.900001049041805,0.0,0.0,171.61345484794717,0.9722222222222223,True
6BC623309ACC85B24F81,fish_capture,5,2.0,574.0800018310559,526.2400016784679,0.9166666666666666,51.142447434071265,0.9993577392594414,True
AD8C4E498FBF56F6ECBF,fish_capture,5,1.0,25.2,23.099999999999998,0.9166666666666666,337.79010429872363,0.9722222222222223,True
6D3B1C4EDAF360642FB4,fish_capture,5,1.0,418.95999908447277,366.5899991989137,0.875,337.79010429872363,0.9722222222222223,True
2C1819B7531EBE355D0C,fish_capture,5,1.0,360.5000066757201,288.40000534057606,0.7999999999999999,337.79010429872363,0.9722222222222223,True
CD0903565E3B2648FC9D,fish_capture,5,1.0,18000.0,15000.0,0.8333333333333334,337.9692462529415,0.9722222222222223,True
AEDC03556A72B0FE5C47,fish_capture,5,2.0,4.8,4.32,0.9000000000000001,94.46972103366744,0.9993577392594414,True
0A49B26CB0BD5841D7B5,fish_capture,5,2.0,179.400000572205,155.48000049591099,0.8666666666666667,94.46972103366744,0.9993577392594414,True
43691FD5CAA639ADB7DB,fish_capture,5,2.0,110.950002670288,99.85500240325919,0.8999999999999999,94.46972103366744,0.9993577392594414,True
922CD4C87BF67854F200,fish_capture,5,2.0,5.44,4.760000000000001,0.8750000000000001,94.46972103366744,0.9993577392594414,True
184DD225F9042A1AA7E9,fish_capture,6,2.0,3.0599999999999996,1.7999999999999998,0.5882352941176471,348.4083361315393,0.9993577392594414,True
911D4F2424AA7845A1B7,fish_capture,6,2.0,82.08000212907805,49.68000128865251,0.605263157894737,348.4083361315393,0.9993577392594414,True
04F9D87B96F637B16E1C,fish_capture,6,2.0,24.0,19.2,0.7999999999999999,348.4083361315393,0.9993577392594414,True
F353183A1B1F9B192C1E,fish_capture,6,2.0,32.64,25.840000000000003,0.7916666666666667,348.4083361315393,0.9993577392594414,True
4E16BF0522E9E71327CB,fish_capture,6,2.0,82.96,68.32,0.8235294117647058,348.4083361315393,0.9993577392594414,True
AC6BE273E6D594DD3A9D,fish_capture,6,2.0,212.0999979972846,131.2999987602238,0.6190476190476191,348.4083361315393,0.9993577392594414,True
0D32F548E0E14AAEC2E8,fish_capture,6,2.0,115.2,89.60000000000001,0.7777777777777778,348.4083361315393,0.9993577392594414,True
8D9C6D9804519DFA5B03,fish_capture,5,2.0,30.0,15.0,0.5,67.09825330827736,0.9993577392594414,True
56D0BBC2C5F63C0BB557,fish_capture,5,2.0,47.840000152588,23.920000076294,0.5,67.09825330827736,0.9993577392594414,True
482C6930FD1EC9820D68,fish_capture,5,2.0,2.88,2.4,0.8333333333333334,66.96587820108073,0.9993577392594414,True
495F7EE73831EBBE9A11,fish_capture,5,2.0,46.64,40.81,0.875,66.96587820108073,0.9993577392594414,True
88B49C20DC0C8DDCB12C,fish_capture,5,2.0,119.60000038147,95.680000305176,0.7999999999999999,66.96587820108073,0.9993577392594414,True
BACDD307CF4C5D1EF461,fish_capture,5,2.0,110.950002670288,99.85500240325919,0.8999999999999999,66.96587820108073,0.9993577392594414,True
18E7D4A4436E98C0A0BD,fish_capture,5,1.0,1036.8000268936175,725.7600188255323,0.7,98.23142273555511,0.9722222222222223,True
0BB4E00682D56A8B7D2B,fish_capture,5,1.0,4847.999954223647,3393.5999679565534,0.7000000000000001,98.23142273555511,0.9722222222222223,True
444A5660A52BC07C2384,fish_capture,5,2.0,998.550024032592,332.850008010864,0.3333333333333333,274.3652167614593,0.9993577392594414,True
9F71940E803BC6979C20,fish_capture,5,2.0,31.499999999999996,10.5,0.33333333333333337,274.3652167614593,0.9993577392594414,True
75854FEC59A241619FDE,fish_capture,5,2.0,1196.0000038147,239.20000076294,0.19999999999999998,274.3652167614593,0.9993577392594414,True
CF27DB8405931609DF08,fish_capture,5,2.0,34.56000089645392,17.28000044822696,0.5,17.49458342525094,0.9993577392594414,True
2F4C761642746A5E3913,fish_capture,5,1.0,143.52000045776398,95.680000305176,0.6666666666666667,118.01257880129621,0.9722222222222223,True
67917CD378785A91D33A,fish_capture,5,1.0,266.2800064086912,199.71000480651838,0.75,118.01257880129621,0.9722222222222223,True
287053CB8A3133BDB7CE,fish_capture,6,2.0,6.45,3.87,0.6,308.3840263311175,0.9993577392594414,True
389D9FF258E1972D51ED,fish_capture,6,2.0,61.0,36.6,0.6,308.3840263311175,0.9993577392594414,True
E71688712AB957808B37,fish_capture,6,2.0,161.5999984741216,100.999999046326,0.625,308.3840263311175,0.9993577392594414,True
8A5184AFA02E4E3E9BE6,fish_capture,6,2.0,60.48000156879436,38.88000100851066,0.6428571428571429,308.3840263311175,0.9993577392594414,True
4FA10079F0744CEEBAE1,fish_capture,6,1.0,88.7600021362304,55.475001335144,0.625,444.72439964332386,0.9722222222222223,True
5DCED38A8A0D799086E0,fish_capture,6,1.0,239.20000076294,167.440000534058,0.7,444.72439964332386,0.9722222222222223,True
73D73AF6FE8879541655,fish_capture,6,1.0,46.36,24.4,0.5263157894736842,444.72439964332386,0.9722222222222223,True
75DB4DA6070A17515830,fish_capture,6,1.0,10.75,6.45,0.6,444.72439964332386,0.9722222222222223,True
07CCCE63AABF384B6B88,fish_capture,6,1.0,58.3,34.980000000000004,0.6000000000000001,444.72439964332386,0.9722222222222223,True
F1AD98D443CBD3D473EB,fish_capture,5,2.0,179.400000572205,167.440000534058,0.9333333333333333,155.9961547325175,0.9993577392594414,True
0BFF745C71C6ED37F4B1,fish_capture,5,2.0,110.950002670288,99.85500240325919,0.8999999999999999,155.9961547325175,0.9993577392594414,True
F9E912D1CDA976B314E4,fish_capture,5,2.0,250.0,225.0,0.9,155.9961547325175,0.9993577392594414,True
0542067B1DBA453AB1A0,fish_capture,5,2.0,3.84,3.36,0.875,155.9961547325175,0.9993577392594414,True
AC829CABBAD18C74903E,fish_capture,6,2.0,73.2,61.0,0.8333333333333333,1926.493152727335,0.9993577392594414,True
4133D3B9B659396CC60A,fish_capture,6,2.0,706.999993324282,504.99999523162995,0.7142857142857143,1926.493152727335,0.9993577392594414,True
B80F6D50BA66088B151F,fish_capture,6,2.0,216.000005602837,162.00000420212774,0.7499999999999999,1926.493152727335,0.9993577392594414,True
37587F3B9B5ED645C5A6,fish_capture,6,2.0,3.01,3.01,1.0,1926.493152727335,0.9993577392594414,False
2996531F03626C9E80B9,fish_capture,6,2.0,4.16,3.64,0.875,1926.493152727335,0.9993577392594414,True
1BEC6673BECBF870173D,fish_capture,6,2.0,2.59,1.85,0.7142857142857144,1926.493152727335,0.9993577392594414,True
1B86D355A1F20BD98CEC,fish_capture,5,1.0,20.28,18.2,0.8974358974358974,100.4339850314993,0.9722222222222223,True
20F4BA0541957FD7BD86,fish_capture,5,1.0,240.11999999999998,208.79999999999998,0.8695652173913043,100.4339850314993,0.9722222222222223,True
E24D7E379ACE2C226A0D,fish_capture,5,1.0,5049.9999523163,4544.999957084669,0.8999999999999999,100.4339850314993,0.9722222222222223,True
FCC4E9889232898F0D1D,fish_capture,5,1.0,17.28,9.6,0.5555555555555555,100.4339850314993,0.9722222222222223,True
3E5A3209F45D30D17418,fish_capture,5,2.0,353.499996662141,252.49999761581498,0.7142857142857143,66.1547926958256,0.9993577392594414,True
65F5581A8A46E40677F4,fish_capture,5,2.0,15.12000039219859,10.80000028014185,0.7142857142857143,66.1547926958256,0.9993577392594414,True
0AB1FB7632DE9B9BBA8B,fish_capture,5,2.0,179.400000572205,155.48000049591099,0.8666666666666667,165.97033342385495,0.9993577392594414,True
E3845AC5B0146B46DD08,fish_capture,5,2.0,4.760000000000001,4.08,0.857142857142857,165.97033342385495,0.9993577392594414,True
31B1AF9789A0773E72F4,fish_capture,5,2.0,375.0,250.0,0.6666666666666666,165.97033342385495,0.9993577392594414,True
DA4124C01869E096BB04,fish_capture,5,2.0,116.6,87.45,0.7500000000000001,165.97033342385495,0.9993577392594414,True
65174093FB30B247FB8F,fish_capture,5,2.0,110.950002670288,99.85500240325919,0.8999999999999999,165.97033342385495,0.9993577392594414,True
F113190C80437901221C,fish_capture,5,2.0,3.84,3.36,0.875,165.97033342385495,0.9993577392594414,True
F1014B7F02E2889DD333,fish_capture,5,2.0,41.20000076293944,0.0,0.0,196.09666227641955,0.9993577392594414,True
07720E55031B1A20585A,fish_capture,6,2.0,242.39999771118238,141.39999866485638,0.5833333333333333,308.3840263311175,0.9993577392594414,True
711686F52673C6D54BDB,fish_capture,6,2.0,9.6,5.76,0.6,308.3840263311175,0.9993577392594414,True
6768979747299F70470A,fish_capture,6,2.0,17.0,10.200000000000001,0.6000000000000001,308.3840263311175,0.9993577392594414,True
A3F907590285B86F9B7F,fish_capture,6,2.0,56.16000145673762,30.24000078439718,0.5384615384615384,308.3840263311175,0.9993577392594414,True
40AB7635ECC3EAC659D5,fish_capture,6,2.0,2.1599999999999997,1.44,0.6666666666666667,308.3840263311175,0.9993577392594414,True
F027F00966AF6089CFA2,fish_capture,6,2.0,82.96,48.8,0.5882352941176471,308.3840263311175,0.9993577392594414,True
6048C626A81E4BF6B727,fish_capture,5,2.0,44.3800010681152,22.1900005340576,0.5,75.06818544700512,0.9993577392594414,True
15A94F5ED087AEF49041,fish_capture,5,2.0,4.8,4.32,0.9000000000000001,66.96587820108073,0.9993577392594414,True
9EC0FEB7E11F3998AB9D,fish_capture,5,2.0,10.200000000000001,9.520000000000001,0.9333333333333333,66.96587820108073,0.9993577392594414,True
7C2A82BEE7E8E77596B6,fish_capture,5,2.0,58.3,52.47,0.9,66.96587820108073,0.9993577392594414,True
B79A38C8C12119159A89,fish_capture,5,2.0,332.850008010864,321.75500774383517,0.9666666666666667,66.96587820108073,0.9993577392594414,True
468FDE5C69E56C8E6DC8,fish_capture,5,2.0,179.400000572205,167.440000534058,0.9333333333333333,66.96587820108073,0.9993577392594414,True
6A0351B81B58644F6C70,fish_capture,5,2.0,2.88,2.4,0.8333333333333334,103.73145838990935,0.9993577392594414,True
D881E238578B38306522,fish_capture,5,2.0,110.950002670288,99.85500240325919,0.8999999999999999,103.73145838990935,0.9993577392594414,True
BECA0855B850CAEF2374,fish_capture,5,2.0,29.15,23.32,0.8,103.73145838990935,0.9993577392594414,True
410BF8993E0F19EE86C5,fish_capture,5,2.0,95.680000305176,83.720000267029,0.875,103.73145838990935,0.9993577392594414,True
4D6A14E285BB26B8D687,fish_capture,5,2.0,5.44,4.760000000000001,0.8750000000000001,103.73145838990935,0.9993577392594414,True
424128599CE0B49DEAFB,fish_capture,5,2.0,574.0800018310559,550.160001754762,0.9583333333333334,51.142447434071265,0.9993577392594414,True
BA6E5AFD149D9D427316,fish_capture,5,1.0,80.0,50.0,0.625,448.9697099520242,0.9722222222222223,True
8F7B76E5B97B4A45AC6D,fish_capture,5,2.0,1211.9999885559118,656.499993801119,0.5416666666666667,281.464421463904,0.9993577392594414,True
3FC5737D7FF06F1E2E18,fish_capture,5,2.0,344.0,258.0,0.75,281.464421463904,0.9993577392594414,True
972F14CFB98DD05A34E1,fish_capture,5,2.0,622.0800161361706,453.6000117659577,0.7291666666666666,281.464421463904,0.9993577392594414,True
68EEC9CEDDF95A04D0FB,fish_capture,5,2.0,58.3,52.47,0.9,94.46972103366744,0.9993577392594414,True
CABD438F896B942942AC,fish_capture,5,2.0,5.76,4.8,0.8333333333333334,94.46972103366744,0.9993577392594414,True
DA08DEAE9162C02FFAFB,fish_capture,5,2.0,500.0,391.304347826087,0.782608695652174,94.46972103366744,0.9993577392594414,True
9D508BD7648694DE0968,fish_capture,5,2.0,5.44,4.760000000000001,0.8750000000000001,94.46972103366744,0.9993577392594414,True
4F5A99E0D0F312F02FD1,fish_capture,5,2.0,110.950002670288,99.85500240325919,0.8999999999999999,94.46972103366744,0.9993577392594414,True
600A943B5CA216B2A73F,fish_capture,5,2.0,179.400000572205,155.48000049591099,0.8666666666666667,94.46972103366744,0.9993577392594414,True
34047E0A03D8FF5C64F7,fish_capture,5,2.0,66.5700016021728,44.3800010681152,0.6666666666666667,75.06818544700512,0.9993577392594414,True
A0EEF38AEEC9D6550FDE,fish_capture,6,2.0,15.0,0.0,0.0,110.57144806576085,0.9993577392594414,True
3197545481DC9540D944,fish_capture,6,2.0,6.0,0.0,0.0,110.57144806576085,0.9993577392594414,True
CBA0BB3C2643094C995C,fish_capture,5,2.0,87.45,81.62,0.9333333333333333,106.97306646459403,0.9993577392594414,True
14BE52256A11DA6F9BC7,fish_capture,5,2.0,29.75,23.8,0.8,106.97306646459403,0.9993577392594414,True
60154D87B4453E864AE5,fish_capture,5,2.0,119.60000038147,95.680000305176,0.7999999999999999,106.97306646459403,0.9993577392594414,True
944B5631166FCD0D36AA,fish_capture,5,2.0,8.16,6.800000000000001,0.8333333333333334,106.97306646459403,0.9993577392594414,True
694E34AC03BD2A61CD9C,fish_capture,5,2.0,4.8,4.32,0.9000000000000001,106.97306646459403,0.9993577392594414,True
E23715495BE1920E8A56,fish_capture,5,2.0,750.0,625.0,0.8333333333333334,106.97306646459403,0.9993577392594414,True
2D6F064700FF7843814C,fish_capture,5,2.0,4.08,3.4000000000000004,0.8333333333333334,236.17430258416863,0.9993577392594414,True
DB2912B3D42792B4912D,fish_capture,5,2.0,58.3,52.47,0.9,236.17430258416863,0.9993577392594414,True
0C085D62E635DF8CBEB2,fish_capture,5,2.0,3.84,3.36,0.875,236.17430258416863,0.9993577392594414,True
20D21C3D205C19009DB9,fish_capture,5,2.0,119.60000038147,107.640000343323,0.9,236.17430258416863,0.9993577392594414,True
1B651578C9695C53AC5B,fish_capture,5,2.0,3671.99993133545,3427.199935913087,0.9333333333333333,198.46574849835045,0.9993577392594414,True
54D3D15B53C7E52E7416,fish_capture,5,1.0,504.99999523162995,252.49999761581498,0.5,288.155722608387,0.9722222222222223,True
C500278A51FC7DF7E9D5,fish_capture,5,2.0,2019.9999809265198,1167.000031471254,0.5777227933120982,158.62927108218298,0.9993577392594414,True
725974D4D9BC59E9725C,fish_capture,5,2.0,44.3800010681152,33.2850008010864,0.75,175.46098136438482,0.9993577392594414,True
7E961760A955C5FC9F35,fish_capture,5,2.0,71.76000022888199,59.800000190735,0.8333333333333334,175.46098136438482,0.9993577392594414,True
9B25162BB8C987DCC1EF,fish_capture,5,1.0,10.80000028014185,6.48000016808511,0.6,721.042194114653,0.9722222222222223,True
38A8FC49C5D3BC083BCE,fish_capture,5,1.0,1725.0,850.0,0.4927536231884058,111.52540081721295,0.9722222222222223,True
D9B24F1E397E07F32EDE,fish_capture,5,2.0,4.88,2.44,0.5,79.85788646945514,0.9993577392594414,True
2EC10840D42B1F4C3EC5,fish_capture,5,2.0,5.83500015735627,3.89000010490418,0.6666666666666666,79.85788646945514,0.9993577392594414,True
C3EA8DB38DE19A99215B,fish_capture,5,2.0,287.04000091552797,239.20000076294,0.8333333333333334,90.35165713352589,0.9993577392594414,True
884AEC98B2DFAAFD2912,fish_capture,5,2.0,4.8,4.32,0.9000000000000001,107.23589955173061,0.9993577392594414,True
5B7E0BD68424D17AD720,fish_capture,5,2.0,5.44,4.760000000000001,0.8750000000000001,107.23589955173061,0.9993577392594414,True
E76F3C50328A6370F382,fish_capture,5,2.0,179.400000572205,167.440000534058,0.9333333333333333,107.23589955173061,0.9993577392594414,True
11CF13133839725FEA2B,fish_capture,5,2.0,110.950002670288,99.85500240325919,0.8999999999999999,107.23589955173061,0.9993577392594414,True
899D2FFEF8116166CB8A,fish_capture,5,2.0,29.75,23.8,0.8,107.23589955173061,0.9993577392594414,True
98252CC9DCF338FC9F14,fish_capture,5,2.0,4.8,4.32,0.9000000000000001,165.97033342385495,0.9993577392594414,True
BA872C6FEE185FA5190A,fish_capture,5,2.0,5.44,4.760000000000001,0.8750000000000001,165.97033342385495,0.9993577392594414,True
8E481C4330068567ECFA,fish_capture,5,2.0,221.900005340576,199.71000480651838,0.8999999999999999,165.97033342385495,0.9993577392594414,True
147730B286AD37A7E683,fish_capture,5,2.0,299.000000953675,275.080000877381,0.92,165.97033342385495,0.9993577392594414,True
05F668E004FE2FA81A92,fish_capture,5,2.0,133.1400032043456,110.950002670288,0.8333333333333334,529.0304377885377,0.9993577392594414,True
4CA9CBF2DAAC46FD855F,fish_capture,5,2.0,59.800000190735,47.840000152588,0.7999999999999999,529.0304377885377,0.9993577392594414,True
5C79ED30912ABF22438A,fish_capture,5,2.0,11.9,5.95,0.5,529.0304377885377,0.9993577392594414,True
CD5C4326605B12FE9A22,fish_capture,5,2.0,6.800000000000001,6.12,0.8999999999999999,107.23589955173061,0.9993577392594414,True
787DCB515BD5C71AF666,fish_capture,5,2.0,239.20000076294,215.280000686646,0.9,107.23589955173061,0.9993577392594414,True
0A230A27F370CD1678FB,fish_capture,5,2.0,29.75,23.8,0.8,107.23589955173061,0.9993577392594414,True
2C9C717B5EA1BF10FEE3,fish_capture,5,2.0,110.950002670288,99.85500240325919,0.8999999999999999,107.23589955173061,0.9993577392594414,True
1F09ABC37009815DA9A0,fish_capture,5,2.0,5.76,5.279999999999999,0.9166666666666666,107.23589955173061,0.9993577392594414,True
E75E526CAF815AC99E9E,fish_capture,5,2.0,87.45,75.79,0.8666666666666667,107.23589955173061,0.9993577392594414,True
15F08B8C6A4C028D6E48,fish_capture,5,2.0,110.950002670288,99.85500240325919,0.8999999999999999,165.97033342385495,0.9993577392594414,True
D63536B2C84F898700AA,fish_capture,5,2.0,6.800000000000001,6.12,0.8999999999999999,165.97033342385495,0.9993577392594414,True
E83A0554200E54B7A2CE,fish_capture,5,2.0,179.400000572205,167.440000534058,0.9333333333333333,165.97033342385495,0.9993577392594414,True
C6AC5F43CF909C59BFAB,fish_capture,5,2.0,46.64,40.81,0.875,165.97033342385495,0.9993577392594414,True
6187DB36FF077D48514A,fish_capture,5,2.0,2.88,2.4,0.8333333333333334,165.97033342385495,0.9993577392594414,True
CD69039DCD78D86994E4,fish_capture,5,2.0,1125.0,775.0,0.6888888888888889,119.94746839311445,0.9993577392594414,True
687B72BD790E212A7D10,fish_capture,6,1.0,15.0,7.5,0.5,315.5745286012968,0.9722222222222223,True
FEFB7D1336A26E1EEFB4,fish_capture,5,2.0,110.950002670288,99.85500240325919,0.8999999999999999,165.97033342385495,0.9993577392594414,True
524E72C5D4F2E89ABF2A,fish_capture,5,2.0,500.0,375.0,0.75,165.97033342385495,0.9993577392594414,True
67A0ADAF5EB538EDD767,fish_capture,5,2.0,143.52000045776398,119.60000038147,0.8333333333333334,165.97033342385495,0.9993577392594414,True
A1D0312E85CE344FFF3A,fish_capture,5,2.0,3.84,3.36,0.875,165.97033342385495,0.9993577392594414,True
3A857F2FB9CA6A0DCAD8,fish_capture,5,2.0,4.08,3.4000000000000004,0.8333333333333334,165.97033342385495,0.9993577392594414,True
3098C3B4974166789A65,fish_capture,5,2.0,151.49999856948898,80.7999992370608,0.5333333333333334,85.65505890375705,0.9993577392594414,True
528BC44E24562AE9E85E,fish_capture,5,2.0,119.60000038147,95.680000305176,0.7999999999999999,30.92792426964005,0.9993577392594414,True
08E62A9CAFDA94ED5897,fish_capture,6,1.0,2.1599999999999997,1.0799999999999998,0.5,411.7818515215962,0.9722222222222223,True
5FA76F97DAEFE07C4E01,fish_capture,6,1.0,54.00000140070925,41.04000106453903,0.7599999999999999,411.7818515215962,0.9722222222222223,True
D829A91592B88D924C2F,fish_capture,6,1.0,48.8,34.16,0.7,411.7818515215962,0.9722222222222223,True
680CC2B901BF52821393,fish_capture,6,1.0,262.5999975204476,161.5999984741216,0.6153846153846154,411.7818515215962,0.9722222222222223,True
A7D191B31FDE385E164B,fish_capture,5,2.0,10.200000000000001,9.520000000000001,0.9333333333333333,77.79859379243202,0.9993577392594414,True
E5B935BDD5B1E34761C2,fish_capture,5,2.0,116.6,104.94,0.9,77.79859379243202,0.9993577392594414,True
327228ED868ADB51A25C,fish_capture,5,2.0,4.8,4.32,0.9000000000000001,77.79859379243202,0.9993577392594414,True
372C6CD16C3843F29A82,fish_capture,5,2.0,29.75,23.8,0.8,77.79859379243202,0.9993577392594414,True
18BEAA00E5DDC8EC8BDF,fish_capture,5,1.0,22.219999790191718,17.16999983787542,0.7727272727272728,532.115297533114,0.9722222222222223,True
BEF93AD9ADA995338ADA,fish_capture,5,1.0,3.888000100851066,3.240000084042555,0.8333333333333333,532.115297533114,0.9722222222222223,True
AE6CD74C5BEEEA7449C9,fish_capture,6,2.0,181.7999982833868,100.999999046326,0.5555555555555556,419.87671277390626,0.9993577392594414,True
BC84DAABA7D3E8381020,fish_capture,6,2.0,58.56,41.856947271045335,0.7147702744372495,419.87671277390626,0.9993577392594414,True
3132A04C45CF31BECFD3,fish_capture,6,2.0,4.8,2.88,0.6,419.87671277390626,0.9993577392594414,True
6AEC1C26EA4E1AE064E8,fish_capture,6,2.0,47.52000123262414,25.92000067234044,0.5454545454545454,419.87671277390626,0.9993577392594414,True
5C3194DC8AEE535A4697,fish_capture,6,2.0,0.48,0.32,0.6666666666666667,419.87671277390626,0.9993577392594414,True
25FDF21719899906EBF7,fish_capture,5,1.0,6.48000016808511,5.400000140070925,0.8333333333333334,158.32896444658988,0.9722222222222223,True
4A0D59A7773685BFFB52,fish_capture,5,1.0,480.0,288.0,0.6,158.32896444658988,0.9722222222222223,True
14CF6ECABB2587782115,fish_capture,5,1.0,2.58,2.15,0.8333333333333333,158.32896444658988,0.9722222222222223,True
CBFF84CEC175BF6F55E4,fish_capture,5,1.0,302.99999713897796,201.999998092652,0.6666666666666667,158.32896444658988,0.9722222222222223,True
716B40904A0F48619F0C,fish_capture,5,1.0,44.439999580383436,25.2499997615815,0.5681818181818182,229.23693774550608,0.9722222222222223,True
C8D1747169DA1AEC8C38,fish_capture,5,2.0,920.199966430665,736.1599731445319,0.7999999999999999,124.38718029331626,0.9993577392594414,True
6F7564C52BD46F25B3E0,fish_capture,5,2.0,863.550024032592,767.600021362304,0.888888888888889,124.38718029331626,0.9993577392594414,True
E9D54157E1DD645817B3,fish_capture,5,2.0,110.950002670288,99.85500240325919,0.8999999999999999,66.96587820108073,0.9993577392594414,True
2DF43D194DA41CEE8F38,fish_capture,5,2.0,500.0,450.0,0.9,66.96587820108073,0.9993577392594414,True
840D6EB49456EB0D2B14,fish_capture,5,2.0,3.84,3.36,0.875,66.96587820108073,0.9993577392594414,True
58642D12EF32A51EF238,fish_capture,5,2.0,179.400000572205,167.440000534058,0.9333333333333333,66.96587820108073,0.9993577392594414,True
6543C5C1C8C3CE09D9DC,fish_capture,5,2.0,4.08,3.4000000000000004,0.8333333333333334,66.96587820108073,0.9993577392594414,True
3CC83DF537863FA0899F,fish_capture,6,1.0,43.2000011205674,21.6000005602837,0.5,411.7818515215962,0.9722222222222223,True
C126111E619EFBFDFE7A,fish_capture,6,1.0,61.0,48.8,0.7999999999999999,411.7818515215962,0.9722222222222223,True
B858599563AEA2C960A0,fish_capture,6,1.0,121.19999885559119,60.599999427795595,0.5,411.7818515215962,0.9722222222222223,True
29F77CE2AA88A2A94FE1,fish_capture,5,2.0,23.920000076294,0.0,0.0,179.52511335165164,0.9993577392594414,True
50CC1C71C722929A68B8,fish_capture,5,2.0,17.8,12.979335457441966,0.7291761492944925,106.97306646459403,0.9993577392594414,True
CAC79C1185C1F8271381,fish_capture,5,2.0,11.960000038147,11.960000038147,1.0,106.97306646459403,0.9993577392594414,False
BEC57BAB0F3C75E7FF20,fish_capture,5,2.0,11.52,11.137328719723183,0.9667820069204152,106.97306646459403,0.9993577392594414,True
957E98FC0C2BA2C39E74,fish_capture,5,2.0,44.3800010681152,19.020000457763654,0.4285714285714285,145.86576806147258,0.9993577392594414,True
54950A2293B7DFA9388A,fish_capture,5,2.0,1.85,0.7928571428571428,0.42857142857142855,145.86576806147258,0.9993577392594414,True
